enzyme_id,uniprot_id,status,attempted_versions,downloaded_version,download_url,local_path,error
A0A060KY90,A0A060KY90,existing,,,,/home/runnel/igem-pocket/data/terpene_cage_screen/structures/A0A060KY90.cif,
A0A067DDU9,A0A067DDU9,existing,,,,/home/runnel/igem-pocket/data/terpene_cage_screen/structures/A0A067DDU9.cif,
A0A067ECN5,A0A067ECN5,existing,,,,/home/runnel/igem-pocket/data/terpene_cage_screen/structures/A0A067ECN5.cif,
A0A067FI21,A0A067FI21,existing,,,,/home/runnel/igem-pocket/data/terpene_cage_screen/structures/A0A067FI21.cif,
A0A067SEC9,A0A067SEC9,existing,,,,/home/runnel/igem-pocket/data/terpene_cage_screen/structures/A0A067SEC9.cif,
A0A067Z9B6,A0A067Z9B6,existing,,,,/home/runnel/igem-pocket/data/terpene_cage_screen/structures/A0A067Z9B6.cif,
A0A075F9Z3,A0A075F9Z3,existing,,,,/home/runnel/igem-pocket/data/terpene_cage_screen/structures/A0A075F9Z3.cif,
A0A075FA51,A0A075FA51,existing,,,,/home/runnel/igem-pocket/data/terpene_cage_screen/structures/A0A075FA51.cif,
A0A075FAK4,A0A075FAK4,existing,,,,/home/runnel/igem-pocket/data/terpene_cage_screen/structures/A0A075FAK4.cif,
A0A075FBG7,A0A075FBG7,existing,,,,/home/runnel/igem-pocket/data/terpene_cage_screen/structures/A0A075FBG7.cif,
A0A075FBT3,A0A075FBT3,existing,,,,/home/runnel/igem-pocket/data/terpene_cage_screen/structures/A0A075FBT3.cif,
A0A084R1H6,A0A084R1H6,existing,,,,/home/runnel/igem-pocket/data/terpene_cage_screen/structures/A0A084R1H6.cif,
A0A084R1K7,A0A084R1K7,existing,,,,/home/runnel/igem-pocket/data/terpene_cage_screen/structures/A0A084R1K7.cif,
A0A097ZPC9,A0A097ZPC9,existing,,,,/home/runnel/igem-pocket/data/terpene_cage_screen/structures/A0A097ZPC9.cif,
A0A097ZPD4,A0A097ZPD4,existing,,,,/home/runnel/igem-pocket/data/terpene_cage_screen/structures/A0A097ZPD4.cif,
A0A097ZPD5,A0A097ZPD5,existing,,,,/home/runnel/igem-pocket/data/terpene_cage_screen/structures/A0A097ZPD5.cif,
A0A097ZPD8,A0A097ZPD8,existing,,,,/home/runnel/igem-pocket/data/terpene_cage_screen/structures/A0A097ZPD8.cif,
A0A097ZPD9,A0A097ZPD9,existing,,,,/home/runnel/igem-pocket/data/terpene_cage_screen/structures/A0A097ZPD9.cif,
A0A097ZPE0,A0A097ZPE0,existing,,,,/home/runnel/igem-pocket/data/terpene_cage_screen/structures/A0A097ZPE0.cif,
A0A097ZPE2,A0A097ZPE2,existing,,,,/home/runnel/igem-pocket/data/terpene_cage_screen/structures/A0A097ZPE2.cif,
A0A097ZPE3,A0A097ZPE3,existing,,,,/home/runnel/igem-pocket/data/terpene_cage_screen/structures/A0A097ZPE3.cif,
A0A097ZPE4,A0A097ZPE4,existing,,,,/home/runnel/igem-pocket/data/terpene_cage_screen/structures/A0A097ZPE4.cif,
A0A097ZPE6,A0A097ZPE6,existing,,,,/home/runnel/igem-pocket/data/terpene_cage_screen/structures/A0A097ZPE6.cif,
A0A097ZPE8,A0A097ZPE8,existing,,,,/home/runnel/igem-pocket/data/terpene_cage_screen/structures/A0A097ZPE8.cif,
A0A097ZPF7,A0A097ZPF7,existing,,,,/home/runnel/igem-pocket/data/terpene_cage_screen/structures/A0A097ZPF7.cif,
A0A097ZPG2,A0A097ZPG2,existing,,,,/home/runnel/igem-pocket/data/terpene_cage_screen/structures/A0A097ZPG2.cif,
A0A098D1J7,A0A098D1J7,existing,,,,/home/runnel/igem-pocket/data/terpene_cage_screen/structures/A0A098D1J7.cif,
A0A098DME4,A0A098DME4,existing,,,,/home/runnel/igem-pocket/data/terpene_cage_screen/structures/A0A098DME4.cif,
A0A0A2JB87,A0A0A2JB87,existing,,,,/home/runnel/igem-pocket/data/terpene_cage_screen/structures/A0A0A2JB87.cif,
A0A0A2JP58,A0A0A2JP58,existing,,,,/home/runnel/igem-pocket/data/terpene_cage_screen/structures/A0A0A2JP58.cif,
A0A0B2XGM8,A0A0B2XGM8,existing,,,,/home/runnel/igem-pocket/data/terpene_cage_screen/structures/A0A0B2XGM8.cif,
A0A0B4EB91,A0A0B4EB91,existing,,,,/home/runnel/igem-pocket/data/terpene_cage_screen/structures/A0A0B4EB91.cif,
A0A0B4FWC3,A0A0B4FWC3,existing,,,,/home/runnel/igem-pocket/data/terpene_cage_screen/structures/A0A0B4FWC3.cif,
A0A0B4G3Q7,A0A0B4G3Q7,existing,,,,/home/runnel/igem-pocket/data/terpene_cage_screen/structures/A0A0B4G3Q7.cif,
A0A0B4G504,A0A0B4G504,existing,,,,/home/runnel/igem-pocket/data/terpene_cage_screen/structures/A0A0B4G504.cif,
A0A0B4GN88,A0A0B4GN88,existing,,,,/home/runnel/igem-pocket/data/terpene_cage_screen/structures/A0A0B4GN88.cif,
A0A0B4IF96,A0A0B4IF96,existing,,,,/home/runnel/igem-pocket/data/terpene_cage_screen/structures/A0A0B4IF96.cif,
A0A0C3FBR2,A0A0C3FBR2,existing,,,,/home/runnel/igem-pocket/data/terpene_cage_screen/structures/A0A0C3FBR2.cif,
A0A0C9VD04,A0A0C9VD04,existing,,,,/home/runnel/igem-pocket/data/terpene_cage_screen/structures/A0A0C9VD04.cif,
A0A0D2L718,A0A0D2L718,existing,,,,/home/runnel/igem-pocket/data/terpene_cage_screen/structures/A0A0D2L718.cif,
A0A0D4D912,A0A0D4D912,existing,,,,/home/runnel/igem-pocket/data/terpene_cage_screen/structures/A0A0D4D912.cif,
A0A0E0SP71,A0A0E0SP71,existing,,,,/home/runnel/igem-pocket/data/terpene_cage_screen/structures/A0A0E0SP71.cif,
A0A0E3D8K9,A0A0E3D8K9,existing,,,,/home/runnel/igem-pocket/data/terpene_cage_screen/structures/A0A0E3D8K9.cif,
A0A0E3D8L0,A0A0E3D8L0,existing,,,,/home/runnel/igem-pocket/data/terpene_cage_screen/structures/A0A0E3D8L0.cif,
A0A0E3D8L2,A0A0E3D8L2,existing,,,,/home/runnel/igem-pocket/data/terpene_cage_screen/structures/A0A0E3D8L2.cif,
A0A0E3D8L3,A0A0E3D8L3,existing,,,,/home/runnel/igem-pocket/data/terpene_cage_screen/structures/A0A0E3D8L3.cif,
A0A0E3D8L5,A0A0E3D8L5,existing,,,,/home/runnel/igem-pocket/data/terpene_cage_screen/structures/A0A0E3D8L5.cif,
A0A0E3D8L6,A0A0E3D8L6,existing,,,,/home/runnel/igem-pocket/data/terpene_cage_screen/structures/A0A0E3D8L6.cif,
A0A0E3D8L9,A0A0E3D8L9,existing,,,,/home/runnel/igem-pocket/data/terpene_cage_screen/structures/A0A0E3D8L9.cif,
A0A0E3D8M1,A0A0E3D8M1,existing,,,,/home/runnel/igem-pocket/data/terpene_cage_screen/structures/A0A0E3D8M1.cif,
A0A0E3D8M2,A0A0E3D8M2,existing,,,,/home/runnel/igem-pocket/data/terpene_cage_screen/structures/A0A0E3D8M2.cif,
A0A0E3D8M3,A0A0E3D8M3,existing,,,,/home/runnel/igem-pocket/data/terpene_cage_screen/structures/A0A0E3D8M3.cif,
A0A0E3D8M4,A0A0E3D8M4,existing,,,,/home/runnel/igem-pocket/data/terpene_cage_screen/structures/A0A0E3D8M4.cif,
A0A0E3D8M5,A0A0E3D8M5,existing,,,,/home/runnel/igem-pocket/data/terpene_cage_screen/structures/A0A0E3D8M5.cif,
A0A0E3D8M6,A0A0E3D8M6,existing,,,,/home/runnel/igem-pocket/data/terpene_cage_screen/structures/A0A0E3D8M6.cif,
A0A0E3D8M9,A0A0E3D8M9,existing,,,,/home/runnel/igem-pocket/data/terpene_cage_screen/structures/A0A0E3D8M9.cif,
A0A0E3D8N0,A0A0E3D8N0,existing,,,,/home/runnel/igem-pocket/data/terpene_cage_screen/structures/A0A0E3D8N0.cif,
A0A0E3D8N1,A0A0E3D8N1,existing,,,,/home/runnel/igem-pocket/data/terpene_cage_screen/structures/A0A0E3D8N1.cif,
A0A0E3D8N3,A0A0E3D8N3,existing,,,,/home/runnel/igem-pocket/data/terpene_cage_screen/structures/A0A0E3D8N3.cif,
A0A0E3D8N4,A0A0E3D8N4,existing,,,,/home/runnel/igem-pocket/data/terpene_cage_screen/structures/A0A0E3D8N4.cif,
A0A0E3D8N6,A0A0E3D8N6,existing,,,,/home/runnel/igem-pocket/data/terpene_cage_screen/structures/A0A0E3D8N6.cif,
A0A0E3D8N7,A0A0E3D8N7,existing,,,,/home/runnel/igem-pocket/data/terpene_cage_screen/structures/A0A0E3D8N7.cif,
A0A0E3D8P0,A0A0E3D8P0,existing,,,,/home/runnel/igem-pocket/data/terpene_cage_screen/structures/A0A0E3D8P0.cif,
A0A0E3D8P4,A0A0E3D8P4,existing,,,,/home/runnel/igem-pocket/data/terpene_cage_screen/structures/A0A0E3D8P4.cif,
A0A0E3D8P5,A0A0E3D8P5,existing,,,,/home/runnel/igem-pocket/data/terpene_cage_screen/structures/A0A0E3D8P5.cif,
A0A0E3D8P8,A0A0E3D8P8,existing,,,,/home/runnel/igem-pocket/data/terpene_cage_screen/structures/A0A0E3D8P8.cif,
A0A0E3D8P9,A0A0E3D8P9,existing,,,,/home/runnel/igem-pocket/data/terpene_cage_screen/structures/A0A0E3D8P9.cif,
A0A0E3D8Q1,A0A0E3D8Q1,existing,,,,/home/runnel/igem-pocket/data/terpene_cage_screen/structures/A0A0E3D8Q1.cif,
A0A0E3D8Q2,A0A0E3D8Q2,existing,,,,/home/runnel/igem-pocket/data/terpene_cage_screen/structures/A0A0E3D8Q2.cif,
A0A0F7TN06,A0A0F7TN06,existing,,,,/home/runnel/igem-pocket/data/terpene_cage_screen/structures/A0A0F7TN06.cif,
A0A0F7TN11,A0A0F7TN11,existing,,,,/home/runnel/igem-pocket/data/terpene_cage_screen/structures/A0A0F7TN11.cif,
A0A0F7TN16,A0A0F7TN16,existing,,,,/home/runnel/igem-pocket/data/terpene_cage_screen/structures/A0A0F7TN16.cif,
A0A0F7TN60,A0A0F7TN60,existing,,,,/home/runnel/igem-pocket/data/terpene_cage_screen/structures/A0A0F7TN60.cif,
A0A0F7TN65,A0A0F7TN65,existing,,,,/home/runnel/igem-pocket/data/terpene_cage_screen/structures/A0A0F7TN65.cif,
A0A0F7TN69,A0A0F7TN69,existing,,,,/home/runnel/igem-pocket/data/terpene_cage_screen/structures/A0A0F7TN69.cif,
A0A0F7TQP2,A0A0F7TQP2,existing,,,,/home/runnel/igem-pocket/data/terpene_cage_screen/structures/A0A0F7TQP2.cif,
A0A0F7TRU0,A0A0F7TRU0,existing,,,,/home/runnel/igem-pocket/data/terpene_cage_screen/structures/A0A0F7TRU0.cif,
A0A0F7TSZ1,A0A0F7TSZ1,existing,,,,/home/runnel/igem-pocket/data/terpene_cage_screen/structures/A0A0F7TSZ1.cif,
A0A0F7TSZ5,A0A0F7TSZ5,existing,,,,/home/runnel/igem-pocket/data/terpene_cage_screen/structures/A0A0F7TSZ5.cif,
A0A0F7TWX5,A0A0F7TWX5,existing,,,,/home/runnel/igem-pocket/data/terpene_cage_screen/structures/A0A0F7TWX5.cif,
A0A0F7TXA0,A0A0F7TXA0,existing,,,,/home/runnel/igem-pocket/data/terpene_cage_screen/structures/A0A0F7TXA0.cif,
A0A0F7TXA1,A0A0F7TXA1,existing,,,,/home/runnel/igem-pocket/data/terpene_cage_screen/structures/A0A0F7TXA1.cif,
A0A0F7TXA5,A0A0F7TXA5,existing,,,,/home/runnel/igem-pocket/data/terpene_cage_screen/structures/A0A0F7TXA5.cif,
A0A0F7TXA8,A0A0F7TXA8,existing,,,,/home/runnel/igem-pocket/data/terpene_cage_screen/structures/A0A0F7TXA8.cif,
A0A0F7TZD6,A0A0F7TZD6,existing,,,,/home/runnel/igem-pocket/data/terpene_cage_screen/structures/A0A0F7TZD6.cif,
A0A0F7TZE0,A0A0F7TZE0,existing,,,,/home/runnel/igem-pocket/data/terpene_cage_screen/structures/A0A0F7TZE0.cif,
A0A0F7U103,A0A0F7U103,existing,,,,/home/runnel/igem-pocket/data/terpene_cage_screen/structures/A0A0F7U103.cif,
A0A0F7U1Z1,A0A0F7U1Z1,existing,,,,/home/runnel/igem-pocket/data/terpene_cage_screen/structures/A0A0F7U1Z1.cif,
A0A0F7U1Z8,A0A0F7U1Z8,existing,,,,/home/runnel/igem-pocket/data/terpene_cage_screen/structures/A0A0F7U1Z8.cif,
A0A0H5BB10,A0A0H5BB10,existing,,,,/home/runnel/igem-pocket/data/terpene_cage_screen/structures/A0A0H5BB10.cif,
A0A0H5BB17,A0A0H5BB17,existing,,,,/home/runnel/igem-pocket/data/terpene_cage_screen/structures/A0A0H5BB17.cif,
A0A0H5BN57,A0A0H5BN57,existing,,,,/home/runnel/igem-pocket/data/terpene_cage_screen/structures/A0A0H5BN57.cif,
A0A0H5BN61,A0A0H5BN61,existing,,,,/home/runnel/igem-pocket/data/terpene_cage_screen/structures/A0A0H5BN61.cif,
A0A0M3Q1Q3,A0A0M3Q1Q3,existing,,,,/home/runnel/igem-pocket/data/terpene_cage_screen/structures/A0A0M3Q1Q3.cif,
A0A0M4KRN2,A0A0M4KRN2,existing,,,,/home/runnel/igem-pocket/data/terpene_cage_screen/structures/A0A0M4KRN2.cif,
A0A0M4M0T9,A0A0M4M0T9,existing,,,,/home/runnel/igem-pocket/data/terpene_cage_screen/structures/A0A0M4M0T9.cif,
A0A0M5L832,A0A0M5L832,existing,,,,/home/runnel/igem-pocket/data/terpene_cage_screen/structures/A0A0M5L832.cif,
A0A0M8MV11,A0A0M8MV11,existing,,,,/home/runnel/igem-pocket/data/terpene_cage_screen/structures/A0A0M8MV11.cif,
A0A0M8MW83,A0A0M8MW83,existing,,,,/home/runnel/igem-pocket/data/terpene_cage_screen/structures/A0A0M8MW83.cif,
A0A0M8MZA1,A0A0M8MZA1,existing,,,,/home/runnel/igem-pocket/data/terpene_cage_screen/structures/A0A0M8MZA1.cif,
A0A0M9VUG7,A0A0M9VUG7,existing,,,,/home/runnel/igem-pocket/data/terpene_cage_screen/structures/A0A0M9VUG7.cif,
A0A0M9VUP1,A0A0M9VUP1,existing,,,,/home/runnel/igem-pocket/data/terpene_cage_screen/structures/A0A0M9VUP1.cif,
A0A0N0DCA4,A0A0N0DCA4,existing,,,,/home/runnel/igem-pocket/data/terpene_cage_screen/structures/A0A0N0DCA4.cif,
A0A0N0RTK4,A0A0N0RTK4,existing,,,,/home/runnel/igem-pocket/data/terpene_cage_screen/structures/A0A0N0RTK4.cif,
A0A0P0ZD79,A0A0P0ZD79,existing,,,,/home/runnel/igem-pocket/data/terpene_cage_screen/structures/A0A0P0ZD79.cif,
A0A0P0ZEA9,A0A0P0ZEA9,existing,,,,/home/runnel/igem-pocket/data/terpene_cage_screen/structures/A0A0P0ZEA9.cif,
A0A0P0ZEM1,A0A0P0ZEM1,existing,,,,/home/runnel/igem-pocket/data/terpene_cage_screen/structures/A0A0P0ZEM1.cif,
A0A0S2IHL6,A0A0S2IHL6,existing,,,,/home/runnel/igem-pocket/data/terpene_cage_screen/structures/A0A0S2IHL6.cif,
A0A0U2D9C5,A0A0U2D9C5,existing,,,,/home/runnel/igem-pocket/data/terpene_cage_screen/structures/A0A0U2D9C5.cif,
A0A0U2U4F3,A0A0U2U4F3,existing,,,,/home/runnel/igem-pocket/data/terpene_cage_screen/structures/A0A0U2U4F3.cif,
A0A0U3LQ20,A0A0U3LQ20,existing,,,,/home/runnel/igem-pocket/data/terpene_cage_screen/structures/A0A0U3LQ20.cif,
A0A0U4CDK4,A0A0U4CDK4,existing,,,,/home/runnel/igem-pocket/data/terpene_cage_screen/structures/A0A0U4CDK4.cif,
A0A0U4ZPJ7,A0A0U4ZPJ7,existing,,,,/home/runnel/igem-pocket/data/terpene_cage_screen/structures/A0A0U4ZPJ7.cif,
A0A0U4ZPL6,A0A0U4ZPL6,existing,,,,/home/runnel/igem-pocket/data/terpene_cage_screen/structures/A0A0U4ZPL6.cif,
A0A0U4ZX08,A0A0U4ZX08,existing,,,,/home/runnel/igem-pocket/data/terpene_cage_screen/structures/A0A0U4ZX08.cif,
A0A0U5CJM3,A0A0U5CJM3,existing,,,,/home/runnel/igem-pocket/data/terpene_cage_screen/structures/A0A0U5CJM3.cif,
A0A0U5CJT8,A0A0U5CJT8,existing,,,,/home/runnel/igem-pocket/data/terpene_cage_screen/structures/A0A0U5CJT8.cif,
A0A0U5CJU2,A0A0U5CJU2,existing,,,,/home/runnel/igem-pocket/data/terpene_cage_screen/structures/A0A0U5CJU2.cif,
A0A0U5CJU6,A0A0U5CJU6,existing,,,,/home/runnel/igem-pocket/data/terpene_cage_screen/structures/A0A0U5CJU6.cif,
A0A0U5CJV1,A0A0U5CJV1,existing,,,,/home/runnel/igem-pocket/data/terpene_cage_screen/structures/A0A0U5CJV1.cif,
A0A0U5CNN8,A0A0U5CNN8,existing,,,,/home/runnel/igem-pocket/data/terpene_cage_screen/structures/A0A0U5CNN8.cif,
A0A0U5CNP2,A0A0U5CNP2,existing,,,,/home/runnel/igem-pocket/data/terpene_cage_screen/structures/A0A0U5CNP2.cif,
A0A0U5G0B1,A0A0U5G0B1,existing,,,,/home/runnel/igem-pocket/data/terpene_cage_screen/structures/A0A0U5G0B1.cif,
A0A0U5GFQ6,A0A0U5GFQ6,existing,,,,/home/runnel/igem-pocket/data/terpene_cage_screen/structures/A0A0U5GFQ6.cif,
A0A0U5GFR4,A0A0U5GFR4,existing,,,,/home/runnel/igem-pocket/data/terpene_cage_screen/structures/A0A0U5GFR4.cif,
A0A0U5GFS8,A0A0U5GFS8,existing,,,,/home/runnel/igem-pocket/data/terpene_cage_screen/structures/A0A0U5GFS8.cif,
A0A0U5GGX2,A0A0U5GGX2,existing,,,,/home/runnel/igem-pocket/data/terpene_cage_screen/structures/A0A0U5GGX2.cif,
A0A0U5GHC1,A0A0U5GHC1,existing,,,,/home/runnel/igem-pocket/data/terpene_cage_screen/structures/A0A0U5GHC1.cif,
A0A0U5GHD4,A0A0U5GHD4,existing,,,,/home/runnel/igem-pocket/data/terpene_cage_screen/structures/A0A0U5GHD4.cif,
A0A0U5GHG9,A0A0U5GHG9,existing,,,,/home/runnel/igem-pocket/data/terpene_cage_screen/structures/A0A0U5GHG9.cif,
A0A0U5GHH9,A0A0U5GHH9,failed,v4:http_error=404|v3:http_error=404|v2:http_error=404,,,,v4:http_error=404; v3:http_error=404; v2:http_error=404
A0A0U5GHU6,A0A0U5GHU6,existing,,,,/home/runnel/igem-pocket/data/terpene_cage_screen/structures/A0A0U5GHU6.cif,
A0A0U5GIM7,A0A0U5GIM7,existing,,,,/home/runnel/igem-pocket/data/terpene_cage_screen/structures/A0A0U5GIM7.cif,
A0A0U5GIU9,A0A0U5GIU9,existing,,,,/home/runnel/igem-pocket/data/terpene_cage_screen/structures/A0A0U5GIU9.cif,
A0A0U5GJ41,A0A0U5GJ41,existing,,,,/home/runnel/igem-pocket/data/terpene_cage_screen/structures/A0A0U5GJ41.cif,
A0A0U5GJY1,A0A0U5GJY1,existing,,,,/home/runnel/igem-pocket/data/terpene_cage_screen/structures/A0A0U5GJY1.cif,
A0A0U5GK88,A0A0U5GK88,existing,,,,/home/runnel/igem-pocket/data/terpene_cage_screen/structures/A0A0U5GK88.cif,
A0A0U5GMR5,A0A0U5GMR5,existing,,,,/home/runnel/igem-pocket/data/terpene_cage_screen/structures/A0A0U5GMR5.cif,
A0A0U5GNT1,A0A0U5GNT1,existing,,,,/home/runnel/igem-pocket/data/terpene_cage_screen/structures/A0A0U5GNT1.cif,
A0A0U5GQ05,A0A0U5GQ05,existing,,,,/home/runnel/igem-pocket/data/terpene_cage_screen/structures/A0A0U5GQ05.cif,
A0A0U5GRB4,A0A0U5GRB4,existing,,,,/home/runnel/igem-pocket/data/terpene_cage_screen/structures/A0A0U5GRB4.cif,
A0A0U5HAP0,A0A0U5HAP0,existing,,,,/home/runnel/igem-pocket/data/terpene_cage_screen/structures/A0A0U5HAP0.cif,
A0A0U5HAQ4,A0A0U5HAQ4,existing,,,,/home/runnel/igem-pocket/data/terpene_cage_screen/structures/A0A0U5HAQ4.cif,
A0A125SXN1,A0A125SXN1,existing,,,,/home/runnel/igem-pocket/data/terpene_cage_screen/structures/A0A125SXN1.cif,
A0A125SXN2,A0A125SXN2,existing,,,,/home/runnel/igem-pocket/data/terpene_cage_screen/structures/A0A125SXN2.cif,
A0A125SXN3,A0A125SXN3,failed,v4:http_error=404|v3:http_error=404|v2:http_error=404,,,,v4:http_error=404; v3:http_error=404; v2:http_error=404
A0A140JWS2,A0A140JWS2,existing,,,,/home/runnel/igem-pocket/data/terpene_cage_screen/structures/A0A140JWS2.cif,
A0A140JWS4,A0A140JWS4,existing,,,,/home/runnel/igem-pocket/data/terpene_cage_screen/structures/A0A140JWS4.cif,
A0A140JWS5,A0A140JWS5,existing,,,,/home/runnel/igem-pocket/data/terpene_cage_screen/structures/A0A140JWS5.cif,
A0A140JWS6,A0A140JWS6,existing,,,,/home/runnel/igem-pocket/data/terpene_cage_screen/structures/A0A140JWS6.cif,
A0A140JWS7,A0A140JWS7,existing,,,,/home/runnel/igem-pocket/data/terpene_cage_screen/structures/A0A140JWS7.cif,
A0A140JWS8,A0A140JWS8,existing,,,,/home/runnel/igem-pocket/data/terpene_cage_screen/structures/A0A140JWS8.cif,
A0A140JWS9,A0A140JWS9,existing,,,,/home/runnel/igem-pocket/data/terpene_cage_screen/structures/A0A140JWS9.cif,
A0A140JWT0,A0A140JWT0,existing,,,,/home/runnel/igem-pocket/data/terpene_cage_screen/structures/A0A140JWT0.cif,
A0A140JWT1,A0A140JWT1,existing,,,,/home/runnel/igem-pocket/data/terpene_cage_screen/structures/A0A140JWT1.cif,
A0A140JWT2,A0A140JWT2,existing,,,,/home/runnel/igem-pocket/data/terpene_cage_screen/structures/A0A140JWT2.cif,
A0A140JWT3,A0A140JWT3,existing,,,,/home/runnel/igem-pocket/data/terpene_cage_screen/structures/A0A140JWT3.cif,
A0A140JWT4,A0A140JWT4,existing,,,,/home/runnel/igem-pocket/data/terpene_cage_screen/structures/A0A140JWT4.cif,
A0A140JWT5,A0A140JWT5,existing,,,,/home/runnel/igem-pocket/data/terpene_cage_screen/structures/A0A140JWT5.cif,
A0A140JWT6,A0A140JWT6,existing,,,,/home/runnel/igem-pocket/data/terpene_cage_screen/structures/A0A140JWT6.cif,
A0A140JWT7,A0A140JWT7,existing,,,,/home/runnel/igem-pocket/data/terpene_cage_screen/structures/A0A140JWT7.cif,
A0A140JWT8,A0A140JWT8,existing,,,,/home/runnel/igem-pocket/data/terpene_cage_screen/structures/A0A140JWT8.cif,
A0A140JWT9,A0A140JWT9,existing,,,,/home/runnel/igem-pocket/data/terpene_cage_screen/structures/A0A140JWT9.cif,
A0A140JWU0,A0A140JWU0,existing,,,,/home/runnel/igem-pocket/data/terpene_cage_screen/structures/A0A140JWU0.cif,
A0A140JWU1,A0A140JWU1,existing,,,,/home/runnel/igem-pocket/data/terpene_cage_screen/structures/A0A140JWU1.cif,
A0A140KFG9,A0A140KFG9,existing,,,,/home/runnel/igem-pocket/data/terpene_cage_screen/structures/A0A140KFG9.cif,
A0A142BX70,A0A142BX70,existing,,,,/home/runnel/igem-pocket/data/terpene_cage_screen/structures/A0A142BX70.cif,
A0A142BX74,A0A142BX74,existing,,,,/home/runnel/igem-pocket/data/terpene_cage_screen/structures/A0A142BX74.cif,
A0A151ZEA6,A0A151ZEA6,existing,,,,/home/runnel/igem-pocket/data/terpene_cage_screen/structures/A0A151ZEA6.cif,
A0A159AKG3,A0A159AKG3,existing,,,,/home/runnel/igem-pocket/data/terpene_cage_screen/structures/A0A159AKG3.cif,
A0A167V661,A0A167V661,existing,,,,/home/runnel/igem-pocket/data/terpene_cage_screen/structures/A0A167V661.cif,
A0A169T193,A0A169T193,existing,,,,/home/runnel/igem-pocket/data/terpene_cage_screen/structures/A0A169T193.cif,
A0A178U9Y5,A0A178U9Y5,existing,,,,/home/runnel/igem-pocket/data/terpene_cage_screen/structures/A0A178U9Y5.cif,
A0A1B4XBG5,A0A1B4XBG5,existing,,,,/home/runnel/igem-pocket/data/terpene_cage_screen/structures/A0A1B4XBG5.cif,
A0A1B7YCC9,A0A1B7YCC9,existing,,,,/home/runnel/igem-pocket/data/terpene_cage_screen/structures/A0A1B7YCC9.cif,
A0A1B7YCK2,A0A1B7YCK2,existing,,,,/home/runnel/igem-pocket/data/terpene_cage_screen/structures/A0A1B7YCK2.cif,
A0A1B7YCL6,A0A1B7YCL6,existing,,,,/home/runnel/igem-pocket/data/terpene_cage_screen/structures/A0A1B7YCL6.cif,
A0A1B7YCX1,A0A1B7YCX1,existing,,,,/home/runnel/igem-pocket/data/terpene_cage_screen/structures/A0A1B7YCX1.cif,
A0A1C7AAN2,A0A1C7AAN2,existing,,,,/home/runnel/igem-pocket/data/terpene_cage_screen/structures/A0A1C7AAN2.cif,
A0A1C9J6A7,A0A1C9J6A7,existing,,,,/home/runnel/igem-pocket/data/terpene_cage_screen/structures/A0A1C9J6A7.cif,
A0A1D6EFT8,A0A1D6EFT8,existing,,,,/home/runnel/igem-pocket/data/terpene_cage_screen/structures/A0A1D6EFT8.cif,
A0A1D6F9Y9,A0A1D6F9Y9,existing,,,,/home/runnel/igem-pocket/data/terpene_cage_screen/structures/A0A1D6F9Y9.cif,
A0A1D6GQ67,A0A1D6GQ67,existing,,,,/home/runnel/igem-pocket/data/terpene_cage_screen/structures/A0A1D6GQ67.cif,
A0A1D6HSP4,A0A1D6HSP4,existing,,,,/home/runnel/igem-pocket/data/terpene_cage_screen/structures/A0A1D6HSP4.cif,
A0A1D6K6U5,A0A1D6K6U5,existing,,,,/home/runnel/igem-pocket/data/terpene_cage_screen/structures/A0A1D6K6U5.cif,
A0A1D6KUI6,A0A1D6KUI6,existing,,,,/home/runnel/igem-pocket/data/terpene_cage_screen/structures/A0A1D6KUI6.cif,
A0A1D6LTV0,A0A1D6LTV0,existing,,,,/home/runnel/igem-pocket/data/terpene_cage_screen/structures/A0A1D6LTV0.cif,
A0A1D8PI71,A0A1D8PI71,existing,,,,/home/runnel/igem-pocket/data/terpene_cage_screen/structures/A0A1D8PI71.cif,
A0A1E1FFL0,A0A1E1FFL0,existing,,,,/home/runnel/igem-pocket/data/terpene_cage_screen/structures/A0A1E1FFL0.cif,
A0A1E1FFL1,A0A1E1FFL1,existing,,,,/home/runnel/igem-pocket/data/terpene_cage_screen/structures/A0A1E1FFL1.cif,
A0A1E1FFL4,A0A1E1FFL4,existing,,,,/home/runnel/igem-pocket/data/terpene_cage_screen/structures/A0A1E1FFL4.cif,
A0A1E1FFL6,A0A1E1FFL6,existing,,,,/home/runnel/igem-pocket/data/terpene_cage_screen/structures/A0A1E1FFL6.cif,
A0A1E1FFM3,A0A1E1FFM3,existing,,,,/home/runnel/igem-pocket/data/terpene_cage_screen/structures/A0A1E1FFM3.cif,
A0A1E1FFM8,A0A1E1FFM8,existing,,,,/home/runnel/igem-pocket/data/terpene_cage_screen/structures/A0A1E1FFM8.cif,
A0A1E1FFM9,A0A1E1FFM9,existing,,,,/home/runnel/igem-pocket/data/terpene_cage_screen/structures/A0A1E1FFM9.cif,
A0A1E1FFN3,A0A1E1FFN3,existing,,,,/home/runnel/igem-pocket/data/terpene_cage_screen/structures/A0A1E1FFN3.cif,
A0A1E1FFN4,A0A1E1FFN4,existing,,,,/home/runnel/igem-pocket/data/terpene_cage_screen/structures/A0A1E1FFN4.cif,
A0A1E1FFN5,A0A1E1FFN5,existing,,,,/home/runnel/igem-pocket/data/terpene_cage_screen/structures/A0A1E1FFN5.cif,
A0A1E1FFN7,A0A1E1FFN7,existing,,,,/home/runnel/igem-pocket/data/terpene_cage_screen/structures/A0A1E1FFN7.cif,
A0A1E1FFN8,A0A1E1FFN8,existing,,,,/home/runnel/igem-pocket/data/terpene_cage_screen/structures/A0A1E1FFN8.cif,
A0A1E1FFP5,A0A1E1FFP5,existing,,,,/home/runnel/igem-pocket/data/terpene_cage_screen/structures/A0A1E1FFP5.cif,
A0A1G9UQQ0,A0A1G9UQQ0,existing,,,,/home/runnel/igem-pocket/data/terpene_cage_screen/structures/A0A1G9UQQ0.cif,
A0A1G9VRW7,A0A1G9VRW7,existing,,,,/home/runnel/igem-pocket/data/terpene_cage_screen/structures/A0A1G9VRW7.cif,
A0A1L2D3T3,A0A1L2D3T3,existing,,,,/home/runnel/igem-pocket/data/terpene_cage_screen/structures/A0A1L2D3T3.cif,
A0A1L5YKS7,A0A1L5YKS7,existing,,,,/home/runnel/igem-pocket/data/terpene_cage_screen/structures/A0A1L5YKS7.cif,
A0A1L6Z3A0,A0A1L6Z3A0,existing,,,,/home/runnel/igem-pocket/data/terpene_cage_screen/structures/A0A1L6Z3A0.cif,
A0A1L6Z3A5,A0A1L6Z3A5,existing,,,,/home/runnel/igem-pocket/data/terpene_cage_screen/structures/A0A1L6Z3A5.cif,
A0A1L7U8F2,A0A1L7U8F2,existing,,,,/home/runnel/igem-pocket/data/terpene_cage_screen/structures/A0A1L7U8F2.cif,
A0A1L7VFX3,A0A1L7VFX3,existing,,,,/home/runnel/igem-pocket/data/terpene_cage_screen/structures/A0A1L7VFX3.cif,
A0A1L7VI12,A0A1L7VI12,existing,,,,/home/runnel/igem-pocket/data/terpene_cage_screen/structures/A0A1L7VI12.cif,
A0A1L7VZE7,A0A1L7VZE7,existing,,,,/home/runnel/igem-pocket/data/terpene_cage_screen/structures/A0A1L7VZE7.cif,
A0A1L9UKS1,A0A1L9UKS1,existing,,,,/home/runnel/igem-pocket/data/terpene_cage_screen/structures/A0A1L9UKS1.cif,
A0A1L9WQI2,A0A1L9WQI2,existing,,,,/home/runnel/igem-pocket/data/terpene_cage_screen/structures/A0A1L9WQI2.cif,
A0A1L9WQK2,A0A1L9WQK2,existing,,,,/home/runnel/igem-pocket/data/terpene_cage_screen/structures/A0A1L9WQK2.cif,
A0A1L9WUI2,A0A1L9WUI2,existing,,,,/home/runnel/igem-pocket/data/terpene_cage_screen/structures/A0A1L9WUI2.cif,
A0A1L9WUM2,A0A1L9WUM2,existing,,,,/home/runnel/igem-pocket/data/terpene_cage_screen/structures/A0A1L9WUM2.cif,
A0A1L9WUW3,A0A1L9WUW3,existing,,,,/home/runnel/igem-pocket/data/terpene_cage_screen/structures/A0A1L9WUW3.cif,
A0A1L9WUX8,A0A1L9WUX8,existing,,,,/home/runnel/igem-pocket/data/terpene_cage_screen/structures/A0A1L9WUX8.cif,
A0A1P7Y0A2,A0A1P7Y0A2,existing,,,,/home/runnel/igem-pocket/data/terpene_cage_screen/structures/A0A1P7Y0A2.cif,
A0A1P7Y0A8,A0A1P7Y0A8,existing,,,,/home/runnel/igem-pocket/data/terpene_cage_screen/structures/A0A1P7Y0A8.cif,
A0A1P7Y0C9,A0A1P7Y0C9,existing,,,,/home/runnel/igem-pocket/data/terpene_cage_screen/structures/A0A1P7Y0C9.cif,
A0A1P7Y0D0,A0A1P7Y0D0,existing,,,,/home/runnel/igem-pocket/data/terpene_cage_screen/structures/A0A1P7Y0D0.cif,
A0A1P7Y0D4,A0A1P7Y0D4,existing,,,,/home/runnel/igem-pocket/data/terpene_cage_screen/structures/A0A1P7Y0D4.cif,
A0A1S5RW73,A0A1S5RW73,existing,,,,/home/runnel/igem-pocket/data/terpene_cage_screen/structures/A0A1S5RW73.cif,
A0A1U8QGE6,A0A1U8QGE6,existing,,,,/home/runnel/igem-pocket/data/terpene_cage_screen/structures/A0A1U8QGE6.cif,
A0A1U8QHE3,A0A1U8QHE3,existing,,,,/home/runnel/igem-pocket/data/terpene_cage_screen/structures/A0A1U8QHE3.cif,
A0A1U8QLK0,A0A1U8QLK0,existing,,,,/home/runnel/igem-pocket/data/terpene_cage_screen/structures/A0A1U8QLK0.cif,
A0A1V0E492,A0A1V0E492,existing,,,,/home/runnel/igem-pocket/data/terpene_cage_screen/structures/A0A1V0E492.cif,
A0A1V0E4A6,A0A1V0E4A6,existing,,,,/home/runnel/igem-pocket/data/terpene_cage_screen/structures/A0A1V0E4A6.cif,
A0A1V0QSF3,A0A1V0QSF3,existing,,,,/home/runnel/igem-pocket/data/terpene_cage_screen/structures/A0A1V0QSF3.cif,
A0A1V0QSF4,A0A1V0QSF4,existing,,,,/home/runnel/igem-pocket/data/terpene_cage_screen/structures/A0A1V0QSF4.cif,
A0A1V0QSF6,A0A1V0QSF6,existing,,,,/home/runnel/igem-pocket/data/terpene_cage_screen/structures/A0A1V0QSF6.cif,
A0A1V0QSF8,A0A1V0QSF8,existing,,,,/home/runnel/igem-pocket/data/terpene_cage_screen/structures/A0A1V0QSF8.cif,
A0A1V0QSF9,A0A1V0QSF9,existing,,,,/home/runnel/igem-pocket/data/terpene_cage_screen/structures/A0A1V0QSF9.cif,
A0A1V0QSG0,A0A1V0QSG0,existing,,,,/home/runnel/igem-pocket/data/terpene_cage_screen/structures/A0A1V0QSG0.cif,
A0A1V0QSG1,A0A1V0QSG1,existing,,,,/home/runnel/igem-pocket/data/terpene_cage_screen/structures/A0A1V0QSG1.cif,
A0A1V0QSG6,A0A1V0QSG6,existing,,,,/home/runnel/igem-pocket/data/terpene_cage_screen/structures/A0A1V0QSG6.cif,
A0A1V0QSG9,A0A1V0QSG9,existing,,,,/home/runnel/igem-pocket/data/terpene_cage_screen/structures/A0A1V0QSG9.cif,
A0A1V0QSH1,A0A1V0QSH1,existing,,,,/home/runnel/igem-pocket/data/terpene_cage_screen/structures/A0A1V0QSH1.cif,
A0A1V0QSH2,A0A1V0QSH2,existing,,,,/home/runnel/igem-pocket/data/terpene_cage_screen/structures/A0A1V0QSH2.cif,
A0A1V0QSH7,A0A1V0QSH7,existing,,,,/home/runnel/igem-pocket/data/terpene_cage_screen/structures/A0A1V0QSH7.cif,
A0A1V1FNM9,A0A1V1FNM9,existing,,,,/home/runnel/igem-pocket/data/terpene_cage_screen/structures/A0A1V1FNM9.cif,
A0A1V1FNZ5,A0A1V1FNZ5,existing,,,,/home/runnel/igem-pocket/data/terpene_cage_screen/structures/A0A1V1FNZ5.cif,
A0A1V1FVQ6,A0A1V1FVQ6,existing,,,,/home/runnel/igem-pocket/data/terpene_cage_screen/structures/A0A1V1FVQ6.cif,
A0A1W6GW06,A0A1W6GW06,existing,,,,/home/runnel/igem-pocket/data/terpene_cage_screen/structures/A0A1W6GW06.cif,
A0A1W6GW18,A0A1W6GW18,existing,,,,/home/runnel/igem-pocket/data/terpene_cage_screen/structures/A0A1W6GW18.cif,
A0A1W6GW32,A0A1W6GW32,existing,,,,/home/runnel/igem-pocket/data/terpene_cage_screen/structures/A0A1W6GW32.cif,
A0A1W6QDI6,A0A1W6QDI6,existing,,,,/home/runnel/igem-pocket/data/terpene_cage_screen/structures/A0A1W6QDI6.cif,
A0A1W6QDI7,A0A1W6QDI7,existing,,,,/home/runnel/igem-pocket/data/terpene_cage_screen/structures/A0A1W6QDI7.cif,
A0A1W6QDJ1,A0A1W6QDJ1,existing,,,,/home/runnel/igem-pocket/data/terpene_cage_screen/structures/A0A1W6QDJ1.cif,
A0A1X9IRP7,A0A1X9IRP7,existing,,,,/home/runnel/igem-pocket/data/terpene_cage_screen/structures/A0A1X9IRP7.cif,
A0A1X9IRQ7,A0A1X9IRQ7,existing,,,,/home/runnel/igem-pocket/data/terpene_cage_screen/structures/A0A1X9IRQ7.cif,
A0A1X9IRT6,A0A1X9IRT6,existing,,,,/home/runnel/igem-pocket/data/terpene_cage_screen/structures/A0A1X9IRT6.cif,
A0A1X9ISH5,A0A1X9ISH5,existing,,,,/home/runnel/igem-pocket/data/terpene_cage_screen/structures/A0A1X9ISH5.cif,
A0A1X9ISN9,A0A1X9ISN9,existing,,,,/home/runnel/igem-pocket/data/terpene_cage_screen/structures/A0A1X9ISN9.cif,
A0A1X9ISP7,A0A1X9ISP7,existing,,,,/home/runnel/igem-pocket/data/terpene_cage_screen/structures/A0A1X9ISP7.cif,
A0A1Y0BRF1,A0A1Y0BRF1,existing,,,,/home/runnel/igem-pocket/data/terpene_cage_screen/structures/A0A1Y0BRF1.cif,
A0A1Y0BRF2,A0A1Y0BRF2,existing,,,,/home/runnel/igem-pocket/data/terpene_cage_screen/structures/A0A1Y0BRF2.cif,
A0A1Y0BRF3,A0A1Y0BRF3,existing,,,,/home/runnel/igem-pocket/data/terpene_cage_screen/structures/A0A1Y0BRF3.cif,
A0A1Y0BRF4,A0A1Y0BRF4,existing,,,,/home/runnel/igem-pocket/data/terpene_cage_screen/structures/A0A1Y0BRF4.cif,
A0A1Y0BRF5,A0A1Y0BRF5,existing,,,,/home/runnel/igem-pocket/data/terpene_cage_screen/structures/A0A1Y0BRF5.cif,
A0A1Y0BRF7,A0A1Y0BRF7,existing,,,,/home/runnel/igem-pocket/data/terpene_cage_screen/structures/A0A1Y0BRF7.cif,
A0A1Y0BRF8,A0A1Y0BRF8,existing,,,,/home/runnel/igem-pocket/data/terpene_cage_screen/structures/A0A1Y0BRF8.cif,
A0A1Y0BRF9,A0A1Y0BRF9,existing,,,,/home/runnel/igem-pocket/data/terpene_cage_screen/structures/A0A1Y0BRF9.cif,
A0A1Y0BRG0,A0A1Y0BRG0,existing,,,,/home/runnel/igem-pocket/data/terpene_cage_screen/structures/A0A1Y0BRG0.cif,
A0A1Y1C7Q5,A0A1Y1C7Q5,existing,,,,/home/runnel/igem-pocket/data/terpene_cage_screen/structures/A0A1Y1C7Q5.cif,
A0A1Y1C7S2,A0A1Y1C7S2,existing,,,,/home/runnel/igem-pocket/data/terpene_cage_screen/structures/A0A1Y1C7S2.cif,
A0A1Z3GBK8,A0A1Z3GBK8,existing,,,,/home/runnel/igem-pocket/data/terpene_cage_screen/structures/A0A1Z3GBK8.cif,
A0A1Z3GC64,A0A1Z3GC64,existing,,,,/home/runnel/igem-pocket/data/terpene_cage_screen/structures/A0A1Z3GC64.cif,
A0A1Z3GCD1,A0A1Z3GCD1,existing,,,,/home/runnel/igem-pocket/data/terpene_cage_screen/structures/A0A1Z3GCD1.cif,
A0A284RNH4,A0A284RNH4,existing,,,,/home/runnel/igem-pocket/data/terpene_cage_screen/structures/A0A284RNH4.cif,
A0A291LSD6,A0A291LSD6,existing,,,,/home/runnel/igem-pocket/data/terpene_cage_screen/structures/A0A291LSD6.cif,
A0A291SJC7,A0A291SJC7,existing,,,,/home/runnel/igem-pocket/data/terpene_cage_screen/structures/A0A291SJC7.cif,
A0A2I1BSU0,A0A2I1BSU0,existing,,,,/home/runnel/igem-pocket/data/terpene_cage_screen/structures/A0A2I1BSU0.cif,
A0A2I1BSV1,A0A2I1BSV1,existing,,,,/home/runnel/igem-pocket/data/terpene_cage_screen/structures/A0A2I1BSV1.cif,
A0A2I1BSV7,A0A2I1BSV7,existing,,,,/home/runnel/igem-pocket/data/terpene_cage_screen/structures/A0A2I1BSV7.cif,
A0A2I1BSV9,A0A2I1BSV9,existing,,,,/home/runnel/igem-pocket/data/terpene_cage_screen/structures/A0A2I1BSV9.cif,
A0A2I1BSW0,A0A2I1BSW0,existing,,,,/home/runnel/igem-pocket/data/terpene_cage_screen/structures/A0A2I1BSW0.cif,
A0A2I1BSW6,A0A2I1BSW6,existing,,,,/home/runnel/igem-pocket/data/terpene_cage_screen/structures/A0A2I1BSW6.cif,
A0A2I1BSW8,A0A2I1BSW8,existing,,,,/home/runnel/igem-pocket/data/terpene_cage_screen/structures/A0A2I1BSW8.cif,
A0A2I1BSX0,A0A2I1BSX0,existing,,,,/home/runnel/igem-pocket/data/terpene_cage_screen/structures/A0A2I1BSX0.cif,
A0A2I1BSZ6,A0A2I1BSZ6,existing,,,,/home/runnel/igem-pocket/data/terpene_cage_screen/structures/A0A2I1BSZ6.cif,
A0A2I1BT01,A0A2I1BT01,existing,,,,/home/runnel/igem-pocket/data/terpene_cage_screen/structures/A0A2I1BT01.cif,
A0A2I1BT09,A0A2I1BT09,existing,,,,/home/runnel/igem-pocket/data/terpene_cage_screen/structures/A0A2I1BT09.cif,
A0A2I1BT15,A0A2I1BT15,existing,,,,/home/runnel/igem-pocket/data/terpene_cage_screen/structures/A0A2I1BT15.cif,
A0A2I1BT56,A0A2I1BT56,existing,,,,/home/runnel/igem-pocket/data/terpene_cage_screen/structures/A0A2I1BT56.cif,
A0A2I6PIZ1,A0A2I6PIZ1,existing,,,,/home/runnel/igem-pocket/data/terpene_cage_screen/structures/A0A2I6PIZ1.cif,
A0A2I6PIZ2,A0A2I6PIZ2,existing,,,,/home/runnel/igem-pocket/data/terpene_cage_screen/structures/A0A2I6PIZ2.cif,
A0A2I6PIZ6,A0A2I6PIZ6,existing,,,,/home/runnel/igem-pocket/data/terpene_cage_screen/structures/A0A2I6PIZ6.cif,
A0A2I6PIZ7,A0A2I6PIZ7,existing,,,,/home/runnel/igem-pocket/data/terpene_cage_screen/structures/A0A2I6PIZ7.cif,
A0A2I6PIZ8,A0A2I6PIZ8,existing,,,,/home/runnel/igem-pocket/data/terpene_cage_screen/structures/A0A2I6PIZ8.cif,
A0A2I6PIZ9,A0A2I6PIZ9,existing,,,,/home/runnel/igem-pocket/data/terpene_cage_screen/structures/A0A2I6PIZ9.cif,
A0A2I6PJ00,A0A2I6PJ00,existing,,,,/home/runnel/igem-pocket/data/terpene_cage_screen/structures/A0A2I6PJ00.cif,
A0A2I6PJ01,A0A2I6PJ01,existing,,,,/home/runnel/igem-pocket/data/terpene_cage_screen/structures/A0A2I6PJ01.cif,
A0A2I6PJ02,A0A2I6PJ02,existing,,,,/home/runnel/igem-pocket/data/terpene_cage_screen/structures/A0A2I6PJ02.cif,
A0A2I6PJ07,A0A2I6PJ07,existing,,,,/home/runnel/igem-pocket/data/terpene_cage_screen/structures/A0A2I6PJ07.cif,
A0A2I6PJ08,A0A2I6PJ08,existing,,,,/home/runnel/igem-pocket/data/terpene_cage_screen/structures/A0A2I6PJ08.cif,
A0A2I6PJ12,A0A2I6PJ12,existing,,,,/home/runnel/igem-pocket/data/terpene_cage_screen/structures/A0A2I6PJ12.cif,
A0A2I6PJ13,A0A2I6PJ13,existing,,,,/home/runnel/igem-pocket/data/terpene_cage_screen/structures/A0A2I6PJ13.cif,
A0A2K9RFY0,A0A2K9RFY0,existing,,,,/home/runnel/igem-pocket/data/terpene_cage_screen/structures/A0A2K9RFY0.cif,
A0A2K9RFZ2,A0A2K9RFZ2,existing,,,,/home/runnel/igem-pocket/data/terpene_cage_screen/structures/A0A2K9RFZ2.cif,
A0A2K9RFZ7,A0A2K9RFZ7,existing,,,,/home/runnel/igem-pocket/data/terpene_cage_screen/structures/A0A2K9RFZ7.cif,
A0A2K9RFZ8,A0A2K9RFZ8,existing,,,,/home/runnel/igem-pocket/data/terpene_cage_screen/structures/A0A2K9RFZ8.cif,
A0A2K9RFZ9,A0A2K9RFZ9,existing,,,,/home/runnel/igem-pocket/data/terpene_cage_screen/structures/A0A2K9RFZ9.cif,
A0A2K9RG07,A0A2K9RG07,existing,,,,/home/runnel/igem-pocket/data/terpene_cage_screen/structures/A0A2K9RG07.cif,
A0A2L0VXR0,A0A2L0VXR0,existing,,,,/home/runnel/igem-pocket/data/terpene_cage_screen/structures/A0A2L0VXR0.cif,
A0A2P1DP74,A0A2P1DP74,existing,,,,/home/runnel/igem-pocket/data/terpene_cage_screen/structures/A0A2P1DP74.cif,
A0A2P1DP75,A0A2P1DP75,existing,,,,/home/runnel/igem-pocket/data/terpene_cage_screen/structures/A0A2P1DP75.cif,
A0A2P1DP77,A0A2P1DP77,existing,,,,/home/runnel/igem-pocket/data/terpene_cage_screen/structures/A0A2P1DP77.cif,
A0A2P1DP82,A0A2P1DP82,existing,,,,/home/runnel/igem-pocket/data/terpene_cage_screen/structures/A0A2P1DP82.cif,
A0A2P1DP87,A0A2P1DP87,existing,,,,/home/runnel/igem-pocket/data/terpene_cage_screen/structures/A0A2P1DP87.cif,
A0A2P1DP90,A0A2P1DP90,existing,,,,/home/runnel/igem-pocket/data/terpene_cage_screen/structures/A0A2P1DP90.cif,
A0A2P1DP91,A0A2P1DP91,existing,,,,/home/runnel/igem-pocket/data/terpene_cage_screen/structures/A0A2P1DP91.cif,
A0A2P1DP94,A0A2P1DP94,existing,,,,/home/runnel/igem-pocket/data/terpene_cage_screen/structures/A0A2P1DP94.cif,
A0A2P1DP98,A0A2P1DP98,existing,,,,/home/runnel/igem-pocket/data/terpene_cage_screen/structures/A0A2P1DP98.cif,
A0A2P1DPA5,A0A2P1DPA5,existing,,,,/home/runnel/igem-pocket/data/terpene_cage_screen/structures/A0A2P1DPA5.cif,
A0A2P2GK84,A0A2P2GK84,existing,,,,/home/runnel/igem-pocket/data/terpene_cage_screen/structures/A0A2P2GK84.cif,
A0A2R4QKX7,A0A2R4QKX7,existing,,,,/home/runnel/igem-pocket/data/terpene_cage_screen/structures/A0A2R4QKX7.cif,
A0A2U8U2K8,A0A2U8U2K8,existing,,,,/home/runnel/igem-pocket/data/terpene_cage_screen/structures/A0A2U8U2K8.cif,
A0A2U8U2L0,A0A2U8U2L0,existing,,,,/home/runnel/igem-pocket/data/terpene_cage_screen/structures/A0A2U8U2L0.cif,
A0A2U8U2L2,A0A2U8U2L2,existing,,,,/home/runnel/igem-pocket/data/terpene_cage_screen/structures/A0A2U8U2L2.cif,
A0A2U8U2L3,A0A2U8U2L3,existing,,,,/home/runnel/igem-pocket/data/terpene_cage_screen/structures/A0A2U8U2L3.cif,
A0A2U8U2L4,A0A2U8U2L4,existing,,,,/home/runnel/igem-pocket/data/terpene_cage_screen/structures/A0A2U8U2L4.cif,
A0A2U8U2L5,A0A2U8U2L5,existing,,,,/home/runnel/igem-pocket/data/terpene_cage_screen/structures/A0A2U8U2L5.cif,
A0A2U8U2L6,A0A2U8U2L6,existing,,,,/home/runnel/igem-pocket/data/terpene_cage_screen/structures/A0A2U8U2L6.cif,
A0A2U8U2M1,A0A2U8U2M1,existing,,,,/home/runnel/igem-pocket/data/terpene_cage_screen/structures/A0A2U8U2M1.cif,
A0A2U8U2M8,A0A2U8U2M8,existing,,,,/home/runnel/igem-pocket/data/terpene_cage_screen/structures/A0A2U8U2M8.cif,
A0A2Z4HPY0,A0A2Z4HPY0,existing,,,,/home/runnel/igem-pocket/data/terpene_cage_screen/structures/A0A2Z4HPY0.cif,
A0A2Z4HPY4,A0A2Z4HPY4,existing,,,,/home/runnel/igem-pocket/data/terpene_cage_screen/structures/A0A2Z4HPY4.cif,
A0A2Z4HPY5,A0A2Z4HPY5,existing,,,,/home/runnel/igem-pocket/data/terpene_cage_screen/structures/A0A2Z4HPY5.cif,
A0A2Z4HPZ0,A0A2Z4HPZ0,existing,,,,/home/runnel/igem-pocket/data/terpene_cage_screen/structures/A0A2Z4HPZ0.cif,
A0A2Z4HPZ5,A0A2Z4HPZ5,existing,,,,/home/runnel/igem-pocket/data/terpene_cage_screen/structures/A0A2Z4HPZ5.cif,
A0A2Z4HPZ6,A0A2Z4HPZ6,existing,,,,/home/runnel/igem-pocket/data/terpene_cage_screen/structures/A0A2Z4HPZ6.cif,
A0A2Z4HPZ7,A0A2Z4HPZ7,existing,,,,/home/runnel/igem-pocket/data/terpene_cage_screen/structures/A0A2Z4HPZ7.cif,
A0A2Z4HPZ8,A0A2Z4HPZ8,existing,,,,/home/runnel/igem-pocket/data/terpene_cage_screen/structures/A0A2Z4HPZ8.cif,
A0A2Z6AQX6,A0A2Z6AQX6,existing,,,,/home/runnel/igem-pocket/data/terpene_cage_screen/structures/A0A2Z6AQX6.cif,
A0A2Z6AQX7,A0A2Z6AQX7,existing,,,,/home/runnel/igem-pocket/data/terpene_cage_screen/structures/A0A2Z6AQX7.cif,
A0A2Z6E9B9,A0A2Z6E9B9,existing,,,,/home/runnel/igem-pocket/data/terpene_cage_screen/structures/A0A2Z6E9B9.cif,
A0A2Z6FZ19,A0A2Z6FZ19,existing,,,,/home/runnel/igem-pocket/data/terpene_cage_screen/structures/A0A2Z6FZ19.cif,
A0A2Z6FZ20,A0A2Z6FZ20,existing,,,,/home/runnel/igem-pocket/data/terpene_cage_screen/structures/A0A2Z6FZ20.cif,
A0A2Z6FZ31,A0A2Z6FZ31,existing,,,,/home/runnel/igem-pocket/data/terpene_cage_screen/structures/A0A2Z6FZ31.cif,
A0A2Z6FZX4,A0A2Z6FZX4,existing,,,,/home/runnel/igem-pocket/data/terpene_cage_screen/structures/A0A2Z6FZX4.cif,
A0A343W969,A0A343W969,existing,,,,/home/runnel/igem-pocket/data/terpene_cage_screen/structures/A0A343W969.cif,
A0A343W970,A0A343W970,existing,,,,/home/runnel/igem-pocket/data/terpene_cage_screen/structures/A0A343W970.cif,
A0A345BJQ0,A0A345BJQ0,existing,,,,/home/runnel/igem-pocket/data/terpene_cage_screen/structures/A0A345BJQ0.cif,
A0A348AUV5,A0A348AUV5,existing,,,,/home/runnel/igem-pocket/data/terpene_cage_screen/structures/A0A348AUV5.cif,
A0A348AUV6,A0A348AUV6,existing,,,,/home/runnel/igem-pocket/data/terpene_cage_screen/structures/A0A348AUV6.cif,
A0A348AUV7,A0A348AUV7,existing,,,,/home/runnel/igem-pocket/data/terpene_cage_screen/structures/A0A348AUV7.cif,
A0A348AUV9,A0A348AUV9,existing,,,,/home/runnel/igem-pocket/data/terpene_cage_screen/structures/A0A348AUV9.cif,
A0A348AUW0,A0A348AUW0,existing,,,,/home/runnel/igem-pocket/data/terpene_cage_screen/structures/A0A348AUW0.cif,
A0A348AUW1,A0A348AUW1,existing,,,,/home/runnel/igem-pocket/data/terpene_cage_screen/structures/A0A348AUW1.cif,
A0A348B779,A0A348B779,existing,,,,/home/runnel/igem-pocket/data/terpene_cage_screen/structures/A0A348B779.cif,
A0A348B780,A0A348B780,existing,,,,/home/runnel/igem-pocket/data/terpene_cage_screen/structures/A0A348B780.cif,
A0A348B781,A0A348B781,existing,,,,/home/runnel/igem-pocket/data/terpene_cage_screen/structures/A0A348B781.cif,
A0A348B782,A0A348B782,existing,,,,/home/runnel/igem-pocket/data/terpene_cage_screen/structures/A0A348B782.cif,
A0A348B784,A0A348B784,existing,,,,/home/runnel/igem-pocket/data/terpene_cage_screen/structures/A0A348B784.cif,
A0A348B785,A0A348B785,existing,,,,/home/runnel/igem-pocket/data/terpene_cage_screen/structures/A0A348B785.cif,
A0A348B788,A0A348B788,existing,,,,/home/runnel/igem-pocket/data/terpene_cage_screen/structures/A0A348B788.cif,
A0A348B790,A0A348B790,existing,,,,/home/runnel/igem-pocket/data/terpene_cage_screen/structures/A0A348B790.cif,
A0A348B793,A0A348B793,existing,,,,/home/runnel/igem-pocket/data/terpene_cage_screen/structures/A0A348B793.cif,
A0A348B794,A0A348B794,existing,,,,/home/runnel/igem-pocket/data/terpene_cage_screen/structures/A0A348B794.cif,
A0A348DU52,A0A348DU52,existing,,,,/home/runnel/igem-pocket/data/terpene_cage_screen/structures/A0A348DU52.cif,
A0A348FUE1,A0A348FUE1,existing,,,,/home/runnel/igem-pocket/data/terpene_cage_screen/structures/A0A348FUE1.cif,
A0A385AJM2,A0A385AJM2,existing,,,,/home/runnel/igem-pocket/data/terpene_cage_screen/structures/A0A385AJM2.cif,
A0A385AJM4,A0A385AJM4,existing,,,,/home/runnel/igem-pocket/data/terpene_cage_screen/structures/A0A385AJM4.cif,
A0A385AJM5,A0A385AJM5,existing,,,,/home/runnel/igem-pocket/data/terpene_cage_screen/structures/A0A385AJM5.cif,
A0A385AJM6,A0A385AJM6,existing,,,,/home/runnel/igem-pocket/data/terpene_cage_screen/structures/A0A385AJM6.cif,
A0A385AJN0,A0A385AJN0,existing,,,,/home/runnel/igem-pocket/data/terpene_cage_screen/structures/A0A385AJN0.cif,
A0A386JV86,A0A386JV86,existing,,,,/home/runnel/igem-pocket/data/terpene_cage_screen/structures/A0A386JV86.cif,
A0A386KZ50,A0A386KZ50,existing,,,,/home/runnel/igem-pocket/data/terpene_cage_screen/structures/A0A386KZ50.cif,
A0A386KZI3,A0A386KZI3,existing,,,,/home/runnel/igem-pocket/data/terpene_cage_screen/structures/A0A386KZI3.cif,
A0A3G1DJL2,A0A3G1DJL2,existing,,,,/home/runnel/igem-pocket/data/terpene_cage_screen/structures/A0A3G1DJL2.cif,
A0A3G1QTS7,A0A3G1QTS7,existing,,,,/home/runnel/igem-pocket/data/terpene_cage_screen/structures/A0A3G1QTS7.cif,
A0A3G1QTT3,A0A3G1QTT3,existing,,,,/home/runnel/igem-pocket/data/terpene_cage_screen/structures/A0A3G1QTT3.cif,
A0A3G1QTU5,A0A3G1QTU5,existing,,,,/home/runnel/igem-pocket/data/terpene_cage_screen/structures/A0A3G1QTU5.cif,
A0A3G9GNJ4,A0A3G9GNJ4,existing,,,,/home/runnel/igem-pocket/data/terpene_cage_screen/structures/A0A3G9GNJ4.cif,
A0A3G9GNK2,A0A3G9GNK2,existing,,,,/home/runnel/igem-pocket/data/terpene_cage_screen/structures/A0A3G9GNK2.cif,
A0A3G9GQ29,A0A3G9GQ29,existing,,,,/home/runnel/igem-pocket/data/terpene_cage_screen/structures/A0A3G9GQ29.cif,
A0A3G9GR23,A0A3G9GR23,existing,,,,/home/runnel/igem-pocket/data/terpene_cage_screen/structures/A0A3G9GR23.cif,
A0A3G9GUR6,A0A3G9GUR6,existing,,,,/home/runnel/igem-pocket/data/terpene_cage_screen/structures/A0A3G9GUR6.cif,
A0A3G9GX61,A0A3G9GX61,existing,,,,/home/runnel/igem-pocket/data/terpene_cage_screen/structures/A0A3G9GX61.cif,
A0A3G9H185,A0A3G9H185,existing,,,,/home/runnel/igem-pocket/data/terpene_cage_screen/structures/A0A3G9H185.cif,
A0A3G9H8P0,A0A3G9H8P0,existing,,,,/home/runnel/igem-pocket/data/terpene_cage_screen/structures/A0A3G9H8P0.cif,
A0A3G9HAL8,A0A3G9HAL8,existing,,,,/home/runnel/igem-pocket/data/terpene_cage_screen/structures/A0A3G9HAL8.cif,
A0A3L6G2C1,A0A3L6G2C1,existing,,,,/home/runnel/igem-pocket/data/terpene_cage_screen/structures/A0A3L6G2C1.cif,
A0A3L6G998,A0A3L6G998,existing,,,,/home/runnel/igem-pocket/data/terpene_cage_screen/structures/A0A3L6G998.cif,
A0A3Q7GFB5,A0A3Q7GFB5,existing,,,,/home/runnel/igem-pocket/data/terpene_cage_screen/structures/A0A3Q7GFB5.cif,
A0A3Q9FEJ4,A0A3Q9FEJ4,existing,,,,/home/runnel/igem-pocket/data/terpene_cage_screen/structures/A0A3Q9FEJ4.cif,
A0A3Q9FFM1,A0A3Q9FFM1,existing,,,,/home/runnel/igem-pocket/data/terpene_cage_screen/structures/A0A3Q9FFM1.cif,
A0A3S5XFG0,A0A3S5XFG0,existing,,,,/home/runnel/igem-pocket/data/terpene_cage_screen/structures/A0A3S5XFG0.cif,
A0A3S9NM20,A0A3S9NM20,existing,,,,/home/runnel/igem-pocket/data/terpene_cage_screen/structures/A0A3S9NM20.cif,
A0A3T0ZHJ0,A0A3T0ZHJ0,existing,,,,/home/runnel/igem-pocket/data/terpene_cage_screen/structures/A0A3T0ZHJ0.cif,
A0A3T0ZHJ5,A0A3T0ZHJ5,existing,,,,/home/runnel/igem-pocket/data/terpene_cage_screen/structures/A0A3T0ZHJ5.cif,
A0A3T0ZHK6,A0A3T0ZHK6,existing,,,,/home/runnel/igem-pocket/data/terpene_cage_screen/structures/A0A3T0ZHK6.cif,
A0A3T0ZHK9,A0A3T0ZHK9,existing,,,,/home/runnel/igem-pocket/data/terpene_cage_screen/structures/A0A3T0ZHK9.cif,
A0A3T0ZHL2,A0A3T0ZHL2,existing,,,,/home/runnel/igem-pocket/data/terpene_cage_screen/structures/A0A3T0ZHL2.cif,
A0A3T0ZHL4,A0A3T0ZHL4,existing,,,,/home/runnel/igem-pocket/data/terpene_cage_screen/structures/A0A3T0ZHL4.cif,
A0A455LLX1,A0A455LLX1,existing,,,,/home/runnel/igem-pocket/data/terpene_cage_screen/structures/A0A455LLX1.cif,
A0A455LM26,A0A455LM26,existing,,,,/home/runnel/igem-pocket/data/terpene_cage_screen/structures/A0A455LM26.cif,
A0A455LN86,A0A455LN86,existing,,,,/home/runnel/igem-pocket/data/terpene_cage_screen/structures/A0A455LN86.cif,
A0A455LRW3,A0A455LRW3,existing,,,,/home/runnel/igem-pocket/data/terpene_cage_screen/structures/A0A455LRW3.cif,
A0A455LXK0,A0A455LXK0,existing,,,,/home/runnel/igem-pocket/data/terpene_cage_screen/structures/A0A455LXK0.cif,
A0A455M2Y3,A0A455M2Y3,existing,,,,/home/runnel/igem-pocket/data/terpene_cage_screen/structures/A0A455M2Y3.cif,
A0A455M7S4,A0A455M7S4,existing,,,,/home/runnel/igem-pocket/data/terpene_cage_screen/structures/A0A455M7S4.cif,
A0A455R413,A0A455R413,existing,,,,/home/runnel/igem-pocket/data/terpene_cage_screen/structures/A0A455R413.cif,
A0A455R4X0,A0A455R4X0,existing,,,,/home/runnel/igem-pocket/data/terpene_cage_screen/structures/A0A455R4X0.cif,
A0A455R4Z0,A0A455R4Z0,existing,,,,/home/runnel/igem-pocket/data/terpene_cage_screen/structures/A0A455R4Z0.cif,
A0A455R5H4,A0A455R5H4,existing,,,,/home/runnel/igem-pocket/data/terpene_cage_screen/structures/A0A455R5H4.cif,
A0A455R5K2,A0A455R5K2,existing,,,,/home/runnel/igem-pocket/data/terpene_cage_screen/structures/A0A455R5K2.cif,
A0A455R5P9,A0A455R5P9,existing,,,,/home/runnel/igem-pocket/data/terpene_cage_screen/structures/A0A455R5P9.cif,
A0A455R624,A0A455R624,existing,,,,/home/runnel/igem-pocket/data/terpene_cage_screen/structures/A0A455R624.cif,
A0A455R7E6,A0A455R7E6,existing,,,,/home/runnel/igem-pocket/data/terpene_cage_screen/structures/A0A455R7E6.cif,
A0A455R7M0,A0A455R7M0,existing,,,,/home/runnel/igem-pocket/data/terpene_cage_screen/structures/A0A455R7M0.cif,
A0A455RAK9,A0A455RAK9,existing,,,,/home/runnel/igem-pocket/data/terpene_cage_screen/structures/A0A455RAK9.cif,
A0A484FVL2,A0A484FVL2,existing,,,,/home/runnel/igem-pocket/data/terpene_cage_screen/structures/A0A484FVL2.cif,
A0A484FXR4,A0A484FXR4,existing,,,,/home/runnel/igem-pocket/data/terpene_cage_screen/structures/A0A484FXR4.cif,
A0A4D6IA24,A0A4D6IA24,existing,,,,/home/runnel/igem-pocket/data/terpene_cage_screen/structures/A0A4D6IA24.cif,
A0A4D6Q415,A0A4D6Q415,existing,,,,/home/runnel/igem-pocket/data/terpene_cage_screen/structures/A0A4D6Q415.cif,
A0A4P8GEA3,A0A4P8GEA3,existing,,,,/home/runnel/igem-pocket/data/terpene_cage_screen/structures/A0A4P8GEA3.cif,
A0A4P8GEB4,A0A4P8GEB4,existing,,,,/home/runnel/igem-pocket/data/terpene_cage_screen/structures/A0A4P8GEB4.cif,
A0A4P8GEE8,A0A4P8GEE8,existing,,,,/home/runnel/igem-pocket/data/terpene_cage_screen/structures/A0A4P8GEE8.cif,
A0A4P8GF19,A0A4P8GF19,existing,,,,/home/runnel/igem-pocket/data/terpene_cage_screen/structures/A0A4P8GF19.cif,
A0A4P8GFV8,A0A4P8GFV8,existing,,,,/home/runnel/igem-pocket/data/terpene_cage_screen/structures/A0A4P8GFV8.cif,
A0A4P8GG75,A0A4P8GG75,existing,,,,/home/runnel/igem-pocket/data/terpene_cage_screen/structures/A0A4P8GG75.cif,
A0A4P8GHJ1,A0A4P8GHJ1,existing,,,,/home/runnel/igem-pocket/data/terpene_cage_screen/structures/A0A4P8GHJ1.cif,
A0A4S8MAF3,A0A4S8MAF3,existing,,,,/home/runnel/igem-pocket/data/terpene_cage_screen/structures/A0A4S8MAF3.cif,
A0A4V1E8I5,A0A4V1E8I5,existing,,,,/home/runnel/igem-pocket/data/terpene_cage_screen/structures/A0A4V1E8I5.cif,
A0A4Y5L9K3,A0A4Y5L9K3,existing,,,,/home/runnel/igem-pocket/data/terpene_cage_screen/structures/A0A4Y5L9K3.cif,
A0A4Y5QVX6,A0A4Y5QVX6,existing,,,,/home/runnel/igem-pocket/data/terpene_cage_screen/structures/A0A4Y5QVX6.cif,
A0A4Y5QWA6,A0A4Y5QWA6,existing,,,,/home/runnel/igem-pocket/data/terpene_cage_screen/structures/A0A4Y5QWA6.cif,
A0A4Y5QWK5,A0A4Y5QWK5,existing,,,,/home/runnel/igem-pocket/data/terpene_cage_screen/structures/A0A4Y5QWK5.cif,
A0A4Y5QZ62,A0A4Y5QZ62,existing,,,,/home/runnel/igem-pocket/data/terpene_cage_screen/structures/A0A4Y5QZ62.cif,
A0A516F405,A0A516F405,existing,,,,/home/runnel/igem-pocket/data/terpene_cage_screen/structures/A0A516F405.cif,
A0A5B8NBE6,A0A5B8NBE6,existing,,,,/home/runnel/igem-pocket/data/terpene_cage_screen/structures/A0A5B8NBE6.cif,
A0A5B8NBN0,A0A5B8NBN0,existing,,,,/home/runnel/igem-pocket/data/terpene_cage_screen/structures/A0A5B8NBN0.cif,
A0A5P8DHZ6,A0A5P8DHZ6,existing,,,,/home/runnel/igem-pocket/data/terpene_cage_screen/structures/A0A5P8DHZ6.cif,
A0A5P8DI06,A0A5P8DI06,existing,,,,/home/runnel/igem-pocket/data/terpene_cage_screen/structures/A0A5P8DI06.cif,
A0A5P8DI07,A0A5P8DI07,existing,,,,/home/runnel/igem-pocket/data/terpene_cage_screen/structures/A0A5P8DI07.cif,
A0A5P8DI15,A0A5P8DI15,existing,,,,/home/runnel/igem-pocket/data/terpene_cage_screen/structures/A0A5P8DI15.cif,
A0A5Q0QMX0,A0A5Q0QMX0,existing,,,,/home/runnel/igem-pocket/data/terpene_cage_screen/structures/A0A5Q0QMX0.cif,
A0A5Q0QMX1,A0A5Q0QMX1,existing,,,,/home/runnel/igem-pocket/data/terpene_cage_screen/structures/A0A5Q0QMX1.cif,
A0A5Q0QMX6,A0A5Q0QMX6,existing,,,,/home/runnel/igem-pocket/data/terpene_cage_screen/structures/A0A5Q0QMX6.cif,
A0A5Q0QN66,A0A5Q0QN66,existing,,,,/home/runnel/igem-pocket/data/terpene_cage_screen/structures/A0A5Q0QN66.cif,
A0A5Q0QNH9,A0A5Q0QNH9,existing,,,,/home/runnel/igem-pocket/data/terpene_cage_screen/structures/A0A5Q0QNH9.cif,
A0A5Q0QNJ2,A0A5Q0QNJ2,existing,,,,/home/runnel/igem-pocket/data/terpene_cage_screen/structures/A0A5Q0QNJ2.cif,
A0A5Q0QP64,A0A5Q0QP64,existing,,,,/home/runnel/igem-pocket/data/terpene_cage_screen/structures/A0A5Q0QP64.cif,
A0A5Q0QRJ3,A0A5Q0QRJ3,existing,,,,/home/runnel/igem-pocket/data/terpene_cage_screen/structures/A0A5Q0QRJ3.cif,
A0A5Q0QRK8,A0A5Q0QRK8,existing,,,,/home/runnel/igem-pocket/data/terpene_cage_screen/structures/A0A5Q0QRK8.cif,
A0A5Q0QSI8,A0A5Q0QSI8,existing,,,,/home/runnel/igem-pocket/data/terpene_cage_screen/structures/A0A5Q0QSI8.cif,
A0A5Q0QU70,A0A5Q0QU70,existing,,,,/home/runnel/igem-pocket/data/terpene_cage_screen/structures/A0A5Q0QU70.cif,
A0A5S9I252,A0A5S9I252,existing,,,,/home/runnel/igem-pocket/data/terpene_cage_screen/structures/A0A5S9I252.cif,
A0A6P6W6H5,A0A6P6W6H5,existing,,,,/home/runnel/igem-pocket/data/terpene_cage_screen/structures/A0A6P6W6H5.cif,
A0A6S6QR11,A0A6S6QR11,existing,,,,/home/runnel/igem-pocket/data/terpene_cage_screen/structures/A0A6S6QR11.cif,
A0A7D0AGU9,A0A7D0AGU9,existing,,,,/home/runnel/igem-pocket/data/terpene_cage_screen/structures/A0A7D0AGU9.cif,
A0A7G5KLV0,A0A7G5KLV0,existing,,,,/home/runnel/igem-pocket/data/terpene_cage_screen/structures/A0A7G5KLV0.cif,
A0A7G5KLV1,A0A7G5KLV1,existing,,,,/home/runnel/igem-pocket/data/terpene_cage_screen/structures/A0A7G5KLV1.cif,
A0A7G5KLV2,A0A7G5KLV2,existing,,,,/home/runnel/igem-pocket/data/terpene_cage_screen/structures/A0A7G5KLV2.cif,
A0A7G5KLV3,A0A7G5KLV3,existing,,,,/home/runnel/igem-pocket/data/terpene_cage_screen/structures/A0A7G5KLV3.cif,
A0A7J6EK66,A0A7J6EK66,existing,,,,/home/runnel/igem-pocket/data/terpene_cage_screen/structures/A0A7J6EK66.cif,
A0A7J6FUX2,A0A7J6FUX2,existing,,,,/home/runnel/igem-pocket/data/terpene_cage_screen/structures/A0A7J6FUX2.cif,
A0A7J6HK32,A0A7J6HK32,existing,,,,/home/runnel/igem-pocket/data/terpene_cage_screen/structures/A0A7J6HK32.cif,
A0A7J6HWR9,A0A7J6HWR9,existing,,,,/home/runnel/igem-pocket/data/terpene_cage_screen/structures/A0A7J6HWR9.cif,
A0A803PDZ0,A0A803PDZ0,existing,,,,/home/runnel/igem-pocket/data/terpene_cage_screen/structures/A0A803PDZ0.cif,
A0A858E4Y6,A0A858E4Y6,existing,,,,/home/runnel/igem-pocket/data/terpene_cage_screen/structures/A0A858E4Y6.cif,
A0A858E4Y8,A0A858E4Y8,existing,,,,/home/runnel/igem-pocket/data/terpene_cage_screen/structures/A0A858E4Y8.cif,
A0A858E6N7,A0A858E6N7,existing,,,,/home/runnel/igem-pocket/data/terpene_cage_screen/structures/A0A858E6N7.cif,
A0A858E7G0,A0A858E7G0,existing,,,,/home/runnel/igem-pocket/data/terpene_cage_screen/structures/A0A858E7G0.cif,
A0A858E7J4,A0A858E7J4,existing,,,,/home/runnel/igem-pocket/data/terpene_cage_screen/structures/A0A858E7J4.cif,
A0A858E899,A0A858E899,existing,,,,/home/runnel/igem-pocket/data/terpene_cage_screen/structures/A0A858E899.cif,
A0A858EAD5,A0A858EAD5,existing,,,,/home/runnel/igem-pocket/data/terpene_cage_screen/structures/A0A858EAD5.cif,
A0A8D5M3V0,A0A8D5M3V0,existing,,,,/home/runnel/igem-pocket/data/terpene_cage_screen/structures/A0A8D5M3V0.cif,
A0A8D5M3Y5,A0A8D5M3Y5,existing,,,,/home/runnel/igem-pocket/data/terpene_cage_screen/structures/A0A8D5M3Y5.cif,
A0A8D5M692,A0A8D5M692,existing,,,,/home/runnel/igem-pocket/data/terpene_cage_screen/structures/A0A8D5M692.cif,
A0A8D5M6H6,A0A8D5M6H6,existing,,,,/home/runnel/igem-pocket/data/terpene_cage_screen/structures/A0A8D5M6H6.cif,
A0A8D5M7T9,A0A8D5M7T9,existing,,,,/home/runnel/igem-pocket/data/terpene_cage_screen/structures/A0A8D5M7T9.cif,
A0A8D5M7V9,A0A8D5M7V9,existing,,,,/home/runnel/igem-pocket/data/terpene_cage_screen/structures/A0A8D5M7V9.cif,
A0A8D5M8I1,A0A8D5M8I1,existing,,,,/home/runnel/igem-pocket/data/terpene_cage_screen/structures/A0A8D5M8I1.cif,
A0A8D5RWG4,A0A8D5RWG4,existing,,,,/home/runnel/igem-pocket/data/terpene_cage_screen/structures/A0A8D5RWG4.cif,
A0A8D5RY40,A0A8D5RY40,existing,,,,/home/runnel/igem-pocket/data/terpene_cage_screen/structures/A0A8D5RY40.cif,
A0A8D5RZ52,A0A8D5RZ52,existing,,,,/home/runnel/igem-pocket/data/terpene_cage_screen/structures/A0A8D5RZ52.cif,
A0A8H4CUY8,A0A8H4CUY8,existing,,,,/home/runnel/igem-pocket/data/terpene_cage_screen/structures/A0A8H4CUY8.cif,
A0A8H5Z7W4,A0A8H5Z7W4,existing,,,,/home/runnel/igem-pocket/data/terpene_cage_screen/structures/A0A8H5Z7W4.cif,
A0A8H7XMX0,A0A8H7XMX0,existing,,,,/home/runnel/igem-pocket/data/terpene_cage_screen/structures/A0A8H7XMX0.cif,
A0A8H7XP09,A0A8H7XP09,existing,,,,/home/runnel/igem-pocket/data/terpene_cage_screen/structures/A0A8H7XP09.cif,
A0A8H7XQ49,A0A8H7XQ49,existing,,,,/home/runnel/igem-pocket/data/terpene_cage_screen/structures/A0A8H7XQ49.cif,
A0A8H8CFI5,A0A8H8CFI5,existing,,,,/home/runnel/igem-pocket/data/terpene_cage_screen/structures/A0A8H8CFI5.cif,
A0A8H8CMW1,A0A8H8CMW1,existing,,,,/home/runnel/igem-pocket/data/terpene_cage_screen/structures/A0A8H8CMW1.cif,
A0A8K1AW51,A0A8K1AW51,existing,,,,/home/runnel/igem-pocket/data/terpene_cage_screen/structures/A0A8K1AW51.cif,
A0A8K1AW54,A0A8K1AW54,existing,,,,/home/runnel/igem-pocket/data/terpene_cage_screen/structures/A0A8K1AW54.cif,
A0A8K1AWG4,A0A8K1AWG4,existing,,,,/home/runnel/igem-pocket/data/terpene_cage_screen/structures/A0A8K1AWG4.cif,
A0A8K1AY78,A0A8K1AY78,existing,,,,/home/runnel/igem-pocket/data/terpene_cage_screen/structures/A0A8K1AY78.cif,
A0AAW1L0L7,A0AAW1L0L7,existing,,,,/home/runnel/igem-pocket/data/terpene_cage_screen/structures/A0AAW1L0L7.cif,
A0SJQ5,A0SJQ5,existing,,,,/home/runnel/igem-pocket/data/terpene_cage_screen/structures/A0SJQ5.cif,
A1C8C2,A1C8C2,existing,,,,/home/runnel/igem-pocket/data/terpene_cage_screen/structures/A1C8C2.cif,
A1C8C3,A1C8C3,existing,,,,/home/runnel/igem-pocket/data/terpene_cage_screen/structures/A1C8C3.cif,
A1C8C5,A1C8C5,existing,,,,/home/runnel/igem-pocket/data/terpene_cage_screen/structures/A1C8C5.cif,
A1CVK0,A1CVK0,existing,,,,/home/runnel/igem-pocket/data/terpene_cage_screen/structures/A1CVK0.cif,
A1DN29,A1DN29,existing,,,,/home/runnel/igem-pocket/data/terpene_cage_screen/structures/A1DN29.cif,
A1DN30,A1DN30,existing,,,,/home/runnel/igem-pocket/data/terpene_cage_screen/structures/A1DN30.cif,
A2PZA5,A2PZA5,existing,,,,/home/runnel/igem-pocket/data/terpene_cage_screen/structures/A2PZA5.cif,
A3KI17,A3KI17,existing,,,,/home/runnel/igem-pocket/data/terpene_cage_screen/structures/A3KI17.cif,
A4D9R2,A4D9R2,existing,,,,/home/runnel/igem-pocket/data/terpene_cage_screen/structures/A4D9R2.cif,
A4D9R3,A4D9R3,existing,,,,/home/runnel/igem-pocket/data/terpene_cage_screen/structures/A4D9R3.cif,
A4DA41,A4DA41,existing,,,,/home/runnel/igem-pocket/data/terpene_cage_screen/structures/A4DA41.cif,
A4FG19,A4FG19,existing,,,,/home/runnel/igem-pocket/data/terpene_cage_screen/structures/A4FG19.cif,
A4FVP2,A4FVP2,existing,,,,/home/runnel/igem-pocket/data/terpene_cage_screen/structures/A4FVP2.cif,
A4KAG7,A4KAG7,existing,,,,/home/runnel/igem-pocket/data/terpene_cage_screen/structures/A4KAG7.cif,
A4KAG8,A4KAG8,existing,,,,/home/runnel/igem-pocket/data/terpene_cage_screen/structures/A4KAG8.cif,
A5A8G0,A5A8G0,existing,,,,/home/runnel/igem-pocket/data/terpene_cage_screen/structures/A5A8G0.cif,
A5PHD6,A5PHD6,failed,v4:http_error=404|v3:http_error=404|v2:http_error=404,,,,v4:http_error=404; v3:http_error=404; v2:http_error=404
A5Y5L5,A5Y5L5,existing,,,,/home/runnel/igem-pocket/data/terpene_cage_screen/structures/A5Y5L5.cif,
A6XH05,A6XH05,existing,,,,/home/runnel/igem-pocket/data/terpene_cage_screen/structures/A6XH05.cif,
A6XH06,A6XH06,existing,,,,/home/runnel/igem-pocket/data/terpene_cage_screen/structures/A6XH06.cif,
A7IZZ1,A7IZZ1,existing,,,,/home/runnel/igem-pocket/data/terpene_cage_screen/structures/A7IZZ1.cif,
A7IZZ2,A7IZZ2,existing,,,,/home/runnel/igem-pocket/data/terpene_cage_screen/structures/A7IZZ2.cif,
A7NH01,A7NH01,existing,,,,/home/runnel/igem-pocket/data/terpene_cage_screen/structures/A7NH01.cif,
A8C980,A8C980,existing,,,,/home/runnel/igem-pocket/data/terpene_cage_screen/structures/A8C980.cif,
A8C981,A8C981,existing,,,,/home/runnel/igem-pocket/data/terpene_cage_screen/structures/A8C981.cif,
A8CDT2,A8CDT2,existing,,,,/home/runnel/igem-pocket/data/terpene_cage_screen/structures/A8CDT2.cif,
A8CDT3,A8CDT3,existing,,,,/home/runnel/igem-pocket/data/terpene_cage_screen/structures/A8CDT3.cif,
A8NE23,A8NE23,existing,,,,/home/runnel/igem-pocket/data/terpene_cage_screen/structures/A8NE23.cif,
A8NU13,A8NU13,existing,,,,/home/runnel/igem-pocket/data/terpene_cage_screen/structures/A8NU13.cif,
A9AWD5,A9AWD5,existing,,,,/home/runnel/igem-pocket/data/terpene_cage_screen/structures/A9AWD5.cif,
A9FZ87,A9FZ87,existing,,,,/home/runnel/igem-pocket/data/terpene_cage_screen/structures/A9FZ87.cif,
A9GK58,A9GK58,existing,,,,/home/runnel/igem-pocket/data/terpene_cage_screen/structures/A9GK58.cif,
A9JPE0,A9JPE0,existing,,,,/home/runnel/igem-pocket/data/terpene_cage_screen/structures/A9JPE0.cif,
A9JPE1,A9JPE1,existing,,,,/home/runnel/igem-pocket/data/terpene_cage_screen/structures/A9JPE1.cif,
A9JPE2,A9JPE2,existing,,,,/home/runnel/igem-pocket/data/terpene_cage_screen/structures/A9JPE2.cif,
A9JPE3,A9JPE3,existing,,,,/home/runnel/igem-pocket/data/terpene_cage_screen/structures/A9JPE3.cif,
A9JPE4,A9JPE4,existing,,,,/home/runnel/igem-pocket/data/terpene_cage_screen/structures/A9JPE4.cif,
B0FGA9,B0FGA9,existing,,,,/home/runnel/igem-pocket/data/terpene_cage_screen/structures/B0FGA9.cif,
B0Y5B4,B0Y5B4,existing,,,,/home/runnel/igem-pocket/data/terpene_cage_screen/structures/B0Y5B4.cif,
B1B1U3,B1B1U3,existing,,,,/home/runnel/igem-pocket/data/terpene_cage_screen/structures/B1B1U3.cif,
B1B1U4,B1B1U4,existing,,,,/home/runnel/igem-pocket/data/terpene_cage_screen/structures/B1B1U4.cif,
B1W019,B1W019,existing,,,,/home/runnel/igem-pocket/data/terpene_cage_screen/structures/B1W019.cif,
B2C4D0,B2C4D0,existing,,,,/home/runnel/igem-pocket/data/terpene_cage_screen/structures/B2C4D0.cif,
B2DBF0,B2DBF0,existing,,,,/home/runnel/igem-pocket/data/terpene_cage_screen/structures/B2DBF0.cif,
B2DBF1,B2DBF1,existing,,,,/home/runnel/igem-pocket/data/terpene_cage_screen/structures/B2DBF1.cif,
B2J4A4,B2J4A4,existing,,,,/home/runnel/igem-pocket/data/terpene_cage_screen/structures/B2J4A4.cif,
B2KSJ5,B2KSJ5,existing,,,,/home/runnel/igem-pocket/data/terpene_cage_screen/structures/B2KSJ5.cif,
B2KSJ6,B2KSJ6,existing,,,,/home/runnel/igem-pocket/data/terpene_cage_screen/structures/B2KSJ6.cif,
B3TPQ6,B3TPQ6,existing,,,,/home/runnel/igem-pocket/data/terpene_cage_screen/structures/B3TPQ6.cif,
B3TPQ7,B3TPQ7,existing,,,,/home/runnel/igem-pocket/data/terpene_cage_screen/structures/B3TPQ7.cif,
B3Y522,B3Y522,failed,v4:http_error=404|v3:http_error=404|v2:http_error=404,,,,v4:http_error=404; v3:http_error=404; v2:http_error=404
B4FVP3,B4FVP3,existing,,,,/home/runnel/igem-pocket/data/terpene_cage_screen/structures/B4FVP3.cif,
B5A434,B5A434,existing,,,,/home/runnel/igem-pocket/data/terpene_cage_screen/structures/B5A434.cif,
B5A435,B5A435,existing,,,,/home/runnel/igem-pocket/data/terpene_cage_screen/structures/B5A435.cif,
B5GMG2,B5GMG2,existing,,,,/home/runnel/igem-pocket/data/terpene_cage_screen/structures/B5GMG2.cif,
B5GRC8,B5GRC8,existing,,,,/home/runnel/igem-pocket/data/terpene_cage_screen/structures/B5GRC8.cif,
B5GS26,B5GS26,existing,,,,/home/runnel/igem-pocket/data/terpene_cage_screen/structures/B5GS26.cif,
B5GW45,B5GW45,existing,,,,/home/runnel/igem-pocket/data/terpene_cage_screen/structures/B5GW45.cif,
B5H7H3,B5H7H3,existing,,,,/home/runnel/igem-pocket/data/terpene_cage_screen/structures/B5H7H3.cif,
B5HDJ6,B5HDJ6,existing,,,,/home/runnel/igem-pocket/data/terpene_cage_screen/structures/B5HDJ6.cif,
B6EXY6,B6EXY6,existing,,,,/home/runnel/igem-pocket/data/terpene_cage_screen/structures/B6EXY6.cif,
B6H063,B6H063,existing,,,,/home/runnel/igem-pocket/data/terpene_cage_screen/structures/B6H063.cif,
B6HFX8,B6HFX8,existing,,,,/home/runnel/igem-pocket/data/terpene_cage_screen/structures/B6HFX8.cif,
B6HFX9,B6HFX9,existing,,,,/home/runnel/igem-pocket/data/terpene_cage_screen/structures/B6HFX9.cif,
B6HUQ4,B6HUQ4,existing,,,,/home/runnel/igem-pocket/data/terpene_cage_screen/structures/B6HUQ4.cif,
B6HUQ5,B6HUQ5,existing,,,,/home/runnel/igem-pocket/data/terpene_cage_screen/structures/B6HUQ5.cif,
B6HV32,B6HV32,existing,,,,/home/runnel/igem-pocket/data/terpene_cage_screen/structures/B6HV32.cif,
B6HV33,B6HV33,existing,,,,/home/runnel/igem-pocket/data/terpene_cage_screen/structures/B6HV33.cif,
B6HV34,B6HV34,existing,,,,/home/runnel/igem-pocket/data/terpene_cage_screen/structures/B6HV34.cif,
B6HV35,B6HV35,existing,,,,/home/runnel/igem-pocket/data/terpene_cage_screen/structures/B6HV35.cif,
B6HV36,B6HV36,existing,,,,/home/runnel/igem-pocket/data/terpene_cage_screen/structures/B6HV36.cif,
B6HV37,B6HV37,existing,,,,/home/runnel/igem-pocket/data/terpene_cage_screen/structures/B6HV37.cif,
B6HV38,B6HV38,existing,,,,/home/runnel/igem-pocket/data/terpene_cage_screen/structures/B6HV38.cif,
B6HV39,B6HV39,existing,,,,/home/runnel/igem-pocket/data/terpene_cage_screen/structures/B6HV39.cif,
B6K412,B6K412,existing,,,,/home/runnel/igem-pocket/data/terpene_cage_screen/structures/B6K412.cif,
B6SCF3,B6SCF3,existing,,,,/home/runnel/igem-pocket/data/terpene_cage_screen/structures/B6SCF3.cif,
B6SCF4,B6SCF4,existing,,,,/home/runnel/igem-pocket/data/terpene_cage_screen/structures/B6SCF4.cif,
B6SCF5,B6SCF5,existing,,,,/home/runnel/igem-pocket/data/terpene_cage_screen/structures/B6SCF5.cif,
B6SCF6,B6SCF6,existing,,,,/home/runnel/igem-pocket/data/terpene_cage_screen/structures/B6SCF6.cif,
B8NHE0,B8NHE0,existing,,,,/home/runnel/igem-pocket/data/terpene_cage_screen/structures/B8NHE0.cif,
B8NHE1,B8NHE1,existing,,,,/home/runnel/igem-pocket/data/terpene_cage_screen/structures/B8NHE1.cif,
B8NHE4,B8NHE4,existing,,,,/home/runnel/igem-pocket/data/terpene_cage_screen/structures/B8NHE4.cif,
B8PD44,B8PD44,existing,,,,/home/runnel/igem-pocket/data/terpene_cage_screen/structures/B8PD44.cif,
B8PQ84,B8PQ84,existing,,,,/home/runnel/igem-pocket/data/terpene_cage_screen/structures/B8PQ84.cif,
B8XA41,B8XA41,existing,,,,/home/runnel/igem-pocket/data/terpene_cage_screen/structures/B8XA41.cif,
B9RHP7,B9RHP7,existing,,,,/home/runnel/igem-pocket/data/terpene_cage_screen/structures/B9RHP7.cif,
B9RHX7,B9RHX7,existing,,,,/home/runnel/igem-pocket/data/terpene_cage_screen/structures/B9RHX7.cif,
B9RI00,B9RI00,existing,,,,/home/runnel/igem-pocket/data/terpene_cage_screen/structures/B9RI00.cif,
B9RPM3,B9RPM3,existing,,,,/home/runnel/igem-pocket/data/terpene_cage_screen/structures/B9RPM3.cif,
B9RXW0,B9RXW0,existing,,,,/home/runnel/igem-pocket/data/terpene_cage_screen/structures/B9RXW0.cif,
B9RXW4,B9RXW4,existing,,,,/home/runnel/igem-pocket/data/terpene_cage_screen/structures/B9RXW4.cif,
B9S1N2,B9S1N2,existing,,,,/home/runnel/igem-pocket/data/terpene_cage_screen/structures/B9S1N2.cif,
B9S9Z3,B9S9Z3,existing,,,,/home/runnel/igem-pocket/data/terpene_cage_screen/structures/B9S9Z3.cif,
B9SBU9,B9SBU9,existing,,,,/home/runnel/igem-pocket/data/terpene_cage_screen/structures/B9SBU9.cif,
B9SBV6,B9SBV6,existing,,,,/home/runnel/igem-pocket/data/terpene_cage_screen/structures/B9SBV6.cif,
B9SCB6,B9SCB6,existing,,,,/home/runnel/igem-pocket/data/terpene_cage_screen/structures/B9SCB6.cif,
B9SIL7,B9SIL7,existing,,,,/home/runnel/igem-pocket/data/terpene_cage_screen/structures/B9SIL7.cif,
B9SIM2,B9SIM2,existing,,,,/home/runnel/igem-pocket/data/terpene_cage_screen/structures/B9SIM2.cif,
B9SIM3,B9SIM3,existing,,,,/home/runnel/igem-pocket/data/terpene_cage_screen/structures/B9SIM3.cif,
B9T536,B9T536,existing,,,,/home/runnel/igem-pocket/data/terpene_cage_screen/structures/B9T536.cif,
B9T625,B9T625,existing,,,,/home/runnel/igem-pocket/data/terpene_cage_screen/structures/B9T625.cif,
B9T825,B9T825,existing,,,,/home/runnel/igem-pocket/data/terpene_cage_screen/structures/B9T825.cif,
B9X0J1,B9X0J1,existing,,,,/home/runnel/igem-pocket/data/terpene_cage_screen/structures/B9X0J1.cif,
C0KWV3,C0KWV3,existing,,,,/home/runnel/igem-pocket/data/terpene_cage_screen/structures/C0KWV3.cif,
C0KWV4,C0KWV4,existing,,,,/home/runnel/igem-pocket/data/terpene_cage_screen/structures/C0KWV4.cif,
C0KWV5,C0KWV5,existing,,,,/home/runnel/igem-pocket/data/terpene_cage_screen/structures/C0KWV5.cif,
C0KWV6,C0KWV6,existing,,,,/home/runnel/igem-pocket/data/terpene_cage_screen/structures/C0KWV6.cif,
C0KWV7,C0KWV7,existing,,,,/home/runnel/igem-pocket/data/terpene_cage_screen/structures/C0KWV7.cif,
C0PPM5,C0PPM5,existing,,,,/home/runnel/igem-pocket/data/terpene_cage_screen/structures/C0PPM5.cif,
C0PPR1,C0PPR1,existing,,,,/home/runnel/igem-pocket/data/terpene_cage_screen/structures/C0PPR1.cif,
C0PT35,C0PT35,existing,,,,/home/runnel/igem-pocket/data/terpene_cage_screen/structures/C0PT35.cif,
C0PTH8,C0PTH8,existing,,,,/home/runnel/igem-pocket/data/terpene_cage_screen/structures/C0PTH8.cif,
C1K5M2,C1K5M2,existing,,,,/home/runnel/igem-pocket/data/terpene_cage_screen/structures/C1K5M2.cif,
C1K5M3,C1K5M3,existing,,,,/home/runnel/igem-pocket/data/terpene_cage_screen/structures/C1K5M3.cif,
C3RSF5,C3RSF5,existing,,,,/home/runnel/igem-pocket/data/terpene_cage_screen/structures/C3RSF5.cif,
C5I9X1,C5I9X1,existing,,,,/home/runnel/igem-pocket/data/terpene_cage_screen/structures/C5I9X1.cif,
C5YHH7,C5YHH7,existing,,,,/home/runnel/igem-pocket/data/terpene_cage_screen/structures/C5YHH7.cif,
C5YHI2,C5YHI2,existing,,,,/home/runnel/igem-pocket/data/terpene_cage_screen/structures/C5YHI2.cif,
C7ASI9,C7ASI9,existing,,,,/home/runnel/igem-pocket/data/terpene_cage_screen/structures/C7ASI9.cif,
C7E5V7,C7E5V7,existing,,,,/home/runnel/igem-pocket/data/terpene_cage_screen/structures/C7E5V7.cif,
C7E5V8,C7E5V8,existing,,,,/home/runnel/igem-pocket/data/terpene_cage_screen/structures/C7E5V8.cif,
C7E5V9,C7E5V9,existing,,,,/home/runnel/igem-pocket/data/terpene_cage_screen/structures/C7E5V9.cif,
C7E5W0,C7E5W0,existing,,,,/home/runnel/igem-pocket/data/terpene_cage_screen/structures/C7E5W0.cif,
C7PLV2,C7PLV2,existing,,,,/home/runnel/igem-pocket/data/terpene_cage_screen/structures/C7PLV2.cif,
C8VE79,C8VE79,existing,,,,/home/runnel/igem-pocket/data/terpene_cage_screen/structures/C8VE79.cif,
C8VE82,C8VE82,existing,,,,/home/runnel/igem-pocket/data/terpene_cage_screen/structures/C8VE82.cif,
C8VN91,C8VN91,existing,,,,/home/runnel/igem-pocket/data/terpene_cage_screen/structures/C8VN91.cif,
C8VQ92,C8VQ92,existing,,,,/home/runnel/igem-pocket/data/terpene_cage_screen/structures/C8VQ92.cif,
C8VQ93,C8VQ93,existing,,,,/home/runnel/igem-pocket/data/terpene_cage_screen/structures/C8VQ93.cif,
C8VQ98,C8VQ98,existing,,,,/home/runnel/igem-pocket/data/terpene_cage_screen/structures/C8VQ98.cif,
C8XPS0,C8XPS0,failed,v4:http_error=404|v3:http_error=404|v2:http_error=404,,,,v4:http_error=404; v3:http_error=404; v2:http_error=404
C9E894,C9E894,existing,,,,/home/runnel/igem-pocket/data/terpene_cage_screen/structures/C9E894.cif,
C9K1X5,C9K1X5,existing,,,,/home/runnel/igem-pocket/data/terpene_cage_screen/structures/C9K1X5.cif,
C9K1X6,C9K1X6,existing,,,,/home/runnel/igem-pocket/data/terpene_cage_screen/structures/C9K1X6.cif,
C9K1X7,C9K1X7,existing,,,,/home/runnel/igem-pocket/data/terpene_cage_screen/structures/C9K1X7.cif,
C9K2Q2,C9K2Q2,existing,,,,/home/runnel/igem-pocket/data/terpene_cage_screen/structures/C9K2Q2.cif,
C9K2Q3,C9K2Q3,existing,,,,/home/runnel/igem-pocket/data/terpene_cage_screen/structures/C9K2Q3.cif,
D0UZK2,D0UZK2,existing,,,,/home/runnel/igem-pocket/data/terpene_cage_screen/structures/D0UZK2.cif,
D0VMR5,D0VMR5,existing,,,,/home/runnel/igem-pocket/data/terpene_cage_screen/structures/D0VMR5.cif,
D0VMR6,D0VMR6,existing,,,,/home/runnel/igem-pocket/data/terpene_cage_screen/structures/D0VMR6.cif,
D0VMR7,D0VMR7,existing,,,,/home/runnel/igem-pocket/data/terpene_cage_screen/structures/D0VMR7.cif,
D0VMR8,D0VMR8,existing,,,,/home/runnel/igem-pocket/data/terpene_cage_screen/structures/D0VMR8.cif,
D1MX85,D1MX85,existing,,,,/home/runnel/igem-pocket/data/terpene_cage_screen/structures/D1MX85.cif,
D1MX86,D1MX86,existing,,,,/home/runnel/igem-pocket/data/terpene_cage_screen/structures/D1MX86.cif,
D1MX87,D1MX87,existing,,,,/home/runnel/igem-pocket/data/terpene_cage_screen/structures/D1MX87.cif,
D1MX88,D1MX88,existing,,,,/home/runnel/igem-pocket/data/terpene_cage_screen/structures/D1MX88.cif,
D1MX89,D1MX89,existing,,,,/home/runnel/igem-pocket/data/terpene_cage_screen/structures/D1MX89.cif,
D2B747,D2B747,existing,,,,/home/runnel/igem-pocket/data/terpene_cage_screen/structures/D2B747.cif,
D2E9W6,D2E9W6,existing,,,,/home/runnel/igem-pocket/data/terpene_cage_screen/structures/D2E9W6.cif,
D2K762,D2K762,existing,,,,/home/runnel/igem-pocket/data/terpene_cage_screen/structures/D2K762.cif,
D2YZP9,D2YZP9,existing,,,,/home/runnel/igem-pocket/data/terpene_cage_screen/structures/D2YZP9.cif,
D3KYU2,D3KYU2,existing,,,,/home/runnel/igem-pocket/data/terpene_cage_screen/structures/D3KYU2.cif,
D5KXD2,D5KXD2,existing,,,,/home/runnel/igem-pocket/data/terpene_cage_screen/structures/D5KXD2.cif,
D5SJ87,D5SJ87,existing,,,,/home/runnel/igem-pocket/data/terpene_cage_screen/structures/D5SJ87.cif,
D5SK09,D5SK09,existing,,,,/home/runnel/igem-pocket/data/terpene_cage_screen/structures/D5SK09.cif,
D5SL78,D5SL78,existing,,,,/home/runnel/igem-pocket/data/terpene_cage_screen/structures/D5SL78.cif,
D7NJ68,D7NJ68,existing,,,,/home/runnel/igem-pocket/data/terpene_cage_screen/structures/D7NJ68.cif,
D7PHY9,D7PHY9,existing,,,,/home/runnel/igem-pocket/data/terpene_cage_screen/structures/D7PHY9.cif,
D7PHZ0,D7PHZ0,existing,,,,/home/runnel/igem-pocket/data/terpene_cage_screen/structures/D7PHZ0.cif,
D7PHZ1,D7PHZ1,existing,,,,/home/runnel/igem-pocket/data/terpene_cage_screen/structures/D7PHZ1.cif,
D7PHZ2,D7PHZ2,existing,,,,/home/runnel/igem-pocket/data/terpene_cage_screen/structures/D7PHZ2.cif,
D7PHZ3,D7PHZ3,existing,,,,/home/runnel/igem-pocket/data/terpene_cage_screen/structures/D7PHZ3.cif,
D7PHZ4,D7PHZ4,existing,,,,/home/runnel/igem-pocket/data/terpene_cage_screen/structures/D7PHZ4.cif,
D7PHZ5,D7PHZ5,existing,,,,/home/runnel/igem-pocket/data/terpene_cage_screen/structures/D7PHZ5.cif,
D7PHZ6,D7PHZ6,existing,,,,/home/runnel/igem-pocket/data/terpene_cage_screen/structures/D7PHZ6.cif,
D7PHZ7,D7PHZ7,existing,,,,/home/runnel/igem-pocket/data/terpene_cage_screen/structures/D7PHZ7.cif,
D7PHZ8,D7PHZ8,existing,,,,/home/runnel/igem-pocket/data/terpene_cage_screen/structures/D7PHZ8.cif,
D7PHZ9,D7PHZ9,existing,,,,/home/runnel/igem-pocket/data/terpene_cage_screen/structures/D7PHZ9.cif,
D7UTD0,D7UTD0,existing,,,,/home/runnel/igem-pocket/data/terpene_cage_screen/structures/D7UTD0.cif,
D7UTD1,D7UTD1,existing,,,,/home/runnel/igem-pocket/data/terpene_cage_screen/structures/D7UTD1.cif,
D8RLD3,D8RLD3,existing,,,,/home/runnel/igem-pocket/data/terpene_cage_screen/structures/D8RLD3.cif,
D8RNZ9,D8RNZ9,existing,,,,/home/runnel/igem-pocket/data/terpene_cage_screen/structures/D8RNZ9.cif,
D8S255,D8S255,existing,,,,/home/runnel/igem-pocket/data/terpene_cage_screen/structures/D8S255.cif,
D9XD61,D9XD61,existing,,,,/home/runnel/igem-pocket/data/terpene_cage_screen/structures/D9XD61.cif,
D9XDR8,D9XDR8,existing,,,,/home/runnel/igem-pocket/data/terpene_cage_screen/structures/D9XDR8.cif,
E0D7H5,E0D7H5,existing,,,,/home/runnel/igem-pocket/data/terpene_cage_screen/structures/E0D7H5.cif,
E0D7H6,E0D7H6,existing,,,,/home/runnel/igem-pocket/data/terpene_cage_screen/structures/E0D7H6.cif,
E2E2N3,E2E2N3,existing,,,,/home/runnel/igem-pocket/data/terpene_cage_screen/structures/E2E2N3.cif,
E2E2N4,E2E2N4,existing,,,,/home/runnel/igem-pocket/data/terpene_cage_screen/structures/E2E2N4.cif,
E2E2N5,E2E2N5,existing,,,,/home/runnel/igem-pocket/data/terpene_cage_screen/structures/E2E2N5.cif,
E2E2N7,E2E2N7,existing,,,,/home/runnel/igem-pocket/data/terpene_cage_screen/structures/E2E2N7.cif,
E2E2N8,E2E2N8,existing,,,,/home/runnel/igem-pocket/data/terpene_cage_screen/structures/E2E2N8.cif,
E2E2P0,E2E2P0,existing,,,,/home/runnel/igem-pocket/data/terpene_cage_screen/structures/E2E2P0.cif,
E2E2P1,E2E2P1,existing,,,,/home/runnel/igem-pocket/data/terpene_cage_screen/structures/E2E2P1.cif,
E2E2P2,E2E2P2,existing,,,,/home/runnel/igem-pocket/data/terpene_cage_screen/structures/E2E2P2.cif,
E2IHE0,E2IHE0,existing,,,,/home/runnel/igem-pocket/data/terpene_cage_screen/structures/E2IHE0.cif,
E2IUA6,E2IUA6,existing,,,,/home/runnel/igem-pocket/data/terpene_cage_screen/structures/E2IUA6.cif,
E2IUA7,E2IUA7,existing,,,,/home/runnel/igem-pocket/data/terpene_cage_screen/structures/E2IUA7.cif,
E2IUA8,E2IUA8,existing,,,,/home/runnel/igem-pocket/data/terpene_cage_screen/structures/E2IUA8.cif,
E2IUA9,E2IUA9,existing,,,,/home/runnel/igem-pocket/data/terpene_cage_screen/structures/E2IUA9.cif,
E2IUB0,E2IUB0,existing,,,,/home/runnel/igem-pocket/data/terpene_cage_screen/structures/E2IUB0.cif,
E3UBL5,E3UBL5,existing,,,,/home/runnel/igem-pocket/data/terpene_cage_screen/structures/E3UBL5.cif,
E3UBL6,E3UBL6,existing,,,,/home/runnel/igem-pocket/data/terpene_cage_screen/structures/E3UBL6.cif,
E3VWJ0,E3VWJ0,existing,,,,/home/runnel/igem-pocket/data/terpene_cage_screen/structures/E3VWJ0.cif,
E3W202,E3W202,existing,,,,/home/runnel/igem-pocket/data/terpene_cage_screen/structures/E3W202.cif,
E3W203,E3W203,existing,,,,/home/runnel/igem-pocket/data/terpene_cage_screen/structures/E3W203.cif,
E3W204,E3W204,existing,,,,/home/runnel/igem-pocket/data/terpene_cage_screen/structures/E3W204.cif,
E3W205,E3W205,existing,,,,/home/runnel/igem-pocket/data/terpene_cage_screen/structures/E3W205.cif,
E3W206,E3W206,existing,,,,/home/runnel/igem-pocket/data/terpene_cage_screen/structures/E3W206.cif,
E3W207,E3W207,existing,,,,/home/runnel/igem-pocket/data/terpene_cage_screen/structures/E3W207.cif,
E3W208,E3W208,existing,,,,/home/runnel/igem-pocket/data/terpene_cage_screen/structures/E3W208.cif,
E4MYY0,E4MYY0,existing,,,,/home/runnel/igem-pocket/data/terpene_cage_screen/structures/E4MYY0.cif,
E4N7E5,E4N7E5,existing,,,,/home/runnel/igem-pocket/data/terpene_cage_screen/structures/E4N7E5.cif,
E4V6I8,E4V6I8,existing,,,,/home/runnel/igem-pocket/data/terpene_cage_screen/structures/E4V6I8.cif,
E7DN63,E7DN63,existing,,,,/home/runnel/igem-pocket/data/terpene_cage_screen/structures/E7DN63.cif,
E7DN64,E7DN64,existing,,,,/home/runnel/igem-pocket/data/terpene_cage_screen/structures/E7DN64.cif,
E8W6C7,E8W6C7,existing,,,,/home/runnel/igem-pocket/data/terpene_cage_screen/structures/E8W6C7.cif,
E9E766,E9E766,existing,,,,/home/runnel/igem-pocket/data/terpene_cage_screen/structures/E9E766.cif,
E9F5E7,E9F5E7,existing,,,,/home/runnel/igem-pocket/data/terpene_cage_screen/structures/E9F5E7.cif,
E9F5E8,E9F5E8,existing,,,,/home/runnel/igem-pocket/data/terpene_cage_screen/structures/E9F5E8.cif,
E9F5E9,E9F5E9,existing,,,,/home/runnel/igem-pocket/data/terpene_cage_screen/structures/E9F5E9.cif,
E9F5F0,E9F5F0,existing,,,,/home/runnel/igem-pocket/data/terpene_cage_screen/structures/E9F5F0.cif,
E9F5F1,E9F5F1,existing,,,,/home/runnel/igem-pocket/data/terpene_cage_screen/structures/E9F5F1.cif,
E9F8R9,E9F8R9,existing,,,,/home/runnel/igem-pocket/data/terpene_cage_screen/structures/E9F8R9.cif,
F0ZDD0,F0ZDD0,existing,,,,/home/runnel/igem-pocket/data/terpene_cage_screen/structures/F0ZDD0.cif,
F0ZHE2,F0ZHE2,existing,,,,/home/runnel/igem-pocket/data/terpene_cage_screen/structures/F0ZHE2.cif,
F0ZK52,F0ZK52,existing,,,,/home/runnel/igem-pocket/data/terpene_cage_screen/structures/F0ZK52.cif,
F0ZL92,F0ZL92,existing,,,,/home/runnel/igem-pocket/data/terpene_cage_screen/structures/F0ZL92.cif,
F0ZLU4,F0ZLU4,existing,,,,/home/runnel/igem-pocket/data/terpene_cage_screen/structures/F0ZLU4.cif,
F0ZPL2,F0ZPL2,existing,,,,/home/runnel/igem-pocket/data/terpene_cage_screen/structures/F0ZPL2.cif,
F1A1D4,F1A1D4,existing,,,,/home/runnel/igem-pocket/data/terpene_cage_screen/structures/F1A1D4.cif,
F1A1D6,F1A1D6,existing,,,,/home/runnel/igem-pocket/data/terpene_cage_screen/structures/F1A1D6.cif,
F1A3V1,F1A3V1,existing,,,,/home/runnel/igem-pocket/data/terpene_cage_screen/structures/F1A3V1.cif,
F1CKI6,F1CKI6,existing,,,,/home/runnel/igem-pocket/data/terpene_cage_screen/structures/F1CKI6.cif,
F1CKI8,F1CKI8,existing,,,,/home/runnel/igem-pocket/data/terpene_cage_screen/structures/F1CKI8.cif,
F1CKI9,F1CKI9,existing,,,,/home/runnel/igem-pocket/data/terpene_cage_screen/structures/F1CKI9.cif,
F1CKJ1,F1CKJ1,existing,,,,/home/runnel/igem-pocket/data/terpene_cage_screen/structures/F1CKJ1.cif,
F1SWA0,F1SWA0,existing,,,,/home/runnel/igem-pocket/data/terpene_cage_screen/structures/F1SWA0.cif,
F2XF92,F2XF92,existing,,,,/home/runnel/igem-pocket/data/terpene_cage_screen/structures/F2XF92.cif,
F2XF93,F2XF93,existing,,,,/home/runnel/igem-pocket/data/terpene_cage_screen/structures/F2XF93.cif,
F2XF94,F2XF94,existing,,,,/home/runnel/igem-pocket/data/terpene_cage_screen/structures/F2XF94.cif,
F2XF95,F2XF95,existing,,,,/home/runnel/igem-pocket/data/terpene_cage_screen/structures/F2XF95.cif,
F2XF96,F2XF96,existing,,,,/home/runnel/igem-pocket/data/terpene_cage_screen/structures/F2XF96.cif,
F2XF97,F2XF97,existing,,,,/home/runnel/igem-pocket/data/terpene_cage_screen/structures/F2XF97.cif,
F2XF98,F2XF98,existing,,,,/home/runnel/igem-pocket/data/terpene_cage_screen/structures/F2XF98.cif,
F2XF99,F2XF99,existing,,,,/home/runnel/igem-pocket/data/terpene_cage_screen/structures/F2XF99.cif,
F2XFA0,F2XFA0,existing,,,,/home/runnel/igem-pocket/data/terpene_cage_screen/structures/F2XFA0.cif,
F2XFA1,F2XFA1,existing,,,,/home/runnel/igem-pocket/data/terpene_cage_screen/structures/F2XFA1.cif,
F2XFA2,F2XFA2,existing,,,,/home/runnel/igem-pocket/data/terpene_cage_screen/structures/F2XFA2.cif,
F2XFA4,F2XFA4,existing,,,,/home/runnel/igem-pocket/data/terpene_cage_screen/structures/F2XFA4.cif,
F2XFA5,F2XFA5,existing,,,,/home/runnel/igem-pocket/data/terpene_cage_screen/structures/F2XFA5.cif,
F2XFA6,F2XFA6,existing,,,,/home/runnel/igem-pocket/data/terpene_cage_screen/structures/F2XFA6.cif,
F2XFA8,F2XFA8,existing,,,,/home/runnel/igem-pocket/data/terpene_cage_screen/structures/F2XFA8.cif,
F2XFB2,F2XFB2,existing,,,,/home/runnel/igem-pocket/data/terpene_cage_screen/structures/F2XFB2.cif,
F4Q7D4,F4Q7D4,existing,,,,/home/runnel/igem-pocket/data/terpene_cage_screen/structures/F4Q7D4.cif,
F6M8H4,F6M8H4,existing,,,,/home/runnel/igem-pocket/data/terpene_cage_screen/structures/F6M8H4.cif,
F6M8H5,F6M8H5,existing,,,,/home/runnel/igem-pocket/data/terpene_cage_screen/structures/F6M8H5.cif,
F6M8H6,F6M8H6,existing,,,,/home/runnel/igem-pocket/data/terpene_cage_screen/structures/F6M8H6.cif,
F6M8H7,F6M8H7,existing,,,,/home/runnel/igem-pocket/data/terpene_cage_screen/structures/F6M8H7.cif,
F6M8H8,F6M8H8,existing,,,,/home/runnel/igem-pocket/data/terpene_cage_screen/structures/F6M8H8.cif,
F6M8I0,F6M8I0,existing,,,,/home/runnel/igem-pocket/data/terpene_cage_screen/structures/F6M8I0.cif,
F8JK18,F8JK18,existing,,,,/home/runnel/igem-pocket/data/terpene_cage_screen/structures/F8JK18.cif,
F8JSS1,F8JSS1,existing,,,,/home/runnel/igem-pocket/data/terpene_cage_screen/structures/F8JSS1.cif,
F8UL80,F8UL80,existing,,,,/home/runnel/igem-pocket/data/terpene_cage_screen/structures/F8UL80.cif,
F8UL81,F8UL81,existing,,,,/home/runnel/igem-pocket/data/terpene_cage_screen/structures/F8UL81.cif,
F8WQD0,F8WQD0,existing,,,,/home/runnel/igem-pocket/data/terpene_cage_screen/structures/F8WQD0.cif,
G0Y7D1,G0Y7D1,existing,,,,/home/runnel/igem-pocket/data/terpene_cage_screen/structures/G0Y7D1.cif,
G0Y7D2,G0Y7D2,existing,,,,/home/runnel/igem-pocket/data/terpene_cage_screen/structures/G0Y7D2.cif,
G0Y7D3,G0Y7D3,existing,,,,/home/runnel/igem-pocket/data/terpene_cage_screen/structures/G0Y7D3.cif,
G1DGI7,G1DGI7,existing,,,,/home/runnel/igem-pocket/data/terpene_cage_screen/structures/G1DGI7.cif,
G1JUH1,G1JUH1,existing,,,,/home/runnel/igem-pocket/data/terpene_cage_screen/structures/G1JUH1.cif,
G2P5T1,G2P5T1,existing,,,,/home/runnel/igem-pocket/data/terpene_cage_screen/structures/G2P5T1.cif,
G3CCC0,G3CCC0,existing,,,,/home/runnel/igem-pocket/data/terpene_cage_screen/structures/G3CCC0.cif,
G3CCC1,G3CCC1,existing,,,,/home/runnel/igem-pocket/data/terpene_cage_screen/structures/G3CCC1.cif,
G3E4M4,G3E4M4,existing,,,,/home/runnel/igem-pocket/data/terpene_cage_screen/structures/G3E4M4.cif,
G3E4M6,G3E4M6,existing,,,,/home/runnel/igem-pocket/data/terpene_cage_screen/structures/G3E4M6.cif,
G5CV45,G5CV45,existing,,,,/home/runnel/igem-pocket/data/terpene_cage_screen/structures/G5CV45.cif,
G5CV46,G5CV46,existing,,,,/home/runnel/igem-pocket/data/terpene_cage_screen/structures/G5CV46.cif,
G5CV52,G5CV52,existing,,,,/home/runnel/igem-pocket/data/terpene_cage_screen/structures/G5CV52.cif,
G5CV54,G5CV54,existing,,,,/home/runnel/igem-pocket/data/terpene_cage_screen/structures/G5CV54.cif,
G8GJ94,G8GJ94,existing,,,,/home/runnel/igem-pocket/data/terpene_cage_screen/structures/G8GJ94.cif,
G8GJ95,G8GJ95,existing,,,,/home/runnel/igem-pocket/data/terpene_cage_screen/structures/G8GJ95.cif,
G8GJ96,G8GJ96,existing,,,,/home/runnel/igem-pocket/data/terpene_cage_screen/structures/G8GJ96.cif,
G8H5M7,G8H5M7,existing,,,,/home/runnel/igem-pocket/data/terpene_cage_screen/structures/G8H5M7.cif,
G8H5M8,G8H5M8,existing,,,,/home/runnel/igem-pocket/data/terpene_cage_screen/structures/G8H5M8.cif,
G8H5M9,G8H5M9,existing,,,,/home/runnel/igem-pocket/data/terpene_cage_screen/structures/G8H5M9.cif,
G8H5N0,G8H5N0,existing,,,,/home/runnel/igem-pocket/data/terpene_cage_screen/structures/G8H5N0.cif,
G8H5N1,G8H5N1,existing,,,,/home/runnel/igem-pocket/data/terpene_cage_screen/structures/G8H5N1.cif,
G8H5N2,G8H5N2,existing,,,,/home/runnel/igem-pocket/data/terpene_cage_screen/structures/G8H5N2.cif,
G8H5N3,G8H5N3,existing,,,,/home/runnel/igem-pocket/data/terpene_cage_screen/structures/G8H5N3.cif,
G9MAN7,G9MAN7,existing,,,,/home/runnel/igem-pocket/data/terpene_cage_screen/structures/G9MAN7.cif,
H1VM35,H1VM35,existing,,,,/home/runnel/igem-pocket/data/terpene_cage_screen/structures/H1VM35.cif,
H1VN83,H1VN83,existing,,,,/home/runnel/igem-pocket/data/terpene_cage_screen/structures/H1VN83.cif,
H1VQB1,H1VQB1,existing,,,,/home/runnel/igem-pocket/data/terpene_cage_screen/structures/H1VQB1.cif,
H1VQW0,H1VQW0,existing,,,,/home/runnel/igem-pocket/data/terpene_cage_screen/structures/H1VQW0.cif,
H2ELN1,H2ELN1,existing,,,,/home/runnel/igem-pocket/data/terpene_cage_screen/structures/H2ELN1.cif,
H2KWF1,H2KWF1,existing,,,,/home/runnel/igem-pocket/data/terpene_cage_screen/structures/H2KWF1.cif,
H6U1I8,H6U1I8,existing,,,,/home/runnel/igem-pocket/data/terpene_cage_screen/structures/H6U1I8.cif,
H6VLG5,H6VLG5,existing,,,,/home/runnel/igem-pocket/data/terpene_cage_screen/structures/H6VLG5.cif,
H6WZF2,H6WZF2,existing,,,,/home/runnel/igem-pocket/data/terpene_cage_screen/structures/H6WZF2.cif,
H7CE84,H7CE84,existing,,,,/home/runnel/igem-pocket/data/terpene_cage_screen/structures/H7CE84.cif,
H8ZM70,H8ZM70,existing,,,,/home/runnel/igem-pocket/data/terpene_cage_screen/structures/H8ZM70.cif,
H8ZM71,H8ZM71,existing,,,,/home/runnel/igem-pocket/data/terpene_cage_screen/structures/H8ZM71.cif,
H8ZM73,H8ZM73,existing,,,,/home/runnel/igem-pocket/data/terpene_cage_screen/structures/H8ZM73.cif,
H9L9E5,H9L9E5,existing,,,,/home/runnel/igem-pocket/data/terpene_cage_screen/structures/H9L9E5.cif,
I1M2G5,I1M2G5,existing,,,,/home/runnel/igem-pocket/data/terpene_cage_screen/structures/I1M2G5.cif,
I1RL11,I1RL11,existing,,,,/home/runnel/igem-pocket/data/terpene_cage_screen/structures/I1RL11.cif,
I1RL12,I1RL12,existing,,,,/home/runnel/igem-pocket/data/terpene_cage_screen/structures/I1RL12.cif,
I1RL13,I1RL13,existing,,,,/home/runnel/igem-pocket/data/terpene_cage_screen/structures/I1RL13.cif,
I1RL14,I1RL14,existing,,,,/home/runnel/igem-pocket/data/terpene_cage_screen/structures/I1RL14.cif,
I1RL15,I1RL15,existing,,,,/home/runnel/igem-pocket/data/terpene_cage_screen/structures/I1RL15.cif,
I1RL16,I1RL16,existing,,,,/home/runnel/igem-pocket/data/terpene_cage_screen/structures/I1RL16.cif,
I1RL18,I1RL18,existing,,,,/home/runnel/igem-pocket/data/terpene_cage_screen/structures/I1RL18.cif,
I1RQ76,I1RQ76,existing,,,,/home/runnel/igem-pocket/data/terpene_cage_screen/structures/I1RQ76.cif,
I1S104,I1S104,existing,,,,/home/runnel/igem-pocket/data/terpene_cage_screen/structures/I1S104.cif,
I1ZHA5,I1ZHA5,existing,,,,/home/runnel/igem-pocket/data/terpene_cage_screen/structures/I1ZHA5.cif,
I2N045,I2N045,existing,,,,/home/runnel/igem-pocket/data/terpene_cage_screen/structures/I2N045.cif,
I6QPS5,I6QPS5,existing,,,,/home/runnel/igem-pocket/data/terpene_cage_screen/structures/I6QPS5.cif,
I6QSN0,I6QSN0,existing,,,,/home/runnel/igem-pocket/data/terpene_cage_screen/structures/I6QSN0.cif,
I6R4V5,I6R4V5,existing,,,,/home/runnel/igem-pocket/data/terpene_cage_screen/structures/I6R4V5.cif,
I6RAQ6,I6RAQ6,existing,,,,/home/runnel/igem-pocket/data/terpene_cage_screen/structures/I6RAQ6.cif,
I6RE61,I6RE61,existing,,,,/home/runnel/igem-pocket/data/terpene_cage_screen/structures/I6RE61.cif,
I7GPX8,I7GPX8,existing,,,,/home/runnel/igem-pocket/data/terpene_cage_screen/structures/I7GPX8.cif,
I7H727,I7H727,existing,,,,/home/runnel/igem-pocket/data/terpene_cage_screen/structures/I7H727.cif,
J7FIJ6,J7FIJ6,existing,,,,/home/runnel/igem-pocket/data/terpene_cage_screen/structures/J7FIJ6.cif,
J7FIP8,J7FIP8,existing,,,,/home/runnel/igem-pocket/data/terpene_cage_screen/structures/J7FIP8.cif,
J7FIP9,J7FIP9,existing,,,,/home/runnel/igem-pocket/data/terpene_cage_screen/structures/J7FIP9.cif,
J7FIX8,J7FIX8,existing,,,,/home/runnel/igem-pocket/data/terpene_cage_screen/structures/J7FIX8.cif,
J7FJH0,J7FJH0,existing,,,,/home/runnel/igem-pocket/data/terpene_cage_screen/structures/J7FJH0.cif,
J7FJH1,J7FJH1,existing,,,,/home/runnel/igem-pocket/data/terpene_cage_screen/structures/J7FJH1.cif,
J7FJH2,J7FJH2,existing,,,,/home/runnel/igem-pocket/data/terpene_cage_screen/structures/J7FJH2.cif,
J7FK08,J7FK08,existing,,,,/home/runnel/igem-pocket/data/terpene_cage_screen/structures/J7FK08.cif,
J7FK10,J7FK10,existing,,,,/home/runnel/igem-pocket/data/terpene_cage_screen/structures/J7FK10.cif,
J7LH11,J7LH11,existing,,,,/home/runnel/igem-pocket/data/terpene_cage_screen/structures/J7LH11.cif,
J7LJN5,J7LJN5,existing,,,,/home/runnel/igem-pocket/data/terpene_cage_screen/structures/J7LJN5.cif,
J7LMP2,J7LMP2,existing,,,,/home/runnel/igem-pocket/data/terpene_cage_screen/structures/J7LMP2.cif,
J7LP58,J7LP58,existing,,,,/home/runnel/igem-pocket/data/terpene_cage_screen/structures/J7LP58.cif,
J7LQ09,J7LQ09,existing,,,,/home/runnel/igem-pocket/data/terpene_cage_screen/structures/J7LQ09.cif,
J9QS23,J9QS23,existing,,,,/home/runnel/igem-pocket/data/terpene_cage_screen/structures/J9QS23.cif,
J9QS25,J9QS25,existing,,,,/home/runnel/igem-pocket/data/terpene_cage_screen/structures/J9QS25.cif,
J9R1J8,J9R1J8,existing,,,,/home/runnel/igem-pocket/data/terpene_cage_screen/structures/J9R1J8.cif,
J9R388,J9R388,existing,,,,/home/runnel/igem-pocket/data/terpene_cage_screen/structures/J9R388.cif,
J9R393,J9R393,existing,,,,/home/runnel/igem-pocket/data/terpene_cage_screen/structures/J9R393.cif,
J9R5V4,J9R5V4,existing,,,,/home/runnel/igem-pocket/data/terpene_cage_screen/structures/J9R5V4.cif,
J9RLZ7,J9RLZ7,existing,,,,/home/runnel/igem-pocket/data/terpene_cage_screen/structures/J9RLZ7.cif,
K0K750,K0K750,existing,,,,/home/runnel/igem-pocket/data/terpene_cage_screen/structures/K0K750.cif,
K2QVI4,K2QVI4,existing,,,,/home/runnel/igem-pocket/data/terpene_cage_screen/structures/K2QVI4.cif,
K2QVI8,K2QVI8,existing,,,,/home/runnel/igem-pocket/data/terpene_cage_screen/structures/K2QVI8.cif,
K2RGJ8,K2RGJ8,existing,,,,/home/runnel/igem-pocket/data/terpene_cage_screen/structures/K2RGJ8.cif,
K2RLM2,K2RLM2,existing,,,,/home/runnel/igem-pocket/data/terpene_cage_screen/structures/K2RLM2.cif,
K2RLM6,K2RLM6,existing,,,,/home/runnel/igem-pocket/data/terpene_cage_screen/structures/K2RLM6.cif,
K2RU64,K2RU64,existing,,,,/home/runnel/igem-pocket/data/terpene_cage_screen/structures/K2RU64.cif,
K2RU68,K2RU68,existing,,,,/home/runnel/igem-pocket/data/terpene_cage_screen/structures/K2RU68.cif,
K2SUY0,K2SUY0,existing,,,,/home/runnel/igem-pocket/data/terpene_cage_screen/structures/K2SUY0.cif,
K4B6C9,K4B6C9,existing,,,,/home/runnel/igem-pocket/data/terpene_cage_screen/structures/K4B6C9.cif,
K4IAL8,K4IAL8,existing,,,,/home/runnel/igem-pocket/data/terpene_cage_screen/structures/K4IAL8.cif,
K4L9M2,K4L9M2,existing,,,,/home/runnel/igem-pocket/data/terpene_cage_screen/structures/K4L9M2.cif,
K4LMW2,K4LMW2,existing,,,,/home/runnel/igem-pocket/data/terpene_cage_screen/structures/K4LMW2.cif,
K7NBZ9,K7NBZ9,existing,,,,/home/runnel/igem-pocket/data/terpene_cage_screen/structures/K7NBZ9.cif,
K7WDC8,K7WDC8,existing,,,,/home/runnel/igem-pocket/data/terpene_cage_screen/structures/K7WDC8.cif,
K7WDL7,K7WDL7,existing,,,,/home/runnel/igem-pocket/data/terpene_cage_screen/structures/K7WDL7.cif,
K7WQ45,K7WQ45,existing,,,,/home/runnel/igem-pocket/data/terpene_cage_screen/structures/K7WQ45.cif,
K9Y645,K9Y645,existing,,,,/home/runnel/igem-pocket/data/terpene_cage_screen/structures/K9Y645.cif,
K9Y6Y9,K9Y6Y9,existing,,,,/home/runnel/igem-pocket/data/terpene_cage_screen/structures/K9Y6Y9.cif,
L0HAM7,L0HAM7,existing,,,,/home/runnel/igem-pocket/data/terpene_cage_screen/structures/L0HAM7.cif,
L0HB77,L0HB77,existing,,,,/home/runnel/igem-pocket/data/terpene_cage_screen/structures/L0HB77.cif,
L0MXJ1,L0MXJ1,existing,,,,/home/runnel/igem-pocket/data/terpene_cage_screen/structures/L0MXJ1.cif,
L0MXJ3,L0MXJ3,existing,,,,/home/runnel/igem-pocket/data/terpene_cage_screen/structures/L0MXJ3.cif,
L0MXX3,L0MXX3,existing,,,,/home/runnel/igem-pocket/data/terpene_cage_screen/structures/L0MXX3.cif,
L0MYS5,L0MYS5,existing,,,,/home/runnel/igem-pocket/data/terpene_cage_screen/structures/L0MYS5.cif,
L0MYS8,L0MYS8,existing,,,,/home/runnel/igem-pocket/data/terpene_cage_screen/structures/L0MYS8.cif,
L0MZK0,L0MZK0,existing,,,,/home/runnel/igem-pocket/data/terpene_cage_screen/structures/L0MZK0.cif,
L0MZK4,L0MZK4,existing,,,,/home/runnel/igem-pocket/data/terpene_cage_screen/structures/L0MZK4.cif,
L0N063,L0N063,existing,,,,/home/runnel/igem-pocket/data/terpene_cage_screen/structures/L0N063.cif,
L0N065,L0N065,existing,,,,/home/runnel/igem-pocket/data/terpene_cage_screen/structures/L0N065.cif,
M1UZ07,M1UZ07,existing,,,,/home/runnel/igem-pocket/data/terpene_cage_screen/structures/M1UZ07.cif,
M1UZ09,M1UZ09,existing,,,,/home/runnel/igem-pocket/data/terpene_cage_screen/structures/M1UZ09.cif,
M1V8J8,M1V8J8,existing,,,,/home/runnel/igem-pocket/data/terpene_cage_screen/structures/M1V8J8.cif,
M1V8K0,M1V8K0,existing,,,,/home/runnel/igem-pocket/data/terpene_cage_screen/structures/M1V8K0.cif,
M1V9Q0,M1V9Q0,existing,,,,/home/runnel/igem-pocket/data/terpene_cage_screen/structures/M1V9Q0.cif,
M1VDX3,M1VDX3,existing,,,,/home/runnel/igem-pocket/data/terpene_cage_screen/structures/M1VDX3.cif,
M1VE36,M1VE36,existing,,,,/home/runnel/igem-pocket/data/terpene_cage_screen/structures/M1VE36.cif,
M1VJS5,M1VJS5,existing,,,,/home/runnel/igem-pocket/data/terpene_cage_screen/structures/M1VJS5.cif,
M1VNH2,M1VNH2,existing,,,,/home/runnel/igem-pocket/data/terpene_cage_screen/structures/M1VNH2.cif,
M2SPA3,M2SPA3,existing,,,,/home/runnel/igem-pocket/data/terpene_cage_screen/structures/M2SPA3.cif,
M2T7Z1,M2T7Z1,existing,,,,/home/runnel/igem-pocket/data/terpene_cage_screen/structures/M2T7Z1.cif,
M2U578,M2U578,existing,,,,/home/runnel/igem-pocket/data/terpene_cage_screen/structures/M2U578.cif,
M2UJ60,M2UJ60,existing,,,,/home/runnel/igem-pocket/data/terpene_cage_screen/structures/M2UJ60.cif,
M2URK9,M2URK9,existing,,,,/home/runnel/igem-pocket/data/terpene_cage_screen/structures/M2URK9.cif,
M2V0Z8,M2V0Z8,existing,,,,/home/runnel/igem-pocket/data/terpene_cage_screen/structures/M2V0Z8.cif,
M2V8C1,M2V8C1,existing,,,,/home/runnel/igem-pocket/data/terpene_cage_screen/structures/M2V8C1.cif,
M2V933,M2V933,existing,,,,/home/runnel/igem-pocket/data/terpene_cage_screen/structures/M2V933.cif,
M4HXU6,M4HXU6,existing,,,,/home/runnel/igem-pocket/data/terpene_cage_screen/structures/M4HXU6.cif,
M4HXW5,M4HXW5,existing,,,,/home/runnel/igem-pocket/data/terpene_cage_screen/structures/M4HXW5.cif,
M4HY05,M4HY05,existing,,,,/home/runnel/igem-pocket/data/terpene_cage_screen/structures/M4HY05.cif,
M4HY08,M4HY08,existing,,,,/home/runnel/igem-pocket/data/terpene_cage_screen/structures/M4HY08.cif,
M4HYC6,M4HYC6,existing,,,,/home/runnel/igem-pocket/data/terpene_cage_screen/structures/M4HYC6.cif,
M4HYC8,M4HYC8,existing,,,,/home/runnel/igem-pocket/data/terpene_cage_screen/structures/M4HYC8.cif,
M4HYP3,M4HYP3,existing,,,,/home/runnel/igem-pocket/data/terpene_cage_screen/structures/M4HYP3.cif,
M4I1C6,M4I1C6,existing,,,,/home/runnel/igem-pocket/data/terpene_cage_screen/structures/M4I1C6.cif,
M4VQY9,M4VQY9,existing,,,,/home/runnel/igem-pocket/data/terpene_cage_screen/structures/M4VQY9.cif,
M5AW86,M5AW86,existing,,,,/home/runnel/igem-pocket/data/terpene_cage_screen/structures/M5AW86.cif,
N4V6D4,N4V6D4,existing,,,,/home/runnel/igem-pocket/data/terpene_cage_screen/structures/N4V6D4.cif,
O04408,O04408,existing,,,,/home/runnel/igem-pocket/data/terpene_cage_screen/structures/O04408.cif,
O13284,O13284,existing,,,,/home/runnel/igem-pocket/data/terpene_cage_screen/structures/O13284.cif,
O13489,O13489,existing,,,,/home/runnel/igem-pocket/data/terpene_cage_screen/structures/O13489.cif,
O22184,O22184,existing,,,,/home/runnel/igem-pocket/data/terpene_cage_screen/structures/O22184.cif,
O22340,O22340,existing,,,,/home/runnel/igem-pocket/data/terpene_cage_screen/structures/O22340.cif,
O23390,O23390,existing,,,,/home/runnel/igem-pocket/data/terpene_cage_screen/structures/O23390.cif,
O23651,O23651,existing,,,,/home/runnel/igem-pocket/data/terpene_cage_screen/structures/O23651.cif,
O23945,O23945,existing,,,,/home/runnel/igem-pocket/data/terpene_cage_screen/structures/O23945.cif,
O24474,O24474,existing,,,,/home/runnel/igem-pocket/data/terpene_cage_screen/structures/O24474.cif,
O24475,O24475,existing,,,,/home/runnel/igem-pocket/data/terpene_cage_screen/structures/O24475.cif,
O34707,O34707,existing,,,,/home/runnel/igem-pocket/data/terpene_cage_screen/structures/O34707.cif,
O48651,O48651,existing,,,,/home/runnel/igem-pocket/data/terpene_cage_screen/structures/O48651.cif,
O48666,O48666,existing,,,,/home/runnel/igem-pocket/data/terpene_cage_screen/structures/O48666.cif,
O48935,O48935,existing,,,,/home/runnel/igem-pocket/data/terpene_cage_screen/structures/O48935.cif,
O49853,O49853,existing,,,,/home/runnel/igem-pocket/data/terpene_cage_screen/structures/O49853.cif,
O50406,O50406,existing,,,,/home/runnel/igem-pocket/data/terpene_cage_screen/structures/O50406.cif,
O59947,O59947,existing,,,,/home/runnel/igem-pocket/data/terpene_cage_screen/structures/O59947.cif,
O64404,O64404,existing,,,,/home/runnel/igem-pocket/data/terpene_cage_screen/structures/O64404.cif,
O64405,O64405,existing,,,,/home/runnel/igem-pocket/data/terpene_cage_screen/structures/O64405.cif,
O64961,O64961,existing,,,,/home/runnel/igem-pocket/data/terpene_cage_screen/structures/O64961.cif,
O65323,O65323,existing,,,,/home/runnel/igem-pocket/data/terpene_cage_screen/structures/O65323.cif,
O65434,O65434,existing,,,,/home/runnel/igem-pocket/data/terpene_cage_screen/structures/O65434.cif,
O65435,O65435,existing,,,,/home/runnel/igem-pocket/data/terpene_cage_screen/structures/O65435.cif,
O74165,O74165,existing,,,,/home/runnel/igem-pocket/data/terpene_cage_screen/structures/O74165.cif,
O81086,O81086,existing,,,,/home/runnel/igem-pocket/data/terpene_cage_screen/structures/O81086.cif,
O81191,O81191,existing,,,,/home/runnel/igem-pocket/data/terpene_cage_screen/structures/O81191.cif,
O81192,O81192,existing,,,,/home/runnel/igem-pocket/data/terpene_cage_screen/structures/O81192.cif,
O81193,O81193,existing,,,,/home/runnel/igem-pocket/data/terpene_cage_screen/structures/O81193.cif,
O82139,O82139,existing,,,,/home/runnel/igem-pocket/data/terpene_cage_screen/structures/O82139.cif,
O82140,O82140,existing,,,,/home/runnel/igem-pocket/data/terpene_cage_screen/structures/O82140.cif,
O82146,O82146,existing,,,,/home/runnel/igem-pocket/data/terpene_cage_screen/structures/O82146.cif,
P00183,P00183,existing,,,,/home/runnel/igem-pocket/data/terpene_cage_screen/structures/P00183.cif,
P0C565,P0C565,existing,,,,/home/runnel/igem-pocket/data/terpene_cage_screen/structures/P0C565.cif,
P0C8Y0,P0C8Y0,existing,,,,/home/runnel/igem-pocket/data/terpene_cage_screen/structures/P0C8Y0.cif,
P0CJ42,P0CJ42,existing,,,,/home/runnel/igem-pocket/data/terpene_cage_screen/structures/P0CJ42.cif,
P0CJ43,P0CJ43,existing,,,,/home/runnel/igem-pocket/data/terpene_cage_screen/structures/P0CJ43.cif,
P0CU77,P0CU77,existing,,,,/home/runnel/igem-pocket/data/terpene_cage_screen/structures/P0CU77.cif,
P0CV94,P0CV94,existing,,,,/home/runnel/igem-pocket/data/terpene_cage_screen/structures/P0CV94.cif,
P0CV95,P0CV95,existing,,,,/home/runnel/igem-pocket/data/terpene_cage_screen/structures/P0CV95.cif,
P0CV96,P0CV96,existing,,,,/home/runnel/igem-pocket/data/terpene_cage_screen/structures/P0CV96.cif,
P0CV97,P0CV97,existing,,,,/home/runnel/igem-pocket/data/terpene_cage_screen/structures/P0CV97.cif,
P0DI76,P0DI76,existing,,,,/home/runnel/igem-pocket/data/terpene_cage_screen/structures/P0DI76.cif,
P0DI77,P0DI77,existing,,,,/home/runnel/igem-pocket/data/terpene_cage_screen/structures/P0DI77.cif,
P0DL13,P0DL13,existing,,,,/home/runnel/igem-pocket/data/terpene_cage_screen/structures/P0DL13.cif,
P0DO35,P0DO35,existing,,,,/home/runnel/igem-pocket/data/terpene_cage_screen/structures/P0DO35.cif,
P0DO36,P0DO36,existing,,,,/home/runnel/igem-pocket/data/terpene_cage_screen/structures/P0DO36.cif,
P0DO37,P0DO37,existing,,,,/home/runnel/igem-pocket/data/terpene_cage_screen/structures/P0DO37.cif,
P0DO38,P0DO38,existing,,,,/home/runnel/igem-pocket/data/terpene_cage_screen/structures/P0DO38.cif,
P0DO39,P0DO39,existing,,,,/home/runnel/igem-pocket/data/terpene_cage_screen/structures/P0DO39.cif,
P0DO40,P0DO40,existing,,,,/home/runnel/igem-pocket/data/terpene_cage_screen/structures/P0DO40.cif,
P0DO41,P0DO41,existing,,,,/home/runnel/igem-pocket/data/terpene_cage_screen/structures/P0DO41.cif,
P0DO42,P0DO42,existing,,,,/home/runnel/igem-pocket/data/terpene_cage_screen/structures/P0DO42.cif,
P0DO46,P0DO46,existing,,,,/home/runnel/igem-pocket/data/terpene_cage_screen/structures/P0DO46.cif,
P0DO47,P0DO47,existing,,,,/home/runnel/igem-pocket/data/terpene_cage_screen/structures/P0DO47.cif,
P0DO48,P0DO48,existing,,,,/home/runnel/igem-pocket/data/terpene_cage_screen/structures/P0DO48.cif,
P0DPK6,P0DPK6,existing,,,,/home/runnel/igem-pocket/data/terpene_cage_screen/structures/P0DPK6.cif,
P0DXI1,P0DXI1,existing,,,,/home/runnel/igem-pocket/data/terpene_cage_screen/structures/P0DXI1.cif,
P0DXI2,P0DXI2,existing,,,,/home/runnel/igem-pocket/data/terpene_cage_screen/structures/P0DXI2.cif,
P0DXW0,P0DXW0,existing,,,,/home/runnel/igem-pocket/data/terpene_cage_screen/structures/P0DXW0.cif,
P13513,P13513,existing,,,,/home/runnel/igem-pocket/data/terpene_cage_screen/structures/P13513.cif,
P27679,P27679,existing,,,,/home/runnel/igem-pocket/data/terpene_cage_screen/structures/P27679.cif,
P29704,P29704,existing,,,,/home/runnel/igem-pocket/data/terpene_cage_screen/structures/P29704.cif,
P32476,P32476,existing,,,,/home/runnel/igem-pocket/data/terpene_cage_screen/structures/P32476.cif,
P33247,P33247,existing,,,,/home/runnel/igem-pocket/data/terpene_cage_screen/structures/P33247.cif,
P33990,P33990,existing,,,,/home/runnel/igem-pocket/data/terpene_cage_screen/structures/P33990.cif,
P36596,P36596,existing,,,,/home/runnel/igem-pocket/data/terpene_cage_screen/structures/P36596.cif,
P37268,P37268,existing,,,,/home/runnel/igem-pocket/data/terpene_cage_screen/structures/P37268.cif,
P38604,P38604,existing,,,,/home/runnel/igem-pocket/data/terpene_cage_screen/structures/P38604.cif,
P38605,P38605,existing,,,,/home/runnel/igem-pocket/data/terpene_cage_screen/structures/P38605.cif,
P40805,P40805,existing,,,,/home/runnel/igem-pocket/data/terpene_cage_screen/structures/P40805.cif,
P48449,P48449,existing,,,,/home/runnel/igem-pocket/data/terpene_cage_screen/structures/P48449.cif,
P48450,P48450,existing,,,,/home/runnel/igem-pocket/data/terpene_cage_screen/structures/P48450.cif,
P49350,P49350,existing,,,,/home/runnel/igem-pocket/data/terpene_cage_screen/structures/P49350.cif,
P53798,P53798,existing,,,,/home/runnel/igem-pocket/data/terpene_cage_screen/structures/P53798.cif,
P53799,P53799,existing,,,,/home/runnel/igem-pocket/data/terpene_cage_screen/structures/P53799.cif,
P53800,P53800,existing,,,,/home/runnel/igem-pocket/data/terpene_cage_screen/structures/P53800.cif,
P54924,P54924,existing,,,,/home/runnel/igem-pocket/data/terpene_cage_screen/structures/P54924.cif,
P55348,P55348,existing,,,,/home/runnel/igem-pocket/data/terpene_cage_screen/structures/P55348.cif,
P55537,P55537,existing,,,,/home/runnel/igem-pocket/data/terpene_cage_screen/structures/P55537.cif,
P55538,P55538,existing,,,,/home/runnel/igem-pocket/data/terpene_cage_screen/structures/P55538.cif,
P59287,P59287,existing,,,,/home/runnel/igem-pocket/data/terpene_cage_screen/structures/P59287.cif,
P59954,P59954,existing,,,,/home/runnel/igem-pocket/data/terpene_cage_screen/structures/P59954.cif,
P77735,P77735,existing,,,,/home/runnel/igem-pocket/data/terpene_cage_screen/structures/P77735.cif,
P78589,P78589,existing,,,,/home/runnel/igem-pocket/data/terpene_cage_screen/structures/P78589.cif,
P84466,P84466,existing,,,,/home/runnel/igem-pocket/data/terpene_cage_screen/structures/P84466.cif,
P85964,P85964,existing,,,,/home/runnel/igem-pocket/data/terpene_cage_screen/structures/P85964.cif,
P93665,P93665,existing,,,,/home/runnel/igem-pocket/data/terpene_cage_screen/structures/P93665.cif,
P9WEE6,P9WEE6,failed,v4:http_error=404|v3:http_error=404|v2:http_error=404,,,,v4:http_error=404; v3:http_error=404; v2:http_error=404
P9WEE7,P9WEE7,failed,v4:http_error=404|v3:http_error=404|v2:http_error=404,,,,v4:http_error=404; v3:http_error=404; v2:http_error=404
P9WEF0,P9WEF0,failed,v4:http_error=404|v3:http_error=404|v2:http_error=404,,,,v4:http_error=404; v3:http_error=404; v2:http_error=404
P9WEG1,P9WEG1,existing,,,,/home/runnel/igem-pocket/data/terpene_cage_screen/structures/P9WEG1.cif,
P9WEG7,P9WEG7,existing,,,,/home/runnel/igem-pocket/data/terpene_cage_screen/structures/P9WEG7.cif,
P9WEG8,P9WEG8,existing,,,,/home/runnel/igem-pocket/data/terpene_cage_screen/structures/P9WEG8.cif,
P9WEP0,P9WEP0,existing,,,,/home/runnel/igem-pocket/data/terpene_cage_screen/structures/P9WEP0.cif,
P9WEP1,P9WEP1,existing,,,,/home/runnel/igem-pocket/data/terpene_cage_screen/structures/P9WEP1.cif,
P9WEP2,P9WEP2,existing,,,,/home/runnel/igem-pocket/data/terpene_cage_screen/structures/P9WEP2.cif,
P9WEP3,P9WEP3,existing,,,,/home/runnel/igem-pocket/data/terpene_cage_screen/structures/P9WEP3.cif,
P9WEP4,P9WEP4,existing,,,,/home/runnel/igem-pocket/data/terpene_cage_screen/structures/P9WEP4.cif,
P9WEQ0,P9WEQ0,existing,,,,/home/runnel/igem-pocket/data/terpene_cage_screen/structures/P9WEQ0.cif,
P9WEQ1,P9WEQ1,existing,,,,/home/runnel/igem-pocket/data/terpene_cage_screen/structures/P9WEQ1.cif,
P9WEQ2,P9WEQ2,existing,,,,/home/runnel/igem-pocket/data/terpene_cage_screen/structures/P9WEQ2.cif,
P9WEQ3,P9WEQ3,existing,,,,/home/runnel/igem-pocket/data/terpene_cage_screen/structures/P9WEQ3.cif,
P9WEQ4,P9WEQ4,existing,,,,/home/runnel/igem-pocket/data/terpene_cage_screen/structures/P9WEQ4.cif,
P9WEQ5,P9WEQ5,existing,,,,/home/runnel/igem-pocket/data/terpene_cage_screen/structures/P9WEQ5.cif,
P9WEQ6,P9WEQ6,existing,,,,/home/runnel/igem-pocket/data/terpene_cage_screen/structures/P9WEQ6.cif,
P9WEQ7,P9WEQ7,existing,,,,/home/runnel/igem-pocket/data/terpene_cage_screen/structures/P9WEQ7.cif,
P9WEQ8,P9WEQ8,existing,,,,/home/runnel/igem-pocket/data/terpene_cage_screen/structures/P9WEQ8.cif,
P9WEQ9,P9WEQ9,existing,,,,/home/runnel/igem-pocket/data/terpene_cage_screen/structures/P9WEQ9.cif,
P9WER0,P9WER0,existing,,,,/home/runnel/igem-pocket/data/terpene_cage_screen/structures/P9WER0.cif,
P9WER1,P9WER1,existing,,,,/home/runnel/igem-pocket/data/terpene_cage_screen/structures/P9WER1.cif,
P9WER5,P9WER5,existing,,,,/home/runnel/igem-pocket/data/terpene_cage_screen/structures/P9WER5.cif,
P9WER6,P9WER6,existing,,,,/home/runnel/igem-pocket/data/terpene_cage_screen/structures/P9WER6.cif,
P9WEV2,P9WEV2,existing,,,,/home/runnel/igem-pocket/data/terpene_cage_screen/structures/P9WEV2.cif,
P9WEV3,P9WEV3,existing,,,,/home/runnel/igem-pocket/data/terpene_cage_screen/structures/P9WEV3.cif,
P9WEV6,P9WEV6,existing,,,,/home/runnel/igem-pocket/data/terpene_cage_screen/structures/P9WEV6.cif,
P9WEV7,P9WEV7,existing,,,,/home/runnel/igem-pocket/data/terpene_cage_screen/structures/P9WEV7.cif,
P9WEW0,P9WEW0,existing,,,,/home/runnel/igem-pocket/data/terpene_cage_screen/structures/P9WEW0.cif,
P9WEW1,P9WEW1,existing,,,,/home/runnel/igem-pocket/data/terpene_cage_screen/structures/P9WEW1.cif,
P9WEW2,P9WEW2,existing,,,,/home/runnel/igem-pocket/data/terpene_cage_screen/structures/P9WEW2.cif,
P9WEW7,P9WEW7,existing,,,,/home/runnel/igem-pocket/data/terpene_cage_screen/structures/P9WEW7.cif,
P9WEW8,P9WEW8,existing,,,,/home/runnel/igem-pocket/data/terpene_cage_screen/structures/P9WEW8.cif,
P9WEW9,P9WEW9,existing,,,,/home/runnel/igem-pocket/data/terpene_cage_screen/structures/P9WEW9.cif,
P9WEX0,P9WEX0,existing,,,,/home/runnel/igem-pocket/data/terpene_cage_screen/structures/P9WEX0.cif,
P9WEX1,P9WEX1,existing,,,,/home/runnel/igem-pocket/data/terpene_cage_screen/structures/P9WEX1.cif,
P9WEX2,P9WEX2,existing,,,,/home/runnel/igem-pocket/data/terpene_cage_screen/structures/P9WEX2.cif,
P9WEX3,P9WEX3,existing,,,,/home/runnel/igem-pocket/data/terpene_cage_screen/structures/P9WEX3.cif,
P9WEX4,P9WEX4,existing,,,,/home/runnel/igem-pocket/data/terpene_cage_screen/structures/P9WEX4.cif,
P9WEX5,P9WEX5,existing,,,,/home/runnel/igem-pocket/data/terpene_cage_screen/structures/P9WEX5.cif,
P9WEX6,P9WEX6,existing,,,,/home/runnel/igem-pocket/data/terpene_cage_screen/structures/P9WEX6.cif,
P9WEX7,P9WEX7,existing,,,,/home/runnel/igem-pocket/data/terpene_cage_screen/structures/P9WEX7.cif,
P9WEX8,P9WEX8,existing,,,,/home/runnel/igem-pocket/data/terpene_cage_screen/structures/P9WEX8.cif,
P9WEX9,P9WEX9,existing,,,,/home/runnel/igem-pocket/data/terpene_cage_screen/structures/P9WEX9.cif,
P9WEY0,P9WEY0,existing,,,,/home/runnel/igem-pocket/data/terpene_cage_screen/structures/P9WEY0.cif,
P9WEY1,P9WEY1,existing,,,,/home/runnel/igem-pocket/data/terpene_cage_screen/structures/P9WEY1.cif,
P9WEY2,P9WEY2,existing,,,,/home/runnel/igem-pocket/data/terpene_cage_screen/structures/P9WEY2.cif,
P9WEY4,P9WEY4,existing,,,,/home/runnel/igem-pocket/data/terpene_cage_screen/structures/P9WEY4.cif,
P9WEY5,P9WEY5,existing,,,,/home/runnel/igem-pocket/data/terpene_cage_screen/structures/P9WEY5.cif,
P9WEY6,P9WEY6,existing,,,,/home/runnel/igem-pocket/data/terpene_cage_screen/structures/P9WEY6.cif,
P9WEY7,P9WEY7,existing,,,,/home/runnel/igem-pocket/data/terpene_cage_screen/structures/P9WEY7.cif,
P9WPN2,P9WPN2,existing,,,,/home/runnel/igem-pocket/data/terpene_cage_screen/structures/P9WPN2.cif,
P9WPN3,P9WPN3,existing,,,,/home/runnel/igem-pocket/data/terpene_cage_screen/structures/P9WPN3.cif,
Q00835,Q00835,existing,,,,/home/runnel/igem-pocket/data/terpene_cage_screen/structures/Q00835.cif,
Q00909,Q00909,existing,,,,/home/runnel/igem-pocket/data/terpene_cage_screen/structures/Q00909.cif,
Q00G37,Q00G37,existing,,,,/home/runnel/igem-pocket/data/terpene_cage_screen/structures/Q00G37.cif,
Q02769,Q02769,existing,,,,/home/runnel/igem-pocket/data/terpene_cage_screen/structures/Q02769.cif,
Q03471,Q03471,existing,,,,/home/runnel/igem-pocket/data/terpene_cage_screen/structures/Q03471.cif,
Q04782,Q04782,existing,,,,/home/runnel/igem-pocket/data/terpene_cage_screen/structures/Q04782.cif,
Q08IT1,Q08IT1,existing,,,,/home/runnel/igem-pocket/data/terpene_cage_screen/structures/Q08IT1.cif,
Q0C898,Q0C898,existing,,,,/home/runnel/igem-pocket/data/terpene_cage_screen/structures/Q0C898.cif,
Q0C899,Q0C899,existing,,,,/home/runnel/igem-pocket/data/terpene_cage_screen/structures/Q0C899.cif,
Q0C8A0,Q0C8A0,existing,,,,/home/runnel/igem-pocket/data/terpene_cage_screen/structures/Q0C8A0.cif,
Q0C8A1,Q0C8A1,existing,,,,/home/runnel/igem-pocket/data/terpene_cage_screen/structures/Q0C8A1.cif,
Q0C8A2,Q0C8A2,existing,,,,/home/runnel/igem-pocket/data/terpene_cage_screen/structures/Q0C8A2.cif,
Q0C8A3,Q0C8A3,existing,,,,/home/runnel/igem-pocket/data/terpene_cage_screen/structures/Q0C8A3.cif,
Q0C8A4,Q0C8A4,existing,,,,/home/runnel/igem-pocket/data/terpene_cage_screen/structures/Q0C8A4.cif,
Q0C8A5,Q0C8A5,existing,,,,/home/runnel/igem-pocket/data/terpene_cage_screen/structures/Q0C8A5.cif,
Q0C8A6,Q0C8A6,existing,,,,/home/runnel/igem-pocket/data/terpene_cage_screen/structures/Q0C8A6.cif,
Q0C8A7,Q0C8A7,existing,,,,/home/runnel/igem-pocket/data/terpene_cage_screen/structures/Q0C8A7.cif,
Q0C9L5,Q0C9L5,existing,,,,/home/runnel/igem-pocket/data/terpene_cage_screen/structures/Q0C9L5.cif,
Q0CPG8,Q0CPG8,existing,,,,/home/runnel/igem-pocket/data/terpene_cage_screen/structures/Q0CPG8.cif,
Q0CRW6,Q0CRW6,existing,,,,/home/runnel/igem-pocket/data/terpene_cage_screen/structures/Q0CRW6.cif,
Q0CRW7,Q0CRW7,existing,,,,/home/runnel/igem-pocket/data/terpene_cage_screen/structures/Q0CRW7.cif,
Q0E088,Q0E088,existing,,,,/home/runnel/igem-pocket/data/terpene_cage_screen/structures/Q0E088.cif,
Q0JA81,Q0JA81,existing,,,,/home/runnel/igem-pocket/data/terpene_cage_screen/structures/Q0JA81.cif,
Q0JA82,Q0JA82,existing,,,,/home/runnel/igem-pocket/data/terpene_cage_screen/structures/Q0JA82.cif,
Q0JA83,Q0JA83,existing,,,,/home/runnel/igem-pocket/data/terpene_cage_screen/structures/Q0JA83.cif,
Q0JEZ8,Q0JEZ8,existing,,,,/home/runnel/igem-pocket/data/terpene_cage_screen/structures/Q0JEZ8.cif,
Q0JF02,Q0JF02,existing,,,,/home/runnel/igem-pocket/data/terpene_cage_screen/structures/Q0JF02.cif,
Q0VHD6,Q0VHD6,existing,,,,/home/runnel/igem-pocket/data/terpene_cage_screen/structures/Q0VHD6.cif,
Q10231,Q10231,existing,,,,/home/runnel/igem-pocket/data/terpene_cage_screen/structures/Q10231.cif,
Q15FB1,Q15FB1,existing,,,,/home/runnel/igem-pocket/data/terpene_cage_screen/structures/Q15FB1.cif,
Q15FB2,Q15FB2,existing,,,,/home/runnel/igem-pocket/data/terpene_cage_screen/structures/Q15FB2.cif,
Q15FB3,Q15FB3,existing,,,,/home/runnel/igem-pocket/data/terpene_cage_screen/structures/Q15FB3.cif,
Q15FB4,Q15FB4,existing,,,,/home/runnel/igem-pocket/data/terpene_cage_screen/structures/Q15FB4.cif,
Q15FB5,Q15FB5,existing,,,,/home/runnel/igem-pocket/data/terpene_cage_screen/structures/Q15FB5.cif,
Q15FB6,Q15FB6,existing,,,,/home/runnel/igem-pocket/data/terpene_cage_screen/structures/Q15FB6.cif,
Q15FB7,Q15FB7,existing,,,,/home/runnel/igem-pocket/data/terpene_cage_screen/structures/Q15FB7.cif,
Q1AHB2,Q1AHB2,existing,,,,/home/runnel/igem-pocket/data/terpene_cage_screen/structures/Q1AHB2.cif,
Q1EG72,Q1EG72,existing,,,,/home/runnel/igem-pocket/data/terpene_cage_screen/structures/Q1EG72.cif,
Q1G1A4,Q1G1A4,existing,,,,/home/runnel/igem-pocket/data/terpene_cage_screen/structures/Q1G1A4.cif,
Q1XBU5,Q1XBU5,existing,,,,/home/runnel/igem-pocket/data/terpene_cage_screen/structures/Q1XBU5.cif,
Q1ZXA1,Q1ZXA1,existing,,,,/home/runnel/igem-pocket/data/terpene_cage_screen/structures/Q1ZXA1.cif,
Q20HU6,Q20HU6,existing,,,,/home/runnel/igem-pocket/data/terpene_cage_screen/structures/Q20HU6.cif,
Q20HU7,Q20HU7,existing,,,,/home/runnel/igem-pocket/data/terpene_cage_screen/structures/Q20HU7.cif,
Q24FB1,Q24FB1,existing,,,,/home/runnel/igem-pocket/data/terpene_cage_screen/structures/Q24FB1.cif,
Q29VN1,Q29VN1,existing,,,,/home/runnel/igem-pocket/data/terpene_cage_screen/structures/Q29VN1.cif,
Q29VN2,Q29VN2,existing,,,,/home/runnel/igem-pocket/data/terpene_cage_screen/structures/Q29VN2.cif,
Q29VN3,Q29VN3,existing,,,,/home/runnel/igem-pocket/data/terpene_cage_screen/structures/Q29VN3.cif,
Q2NM15,Q2NM15,existing,,,,/home/runnel/igem-pocket/data/terpene_cage_screen/structures/Q2NM15.cif,
Q2QQJ5,Q2QQJ5,existing,,,,/home/runnel/igem-pocket/data/terpene_cage_screen/structures/Q2QQJ5.cif,
Q2R712,Q2R712,existing,,,,/home/runnel/igem-pocket/data/terpene_cage_screen/structures/Q2R712.cif,
Q2U0K2,Q2U0K2,existing,,,,/home/runnel/igem-pocket/data/terpene_cage_screen/structures/Q2U0K2.cif,
Q2XPU6,Q2XPU6,existing,,,,/home/runnel/igem-pocket/data/terpene_cage_screen/structures/Q2XPU6.cif,
Q2XPU7,Q2XPU7,existing,,,,/home/runnel/igem-pocket/data/terpene_cage_screen/structures/Q2XPU7.cif,
Q2XSC4,Q2XSC4,existing,,,,/home/runnel/igem-pocket/data/terpene_cage_screen/structures/Q2XSC4.cif,
Q2XSC5,Q2XSC5,existing,,,,/home/runnel/igem-pocket/data/terpene_cage_screen/structures/Q2XSC5.cif,
Q2XSC6,Q2XSC6,existing,,,,/home/runnel/igem-pocket/data/terpene_cage_screen/structures/Q2XSC6.cif,
Q308N0,Q308N0,existing,,,,/home/runnel/igem-pocket/data/terpene_cage_screen/structures/Q308N0.cif,
Q32KR6,Q32KR6,existing,,,,/home/runnel/igem-pocket/data/terpene_cage_screen/structures/Q32KR6.cif,
Q38710,Q38710,existing,,,,/home/runnel/igem-pocket/data/terpene_cage_screen/structures/Q38710.cif,
Q38802,Q38802,existing,,,,/home/runnel/igem-pocket/data/terpene_cage_screen/structures/Q38802.cif,
Q39548,Q39548,existing,,,,/home/runnel/igem-pocket/data/terpene_cage_screen/structures/Q39548.cif,
Q39760,Q39760,existing,,,,/home/runnel/igem-pocket/data/terpene_cage_screen/structures/Q39760.cif,
Q39761,Q39761,existing,,,,/home/runnel/igem-pocket/data/terpene_cage_screen/structures/Q39761.cif,
Q39978,Q39978,existing,,,,/home/runnel/igem-pocket/data/terpene_cage_screen/structures/Q39978.cif,
Q39979,Q39979,existing,,,,/home/runnel/igem-pocket/data/terpene_cage_screen/structures/Q39979.cif,
Q39980,Q39980,existing,,,,/home/runnel/igem-pocket/data/terpene_cage_screen/structures/Q39980.cif,
Q40577,Q40577,existing,,,,/home/runnel/igem-pocket/data/terpene_cage_screen/structures/Q40577.cif,
Q41594,Q41594,existing,,,,/home/runnel/igem-pocket/data/terpene_cage_screen/structures/Q41594.cif,
Q41771,Q41771,existing,,,,/home/runnel/igem-pocket/data/terpene_cage_screen/structures/Q41771.cif,
Q43714,Q43714,existing,,,,/home/runnel/igem-pocket/data/terpene_cage_screen/structures/Q43714.cif,
Q45221,Q45221,existing,,,,/home/runnel/igem-pocket/data/terpene_cage_screen/structures/Q45221.cif,
Q45222,Q45222,existing,,,,/home/runnel/igem-pocket/data/terpene_cage_screen/structures/Q45222.cif,
Q49SP3,Q49SP3,existing,,,,/home/runnel/igem-pocket/data/terpene_cage_screen/structures/Q49SP3.cif,
Q49SP4,Q49SP4,existing,,,,/home/runnel/igem-pocket/data/terpene_cage_screen/structures/Q49SP4.cif,
Q49SP5,Q49SP5,existing,,,,/home/runnel/igem-pocket/data/terpene_cage_screen/structures/Q49SP5.cif,
Q49SP6,Q49SP6,existing,,,,/home/runnel/igem-pocket/data/terpene_cage_screen/structures/Q49SP6.cif,
Q49SP7,Q49SP7,existing,,,,/home/runnel/igem-pocket/data/terpene_cage_screen/structures/Q49SP7.cif,
Q4JHG3,Q4JHG3,existing,,,,/home/runnel/igem-pocket/data/terpene_cage_screen/structures/Q4JHG3.cif,
Q4KSH9,Q4KSH9,existing,,,,/home/runnel/igem-pocket/data/terpene_cage_screen/structures/Q4KSH9.cif,
Q4QSN4,Q4QSN4,existing,,,,/home/runnel/igem-pocket/data/terpene_cage_screen/structures/Q4QSN4.cif,
Q4U3F6,Q4U3F6,existing,,,,/home/runnel/igem-pocket/data/terpene_cage_screen/structures/Q4U3F6.cif,
Q4U3F7,Q4U3F7,existing,,,,/home/runnel/igem-pocket/data/terpene_cage_screen/structures/Q4U3F7.cif,
Q4WAY3,Q4WAY3,existing,,,,/home/runnel/igem-pocket/data/terpene_cage_screen/structures/Q4WAY3.cif,
Q4WAY4,Q4WAY4,existing,,,,/home/runnel/igem-pocket/data/terpene_cage_screen/structures/Q4WAY4.cif,
Q4WAZ2,Q4WAZ2,existing,,,,/home/runnel/igem-pocket/data/terpene_cage_screen/structures/Q4WAZ2.cif,
Q4WAZ3,Q4WAZ3,existing,,,,/home/runnel/igem-pocket/data/terpene_cage_screen/structures/Q4WAZ3.cif,
Q4WAZ4,Q4WAZ4,existing,,,,/home/runnel/igem-pocket/data/terpene_cage_screen/structures/Q4WAZ4.cif,
Q4WAZ6,Q4WAZ6,existing,,,,/home/runnel/igem-pocket/data/terpene_cage_screen/structures/Q4WAZ6.cif,
Q4WBH9,Q4WBH9,existing,,,,/home/runnel/igem-pocket/data/terpene_cage_screen/structures/Q4WBH9.cif,
Q4WBI0,Q4WBI0,existing,,,,/home/runnel/igem-pocket/data/terpene_cage_screen/structures/Q4WBI0.cif,
Q4WBI3,Q4WBI3,existing,,,,/home/runnel/igem-pocket/data/terpene_cage_screen/structures/Q4WBI3.cif,
Q4WBI4,Q4WBI4,existing,,,,/home/runnel/igem-pocket/data/terpene_cage_screen/structures/Q4WBI4.cif,
Q4WBI5,Q4WBI5,existing,,,,/home/runnel/igem-pocket/data/terpene_cage_screen/structures/Q4WBI5.cif,
Q4WES9,Q4WES9,existing,,,,/home/runnel/igem-pocket/data/terpene_cage_screen/structures/Q4WES9.cif,
Q4WLC8,Q4WLC8,existing,,,,/home/runnel/igem-pocket/data/terpene_cage_screen/structures/Q4WLC8.cif,
Q4WLC9,Q4WLC9,existing,,,,/home/runnel/igem-pocket/data/terpene_cage_screen/structures/Q4WLC9.cif,
Q4WLD0,Q4WLD0,existing,,,,/home/runnel/igem-pocket/data/terpene_cage_screen/structures/Q4WLD0.cif,
Q4WLD1,Q4WLD1,existing,,,,/home/runnel/igem-pocket/data/terpene_cage_screen/structures/Q4WLD1.cif,
Q4WLD2,Q4WLD2,existing,,,,/home/runnel/igem-pocket/data/terpene_cage_screen/structures/Q4WLD2.cif,
Q4WLD4,Q4WLD4,existing,,,,/home/runnel/igem-pocket/data/terpene_cage_screen/structures/Q4WLD4.cif,
Q4WLD5,Q4WLD5,existing,,,,/home/runnel/igem-pocket/data/terpene_cage_screen/structures/Q4WLD5.cif,
Q4WQ95,Q4WQ95,existing,,,,/home/runnel/igem-pocket/data/terpene_cage_screen/structures/Q4WQ95.cif,
Q4WR16,Q4WR16,existing,,,,/home/runnel/igem-pocket/data/terpene_cage_screen/structures/Q4WR16.cif,
Q50EK2,Q50EK2,existing,,,,/home/runnel/igem-pocket/data/terpene_cage_screen/structures/Q50EK2.cif,
Q50L36,Q50L36,existing,,,,/home/runnel/igem-pocket/data/terpene_cage_screen/structures/Q50L36.cif,
Q54BE5,Q54BE5,existing,,,,/home/runnel/igem-pocket/data/terpene_cage_screen/structures/Q54BE5.cif,
Q54DR1,Q54DR1,existing,,,,/home/runnel/igem-pocket/data/terpene_cage_screen/structures/Q54DR1.cif,
Q54P86,Q54P86,existing,,,,/home/runnel/igem-pocket/data/terpene_cage_screen/structures/Q54P86.cif,
Q54TW4,Q54TW4,existing,,,,/home/runnel/igem-pocket/data/terpene_cage_screen/structures/Q54TW4.cif,
Q54YE1,Q54YE1,existing,,,,/home/runnel/igem-pocket/data/terpene_cage_screen/structures/Q54YE1.cif,
Q54YE2,Q54YE2,existing,,,,/home/runnel/igem-pocket/data/terpene_cage_screen/structures/Q54YE2.cif,
Q55012,Q55012,existing,,,,/home/runnel/igem-pocket/data/terpene_cage_screen/structures/Q55012.cif,
Q55D85,Q55D85,existing,,,,/home/runnel/igem-pocket/data/terpene_cage_screen/structures/Q55D85.cif,
Q55E23,Q55E23,existing,,,,/home/runnel/igem-pocket/data/terpene_cage_screen/structures/Q55E23.cif,
Q56RZ1,Q56RZ1,existing,,,,/home/runnel/igem-pocket/data/terpene_cage_screen/structures/Q56RZ1.cif,
Q56RZ2,Q56RZ2,existing,,,,/home/runnel/igem-pocket/data/terpene_cage_screen/structures/Q56RZ2.cif,
Q56RZ3,Q56RZ3,existing,,,,/home/runnel/igem-pocket/data/terpene_cage_screen/structures/Q56RZ3.cif,
Q56RZ5,Q56RZ5,existing,,,,/home/runnel/igem-pocket/data/terpene_cage_screen/structures/Q56RZ5.cif,
Q56RZ6,Q56RZ6,existing,,,,/home/runnel/igem-pocket/data/terpene_cage_screen/structures/Q56RZ6.cif,
Q56RZ7,Q56RZ7,existing,,,,/home/runnel/igem-pocket/data/terpene_cage_screen/structures/Q56RZ7.cif,
Q5AR21,Q5AR21,existing,,,,/home/runnel/igem-pocket/data/terpene_cage_screen/structures/Q5AR21.cif,
Q5AR23,Q5AR23,existing,,,,/home/runnel/igem-pocket/data/terpene_cage_screen/structures/Q5AR23.cif,
Q5AR27,Q5AR27,existing,,,,/home/runnel/igem-pocket/data/terpene_cage_screen/structures/Q5AR27.cif,
Q5AR28,Q5AR28,existing,,,,/home/runnel/igem-pocket/data/terpene_cage_screen/structures/Q5AR28.cif,
Q5AR29,Q5AR29,existing,,,,/home/runnel/igem-pocket/data/terpene_cage_screen/structures/Q5AR29.cif,
Q5AR31,Q5AR31,existing,,,,/home/runnel/igem-pocket/data/terpene_cage_screen/structures/Q5AR31.cif,
Q5AR32,Q5AR32,existing,,,,/home/runnel/igem-pocket/data/terpene_cage_screen/structures/Q5AR32.cif,
Q5AR33,Q5AR33,existing,,,,/home/runnel/igem-pocket/data/terpene_cage_screen/structures/Q5AR33.cif,
Q5AR34,Q5AR34,existing,,,,/home/runnel/igem-pocket/data/terpene_cage_screen/structures/Q5AR34.cif,
Q5ATJ7,Q5ATJ7,existing,,,,/home/runnel/igem-pocket/data/terpene_cage_screen/structures/Q5ATJ7.cif,
Q5ATK1,Q5ATK1,existing,,,,/home/runnel/igem-pocket/data/terpene_cage_screen/structures/Q5ATK1.cif,
Q5GJ59,Q5GJ59,existing,,,,/home/runnel/igem-pocket/data/terpene_cage_screen/structures/Q5GJ59.cif,
Q5GJ60,Q5GJ60,existing,,,,/home/runnel/igem-pocket/data/terpene_cage_screen/structures/Q5GJ60.cif,
Q5KSN4,Q5KSN4,existing,,,,/home/runnel/igem-pocket/data/terpene_cage_screen/structures/Q5KSN4.cif,
Q5KSN5,Q5KSN5,existing,,,,/home/runnel/igem-pocket/data/terpene_cage_screen/structures/Q5KSN5.cif,
Q5MQ85,Q5MQ85,existing,,,,/home/runnel/igem-pocket/data/terpene_cage_screen/structures/Q5MQ85.cif,
Q5R6U3,Q5R6U3,existing,,,,/home/runnel/igem-pocket/data/terpene_cage_screen/structures/Q5R6U3.cif,
Q5SBP0,Q5SBP0,existing,,,,/home/runnel/igem-pocket/data/terpene_cage_screen/structures/Q5SBP0.cif,
Q5SBP1,Q5SBP1,existing,,,,/home/runnel/igem-pocket/data/terpene_cage_screen/structures/Q5SBP1.cif,
Q5SBP2,Q5SBP2,existing,,,,/home/runnel/igem-pocket/data/terpene_cage_screen/structures/Q5SBP2.cif,
Q5SBP3,Q5SBP3,existing,,,,/home/runnel/igem-pocket/data/terpene_cage_screen/structures/Q5SBP3.cif,
Q5SBP4,Q5SBP4,existing,,,,/home/runnel/igem-pocket/data/terpene_cage_screen/structures/Q5SBP4.cif,
Q5SBP5,Q5SBP5,existing,,,,/home/runnel/igem-pocket/data/terpene_cage_screen/structures/Q5SBP5.cif,
Q5SBP6,Q5SBP6,existing,,,,/home/runnel/igem-pocket/data/terpene_cage_screen/structures/Q5SBP6.cif,
Q5SBP7,Q5SBP7,existing,,,,/home/runnel/igem-pocket/data/terpene_cage_screen/structures/Q5SBP7.cif,
Q5UB07,Q5UB07,existing,,,,/home/runnel/igem-pocket/data/terpene_cage_screen/structures/Q5UB07.cif,
Q5UQ90,Q5UQ90,failed,v4:http_error=404|v3:http_error=404|v2:http_error=404,,,,v4:http_error=404; v3:http_error=404; v2:http_error=404
Q5W283,Q5W283,existing,,,,/home/runnel/igem-pocket/data/terpene_cage_screen/structures/Q5W283.cif,
Q66QH3,Q66QH3,existing,,,,/home/runnel/igem-pocket/data/terpene_cage_screen/structures/Q66QH3.cif,
Q672F7,Q672F7,existing,,,,/home/runnel/igem-pocket/data/terpene_cage_screen/structures/Q672F7.cif,
Q672V4,Q672V4,existing,,,,/home/runnel/igem-pocket/data/terpene_cage_screen/structures/Q672V4.cif,
Q672V5,Q672V5,existing,,,,/home/runnel/igem-pocket/data/terpene_cage_screen/structures/Q672V5.cif,
Q672V6,Q672V6,existing,,,,/home/runnel/igem-pocket/data/terpene_cage_screen/structures/Q672V6.cif,
Q675L0,Q675L0,existing,,,,/home/runnel/igem-pocket/data/terpene_cage_screen/structures/Q675L0.cif,
Q675L4,Q675L4,existing,,,,/home/runnel/igem-pocket/data/terpene_cage_screen/structures/Q675L4.cif,
Q675L5,Q675L5,existing,,,,/home/runnel/igem-pocket/data/terpene_cage_screen/structures/Q675L5.cif,
Q6A1B7,Q6A1B7,existing,,,,/home/runnel/igem-pocket/data/terpene_cage_screen/structures/Q6A1B7.cif,
Q6BDZ9,Q6BDZ9,existing,,,,/home/runnel/igem-pocket/data/terpene_cage_screen/structures/Q6BDZ9.cif,
Q6BE23,Q6BE23,existing,,,,/home/runnel/igem-pocket/data/terpene_cage_screen/structures/Q6BE23.cif,
Q6BE24,Q6BE24,existing,,,,/home/runnel/igem-pocket/data/terpene_cage_screen/structures/Q6BE24.cif,
Q6BE25,Q6BE25,existing,,,,/home/runnel/igem-pocket/data/terpene_cage_screen/structures/Q6BE25.cif,
Q6E7D7,Q6E7D7,existing,,,,/home/runnel/igem-pocket/data/terpene_cage_screen/structures/Q6E7D7.cif,
Q6EJ97,Q6EJ97,existing,,,,/home/runnel/igem-pocket/data/terpene_cage_screen/structures/Q6EJ97.cif,
Q6ET36,Q6ET36,existing,,,,/home/runnel/igem-pocket/data/terpene_cage_screen/structures/Q6ET36.cif,
Q6JD69,Q6JD69,existing,,,,/home/runnel/igem-pocket/data/terpene_cage_screen/structures/Q6JD69.cif,
Q6JD70,Q6JD70,existing,,,,/home/runnel/igem-pocket/data/terpene_cage_screen/structures/Q6JD70.cif,
Q6JD71,Q6JD71,existing,,,,/home/runnel/igem-pocket/data/terpene_cage_screen/structures/Q6JD71.cif,
Q6JD72,Q6JD72,existing,,,,/home/runnel/igem-pocket/data/terpene_cage_screen/structures/Q6JD72.cif,
Q6JD73,Q6JD73,existing,,,,/home/runnel/igem-pocket/data/terpene_cage_screen/structures/Q6JD73.cif,
Q6PWU2,Q6PWU2,existing,,,,/home/runnel/igem-pocket/data/terpene_cage_screen/structures/Q6PWU2.cif,
Q6Q3H2,Q6Q3H2,existing,,,,/home/runnel/igem-pocket/data/terpene_cage_screen/structures/Q6Q3H2.cif,
Q6Q3H3,Q6Q3H3,existing,,,,/home/runnel/igem-pocket/data/terpene_cage_screen/structures/Q6Q3H3.cif,
Q6USK1,Q6USK1,existing,,,,/home/runnel/igem-pocket/data/terpene_cage_screen/structures/Q6USK1.cif,
Q6WAU0,Q6WAU0,existing,,,,/home/runnel/igem-pocket/data/terpene_cage_screen/structures/Q6WAU0.cif,
Q6WAU1,Q6WAU1,existing,,,,/home/runnel/igem-pocket/data/terpene_cage_screen/structures/Q6WAU1.cif,
Q6WP50,Q6WP50,existing,,,,/home/runnel/igem-pocket/data/terpene_cage_screen/structures/Q6WP50.cif,
Q6XDB5,Q6XDB5,existing,,,,/home/runnel/igem-pocket/data/terpene_cage_screen/structures/Q6XDB5.cif,
Q6Z2X6,Q6Z2X6,existing,,,,/home/runnel/igem-pocket/data/terpene_cage_screen/structures/Q6Z2X6.cif,
Q6Z5I0,Q6Z5I0,existing,,,,/home/runnel/igem-pocket/data/terpene_cage_screen/structures/Q6Z5I0.cif,
Q6Z5J6,Q6Z5J6,existing,,,,/home/runnel/igem-pocket/data/terpene_cage_screen/structures/Q6Z5J6.cif,
Q6ZH94,Q6ZH94,existing,,,,/home/runnel/igem-pocket/data/terpene_cage_screen/structures/Q6ZH94.cif,
Q752X9,Q752X9,existing,,,,/home/runnel/igem-pocket/data/terpene_cage_screen/structures/Q752X9.cif,
Q75J90,Q75J90,existing,,,,/home/runnel/igem-pocket/data/terpene_cage_screen/structures/Q75J90.cif,
Q764T8,Q764T8,existing,,,,/home/runnel/igem-pocket/data/terpene_cage_screen/structures/Q764T8.cif,
Q796C3,Q796C3,existing,,,,/home/runnel/igem-pocket/data/terpene_cage_screen/structures/Q796C3.cif,
Q7KWU0,Q7KWU0,existing,,,,/home/runnel/igem-pocket/data/terpene_cage_screen/structures/Q7KWU0.cif,
Q7LJF8,Q7LJF8,existing,,,,/home/runnel/igem-pocket/data/terpene_cage_screen/structures/Q7LJF8.cif,
Q7LJR6,Q7LJR6,existing,,,,/home/runnel/igem-pocket/data/terpene_cage_screen/structures/Q7LJR6.cif,
Q7S4Z6,Q7S4Z6,existing,,,,/home/runnel/igem-pocket/data/terpene_cage_screen/structures/Q7S4Z6.cif,
Q7XAS7,Q7XAS7,existing,,,,/home/runnel/igem-pocket/data/terpene_cage_screen/structures/Q7XAS7.cif,
Q82IY3,Q82IY3,existing,,,,/home/runnel/igem-pocket/data/terpene_cage_screen/structures/Q82IY3.cif,
Q82IY4,Q82IY4,existing,,,,/home/runnel/igem-pocket/data/terpene_cage_screen/structures/Q82IY4.cif,
Q82RR7,Q82RR7,existing,,,,/home/runnel/igem-pocket/data/terpene_cage_screen/structures/Q82RR7.cif,
Q84KL3,Q84KL3,existing,,,,/home/runnel/igem-pocket/data/terpene_cage_screen/structures/Q84KL3.cif,
Q84KL4,Q84KL4,existing,,,,/home/runnel/igem-pocket/data/terpene_cage_screen/structures/Q84KL4.cif,
Q84KL5,Q84KL5,existing,,,,/home/runnel/igem-pocket/data/terpene_cage_screen/structures/Q84KL5.cif,
Q84KL6,Q84KL6,existing,,,,/home/runnel/igem-pocket/data/terpene_cage_screen/structures/Q84KL6.cif,
Q84LB2,Q84LB2,existing,,,,/home/runnel/igem-pocket/data/terpene_cage_screen/structures/Q84LB2.cif,
Q84LF0,Q84LF0,existing,,,,/home/runnel/igem-pocket/data/terpene_cage_screen/structures/Q84LF0.cif,
Q84LF1,Q84LF1,existing,,,,/home/runnel/igem-pocket/data/terpene_cage_screen/structures/Q84LF1.cif,
Q84LF2,Q84LF2,existing,,,,/home/runnel/igem-pocket/data/terpene_cage_screen/structures/Q84LF2.cif,
Q84LG0,Q84LG0,existing,,,,/home/runnel/igem-pocket/data/terpene_cage_screen/structures/Q84LG0.cif,
Q84NC8,Q84NC8,existing,,,,/home/runnel/igem-pocket/data/terpene_cage_screen/structures/Q84NC8.cif,
Q84NC9,Q84NC9,existing,,,,/home/runnel/igem-pocket/data/terpene_cage_screen/structures/Q84NC9.cif,
Q84ND0,Q84ND0,existing,,,,/home/runnel/igem-pocket/data/terpene_cage_screen/structures/Q84ND0.cif,
Q84SM8,Q84SM8,existing,,,,/home/runnel/igem-pocket/data/terpene_cage_screen/structures/Q84SM8.cif,
Q84UU4,Q84UU4,existing,,,,/home/runnel/igem-pocket/data/terpene_cage_screen/structures/Q84UU4.cif,
Q84UU9,Q84UU9,existing,,,,/home/runnel/igem-pocket/data/terpene_cage_screen/structures/Q84UU9.cif,
Q84UV0,Q84UV0,existing,,,,/home/runnel/igem-pocket/data/terpene_cage_screen/structures/Q84UV0.cif,
Q84ZW8,Q84ZW8,existing,,,,/home/runnel/igem-pocket/data/terpene_cage_screen/structures/Q84ZW8.cif,
Q86II4,Q86II4,existing,,,,/home/runnel/igem-pocket/data/terpene_cage_screen/structures/Q86II4.cif,
Q8BLN5,Q8BLN5,existing,,,,/home/runnel/igem-pocket/data/terpene_cage_screen/structures/Q8BLN5.cif,
Q8GUE4,Q8GUE4,existing,,,,/home/runnel/igem-pocket/data/terpene_cage_screen/structures/Q8GUE4.cif,
Q8H2B4,Q8H2B4,existing,,,,/home/runnel/igem-pocket/data/terpene_cage_screen/structures/Q8H2B4.cif,
Q8L5K3,Q8L5K3,existing,,,,/home/runnel/igem-pocket/data/terpene_cage_screen/structures/Q8L5K3.cif,
Q8L5K4,Q8L5K4,existing,,,,/home/runnel/igem-pocket/data/terpene_cage_screen/structures/Q8L5K4.cif,
Q8L7G4,Q8L7G4,existing,,,,/home/runnel/igem-pocket/data/terpene_cage_screen/structures/Q8L7G4.cif,
Q8LSC2,Q8LSC2,existing,,,,/home/runnel/igem-pocket/data/terpene_cage_screen/structures/Q8LSC2.cif,
Q8LSC3,Q8LSC3,existing,,,,/home/runnel/igem-pocket/data/terpene_cage_screen/structures/Q8LSC3.cif,
Q8NIC1,Q8NIC1,existing,,,,/home/runnel/igem-pocket/data/terpene_cage_screen/structures/Q8NIC1.cif,
Q8NIC8,Q8NIC8,existing,,,,/home/runnel/igem-pocket/data/terpene_cage_screen/structures/Q8NIC8.cif,
Q8NID7,Q8NID7,existing,,,,/home/runnel/igem-pocket/data/terpene_cage_screen/structures/Q8NID7.cif,
Q8NIG9,Q8NIG9,existing,,,,/home/runnel/igem-pocket/data/terpene_cage_screen/structures/Q8NIG9.cif,
Q8NIH0,Q8NIH0,existing,,,,/home/runnel/igem-pocket/data/terpene_cage_screen/structures/Q8NIH0.cif,
Q8NIH3,Q8NIH3,existing,,,,/home/runnel/igem-pocket/data/terpene_cage_screen/structures/Q8NIH3.cif,
Q8NIH6,Q8NIH6,existing,,,,/home/runnel/igem-pocket/data/terpene_cage_screen/structures/Q8NIH6.cif,
Q8NJA1,Q8NJA1,existing,,,,/home/runnel/igem-pocket/data/terpene_cage_screen/structures/Q8NJA1.cif,
Q8RWT0,Q8RWT0,existing,,,,/home/runnel/igem-pocket/data/terpene_cage_screen/structures/Q8RWT0.cif,
Q8SA63,Q8SA63,existing,,,,/home/runnel/igem-pocket/data/terpene_cage_screen/structures/Q8SA63.cif,
Q8W3Z1,Q8W3Z1,existing,,,,/home/runnel/igem-pocket/data/terpene_cage_screen/structures/Q8W3Z1.cif,
Q8W3Z2,Q8W3Z2,existing,,,,/home/runnel/igem-pocket/data/terpene_cage_screen/structures/Q8W3Z2.cif,
Q8W3Z3,Q8W3Z3,failed,v4:http_error=404|v3:http_error=404|v2:http_error=404,,,,v4:http_error=404; v3:http_error=404; v2:http_error=404
Q8W3Z4,Q8W3Z4,existing,,,,/home/runnel/igem-pocket/data/terpene_cage_screen/structures/Q8W3Z4.cif,
Q92206,Q92206,existing,,,,/home/runnel/igem-pocket/data/terpene_cage_screen/structures/Q92206.cif,
Q92459,Q92459,existing,,,,/home/runnel/igem-pocket/data/terpene_cage_screen/structures/Q92459.cif,
Q93X23,Q93X23,existing,,,,/home/runnel/igem-pocket/data/terpene_cage_screen/structures/Q93X23.cif,
Q93YA3,Q93YA3,existing,,,,/home/runnel/igem-pocket/data/terpene_cage_screen/structures/Q93YA3.cif,
Q93YV0,Q93YV0,existing,,,,/home/runnel/igem-pocket/data/terpene_cage_screen/structures/Q93YV0.cif,
Q947C4,Q947C4,existing,,,,/home/runnel/igem-pocket/data/terpene_cage_screen/structures/Q947C4.cif,
Q948R6,Q948R6,existing,,,,/home/runnel/igem-pocket/data/terpene_cage_screen/structures/Q948R6.cif,
Q948Z0,Q948Z0,existing,,,,/home/runnel/igem-pocket/data/terpene_cage_screen/structures/Q948Z0.cif,
Q94G53,Q94G53,existing,,,,/home/runnel/igem-pocket/data/terpene_cage_screen/structures/Q94G53.cif,
Q94JS8,Q94JS8,existing,,,,/home/runnel/igem-pocket/data/terpene_cage_screen/structures/Q94JS8.cif,
Q96376,Q96376,existing,,,,/home/runnel/igem-pocket/data/terpene_cage_screen/structures/Q96376.cif,
Q96WJ0,Q96WJ0,existing,,,,/home/runnel/igem-pocket/data/terpene_cage_screen/structures/Q96WJ0.cif,
Q96WT2,Q96WT2,existing,,,,/home/runnel/igem-pocket/data/terpene_cage_screen/structures/Q96WT2.cif,
Q9AJE3,Q9AJE3,existing,,,,/home/runnel/igem-pocket/data/terpene_cage_screen/structures/Q9AJE3.cif,
Q9AJE4,Q9AJE4,existing,,,,/home/runnel/igem-pocket/data/terpene_cage_screen/structures/Q9AJE4.cif,
Q9AR04,Q9AR04,existing,,,,/home/runnel/igem-pocket/data/terpene_cage_screen/structures/Q9AR04.cif,
Q9AR86,Q9AR86,existing,,,,/home/runnel/igem-pocket/data/terpene_cage_screen/structures/Q9AR86.cif,
Q9C1W3,Q9C1W3,existing,,,,/home/runnel/igem-pocket/data/terpene_cage_screen/structures/Q9C1W3.cif,
Q9C446,Q9C446,existing,,,,/home/runnel/igem-pocket/data/terpene_cage_screen/structures/Q9C446.cif,
Q9C447,Q9C447,existing,,,,/home/runnel/igem-pocket/data/terpene_cage_screen/structures/Q9C447.cif,
Q9C448,Q9C448,existing,,,,/home/runnel/igem-pocket/data/terpene_cage_screen/structures/Q9C448.cif,
Q9C449,Q9C449,existing,,,,/home/runnel/igem-pocket/data/terpene_cage_screen/structures/Q9C449.cif,
Q9C450,Q9C450,existing,,,,/home/runnel/igem-pocket/data/terpene_cage_screen/structures/Q9C450.cif,
Q9C451,Q9C451,existing,,,,/home/runnel/igem-pocket/data/terpene_cage_screen/structures/Q9C451.cif,
Q9C5M3,Q9C5M3,existing,,,,/home/runnel/igem-pocket/data/terpene_cage_screen/structures/Q9C5M3.cif,
Q9C6W6,Q9C6W6,existing,,,,/home/runnel/igem-pocket/data/terpene_cage_screen/structures/Q9C6W6.cif,
Q9C748,Q9C748,existing,,,,/home/runnel/igem-pocket/data/terpene_cage_screen/structures/Q9C748.cif,
Q9C8E3,Q9C8E3,existing,,,,/home/runnel/igem-pocket/data/terpene_cage_screen/structures/Q9C8E3.cif,
Q9F1V8,Q9F1V8,existing,,,,/home/runnel/igem-pocket/data/terpene_cage_screen/structures/Q9F1V8.cif,
Q9F1Y6,Q9F1Y6,existing,,,,/home/runnel/igem-pocket/data/terpene_cage_screen/structures/Q9F1Y6.cif,
Q9FI27,Q9FI27,existing,,,,/home/runnel/igem-pocket/data/terpene_cage_screen/structures/Q9FI27.cif,
Q9FI37,Q9FI37,existing,,,,/home/runnel/igem-pocket/data/terpene_cage_screen/structures/Q9FI37.cif,
Q9FJV8,Q9FJV8,existing,,,,/home/runnel/igem-pocket/data/terpene_cage_screen/structures/Q9FJV8.cif,
Q9FQ27,Q9FQ27,existing,,,,/home/runnel/igem-pocket/data/terpene_cage_screen/structures/Q9FQ27.cif,
Q9FR95,Q9FR95,existing,,,,/home/runnel/igem-pocket/data/terpene_cage_screen/structures/Q9FR95.cif,
Q9FT37,Q9FT37,existing,,,,/home/runnel/igem-pocket/data/terpene_cage_screen/structures/Q9FT37.cif,
Q9FXY7,Q9FXY7,existing,,,,/home/runnel/igem-pocket/data/terpene_cage_screen/structures/Q9FXY7.cif,
Q9FZI2,Q9FZI2,existing,,,,/home/runnel/igem-pocket/data/terpene_cage_screen/structures/Q9FZI2.cif,
Q9HGZ6,Q9HGZ6,existing,,,,/home/runnel/igem-pocket/data/terpene_cage_screen/structures/Q9HGZ6.cif,
Q9K498,Q9K498,existing,,,,/home/runnel/igem-pocket/data/terpene_cage_screen/structures/Q9K498.cif,
Q9K499,Q9K499,existing,,,,/home/runnel/igem-pocket/data/terpene_cage_screen/structures/Q9K499.cif,
Q9LH31,Q9LH31,existing,,,,/home/runnel/igem-pocket/data/terpene_cage_screen/structures/Q9LH31.cif,
Q9LIA1,Q9LIA1,existing,,,,/home/runnel/igem-pocket/data/terpene_cage_screen/structures/Q9LIA1.cif,
Q9LLR9,Q9LLR9,existing,,,,/home/runnel/igem-pocket/data/terpene_cage_screen/structures/Q9LLR9.cif,
Q9LQ27,Q9LQ27,existing,,,,/home/runnel/igem-pocket/data/terpene_cage_screen/structures/Q9LQ27.cif,
Q9LRH7,Q9LRH7,existing,,,,/home/runnel/igem-pocket/data/terpene_cage_screen/structures/Q9LRH7.cif,
Q9LRH8,Q9LRH8,existing,,,,/home/runnel/igem-pocket/data/terpene_cage_screen/structures/Q9LRH8.cif,
Q9LRR2,Q9LRR2,existing,,,,/home/runnel/igem-pocket/data/terpene_cage_screen/structures/Q9LRR2.cif,
Q9LRZ6,Q9LRZ6,existing,,,,/home/runnel/igem-pocket/data/terpene_cage_screen/structures/Q9LRZ6.cif,
Q9LS68,Q9LS68,existing,,,,/home/runnel/igem-pocket/data/terpene_cage_screen/structures/Q9LS68.cif,
Q9LS76,Q9LS76,existing,,,,/home/runnel/igem-pocket/data/terpene_cage_screen/structures/Q9LS76.cif,
Q9LSF8,Q9LSF8,existing,,,,/home/runnel/igem-pocket/data/terpene_cage_screen/structures/Q9LSF8.cif,
Q9LUE0,Q9LUE0,existing,,,,/home/runnel/igem-pocket/data/terpene_cage_screen/structures/Q9LUE0.cif,
Q9LUE2,Q9LUE2,existing,,,,/home/runnel/igem-pocket/data/terpene_cage_screen/structures/Q9LUE2.cif,
Q9LVP7,Q9LVP7,existing,,,,/home/runnel/igem-pocket/data/terpene_cage_screen/structures/Q9LVP7.cif,
Q9LVY2,Q9LVY2,existing,,,,/home/runnel/igem-pocket/data/terpene_cage_screen/structures/Q9LVY2.cif,
Q9M7C9,Q9M7C9,existing,,,,/home/runnel/igem-pocket/data/terpene_cage_screen/structures/Q9M7C9.cif,
Q9M7D0,Q9M7D0,existing,,,,/home/runnel/igem-pocket/data/terpene_cage_screen/structures/Q9M7D0.cif,
Q9M7D1,Q9M7D1,existing,,,,/home/runnel/igem-pocket/data/terpene_cage_screen/structures/Q9M7D1.cif,
Q9MB42,Q9MB42,existing,,,,/home/runnel/igem-pocket/data/terpene_cage_screen/structures/Q9MB42.cif,
Q9SAK2,Q9SAK2,existing,,,,/home/runnel/igem-pocket/data/terpene_cage_screen/structures/Q9SAK2.cif,
Q9SLP9,Q9SLP9,existing,,,,/home/runnel/igem-pocket/data/terpene_cage_screen/structures/Q9SLP9.cif,
Q9SPN0,Q9SPN0,existing,,,,/home/runnel/igem-pocket/data/terpene_cage_screen/structures/Q9SPN0.cif,
Q9SPN1,Q9SPN1,existing,,,,/home/runnel/igem-pocket/data/terpene_cage_screen/structures/Q9SPN1.cif,
Q9SXV6,Q9SXV6,existing,,,,/home/runnel/igem-pocket/data/terpene_cage_screen/structures/Q9SXV6.cif,
Q9SYN1,Q9SYN1,existing,,,,/home/runnel/igem-pocket/data/terpene_cage_screen/structures/Q9SYN1.cif,
Q9T0J9,Q9T0J9,existing,,,,/home/runnel/igem-pocket/data/terpene_cage_screen/structures/Q9T0J9.cif,
Q9T0K1,Q9T0K1,existing,,,,/home/runnel/igem-pocket/data/terpene_cage_screen/structures/Q9T0K1.cif,
Q9UR08,Q9UR08,existing,,,,/home/runnel/igem-pocket/data/terpene_cage_screen/structures/Q9UR08.cif,
Q9UVY5,Q9UVY5,existing,,,,/home/runnel/igem-pocket/data/terpene_cage_screen/structures/Q9UVY5.cif,
Q9VFJ0,Q9VFJ0,existing,,,,/home/runnel/igem-pocket/data/terpene_cage_screen/structures/Q9VFJ0.cif,
Q9X839,Q9X839,existing,,,,/home/runnel/igem-pocket/data/terpene_cage_screen/structures/Q9X839.cif,
Q9XEH9,Q9XEH9,existing,,,,/home/runnel/igem-pocket/data/terpene_cage_screen/structures/Q9XEH9.cif,
Q9XEI0,Q9XEI0,existing,,,,/home/runnel/igem-pocket/data/terpene_cage_screen/structures/Q9XEI0.cif,
Q9XJ32,Q9XJ32,existing,,,,/home/runnel/igem-pocket/data/terpene_cage_screen/structures/Q9XJ32.cif,
Q9Y753,Q9Y753,existing,,,,/home/runnel/igem-pocket/data/terpene_cage_screen/structures/Q9Y753.cif,
Q9ZUH4,Q9ZUH4,existing,,,,/home/runnel/igem-pocket/data/terpene_cage_screen/structures/Q9ZUH4.cif,
R4JGL8,R4JGL8,existing,,,,/home/runnel/igem-pocket/data/terpene_cage_screen/structures/R4JGL8.cif,
R4JJJ1,R4JJJ1,existing,,,,/home/runnel/igem-pocket/data/terpene_cage_screen/structures/R4JJJ1.cif,
R4JND9,R4JND9,existing,,,,/home/runnel/igem-pocket/data/terpene_cage_screen/structures/R4JND9.cif,
R4JQS2,R4JQS2,existing,,,,/home/runnel/igem-pocket/data/terpene_cage_screen/structures/R4JQS2.cif,
R4JQT5,R4JQT5,existing,,,,/home/runnel/igem-pocket/data/terpene_cage_screen/structures/R4JQT5.cif,
R4YVJ8,R4YVJ8,existing,,,,/home/runnel/igem-pocket/data/terpene_cage_screen/structures/R4YVJ8.cif,
R4YXW8,R4YXW8,existing,,,,/home/runnel/igem-pocket/data/terpene_cage_screen/structures/R4YXW8.cif,
R4YZC3,R4YZC3,existing,,,,/home/runnel/igem-pocket/data/terpene_cage_screen/structures/R4YZC3.cif,
R9QMQ9,R9QMQ9,existing,,,,/home/runnel/igem-pocket/data/terpene_cage_screen/structures/R9QMQ9.cif,
R9QMR0,R9QMR0,existing,,,,/home/runnel/igem-pocket/data/terpene_cage_screen/structures/R9QMR0.cif,
R9QMR1,R9QMR1,existing,,,,/home/runnel/igem-pocket/data/terpene_cage_screen/structures/R9QMR1.cif,
R9QMR2,R9QMR2,existing,,,,/home/runnel/igem-pocket/data/terpene_cage_screen/structures/R9QMR2.cif,
R9QMR3,R9QMR3,existing,,,,/home/runnel/igem-pocket/data/terpene_cage_screen/structures/R9QMR3.cif,
R9QMR4,R9QMR4,existing,,,,/home/runnel/igem-pocket/data/terpene_cage_screen/structures/R9QMR4.cif,
R9QMR5,R9QMR5,existing,,,,/home/runnel/igem-pocket/data/terpene_cage_screen/structures/R9QMR5.cif,
R9QMR6,R9QMR6,existing,,,,/home/runnel/igem-pocket/data/terpene_cage_screen/structures/R9QMR6.cif,
R9QMW1,R9QMW1,existing,,,,/home/runnel/igem-pocket/data/terpene_cage_screen/structures/R9QMW1.cif,
R9QMW2,R9QMW2,existing,,,,/home/runnel/igem-pocket/data/terpene_cage_screen/structures/R9QMW2.cif,
R9QMW3,R9QMW3,existing,,,,/home/runnel/igem-pocket/data/terpene_cage_screen/structures/R9QMW3.cif,
R9QMW4,R9QMW4,existing,,,,/home/runnel/igem-pocket/data/terpene_cage_screen/structures/R9QMW4.cif,
R9QMW5,R9QMW5,existing,,,,/home/runnel/igem-pocket/data/terpene_cage_screen/structures/R9QMW5.cif,
R9QMW6,R9QMW6,existing,,,,/home/runnel/igem-pocket/data/terpene_cage_screen/structures/R9QMW6.cif,
R9QMW7,R9QMW7,existing,,,,/home/runnel/igem-pocket/data/terpene_cage_screen/structures/R9QMW7.cif,
R9QMW8,R9QMW8,existing,,,,/home/runnel/igem-pocket/data/terpene_cage_screen/structures/R9QMW8.cif,
R9QMY7,R9QMY7,existing,,,,/home/runnel/igem-pocket/data/terpene_cage_screen/structures/R9QMY7.cif,
R9QMY8,R9QMY8,existing,,,,/home/runnel/igem-pocket/data/terpene_cage_screen/structures/R9QMY8.cif,
R9QMY9,R9QMY9,existing,,,,/home/runnel/igem-pocket/data/terpene_cage_screen/structures/R9QMY9.cif,
R9QMZ0,R9QMZ0,existing,,,,/home/runnel/igem-pocket/data/terpene_cage_screen/structures/R9QMZ0.cif,
S0DX56,S0DX56,existing,,,,/home/runnel/igem-pocket/data/terpene_cage_screen/structures/S0DX56.cif,
S0EA85,S0EA85,existing,,,,/home/runnel/igem-pocket/data/terpene_cage_screen/structures/S0EA85.cif,
S0ECT9,S0ECT9,existing,,,,/home/runnel/igem-pocket/data/terpene_cage_screen/structures/S0ECT9.cif,
S0EGZ9,S0EGZ9,existing,,,,/home/runnel/igem-pocket/data/terpene_cage_screen/structures/S0EGZ9.cif,
S0ENM8,S0ENM8,existing,,,,/home/runnel/igem-pocket/data/terpene_cage_screen/structures/S0ENM8.cif,
T1RR71,T1RR71,existing,,,,/home/runnel/igem-pocket/data/terpene_cage_screen/structures/T1RR71.cif,
T1RR72,T1RR72,existing,,,,/home/runnel/igem-pocket/data/terpene_cage_screen/structures/T1RR72.cif,
T1RRI5,T1RRI5,existing,,,,/home/runnel/igem-pocket/data/terpene_cage_screen/structures/T1RRI5.cif,
T1RRI8,T1RRI8,existing,,,,/home/runnel/igem-pocket/data/terpene_cage_screen/structures/T1RRI8.cif,
T1RRJ4,T1RRJ4,existing,,,,/home/runnel/igem-pocket/data/terpene_cage_screen/structures/T1RRJ4.cif,
T1RRJ6,T1RRJ6,existing,,,,/home/runnel/igem-pocket/data/terpene_cage_screen/structures/T1RRJ6.cif,
T1RRL8,T1RRL8,existing,,,,/home/runnel/igem-pocket/data/terpene_cage_screen/structures/T1RRL8.cif,
T1RRR9,T1RRR9,existing,,,,/home/runnel/igem-pocket/data/terpene_cage_screen/structures/T1RRR9.cif,
T1RRS0,T1RRS0,existing,,,,/home/runnel/igem-pocket/data/terpene_cage_screen/structures/T1RRS0.cif,
U3KYL2,U3KYL2,existing,,,,/home/runnel/igem-pocket/data/terpene_cage_screen/structures/U3KYL2.cif,
U3LVL5,U3LVL5,existing,,,,/home/runnel/igem-pocket/data/terpene_cage_screen/structures/U3LVL5.cif,
U3LVZ7,U3LVZ7,existing,,,,/home/runnel/igem-pocket/data/terpene_cage_screen/structures/U3LVZ7.cif,
U3LW50,U3LW50,existing,,,,/home/runnel/igem-pocket/data/terpene_cage_screen/structures/U3LW50.cif,
U5PZT6,U5PZT6,existing,,,,/home/runnel/igem-pocket/data/terpene_cage_screen/structures/U5PZT6.cif,
V6RPN0,V6RPN0,existing,,,,/home/runnel/igem-pocket/data/terpene_cage_screen/structures/V6RPN0.cif,
W0FFD7,W0FFD7,existing,,,,/home/runnel/igem-pocket/data/terpene_cage_screen/structures/W0FFD7.cif,
W4JX79,W4JX79,existing,,,,/home/runnel/igem-pocket/data/terpene_cage_screen/structures/W4JX79.cif,
W6HUT3,W6HUT3,existing,,,,/home/runnel/igem-pocket/data/terpene_cage_screen/structures/W6HUT3.cif,
W6Q4Q9,W6Q4Q9,existing,,,,/home/runnel/igem-pocket/data/terpene_cage_screen/structures/W6Q4Q9.cif,
W6Q9B3,W6Q9B3,existing,,,,/home/runnel/igem-pocket/data/terpene_cage_screen/structures/W6Q9B3.cif,
W6QAE7,W6QAE7,existing,,,,/home/runnel/igem-pocket/data/terpene_cage_screen/structures/W6QAE7.cif,
