reaction_id,reaction_smiles,product_smiles,precursor_class,product_skeleton_class,n_positive_pairs,n_positive_enzymes,reaction_cluster,fold
RHEA:10340,CC(C)=CCCC(C)=CCCC(C)=CCOP(=O)([O-])OP(=O)([O-])[O-]>>Nc1ccn(C2OC(CO)C(OP(=O)(O)O)C2O)c(=O)n1.O=P([O-])([O-])OP(=O)([O-])O,Nc1ccn(C2OC(CO)C(OP(=O)(O)O)C2O)c(=O)n1,C15_FPP_like,C10_bicyclic_highly_oxygenated,4,4,C15_FPP_like::RHEA:10340,0
RHEA:10940,CC(C)=CCCC(C)=CCOP(=O)([O-])OP(=O)([O-])[O-]>>C=C(C)C1CC=C(C)CC1.O=P([O-])([O-])OP(=O)([O-])O,C=C(C)C1CC=C(C)CC1,C10_GPP_like,C10_mono_hydrocarbon,6,6,C10_GPP_like::RHEA:10940,4
RHEA:11328,C=C(C)CCOP(=O)([O-])OP(=O)([O-])[O-].CC(C)=CCOP(=O)([O-])OP(=O)([O-])[O-]>>CC(C)=CCCC(C)=CCOP(=O)([O-])OP(=O)([O-])[O-].O=P([O-])([O-])OP(=O)([O-])O,CC(C)=CCCC(C)=CCOP(=O)([O-])OP(=O)([O-])[O-],C5_IPP_DMAPP_like,C10_acyclic_highly_oxygenated,2,2,C5_IPP_DMAPP_like::RHEA:11328,2
RHEA:11656,*NC(COP(=O)([O-])OCC(C)(C)C(O)C(=O)NCCC(=O)NCCS)C(*)=O.Nc1ncnc2c1ncn2C1OC(COP(=O)([O-])OP(=O)([O-])OP(=O)([O-])[O-])C(O)C1O.O=C([O-])C1CCC[NH2+]1>>*NC(COP(=O)([O-])OCC(C)(C)C(O)C(=O)NCCC(=O)NCCSC(=O)C1CCC[NH2+]1)C(*)=O.Nc1ncnc2c1ncn2C1OC(COP(=O)([O-])[O-])C(O)C1O.O=P([O-])([O-])OP(=O)([O-])O,*NC(COP(=O)([O-])OCC(C)(C)C(O)C(=O)NCCC(=O)NCCSC(=O)C1CCC[NH2+]1)C(*)=O,C15_FPP_like,C20_mono_highly_oxygenated,1,1,C15_FPP_like::RHEA:11656,0
RHEA:12016,CC(C)=CCCC(C)=CCCC(C)=CCOP(=O)([O-])OP(=O)([O-])[O-]>>C=C1C=CC(C(C)C)CCC(C)=CCC1.O=P([O-])([O-])OP(=O)([O-])O,C=C1C=CC(C(C)C)CCC(C)=CCC1,C15_FPP_like,C15_mono_hydrocarbon,9,9,C15_FPP_like::RHEA:12016,3
RHEA:12052,CC(C)=CCCC(C)=CCCC(C)=CCOP(=O)([O-])OP(=O)([O-])[O-]>>C=C1CCCC1(C)C1(C)CC=C(C)CC1.O=P([O-])([O-])OP(=O)([O-])O,C=C1CCCC1(C)C1(C)CC=C(C)CC1,C15_FPP_like,C15_bicyclic_hydrocarbon,17,17,C15_FPP_like::RHEA:12052,1
RHEA:12192,CC(C)=CCCC(C)=CCCC(C)=CCOP(=O)([O-])OP(=O)([O-])[O-].O>>CC1=CC(O)C(C(C)C)CCC(C)=CCC1.O=P([O-])([O-])OP(=O)([O-])O,CC1=CC(O)C(C(C)C)CCC(C)=CCC1,C15_FPP_like,C15_mono_oxygenated,1,1,C15_FPP_like::RHEA:12192,3
RHEA:12240,CC(=O)SCCNC(=O)CCNC(=O)C(O)C(C)(C)COP(=O)([O-])OP(=O)([O-])OCC1OC(n2cnc3c(N)ncnc32)C(O)C1OP(=O)([O-])[O-].CC(C)(COP(=O)([O-])OP(=O)([O-])OCC1OC(n2cnc3c(N)ncnc32)C(O)C1OP(=O)([O-])[O-])C(O)C(=O)NCCC(=O)NCCSC(=O)CC(=O)[O-].Cc1cccc(O)c1C(=O)[O-].NC(=O)C1=CN(C2OC(COP(=O)([O-])OP(=O)([O-])OCC3OC(n4cnc5c(N)ncnc54)C(OP(=O)([O-])[O-])C3O)C(O)C2O)C=CC1.[H+]>>CC(C)(COP(=O)([O-])OP(=O)([O-])OCC1OC(n2cnc3c(N)ncnc32)C(O)C1OP(=O)([O-])[O-])C(O)C(=O)NCCC(=O)NCCS.NC(=O)c1ccc[n+](C2OC(COP(=O)([O-])OP(=O)([O-])OCC3OC(n4cnc5c(N)ncnc54)C(OP(=O)([O-])[O-])C3O)C(O)C2O)c1.O.O=C=O,NC(=O)c1ccc[n+](C2OC(COP(=O)([O-])OP(=O)([O-])OCC3OC(n4cnc5c(N)ncnc54)C(OP(=O)([O-])[O-])C3O)C(O)C2O)c1,C25_GFPP_like,C20_polycyclic_highly_oxygenated,1,1,C25_GFPP_like::RHEA:12240,2
RHEA:12516,CC(C)=CCCC(C)=CCCC(C)=CCOP(=O)([O-])OP(=O)([O-])[O-]>>C=C(C)C1CC=C(C)CCC=C(C)CC1.O=P([O-])([O-])OP(=O)([O-])O,C=C(C)C1CC=C(C)CCC=C(C)CC1,C15_FPP_like,C15_mono_hydrocarbon,10,10,C15_FPP_like::RHEA:12516,1
RHEA:12605,CC(=O)C(=O)[O-].CC(=O)C(O)C(O)COP(=O)([O-])[O-].O=CC(O)COP(=O)([O-])[O-].[H+]>>O=C=O,O=C=O,C5_IPP_DMAPP_like,C5_acyclic_oxygenated,2,2,C5_IPP_DMAPP_like::RHEA:12605,4
RHEA:12869,CC(C)=CCCC(C)=CCOP(=O)([O-])OP(=O)([O-])[O-]>>C=C(C)C1CC=C(C)CC1.O=P([O-])([O-])OP(=O)([O-])O,C=C(C)C1CC=C(C)CC1,C10_GPP_like,C10_mono_hydrocarbon,16,16,C10_GPP_like::RHEA:10940,4
RHEA:13369,CC(C)=CCOP(=O)([O-])OP(=O)([O-])[O-]>>C=CC(=C)C.O=P([O-])([O-])OP(=O)([O-])O,C=CC(=C)C,C5_IPP_DMAPP_like,C5_acyclic_hydrocarbon,4,4,C5_IPP_DMAPP_like::RHEA:13369,3
RHEA:13525,CC12CC(O)C(CC1=O)C2(C)C.CC12CCC(CC1=O)C2(C)C.O=O.[H+].[S]1[Fe][S][Fe+]1>>O.[S]1[Fe+][S][Fe+]1,,C10_GPP_like,unknown,1,1,C10_GPP_like::RHEA:13525,0
RHEA:13545,C=CC(C)(O)CC/C=C(C)CC/C=C(C)CCC=C(C)C.Cc1cc2c(cc1C)N(C[C@H](O)[C@H](O)[C@H](O)COP(=O)([O-])[O-])c1nc(=O)nc(=O)c1N2.O=O>>C=C/C=C(C)CC/C=C(C)CCC=C(C)C.C=CC(C)=O.Cc1cc2nc3c(=O)[n-]c(=O)nc-3n(C[C@H](O)[C@H](O)[C@H](O)COP(=O)([O-])[O-])c2cc1C.[H]O[H].[H+],Cc1cc2nc3c(=O)[n-]c(=O)nc-3n(C[C@H](O)[C@H](O)[C@H](O)COP(=O)([O-])[O-])c2cc1C,C20_GGPP_like,C15_polycyclic_highly_oxygenated,3,3,C20_GGPP_like::RHEA:13545,1
RHEA:13873,C=C1CCC2C(C)(C)CCCC2(C)C1CCC(C)=CCOP(=O)([O-])OP(=O)([O-])[O-].CC(C)C1=CC2=CCC3C(C)(C)CCCC3(C)C2CC1>>O=P([O-])([O-])OP(=O)([O-])O,,C20_GGPP_like,unknown,6,6,C20_GGPP_like::RHEA:13873,2
RHEA:14009,CC(C)=CCOP(=O)([O-])OP(=O)([O-])[O-]>>CC(C)=CC1C(COP(=O)([O-])OP(=O)([O-])[O-])C1(C)C.O=P([O-])([O-])OP(=O)([O-])O,CC(C)=CC1C(COP(=O)([O-])OP(=O)([O-])[O-])C1(C)C,C5_IPP_DMAPP_like,C10_mono_highly_oxygenated,1,1,C5_IPP_DMAPP_like::RHEA:14009,2
RHEA:14485,CC(C)=CCCC(C)=CCCC(C)=CCOP(=O)([O-])OP(=O)([O-])[O-].O>>C=C1CCCC2(C)CCC(C(C)C)C(O)C12.O=P([O-])([O-])OP(=O)([O-])O,C=C1CCCC2(C)CCC(C(C)C)C(O)C12,C15_FPP_like,C15_bicyclic_oxygenated,1,1,C15_FPP_like::RHEA:14485,1
RHEA:14621,CC(C)=CCCC(C)=CCCC(C)=CCCC=C(C)CCC=C(C)CCC1OC1(C)C>>CC(C)=CCCC(C)C1CCC2(C)C3=C(CCC12C)C1(C)CCC(O)C(C)(C)C1CC3,CC(C)=CCCC(C)C1CCC2(C)C3=C(CCC12C)C1(C)CCC(O)C(C)(C)C1CC3,C30_long_prenyl_like,C_long_polycyclic_oxygenated,13,13,C30_long_prenyl_like::RHEA:14621,2
RHEA:14841,CC(C)=CCCC(C)=CCCC(C)=CCCC(C)=CCOP(=O)([O-])OP(=O)([O-])[O-]>>C=C1CCC2C(C)(C)CCCC2(C)C1CCC(C)=CCOP(=O)([O-])OP(=O)([O-])[O-],C=C1CCC2C(C)(C)CCCC2(C)C1CCC(C)=CCOP(=O)([O-])OP(=O)([O-])[O-],C20_GGPP_like,C20_bicyclic_highly_oxygenated,20,20,C20_GGPP_like::RHEA:14841,1
RHEA:14901,CC(C)=CCCC(C)=CCCC(C)=CCCC(C)=CCOP(=O)([O-])OP(=O)([O-])[O-]>>CC1=CCCC(C)=CC2C(CCC(C)=CCC1)C2(C)C.O=P([O-])([O-])OP(=O)([O-])O,CC1=CCCC(C)=CC2C(CCC(C)=CCC1)C2(C)C,C20_GGPP_like,C20_bicyclic_hydrocarbon,1,1,C20_GGPP_like::RHEA:14901,1
RHEA:15809,CC(C)=CCCC(C)=CCOP(=O)([O-])OP(=O)([O-])[O-].O>>COc1cc(OC)nc(NC(=O)NS(=O)(=O)N(C)S(C)(=O)=O)n1.O=P([O-])([O-])OP(=O)([O-])O,COc1cc(OC)nc(NC(=O)NS(=O)(=O)N(C)S(C)(=O)=O)n1,C10_GPP_like,C10_mono_highly_oxygenated,16,16,C10_GPP_like::RHEA:15809,1
RHEA:16337,*c1c(*)c([H])c(*)c(-c2oc3c(*)c(*)c(*)c(*)c3c(=O)c2*)c1*.Cc1cc2c(cc1C)N(C[C@H](O)[C@H](O)[C@H](O)COP(=O)([O-])[O-])c1nc(=O)nc(=O)c1N2.O=O>>*c1c(*)c(O)c(*)c(-c2oc3c(*)c(*)c(*)c(*)c3c(=O)c2*)c1*.Cc1cc2nc3c(=O)[n-]c(=O)nc-3n(C[C@H](O)[C@H](O)[C@H](O)COP(=O)([O-])[O-])c2cc1C.[H]O[H].[H+],Cc1cc2nc3c(=O)[n-]c(=O)nc-3n(C[C@H](O)[C@H](O)[C@H](O)COP(=O)([O-])[O-])c2cc1C,C15_FPP_like,C15_polycyclic_highly_oxygenated,1,1,C15_FPP_like::RHEA:16337,0
RHEA:16345,CC(C)=CCCC(C)=CCCC(C)=CCCC(C)=CCOP(=O)([O-])OP(=O)([O-])[O-].O>>CC1=CCC2(C)CCC(C(C)(C)O)C2CCC(C)=CCC1.O=P([O-])([O-])OP(=O)([O-])O,CC1=CCC2(C)CCC(C(C)(C)O)C2CCC(C)=CCC1,C20_GGPP_like,C20_bicyclic_oxygenated,2,2,C20_GGPP_like::RHEA:16345,4
RHEA:16561,CC(C)=CCCC(C)=CCCC(C)=CCCC=C(C)CCC=C(C)CCC=C(C)C.O>>CC(C)(O)C1CCC2(C)C1CCC1(C)C2CCC2C3(C)CCCC(C)(C)C3CCC21C,CC(C)(O)C1CCC2(C)C1CCC1(C)C2CCC2C3(C)CCCC(C)(C)C3CCC21C,C30_long_prenyl_like,C_long_polycyclic_oxygenated,5,5,C30_long_prenyl_like::RHEA:16561,2
RHEA:16965,CC(C)=CCCC(C)=CCOP(=O)([O-])OP(=O)([O-])[O-]>>C=CC(=C)CCC=C(C)C.O=P([O-])([O-])OP(=O)([O-])O,C=CC(=C)CCC=C(C)C,C10_GPP_like,C10_acyclic_hydrocarbon,44,44,C10_GPP_like::RHEA:16965,4
RHEA:17637,CC(C)=CCCC(C)=CCCC(C)=CCCC=C(C)CCC=C(C)CCC=C(C)C>>C=CCc1ccc(O)c(OC)c1,C=CCc1ccc(O)c(OC)c1,C30_long_prenyl_like,C10_mono_oxygenated,5,5,C30_long_prenyl_like::RHEA:17637,3
RHEA:17653,C=C(C)CCOP(=O)([O-])OP(=O)([O-])[O-].CC(C)=CCCC(C)=CCCC(C)=CCOP(=O)([O-])OP(=O)([O-])[O-]>>CC(C)=CCCC(C)=CCCC(C)=CCCC(C)=CCOP(=O)([O-])OP(=O)([O-])[O-].O=P([O-])([O-])OP(=O)([O-])O,CC(C)=CCCC(C)=CCCC(C)=CCCC(C)=CCOP(=O)([O-])OP(=O)([O-])[O-],C15_FPP_like,C20_acyclic_highly_oxygenated,45,45,C15_FPP_like::RHEA:17653,3
RHEA:17945,[H][C@@]1(C(=C)C)CC=C(C)CC1.Cc1cc2c(cc1C)N(C[C@H](O)[C@H](O)[C@H](O)COP(=O)([O-])[O-])c1nc(=O)nc(=O)c1N2.O=O>>CCCCCCCCCCCCCCN.Cc1cc2nc3c(=O)[n-]c(=O)nc-3n(C[C@H](O)[C@H](O)[C@H](O)COP(=O)([O-])[O-])c2cc1C.[H]O[H].[H+],Cc1cc2nc3c(=O)[n-]c(=O)nc-3n(C[C@H](O)[C@H](O)[C@H](O)COP(=O)([O-])[O-])c2cc1C,C10_GPP_like,C15_polycyclic_highly_oxygenated,6,6,C10_GPP_like::RHEA:17945,3
RHEA:18081,CC(C)=CCCC(C)=CCCC(C)=CCOP(=O)([O-])OP(=O)([O-])[O-]>>CC1=CC2CC(C)(C)CC23C(C)CCC13.O=P([O-])([O-])OP(=O)([O-])O,CC1=CC2CC(C)(C)CC23C(C)CCC13,C15_FPP_like,C15_polycyclic_hydrocarbon,4,4,C15_FPP_like::RHEA:18081,1
RHEA:18209,CC(C)=CCCC(C)=CCOP(=O)([O-])OP(=O)([O-])[O-]>>CC1(C)C2CCC1(C)C(OP(=O)([O-])OP(=O)([O-])[O-])C2,CC1(C)C2CCC1(C)C(OP(=O)([O-])OP(=O)([O-])[O-])C2,C10_GPP_like,C10_bicyclic_highly_oxygenated,1,1,C10_GPP_like::RHEA:18209,1
RHEA:18325,CC(C)=CCCC(C)=CCCC(C)=CCOP(=O)([O-])OP(=O)([O-])[O-]>>C=C(C)C1CCC(C)C2CCC(C)=CC12.O=P([O-])([O-])OP(=O)([O-])O,C=C(C)C1CCC(C)C2CCC(C)=CC12,C15_FPP_like,C15_bicyclic_hydrocarbon,1,1,C15_FPP_like::RHEA:18325,2
RHEA:18721,CC(=CCOP(=O)([O-])OP(=O)([O-])[O-])CCC1C(C)(O)CCC2C(C)(C)CCCC21C>>C=CC1(C)CCC2C(C)(CCC3C(C)(C)CCCC32C)O1.O=P([O-])([O-])OP(=O)([O-])O,C=CC1(C)CCC2C(C)(CCC3C(C)(C)CCCC32C)O1,C20_GGPP_like,C20_polycyclic_oxygenated,1,1,C20_GGPP_like::RHEA:18721,3
RHEA:18957,[H][C@]1(C(=C)C)CC=C(C)CC1.Cc1cc2c(cc1C)N(C[C@H](O)[C@H](O)[C@H](O)COP(=O)([O-])[O-])c1nc(=O)nc(=O)c1N2.O=O>>C=C(C)[C@H]1CC=C(C)[C@H](O)C1.Cc1cc2nc3c(=O)[n-]c(=O)nc-3n(C[C@H](O)[C@H](O)[C@H](O)COP(=O)([O-])[O-])c2cc1C.[H]O[H].[H+],Cc1cc2nc3c(=O)[n-]c(=O)nc-3n(C[C@H](O)[C@H](O)[C@H](O)COP(=O)([O-])[O-])c2cc1C,C10_GPP_like,C15_polycyclic_highly_oxygenated,5,5,C10_GPP_like::RHEA:17945,3
RHEA:19361,C=C(C)CCOP(=O)([O-])OP(=O)([O-])[O-].CC(C)=CCCC(C)=CCOP(=O)([O-])OP(=O)([O-])[O-]>>CC(C)=CCCC(C)=CCCC(C)=CCOP(=O)([O-])OP(=O)([O-])[O-].O=P([O-])([O-])OP(=O)([O-])O,CC(C)=CCCC(C)=CCCC(C)=CCOP(=O)([O-])OP(=O)([O-])[O-],C10_GPP_like,C15_acyclic_highly_oxygenated,25,25,C10_GPP_like::RHEA:19361,4
RHEA:19525,CC(C)=CCCC(C)=CCCC(C)=CCOP(=O)([O-])OP(=O)([O-])[O-]>>CC1=CC2C(=C(C)CCC2C(C)C)CC1.O=P([O-])([O-])OP(=O)([O-])O,CC1=CC2C(=C(C)CCC2C(C)C)CC1,C15_FPP_like,C15_bicyclic_hydrocarbon,8,8,C15_FPP_like::RHEA:19525,3
RHEA:19565,CC(C)=CCCC(C)=CCOP(=O)([O-])OP(=O)([O-])[O-].O>>CC(C)C12CCC(C)(O)C1C2.O=P([O-])([O-])OP(=O)([O-])O,CC(C)C12CCC(C)(O)C1C2,C10_GPP_like,C10_bicyclic_oxygenated,2,2,C10_GPP_like::RHEA:19565,4
RHEA:19825,CC(C)=CCCC(C)=CCCC(C)=CCOP(=O)([O-])OP(=O)([O-])[O-]>>C=C(C)C1CC=C2CCCC(C)C2(C)C1.O=P([O-])([O-])OP(=O)([O-])O,C=C(C)C1CC=C2CCCC(C)C2(C)C1,C15_FPP_like,C15_bicyclic_hydrocarbon,5,5,C15_FPP_like::RHEA:19825,0
RHEA:20565,CC(C)=CCCC(C)=CCOP(=O)([O-])OP(=O)([O-])[O-].O>>CC12CCC(C1)C(C)(C)C2O.O=P([O-])([O-])OP(=O)([O-])O,CC12CCC(C1)C(C)(C)C2O,C10_GPP_like,C10_bicyclic_oxygenated,4,4,C10_GPP_like::RHEA:20565,4
RHEA:20912,CC(C)=CCCC(C)=CCCC(C)=CCCC(C)=CCOP(=O)([O-])OP(=O)([O-])[O-]>>CC1=CCCC2(C)CCC3=C(C)CCC(CC12)C3(C)C.O=P([O-])([O-])OP(=O)([O-])O,CC1=CCCC2(C)CCC3=C(C)CCC(CC12)C3(C)C,C20_GGPP_like,C20_polycyclic_hydrocarbon,3,3,C20_GGPP_like::RHEA:20912,2
RHEA:21308,CC(C)=CCCC(C)=CCCC(C)=CCCC=C(C)CCC=C(C)CCC1OC1(C)C>>CC(C)=CCCC(C)C1CCC2(C)C3CCC4C(C)(C)C(O)CCC45CC35CCC12C,CC(C)=CCCC(C)C1CCC2(C)C3CCC4C(C)(C)C(O)CCC45CC35CCC12C,C30_long_prenyl_like,C_long_polycyclic_oxygenated,12,12,C30_long_prenyl_like::RHEA:21308,0
RHEA:22220,C=C1CCC2C(C)(C)CCCC2(C)C1CCC(C)=CCOP(=O)([O-])OP(=O)([O-])[O-]>>C=C1CC23CCC4C(C)(C)CCCC4(C)C2CCC1C3.O=P([O-])([O-])OP(=O)([O-])O,C=C1CC23CCC4C(C)(C)CCCC4(C)C2CCC1C3,C20_GGPP_like,C20_polycyclic_hydrocarbon,19,19,C20_GGPP_like::RHEA:22220,3
RHEA:22228,CC(C)=CCCC(C)=CCCC(C)=CC1C(COP(=O)([O-])OP(=O)([O-])[O-])C1(C)CCC=C(C)CCC=C(C)C.CC(C)=CCCC(C)=CCCC(C)=CCCC=C(C)CCC=C(C)CCC=C(C)C.NC(=O)C1=CN(C2OC(COP(=O)([O-])OP(=O)([O-])OCC3OC(n4cnc5c(N)ncnc54)C(O)C3O)C(O)C2O)C=CC1.[H+]>>NC(=O)c1ccc[n+](C2OC(COP(=O)([O-])OP(=O)([O-])OCC3OC(n4cnc5c(N)ncnc54)C(O)C3O)C(O)C2O)c1.O=P([O-])([O-])OP(=O)([O-])O,NC(=O)c1ccc[n+](C2OC(COP(=O)([O-])OP(=O)([O-])OCC3OC(n4cnc5c(N)ncnc54)C(O)C3O)C(O)C2O)c1,C30_long_prenyl_like,C20_polycyclic_highly_oxygenated,5,5,C30_long_prenyl_like::RHEA:22228,0
RHEA:22232,CC(C)=CCCC(C)=CCCC(C)=CC1C(COP(=O)([O-])OP(=O)([O-])[O-])C1(C)CCC=C(C)CCC=C(C)C.CC(C)=CCCC(C)=CCCC(C)=CCCC=C(C)CCC=C(C)CCC=C(C)C.NC(=O)C1=CN(C2OC(COP(=O)([O-])OP(=O)([O-])OCC3OC(n4cnc5c(N)ncnc54)C(OP(=O)([O-])[O-])C3O)C(O)C2O)C=CC1.[H+]>>NC(=O)c1ccc[n+](C2OC(COP(=O)([O-])OP(=O)([O-])OCC3OC(n4cnc5c(N)ncnc54)C(OP(=O)([O-])[O-])C3O)C(O)C2O)c1.O=P([O-])([O-])OP(=O)([O-])O,NC(=O)c1ccc[n+](C2OC(COP(=O)([O-])OP(=O)([O-])OCC3OC(n4cnc5c(N)ncnc54)C(OP(=O)([O-])[O-])C3O)C(O)C2O)c1,C30_long_prenyl_like,C20_polycyclic_highly_oxygenated,5,5,C30_long_prenyl_like::RHEA:22228,0
RHEA:22408,C=C(C)CCOP(=O)([O-])OP(=O)([O-])[O-].CC(C)=CCOP(=O)([O-])OP(=O)([O-])[O-]>>CC(C)=CCCC(C)=CCOP(=O)([O-])OP(=O)([O-])[O-].O=P([O-])([O-])OP(=O)([O-])O,CC(C)=CCCC(C)=CCOP(=O)([O-])OP(=O)([O-])[O-],C5_IPP_DMAPP_like,C10_acyclic_highly_oxygenated,24,24,C5_IPP_DMAPP_like::RHEA:11328,2
RHEA:22436,CC(C)=CCCC(C)=CCCC(C)=CCOP(=O)([O-])OP(=O)([O-])[O-].O>>CC1=CCCC(C)C=CC(C(C)(C)O)CC1.O=P([O-])([O-])OP(=O)([O-])O,CC1=CCCC(C)C=CC(C(C)(C)O)CC1,C15_FPP_like,C15_mono_oxygenated,2,2,C15_FPP_like::RHEA:22436,4
RHEA:22672,CC(C)=CCCC(C)=CCCC(C)=CCOP(=O)([O-])OP(=O)([O-])[O-]>>CC(C)=CCCC(C)=CCCC(C)=CC1C(COP(=O)([O-])OP(=O)([O-])[O-])C1(C)CCC=C(C)CCC=C(C)C.O=P([O-])([O-])OP(=O)([O-])O,CC(C)=CCCC(C)=CCCC(C)=CC1C(COP(=O)([O-])OP(=O)([O-])[O-])C1(C)CCC=C(C)CCC=C(C)C,C15_FPP_like,C_long_mono_highly_oxygenated,5,5,C15_FPP_like::RHEA:17653,3
RHEA:23112,Cc1cccc(O)c1.Cc1cccc(O)c1C(=O)[O-].[H+]>>O=C=O,O=C=O,C10_GPP_like,C5_acyclic_oxygenated,1,1,C10_GPP_like::RHEA:23112,2
RHEA:24116,CC(C)=CCCC(C)=CCOP(=O)([O-])OP(=O)([O-])[O-].O>>O=P([O-])([O-])OP(=O)([O-])O.[Cl][Au-]([Cl])([Cl])[Cl],,C10_GPP_like,unknown,10,10,C10_GPP_like::RHEA:24116,1
RHEA:24316,CC(C)=CCCC(C)=CCCC(C)=CCCC(C)=CCOP(=O)([O-])OP(=O)([O-])[O-]>>C=C1CCC2C(C)(C)CCCC2(C)C1CCC(C)=CCOP(=O)([O-])OP(=O)([O-])[O-],C=C1CCC2C(C)(C)CCCC2(C)C1CCC(C)=CCOP(=O)([O-])OP(=O)([O-])[O-],C20_GGPP_like,C20_bicyclic_highly_oxygenated,23,23,C20_GGPP_like::RHEA:14841,1
RHEA:25282,CC(C)=CCC/C(C)=C/CC/C(C)=C/CC/C=C(C)CC/C=C(C)CCC=C(C)C.Cc1cc2c(cc1C)N(C[C@H](O)[C@H](O)[C@H](O)COP(=O)([O-])[O-])c1nc(=O)nc(=O)c1N2.O=O>>CC(C)=CCC/C(C)=C/CC/C(C)=C/CC/C=C(C)CC/C=C(C)CC[C@@H]1OC1(C)C.Cc1cc2nc3c(=O)[n-]c(=O)nc-3n(C[C@H](O)[C@H](O)[C@H](O)COP(=O)([O-])[O-])c2cc1C.[H]O[H].[H+],CC(C)=CCC/C(C)=C/CC/C(C)=C/CC/C=C(C)CC/C=C(C)CC[C@@H]1OC1(C)C,C30_long_prenyl_like,C_long_mono_oxygenated,5,5,C30_long_prenyl_like::RHEA:25282,3
RHEA:25436,CC(C)=CCCC(C)=CCCC(C)=CCOP(=O)([O-])OP(=O)([O-])[O-]>>CC(C)=CCC=C(C)C1CC=C(C)CC1.O=P([O-])([O-])OP(=O)([O-])O,CC(C)=CCC=C(C)C1CC=C(C)CC1,C15_FPP_like,C15_mono_hydrocarbon,4,4,C15_FPP_like::RHEA:12516,1
RHEA:25440,CC(C)=CCCC(C)=CCCC(C)=CCOP(=O)([O-])OP(=O)([O-])[O-]>>CC1=C2C=C(C(C)C)CCC2(C)CCC1.O=P([O-])([O-])OP(=O)([O-])O,CC1=C2C=C(C(C)C)CCC2(C)CCC1,C15_FPP_like,C15_bicyclic_hydrocarbon,1,1,C15_FPP_like::RHEA:25440,1
RHEA:25444,CC(C)=CCCC(C)=CCCC(C)=CCOP(=O)([O-])OP(=O)([O-])[O-]>>CC1=CCC(=C(C)C)CCC(C)=CCC1.O=P([O-])([O-])OP(=O)([O-])O,CC1=CCC(=C(C)C)CCC(C)=CCC1,C15_FPP_like,C15_mono_hydrocarbon,4,4,C15_FPP_like::RHEA:25444,4
RHEA:25448,CC(C)=CCCC(C)=CCCC(C)=CCOP(=O)([O-])OP(=O)([O-])[O-]>>CC1=CCC(C(C)C)=CC2C(C)CCC12.O=P([O-])([O-])OP(=O)([O-])O,CC1=CCC(C(C)C)=CC2C(C)CCC12,C15_FPP_like,C15_bicyclic_hydrocarbon,1,1,C15_FPP_like::RHEA:25448,2
RHEA:25452,CC(C)=CCCC(C)=CCCC(C)=CCOP(=O)([O-])OP(=O)([O-])[O-]>>C=C(C)C1CC=C(C)CCC=C(C)CC1.O=P([O-])([O-])OP(=O)([O-])O,C=C(C)C1CC=C(C)CCC=C(C)CC1,C15_FPP_like,C15_mono_hydrocarbon,4,4,C15_FPP_like::RHEA:12516,1
RHEA:25456,CC(C)=CCCC(C)=CCCC(C)=CCOP(=O)([O-])OP(=O)([O-])[O-]>>C=C1C=CC(C)(C)CCCC(C)=CCC1.O=P([O-])([O-])OP(=O)([O-])O,C=C1C=CC(C)(C)CCCC(C)=CCC1,C15_FPP_like,C15_mono_hydrocarbon,1,1,C15_FPP_like::RHEA:25456,3
RHEA:25460,CC(C)=CCCC(C)=CCCC(C)=CCOP(=O)([O-])OP(=O)([O-])[O-]>>C=C1CCCC2(C)CCC(C(C)C)=CC12.O=P([O-])([O-])OP(=O)([O-])O,C=C1CCCC2(C)CCC(C(C)C)=CC12,C15_FPP_like,C15_bicyclic_hydrocarbon,1,1,C15_FPP_like::RHEA:25460,0
RHEA:25464,CC(C)=CCCC(C)=CCCC(C)=CCOP(=O)([O-])OP(=O)([O-])[O-]>>C=C1C2CCC3C2C(C)(C)CCCC13C.O=P([O-])([O-])OP(=O)([O-])O,C=C1C2CCC3C2C(C)(C)CCCC13C,C15_FPP_like,C15_polycyclic_hydrocarbon,3,3,C15_FPP_like::RHEA:25464,3
RHEA:25468,CC(C)=CCCC(C)=CCCC(C)=CCOP(=O)([O-])OP(=O)([O-])[O-]>>CC1(C)CCC2(C(=O)O)CCC3(C)C(=CCC4C5(C)CC(O)C(O)C(C)(C)C5CCC43C)C2C1.O=P([O-])([O-])OP(=O)([O-])O,CC1(C)CCC2(C(=O)O)CCC3(C)C(=CCC4C5(C)CC(O)C(O)C(C)(C)C5CCC43C)C2C1,C15_FPP_like,C_long_polycyclic_highly_oxygenated,1,1,C15_FPP_like::RHEA:25468,4
RHEA:25472,CC(C)=CCCC(C)=CCCC(C)=CCOP(=O)([O-])OP(=O)([O-])[O-]>>CC1=CC2C(CC1)C(C)=CCCC2(C)C.O=P([O-])([O-])OP(=O)([O-])O,CC1=CC2C(CC1)C(C)=CCCC2(C)C,C15_FPP_like,C15_bicyclic_hydrocarbon,1,1,C15_FPP_like::RHEA:25472,1
RHEA:25476,CC(C)=CCCC(C)=CCCC(C)=CCOP(=O)([O-])OP(=O)([O-])[O-]>>C=C1CCCC(C)(C)C2C=C(C)CCC12.O=P([O-])([O-])OP(=O)([O-])O,C=C1CCCC(C)(C)C2C=C(C)CCC12,C15_FPP_like,C15_bicyclic_hydrocarbon,1,1,C15_FPP_like::RHEA:25472,1
RHEA:25484,CC(C)=CCC/C(C)=C/COP(=O)([O-])OP(=O)([O-])[O-]>>Nc1ncnc2ncnc12.O=P([O-])([O-])OP(=O)([O-])O,,C10_GPP_like,unknown,3,3,C10_GPP_like::RHEA:25484,4
RHEA:25488,CC(C)=CCCC(C)=CCOP(=O)([O-])OP(=O)([O-])[O-]>>CC1=CCC2CC1C2(C)C.O=P([O-])([O-])OP(=O)([O-])O,CC1=CCC2CC1C2(C)C,C10_GPP_like,C10_polycyclic_hydrocarbon,15,15,C10_GPP_like::RHEA:25488,3
RHEA:25492,CC(C)=CCC/C(C)=C/COP(=O)([O-])OP(=O)([O-])[O-]>>Cc1ncnc1CN1CCc2c(c3ccccc3n2C)C1=O.O=P([O-])([O-])OP(=O)([O-])O,,C10_GPP_like,unknown,9,9,C10_GPP_like::RHEA:25492,4
RHEA:25496,CC(C)=CCCC(C)=CCOP(=O)([O-])OP(=O)([O-])[O-]>>C=C1CCC2CC1C2(C)C.O=P([O-])([O-])OP(=O)([O-])O,C=C1CCC2CC1C2(C)C,C10_GPP_like,C10_polycyclic_hydrocarbon,13,13,C10_GPP_like::RHEA:25496,2
RHEA:25500,CC(C)=CCCC(C)=CCOP(=O)([O-])OP(=O)([O-])[O-]>>CC1=CCC(=C(C)C)CC1.O=P([O-])([O-])OP(=O)([O-])O,CC1=CCC(=C(C)C)CC1,C10_GPP_like,C10_mono_hydrocarbon,20,20,C10_GPP_like::RHEA:25500,2
RHEA:25504,CC(C)=CCCC(C)=CCOP(=O)([O-])OP(=O)([O-])[O-]>>C=C1C=CC(C(C)C)CC1.O=P([O-])([O-])OP(=O)([O-])O,C=C1C=CC(C(C)C)CC1,C10_GPP_like,C10_mono_hydrocarbon,4,4,C10_GPP_like::RHEA:25504,2
RHEA:25508,CC(C)=CCCC(C)=CCOP(=O)([O-])OP(=O)([O-])[O-]>>C=C1CCC2(C(C)C)CC12.O=P([O-])([O-])OP(=O)([O-])O,C=C1CCC2(C(C)C)CC12,C10_GPP_like,C10_bicyclic_hydrocarbon,1,1,C10_GPP_like::RHEA:25508,4
RHEA:25524,CC(C)=CCCC(C)=CCCC(C)=CCCC(C)=CCOP(=O)([O-])OP(=O)([O-])[O-]>>C=C1CCC2C(C)(C)CCCC2(C)C1CCC(C)=CCOP(=O)([O-])OP(=O)([O-])[O-],C=C1CCC2C(C)(C)CCCC2(C)C1CCC(C)=CCOP(=O)([O-])OP(=O)([O-])[O-],C20_GGPP_like,C20_bicyclic_highly_oxygenated,4,4,C20_GGPP_like::RHEA:14841,1
RHEA:25532,C=C1CCC2C(C)(C)CCCC2(C)C1CCC(C)=CCOP(=O)([O-])OP(=O)([O-])[O-]>>C=CC1=CCC2C(CCC3C(C)(C)CCCC23C)C1C.O=P([O-])([O-])OP(=O)([O-])O,C=CC1=CCC2C(CCC3C(C)(C)CCCC23C)C1C,C20_GGPP_like,C20_polycyclic_hydrocarbon,2,2,C20_GGPP_like::RHEA:25532,4
RHEA:25536,C=C1CCC2C(C)(C)CCCC2(C)C1CCC(C)=CCOP(=O)([O-])OP(=O)([O-])[O-]>>C=CC1(C)C=C2CCC3C(C)(C)CCCC3(C)C2CC1.O=P([O-])([O-])OP(=O)([O-])O,C=CC1(C)C=C2CCC3C(C)(C)CCCC3(C)C2CC1,C20_GGPP_like,C20_polycyclic_hydrocarbon,3,3,C20_GGPP_like::RHEA:25536,1
RHEA:25540,C=C1CCC2C(C)(C)CCCC2(C)C1CCC(C)=CCOP(=O)([O-])OP(=O)([O-])[O-]>>C=CC1(C)C=C2CCC3C(C)(C)CCCC3(C)C2CC1.O=P([O-])([O-])OP(=O)([O-])O,C=CC1(C)C=C2CCC3C(C)(C)CCCC3(C)C2CC1,C20_GGPP_like,C20_polycyclic_hydrocarbon,2,2,C20_GGPP_like::RHEA:25536,1
RHEA:25544,C=C1CCC2C(C)(C)CCCC2(C)C1CCC(C)=CCOP(=O)([O-])OP(=O)([O-])[O-]>>C=CC1(C)CC=C2C(CCC3C(C)(C)CCCC23C)C1.O=P([O-])([O-])OP(=O)([O-])O,C=CC1(C)CC=C2C(CCC3C(C)(C)CCCC23C)C1,C20_GGPP_like,C20_polycyclic_hydrocarbon,1,1,C20_GGPP_like::RHEA:25544,2
RHEA:25548,C=C1CCC2C(C)(C)CCCC2(C)C1CCC(C)=CCOP(=O)([O-])OP(=O)([O-])[O-].CC(C)C1=CCC2C(=C1)CCC1C(C)(C)CCCC21C>>O=P([O-])([O-])OP(=O)([O-])O,,C20_GGPP_like,unknown,8,8,C20_GGPP_like::RHEA:25548,4
RHEA:25552,C=C1CCC2C(C)(C)CCCC2(C)C1CCC(C)=CCOP(=O)([O-])OP(=O)([O-])[O-]>>CC1=CC2CCC3C(C)(C)CCCC3(C)C23CCC1C3.O=P([O-])([O-])OP(=O)([O-])O,CC1=CC2CCC3C(C)(C)CCCC3(C)C23CCC1C3,C20_GGPP_like,C20_polycyclic_hydrocarbon,1,1,C20_GGPP_like::RHEA:25552,3
RHEA:25556,C=C1CCC2C(C)(C)CCCC2(C)C1CCC(C)=CCOP(=O)([O-])OP(=O)([O-])[O-]>>C=C1CCC23CC1CC2CCC1C(C)(C)CCCC13C.O=P([O-])([O-])OP(=O)([O-])O,C=C1CCC23CC1CC2CCC1C(C)(C)CCCC13C,C20_GGPP_like,C20_polycyclic_hydrocarbon,1,1,C20_GGPP_like::RHEA:25556,4
RHEA:25560,C=C1CCC2C(C)(C)CCCC2(C)C1CCC(C)=CCOP(=O)([O-])OP(=O)([O-])[O-]>>C=CC1(C)CCC2C(=CCC3C(C)(C)CCCC23C)C1.O=P([O-])([O-])OP(=O)([O-])O,C=CC1(C)CCC2C(=CCC3C(C)(C)CCCC23C)C1,C20_GGPP_like,C20_polycyclic_hydrocarbon,2,2,C20_GGPP_like::RHEA:25536,1
RHEA:25613,CC(C)=CCCC(C)=CCCC(C)=CCCC(C)=CCOP(=O)([O-])OP(=O)([O-])[O-]>>CC(=CCOP(=O)([O-])OP(=O)([O-])[O-])CCC1(C)C(C)CCC2(C)C(C)=CCCC21,CC(=CCOP(=O)([O-])OP(=O)([O-])[O-])CCC1(C)C(C)CCC2(C)C(C)=CCCC21,C20_GGPP_like,C20_bicyclic_highly_oxygenated,1,1,C20_GGPP_like::RHEA:14841,1
RHEA:25617,CC(=CCOP(=O)([O-])OP(=O)([O-])[O-])CCC1(C)C(C)CCC2(C)C(C)=CCCC21>>C=CC(=C)CCC1(C)C(C)CCC2(C)C(C)=CCCC21.O=P([O-])([O-])OP(=O)([O-])O,C=CC(=C)CCC1(C)C(C)CCC2(C)C(C)=CCCC21,C20_GGPP_like,C20_bicyclic_hydrocarbon,1,1,C20_GGPP_like::RHEA:25617,0
RHEA:25621,CC(C)=CCCC(C)=CCCC(C)=CCCC(C)=CCOP(=O)([O-])OP(=O)([O-])[O-]>>N=C(N)NCCCC(N)C(=O)N1CCCC1C(=O)N1CCCC1C(=O)NCC(=O)NC(Cc1ccccc1)C(=O)NC(CO)C(=O)N1CCCC1C(=O)NC(Cc1ccccc1)C(=O)NC(CCCNC(=N)N)C(=O)O,N=C(N)NCCCC(N)C(=O)N1CCCC1C(=O)N1CCCC1C(=O)NCC(=O)NC(Cc1ccccc1)C(=O)NC(CO)C(=O)N1CCCC1C(=O)NC(Cc1ccccc1)C(=O)NC(CCCNC(=N)N)C(=O)O,C20_GGPP_like,C_long_polycyclic_highly_oxygenated,1,1,C20_GGPP_like::RHEA:25621,1
RHEA:25641,CC(C)=C1CCC(C)CC1=O.CC1CCC(C(C)C)C(=O)C1.NC(=O)c1ccc[n+](C2OC(COP(=O)([O-])OP(=O)([O-])OCC3OC(n4cnc5c(N)ncnc54)C(OP(=O)([O-])[O-])C3O)C(O)C2O)c1>>NC(=O)C1=CN(C2OC(COP(=O)([O-])OP(=O)([O-])OCC3OC(n4cnc5c(N)ncnc54)C(OP(=O)([O-])[O-])C3O)C(O)C2O)C=CC1.[H+],NC(=O)C1=CN(C2OC(COP(=O)([O-])OP(=O)([O-])OCC3OC(n4cnc5c(N)ncnc54)C(OP(=O)([O-])[O-])C3O)C(O)C2O)C=CC1,C20_GGPP_like,C20_polycyclic_highly_oxygenated,1,1,C20_GGPP_like::RHEA:25641,0
RHEA:25645,CC(C)=C1CCC(C)CC1=O.CC1CCC(C(C)C)C(=O)C1.NC(=O)c1ccc[n+](C2OC(COP(=O)([O-])OP(=O)([O-])OCC3OC(n4cnc5c(N)ncnc54)C(OP(=O)([O-])[O-])C3O)C(O)C2O)c1>>NC(=O)C1=CN(C2OC(COP(=O)([O-])OP(=O)([O-])OCC3OC(n4cnc5c(N)ncnc54)C(OP(=O)([O-])[O-])C3O)C(O)C2O)C=CC1.[H+],NC(=O)C1=CN(C2OC(COP(=O)([O-])OP(=O)([O-])OCC3OC(n4cnc5c(N)ncnc54)C(OP(=O)([O-])[O-])C3O)C(O)C2O)C=CC1,C20_GGPP_like,C20_polycyclic_highly_oxygenated,1,1,C20_GGPP_like::RHEA:25641,0
RHEA:25649,C=C(C)C1CCC(C)=CC1=O.C=C(C)C1CCC(C)CC1=O.NC(=O)c1ccc[n+](C2OC(COP(=O)([O-])OP(=O)([O-])OCC3OC(n4cnc5c(N)ncnc54)C(OP(=O)([O-])[O-])C3O)C(O)C2O)c1>>NC(=O)C1=CN(C2OC(COP(=O)([O-])OP(=O)([O-])OCC3OC(n4cnc5c(N)ncnc54)C(OP(=O)([O-])[O-])C3O)C(O)C2O)C=CC1.[H+],NC(=O)C1=CN(C2OC(COP(=O)([O-])OP(=O)([O-])OCC3OC(n4cnc5c(N)ncnc54)C(OP(=O)([O-])[O-])C3O)C(O)C2O)C=CC1,C20_GGPP_like,C20_polycyclic_highly_oxygenated,1,1,C20_GGPP_like::RHEA:25641,0
RHEA:25662,CC(C)=CCCC(C)=CCOP(=O)([O-])OP(=O)([O-])[O-]>>CC1=CCC2CC1C2(C)C.O=P([O-])([O-])OP(=O)([O-])O,CC1=CCC2CC1C2(C)C,C10_GPP_like,C10_polycyclic_hydrocarbon,12,12,C10_GPP_like::RHEA:25488,3
RHEA:25666,CC(C)=CCCC(C)=CCOP(=O)([O-])OP(=O)([O-])[O-]>>C=C1CCC2CC1C2(C)C.O=P([O-])([O-])OP(=O)([O-])O,C=C1CCC2CC1C2(C)C,C10_GPP_like,C10_polycyclic_hydrocarbon,4,4,C10_GPP_like::RHEA:25496,2
RHEA:25694,C=C(C)CCOP(=O)([O-])OP(=O)([O-])[O-].CC(C)=CCCC(C)=CCCC(C)=CCCC(C)=CCOP(=O)([O-])OP(=O)([O-])[O-]>>CC(C)=CCCC(C)=CCCC(C)=CCCC(C)=CCCC(C)=CCOP(=O)([O-])OP(=O)([O-])[O-].O=P([O-])([O-])OP(=O)([O-])O,CC(C)=CCCC(C)=CCCC(C)=CCCC(C)=CCCC(C)=CCOP(=O)([O-])OP(=O)([O-])[O-],C20_GGPP_like,C25_acyclic_highly_oxygenated,13,13,C20_GGPP_like::RHEA:25694,2
RHEA:25759,C=C1CCC2C(C)(C)CCCC2(C)C1CCC(C)=CCOP(=O)([O-])OP(=O)([O-])[O-]>>CC1=CC23CCC4C(C)(C)CCCC4(C)C2CCC1C3.O=P([O-])([O-])OP(=O)([O-])O,CC1=CC23CCC4C(C)(C)CCCC4(C)C2CCC1C3,C20_GGPP_like,C20_polycyclic_hydrocarbon,3,3,C20_GGPP_like::RHEA:25759,3
RHEA:25976,CC1=C2C(O)CC(C)C23CCC(C3)C1(C)C.CC1=C2CCC(C)C23CCC(C3)C1(C)C.O=O.[H+].[S]1[Fe+][S][Fe+]1.[S]1[Fe][S][Fe+]1>>O,,C15_FPP_like,unknown,1,1,C15_FPP_like::RHEA:25976,0
RHEA:25980,CC1=C2C(=O)CC(C)C23CCC(C3)C1(C)C.CC1=C2C(O)CC(C)C23CCC(C3)C1(C)C.O=O.[H+].[S]1[Fe][S][Fe+]1>>O.[S]1[Fe+][S][Fe+]1,,C15_FPP_like,unknown,1,1,C15_FPP_like::RHEA:25980,1
RHEA:25984,CC1=C2C(O)CC(C)C23CCC(C3)C1(C)C.CC1=C2CCC(C)C23CCC(C3)C1(C)C.O=O.[H+].[S]1[Fe+][S][Fe+]1.[S]1[Fe][S][Fe+]1>>O,,C15_FPP_like,unknown,1,1,C15_FPP_like::RHEA:25984,2
RHEA:25988,CC1=C2C(=O)CC(C)C23CCC(C3)C1(C)C.CC1=C2C(O)CC(C)C23CCC(C3)C1(C)C.O=O.[H+].[S]1[Fe][S][Fe+]1>>O.[S]1[Fe+][S][Fe+]1,,C15_FPP_like,unknown,1,1,C15_FPP_like::RHEA:25988,3
RHEA:25992,CC(C)=CCCC(C)=CCCC(C)=CCOP(=O)([O-])OP(=O)([O-])[O-]>>CC1=C2CCC(C)C23CCC(C3)C1(C)C.O=P([O-])([O-])OP(=O)([O-])O,CC1=C2CCC(C)C23CCC(C3)C1(C)C,C15_FPP_like,C15_polycyclic_hydrocarbon,1,1,C15_FPP_like::RHEA:25992,4
RHEA:26081,CC(C)=CCCC(C)=CCCC(C)=CCOP(=O)([O-])OP(=O)([O-])[O-]>>CC(C)=CCCC(C)=C1CC=C(C)CC1.O=P([O-])([O-])OP(=O)([O-])O,CC(C)=CCCC(C)=C1CC=C(C)CC1,C15_FPP_like,C15_mono_hydrocarbon,3,3,C15_FPP_like::RHEA:26081,3
RHEA:26115,CC(C)=CCCC(C)=CCCC(C)=CCOP(=O)([O-])OP(=O)([O-])[O-].O>>CC1CCC2C(C)(C)C3CC12CCC3(C)O.O=P([O-])([O-])OP(=O)([O-])O,CC1CCC2C(C)(C)C3CC12CCC3(C)O,C15_FPP_like,C15_polycyclic_oxygenated,1,1,C15_FPP_like::RHEA:26115,0
RHEA:26128,C=C1CCC2C(C)(C)CCCC2(C)C1CCC(C)=CCOP(=O)([O-])OP(=O)([O-])[O-].C=CC1(C)CCC2C(=CCC3C(C)(C)CCCC23C)C1>>O=P([O-])([O-])OP(=O)([O-])O,,C20_GGPP_like,unknown,4,4,C20_GGPP_like::RHEA:26128,4
RHEA:26160,CC(C)=CCCC(C)=CCCC(C)=CCCC=C(C)CCC=C(C)CCC1OC1(C)C>>CC(C)=CCCC(C)=CCCC(C)C1(C)CCC2=C1CCC1C2(C)CCC(O)C1(C)C,CC(C)=CCCC(C)=CCCC(C)C1(C)CCC2=C1CCC1C2(C)CCC(O)C1(C)C,C30_long_prenyl_like,C_long_polycyclic_oxygenated,1,1,C30_long_prenyl_like::RHEA:26160,3
RHEA:26213,C=C1CCC2C(C)(C)CCCC2(C)C1CCC(C)=CCOP(=O)([O-])OP(=O)([O-])[O-].O>>O=C1c2ccc(O)cc2C(=O)c2ccc(O)cc21.O=P([O-])([O-])OP(=O)([O-])O,O=C1c2ccc(O)cc2C(=O)c2ccc(O)cc21,C20_GGPP_like,C15_polycyclic_highly_oxygenated,1,1,C20_GGPP_like::RHEA:26213,2
RHEA:26245,CC(C)=CCCC(C)=CCCC(C)=CCCC(C)=CCOP(=O)([O-])OP(=O)([O-])[O-]>>CC1=C2CC3(C)CCC(C(C)C)=C3CCC(C)C2CC1.O=P([O-])([O-])OP(=O)([O-])O,CC1=C2CC3(C)CCC(C(C)C)=C3CCC(C)C2CC1,C20_GGPP_like,C20_polycyclic_hydrocarbon,2,2,C20_GGPP_like::RHEA:26245,0
RHEA:26430,C=C1CCC2C(C)(C)CCCC2(C)C1CCC(C)=CCOP(=O)([O-])OP(=O)([O-])[O-].CC1(C)CCCC2(C)C1CCC13CC(CCC12)C(C)(O)C3.O>>O=P([O-])([O-])OP(=O)([O-])O,,C20_GGPP_like,unknown,1,1,C20_GGPP_like::RHEA:26430,3
RHEA:27421,CC(C)=CCCC(C)=CCCC(C)=CCOP(=O)([O-])OP(=O)([O-])[O-]>>C=CC(C)=CCC=C(C)CCC=C(C)C.O=P([O-])([O-])OP(=O)([O-])O,C=CC(C)=CCC=C(C)CCC=C(C)C,C15_FPP_like,C15_acyclic_hydrocarbon,13,13,C15_FPP_like::RHEA:27421,2
RHEA:27425,CC(C)=CCCC(C)=CCCC(C)=CCOP(=O)([O-])OP(=O)([O-])[O-]>>C=CC(=C)CCC=C(C)CCC=C(C)C.O=P([O-])([O-])OP(=O)([O-])O,C=CC(=C)CCC=C(C)CCC=C(C)C,C15_FPP_like,C15_acyclic_hydrocarbon,26,26,C15_FPP_like::RHEA:27421,2
RHEA:27526,CC(C)=CCCC(C)=CCCC(C)=CCOP(=O)([O-])OP(=O)([O-])[O-].O>>CC(C)=CCCC(C)=CCCC(C)=CCO.O=P([O-])([O-])OP(=O)([O-])O,CC(C)=CCCC(C)=CCCC(C)=CCO,C15_FPP_like,C15_acyclic_oxygenated,1,1,C15_FPP_like::RHEA:27421,2
RHEA:27530,CC(C)=CCCC(C)=CCCC(C)=CCOP(=O)([O-])OP(=O)([O-])[O-].O>>C=CC(C)(O)CCC=C(C)CCC=C(C)C.O=P([O-])([O-])OP(=O)([O-])O,C=CC(C)(O)CCC=C(C)CCC=C(C)C,C15_FPP_like,C15_acyclic_oxygenated,5,5,C15_FPP_like::RHEA:27421,2
RHEA:27534,CC(C)=CCCC(C)=CCCC(C)=CCOP(=O)([O-])OP(=O)([O-])[O-].O>>C=CC(C)(O)CCC=C(C)CCC=C(C)C.O=P([O-])([O-])OP(=O)([O-])O,C=CC(C)(O)CCC=C(C)CCC=C(C)C,C15_FPP_like,C15_acyclic_oxygenated,2,2,C15_FPP_like::RHEA:27421,2
RHEA:27830,CC(C)=CCCC(C)=CCOP(=O)([O-])OP(=O)([O-])[O-]>>C=C1C=CC(C(C)C)CC1.O=P([O-])([O-])OP(=O)([O-])O,C=C1C=CC(C(C)C)CC1,C10_GPP_like,C10_mono_hydrocarbon,1,1,C10_GPP_like::RHEA:25504,2
RHEA:27954,CC(C)=CCCC(C)=CCCC(C)=CCOP(=O)([O-])OP(=O)([O-])[O-].O>>CC1CCC2C(C)(C)CC3(C)CCC1C23O.O=P([O-])([O-])OP(=O)([O-])O,CC1CCC2C(C)(C)CC3(C)CCC1C23O,C15_FPP_like,C15_polycyclic_oxygenated,1,1,C15_FPP_like::RHEA:27954,1
RHEA:28266,CC(C)=CCCC(C)=CCCC(C)=CCOP(=O)([O-])OP(=O)([O-])[O-]>>C=C(CCC=C(C)C)C1CC=C(C)CC1.O=P([O-])([O-])OP(=O)([O-])O,C=C(CCC=C(C)C)C1CC=C(C)CC1,C15_FPP_like,C15_mono_hydrocarbon,8,8,C15_FPP_like::RHEA:12516,1
RHEA:28282,C=C(CCC=C(C)C)C1CC=C(C)CC1>>CC1=CCC(C2=CCCC(C)(C)C2)CC1,CC1=CCC(C2=CCCC(C)(C)C2)CC1,C15_FPP_like,C15_bicyclic_hydrocarbon,2,2,C15_FPP_like::RHEA:28282,2
RHEA:28290,CC(C)=CCCC(C)=CCCC(C)=CCOP(=O)([O-])OP(=O)([O-])[O-].O>>CC1=CCC2C(C)(C)CCCC2(C)C1CO.O=P([O-])([O-])OP(=O)([O-])O,CC1=CCC2C(C)(C)CCCC2(C)C1CO,C15_FPP_like,C15_bicyclic_oxygenated,3,3,C15_FPP_like::RHEA:28290,1
RHEA:28294,CC(C)=CCCC(C)=CCCC(C)=CCOP(=O)([O-])OP(=O)([O-])[O-]>>C=C1CCC=C(C)CCC2C1CC2(C)C.O=P([O-])([O-])OP(=O)([O-])O,C=C1CCC=C(C)CCC2C1CC2(C)C,C15_FPP_like,C15_bicyclic_hydrocarbon,21,21,C15_FPP_like::RHEA:28294,1
RHEA:28298,CC(C)=CCCC(C)=CCCC(C)=CCOP(=O)([O-])OP(=O)([O-])[O-]>>CC(C)=CCCC(C)=C1CC=C(C)CC1.O=P([O-])([O-])OP(=O)([O-])O,CC(C)=CCCC(C)=C1CC=C(C)CC1,C15_FPP_like,C15_mono_hydrocarbon,4,4,C15_FPP_like::RHEA:26081,3
RHEA:28302,CC(C)=CCCC(C)=CCCC(C)=CCOP(=O)([O-])OP(=O)([O-])[O-]>>CC1=CC=C(C(C)C)CCC(C)=CCC1.O=P([O-])([O-])OP(=O)([O-])O,CC1=CC=C(C(C)C)CCC(C)=CCC1,C15_FPP_like,C15_mono_hydrocarbon,2,2,C15_FPP_like::RHEA:28302,4
RHEA:28635,CC(C)=CCCC(C)=CCCC(C)=CCOP(=O)([O-])OP(=O)([O-])[O-]>>C=C(C)C1CC=C2CCCC(C)C2(C)C1.O=P([O-])([O-])OP(=O)([O-])O,C=C(C)C1CC=C2CCCC(C)C2(C)C1,C15_FPP_like,C15_bicyclic_hydrocarbon,6,6,C15_FPP_like::RHEA:19825,0
RHEA:28639,CC(C)=CCCC(C)=CCCC(C)=CCOP(=O)([O-])OP(=O)([O-])[O-]>>C=C1CCC(C(C)C)C2C=C(C)CCC12.O=P([O-])([O-])OP(=O)([O-])O,C=C1CCC(C(C)C)C2C=C(C)CCC12,C15_FPP_like,C15_bicyclic_hydrocarbon,1,1,C15_FPP_like::RHEA:28639,2
RHEA:28643,CC(C)=CCCC(C)=CCCC(C)=CCOP(=O)([O-])OP(=O)([O-])[O-]>>CC(C)=CCCC(C)C1C=CC(C)=CC1.O=P([O-])([O-])OP(=O)([O-])O,CC(C)=CCCC(C)C1C=CC(C)=CC1,C15_FPP_like,C15_mono_hydrocarbon,4,4,C15_FPP_like::RHEA:28643,0
RHEA:29483,CC(C)=CCCC(C)=CCCC(C)=CCOP(=O)([O-])OP(=O)([O-])[O-]>>C=C(C)C1CCC2(C)CCCC(=C)C2C1.O=P([O-])([O-])OP(=O)([O-])O,C=C(C)C1CCC2(C)CCCC(=C)C2C1,C15_FPP_like,C15_bicyclic_hydrocarbon,2,2,C15_FPP_like::RHEA:29483,0
RHEA:29487,CC(C)=CCCC(C)=CCCC(C)=CCOP(=O)([O-])OP(=O)([O-])[O-]>>Cc1cccc(Nc2ccccc2C(=O)O)c1C.O=P([O-])([O-])OP(=O)([O-])O,Cc1cccc(Nc2ccccc2C(=O)O)c1C,C15_FPP_like,C15_bicyclic_oxygenated,1,1,C15_FPP_like::RHEA:29487,2
RHEA:29491,CC(C)=CCCC(C)=CCCC(C)=CCOP(=O)([O-])OP(=O)([O-])[O-]>>C=C1C=C2C(C(C)C)CCC(C)C2CC1.O=P([O-])([O-])OP(=O)([O-])O,C=C1C=C2C(C(C)C)CCC(C)C2CC1,C15_FPP_like,C15_bicyclic_hydrocarbon,1,1,C15_FPP_like::RHEA:29491,3
RHEA:29495,CC(C)=CCCC(C)=CCCC(C)=CCOP(=O)([O-])OP(=O)([O-])[O-].O>>C=C1CCCC2(C)CCC(C(C)(C)O)CC12.O=P([O-])([O-])OP(=O)([O-])O,C=C1CCCC2(C)CCC(C(C)(C)O)CC12,C15_FPP_like,C15_bicyclic_oxygenated,1,1,C15_FPP_like::RHEA:29495,2
RHEA:29499,CC(C)=CCCC(C)=CCCC(C)=CCOP(=O)([O-])OP(=O)([O-])[O-]>>CC1=CCC2(C)CC1C1(C)CCCC21C.O=P([O-])([O-])OP(=O)([O-])O,CC1=CCC2(C)CC1C1(C)CCCC21C,C15_FPP_like,C15_polycyclic_hydrocarbon,1,1,C15_FPP_like::RHEA:29499,0
RHEA:29503,CC(C)=CCCC(C)=CCCC(C)=CCOP(=O)([O-])OP(=O)([O-])[O-].O>>CC12CCC(=O)C=C1CCC1C2C(=O)CC2(C)C(O)CCC12.O=P([O-])([O-])OP(=O)([O-])O,CC12CCC(=O)C=C1CCC1C2C(=O)CC2(C)C(O)CCC12,C15_FPP_like,C20_polycyclic_highly_oxygenated,1,1,C15_FPP_like::RHEA:29503,4
RHEA:29507,CC(C)=CCCC(C)=CCCC(C)=CCOP(=O)([O-])OP(=O)([O-])[O-]>>CC1=C2C(CC1)C(C)CCC1C2C1(C)C.O=P([O-])([O-])OP(=O)([O-])O,CC1=C2C(CC1)C(C)CCC1C2C1(C)C,C15_FPP_like,C15_polycyclic_hydrocarbon,1,1,C15_FPP_like::RHEA:29507,0
RHEA:29511,CC(C)=CCCC(C)=CCCC(C)=CCOP(=O)([O-])OP(=O)([O-])[O-]>>C=C(C)C1CCC2=CCCC(C)C2(C)C1.O=P([O-])([O-])OP(=O)([O-])O,C=C(C)C1CCC2=CCCC(C)C2(C)C1,C15_FPP_like,C15_bicyclic_hydrocarbon,7,7,C15_FPP_like::RHEA:19825,0
RHEA:30371,CC1=CCCC(C)C=CC(C(C)(C)O)CC1.O>>CC(C)=O.CC1CCCC2(C)CCCCC12O,CC1CCCC2(C)CCCCC12O,C15_FPP_like,C10_bicyclic_oxygenated,1,1,C15_FPP_like::RHEA:30371,1
RHEA:30375,CC(C)=CCCC(C)=CCCC(C)=CCOP(=O)([O-])OP(=O)([O-])[O-]>>CC1=CCC2(C)CCCC(C)(C)C23CC13.O=P([O-])([O-])OP(=O)([O-])O,CC1=CCC2(C)CCCC(C)(C)C23CC13,C15_FPP_like,C15_polycyclic_hydrocarbon,2,2,C15_FPP_like::RHEA:29499,0
RHEA:30379,CC(C)=CCCC(C)=CCCC(C)=CCOP(=O)([O-])OP(=O)([O-])[O-]>>C=C1CCCC(C)(C)C12CC=C(C)CC2.O=P([O-])([O-])OP(=O)([O-])O,C=C1CCCC(C)(C)C12CC=C(C)CC2,C15_FPP_like,C15_bicyclic_hydrocarbon,1,1,C15_FPP_like::RHEA:12052,1
RHEA:30383,CC(C)=CCCC(C)=CCCC(C)=CCOP(=O)([O-])OP(=O)([O-])[O-]>>C=C(C)C1CCC2(C)CCC=C(C)C2C1.O=P([O-])([O-])OP(=O)([O-])O,C=C(C)C1CCC2(C)CCC=C(C)C2C1,C15_FPP_like,C15_bicyclic_hydrocarbon,2,2,C15_FPP_like::RHEA:29495,2
RHEA:30423,CC(C)=CCCC(C)=CCCC(C)=CCOP(=O)([O-])OP(=O)([O-])[O-]>>CC1=C2C=C(C(C)C)CCC2(C)CCC1.O=P([O-])([O-])OP(=O)([O-])O,CC1=C2C=C(C(C)C)CCC2(C)CCC1,C15_FPP_like,C15_bicyclic_hydrocarbon,2,2,C15_FPP_like::RHEA:25440,1
RHEA:30427,CC(C)=CCCC(C)=CCCC(C)=CCOP(=O)([O-])OP(=O)([O-])[O-]>>C=C1C=CC(C(C)C)CCC(C)=CCC1.O=P([O-])([O-])OP(=O)([O-])O,C=C1C=CC(C(C)C)CCC(C)=CCC1,C15_FPP_like,C15_mono_hydrocarbon,4,4,C15_FPP_like::RHEA:12016,3
RHEA:30431,CC(C)=CCCC(C)=CCCC(C)=CCCC=C(C)CCC=C(C)CCC1OC1(C)C>>CCC1(c2ccc(O)cc2)C(=O)NC(=O)NC1=O,CCC1(c2ccc(O)cc2)C(=O)NC(=O)NC1=O,C30_long_prenyl_like,C10_bicyclic_highly_oxygenated,2,2,C30_long_prenyl_like::RHEA:30431,3
RHEA:30451,CC(C)=CCCC(C)=CCCC(C)=CCCC=C(C)CCC=C(C)CCC1OC1(C)C>>CC1(C)CCC2(C)CCC3(C)C4=C(CCC3(C)C2C1)C1(C)CCC(O)C(C)(C)C1CC4,CC1(C)CCC2(C)CCC3(C)C4=C(CCC3(C)C2C1)C1(C)CCC(O)C(C)(C)C1CC4,C30_long_prenyl_like,C_long_polycyclic_oxygenated,1,1,C30_long_prenyl_like::RHEA:14621,2
RHEA:30463,CC(C)=CCCC(C)=CCCC(C)=CCOP(=O)([O-])OP(=O)([O-])[O-]>>CC(C)=CCCC1(C)C2CC3C(C2)C31C.O=P([O-])([O-])OP(=O)([O-])O,CC(C)=CCCC1(C)C2CC3C(C2)C31C,C15_FPP_like,C15_polycyclic_hydrocarbon,1,1,C15_FPP_like::RHEA:30463,0
RHEA:30467,CC(C)=CCCC(C)=CCCC(C)=CCOP(=O)([O-])OP(=O)([O-])[O-]>>C=C1CCC2CC1C2(C)CCC=C(C)C.O=P([O-])([O-])OP(=O)([O-])O,C=C1CCC2CC1C2(C)CCC=C(C)C,C15_FPP_like,C15_polycyclic_hydrocarbon,1,1,C15_FPP_like::RHEA:30467,0
RHEA:30471,CC(C)=CCCC(C)=CCCC(C)=CCOP(=O)([O-])OP(=O)([O-])[O-]>>CC(C)=CCCC1(C)C2CC=C(C)C1C2.O=P([O-])([O-])OP(=O)([O-])O,CC(C)=CCCC1(C)C2CC=C(C)C1C2,C15_FPP_like,C15_polycyclic_hydrocarbon,4,4,C15_FPP_like::RHEA:30467,0
RHEA:30675,CC1(C)CCCC2(C)C1CCC1(C)C2CCC2C3(C)CCC(O)C(C)(C)C3CCC21C>>CC(C)=CCCC(C)=CCCC(C)=CCCC=C(C)CCC=C(C)CCC=C(C)C.O,CC(C)=CCCC(C)=CCCC(C)=CCCC=C(C)CCC=C(C)CCC=C(C)C,C30_long_prenyl_like,C_long_acyclic_hydrocarbon,1,1,C30_long_prenyl_like::RHEA:25282,3
RHEA:30855,CC(C)=CCCC(C)(O)C1CCC2(C)C1CCC1C3(C)CCC(O)C(C)(C)C3CCC12C>>CC(C)=CCCC(C)=CCCC(C)=CCCC=C(C)CCC=C(C)CCC1OC1(C)C.O,CC(C)=CCCC(C)=CCCC(C)=CCCC=C(C)CCC=C(C)CCC1OC1(C)C,C30_long_prenyl_like,C_long_mono_oxygenated,1,1,C30_long_prenyl_like::RHEA:25282,3
RHEA:30947,CC(C)=CCC/C(C)=C/CC/C(C)=C/COP(=O)([O-])OP(=O)([O-])[O-].[H]O[H]>>Nc1nc(=O)c2ncn([C@@H]3O[C@H](CO)[C@@H](O)[C@H]3OP(=O)(O)O)c2n1.O=P([O-])([O-])OP(=O)([O-])O,,C15_FPP_like,unknown,1,1,C15_FPP_like::RHEA:30947,1
RHEA:30951,CC(C)=CCCC(C)=CCCC(C)=CCOP(=O)([O-])OP(=O)([O-])[O-].O>>CC1=CCCC2(C)CCC(C(C)(C)O)CC12.O=P([O-])([O-])OP(=O)([O-])O,CC1=CCCC2(C)CCC(C(C)(C)O)CC12,C15_FPP_like,C15_bicyclic_oxygenated,1,1,C15_FPP_like::RHEA:29495,2
RHEA:30987,CC(C)=CCCC(C)=CCCC(C)=CCCC=C(C)CCC=C(C)CCC1OC1(C)C>>CC(C)=CCCC(C)=C1CCC2(C)C1CCC1C3(C)CCC(O)C(C)(C)C3CCC12C,CC(C)=CCCC(C)=C1CCC2(C)C1CCC1C3(C)CCC(O)C(C)(C)C3CCC12C,C30_long_prenyl_like,C_long_polycyclic_oxygenated,4,4,C30_long_prenyl_like::RHEA:30987,2
RHEA:30999,CC(C)=CCCC(C)=CCCC(C)=CCCC=C(C)CCC=C(C)CCC1OC1(C)C>>CC(C)=CCCC(C)C1CCC2(C)C3CC=C4C(CCC(O)C4(C)C)C3(C)CCC12C,CC(C)=CCCC(C)C1CCC2(C)C3CC=C4C(CCC(O)C4(C)C)C3(C)CCC12C,C30_long_prenyl_like,C_long_polycyclic_oxygenated,2,2,C30_long_prenyl_like::RHEA:21308,0
RHEA:31003,CC(C)=CCCC(C)=CCCC(C)=CCCC=C(C)CCC=C(C)CCC1OC1(C)C>>CC1(C)C=C2C3CCC4C5(C)CCC(O)C(C)(C)C5CCC4(C)C3(C)CCC2(C)CC1,CC1(C)C=C2C3CCC4C5(C)CCC(O)C(C)(C)C5CCC4(C)C3(C)CCC2(C)CC1,C30_long_prenyl_like,C_long_polycyclic_oxygenated,2,2,C30_long_prenyl_like::RHEA:31003,4
RHEA:31007,CC(C)=CCCC(C)=CCCC(C)=CCCC=C(C)CCC=C(C)CCC1OC1(C)C>>CC1(C)CCC2(C)CCC3(C)C(=CCC4C5(C)CCC(O)C(C)(C)C5CCC43C)C2C1,CC1(C)CCC2(C)CCC3(C)C(=CCC4C5(C)CCC(O)C(C)(C)C5CCC43C)C2C1,C30_long_prenyl_like,C_long_polycyclic_oxygenated,18,18,C30_long_prenyl_like::RHEA:31007,1
RHEA:31011,CC(C)=CCCC(C)=CCCC(C)=CCCC=C(C)CCC=C(C)CCC1OC1(C)C>>CC(C)=CCCC(C)=CCCC(C)=CCCC=C(C)CCC1C(C)=CCC(O)C1(C)C,CC(C)=CCCC(C)=CCCC(C)=CCCC=C(C)CCC1C(C)=CCC(O)C1(C)C,C30_long_prenyl_like,C_long_mono_oxygenated,1,1,C30_long_prenyl_like::RHEA:31011,4
RHEA:31023,CC(C)=CCCC(C)=CCCC(C)=CCCC=C(C)CCC=C(C)CCC=C(C)C>>C=C(CCC=C(C)C)C1CCC2(C)C1CCC1C3(C)CCCC(C)(C)C3CCC12C,C=C(CCC=C(C)C)C1CCC2(C)C1CCC1C3(C)CCCC(C)(C)C3CCC12C,C30_long_prenyl_like,C_long_polycyclic_hydrocarbon,1,1,C30_long_prenyl_like::RHEA:31023,0
RHEA:31035,CC(C)CCOC(=O)c1ccco1>>CC(C)=CCCC(C)=CCCC(C)=CCCC=C(C)CCC=C(C)CCC1OC1(C)C.O,CC(C)=CCCC(C)=CCCC(C)=CCCC=C(C)CCC=C(C)CCC1OC1(C)C,C10_GPP_like,C_long_mono_oxygenated,1,1,C10_GPP_like::RHEA:31035,3
RHEA:31351,CC(C)(O)C1CCC2(C)CCC3(C)C(CCC4C5(C)CCC(O)C(C)(C)C5CCC43C)C12>>CC(C)=CCCC(C)=CCCC(C)=CCCC=C(C)CCC=C(C)CCC1OC1(C)C.O,CC(C)=CCCC(C)=CCCC(C)=CCCC=C(C)CCC=C(C)CCC1OC1(C)C,C30_long_prenyl_like,C_long_mono_oxygenated,1,1,C30_long_prenyl_like::RHEA:25282,3
RHEA:31383,CC(C)=CCCC(C)=CCCC(C)=CCCC=C(C)CCC=C(C)CCC1OC1(C)C>>C=C(C)C1CCC2(C)CCC3(C)C(CCC4C5(C)CCC(O)C(C)(C)C5CCC43C)C12,C=C(C)C1CCC2(C)CCC3(C)C(CCC4C5(C)CCC(O)C(C)(C)C5CCC43C)C12,C30_long_prenyl_like,C_long_polycyclic_oxygenated,11,11,C30_long_prenyl_like::RHEA:31383,2
RHEA:31387,CC(C)=CCCC(C)=CCCC(C)=CCCC=C(C)CCC=C(C)CCC1OC1(C)C>>CC1CCC2(C)CCC3(C)C(=CCC4C5(C)CCC(O)C(C)(C)C5CCC43C)C2C1C,CC1CCC2(C)CCC3(C)C(=CCC4C5(C)CCC(O)C(C)(C)C5CCC43C)C2C1C,C30_long_prenyl_like,C_long_polycyclic_oxygenated,3,3,C30_long_prenyl_like::RHEA:31007,1
RHEA:31415,CC(C)=CCCC(C)=CCCC(C)=CCOP(=O)([O-])OP(=O)([O-])[O-]>>C=C1C2CCC3(C2)C(C)CCC3C1(C)C.O=P([O-])([O-])OP(=O)([O-])O,C=C1C2CCC3(C2)C(C)CCC3C1(C)C,C15_FPP_like,C15_polycyclic_hydrocarbon,1,1,C15_FPP_like::RHEA:31415,2
RHEA:31419,CC(C)=CCCC(C)=CCCC(C)=CCOP(=O)([O-])OP(=O)([O-])[O-]>>O=C([O-])C(=O)[O-].O=P([O-])([O-])OP(=O)([O-])O.[Na+].[Na+],O=C([O-])C(=O)[O-],C15_FPP_like,C5_acyclic_highly_oxygenated,3,3,C15_FPP_like::RHEA:31419,3
RHEA:31423,CC(C)=CCCC(C)=CCCC(C)=CCOP(=O)([O-])OP(=O)([O-])[O-]>>CC1=CCC23CC1C(C)(C)C2CCC3C.O=P([O-])([O-])OP(=O)([O-])O,CC1=CCC23CC1C(C)(C)C2CCC3C,C15_FPP_like,C15_polycyclic_hydrocarbon,1,1,C15_FPP_like::RHEA:31423,2
RHEA:31427,CC(C)=CCCC(C)=CCCC(C)=CCOP(=O)([O-])OP(=O)([O-])[O-]>>CC(C)=CCCC1(C)C2CC=C(C)C1C2.O=P([O-])([O-])OP(=O)([O-])O,CC(C)=CCCC1(C)C2CC=C(C)C1C2,C15_FPP_like,C15_polycyclic_hydrocarbon,11,11,C15_FPP_like::RHEA:30467,0
RHEA:31431,CC(C)=CCCC(C)=CCCC(C)=CCOP(=O)([O-])OP(=O)([O-])[O-]>>C=C1C2CCC(C2)C1(C)CCC=C(C)C.O=P([O-])([O-])OP(=O)([O-])O,C=C1C2CCC(C2)C1(C)CCC=C(C)C,C15_FPP_like,C15_bicyclic_hydrocarbon,3,3,C15_FPP_like::RHEA:30467,0
RHEA:31435,CC(C)=CCCC(C)=CCCC(C)=CCOP(=O)([O-])OP(=O)([O-])[O-]>>CC(C)=CCCC1(C)C2CC3C(C2)C31C.O=P([O-])([O-])OP(=O)([O-])O,CC(C)=CCCC1(C)C2CC3C(C2)C31C,C15_FPP_like,C15_polycyclic_hydrocarbon,3,3,C15_FPP_like::RHEA:30463,0
RHEA:31439,CC(C)=CCCC(C)=CCCC(C)=CCOP(=O)([O-])OP(=O)([O-])[O-]>>CC(C)c1cc2c(cc1O)C1(C)CCCC(C)(C)C1CC2=O.O=P([O-])([O-])OP(=O)([O-])O,CC(C)c1cc2c(cc1O)C1(C)CCCC(C)(C)C1CC2=O,C15_FPP_like,C20_polycyclic_oxygenated,1,1,C15_FPP_like::RHEA:31439,3
RHEA:31699,CC1=CC2CC(C)(C)CC23C(C)CCC13.CC1CCC2C(C=O)=CC3CC(C)(C)CC132.O=O.[H+].[S]1[Fe][S][Fe+]1>>O.[S]1[Fe+][S][Fe+]1,,C15_FPP_like,unknown,1,1,C15_FPP_like::RHEA:31699,4
RHEA:31795,,,unknown,unknown,1,1,unknown::RHEA:31795,1
RHEA:31807,CC(C)=CCCC(C)=CCCC(C)=CCOP(=O)([O-])OP(=O)([O-])[O-]>>C=C(C)C1CCC(C)C2=C(C1)C(C)CC2.O=P([O-])([O-])OP(=O)([O-])O,C=C(C)C1CCC(C)C2=C(C1)C(C)CC2,C15_FPP_like,C15_bicyclic_hydrocarbon,4,4,C15_FPP_like::RHEA:31807,1
RHEA:31811,CC(C)=CCCC(C)=CCCC(C)=CCOP(=O)([O-])OP(=O)([O-])[O-]>>CC1=C2CCC(C)C2C2C(CC1)C2(C)C.O=P([O-])([O-])OP(=O)([O-])O,CC1=C2CCC(C)C2C2C(CC1)C2(C)C,C15_FPP_like,C15_polycyclic_hydrocarbon,6,6,C15_FPP_like::RHEA:31811,2
RHEA:31815,CC(C)=CCCC(C)=CCCC(C)=CCOP(=O)([O-])OP(=O)([O-])[O-]>>C=C1CCC=C(C)CCC2C1CC2(C)C.O=P([O-])([O-])OP(=O)([O-])O,C=C1CCC=C(C)CCC2C1CC2(C)C,C15_FPP_like,C15_bicyclic_hydrocarbon,2,2,C15_FPP_like::RHEA:28294,1
RHEA:31819,CC(C)=CCCC(C)=CCCC(C)=CCOP(=O)([O-])OP(=O)([O-])[O-]>>Cc1ccc(C)n1C.O=P([O-])([O-])OP(=O)([O-])O,Cc1ccc(C)n1C,C15_FPP_like,C10_mono_hydrocarbon,1,1,C15_FPP_like::RHEA:31819,0
RHEA:31823,CC(C)=CCCC(C)=CCCC(C)=CCOP(=O)([O-])OP(=O)([O-])[O-].O>>CC(C)C1CCC(C)C23CCC(C)(O)C2C13.O=P([O-])([O-])OP(=O)([O-])O,CC(C)C1CCC(C)C23CCC(C)(O)C2C13,C15_FPP_like,C15_polycyclic_oxygenated,2,2,C15_FPP_like::RHEA:31823,3
RHEA:31827,CC(C)=CCCC(C)=CCCC(C)=CCOP(=O)([O-])OP(=O)([O-])[O-]>>CC1CC2CC(O)CC(O)=C2C(=O)O1.O=P([O-])([O-])OP(=O)([O-])O,CC1CC2CC(O)CC(O)=C2C(=O)O1,C15_FPP_like,C10_bicyclic_highly_oxygenated,3,3,C15_FPP_like::RHEA:31827,4
RHEA:31831,CC(C)=CCC/C(C)=C/CC/C(C)=C/COP(=O)([O-])OP(=O)([O-])[O-]>>CCc1ncc(C)n1.O=P([O-])([O-])OP(=O)([O-])O,,C15_FPP_like,unknown,4,4,C15_FPP_like::RHEA:31831,2
RHEA:31847,CC(C)=CCCC(C)=CCCC(C)=CCCC=C(C)CCC=C(C)CCC1OC1(C)C>>CC(C)=CCCC1(C)CCC2(C)C3CCC4(C)C(C)C(=O)CCC4C3(C)CCC2(C)C1,CC(C)=CCCC1(C)CCC2(C)C3CCC4(C)C(C)C(=O)CCC4C3(C)CCC2(C)C1,C30_long_prenyl_like,C_long_polycyclic_oxygenated,1,1,C30_long_prenyl_like::RHEA:31847,1
RHEA:31851,CC(C)=CCCC(C)=CCCC(C)=CCCC=C(C)CCC=C(C)CCC1OC1(C)C>>CC(C)=CCCC(C)C1CCC2(C)C3CCC4C(C)(CCC(O)C4(C)C)C3=CCC12C,CC(C)=CCCC(C)C1CCC2(C)C3CCC4C(C)(CCC(O)C4(C)C)C3=CCC12C,C30_long_prenyl_like,C_long_polycyclic_oxygenated,1,1,C30_long_prenyl_like::RHEA:21308,0
RHEA:31855,CC(C)=CCCC(C)=CCCC(C)=CCCC=C(C)CCC=C(C)CCC1OC1(C)C>>NC(=O)c1ncccc1O,NC(=O)c1ncccc1O,C30_long_prenyl_like,C5_mono_oxygenated,1,1,C30_long_prenyl_like::RHEA:31855,2
RHEA:31859,CC(C)=CCCC(C)=CCCC(C)=CCCC=C(C)CCC=C(C)CCC1OC1(C)C>>CC1(C)CCC2(C)CCC3(C)C4CC=C5C(CCC(O)C5(C)C)C4(C)CCC3(C)C2C1,CC1(C)CCC2(C)CCC3(C)C4CC=C5C(CCC(O)C5(C)C)C4(C)CCC3(C)C2C1,C30_long_prenyl_like,C_long_polycyclic_oxygenated,1,1,C30_long_prenyl_like::RHEA:21308,0
RHEA:31863,CC(C)=CCCC(C)=CCCC(C)=CCCC=C(C)CCC=C(C)CCC1OC1(C)C>>CCNC1CC(N)C(OC2OC(CN)CCC2N)C(O)C1OC1OCC(C)(O)C(NC)C1O,CCNC1CC(N)C(OC2OC(CN)CCC2N)C(O)C1OC1OCC(C)(O)C(NC)C1O,C30_long_prenyl_like,C20_polycyclic_highly_oxygenated,1,1,C30_long_prenyl_like::RHEA:31863,3
RHEA:31867,CC(C)=CCCC(C)=CCCC(C)=CCCC=C(C)CCC=C(C)CCC1OC1(C)C>>CC(C)=CCCC1(C)CCC2(C)C3CCC4C(C)(C)C5CCC4(O5)C3(C)CCC2(C)C1,CC(C)=CCCC1(C)CCC2(C)C3CCC4C(C)(C)C5CCC4(O5)C3(C)CCC2(C)C1,C30_long_prenyl_like,C_long_polycyclic_oxygenated,1,1,C30_long_prenyl_like::RHEA:31867,4
RHEA:31871,CC(C)=CCCC(C)=CCCC(C)=CCCC=C(C)CCC=C(C)CCC1OC1(C)C>>CC1=CCC2C(C)(C)C(O)CCC2(C)C1CCC1=C(C)CCC2(C)CCC(C)C(C)C12,CC1=CCC2C(C)(C)C(O)CCC2(C)C1CCC1=C(C)CCC2(C)CCC(C)C(C)C12,C30_long_prenyl_like,C_long_polycyclic_oxygenated,1,1,C30_long_prenyl_like::RHEA:31871,0
RHEA:31875,CC(C)=CCCC(C)=CCCC(C)=CCCC=C(C)CCC=C(C)CCC1OC1(C)C>>CC(C)=CCCC(C)=CCCC(C)=CCCC1(C)C(C)CCC(=C(C)C)C1CCC=O,CC(C)=CCCC(C)=CCCC(C)=CCCC1(C)C(C)CCC(=C(C)C)C1CCC=O,C30_long_prenyl_like,C_long_mono_oxygenated,1,1,C30_long_prenyl_like::RHEA:31875,0
RHEA:31879,CC(C)=CCCC(C)=CCCC(C)=CCCC=C(C)CCC=C(C)CCC1OC1(C)C>>CC1=CCC2C(C)(C)C(O)CCC2(C)C1CCC1=C(C)CCC2(C)CCC(C)(C)CC12,CC1=CCC2C(C)(C)C(O)CCC2(C)C1CCC1=C(C)CCC2(C)CCC(C)(C)CC12,C30_long_prenyl_like,C_long_polycyclic_oxygenated,1,1,C30_long_prenyl_like::RHEA:31871,0
RHEA:31883,CC(C)=CCCC(C)=CCCC(C)=CCCC=C(C)CCC=C(C)CCC1OC1(C)C>>CC1(C)CCC2(C)CCC3(C)C(=C2C1)CCC1C2(C)CCC(O)C(C)(C)C2CCC13C,CC1(C)CCC2(C)CCC3(C)C(=C2C1)CCC1C2(C)CCC(O)C(C)(C)C2CCC13C,C30_long_prenyl_like,C_long_polycyclic_oxygenated,1,1,C30_long_prenyl_like::RHEA:14621,2
RHEA:31887,CC(C)=CCCC(C)=CCCC(C)=CCCC=C(C)CCC=C(C)CCC1OC1(C)C>>CC(C)=CCCC(C)C1CCC2(C)C3=CCC4C(C)(C)C(O)CCC4(C)C3CCC12C,CC(C)=CCCC(C)C1CCC2(C)C3=CCC4C(C)(C)C(O)CCC4(C)C3CCC12C,C30_long_prenyl_like,C_long_polycyclic_oxygenated,5,5,C30_long_prenyl_like::RHEA:21308,0
RHEA:31895,CC(C)=CCCC(C)=CCCC(C)=CCOP(=O)([O-])OP(=O)([O-])[O-]>>CC1=CCCC(C)=CCC(C)(C)C=CC1.O=P([O-])([O-])OP(=O)([O-])O,CC1=CCCC(C)=CCC(C)(C)C=CC1,C15_FPP_like,C15_mono_hydrocarbon,17,17,C15_FPP_like::RHEA:31895,0
RHEA:31987,CC(C)=CCCC(C)=CCCC(C)=CCCC=C(C)CCC=C(C)CCC1OC1(C)C>>CC(C)=CCCC1(C)CCC2(C)C3CC=C4C(CCC(O)C4(C)C)C3(C)CCC2(C)C1,CC(C)=CCCC1(C)CCC2(C)C3CC=C4C(CCC(O)C4(C)C)C3(C)CCC2(C)C1,C30_long_prenyl_like,C_long_polycyclic_oxygenated,1,1,C30_long_prenyl_like::RHEA:21308,0
RHEA:31991,CC(C)=CCCC(C)=CCCC(C)=CCOP(=O)([O-])OP(=O)([O-])[O-]>>CC(C)=CCCC(C)C12CC=C(C)C1C2.O=P([O-])([O-])OP(=O)([O-])O,CC(C)=CCCC(C)C12CC=C(C)C1C2,C15_FPP_like,C15_bicyclic_hydrocarbon,1,1,C15_FPP_like::RHEA:31991,3
RHEA:31995,CC(C)=CCCC(C)=CCCC(C)=CCOP(=O)([O-])OP(=O)([O-])[O-]>>CC(C)=CCCC(C)C12CC=C(C)C1C2.O=P([O-])([O-])OP(=O)([O-])O,CC(C)=CCCC(C)C12CC=C(C)C1C2,C15_FPP_like,C15_bicyclic_hydrocarbon,1,1,C15_FPP_like::RHEA:31991,3
RHEA:31999,CC(C)=CCCC(C)=CCCC(C)=CCOP(=O)([O-])OP(=O)([O-])[O-]>>CC1=CC2C(CCC(C)=CCC1)C2(C)C.O=P([O-])([O-])OP(=O)([O-])O,CC1=CC2C(CCC(C)=CCC1)C2(C)C,C15_FPP_like,C15_bicyclic_hydrocarbon,5,5,C15_FPP_like::RHEA:31999,4
RHEA:32003,C=C1CCC2C(C)(C)CCCC2(C)C1CCC(C)=CCOP(=O)([O-])OP(=O)([O-])[O-].C=CC1(C)C=C2CCC3C(C)(C)CCCC3(C)C2CC1>>O=P([O-])([O-])OP(=O)([O-])O,,C20_GGPP_like,unknown,2,2,C20_GGPP_like::RHEA:32003,1
RHEA:32011,CC(C)=CCCC(C)=CCCC(C)=CCOP(=O)([O-])OP(=O)([O-])[O-].O>>CC1=CC2C(C(C)C)CCC(C)(O)C2CC1.O=P([O-])([O-])OP(=O)([O-])O,CC1=CC2C(C(C)C)CCC(C)(O)C2CC1,C15_FPP_like,C15_bicyclic_oxygenated,3,3,C15_FPP_like::RHEA:32011,2
RHEA:32015,CC(C)=CCCC(C)=CCCC(C)=CCOP(=O)([O-])OP(=O)([O-])[O-]>>CC1=CC2C(=C(C)CCC2C(C)C)CC1.O=P([O-])([O-])OP(=O)([O-])O,CC1=CC2C(=C(C)CCC2C(C)C)CC1,C15_FPP_like,C15_bicyclic_hydrocarbon,1,1,C15_FPP_like::RHEA:19525,3
RHEA:32019,CC(C)=CCCC(C)=CCCC(C)=CCOP(=O)([O-])OP(=O)([O-])[O-]>>C=C1CCC23C(C)CCC(C(C)C)C2C13.O=P([O-])([O-])OP(=O)([O-])O,C=C1CCC23C(C)CCC(C(C)C)C2C13,C15_FPP_like,C15_polycyclic_hydrocarbon,5,5,C15_FPP_like::RHEA:32019,0
RHEA:32023,CC(C)=CCCC(C)=CCCC(C)=CCOP(=O)([O-])OP(=O)([O-])[O-].O>>CC1CCC(O)C2(C)CCC3C(C12)C3(C)C.O=P([O-])([O-])OP(=O)([O-])O,CC1CCC(O)C2(C)CCC3C(C12)C3(C)C,C15_FPP_like,C15_polycyclic_oxygenated,1,1,C15_FPP_like::RHEA:32023,1
RHEA:32027,CC(C)=CCCC(C)=CCCC(C)=CCOP(=O)([O-])OP(=O)([O-])[O-]>>CC1=CC=C(C2(C)CCCC2(C)C)CC1.O=P([O-])([O-])OP(=O)([O-])O,CC1=CC=C(C2(C)CCCC2(C)C)CC1,C15_FPP_like,C15_bicyclic_hydrocarbon,1,1,C15_FPP_like::RHEA:32027,2
RHEA:32031,CC(C)=CCCC(C)=CCCC(C)=CCOP(=O)([O-])OP(=O)([O-])[O-]>>CC(C)=CCCC(C)C1=CC=C(C)CC1.O=P([O-])([O-])OP(=O)([O-])O,CC(C)=CCCC(C)C1=CC=C(C)CC1,C15_FPP_like,C15_mono_hydrocarbon,3,3,C15_FPP_like::RHEA:32031,1
RHEA:32075,CC(C)=CCCC(C)=CCCC(C)=CCCC(C)=CCOP(=O)([O-])OP(=O)([O-])[O-].O>>CSCCC(N)C(=O)O.O=P([O-])([O-])OP(=O)([O-])O,CSCCC(N)C(=O)O,C20_GGPP_like,C5_acyclic_oxygenated,1,1,C20_GGPP_like::RHEA:32075,4
RHEA:32151,C=C1CCC2C(C)(C)CCCC2(C)C1CCC(C)=CCOP(=O)([O-])OP(=O)([O-])[O-]>>C=CC(C)=CCC1C(=C)CCC2C(C)(C)CCCC12C.O=P([O-])([O-])OP(=O)([O-])O,C=CC(C)=CCC1C(=C)CCC2C(C)(C)CCCC12C,C20_GGPP_like,C20_bicyclic_hydrocarbon,1,1,C20_GGPP_like::RHEA:32151,2
RHEA:32295,CC(C)=CCCC(C)=CCCC(C)=CCCC=C(C)CCC=C(C)CCC=C(C)C.CC(C)=CCCC(C)=CCCC(C)=CCOP(=O)([O-])OP(=O)([O-])[O-].NC(=O)C1=CN(C2OC(COP(=O)([O-])OP(=O)([O-])OCC3OC(n4cnc5c(N)ncnc54)C(OP(=O)([O-])[O-])C3O)C(O)C2O)C=CC1.[H+]>>NC(=O)c1ccc[n+](C2OC(COP(=O)([O-])OP(=O)([O-])OCC3OC(n4cnc5c(N)ncnc54)C(OP(=O)([O-])[O-])C3O)C(O)C2O)c1.O=P([O-])([O-])OP(=O)([O-])O,NC(=O)c1ccc[n+](C2OC(COP(=O)([O-])OP(=O)([O-])OCC3OC(n4cnc5c(N)ncnc54)C(OP(=O)([O-])[O-])C3O)C(O)C2O)c1,C20_GGPP_like,C20_polycyclic_highly_oxygenated,30,30,C20_GGPP_like::RHEA:25641,0
RHEA:32299,CC(C)=CCCC(C)=CCCC(C)=CCCC=C(C)CCC=C(C)CCC=C(C)C.CC(C)=CCCC(C)=CCCC(C)=CCOP(=O)([O-])OP(=O)([O-])[O-].NC(=O)C1=CN(C2OC(COP(=O)([O-])OP(=O)([O-])OCC3OC(n4cnc5c(N)ncnc54)C(O)C3O)C(O)C2O)C=CC1.[H+]>>NC(=O)c1ccc[n+](C2OC(COP(=O)([O-])OP(=O)([O-])OCC3OC(n4cnc5c(N)ncnc54)C(O)C3O)C(O)C2O)c1.O=P([O-])([O-])OP(=O)([O-])O,NC(=O)c1ccc[n+](C2OC(COP(=O)([O-])OP(=O)([O-])OCC3OC(n4cnc5c(N)ncnc54)C(O)C3O)C(O)C2O)c1,C20_GGPP_like,C20_polycyclic_highly_oxygenated,30,30,C20_GGPP_like::RHEA:25641,0
RHEA:32327,CC1=CCC(C)(C)C=CC(=O)C(C)=CCC1.CC1=CCC(C)(C)C=CC(O)C(C)=CCC1.NC(=O)c1ccc[n+](C2OC(COP(=O)([O-])OP(=O)([O-])OCC3OC(n4cnc5c(N)ncnc54)C(O)C3O)C(O)C2O)c1>>NC(=O)C1=CN(C2OC(COP(=O)([O-])OP(=O)([O-])OCC3OC(n4cnc5c(N)ncnc54)C(O)C3O)C(O)C2O)C=CC1.[H+],NC(=O)C1=CN(C2OC(COP(=O)([O-])OP(=O)([O-])OCC3OC(n4cnc5c(N)ncnc54)C(O)C3O)C(O)C2O)C=CC1,C20_GGPP_like,C20_polycyclic_highly_oxygenated,1,1,C20_GGPP_like::RHEA:25641,0
RHEA:32439,CC1=C2C(=O)CC(C)C23CCC(C3)C1(C)C.CC1=C2CCC(C)C23CCC(C3)C1(C)C.O=O.[H+].[S]1[Fe+][S][Fe+]1.[S]1[Fe][S][Fe+]1>>O,,C15_FPP_like,unknown,1,1,C15_FPP_like::RHEA:32439,3
RHEA:32539,CC(C)=CCCC(C)=CCOP(=O)([O-])OP(=O)([O-])[O-]>>O=C(O)COc1ccc(Cl)cc1.O=P([O-])([O-])OP(=O)([O-])O,O=C(O)COc1ccc(Cl)cc1,C10_GPP_like,C10_mono_highly_oxygenated,9,9,C10_GPP_like::RHEA:32539,3
RHEA:32543,CC(C)=CCCC(C)=CCOP(=O)([O-])OP(=O)([O-])[O-].O>>CC12CCC(CC1)C(C)(C)O2.O=P([O-])([O-])OP(=O)([O-])O,CC12CCC(CC1)C(C)(C)O2,C10_GPP_like,C10_polycyclic_oxygenated,12,12,C10_GPP_like::RHEA:32543,0
RHEA:32547,CC(C)=CCCC(C)=CCOP(=O)([O-])OP(=O)([O-])[O-]>>C=C1CCC2(C(C)C)CC12.O=P([O-])([O-])OP(=O)([O-])O,C=C1CCC2(C(C)C)CC12,C10_GPP_like,C10_bicyclic_hydrocarbon,5,5,C10_GPP_like::RHEA:25508,4
RHEA:32551,CC(C)=CCC/C(C)=C/COP(=O)([O-])OP(=O)([O-])[O-].[H]O[H]>>CN(C)CCc1cnc2ccc(CS(=O)(=O)N3CCCC3)cc12.O=P([O-])([O-])OP(=O)([O-])O,,C10_GPP_like,unknown,12,12,C10_GPP_like::RHEA:32551,2
RHEA:32555,CC(C)=CCCC(C)=CCOP(=O)([O-])OP(=O)([O-])[O-].O>>CC(Oc1cc(Cl)c(Cl)cc1Cl)C(=O)O.O=P([O-])([O-])OP(=O)([O-])O,CC(Oc1cc(Cl)c(Cl)cc1Cl)C(=O)O,C10_GPP_like,C10_mono_highly_oxygenated,8,8,C10_GPP_like::RHEA:32555,2
RHEA:32559,CC(C)=CCCC(C)=CCOP(=O)([O-])OP(=O)([O-])[O-]>>CC1=CCC(C(C)C)=CC1.O=P([O-])([O-])OP(=O)([O-])O,CC1=CCC(C(C)C)=CC1,C10_GPP_like,C10_mono_hydrocarbon,11,11,C10_GPP_like::RHEA:32559,3
RHEA:32563,CC(C)=CCCC(C)=CCOP(=O)([O-])OP(=O)([O-])[O-]>>O=C(O)CCCCCCCC(O)C(O)CCCCCCO.O=P([O-])([O-])OP(=O)([O-])O,O=C(O)CCCCCCCC(O)C(O)CCCCCCO,C10_GPP_like,C15_acyclic_highly_oxygenated,5,5,C10_GPP_like::RHEA:32563,3
RHEA:32567,CC(C)=CCCC(C)=CCOP(=O)([O-])OP(=O)([O-])[O-]>>O=P([O-])([O-])OP(=O)([O-])O.[O]=[Mn](=[O])(=[O])[O-],,C10_GPP_like,unknown,1,1,C10_GPP_like::RHEA:32567,0
RHEA:32571,CC(C)=CCCC(C)=C(C)COP(=O)([O-])OP(=O)([O-])[O-].O>>CC1(O)CC2CCC1(C)C2(C)C.O=P([O-])([O-])OP(=O)([O-])O,CC1(O)CC2CCC1(C)C2(C)C,C10_GPP_like,C10_bicyclic_oxygenated,5,5,C10_GPP_like::RHEA:32571,4
RHEA:32575,CC(C)=CCCC(C)=CCOP(=O)([O-])OP(=O)([O-])[O-]>>CC1=CCC2CC1C2(C)C.O=P([O-])([O-])OP(=O)([O-])O,CC1=CCC2CC1C2(C)C,C10_GPP_like,C10_polycyclic_hydrocarbon,10,10,C10_GPP_like::RHEA:25488,3
RHEA:32579,CC(C)=CCCC(C)=CCOP(=O)([O-])OP(=O)([O-])[O-]>>C=C1CCC2CC1C2(C)C.O=P([O-])([O-])OP(=O)([O-])O,C=C1CCC2CC1C2(C)C,C10_GPP_like,C10_polycyclic_hydrocarbon,2,2,C10_GPP_like::RHEA:25496,2
RHEA:32679,CC(C)=CCCC(C)=CCOP(=O)([O-])OP(=O)([O-])[O-].O>>CC(C)=CCCC(C)=CCO.O=P([O-])([O-])OP(=O)([O-])O,CC(C)=CCCC(C)=CCO,C10_GPP_like,C10_acyclic_oxygenated,14,14,C10_GPP_like::RHEA:32679,4
RHEA:32687,CC(C)=CCCC(C)=CCOP(=O)([O-])OP(=O)([O-])[O-]>>CC1(C)C2CC3C(C2)C31C.O=P([O-])([O-])OP(=O)([O-])O,CC1(C)C2CC3C(C2)C31C,C10_GPP_like,C10_polycyclic_hydrocarbon,8,8,C10_GPP_like::RHEA:32687,4
RHEA:32691,CC(C)=CCCC(C)=CCOP(=O)([O-])OP(=O)([O-])[O-]>>CC(C)(Oc1ccccc1)C(=O)OCCN1CCOCC1.O=P([O-])([O-])OP(=O)([O-])O,CC(C)(Oc1ccccc1)C(=O)OCCN1CCOCC1,C10_GPP_like,C15_bicyclic_highly_oxygenated,22,22,C10_GPP_like::RHEA:32691,4
RHEA:32699,CC(C)=CCCC(C)=CCCC(C)=CCOP(=O)([O-])OP(=O)([O-])[O-]>>C=C1C=CC(C(C)CCC=C(C)C)CC1.O=P([O-])([O-])OP(=O)([O-])O,C=C1C=CC(C(C)CCC=C(C)C)CC1,C15_FPP_like,C15_mono_hydrocarbon,4,4,C15_FPP_like::RHEA:28643,0
RHEA:32703,CC(C)=CCCC(C)=CCCC(C)=CCCC(C)=CCOP(=O)([O-])OP(=O)([O-])[O-].O>>CC(=CCOP(=O)([O-])OP(=O)([O-])[O-])CCC1C(C)(O)CCC2C(C)(C)CCCC21C,CC(=CCOP(=O)([O-])OP(=O)([O-])[O-])CCC1C(C)(O)CCC2C(C)(C)CCCC21C,C20_GGPP_like,C20_bicyclic_highly_oxygenated,5,5,C20_GGPP_like::RHEA:14841,1
RHEA:33103,CC(C)=CCCC(C)=CCCC(C)=CCOP(=O)([O-])OP(=O)([O-])[O-]>>CC1=CC2C(CC1)C(C)=CCC2C(C)C.O=P([O-])([O-])OP(=O)([O-])O,CC1=CC2C(CC1)C(C)=CCC2C(C)C,C15_FPP_like,C15_bicyclic_hydrocarbon,10,10,C15_FPP_like::RHEA:28639,2
RHEA:33107,CC(C)=CCCC(C)=CCCC(C)=CCOP(=O)([O-])OP(=O)([O-])[O-]>>C=C1CCC(C(C)C)C2C=C(C)CCC12.O=P([O-])([O-])OP(=O)([O-])O,C=C1CCC(C(C)C)C2C=C(C)CCC12,C15_FPP_like,C15_bicyclic_hydrocarbon,10,10,C15_FPP_like::RHEA:28639,2
RHEA:33111,CC(C)=CCCC(C)=CCCC(C)=CCOP(=O)([O-])OP(=O)([O-])[O-]>>C=C1CCC2C3C(C(C)C)CCC2(C)C13.O=P([O-])([O-])OP(=O)([O-])O,C=C1CCC2C3C(C(C)C)CCC2(C)C13,C15_FPP_like,C15_polycyclic_hydrocarbon,8,8,C15_FPP_like::RHEA:33111,4
RHEA:33119,CC(C)=CCCC(C)=CCCC(C)=CCOP(=O)([O-])OP(=O)([O-])[O-]>>C=C1C2CCC3C2C(C(C)C)CCC13C.O=P([O-])([O-])OP(=O)([O-])O,C=C1C2CCC3C2C(C(C)C)CCC13C,C15_FPP_like,C15_polycyclic_hydrocarbon,2,2,C15_FPP_like::RHEA:33119,3
RHEA:33123,CC(C)=CCCC(C)=CCCC(C)=CCCC(C)=CCCC(C)=CCCC(C)=CCCC(C)=CCOP(=O)([O-])OP(=O)([O-])[O-]>>CC(C)=CCCC(C)=CCCC(C)=CCCC(C)=CCCC(C)=CCCC(C)C1=CCC(C)=CC1.O=P([O-])([O-])OP(=O)([O-])O,CC(C)=CCCC(C)=CCCC(C)=CCCC(C)=CCCC(C)=CCCC(C)C1=CCC(C)=CC1,C35_long_prenyl_like,C_long_mono_hydrocarbon,1,1,C35_long_prenyl_like::RHEA:33123,3
RHEA:33983,C=C1CCC2C(C)(C)CCCC2(C)C1CCC(C)=CCOP(=O)([O-])OP(=O)([O-])[O-].CC(C)C1=CCC2=C(CCC3C(C)(C)CCCC23C)C1>>O=P([O-])([O-])OP(=O)([O-])O,,C20_GGPP_like,unknown,6,6,C20_GGPP_like::RHEA:33983,4
RHEA:33987,C=C1CCC2C(C)(C)CCCC2(C)C1CCC(C)=CCOP(=O)([O-])OP(=O)([O-])[O-].CC(C)=C1C=C2CCC3C(C)(C)CCCC3(C)C2CC1>>O=P([O-])([O-])OP(=O)([O-])O,,C20_GGPP_like,unknown,6,6,C20_GGPP_like::RHEA:33987,1
RHEA:33991,CC(C)=CCCC(C)=CCCC(C)=CCOP(=O)([O-])OP(=O)([O-])[O-]>>CC1=CCC2C3C(C(C)C)CCC2(C)C13.O=P([O-])([O-])OP(=O)([O-])O,CC1=CCC2C3C(C(C)C)CCC2(C)C13,C15_FPP_like,C15_polycyclic_hydrocarbon,11,11,C15_FPP_like::RHEA:33111,4
RHEA:34255,CC1=CCC(C(C)CCC2C(C)(O)CCC3C2(C)CCC2C4(C)CCCC(C)(C)C4CCC23C)=CC1>>CC(C)=CCCC(C)=CCCC(C)=CCCC(C)=CCCC(C)=CCCC(C)C1=CCC(C)=CC1.O,CC(C)=CCCC(C)=CCCC(C)=CCCC(C)=CCCC(C)=CCCC(C)C1=CCC(C)=CC1,C35_long_prenyl_like,C_long_mono_hydrocarbon,1,1,C35_long_prenyl_like::RHEA:33123,3
RHEA:34459,CC(=CCOP(=O)([O-])OP(=O)([O-])[O-])CCC1C(C)(O)CCC2C(C)(C)CCCC21C.O>>C=CC(C)(O)CCC1C(C)(O)CCC2C(C)(C)CCCC21C.O=P([O-])([O-])OP(=O)([O-])O,C=CC(C)(O)CCC1C(C)(O)CCC2C(C)(C)CCCC21C,C20_GGPP_like,C20_bicyclic_oxygenated,1,1,C20_GGPP_like::RHEA:34459,3
RHEA:34463,CC(=CCOP(=O)([O-])OP(=O)([O-])[O-])CCC1C(C)(O)CCC2C(C)(C)CCCC21C>>C=CC(C)=CCC1C(C)(O)CCC2C(C)(C)CCCC21C.O=P([O-])([O-])OP(=O)([O-])O,C=CC(C)=CCC1C(C)(O)CCC2C(C)(C)CCCC21C,C20_GGPP_like,C20_bicyclic_oxygenated,2,2,C20_GGPP_like::RHEA:32151,2
RHEA:34467,CC(C)=CCCC(C)=CCCC(C)=CCOP(=O)([O-])OP(=O)([O-])[O-]>>CC(C)=CC1CCC(C)C2CCC(C)=C12.O=P([O-])([O-])OP(=O)([O-])O,CC(C)=CC1CCC(C)C2CCC(C)=C12,C15_FPP_like,C15_bicyclic_hydrocarbon,1,1,C15_FPP_like::RHEA:34467,4
RHEA:34503,CC(C)=CCCC(C)=CCCC(C)=CCOP(=O)([O-])OP(=O)([O-])[O-].O>>CC(C)=CCCC(C)(O)C1CC=C(C)CC1.O=P([O-])([O-])OP(=O)([O-])O,CC(C)=CCCC(C)(O)C1CC=C(C)CC1,C15_FPP_like,C15_mono_oxygenated,1,1,C15_FPP_like::RHEA:12516,1
RHEA:34695,CC(C)=CCCC(C)=CCCC(C)=CCOP(=O)([O-])OP(=O)([O-])[O-]>>CC1=C2CCC2(C)C2CC(C)(C)CC2C1.O=P([O-])([O-])OP(=O)([O-])O,CC1=C2CCC2(C)C2CC(C)(C)CC2C1,C15_FPP_like,C15_polycyclic_hydrocarbon,12,12,C15_FPP_like::RHEA:34695,4
RHEA:34699,CC(C)=CCCC(C)=CCCC(C)=CCOP(=O)([O-])OP(=O)([O-])[O-]>>CC1=CC2(C)CCCC23C(C)CCC13C.O=P([O-])([O-])OP(=O)([O-])O,CC1=CC2(C)CCCC23C(C)CCC13C,C15_FPP_like,C15_polycyclic_hydrocarbon,1,1,C15_FPP_like::RHEA:34699,0
RHEA:34703,CC(C)=CCCC(C)=CCCC(C)=CCOP(=O)([O-])OP(=O)([O-])[O-]>>C=C1CCC=C(C)CCC2C1CC2(C)C.O=P([O-])([O-])OP(=O)([O-])O,C=C1CCC=C(C)CCC2C1CC2(C)C,C15_FPP_like,C15_bicyclic_hydrocarbon,2,2,C15_FPP_like::RHEA:28294,1
RHEA:36063,CC(C)=CCCC(C)=CCCC(C)=CCOP(=O)([O-])OP(=O)([O-])[O-].O>>CC1=CC(O)C(C(C)C)CCC(C)=CCC1.O=P([O-])([O-])OP(=O)([O-])O,CC1=CC(O)C(C(C)C)CCC(C)=CCC1,C15_FPP_like,C15_mono_oxygenated,1,1,C15_FPP_like::RHEA:12192,3
RHEA:38155,CC(C)=CCCC(C)=CCCC(C)=CCCC(C)=CCOP(=O)([O-])OP(=O)([O-])[O-].O>>C=CC(C)(O)CCC=C(C)CCC=C(C)CCC=C(C)C.O=P([O-])([O-])OP(=O)([O-])O,C=CC(C)(O)CCC=C(C)CCC=C(C)CCC=C(C)C,C20_GGPP_like,C20_acyclic_oxygenated,2,2,C20_GGPP_like::RHEA:38155,0
RHEA:40027,C=C1CCC2C(C)(C)CCCC2(C)C1CCC(C)=CCOP(=O)([O-])OP(=O)([O-])[O-].O>>C=CC(C)(O)CCC1C(=C)CCC2C(C)(C)CCCC12C.O=P([O-])([O-])OP(=O)([O-])O,C=CC(C)(O)CCC1C(=C)CCC2C(C)(C)CCCC12C,C20_GGPP_like,C20_bicyclic_oxygenated,1,1,C20_GGPP_like::RHEA:32151,2
RHEA:41552,CC(C)=CCCC(C)=CCCC(C)=CCCC(C)=CCCC(C)=CCOP(=O)([O-])OP(=O)([O-])[O-].O>>CC(C)=CCCC(C)C1CCC2(C)CC3C(CCC3(C)O)C(C)=CCC12.O=P([O-])([O-])OP(=O)([O-])O,CC(C)=CCCC(C)C1CCC2(C)CC3C(CCC3(C)O)C(C)=CCC12,C25_GFPP_like,C25_polycyclic_oxygenated,4,4,C25_GFPP_like::RHEA:41552,0
RHEA:41628,CC(C)=CCCC(C)=CCCC(C)=CCCC(C)=CCOP(=O)([O-])OP(=O)([O-])[O-].O>>CC(C)C1CCC2(C)CC3C(C)CCC3C(C)(O)CC=C12.O=P([O-])([O-])OP(=O)([O-])O,CC(C)C1CCC2(C)CC3C(C)CCC3C(C)(O)CC=C12,C20_GGPP_like,C20_polycyclic_oxygenated,1,1,C20_GGPP_like::RHEA:41628,4
RHEA:42984,C=C1CCC2C(C)(C)CCCC2(C)C1CCC(C)=CCOP(=O)([O-])OP(=O)([O-])[O-].C=CC1(C)C=C2CCC3C(C)(C)CCCC3(C)C2CC1>>O=P([O-])([O-])OP(=O)([O-])O,,C20_GGPP_like,unknown,2,2,C20_GGPP_like::RHEA:42984,2
RHEA:42988,CC(C)=CCCC(C)=CCCC(C)=CCCC(C)=CCOP(=O)([O-])OP(=O)([O-])[O-]>>CC1=CCCC(C)=CCC(=C(C)C)CCC(C)=CCC1.O=P([O-])([O-])OP(=O)([O-])O,CC1=CCCC(C)=CCC(=C(C)C)CCC(C)=CCC1,C20_GGPP_like,C20_mono_hydrocarbon,1,1,C20_GGPP_like::RHEA:42988,0
RHEA:42992,CC(C)=CCCC(C)=CCCC(C)=CCCC(C)=CCOP(=O)([O-])OP(=O)([O-])[O-].O>>CC1=CCCC(C)=CCC(C(C)(C)O)CCC(C)=CCC1.O=P([O-])([O-])OP(=O)([O-])O,CC1=CCCC(C)=CCC(C(C)(C)O)CCC(C)=CCC1,C20_GGPP_like,C20_mono_oxygenated,2,2,C20_GGPP_like::RHEA:16345,4
RHEA:42996,CC(C)=CCCC(C)=CCCC(C)=CCCC(C)=CCOP(=O)([O-])OP(=O)([O-])[O-]>>C=C(C)C1CC=C(C)CCC=C(C)CCC=C(C)CC1.O=P([O-])([O-])OP(=O)([O-])O,C=C(C)C1CC=C(C)CCC=C(C)CCC=C(C)CC1,C20_GGPP_like,C20_mono_hydrocarbon,1,1,C20_GGPP_like::RHEA:42996,1
RHEA:43000,CC(C)=CCCC(C)=CCCC(C)=CCCC(C)=CCOP(=O)([O-])OP(=O)([O-])[O-].O>>CC1=CCCC(C)=CCC(C)(C)C(O)CCC(C)=CCC1.O=P([O-])([O-])OP(=O)([O-])O,CC1=CCCC(C)=CCC(C)(C)C(O)CCC(C)=CCC1,C20_GGPP_like,C20_mono_oxygenated,1,1,C20_GGPP_like::RHEA:16345,4
RHEA:47052,CC(C)=CCCC(C)=CCCC(C)=CCOP(=O)([O-])OP(=O)([O-])[O-]>>CC(COc1ccccc1)N(CCCl)Cc1ccccc1.O=P([O-])([O-])OP(=O)([O-])O,CC(COc1ccccc1)N(CCCl)Cc1ccccc1,C15_FPP_like,C20_bicyclic_oxygenated,8,8,C15_FPP_like::RHEA:47052,3
RHEA:47944,CC(C)=CCCC(C)=CCOP(=O)([O-])OP(=O)([O-])[O-].O>>CC(C)=CCCC(C)=CCOP(=O)([O-])[O-].O=P([O-])([O-])O.[H+],CC(C)=CCCC(C)=CCOP(=O)([O-])[O-],C10_GPP_like,C10_acyclic_highly_oxygenated,1,1,C10_GPP_like::RHEA:19361,4
RHEA:49628,CC(C)(COP(=O)([O-])OP(=O)([O-])OC[C@H]1O[C@@H](n2cnc3c(N)ncnc32)[C@H](O)[C@@H]1OP(=O)([O-])[O-])[C@@H](O)C(=O)NCCC(=O)NCCSC(=O)CC(=O)[O-].CC(=O)SCCNC(=O)CCNC(=O)[C@H](O)C(C)(C)COP(=O)([O-])OP(=O)([O-])OC[C@H]1O[C@@H](n2cnc3c(N)ncnc32)[C@H](O)[C@@H]1OP(=O)([O-])[O-].Nc1nc(=O)c2ncn([C@@H]3O[C@H](CO)[C@H]4OP(=O)(O)O[C@H]43)c2n1>>Cc1c(C)c(C(=O)[O-])c(O)c(C)c1O.Nc1ncnc2c1ncn2[C@@H]1O[C@H](CSCC[C@H]([NH3+])C(=O)[O-])[C@@H](O)[C@H]1O.O=C=O.CC(C)(COP(=O)([O-])OP(=O)([O-])OC[C@H]1O[C@@H](n2cnc3c(N)ncnc32)[C@H](O)[C@@H]1OP(=O)([O-])[O-])[C@@H](O)C(=O)NCCC(=O)NCCS,CC(C)(COP(=O)([O-])OP(=O)([O-])OC[C@H]1O[C@@H](n2cnc3c(N)ncnc32)[C@H](O)[C@@H]1OP(=O)([O-])[O-])[C@@H](O)C(=O)NCCC(=O)NCCS,C25_GFPP_like,C20_polycyclic_highly_oxygenated,10,10,C25_GFPP_like::RHEA:49628,1
RHEA:49632,CC(C)=CCCC(C)=CCCC(C)=CCOP(=O)([O-])OP(=O)([O-])[O-].Cc1c(C)c(C(=O)[O-])c(O)c(C)c1O>>CC(C)=CCCC(C)=CCCC(C)=CCC1(C)C(=O)C(C)=C([O-])C(C(=O)[O-])=C1C.O=P([O-])([O-])OP(=O)([O-])O.[H+],CC(C)=CCCC(C)=CCCC(C)=CCC1(C)C(=O)C(C)=C([O-])C(C(=O)[O-])=C1C,C15_FPP_like,C25_mono_highly_oxygenated,8,8,C15_FPP_like::RHEA:49632,2
RHEA:52804,CC(C)=CCCC(C)=CCCC(C)=CCOP(=O)([O-])OP(=O)([O-])[O-]>>CC1=C2CCC(C)CC2(O)OC1=O.O=P([O-])([O-])OP(=O)([O-])O,CC1=C2CCC(C)CC2(O)OC1=O,C15_FPP_like,C10_bicyclic_highly_oxygenated,2,2,C15_FPP_like::RHEA:52804,4
RHEA:53616,CC(C)=CCCC(C)=CCCC(C)=CCOP(=O)([O-])OP(=O)([O-])[O-].O>>CC1CCC2C3(C)CC3CC(C)(C)CC12O.O=P([O-])([O-])OP(=O)([O-])O,CC1CCC2C3(C)CC3CC(C)(C)CC12O,C15_FPP_like,C15_polycyclic_oxygenated,3,3,C15_FPP_like::RHEA:53616,3
RHEA:53620,CC(C)=CCCC(C)=CCCC(C)=CCCC(C)=CCOP(=O)([O-])OP(=O)([O-])[O-]>>CC1CCC(C)C12CCC1C2=CC2(C)CCC(C)(C)C12.O=P([O-])([O-])OP(=O)([O-])O,CC1CCC(C)C12CCC1C2=CC2(C)CCC(C)(C)C12,C20_GGPP_like,C20_polycyclic_hydrocarbon,1,1,C20_GGPP_like::RHEA:53620,2
RHEA:53624,CC(C)=CCCC(C)=CCCC(C)=CCCC(C)=CCOP(=O)([O-])OP(=O)([O-])[O-]>>CC1=CCC2C(C)(C)CCC2(C)C=C2C(C)CCC2C1.O=P([O-])([O-])OP(=O)([O-])O,CC1=CCC2C(C)(C)CCC2(C)C=C2C(C)CCC2C1,C20_GGPP_like,C20_polycyclic_hydrocarbon,1,1,C20_GGPP_like::RHEA:53624,3
RHEA:53628,CC(C)=CCCC(C)=CCCC(C)=CCOP(=O)([O-])OP(=O)([O-])[O-]>>CC1=CC2CC(C)(C)CC2C2(C)CCC12.O=P([O-])([O-])OP(=O)([O-])O,CC1=CC2CC(C)(C)CC2C2(C)CCC12,C15_FPP_like,C15_polycyclic_hydrocarbon,6,6,C15_FPP_like::RHEA:53628,3
RHEA:53632,CC(C)=CCCC(C)=CCCC(C)=CCOP(=O)([O-])OP(=O)([O-])[O-]>>CC1=CCCC(C)C2=C(C1)CC(C)(C)C2.O=P([O-])([O-])OP(=O)([O-])O,CC1=CCCC(C)C2=C(C1)CC(C)(C)C2,C15_FPP_like,C15_bicyclic_hydrocarbon,1,1,C15_FPP_like::RHEA:53632,1
RHEA:53640,CC(C)=CCCC(C)=CCCC(C)=CCOP(=O)([O-])OP(=O)([O-])[O-]>>CC1=CC2C(CC1)C(C)=CCC2C(C)C.O=P([O-])([O-])OP(=O)([O-])O,CC1=CC2C(CC1)C(C)=CCC2C(C)C,C15_FPP_like,C15_bicyclic_hydrocarbon,1,1,C15_FPP_like::RHEA:28639,2
RHEA:53644,CC(C)=CCCC(C)=CCCC(C)=CCOP(=O)([O-])OP(=O)([O-])[O-].O>>CC(C)C1OC2(C)CCC3C(C)CCC31C2.O=P([O-])([O-])OP(=O)([O-])O,CC(C)C1OC2(C)CCC3C(C)CCC31C2,C15_FPP_like,C15_polycyclic_oxygenated,6,6,C15_FPP_like::RHEA:53644,1
RHEA:53648,CC(C)=CCCC(C)=CCCC(C)=CCOP(=O)([O-])OP(=O)([O-])[O-].O>>CC1CCC2(C(C)C)OC3(C)CCC1C2C3.O=P([O-])([O-])OP(=O)([O-])O,CC1CCC2(C(C)C)OC3(C)CCC1C2C3,C15_FPP_like,C15_polycyclic_oxygenated,6,6,C15_FPP_like::RHEA:53648,0
RHEA:53668,CC(C)=CCCC(C)=CCCC(C)=CCOP(=O)([O-])OP(=O)([O-])[O-]>>C=C1CCC(C(C)C)=CC2C(C)CCC12.O=P([O-])([O-])OP(=O)([O-])O,C=C1CCC(C(C)C)=CC2C(C)CCC12,C15_FPP_like,C15_bicyclic_hydrocarbon,2,2,C15_FPP_like::RHEA:25448,2
RHEA:54040,CC(C)=CCCC(C)=CCCC(C)=CCCC(C)=CCOP(=O)([O-])OP(=O)([O-])[O-]>>CC1=CCC2(C)CCC(C)(C)C=C2CCC(C)=CCC1.O=P([O-])([O-])OP(=O)([O-])O,CC1=CCC2(C)CCC(C)(C)C=C2CCC(C)=CCC1,C20_GGPP_like,C20_bicyclic_hydrocarbon,1,1,C20_GGPP_like::RHEA:54040,3
RHEA:54044,CC(C)=CCCC(C)=CCCC(C)=CCOP(=O)([O-])OP(=O)([O-])[O-].O>>CC1=CCCC2(C)CCC(C(C)(C)O)CC12.O=P([O-])([O-])OP(=O)([O-])O,CC1=CCCC2(C)CCC(C(C)(C)O)CC12,C15_FPP_like,C15_bicyclic_oxygenated,1,1,C15_FPP_like::RHEA:29495,2
RHEA:54048,CC(C)=CCCC(C)=CCCC(C)=CCOP(=O)([O-])OP(=O)([O-])[O-].O>>C=CC1=C(CO)C2OC(O)CC3C(C)(C)CCCC3(C)C2CC1.O=P([O-])([O-])OP(=O)([O-])O,C=CC1=C(CO)C2OC(O)CC3C(C)(C)CCCC3(C)C2CC1,C15_FPP_like,C20_polycyclic_highly_oxygenated,1,1,C15_FPP_like::RHEA:54048,2
RHEA:54052,CC(C)=CCCC(C)=CCCC(C)=CCOP(=O)([O-])OP(=O)([O-])[O-].O>>CC1=CC2C(C(C)C)CCC(C)(O)C2CC1.O=P([O-])([O-])OP(=O)([O-])O,CC1=CC2C(C(C)C)CCC(C)(O)C2CC1,C15_FPP_like,C15_bicyclic_oxygenated,3,3,C15_FPP_like::RHEA:32011,2
RHEA:54056,CC(C)=CCCC(C)=CCCC(C)=CCOP(=O)([O-])OP(=O)([O-])[O-].O>>CC1=CCC(C(C)(C)O)CCC(C)=CCC1.O=P([O-])([O-])OP(=O)([O-])O,CC1=CCC(C(C)(C)O)CCC(C)=CCC1,C15_FPP_like,C15_mono_oxygenated,2,2,C15_FPP_like::RHEA:54056,0
RHEA:54060,CC(C)=CCCC(C)=CCCC(C)=CCOP(=O)([O-])OP(=O)([O-])[O-].O>>CC1=CCC(C(C)(C)O)CCC(C)=CCC1.O=P([O-])([O-])OP(=O)([O-])O,CC1=CCC(C(C)(C)O)CCC(C)=CCC1,C15_FPP_like,C15_mono_oxygenated,1,1,C15_FPP_like::RHEA:54056,0
RHEA:54064,CC(C)=CCCC(C)=CCCC(C)=CCOP(=O)([O-])OP(=O)([O-])[O-].O>>CC(C)C1CCC(C)C23CCC(C)(O)C2C13.O=P([O-])([O-])OP(=O)([O-])O,CC(C)C1CCC(C)C23CCC(C)(O)C2C13,C15_FPP_like,C15_polycyclic_oxygenated,1,1,C15_FPP_like::RHEA:31823,3
RHEA:54068,CC(C)=CCCC(C)=CCCC(C)=CCCC(C)=CCCC(C)=CCOP(=O)([O-])OP(=O)([O-])[O-].O>>CC1=C2CCC(C)C2CCC(C)C2CC3(C)CCC(C(C)C)C3CC12O.O=P([O-])([O-])OP(=O)([O-])O,CC1=C2CCC(C)C2CCC(C)C2CC3(C)CCC(C(C)C)C3CC12O,C25_GFPP_like,C25_polycyclic_oxygenated,1,1,C25_GFPP_like::RHEA:54068,3
RHEA:54072,CC(C)=CCCC(C)=CCOP(=O)([O-])OP(=O)([O-])[O-]>>CC1C=CC2(C(C)C)CC12.O=P([O-])([O-])OP(=O)([O-])O,CC1C=CC2(C(C)C)CC12,C10_GPP_like,C10_bicyclic_hydrocarbon,1,1,C10_GPP_like::RHEA:54072,1
RHEA:54076,CC(C)=CCCC(C)=CCCC(C)=CCCC(C)=CCCC(C)=CCOP(=O)([O-])OP(=O)([O-])[O-]>>C=C(C)C1CCC2(C)C1CCC1(C)CC=C(C)CCC=C(C)CCC12.O=P([O-])([O-])OP(=O)([O-])O,C=C(C)C1CCC2(C)C1CCC1(C)CC=C(C)CCC=C(C)CCC12,C25_GFPP_like,C25_polycyclic_hydrocarbon,1,1,C25_GFPP_like::RHEA:54076,4
RHEA:54108,CC(C)=CCCC(C)=CCCC(C)=CCOP(=O)([O-])OP(=O)([O-])[O-]>>CC1=C2C=C(C(C)C)CCC(C)C2CC1.O=P([O-])([O-])OP(=O)([O-])O,CC1=C2C=C(C(C)C)CCC(C)C2CC1,C15_FPP_like,C15_bicyclic_hydrocarbon,1,1,C15_FPP_like::RHEA:54108,3
RHEA:54112,CC(C)=CCCC(C)=CCCC(C)=CCOP(=O)([O-])OP(=O)([O-])[O-]>>C=C1CCCC2(C)CCC(=C(C)C)CC12.O=P([O-])([O-])OP(=O)([O-])O,C=C1CCCC2(C)CCC(=C(C)C)CC12,C15_FPP_like,C15_bicyclic_hydrocarbon,1,1,C15_FPP_like::RHEA:29483,0
RHEA:54116,CC(C)=CCCC(C)=CCCC(C)=CCCC(C)=CCOP(=O)([O-])OP(=O)([O-])[O-]>>CC(C)=CCC=C(C)C1CCC2(C)CC=C(C)CCC12.O=P([O-])([O-])OP(=O)([O-])O,CC(C)=CCC=C(C)C1CCC2(C)CC=C(C)CCC12,C20_GGPP_like,C20_bicyclic_hydrocarbon,1,1,C20_GGPP_like::RHEA:54116,4
RHEA:54372,CC(C)=CCCC(C)=CCCC(C)=CCOP(=O)([O-])OP(=O)([O-])[O-].O>>CC1=C2CCC(C)C2CC(C)(C)CC(O)C1.O=P([O-])([O-])OP(=O)([O-])O,CC1=C2CCC(C)C2CC(C)(C)CC(O)C1,C15_FPP_like,C15_bicyclic_oxygenated,2,2,C15_FPP_like::RHEA:54372,0
RHEA:54376,C=C1CCC2C(C)(C)CCCC2(C)C1CCC(C)=CCOP(=O)([O-])OP(=O)([O-])[O-].C=CC1(C)CCC2C(O)(CCC3C(C)(C)CCCC32C)C1.O>>O=P([O-])([O-])OP(=O)([O-])O,,C20_GGPP_like,unknown,1,1,C20_GGPP_like::RHEA:54376,0
RHEA:54380,CC(C)=CCCC(C)=CCCC(C)=CCOP(=O)([O-])OP(=O)([O-])[O-].O>>CC1CCC2C(C2(C)C)C2(O)C(C)CCC12.O=P([O-])([O-])OP(=O)([O-])O,CC1CCC2C(C2(C)C)C2(O)C(C)CCC12,C15_FPP_like,C15_polycyclic_oxygenated,1,1,C15_FPP_like::RHEA:54380,4
RHEA:54496,C=C1CCC2C(C)(C)CCCC2(C)C1CCC(C)=CCOP(=O)([O-])OP(=O)([O-])[O-]>>C=C1CC23CCC1CC2C1(C)CCCC(C)(C)C1CC3.O=P([O-])([O-])OP(=O)([O-])O,C=C1CC23CCC1CC2C1(C)CCCC(C)(C)C1CC3,C20_GGPP_like,C20_polycyclic_hydrocarbon,3,3,C20_GGPP_like::RHEA:54496,0
RHEA:54500,CC(C)=CCCC(C)=CCCC(C)=CCCC(C)=CCCC(C)=CCOP(=O)([O-])OP(=O)([O-])[O-]>>C=CC(=C)CCC=C(C)CCC=C(C)CCC=C(C)CCC=C(C)C.O=P([O-])([O-])OP(=O)([O-])O,C=CC(=C)CCC=C(C)CCC=C(C)CCC=C(C)CCC=C(C)C,C25_GFPP_like,C25_acyclic_hydrocarbon,1,1,C25_GFPP_like::RHEA:54500,4
RHEA:54504,CC(C)=CCCC(C)=CCCC(C)=CCCC(C)=CCCC(C)=CCCC(C)=CCOP(=O)([O-])OP(=O)([O-])[O-]>>CCCCOC(=O)C(C)O.O=P([O-])([O-])OP(=O)([O-])O,CCCCOC(=O)C(C)O,C30_long_prenyl_like,C10_acyclic_highly_oxygenated,1,1,C30_long_prenyl_like::RHEA:54504,1
RHEA:54508,CC(C)=CCCC(C)=CCCC(C)=CCCC(C)=CCCC(C)=CCCC(C)=CCCC(C)=CCOP(=O)([O-])OP(=O)([O-])[O-]>>C=CC(=C)CCC=C(C)CCC=C(C)CCC=C(C)CCC=C(C)CCC=C(C)CCC=C(C)C.O=P([O-])([O-])OP(=O)([O-])O,C=CC(=C)CCC=C(C)CCC=C(C)CCC=C(C)CCC=C(C)CCC=C(C)CCC=C(C)C,C35_long_prenyl_like,C_long_acyclic_hydrocarbon,1,1,C35_long_prenyl_like::RHEA:54508,1
RHEA:54512,CC(=CCOP(=O)([O-])OP(=O)([O-])[O-])CCC1(O)C(C)CCC2C(C)(C)CCCC21C>>C=CC1(C)CCC2(O1)C(C)CCC1C(C)(C)CCCC12C.O=P([O-])([O-])OP(=O)([O-])O,C=CC1(C)CCC2(O1)C(C)CCC1C(C)(C)CCCC12C,C20_GGPP_like,C20_polycyclic_oxygenated,2,2,C20_GGPP_like::RHEA:54512,4
RHEA:54516,CC(=CCOP(=O)([O-])OP(=O)([O-])[O-])CCC1C(C)(O)CCC2C(C)(C)CCCC21C>>C=CC1(C)CCC2C(C)(CCC3C(C)(C)CCCC32C)O1.O=P([O-])([O-])OP(=O)([O-])O,C=CC1(C)CCC2C(C)(CCC3C(C)(C)CCCC32C)O1,C20_GGPP_like,C20_polycyclic_oxygenated,1,1,C20_GGPP_like::RHEA:18721,3
RHEA:54520,CC(C)=CCCC(C)=CCCC(C)=CCCC(C)=CCOP(=O)([O-])OP(=O)([O-])[O-]>>C=C1CCC2=C(C(C)C)CCC2(C)CC2C(C)CCC12.O=P([O-])([O-])OP(=O)([O-])O,C=C1CCC2=C(C(C)C)CCC2(C)CC2C(C)CCC12,C20_GGPP_like,C20_polycyclic_hydrocarbon,1,1,C20_GGPP_like::RHEA:54520,1
RHEA:54636,CC(=CCOP(=O)([O-])OP(=O)([O-])[O-])CCC1C(C)=CCC2C(C)(C)CCCC12C>>C=CC(=C)CCC1C(C)=CCC2C(C)(C)CCCC12C.O=P([O-])([O-])OP(=O)([O-])O,C=CC(=C)CCC1C(C)=CCC2C(C)(C)CCCC12C,C20_GGPP_like,C20_bicyclic_hydrocarbon,1,1,C20_GGPP_like::RHEA:14841,1
RHEA:54640,C=C1CCC2C(C)(C)CCCC2(C)C1CCC(C)=CCOP(=O)([O-])OP(=O)([O-])[O-].C=CC(C)=CCC1C(=C)CCC2C(C)(C)CCCC12C>>O=P([O-])([O-])OP(=O)([O-])O,,C20_GGPP_like,unknown,2,2,C20_GGPP_like::RHEA:54640,0
RHEA:54648,CC(=CCOP(=O)([O-])OP(=O)([O-])[O-])CCC1C(C)(O)CCC2C(C)(C)CCCC21C>>CC(C)=CCCC(C)=CCCC(C)=CCCC(C)=CCOP(=O)([O-])OP(=O)([O-])[O-].O,CC(C)=CCCC(C)=CCCC(C)=CCCC(C)=CCOP(=O)([O-])OP(=O)([O-])[O-],C20_GGPP_like,C20_acyclic_highly_oxygenated,1,1,C20_GGPP_like::RHEA:25694,2
RHEA:54652,CC(=CCOP(=O)([O-])OP(=O)([O-])[O-])CCC1(O)C(C)CCC2C(C)(C)CCCC21C>>CC(C)=CCCC(C)=CCCC(C)=CCCC(C)=CCOP(=O)([O-])OP(=O)([O-])[O-].O,CC(C)=CCCC(C)=CCCC(C)=CCCC(C)=CCOP(=O)([O-])OP(=O)([O-])[O-],C20_GGPP_like,C20_acyclic_highly_oxygenated,2,2,C20_GGPP_like::RHEA:25694,2
RHEA:54664,CC(=CCCC=C(C)CCC=C(C)CCC1OC1(C)C)CCC=C(C)CCC1OC1(C)C>>C=C1CCC2C(C)(C)C(O)CCC2(C)C1CCC=C(C)CCC=C(C)CCC1OC1(C)C,C=C1CCC2C(C)(C)C(O)CCC2(C)C1CCC=C(C)CCC=C(C)CCC1OC1(C)C,C30_long_prenyl_like,C_long_polycyclic_oxygenated,1,1,C30_long_prenyl_like::RHEA:54664,1
RHEA:54668,C=C1CCC2C(C)(C)C(O)CCC2(C)C1CCC=C(C)CCC=C(C)CCC1OC1(C)C>>C=C1CCC2C(C)(C)C(O)CCC2(C)C1CCC1C(=C)CCC2C(C)(C)C(O)CCC12C,C=C1CCC2C(C)(C)C(O)CCC2(C)C1CCC1C(=C)CCC2C(C)(C)C(O)CCC12C,C30_long_prenyl_like,C_long_polycyclic_oxygenated,1,1,C30_long_prenyl_like::RHEA:54664,1
RHEA:54676,CC(C)=CCCC(C)=CCCC(C)=CCCC(C)=CCOP(=O)([O-])OP(=O)([O-])[O-]>>CC(=CCOP(=O)([O-])OP(=O)([O-])[O-])CCC1(C)C(C)CCC2(C)C(C)=CCCC21,CC(=CCOP(=O)([O-])OP(=O)([O-])[O-])CCC1(C)C(C)CCC2(C)C(C)=CCCC21,C20_GGPP_like,C20_bicyclic_highly_oxygenated,2,2,C20_GGPP_like::RHEA:14841,1
RHEA:54684,CC(C)=CCCC(C)=CCCC(C)=CCCC(C)=CCOP(=O)([O-])OP(=O)([O-])[O-]>>CC(=CCOP(=O)([O-])OP(=O)([O-])[O-])CCC1(C)C(C)CCC2(C)C(C)=CCCC21,CC(=CCOP(=O)([O-])OP(=O)([O-])[O-])CCC1(C)C(C)CCC2(C)C(C)=CCCC21,C20_GGPP_like,C20_bicyclic_highly_oxygenated,4,4,C20_GGPP_like::RHEA:14841,1
RHEA:54692,CC(C)=CCCC(C)=CCCC(C)=CCCC(C)=CCOP(=O)([O-])OP(=O)([O-])[O-]>>CC(=CCOP(=O)([O-])OP(=O)([O-])[O-])CCC1C(C)=CCC2C(C)(C)CCCC12C,CC(=CCOP(=O)([O-])OP(=O)([O-])[O-])CCC1C(C)=CCC2C(C)(C)CCCC12C,C20_GGPP_like,C20_bicyclic_highly_oxygenated,1,1,C20_GGPP_like::RHEA:14841,1
RHEA:55216,CC(C)=CCCC(C)=CCCC(C)=CCCC(C)=CCOP(=O)([O-])OP(=O)([O-])[O-]>>C=C(C)C1CCC2(C)CCC(C)C3(CC=C(C)CC3)C12.O=P([O-])([O-])OP(=O)([O-])O,C=C(C)C1CCC2(C)CCC(C)C3(CC=C(C)CC3)C12,C20_GGPP_like,C20_polycyclic_hydrocarbon,1,1,C20_GGPP_like::RHEA:55216,2
RHEA:55424,C=C[C@@](C)(O)CC/C=C(C)CCC=C(C)C.Cc1cc2c(cc1C)N(C[C@H](O)[C@H](O)[C@H](O)COP(=O)([O-])[O-])c1nc(=O)nc(=O)c1N2.O=O>>C=C/C=C(C)CCC=C(C)C.C=CC(C)=O.Cc1cc2nc3c(=O)[n-]c(=O)nc-3n(C[C@H](O)[C@H](O)[C@H](O)COP(=O)([O-])[O-])c2cc1C.[H]O[H].[H+],Cc1cc2nc3c(=O)[n-]c(=O)nc-3n(C[C@H](O)[C@H](O)[C@H](O)COP(=O)([O-])[O-])c2cc1C,C15_FPP_like,C15_polycyclic_highly_oxygenated,2,2,C15_FPP_like::RHEA:16337,0
RHEA:55520,C=C(C)CCOP(=O)([O-])OP(=O)([O-])[O-].CC(C)=CCOP(=O)([O-])OP(=O)([O-])[O-]>>CC(C)=CCCC(C)=CCCC(C)=CCCC(C)=CCOP(=O)([O-])OP(=O)([O-])[O-].O=P([O-])([O-])OP(=O)([O-])O,CC(C)=CCCC(C)=CCCC(C)=CCCC(C)=CCOP(=O)([O-])OP(=O)([O-])[O-],C5_IPP_DMAPP_like,C20_acyclic_highly_oxygenated,1,1,C5_IPP_DMAPP_like::RHEA:11328,2
RHEA:56556,CC(C)=CCCC(C)=CCCC(C)=CCOP(=O)([O-])OP(=O)([O-])[O-]>>CC1=CC2C(=C(C)CCC2C(C)C)CC1.O=P([O-])([O-])OP(=O)([O-])O,CC1=CC2C(=C(C)CCC2C(C)C)CC1,C15_FPP_like,C15_bicyclic_hydrocarbon,16,16,C15_FPP_like::RHEA:19525,3
RHEA:56632,CC(C)=CCCC(C)=CCOP(=O)([O-])OP(=O)([O-])[O-].O>>CC12CCC(CC1)C(C)(C)O2.O=P([O-])([O-])OP(=O)([O-])O,CC12CCC(CC1)C(C)(C)O2,C10_GPP_like,C10_polycyclic_oxygenated,1,1,C10_GPP_like::RHEA:32543,0
RHEA:56820,CC(C)C1CCC2(C)CC3C(C)CCC3C(C)(O)CC=C12.O=O.[H]*[H]>>*.CC(C)C1CCC2(C)CC3C(C)CC(O)C3C(C)(O)CC=C12.O,CC(C)C1CCC2(C)CC3C(C)CC(O)C3C(C)(O)CC=C12,C20_GGPP_like,C20_polycyclic_oxygenated,1,1,C20_GGPP_like::RHEA:41628,4
RHEA:56824,CC(C)C1CCC2(C)CC3C(C)CC(O)C3C(C)(O)CC=C12.O=O.[H]*[H]>>*.CC(C)C1CCC2(C)CC3C(CO)CC(O)C3C(C)(O)CC=C12.O,CC(C)C1CCC2(C)CC3C(CO)CC(O)C3C(C)(O)CC=C12,C20_GGPP_like,C20_polycyclic_highly_oxygenated,1,1,C20_GGPP_like::RHEA:41628,4
RHEA:56944,O=C(CO)C(O)C(O)COP(=O)([O-])[O-].[H]*[H]>>*.CC(=O)C(O)C(O)COP(=O)([O-])[O-].O,CC(=O)C(O)C(O)COP(=O)([O-])[O-],C5_IPP_DMAPP_like,C5_acyclic_highly_oxygenated,1,1,C5_IPP_DMAPP_like::RHEA:56944,3
RHEA:56984,CC(C)=CCCC(C)=CCCC(C)=CCOP(=O)([O-])OP(=O)([O-])[O-].O>>C=CC(C)(O)CCC=C(C)CCC=C(C)C.O=P([O-])([O-])OP(=O)([O-])O,C=CC(C)(O)CCC=C(C)CCC=C(C)C,C15_FPP_like,C15_acyclic_oxygenated,8,8,C15_FPP_like::RHEA:27421,2
RHEA:57516,O=C(O)CC(=O)O.Cc1cc2c(cc1C)N(C[C@H](O)[C@H](O)[C@H](O)COP(=O)([O-])[O-])c1nc(=O)nc(=O)c1N2.O=O>>[H][C@]12CC[C@]3(C)C(=C)CCC[C@@]3([H])[C@]1(C)CC[C@](C)(C1CO1)C2.Cc1cc2nc3c(=O)[n-]c(=O)nc-3n(C[C@H](O)[C@H](O)[C@H](O)COP(=O)([O-])[O-])c2cc1C.[H]O[H].[H+],[H][C@]12CC[C@]3(C)C(=C)CCC[C@@]3([H])[C@]1(C)CC[C@](C)(C1CO1)C2,C5_IPP_DMAPP_like,C20_polycyclic_oxygenated,1,1,C5_IPP_DMAPP_like::RHEA:57516,4
RHEA:57520,[H][C@]12CC[C@]3(C)C(=C)CCC[C@@]3([H])[C@]1(C)CC[C@](C)(C1CO1)C2.Cc1cc2c(cc1C)N(C[C@H](O)[C@H](O)[C@H](O)COP(=O)([O-])[O-])c1nc(=O)nc(=O)c1N2.O=O>>[H][C@]12CC[C@]3(C)C(=C)[C@@H](O)CC[C@@]3([H])[C@]1(C)CC[C@](C)(C1CO1)C2.Cc1cc2nc3c(=O)[n-]c(=O)nc-3n(C[C@H](O)[C@H](O)[C@H](O)COP(=O)([O-])[O-])c2cc1C.[H]O[H].[H+],[H][C@]12CC[C@]3(C)C(=C)[C@@H](O)CC[C@@]3([H])[C@]1(C)CC[C@](C)(C1CO1)C2,C20_GGPP_like,C20_polycyclic_oxygenated,1,1,C20_GGPP_like::RHEA:57520,3
RHEA:57544,[H][C@@]1(C2=CCCC(C)(C)C2)CC=C(C)CC1.Cc1cc2c(cc1C)N(C[C@H](O)[C@H](O)[C@H](O)COP(=O)([O-])[O-])c1nc(=O)nc(=O)c1N2.O=O>>[H][C@@]1(C2=CCCC(C)(C)C2)CC=C(C(=O)[O-])CC1.Cc1cc2nc3c(=O)[n-]c(=O)nc-3n(C[C@H](O)[C@H](O)[C@H](O)COP(=O)([O-])[O-])c2cc1C.[H]O[H].[H+],Cc1cc2nc3c(=O)[n-]c(=O)nc-3n(C[C@H](O)[C@H](O)[C@H](O)COP(=O)([O-])[O-])c2cc1C,C15_FPP_like,C15_polycyclic_highly_oxygenated,1,1,C15_FPP_like::RHEA:16337,0
RHEA:58160,C=C1CCC2C(C)(C)CCCC2(C)C1CCC(C)=CCOP(=O)([O-])OP(=O)([O-])[O-]>>O=C(O)CC(=O)O.O=P([O-])([O-])OP(=O)([O-])O,O=C(O)CC(=O)O,C20_GGPP_like,C5_acyclic_highly_oxygenated,1,1,C20_GGPP_like::RHEA:58160,4
RHEA:58164,CC(C)=CCCC(C)=CCCC(C)=CCOP(=O)([O-])OP(=O)([O-])[O-].O>>CC1CCCC2(C)CCC(C(C)(C)O)CC12O.O=P([O-])([O-])OP(=O)([O-])O,CC1CCCC2(C)CCC(C(C)(C)O)CC12O,C15_FPP_like,C15_bicyclic_oxygenated,2,2,C15_FPP_like::RHEA:30371,1
RHEA:58168,CC(C)=CCCC(C)=CCCC(C)=CCOP(=O)([O-])OP(=O)([O-])[O-]>>C=C(C)C1CCC2=CCCC(C)C2(C)C1.O=P([O-])([O-])OP(=O)([O-])O,C=C(C)C1CCC2=CCCC(C)C2(C)C1,C15_FPP_like,C15_bicyclic_hydrocarbon,3,3,C15_FPP_like::RHEA:19825,0
RHEA:58172,CC(C)=CCCC(C)=CCCC(C)=CCCC(C)=CCOP(=O)([O-])OP(=O)([O-])[O-]>>C=CCCCCCCCCCCCC(O)CC(O)CO.O=P([O-])([O-])OP(=O)([O-])O,C=CCCCCCCCCCCCC(O)CC(O)CO,C20_GGPP_like,C15_acyclic_highly_oxygenated,1,1,C20_GGPP_like::RHEA:58172,0
RHEA:59224,CC(C)=CCCC(C)=CCCC(C)=CCCC(C)=CCOP(=O)([O-])OP(=O)([O-])[O-]>>CCCCCCCCCCCC(=O)NCC(C)O.O=P([O-])([O-])OP(=O)([O-])O,CCCCCCCCCCCC(=O)NCC(C)O,C20_GGPP_like,C15_acyclic_oxygenated,1,1,C20_GGPP_like::RHEA:59224,1
RHEA:59232,CC(C)=CCCC(C)=CCCC(C)=CCCC(C)=CCOP(=O)([O-])OP(=O)([O-])[O-].O>>CC1CCC2C3C1CCC1(C)CCCC(C)(CC2(C)O)C31.O=P([O-])([O-])OP(=O)([O-])O,CC1CCC2C3C1CCC1(C)CCCC(C)(CC2(C)O)C31,C20_GGPP_like,C20_polycyclic_oxygenated,1,1,C20_GGPP_like::RHEA:59232,2
RHEA:59236,CC(C)=CCCC(C)=CCCC(C)=CCCC(C)=CCOP(=O)([O-])OP(=O)([O-])[O-]>>CC(C)=CCCC(C)C1CCC(C)C2=C1C=C(C)CC2.O=P([O-])([O-])OP(=O)([O-])O,CC(C)=CCCC(C)C1CCC(C)C2=C1C=C(C)CC2,C20_GGPP_like,C20_bicyclic_hydrocarbon,1,1,C20_GGPP_like::RHEA:59236,3
RHEA:59904,CCCCCCCC=O.NC(=O)c1ccc[n+](C2OC(COP(=O)([O-])OP(=O)([O-])OCC3OC(n4cnc5c(N)ncnc54)C(OP(=O)([O-])[O-])C3O)C(O)C2O)c1.O.[O-][I+2]([O-])O>>NC(=O)C1=CN(C2OC(COP(=O)([O-])OP(=O)([O-])OCC3OC(n4cnc5c(N)ncnc54)C(OP(=O)([O-])[O-])C3O)C(O)C2O)C=CC1.[H+],NC(=O)C1=CN(C2OC(COP(=O)([O-])OP(=O)([O-])OCC3OC(n4cnc5c(N)ncnc54)C(OP(=O)([O-])[O-])C3O)C(O)C2O)C=CC1,C20_GGPP_like,C20_polycyclic_highly_oxygenated,1,1,C20_GGPP_like::RHEA:25641,0
RHEA:60016,CC(C)=CCCC(C)=CCCC(C)=CCOP(=O)([O-])OP(=O)([O-])[O-]>>C=C1CCC2(C(C)CCC=C(C)C)CC12.O=P([O-])([O-])OP(=O)([O-])O,C=C1CCC2(C(C)CCC=C(C)C)CC12,C15_FPP_like,C15_bicyclic_hydrocarbon,1,1,C15_FPP_like::RHEA:31991,3
RHEA:60020,CC(C)=CCCC(C)=CCCC(C)=CCOP(=O)([O-])OP(=O)([O-])[O-]>>C=C1CCC2(C(C)CCC=C(C)C)CC12.O=P([O-])([O-])OP(=O)([O-])O,C=C1CCC2(C(C)CCC=C(C)C)CC12,C15_FPP_like,C15_bicyclic_hydrocarbon,2,2,C15_FPP_like::RHEA:31991,3
RHEA:60024,CC(C)=C[C@@H]1[C@@H](COP(=O)([O-])OP(=O)([O-])[O-])C1(C)C.[H]O[H]>>Cc1nccc2c1nc1ccccc12.O=P([O-])([O-])OP(=O)([O-])O,,C10_GPP_like,unknown,1,1,C10_GPP_like::RHEA:60024,2
RHEA:60028,CC(C)=CCCC(C)=CCOP(=O)([O-])OP(=O)([O-])[O-].O>>CC1=CCC(O)(C(C)C)CC1.O=P([O-])([O-])OP(=O)([O-])O,CC1=CCC(O)(C(C)C)CC1,C10_GPP_like,C10_mono_oxygenated,1,1,C10_GPP_like::RHEA:60028,3
RHEA:60424,CC(C)=CCCC(C)=CCCC(C)=CCOP(=O)([O-])OP(=O)([O-])[O-].O>>CC1CCC=C2CCC(C(C)(C)O)CC21C.O=P([O-])([O-])OP(=O)([O-])O,CC1CCC=C2CCC(C(C)(C)O)CC21C,C15_FPP_like,C15_bicyclic_oxygenated,7,7,C15_FPP_like::RHEA:19825,0
RHEA:60680,C=C(C(=O)[O-])C1CCC(C)C2CCC(C)=CC12.C=C(C=O)C1CCC(C)C2CCC(C)=CC12.NC(=O)C1=CN(C2OC(COP(=O)([O-])OP(=O)([O-])OCC3OC(n4cnc5c(N)ncnc54)C(OP(=O)([O-])[O-])C3O)C(O)C2O)C=CC1.NC(=O)c1ccc[n+](C2OC(COP(=O)([O-])OP(=O)([O-])OCC3OC(n4cnc5c(N)ncnc54)C(OP(=O)([O-])[O-])C3O)C(O)C2O)c1.O>>[H+],,C20_GGPP_like,unknown,1,1,C20_GGPP_like::RHEA:60680,4
RHEA:60684,CC1=CC2C(C(C)C=O)CCC(C)C2CC1.CC1=CC2C(CC1)C(C)CCC2C(C)C(=O)[O-].NC(=O)c1ccc[n+](C2OC(COP(=O)([O-])OP(=O)([O-])OCC3OC(n4cnc5c(N)ncnc54)C(OP(=O)([O-])[O-])C3O)C(O)C2O)c1.O>>NC(=O)C1=CN(C2OC(COP(=O)([O-])OP(=O)([O-])OCC3OC(n4cnc5c(N)ncnc54)C(OP(=O)([O-])[O-])C3O)C(O)C2O)C=CC1.[H+],NC(=O)C1=CN(C2OC(COP(=O)([O-])OP(=O)([O-])OCC3OC(n4cnc5c(N)ncnc54)C(OP(=O)([O-])[O-])C3O)C(O)C2O)C=CC1,C20_GGPP_like,C20_polycyclic_highly_oxygenated,1,1,C20_GGPP_like::RHEA:25641,0
RHEA:60688,CC1=CC2C(C(C)C=O)CCC(C)C2CC1.CC1=CC2C(CC1)C(C)CCC2C(C)C(=O)[O-].NC(=O)c1ccc[n+](C2OC(COP(=O)([O-])OP(=O)([O-])OCC3OC(n4cnc5c(N)ncnc54)C(O)C3O)C(O)C2O)c1.O>>NC(=O)C1=CN(C2OC(COP(=O)([O-])OP(=O)([O-])OCC3OC(n4cnc5c(N)ncnc54)C(O)C3O)C(O)C2O)C=CC1.[H+],NC(=O)C1=CN(C2OC(COP(=O)([O-])OP(=O)([O-])OCC3OC(n4cnc5c(N)ncnc54)C(O)C3O)C(O)C2O)C=CC1,C20_GGPP_like,C20_polycyclic_highly_oxygenated,1,1,C20_GGPP_like::RHEA:25641,0
RHEA:60692,CCCCCCC=CC(=O)[O-].CCCCCCC=CC=O.NC(=O)c1ccc[n+](C2OC(COP(=O)([O-])OP(=O)([O-])OCC3OC(n4cnc5c(N)ncnc54)C(OP(=O)([O-])[O-])C3O)C(O)C2O)c1.O>>NC(=O)C1=CN(C2OC(COP(=O)([O-])OP(=O)([O-])OCC3OC(n4cnc5c(N)ncnc54)C(OP(=O)([O-])[O-])C3O)C(O)C2O)C=CC1.[H+],NC(=O)C1=CN(C2OC(COP(=O)([O-])OP(=O)([O-])OCC3OC(n4cnc5c(N)ncnc54)C(OP(=O)([O-])[O-])C3O)C(O)C2O)C=CC1,C20_GGPP_like,C20_polycyclic_highly_oxygenated,1,1,C20_GGPP_like::RHEA:25641,0
RHEA:60696,C=C(C)C(CC=C(C)C)COP(=O)([O-])OP(=O)([O-])[O-].O>>C=C(C)C(CO)CC=C(C)C.O=P([O-])([O-])OP(=O)([O-])O,C=C(C)C(CO)CC=C(C)C,C10_GPP_like,C10_acyclic_oxygenated,1,1,C10_GPP_like::RHEA:60696,4
RHEA:60744,C=CC=CCC1=C(C)C(O)CC1=O.CC(C)=CC1C(C(=O)SCCNC(=O)CCNC(=O)C(O)C(C)(C)COP(=O)([O-])OP(=O)([O-])OCC2OC(n3cnc4c(N)ncnc43)C(O)C2OP(=O)([O-])[O-])C1(C)C>>C=CC=CCC1=C(C)C(OC(=O)C2C(C=C(C)C)C2(C)C)CC1=O.CC(C)(COP(=O)([O-])OP(=O)([O-])OCC1OC(n2cnc3c(N)ncnc32)C(O)C1OP(=O)([O-])[O-])C(O)C(=O)NCCC(=O)NCCS,CC(C)(COP(=O)([O-])OP(=O)([O-])OCC1OC(n2cnc3c(N)ncnc32)C(O)C1OP(=O)([O-])[O-])C(O)C(=O)NCCC(=O)NCCS,C31_long_prenyl_like,C20_polycyclic_highly_oxygenated,1,1,C31_long_prenyl_like::RHEA:60744,3
RHEA:60748,C=CC=CCC1=C(C)C(O)CC1=O.COC(=O)C(C)=CC1C(C(=O)SCCNC(=O)CCNC(=O)C(O)C(C)(C)COP(=O)([O-])OP(=O)([O-])OCC2OC(n3cnc4c(N)ncnc43)C(O)C2OP(=O)([O-])[O-])C1(C)C>>C=CC=CCC1=C(C)C(OC(=O)C2C(C=C(C)C(=O)OC)C2(C)C)CC1=O.CC(C)(COP(=O)([O-])OP(=O)([O-])OCC1OC(n2cnc3c(N)ncnc32)C(O)C1OP(=O)([O-])[O-])C(O)C(=O)NCCC(=O)NCCS,C=CC=CCC1=C(C)C(OC(=O)C2C(C=C(C)C(=O)OC)C2(C)C)CC1=O,C32_long_prenyl_like,C20_bicyclic_highly_oxygenated,1,1,C32_long_prenyl_like::RHEA:60748,2
RHEA:60752,CC(C)=CC1C(C(=O)SCCNC(=O)CCNC(=O)C(O)C(C)(C)COP(=O)([O-])OP(=O)([O-])OCC2OC(n3cnc4c(N)ncnc43)C(O)C2OP(=O)([O-])[O-])C1(C)C.CCC=CCC1=C(C)C(O)CC1=O>>CC(C)(COP(=O)([O-])OP(=O)([O-])OCC1OC(n2cnc3c(N)ncnc32)C(O)C1OP(=O)([O-])[O-])C(O)C(=O)NCCC(=O)NCCS.CCC=CCC1=C(C)C(OC(=O)C2C(C=C(C)C)C2(C)C)CC1=O,CC(C)(COP(=O)([O-])OP(=O)([O-])OCC1OC(n2cnc3c(N)ncnc32)C(O)C1OP(=O)([O-])[O-])C(O)C(=O)NCCC(=O)NCCS,C31_long_prenyl_like,C20_polycyclic_highly_oxygenated,1,1,C31_long_prenyl_like::RHEA:60744,3
RHEA:60756,CC(C)=CC1C(C(=O)SCCNC(=O)CCNC(=O)C(O)C(C)(C)COP(=O)([O-])OP(=O)([O-])OCC2OC(n3cnc4c(N)ncnc43)C(O)C2OP(=O)([O-])[O-])C1(C)C.CC=CCC1=C(C)C(O)CC1=O>>CC(C)(COP(=O)([O-])OP(=O)([O-])OCC1OC(n2cnc3c(N)ncnc32)C(O)C1OP(=O)([O-])[O-])C(O)C(=O)NCCC(=O)NCCS.NC(CN(Cc1ccccc1)c1ccccc1)=NO,CC(C)(COP(=O)([O-])OP(=O)([O-])OCC1OC(n2cnc3c(N)ncnc32)C(O)C1OP(=O)([O-])[O-])C(O)C(=O)NCCC(=O)NCCS,C31_long_prenyl_like,C20_polycyclic_highly_oxygenated,1,1,C31_long_prenyl_like::RHEA:60744,3
RHEA:60760,CCC=CCC1=C(C)C(O)CC1=O.COC(=O)C(C)=CC1C(C(=O)SCCNC(=O)CCNC(=O)C(O)C(C)(C)COP(=O)([O-])OP(=O)([O-])OCC2OC(n3cnc4c(N)ncnc43)C(O)C2OP(=O)([O-])[O-])C1(C)C>>CC(C)(COP(=O)([O-])OP(=O)([O-])OCC1OC(n2cnc3c(N)ncnc32)C(O)C1OP(=O)([O-])[O-])C(O)C(=O)NCCC(=O)NCCS.CCC=CCC1=C(C)C(OC(=O)C2C(C=C(C)C(=O)OC)C2(C)C)CC1=O,CCC=CCC1=C(C)C(OC(=O)C2C(C=C(C)C(=O)OC)C2(C)C)CC1=O,C32_long_prenyl_like,C20_bicyclic_highly_oxygenated,1,1,C32_long_prenyl_like::RHEA:60748,2
RHEA:60764,CC=CCC1=C(C)C(O)CC1=O.COC(=O)C(C)=CC1C(C(=O)SCCNC(=O)CCNC(=O)C(O)C(C)(C)COP(=O)([O-])OP(=O)([O-])OCC2OC(n3cnc4c(N)ncnc43)C(O)C2OP(=O)([O-])[O-])C1(C)C>>C=CCC(=NO)SC1OC(CO)C(O)C(O)C1O.CC(C)(COP(=O)([O-])OP(=O)([O-])OCC1OC(n2cnc3c(N)ncnc32)C(O)C1OP(=O)([O-])[O-])C(O)C(=O)NCCC(=O)NCCS,CC(C)(COP(=O)([O-])OP(=O)([O-])OCC1OC(n2cnc3c(N)ncnc32)C(O)C1OP(=O)([O-])[O-])C(O)C(=O)NCCC(=O)NCCS,C32_long_prenyl_like,C20_polycyclic_highly_oxygenated,1,1,C32_long_prenyl_like::RHEA:60764,0
RHEA:61096,O=C1C[C@@H](c2ccc(O)cc2)Oc2cc(O)cc(O)c21.Cc1cc2c(cc1C)N(C[C@H](O)[C@H](O)[C@H](O)COP(=O)([O-])[O-])c1nc(=O)nc(=O)c1N2.O=O>>O=C1C[C@@H](c2ccc(O)c(O)c2)Oc2cc(O)cc(O)c21.Cc1cc2nc3c(=O)[n-]c(=O)nc-3n(C[C@H](O)[C@H](O)[C@H](O)COP(=O)([O-])[O-])c2cc1C.[H]O[H].[H+],Cc1cc2nc3c(=O)[n-]c(=O)nc-3n(C[C@H](O)[C@H](O)[C@H](O)COP(=O)([O-])[O-])c2cc1C,C15_FPP_like,C15_polycyclic_highly_oxygenated,1,1,C15_FPP_like::RHEA:16337,0
RHEA:61112,O=C1c2c(O)cc(O)cc2O[C@H](c2ccc(O)cc2)[C@H]1O.Cc1cc2c(cc1C)N(C[C@H](O)[C@H](O)[C@H](O)COP(=O)([O-])[O-])c1nc(=O)nc(=O)c1N2.O=O>>O=C1c2c(O)cc(O)cc2O[C@H](c2ccc(O)c(O)c2)[C@H]1O.Cc1cc2nc3c(=O)[n-]c(=O)nc-3n(C[C@H](O)[C@H](O)[C@H](O)COP(=O)([O-])[O-])c2cc1C.[H]O[H].[H+],Cc1cc2nc3c(=O)[n-]c(=O)nc-3n(C[C@H](O)[C@H](O)[C@H](O)COP(=O)([O-])[O-])c2cc1C,C15_FPP_like,C15_polycyclic_highly_oxygenated,1,1,C15_FPP_like::RHEA:16337,0
RHEA:61124,O=c1c([O-])c(-c2ccc(O)cc2)oc2cc(O)cc(O)c12.Cc1cc2c(cc1C)N(C[C@H](O)[C@H](O)[C@H](O)COP(=O)([O-])[O-])c1nc(=O)nc(=O)c1N2.O=O>>Cc1nc2c(c(=O)n(C)c(=O)n2C)n1C.Cc1cc2nc3c(=O)[n-]c(=O)nc-3n(C[C@H](O)[C@H](O)[C@H](O)COP(=O)([O-])[O-])c2cc1C.[H]O[H].[H+],Cc1cc2nc3c(=O)[n-]c(=O)nc-3n(C[C@H](O)[C@H](O)[C@H](O)COP(=O)([O-])[O-])c2cc1C,C15_FPP_like,C15_polycyclic_highly_oxygenated,1,1,C15_FPP_like::RHEA:16337,0
RHEA:62180,CC(=CCOP(=O)([O-])OP(=O)([O-])[O-])CCC1(O)C(C)CCC2C(C)(C)CCCC21C.O>>C=CC(C)(O)CCC1(O)C(C)CCC2C(C)(C)CCCC21C.O=P([O-])([O-])OP(=O)([O-])O,C=CC(C)(O)CCC1(O)C(C)CCC2C(C)(C)CCCC21C,C20_GGPP_like,C20_bicyclic_oxygenated,1,1,C20_GGPP_like::RHEA:34459,3
RHEA:62184,CC(=CCOP(=O)([O-])OP(=O)([O-])[O-])CCC1(O)C(C)CCC2C(C)(C)CCCC21C>>C=CC(=C)CCC1(O)C(C)CCC2C(C)(C)CCCC21C.O=P([O-])([O-])OP(=O)([O-])O,C=CC(=C)CCC1(O)C(C)CCC2C(C)(C)CCCC21C,C20_GGPP_like,C20_bicyclic_oxygenated,1,1,C20_GGPP_like::RHEA:34459,3
RHEA:62188,C=C1CCC2C(C)(C)CCCC2(C)C1CCC(C)=CCOP(=O)([O-])OP(=O)([O-])[O-]>>C=CC1(C)CCC2C(=CCC3C(C)(C)CCCC23C)C1.O=P([O-])([O-])OP(=O)([O-])O,C=CC1(C)CCC2C(=CCC3C(C)(C)CCCC23C)C1,C20_GGPP_like,C20_polycyclic_hydrocarbon,1,1,C20_GGPP_like::RHEA:25536,1
RHEA:62592,CC(C=O)=CCCC(C)=CC=O.CC(C=O)=CCCC(C)C=CO.NC(=O)c1ccc[n+](C2OC(COP(=O)([O-])OP(=O)([O-])OCC3OC(n4cnc5c(N)ncnc54)C(OP(=O)([O-])[O-])C3O)C(O)C2O)c1>>NC(=O)C1=CN(C2OC(COP(=O)([O-])OP(=O)([O-])OCC3OC(n4cnc5c(N)ncnc54)C(OP(=O)([O-])[O-])C3O)C(O)C2O)C=CC1.[H+],NC(=O)C1=CN(C2OC(COP(=O)([O-])OP(=O)([O-])OCC3OC(n4cnc5c(N)ncnc54)C(OP(=O)([O-])[O-])C3O)C(O)C2O)C=CC1,C20_GGPP_like,C20_polycyclic_highly_oxygenated,1,1,C20_GGPP_like::RHEA:25641,0
RHEA:62596,CC(C=O)=CCCC(C)=CC=O.CC(C=O)=CCCC(C)C=CO.NC(=O)c1ccc[n+](C2OC(COP(=O)([O-])OP(=O)([O-])OCC3OC(n4cnc5c(N)ncnc54)C(O)C3O)C(O)C2O)c1>>NC(=O)C1=CN(C2OC(COP(=O)([O-])OP(=O)([O-])OCC3OC(n4cnc5c(N)ncnc54)C(O)C3O)C(O)C2O)C=CC1.[H+],NC(=O)C1=CN(C2OC(COP(=O)([O-])OP(=O)([O-])OCC3OC(n4cnc5c(N)ncnc54)C(O)C3O)C(O)C2O)C=CC1,C20_GGPP_like,C20_polycyclic_highly_oxygenated,1,1,C20_GGPP_like::RHEA:25641,0
RHEA:62972,CC(=O)SCCNC(=O)CCNC(=O)C(O)C(C)(C)COP(=O)([O-])OP(=O)([O-])OCC1OC(n2cnc3c(N)ncnc32)C(O)C1OP(=O)([O-])[O-].CC(C)(COP(=O)([O-])OP(=O)([O-])OCC1OC(n2cnc3c(N)ncnc32)C(O)C1OP(=O)([O-])[O-])C(O)C(=O)NCCC(=O)NCCSC(=O)CC(=O)[O-].Cc1cc(O)cc(O)c1C(=O)[O-].[H+]>>CC(C)(COP(=O)([O-])OP(=O)([O-])OCC1OC(n2cnc3c(N)ncnc32)C(O)C1OP(=O)([O-])[O-])C(O)C(=O)NCCC(=O)NCCS.O=C=O,CC(C)(COP(=O)([O-])OP(=O)([O-])OCC1OC(n2cnc3c(N)ncnc32)C(O)C1OP(=O)([O-])[O-])C(O)C(=O)NCCC(=O)NCCS,C25_GFPP_like,C20_polycyclic_highly_oxygenated,1,1,C25_GFPP_like::RHEA:49628,1
RHEA:63012,CC(C)=CCCC(C)=CCCC(C)=CCOP(=O)([O-])OP(=O)([O-])[O-].Cc1cc(O)cc(O)c1C(=O)[O-]>>CC(C)=CCCC(C)=CCCC(C)=CCc1c(O)cc(C)c(C(=O)[O-])c1O.O=P([O-])([O-])OP(=O)([O-])O,CC(C)=CCCC(C)=CCCC(C)=CCc1c(O)cc(C)c(C(=O)[O-])c1O,C15_FPP_like,C25_mono_highly_oxygenated,1,1,C15_FPP_like::RHEA:63012,0
RHEA:63068,CC(=O)SCCNC(=O)CCNC(=O)C(O)C(C)(C)COP(=O)([O-])OP(=O)([O-])OCC1OC(n2cnc3c(N)ncnc32)C(O)C1OP(=O)([O-])[O-].CC(C)(COP(=O)([O-])OP(=O)([O-])OCC1OC(n2cnc3c(N)ncnc32)C(O)C1OP(=O)([O-])[O-])C(O)C(=O)NCCC(=O)NCCSC(=O)CC(=O)[O-].Cc1cc(O)cc(=O)o1.[H+]>>CC(C)(COP(=O)([O-])OP(=O)([O-])OCC1OC(n2cnc3c(N)ncnc32)C(O)C1OP(=O)([O-])[O-])C(O)C(=O)NCCC(=O)NCCS.O=C=O,CC(C)(COP(=O)([O-])OP(=O)([O-])OCC1OC(n2cnc3c(N)ncnc32)C(O)C1OP(=O)([O-])[O-])C(O)C(=O)NCCC(=O)NCCS,C25_GFPP_like,C20_polycyclic_highly_oxygenated,1,1,C25_GFPP_like::RHEA:49628,1
RHEA:63080,CC(C)=CCCC(C)=CCCC(C)=CCc1c(O)cc(C)c(C(=O)[O-])c1O.Nc1ncnc2c1ncn2C1OC(COP(=O)([O-])OP(=O)([O-])OP(=O)([O-])[O-])C(O)C1O.[H]*[H]>>*.CC(C)=CCCC(C)=CCCC(C)=CCc1c(O)cc(C)c(C=O)c1O.Nc1ncnc2c1ncn2C1OC(COP(=O)([O-])[O-])C(O)C1O.O=P([O-])([O-])OP(=O)([O-])O,CC(C)=CCCC(C)=CCCC(C)=CCc1c(O)cc(C)c(C=O)c1O,C10_GPP_like,C25_mono_highly_oxygenated,1,1,C10_GPP_like::RHEA:63080,0
RHEA:63084,CC(C)=CCC/C(C)=C/CC/C(C)=C/Cc1c(O)cc(C)c(C=O)c1O.Cc1cc2c(cc1C)N(C[C@H](O)[C@H](O)[C@H](O)COP(=O)([O-])OP(=O)([O-])OC[C@H]1O[C@@H](n3cnc4c(N)ncnc43)[C@H](O)[C@@H]1O)c1nc(=O)nc(=O)c1N2.[Cl-].O=O>>CC(C)=CCC/C(C)=C/CC/C(C)=C/Cc1c([O-])c(Cl)c(C)c(C=O)c1O.CN(C)CCOC(c1ccccc1)c1ccccc1.Cc1ccccc1-n1c(C)nc2ccccc2c1=O.Cl.[H]O[H].[H+],CC(C)=CCC/C(C)=C/CC/C(C)=C/Cc1c([O-])c(Cl)c(C)c(C=O)c1O,C25_GFPP_like,C25_mono_highly_oxygenated,1,1,C25_GFPP_like::RHEA:63084,1
RHEA:63092,CC(=CCc1c([O-])c(Cl)c(C)c(C=O)c1O)CCC=C(C)CCC1OC1(C)C.CC(C)=CCCC(C)=CCCC(C)=CCc1c([O-])c(Cl)c(C)c(C=O)c1O.NC(=O)C1=CN(C2OC(COP(=O)([O-])OP(=O)([O-])OCC3OC(n4cnc5c(N)ncnc54)C(OP(=O)([O-])[O-])C3O)C(O)C2O)C=CC1.O=O.[H+]>>NC(=O)c1ccc[n+](C2OC(COP(=O)([O-])OP(=O)([O-])OCC3OC(n4cnc5c(N)ncnc54)C(OP(=O)([O-])[O-])C3O)C(O)C2O)c1.O,NC(=O)c1ccc[n+](C2OC(COP(=O)([O-])OP(=O)([O-])OCC3OC(n4cnc5c(N)ncnc54)C(OP(=O)([O-])[O-])C3O)C(O)C2O)c1,C20_GGPP_like,C20_polycyclic_highly_oxygenated,1,1,C20_GGPP_like::RHEA:25641,0
RHEA:63096,CC(=CCc1c([O-])c(Cl)c(C)c(C=O)c1O)CCC=C(C)CCC1OC1(C)C>>CC(=CCc1c([O-])c(Cl)c(C)c(C=O)c1O)CCC1(C)C(C)CCC(=O)C1C,CC(=CCc1c([O-])c(Cl)c(C)c(C=O)c1O)CCC1(C)C(C)CCC(=O)C1C,C25_GFPP_like,C25_bicyclic_highly_oxygenated,1,1,C25_GFPP_like::RHEA:63084,1
RHEA:63100,CC(=CCc1c([O-])c(Cl)c(C)c(C=O)c1O)CCC1(C)C(C)CCC(=O)C1C.CC(C=CC1(C)C(C)CCC(=O)C1C)=CCc1c([O-])c(Cl)c(C)c(C=O)c1O.NC(=O)C1=CN(C2OC(COP(=O)([O-])OP(=O)([O-])OCC3OC(n4cnc5c(N)ncnc54)C(OP(=O)([O-])[O-])C3O)C(O)C2O)C=CC1.O=O.[H+]>>NC(=O)c1ccc[n+](C2OC(COP(=O)([O-])OP(=O)([O-])OCC3OC(n4cnc5c(N)ncnc54)C(OP(=O)([O-])[O-])C3O)C(O)C2O)c1.O,NC(=O)c1ccc[n+](C2OC(COP(=O)([O-])OP(=O)([O-])OCC3OC(n4cnc5c(N)ncnc54)C(OP(=O)([O-])[O-])C3O)C(O)C2O)c1,C20_GGPP_like,C20_polycyclic_highly_oxygenated,1,1,C20_GGPP_like::RHEA:25641,0
RHEA:63104,CC(=CCc1c([O-])c(Cl)c(C)c(C=O)c1O)CCC=C(C)C(O)CC1OC1(C)C.CC(=CCc1c([O-])c(Cl)c(C)c(C=O)c1O)CCC=C(C)CCC1OC1(C)C.NC(=O)C1=CN(C2OC(COP(=O)([O-])OP(=O)([O-])OCC3OC(n4cnc5c(N)ncnc54)C(OP(=O)([O-])[O-])C3O)C(O)C2O)C=CC1.O=O.[H+]>>NC(=O)c1ccc[n+](C2OC(COP(=O)([O-])OP(=O)([O-])OCC3OC(n4cnc5c(N)ncnc54)C(OP(=O)([O-])[O-])C3O)C(O)C2O)c1.O,NC(=O)c1ccc[n+](C2OC(COP(=O)([O-])OP(=O)([O-])OCC3OC(n4cnc5c(N)ncnc54)C(OP(=O)([O-])[O-])C3O)C(O)C2O)c1,C20_GGPP_like,C20_polycyclic_highly_oxygenated,1,1,C20_GGPP_like::RHEA:25641,0
RHEA:63108,CC(=CCc1c([O-])c(Cl)c(C)c(C=O)c1O)CCC=C(C)C(O)CC1OC1(C)C>>CC(=CCc1c([O-])c(Cl)c(C)c(C=O)c1O)CCC=C(C)C1CC(O)C(C)(C)O1,CC(=CCc1c([O-])c(Cl)c(C)c(C=O)c1O)CCC=C(C)C1CC(O)C(C)(C)O1,C25_GFPP_like,C25_bicyclic_highly_oxygenated,1,1,C25_GFPP_like::RHEA:63084,1
RHEA:63112,*.CC(=CCc1c([O-])c(Cl)c(C)c(C=O)c1O)CCC=C(C)C1CC(O)C(C)(C)O1>>CC(=CCc1c([O-])c(Cl)c(C)c(C=O)c1O)CCC=C(C)C1CC(=O)C(C)(C)O1.[H]*[H],CC(=CCc1c([O-])c(Cl)c(C)c(C=O)c1O)CCC=C(C)C1CC(=O)C(C)(C)O1,C25_GFPP_like,C25_bicyclic_highly_oxygenated,1,1,C25_GFPP_like::RHEA:63084,1
RHEA:64332,CC(C)(COP(=O)([O-])OP(=O)([O-])OCC1OC(n2cnc3c(N)ncnc32)C(O)C1OP(=O)([O-])[O-])C(O)C(=O)NCCC(=O)NCCS.Nc1ncnc2c1ncn2C1OC(COP(=O)([O-])OP(=O)([O-])OP(=O)([O-])[O-])C(O)C1O.O=C([O-])c1cccnc1>>CC(C)(COP(=O)([O-])OP(=O)([O-])OCC1OC(n2cnc3c(N)ncnc32)C(O)C1OP(=O)([O-])[O-])C(O)C(=O)NCCC(=O)NCCSC(=O)c1cccnc1.Nc1ncnc2c1ncn2C1OC(COP(=O)([O-])[O-])C(O)C1O.O=P([O-])([O-])OP(=O)([O-])O,CC(C)(COP(=O)([O-])OP(=O)([O-])OCC1OC(n2cnc3c(N)ncnc32)C(O)C1OP(=O)([O-])[O-])C(O)C(=O)NCCC(=O)NCCSC(=O)c1cccnc1,C20_GGPP_like,C25_polycyclic_highly_oxygenated,2,2,C20_GGPP_like::RHEA:64332,1
RHEA:64336,CC(C)(COP(=O)([O-])OP(=O)([O-])OCC1OC(n2cnc3c(N)ncnc32)C(O)C1OP(=O)([O-])[O-])C(O)C(=O)NCCC(=O)NCCSC(=O)CC(=O)[O-].CC(C)(COP(=O)([O-])OP(=O)([O-])OCC1OC(n2cnc3c(N)ncnc32)C(O)C1OP(=O)([O-])[O-])C(O)C(=O)NCCC(=O)NCCSC(=O)c1cccnc1.O=c1cc([O-])cc(-c2cccnc2)o1.[H+]>>CC(C)(COP(=O)([O-])OP(=O)([O-])OCC1OC(n2cnc3c(N)ncnc32)C(O)C1OP(=O)([O-])[O-])C(O)C(=O)NCCC(=O)NCCS.O=C=O,CC(C)(COP(=O)([O-])OP(=O)([O-])OCC1OC(n2cnc3c(N)ncnc32)C(O)C1OP(=O)([O-])[O-])C(O)C(=O)NCCC(=O)NCCS,C25_GFPP_like,C20_polycyclic_highly_oxygenated,2,2,C25_GFPP_like::RHEA:49628,1
RHEA:64340,CC(C)=CCCC(C)=CCCC(C)=CCOP(=O)([O-])OP(=O)([O-])[O-].O=c1cc([O-])cc(-c2cccnc2)o1>>CC(C)=CCCC(C)=CCCC(C)=CCc1c([O-])cc(-c2cccnc2)oc1=O.O=P([O-])([O-])OP(=O)([O-])O,CC(C)=CCCC(C)=CCCC(C)=CCc1c([O-])cc(-c2cccnc2)oc1=O,C15_FPP_like,C25_bicyclic_highly_oxygenated,1,1,C15_FPP_like::RHEA:64340,1
RHEA:64344,CC(=CCc1c([O-])cc(-c2cccnc2)oc1=O)CCC=C(C)CCC1OC1(C)C.CC(C)=CCCC(C)=CCCC(C)=CCc1c([O-])cc(-c2cccnc2)oc1=O.NC(=O)C1=CN(C2OC(COP(=O)([O-])OP(=O)([O-])OCC3OC(n4cnc5c(N)ncnc54)C(OP(=O)([O-])[O-])C3O)C(O)C2O)C=CC1.O=O.[H+]>>NC(=O)c1ccc[n+](C2OC(COP(=O)([O-])OP(=O)([O-])OCC3OC(n4cnc5c(N)ncnc54)C(OP(=O)([O-])[O-])C3O)C(O)C2O)c1.O,NC(=O)c1ccc[n+](C2OC(COP(=O)([O-])OP(=O)([O-])OCC3OC(n4cnc5c(N)ncnc54)C(OP(=O)([O-])[O-])C3O)C(O)C2O)c1,C20_GGPP_like,C20_polycyclic_highly_oxygenated,1,1,C20_GGPP_like::RHEA:25641,0
RHEA:64348,,,unknown,unknown,1,1,unknown::RHEA:64348,2
RHEA:64572,C=C(C)CCOP(=O)([O-])OP(=O)([O-])[O-].CC(C)=CCCC(C)=CCOP(=O)([O-])OP(=O)([O-])[O-]>>CC(C)=CCCC(C)=CCCC(C)=CCOP(=O)([O-])OP(=O)([O-])[O-].O=P([O-])([O-])OP(=O)([O-])O,CC(C)=CCCC(C)=CCCC(C)=CCOP(=O)([O-])OP(=O)([O-])[O-],C10_GPP_like,C15_acyclic_highly_oxygenated,1,1,C10_GPP_like::RHEA:19361,4
RHEA:64580,C=C(C)CCOP(=O)([O-])OP(=O)([O-])[O-].CC(C)=CCCC(C)=CCCC(C)=CCOP(=O)([O-])OP(=O)([O-])[O-]>>CC(C)=CCCC(C)=CCCC(C)=CCCC(C)=CCOP(=O)([O-])OP(=O)([O-])[O-].O=P([O-])([O-])OP(=O)([O-])O,CC(C)=CCCC(C)=CCCC(C)=CCCC(C)=CCOP(=O)([O-])OP(=O)([O-])[O-],C15_FPP_like,C20_acyclic_highly_oxygenated,1,1,C15_FPP_like::RHEA:17653,3
RHEA:64856,CC(C)=CCCC(C)=CCCC(C)=CCCC(C)=CCOP(=O)([O-])OP(=O)([O-])[O-]>>COc1cc2c3c(c1O)-c1c(ccc(OC)c1OC)CC3NCC2.O=P([O-])([O-])OP(=O)([O-])O,COc1cc2c3c(c1O)-c1c(ccc(OC)c1OC)CC3NCC2,C20_GGPP_like,C20_polycyclic_highly_oxygenated,1,1,C20_GGPP_like::RHEA:64856,0
RHEA:65072,CC(C)=CCCC(C)=CCCC(C)=CCOP(=O)([O-])OP(=O)([O-])[O-]>>CC1=CCC2C(=C(C)C)CCC2(C)CC1.O=P([O-])([O-])OP(=O)([O-])O,CC1=CCC2C(=C(C)C)CCC2(C)CC1,C15_FPP_like,C15_bicyclic_hydrocarbon,1,1,C15_FPP_like::RHEA:65072,1
RHEA:65112,CCC1=CC(=O)C2(C)C(O)CC(C)=CCC12.O=C([O-])CCC(=O)C(=O)[O-].O=O>>CCC1=CC(=O)C2(C)C1=CC=C(C)CC2O.O.O=C([O-])CCC(=O)[O-].O=C=O,CCC1=CC(=O)C2(C)C1=CC=C(C)CC2O,C15_FPP_like,C15_bicyclic_oxygenated,1,1,C15_FPP_like::RHEA:65112,2
RHEA:65116,CCC1=CC(=O)C2(C)C(OC(=O)C3CCC[NH2+]3)CC(C)=CCC12.O=C([O-])CCC(=O)C(=O)[O-].O=O>>CCC1=CC(=O)C2(C)C1=CC=C(C)CC2OC(=O)C1CCC[NH2+]1.O.O=C([O-])CCC(=O)[O-].O=C=O,CCC1=CC(=O)C2(C)C1=CC=C(C)CC2OC(=O)C1CCC[NH2+]1,C20_GGPP_like,C20_polycyclic_highly_oxygenated,1,1,C20_GGPP_like::RHEA:65116,1
RHEA:65132,C=C1C2(C)CC3C4(C)CCC(=O)OC(C)(C)C4CCC3(C)C1(C(=O)OC)C(=O)C(C)(O)C2=O.O=C([O-])CCC(=O)C(=O)[O-].O=O>>CC(N)Cc1ccccc1.O.O=C([O-])CCC(=O)[O-].O=C=O,CC(N)Cc1ccccc1,C25_GFPP_like,C10_mono_hydrocarbon,3,3,C25_GFPP_like::RHEA:65132,2
RHEA:65140,C=C1C2(C)CC3C4(C)CCC(O)C(C)(C)C4CCC3(C)C1(C(=O)OC)C(=O)C(C)C2=O.O=O.[H]*[H]>>*.C=C1C2(C)CC3C4(C)CCC(O)C(C)(C)C4CCC3(C)C1(C(=O)OC)C(=O)C(C)(O)C2=O.O,C=C1C2(C)CC3C4(C)CCC(O)C(C)(C)C4CCC3(C)C1(C(=O)OC)C(=O)C(C)(O)C2=O,C25_GFPP_like,C25_polycyclic_highly_oxygenated,3,3,C25_GFPP_like::RHEA:65140,4
RHEA:65144,C=C1C2(C)CC3C4(C)CCC(O)C(C)(C)C4CCC3(C)C1(C(=O)OC)C(=O)C(C)(O)C2=O.O=C([O-])CCC(=O)C(=O)[O-].O=O>>C=C1C2(C)CC3C4(C)CCC(=O)C(C)(C)C4CCC3(C)C1(C(=O)OC)C(=O)C(C)(O)C2=O.O.O=C([O-])CCC(=O)[O-].O=C=O,C=C1C2(C)CC3C4(C)CCC(=O)C(C)(C)C4CCC3(C)C1(C(=O)OC)C(=O)C(C)(O)C2=O,C25_GFPP_like,C25_polycyclic_highly_oxygenated,3,3,C25_GFPP_like::RHEA:65140,4
RHEA:65156,CC(N)Cc1ccccc1.O=C([O-])CCC(=O)C(=O)[O-].O=O>>C=C1C2(C)CC3=C(C)C4(C=CC(=O)OC4(C)C)CCC3(C)C1(C(=O)OC)C(=O)C(C)(O)C2=O.O.O=C([O-])CCC(=O)[O-].O=C=O,C=C1C2(C)CC3=C(C)C4(C=CC(=O)OC4(C)C)CCC3(C)C1(C(=O)OC)C(=O)C(C)(O)C2=O,C10_GPP_like,C25_polycyclic_highly_oxygenated,3,3,C10_GPP_like::RHEA:65156,0
RHEA:65168,C=C1C2(C)CC3C4(C)CCC(=O)C(C)(C)C4CCC3(C)C1(C(=O)OC)C(=O)C(C)(O)C2=O.O=O.[H]*[H]>>*.C=C1C2(C)CC3C4(C)CCC(=O)OC(C)(C)C4CCC3(C)C1(C(=O)OC)C(=O)C(C)(O)C2=O.O,C=C1C2(C)CC3C4(C)CCC(=O)OC(C)(C)C4CCC3(C)C1(C(=O)OC)C(=O)C(C)(O)C2=O,C25_GFPP_like,C25_polycyclic_highly_oxygenated,4,4,C25_GFPP_like::RHEA:65140,4
RHEA:65176,*.C=C1C2(C)CC3C4(C)CCC(O)C(C)(C)C4CCC3(C)C1(C(=O)OC)C(=O)C(C)C2=O>>C=C1C2(C)CC3C4(C)CCC(=O)C(C)(C)C4CCC3(C)C1(C(=O)OC)C(=O)C(C)C2=O.[H]*[H],C=C1C2(C)CC3C4(C)CCC(=O)C(C)(C)C4CCC3(C)C1(C(=O)OC)C(=O)C(C)C2=O,C25_GFPP_like,C25_polycyclic_highly_oxygenated,1,1,C25_GFPP_like::RHEA:65140,4
RHEA:65180,C=C1C2(C)CC3C4(C)CCC(=O)C(C)(C)C4CCC3(C)C1(C(=O)OC)C(=O)C(C)C2=O.O=O.[H]*[H]>>*.C=C1C2(C)CC3C4(C)CCC(=O)C(C)(C)C4CCC3(C)C1(C(=O)OC)C(=O)C(C)(O)C2=O.O,C=C1C2(C)CC3C4(C)CCC(=O)C(C)(C)C4CCC3(C)C1(C(=O)OC)C(=O)C(C)(O)C2=O,C25_GFPP_like,C25_polycyclic_highly_oxygenated,1,1,C25_GFPP_like::RHEA:65140,4
RHEA:65184,C=C1C2(C)CC3C4(C)CCC(=O)OC(C)(C)C4CCC3(C)C1(C(=O)OC)C(=O)C(C)(O)C2=O.O=C([O-])CCC(=O)C(=O)[O-].O=O>>C=C1C2(C)CC3C4(C)CCC(=O)OC(C)(C)C4=CCC3(C)C1(C(=O)OC)C(=O)C(C)(O)C2=O.O.O=C([O-])CCC(=O)[O-].O=C=O,C=C1C2(C)CC3C4(C)CCC(=O)OC(C)(C)C4=CCC3(C)C1(C(=O)OC)C(=O)C(C)(O)C2=O,C25_GFPP_like,C25_polycyclic_highly_oxygenated,1,1,C25_GFPP_like::RHEA:65140,4
RHEA:65188,C=C1C2(C)CC3C4(C)CCC(=O)OC(C)(C)C4=CCC3(C)C1(C(=O)OC)C(=O)C(C)(O)C2=O.O=C([O-])CCC(=O)C(=O)[O-].O=O>>C=C1C2(C)CC3C(C)=C4CC(=O)OC(C)(C)C4=CCC3(C)C1(C(=O)OC)C(=O)C(C)(O)C2=O.O.O=C([O-])CCC(=O)[O-].O=C=O,C=C1C2(C)CC3C(C)=C4CC(=O)OC(C)(C)C4=CCC3(C)C1(C(=O)OC)C(=O)C(C)(O)C2=O,C25_GFPP_like,C25_polycyclic_highly_oxygenated,1,1,C25_GFPP_like::RHEA:65188,0
RHEA:65192,C=C1C2(C)CC3C4(C)CCC(=O)C(C)(C)C4CCC3(C)C1(C(=O)OC)C(=O)C(C)(O)C2=O.O=C([O-])CCC(=O)C(=O)[O-].O=O>>C=C1C2(C)CC3C4(C)C(=CCC3(C)C1(C(=O)OC)C(=O)C(C)(O)C2=O)C(C)(C)C(=O)CC4O.O.O=C([O-])CCC(=O)[O-].O=C=O,C=C1C2(C)CC3C4(C)C(=CCC3(C)C1(C(=O)OC)C(=O)C(C)(O)C2=O)C(C)(C)C(=O)CC4O,C25_GFPP_like,C25_polycyclic_highly_oxygenated,1,1,C25_GFPP_like::RHEA:65140,4
RHEA:65248,CC(C)(COP(=O)([O-])OP(=O)([O-])OCC1OC(n2cnc3c(N)ncnc32)C(O)C1OP(=O)([O-])[O-])C(O)C(=O)NCCC(=O)NCCSC(=O)CC(=O)[O-].CC1Cc2cc(O)cc(O)c2C(=O)O1.[H+].[H]*[H]>>*.CC(C)(COP(=O)([O-])OP(=O)([O-])OCC1OC(n2cnc3c(N)ncnc32)C(O)C1OP(=O)([O-])[O-])C(O)C(=O)NCCC(=O)NCCS.O.O=C=O,CC(C)(COP(=O)([O-])OP(=O)([O-])OCC1OC(n2cnc3c(N)ncnc32)C(O)C1OP(=O)([O-])[O-])C(O)C(=O)NCCC(=O)NCCS,C25_GFPP_like,C20_polycyclic_highly_oxygenated,1,1,C25_GFPP_like::RHEA:49628,1
RHEA:65252,CC(C)=CCCC(C)=CCCC(C)=CCOP(=O)([O-])OP(=O)([O-])[O-].CC1Cc2cc(O)cc(O)c2C(=O)O1>>CC(C)=CCCC(C)=CCCC(C)=CCc1c(O)cc(O)c2c1CC(C)OC2=O.O=P([O-])([O-])OP(=O)([O-])O,CC(C)=CCCC(C)=CCCC(C)=CCc1c(O)cc(O)c2c1CC(C)OC2=O,C15_FPP_like,C25_bicyclic_highly_oxygenated,1,1,C15_FPP_like::RHEA:65252,3
RHEA:65256,CC(C)=CCCC(C)=CCCC(C)=CCc1c(O)cc(O)c2c1CC(C)OC2=O.O=O.[H]*[H]>>*.CC(=CCc1c(O)cc(O)c2c1CC(C)OC2=O)CCC=C(C)CCC1OC1(C)C.O,CC(=CCc1c(O)cc(O)c2c1CC(C)OC2=O)CCC=C(C)CCC1OC1(C)C,C25_GFPP_like,C25_polycyclic_highly_oxygenated,1,1,C25_GFPP_like::RHEA:65256,1
RHEA:65260,CC(=CCc1c(O)cc(O)c2c1CC(C)OC2=O)CCC=C(C)CCC1OC1(C)C>>CC1Cc2c3c(cc(O)c2C(=O)O1)OC1(C)CCC2C(C)(C)C(O)CCC2(C)C1C3,CC1Cc2c3c(cc(O)c2C(=O)O1)OC1(C)CCC2C(C)(C)C(O)CCC2(C)C1C3,C25_GFPP_like,C25_polycyclic_highly_oxygenated,1,1,C25_GFPP_like::RHEA:65260,0
RHEA:65264,*.CC1Cc2c3c(cc(O)c2C(=O)O1)OC1(C)CCC2C(C)(C)C(O)CCC2(C)C1C3>>CC1Cc2c3c(cc(O)c2C(=O)O1)OC1(C)CCC2C(C)(C)C(=O)CCC2(C)C1C3.[H]*[H],CC1Cc2c3c(cc(O)c2C(=O)O1)OC1(C)CCC2C(C)(C)C(=O)CCC2(C)C1C3,C25_GFPP_like,C25_polycyclic_highly_oxygenated,1,1,C25_GFPP_like::RHEA:65260,0
RHEA:65268,CC1Cc2c3c(cc(O)c2C(=O)O1)OC1(C)C(O)CC2C(C)(C)C(O)CCC2(C)C1C3.CC1Cc2c3c(cc(O)c2C(=O)O1)OC1(C)CCC2C(C)(C)C(O)CCC2(C)C1C3.NC(=O)C1=CN(C2OC(COP(=O)([O-])OP(=O)([O-])OCC3OC(n4cnc5c(N)ncnc54)C(OP(=O)([O-])[O-])C3O)C(O)C2O)C=CC1.O=O.[H+]>>NC(=O)c1ccc[n+](C2OC(COP(=O)([O-])OP(=O)([O-])OCC3OC(n4cnc5c(N)ncnc54)C(OP(=O)([O-])[O-])C3O)C(O)C2O)c1.O,NC(=O)c1ccc[n+](C2OC(COP(=O)([O-])OP(=O)([O-])OCC3OC(n4cnc5c(N)ncnc54)C(OP(=O)([O-])[O-])C3O)C(O)C2O)c1,C20_GGPP_like,C20_polycyclic_highly_oxygenated,1,1,C20_GGPP_like::RHEA:25641,0
RHEA:65272,CC1Cc2c3c(cc(O)c2C(=O)O1)OC1(C)C(O)CC2C(C)(C)C(=O)CCC2(C)C1C3.CC1Cc2c3c(cc(O)c2C(=O)O1)OC1(C)CCC2C(C)(C)C(=O)CCC2(C)C1C3.NC(=O)C1=CN(C2OC(COP(=O)([O-])OP(=O)([O-])OCC3OC(n4cnc5c(N)ncnc54)C(OP(=O)([O-])[O-])C3O)C(O)C2O)C=CC1.O=O.[H+]>>NC(=O)c1ccc[n+](C2OC(COP(=O)([O-])OP(=O)([O-])OCC3OC(n4cnc5c(N)ncnc54)C(OP(=O)([O-])[O-])C3O)C(O)C2O)c1.O,NC(=O)c1ccc[n+](C2OC(COP(=O)([O-])OP(=O)([O-])OCC3OC(n4cnc5c(N)ncnc54)C(OP(=O)([O-])[O-])C3O)C(O)C2O)c1,C20_GGPP_like,C20_polycyclic_highly_oxygenated,1,1,C20_GGPP_like::RHEA:25641,0
RHEA:65300,CC1Cc2c3c(cc(O)c2C(=O)O1)OC1(C)CCC2C(C)(C)C(=O)CCC2(C)C1C3.O=C([O-])CCC(=O)C(=O)[O-].O=O>>CC1Cc2c3c(cc(O)c2C(=O)O1)OC1(C)CCC2C(C)(C)C(=O)C=CC2(C)C1C3.O.O=C([O-])CCC(=O)[O-].O=C=O,CC1Cc2c3c(cc(O)c2C(=O)O1)OC1(C)CCC2C(C)(C)C(=O)C=CC2(C)C1C3,C25_GFPP_like,C25_polycyclic_highly_oxygenated,1,1,C25_GFPP_like::RHEA:65260,0
RHEA:65304,CC1Cc2c3c(cc(O)c2C(=O)O1)OC1(C)CCC2C(C)(C)C(=O)C=CC2(C)C1C3.O=C([O-])CCC(=O)C(=O)[O-].O=O>>CC1OC(=O)c2c(O)cc3c(c2C1O)CC1C(C)(CCC2C(C)(C)C(=O)C=CC12C)O3.O=C([O-])CCC(=O)[O-].O=C=O,CC1OC(=O)c2c(O)cc3c(c2C1O)CC1C(C)(CCC2C(C)(C)C(=O)C=CC12C)O3,C25_GFPP_like,C25_polycyclic_highly_oxygenated,1,1,C25_GFPP_like::RHEA:65260,0
RHEA:65316,CC1Cc2c3c(cc(O)c2C(=O)O1)OC1(C)C(O)CC2C(C)(C)C(=O)CCC2(C)C1C3.O=C([O-])CCC(=O)C(=O)[O-].O=O>>CC1Cc2c3c(cc(O)c2C(=O)O1)OC1(C)C(O)CC2C(C)(C)C(=O)C=CC2(C)C1C3.O.O=C([O-])CCC(=O)[O-].O=C=O,CC1Cc2c3c(cc(O)c2C(=O)O1)OC1(C)C(O)CC2C(C)(C)C(=O)C=CC2(C)C1C3,C25_GFPP_like,C25_polycyclic_highly_oxygenated,1,1,C25_GFPP_like::RHEA:65260,0
RHEA:65320,CC1Cc2c3c(cc(O)c2C(=O)O1)OC1(C)C(O)CC2C(C)(C)C(=O)C=CC2(C)C1C3.O=C([O-])CCC(=O)C(=O)[O-].O=O>>CC1OC(=O)c2c(O)cc3c(c2C1O)CC1C2(C)C=CC(=O)C(C)(C)C2CC(O)C1(C)O3.O=C([O-])CCC(=O)[O-].O=C=O,CC1OC(=O)c2c(O)cc3c(c2C1O)CC1C2(C)C=CC(=O)C(C)(C)C2CC(O)C1(C)O3,C25_GFPP_like,C25_polycyclic_highly_oxygenated,1,1,C25_GFPP_like::RHEA:65260,0
RHEA:65324,CC(=O)SCCNC(=O)CCNC(=O)C(O)C(C)(C)COP(=O)([O-])OP(=O)([O-])OCC1OC(n2cnc3c(N)ncnc32)C(O)C1OP(=O)([O-])[O-].CC1OC(=O)c2c(O)cc3c(c2C1O)CC1C2(C)C=CC(=O)C(C)(C)C2CC(O)C1(C)O3>>CC(=O)OC1c2c3c(cc(O)c2C(=O)OC1C)OC1(C)C(O)CC2C(C)(C)C(=O)C=CC2(C)C1C3.CC(C)(COP(=O)([O-])OP(=O)([O-])OCC1OC(n2cnc3c(N)ncnc32)C(O)C1OP(=O)([O-])[O-])C(O)C(=O)NCCC(=O)NCCS,CC(=O)OC1c2c3c(cc(O)c2C(=O)OC1C)OC1(C)C(O)CC2C(C)(C)C(=O)C=CC2(C)C1C3,C25_GFPP_like,C25_polycyclic_highly_oxygenated,1,1,C25_GFPP_like::RHEA:65260,0
RHEA:65328,*.CC1Cc2c3c(cc(O)c2C(=O)O1)OC1(C)C(O)CC2C(C)(C)C(O)CCC2(C)C1C3>>CC1Cc2c3c(cc(O)c2C(=O)O1)OC1(C)C(O)CC2C(C)(C)C(=O)CCC2(C)C1C3.[H]*[H],CC1Cc2c3c(cc(O)c2C(=O)O1)OC1(C)C(O)CC2C(C)(C)C(=O)CCC2(C)C1C3,C25_GFPP_like,C25_polycyclic_highly_oxygenated,1,1,C25_GFPP_like::RHEA:65260,0
RHEA:65332,CC1Cc2c3c(cc(O)c2C(=O)O1)OC1(C)C(O)CC2C(C)(C)C(=O)C=CC2(C)C1C3.CC1Cc2c3c(cc(O)c2C(=O)O1)OC1(C)CCC2C(C)(C)C(=O)C=CC2(C)C1C3.NC(=O)C1=CN(C2OC(COP(=O)([O-])OP(=O)([O-])OCC3OC(n4cnc5c(N)ncnc54)C(OP(=O)([O-])[O-])C3O)C(O)C2O)C=CC1.O=O.[H+]>>NC(=O)c1ccc[n+](C2OC(COP(=O)([O-])OP(=O)([O-])OCC3OC(n4cnc5c(N)ncnc54)C(OP(=O)([O-])[O-])C3O)C(O)C2O)c1.O,NC(=O)c1ccc[n+](C2OC(COP(=O)([O-])OP(=O)([O-])OCC3OC(n4cnc5c(N)ncnc54)C(OP(=O)([O-])[O-])C3O)C(O)C2O)c1,C20_GGPP_like,C20_polycyclic_highly_oxygenated,1,1,C20_GGPP_like::RHEA:25641,0
RHEA:65336,CC1OC(=O)c2c(O)cc3c(c2C1O)CC1C(C)(CCC2C(C)(C)C(=O)C=CC12C)O3.CC1OC(=O)c2c(O)cc3c(c2C1O)CC1C2(C)C=CC(=O)C(C)(C)C2CC(O)C1(C)O3.NC(=O)C1=CN(C2OC(COP(=O)([O-])OP(=O)([O-])OCC3OC(n4cnc5c(N)ncnc54)C(OP(=O)([O-])[O-])C3O)C(O)C2O)C=CC1.O=O.[H+]>>NC(=O)c1ccc[n+](C2OC(COP(=O)([O-])OP(=O)([O-])OCC3OC(n4cnc5c(N)ncnc54)C(OP(=O)([O-])[O-])C3O)C(O)C2O)c1.O,NC(=O)c1ccc[n+](C2OC(COP(=O)([O-])OP(=O)([O-])OCC3OC(n4cnc5c(N)ncnc54)C(OP(=O)([O-])[O-])C3O)C(O)C2O)c1,C20_GGPP_like,C20_polycyclic_highly_oxygenated,1,1,C20_GGPP_like::RHEA:25641,0
RHEA:65828,CC(C)=CCCC(C)=CCOP(=O)([O-])OP(=O)([O-])[O-].O>>CC(C)=CCCC(C)=CCO.O=P([O-])([O-])OP(=O)([O-])O,CC(C)=CCCC(C)=CCO,C10_GPP_like,C10_acyclic_oxygenated,1,1,C10_GPP_like::RHEA:32679,4
RHEA:66636,CC(C)=CCCC(C)=CCCC(C)=CCOP(=O)([O-])OP(=O)([O-])[O-].O>>CC1=CCC2(CC1)C(C)CCC2C(C)(C)O.O=P([O-])([O-])OP(=O)([O-])O,CC1=CCC2(CC1)C(C)CCC2C(C)(C)O,C15_FPP_like,C15_bicyclic_oxygenated,1,1,C15_FPP_like::RHEA:66636,1
RHEA:66640,CC(C)=CCCC(C)=CCCC(C)=CCOP(=O)([O-])OP(=O)([O-])[O-].O>>CC1(C)CC2C1CCC(C)(O)C1CCC21C.O=P([O-])([O-])OP(=O)([O-])O,CC1(C)CC2C1CCC(C)(O)C1CCC21C,C15_FPP_like,C15_polycyclic_oxygenated,1,1,C15_FPP_like::RHEA:66640,4
RHEA:66644,CC(C)=CCCC(C)=CCCC(C)=CCOP(=O)([O-])OP(=O)([O-])[O-].O>>CC(CO)=C1CC(C)(C)CC2C(C)CCC12.O=P([O-])([O-])OP(=O)([O-])O,CC(CO)=C1CC(C)(C)CC2C(C)CCC12,C15_FPP_like,C15_bicyclic_oxygenated,2,2,C15_FPP_like::RHEA:66644,2
RHEA:66648,CC(C)=CCCC(C)=CCCC(C)=CCOP(=O)([O-])OP(=O)([O-])[O-]>>CC1(O)CC2(CO1)OCC(O)C2O.O=P([O-])([O-])OP(=O)([O-])O,CC1(O)CC2(CO1)OCC(O)C2O,C15_FPP_like,C10_bicyclic_highly_oxygenated,1,1,C15_FPP_like::RHEA:66648,0
RHEA:66652,CC(C)=CCCC(C)=CCCC(C)=CCOP(=O)([O-])OP(=O)([O-])[O-]>>CC1CCC2C1=CC(C)(C)CC1CC12C.O=P([O-])([O-])OP(=O)([O-])O,CC1CCC2C1=CC(C)(C)CC1CC12C,C15_FPP_like,C15_polycyclic_hydrocarbon,1,1,C15_FPP_like::RHEA:66652,1
RHEA:66712,[H][C@@]12CC/C(C)=C/CC/C(C)=C/C[C@@]1(C)CC[C@]1([H])[C@@H](C(=C)C)CC[C@@]21C.Cc1cc2c(cc1C)N(C[C@H](O)[C@H](O)[C@H](O)COP(=O)([O-])[O-])c1nc(=O)nc(=O)c1N2.O=O>>[H][C@@]12CC/C(C)=C/CC/C(C(=O)[O-])=C/C[C@@]1(C)CC[C@]1([H])[C@@H](C(=C)C)CC[C@@]21C.Cc1cc2nc3c(=O)[n-]c(=O)nc-3n(C[C@H](O)[C@H](O)[C@H](O)COP(=O)([O-])[O-])c2cc1C.[H]O[H].[H+],[H][C@@]12CC/C(C)=C/CC/C(C(=O)[O-])=C/C[C@@]1(C)CC[C@]1([H])[C@@H](C(=C)C)CC[C@@]21C,C25_GFPP_like,C25_polycyclic_oxygenated,1,1,C25_GFPP_like::RHEA:54076,4
RHEA:66832,CC(C)=CCCC(C)=CCCC(C)=CCCC(C)=CCCC(C)=CCOP(=O)([O-])OP(=O)([O-])[O-]>>CC1=C2CC3(C)CCC4(C)CCC(C(C)C)C4C3C3CC3(C)C2CC1.O=P([O-])([O-])OP(=O)([O-])O,CC1=C2CC3(C)CCC4(C)CCC(C(C)C)C4C3C3CC3(C)C2CC1,C25_GFPP_like,C25_polycyclic_hydrocarbon,2,2,C25_GFPP_like::RHEA:66832,3
RHEA:66836,[H][C@]12C[C@@]1(C)[C@]1([H])CCC(C)=C1C[C@@]1(C)CC[C@]3(C)CC[C@H](C(C)C)[C@@]3([H])[C@@]12[H].Cc1cc2c(cc1C)N(C[C@H](O)[C@H](O)[C@H](O)COP(=O)([O-])[O-])c1nc(=O)nc(=O)c1N2.O=O>>[H][C@]12C[C@@]1(C)[C@]1([H])CCC(C(=O)[O-])=C1C[C@@]1(CO)CC[C@]3(C)CC[C@H](C(C)C)[C@@]3([H])[C@@]12[H].Cc1cc2nc3c(=O)[n-]c(=O)nc-3n(C[C@H](O)[C@H](O)[C@H](O)COP(=O)([O-])[O-])c2cc1C.[H]O[H].[H+],[H][C@]12C[C@@]1(C)[C@]1([H])CCC(C(=O)[O-])=C1C[C@@]1(CO)CC[C@]3(C)CC[C@H](C(C)C)[C@@]3([H])[C@@]12[H],C25_GFPP_like,C25_polycyclic_highly_oxygenated,1,1,C25_GFPP_like::RHEA:66832,3
RHEA:66840,[H][C@]12C[C@@]1(C)[C@]1([H])CCC(C(=O)[O-])=C1C[C@@]1(CO)CC[C@]3(C)CC[C@H](C(C)C)[C@@]3([H])[C@@]12[H].Cc1cc2c(cc1C)N(C[C@H](O)[C@H](O)[C@H](O)COP(=O)([O-])[O-])c1nc(=O)nc(=O)c1N2.O=O>>[H][C@]12C[C@@]1(C)[C@]1([H])CCC(C(=O)[O-])=C1C[C@@]1(C(=O)[O-])CC[C@]3(C)CC[C@H](C(C)C)[C@@]3([H])[C@@]12[H].Cc1cc2nc3c(=O)[n-]c(=O)nc-3n(C[C@H](O)[C@H](O)[C@H](O)COP(=O)([O-])[O-])c2cc1C.[H]O[H].[H+],[H][C@]12C[C@@]1(C)[C@]1([H])CCC(C(=O)[O-])=C1C[C@@]1(C(=O)[O-])CC[C@]3(C)CC[C@H](C(C)C)[C@@]3([H])[C@@]12[H],C25_GFPP_like,C25_polycyclic_highly_oxygenated,1,1,C25_GFPP_like::RHEA:66832,3
RHEA:66844,[H][C@]12C[C@@]1(C)[C@]1([H])CCC(C(=O)[O-])=C1C[C@@]1(CO)CC[C@]3(C)CC[C@H](C(C)C)[C@@]3([H])[C@@]12[H].Cc1cc2c(cc1C)N(C[C@H](O)[C@H](O)[C@H](O)COP(=O)([O-])[O-])c1nc(=O)nc(=O)c1N2.O=O>>[H][C@]12C[C@@]1(C)[C@]1([H])CCC(C(=O)[O-])=C1C[C@@]1(CO)CC[C@]3(C)[C@H](O)C[C@H](C(C)C)[C@@]3([H])[C@@]12[H].Cc1cc2nc3c(=O)[n-]c(=O)nc-3n(C[C@H](O)[C@H](O)[C@H](O)COP(=O)([O-])[O-])c2cc1C.[H]O[H].[H+],[H][C@]12C[C@@]1(C)[C@]1([H])CCC(C(=O)[O-])=C1C[C@@]1(CO)CC[C@]3(C)[C@H](O)C[C@H](C(C)C)[C@@]3([H])[C@@]12[H],C25_GFPP_like,C25_polycyclic_highly_oxygenated,1,1,C25_GFPP_like::RHEA:66832,3
RHEA:66860,C=C(C)CCOP(=O)([O-])OP(=O)([O-])[O-].CC(C)=CCOP(=O)([O-])OP(=O)([O-])[O-]>>CC(C)=CCCC(C)=CCCC(C)=CCCC(C)=CCCC(C)=CCOP(=O)([O-])OP(=O)([O-])[O-].O=P([O-])([O-])OP(=O)([O-])O,CC(C)=CCCC(C)=CCCC(C)=CCCC(C)=CCCC(C)=CCOP(=O)([O-])OP(=O)([O-])[O-],C5_IPP_DMAPP_like,C25_acyclic_highly_oxygenated,5,5,C5_IPP_DMAPP_like::RHEA:11328,2
RHEA:66864,CC(C)=CCCC(C)=CCCC(C)=CCCC(C)=CCCC(C)=CCOP(=O)([O-])OP(=O)([O-])[O-]>>CC1=C2CC3(C)CCC(C(C)C)C3CC2C23CCC(C)C2CCC13C.O=P([O-])([O-])OP(=O)([O-])O,CC1=C2CC3(C)CCC(C(C)C)C3CC2C23CCC(C)C2CCC13C,C25_GFPP_like,C25_polycyclic_hydrocarbon,1,1,C25_GFPP_like::RHEA:66864,0
RHEA:66868,[H][C@]12C[C@]3([H])[C@H](C(C)C)CC[C@@]3(C)CC1=C(C)[C@]1(C)CC[C@@]3([H])[C@H](C)CC[C@@]213.Cc1cc2c(cc1C)N(C[C@H](O)[C@H](O)[C@H](O)COP(=O)([O-])[O-])c1nc(=O)nc(=O)c1N2.O=O>>[H][C@]12C[C@]3([H])[C@H](C(C)C)CC[C@@]3(C(=O)[O-])CC1=C(C)[C@]1(C)CC[C@@]3([H])[C@H](C)CC[C@@]213.Cc1cc2nc3c(=O)[n-]c(=O)nc-3n(C[C@H](O)[C@H](O)[C@H](O)COP(=O)([O-])[O-])c2cc1C.[H]O[H].[H+],[H][C@]12C[C@]3([H])[C@H](C(C)C)CC[C@@]3(C(=O)[O-])CC1=C(C)[C@]1(C)CC[C@@]3([H])[C@H](C)CC[C@@]213,C25_GFPP_like,C25_polycyclic_oxygenated,1,1,C25_GFPP_like::RHEA:66864,0
RHEA:66896,[H][C@]12C[C@@]3(C)CC[C@]([H])([C@@H](C)CCC=C(C)C)[C@]3([H])C/C=C(/C)[C@@]1([H])CC[C@@]2(C)O.Cc1cc2c(cc1C)N(C[C@H](O)[C@H](O)[C@H](O)COP(=O)([O-])[O-])c1nc(=O)nc(=O)c1N2.O=O>>[H]C(=O)/C1=C/C[C@]2([H])[C@](C)(CC[C@]2([H])[C@@H](C)CCC=C(C)C)C[C@]2([H])[C@](C)(O)CC(=O)[C@]12[H].Cc1cc2nc3c(=O)[n-]c(=O)nc-3n(C[C@H](O)[C@H](O)[C@H](O)COP(=O)([O-])[O-])c2cc1C.[H]O[H].[H+],[H]C(=O)/C1=C/C[C@]2([H])[C@](C)(CC[C@]2([H])[C@@H](C)CCC=C(C)C)C[C@]2([H])[C@](C)(O)CC(=O)[C@]12[H],C25_GFPP_like,C25_polycyclic_highly_oxygenated,2,2,C25_GFPP_like::RHEA:41552,0
RHEA:67036,CC(C)=CCCC(C)=CCCC(C)=CCC1(C)C(=O)C(C)=C([O-])C(C(=O)[O-])=C1C.O=C([O-])CCC(=O)C(=O)[O-].O=O>>CC(=CCC1(C)C(=O)C(C)=C([O-])C(C(=O)[O-])=C1C)CCC=C(C)CCC1OC1(C)C.O=C([O-])CCC(=O)[O-].O=C=O,CC(=CCC1(C)C(=O)C(C)=C([O-])C(C(=O)[O-])=C1C)CCC=C(C)CCC1OC1(C)C,C25_GFPP_like,C25_bicyclic_highly_oxygenated,1,1,C25_GFPP_like::RHEA:67036,2
RHEA:67040,,,unknown,unknown,1,1,unknown::RHEA:67040,3
RHEA:67044,*.CC1=C2OC3(CC2(C)C(C)=C(C(=O)[O-])C1=O)C(C)CCC1C(C)(C)C(O)CCC13C>>CC1=C2OC3(CC2(C)C(C)=C(C(=O)[O-])C1=O)C(C)CCC1C(C)(C)C(=O)CCC13C.[H]*[H],CC1=C2OC3(CC2(C)C(C)=C(C(=O)[O-])C1=O)C(C)CCC1C(C)(C)C(=O)CCC13C,C25_GFPP_like,C25_polycyclic_highly_oxygenated,1,1,C25_GFPP_like::RHEA:67044,4
RHEA:67048,CC1=C2OC3(CC2(C)C(C)=C(C(=O)[O-])C1=O)C(C)CCC1C(C)(C)C(=O)CCC13C.O=O.[H]*[H]>>*.CC1=C2OC3(CC2(C)C(C)=C(C(=O)[O-])C1=O)C(C)CCC1C(C)(C)OC(=O)CCC13C.O,CC1=C2OC3(CC2(C)C(C)=C(C(=O)[O-])C1=O)C(C)CCC1C(C)(C)OC(=O)CCC13C,C25_GFPP_like,C25_polycyclic_highly_oxygenated,1,1,C25_GFPP_like::RHEA:67044,4
RHEA:67052,COC(=O)NC(C(=O)OC)C(Cc1c(C)nc2n(C)c3ncnc3c(=O)n12)OO.[H]*[H].O=O>>[H][C@@]12CC[C@H](C)[C@@]3(C[C@@]4(C)C(=C(C)C(=O)[C@@H](C(=O)OC)[C@@H]4C)O3)[C@@]1(C)CCC(=O)OC2(C)C.*.[H]O[H],[H][C@@]12CC[C@H](C)[C@@]3(C[C@@]4(C)C(=C(C)C(=O)[C@@H](C(=O)OC)[C@@H]4C)O3)[C@@]1(C)CCC(=O)OC2(C)C,unknown,C25_polycyclic_highly_oxygenated,1,1,unknown::RHEA:67052,4
RHEA:67056,[H][C@@]12CC[C@H](C)[C@@]3(C[C@]4(C)C(C)=C(C(=O)[O-])C(=O)C(C)=C4O3)[C@@]1(C)CCC(=O)C2(C)C.Nc1nc(=O)c2ncn([C@@H]3O[C@H](CO)[C@H]4OP(=O)(O)O[C@H]43)c2n1>>[H][C@@]12CC[C@H](C)[C@@]3(C[C@]4(C)C(C)=C(C(=O)OC)C(=O)C(C)=C4O3)[C@@]1(C)CCC(=O)C2(C)C.Nc1ncnc2c1ncn2[C@@H]1O[C@H](CSCC[C@H]([NH3+])C(=O)[O-])[C@@H](O)[C@H]1O,[H][C@@]12CC[C@H](C)[C@@]3(C[C@]4(C)C(C)=C(C(=O)OC)C(=O)C(C)=C4O3)[C@@]1(C)CCC(=O)C2(C)C,C25_GFPP_like,C25_polycyclic_highly_oxygenated,1,1,C25_GFPP_like::RHEA:67044,4
RHEA:67060,[H][C@@]12CC[C@H](C)[C@@]3(C[C@]4(C)C(C)=C(C(=O)[O-])C(=O)C(C)=C4O3)[C@@]1(C)CCC(=O)OC2(C)C.Nc1nc(=O)c2ncn([C@@H]3O[C@H](CO)[C@H]4OP(=O)(O)O[C@H]43)c2n1>>[H][C@@]12CC[C@H](C)[C@@]3(C[C@]4(C)C(C)=C(C(=O)OC)C(=O)C(C)=C4O3)[C@@]1(C)CCC(=O)OC2(C)C.Nc1ncnc2c1ncn2[C@@H]1O[C@H](CSCC[C@H]([NH3+])C(=O)[O-])[C@@H](O)[C@H]1O,[H][C@@]12CC[C@H](C)[C@@]3(C[C@]4(C)C(C)=C(C(=O)OC)C(=O)C(C)=C4O3)[C@@]1(C)CCC(=O)OC2(C)C,C25_GFPP_like,C25_polycyclic_highly_oxygenated,1,1,C25_GFPP_like::RHEA:67044,4
RHEA:67064,COC(=O)C1=C(C)C2(C)CC3(OC2=C(C)C1=O)C(C)CCC1C(C)(C)OC(=O)CCC13C.[H]*[H]>>*.COC(=O)C1C(=O)C(C)=C2OC3(CC2(C)C1C)C(C)CCC1C(C)(C)OC(=O)CCC13C,COC(=O)C1C(=O)C(C)=C2OC3(CC2(C)C1C)C(C)CCC1C(C)(C)OC(=O)CCC13C,C25_GFPP_like,C25_polycyclic_highly_oxygenated,1,1,C25_GFPP_like::RHEA:67044,4
RHEA:67068,[H][C@@]12CC[C@H](C)[C@@]3(C[C@]4(C)C(C)=C(C(=O)OC)C(=O)C(C)=C4O3)[C@@]1(C)CCC(=O)C2(C)C.[H]*[H]>>COC(=O)NC(C(=O)OC)C(Cc1c(C)nc2n(C)c3ncnc3c(=O)n12)OO.*,,C25_GFPP_like,unknown,1,1,C25_GFPP_like::RHEA:67068,3
RHEA:67096,COC(=O)C1C(=O)C(C)=C2OC3(CC2(C)C1C)C(C)CCC1C(C)(C)OC(=O)CCC13C.O=C([O-])CCC(=O)C(=O)[O-].O=O>>COC(=O)C1C(=O)C(C)(O)C23OOCC45CCC(=O)OC(C)(C)C4CCC(C)C5(CC2(C)C1C)O3.O=C([O-])CCC(=O)[O-].O=C=O,COC(=O)C1C(=O)C(C)(O)C23OOCC45CCC(=O)OC(C)(C)C4CCC(C)C5(CC2(C)C1C)O3,C25_GFPP_like,C25_polycyclic_highly_oxygenated,1,1,C25_GFPP_like::RHEA:67096,4
RHEA:67100,CC1C2C(=O)OC(C)(C2O)C23OOCC45CCC(=O)OC(C)(C)C4CCC(C)C5(CC12C)O3>>CC1C2C(=O)OC(C)(OC34OCC56CCC(=O)OC(C)(C)C5CCC(C)C6(CC13C)O4)C2O,CC1C2C(=O)OC(C)(OC34OCC56CCC(=O)OC(C)(C)C5CCC(C)C6(CC13C)O4)C2O,C25_GFPP_like,C25_polycyclic_highly_oxygenated,1,1,C25_GFPP_like::RHEA:67100,0
RHEA:67104,CC1C2C(=O)OC(C)(OC34OCC56CCC(=O)OC(C)(C)C5CCC(C)C6(CC13C)O4)C2O.O=C([O-])CCC(=O)C(=O)[O-].O=O>>CC1C2C(=O)OC3(C)OC4(OC23)OC2(CC14C)C(C)CCC1C(C)(C)OC(=O)C=CC12CO.O.O=C([O-])CCC(=O)[O-].O=C=O,CC1C2C(=O)OC3(C)OC4(OC23)OC2(CC14C)C(C)CCC1C(C)(C)OC(=O)C=CC12CO,C25_GFPP_like,C25_polycyclic_highly_oxygenated,1,1,C25_GFPP_like::RHEA:67104,1
RHEA:67400,CC(C)=CCCC(C)=CCCC(C)=CCOP(=O)([O-])OP(=O)([O-])[O-]>>C=C1CCC2C(C3C(C)CCC13)C2(C)C.O=P([O-])([O-])OP(=O)([O-])O,C=C1CCC2C(C3C(C)CCC13)C2(C)C,C15_FPP_like,C15_polycyclic_hydrocarbon,2,2,C15_FPP_like::RHEA:67400,3
RHEA:67404,CC1=CCC(C(C)C)=CC1.Cc1cc2c(cc1C)N(C[C@H](O)[C@H](O)[C@H](O)COP(=O)([O-])[O-])c1nc(=O)nc(=O)c1N2.O=O>>Cc1ccc(C(C)C)cc1O.Cc1cc2nc3c(=O)[n-]c(=O)nc-3n(C[C@H](O)[C@H](O)[C@H](O)COP(=O)([O-])[O-])c2cc1C.[H]O[H].[H+],Cc1cc2nc3c(=O)[n-]c(=O)nc-3n(C[C@H](O)[C@H](O)[C@H](O)COP(=O)([O-])[O-])c2cc1C,C10_GPP_like,C15_polycyclic_highly_oxygenated,6,6,C10_GPP_like::RHEA:17945,3
RHEA:67408,CC1=CCC(C(C)C)=CC1.Cc1cc2c(cc1C)N(C[C@H](O)[C@H](O)[C@H](O)COP(=O)([O-])[O-])c1nc(=O)nc(=O)c1N2.O=O>>Cc1ccc(C(C)C)c(O)c1.Cc1cc2nc3c(=O)[n-]c(=O)nc-3n(C[C@H](O)[C@H](O)[C@H](O)COP(=O)([O-])[O-])c2cc1C.[H]O[H].[H+],Cc1cc2nc3c(=O)[n-]c(=O)nc-3n(C[C@H](O)[C@H](O)[C@H](O)COP(=O)([O-])[O-])c2cc1C,C10_GPP_like,C15_polycyclic_highly_oxygenated,1,1,C10_GPP_like::RHEA:17945,3
RHEA:67412,O=C(O)CCCCCCCC(O)C(O)CCCCCCO.Cc1cc2c(cc1C)N(C[C@H](O)[C@H](O)[C@H](O)COP(=O)([O-])[O-])c1nc(=O)nc(=O)c1N2.O=O>>Cc1ccc(C(C)C)cc1O.Cc1cc2nc3c(=O)[n-]c(=O)nc-3n(C[C@H](O)[C@H](O)[C@H](O)COP(=O)([O-])[O-])c2cc1C.[H]O[H].[H+],Cc1cc2nc3c(=O)[n-]c(=O)nc-3n(C[C@H](O)[C@H](O)[C@H](O)COP(=O)([O-])[O-])c2cc1C,C15_FPP_like,C15_polycyclic_highly_oxygenated,2,2,C15_FPP_like::RHEA:16337,0
RHEA:67416,[H][C@]1(C(=C)C)CC=C(C)CC1.Cc1cc2c(cc1C)N(C[C@H](O)[C@H](O)[C@H](O)COP(=O)([O-])[O-])c1nc(=O)nc(=O)c1N2.O=O>>C=C(C)[C@@H]1CCC(C)=C[C@H]1O.Cc1cc2nc3c(=O)[n-]c(=O)nc-3n(C[C@H](O)[C@H](O)[C@H](O)COP(=O)([O-])[O-])c2cc1C.[H]O[H].[H+],Cc1cc2nc3c(=O)[n-]c(=O)nc-3n(C[C@H](O)[C@H](O)[C@H](O)COP(=O)([O-])[O-])c2cc1C,C10_GPP_like,C15_polycyclic_highly_oxygenated,1,1,C10_GPP_like::RHEA:17945,3
RHEA:67476,CC(C)=CCOP(=O)([O-])OP(=O)([O-])[O-].[NH3+]C(CCC(=O)[O-])C(=O)[O-]>>CC(C)=CC[NH2+]C(CCC(=O)[O-])C(=O)[O-].O=P([O-])([O-])OP(=O)([O-])O,CC(C)=CC[NH2+]C(CCC(=O)[O-])C(=O)[O-],C5_IPP_DMAPP_like,C10_acyclic_highly_oxygenated,1,1,C5_IPP_DMAPP_like::RHEA:67476,0
RHEA:68156,CC(C)=CCCC(C)=CCOP(=O)([O-])OP(=O)([O-])[O-].[NH3+]C(CCC(=O)[O-])C(=O)[O-]>>CC(C)=CCCC(C)=CC[NH2+]C(CCC(=O)[O-])C(=O)[O-].O=P([O-])([O-])OP(=O)([O-])O,CC(C)=CCCC(C)=CC[NH2+]C(CCC(=O)[O-])C(=O)[O-],C10_GPP_like,C15_acyclic_highly_oxygenated,1,1,C10_GPP_like::RHEA:68156,1
RHEA:68160,CC(C)=CCC/C(C)=C/C[NH2+][C@@H](CCC(=O)[O-])C(=O)[O-].Cc1cc2c(cc1C)N(C[C@H](O)[C@H](O)[C@H](O)COP(=O)([O-])[O-])c1nc(=O)nc(=O)c1N2.O=O>>C/C(=CCC/C(C)=C/C[NH2+][C@@H](CCC(=O)[O-])C(=O)[O-])CO.Cc1cc2nc3c(=O)[n-]c(=O)nc-3n(C[C@H](O)[C@H](O)[C@H](O)COP(=O)([O-])[O-])c2cc1C.[H]O[H].[H+],Cc1cc2nc3c(=O)[n-]c(=O)nc-3n(C[C@H](O)[C@H](O)[C@H](O)COP(=O)([O-])[O-])c2cc1C,C15_FPP_like,C15_polycyclic_highly_oxygenated,1,1,C15_FPP_like::RHEA:16337,0
RHEA:68164,C/C(=CCC/C(C)=C/C[NH2+][C@@H](CCC(=O)[O-])C(=O)[O-])CO.Cc1cc2c(cc1C)N(C[C@H](O)[C@H](O)[C@H](O)COP(=O)([O-])[O-])c1nc(=O)nc(=O)c1N2.O=O>>C/C(C=O)=CCC/C(C)=C/C[NH2+][C@@H](CCC(=O)[O-])C(=O)[O-].Cc1cc2nc3c(=O)[n-]c(=O)nc-3n(C[C@H](O)[C@H](O)[C@H](O)COP(=O)([O-])[O-])c2cc1C.[H]O[H].[H+],Cc1cc2nc3c(=O)[n-]c(=O)nc-3n(C[C@H](O)[C@H](O)[C@H](O)COP(=O)([O-])[O-])c2cc1C,C15_FPP_like,C15_polycyclic_highly_oxygenated,1,1,C15_FPP_like::RHEA:16337,0
RHEA:68168,C/C(C=O)=CCC/C(C)=C/C[NH2+][C@@H](CCC(=O)[O-])C(=O)[O-].Cc1cc2c(cc1C)N(C[C@H](O)[C@H](O)[C@H](O)COP(=O)([O-])[O-])c1nc(=O)nc(=O)c1N2.O=O>>C/C(=CC[NH2+][C@@H](CCC(=O)[O-])C(=O)[O-])CC/C=C(C)C(=O)[O-].Cc1cc2nc3c(=O)[n-]c(=O)nc-3n(C[C@H](O)[C@H](O)[C@H](O)COP(=O)([O-])[O-])c2cc1C.[H]O[H].[H+],Cc1cc2nc3c(=O)[n-]c(=O)nc-3n(C[C@H](O)[C@H](O)[C@H](O)COP(=O)([O-])[O-])c2cc1C,C15_FPP_like,C15_polycyclic_highly_oxygenated,1,1,C15_FPP_like::RHEA:16337,0
RHEA:68400,CC(C)=CCCC(C)=CCCC(C)=CCOP(=O)([O-])OP(=O)([O-])[O-]>>C=C(C)C1C=C2C(C)CCC2C(C)CC1.O=P([O-])([O-])OP(=O)([O-])O,C=C(C)C1C=C2C(C)CCC2C(C)CC1,C15_FPP_like,C15_bicyclic_hydrocarbon,2,2,C15_FPP_like::RHEA:68400,4
RHEA:68468,CC(C)=CCCC(C)=CCCC(C)=CCOP(=O)([O-])OP(=O)([O-])[O-]>>CC(C)=CCCC(C)=C1CC=C(C)CC1.O=P([O-])([O-])OP(=O)([O-])O,CC(C)=CCCC(C)=C1CC=C(C)CC1,C15_FPP_like,C15_mono_hydrocarbon,4,4,C15_FPP_like::RHEA:26081,3
RHEA:68472,CC(C)=CCCC(C)=CCCC(C)=CCOP(=O)([O-])OP(=O)([O-])[O-]>>CC(C)=CCC=C(C)C1CC=C(C)CC1.O=P([O-])([O-])OP(=O)([O-])O,CC(C)=CCC=C(C)C1CC=C(C)CC1,C15_FPP_like,C15_mono_hydrocarbon,2,2,C15_FPP_like::RHEA:12516,1
RHEA:68504,CC(C)=CCCC(C)=CCCC(C)=CCOP(=O)([O-])OP(=O)([O-])[O-]>>C=CC(=C)CCC=C(C)CCC=C(C)C.O=P([O-])([O-])OP(=O)([O-])O,C=CC(=C)CCC=C(C)CCC=C(C)C,C15_FPP_like,C15_acyclic_hydrocarbon,1,1,C15_FPP_like::RHEA:27421,2
RHEA:68508,CC(C)=CCCC(C)=CCCC(C)=CCOP(=O)([O-])OP(=O)([O-])[O-]>>C=CC(=C)CCC=C(C)CCC=C(C)C.O=P([O-])([O-])OP(=O)([O-])O,C=CC(=C)CCC=C(C)CCC=C(C)C,C15_FPP_like,C15_acyclic_hydrocarbon,2,2,C15_FPP_like::RHEA:27421,2
RHEA:68512,CC(C)=CCCC(C)=CCCC(C)=CCOP(=O)([O-])OP(=O)([O-])[O-]>>C=C(C)C1CCC(C)C12CC=C(C)CC2.O=P([O-])([O-])OP(=O)([O-])O,C=C(C)C1CCC(C)C12CC=C(C)CC2,C15_FPP_like,C15_bicyclic_hydrocarbon,1,1,C15_FPP_like::RHEA:66636,1
RHEA:68516,CC(C)=CCCC(C)=CCCC(C)=CCOP(=O)([O-])OP(=O)([O-])[O-]>>C=C(C)C1CCC(C)C12CC=C(C)CC2.O=P([O-])([O-])OP(=O)([O-])O,C=C(C)C1CCC(C)C12CC=C(C)CC2,C15_FPP_like,C15_bicyclic_hydrocarbon,1,1,C15_FPP_like::RHEA:66636,1
RHEA:68520,CC(C)=CCCC(C)=CCCC(C)=CCOP(=O)([O-])OP(=O)([O-])[O-]>>C=C(C)C1CCC(C)C12CC=C(C)CC2.O=P([O-])([O-])OP(=O)([O-])O,C=C(C)C1CCC(C)C12CC=C(C)CC2,C15_FPP_like,C15_bicyclic_hydrocarbon,3,3,C15_FPP_like::RHEA:66636,1
RHEA:68524,CC(C)=CCCC(C)=CCCC(C)=CCOP(=O)([O-])OP(=O)([O-])[O-]>>O=C([O-])O.O=P([O-])([O-])OP(=O)([O-])O,O=C([O-])O,C15_FPP_like,C5_acyclic_highly_oxygenated,6,6,C15_FPP_like::RHEA:31419,3
RHEA:68528,CC(C)=CCCC(C)=CCCC(C)=CCOP(=O)([O-])OP(=O)([O-])[O-]>>O=C([O-])O.O=P([O-])([O-])OP(=O)([O-])O,O=C([O-])O,C15_FPP_like,C5_acyclic_highly_oxygenated,4,4,C15_FPP_like::RHEA:31419,3
RHEA:68532,CC(C)=CCCC(C)=CCCC(C)=CCOP(=O)([O-])OP(=O)([O-])[O-]>>CC(C)=CCC=C(C)C1CC=C(C)CC1.O=P([O-])([O-])OP(=O)([O-])O,CC(C)=CCC=C(C)C1CC=C(C)CC1,C15_FPP_like,C15_mono_hydrocarbon,1,1,C15_FPP_like::RHEA:12516,1
RHEA:68536,CC(C)=CCCC(C)=CCCC(C)=CCOP(=O)([O-])OP(=O)([O-])[O-]>>CC1=CCC23CC1C(C)(C)C2CCC3C.O=P([O-])([O-])OP(=O)([O-])O,CC1=CCC23CC1C(C)(C)C2CCC3C,C15_FPP_like,C15_polycyclic_hydrocarbon,1,1,C15_FPP_like::RHEA:31423,2
RHEA:68540,CC(C)=CCCC(C)=CCCC(C)=CCOP(=O)([O-])OP(=O)([O-])[O-]>>CC1=CCC23CC1C(C)(C)C2CCC3C.O=P([O-])([O-])OP(=O)([O-])O,CC1=CCC23CC1C(C)(C)C2CCC3C,C15_FPP_like,C15_polycyclic_hydrocarbon,1,1,C15_FPP_like::RHEA:31423,2
RHEA:68544,CC(C)=CCCC(C)=CCCC(C)=CCOP(=O)([O-])OP(=O)([O-])[O-]>>C=CC(=C)CCC=C(C)CCC=C(C)C.O=P([O-])([O-])OP(=O)([O-])O,C=CC(=C)CCC=C(C)CCC=C(C)C,C15_FPP_like,C15_acyclic_hydrocarbon,1,1,C15_FPP_like::RHEA:27421,2
RHEA:68596,CC(C)=CCCC(C)=CCCC(C)=CCOP(=O)([O-])OP(=O)([O-])[O-]>>CC1=CCC2C(C)=CCC(C(C)C)C2C1.O=P([O-])([O-])OP(=O)([O-])O,CC1=CCC2C(C)=CCC(C(C)C)C2C1,C15_FPP_like,C15_bicyclic_hydrocarbon,1,1,C15_FPP_like::RHEA:28639,2
RHEA:68636,CC(C)=CCCC(C)=CCOP(=O)([O-])OP(=O)([O-])[O-]>>C=C1CCC2(C(C)C)CC12.O=P([O-])([O-])OP(=O)([O-])O,C=C1CCC2(C(C)C)CC12,C10_GPP_like,C10_bicyclic_hydrocarbon,11,11,C10_GPP_like::RHEA:25508,4
RHEA:68640,CC(C)=CCCC(C)=CCOP(=O)([O-])OP(=O)([O-])[O-]>>C=C(C)C1CC=C(C)CC1.O=P([O-])([O-])OP(=O)([O-])O,C=C(C)C1CC=C(C)CC1,C10_GPP_like,C10_mono_hydrocarbon,15,15,C10_GPP_like::RHEA:10940,4
RHEA:68644,CC(C)=CCCC(C)=CCOP(=O)([O-])OP(=O)([O-])[O-]>>CC(=O)NC1C(Oc2ccccc2[N+](=O)[O-])OC(CO)C(O)C1O.O=P([O-])([O-])OP(=O)([O-])O,CC(=O)NC1C(Oc2ccccc2[N+](=O)[O-])OC(CO)C(O)C1O,C10_GPP_like,C15_bicyclic_highly_oxygenated,2,2,C10_GPP_like::RHEA:68644,0
RHEA:68708,CC(C)=CCCC(C)=CCOP(=O)([O-])OP(=O)([O-])[O-].O>>C=CC(C)(O)CCC=C(C)C.O=P([O-])([O-])OP(=O)([O-])O,C=CC(C)(O)CCC=C(C)C,C10_GPP_like,C10_acyclic_oxygenated,12,12,C10_GPP_like::RHEA:68708,0
RHEA:68712,CC(C)=CCCC(C)=CCCC(C)=CCOP(=O)([O-])OP(=O)([O-])[O-]>>C=CC1(C)CCC(C(=C)C)CC1C(=C)C.O=P([O-])([O-])OP(=O)([O-])O,C=CC1(C)CCC(C(=C)C)CC1C(=C)C,C15_FPP_like,C15_mono_hydrocarbon,13,13,C15_FPP_like::RHEA:68712,1
RHEA:68716,CC(C)=CCCC(C)=CCCC(C)=CCOP(=O)([O-])OP(=O)([O-])[O-]>>C=C1C=CC(C(C)C)CCC(C)=CCC1.O=P([O-])([O-])OP(=O)([O-])O,C=C1C=CC(C(C)C)CCC(C)=CCC1,C15_FPP_like,C15_mono_hydrocarbon,4,4,C15_FPP_like::RHEA:12016,3
RHEA:68772,CC(C)=CCCC(C)=CCCC(C)=CCOP(=O)([O-])OP(=O)([O-])[O-]>>CC1=CC=C(C(C)C)CCC(C)=CCC1.O=P([O-])([O-])OP(=O)([O-])O,CC1=CC=C(C(C)C)CCC(C)=CCC1,C15_FPP_like,C15_mono_hydrocarbon,1,1,C15_FPP_like::RHEA:28302,4
RHEA:68776,CC(C)=CCCC(C)=CCCC(C)=CCOP(=O)([O-])OP(=O)([O-])[O-]>>C=C(C)C1CC=C(C)CCC=C(C)CC1.O=P([O-])([O-])OP(=O)([O-])O,C=C(C)C1CC=C(C)CCC=C(C)CC1,C15_FPP_like,C15_mono_hydrocarbon,1,1,C15_FPP_like::RHEA:12516,1
RHEA:68780,CC(C)=CCCC(C)=CCCC(C)=CCOP(=O)([O-])OP(=O)([O-])[O-]>>CC1=CCCC(C)=CCC(C)(C)C=CC1.O=P([O-])([O-])OP(=O)([O-])O,CC1=CCCC(C)=CCC(C)(C)C=CC1,C15_FPP_like,C15_mono_hydrocarbon,1,1,C15_FPP_like::RHEA:31895,0
RHEA:68784,CC(C)=CCCC(C)=CCCC(C)=CCOP(=O)([O-])OP(=O)([O-])[O-]>>CC(C)=CCCC(C)C1=CC=C(C)CC1.O=P([O-])([O-])OP(=O)([O-])O,CC(C)=CCCC(C)C1=CC=C(C)CC1,C15_FPP_like,C15_mono_hydrocarbon,2,2,C15_FPP_like::RHEA:32031,1
RHEA:68788,CC(C)=CCCC(C)=CCCC(C)=CCOP(=O)([O-])OP(=O)([O-])[O-]>>CC(C)=CCCC(C)=C1CC=C(C)CC1.O=P([O-])([O-])OP(=O)([O-])O,CC(C)=CCCC(C)=C1CC=C(C)CC1,C15_FPP_like,C15_mono_hydrocarbon,4,4,C15_FPP_like::RHEA:26081,3
RHEA:68824,CC(C)=CCCC(C)=CCOP(=O)([O-])OP(=O)([O-])[O-]>>C=CC(C)=CCC=C(C)C.O=P([O-])([O-])OP(=O)([O-])O,C=CC(C)=CCC=C(C)C,C10_GPP_like,C10_acyclic_hydrocarbon,9,9,C10_GPP_like::RHEA:68824,1
RHEA:68844,CC(C)=CCCC(C)=CCCC(C)=CCOP(=O)([O-])OP(=O)([O-])[O-]>>CC(C)=CCC=C(C)C1CC=C(C)CC1.O=P([O-])([O-])OP(=O)([O-])O,CC(C)=CCC=C(C)C1CC=C(C)CC1,C15_FPP_like,C15_mono_hydrocarbon,1,1,C15_FPP_like::RHEA:12516,1
RHEA:68852,CC(C)=CCCC(C)=CCCC(C)=CCOP(=O)([O-])OP(=O)([O-])[O-].O>>CC(C)=CCCC(C)C1CCC(C)=CC1O.O=P([O-])([O-])OP(=O)([O-])O,CC(C)=CCCC(C)C1CCC(C)=CC1O,C15_FPP_like,C15_mono_oxygenated,1,1,C15_FPP_like::RHEA:68852,2
RHEA:69444,CC(C)=CCCC(C)=CCCC(C)=CCOP(=O)([O-])OP(=O)([O-])[O-]>>CC1=CC2C(CC1)C(C)=CCC2C(C)C.O=P([O-])([O-])OP(=O)([O-])O,CC1=CC2C(CC1)C(C)=CCC2C(C)C,C15_FPP_like,C15_bicyclic_hydrocarbon,1,1,C15_FPP_like::RHEA:28639,2
RHEA:69448,CC(C)=CCCC(C)=CCCC(C)=CCOP(=O)([O-])OP(=O)([O-])[O-].O>>CC1=CC2C(C(C)C)CCC(C)(O)C2CC1.O=P([O-])([O-])OP(=O)([O-])O,CC1=CC2C(C(C)C)CCC(C)(O)C2CC1,C15_FPP_like,C15_bicyclic_oxygenated,1,1,C15_FPP_like::RHEA:32011,2
RHEA:69775,CC(C)=CCCC(C)=CCCC(C)=CCOP(=O)([O-])OP(=O)([O-])[O-]>>C=C1CCC2C3C(C(C)C)CCC2(C)C13.O=P([O-])([O-])OP(=O)([O-])O,C=C1CCC2C3C(C(C)C)CCC2(C)C13,C15_FPP_like,C15_polycyclic_hydrocarbon,1,1,C15_FPP_like::RHEA:33111,4
RHEA:71979,CC(C)=CCCC(C)=CCCC(C)=CCCC(C)=CCCC(C)=CCOP(=O)([O-])OP(=O)([O-])[O-]>>CC1CCC23C(C)CCC2C3(C)C2=C1CC1(C)CCC(C(C)C)C1C2.O=P([O-])([O-])OP(=O)([O-])O,CC1CCC23C(C)CCC2C3(C)C2=C1CC1(C)CCC(C(C)C)C1C2,C25_GFPP_like,C25_polycyclic_hydrocarbon,1,1,C25_GFPP_like::RHEA:71979,2
RHEA:71983,CC(C)=CCCC(C)=CCCC(C)=CCCC(C)=CCCC(C)=CCOP(=O)([O-])OP(=O)([O-])[O-]>>C=C1CCC23C(C)CCC2C3(C)C2CC3C(C(C)C)CCC3(C)CC12.O=P([O-])([O-])OP(=O)([O-])O,C=C1CCC23C(C)CCC2C3(C)C2CC3C(C(C)C)CCC3(C)CC12,C25_GFPP_like,C25_polycyclic_hydrocarbon,1,1,C25_GFPP_like::RHEA:71983,3
RHEA:71987,CC(C)=CCCC(C)=CCCC(C)=CCCC(C)=CCCC(C)=CCOP(=O)([O-])OP(=O)([O-])[O-]>>CC1=CCC2(C)CCC(C(C)C)C2CC=C(C)C2CCC(C)C2=CC1.O=P([O-])([O-])OP(=O)([O-])O,CC1=CCC2(C)CCC(C(C)C)C2CC=C(C)C2CCC(C)C2=CC1,C25_GFPP_like,C25_polycyclic_hydrocarbon,1,1,C25_GFPP_like::RHEA:71987,4
RHEA:71991,CC(C)=CCCC(C)=CCCC(C)=CCCC(C)=CCCC(C)=CCOP(=O)([O-])OP(=O)([O-])[O-]>>C=C1C23CCC(C)C4CC5(C)CCC(C(C)C)C5CC14C2CCC3C.O=P([O-])([O-])OP(=O)([O-])O,C=C1C23CCC(C)C4CC5(C)CCC(C(C)C)C5CC14C2CCC3C,C25_GFPP_like,C25_polycyclic_hydrocarbon,1,1,C25_GFPP_like::RHEA:71991,0
RHEA:71995,CC(C)=CCCC(C)=CCCC(C)=CCCC(C)=CCCC(C)=CCOP(=O)([O-])OP(=O)([O-])[O-].O>>CC(C)C1CCC2(C)CC3C(C)CCC45C(C)CCC4C5(C)C3(O)CC12.O=P([O-])([O-])OP(=O)([O-])O,CC(C)C1CCC2(C)CC3C(C)CCC45C(C)CCC4C5(C)C3(O)CC12,C25_GFPP_like,C25_polycyclic_oxygenated,2,2,C25_GFPP_like::RHEA:71991,0
RHEA:71999,[H][C@@]12CC[C@H](C)[C@@]13CC[C@H](C)[C@@]1([H])C[C@@]4(C)CC[C@H](C(C)C)[C@]4([H])C[C@]1(O)[C@@]23C.Cc1cc2c(cc1C)N(C[C@H](O)[C@H](O)[C@H](O)COP(=O)([O-])[O-])c1nc(=O)nc(=O)c1N2.O=O>>[H][C@@]12CC[C@H](C)[C@@]13CC[C@H](C)[C@@]1([H])C[C@@]4(C)CC[C@H](C(C)C)[C@]4([H])C[C@]1(O)[C@@]23CO.Cc1cc2nc3c(=O)[n-]c(=O)nc-3n(C[C@H](O)[C@H](O)[C@H](O)COP(=O)([O-])[O-])c2cc1C.[H]O[H].[H+],[H][C@@]12CC[C@H](C)[C@@]13CC[C@H](C)[C@@]1([H])C[C@@]4(C)CC[C@H](C(C)C)[C@]4([H])C[C@]1(O)[C@@]23CO,C25_GFPP_like,C25_polycyclic_oxygenated,2,2,C25_GFPP_like::RHEA:71991,0
RHEA:73951,CC(C)=CCCC(C)=CCCC(C)=CCOP(=O)([O-])OP(=O)([O-])[O-]>>CC1=C2C3C(CCC2(C)CCC1)C3(C)C.O=P([O-])([O-])OP(=O)([O-])O,CC1=C2C3C(CCC2(C)CCC1)C3(C)C,C15_FPP_like,C15_polycyclic_hydrocarbon,1,1,C15_FPP_like::RHEA:73951,3
RHEA:73963,CC(C)=CCCC(C)=CCCC(C)=CCOP(=O)([O-])OP(=O)([O-])[O-]>>CC1CCCC2=CCC3C(C3(C)C)C21C.O=P([O-])([O-])OP(=O)([O-])O,CC1CCCC2=CCC3C(C3(C)C)C21C,C15_FPP_like,C15_polycyclic_hydrocarbon,1,1,C15_FPP_like::RHEA:73963,0
RHEA:73979,CC(C)=CCCC(C)=CCCC(C)=CCOP(=O)([O-])OP(=O)([O-])[O-]>>CC1CCC=C2CCC3C(C3(C)C)C21C.O=P([O-])([O-])OP(=O)([O-])O,CC1CCC=C2CCC3C(C3(C)C)C21C,C15_FPP_like,C15_polycyclic_hydrocarbon,1,1,C15_FPP_like::RHEA:73963,0
RHEA:73983,CC(C)=CCCC(C)=CCCC(C)=CCOP(=O)([O-])OP(=O)([O-])[O-]>>C=C1CCC2(C)CC1C1(C)CCCC21C.O=P([O-])([O-])OP(=O)([O-])O,C=C1CCC2(C)CC1C1(C)CCCC21C,C15_FPP_like,C15_polycyclic_hydrocarbon,2,2,C15_FPP_like::RHEA:29499,0
RHEA:73987,CC(C)=CCCC(C)=CCCC(C)=CCOP(=O)([O-])OP(=O)([O-])[O-].O>>CC1CCCC2=CCC(C(C)(C)O)CC21C.O=P([O-])([O-])OP(=O)([O-])O,CC1CCCC2=CCC(C(C)(C)O)CC21C,C15_FPP_like,C15_bicyclic_oxygenated,1,1,C15_FPP_like::RHEA:73987,4
RHEA:73991,CC(C)=CCCC(C)=CCCC(C)=CCCC(C)=CCOP(=O)([O-])OP(=O)([O-])[O-]>>CC1=CCC2(C)CCC(=C(C)C)C2CCC(C)=CCC1.O=P([O-])([O-])OP(=O)([O-])O,CC1=CCC2(C)CCC(=C(C)C)C2CCC(C)=CCC1,C20_GGPP_like,C20_bicyclic_hydrocarbon,1,1,C20_GGPP_like::RHEA:16345,4
RHEA:73995,CC(C)=CCCC(C)=CCCC(C)=CCCC(C)=CCOP(=O)([O-])OP(=O)([O-])[O-].O>>CC1=CCCC(C)=CCC(C(C)(C)O)CCC(C)=CCC1.O=P([O-])([O-])OP(=O)([O-])O,CC1=CCCC(C)=CCC(C(C)(C)O)CCC(C)=CCC1,C20_GGPP_like,C20_mono_oxygenated,1,1,C20_GGPP_like::RHEA:16345,4
RHEA:74107,C[C@H]1CCCC2=CCC(C(C)(C)O)C[C@]21C.Cc1cc2c(cc1C)N(C[C@H](O)[C@H](O)[C@H](O)COP(=O)([O-])[O-])c1nc(=O)nc(=O)c1N2.O=O>>C[C@H]1CCCC2=CC=CC[C@]21C.CC(C)=O.Cc1cc2nc3c(=O)[n-]c(=O)nc-3n(C[C@H](O)[C@H](O)[C@H](O)COP(=O)([O-])[O-])c2cc1C.[H]O[H].[H+],Cc1cc2nc3c(=O)[n-]c(=O)nc-3n(C[C@H](O)[C@H](O)[C@H](O)COP(=O)([O-])[O-])c2cc1C,C15_FPP_like,C15_polycyclic_highly_oxygenated,1,1,C15_FPP_like::RHEA:16337,0
RHEA:74543,CC(C)=CCCC(C)=CCCC(C)=CCCC(C)=CCOP(=O)([O-])OP(=O)([O-])[O-]>>C=CC(C)=CCC=C(C)CCC=C(C)CCC=C(C)C.O=P([O-])([O-])OP(=O)([O-])O,C=CC(C)=CCC=C(C)CCC=C(C)CCC=C(C)C,C20_GGPP_like,C20_acyclic_hydrocarbon,2,2,C20_GGPP_like::RHEA:38155,0
RHEA:74547,CC(C)=CCCC(C)=CCCC(C)=CCCC(C)=CCOP(=O)([O-])OP(=O)([O-])[O-]>>CC1=CCC2=CC(C)(C)CCC2(C)CC2C(C)CCC12.O=P([O-])([O-])OP(=O)([O-])O,CC1=CCC2=CC(C)(C)CCC2(C)CC2C(C)CCC12,C20_GGPP_like,C20_polycyclic_hydrocarbon,1,1,C20_GGPP_like::RHEA:74547,2
RHEA:74587,CC(C)=CCCC(C)=CCCC(C)=CCOP(=O)([O-])OP(=O)([O-])[O-]>>C=C1CCC2CC1C2(C)CCC=C(C)C.O=P([O-])([O-])OP(=O)([O-])O,C=C1CCC2CC1C2(C)CCC=C(C)C,C15_FPP_like,C15_polycyclic_hydrocarbon,1,1,C15_FPP_like::RHEA:30467,0
RHEA:74591,C=C1CC[C@H]2C[C@@H]1[C@]2(C)CCC=C(C)C.Cc1cc2c(cc1C)N(C[C@H](O)[C@H](O)[C@H](O)COP(=O)([O-])[O-])c1nc(=O)nc(=O)c1N2.O=O.[H][C@]1([C@@]2(C)O[C@]2([H])CC=C(C)C)CC(=O)CC[C@]12CO2>>Cc1cc2nc3c(=O)[n-]c(=O)nc-3n(C[C@H](O)[C@H](O)[C@H](O)COP(=O)([O-])[O-])c2cc1C.[H]O[H].[H+],Cc1cc2nc3c(=O)[n-]c(=O)nc-3n(C[C@H](O)[C@H](O)[C@H](O)COP(=O)([O-])[O-])c2cc1C,C15_FPP_like,C15_polycyclic_highly_oxygenated,1,1,C15_FPP_like::RHEA:16337,0
RHEA:74627,CC=CC=CC=CC=CC=CC(=O)OC1CCC2(CO2)C(C2(C)OC2CC=C(C)C)C1OC.NC(=O)C1=CN(C2OC(COP(=O)([O-])OP(=O)([O-])OCC3OC(n4cnc5c(N)ncnc54)C(OP(=O)([O-])[O-])C3O)C(O)C2O)C=CC1.O=O>>CC=O.COC1C(OC(=O)C=CC=CC=CC=CC(=O)[O-])CCC2(CO2)C1C1(C)OC1CC=C(C)C.NC(=O)c1ccc[n+](C2OC(COP(=O)([O-])OP(=O)([O-])OCC3OC(n4cnc5c(N)ncnc54)C(OP(=O)([O-])[O-])C3O)C(O)C2O)c1.O,COC1C(OC(=O)C=CC=CC=CC=CC(=O)[O-])CCC2(CO2)C1C1(C)OC1CC=C(C)C,C20_GGPP_like,C25_polycyclic_highly_oxygenated,1,1,C20_GGPP_like::RHEA:74627,3
RHEA:74635,CC(C)=CCC1OC1(C)C1CC(=O)CCC12CO2.O=C([O-])CCC(=O)C(=O)[O-].O=O>>CC(C)=CCC1OC1(C)C1C(O)C(=O)CCC12CO2.O=C([O-])CCC(=O)[O-].O=C=O,CC(C)=CCC1OC1(C)C1C(O)C(=O)CCC12CO2,C15_FPP_like,C15_polycyclic_highly_oxygenated,1,1,C15_FPP_like::RHEA:74635,1
RHEA:74707,COC1C(=O)CCC2(CO2)C1C1(C)OC1CC=C(C)C.COC1C(O)CCC2(CO2)C1C1(C)OC1CC=C(C)C.NC(=O)c1ccc[n+](C2OC(COP(=O)([O-])OP(=O)([O-])OCC3OC(n4cnc5c(N)ncnc54)C(OP(=O)([O-])[O-])C3O)C(O)C2O)c1>>NC(=O)C1=CN(C2OC(COP(=O)([O-])OP(=O)([O-])OCC3OC(n4cnc5c(N)ncnc54)C(OP(=O)([O-])[O-])C3O)C(O)C2O)C=CC1.[H+],NC(=O)C1=CN(C2OC(COP(=O)([O-])OP(=O)([O-])OCC3OC(n4cnc5c(N)ncnc54)C(OP(=O)([O-])[O-])C3O)C(O)C2O)C=CC1,C20_GGPP_like,C20_polycyclic_highly_oxygenated,1,1,C20_GGPP_like::RHEA:25641,0
RHEA:74711,[H][C@]1([C@@]2(C)O[C@]2([H])CC=C(C)C)[C@H](O)C(=O)CC[C@]12CO2.Nc1nc(=O)c2ncn([C@@H]3O[C@H](CO)[C@H]4OP(=O)(O)O[C@H]43)c2n1>>[H][C@]1([C@@]2(C)O[C@]2([H])CC=C(C)C)[C@H](OC)C(=O)CC[C@]12CO2.Nc1ncnc2c1ncn2[C@@H]1O[C@H](CSCC[C@H]([NH3+])C(=O)[O-])[C@@H](O)[C@H]1O.[H+],[H][C@]1([C@@]2(C)O[C@]2([H])CC=C(C)C)[C@H](OC)C(=O)CC[C@]12CO2,C15_FPP_like,C15_polycyclic_highly_oxygenated,1,1,C15_FPP_like::RHEA:74635,1
RHEA:74727,*NC(COP(=O)([O-])OCC(C)(C)C(O)C(=O)NCCC(=O)NCCS)C(*)=O.*NC(COP(=O)([O-])OCC(C)(C)C(O)C(=O)NCCC(=O)NCCSC(=O)C=CC=CC=CC=CC=CC)C(*)=O.CC(=O)SCCNC(=O)CCNC(=O)C(O)C(C)(C)COP(=O)([O-])OP(=O)([O-])OCC1OC(n2cnc3c(N)ncnc32)C(O)C1OP(=O)([O-])[O-].CC(C)(COP(=O)([O-])OP(=O)([O-])OCC1OC(n2cnc3c(N)ncnc32)C(O)C1OP(=O)([O-])[O-])C(O)C(=O)NCCC(=O)NCCSC(=O)CC(=O)[O-].NC(=O)C1=CN(C2OC(COP(=O)([O-])OP(=O)([O-])OCC3OC(n4cnc5c(N)ncnc54)C(OP(=O)([O-])[O-])C3O)C(O)C2O)C=CC1.[H+]>>CC(C)(COP(=O)([O-])OP(=O)([O-])OCC1OC(n2cnc3c(N)ncnc32)C(O)C1OP(=O)([O-])[O-])C(O)C(=O)NCCC(=O)NCCS.NC(=O)c1ccc[n+](C2OC(COP(=O)([O-])OP(=O)([O-])OCC3OC(n4cnc5c(N)ncnc54)C(OP(=O)([O-])[O-])C3O)C(O)C2O)c1.O.O=C=O,NC(=O)c1ccc[n+](C2OC(COP(=O)([O-])OP(=O)([O-])OCC3OC(n4cnc5c(N)ncnc54)C(OP(=O)([O-])[O-])C3O)C(O)C2O)c1,C25_GFPP_like,C20_polycyclic_highly_oxygenated,1,1,C25_GFPP_like::RHEA:12240,2
RHEA:74751,*NC(COP(=O)([O-])OCC(C)(C)C(O)C(=O)NCCC(=O)NCCSC(=O)C=CC=CC=CC=CC=CC)C(*)=O.COC1C(O)CCC2(CO2)C1C1(C)OC1CC=C(C)C>>*NC(COP(=O)([O-])OCC(C)(C)C(O)C(=O)NCCC(=O)NCCS)C(*)=O.CC=CC=CC=CC=CC=CC(=O)OC1CCC2(CO2)C(C2(C)OC2CC=C(C)C)C1OC,CC=CC=CC=CC=CC=CC(=O)OC1CCC2(CO2)C(C2(C)OC2CC=C(C)C)C1OC,C25_GFPP_like,C_long_polycyclic_highly_oxygenated,1,1,C25_GFPP_like::RHEA:74751,0
RHEA:77007,CC1(C)CCC(C(=O)[O-])[NH2+]C1.CC1CCC2C3(C)OC4(C)CC(O)C12CC4C3[NH2+]CCCCC[NH+](C)C.Nc1ncnc2c1ncn2C1OC(COP(=O)([O-])OP(=O)([O-])OP(=O)([O-])[O-])C(O)C1O>>CC1CCC2C3(C)OC4(C)CC(OC(=O)C5CCC(C)(C)CN5)C12CC4C3[NH2+]CCCCC[NH+](C)C.Nc1ncnc2c1ncn2C1OC(COP(=O)([O-])[O-])C(O)C1O.O=P([O-])([O-])OP(=O)([O-])O.[H+],CC1CCC2C3(C)OC4(C)CC(OC(=O)C5CCC(C)(C)CN5)C12CC4C3[NH2+]CCCCC[NH+](C)C,C10_GPP_like,C_long_polycyclic_highly_oxygenated,1,1,C10_GPP_like::RHEA:77007,2
RHEA:77071,CC(C)=CCCC(C)=CCCC(C)=CCOP(=O)([O-])OP(=O)([O-])[O-]>>C=C(C)C1CCC(C)C12CC=C(C)CC2.O=P([O-])([O-])OP(=O)([O-])O,C=C(C)C1CCC(C)C12CC=C(C)CC2,C15_FPP_like,C15_bicyclic_hydrocarbon,1,1,C15_FPP_like::RHEA:66636,1
RHEA:77079,CC1CCC2C3(C)[CH+]C4CC12CCC4(C)O3.C[NH+](C)CCCCC[NH3+]>>CC1CCC2C13CCC1(C)OC2(C)C([NH2+]CCCCC[NH+](C)C)C1C3.[H+],CC1CCC2C13CCC1(C)OC2(C)C([NH2+]CCCCC[NH+](C)C)C1C3,C15_FPP_like,C20_polycyclic_oxygenated,1,1,C15_FPP_like::RHEA:77079,0
RHEA:77963,CC(C)=CCCC(C)=CCCC(C)=CCCC(C)=CCOP(=O)([O-])OP(=O)([O-])[O-]>>C=C1CCCC2(C)CCC3=C(C(C)C)CCC3(C)CC12.O=P([O-])([O-])OP(=O)([O-])O,C=C1CCCC2(C)CCC3=C(C(C)C)CCC3(C)CC12,C20_GGPP_like,C20_polycyclic_hydrocarbon,1,1,C20_GGPP_like::RHEA:77963,4
RHEA:77967,CC(C)=CCCC(C)=CCCC(C)=CCCC(C)=CCCC(C)=CCCC(C)=CCOP(=O)([O-])OP(=O)([O-])[O-]>>CC1=CCCC(C)=CCCC(C)=CC2C(CCC(C)=CCCC(C)=CCC1)C2(C)C.O=P([O-])([O-])OP(=O)([O-])O,CC1=CCCC(C)=CCCC(C)=CC2C(CCC(C)=CCCC(C)=CCC1)C2(C)C,C30_long_prenyl_like,C_long_bicyclic_hydrocarbon,1,1,C30_long_prenyl_like::RHEA:77967,2
RHEA:77971,CC(C)=CCCC(C)=CCCC(C)=CCCC(C)=CCCC(C)=CCCC(C)=CCOP(=O)([O-])OP(=O)([O-])[O-]>>CC(C)=CCCC(C)=CCCC(C)C1=CCC2(C)CC=C(C)CCC=C(C)CCC12.O=P([O-])([O-])OP(=O)([O-])O,CC(C)=CCCC(C)=CCCC(C)C1=CCC2(C)CC=C(C)CCC=C(C)CCC12,C30_long_prenyl_like,C_long_bicyclic_hydrocarbon,1,1,C30_long_prenyl_like::RHEA:77971,3
RHEA:77975,C=C(C)CCOP(=O)([O-])OP(=O)([O-])[O-].CC(C)=CCOP(=O)([O-])OP(=O)([O-])[O-]>>CC(C)=CCCC(C)=CCCC(C)=CCCC(C)=CCCC(C)=CCCC(C)=CCOP(=O)([O-])OP(=O)([O-])[O-].O=P([O-])([O-])OP(=O)([O-])O,CC(C)=CCCC(C)=CCCC(C)=CCCC(C)=CCCC(C)=CCCC(C)=CCOP(=O)([O-])OP(=O)([O-])[O-],C5_IPP_DMAPP_like,C_long_acyclic_highly_oxygenated,3,3,C5_IPP_DMAPP_like::RHEA:11328,2
RHEA:77979,CC(C)=CCCC(C)=CCCC(C)=CCCC(C)=CCCC(C)=CCCC(C)=CCOP(=O)([O-])OP(=O)([O-])[O-].O>>CC(C)=CCCC(C)=CCCC(C)(O)C1CC=C(C)CCC=C(C)CCC=C(C)CC1.O=P([O-])([O-])OP(=O)([O-])O,CC(C)=CCCC(C)=CCCC(C)(O)C1CC=C(C)CCC=C(C)CCC=C(C)CC1,C30_long_prenyl_like,C_long_mono_oxygenated,1,1,C30_long_prenyl_like::RHEA:77979,4
RHEA:78275,CC(C)=CCCC(C)=CCCC(C)=CCCC(C)=CCOP(=O)([O-])OP(=O)([O-])[O-]>>CC1=CCC2(C)CCC(C(C)C)=C2CCC(C)=CCC1.O=P([O-])([O-])OP(=O)([O-])O,CC1=CCC2(C)CCC(C(C)C)=C2CCC(C)=CCC1,C20_GGPP_like,C20_bicyclic_hydrocarbon,1,1,C20_GGPP_like::RHEA:54040,3
RHEA:78287,CC(C)=CCCC(C)=CCCC(C)=CCCC(C)=CCOP(=O)([O-])OP(=O)([O-])[O-]>>CC1=CCCC(C)=C2CC3(C)CCC(C)(C)C3C2CC1.O=P([O-])([O-])OP(=O)([O-])O,CC1=CCCC(C)=C2CC3(C)CCC(C)(C)C3C2CC1,C20_GGPP_like,C20_polycyclic_hydrocarbon,2,2,C20_GGPP_like::RHEA:78287,1
RHEA:78291,CC(C)=CCCC(C)=CCCC(C)=CCCC(C)=CCCC(C)=CCOP(=O)([O-])OP(=O)([O-])[O-]>>CC(C)=CCC=C(C)C1CC=C(C)CCC=C(C)CCC=C(C)CC1.O=P([O-])([O-])OP(=O)([O-])O,CC(C)=CCC=C(C)C1CC=C(C)CCC=C(C)CCC=C(C)CC1,C25_GFPP_like,C25_mono_hydrocarbon,1,1,C25_GFPP_like::RHEA:78291,1
RHEA:78399,CC(C)=CCCC(C)=CCCC(C)=CCCC(C)=CCCC(C)=CCOP(=O)([O-])OP(=O)([O-])[O-]>>C=C(C)C1CCC2(C)CCC3(C)CC4CC(C)(CC=C3C12)CCC4C.O=P([O-])([O-])OP(=O)([O-])O,C=C(C)C1CCC2(C)CCC3(C)CC4CC(C)(CC=C3C12)CCC4C,C25_GFPP_like,C25_polycyclic_hydrocarbon,1,1,C25_GFPP_like::RHEA:78399,2
RHEA:78403,CC(C)=CCCC(C)=CCCC(C)=CCCC(C)=CCOP(=O)([O-])OP(=O)([O-])[O-].O>>CC1CCC(O)C2(C)CCC3C4C(C)(C)CCC4(C)CC132.O=P([O-])([O-])OP(=O)([O-])O,CC1CCC(O)C2(C)CCC3C4C(C)(C)CCC4(C)CC132,C20_GGPP_like,C20_polycyclic_oxygenated,1,1,C20_GGPP_like::RHEA:78403,0
RHEA:78407,[H][C@@]12C[C@]3(O)/C(C)=C4/CC[C@@H](C)[C@]4([H])CC[C@H](C)[C@@]3([H])C[C@@]1(C)CC[C@@H]2C(C)C.Cc1cc2c(cc1C)N(C[C@H](O)[C@H](O)[C@H](O)COP(=O)([O-])[O-])c1nc(=O)nc(=O)c1N2.O=O>>C/C1=C2CC[C@@H](C)[C@@H]2CC[C@H](C)[C@H]2C[C@@]3(C(=O)[O-])CC[C@H](C(C)C)[C@@H]3C[C@]12O.Cc1cc2nc3c(=O)[n-]c(=O)nc-3n(C[C@H](O)[C@H](O)[C@H](O)COP(=O)([O-])[O-])c2cc1C.[H]O[H].[H+],C/C1=C2CC[C@@H](C)[C@@H]2CC[C@H](C)[C@H]2C[C@@]3(C(=O)[O-])CC[C@H](C(C)C)[C@@H]3C[C@]12O,C25_GFPP_like,C25_polycyclic_highly_oxygenated,1,1,C25_GFPP_like::RHEA:54068,3
RHEA:78655,CC(C)=CCCC(C)=CCCC(C)=CCOP(=O)([O-])OP(=O)([O-])[O-]>>CC1CCC2C(C)(C)CC3(C)CC=CC123.O=P([O-])([O-])OP(=O)([O-])O,CC1CCC2C(C)(C)CC3(C)CC=CC123,C15_FPP_like,C15_polycyclic_hydrocarbon,1,1,C15_FPP_like::RHEA:78655,1
RHEA:78979,CC(C)=CCCC(C)=CCCC(C)=CCCC(C)=CCOP(=O)([O-])OP(=O)([O-])[O-]>>CC1=CC2C(C(C)C)CCC(C)=C3CCC(C)C32CC1.O=P([O-])([O-])OP(=O)([O-])O,CC1=CC2C(C(C)C)CCC(C)=C3CCC(C)C32CC1,C20_GGPP_like,C20_polycyclic_hydrocarbon,1,1,C20_GGPP_like::RHEA:78979,1
RHEA:78983,CC(C)=CCCC(C)=CCCC(C)=CCCC(C)=CCOP(=O)([O-])OP(=O)([O-])[O-]>>CC1=C2CC3(C)CCC(C)(C)C3C3CCC(C)C23CC1.O=P([O-])([O-])OP(=O)([O-])O,CC1=C2CC3(C)CCC(C)(C)C3C3CCC(C)C23CC1,C20_GGPP_like,C20_polycyclic_hydrocarbon,1,1,C20_GGPP_like::RHEA:78983,2
RHEA:78987,CC(C)=CCCC(C)=CCCC(C)=CCCC(C)=CCOP(=O)([O-])OP(=O)([O-])[O-]>>CC1CCC2=C3CC4(C)CCC(C)(C)C4C3CCC21C.O=P([O-])([O-])OP(=O)([O-])O,CC1CCC2=C3CC4(C)CCC(C)(C)C4C3CCC21C,C20_GGPP_like,C20_polycyclic_hydrocarbon,1,1,C20_GGPP_like::RHEA:78287,1
RHEA:79011,C=C1CCC2C(C)(C)CCCC2(C)C1CCC(C)=CCOP(=O)([O-])OP(=O)([O-])[O-]>>CC12C=CC3(CCC4C(C)(C)CCCC4(C)C3CC1)C2.O=P([O-])([O-])OP(=O)([O-])O,CC12C=CC3(CCC4C(C)(C)CCCC4(C)C3CC1)C2,C20_GGPP_like,C20_polycyclic_hydrocarbon,3,3,C20_GGPP_like::RHEA:25759,3
RHEA:79687,CC(C)=CCCC(C)=CCCC(C)=CCCC(C)=CCCC(C)=CCOP(=O)([O-])OP(=O)([O-])[O-]>>C=C(C)C1CCC2(C)CCC3(C)CC4C(C)CCC4C(C)=CCC3C12.O=P([O-])([O-])OP(=O)([O-])O,C=C(C)C1CCC2(C)CCC3(C)CC4C(C)CCC4C(C)=CCC3C12,C25_GFPP_like,C25_polycyclic_hydrocarbon,1,1,C25_GFPP_like::RHEA:79687,1
RHEA:79691,[H][C@@]12C/C=C(/C)[C@]3([H])CC[C@H](C)[C@]3([H])C[C@@]1(C)CC[C@]1(C)CC[C@H](C(=C)C)[C@]12[H].Cc1cc2c(cc1C)N(C[C@H](O)[C@H](O)[C@H](O)COP(=O)([O-])[O-])c1nc(=O)nc(=O)c1N2.O=O>>[H]C(=O)/C1=C/C[C@]2([H])[C@](C)(CC[C@]3(C)CC[C@H](C(=C)C)[C@]32[H])C[C@@]2([H])[C@@H](C)CC(=O)[C@@]12[H].Cc1cc2nc3c(=O)[n-]c(=O)nc-3n(C[C@H](O)[C@H](O)[C@H](O)COP(=O)([O-])[O-])c2cc1C.[H]O[H].[H+],[H]C(=O)/C1=C/C[C@]2([H])[C@](C)(CC[C@]3(C)CC[C@H](C(=C)C)[C@]32[H])C[C@@]2([H])[C@@H](C)CC(=O)[C@@]12[H],C25_GFPP_like,C25_polycyclic_oxygenated,1,1,C25_GFPP_like::RHEA:79687,1
RHEA:80391,CC(C)=CCCC(C)=CCOP(=O)([O-])OP(=O)([O-])[O-]>>CC=C1CC(C)C(O)(CO)C(=O)OCC2=CC[N+]3([O-])CCC(OC1=O)C23.O=P([O-])([O-])OP(=O)([O-])O,CC=C1CC(C)C(O)(CO)C(=O)OCC2=CC[N+]3([O-])CCC(OC1=O)C23,C10_GPP_like,C20_polycyclic_highly_oxygenated,2,2,C10_GPP_like::RHEA:80391,1
RHEA:80395,CC(C)=CCCC(C)=CCOP(=O)([O-])OP(=O)([O-])[O-]>>CC(C)=C1C=CC(C)CC1.O=P([O-])([O-])OP(=O)([O-])O,CC(C)=C1C=CC(C)CC1,C10_GPP_like,C10_mono_hydrocarbon,1,1,C10_GPP_like::RHEA:80395,3
RHEA:80399,CC(C)=CCCC(C)=CCCC(C)=CCOP(=O)([O-])OP(=O)([O-])[O-].O>>CC1CCC2(O)C(C)CCC3C(C12)C3(C)C.O=P([O-])([O-])OP(=O)([O-])O,CC1CCC2(O)C(C)CCC3C(C12)C3(C)C,C15_FPP_like,C15_polycyclic_oxygenated,1,1,C15_FPP_like::RHEA:80399,2
RHEA:80403,CC(C)=CCCC(C)=CCCC(C)=CCOP(=O)([O-])OP(=O)([O-])[O-].O>>CC(C)C1=CC2C(C)(O)CCCC2(C)CC1.O=P([O-])([O-])OP(=O)([O-])O,CC(C)C1=CC2C(C)(O)CCCC2(C)CC1,C15_FPP_like,C15_bicyclic_oxygenated,1,1,C15_FPP_like::RHEA:25460,0
RHEA:80407,CC(C)=CCCC(C)=CCCC(C)=CCOP(=O)([O-])OP(=O)([O-])[O-].O>>CC1=C2CC(C(C)(C)O)CCC2(C)CCC1.O=P([O-])([O-])OP(=O)([O-])O,CC1=C2CC(C(C)(C)O)CCC2(C)CCC1,C15_FPP_like,C15_bicyclic_oxygenated,1,1,C15_FPP_like::RHEA:80407,3
RHEA:80863,CC(C)=CCCC(C)=CCCC(C)=CCCC(C)=CCOP(=O)([O-])OP(=O)([O-])[O-].Cc1cc(O)cc(=O)o1>>CC(C)=CCCC(C)=CCCC(C)=CCCC(C)=CCc1c(O)cc(C)oc1=O.O=P([O-])([O-])OP(=O)([O-])O,CC(C)=CCCC(C)=CCCC(C)=CCCC(C)=CCc1c(O)cc(C)oc1=O,C20_GGPP_like,C25_mono_highly_oxygenated,1,1,C20_GGPP_like::RHEA:80863,3
RHEA:80867,CC(C)=CCCC(C)=CCCC(C)=CCCC(C)=CCc1c(O)cc(C)oc1=O.O=O.[H]*[H]>>*.CC(=CCCC(C)=CCc1c(O)cc(C)oc1=O)CCC=C(C)CCC1OC1(C)C.O,CC(=CCCC(C)=CCc1c(O)cc(C)oc1=O)CCC=C(C)CCC1OC1(C)C,C25_GFPP_like,C25_bicyclic_highly_oxygenated,1,1,C25_GFPP_like::RHEA:80867,1
RHEA:80871,CC(=CCCC(C)=CCc1c(O)cc(C)oc1=O)CCC=C(C)CCC1OC1(C)C>>C=C1CCC2C(C)(C)C(O)CCC2(C)C1CCC(C)=CCc1c(O)cc(C)oc1=O,C=C1CCC2C(C)(C)C(O)CCC2(C)C1CCC(C)=CCc1c(O)cc(C)oc1=O,C25_GFPP_like,C25_polycyclic_highly_oxygenated,1,1,C25_GFPP_like::RHEA:80867,1
RHEA:80875,CC(=CCCC(C)=CCc1c(O)cc(C)oc1=O)CCC=C(C)CCC1OC1(C)C>>C=C1CCC(O)C(C)(C)C1CCC(C)=CCCC(C)=CCc1c(O)cc(C)oc1=O,C=C1CCC(O)C(C)(C)C1CCC(C)=CCCC(C)=CCc1c(O)cc(C)oc1=O,C25_GFPP_like,C25_bicyclic_highly_oxygenated,1,1,C25_GFPP_like::RHEA:80867,1
RHEA:80879,C=C1CCC2C(C)(C)C(O)CCC2(C)C1CCC(C)=CCc1c(O)cc(C)oc1=O.CC(=O)SCCNC(=O)CCNC(=O)C(O)C(C)(C)COP(=O)([O-])OP(=O)([O-])OCC1OC(n2cnc3c(N)ncnc32)C(O)C1OP(=O)([O-])[O-]>>C=C1CCC2C(C)(C)C(OC(C)=O)CCC2(C)C1CCC(C)=CCc1c(O)cc(C)oc1=O.CC(C)(COP(=O)([O-])OP(=O)([O-])OCC1OC(n2cnc3c(N)ncnc32)C(O)C1OP(=O)([O-])[O-])C(O)C(=O)NCCC(=O)NCCS,C=C1CCC2C(C)(C)C(OC(C)=O)CCC2(C)C1CCC(C)=CCc1c(O)cc(C)oc1=O,C25_GFPP_like,C_long_polycyclic_highly_oxygenated,1,1,C25_GFPP_like::RHEA:80867,1
RHEA:80883,C=C1CCC(O)C(C)(C)C1CCC(C)=CCCC(C)=CCc1c(O)cc(C)oc1=O.CC(=O)SCCNC(=O)CCNC(=O)C(O)C(C)(C)COP(=O)([O-])OP(=O)([O-])OCC1OC(n2cnc3c(N)ncnc32)C(O)C1OP(=O)([O-])[O-]>>C=C1CCC(OC(C)=O)C(C)(C)C1CCC(C)=CCCC(C)=CCc1c(O)cc(C)oc1=O.CC(C)(COP(=O)([O-])OP(=O)([O-])OCC1OC(n2cnc3c(N)ncnc32)C(O)C1OP(=O)([O-])[O-])C(O)C(=O)NCCC(=O)NCCS,C=C1CCC(OC(C)=O)C(C)(C)C1CCC(C)=CCCC(C)=CCc1c(O)cc(C)oc1=O,C25_GFPP_like,C_long_bicyclic_highly_oxygenated,1,1,C25_GFPP_like::RHEA:80867,1
RHEA:81103,CC(C)=CCCC(C)=CCCC(C)=CCOP(=O)([O-])OP(=O)([O-])[O-]>>CC1=CCC2C(C)(C)CCCC2(C)C1COP(=O)([O-])OP(=O)([O-])[O-],CC1=CCC2C(C)(C)CCCC2(C)C1COP(=O)([O-])OP(=O)([O-])[O-],C15_FPP_like,C15_bicyclic_highly_oxygenated,2,2,C15_FPP_like::RHEA:28290,1
RHEA:81219,C=C1CCC2C(C)(C)CCCC2(C)C1CCC(C)=CCOP(=O)([O-])OP(=O)([O-])[O-]>>CC1(C)CCCC2(C)C1CCC13CC4C(CC12)C4(C)C3.O=P([O-])([O-])OP(=O)([O-])O,CC1(C)CCCC2(C)C1CCC13CC4C(CC12)C4(C)C3,C20_GGPP_like,C20_polycyclic_hydrocarbon,1,1,C20_GGPP_like::RHEA:22220,3
RHEA:81223,C=C1CCC2C(C)(C)CCCC2(C)C1CCC(C)=CCOP(=O)([O-])OP(=O)([O-])[O-]>>C=CC(C)=CCC1C(=C)CCC2C(C)(C)CCCC12C.O=P([O-])([O-])OP(=O)([O-])O,C=CC(C)=CCC1C(=C)CCC2C(C)(C)CCCC12C,C20_GGPP_like,C20_bicyclic_hydrocarbon,1,1,C20_GGPP_like::RHEA:32151,2
RHEA:81231,C=C1CCC2C(C)(C)CCCC2(C)C1CCC(C)=CCOP(=O)([O-])OP(=O)([O-])[O-].O>>CC1(C)CCCC2(C)C1CCC13CC(CCC12)C(C)(O)C3.O=P([O-])([O-])OP(=O)([O-])O,CC1(C)CCCC2(C)C1CCC13CC(CCC12)C(C)(O)C3,C20_GGPP_like,C20_polycyclic_oxygenated,1,1,C20_GGPP_like::RHEA:22220,3
RHEA:81463,CC(C)=CCCC(C)=CCCC(C)=CCOP(=O)([O-])OP(=O)([O-])[O-]>>C=C1CCC2(C)CC1C1(C)CCCC21C.O=P([O-])([O-])OP(=O)([O-])O,C=C1CCC2(C)CC1C1(C)CCCC21C,C15_FPP_like,C15_polycyclic_hydrocarbon,1,1,C15_FPP_like::RHEA:29499,0
RHEA:81851,CC(=CCCC=C(C)CCC=C(C)CCC1OC1(C)C)CCC=C(C)CCC1OC1(C)C>>CC(CCC1OC1(C)C)C1CCC2(C)C3CC=C4C(CCC(O)C4(C)C)C3(C)CCC12C,CC(CCC1OC1(C)C)C1CCC2(C)C3CC=C4C(CCC(O)C4(C)C)C3(C)CCC12C,C30_long_prenyl_like,C_long_polycyclic_oxygenated,1,1,C30_long_prenyl_like::RHEA:21308,0
RHEA:83287,CC(C)=CCCC(C)=CCCC(C)=CCOP(=O)([O-])OP(=O)([O-])[O-]>>C=C(C)C1CCC2(C)OC2C1.O=P([O-])([O-])OP(=O)([O-])O,C=C(C)C1CCC2(C)OC2C1,C15_FPP_like,C10_bicyclic_oxygenated,1,1,C15_FPP_like::RHEA:83287,4
RHEA:83523,CC(=O)SCCNC(=O)CCNC(=O)C(O)C(C)(C)COP(=O)([O-])OP(=O)([O-])OCC1OC(n2cnc3c(N)ncnc32)C(O)C1OP(=O)([O-])[O-].CC(C)C1CCC2C1(C)CCC1(C)C3=C(CCC21C)C1(C)CC(O)C(OC2OC(CO)C(O)C(O)C2O)C(C)(C)C1CC3>>CC(=O)OC1CC2(C)C3=C(CCC2C(C)(C)C1OC1OC(CO)C(O)C(O)C1O)C1(C)CCC2(C)C(C(C)C)CCC2C1(C)CC3.CC(C)(COP(=O)([O-])OP(=O)([O-])OCC1OC(n2cnc3c(N)ncnc32)C(O)C1OP(=O)([O-])[O-])C(O)C(=O)NCCC(=O)NCCS,CC(=O)OC1CC2(C)C3=C(CCC2C(C)(C)C1OC1OC(CO)C(O)C(O)C1O)C1(C)CCC2(C)C(C(C)C)CCC2C1(C)CC3,C25_GFPP_like,C_long_polycyclic_highly_oxygenated,1,1,C25_GFPP_like::RHEA:83523,2
RHEA:83527,CC(=O)SCCNC(=O)CCNC(=O)C(O)C(C)(C)COP(=O)([O-])OP(=O)([O-])OCC1OC(n2cnc3c(N)ncnc32)C(O)C1OP(=O)([O-])[O-].CC(C)C(C)C1(C)CCC2(C)C3=C(CCC2(C)C1C(=O)[O-])C1(C)CC(O)C(OC2OC(CO)C(O)C(O)C2O)C(C)(C)C1CC3>>CC(=O)OC1CC2(C)C3=C(CCC2C(C)(C)C1OC1OC(CO)C(O)C(O)C1O)C1(C)CCC(C)(C(C)C(C)C)C(C(=O)[O-])C1(C)CC3.CC(C)(COP(=O)([O-])OP(=O)([O-])OCC1OC(n2cnc3c(N)ncnc32)C(O)C1OP(=O)([O-])[O-])C(O)C(=O)NCCC(=O)NCCS,CC(=O)OC1CC2(C)C3=C(CCC2C(C)(C)C1OC1OC(CO)C(O)C(O)C1O)C1(C)CCC(C)(C(C)C(C)C)C(C(=O)[O-])C1(C)CC3,C25_GFPP_like,C_long_polycyclic_highly_oxygenated,1,1,C25_GFPP_like::RHEA:83523,2
RHEA:83903,[H][C@]12CC[C@]3(C)[C@H](O)[C@@]1([H])C(C)(C)CCC[C@]23C.Cc1cc2c(cc1C)N(C[C@H](O)[C@H](O)[C@H](O)COP(=O)([O-])[O-])c1nc(=O)nc(=O)c1N2.O=O>>O=C(O)Cc1cnc2ccccc12.Cc1cc2nc3c(=O)[n-]c(=O)nc-3n(C[C@H](O)[C@H](O)[C@H](O)COP(=O)([O-])[O-])c2cc1C.[H]O[H].[H+],Cc1cc2nc3c(=O)[n-]c(=O)nc-3n(C[C@H](O)[C@H](O)[C@H](O)COP(=O)([O-])[O-])c2cc1C,C15_FPP_like,C15_polycyclic_highly_oxygenated,1,1,C15_FPP_like::RHEA:16337,0
RHEA:83907,CC(C)=CCCC(C)=CCCC(C)=CCOP(=O)([O-])OP(=O)([O-])[O-].O>>CC1(C)CCCC2(C)C3CCC2(C)C(O)C31.O=P([O-])([O-])OP(=O)([O-])O,CC1(C)CCCC2(C)C3CCC2(C)C(O)C31,C15_FPP_like,C15_polycyclic_oxygenated,1,1,C15_FPP_like::RHEA:83907,0
RHEA:85535,CC(C)=CCCC(C)=CCCC(C)=CCOP(=O)([O-])OP(=O)([O-])[O-]>>CC1=CCC2(C)CCC(=C(C)C)C2CC1.O=P([O-])([O-])OP(=O)([O-])O,CC1=CCC2(C)CCC(=C(C)C)C2CC1,C15_FPP_like,C15_bicyclic_hydrocarbon,1,1,C15_FPP_like::RHEA:65072,1
RHEA:85615,CC(C)=CCCC(C)=CCCC(C)=CCOP(=O)([O-])OP(=O)([O-])[O-]>>CC1=C2CC(C)(C)CC2CC2(C)CCC12.O=P([O-])([O-])OP(=O)([O-])O,CC1=C2CC(C)(C)CC2CC2(C)CCC12,C15_FPP_like,C15_polycyclic_hydrocarbon,2,2,C15_FPP_like::RHEA:85615,2
RHEA:85619,CC(C)=CCCC(C)=CCOP(=O)([O-])OP(=O)([O-])[O-].O>>CC(C)C1C=CC(C)(O)CC1.O=P([O-])([O-])OP(=O)([O-])O,CC(C)C1C=CC(C)(O)CC1,C10_GPP_like,C10_mono_oxygenated,2,2,C10_GPP_like::RHEA:85619,2
RHEA:85623,CC(C)=CCCC(C)=CCCC(C)=CCOP(=O)([O-])OP(=O)([O-])[O-].O>>CC1CCC2C3(C)CC3CC(C)(C)CC12O.O=P([O-])([O-])OP(=O)([O-])O,CC1CCC2C3(C)CC3CC(C)(C)CC12O,C15_FPP_like,C15_polycyclic_oxygenated,1,1,C15_FPP_like::RHEA:53616,3
RHEA:85767,CC(C)=CCCC(C)=CCOP(=O)([O-])OP(=O)([O-])[O-].O>>CC1=CC2C(C(C)C)CCC(C)C3CCC(C)C2(O)C3C1.O=P([O-])([O-])OP(=O)([O-])O,CC1=CC2C(C(C)C)CCC(C)C3CCC(C)C2(O)C3C1,C10_GPP_like,C20_polycyclic_oxygenated,1,1,C10_GPP_like::RHEA:85767,4
