reaction_id,rhea_id,status,gate_hit,n_candidates,n_scored_candidates,n_positive_enzymes,n_scored_positive_enzymes,best_positive_rank,best_positive_enzyme_id,best_positive_score,top1_hit,top3_hit,top5_hit,top10_hit,top10_enzyme_ids,top10_scores,reciprocal_rank
RHEA:10340,RHEA:10340,ok,False,87,0,4,0,,,,False,False,False,False,[],[],0.0
RHEA:10940,RHEA:10940,ok,True,104,104,6,2,39.0,A7IZZ1,0.0,False,False,False,False,"[""A0A8H7XQ49"", ""A0A8H7XP09"", ""A0A8H8CFI5"", ""G8H5N1"", ""G8H5M9"", ""G8H5M7"", ""O23945"", ""G8H5M8"", ""Q54YE2"", ""C1K5M3""]","[3.1782293e-34, 2.4970579999999997e-34, 1.8213339e-34, 2.6559646e-35, 9.9799686e-36, 3.8482075e-36, 2.0224858e-36, 1.7280505999999998e-36, 1.5562997e-36, 6.0409506e-37]",0.02564102564102564
RHEA:11328,RHEA:11328,ok,True,80,80,2,1,61.0,K7WQ45,4.0970127e-07,False,False,False,False,"[""A0A8H8CFI5"", ""A0A8H7XQ49"", ""A0A8H7XP09"", ""A0A8K1AY78"", ""A0A1L9UKS1"", ""Q0CRW6"", ""P9WEV2"", ""A0A2Z6AQX6"", ""A0A0P0ZD79"", ""A0A0P0ZEM1""]","[0.0042353887, 0.0033010475, 0.0017155102, 0.0014436838, 0.0012218184, 0.0010210834, 0.0010035206, 0.0009338796, 0.0008678342, 0.00080097385]",0.01639344262295082
RHEA:11656,RHEA:11656,ok,False,40,0,1,0,,,,False,False,False,False,[],[],0.0
RHEA:12016,RHEA:12016,ok,True,86,86,9,2,54.0,J9RLZ7,0.0,False,False,False,False,"[""A0A0A2JP58"", ""A0A0B4G504"", ""A0A0D4D912"", ""A0A142BX70"", ""A0A1V0E492"", ""A0A348B779"", ""A0A348B780"", ""A0A348B782"", ""A0A385AJN0"", ""A0A3L6G998""]","[0.0, 0.0, 0.0, 0.0, 0.0, 0.0, 0.0, 0.0, 0.0, 0.0]",0.018518518518518517
RHEA:12052,RHEA:12052,ok,False,9,0,17,0,,,,False,False,False,False,[],[],0.0
RHEA:12192,RHEA:12192,ok,False,32,0,1,0,,,,False,False,False,False,[],[],0.0
RHEA:12240,RHEA:12240,ok,False,19,0,1,0,,,,False,False,False,False,[],[],0.0
RHEA:12516,RHEA:12516,ok,False,71,0,10,0,,,,False,False,False,False,[],[],0.0
RHEA:12605,RHEA:12605,ok,False,13,0,2,0,,,,False,False,False,False,[],[],0.0
RHEA:12869,RHEA:12869,ok,True,104,104,16,13,19.0,A0A1V0QSF6,3.1344205000000004e-38,False,False,False,False,"[""A0A8H7XQ49"", ""A0A8H7XP09"", ""A0A8H8CFI5"", ""G8H5N1"", ""G8H5M9"", ""G8H5M7"", ""Q54YE2"", ""O23945"", ""G8H5M8"", ""O64961""]","[4.2940893e-33, 2.4334623e-33, 1.9687394e-33, 6.8345503e-35, 2.6829496e-35, 1.34029e-35, 1.1478286e-35, 7.300776e-36, 4.146264e-36, 1.7701643e-36]",0.05263157894736842
RHEA:13369,RHEA:13369,ok,False,106,0,4,0,,,,False,False,False,False,[],[],0.0
RHEA:13525,RHEA:13525,ok,False,5,0,1,0,,,,False,False,False,False,[],[],0.0
RHEA:13545,RHEA:13545,ok,True,14,14,3,2,4.0,A0A1D6HSP4,0.9999944,False,False,True,True,"[""A0A386KZI3"", ""M2V933"", ""Q1ZXA1"", ""A0A1D6HSP4"", ""Q9LSF8"", ""A0A1V1FNM9"", ""A0A0P0ZEA9"", ""P32476"", ""P0DO35"", ""I1RQ76""]","[1.0, 0.9999958, 0.9999958, 0.9999944, 0.9999931, 0.9999851, 0.9999194, 0.9998522, 0.9995882, 0.99843925]",0.25
RHEA:13873,RHEA:13873,ok,True,47,46,6,6,19.0,F2XFB2,0.0,False,False,False,False,"[""A0A075FBG7"", ""A0A075FBT3"", ""A0A0H5BN57"", ""A0A0H5BN61"", ""A0A0U4CDK4"", ""A0A1W6QDI7"", ""A0A1X9ISH5"", ""A0A1Z3GC64"", ""A0A1Z3GCD1"", ""A0A2K9RFY0""]","[0.0, 0.0, 0.0, 0.0, 0.0, 0.0, 0.0, 0.0, 0.0, 0.0]",0.05263157894736842
RHEA:14009,RHEA:14009,ok,False,89,0,1,0,,,,False,False,False,False,[],[],0.0
RHEA:14485,RHEA:14485,ok,True,21,21,1,1,5.0,A0A1L2D3T3,0.0,False,False,True,True,"[""A0A0B4FWC3"", ""A0A0B4G3Q7"", ""A0A0B4GN88"", ""A0A0B4IF96"", ""A0A1L2D3T3"", ""A0A1V0E4A6"", ""A0A1V0QSF3"", ""A0A1V0QSF6"", ""A0A8H8CMW1"", ""A7NH01""]","[0.0, 0.0, 0.0, 0.0, 0.0, 0.0, 0.0, 0.0, 0.0, 0.0]",0.2
RHEA:14621,RHEA:14621,ok,False,29,0,13,0,,,,False,False,False,False,[],[],0.0
RHEA:14841,RHEA:14841,ok,False,63,0,20,0,,,,False,False,False,False,[],[],0.0
RHEA:14901,RHEA:14901,ok,False,11,0,1,0,,,,False,False,False,False,[],[],0.0
RHEA:15809,RHEA:15809,ok,True,54,53,16,3,9.0,A0A8H7XQ49,0.0,False,False,False,True,"[""A0A1D6LTV0"", ""A0A7D0AGU9"", ""A0A7G5KLV3"", ""A0A858E4Y6"", ""A0A858E4Y8"", ""A0A858E7J4"", ""A0A858E899"", ""A0A8H7XP09"", ""A0A8H7XQ49"", ""A0A8H8CFI5""]","[0.0, 0.0, 0.0, 0.0, 0.0, 0.0, 0.0, 0.0, 0.0, 0.0]",0.1111111111111111
RHEA:16337,RHEA:16337,ok,True,10,10,1,1,1.0,A0A4D6Q415,2.721612e-08,True,True,True,True,"[""A0A4D6Q415"", ""A0A386KZI3"", ""A0A3S9NM20"", ""B4FVP3"", ""P0DO35"", ""P0DO40"", ""P0DO39"", ""P0DO38"", ""P0DO41"", ""P0DO42""]","[2.721612e-08, 2.0944296e-10, 1.9897742e-14, 1.3020183000000002e-16, 1.0087811e-16, 6.7934914e-17, 4.8643213e-17, 4.3172998e-17, 1.8537619e-17, 1.16448386e-17]",1.0
RHEA:16345,RHEA:16345,ok,False,17,0,2,0,,,,False,False,False,False,[],[],0.0
RHEA:16561,RHEA:16561,ok,False,22,0,5,0,,,,False,False,False,False,[],[],0.0
RHEA:16965,RHEA:16965,ok,True,80,80,44,27,3.0,A0A8H7XP09,4.1498030000000014e-31,False,True,True,True,"[""A0A8H7XQ49"", ""A0A8H8CFI5"", ""A0A8H7XP09"", ""G8H5N1"", ""Q54YE2"", ""G8H5M9"", ""G8H5M7"", ""G8H5M8"", ""O64961"", ""D5KXD2""]","[1.041185e-30, 5.207799e-31, 4.1498030000000014e-31, 1.3309168e-33, 8.185976e-34, 7.0338556e-34, 9.130405599999999e-35, 6.2284865e-35, 2.6959587e-35, 2.0850246e-35]",0.3333333333333333
RHEA:17637,RHEA:17637,ok,True,45,44,5,5,31.0,P33247,6.245528399999999e-18,False,False,False,False,"[""P32476"", ""I1RQ76"", ""Q92206"", ""Q9C1W3"", ""A0A345BJQ0"", ""A0A3G1DJL2"", ""A0SJQ5"", ""Q24FB1"", ""V6RPN0"", ""Q54DR1""]","[8.5910806e-11, 2.8183927e-12, 2.645409e-12, 1.028201e-12, 2.267524e-13, 1.6025694e-13, 1.1378103e-13, 9.371698e-14, 4.8526246e-14, 3.4292393e-14]",0.03225806451612903
RHEA:17653,RHEA:17653,ok,True,59,59,45,33,2.0,A0A2Z6AQX6,0.0041306987,False,True,True,True,"[""P9WEV2"", ""A0A2Z6AQX6"", ""Q0CRW6"", ""A0A0P0ZD79"", ""A0A0P0ZEM1"", ""M2V8C1"", ""P9WER6"", ""A1C8C3"", ""M2U578"", ""P9WER5""]","[0.0049947407, 0.0041306987, 0.0036673464, 0.0035604006, 0.0035131823, 0.0026715393, 0.0020923922, 0.002061052, 0.002054073, 0.0020366993]",0.5
RHEA:17945,RHEA:17945,ok,True,13,13,6,6,5.0,P0DO35,1.0,False,False,True,True,"[""A0A0P0ZEA9"", ""A0A1D6HSP4"", ""A0A386KZI3"", ""B4FVP3"", ""P0DO35"", ""P0DO38"", ""P0DO39"", ""P0DO40"", ""P0DO41"", ""P0DO42""]","[1.0, 1.0, 1.0, 1.0, 1.0, 1.0, 1.0, 1.0, 1.0, 1.0]",0.2
RHEA:18081,RHEA:18081,ok,False,22,0,4,0,,,,False,False,False,False,[],[],0.0
RHEA:18209,RHEA:18209,ok,True,133,133,1,1,42.0,O81192,8.933049e-06,False,False,False,False,"[""D5SL78"", ""F6M8I0"", ""O22340"", ""A7IZZ1"", ""A0A1V0QSF9"", ""A0A3S5XFG0"", ""G1JUH1"", ""K7WQ45"", ""A0A8H8CFI5"", ""R9QMR3""]","[0.0019335359, 0.000101951904, 6.536813e-05, 5.078071e-05, 4.66119e-05, 3.5305507e-05, 3.3361648e-05, 2.90283e-05, 2.609874e-05, 2.592606e-05]",0.023809523809523808
RHEA:18325,RHEA:18325,ok,False,47,0,1,0,,,,False,False,False,False,[],[],0.0
RHEA:18721,RHEA:18721,ok,False,31,0,1,0,,,,False,False,False,False,[],[],0.0
RHEA:18957,RHEA:18957,ok,True,12,12,5,5,5.0,P0DO40,3.9304296e-28,False,False,True,True,"[""A0A386KZI3"", ""Q1ZXA1"", ""A0A1D6HSP4"", ""B4FVP3"", ""P0DO40"", ""P0DO41"", ""P0DO39"", ""P0DO35"", ""P0DO38"", ""P0DO42""]","[9.256348e-26, 4.0042253e-26, 3.8506916e-27, 5.100518e-28, 3.9304296e-28, 3.6549088e-28, 3.6043442e-28, 3.2692726e-28, 2.9615858000000003e-28, 2.2547237e-28]",0.2
RHEA:19361,RHEA:19361,ok,True,118,118,25,24,39.0,A0A0E3D8M9,0.00025176632,False,False,False,False,"[""A0A8H8CFI5"", ""A0A8H7XQ49"", ""A0A8H7XP09"", ""P9WEV2"", ""A0A8K1AY78"", ""A0A1L9UKS1"", ""A0A2Z6AQX6"", ""A0A0P0ZD79"", ""A0A0P0ZEM1"", ""M2V8C1""]","[0.023769699, 0.022401828, 0.008591223, 0.0042236643, 0.0038248631, 0.0037276698, 0.0031784698, 0.003159575, 0.002971534, 0.002863965]",0.02564102564102564
RHEA:19525,RHEA:19525,ok,False,35,0,8,0,,,,False,False,False,False,[],[],0.0
RHEA:19565,RHEA:19565,ok,False,65,0,2,0,,,,False,False,False,False,[],[],0.0
RHEA:19825,RHEA:19825,ok,False,33,0,5,0,,,,False,False,False,False,[],[],0.0
RHEA:20565,RHEA:20565,ok,False,63,0,4,0,,,,False,False,False,False,[],[],0.0
RHEA:20912,RHEA:20912,ok,False,13,0,3,0,,,,False,False,False,False,[],[],0.0
RHEA:21308,RHEA:21308,ok,False,39,0,12,0,,,,False,False,False,False,[],[],0.0
RHEA:22220,RHEA:22220,ok,True,17,17,19,4,7.0,A5A8G0,0.0,False,False,False,True,"[""A0A1U8QHE3"", ""A0A1Z3GBK8"", ""A0A2K9RFZ2"", ""A0A5P8DI06"", ""A4KAG7"", ""A4KAG8"", ""A5A8G0"", ""B9SIL7"", ""B9SIM2"", ""B9SIM3""]","[0.0, 0.0, 0.0, 0.0, 0.0, 0.0, 0.0, 0.0, 0.0, 0.0]",0.14285714285714285
RHEA:22228,RHEA:22228,ok,True,38,38,5,5,20.0,Q32KR6,1.0991368e-36,False,False,False,False,"[""K7WDL7"", ""B8NHE4"", ""A0A1L9WUW3"", ""F1SWA0"", ""A0A455R7E6"", ""P9WEQ8"", ""Q4WLD5"", ""Q9Y753"", ""V6RPN0"", ""A0SJQ5""]","[4.682736e-26, 1.5053934999999998e-29, 4.9669124e-30, 6.7904373000000015e-31, 6.159808e-32, 2.3430782e-33, 1.15806875e-33, 3.0865623e-34, 1.3487071e-34, 1.3126887e-34]",0.05
RHEA:22232,RHEA:22232,ok,True,37,37,5,5,18.0,Q32KR6,8.577998999999999e-37,False,False,False,False,"[""A0A3G9GNK2"", ""A0A455R4X0"", ""Q4WLD1"", ""A0A455R624"", ""Q9Y753"", ""A0SJQ5"", ""V6RPN0"", ""A0A3G1DJL2"", ""A0A345BJQ0"", ""P53799""]","[3.8364236e-28, 1.4649668999999998e-29, 1.4100371e-31, 5.301747e-32, 1.9858071e-34, 9.83616e-35, 9.475812e-35, 6.822412e-35, 5.017307e-35, 8.12896e-36]",0.05555555555555555
RHEA:22408,RHEA:22408,ok,True,80,80,24,24,34.0,A0A0E3D8M9,0.00029727802,False,False,False,False,"[""A0A8H8CFI5"", ""A0A8H7XQ49"", ""A0A8H7XP09"", ""A0A8K1AY78"", ""A0A1L9UKS1"", ""P9WEV2"", ""A0A0P0ZD79"", ""A0A1L7VFX3"", ""A0A2Z6AQX6"", ""A0A0P0ZEM1""]","[0.015638143, 0.015020771, 0.0055819657, 0.0031999971, 0.0031806536, 0.002448074, 0.002119483, 0.0020780733, 0.0018417467, 0.0018178446]",0.029411764705882353
RHEA:22436,RHEA:22436,ok,False,40,0,2,0,,,,False,False,False,False,[],[],0.0
RHEA:22672,RHEA:22672,ok,False,106,0,5,0,,,,False,False,False,False,[],[],0.0
RHEA:23112,RHEA:23112,ok,False,14,0,1,0,,,,False,False,False,False,[],[],0.0
RHEA:24116,RHEA:24116,ok,True,66,66,10,2,28.0,U5PZT6,1.5352658e-37,False,False,False,False,"[""D5SL78"", ""A0A8H7XMX0"", ""B5GMG2"", ""A0A8H8CFI5"", ""A0A8H7XQ49"", ""A0A8H7XP09"", ""Q54YE2"", ""Q86II4"", ""Q7KWU0"", ""A0A858E4Y8""]","[3.3514805e-26, 3.2738420000000005e-27, 3.176374e-27, 8.240424e-28, 7.9231357e-28, 4.436109e-28, 8.246134e-31, 9.329623e-33, 7.0342074e-33, 5.229374000000001e-33]",0.03571428571428571
RHEA:24316,RHEA:24316,ok,True,63,63,23,1,23.0,A0A348FUE1,0.0,False,False,False,False,"[""A0A075FAK4"", ""A0A0E3D8M9"", ""A0A0E3D8P4"", ""A0A0M4M0T9"", ""A0A0M5L832"", ""A0A0P0ZD79"", ""A0A0U2D9C5"", ""A0A0U5G0B1"", ""A0A140JWS2"", ""A0A169T193""]","[0.0, 0.0, 0.0, 0.0, 0.0, 0.0, 0.0, 0.0, 0.0, 0.0]",0.043478260869565216
RHEA:25282,RHEA:25282,ok,False,10,0,5,0,,,,False,False,False,False,[],[],0.0
RHEA:25436,RHEA:25436,ok,True,69,69,4,1,56.0,U5PZT6,2.1644376e-28,False,False,False,False,"[""B8XA41"", ""A0A0B4G504"", ""F0ZDD0"", ""Q54YE2"", ""Q4QSN4"", ""F0ZL92"", ""A0A385AJN0"", ""Q55E23"", ""B6SCF6"", ""Q9T0K1""]","[7.0558304e-21, 4.153811e-23, 1.2868839e-23, 4.0487888e-24, 3.4634425e-24, 1.7909253000000002e-24, 1.6719123999999999e-25, 1.274323e-25, 8.809317600000001e-26, 8.242381999999999e-26]",0.017857142857142856
RHEA:25440,RHEA:25440,ok,True,25,25,1,1,23.0,A0A1V0QSF6,2.794866e-19,False,False,False,False,"[""Q8NJA1"", ""Q8NIG9"", ""Q8NIH0"", ""Q00909"", ""Q8NID7"", ""Q7LJR6"", ""O13489"", ""Q8NIC1"", ""O59947"", ""Q7LJF8""]","[2.963391e-15, 2.8103418e-15, 2.6834478e-15, 2.5033675e-15, 2.3990127e-15, 2.3727915e-15, 2.1098653e-15, 1.6717998e-15, 1.6342191e-15, 1.529881e-15]",0.043478260869565216
RHEA:25444,RHEA:25444,ok,True,80,80,4,1,39.0,G8H5M7,0.0,False,False,False,False,"[""D5SL78"", ""Q9K498"", ""A0A0B4G504"", ""A0A0D4D912"", ""A0A140KFG9"", ""A0A385AJN0"", ""A0A455R413"", ""A0A4Y5QVX6"", ""A0A4Y5QWA6"", ""A0A4Y5QZ62""]","[2.5451598e-36, 1.0991943999999999e-38, 0.0, 0.0, 0.0, 0.0, 0.0, 0.0, 0.0, 0.0]",0.02564102564102564
RHEA:25448,RHEA:25448,ok,False,26,0,1,0,,,,False,False,False,False,[],[],0.0
RHEA:25452,RHEA:25452,ok,False,71,0,4,0,,,,False,False,False,False,[],[],0.0
RHEA:25456,RHEA:25456,ok,True,115,115,1,1,81.0,O64405,0.0,False,False,False,False,"[""D5SL78"", ""Q9K498"", ""A0A8H7XMX0"", ""A0A8H7XP09"", ""B1W019"", ""E4MYY0"", ""O13489"", ""A0A5S9I252"", ""K0K750"", ""O59947""]","[1.6020098e-32, 2.8750174e-34, 7.282394e-35, 4.3003796e-35, 1.978253e-35, 1.4114549e-35, 1.0638949e-35, 6.5405305e-36, 5.9212414e-36, 4.909968e-36]",0.012345679012345678
RHEA:25460,RHEA:25460,ok,True,29,29,1,1,27.0,O64405,2.867773e-37,False,False,False,False,"[""O13489"", ""O59947"", ""Q8NJA1"", ""Q8NIH0"", ""Q8NIH6"", ""Q8NIG9"", ""Q8NIH3"", ""Q8NIC1"", ""Q6A1B7"", ""Q8NID7""]","[4.8992753e-32, 3.7159857e-32, 3.3750644e-32, 2.6681853e-32, 2.6556345e-32, 2.4435001e-32, 2.267796e-32, 2.062742e-32, 1.9965191e-32, 1.9432889e-32]",0.037037037037037035
RHEA:25464,RHEA:25464,ok,True,16,16,3,1,13.0,O64405,4.6480922000000005e-38,False,False,False,False,"[""A0A8H8CMW1"", ""S0ECT9"", ""I1S104"", ""A0A1V0QSG6"", ""A8NU13"", ""A0A0U5GNT1"", ""Q4KSH9"", ""Q54YE2"", ""Q54YE1"", ""Q40577""]","[2.3159397e-33, 9.298104e-34, 5.8492273e-34, 1.0447909e-35, 9.43458e-36, 2.3089232e-36, 2.1692976e-36, 1.1420236e-36, 4.654145e-37, 2.2624244e-37]",0.07692307692307693
RHEA:25468,RHEA:25468,ok,False,22,0,1,0,,,,False,False,False,False,[],[],0.0
RHEA:25472,RHEA:25472,ok,True,58,58,1,1,47.0,O64405,0.0,False,False,False,False,"[""D9XD61"", ""M4VQY9"", ""A0A5S9I252"", ""D9XDR8"", ""B1W019"", ""K0K750"", ""A0A8H7XP09"", ""A0A5Q0QU70"", ""B8XA41"", ""A0A343W969""]","[4.702322e-32, 4.5375538e-34, 8.395836e-36, 8.0141135e-36, 7.7583065e-36, 4.0681467e-36, 2.735291e-36, 1.6307021e-36, 1.2625531499999998e-36, 3.77163e-37]",0.02127659574468085
RHEA:25476,RHEA:25476,ok,True,59,59,1,1,49.0,O64405,0.0,False,False,False,False,"[""O13489"", ""O59947"", ""M4VQY9"", ""B1W019"", ""Q6A1B7"", ""A0A8H7XP09"", ""Q8NID7"", ""Q8NIH6"", ""Q8NJA1"", ""Q8NIH3""]","[3.4822047e-37, 2.5166486e-37, 1.1634417999999998e-37, 6.491753999999999e-38, 6.131328e-38, 5.7286466e-38, 4.954403e-38, 4.3809607e-38, 4.3785877e-38, 4.3562297000000005e-38]",0.02040816326530612
RHEA:25484,RHEA:25484,ok,True,97,97,3,2,42.0,R9QMY8,7.837319e-34,False,False,False,False,"[""A0A8H7XQ49"", ""A0A8H8CFI5"", ""A0A8H7XP09"", ""Q54YE2"", ""G8H5N1"", ""G8H5M9"", ""P9WEY7"", ""Q86II4"", ""Q7KWU0"", ""G8H5M8""]","[8.2706296e-27, 8.039994000000001e-27, 3.6458455e-27, 1.1519165e-28, 2.8391352e-29, 1.8771552e-29, 8.72186e-30, 2.573048e-30, 1.0774369e-30, 8.697966e-31]",0.023809523809523808
RHEA:25488,RHEA:25488,ok,True,94,94,15,13,15.0,Q9M7C9,6.692979e-36,False,False,False,False,"[""B5GMG2"", ""A0A8H7XQ49"", ""A0A8H8CFI5"", ""G8H5N1"", ""Q54YE2"", ""G8H5M9"", ""G8H5M7"", ""G8H5M8"", ""D5KXD2"", ""O64961""]","[2.497455e-29, 1.3830132e-30, 1.1894879e-30, 5.2919444e-33, 3.5569386e-33, 2.5788122e-33, 4.732875e-34, 3.8842562e-34, 1.2991386e-34, 1.2050228e-34]",0.06666666666666667
RHEA:25492,RHEA:25492,ok,False,103,0,9,0,,,,False,False,False,False,[],[],0.0
RHEA:25496,RHEA:25496,ok,True,87,87,13,12,22.0,O24475,4.4358495e-38,False,False,False,False,"[""B5GMG2"", ""A0A8H8CFI5"", ""A0A8H7XQ49"", ""G8H5N1"", ""G8H5M9"", ""C1K5M3"", ""O23945"", ""G8H5M7"", ""G8H5M8"", ""O64961""]","[3.0009084000000002e-30, 2.8639960000000006e-33, 2.3051338e-33, 4.6561226e-34, 1.984005e-34, 3.549101e-35, 3.0341323e-35, 2.663188e-35, 2.0386682e-35, 6.519754e-36]",0.045454545454545456
RHEA:25500,RHEA:25500,ok,True,111,111,20,16,4.0,G8H5N1,1.9550778e-36,False,False,True,True,"[""A0A8H7XQ49"", ""A0A8H8CFI5"", ""A0A8H7XP09"", ""G8H5N1"", ""G8H5M9"", ""O23945"", ""G8H5M8"", ""G8H5M7"", ""Q54YE2"", ""D5KXD2""]","[1.460153e-35, 1.1615008e-35, 9.4749035e-36, 1.9550778e-36, 8.391765e-37, 9.604297e-38, 7.2439536e-38, 6.522285e-38, 3.5827082e-38, 2.2489568e-38]",0.25
RHEA:25504,RHEA:25504,ok,True,96,96,4,4,58.0,A0A1V0QSH2,0.0,False,False,False,False,"[""A0A8H7XP09"", ""A0A8H8CFI5"", ""A0A8H7XQ49"", ""G8H5N1"", ""P9WEY7"", ""G8H5M9"", ""Q54YE2"", ""O23945"", ""G8H5M7"", ""G8H5M8""]","[6.899131000000001e-32, 6.812877e-32, 6.78021e-32, 6.2280386e-34, 3.569728e-34, 3.1276906e-34, 1.5998464e-34, 5.3476234e-35, 4.7439172e-35, 4.2784866e-35]",0.017241379310344827
RHEA:25508,RHEA:25508,ok,True,90,90,1,1,83.0,R9QMZ0,0.0,False,False,False,False,"[""A0A8H7XP09"", ""A0A8H7XQ49"", ""A0A8H8CFI5"", ""C1K5M3"", ""G8H5N1"", ""G8H5M9"", ""O23945"", ""G8H5M7"", ""G8H5M8"", ""P9WEY7""]","[4.0124337e-35, 2.3058349e-35, 1.751579e-35, 1.17939564e-35, 2.8673915e-36, 1.1615931e-36, 3.2283852e-37, 3.0884535e-37, 2.766825e-37, 2.5588362e-37]",0.012048192771084338
RHEA:25524,RHEA:25524,ok,False,63,0,4,0,,,,False,False,False,False,[],[],0.0
RHEA:25532,RHEA:25532,ok,False,32,0,2,0,,,,False,False,False,False,[],[],0.0
RHEA:25536,RHEA:25536,ok,True,32,32,3,3,12.0,A5A8G0,0.0,False,False,False,False,"[""A0A075FBT3"", ""A0A0U4CDK4"", ""A0A1Z3GBK8"", ""A0A1Z3GC64"", ""A0A2K9RFY0"", ""A0A2K9RFZ2"", ""A0A2K9RFZ9"", ""A0A3G1QTS7"", ""A0A5P8DI06"", ""A4KAG7""]","[0.0, 0.0, 0.0, 0.0, 0.0, 0.0, 0.0, 0.0, 0.0, 0.0]",0.08333333333333333
RHEA:25540,RHEA:25540,ok,False,32,0,2,0,,,,False,False,False,False,[],[],0.0
RHEA:25544,RHEA:25544,ok,False,33,0,1,0,,,,False,False,False,False,[],[],0.0
RHEA:25548,RHEA:25548,ok,True,45,44,8,6,19.0,F2XFB2,0.0,False,False,False,False,"[""A0A075FBG7"", ""A0A075FBT3"", ""A0A0H5BN57"", ""A0A0H5BN61"", ""A0A0U4CDK4"", ""A0A1W6QDI7"", ""A0A1X9ISH5"", ""A0A1Z3GC64"", ""A0A1Z3GCD1"", ""A0A2K9RFY0""]","[0.0, 0.0, 0.0, 0.0, 0.0, 0.0, 0.0, 0.0, 0.0, 0.0]",0.05263157894736842
RHEA:25552,RHEA:25552,ok,False,30,0,1,0,,,,False,False,False,False,[],[],0.0
RHEA:25556,RHEA:25556,ok,False,30,0,1,0,,,,False,False,False,False,[],[],0.0
RHEA:25560,RHEA:25560,ok,False,31,0,2,0,,,,False,False,False,False,[],[],0.0
RHEA:25613,RHEA:25613,ok,False,104,0,1,0,,,,False,False,False,False,[],[],0.0
RHEA:25617,RHEA:25617,ok,False,61,0,1,0,,,,False,False,False,False,[],[],0.0
RHEA:25621,RHEA:25621,ok,False,72,0,1,0,,,,False,False,False,False,[],[],0.0
RHEA:25641,RHEA:25641,ok,False,36,0,1,0,,,,False,False,False,False,[],[],0.0
RHEA:25645,RHEA:25645,ok,False,36,0,1,0,,,,False,False,False,False,[],[],0.0
RHEA:25649,RHEA:25649,ok,False,36,0,1,0,,,,False,False,False,False,[],[],0.0
RHEA:25662,RHEA:25662,ok,True,94,94,12,8,56.0,A0A6P6W6H5,5.969042e-38,False,False,False,False,"[""B5GMG2"", ""A0A8H7XQ49"", ""A0A8H8CFI5"", ""Q54YE2"", ""G8H5N1"", ""G8H5M9"", ""G8H5M7"", ""Q86II4"", ""G8H5M8"", ""O64961""]","[8.620486500000001e-28, 4.2918073e-28, 1.6801576e-28, 1.1046249e-31, 5.2428594e-32, 2.5535478000000004e-32, 5.178554e-33, 2.3973074e-33, 2.1355305e-33, 1.3332543e-33]",0.017857142857142856
RHEA:25666,RHEA:25666,ok,True,87,87,4,4,47.0,A0A6P6W6H5,8.431932e-39,False,False,False,False,"[""B5GMG2"", ""A0A8H7XQ49"", ""A0A8H8CFI5"", ""G8H5N1"", ""G8H5M9"", ""O23945"", ""G8H5M7"", ""G8H5M8"", ""C1K5M3"", ""O64961""]","[6.579667e-29, 1.2843824e-31, 1.2338975e-31, 2.1242368e-33, 1.0367089e-33, 3.021648e-34, 1.3256718e-34, 9.071456e-35, 3.5493177e-35, 3.131593e-35]",0.02127659574468085
RHEA:25694,RHEA:25694,ok,True,66,66,13,13,3.0,A0A2Z6AQX6,0.0032683113,False,True,True,True,"[""Q0CRW6"", ""P9WEV2"", ""A0A2Z6AQX6"", ""A0A1L9UKS1"", ""A0A8K1AY78"", ""A0A0P0ZEM1"", ""A0A0P0ZD79"", ""P9WEV6"", ""P9WER5"", ""M2U578""]","[0.0034595698, 0.0034564836, 0.0032683113, 0.0028681608, 0.0028445676, 0.002628268, 0.0025106608, 0.0018306429, 0.0016689777, 0.0016626582]",0.3333333333333333
RHEA:25759,RHEA:25759,ok,True,30,30,3,1,21.0,A5A8G0,6.810710399999998e-35,False,False,False,False,"[""Q5KSN4"", ""B9SIL7"", ""B9SIM2"", ""B9SIM3"", ""Q39548"", ""A0A1Z3GC64"", ""A0A075FBT3"", ""A0A2K9RFY0"", ""A0A3G1QTS7"", ""Q2QQJ5""]","[3.0951254000000004e-32, 1.5961782e-32, 1.0415017e-32, 2.0420484e-33, 9.5869655e-34, 6.305636e-34, 5.1966984e-34, 4.5750268e-34, 4.137957e-34, 2.5166237e-34]",0.047619047619047616
RHEA:25976,RHEA:25976,ok,True,6,6,1,1,5.0,Q9K498,2.2171176e-10,False,False,True,True,"[""P00183"", ""A0A455R4X0"", ""A0A3G9GNK2"", ""A0A455R624"", ""Q9K498"", ""Q82IY3""]","[0.0016347669, 2.0499337e-08, 8.0886386e-10, 6.9332556e-10, 2.2171176e-10, 8.000283e-12]",0.2
RHEA:25980,RHEA:25980,ok,True,6,6,1,1,6.0,Q9K498,0.0,False,False,False,True,"[""P00183"", ""A0A455R4X0"", ""A0A3G9GNK2"", ""A0A455R624"", ""Q82IY3"", ""Q9K498""]","[2.7504743e-35, 6.473256e-38, 0.0, 0.0, 0.0, 0.0]",0.16666666666666666
RHEA:25984,RHEA:25984,ok,True,6,6,1,1,5.0,Q9K498,2.2171262e-10,False,False,True,True,"[""P00183"", ""A0A455R4X0"", ""A0A3G9GNK2"", ""A0A455R624"", ""Q9K498"", ""Q82IY3""]","[0.001634756, 2.0499181e-08, 8.088747e-10, 6.9333084e-10, 2.2171262e-10, 8.000283e-12]",0.2
RHEA:25988,RHEA:25988,ok,True,6,6,1,1,6.0,Q9K498,0.0,False,False,False,True,"[""P00183"", ""A0A455R4X0"", ""A0A3G9GNK2"", ""A0A455R624"", ""Q82IY3"", ""Q9K498""]","[2.7504743e-35, 6.473306e-38, 0.0, 0.0, 0.0, 0.0]",0.16666666666666666
RHEA:25992,RHEA:25992,ok,False,39,0,1,0,,,,False,False,False,False,[],[],0.0
RHEA:26081,RHEA:26081,ok,True,80,80,3,1,5.0,G5CV54,1.8439466e-37,False,False,True,True,"[""D5SL78"", ""Q9K498"", ""A0A8H7XMX0"", ""A0A8H7XP09"", ""G5CV54"", ""G8H5N1"", ""A0A386JV86"", ""G8H5M9"", ""Q54YE2"", ""P85964""]","[1.4522727e-32, 2.7295817e-34, 2.4003351e-34, 1.300075e-35, 1.8439466e-37, 1.1154106e-37, 6.211274999999999e-38, 5.445541700000001e-38, 2.9667268e-38, 2.3878185000000004e-38]",0.2
RHEA:26115,RHEA:26115,ok,False,22,0,1,0,,,,False,False,False,False,[],[],0.0
RHEA:26128,RHEA:26128,ok,False,43,0,4,0,,,,False,False,False,False,[],[],0.0
RHEA:26160,RHEA:26160,ok,False,28,0,1,0,,,,False,False,False,False,[],[],0.0
RHEA:26213,RHEA:26213,ok,False,46,0,1,0,,,,False,False,False,False,[],[],0.0
RHEA:26245,RHEA:26245,ok,False,12,0,2,0,,,,False,False,False,False,[],[],0.0
RHEA:26430,RHEA:26430,ok,False,35,0,1,0,,,,False,False,False,False,[],[],0.0
RHEA:27421,RHEA:27421,ok,True,61,61,13,3,3.0,A0A385AJN0,0.0,False,True,True,True,"[""A0A0B4G504"", ""A0A1L6Z3A5"", ""A0A385AJN0"", ""A0A386JV86"", ""A0A4Y5L9K3"", ""A0A4Y5QWA6"", ""A0A4Y5QZ62"", ""A0A6P6W6H5"", ""A0A858E4Y6"", ""A0A858E7J4""]","[0.0, 0.0, 0.0, 0.0, 0.0, 0.0, 0.0, 0.0, 0.0, 0.0]",0.3333333333333333
RHEA:27425,RHEA:27425,ok,True,89,89,26,13,5.0,G8H5N1,1.2216348e-33,False,False,True,True,"[""D5SL78"", ""A0A8H7XMX0"", ""A0A8H8CMW1"", ""G5CV54"", ""G8H5N1"", ""G8H5M9"", ""B6SCF6"", ""A0A4Y5L9K3"", ""B6HV35"", ""A8NE23""]","[5.5183604e-29, 6.7792048e-31, 2.1987352e-33, 2.088561e-33, 1.2216348e-33, 5.8654939999999994e-34, 1.8066227e-34, 1.640487e-34, 1.5958966e-34, 8.442184e-35]",0.2
RHEA:27526,RHEA:27526,ok,True,37,37,1,1,37.0,Q84ZW8,0.0,False,False,False,False,"[""D5SL78"", ""D9XD61"", ""A0A8H7XMX0"", ""A0A343W969"", ""E4MYY0"", ""E8W6C7"", ""S0EGZ9"", ""Q9X839"", ""D8RNZ9"", ""A0A348AUW1""]","[4.3620763e-26, 8.646542e-27, 2.2580816e-27, 2.748638e-28, 7.405285e-29, 5.845715e-30, 1.3634426e-30, 2.929221e-32, 1.2252524e-32, 1.0499667e-32]",0.02702702702702703
RHEA:27530,RHEA:27530,ok,False,27,0,5,0,,,,False,False,False,False,[],[],0.0
RHEA:27534,RHEA:27534,ok,True,27,27,2,1,26.0,Q84ZW8,0.0,False,False,False,False,"[""D9XD61"", ""E4MYY0"", ""B5GW45"", ""E8W6C7"", ""A0A343W969"", ""A0A8H8CMW1"", ""Q9X839"", ""S0EGZ9"", ""A0A348AUW1"", ""A0A348AUV9""]","[1.3129518e-30, 3.1924112e-33, 1.1931718e-33, 1.6377107e-34, 1.1800488e-34, 1.3289977999999998e-35, 5.582005e-36, 3.5397023e-36, 3.4796703e-36, 2.352416e-36]",0.038461538461538464
RHEA:27830,RHEA:27830,ok,False,96,0,1,0,,,,False,False,False,False,[],[],0.0
RHEA:27954,RHEA:27954,ok,False,19,0,1,0,,,,False,False,False,False,[],[],0.0
RHEA:28266,RHEA:28266,ok,True,79,79,8,5,24.0,Q4KSH9,1.3543815999999998e-37,False,False,False,False,"[""D5SL78"", ""Q9K498"", ""A0A8H7XMX0"", ""A0A8H7XP09"", ""G5CV54"", ""A0A386JV86"", ""G8H5N1"", ""G8H5M9"", ""P85964"", ""Q54YE2""]","[6.1908355e-31, 2.0350583e-32, 2.7069056e-33, 2.704272e-34, 7.529054499999998e-35, 5.08013e-35, 4.7249176e-35, 1.9201845e-35, 1.6537247e-35, 1.3873266e-35]",0.041666666666666664
RHEA:28282,RHEA:28282,ok,True,71,71,2,2,2.0,Q5GJ60,0.0492145,False,True,True,True,"[""Q6JD73"", ""Q5GJ60"", ""Q6JD70"", ""Q1EG72"", ""G8H5N1"", ""G5CV54"", ""Q2NM15"", ""G8H5M9"", ""O22340"", ""R9QMR5""]","[0.060688533, 0.0492145, 0.046299145, 0.036570475, 0.020710465, 0.019977145, 0.018628474, 0.018104052, 0.017901173, 0.014024275]",0.5
RHEA:28290,RHEA:28290,ok,False,10,0,3,0,,,,False,False,False,False,[],[],0.0
RHEA:28294,RHEA:28294,ok,True,59,59,21,3,4.0,A0A142BX70,0.0,False,False,True,True,"[""A0A0A2JP58"", ""A0A0D4D912"", ""A0A140KFG9"", ""A0A142BX70"", ""A0A1V0QSF3"", ""A0A1V0QSG6"", ""A0A1W6GW06"", ""A0A1W6GW18"", ""A0A1W6GW32"", ""A0A2R4QKX7""]","[0.0, 0.0, 0.0, 0.0, 0.0, 0.0, 0.0, 0.0, 0.0, 0.0]",0.25
RHEA:28298,RHEA:28298,ok,True,80,80,4,3,5.0,G5CV54,4.6730885e-38,False,False,True,True,"[""D5SL78"", ""Q9K498"", ""A0A8H7XMX0"", ""A0A8H7XP09"", ""G5CV54"", ""G8H5N1"", ""A0A386JV86"", ""G8H5M9"", ""Q54YE2"", ""A0A0B4G504""]","[2.1090088e-33, 6.878649e-35, 5.7050998e-36, 3.7176352e-37, 4.6730885e-38, 3.0552314e-38, 1.4102526e-38, 1.3432003e-38, 3.76944e-39, 0.0]",0.2
RHEA:28302,RHEA:28302,ok,True,76,76,2,1,37.0,J9RLZ7,2.9060045e-32,False,False,False,False,"[""A0A8H7XP09"", ""A0A4Y5L9K3"", ""G8H5N1"", ""G5CV54"", ""E4MYY0"", ""B6SCF6"", ""G8H5M9"", ""G8H5M7"", ""A0A142BX70"", ""E8W6C7""]","[1.5760816e-28, 4.6318823e-29, 2.9613923e-29, 2.582716e-29, 2.0432055e-29, 1.1521313e-29, 1.0817493e-29, 8.624655e-30, 6.672605e-30, 5.728495e-30]",0.02702702702702703
RHEA:28635,RHEA:28635,ok,False,33,0,6,0,,,,False,False,False,False,[],[],0.0
RHEA:28639,RHEA:28639,ok,False,46,0,1,0,,,,False,False,False,False,[],[],0.0
RHEA:28643,RHEA:28643,ok,True,43,43,4,2,17.0,Q2NM15,2.1284039e-35,False,False,False,False,"[""A0A386JV86"", ""E3W204"", ""E3W203"", ""E3W202"", ""B8XA41"", ""A0A343W969"", ""Q84KL5"", ""A0A858E4Y8"", ""B9RXW0"", ""A0A1L6Z3A5""]","[5.4175866e-32, 1.5921579e-33, 1.2787394e-33, 9.099083e-34, 7.126385e-34, 6.3957063e-34, 3.71757e-34, 8.3870374e-35, 8.265202e-35, 7.935176299999998e-35]",0.058823529411764705
RHEA:29483,RHEA:29483,ok,False,32,0,2,0,,,,False,False,False,False,[],[],0.0
RHEA:29487,RHEA:29487,ok,False,38,0,1,0,,,,False,False,False,False,[],[],0.0
RHEA:29491,RHEA:29491,ok,False,24,0,1,0,,,,False,False,False,False,[],[],0.0
RHEA:29495,RHEA:29495,ok,True,20,20,1,1,14.0,B1B1U4,0.0,False,False,False,False,"[""A0A0U5GNT1"", ""A0A167V661"", ""A0A1D6EFT8"", ""A0A1L2D3T3"", ""A0A1V0QSF3"", ""A0A1V0QSF6"", ""A0A348AUV5"", ""A0A348AUV6"", ""A0A348AUV7"", ""A0A348AUV9""]","[0.0, 0.0, 0.0, 0.0, 0.0, 0.0, 0.0, 0.0, 0.0, 0.0]",0.07142857142857142
RHEA:29499,RHEA:29499,ok,True,35,35,1,1,19.0,Q4KSH9,0.0,False,False,False,False,"[""A0A0U5GNT1"", ""A0A151ZEA6"", ""A0A385AJM2"", ""A0A385AJM4"", ""B1B1U4"", ""D9XD61"", ""F0ZLU4"", ""F4Q7D4"", ""G8H5N1"", ""I1S104""]","[0.0, 0.0, 0.0, 0.0, 0.0, 0.0, 0.0, 0.0, 0.0, 0.0]",0.05263157894736842
RHEA:29503,RHEA:29503,ok,False,22,0,1,0,,,,False,False,False,False,[],[],0.0
RHEA:29507,RHEA:29507,ok,True,17,17,1,1,4.0,A0A1L5YKS7,0.0,False,False,True,True,"[""A0A0C3FBR2"", ""A0A0C9VD04"", ""A0A142BX74"", ""A0A1L5YKS7"", ""A0A1V0QSG6"", ""A0A5Q0QNJ2"", ""A0A5Q0QSI8"", ""A0A5S9I252"", ""B5H7H3"", ""E2E2N7""]","[0.0, 0.0, 0.0, 0.0, 0.0, 0.0, 0.0, 0.0, 0.0, 0.0]",0.25
RHEA:29511,RHEA:29511,ok,True,34,34,7,2,20.0,A0A385AJM6,0.0,False,False,False,False,"[""M4VQY9"", ""B8XA41"", ""G8H5N1"", ""A0A348AUW1"", ""G8H5M9"", ""A0A348AUV9"", ""A0A348AUV7"", ""A0A167V661"", ""A0A348AUV6"", ""A0A348AUW0""]","[2.8102612e-34, 1.395744e-37, 6.650774e-38, 5.5853644e-38, 3.9397013e-38, 3.9111602e-38, 3.1139219999999995e-38, 3.0451087e-38, 2.9400932000000003e-38, 2.64382e-38]",0.05
RHEA:30371,RHEA:30371,ok,False,12,0,1,0,,,,False,False,False,False,[],[],0.0
RHEA:30375,RHEA:30375,ok,True,30,30,2,2,6.0,G8H5N1,0.0,False,False,False,True,"[""A0A0U5GNT1"", ""A0A1D6EFT8"", ""A0A3L6G2C1"", ""B1B1U4"", ""D9XD61"", ""G8H5N1"", ""I6R4V5"", ""O13489"", ""O59947"", ""P13513""]","[0.0, 0.0, 0.0, 0.0, 0.0, 0.0, 0.0, 0.0, 0.0, 0.0]",0.16666666666666666
RHEA:30379,RHEA:30379,ok,True,26,26,1,1,21.0,Q4KSH9,2.1546832e-36,False,False,False,False,"[""O13489"", ""O59947"", ""Q6A1B7"", ""Q8NIH6"", ""Q8NIH3"", ""Q8NJA1"", ""Q8NIH0"", ""Q8NIG9"", ""Q8NIC1"", ""Q8NID7""]","[6.9733234e-32, 2.4730958e-32, 1.3977884e-32, 7.213997e-33, 6.2453376e-33, 6.209846e-33, 4.584096e-33, 4.180942e-33, 4.180432000000001e-33, 3.8313244e-33]",0.047619047619047616
RHEA:30383,RHEA:30383,ok,True,43,43,2,2,13.0,Q6Q3H2,2.0184384e-37,False,False,False,False,"[""B8XA41"", ""B8NHE0"", ""D9XD61"", ""A0A8H7XP09"", ""M4VQY9"", ""G8H5N1"", ""J7LQ09"", ""G8H5M9"", ""I7H727"", ""G5CV52""]","[1.1658684e-28, 4.3863248e-32, 8.82422e-33, 4.631358e-34, 1.3886715e-35, 6.837024e-36, 3.7763685e-36, 2.1048663e-36, 6.249662e-37, 6.003916399999999e-37]",0.07692307692307693
RHEA:30423,RHEA:30423,ok,False,25,0,2,0,,,,False,False,False,False,[],[],0.0
RHEA:30427,RHEA:30427,ok,True,86,86,4,2,63.0,Q29VN3,0.0,False,False,False,False,"[""A0A0A2JP58"", ""A0A0B4G504"", ""A0A0D4D912"", ""A0A142BX70"", ""A0A1V0E492"", ""A0A348B779"", ""A0A348B780"", ""A0A348B782"", ""A0A385AJN0"", ""A0A3L6G998""]","[0.0, 0.0, 0.0, 0.0, 0.0, 0.0, 0.0, 0.0, 0.0, 0.0]",0.015873015873015872
RHEA:30431,RHEA:30431,ok,False,13,0,2,0,,,,False,False,False,False,[],[],0.0
RHEA:30451,RHEA:30451,ok,False,41,0,1,0,,,,False,False,False,False,[],[],0.0
RHEA:30463,RHEA:30463,ok,True,26,26,1,1,7.0,B8XA41,0.0,False,False,False,True,"[""A0A151ZEA6"", ""A0A385AJM2"", ""A0A385AJM4"", ""A0A385AJM6"", ""A0A7G5KLV2"", ""B1B1U4"", ""B8XA41"", ""D9XD61"", ""E3W202"", ""E3W203""]","[0.0, 0.0, 0.0, 0.0, 0.0, 0.0, 0.0, 0.0, 0.0, 0.0]",0.14285714285714285
RHEA:30467,RHEA:30467,ok,True,25,25,1,1,5.0,B8XA41,0.0,False,False,True,True,"[""A0A385AJM6"", ""A0A7G5KLV2"", ""B1B1U4"", ""B8NHE0"", ""B8XA41"", ""D2YZP9"", ""D9XD61"", ""E3W202"", ""E3W203"", ""E3W204""]","[0.0, 0.0, 0.0, 0.0, 0.0, 0.0, 0.0, 0.0, 0.0, 0.0]",0.2
RHEA:30471,RHEA:30471,ok,True,34,34,4,2,6.0,B8XA41,8.7046065e-38,False,False,False,True,"[""D5SL78"", ""D9XD61"", ""A0A8H7XMX0"", ""M4VQY9"", ""Q4KSH9"", ""B8XA41"", ""Q6Q3H2"", ""A0A385AJM6"", ""E3W204"", ""E3W202""]","[6.0790657e-31, 1.3232841e-31, 4.9235360000000004e-33, 7.8575817e-35, 9.2970923e-38, 8.7046065e-38, 5.317813300000001e-38, 3.18818e-38, 1.1868543e-38, 5.51282e-39]",0.16666666666666666
RHEA:30675,RHEA:30675,ok,False,26,0,1,0,,,,False,False,False,False,[],[],0.0
RHEA:30855,RHEA:30855,ok,False,22,0,1,0,,,,False,False,False,False,[],[],0.0
RHEA:30947,RHEA:30947,ok,False,19,0,1,0,,,,False,False,False,False,[],[],0.0
RHEA:30951,RHEA:30951,ok,True,21,21,1,1,15.0,B1B1U4,0.0,False,False,False,False,"[""A0A0U5GNT1"", ""A0A140KFG9"", ""A0A167V661"", ""A0A1D6EFT8"", ""A0A1V0QSF3"", ""A0A1V0QSF6"", ""A0A348AUV5"", ""A0A348AUV6"", ""A0A348AUV7"", ""A0A348AUV9""]","[0.0, 0.0, 0.0, 0.0, 0.0, 0.0, 0.0, 0.0, 0.0, 0.0]",0.06666666666666667
RHEA:30987,RHEA:30987,ok,False,40,0,4,0,,,,False,False,False,False,[],[],0.0
RHEA:30999,RHEA:30999,ok,False,42,0,2,0,,,,False,False,False,False,[],[],0.0
RHEA:31003,RHEA:31003,ok,True,33,33,2,2,7.0,A8C980,0.0,False,False,False,True,"[""A0A067DDU9"", ""A0A067FI21"", ""A0A0S2IHL6"", ""A0A0U2U4F3"", ""A0AAW1L0L7"", ""A1CVK0"", ""A8C980"", ""A8C981"", ""A8CDT2"", ""A8CDT3""]","[0.0, 0.0, 0.0, 0.0, 0.0, 0.0, 0.0, 0.0, 0.0, 0.0]",0.14285714285714285
RHEA:31007,RHEA:31007,ok,True,21,21,18,6,3.0,A8C980,0.0,False,True,True,True,"[""A0A067DDU9"", ""A1CVK0"", ""A8C980"", ""A8C981"", ""A8CDT3"", ""B0Y5B4"", ""E2IUA7"", ""E2IUA9"", ""E4V6I8"", ""E7DN64""]","[0.0, 0.0, 0.0, 0.0, 0.0, 0.0, 0.0, 0.0, 0.0, 0.0]",0.3333333333333333
RHEA:31011,RHEA:31011,ok,False,33,0,1,0,,,,False,False,False,False,[],[],0.0
RHEA:31023,RHEA:31023,ok,False,53,0,1,0,,,,False,False,False,False,[],[],0.0
RHEA:31035,RHEA:31035,ok,False,22,0,1,0,,,,False,False,False,False,[],[],0.0
RHEA:31351,RHEA:31351,ok,True,29,29,1,1,28.0,Q9C5M3,0.0,False,False,False,False,"[""A0A067DDU9"", ""A0A348DU52"", ""A1DN30"", ""A8C980"", ""A8C981"", ""A8CDT3"", ""B6K412"", ""E2IUA9"", ""I1RQ76"", ""O48651""]","[0.0, 0.0, 0.0, 0.0, 0.0, 0.0, 0.0, 0.0, 0.0, 0.0]",0.03571428571428571
RHEA:31383,RHEA:31383,ok,True,37,35,11,4,6.0,A8C980,0.0,False,False,False,True,"[""A0A067FI21"", ""A0A0S2IHL6"", ""A0A0U2U4F3"", ""A0AAW1L0L7"", ""A1CVK0"", ""A8C980"", ""A8C981"", ""A8CDT2"", ""B0Y5B4"", ""B6EXY6""]","[0.0, 0.0, 0.0, 0.0, 0.0, 0.0, 0.0, 0.0, 0.0, 0.0]",0.16666666666666666
RHEA:31387,RHEA:31387,ok,True,37,37,3,3,20.0,E7DN64,0.0,False,False,False,False,"[""A0A067DDU9"", ""A0A067ECN5"", ""A0A067FI21"", ""A0A0S2IHL6"", ""A0A0U2U4F3"", ""A0A5B8NBE6"", ""A0A5B8NBN0"", ""A0AAW1L0L7"", ""A1CVK0"", ""A8C980""]","[0.0, 0.0, 0.0, 0.0, 0.0, 0.0, 0.0, 0.0, 0.0, 0.0]",0.05
RHEA:31415,RHEA:31415,ok,True,24,23,1,1,14.0,Q40577,0.0,False,False,False,False,"[""A0A291SJC7"", ""A0A348B788"", ""A0A5S9I252"", ""A0A8H8CMW1"", ""A8NU13"", ""B8NHE0"", ""E3VWJ0"", ""F2XFA0"", ""G2P5T1"", ""G8H5M9""]","[0.0, 0.0, 0.0, 0.0, 0.0, 0.0, 0.0, 0.0, 0.0, 0.0]",0.07142857142857142
RHEA:31419,RHEA:31419,ok,False,30,0,3,0,,,,False,False,False,False,[],[],0.0
RHEA:31423,RHEA:31423,ok,True,15,15,1,1,7.0,Q40577,0.0,False,False,False,True,"[""A0A348B788"", ""A0A516F405"", ""B8NHE0"", ""E3VWJ0"", ""G8H5M9"", ""G8H5N1"", ""Q40577"", ""Q4KSH9"", ""Q55012"", ""Q6JD70""]","[0.0, 0.0, 0.0, 0.0, 0.0, 0.0, 0.0, 0.0, 0.0, 0.0]",0.14285714285714285
RHEA:31427,RHEA:31427,ok,True,34,34,11,5,9.0,E3W204,1.1868543e-38,False,False,False,True,"[""D5SL78"", ""D9XD61"", ""A0A8H7XMX0"", ""M4VQY9"", ""Q4KSH9"", ""B8XA41"", ""Q6Q3H2"", ""A0A385AJM6"", ""E3W204"", ""E3W202""]","[6.0790657e-31, 1.3232841e-31, 4.9236106e-33, 7.857642e-35, 9.2970923e-38, 8.7045404e-38, 5.317853700000001e-38, 3.18818e-38, 1.1868543e-38, 5.51282e-39]",0.1111111111111111
RHEA:31431,RHEA:31431,ok,True,42,42,3,3,7.0,E3W204,4.872793400000001e-38,False,False,False,True,"[""J7LH11"", ""G8H5N1"", ""A0A8H8CMW1"", ""G8H5M9"", ""I7H727"", ""Q2XSC4"", ""E3W204"", ""G5CV52"", ""G8H5N0"", ""Q6Q3H2""]","[6.9751943e-37, 4.292312e-37, 2.434683e-37, 1.0695746e-37, 8.440592400000001e-38, 8.070307999999999e-38, 4.872793400000001e-38, 4.4393023e-38, 1.5324856e-38, 7.293722000000001e-39]",0.14285714285714285
RHEA:31435,RHEA:31435,ok,True,26,26,3,3,9.0,E3W202,0.0,False,False,False,True,"[""A0A151ZEA6"", ""A0A385AJM2"", ""A0A385AJM4"", ""A0A385AJM6"", ""A0A7G5KLV2"", ""B1B1U4"", ""B8XA41"", ""D9XD61"", ""E3W202"", ""E3W203""]","[0.0, 0.0, 0.0, 0.0, 0.0, 0.0, 0.0, 0.0, 0.0, 0.0]",0.1111111111111111
RHEA:31439,RHEA:31439,ok,False,15,0,1,0,,,,False,False,False,False,[],[],0.0
RHEA:31699,RHEA:31699,ok,False,5,0,1,0,,,,False,False,False,False,[],[],0.0
RHEA:31795,RHEA:31795,no_smiles,False,0,0,1,0,,,,False,False,False,False,[],[],
RHEA:31807,RHEA:31807,ok,False,43,0,4,0,,,,False,False,False,False,[],[],0.0
RHEA:31811,RHEA:31811,ok,False,39,0,6,0,,,,False,False,False,False,[],[],0.0
RHEA:31815,RHEA:31815,ok,False,59,0,2,0,,,,False,False,False,False,[],[],0.0
RHEA:31819,RHEA:31819,ok,False,60,0,1,0,,,,False,False,False,False,[],[],0.0
RHEA:31823,RHEA:31823,ok,True,19,19,2,1,9.0,A0A8H8CMW1,0.0,False,False,False,True,"[""A0A0B4FWC3"", ""A0A0B4G3Q7"", ""A0A0B4GN88"", ""A0A0B4IF96"", ""A0A1L2D3T3"", ""A0A1L5YKS7"", ""A0A1V0E4A6"", ""A0A1V0QSG6"", ""A0A8H8CMW1"", ""A7NH01""]","[0.0, 0.0, 0.0, 0.0, 0.0, 0.0, 0.0, 0.0, 0.0, 0.0]",0.1111111111111111
RHEA:31827,RHEA:31827,ok,True,40,40,3,1,17.0,B2KSJ5,0.0,False,False,False,False,"[""A0A067SEC9"", ""A0A1V0E4A6"", ""A0A343W969"", ""A0A348B779"", ""A0A348B780"", ""A0A348B781"", ""A0A348B782"", ""A0A3G9GNJ4"", ""A0A5Q0QMX0"", ""A0A5Q0QMX1""]","[0.0, 0.0, 0.0, 0.0, 0.0, 0.0, 0.0, 0.0, 0.0, 0.0]",0.058823529411764705
RHEA:31831,RHEA:31831,ok,False,49,0,4,0,,,,False,False,False,False,[],[],0.0
RHEA:31847,RHEA:31847,ok,False,33,0,1,0,,,,False,False,False,False,[],[],0.0
RHEA:31851,RHEA:31851,ok,False,51,0,1,0,,,,False,False,False,False,[],[],0.0
RHEA:31855,RHEA:31855,ok,False,14,0,1,0,,,,False,False,False,False,[],[],0.0
RHEA:31859,RHEA:31859,ok,False,30,0,1,0,,,,False,False,False,False,[],[],0.0
RHEA:31863,RHEA:31863,ok,False,34,0,1,0,,,,False,False,False,False,[],[],0.0
RHEA:31867,RHEA:31867,ok,False,45,0,1,0,,,,False,False,False,False,[],[],0.0
RHEA:31871,RHEA:31871,ok,True,51,51,1,1,51.0,Q9SYN1,0.0,False,False,False,False,"[""A0A067DDU9"", ""A0A067ECN5"", ""A0A067FI21"", ""A0A0E0SP71"", ""A0A0S2IHL6"", ""A0A0U2U4F3"", ""A0A5B8NBE6"", ""A0A5B8NBN0"", ""A0AAW1L0L7"", ""A1CVK0""]","[0.0, 0.0, 0.0, 0.0, 0.0, 0.0, 0.0, 0.0, 0.0, 0.0]",0.0196078431372549
RHEA:31875,RHEA:31875,ok,False,29,0,1,0,,,,False,False,False,False,[],[],0.0
RHEA:31879,RHEA:31879,ok,True,37,37,1,1,37.0,Q9SYN1,0.0,False,False,False,False,"[""A0A067DDU9"", ""A0A067ECN5"", ""A0A067FI21"", ""A0A0S2IHL6"", ""A0A0U2U4F3"", ""A0A5B8NBE6"", ""A0A5B8NBN0"", ""A0AAW1L0L7"", ""A1CVK0"", ""A8C980""]","[0.0, 0.0, 0.0, 0.0, 0.0, 0.0, 0.0, 0.0, 0.0, 0.0]",0.02702702702702703
RHEA:31883,RHEA:31883,ok,True,45,45,1,1,18.0,E7DN64,0.0,False,False,False,False,"[""A0A067DDU9"", ""A0A067FI21"", ""A0A0E0SP71"", ""A0A0S2IHL6"", ""A0A0U2U4F3"", ""A0AAW1L0L7"", ""A1CVK0"", ""A8C980"", ""A8C981"", ""A8CDT2""]","[0.0, 0.0, 0.0, 0.0, 0.0, 0.0, 0.0, 0.0, 0.0, 0.0]",0.05555555555555555
RHEA:31887,RHEA:31887,ok,False,52,0,5,0,,,,False,False,False,False,[],[],0.0
RHEA:31895,RHEA:31895,ok,True,80,80,17,1,3.0,A0A8H7XP09,5.5006834e-37,False,True,True,True,"[""Q84KL5"", ""B9RXW0"", ""A0A8H7XP09"", ""A0A348B782"", ""O64404"", ""A0A8H7XMX0"", ""A0A0B4G504"", ""A0A0A2JP58"", ""G8H5N1"", ""Q84LB2""]","[8.213871e-36, 1.9689238e-36, 5.5006834e-37, 4.520253e-37, 2.4437645e-37, 1.2180957e-37, 4.775811999999999e-38, 4.137917e-38, 3.0924723e-38, 2.8459427e-38]",0.3333333333333333
RHEA:31987,RHEA:31987,ok,False,30,0,1,0,,,,False,False,False,False,[],[],0.0
RHEA:31991,RHEA:31991,ok,True,27,27,1,1,25.0,Q6JD70,0.0,False,False,False,False,"[""M4VQY9"", ""G8H5N1"", ""G8H5M9"", ""G8H5M8"", ""D5KXD2"", ""B8NHE0"", ""G5CV52"", ""A0A343W969"", ""Q4KSH9"", ""A0A7G5KLV2""]","[6.388385e-36, 1.7278924e-36, 6.318123e-37, 2.3859167e-37, 9.985441e-38, 7.313535e-38, 1.0451679999999999e-38, 6.423294000000001e-39, 3.702996e-39, 0.0]",0.04
RHEA:31995,RHEA:31995,ok,True,27,27,1,1,26.0,Q6JD73,0.0,False,False,False,False,"[""M4VQY9"", ""G8H5N1"", ""G8H5M9"", ""G8H5M8"", ""D5KXD2"", ""B8NHE0"", ""G5CV52"", ""A0A343W969"", ""Q4KSH9"", ""A0A7G5KLV2""]","[6.388286999999999e-36, 1.7278924e-36, 6.318219399999999e-37, 2.3859167e-37, 9.985364999999998e-38, 5.6855404e-38, 1.045176e-38, 5.5224180000000005e-39, 3.702996e-39, 0.0]",0.038461538461538464
RHEA:31999,RHEA:31999,ok,True,64,64,5,1,63.0,U3LVL5,0.0,False,False,False,False,"[""A0A0D4D912"", ""A0A140KFG9"", ""A0A142BX70"", ""A0A1V0E492"", ""A0A2R4QKX7"", ""A0A3L6G998"", ""A0A4Y5L9K3"", ""A0A4Y5QVX6"", ""A0A5S9I252"", ""A0A7J6HK32""]","[0.0, 0.0, 0.0, 0.0, 0.0, 0.0, 0.0, 0.0, 0.0, 0.0]",0.015873015873015872
RHEA:32003,RHEA:32003,ok,False,43,0,2,0,,,,False,False,False,False,[],[],0.0
RHEA:32011,RHEA:32011,ok,True,18,18,3,1,4.0,A0A8H8CMW1,1.5007053e-34,False,False,True,True,"[""S0ECT9"", ""A0A343W969"", ""E4N7E5"", ""A0A8H8CMW1"", ""A9GK58"", ""S0EGZ9"", ""E8W6C7"", ""A0A0B4FWC3"", ""A8NU13"", ""A0A0B4GN88""]","[2.4160727e-33, 2.2582042e-33, 1.7983243e-33, 1.5007053e-34, 1.2990594e-34, 1.3965444e-35, 3.037872e-36, 1.1817324e-36, 1.1205161e-36, 2.126649e-37]",0.25
RHEA:32015,RHEA:32015,ok,False,35,0,1,0,,,,False,False,False,False,[],[],0.0
RHEA:32019,RHEA:32019,ok,True,37,37,5,4,13.0,A0A7G5KLV1,0.0,False,False,False,False,"[""A0A142BX70"", ""A0A1L2D3T3"", ""A0A1V0E4A6"", ""A0A1V0QSG6"", ""A0A2R4QKX7"", ""A0A348B779"", ""A0A348B780"", ""A0A5Q0QMX0"", ""A0A5Q0QMX1"", ""A0A5Q0QP64""]","[0.0, 0.0, 0.0, 0.0, 0.0, 0.0, 0.0, 0.0, 0.0, 0.0]",0.07692307692307693
RHEA:32023,RHEA:32023,ok,False,19,0,1,0,,,,False,False,False,False,[],[],0.0
RHEA:32027,RHEA:32027,ok,True,33,33,1,1,17.0,Q4KSH9,0.0,False,False,False,False,"[""A0A0U5GNT1"", ""A0A1V0QSF3"", ""A0A1V0QSF6"", ""D5KXD2"", ""G8H5M8"", ""G8H5N1"", ""I6R4V5"", ""O13489"", ""O59947"", ""O64404""]","[0.0, 0.0, 0.0, 0.0, 0.0, 0.0, 0.0, 0.0, 0.0, 0.0]",0.058823529411764705
RHEA:32031,RHEA:32031,ok,True,45,45,3,2,40.0,Q6JD70,0.0,False,False,False,False,"[""Q9K498"", ""A0A8H7XP09"", ""P85964"", ""A0A343W969"", ""G5CV54"", ""G8H5N1"", ""A0A386JV86"", ""G8H5M9"", ""Q54YE2"", ""G8H5M8""]","[7.100343e-32, 2.2415612e-34, 2.2498958e-35, 1.7660441e-35, 1.4848341999999998e-35, 9.248147e-36, 6.0233955e-36, 4.506465e-36, 2.7910065e-36, 1.0280708e-36]",0.025
RHEA:32075,RHEA:32075,ok,False,17,0,1,0,,,,False,False,False,False,[],[],0.0
RHEA:32151,RHEA:32151,ok,True,34,34,1,1,24.0,Q2QQJ5,0.0,False,False,False,False,"[""A0A075FBT3"", ""A0A0U4CDK4"", ""A0A1U8QHE3"", ""A0A1Z3GBK8"", ""A0A1Z3GC64"", ""A0A2K9RFY0"", ""A0A2K9RFZ2"", ""A0A2K9RFZ9"", ""A0A3G1QTS7"", ""A0A5P8DI06""]","[0.0, 0.0, 0.0, 0.0, 0.0, 0.0, 0.0, 0.0, 0.0, 0.0]",0.041666666666666664
RHEA:32295,RHEA:32295,ok,True,37,37,30,30,1.0,A0A1D8PI71,0.0,True,True,True,True,"[""A0A1D8PI71"", ""A0A1P7Y0A2"", ""A0A1P7Y0A8"", ""A0A1P7Y0C9"", ""A0A1P7Y0D0"", ""A0A1P7Y0D4"", ""A0A2P1DP91"", ""A0A345BJQ0"", ""A0A3G1DJL2"", ""A0A3G9GNK2""]","[0.0, 0.0, 0.0, 0.0, 0.0, 0.0, 0.0, 0.0, 0.0, 0.0]",1.0
RHEA:32299,RHEA:32299,ok,True,38,38,30,30,1.0,A0A1D8PI71,0.0,True,True,True,True,"[""A0A1D8PI71"", ""A0A1L9WUW3"", ""A0A1P7Y0A2"", ""A0A1P7Y0A8"", ""A0A1P7Y0C9"", ""A0A1P7Y0D0"", ""A0A1P7Y0D4"", ""A0A345BJQ0"", ""A0A3G1DJL2"", ""A0A455R7E6""]","[0.0, 0.0, 0.0, 0.0, 0.0, 0.0, 0.0, 0.0, 0.0, 0.0]",1.0
RHEA:32327,RHEA:32327,ok,False,35,0,1,0,,,,False,False,False,False,[],[],0.0
RHEA:32439,RHEA:32439,ok,True,6,6,1,1,6.0,Q9K498,0.0,False,False,False,True,"[""A0A3G9GNK2"", ""A0A455R4X0"", ""A0A455R624"", ""P00183"", ""Q82IY3"", ""Q9K498""]","[0.0, 0.0, 0.0, 0.0, 0.0, 0.0]",0.16666666666666666
RHEA:32539,RHEA:32539,ok,False,92,0,9,0,,,,False,False,False,False,[],[],0.0
RHEA:32543,RHEA:32543,ok,True,60,59,12,5,13.0,A5Y5L5,0.0,False,False,False,False,"[""A0A1D6LTV0"", ""A0A4Y5QZ62"", ""A0A7D0AGU9"", ""A0A7G5KLV3"", ""A0A858E4Y6"", ""A0A858E4Y8"", ""A0A858E7J4"", ""A0A858E899"", ""A0A8H7XMX0"", ""A0A8H7XP09""]","[0.0, 0.0, 0.0, 0.0, 0.0, 0.0, 0.0, 0.0, 0.0, 0.0]",0.07692307692307693
RHEA:32547,RHEA:32547,ok,True,90,90,5,2,52.0,E2E2P1,0.0,False,False,False,False,"[""A0A8H7XQ49"", ""A0A8H7XP09"", ""A0A8H8CFI5"", ""G8H5N1"", ""O23945"", ""G8H5M9"", ""C1K5M3"", ""G8H5M7"", ""Q54YE2"", ""P9WEY7""]","[4.849164e-33, 4.7771910000000004e-33, 2.8789370000000002e-33, 3.9328152e-35, 2.014548e-35, 1.684387e-35, 1.17952155e-35, 6.126425e-36, 3.796156e-36, 2.9506131e-36]",0.019230769230769232
RHEA:32551,RHEA:32551,ok,True,65,64,12,10,12.0,R9QMZ0,1.0150184e-32,False,False,False,False,"[""D5SL78"", ""B5GMG2"", ""A0A8H7XMX0"", ""A0A8H7XQ49"", ""A0A8H8CFI5"", ""A0A8H7XP09"", ""Q54YE2"", ""Q86II4"", ""Q7KWU0"", ""B5A434""]","[8.559159000000001e-25, 6.778549e-26, 1.6941058e-26, 2.6954659000000003e-27, 2.5159222000000003e-27, 1.1245291e-27, 6.1166157e-29, 2.1620672e-30, 9.88395e-31, 1.8250915e-32]",0.08333333333333333
RHEA:32555,RHEA:32555,ok,True,66,65,8,6,1.0,A0A8H7XQ49,5.65668e-31,True,True,True,True,"[""A0A8H7XQ49"", ""A0A8H8CFI5"", ""A0A8H7XMX0"", ""A0A8H7XP09"", ""D8RNZ9"", ""Q54YE2"", ""D5SL78"", ""Q7KWU0"", ""Q5GJ60"", ""Q86II4""]","[5.65668e-31, 4.3307790000000005e-31, 4.2493147000000005e-31, 5.334897e-32, 1.05568925e-33, 3.5132587e-34, 3.5697126e-35, 2.9178746e-35, 2.8551354e-35, 2.7850202e-35]",1.0
RHEA:32559,RHEA:32559,ok,True,110,110,11,4,16.0,G5CV52,1.2334579e-34,False,False,False,False,"[""A0A8H7XQ49"", ""A0A8H8CFI5"", ""A0A8H7XP09"", ""Q54YE2"", ""C1K5M3"", ""G8H5N1"", ""G8H5M9"", ""P9WEY7"", ""O23945"", ""G8H5M8""]","[6.821465999999999e-30, 5.0529887e-30, 4.1472253000000005e-30, 1.2066064e-32, 1.1920215e-32, 9.446442e-33, 5.8575140000000004e-33, 5.046643e-33, 1.0595947e-33, 6.6700966e-34]",0.0625
RHEA:32563,RHEA:32563,ok,True,94,93,5,2,44.0,W6HUT3,0.999111,False,False,False,False,"[""A0A343W970"", ""Q1EG72"", ""Q5GJ60"", ""A0A1D6LTV0"", ""A0A386KZ50"", ""E2E2N7"", ""G8H5M9"", ""F2XFA8"", ""Q6XDB5"", ""F2XF95""]","[0.9999999, 0.9999939, 0.9999932, 0.999987, 0.99998057, 0.9999765, 0.9999682, 0.99996483, 0.9999597, 0.9999577]",0.022727272727272728
RHEA:32567,RHEA:32567,ok,False,79,0,1,0,,,,False,False,False,False,[],[],0.0
RHEA:32571,RHEA:32571,ok,False,28,0,5,0,,,,False,False,False,False,[],[],0.0
RHEA:32575,RHEA:32575,ok,True,94,94,10,6,29.0,A0A1V0QSG0,4.2759365e-37,False,False,False,False,"[""B5GMG2"", ""A0A8H7XQ49"", ""A0A8H8CFI5"", ""G8H5N1"", ""Q54YE2"", ""G8H5M9"", ""G8H5M7"", ""G8H5M8"", ""D5KXD2"", ""O64961""]","[3.371608e-29, 2.1059331e-30, 1.7468926e-30, 6.314473499999999e-33, 4.7840480000000004e-33, 3.090888e-33, 5.9698743e-34, 4.5528466999999995e-34, 1.5504469e-34, 1.5023090999999999e-34]",0.034482758620689655
RHEA:32579,RHEA:32579,ok,True,87,87,2,2,52.0,A7IZZ1,0.0,False,False,False,False,"[""B5GMG2"", ""A0A8H8CFI5"", ""A0A8H7XQ49"", ""G8H5N1"", ""G8H5M9"", ""O23945"", ""C1K5M3"", ""G8H5M7"", ""G8H5M8"", ""O64961""]","[3.8414426e-30, 3.8936193e-33, 3.1899765e-33, 5.3605545e-34, 2.2910449999999998e-34, 3.8051323e-35, 3.549101e-35, 3.20987e-35, 2.3363818e-35, 7.585006e-36]",0.019230769230769232
RHEA:32679,RHEA:32679,ok,True,56,55,14,4,4.0,A0A8H7XQ49,1.2025657e-27,False,False,True,True,"[""D5SL78"", ""A0A8H7XMX0"", ""B5GMG2"", ""A0A8H7XQ49"", ""A0A8H8CFI5"", ""Q54YE2"", ""Q86II4"", ""Q7KWU0"", ""B5A434"", ""F6M8I0""]","[9.031995e-26, 5.7954330000000005e-27, 4.5035980000000005e-27, 1.2025657e-27, 7.822439e-28, 3.1902996e-29, 6.6573713e-31, 8.426592400000001e-32, 2.5197085e-33, 1.3910905e-33]",0.25
RHEA:32687,RHEA:32687,ok,True,71,71,8,1,63.0,R9QMY8,0.0,False,False,False,False,"[""B5GMG2"", ""A0A8H7XQ49"", ""A0A8H8CFI5"", ""O23945"", ""Q54YE2"", ""Q9M7C9"", ""R9QMZ0"", ""F2XFA2"", ""O24475"", ""C0PT35""]","[1.40499e-31, 2.829957e-35, 2.0051945e-35, 1.5357411e-36, 5.1843324e-38, 4.6396597e-38, 1.5734663000000002e-38, 1.0007133e-38, 9.551131e-39, 7.829322000000001e-39]",0.015873015873015872
RHEA:32691,RHEA:32691,ok,True,100,100,22,1,18.0,A5Y5L5,1.0,False,False,False,False,"[""A0A0E3D8M9"", ""A0A0E3D8P4"", ""A0A140JWS2"", ""A0A1D6LTV0"", ""A0A1V0QSF9"", ""A0A1V0QSG0"", ""A0A1V0QSH2"", ""A0A1V0QSH7"", ""A0A343W970"", ""A0A386KZ50""]","[1.0, 1.0, 1.0, 1.0, 1.0, 1.0, 1.0, 1.0, 1.0, 1.0]",0.05555555555555555
RHEA:32699,RHEA:32699,ok,True,56,56,4,3,20.0,U5PZT6,3.4009385000000004e-32,False,False,False,False,"[""A0A0B4G504"", ""M4VQY9"", ""A0A8H7XP09"", ""A0A8H8CMW1"", ""Q54YE2"", ""Q9X839"", ""A0A343W969"", ""F0ZL92"", ""B8XA41"", ""F0ZK52""]","[3.1710384e-25, 1.0786815999999998e-25, 8.056942e-27, 2.2271805e-28, 2.3896975e-29, 1.4698815999999998e-29, 1.0596777e-29, 1.004171e-29, 2.7189041e-30, 8.424186e-31]",0.05
RHEA:32703,RHEA:32703,ok,False,14,0,5,0,,,,False,False,False,False,[],[],0.0
RHEA:33103,RHEA:33103,ok,True,44,44,10,9,5.0,A0A348B779,0.0,False,False,True,True,"[""A0A1L2D3T3"", ""A0A1V0E4A6"", ""A0A2R4QKX7"", ""A0A343W969"", ""A0A348B779"", ""A0A348B780"", ""A0A348B781"", ""A0A348B782"", ""A0A5Q0QMX0"", ""A0A5Q0QMX1""]","[0.0, 0.0, 0.0, 0.0, 0.0, 0.0, 0.0, 0.0, 0.0, 0.0]",0.2
RHEA:33107,RHEA:33107,ok,True,46,46,10,10,3.0,A0A5Q0QU70,7.200972e-31,False,True,True,True,"[""A0A1L7VZE7"", ""A0A1L7U8F2"", ""A0A5Q0QU70"", ""Q9AR04"", ""B8PD44"", ""A0A8H8CMW1"", ""A0A348B782"", ""I7H727"", ""D9XDR8"", ""P9WEY7""]","[5.6929865e-30, 3.2142526e-30, 7.200972e-31, 1.866984e-31, 7.9088665e-32, 5.155397e-32, 1.9050773e-32, 3.7123710000000004e-33, 3.332626e-33, 2.0590067e-33]",0.3333333333333333
RHEA:33111,RHEA:33111,ok,True,35,35,8,7,5.0,A0A348B779,0.0,False,False,True,True,"[""A0A1L2D3T3"", ""A0A1V0E4A6"", ""A0A1V0QSG6"", ""A0A2R4QKX7"", ""A0A348B779"", ""A0A348B780"", ""A0A5Q0QMX0"", ""A0A5Q0QMX1"", ""A0A5Q0QP64"", ""A0A5Q0QRJ3""]","[0.0, 0.0, 0.0, 0.0, 0.0, 0.0, 0.0, 0.0, 0.0, 0.0]",0.2
RHEA:33119,RHEA:33119,ok,True,37,37,2,2,14.0,A0A8H8CMW1,0.0,False,False,False,False,"[""A0A142BX70"", ""A0A1L2D3T3"", ""A0A1V0E4A6"", ""A0A1V0QSG6"", ""A0A2R4QKX7"", ""A0A348B779"", ""A0A348B780"", ""A0A5Q0QMX0"", ""A0A5Q0QMX1"", ""A0A5Q0QP64""]","[0.0, 0.0, 0.0, 0.0, 0.0, 0.0, 0.0, 0.0, 0.0, 0.0]",0.07142857142857142
RHEA:33123,RHEA:33123,ok,False,19,0,1,0,,,,False,False,False,False,[],[],0.0
RHEA:33983,RHEA:33983,ok,True,42,42,6,1,5.0,A0A1X9ISH5,0.0,False,False,True,True,"[""A0A075FBT3"", ""A0A0H5BN57"", ""A0A0H5BN61"", ""A0A0U4CDK4"", ""A0A1X9ISH5"", ""A0A1Z3GC64"", ""A0A1Z3GCD1"", ""A0A2K9RFY0"", ""A0A3G1QTS7"", ""A5A8G0""]","[0.0, 0.0, 0.0, 0.0, 0.0, 0.0, 0.0, 0.0, 0.0, 0.0]",0.2
RHEA:33987,RHEA:33987,ok,True,47,46,6,6,21.0,H8ZM70,0.0,False,False,False,False,"[""A0A075FBG7"", ""A0A075FBT3"", ""A0A0H5BN57"", ""A0A0H5BN61"", ""A0A0U4CDK4"", ""A0A1W6QDI7"", ""A0A1X9ISH5"", ""A0A1Z3GC64"", ""A0A1Z3GCD1"", ""A0A2K9RFY0""]","[0.0, 0.0, 0.0, 0.0, 0.0, 0.0, 0.0, 0.0, 0.0, 0.0]",0.047619047619047616
RHEA:33991,RHEA:33991,ok,True,43,43,11,5,5.0,A0A348B779,0.0,False,False,True,True,"[""A0A142BX70"", ""A0A151ZEA6"", ""A0A1L2D3T3"", ""A0A1V0E4A6"", ""A0A348B779"", ""A0A348B780"", ""A0A385AJM2"", ""A0A385AJM4"", ""A0A5Q0QP64"", ""A0A5Q0QRJ3""]","[0.0, 0.0, 0.0, 0.0, 0.0, 0.0, 0.0, 0.0, 0.0, 0.0]",0.2
RHEA:34255,RHEA:34255,ok,False,22,0,1,0,,,,False,False,False,False,[],[],0.0
RHEA:34459,RHEA:34459,ok,False,13,0,1,0,,,,False,False,False,False,[],[],0.0
RHEA:34463,RHEA:34463,ok,True,18,18,2,1,16.0,H8ZM73,0.0,False,False,False,False,"[""A0A075FBG7"", ""A0A0U2D9C5"", ""A0A2K9RFZ2"", ""A4KAG7"", ""A4KAG8"", ""A5A8G0"", ""B9SIL7"", ""B9SIM2"", ""B9SIM3"", ""E2IHE0""]","[0.0, 0.0, 0.0, 0.0, 0.0, 0.0, 0.0, 0.0, 0.0, 0.0]",0.0625
RHEA:34467,RHEA:34467,ok,False,39,0,1,0,,,,False,False,False,False,[],[],0.0
RHEA:34503,RHEA:34503,ok,False,39,0,1,0,,,,False,False,False,False,[],[],0.0
RHEA:34695,RHEA:34695,ok,False,23,0,12,0,,,,False,False,False,False,[],[],0.0
RHEA:34699,RHEA:34699,ok,False,13,0,1,0,,,,False,False,False,False,[],[],0.0
RHEA:34703,RHEA:34703,ok,False,59,0,2,0,,,,False,False,False,False,[],[],0.0
RHEA:36063,RHEA:36063,ok,False,32,0,1,0,,,,False,False,False,False,[],[],0.0
RHEA:38155,RHEA:38155,ok,True,28,28,2,1,27.0,Q29VN2,0.0,False,False,False,False,"[""D5SL78"", ""D5SK09"", ""M1VDX3"", ""M1V9Q0"", ""A0A8H7XMX0"", ""A0A385AJN0"", ""A0A1V1FVQ6"", ""D8RNZ9"", ""A0A0U5G0B1"", ""C9K1X5""]","[1.24220134e-29, 1.0379219e-29, 7.0453865e-31, 1.4222241e-31, 1.3252541e-31, 4.496505e-36, 3.8532312e-36, 5.1086145e-37, 3.1732213e-37, 2.675078e-37]",0.037037037037037035
RHEA:40027,RHEA:40027,ok,True,13,13,1,1,3.0,A0A2K9RFZ2,0.0,False,True,True,True,"[""A0A0U5GNT1"", ""A0A1X9ISH5"", ""A0A2K9RFZ2"", ""A5A8G0"", ""B1B1U4"", ""B2DBF0"", ""B9SIL7"", ""D2B747"", ""G8GJ94"", ""Q2QQJ5""]","[0.0, 0.0, 0.0, 0.0, 0.0, 0.0, 0.0, 0.0, 0.0, 0.0]",0.3333333333333333
RHEA:41552,RHEA:41552,ok,False,14,0,4,0,,,,False,False,False,False,[],[],0.0
RHEA:41628,RHEA:41628,ok,False,17,0,1,0,,,,False,False,False,False,[],[],0.0
RHEA:42984,RHEA:42984,ok,False,43,0,2,0,,,,False,False,False,False,[],[],0.0
RHEA:42988,RHEA:42988,ok,True,24,24,1,1,2.0,M1V9Q0,5.881370699999999e-37,False,True,True,True,"[""M1VDX3"", ""M1V9Q0"", ""A0A0P0ZD79"", ""A0A0U5G0B1"", ""A0A169T193"", ""A0A178U9Y5"", ""A0A1V1FVQ6"", ""A0A2Z6AQX6"", ""A0A2Z6AQX7"", ""A0A2Z6FZ31""]","[1.8012748e-35, 5.881370699999999e-37, 0.0, 0.0, 0.0, 0.0, 0.0, 0.0, 0.0, 0.0]",0.5
RHEA:42992,RHEA:42992,ok,True,14,14,2,1,10.0,M1VDX3,0.0,False,False,False,True,"[""A0A140KFG9"", ""A0A178U9Y5"", ""A0A348DU52"", ""A0A4Y5QVX6"", ""A0A8H4CUY8"", ""C9K1X5"", ""D5SK09"", ""E4MYY0"", ""G1DGI7"", ""M1VDX3""]","[0.0, 0.0, 0.0, 0.0, 0.0, 0.0, 0.0, 0.0, 0.0, 0.0]",0.1
RHEA:42996,RHEA:42996,ok,True,25,25,1,1,16.0,M1VDX3,0.0,False,False,False,False,"[""A0A0P0ZD79"", ""A0A0U5G0B1"", ""A0A169T193"", ""A0A178U9Y5"", ""A0A1V1FVQ6"", ""A0A2Z6AQX6"", ""A0A2Z6AQX7"", ""A0A2Z6FZ31"", ""A0A385AJM5"", ""A0A385AJN0""]","[0.0, 0.0, 0.0, 0.0, 0.0, 0.0, 0.0, 0.0, 0.0, 0.0]",0.0625
RHEA:43000,RHEA:43000,ok,True,19,19,1,1,14.0,M1VDX3,0.0,False,False,False,False,"[""A0A0U5G0B1"", ""A0A140KFG9"", ""A0A178U9Y5"", ""A0A1V1FVQ6"", ""A0A348DU52"", ""A0A385AJN0"", ""A0A4Y5QVX6"", ""A1C8C3"", ""C9K1X5"", ""D5SK09""]","[0.0, 0.0, 0.0, 0.0, 0.0, 0.0, 0.0, 0.0, 0.0, 0.0]",0.07142857142857142
RHEA:47052,RHEA:47052,ok,False,38,0,8,0,,,,False,False,False,False,[],[],0.0
RHEA:47944,RHEA:47944,ok,False,54,0,1,0,,,,False,False,False,False,[],[],0.0
RHEA:49628,RHEA:49628,ok,False,12,0,10,0,,,,False,False,False,False,[],[],0.0
RHEA:49632,RHEA:49632,ok,False,99,0,8,0,,,,False,False,False,False,[],[],0.0
RHEA:52804,RHEA:52804,ok,False,39,0,2,0,,,,False,False,False,False,[],[],0.0
RHEA:53616,RHEA:53616,ok,False,19,0,3,0,,,,False,False,False,False,[],[],0.0
RHEA:53620,RHEA:53620,ok,False,11,0,1,0,,,,False,False,False,False,[],[],0.0
RHEA:53624,RHEA:53624,ok,False,14,0,1,0,,,,False,False,False,False,[],[],0.0
RHEA:53628,RHEA:53628,ok,False,39,0,6,0,,,,False,False,False,False,[],[],0.0
RHEA:53632,RHEA:53632,ok,False,54,0,1,0,,,,False,False,False,False,[],[],0.0
RHEA:53640,RHEA:53640,ok,False,44,0,1,0,,,,False,False,False,False,[],[],0.0
RHEA:53644,RHEA:53644,ok,True,21,21,6,6,1.0,A0A0B4FWC3,0.0,True,True,True,True,"[""A0A0B4FWC3"", ""A0A0B4G3Q7"", ""A0A0B4GN88"", ""A0A0B4IF96"", ""A0A1L2D3T3"", ""A0A1L5YKS7"", ""A0A1V0E4A6"", ""A0A1V0QSG6"", ""A0A8H8CMW1"", ""A7NH01""]","[0.0, 0.0, 0.0, 0.0, 0.0, 0.0, 0.0, 0.0, 0.0, 0.0]",1.0
RHEA:53648,RHEA:53648,ok,True,22,22,6,6,1.0,A0A0B4FWC3,0.0,True,True,True,True,"[""A0A0B4FWC3"", ""A0A0B4G3Q7"", ""A0A0B4GN88"", ""A0A0B4IF96"", ""A0A1L2D3T3"", ""A0A1V0E4A6"", ""A0A1V0QSG6"", ""A0A5S9I252"", ""A0A8H8CMW1"", ""A7NH01""]","[0.0, 0.0, 0.0, 0.0, 0.0, 0.0, 0.0, 0.0, 0.0, 0.0]",1.0
RHEA:53668,RHEA:53668,ok,False,25,0,2,0,,,,False,False,False,False,[],[],0.0
RHEA:54040,RHEA:54040,ok,True,13,13,1,1,3.0,A0A178U9Y5,0.0,False,True,True,True,"[""M1VDX3"", ""A0A0P0ZD79"", ""A0A178U9Y5"", ""A0A1L9UKS1"", ""A0A385AJM5"", ""A0A385AJN0"", ""A0A8K1AY78"", ""M1V9Q0"", ""P59287"", ""P9WEV7""]","[5.197776e-39, 0.0, 0.0, 0.0, 0.0, 0.0, 0.0, 0.0, 0.0, 0.0]",0.3333333333333333
RHEA:54044,RHEA:54044,ok,False,21,0,1,0,,,,False,False,False,False,[],[],0.0
RHEA:54048,RHEA:54048,ok,False,12,0,1,0,,,,False,False,False,False,[],[],0.0
RHEA:54052,RHEA:54052,ok,True,18,18,3,1,14.0,A0A1L2D3T3,8.707093000000001e-39,False,False,False,False,"[""S0ECT9"", ""A0A343W969"", ""E4N7E5"", ""A0A8H8CMW1"", ""A9GK58"", ""S0EGZ9"", ""A8NU13"", ""E8W6C7"", ""A0A0B4FWC3"", ""E9E766""]","[2.141936e-32, 8.9443946e-33, 4.4257028e-33, 1.6054288e-33, 9.3251e-34, 3.8992341e-35, 1.4437585e-35, 1.13788e-35, 7.5412676e-36, 1.4768741e-36]",0.07142857142857142
RHEA:54056,RHEA:54056,ok,False,32,0,2,0,,,,False,False,False,False,[],[],0.0
RHEA:54060,RHEA:54060,ok,False,32,0,1,0,,,,False,False,False,False,[],[],0.0
RHEA:54064,RHEA:54064,ok,False,19,0,1,0,,,,False,False,False,False,[],[],0.0
RHEA:54068,RHEA:54068,ok,False,17,0,1,0,,,,False,False,False,False,[],[],0.0
RHEA:54072,RHEA:54072,ok,True,68,68,1,1,13.0,A0A7G5KLV0,0.0,False,False,False,False,"[""A0A8H7XQ49"", ""A0A8H8CFI5"", ""C1K5M3"", ""O23945"", ""Q9M7C9"", ""A0A0M3Q1Q3"", ""A0A1D6LTV0"", ""A0A1V0QSF4"", ""A0A1V0QSF9"", ""A0A1V0QSG0""]","[2.1039445e-35, 9.090261e-36, 4.1213757000000005e-38, 2.657815e-38, 4.7438340000000006e-39, 0.0, 0.0, 0.0, 0.0, 0.0]",0.07692307692307693
RHEA:54076,RHEA:54076,ok,False,12,0,1,0,,,,False,False,False,False,[],[],0.0
RHEA:54108,RHEA:54108,ok,False,44,0,1,0,,,,False,False,False,False,[],[],0.0
RHEA:54112,RHEA:54112,ok,False,28,0,1,0,,,,False,False,False,False,[],[],0.0
RHEA:54116,RHEA:54116,ok,False,16,0,1,0,,,,False,False,False,False,[],[],0.0
RHEA:54372,RHEA:54372,ok,True,24,23,2,1,3.0,A0A5S9I252,5.983446e-17,False,True,True,True,"[""P9WER0"", ""A0A8H8CMW1"", ""A0A5S9I252"", ""A0A343W969"", ""S0EGZ9"", ""Q54BE5"", ""A7NH01"", ""A0A348AUW1"", ""A0A348AUV9"", ""A0A348AUV7""]","[6.9476806e-15, 1.0209181e-15, 5.983446e-17, 2.9292097e-17, 2.6056469e-20, 1.4897757e-20, 1.9541084000000002e-21, 5.43894e-23, 5.1498976e-23, 5.1286066e-23]",0.3333333333333333
RHEA:54376,RHEA:54376,ok,False,31,0,1,0,,,,False,False,False,False,[],[],0.0
RHEA:54380,RHEA:54380,ok,False,25,0,1,0,,,,False,False,False,False,[],[],0.0
RHEA:54496,RHEA:54496,ok,True,29,29,3,1,13.0,B9SIM3,0.0,False,False,False,False,"[""A0A075FBT3"", ""A0A0U4CDK4"", ""A0A1U8QHE3"", ""A0A1Z3GC64"", ""A0A2K9RFY0"", ""A0A2K9RFZ2"", ""A0A3G1QTS7"", ""A4KAG7"", ""A4KAG8"", ""A5A8G0""]","[0.0, 0.0, 0.0, 0.0, 0.0, 0.0, 0.0, 0.0, 0.0, 0.0]",0.07692307692307693
RHEA:54500,RHEA:54500,ok,False,13,0,1,0,,,,False,False,False,False,[],[],0.0
RHEA:54504,RHEA:54504,ok,True,13,13,1,1,11.0,M5AW86,0.0,False,False,False,False,"[""A0A1V1FVQ6"", ""A0A0U5G0B1"", ""A0A1Y1C7Q5"", ""A0A2Z6AQX6"", ""A0A3Q9FFM1"", ""A0A8H4CUY8"", ""A1C8C3"", ""A1DN30"", ""K2SUY0"", ""M2V8C1""]","[4.036744e-39, 0.0, 0.0, 0.0, 0.0, 0.0, 0.0, 0.0, 0.0, 0.0]",0.09090909090909091
RHEA:54508,RHEA:54508,ok,True,19,19,1,1,17.0,M5AW86,0.0,False,False,False,False,"[""A0A1V1FVQ6"", ""A0A0P0ZEM1"", ""A0A0U5G0B1"", ""M2V8C1"", ""P9WEP0"", ""A0A2Z6AQX6"", ""M2U578"", ""A0A8H4CUY8"", ""A1C8C3"", ""A0A2Z6AQX7""]","[2.0002133e-35, 6.108175999999999e-36, 1.8294234e-36, 1.0693099e-36, 5.1267314e-37, 1.6166227999999998e-37, 1.2073169e-37, 3.6424052e-38, 3.378661e-38, 2.2999016000000003e-38]",0.058823529411764705
RHEA:54512,RHEA:54512,ok,True,16,16,2,2,2.0,A0A075FBG7,0.0,False,True,True,True,"[""A0A075FAK4"", ""A0A075FBG7"", ""A0A1U8QHE3"", ""A0A2K9RFZ2"", ""A0A2K9RFZ7"", ""A0A2K9RFZ9"", ""A5A8G0"", ""B9SIL7"", ""G3CCC1"", ""G8GJ94""]","[0.0, 0.0, 0.0, 0.0, 0.0, 0.0, 0.0, 0.0, 0.0, 0.0]",0.5
RHEA:54516,RHEA:54516,ok,False,31,0,1,0,,,,False,False,False,False,[],[],0.0
RHEA:54520,RHEA:54520,ok,False,9,0,1,0,,,,False,False,False,False,[],[],0.0
RHEA:54636,RHEA:54636,ok,False,21,0,1,0,,,,False,False,False,False,[],[],0.0
RHEA:54640,RHEA:54640,ok,False,45,0,2,0,,,,False,False,False,False,[],[],0.0
RHEA:54648,RHEA:54648,ok,False,18,0,1,0,,,,False,False,False,False,[],[],0.0
RHEA:54652,RHEA:54652,ok,False,17,0,2,0,,,,False,False,False,False,[],[],0.0
RHEA:54664,RHEA:54664,ok,False,38,0,1,0,,,,False,False,False,False,[],[],0.0
RHEA:54668,RHEA:54668,ok,False,20,0,1,0,,,,False,False,False,False,[],[],0.0
RHEA:54676,RHEA:54676,ok,False,104,0,2,0,,,,False,False,False,False,[],[],0.0
RHEA:54684,RHEA:54684,ok,False,104,0,4,0,,,,False,False,False,False,[],[],0.0
RHEA:54692,RHEA:54692,ok,False,111,0,1,0,,,,False,False,False,False,[],[],0.0
RHEA:55216,RHEA:55216,ok,False,14,0,1,0,,,,False,False,False,False,[],[],0.0
RHEA:55424,RHEA:55424,ok,True,18,18,2,2,3.0,Q9LSF8,0.99996376,False,True,True,True,"[""A0A386KZI3"", ""Q4WAZ6"", ""Q9LSF8"", ""A0A1D6HSP4"", ""Q1ZXA1"", ""A0A1D6F9Y9"", ""P0DO35"", ""P32476"", ""P0DO41"", ""P0DO40""]","[0.9999999, 0.99999976, 0.99996376, 0.9999558, 0.99995565, 0.9998677, 0.99553525, 0.99477804, 0.9892274, 0.98739445]",0.3333333333333333
RHEA:55520,RHEA:55520,ok,True,64,64,1,1,60.0,K7WQ45,3.6491195e-07,False,False,False,False,"[""A0A1L9UKS1"", ""A0A8K1AY78"", ""P9WEV2"", ""A0A2Z6AQX6"", ""A0A0P0ZD79"", ""A0A1L7VFX3"", ""A0A0P0ZEM1"", ""Q0CRW6"", ""M2V8C1"", ""P9WEV6""]","[0.0018684097, 0.0018569513, 0.0017488902, 0.0013779787, 0.0013663573, 0.0011642539, 0.0011235244, 0.0010641913, 0.001030249, 0.0010179224]",0.016666666666666666
RHEA:56556,RHEA:56556,ok,True,35,35,16,11,1.0,A0A5Q0QU70,6.0579333000000004e-30,True,True,True,True,"[""A0A5Q0QU70"", ""B8PD44"", ""A0A8H8CMW1"", ""A0A0C9VD04"", ""A0A5Q0QNJ2"", ""A0A343W969"", ""D9XDR8"", ""Q9AR04"", ""A0A5Q0QMX0"", ""B5GW45""]","[6.0579333000000004e-30, 4.7804974e-30, 1.4943672e-30, 8.557892e-31, 6.2227996e-31, 2.2537314000000003e-31, 9.016375e-32, 8.106433e-32, 4.8120724e-32, 4.6258888000000005e-32]",1.0
RHEA:56632,RHEA:56632,ok,False,60,0,1,0,,,,False,False,False,False,[],[],0.0
RHEA:56820,RHEA:56820,ok,False,14,0,1,0,,,,False,False,False,False,[],[],0.0
RHEA:56824,RHEA:56824,ok,False,14,0,1,0,,,,False,False,False,False,[],[],0.0
RHEA:56944,RHEA:56944,ok,False,14,0,1,0,,,,False,False,False,False,[],[],0.0
RHEA:56984,RHEA:56984,ok,False,27,0,8,0,,,,False,False,False,False,[],[],0.0
RHEA:57516,RHEA:57516,ok,True,7,7,1,1,2.0,A0A1D6GQ67,0.0,False,True,True,True,"[""A0A0P0ZEA9"", ""A0A1D6GQ67"", ""A0A1L9WQK2"", ""A0A386KZI3"", ""A0A3Q9FEJ4"", ""A0A3S9NM20"", ""Q1ZXA1""]","[0.0, 0.0, 0.0, 0.0, 0.0, 0.0, 0.0]",0.5
RHEA:57520,RHEA:57520,ok,True,11,11,1,1,2.0,A0A1D6GQ67,1.2610623e-19,False,True,True,True,"[""Q1ZXA1"", ""A0A1D6GQ67"", ""P9WEV3"", ""Q0CRW7"", ""A0A3Q9FEJ4"", ""A0A1Y1C7S2"", ""M2V933"", ""A0A3S9NM20"", ""A0A1V1FNM9"", ""A0A0P0ZEA9""]","[1.33221276e-17, 1.2610623e-19, 3.473386e-20, 2.437743e-20, 4.980594e-22, 4.38352e-22, 2.19889e-22, 8.138136000000001e-23, 6.296826000000001e-23, 2.4859235e-23]",0.5
RHEA:57544,RHEA:57544,ok,False,11,0,1,0,,,,False,False,False,False,[],[],0.0
RHEA:58160,RHEA:58160,ok,False,35,0,1,0,,,,False,False,False,False,[],[],0.0
RHEA:58164,RHEA:58164,ok,False,19,0,2,0,,,,False,False,False,False,[],[],0.0
RHEA:58168,RHEA:58168,ok,False,34,0,3,0,,,,False,False,False,False,[],[],0.0
RHEA:58172,RHEA:58172,ok,False,12,0,1,0,,,,False,False,False,False,[],[],0.0
RHEA:59224,RHEA:59224,ok,True,11,11,1,1,7.0,D5SK09,0.0,False,False,False,True,"[""A0A1B4XBG5"", ""A0A1G9UQQ0"", ""A0A1G9VRW7"", ""A0A348DU52"", ""A2PZA5"", ""C9K2Q3"", ""D5SK09"", ""F8JK18"", ""O65435"", ""P9WEV7""]","[0.0, 0.0, 0.0, 0.0, 0.0, 0.0, 0.0, 0.0, 0.0, 0.0]",0.14285714285714285
RHEA:59232,RHEA:59232,ok,False,17,0,1,0,,,,False,False,False,False,[],[],0.0
RHEA:59236,RHEA:59236,ok,False,13,0,1,0,,,,False,False,False,False,[],[],0.0
RHEA:59904,RHEA:59904,ok,True,8,8,1,1,8.0,C5I9X1,1.706318e-34,False,False,False,True,"[""Q4WLD1"", ""A0A3G9GNK2"", ""A0A455R624"", ""A0A455R4X0"", ""Q4WAY3"", ""A0A2P1DP91"", ""A0A455R5H4"", ""C5I9X1""]","[6.731279e-22, 1.1336361e-24, 7.240051e-25, 1.539936e-28, 1.0160035e-30, 2.4642626e-32, 2.9446339999999998e-34, 1.706318e-34]",0.125
RHEA:60016,RHEA:60016,ok,True,39,39,1,1,29.0,Q6JD70,0.0,False,False,False,False,"[""M4VQY9"", ""G8H5N1"", ""A0A0A2JB87"", ""A0A1V0QSF3"", ""A0A1V0QSG6"", ""A0A1W6GW06"", ""A0A1W6GW18"", ""A0A1W6GW32"", ""A0A385AJM6"", ""B6H063""]","[1.9632754e-37, 6.610174e-39, 0.0, 0.0, 0.0, 0.0, 0.0, 0.0, 0.0, 0.0]",0.034482758620689655
RHEA:60020,RHEA:60020,ok,True,39,39,2,2,25.0,Q2NM15,0.0,False,False,False,False,"[""M4VQY9"", ""G8H5N1"", ""A0A0A2JB87"", ""A0A1V0QSF3"", ""A0A1V0QSG6"", ""A0A1W6GW06"", ""A0A1W6GW18"", ""A0A1W6GW32"", ""A0A385AJM6"", ""B6H063""]","[1.9632904e-37, 6.610174e-39, 0.0, 0.0, 0.0, 0.0, 0.0, 0.0, 0.0, 0.0]",0.04
RHEA:60024,RHEA:60024,ok,True,56,55,1,1,45.0,P0C565,6.629085e-10,False,False,False,False,"[""A0A8H8CFI5"", ""A0A8H7XP09"", ""A0A8H7XQ49"", ""A0A8H7XMX0"", ""Q96WT2"", ""A0A858E4Y8"", ""D5SL78"", ""A0A858E899"", ""A0A858E4Y6"", ""A0A858E7J4""]","[0.000115968316, 8.7017215e-05, 6.295382e-05, 3.3999386e-05, 1.6414762e-05, 1.3012634e-06, 1.0075651e-06, 3.9251248e-07, 2.8535476e-07, 2.705454e-07]",0.022222222222222223
RHEA:60028,RHEA:60028,ok,True,67,66,1,1,31.0,A0A1D6LTV0,0.0,False,False,False,False,"[""D5SL78"", ""B5GMG2"", ""A0A8H7XMX0"", ""A0A8H7XQ49"", ""A0A8H8CFI5"", ""A0A8H7XP09"", ""Q54YE2"", ""Q84KL4"", ""B5A434"", ""F6M8I0""]","[1.4685206e-28, 1.3350894e-29, 4.1762597e-31, 8.079081e-32, 5.271296e-32, 3.0969442e-32, 8.39936e-36, 6.4493056e-36, 5.5328637e-36, 4.0718424e-36]",0.03225806451612903
RHEA:60424,RHEA:60424,ok,False,17,0,7,0,,,,False,False,False,False,[],[],0.0
RHEA:60680,RHEA:60680,ok,True,7,7,1,1,5.0,C5I9X1,1.0,False,False,True,True,"[""A0A2P1DP91"", ""A0A455R4X0"", ""A0A455R5H4"", ""A0A455R624"", ""C5I9X1"", ""Q4WAY3"", ""Q4WLD1""]","[1.0, 1.0, 1.0, 1.0, 1.0, 1.0, 1.0]",0.2
RHEA:60684,RHEA:60684,ok,True,8,8,1,1,6.0,C5I9X1,1.0,False,False,False,True,"[""A0A2P1DP91"", ""A0A3G9GNK2"", ""A0A455R4X0"", ""A0A455R5H4"", ""A0A455R624"", ""C5I9X1"", ""Q4WAY3"", ""Q4WLD1""]","[1.0, 1.0, 1.0, 1.0, 1.0, 1.0, 1.0, 1.0]",0.16666666666666666
RHEA:60688,RHEA:60688,ok,True,36,36,1,1,12.0,C5I9X1,1.0,False,False,False,False,"[""A0A1D8PI71"", ""A0A1P7Y0A2"", ""A0A1P7Y0A8"", ""A0A1P7Y0C9"", ""A0A1P7Y0D0"", ""A0A1P7Y0D4"", ""A0A2P1DP91"", ""A0A345BJQ0"", ""A0A3G1DJL2"", ""A0A455R5H4""]","[1.0, 1.0, 1.0, 1.0, 1.0, 1.0, 1.0, 1.0, 1.0, 1.0]",0.08333333333333333
RHEA:60692,RHEA:60692,ok,True,8,8,1,1,8.0,C5I9X1,1.32121835e-20,False,False,False,True,"[""A0A455R624"", ""Q4WLD1"", ""A0A3G9GNK2"", ""A0A455R4X0"", ""Q4WAY3"", ""A0A2P1DP91"", ""A0A455R5H4"", ""C5I9X1""]","[8.971253e-07, 2.2631873e-08, 3.8045272e-10, 1.2860017e-10, 8.197525e-15, 3.99979e-15, 3.0439998e-19, 1.32121835e-20]",0.125
RHEA:60696,RHEA:60696,ok,False,53,0,1,0,,,,False,False,False,False,[],[],0.0
RHEA:60744,RHEA:60744,ok,True,14,14,1,1,14.0,H6U1I8,3.1482775e-13,False,False,False,False,"[""A0A3G9GUR6"", ""P9WEG1"", ""Q4WBI0"", ""B6HV32"", ""A0A097ZPE0"", ""Q5ATJ7"", ""A0A1Y0BRF1"", ""A0A0U5GFS8"", ""A0A0F7U103"", ""A0A1E1FFN8""]","[0.00043787275, 2.7209268e-05, 2.5369445e-05, 7.439173e-06, 6.352391e-06, 4.443828e-06, 3.5932858e-06, 2.627107e-06, 1.913188e-06, 1.3970133e-06]",0.07142857142857142
RHEA:60748,RHEA:60748,ok,True,5,5,1,1,3.0,H6U1I8,4.8712478e-17,False,True,True,True,"[""A0A3G9GUR6"", ""Q4WBI0"", ""H6U1I8"", ""A0A2P1DP91"", ""Q4WBH9""]","[6.310282e-11, 5.118948e-13, 4.8712478e-17, 1.2863627e-17, 1.9092669e-18]",0.3333333333333333
RHEA:60752,RHEA:60752,ok,True,14,14,1,1,14.0,H6U1I8,3.0455946e-13,False,False,False,False,"[""A0A3G9GUR6"", ""P9WEG1"", ""Q4WBI0"", ""B6HV32"", ""A0A097ZPE0"", ""Q5ATJ7"", ""A0A1Y0BRF1"", ""A0A0U5GFS8"", ""A0A0F7U103"", ""A0A1E1FFN8""]","[0.00042732354, 2.7028289e-05, 2.4366283e-05, 7.384133e-06, 6.3499688e-06, 4.434024e-06, 3.5812438e-06, 2.6287087e-06, 1.8967127e-06, 1.390796e-06]",0.07142857142857142
RHEA:60756,RHEA:60756,ok,True,15,15,1,1,10.0,H6U1I8,0.0,False,False,False,True,"[""A0A097ZPE0"", ""A0A0F7U103"", ""A0A0U5GFS8"", ""A0A1E1FFN8"", ""A0A1Y0BRF1"", ""A0A2I1BSV9"", ""A0A2P1DP91"", ""A0A455R5P9"", ""B6HV32"", ""H6U1I8""]","[0.0, 0.0, 0.0, 0.0, 0.0, 0.0, 0.0, 0.0, 0.0, 0.0]",0.1
RHEA:60760,RHEA:60760,ok,True,5,5,1,1,3.0,H6U1I8,4.669325000000001e-17,False,True,True,True,"[""A0A3G9GUR6"", ""Q4WBI0"", ""H6U1I8"", ""A0A2P1DP91"", ""Q4WBH9""]","[6.111914e-11, 5.028429e-13, 4.669325000000001e-17, 1.2034943e-17, 1.7810451999999997e-18]",0.3333333333333333
RHEA:60764,RHEA:60764,ok,True,14,14,1,1,3.0,H6U1I8,6.4164715e-21,False,True,True,True,"[""P9WEG8"", ""Q4WAY3"", ""H6U1I8"", ""A0A2P1DP91"", ""A0A1E1FFN8"", ""A0A0F7U103"", ""B6HV32"", ""A0A097ZPE0"", ""A0A0U5GFS8"", ""Q0C8A4""]","[1.6783046e-15, 2.5367379e-20, 6.4164715e-21, 1.1054483e-21, 1.7031874e-22, 5.630353e-23, 2.2323408e-23, 1.1928638e-23, 1.0937653e-23, 9.379161e-24]",0.3333333333333333
RHEA:61096,RHEA:61096,ok,True,9,9,1,1,3.0,A0A4D6Q415,1.1318095e-37,False,True,True,True,"[""A0A386KZI3"", ""A0A098D1J7"", ""A0A4D6Q415"", ""P0DO35"", ""P0DO38"", ""P0DO39"", ""P0DO40"", ""P0DO41"", ""P0DO42""]","[3.196161e-35, 5.2172316e-36, 1.1318095e-37, 0.0, 0.0, 0.0, 0.0, 0.0, 0.0]",0.3333333333333333
RHEA:61112,RHEA:61112,ok,True,9,9,1,1,3.0,A0A4D6Q415,1.7865291e-26,False,True,True,True,"[""A0A386KZI3"", ""A0A098D1J7"", ""A0A4D6Q415"", ""P0DO35"", ""P0DO40"", ""P0DO39"", ""P0DO38"", ""P0DO41"", ""P0DO42""]","[2.0354813e-21, 4.189535e-24, 1.7865291e-26, 1.312577e-29, 1.175949e-29, 1.0880482e-29, 8.648308999999999e-30, 7.366765500000002e-30, 4.8272633e-30]",0.3333333333333333
RHEA:61124,RHEA:61124,ok,True,8,8,1,1,4.0,A0A4D6Q415,0.0,False,False,True,True,"[""A0A1D6F9Y9"", ""A0A1D6HSP4"", ""A0A386KZI3"", ""A0A4D6Q415"", ""P0DO41"", ""P0DO42"", ""Q1ZXA1"", ""Q9LSF8""]","[0.0, 0.0, 0.0, 0.0, 0.0, 0.0, 0.0, 0.0]",0.25
RHEA:62180,RHEA:62180,ok,True,13,13,1,1,3.0,A0A2K9RFZ2,0.0,False,True,True,True,"[""A0A0U5GNT1"", ""A0A1D6EFT8"", ""A0A2K9RFZ2"", ""A0A2K9RFZ9"", ""A0A3L6G2C1"", ""A5A8G0"", ""G8GJ94"", ""I1S104"", ""Q9LLR9"", ""S0ECT9""]","[0.0, 0.0, 0.0, 0.0, 0.0, 0.0, 0.0, 0.0, 0.0, 0.0]",0.3333333333333333
RHEA:62184,RHEA:62184,ok,False,11,0,1,0,,,,False,False,False,False,[],[],0.0
RHEA:62188,RHEA:62188,ok,False,31,0,1,0,,,,False,False,False,False,[],[],0.0
RHEA:62592,RHEA:62592,ok,True,12,12,1,1,2.0,K7WDL7,1.9669958e-20,False,True,True,True,"[""Q6WAU1"", ""K7WDL7"", ""Q4WAZ4"", ""Q6WAU0"", ""Q4WAY3"", ""A0A2P1DP91"", ""Q02769"", ""Q32KR6"", ""Q5R6U3"", ""P53798""]","[2.458188e-17, 1.9669958e-20, 2.5015163000000003e-22, 2.7086855e-23, 1.1808029e-23, 9.673439999999999e-27, 1.6417378e-28, 2.7727322e-29, 1.145846e-29, 1.1163007e-29]",0.5
RHEA:62596,RHEA:62596,ok,True,36,36,1,1,3.0,K7WDL7,1.5970164e-20,False,True,True,True,"[""F1SWA0"", ""Q6WAU1"", ""K7WDL7"", ""Q9Y753"", ""Q4WAZ4"", ""Q92459"", ""A0SJQ5"", ""V6RPN0"", ""Q6WAU0"", ""Q7S4Z6""]","[9.758155e-14, 2.1218648e-17, 1.5970164e-20, 2.3367285e-21, 2.2489667e-22, 1.0945797000000002e-22, 1.0668851e-22, 2.8189736e-23, 2.1242720000000006e-23, 1.6611070000000002e-23]",0.3333333333333333
RHEA:62972,RHEA:62972,ok,False,22,0,1,0,,,,False,False,False,False,[],[],0.0
RHEA:63012,RHEA:63012,ok,False,102,0,1,0,,,,False,False,False,False,[],[],0.0
RHEA:63068,RHEA:63068,ok,False,22,0,1,0,,,,False,False,False,False,[],[],0.0
RHEA:63080,RHEA:63080,ok,False,11,0,1,0,,,,False,False,False,False,[],[],0.0
RHEA:63084,RHEA:63084,ok,False,14,0,1,0,,,,False,False,False,False,[],[],0.0
RHEA:63092,RHEA:63092,ok,False,7,0,1,0,,,,False,False,False,False,[],[],0.0
RHEA:63096,RHEA:63096,ok,False,9,0,1,0,,,,False,False,False,False,[],[],0.0
RHEA:63100,RHEA:63100,ok,False,7,0,1,0,,,,False,False,False,False,[],[],0.0
RHEA:63104,RHEA:63104,ok,False,7,0,1,0,,,,False,False,False,False,[],[],0.0
RHEA:63108,RHEA:63108,ok,False,10,0,1,0,,,,False,False,False,False,[],[],0.0
RHEA:63112,RHEA:63112,ok,False,11,0,1,0,,,,False,False,False,False,[],[],0.0
RHEA:64332,RHEA:64332,ok,False,24,0,2,0,,,,False,False,False,False,[],[],0.0
RHEA:64336,RHEA:64336,ok,False,21,0,2,0,,,,False,False,False,False,[],[],0.0
RHEA:64340,RHEA:64340,ok,False,106,0,1,0,,,,False,False,False,False,[],[],0.0
RHEA:64344,RHEA:64344,ok,False,7,0,1,0,,,,False,False,False,False,[],[],0.0
RHEA:64348,RHEA:64348,no_smiles,False,0,0,1,0,,,,False,False,False,False,[],[],
RHEA:64572,RHEA:64572,ok,True,118,118,1,1,110.0,K7WQ45,8.065144e-07,False,False,False,False,"[""A0A8H8CFI5"", ""A0A8H7XQ49"", ""A0A8H7XP09"", ""P9WEV2"", ""A0A8K1AY78"", ""M2V8C1"", ""A0A2Z6AQX6"", ""A0A1L9UKS1"", ""P9WEV6"", ""A0A0P0ZD79""]","[0.03134263, 0.03035194, 0.011437709, 0.005990614, 0.0055632414, 0.0048212335, 0.004740237, 0.004007913, 0.0034098364, 0.0033500334]",0.00909090909090909
RHEA:64580,RHEA:64580,ok,True,59,59,1,1,55.0,K7WQ45,1.7383419e-06,False,False,False,False,"[""P9WEV2"", ""A0A2Z6AQX6"", ""A0A0P0ZEM1"", ""A0A0P0ZD79"", ""M2V8C1"", ""Q0CRW6"", ""A1C8C3"", ""P9WER6"", ""P9WER5"", ""M2U578""]","[0.007277208, 0.006111093, 0.0054647867, 0.0053226487, 0.0053201253, 0.004719106, 0.0036385064, 0.0035547768, 0.003009994, 0.0028760347]",0.01818181818181818
RHEA:64856,RHEA:64856,ok,False,12,0,1,0,,,,False,False,False,False,[],[],0.0
RHEA:65072,RHEA:65072,ok,False,47,0,1,0,,,,False,False,False,False,[],[],0.0
RHEA:65112,RHEA:65112,ok,True,7,7,1,1,4.0,A0A1L9WUX8,0.0,False,False,True,True,"[""A0A0F7TZD6"", ""A0A0U5GHG9"", ""A0A1E1FFL0"", ""A0A1L9WUX8"", ""A0A2I1BSZ6"", ""A0A3G9H185"", ""Q5AR34""]","[0.0, 0.0, 0.0, 0.0, 0.0, 0.0, 0.0]",0.25
RHEA:65116,RHEA:65116,ok,True,7,7,1,1,4.0,A0A1L9WUX8,0.0,False,False,True,True,"[""A0A0F7TZD6"", ""A0A0U5GHG9"", ""A0A1E1FFL0"", ""A0A1L9WUX8"", ""A0A2I1BSZ6"", ""A0A3G9H185"", ""Q5AR34""]","[0.0, 0.0, 0.0, 0.0, 0.0, 0.0, 0.0]",0.25
RHEA:65132,RHEA:65132,ok,True,7,7,3,3,1.0,A0A0F7TZD6,0.0,True,True,True,True,"[""A0A0F7TZD6"", ""A0A0U5GHG9"", ""A0A1E1FFL0"", ""A0A1L9WUX8"", ""A0A2I1BSZ6"", ""A0A3G9H185"", ""Q5AR34""]","[0.0, 0.0, 0.0, 0.0, 0.0, 0.0, 0.0]",1.0
RHEA:65140,RHEA:65140,ok,False,12,0,3,0,,,,False,False,False,False,[],[],0.0
RHEA:65144,RHEA:65144,ok,True,7,7,3,3,1.0,A0A0F7TZD6,0.0,True,True,True,True,"[""A0A0F7TZD6"", ""A0A0U5GHG9"", ""A0A1E1FFL0"", ""A0A1L9WUX8"", ""A0A2I1BSZ6"", ""A0A3G9H185"", ""Q5AR34""]","[0.0, 0.0, 0.0, 0.0, 0.0, 0.0, 0.0]",1.0
RHEA:65156,RHEA:65156,ok,True,7,7,3,3,1.0,A0A0F7TZD6,0.0,True,True,True,True,"[""A0A0F7TZD6"", ""A0A0U5GHG9"", ""A0A1E1FFL0"", ""A0A1L9WUX8"", ""A0A2I1BSZ6"", ""A0A3G9H185"", ""Q5AR34""]","[0.0, 0.0, 0.0, 0.0, 0.0, 0.0, 0.0]",1.0
RHEA:65168,RHEA:65168,ok,False,11,0,4,0,,,,False,False,False,False,[],[],0.0
RHEA:65176,RHEA:65176,ok,False,12,0,1,0,,,,False,False,False,False,[],[],0.0
RHEA:65180,RHEA:65180,ok,False,16,0,1,0,,,,False,False,False,False,[],[],0.0
RHEA:65184,RHEA:65184,ok,True,7,7,1,1,3.0,A0A1E1FFL0,0.0,False,True,True,True,"[""A0A0F7TZD6"", ""A0A0U5GHG9"", ""A0A1E1FFL0"", ""A0A1L9WUX8"", ""A0A2I1BSZ6"", ""A0A3G9H185"", ""Q5AR34""]","[0.0, 0.0, 0.0, 0.0, 0.0, 0.0, 0.0]",0.3333333333333333
RHEA:65188,RHEA:65188,ok,True,7,7,1,1,3.0,A0A1E1FFL0,0.0,False,True,True,True,"[""A0A0F7TZD6"", ""A0A0U5GHG9"", ""A0A1E1FFL0"", ""A0A1L9WUX8"", ""A0A2I1BSZ6"", ""A0A3G9H185"", ""Q5AR34""]","[0.0, 0.0, 0.0, 0.0, 0.0, 0.0, 0.0]",0.3333333333333333
RHEA:65192,RHEA:65192,ok,True,7,7,1,1,3.0,A0A1E1FFL0,0.0,False,True,True,True,"[""A0A0F7TZD6"", ""A0A0U5GHG9"", ""A0A1E1FFL0"", ""A0A1L9WUX8"", ""A0A2I1BSZ6"", ""A0A3G9H185"", ""Q5AR34""]","[0.0, 0.0, 0.0, 0.0, 0.0, 0.0, 0.0]",0.3333333333333333
RHEA:65248,RHEA:65248,ok,False,13,0,1,0,,,,False,False,False,False,[],[],0.0
RHEA:65252,RHEA:65252,ok,False,106,0,1,0,,,,False,False,False,False,[],[],0.0
RHEA:65256,RHEA:65256,ok,False,14,0,1,0,,,,False,False,False,False,[],[],0.0
RHEA:65260,RHEA:65260,ok,False,6,0,1,0,,,,False,False,False,False,[],[],0.0
RHEA:65264,RHEA:65264,ok,True,14,14,1,1,12.0,A0A3G9HAL8,0.0,False,False,False,False,"[""A0A0F7TXA5"", ""A0A0F7TXA8"", ""A0A0U4ZPL6"", ""A0A0U5HAQ4"", ""A0A1E1FFN4"", ""A0A1E1FFN7"", ""A0A1E1FFP5"", ""A0A2I1BSU0"", ""A0A2I1BSW0"", ""A0A2I1BSW8""]","[0.0, 0.0, 0.0, 0.0, 0.0, 0.0, 0.0, 0.0, 0.0, 0.0]",0.08333333333333333
RHEA:65268,RHEA:65268,ok,True,8,8,1,1,2.0,A0A3G9GNK2,0.0,False,True,True,True,"[""A0A2P1DP91"", ""A0A3G9GNK2"", ""A0A455R4X0"", ""A0A455R5H4"", ""A0A455R624"", ""Q4WAY3"", ""Q4WAZ2"", ""Q4WLD1""]","[0.0, 0.0, 0.0, 0.0, 0.0, 0.0, 0.0, 0.0]",0.5
RHEA:65272,RHEA:65272,ok,True,8,8,1,1,2.0,A0A3G9GNK2,0.0,False,True,True,True,"[""A0A2P1DP91"", ""A0A3G9GNK2"", ""A0A455R4X0"", ""A0A455R5H4"", ""A0A455R624"", ""Q4WAY3"", ""Q4WAZ2"", ""Q4WLD1""]","[0.0, 0.0, 0.0, 0.0, 0.0, 0.0, 0.0, 0.0]",0.5
RHEA:65300,RHEA:65300,ok,True,8,8,1,1,7.0,A0A3G9H185,0.0,False,False,False,True,"[""A0A0F7TZD6"", ""A0A0U5GHG9"", ""A0A1E1FFL0"", ""A0A1L9WUX8"", ""A0A2I1BSZ6"", ""A0A3G9GR23"", ""A0A3G9H185"", ""Q5AR34""]","[0.0, 0.0, 0.0, 0.0, 0.0, 0.0, 0.0, 0.0]",0.14285714285714285
RHEA:65304,RHEA:65304,ok,True,9,9,1,1,7.0,A0A3G9GR23,0.0,False,False,False,True,"[""A0A0F7TZD6"", ""A0A0U5GHG9"", ""A0A1E1FFL0"", ""A0A1L9WUX8"", ""A0A2I1BSX0"", ""A0A2I1BSZ6"", ""A0A3G9GR23"", ""A0A3G9H185"", ""Q5AR34""]","[0.0, 0.0, 0.0, 0.0, 0.0, 0.0, 0.0, 0.0, 0.0]",0.14285714285714285
RHEA:65316,RHEA:65316,ok,True,8,8,1,1,7.0,A0A3G9H185,0.0,False,False,False,True,"[""A0A0F7TZD6"", ""A0A0U5GHG9"", ""A0A1E1FFL0"", ""A0A1L9WUX8"", ""A0A2I1BSZ6"", ""A0A3G9GR23"", ""A0A3G9H185"", ""Q5AR34""]","[0.0, 0.0, 0.0, 0.0, 0.0, 0.0, 0.0, 0.0]",0.14285714285714285
RHEA:65320,RHEA:65320,ok,True,9,9,1,1,7.0,A0A3G9GR23,0.0,False,False,False,True,"[""A0A0F7TZD6"", ""A0A0U5GHG9"", ""A0A1E1FFL0"", ""A0A1L9WUX8"", ""A0A2I1BSX0"", ""A0A2I1BSZ6"", ""A0A3G9GR23"", ""A0A3G9H185"", ""Q5AR34""]","[0.0, 0.0, 0.0, 0.0, 0.0, 0.0, 0.0, 0.0, 0.0]",0.14285714285714285
RHEA:65324,RHEA:65324,ok,False,17,0,1,0,,,,False,False,False,False,[],[],0.0
RHEA:65328,RHEA:65328,ok,True,14,14,1,1,12.0,A0A3G9HAL8,0.0,False,False,False,False,"[""A0A0F7TXA5"", ""A0A0F7TXA8"", ""A0A0U4ZPL6"", ""A0A0U5HAQ4"", ""A0A1E1FFN4"", ""A0A1E1FFN7"", ""A0A1E1FFP5"", ""A0A2I1BSU0"", ""A0A2I1BSW0"", ""A0A2I1BSW8""]","[0.0, 0.0, 0.0, 0.0, 0.0, 0.0, 0.0, 0.0, 0.0, 0.0]",0.08333333333333333
RHEA:65332,RHEA:65332,ok,True,8,8,1,1,2.0,A0A3G9GNK2,0.0,False,True,True,True,"[""A0A2P1DP91"", ""A0A3G9GNK2"", ""A0A455R4X0"", ""A0A455R5H4"", ""A0A455R624"", ""Q4WAY3"", ""Q4WAZ2"", ""Q4WLD1""]","[0.0, 0.0, 0.0, 0.0, 0.0, 0.0, 0.0, 0.0]",0.5
RHEA:65336,RHEA:65336,ok,True,8,8,1,1,2.0,A0A3G9GNK2,0.0,False,True,True,True,"[""A0A2P1DP91"", ""A0A3G9GNK2"", ""A0A455R4X0"", ""A0A455R5H4"", ""A0A455R624"", ""Q4WAY3"", ""Q4WAZ2"", ""Q4WLD1""]","[0.0, 0.0, 0.0, 0.0, 0.0, 0.0, 0.0, 0.0]",0.5
RHEA:65828,RHEA:65828,ok,False,56,0,1,0,,,,False,False,False,False,[],[],0.0
RHEA:66636,RHEA:66636,ok,False,28,0,1,0,,,,False,False,False,False,[],[],0.0
RHEA:66640,RHEA:66640,ok,False,19,0,1,0,,,,False,False,False,False,[],[],0.0
RHEA:66644,RHEA:66644,ok,True,30,29,2,1,16.0,A0A5S9I252,0.0,False,False,False,False,"[""A0A0B4FWC3"", ""A0A0B4G3Q7"", ""A0A0B4GN88"", ""A0A0B4IF96"", ""A0A167V661"", ""A0A1L2D3T3"", ""A0A1V0E4A6"", ""A0A291SJC7"", ""A0A343W969"", ""A0A348AUV5""]","[0.0, 0.0, 0.0, 0.0, 0.0, 0.0, 0.0, 0.0, 0.0, 0.0]",0.0625
RHEA:66648,RHEA:66648,ok,True,16,15,1,1,5.0,A0A5S9I252,0.0,False,False,True,True,"[""A0A067SEC9"", ""A0A1D6EFT8"", ""A0A291SJC7"", ""A0A3L6G2C1"", ""A0A5S9I252"", ""A0A8H8CMW1"", ""A8NU13"", ""A9GK58"", ""B1B1U4"", ""G2P5T1""]","[0.0, 0.0, 0.0, 0.0, 0.0, 0.0, 0.0, 0.0, 0.0, 0.0]",0.2
RHEA:66652,RHEA:66652,ok,True,28,27,1,1,13.0,A0A5S9I252,0.0,False,False,False,False,"[""A0A151ZEA6"", ""A0A167V661"", ""A0A291SJC7"", ""A0A348AUV5"", ""A0A348AUV6"", ""A0A348AUV7"", ""A0A348AUV9"", ""A0A348AUW0"", ""A0A348AUW1"", ""A0A348B788""]","[0.0, 0.0, 0.0, 0.0, 0.0, 0.0, 0.0, 0.0, 0.0, 0.0]",0.07692307692307693
RHEA:66712,RHEA:66712,ok,False,11,0,1,0,,,,False,False,False,False,[],[],0.0
RHEA:66832,RHEA:66832,ok,False,11,0,2,0,,,,False,False,False,False,[],[],0.0
RHEA:66836,RHEA:66836,ok,True,12,12,1,1,7.0,A0A3S9NM20,0.0,False,False,False,True,"[""A0A0P0ZEA9"", ""A0A1D6GQ67"", ""A0A1L9WQK2"", ""A0A1V1FNM9"", ""A0A1Y1C7S2"", ""A0A3Q9FEJ4"", ""A0A3S9NM20"", ""A1DN29"", ""B4FVP3"", ""M2V933""]","[0.0, 0.0, 0.0, 0.0, 0.0, 0.0, 0.0, 0.0, 0.0, 0.0]",0.14285714285714285
RHEA:66840,RHEA:66840,ok,True,12,12,1,1,2.0,A0A3S9NM20,4.408771e-06,False,True,True,True,"[""A0A3Q9FEJ4"", ""A0A3S9NM20"", ""M2V933"", ""A1DN29"", ""A0A1V1FNM9"", ""A0A0P0ZEA9"", ""A0A1Y1C7S2"", ""A0A1L9WQK2"", ""P9WEV3"", ""Q0CRW7""]","[5.5013697e-06, 4.408771e-06, 3.3668455e-06, 2.8535528e-06, 1.4949093e-06, 8.1899015e-07, 6.5011574e-07, 3.769399e-07, 2.022824e-07, 1.531627e-07]",0.5
RHEA:66844,RHEA:66844,ok,False,11,0,1,0,,,,False,False,False,False,[],[],0.0
RHEA:66860,RHEA:66860,ok,False,59,0,5,0,,,,False,False,False,False,[],[],0.0
RHEA:66864,RHEA:66864,ok,False,12,0,1,0,,,,False,False,False,False,[],[],0.0
RHEA:66868,RHEA:66868,ok,False,11,0,1,0,,,,False,False,False,False,[],[],0.0
RHEA:66896,RHEA:66896,ok,False,11,0,2,0,,,,False,False,False,False,[],[],0.0
RHEA:67036,RHEA:67036,ok,False,8,0,1,0,,,,False,False,False,False,[],[],0.0
RHEA:67040,RHEA:67040,no_smiles,False,0,0,1,0,,,,False,False,False,False,[],[],
RHEA:67044,RHEA:67044,ok,False,12,0,1,0,,,,False,False,False,False,[],[],0.0
RHEA:67048,RHEA:67048,ok,True,15,15,1,1,7.0,A0A2I1BSU0,4.089645e-16,False,False,False,True,"[""C9K1X6"", ""A0A2I1BSW8"", ""A0A1E1FFN4"", ""C8VE79"", ""A0A0F7TXA5"", ""C9K1X7"", ""A0A2I1BSU0"", ""A0A0U5HAQ4"", ""Q5ATK1"", ""A0A0F7TXA8""]","[1.2014623e-13, 1.4747511e-14, 1.0258057e-15, 8.543768e-16, 6.849337600000001e-16, 4.2573628e-16, 4.089645e-16, 3.894381e-16, 1.584265e-16, 1.214207e-16]",0.14285714285714285
RHEA:67052,RHEA:67052,ok,True,15,15,1,1,7.0,A0A2I1BSU0,0.0,False,False,False,True,"[""A0A0F7TXA5"", ""A0A0F7TXA8"", ""A0A0U4ZPL6"", ""A0A0U5HAQ4"", ""A0A1E1FFN4"", ""A0A1E1FFN7"", ""A0A2I1BSU0"", ""A0A3G9GQ29"", ""A0A3G9GX61"", ""A4DA41""]","[0.0, 0.0, 0.0, 0.0, 0.0, 0.0, 0.0, 0.0, 0.0, 0.0]",0.14285714285714285
RHEA:67056,RHEA:67056,ok,True,18,18,1,1,4.0,A0A2I1BSV7,8.586912e-09,False,False,True,True,"[""A0A2I1BSW0"", ""A0A2I1BSU0"", ""A0A067Z9B6"", ""A0A2I1BSV7"", ""B8NHE4"", ""A0A455R7E6"", ""A0A2I1BSW8"", ""Q5ATJ7"", ""P9WEG1"", ""A0A1E1FFN8""]","[3.204813e-07, 2.9572808e-08, 2.776339e-08, 8.586912e-09, 7.3723547e-09, 7.125932e-09, 3.27004e-09, 1.3374886e-09, 1.309999e-09, 9.669815e-10]",0.25
RHEA:67060,RHEA:67060,ok,True,18,18,1,1,9.0,A0A2I1BSV7,0.0,False,False,False,True,"[""A0A2I1BSW0"", ""A0A067Z9B6"", ""A0A097ZPE0"", ""A0A0F7U103"", ""A0A0U5GFS8"", ""A0A1E1FFN8"", ""A0A1Y0BRF1"", ""A0A2I1BSU0"", ""A0A2I1BSV7"", ""A0A2I1BSV9""]","[3.904107e-39, 0.0, 0.0, 0.0, 0.0, 0.0, 0.0, 0.0, 0.0, 0.0]",0.1111111111111111
RHEA:67064,RHEA:67064,ok,True,13,13,1,1,9.0,A0A2I1BSW0,0.0,False,False,False,True,"[""A0A0F7TXA5"", ""A0A0F7TXA8"", ""A0A0U4ZPL6"", ""A0A0U5HAQ4"", ""A0A1E1FFN4"", ""A0A1E1FFN7"", ""A0A1E1FFP5"", ""A0A2I1BSU0"", ""A0A2I1BSW0"", ""A0A2I1BSW8""]","[0.0, 0.0, 0.0, 0.0, 0.0, 0.0, 0.0, 0.0, 0.0, 0.0]",0.1111111111111111
RHEA:67068,RHEA:67068,ok,True,13,13,1,1,9.0,A0A2I1BSW0,0.0,False,False,False,True,"[""A0A0F7TXA5"", ""A0A0F7TXA8"", ""A0A0U4ZPL6"", ""A0A0U5HAQ4"", ""A0A1E1FFN4"", ""A0A1E1FFN7"", ""A0A1E1FFP5"", ""A0A2I1BSU0"", ""A0A2I1BSW0"", ""A0A2I1BSW8""]","[0.0, 0.0, 0.0, 0.0, 0.0, 0.0, 0.0, 0.0, 0.0, 0.0]",0.1111111111111111
RHEA:67096,RHEA:67096,ok,False,7,0,1,0,,,,False,False,False,False,[],[],0.0
RHEA:67100,RHEA:67100,ok,False,11,0,1,0,,,,False,False,False,False,[],[],0.0
RHEA:67104,RHEA:67104,ok,False,6,0,1,0,,,,False,False,False,False,[],[],0.0
RHEA:67400,RHEA:67400,ok,True,22,22,2,1,6.0,A0A1V0QSG6,3.483954e-39,False,False,False,True,"[""Q82RR7"", ""A0A1L7VZE7"", ""A0A1L7U8F2"", ""Q9AR04"", ""A0A142BX70"", ""A0A1V0QSG6"", ""A0A0C3FBR2"", ""A0A0C9VD04"", ""A0A1L5YKS7"", ""A0A348B779""]","[4.3463225e-37, 1.063188e-37, 5.459478e-38, 4.0949223000000005e-38, 1.4592989999999998e-38, 3.483954e-39, 0.0, 0.0, 0.0, 0.0]",0.16666666666666666
RHEA:67404,RHEA:67404,ok,True,11,11,6,6,5.0,P0DO35,1.1375276500000001e-29,False,False,True,True,"[""A0A386KZI3"", ""Q1ZXA1"", ""A0A1D6HSP4"", ""Q9LSF8"", ""P0DO35"", ""P0DO41"", ""P0DO40"", ""P0DO39"", ""P0DO38"", ""P0DO42""]","[2.2684761e-20, 3.4835888e-21, 1.2545215e-28, 1.5999176e-29, 1.1375276500000001e-29, 3.7394525e-30, 3.6400588e-30, 3.5549503e-30, 3.4419765000000005e-30, 2.7780134e-30]",0.2
RHEA:67408,RHEA:67408,ok,True,11,11,1,1,4.0,P0DO35,0.0,False,False,True,True,"[""A0A1D6HSP4"", ""A0A386KZI3"", ""B4FVP3"", ""P0DO35"", ""P0DO38"", ""P0DO39"", ""P0DO40"", ""P0DO41"", ""P0DO42"", ""Q1ZXA1""]","[0.0, 0.0, 0.0, 0.0, 0.0, 0.0, 0.0, 0.0, 0.0, 0.0]",0.25
RHEA:67412,RHEA:67412,ok,True,12,12,2,2,8.0,P0DO42,1.03130375e-13,False,False,False,True,"[""A0A386KZI3"", ""Q1ZXA1"", ""A0A098D1J7"", ""P0DO35"", ""P0DO39"", ""P0DO40"", ""P0DO38"", ""P0DO42"", ""P0DO41"", ""A0A4D6Q415""]","[0.0010761839, 0.00054353965, 5.529746e-07, 6.0077475e-13, 1.7706375e-13, 1.6301304e-13, 1.552665e-13, 1.03130375e-13, 9.390503e-14, 1.4665198e-16]",0.125
RHEA:67416,RHEA:67416,ok,True,12,12,1,1,9.0,P0DO35,2.0988717e-26,False,False,False,True,"[""A0A386KZI3"", ""Q1ZXA1"", ""A0A1D6HSP4"", ""A0A0P0ZEA9"", ""P0DO40"", ""Q9LSF8"", ""P0DO39"", ""P0DO38"", ""P0DO35"", ""P0DO41""]","[8.7694115e-20, 2.0402077e-21, 1.2611614e-22, 1.0139385e-25, 4.5135755e-26, 3.948723e-26, 3.806732e-26, 3.0006743e-26, 2.0988717e-26, 1.3409816e-26]",0.1111111111111111
RHEA:67476,RHEA:67476,ok,False,90,0,1,0,,,,False,False,False,False,[],[],0.0
RHEA:68156,RHEA:68156,ok,False,120,0,1,0,,,,False,False,False,False,[],[],0.0
RHEA:68160,RHEA:68160,ok,True,19,19,1,1,1.0,A0A386KZI3,0.99157846,True,True,True,True,"[""A0A386KZI3"", ""I1RQ76"", ""A0A0P0ZEA9"", ""M2V933"", ""Q9LSF8"", ""P32476"", ""A0A1V1FNM9"", ""A0A1D6HSP4"", ""Q9C1W3"", ""A0A1D6F9Y9""]","[0.99157846, 0.03601276, 0.023170399, 0.007187416, 0.0071435906, 0.007117502, 0.0058395676, 0.0054850383, 0.003301859, 0.0029677786]",1.0
RHEA:68164,RHEA:68164,ok,True,19,19,1,1,1.0,A0A386KZI3,0.99982125,True,True,True,True,"[""A0A386KZI3"", ""M2V933"", ""I1RQ76"", ""A0A0P0ZEA9"", ""P32476"", ""A0A1V1FNM9"", ""Q9LSF8"", ""Q92206"", ""Q9C1W3"", ""A0A1D6HSP4""]","[0.99982125, 0.7307532, 0.7013357, 0.6118572, 0.606371, 0.5712509, 0.45852637, 0.25364274, 0.18279618, 0.009099949]",1.0
RHEA:68168,RHEA:68168,ok,True,17,17,1,1,1.0,A0A386KZI3,1.1795573e-28,True,True,True,True,"[""A0A386KZI3"", ""Q9LSF8"", ""Q9C1W3"", ""I1RQ76"", ""P32476"", ""O48651"", ""P0DO35"", ""P0DO42"", ""P0DO41"", ""Q92206""]","[1.1795573e-28, 6.985310999999999e-30, 6.0961374000000005e-30, 2.6579073e-30, 6.1157694e-31, 1.9698378e-31, 9.763613e-32, 9.058986e-32, 7.057245e-32, 3.941337e-32]",1.0
RHEA:68400,RHEA:68400,ok,False,26,0,2,0,,,,False,False,False,False,[],[],0.0
RHEA:68468,RHEA:68468,ok,True,80,80,4,4,5.0,G5CV54,1.5793304e-37,False,False,True,True,"[""D5SL78"", ""A0A8H7XMX0"", ""Q9K498"", ""A0A8H7XP09"", ""G5CV54"", ""G8H5N1"", ""P85964"", ""A0A386JV86"", ""G8H5M9"", ""Q54YE2""]","[1.4799562e-32, 2.9546257e-34, 2.3619497e-34, 1.2840270999999998e-35, 1.5793304e-37, 9.884027e-38, 7.539419600000001e-38, 4.896943999999999e-38, 4.812571e-38, 2.884679e-38]",0.2
RHEA:68472,RHEA:68472,ok,True,69,69,2,2,12.0,G5CV54,1.6773296999999998e-25,False,False,False,False,"[""B8XA41"", ""F0ZDD0"", ""A0A0B4G504"", ""Q54YE2"", ""F0ZL92"", ""Q4QSN4"", ""A0A385AJN0"", ""Q55E23"", ""B6SCF6"", ""Q84KL5""]","[7.062509e-21, 6.241344000000001e-23, 2.2430963e-23, 2.0638454e-23, 1.6966824e-23, 8.948531e-24, 5.9410494999999985e-25, 5.6149462999999985e-25, 4.7122695e-25, 3.9780256e-25]",0.08333333333333333
RHEA:68504,RHEA:68504,ok,True,89,89,1,1,5.0,G8H5N1,1.1509165e-33,False,False,True,True,"[""D5SL78"", ""A0A8H7XMX0"", ""G5CV54"", ""A0A8H8CMW1"", ""G8H5N1"", ""G8H5M9"", ""B6SCF6"", ""A0A4Y5L9K3"", ""B6HV35"", ""G8H5M8""]","[4.8400073e-29, 5.465644e-31, 1.9651826e-33, 1.8346888e-33, 1.1509165e-33, 5.5355296e-34, 1.6856026e-34, 1.502332e-34, 1.4166285e-34, 7.2083225e-35]",0.2
RHEA:68508,RHEA:68508,ok,True,89,89,2,2,5.0,G8H5N1,1.1509165e-33,False,False,True,True,"[""D5SL78"", ""A0A8H7XMX0"", ""G5CV54"", ""A0A8H8CMW1"", ""G8H5N1"", ""G8H5M9"", ""B6SCF6"", ""A0A4Y5L9K3"", ""B6HV35"", ""G8H5M8""]","[4.840044e-29, 5.4656025e-31, 1.9651826e-33, 1.8346888e-33, 1.1509165e-33, 5.535572e-34, 1.6856026e-34, 1.5023435e-34, 1.4166177e-34, 7.2082674e-35]",0.2
RHEA:68512,RHEA:68512,ok,True,46,46,1,1,13.0,G8H5N1,0.0,False,False,False,False,"[""A0A0A2JB87"", ""A0A1V0QSF3"", ""A0A1V0QSG6"", ""A0A1W6GW06"", ""A0A1W6GW18"", ""A0A1W6GW32"", ""A0A385AJM6"", ""B6H063"", ""B8XA41"", ""D0UZK2""]","[0.0, 0.0, 0.0, 0.0, 0.0, 0.0, 0.0, 0.0, 0.0, 0.0]",0.07692307692307693
RHEA:68516,RHEA:68516,ok,True,46,46,1,1,13.0,G8H5N1,0.0,False,False,False,False,"[""A0A0A2JB87"", ""A0A1V0QSF3"", ""A0A1V0QSG6"", ""A0A1W6GW06"", ""A0A1W6GW18"", ""A0A1W6GW32"", ""A0A385AJM6"", ""B6H063"", ""B8XA41"", ""D0UZK2""]","[0.0, 0.0, 0.0, 0.0, 0.0, 0.0, 0.0, 0.0, 0.0, 0.0]",0.07692307692307693
RHEA:68520,RHEA:68520,ok,True,46,46,3,2,13.0,G8H5N1,0.0,False,False,False,False,"[""A0A0A2JB87"", ""A0A1V0QSF3"", ""A0A1V0QSG6"", ""A0A1W6GW06"", ""A0A1W6GW18"", ""A0A1W6GW32"", ""A0A385AJM6"", ""B6H063"", ""B8XA41"", ""D0UZK2""]","[0.0, 0.0, 0.0, 0.0, 0.0, 0.0, 0.0, 0.0, 0.0, 0.0]",0.07692307692307693
RHEA:68524,RHEA:68524,ok,False,25,0,6,0,,,,False,False,False,False,[],[],0.0
RHEA:68528,RHEA:68528,ok,False,25,0,4,0,,,,False,False,False,False,[],[],0.0
RHEA:68532,RHEA:68532,ok,True,69,69,1,1,22.0,G8H5M9,3.7577474000000005e-27,False,False,False,False,"[""B8XA41"", ""F0ZDD0"", ""A0A0B4G504"", ""Q54YE2"", ""Q4QSN4"", ""F0ZL92"", ""A0A385AJN0"", ""Q55E23"", ""B6SCF6"", ""Q9T0K1""]","[7.055912e-21, 1.2868839e-23, 8.390989e-24, 4.0487576e-24, 3.4634425e-24, 1.7909253000000002e-24, 1.6719187999999998e-25, 1.274323e-25, 8.809317600000001e-26, 8.242286999999999e-26]",0.045454545454545456
RHEA:68536,RHEA:68536,ok,True,15,15,1,1,6.0,G8H5N1,0.0,False,False,False,True,"[""A0A348B788"", ""A0A516F405"", ""B8NHE0"", ""E3VWJ0"", ""G8H5M9"", ""G8H5N1"", ""Q40577"", ""Q4KSH9"", ""Q55012"", ""Q6JD70""]","[0.0, 0.0, 0.0, 0.0, 0.0, 0.0, 0.0, 0.0, 0.0, 0.0]",0.16666666666666666
RHEA:68540,RHEA:68540,ok,True,15,15,1,1,6.0,G8H5N1,0.0,False,False,False,True,"[""A0A348B788"", ""A0A516F405"", ""B8NHE0"", ""E3VWJ0"", ""G8H5M9"", ""G8H5N1"", ""Q40577"", ""Q4KSH9"", ""Q55012"", ""Q6JD70""]","[0.0, 0.0, 0.0, 0.0, 0.0, 0.0, 0.0, 0.0, 0.0, 0.0]",0.16666666666666666
RHEA:68544,RHEA:68544,ok,True,89,89,1,1,5.0,G8H5N1,1.1509077e-33,False,False,True,True,"[""D5SL78"", ""A0A8H7XMX0"", ""G5CV54"", ""A0A8H8CMW1"", ""G8H5N1"", ""G8H5M9"", ""B6SCF6"", ""A0A4Y5L9K3"", ""B6HV35"", ""G8H5M8""]","[4.8400073e-29, 5.4656025e-31, 1.9651826e-33, 1.8347028e-33, 1.1509077e-33, 5.535572e-34, 1.6856026e-34, 1.5023663e-34, 1.4166285e-34, 7.2083225e-35]",0.2
RHEA:68596,RHEA:68596,ok,False,61,0,1,0,,,,False,False,False,False,[],[],0.0
RHEA:68636,RHEA:68636,ok,True,90,90,11,11,26.0,A0A1V0QSF9,0.0,False,False,False,False,"[""A0A8H7XP09"", ""A0A8H7XQ49"", ""A0A8H8CFI5"", ""C1K5M3"", ""G8H5N1"", ""G8H5M9"", ""O23945"", ""G8H5M7"", ""P9WEY7"", ""Q54YE2""]","[1.3163794e-34, 7.832982e-35, 5.960246e-35, 1.17943165e-35, 5.1907496e-36, 2.1115574e-36, 8.738514e-37, 7.349533e-37, 4.8144284e-37, 4.793647e-37]",0.038461538461538464
RHEA:68640,RHEA:68640,ok,True,104,104,15,15,4.0,G8H5N1,1.9921264e-35,False,False,True,True,"[""A0A8H7XQ49"", ""A0A8H7XP09"", ""A0A8H8CFI5"", ""G8H5N1"", ""G8H5M9"", ""G8H5M7"", ""O23945"", ""G8H5M8"", ""Q54YE2"", ""C1K5M3""]","[1.4196473e-34, 1.1820854e-34, 9.027544599999999e-35, 1.9921264e-35, 7.440853e-36, 2.7133628e-36, 1.3134185e-36, 1.284629e-36, 8.669915e-37, 6.040812e-37]",0.25
RHEA:68644,RHEA:68644,ok,False,103,0,2,0,,,,False,False,False,False,[],[],0.0
RHEA:68708,RHEA:68708,ok,False,55,0,12,0,,,,False,False,False,False,[],[],0.0
RHEA:68712,RHEA:68712,ok,True,40,40,13,1,9.0,A0A385AJM6,0.0,False,False,False,True,"[""A0A067SEC9"", ""A0A0A2JB87"", ""A0A1V0QSF3"", ""A0A1V0QSG6"", ""A0A1W6GW06"", ""A0A1W6GW18"", ""A0A1W6GW32"", ""A0A291LSD6"", ""A0A385AJM6"", ""A0A7G5KLV2""]","[0.0, 0.0, 0.0, 0.0, 0.0, 0.0, 0.0, 0.0, 0.0, 0.0]",0.1111111111111111
RHEA:68716,RHEA:68716,ok,True,86,86,4,1,4.0,A0A142BX70,0.0,False,False,True,True,"[""A0A0A2JP58"", ""A0A0B4G504"", ""A0A0D4D912"", ""A0A142BX70"", ""A0A1V0E492"", ""A0A348B779"", ""A0A348B780"", ""A0A348B782"", ""A0A385AJN0"", ""A0A3L6G998""]","[0.0, 0.0, 0.0, 0.0, 0.0, 0.0, 0.0, 0.0, 0.0, 0.0]",0.25
RHEA:68772,RHEA:68772,ok,False,76,0,1,0,,,,False,False,False,False,[],[],0.0
RHEA:68776,RHEA:68776,ok,True,71,71,1,1,35.0,G8H5M7,0.0,False,False,False,False,"[""A0A0A2JP58"", ""A0A0B4G504"", ""A0A140KFG9"", ""A0A142BX70"", ""A0A1L6Z3A5"", ""A0A1V0E492"", ""A0A348B782"", ""A0A385AJN0"", ""A0A386JV86"", ""A0A3L6G998""]","[0.0, 0.0, 0.0, 0.0, 0.0, 0.0, 0.0, 0.0, 0.0, 0.0]",0.02857142857142857
RHEA:68780,RHEA:68780,ok,True,80,80,1,1,18.0,G8H5M7,5.159215e-39,False,False,False,False,"[""Q84KL5"", ""B9RXW0"", ""A0A8H7XP09"", ""A0A348B782"", ""O64404"", ""A0A8H7XMX0"", ""A0A0B4G504"", ""A0A0A2JP58"", ""G8H5N1"", ""Q84LB2""]","[4.6098847e-36, 1.139778e-36, 2.6309137e-37, 2.1114998e-37, 1.2742667e-37, 5.545113500000001e-38, 3.4902755e-38, 2.4249029999999997e-38, 2.0344309999999998e-38, 1.5473358e-38]",0.05555555555555555
RHEA:68784,RHEA:68784,ok,True,45,45,2,2,10.0,G8H5M8,7.3297093e-37,False,False,False,True,"[""Q9K498"", ""A0A8H7XP09"", ""G5CV54"", ""A0A343W969"", ""G8H5N1"", ""P85964"", ""A0A386JV86"", ""G8H5M9"", ""Q54YE2"", ""G8H5M8""]","[4.972899e-32, 7.831966e-35, 1.02747146e-35, 1.002178e-35, 6.181262999999999e-36, 4.3464406e-36, 3.9703018e-36, 2.9287683e-36, 1.2471017e-36, 7.3297093e-37]",0.1
RHEA:68788,RHEA:68788,ok,True,80,80,4,4,34.0,D5KXD2,0.0,False,False,False,False,"[""D5SL78"", ""Q9K498"", ""A0A8H7XMX0"", ""A0A8H7XP09"", ""G5CV54"", ""G8H5N1"", ""A0A386JV86"", ""G8H5M9"", ""Q54YE2"", ""A0A0B4G504""]","[2.1090088e-33, 6.8787014e-35, 5.7050998e-36, 3.7175782e-37, 4.6730885e-38, 3.055255e-38, 1.4102417e-38, 1.3432003e-38, 3.7694690000000005e-39, 0.0]",0.029411764705882353
RHEA:68824,RHEA:68824,ok,True,112,112,9,6,22.0,A0A8H7XP09,0.0,False,False,False,False,"[""A0A0M3Q1Q3"", ""A0A1C9J6A7"", ""A0A1D6LTV0"", ""A0A1V0QSF3"", ""A0A1V0QSF4"", ""A0A1V0QSF6"", ""A0A1V0QSF8"", ""A0A1V0QSF9"", ""A0A1V0QSG0"", ""A0A1V0QSG6""]","[0.0, 0.0, 0.0, 0.0, 0.0, 0.0, 0.0, 0.0, 0.0, 0.0]",0.045454545454545456
RHEA:68844,RHEA:68844,ok,False,69,0,1,0,,,,False,False,False,False,[],[],0.0
RHEA:68852,RHEA:68852,ok,False,40,0,1,0,,,,False,False,False,False,[],[],0.0
RHEA:69444,RHEA:69444,ok,True,44,44,1,1,2.0,A0A1V0E4A6,0.0,False,True,True,True,"[""A0A1L2D3T3"", ""A0A1V0E4A6"", ""A0A2R4QKX7"", ""A0A343W969"", ""A0A348B779"", ""A0A348B780"", ""A0A348B781"", ""A0A348B782"", ""A0A5Q0QMX0"", ""A0A5Q0QMX1""]","[0.0, 0.0, 0.0, 0.0, 0.0, 0.0, 0.0, 0.0, 0.0, 0.0]",0.5
RHEA:69448,RHEA:69448,ok,False,18,0,1,0,,,,False,False,False,False,[],[],0.0
RHEA:69775,RHEA:69775,ok,True,35,35,1,1,12.0,A0A7G5KLV1,0.0,False,False,False,False,"[""A0A1L2D3T3"", ""A0A1V0E4A6"", ""A0A1V0QSG6"", ""A0A2R4QKX7"", ""A0A348B779"", ""A0A348B780"", ""A0A5Q0QMX0"", ""A0A5Q0QMX1"", ""A0A5Q0QP64"", ""A0A5Q0QRJ3""]","[0.0, 0.0, 0.0, 0.0, 0.0, 0.0, 0.0, 0.0, 0.0, 0.0]",0.08333333333333333
RHEA:71979,RHEA:71979,ok,True,13,13,1,1,11.0,P9WER6,0.0,False,False,False,False,"[""A0A0U5G0B1"", ""A0A169T193"", ""A0A1L9WQI2"", ""A0A1V1FVQ6"", ""A0A1Y1C7Q5"", ""A0A2Z6AQX6"", ""A0A3Q9FFM1"", ""A1C8C3"", ""A1DN30"", ""M2V8C1""]","[0.0, 0.0, 0.0, 0.0, 0.0, 0.0, 0.0, 0.0, 0.0, 0.0]",0.09090909090909091
RHEA:71983,RHEA:71983,ok,True,13,13,1,1,11.0,P9WER6,0.0,False,False,False,False,"[""A0A0U5G0B1"", ""A0A169T193"", ""A0A1L9WQI2"", ""A0A1V1FVQ6"", ""A0A1Y1C7Q5"", ""A0A2Z6AQX6"", ""A0A3Q9FFM1"", ""A1C8C3"", ""A1DN30"", ""M2V8C1""]","[0.0, 0.0, 0.0, 0.0, 0.0, 0.0, 0.0, 0.0, 0.0, 0.0]",0.09090909090909091
RHEA:71987,RHEA:71987,ok,True,13,13,1,1,11.0,P9WER6,0.0,False,False,False,False,"[""A0A0P0ZEM1"", ""A0A0U5G0B1"", ""A0A1L9WQI2"", ""A0A1V1FVQ6"", ""A0A1Y1C7Q5"", ""A0A2Z6AQX6"", ""A0A3Q9FFM1"", ""A1C8C3"", ""A1DN30"", ""M2V8C1""]","[0.0, 0.0, 0.0, 0.0, 0.0, 0.0, 0.0, 0.0, 0.0, 0.0]",0.09090909090909091
RHEA:71991,RHEA:71991,ok,True,13,13,1,1,11.0,P9WER6,0.0,False,False,False,False,"[""A0A0U5G0B1"", ""A0A169T193"", ""A0A1L9WQI2"", ""A0A1V1FVQ6"", ""A0A1Y1C7Q5"", ""A0A2Z6AQX6"", ""A0A3Q9FFM1"", ""A1C8C3"", ""A1DN30"", ""M2V8C1""]","[0.0, 0.0, 0.0, 0.0, 0.0, 0.0, 0.0, 0.0, 0.0, 0.0]",0.09090909090909091
RHEA:71995,RHEA:71995,ok,False,16,0,2,0,,,,False,False,False,False,[],[],0.0
RHEA:71999,RHEA:71999,ok,False,10,0,2,0,,,,False,False,False,False,[],[],0.0
RHEA:73951,RHEA:73951,ok,True,26,26,1,1,25.0,Q86II4,0.0,False,False,False,False,"[""A0A0D2L718"", ""A0A1L5YKS7"", ""A0A1V0QSF3"", ""A0A1V0QSF6"", ""A0A284RNH4"", ""A0A348B784"", ""A0A348B790"", ""A0A4S8MAF3"", ""A0A5Q0QN66"", ""A0A5Q0QNH9""]","[0.0, 0.0, 0.0, 0.0, 0.0, 0.0, 0.0, 0.0, 0.0, 0.0]",0.04
RHEA:73963,RHEA:73963,ok,True,40,40,1,1,38.0,Q86II4,0.0,False,False,False,False,"[""Q03471"", ""W6Q4Q9"", ""B6H063"", ""A0A0A2JB87"", ""A0A151ZEA6"", ""A0A167V661"", ""A0A1L5YKS7"", ""A0A2R4QKX7"", ""A0A348AUV5"", ""A0A348AUV6""]","[2.4082359999999995e-38, 2.1707686999999997e-38, 3.754744e-39, 0.0, 0.0, 0.0, 0.0, 0.0, 0.0, 0.0]",0.02631578947368421
RHEA:73979,RHEA:73979,ok,True,37,37,1,1,11.0,Q86II4,1.6441824e-20,False,False,False,False,"[""E3VWJ0"", ""Q55012"", ""Q82IY4"", ""A0A348AUV6"", ""A0A348AUW1"", ""A0A167V661"", ""A0A348AUV9"", ""A0A348AUV7"", ""A0A348AUV5"", ""A0A348AUW0""]","[2.5658975e-19, 1.416769e-19, 4.8829053e-20, 3.3868603e-20, 2.6779803e-20, 2.3928095999999998e-20, 2.3520669e-20, 2.3450343e-20, 2.094551e-20, 1.8032409999999998e-20]",0.09090909090909091
RHEA:73983,RHEA:73983,ok,False,29,0,2,0,,,,False,False,False,False,[],[],0.0
RHEA:73987,RHEA:73987,ok,False,24,0,1,0,,,,False,False,False,False,[],[],0.0
RHEA:73991,RHEA:73991,ok,False,12,0,1,0,,,,False,False,False,False,[],[],0.0
RHEA:73995,RHEA:73995,ok,False,14,0,1,0,,,,False,False,False,False,[],[],0.0
RHEA:74107,RHEA:74107,ok,False,16,0,1,0,,,,False,False,False,False,[],[],0.0
RHEA:74543,RHEA:74543,ok,False,22,0,2,0,,,,False,False,False,False,[],[],0.0
RHEA:74547,RHEA:74547,ok,False,12,0,1,0,,,,False,False,False,False,[],[],0.0
RHEA:74587,RHEA:74587,ok,False,25,0,1,0,,,,False,False,False,False,[],[],0.0
RHEA:74591,RHEA:74591,ok,False,14,0,1,0,,,,False,False,False,False,[],[],0.0
RHEA:74627,RHEA:74627,ok,False,7,0,1,0,,,,False,False,False,False,[],[],0.0
RHEA:74635,RHEA:74635,ok,False,7,0,1,0,,,,False,False,False,False,[],[],0.0
RHEA:74707,RHEA:74707,ok,False,36,0,1,0,,,,False,False,False,False,[],[],0.0
RHEA:74711,RHEA:74711,ok,False,46,0,1,0,,,,False,False,False,False,[],[],0.0
RHEA:74727,RHEA:74727,ok,False,17,0,1,0,,,,False,False,False,False,[],[],0.0
RHEA:74751,RHEA:74751,ok,False,9,0,1,0,,,,False,False,False,False,[],[],0.0
RHEA:77007,RHEA:77007,ok,False,46,0,1,0,,,,False,False,False,False,[],[],0.0
RHEA:77071,RHEA:77071,ok,False,46,0,1,0,,,,False,False,False,False,[],[],0.0
RHEA:77079,RHEA:77079,ok,False,9,0,1,0,,,,False,False,False,False,[],[],0.0
RHEA:77963,RHEA:77963,ok,True,14,14,1,1,3.0,P9WEV7,5.9891017e-27,False,True,True,True,"[""F8JK18"", ""A0A1G9VRW7"", ""P9WEV7"", ""A0A1B4XBG5"", ""D5SK09"", ""A0A0P0ZD79"", ""A0A385AJM5"", ""A2PZA5"", ""C9K2Q3"", ""A0A1L9UKS1""]","[6.375056e-25, 6.052174e-25, 5.9891017e-27, 3.2562056e-27, 1.3923796e-27, 1.2471733e-28, 7.707684000000001e-29, 5.492445e-29, 5.231619e-29, 3.1200835e-29]",0.3333333333333333
RHEA:77967,RHEA:77967,ok,True,8,8,1,1,4.0,K2SUY0,0.0,False,False,True,True,"[""A0A0P0ZD79"", ""A0A0P0ZEM1"", ""A0A8H4CUY8"", ""K2SUY0"", ""M5AW86"", ""O34707"", ""P59287"", ""P9WER5""]","[0.0, 0.0, 0.0, 0.0, 0.0, 0.0, 0.0, 0.0]",0.25
RHEA:77971,RHEA:77971,ok,True,8,8,1,1,7.0,P9WER5,0.0,False,False,False,True,"[""A0A0P0ZD79"", ""A0A0P0ZEM1"", ""A0A8H4CUY8"", ""K2SUY0"", ""M5AW86"", ""O34707"", ""P9WER5"", ""P9WER6""]","[0.0, 0.0, 0.0, 0.0, 0.0, 0.0, 0.0, 0.0]",0.14285714285714285
RHEA:77975,RHEA:77975,ok,False,61,0,3,0,,,,False,False,False,False,[],[],0.0
RHEA:77979,RHEA:77979,ok,False,17,0,1,0,,,,False,False,False,False,[],[],0.0
RHEA:78275,RHEA:78275,ok,True,12,12,1,1,3.0,P9WEV7,1.1021967e-30,False,True,True,True,"[""M1VDX3"", ""M1V9Q0"", ""P9WEV7"", ""A0A1B4XBG5"", ""A0A385AJN0"", ""A0A385AJM5"", ""C9K2Q3"", ""A2PZA5"", ""A0A178U9Y5"", ""Q84UU9""]","[2.81542e-28, 3.6216535e-29, 1.1021967e-30, 3.2189505e-31, 1.5492254e-31, 1.0323846e-31, 5.12782e-32, 2.7849927e-32, 7.1311945e-35, 8.022311e-36]",0.3333333333333333
RHEA:78287,RHEA:78287,ok,False,13,0,2,0,,,,False,False,False,False,[],[],0.0
RHEA:78291,RHEA:78291,ok,False,13,0,1,0,,,,False,False,False,False,[],[],0.0
RHEA:78399,RHEA:78399,ok,False,13,0,1,0,,,,False,False,False,False,[],[],0.0
RHEA:78403,RHEA:78403,ok,False,17,0,1,0,,,,False,False,False,False,[],[],0.0
RHEA:78407,RHEA:78407,ok,False,11,0,1,0,,,,False,False,False,False,[],[],0.0
RHEA:78655,RHEA:78655,ok,False,17,0,1,0,,,,False,False,False,False,[],[],0.0
RHEA:78979,RHEA:78979,ok,False,14,0,1,0,,,,False,False,False,False,[],[],0.0
RHEA:78983,RHEA:78983,ok,False,14,0,1,0,,,,False,False,False,False,[],[],0.0
RHEA:78987,RHEA:78987,ok,False,14,0,1,0,,,,False,False,False,False,[],[],0.0
RHEA:79011,RHEA:79011,ok,True,33,33,3,3,13.0,A5A8G0,0.0,False,False,False,False,"[""A0A075FBT3"", ""A0A0U4CDK4"", ""A0A1U8QHE3"", ""A0A1Z3GBK8"", ""A0A1Z3GC64"", ""A0A2K9RFY0"", ""A0A2K9RFZ2"", ""A0A2K9RFZ9"", ""A0A3G1QTS7"", ""A0A5P8DI06""]","[0.0, 0.0, 0.0, 0.0, 0.0, 0.0, 0.0, 0.0, 0.0, 0.0]",0.07692307692307693
RHEA:79687,RHEA:79687,ok,False,13,0,1,0,,,,False,False,False,False,[],[],0.0
RHEA:79691,RHEA:79691,ok,False,11,0,1,0,,,,False,False,False,False,[],[],0.0
RHEA:80391,RHEA:80391,ok,False,80,0,2,0,,,,False,False,False,False,[],[],0.0
RHEA:80395,RHEA:80395,ok,True,96,96,1,1,13.0,A0A1V0QSH2,0.0,False,False,False,False,"[""A0A0M3Q1Q3"", ""A0A1C9J6A7"", ""A0A1D6LTV0"", ""A0A1V0QSF3"", ""A0A1V0QSF4"", ""A0A1V0QSF6"", ""A0A1V0QSF8"", ""A0A1V0QSF9"", ""A0A1V0QSG0"", ""A0A1V0QSG1""]","[0.0, 0.0, 0.0, 0.0, 0.0, 0.0, 0.0, 0.0, 0.0, 0.0]",0.07692307692307693
RHEA:80399,RHEA:80399,ok,False,24,0,1,0,,,,False,False,False,False,[],[],0.0
RHEA:80403,RHEA:80403,ok,False,23,0,1,0,,,,False,False,False,False,[],[],0.0
RHEA:80407,RHEA:80407,ok,False,21,0,1,0,,,,False,False,False,False,[],[],0.0
RHEA:80863,RHEA:80863,ok,False,56,0,1,0,,,,False,False,False,False,[],[],0.0
RHEA:80867,RHEA:80867,ok,False,14,0,1,0,,,,False,False,False,False,[],[],0.0
RHEA:80871,RHEA:80871,ok,True,8,8,1,1,5.0,Q4WBI3,0.0,False,False,True,True,"[""A0A125SXN1"", ""A0A3G9H8P0"", ""A4DA41"", ""Q4WBI0"", ""Q4WBI3"", ""Q4WBI5"", ""Q4WLD1"", ""Q9SYN1""]","[0.0, 0.0, 0.0, 0.0, 0.0, 0.0, 0.0, 0.0]",0.2
RHEA:80875,RHEA:80875,ok,True,9,9,1,1,3.0,Q4WBI3,8.151407e-22,False,True,True,True,"[""Q4WBI5"", ""A0A455RAK9"", ""Q4WBI3"", ""P0C8Y0"", ""Q4WLD1"", ""A0A455R7E6"", ""A4DA41"", ""A0A3G9GX61"", ""Q4WBI0""]","[3.8400983e-21, 1.2050124000000001e-21, 8.151407e-22, 2.7181152e-23, 1.5052595e-24, 8.805693e-25, 5.985681299999999e-25, 5.834057000000001e-25, 1.3466672e-25]",0.3333333333333333
RHEA:80879,RHEA:80879,ok,True,18,18,1,1,7.0,Q4WBI0,0.9278754,False,False,False,True,"[""A0A455R5P9"", ""A0A3G9GUR6"", ""P9WEG1"", ""Q4WBH9"", ""A0A1Y0BRF1"", ""B6HV32"", ""Q4WBI0"", ""A0A0F7U103"", ""A0A1E1FFN8"", ""A0A097ZPE0""]","[0.99348843, 0.98798114, 0.97578955, 0.9590257, 0.9529991, 0.9350166, 0.9278754, 0.92733985, 0.92344594, 0.9169326]",0.14285714285714285
RHEA:80883,RHEA:80883,ok,True,18,18,1,1,16.0,Q4WBI0,0.9999411,False,False,False,False,"[""A0A3G9GUR6"", ""A0A455R5P9"", ""P9WEG1"", ""A0A1Y0BRF1"", ""A0A0F7U103"", ""A0A1E1FFN8"", ""B6HV32"", ""A0A097ZPE0"", ""Q4WBH9"", ""A0A0U5GFS8""]","[0.99999976, 0.99999976, 0.99999917, 0.99999845, 0.9999981, 0.9999981, 0.9999981, 0.9999968, 0.99999666, 0.9999956]",0.0625
RHEA:81103,RHEA:81103,ok,False,50,0,2,0,,,,False,False,False,False,[],[],0.0
RHEA:81219,RHEA:81219,ok,True,33,33,1,1,15.0,B9SIM2,0.0,False,False,False,False,"[""A0A075FBT3"", ""A0A0U4CDK4"", ""A0A1U8QHE3"", ""A0A1Z3GBK8"", ""A0A1Z3GC64"", ""A0A2K9RFY0"", ""A0A2K9RFZ2"", ""A0A2K9RFZ9"", ""A0A3G1QTS7"", ""A0A5P8DI06""]","[0.0, 0.0, 0.0, 0.0, 0.0, 0.0, 0.0, 0.0, 0.0, 0.0]",0.06666666666666667
RHEA:81223,RHEA:81223,ok,True,34,34,1,1,14.0,B9SIL7,0.0,False,False,False,False,"[""A0A075FBT3"", ""A0A0U4CDK4"", ""A0A1U8QHE3"", ""A0A1Z3GBK8"", ""A0A1Z3GC64"", ""A0A2K9RFY0"", ""A0A2K9RFZ2"", ""A0A2K9RFZ9"", ""A0A3G1QTS7"", ""A0A5P8DI06""]","[0.0, 0.0, 0.0, 0.0, 0.0, 0.0, 0.0, 0.0, 0.0, 0.0]",0.07142857142857142
RHEA:81231,RHEA:81231,ok,False,11,0,1,0,,,,False,False,False,False,[],[],0.0
RHEA:81463,RHEA:81463,ok,True,29,29,1,1,16.0,Q4KSH9,0.0,False,False,False,False,"[""A0A1D6EFT8"", ""A0A291LSD6"", ""A0A3L6G2C1"", ""B1B1U4"", ""B5HDJ6"", ""F2XFA0"", ""G8H5N1"", ""I1S104"", ""O13489"", ""O59947""]","[0.0, 0.0, 0.0, 0.0, 0.0, 0.0, 0.0, 0.0, 0.0, 0.0]",0.0625
RHEA:81851,RHEA:81851,ok,True,40,38,1,1,18.0,K7NBZ9,0.0,False,False,False,False,"[""Q9LVY2"", ""A8C981"", ""A0A067ECN5"", ""A0A067FI21"", ""A0A0S2IHL6"", ""A0A0U2U4F3"", ""A0A125SXN1"", ""A0A5B8NBE6"", ""A0A5B8NBN0"", ""A0AAW1L0L7""]","[1.834105e-36, 1.1790835e-38, 0.0, 0.0, 0.0, 0.0, 0.0, 0.0, 0.0, 0.0]",0.05555555555555555
RHEA:83287,RHEA:83287,ok,False,45,0,1,0,,,,False,False,False,False,[],[],0.0
RHEA:83523,RHEA:83523,ok,True,19,19,1,1,19.0,P9WEG8,0.0004888424,False,False,False,False,"[""A0A0U5GFS8"", ""A0A455R5P9"", ""A0A097ZPE0"", ""P9WEG1"", ""Q5ATJ7"", ""A0A1Y0BRF1"", ""B6HV32"", ""Q4WBH9"", ""A0A2I1BSV9"", ""A0A0F7U103""]","[0.9676216, 0.96644497, 0.96578026, 0.96451, 0.9611484, 0.9577247, 0.95455766, 0.9537798, 0.9524027, 0.9473537]",0.05263157894736842
RHEA:83527,RHEA:83527,ok,True,19,19,1,1,19.0,P9WEG8,0.0006518743,False,False,False,False,"[""A0A0U5GFS8"", ""A0A455R5P9"", ""A0A097ZPE0"", ""P9WEG1"", ""Q5ATJ7"", ""A0A1Y0BRF1"", ""Q4WBH9"", ""B6HV32"", ""A0A2I1BSV9"", ""A0A0F7U103""]","[0.9761569, 0.9756447, 0.9743935, 0.9734947, 0.97095436, 0.96836054, 0.96630424, 0.9659662, 0.964784, 0.96116745]",0.05263157894736842
RHEA:83903,RHEA:83903,ok,False,13,0,1,0,,,,False,False,False,False,[],[],0.0
RHEA:83907,RHEA:83907,ok,False,13,0,1,0,,,,False,False,False,False,[],[],0.0
RHEA:85535,RHEA:85535,ok,False,39,0,1,0,,,,False,False,False,False,[],[],0.0
RHEA:85615,RHEA:85615,ok,False,31,0,2,0,,,,False,False,False,False,[],[],0.0
RHEA:85619,RHEA:85619,ok,True,67,66,2,2,4.0,A0A8H7XQ49,1.4538643e-31,False,False,True,True,"[""A0A8H7XMX0"", ""B5GMG2"", ""D5SL78"", ""A0A8H7XQ49"", ""A0A8H8CFI5"", ""A0A8H7XP09"", ""Q54YE2"", ""B5A434"", ""F6M8I0"", ""Q84KL4""]","[7.4778913e-31, 3.759346e-31, 2.8540523e-31, 1.4538643e-31, 6.580485e-32, 2.8965747e-32, 4.958017e-37, 3.436205e-37, 2.445499e-37, 4.2478247e-38]",0.25
RHEA:85623,RHEA:85623,ok,False,19,0,1,0,,,,False,False,False,False,[],[],0.0
RHEA:85767,RHEA:85767,ok,False,66,0,1,0,,,,False,False,False,False,[],[],0.0
