rhea_id,smiles_seq,canonical_reaction,has_reaction_smiles,precursor_class,product_skeleton_class
RHEA:10340,CC(C)=CCC/C(C)=C/CC/C(C)=C/COP(=O)([O-])OP(=O)([O-])[O-]>>Nc1ccn([C@@H]2O[C@H](CO)[C@@H](OP(=O)(O)O)[C@H]2O)c(=O)n1.O=P([O-])([O-])OP(=O)([O-])O,CC(C)=CCCC(C)=CCCC(C)=CCOP(=O)([O-])OP(=O)([O-])[O-]>>Nc1ccn(C2OC(CO)C(OP(=O)(O)O)C2O)c(=O)n1.O=P([O-])([O-])OP(=O)([O-])O,True,C15_FPP_like,C10_bicyclic_highly_oxygenated
RHEA:10940,CC(C)=CCC/C(C)=C/COP(=O)([O-])OP(=O)([O-])[O-]>>[H][C@]1(C(=C)C)CC=C(C)CC1.O=P([O-])([O-])OP(=O)([O-])O,CC(C)=CCCC(C)=CCOP(=O)([O-])OP(=O)([O-])[O-]>>C=C(C)C1CC=C(C)CC1.O=P([O-])([O-])OP(=O)([O-])O,True,C10_GPP_like,C10_mono_hydrocarbon
RHEA:11328,C=C(C)CCOP(=O)([O-])OP(=O)([O-])[O-].CC(C)=CCOP(=O)([O-])OP(=O)([O-])[O-]>>CC(C)=CCC/C(C)=CCOP(=O)([O-])OP(=O)([O-])[O-].O=P([O-])([O-])OP(=O)([O-])O,C=C(C)CCOP(=O)([O-])OP(=O)([O-])[O-].CC(C)=CCOP(=O)([O-])OP(=O)([O-])[O-]>>CC(C)=CCCC(C)=CCOP(=O)([O-])OP(=O)([O-])[O-].O=P([O-])([O-])OP(=O)([O-])O,True,C5_IPP_DMAPP_like,C10_acyclic_highly_oxygenated
RHEA:11656,*N[C@@H](COP(=O)([O-])OCC(C)(C)[C@@H](O)C(=O)NCCC(=O)NCCS)C(*)=O.O=C([O-])[C@@H]1CCC[NH2+]1.Nc1ncnc2c1ncn2[C@@H]1O[C@H](COP(=O)([O-])OP(=O)([O-])OP(=O)([O-])[O-])[C@@H](O)[C@H]1O>>*N[C@@H](COP(=O)([O-])OCC(C)(C)[C@@H](O)C(=O)NCCC(=O)NCCSC(=O)[C@@H]1CCC[NH2+]1)C(*)=O.Nc1ncnc2c1ncn2[C@@H]1O[C@H](COP(=O)([O-])[O-])[C@@H](O)[C@H]1O.O=P([O-])([O-])OP(=O)([O-])O,*NC(COP(=O)([O-])OCC(C)(C)C(O)C(=O)NCCC(=O)NCCS)C(*)=O.Nc1ncnc2c1ncn2C1OC(COP(=O)([O-])OP(=O)([O-])OP(=O)([O-])[O-])C(O)C1O.O=C([O-])C1CCC[NH2+]1>>*NC(COP(=O)([O-])OCC(C)(C)C(O)C(=O)NCCC(=O)NCCSC(=O)C1CCC[NH2+]1)C(*)=O.Nc1ncnc2c1ncn2C1OC(COP(=O)([O-])[O-])C(O)C1O.O=P([O-])([O-])OP(=O)([O-])O,True,C15_FPP_like,C20_mono_highly_oxygenated
RHEA:12016,CC(C)=CCC/C(C)=C/CC/C(C)=C/COP(=O)([O-])OP(=O)([O-])[O-]>>C=C1/C=C/[C@H](C(C)C)CC/C(C)=C/CC1.O=P([O-])([O-])OP(=O)([O-])O,CC(C)=CCCC(C)=CCCC(C)=CCOP(=O)([O-])OP(=O)([O-])[O-]>>C=C1C=CC(C(C)C)CCC(C)=CCC1.O=P([O-])([O-])OP(=O)([O-])O,True,C15_FPP_like,C15_mono_hydrocarbon
RHEA:12052,CC(C)=CCC/C(C)=C/CC/C(C)=C/COP(=O)([O-])OP(=O)([O-])[O-]>>C=C1CCC[C@]1(C)[C@]1(C)CC=C(C)CC1.O=P([O-])([O-])OP(=O)([O-])O,CC(C)=CCCC(C)=CCCC(C)=CCOP(=O)([O-])OP(=O)([O-])[O-]>>C=C1CCCC1(C)C1(C)CC=C(C)CC1.O=P([O-])([O-])OP(=O)([O-])O,True,C15_FPP_like,C15_bicyclic_hydrocarbon
RHEA:12192,CC(C)=CCC/C(C)=C/CC/C(C)=C/COP(=O)([O-])OP(=O)([O-])[O-].[H]O[H]>>C/C1=C[C@@H](O)[C@@H](C(C)C)CC/C(C)=C/CC1.O=P([O-])([O-])OP(=O)([O-])O,CC(C)=CCCC(C)=CCCC(C)=CCOP(=O)([O-])OP(=O)([O-])[O-].O>>CC1=CC(O)C(C(C)C)CCC(C)=CCC1.O=P([O-])([O-])OP(=O)([O-])O,True,C15_FPP_like,C15_mono_oxygenated
RHEA:12240,CC(C)(COP(=O)([O-])OP(=O)([O-])OC[C@H]1O[C@@H](n2cnc3c(N)ncnc32)[C@H](O)[C@@H]1OP(=O)([O-])[O-])[C@@H](O)C(=O)NCCC(=O)NCCSC(=O)CC(=O)[O-].CC(=O)SCCNC(=O)CCNC(=O)[C@H](O)C(C)(C)COP(=O)([O-])OP(=O)([O-])OC[C@H]1O[C@@H](n2cnc3c(N)ncnc32)[C@H](O)[C@@H]1OP(=O)([O-])[O-].NC(=O)C1=CN([C@@H]2O[C@H](COP(=O)([O-])OP(=O)([O-])OC[C@H]3O[C@@H](n4cnc5c(N)ncnc54)[C@H](OP(=O)([O-])[O-])[C@@H]3O)[C@@H](O)[C@H]2O)C=CC1.[H+].Cc1cccc(O)c1C(=O)[O-]>>O=C=O.NC(=O)c1ccc[n+]([C@@H]2O[C@H](COP(=O)([O-])OP(=O)([O-])OC[C@H]3O[C@@H](n4cnc5c(N)ncnc54)[C@H](OP(=O)([O-])[O-])[C@@H]3O)[C@@H](O)[C@H]2O)c1.CC(C)(COP(=O)([O-])OP(=O)([O-])OC[C@H]1O[C@@H](n2cnc3c(N)ncnc32)[C@H](O)[C@@H]1OP(=O)([O-])[O-])[C@@H](O)C(=O)NCCC(=O)NCCS.[H]O[H],CC(=O)SCCNC(=O)CCNC(=O)C(O)C(C)(C)COP(=O)([O-])OP(=O)([O-])OCC1OC(n2cnc3c(N)ncnc32)C(O)C1OP(=O)([O-])[O-].CC(C)(COP(=O)([O-])OP(=O)([O-])OCC1OC(n2cnc3c(N)ncnc32)C(O)C1OP(=O)([O-])[O-])C(O)C(=O)NCCC(=O)NCCSC(=O)CC(=O)[O-].Cc1cccc(O)c1C(=O)[O-].NC(=O)C1=CN(C2OC(COP(=O)([O-])OP(=O)([O-])OCC3OC(n4cnc5c(N)ncnc54)C(OP(=O)([O-])[O-])C3O)C(O)C2O)C=CC1.[H+]>>CC(C)(COP(=O)([O-])OP(=O)([O-])OCC1OC(n2cnc3c(N)ncnc32)C(O)C1OP(=O)([O-])[O-])C(O)C(=O)NCCC(=O)NCCS.NC(=O)c1ccc[n+](C2OC(COP(=O)([O-])OP(=O)([O-])OCC3OC(n4cnc5c(N)ncnc54)C(OP(=O)([O-])[O-])C3O)C(O)C2O)c1.O.O=C=O,True,C25_GFPP_like,C20_polycyclic_highly_oxygenated
RHEA:12516,CC(C)=CCC/C(C)=C/CC/C(C)=C/COP(=O)([O-])OP(=O)([O-])[O-]>>C=C(C)[C@H]1C/C=C(C)CC/C=C(C)CC1.O=P([O-])([O-])OP(=O)([O-])O,CC(C)=CCCC(C)=CCCC(C)=CCOP(=O)([O-])OP(=O)([O-])[O-]>>C=C(C)C1CC=C(C)CCC=C(C)CC1.O=P([O-])([O-])OP(=O)([O-])O,True,C15_FPP_like,C15_mono_hydrocarbon
RHEA:12605,[H]C(=O)[C@H](O)COP(=O)([O-])[O-].CC(=O)C(=O)[O-].[H+].CC(=O)[C@@H](O)[C@H](O)COP(=O)([O-])[O-]>>O=C=O,CC(=O)C(=O)[O-].CC(=O)C(O)C(O)COP(=O)([O-])[O-].O=CC(O)COP(=O)([O-])[O-].[H+]>>O=C=O,True,C5_IPP_DMAPP_like,C5_acyclic_oxygenated
RHEA:12869,CC(C)=CCC/C(C)=C/COP(=O)([O-])OP(=O)([O-])[O-]>>[H][C@@]1(C(=C)C)CC=C(C)CC1.O=P([O-])([O-])OP(=O)([O-])O,CC(C)=CCCC(C)=CCOP(=O)([O-])OP(=O)([O-])[O-]>>C=C(C)C1CC=C(C)CC1.O=P([O-])([O-])OP(=O)([O-])O,True,C10_GPP_like,C10_mono_hydrocarbon
RHEA:13369,CC(C)=CCOP(=O)([O-])OP(=O)([O-])[O-]>>C=CC(=C)C.O=P([O-])([O-])OP(=O)([O-])O,CC(C)=CCOP(=O)([O-])OP(=O)([O-])[O-]>>C=CC(=C)C.O=P([O-])([O-])OP(=O)([O-])O,True,C5_IPP_DMAPP_like,C5_acyclic_hydrocarbon
RHEA:13525,[S]1[Fe][S][Fe+]1.CC1(C)[C@@H]2CC[C@@]1(C)C(=O)C2.O=O.[H+].[H][C@]12CC(=O)[C@](C)(C[C@H]1O)C2(C)C>>[S]1[Fe+][S][Fe+]1.[H]O[H],CC12CC(O)C(CC1=O)C2(C)C.CC12CCC(CC1=O)C2(C)C.O=O.[H+].[S]1[Fe][S][Fe+]1>>O.[S]1[Fe+][S][Fe+]1,True,C10_GPP_like,unknown
RHEA:13545,C=CC(C)(O)CC/C=C(C)CC/C=C(C)CCC=C(C)C.Cc1cc2c(cc1C)N(C[C@H](O)[C@H](O)[C@H](O)COP(=O)([O-])[O-])c1nc(=O)nc(=O)c1N2.O=O>>C=C/C=C(C)CC/C=C(C)CCC=C(C)C.C=CC(C)=O.Cc1cc2nc3c(=O)[n-]c(=O)nc-3n(C[C@H](O)[C@H](O)[C@H](O)COP(=O)([O-])[O-])c2cc1C.[H]O[H].[H+],C=CC(C)(O)CC/C=C(C)CC/C=C(C)CCC=C(C)C.Cc1cc2c(cc1C)N(C[C@H](O)[C@H](O)[C@H](O)COP(=O)([O-])[O-])c1nc(=O)nc(=O)c1N2.O=O>>C=C/C=C(C)CC/C=C(C)CCC=C(C)C.C=CC(C)=O.Cc1cc2nc3c(=O)[n-]c(=O)nc-3n(C[C@H](O)[C@H](O)[C@H](O)COP(=O)([O-])[O-])c2cc1C.[H]O[H].[H+],True,C20_GGPP_like,C15_polycyclic_highly_oxygenated
RHEA:13873,[H][C@@]12CCC(=C)[C@H](CC/C(C)=C/COP(=O)([O-])OP(=O)([O-])[O-])[C@@]1(C)CCCC2(C)C.[H][C@]12CCC(C(C)C)=CC1=CC[C@@]1([H])C(C)(C)CCC[C@]21C>>O=P([O-])([O-])OP(=O)([O-])O,C=C1CCC2C(C)(C)CCCC2(C)C1CCC(C)=CCOP(=O)([O-])OP(=O)([O-])[O-].CC(C)C1=CC2=CCC3C(C)(C)CCCC3(C)C2CC1>>O=P([O-])([O-])OP(=O)([O-])O,True,C20_GGPP_like,unknown
RHEA:14009,CC(C)=CCOP(=O)([O-])OP(=O)([O-])[O-]>>CC(C)=C[C@@H]1[C@@H](COP(=O)([O-])OP(=O)([O-])[O-])C1(C)C.O=P([O-])([O-])OP(=O)([O-])O,CC(C)=CCOP(=O)([O-])OP(=O)([O-])[O-]>>CC(C)=CC1C(COP(=O)([O-])OP(=O)([O-])[O-])C1(C)C.O=P([O-])([O-])OP(=O)([O-])O,True,C5_IPP_DMAPP_like,C10_mono_highly_oxygenated
RHEA:14485,CC(C)=CCC/C(C)=C/CC/C(C)=C/COP(=O)([O-])OP(=O)([O-])[O-].[H]O[H]>>[H][C@]12C(=C)CCC[C@@]1(C)CC[C@@H](C(C)C)[C@@H]2O.O=P([O-])([O-])OP(=O)([O-])O,CC(C)=CCCC(C)=CCCC(C)=CCOP(=O)([O-])OP(=O)([O-])[O-].O>>C=C1CCCC2(C)CCC(C(C)C)C(O)C12.O=P([O-])([O-])OP(=O)([O-])O,True,C15_FPP_like,C15_bicyclic_oxygenated
RHEA:14621,CC(C)=CCC/C(C)=C/CC/C(C)=C/CC/C=C(C)CC/C=C(C)CC[C@@H]1OC1(C)C>>[H][C@@]12CCC3=C(CC[C@@]4(C)[C@@]3(C)CC[C@]4([H])[C@H](C)CCC=C(C)C)[C@@]1(C)CC[C@H](O)C2(C)C,CC(C)=CCCC(C)=CCCC(C)=CCCC=C(C)CCC=C(C)CCC1OC1(C)C>>CC(C)=CCCC(C)C1CCC2(C)C3=C(CCC12C)C1(C)CCC(O)C(C)(C)C1CC3,True,C30_long_prenyl_like,C_long_polycyclic_oxygenated
RHEA:14841,CC(C)=CCC/C(C)=C/CC/C(C)=C/CC/C(C)=C/COP(=O)([O-])OP(=O)([O-])[O-]>>[H][C@]12CCC(=C)[C@@H](CC/C(C)=C/COP(=O)([O-])OP(=O)([O-])[O-])[C@]1(C)CCCC2(C)C,CC(C)=CCCC(C)=CCCC(C)=CCCC(C)=CCOP(=O)([O-])OP(=O)([O-])[O-]>>C=C1CCC2C(C)(C)CCCC2(C)C1CCC(C)=CCOP(=O)([O-])OP(=O)([O-])[O-],True,C20_GGPP_like,C20_bicyclic_highly_oxygenated
RHEA:14901,CC(C)=CCC/C(C)=C/CC/C(C)=C/CC/C(C)=C/COP(=O)([O-])OP(=O)([O-])[O-]>>C/C1=CCC/C(C)=C/C2C(CC/C(C)=C/CC1)C2(C)C.O=P([O-])([O-])OP(=O)([O-])O,CC(C)=CCCC(C)=CCCC(C)=CCCC(C)=CCOP(=O)([O-])OP(=O)([O-])[O-]>>CC1=CCCC(C)=CC2C(CCC(C)=CCC1)C2(C)C.O=P([O-])([O-])OP(=O)([O-])O,True,C20_GGPP_like,C20_bicyclic_hydrocarbon
RHEA:15809,CC(C)=CCC/C(C)=C/COP(=O)([O-])OP(=O)([O-])[O-].[H]O[H]>>COc1cc(OC)nc(NC(=O)NS(=O)(=O)N(C)S(C)(=O)=O)n1.O=P([O-])([O-])OP(=O)([O-])O,CC(C)=CCCC(C)=CCOP(=O)([O-])OP(=O)([O-])[O-].O>>COc1cc(OC)nc(NC(=O)NS(=O)(=O)N(C)S(C)(=O)=O)n1.O=P([O-])([O-])OP(=O)([O-])O,True,C10_GPP_like,C10_mono_highly_oxygenated
RHEA:16337,*c1c(*)c([H])c(*)c(-c2oc3c(*)c(*)c(*)c(*)c3c(=O)c2*)c1*.Cc1cc2c(cc1C)N(C[C@H](O)[C@H](O)[C@H](O)COP(=O)([O-])[O-])c1nc(=O)nc(=O)c1N2.O=O>>*c1c(*)c(O)c(*)c(-c2oc3c(*)c(*)c(*)c(*)c3c(=O)c2*)c1*.Cc1cc2nc3c(=O)[n-]c(=O)nc-3n(C[C@H](O)[C@H](O)[C@H](O)COP(=O)([O-])[O-])c2cc1C.[H]O[H].[H+],*c1c(*)c([H])c(*)c(-c2oc3c(*)c(*)c(*)c(*)c3c(=O)c2*)c1*.Cc1cc2c(cc1C)N(C[C@H](O)[C@H](O)[C@H](O)COP(=O)([O-])[O-])c1nc(=O)nc(=O)c1N2.O=O>>*c1c(*)c(O)c(*)c(-c2oc3c(*)c(*)c(*)c(*)c3c(=O)c2*)c1*.Cc1cc2nc3c(=O)[n-]c(=O)nc-3n(C[C@H](O)[C@H](O)[C@H](O)COP(=O)([O-])[O-])c2cc1C.[H]O[H].[H+],True,C15_FPP_like,C15_polycyclic_highly_oxygenated
RHEA:16345,CC(C)=CCC/C(C)=C/CC/C(C)=C/CC/C(C)=C/COP(=O)([O-])OP(=O)([O-])[O-].[H]O[H]>>[H][C@@]12CC/C(C)=C/CC/C(C)=C/C[C@@]1(C)CC[C@H]2C(C)(C)O.O=P([O-])([O-])OP(=O)([O-])O,CC(C)=CCCC(C)=CCCC(C)=CCCC(C)=CCOP(=O)([O-])OP(=O)([O-])[O-].O>>CC1=CCC2(C)CCC(C(C)(C)O)C2CCC(C)=CCC1.O=P([O-])([O-])OP(=O)([O-])O,True,C20_GGPP_like,C20_bicyclic_oxygenated
RHEA:16561,CC(C)=CCC/C(C)=C/CC/C(C)=C/CC/C=C(C)CC/C=C(C)CCC=C(C)C.[H]O[H]>>[H][C@]12CC[C@@]3([H])[C@@](C)(CC[C@@]4([H])C(C)(C)CCC[C@]34C)[C@]1(C)CC[C@@]1([H])[C@@H](C(C)(C)O)CC[C@]21C,CC(C)=CCCC(C)=CCCC(C)=CCCC=C(C)CCC=C(C)CCC=C(C)C.O>>CC(C)(O)C1CCC2(C)C1CCC1(C)C2CCC2C3(C)CCCC(C)(C)C3CCC21C,True,C30_long_prenyl_like,C_long_polycyclic_oxygenated
RHEA:16965,CC(C)=CCC/C(C)=C/COP(=O)([O-])OP(=O)([O-])[O-]>>C=CC(=C)CCC=C(C)C.O=P([O-])([O-])OP(=O)([O-])O,CC(C)=CCCC(C)=CCOP(=O)([O-])OP(=O)([O-])[O-]>>C=CC(=C)CCC=C(C)C.O=P([O-])([O-])OP(=O)([O-])O,True,C10_GPP_like,C10_acyclic_hydrocarbon
RHEA:17637,CC(C)=CCC/C(C)=C/CC/C(C)=C/CC/C=C(C)CC/C=C(C)CCC=C(C)C>>C=CCc1ccc(O)c(OC)c1,CC(C)=CCCC(C)=CCCC(C)=CCCC=C(C)CCC=C(C)CCC=C(C)C>>C=CCc1ccc(O)c(OC)c1,True,C30_long_prenyl_like,C10_mono_oxygenated
RHEA:17653,C=C(C)CCOP(=O)([O-])OP(=O)([O-])[O-].CC(C)=CCC/C(C)=C/CC/C(C)=C/COP(=O)([O-])OP(=O)([O-])[O-]>>CC(C)=CCC/C(C)=C/CC/C(C)=C/CC/C(C)=C/COP(=O)([O-])OP(=O)([O-])[O-].O=P([O-])([O-])OP(=O)([O-])O,C=C(C)CCOP(=O)([O-])OP(=O)([O-])[O-].CC(C)=CCCC(C)=CCCC(C)=CCOP(=O)([O-])OP(=O)([O-])[O-]>>CC(C)=CCCC(C)=CCCC(C)=CCCC(C)=CCOP(=O)([O-])OP(=O)([O-])[O-].O=P([O-])([O-])OP(=O)([O-])O,True,C15_FPP_like,C20_acyclic_highly_oxygenated
RHEA:17945,[H][C@@]1(C(=C)C)CC=C(C)CC1.Cc1cc2c(cc1C)N(C[C@H](O)[C@H](O)[C@H](O)COP(=O)([O-])[O-])c1nc(=O)nc(=O)c1N2.O=O>>CCCCCCCCCCCCCCN.Cc1cc2nc3c(=O)[n-]c(=O)nc-3n(C[C@H](O)[C@H](O)[C@H](O)COP(=O)([O-])[O-])c2cc1C.[H]O[H].[H+],[H][C@@]1(C(=C)C)CC=C(C)CC1.Cc1cc2c(cc1C)N(C[C@H](O)[C@H](O)[C@H](O)COP(=O)([O-])[O-])c1nc(=O)nc(=O)c1N2.O=O>>CCCCCCCCCCCCCCN.Cc1cc2nc3c(=O)[n-]c(=O)nc-3n(C[C@H](O)[C@H](O)[C@H](O)COP(=O)([O-])[O-])c2cc1C.[H]O[H].[H+],True,C10_GPP_like,C15_polycyclic_highly_oxygenated
RHEA:18081,CC(C)=CCC/C(C)=C/CC/C(C)=C/COP(=O)([O-])OP(=O)([O-])[O-]>>[H][C@@]12CC[C@@H](C)[C@@]13CC(C)(C)C[C@@]3([H])C=C2C.O=P([O-])([O-])OP(=O)([O-])O,CC(C)=CCCC(C)=CCCC(C)=CCOP(=O)([O-])OP(=O)([O-])[O-]>>CC1=CC2CC(C)(C)CC23C(C)CCC13.O=P([O-])([O-])OP(=O)([O-])O,True,C15_FPP_like,C15_polycyclic_hydrocarbon
RHEA:18209,CC(C)=CCC/C(C)=C/COP(=O)([O-])OP(=O)([O-])[O-]>>[H][C@]1(OP(=O)([O-])OP(=O)([O-])[O-])CC2CCC1(C)C2(C)C,CC(C)=CCCC(C)=CCOP(=O)([O-])OP(=O)([O-])[O-]>>CC1(C)C2CCC1(C)C(OP(=O)([O-])OP(=O)([O-])[O-])C2,True,C10_GPP_like,C10_bicyclic_highly_oxygenated
RHEA:18325,CC(C)=CCC/C(C)=C/CC/C(C)=C/COP(=O)([O-])OP(=O)([O-])[O-]>>[H][C@@]12CCC(C)=C[C@]1([H])[C@H](C(=C)C)CC[C@H]2C.O=P([O-])([O-])OP(=O)([O-])O,CC(C)=CCCC(C)=CCCC(C)=CCOP(=O)([O-])OP(=O)([O-])[O-]>>C=C(C)C1CCC(C)C2CCC(C)=CC12.O=P([O-])([O-])OP(=O)([O-])O,True,C15_FPP_like,C15_bicyclic_hydrocarbon
RHEA:18721,[H][C@]12CC[C@](C)(O)[C@@H](CC/C(C)=C/COP(=O)([O-])OP(=O)([O-])[O-])[C@]1(C)CCCC2(C)C>>[H][C@@]12CC[C@](C)(C=C)O[C@@]1(C)CC[C@]1([H])C(C)(C)CCC[C@@]21C.O=P([O-])([O-])OP(=O)([O-])O,CC(=CCOP(=O)([O-])OP(=O)([O-])[O-])CCC1C(C)(O)CCC2C(C)(C)CCCC21C>>C=CC1(C)CCC2C(C)(CCC3C(C)(C)CCCC32C)O1.O=P([O-])([O-])OP(=O)([O-])O,True,C20_GGPP_like,C20_polycyclic_oxygenated
RHEA:18957,[H][C@]1(C(=C)C)CC=C(C)CC1.Cc1cc2c(cc1C)N(C[C@H](O)[C@H](O)[C@H](O)COP(=O)([O-])[O-])c1nc(=O)nc(=O)c1N2.O=O>>C=C(C)[C@H]1CC=C(C)[C@H](O)C1.Cc1cc2nc3c(=O)[n-]c(=O)nc-3n(C[C@H](O)[C@H](O)[C@H](O)COP(=O)([O-])[O-])c2cc1C.[H]O[H].[H+],[H][C@]1(C(=C)C)CC=C(C)CC1.Cc1cc2c(cc1C)N(C[C@H](O)[C@H](O)[C@H](O)COP(=O)([O-])[O-])c1nc(=O)nc(=O)c1N2.O=O>>C=C(C)[C@H]1CC=C(C)[C@H](O)C1.Cc1cc2nc3c(=O)[n-]c(=O)nc-3n(C[C@H](O)[C@H](O)[C@H](O)COP(=O)([O-])[O-])c2cc1C.[H]O[H].[H+],True,C10_GPP_like,C15_polycyclic_highly_oxygenated
RHEA:19361,C=C(C)CCOP(=O)([O-])OP(=O)([O-])[O-].CC(C)=CCC/C(C)=C/COP(=O)([O-])OP(=O)([O-])[O-]>>CC(C)=CCC/C(C)=C/CC/C(C)=C/COP(=O)([O-])OP(=O)([O-])[O-].O=P([O-])([O-])OP(=O)([O-])O,C=C(C)CCOP(=O)([O-])OP(=O)([O-])[O-].CC(C)=CCCC(C)=CCOP(=O)([O-])OP(=O)([O-])[O-]>>CC(C)=CCCC(C)=CCCC(C)=CCOP(=O)([O-])OP(=O)([O-])[O-].O=P([O-])([O-])OP(=O)([O-])O,True,C10_GPP_like,C15_acyclic_highly_oxygenated
RHEA:19525,CC(C)=CCC/C(C)=C/CC/C(C)=C/COP(=O)([O-])OP(=O)([O-])[O-]>>[H][C@@]12C=C(C)CCC1=C(C)CC[C@H]2C(C)C.O=P([O-])([O-])OP(=O)([O-])O,CC(C)=CCCC(C)=CCCC(C)=CCOP(=O)([O-])OP(=O)([O-])[O-]>>CC1=CC2C(=C(C)CCC2C(C)C)CC1.O=P([O-])([O-])OP(=O)([O-])O,True,C15_FPP_like,C15_bicyclic_hydrocarbon
RHEA:19565,CC(C)=CCC/C(C)=C/COP(=O)([O-])OP(=O)([O-])[O-].[H]O[H]>>CC(C)C12CCC(C)(O)C1C2.O=P([O-])([O-])OP(=O)([O-])O,CC(C)=CCCC(C)=CCOP(=O)([O-])OP(=O)([O-])[O-].O>>CC(C)C12CCC(C)(O)C1C2.O=P([O-])([O-])OP(=O)([O-])O,True,C10_GPP_like,C10_bicyclic_oxygenated
RHEA:19825,CC(C)=CCC/C(C)=C/CC/C(C)=C/COP(=O)([O-])OP(=O)([O-])[O-]>>C=C(C)[C@H]1CC=C2CCC[C@H](C)[C@@]2(C)C1.O=P([O-])([O-])OP(=O)([O-])O,CC(C)=CCCC(C)=CCCC(C)=CCOP(=O)([O-])OP(=O)([O-])[O-]>>C=C(C)C1CC=C2CCCC(C)C2(C)C1.O=P([O-])([O-])OP(=O)([O-])O,True,C15_FPP_like,C15_bicyclic_hydrocarbon
RHEA:20565,CC(C)=CCC/C(C)=C/COP(=O)([O-])OP(=O)([O-])[O-].[H]O[H]>>CC1(C)[C@@H]2CC[C@@](C)(C2)[C@@H]1O.O=P([O-])([O-])OP(=O)([O-])O,CC(C)=CCCC(C)=CCOP(=O)([O-])OP(=O)([O-])[O-].O>>CC12CCC(C1)C(C)(C)C2O.O=P([O-])([O-])OP(=O)([O-])O,True,C10_GPP_like,C10_bicyclic_oxygenated
RHEA:20912,CC(C)=CCC/C(C)=C/CC/C(C)=C/CC/C(C)=C/COP(=O)([O-])OP(=O)([O-])[O-]>>[H][C@]12CCC(C)=C(CC[C@]3(C)CCC=C(C)[C@@]3([H])C1)C2(C)C.O=P([O-])([O-])OP(=O)([O-])O,CC(C)=CCCC(C)=CCCC(C)=CCCC(C)=CCOP(=O)([O-])OP(=O)([O-])[O-]>>CC1=CCCC2(C)CCC3=C(C)CCC(CC12)C3(C)C.O=P([O-])([O-])OP(=O)([O-])O,True,C20_GGPP_like,C20_polycyclic_hydrocarbon
RHEA:21308,CC(C)=CCC/C(C)=C/CC/C(C)=C/CC/C=C(C)CC/C=C(C)CC[C@@H]1OC1(C)C>>[H][C@@]12CC[C@@]3([H])C(C)(C)[C@@H](O)CC[C@@]34C[C@@]14CC[C@@]1(C)[C@@]2(C)CC[C@]1([H])[C@H](C)CCC=C(C)C,CC(C)=CCCC(C)=CCCC(C)=CCCC=C(C)CCC=C(C)CCC1OC1(C)C>>CC(C)=CCCC(C)C1CCC2(C)C3CCC4C(C)(C)C(O)CCC45CC35CCC12C,True,C30_long_prenyl_like,C_long_polycyclic_oxygenated
RHEA:22220,[H][C@]12CCC(=C)[C@@H](CC/C(C)=C/COP(=O)([O-])OP(=O)([O-])[O-])[C@]1(C)CCCC2(C)C>>[H][C@@]12CC[C@@H]3C[C@@]1(CC[C@]1([H])C(C)(C)CCC[C@@]21C)CC3=C.O=P([O-])([O-])OP(=O)([O-])O,C=C1CCC2C(C)(C)CCCC2(C)C1CCC(C)=CCOP(=O)([O-])OP(=O)([O-])[O-]>>C=C1CC23CCC4C(C)(C)CCCC4(C)C2CCC1C3.O=P([O-])([O-])OP(=O)([O-])O,True,C20_GGPP_like,C20_polycyclic_hydrocarbon
RHEA:22228,CC(C)=CCC/C(C)=C/CC/C(C)=C/[C@H]1[C@H](COP(=O)([O-])OP(=O)([O-])[O-])[C@@]1(C)CC/C=C(C)CCC=C(C)C.NC(=O)C1=CN([C@@H]2O[C@H](COP(=O)([O-])OP(=O)([O-])OC[C@H]3O[C@@H](n4cnc5c(N)ncnc54)[C@H](O)[C@@H]3O)[C@@H](O)[C@H]2O)C=CC1.[H+].CC(C)=CCC/C(C)=C/CC/C(C)=C/CC/C=C(C)CC/C=C(C)CCC=C(C)C>>O=P([O-])([O-])OP(=O)([O-])O.NC(=O)c1ccc[n+]([C@@H]2O[C@H](COP(=O)([O-])OP(=O)([O-])OC[C@H]3O[C@@H](n4cnc5c(N)ncnc54)[C@H](O)[C@@H]3O)[C@@H](O)[C@H]2O)c1,CC(C)=CCCC(C)=CCCC(C)=CC1C(COP(=O)([O-])OP(=O)([O-])[O-])C1(C)CCC=C(C)CCC=C(C)C.CC(C)=CCCC(C)=CCCC(C)=CCCC=C(C)CCC=C(C)CCC=C(C)C.NC(=O)C1=CN(C2OC(COP(=O)([O-])OP(=O)([O-])OCC3OC(n4cnc5c(N)ncnc54)C(O)C3O)C(O)C2O)C=CC1.[H+]>>NC(=O)c1ccc[n+](C2OC(COP(=O)([O-])OP(=O)([O-])OCC3OC(n4cnc5c(N)ncnc54)C(O)C3O)C(O)C2O)c1.O=P([O-])([O-])OP(=O)([O-])O,True,C30_long_prenyl_like,C20_polycyclic_highly_oxygenated
RHEA:22232,CC(C)=CCC/C(C)=C/CC/C(C)=C/[C@H]1[C@H](COP(=O)([O-])OP(=O)([O-])[O-])[C@@]1(C)CC/C=C(C)CCC=C(C)C.NC(=O)C1=CN([C@@H]2O[C@H](COP(=O)([O-])OP(=O)([O-])OC[C@H]3O[C@@H](n4cnc5c(N)ncnc54)[C@H](OP(=O)([O-])[O-])[C@@H]3O)[C@@H](O)[C@H]2O)C=CC1.[H+].CC(C)=CCC/C(C)=C/CC/C(C)=C/CC/C=C(C)CC/C=C(C)CCC=C(C)C>>O=P([O-])([O-])OP(=O)([O-])O.NC(=O)c1ccc[n+]([C@@H]2O[C@H](COP(=O)([O-])OP(=O)([O-])OC[C@H]3O[C@@H](n4cnc5c(N)ncnc54)[C@H](OP(=O)([O-])[O-])[C@@H]3O)[C@@H](O)[C@H]2O)c1,CC(C)=CCCC(C)=CCCC(C)=CC1C(COP(=O)([O-])OP(=O)([O-])[O-])C1(C)CCC=C(C)CCC=C(C)C.CC(C)=CCCC(C)=CCCC(C)=CCCC=C(C)CCC=C(C)CCC=C(C)C.NC(=O)C1=CN(C2OC(COP(=O)([O-])OP(=O)([O-])OCC3OC(n4cnc5c(N)ncnc54)C(OP(=O)([O-])[O-])C3O)C(O)C2O)C=CC1.[H+]>>NC(=O)c1ccc[n+](C2OC(COP(=O)([O-])OP(=O)([O-])OCC3OC(n4cnc5c(N)ncnc54)C(OP(=O)([O-])[O-])C3O)C(O)C2O)c1.O=P([O-])([O-])OP(=O)([O-])O,True,C30_long_prenyl_like,C20_polycyclic_highly_oxygenated
RHEA:22408,C=C(C)CCOP(=O)([O-])OP(=O)([O-])[O-].CC(C)=CCOP(=O)([O-])OP(=O)([O-])[O-]>>CC(C)=CCC/C(C)=C/COP(=O)([O-])OP(=O)([O-])[O-].O=P([O-])([O-])OP(=O)([O-])O,C=C(C)CCOP(=O)([O-])OP(=O)([O-])[O-].CC(C)=CCOP(=O)([O-])OP(=O)([O-])[O-]>>CC(C)=CCCC(C)=CCOP(=O)([O-])OP(=O)([O-])[O-].O=P([O-])([O-])OP(=O)([O-])O,True,C5_IPP_DMAPP_like,C10_acyclic_highly_oxygenated
RHEA:22436,CC(C)=CCC/C(C)=C/CC/C(C)=C/COP(=O)([O-])OP(=O)([O-])[O-].[H]O[H]>>C/C1=CCC[C@H](C)/C=C/[C@H](C(C)(C)O)CC1.O=P([O-])([O-])OP(=O)([O-])O,CC(C)=CCCC(C)=CCCC(C)=CCOP(=O)([O-])OP(=O)([O-])[O-].O>>CC1=CCCC(C)C=CC(C(C)(C)O)CC1.O=P([O-])([O-])OP(=O)([O-])O,True,C15_FPP_like,C15_mono_oxygenated
RHEA:22672,CC(C)=CCC/C(C)=C/CC/C(C)=C/COP(=O)([O-])OP(=O)([O-])[O-]>>CC(C)=CCC/C(C)=C/CC/C(C)=C/[C@H]1[C@H](COP(=O)([O-])OP(=O)([O-])[O-])[C@@]1(C)CC/C=C(C)CCC=C(C)C.O=P([O-])([O-])OP(=O)([O-])O,CC(C)=CCCC(C)=CCCC(C)=CCOP(=O)([O-])OP(=O)([O-])[O-]>>CC(C)=CCCC(C)=CCCC(C)=CC1C(COP(=O)([O-])OP(=O)([O-])[O-])C1(C)CCC=C(C)CCC=C(C)C.O=P([O-])([O-])OP(=O)([O-])O,True,C15_FPP_like,C_long_mono_highly_oxygenated
RHEA:23112,Cc1cccc(O)c1C(=O)[O-].[H+].Cc1cccc(O)c1>>O=C=O,Cc1cccc(O)c1.Cc1cccc(O)c1C(=O)[O-].[H+]>>O=C=O,True,C10_GPP_like,C5_acyclic_oxygenated
RHEA:24116,CC(C)=CCC/C(C)=C/COP(=O)([O-])OP(=O)([O-])[O-].[H]O[H]>>[Cl][Au-]([Cl])([Cl])[Cl].O=P([O-])([O-])OP(=O)([O-])O,CC(C)=CCCC(C)=CCOP(=O)([O-])OP(=O)([O-])[O-].O>>O=P([O-])([O-])OP(=O)([O-])O.[Cl][Au-]([Cl])([Cl])[Cl],True,C10_GPP_like,unknown
RHEA:24316,CC(C)=CCC/C(C)=C/CC/C(C)=C/CC/C(C)=C/COP(=O)([O-])OP(=O)([O-])[O-]>>[H][C@@]12CCC(=C)[C@H](CC/C(C)=C/COP(=O)([O-])OP(=O)([O-])[O-])[C@@]1(C)CCCC2(C)C,CC(C)=CCCC(C)=CCCC(C)=CCCC(C)=CCOP(=O)([O-])OP(=O)([O-])[O-]>>C=C1CCC2C(C)(C)CCCC2(C)C1CCC(C)=CCOP(=O)([O-])OP(=O)([O-])[O-],True,C20_GGPP_like,C20_bicyclic_highly_oxygenated
RHEA:25282,CC(C)=CCC/C(C)=C/CC/C(C)=C/CC/C=C(C)CC/C=C(C)CCC=C(C)C.Cc1cc2c(cc1C)N(C[C@H](O)[C@H](O)[C@H](O)COP(=O)([O-])[O-])c1nc(=O)nc(=O)c1N2.O=O>>CC(C)=CCC/C(C)=C/CC/C(C)=C/CC/C=C(C)CC/C=C(C)CC[C@@H]1OC1(C)C.Cc1cc2nc3c(=O)[n-]c(=O)nc-3n(C[C@H](O)[C@H](O)[C@H](O)COP(=O)([O-])[O-])c2cc1C.[H]O[H].[H+],CC(C)=CCC/C(C)=C/CC/C(C)=C/CC/C=C(C)CC/C=C(C)CCC=C(C)C.Cc1cc2c(cc1C)N(C[C@H](O)[C@H](O)[C@H](O)COP(=O)([O-])[O-])c1nc(=O)nc(=O)c1N2.O=O>>CC(C)=CCC/C(C)=C/CC/C(C)=C/CC/C=C(C)CC/C=C(C)CC[C@@H]1OC1(C)C.Cc1cc2nc3c(=O)[n-]c(=O)nc-3n(C[C@H](O)[C@H](O)[C@H](O)COP(=O)([O-])[O-])c2cc1C.[H]O[H].[H+],True,C30_long_prenyl_like,C_long_mono_oxygenated
RHEA:25436,CC(C)=CCC/C(C)=C/CC/C(C)=C/COP(=O)([O-])OP(=O)([O-])[O-]>>[H][C@]1(/C(C)=C/CC=C(C)C)CC=C(C)CC1.O=P([O-])([O-])OP(=O)([O-])O,CC(C)=CCCC(C)=CCCC(C)=CCOP(=O)([O-])OP(=O)([O-])[O-]>>CC(C)=CCC=C(C)C1CC=C(C)CC1.O=P([O-])([O-])OP(=O)([O-])O,True,C15_FPP_like,C15_mono_hydrocarbon
RHEA:25440,CC(C)=CCC/C(C)=C/CC/C(C)=C/COP(=O)([O-])OP(=O)([O-])[O-]>>CC1=C2C=C(C(C)C)CCC2(C)CCC1.O=P([O-])([O-])OP(=O)([O-])O,CC(C)=CCCC(C)=CCCC(C)=CCOP(=O)([O-])OP(=O)([O-])[O-]>>CC1=C2C=C(C(C)C)CCC2(C)CCC1.O=P([O-])([O-])OP(=O)([O-])O,True,C15_FPP_like,C15_bicyclic_hydrocarbon
RHEA:25444,CC(C)=CCC/C(C)=C/CC/C(C)=C/COP(=O)([O-])OP(=O)([O-])[O-]>>CC(C)=C1C/C=C(C)CC/C=C(C)CC1.O=P([O-])([O-])OP(=O)([O-])O,CC(C)=CCCC(C)=CCCC(C)=CCOP(=O)([O-])OP(=O)([O-])[O-]>>CC1=CCC(=C(C)C)CCC(C)=CCC1.O=P([O-])([O-])OP(=O)([O-])O,True,C15_FPP_like,C15_mono_hydrocarbon
RHEA:25448,CC(C)=CCC/C(C)=C/CC/C(C)=C/COP(=O)([O-])OP(=O)([O-])[O-]>>[H][C@@]12CC[C@H](C)[C@]1([H])C=C(C(C)C)CC=C2C.O=P([O-])([O-])OP(=O)([O-])O,CC(C)=CCCC(C)=CCCC(C)=CCOP(=O)([O-])OP(=O)([O-])[O-]>>CC1=CCC(C(C)C)=CC2C(C)CCC12.O=P([O-])([O-])OP(=O)([O-])O,True,C15_FPP_like,C15_bicyclic_hydrocarbon
RHEA:25452,CC(C)=CCC/C(C)=C/CC/C(C)=C/COP(=O)([O-])OP(=O)([O-])[O-]>>C=C(C)C1C/C=C(C)CC/C=C(C)CC1.O=P([O-])([O-])OP(=O)([O-])O,CC(C)=CCCC(C)=CCCC(C)=CCOP(=O)([O-])OP(=O)([O-])[O-]>>C=C(C)C1CC=C(C)CCC=C(C)CC1.O=P([O-])([O-])OP(=O)([O-])O,True,C15_FPP_like,C15_mono_hydrocarbon
RHEA:25456,CC(C)=CCC/C(C)=C/CC/C(C)=C/COP(=O)([O-])OP(=O)([O-])[O-]>>[H]C1=CC(=C)CCC=C(C)CCCC1(C)C.O=P([O-])([O-])OP(=O)([O-])O,CC(C)=CCCC(C)=CCCC(C)=CCOP(=O)([O-])OP(=O)([O-])[O-]>>C=C1C=CC(C)(C)CCCC(C)=CCC1.O=P([O-])([O-])OP(=O)([O-])O,True,C15_FPP_like,C15_mono_hydrocarbon
RHEA:25460,CC(C)=CCC/C(C)=C/CC/C(C)=C/COP(=O)([O-])OP(=O)([O-])[O-]>>C=C1CCCC2(C)CCC(C(C)C)=CC12.O=P([O-])([O-])OP(=O)([O-])O,CC(C)=CCCC(C)=CCCC(C)=CCOP(=O)([O-])OP(=O)([O-])[O-]>>C=C1CCCC2(C)CCC(C(C)C)=CC12.O=P([O-])([O-])OP(=O)([O-])O,True,C15_FPP_like,C15_bicyclic_hydrocarbon
RHEA:25464,CC(C)=CCC/C(C)=C/CC/C(C)=C/COP(=O)([O-])OP(=O)([O-])[O-]>>C=C1C2CCC3C2C(C)(C)CCCC13C.O=P([O-])([O-])OP(=O)([O-])O,CC(C)=CCCC(C)=CCCC(C)=CCOP(=O)([O-])OP(=O)([O-])[O-]>>C=C1C2CCC3C2C(C)(C)CCCC13C.O=P([O-])([O-])OP(=O)([O-])O,True,C15_FPP_like,C15_polycyclic_hydrocarbon
RHEA:25468,CC(C)=CCC/C(C)=C/CC/C(C)=C/COP(=O)([O-])OP(=O)([O-])[O-]>>[H][C@]12CC=C3[C@]4([H])CC(C)(C)CC[C@]4(C(=O)O)CC[C@@]3(C)[C@]1(C)CC[C@@]1([H])C(C)(C)[C@@H](O)[C@H](O)C[C@]21C.O=P([O-])([O-])OP(=O)([O-])O,CC(C)=CCCC(C)=CCCC(C)=CCOP(=O)([O-])OP(=O)([O-])[O-]>>CC1(C)CCC2(C(=O)O)CCC3(C)C(=CCC4C5(C)CC(O)C(O)C(C)(C)C5CCC43C)C2C1.O=P([O-])([O-])OP(=O)([O-])O,True,C15_FPP_like,C_long_polycyclic_highly_oxygenated
RHEA:25472,CC(C)=CCC/C(C)=C/CC/C(C)=C/COP(=O)([O-])OP(=O)([O-])[O-]>>CC1=CC2C(CC1)C(C)=CCCC2(C)C.O=P([O-])([O-])OP(=O)([O-])O,CC(C)=CCCC(C)=CCCC(C)=CCOP(=O)([O-])OP(=O)([O-])[O-]>>CC1=CC2C(CC1)C(C)=CCCC2(C)C.O=P([O-])([O-])OP(=O)([O-])O,True,C15_FPP_like,C15_bicyclic_hydrocarbon
RHEA:25476,CC(C)=CCC/C(C)=C/CC/C(C)=C/COP(=O)([O-])OP(=O)([O-])[O-]>>C=C1CCCC(C)(C)C2C=C(C)CCC12.O=P([O-])([O-])OP(=O)([O-])O,CC(C)=CCCC(C)=CCCC(C)=CCOP(=O)([O-])OP(=O)([O-])[O-]>>C=C1CCCC(C)(C)C2C=C(C)CCC12.O=P([O-])([O-])OP(=O)([O-])O,True,C15_FPP_like,C15_bicyclic_hydrocarbon
RHEA:25484,CC(C)=CCC/C(C)=C/COP(=O)([O-])OP(=O)([O-])[O-]>>Nc1ncnc2ncnc12.O=P([O-])([O-])OP(=O)([O-])O,CC(C)=CCC/C(C)=C/COP(=O)([O-])OP(=O)([O-])[O-]>>Nc1ncnc2ncnc12.O=P([O-])([O-])OP(=O)([O-])O,True,C10_GPP_like,unknown
RHEA:25488,CC(C)=CCC/C(C)=C/COP(=O)([O-])OP(=O)([O-])[O-]>>CC1=CC[C@H]2C[C@@H]1C2(C)C.O=P([O-])([O-])OP(=O)([O-])O,CC(C)=CCCC(C)=CCOP(=O)([O-])OP(=O)([O-])[O-]>>CC1=CCC2CC1C2(C)C.O=P([O-])([O-])OP(=O)([O-])O,True,C10_GPP_like,C10_polycyclic_hydrocarbon
RHEA:25492,CC(C)=CCC/C(C)=C/COP(=O)([O-])OP(=O)([O-])[O-]>>Cc1ncnc1CN1CCc2c(c3ccccc3n2C)C1=O.O=P([O-])([O-])OP(=O)([O-])O,CC(C)=CCC/C(C)=C/COP(=O)([O-])OP(=O)([O-])[O-]>>Cc1ncnc1CN1CCc2c(c3ccccc3n2C)C1=O.O=P([O-])([O-])OP(=O)([O-])O,True,C10_GPP_like,unknown
RHEA:25496,CC(C)=CCC/C(C)=C/COP(=O)([O-])OP(=O)([O-])[O-]>>C=C1CC[C@H]2C[C@@H]1C2(C)C.O=P([O-])([O-])OP(=O)([O-])O,CC(C)=CCCC(C)=CCOP(=O)([O-])OP(=O)([O-])[O-]>>C=C1CCC2CC1C2(C)C.O=P([O-])([O-])OP(=O)([O-])O,True,C10_GPP_like,C10_polycyclic_hydrocarbon
RHEA:25500,CC(C)=CCC/C(C)=C/COP(=O)([O-])OP(=O)([O-])[O-]>>CC1=CCC(=C(C)C)CC1.O=P([O-])([O-])OP(=O)([O-])O,CC(C)=CCCC(C)=CCOP(=O)([O-])OP(=O)([O-])[O-]>>CC1=CCC(=C(C)C)CC1.O=P([O-])([O-])OP(=O)([O-])O,True,C10_GPP_like,C10_mono_hydrocarbon
RHEA:25504,CC(C)=CCC/C(C)=C/COP(=O)([O-])OP(=O)([O-])[O-]>>C=C1C=CC(C(C)C)CC1.O=P([O-])([O-])OP(=O)([O-])O,CC(C)=CCCC(C)=CCOP(=O)([O-])OP(=O)([O-])[O-]>>C=C1C=CC(C(C)C)CC1.O=P([O-])([O-])OP(=O)([O-])O,True,C10_GPP_like,C10_mono_hydrocarbon
RHEA:25508,CC(C)=CCC/C(C)=C/COP(=O)([O-])OP(=O)([O-])[O-]>>[H][C@@]12C[C@]1(C(C)C)CCC2=C.O=P([O-])([O-])OP(=O)([O-])O,CC(C)=CCCC(C)=CCOP(=O)([O-])OP(=O)([O-])[O-]>>C=C1CCC2(C(C)C)CC12.O=P([O-])([O-])OP(=O)([O-])O,True,C10_GPP_like,C10_bicyclic_hydrocarbon
RHEA:25524,CC(C)=CCC/C(C)=C/CC/C(C)=C/CC/C(C)=C/COP(=O)([O-])OP(=O)([O-])[O-]>>[H][C@@]12CCC(=C)[C@@H](CC/C(C)=C/COP(=O)([O-])OP(=O)([O-])[O-])[C@@]1(C)CCCC2(C)C,CC(C)=CCCC(C)=CCCC(C)=CCCC(C)=CCOP(=O)([O-])OP(=O)([O-])[O-]>>C=C1CCC2C(C)(C)CCCC2(C)C1CCC(C)=CCOP(=O)([O-])OP(=O)([O-])[O-],True,C20_GGPP_like,C20_bicyclic_highly_oxygenated
RHEA:25532,[H][C@]12CCC(=C)[C@@H](CC/C(C)=C/COP(=O)([O-])OP(=O)([O-])[O-])[C@]1(C)CCCC2(C)C>>[H][C@@]12CC=C(C=C)[C@@H](C)[C@@]1([H])CC[C@]1([H])C(C)(C)CCC[C@@]21C.O=P([O-])([O-])OP(=O)([O-])O,C=C1CCC2C(C)(C)CCCC2(C)C1CCC(C)=CCOP(=O)([O-])OP(=O)([O-])[O-]>>C=CC1=CCC2C(CCC3C(C)(C)CCCC23C)C1C.O=P([O-])([O-])OP(=O)([O-])O,True,C20_GGPP_like,C20_polycyclic_hydrocarbon
RHEA:25536,[H][C@]12CCC(=C)[C@@H](CC/C(C)=C/COP(=O)([O-])OP(=O)([O-])[O-])[C@]1(C)CCCC2(C)C>>[H][C@@]12CC[C@@](C)(C=C)C=C1CC[C@]1([H])C(C)(C)CCC[C@@]21C.O=P([O-])([O-])OP(=O)([O-])O,C=C1CCC2C(C)(C)CCCC2(C)C1CCC(C)=CCOP(=O)([O-])OP(=O)([O-])[O-]>>C=CC1(C)C=C2CCC3C(C)(C)CCCC3(C)C2CC1.O=P([O-])([O-])OP(=O)([O-])O,True,C20_GGPP_like,C20_polycyclic_hydrocarbon
RHEA:25540,[H][C@]12CCC(=C)[C@@H](CC/C(C)=C/COP(=O)([O-])OP(=O)([O-])[O-])[C@]1(C)CCCC2(C)C>>[H][C@@]12CC[C@](C)(C=C)C=C1CC[C@]1([H])C(C)(C)CCC[C@@]21C.O=P([O-])([O-])OP(=O)([O-])O,C=C1CCC2C(C)(C)CCCC2(C)C1CCC(C)=CCOP(=O)([O-])OP(=O)([O-])[O-]>>C=CC1(C)C=C2CCC3C(C)(C)CCCC3(C)C2CC1.O=P([O-])([O-])OP(=O)([O-])O,True,C20_GGPP_like,C20_polycyclic_hydrocarbon
RHEA:25544,[H][C@]12CCC(=C)[C@@H](CC/C(C)=C/COP(=O)([O-])OP(=O)([O-])[O-])[C@]1(C)CCCC2(C)C>>[H][C@@]12CC[C@]3([H])C(C)(C)CCC[C@@]3(C)C1=CC[C@](C)(C=C)C2.O=P([O-])([O-])OP(=O)([O-])O,C=C1CCC2C(C)(C)CCCC2(C)C1CCC(C)=CCOP(=O)([O-])OP(=O)([O-])[O-]>>C=CC1(C)CC=C2C(CCC3C(C)(C)CCCC23C)C1.O=P([O-])([O-])OP(=O)([O-])O,True,C20_GGPP_like,C20_polycyclic_hydrocarbon
RHEA:25548,[H][C@@]12CCC(=C)[C@H](CC/C(C)=C/COP(=O)([O-])OP(=O)([O-])[O-])[C@@]1(C)CCCC2(C)C.[H][C@]12CC=C(C(C)C)C=C1CC[C@@]1([H])C(C)(C)CCC[C@]21C>>O=P([O-])([O-])OP(=O)([O-])O,C=C1CCC2C(C)(C)CCCC2(C)C1CCC(C)=CCOP(=O)([O-])OP(=O)([O-])[O-].CC(C)C1=CCC2C(=C1)CCC1C(C)(C)CCCC21C>>O=P([O-])([O-])OP(=O)([O-])O,True,C20_GGPP_like,unknown
RHEA:25552,[H][C@@]12CCC(=C)[C@@H](CC/C(C)=C/COP(=O)([O-])OP(=O)([O-])[O-])[C@@]1(C)CCCC2(C)C>>[H][C@@]12CC[C@@]3([H])C=C(C)[C@@H]4CC[C@]3(C4)[C@@]1(C)CCCC2(C)C.O=P([O-])([O-])OP(=O)([O-])O,C=C1CCC2C(C)(C)CCCC2(C)C1CCC(C)=CCOP(=O)([O-])OP(=O)([O-])[O-]>>CC1=CC2CCC3C(C)(C)CCCC3(C)C23CCC1C3.O=P([O-])([O-])OP(=O)([O-])O,True,C20_GGPP_like,C20_polycyclic_hydrocarbon
RHEA:25556,[H][C@@]12CCC(=C)[C@@H](CC/C(C)=C/COP(=O)([O-])OP(=O)([O-])[O-])[C@@]1(C)CCCC2(C)C>>[H][C@@]12CC[C@@]3([H])C(C)(C)CCC[C@]3(C)[C@@]13CCC(=C)[C@@H](C2)C3.O=P([O-])([O-])OP(=O)([O-])O,C=C1CCC2C(C)(C)CCCC2(C)C1CCC(C)=CCOP(=O)([O-])OP(=O)([O-])[O-]>>C=C1CCC23CC1CC2CCC1C(C)(C)CCCC13C.O=P([O-])([O-])OP(=O)([O-])O,True,C20_GGPP_like,C20_polycyclic_hydrocarbon
RHEA:25560,[H][C@@]12CCC(=C)[C@@H](CC/C(C)=C/COP(=O)([O-])OP(=O)([O-])[O-])[C@@]1(C)CCCC2(C)C>>[H][C@@]12CC=C3C[C@](C)(C=C)CC[C@@]3([H])[C@@]1(C)CCCC2(C)C.O=P([O-])([O-])OP(=O)([O-])O,C=C1CCC2C(C)(C)CCCC2(C)C1CCC(C)=CCOP(=O)([O-])OP(=O)([O-])[O-]>>C=CC1(C)CCC2C(=CCC3C(C)(C)CCCC23C)C1.O=P([O-])([O-])OP(=O)([O-])O,True,C20_GGPP_like,C20_polycyclic_hydrocarbon
RHEA:25613,CC(C)=CCC/C(C)=C/CC/C(C)=C/CC/C(C)=C/COP(=O)([O-])OP(=O)([O-])[O-]>>[H][C@@]12CCC=C(C)[C@@]1(C)CC[C@@H](C)[C@@]2(C)CC/C(C)=C/COP(=O)([O-])OP(=O)([O-])[O-],CC(C)=CCCC(C)=CCCC(C)=CCCC(C)=CCOP(=O)([O-])OP(=O)([O-])[O-]>>CC(=CCOP(=O)([O-])OP(=O)([O-])[O-])CCC1(C)C(C)CCC2(C)C(C)=CCCC21,True,C20_GGPP_like,C20_bicyclic_highly_oxygenated
RHEA:25617,[H][C@@]12CCC=C(C)[C@@]1(C)CC[C@@H](C)[C@@]2(C)CC/C(C)=C/COP(=O)([O-])OP(=O)([O-])[O-]>>[H][C@@]12CCC=C(C)[C@@]1(C)CC[C@@H](C)[C@@]2(C)CCC(=C)C=C.O=P([O-])([O-])OP(=O)([O-])O,CC(=CCOP(=O)([O-])OP(=O)([O-])[O-])CCC1(C)C(C)CCC2(C)C(C)=CCCC21>>C=CC(=C)CCC1(C)C(C)CCC2(C)C(C)=CCCC21.O=P([O-])([O-])OP(=O)([O-])O,True,C20_GGPP_like,C20_bicyclic_hydrocarbon
RHEA:25621,CC(C)=CCCC(C)=CCCC(C)=CCCC(C)=CCOP(=O)([O-])OP(=O)([O-])[O-]>>N=C(N)NCCC[C@H](NC(=O)[C@H](Cc1ccccc1)NC(=O)[C@@H]1CCCN1C(=O)[C@H](CO)NC(=O)[C@H](Cc1ccccc1)NC(=O)CNC(=O)[C@@H]1CCCN1C(=O)[C@@H]1CCCN1C(=O)[C@@H](N)CCCNC(=N)N)C(=O)O,CC(C)=CCCC(C)=CCCC(C)=CCCC(C)=CCOP(=O)([O-])OP(=O)([O-])[O-]>>N=C(N)NCCCC(N)C(=O)N1CCCC1C(=O)N1CCCC1C(=O)NCC(=O)NC(Cc1ccccc1)C(=O)NC(CO)C(=O)N1CCCC1C(=O)NC(Cc1ccccc1)C(=O)NC(CCCNC(=N)N)C(=O)O,True,C20_GGPP_like,C_long_polycyclic_highly_oxygenated
RHEA:25641,CC(C)[C@@H]1CC[C@@H](C)CC1=O.NC(=O)c1ccc[n+]([C@@H]2O[C@H](COP(=O)([O-])OP(=O)([O-])OC[C@H]3O[C@@H](n4cnc5c(N)ncnc54)[C@H](OP(=O)([O-])[O-])[C@@H]3O)[C@@H](O)[C@H]2O)c1.CC(C)=C1CC[C@@H](C)CC1=O>>NC(=O)C1=CN([C@@H]2O[C@H](COP(=O)([O-])OP(=O)([O-])OC[C@H]3O[C@@H](n4cnc5c(N)ncnc54)[C@H](OP(=O)([O-])[O-])[C@@H]3O)[C@@H](O)[C@H]2O)C=CC1.[H+],CC(C)=C1CCC(C)CC1=O.CC1CCC(C(C)C)C(=O)C1.NC(=O)c1ccc[n+](C2OC(COP(=O)([O-])OP(=O)([O-])OCC3OC(n4cnc5c(N)ncnc54)C(OP(=O)([O-])[O-])C3O)C(O)C2O)c1>>NC(=O)C1=CN(C2OC(COP(=O)([O-])OP(=O)([O-])OCC3OC(n4cnc5c(N)ncnc54)C(OP(=O)([O-])[O-])C3O)C(O)C2O)C=CC1.[H+],True,C20_GGPP_like,C20_polycyclic_highly_oxygenated
RHEA:25645,CC(C)[C@H]1CC[C@@H](C)CC1=O.NC(=O)c1ccc[n+]([C@@H]2O[C@H](COP(=O)([O-])OP(=O)([O-])OC[C@H]3O[C@@H](n4cnc5c(N)ncnc54)[C@H](OP(=O)([O-])[O-])[C@@H]3O)[C@@H](O)[C@H]2O)c1.CC(C)=C1CC[C@@H](C)CC1=O>>NC(=O)C1=CN([C@@H]2O[C@H](COP(=O)([O-])OP(=O)([O-])OC[C@H]3O[C@@H](n4cnc5c(N)ncnc54)[C@H](OP(=O)([O-])[O-])[C@@H]3O)[C@@H](O)[C@H]2O)C=CC1.[H+],CC(C)=C1CCC(C)CC1=O.CC1CCC(C(C)C)C(=O)C1.NC(=O)c1ccc[n+](C2OC(COP(=O)([O-])OP(=O)([O-])OCC3OC(n4cnc5c(N)ncnc54)C(OP(=O)([O-])[O-])C3O)C(O)C2O)c1>>NC(=O)C1=CN(C2OC(COP(=O)([O-])OP(=O)([O-])OCC3OC(n4cnc5c(N)ncnc54)C(OP(=O)([O-])[O-])C3O)C(O)C2O)C=CC1.[H+],True,C20_GGPP_like,C20_polycyclic_highly_oxygenated
RHEA:25649,C=C(C)[C@H]1CC[C@@H](C)CC1=O.NC(=O)c1ccc[n+]([C@@H]2O[C@H](COP(=O)([O-])OP(=O)([O-])OC[C@H]3O[C@@H](n4cnc5c(N)ncnc54)[C@H](OP(=O)([O-])[O-])[C@@H]3O)[C@@H](O)[C@H]2O)c1.[H][C@]1(C(=C)C)CCC(C)=CC1=O>>NC(=O)C1=CN([C@@H]2O[C@H](COP(=O)([O-])OP(=O)([O-])OC[C@H]3O[C@@H](n4cnc5c(N)ncnc54)[C@H](OP(=O)([O-])[O-])[C@@H]3O)[C@@H](O)[C@H]2O)C=CC1.[H+],C=C(C)C1CCC(C)=CC1=O.C=C(C)C1CCC(C)CC1=O.NC(=O)c1ccc[n+](C2OC(COP(=O)([O-])OP(=O)([O-])OCC3OC(n4cnc5c(N)ncnc54)C(OP(=O)([O-])[O-])C3O)C(O)C2O)c1>>NC(=O)C1=CN(C2OC(COP(=O)([O-])OP(=O)([O-])OCC3OC(n4cnc5c(N)ncnc54)C(OP(=O)([O-])[O-])C3O)C(O)C2O)C=CC1.[H+],True,C20_GGPP_like,C20_polycyclic_highly_oxygenated
RHEA:25662,CC(C)=CCC/C(C)=C/COP(=O)([O-])OP(=O)([O-])[O-]>>CC1=CCC2CC1C2(C)C.O=P([O-])([O-])OP(=O)([O-])O,CC(C)=CCCC(C)=CCOP(=O)([O-])OP(=O)([O-])[O-]>>CC1=CCC2CC1C2(C)C.O=P([O-])([O-])OP(=O)([O-])O,True,C10_GPP_like,C10_polycyclic_hydrocarbon
RHEA:25666,CC(C)=CCC/C(C)=C/COP(=O)([O-])OP(=O)([O-])[O-]>>C=C1CCC2CC1C2(C)C.O=P([O-])([O-])OP(=O)([O-])O,CC(C)=CCCC(C)=CCOP(=O)([O-])OP(=O)([O-])[O-]>>C=C1CCC2CC1C2(C)C.O=P([O-])([O-])OP(=O)([O-])O,True,C10_GPP_like,C10_polycyclic_hydrocarbon
RHEA:25694,C=C(C)CCOP(=O)([O-])OP(=O)([O-])[O-].CC(C)=CCC/C(C)=C/CC/C(C)=C/CC/C(C)=C/COP(=O)([O-])OP(=O)([O-])[O-]>>CC(C)=CCC/C(C)=C/CC/C(C)=C/CC/C(C)=C/CC/C(C)=C/COP(=O)([O-])OP(=O)([O-])[O-].O=P([O-])([O-])OP(=O)([O-])O,C=C(C)CCOP(=O)([O-])OP(=O)([O-])[O-].CC(C)=CCCC(C)=CCCC(C)=CCCC(C)=CCOP(=O)([O-])OP(=O)([O-])[O-]>>CC(C)=CCCC(C)=CCCC(C)=CCCC(C)=CCCC(C)=CCOP(=O)([O-])OP(=O)([O-])[O-].O=P([O-])([O-])OP(=O)([O-])O,True,C20_GGPP_like,C25_acyclic_highly_oxygenated
RHEA:25759,[H][C@]12CCC(=C)[C@@H](CC/C(C)=C/COP(=O)([O-])OP(=O)([O-])[O-])[C@]1(C)CCCC2(C)C>>[H][C@@]12CC[C@@H]3C[C@]1(C=C3C)CC[C@]1([H])C(C)(C)CCC[C@@]21C.O=P([O-])([O-])OP(=O)([O-])O,C=C1CCC2C(C)(C)CCCC2(C)C1CCC(C)=CCOP(=O)([O-])OP(=O)([O-])[O-]>>CC1=CC23CCC4C(C)(C)CCCC4(C)C2CCC1C3.O=P([O-])([O-])OP(=O)([O-])O,True,C20_GGPP_like,C20_polycyclic_hydrocarbon
RHEA:25976,[H][C@]12CC[C@]3(C1)C(=C(C)C2(C)C)CC[C@@H]3C.[S]1[Fe][S][Fe+]1.O=O.[H+].[H][C@]12CC[C@]3(C1)C(=C(C)C2(C)C)[C@@H](O)C[C@@H]3C.[S]1[Fe+][S][Fe+]1>>[H]O[H],CC1=C2C(O)CC(C)C23CCC(C3)C1(C)C.CC1=C2CCC(C)C23CCC(C3)C1(C)C.O=O.[H+].[S]1[Fe+][S][Fe+]1.[S]1[Fe][S][Fe+]1>>O,True,C15_FPP_like,unknown
RHEA:25980,[H][C@]12CC[C@]3(C1)C(=C(C)C2(C)C)[C@@H](O)C[C@@H]3C.[S]1[Fe][S][Fe+]1.O=O.[H+].[H][C@]12CC[C@]3(C1)C(=C(C)C2(C)C)C(=O)C[C@@H]3C>>[S]1[Fe+][S][Fe+]1.[H]O[H],CC1=C2C(=O)CC(C)C23CCC(C3)C1(C)C.CC1=C2C(O)CC(C)C23CCC(C3)C1(C)C.O=O.[H+].[S]1[Fe][S][Fe+]1>>O.[S]1[Fe+][S][Fe+]1,True,C15_FPP_like,unknown
RHEA:25984,[H][C@]12CC[C@]3(C1)C(=C(C)C2(C)C)CC[C@@H]3C.[S]1[Fe][S][Fe+]1.O=O.[H+].[H][C@]12CC[C@]3(C1)C(=C(C)C2(C)C)[C@H](O)C[C@@H]3C.[S]1[Fe+][S][Fe+]1>>[H]O[H],CC1=C2C(O)CC(C)C23CCC(C3)C1(C)C.CC1=C2CCC(C)C23CCC(C3)C1(C)C.O=O.[H+].[S]1[Fe+][S][Fe+]1.[S]1[Fe][S][Fe+]1>>O,True,C15_FPP_like,unknown
RHEA:25988,[H][C@]12CC[C@]3(C1)C(=C(C)C2(C)C)[C@H](O)C[C@@H]3C.[S]1[Fe][S][Fe+]1.O=O.[H+].[H][C@]12CC[C@]3(C1)C(=C(C)C2(C)C)C(=O)C[C@@H]3C>>[S]1[Fe+][S][Fe+]1.[H]O[H],CC1=C2C(=O)CC(C)C23CCC(C3)C1(C)C.CC1=C2C(O)CC(C)C23CCC(C3)C1(C)C.O=O.[H+].[S]1[Fe][S][Fe+]1>>O.[S]1[Fe+][S][Fe+]1,True,C15_FPP_like,unknown
RHEA:25992,CC(C)=CCC/C(C)=C/CC/C(C)=C/COP(=O)([O-])OP(=O)([O-])[O-]>>[H][C@]12CC[C@]3(C1)C(=C(C)C2(C)C)CC[C@@H]3C.O=P([O-])([O-])OP(=O)([O-])O,CC(C)=CCCC(C)=CCCC(C)=CCOP(=O)([O-])OP(=O)([O-])[O-]>>CC1=C2CCC(C)C23CCC(C3)C1(C)C.O=P([O-])([O-])OP(=O)([O-])O,True,C15_FPP_like,C15_polycyclic_hydrocarbon
RHEA:26081,CC(C)=CCC/C(C)=C/CC/C(C)=C/COP(=O)([O-])OP(=O)([O-])[O-]>>CC(C)=CCC/C(C)=C1CC=C(C)CC1.O=P([O-])([O-])OP(=O)([O-])O,CC(C)=CCCC(C)=CCCC(C)=CCOP(=O)([O-])OP(=O)([O-])[O-]>>CC(C)=CCCC(C)=C1CC=C(C)CC1.O=P([O-])([O-])OP(=O)([O-])O,True,C15_FPP_like,C15_mono_hydrocarbon
RHEA:26115,CC(C)=CCC/C(C)=C/CC/C(C)=C/COP(=O)([O-])OP(=O)([O-])[O-].[H]O[H]>>[H][C@@]12CC[C@@H](C)[C@@]13CC[C@](C)(O)[C@H](C3)C2(C)C.O=P([O-])([O-])OP(=O)([O-])O,CC(C)=CCCC(C)=CCCC(C)=CCOP(=O)([O-])OP(=O)([O-])[O-].O>>CC1CCC2C(C)(C)C3CC12CCC3(C)O.O=P([O-])([O-])OP(=O)([O-])O,True,C15_FPP_like,C15_polycyclic_oxygenated
RHEA:26128,[H][C@@]12CCC(=C)[C@H](CC/C(C)=C/COP(=O)([O-])OP(=O)([O-])[O-])[C@@]1(C)CCCC2(C)C.[H][C@]12CC[C@](C)(C=C)CC1=CC[C@@]1([H])C(C)(C)CCC[C@]21C>>O=P([O-])([O-])OP(=O)([O-])O,C=C1CCC2C(C)(C)CCCC2(C)C1CCC(C)=CCOP(=O)([O-])OP(=O)([O-])[O-].C=CC1(C)CCC2C(=CCC3C(C)(C)CCCC23C)C1>>O=P([O-])([O-])OP(=O)([O-])O,True,C20_GGPP_like,unknown
RHEA:26160,CC(C)=CCC/C(C)=C/CC/C(C)=C/CC/C=C(C)CC/C=C(C)CC[C@@H]1OC1(C)C>>[H][C@@]12CCC3=C(CC[C@]3(C)[C@H](C)CC/C=C(C)CCC=C(C)C)[C@@]1(C)CC[C@H](O)C2(C)C,CC(C)=CCCC(C)=CCCC(C)=CCCC=C(C)CCC=C(C)CCC1OC1(C)C>>CC(C)=CCCC(C)=CCCC(C)C1(C)CCC2=C1CCC1C2(C)CCC(O)C1(C)C,True,C30_long_prenyl_like,C_long_polycyclic_oxygenated
RHEA:26213,[H][C@@]12CCC(=C)[C@@H](CC/C(C)=C/COP(=O)([O-])OP(=O)([O-])[O-])[C@@]1(C)CCCC2(C)C.[H]O[H]>>O=C1c2ccc(O)cc2C(=O)c2ccc(O)cc21.O=P([O-])([O-])OP(=O)([O-])O,C=C1CCC2C(C)(C)CCCC2(C)C1CCC(C)=CCOP(=O)([O-])OP(=O)([O-])[O-].O>>O=C1c2ccc(O)cc2C(=O)c2ccc(O)cc21.O=P([O-])([O-])OP(=O)([O-])O,True,C20_GGPP_like,C15_polycyclic_highly_oxygenated
RHEA:26245,CC(C)=CCCC(C)=CCCC(C)=CCCC(C)=CCOP(=O)([O-])OP(=O)([O-])[O-]>>[H][C@@]12CCC(C)=C1C[C@@]1(C)CCC(C(C)C)=C1CC[C@@H]2C.O=P([O-])([O-])OP(=O)([O-])O,CC(C)=CCCC(C)=CCCC(C)=CCCC(C)=CCOP(=O)([O-])OP(=O)([O-])[O-]>>CC1=C2CC3(C)CCC(C(C)C)=C3CCC(C)C2CC1.O=P([O-])([O-])OP(=O)([O-])O,True,C20_GGPP_like,C20_polycyclic_hydrocarbon
RHEA:26430,[H][C@@]12CCC(=C)[C@H](CC/C(C)=C/COP(=O)([O-])OP(=O)([O-])[O-])[C@@]1(C)CCCC2(C)C.[H]O[H].[H][C@]12CC[C@H]3C[C@]1(CC[C@@]1([H])C(C)(C)CCC[C@]21C)C[C@@]3(C)O>>O=P([O-])([O-])OP(=O)([O-])O,C=C1CCC2C(C)(C)CCCC2(C)C1CCC(C)=CCOP(=O)([O-])OP(=O)([O-])[O-].CC1(C)CCCC2(C)C1CCC13CC(CCC12)C(C)(O)C3.O>>O=P([O-])([O-])OP(=O)([O-])O,True,C20_GGPP_like,unknown
RHEA:27421,CC(C)=CCC/C(C)=C/CC/C(C)=C/COP(=O)([O-])OP(=O)([O-])[O-]>>C=C/C(C)=C/C/C=C(C)CCC=C(C)C.O=P([O-])([O-])OP(=O)([O-])O,CC(C)=CCCC(C)=CCCC(C)=CCOP(=O)([O-])OP(=O)([O-])[O-]>>C=CC(C)=CCC=C(C)CCC=C(C)C.O=P([O-])([O-])OP(=O)([O-])O,True,C15_FPP_like,C15_acyclic_hydrocarbon
RHEA:27425,CC(C)=CCC/C(C)=C/CC/C(C)=C/COP(=O)([O-])OP(=O)([O-])[O-]>>C=CC(=C)CC/C=C(C)CCC=C(C)C.O=P([O-])([O-])OP(=O)([O-])O,CC(C)=CCCC(C)=CCCC(C)=CCOP(=O)([O-])OP(=O)([O-])[O-]>>C=CC(=C)CCC=C(C)CCC=C(C)C.O=P([O-])([O-])OP(=O)([O-])O,True,C15_FPP_like,C15_acyclic_hydrocarbon
RHEA:27526,CC(C)=CCC/C(C)=C/CC/C(C)=C/COP(=O)([O-])OP(=O)([O-])[O-].[H]O[H]>>CC(C)=CCC/C(C)=C/CC/C(C)=C/CO.O=P([O-])([O-])OP(=O)([O-])O,CC(C)=CCCC(C)=CCCC(C)=CCOP(=O)([O-])OP(=O)([O-])[O-].O>>CC(C)=CCCC(C)=CCCC(C)=CCO.O=P([O-])([O-])OP(=O)([O-])O,True,C15_FPP_like,C15_acyclic_oxygenated
RHEA:27530,CC(C)=CCC/C(C)=C/CC/C(C)=C/COP(=O)([O-])OP(=O)([O-])[O-].[H]O[H]>>C=C[C@@](C)(O)CC/C=C(C)CCC=C(C)C.O=P([O-])([O-])OP(=O)([O-])O,CC(C)=CCCC(C)=CCCC(C)=CCOP(=O)([O-])OP(=O)([O-])[O-].O>>C=CC(C)(O)CCC=C(C)CCC=C(C)C.O=P([O-])([O-])OP(=O)([O-])O,True,C15_FPP_like,C15_acyclic_oxygenated
RHEA:27534,CC(C)=CCC/C(C)=C/CC/C(C)=C/COP(=O)([O-])OP(=O)([O-])[O-].[H]O[H]>>C=C[C@](C)(O)CC/C=C(C)CCC=C(C)C.O=P([O-])([O-])OP(=O)([O-])O,CC(C)=CCCC(C)=CCCC(C)=CCOP(=O)([O-])OP(=O)([O-])[O-].O>>C=CC(C)(O)CCC=C(C)CCC=C(C)C.O=P([O-])([O-])OP(=O)([O-])O,True,C15_FPP_like,C15_acyclic_oxygenated
RHEA:27830,CC(C)=CCC/C(C)=CCOP(=O)([O-])OP(=O)([O-])[O-]>>C=C1C=CC(C(C)C)CC1.O=P([O-])([O-])OP(=O)([O-])O,CC(C)=CCCC(C)=CCOP(=O)([O-])OP(=O)([O-])[O-]>>C=C1C=CC(C(C)C)CC1.O=P([O-])([O-])OP(=O)([O-])O,True,C10_GPP_like,C10_mono_hydrocarbon
RHEA:27954,CC(C)=CCC/C(C)=C/CC/C(C)=C/COP(=O)([O-])OP(=O)([O-])[O-].[H]O[H]>>[H][C@]12CC[C@@H](C)[C@@H]3CC[C@@](C)(CC1(C)C)[C@@]32O.O=P([O-])([O-])OP(=O)([O-])O,CC(C)=CCCC(C)=CCCC(C)=CCOP(=O)([O-])OP(=O)([O-])[O-].O>>CC1CCC2C(C)(C)CC3(C)CCC1C23O.O=P([O-])([O-])OP(=O)([O-])O,True,C15_FPP_like,C15_polycyclic_oxygenated
RHEA:28266,CC(C)=CCC/C(C)=C/CC/C(C)=C/COP(=O)([O-])OP(=O)([O-])[O-]>>[H][C@@]1(C(=C)CCC=C(C)C)CC=C(C)CC1.O=P([O-])([O-])OP(=O)([O-])O,CC(C)=CCCC(C)=CCCC(C)=CCOP(=O)([O-])OP(=O)([O-])[O-]>>C=C(CCC=C(C)C)C1CC=C(C)CC1.O=P([O-])([O-])OP(=O)([O-])O,True,C15_FPP_like,C15_mono_hydrocarbon
RHEA:28282,[H][C@@]1(C(=C)CCC=C(C)C)CC=C(C)CC1>>[H][C@@]1(C2=CCCC(C)(C)C2)CC=C(C)CC1,C=C(CCC=C(C)C)C1CC=C(C)CC1>>CC1=CCC(C2=CCCC(C)(C)C2)CC1,True,C15_FPP_like,C15_bicyclic_hydrocarbon
RHEA:28290,CC(C)=CCC/C(C)=C/CC/C(C)=C/COP(=O)([O-])OP(=O)([O-])[O-].[H]O[H]>>[H][C@@]12CC=C(C)[C@H](CO)[C@@]1(C)CCCC2(C)C.O=P([O-])([O-])OP(=O)([O-])O,CC(C)=CCCC(C)=CCCC(C)=CCOP(=O)([O-])OP(=O)([O-])[O-].O>>CC1=CCC2C(C)(C)CCCC2(C)C1CO.O=P([O-])([O-])OP(=O)([O-])O,True,C15_FPP_like,C15_bicyclic_oxygenated
RHEA:28294,CC(C)=CCC/C(C)=C/CC/C(C)=C/COP(=O)([O-])OP(=O)([O-])[O-]>>[H][C@@]12CC/C(C)=C/CCC(=C)[C@@]1([H])CC2(C)C.O=P([O-])([O-])OP(=O)([O-])O,CC(C)=CCCC(C)=CCCC(C)=CCOP(=O)([O-])OP(=O)([O-])[O-]>>C=C1CCC=C(C)CCC2C1CC2(C)C.O=P([O-])([O-])OP(=O)([O-])O,True,C15_FPP_like,C15_bicyclic_hydrocarbon
RHEA:28298,CC(C)=CCC/C(C)=C/CC/C(C)=C/COP(=O)([O-])OP(=O)([O-])[O-]>>CC(C)=CCC/C(C)=C1/CC=C(C)CC1.O=P([O-])([O-])OP(=O)([O-])O,CC(C)=CCCC(C)=CCCC(C)=CCOP(=O)([O-])OP(=O)([O-])[O-]>>CC(C)=CCCC(C)=C1CC=C(C)CC1.O=P([O-])([O-])OP(=O)([O-])O,True,C15_FPP_like,C15_mono_hydrocarbon
RHEA:28302,CC(C)=CCC/C(C)=C/CC/C(C)=C/COP(=O)([O-])OP(=O)([O-])[O-]>>C/C1=CC=C(C(C)C)CC/C(C)=C/CC1.O=P([O-])([O-])OP(=O)([O-])O,CC(C)=CCCC(C)=CCCC(C)=CCOP(=O)([O-])OP(=O)([O-])[O-]>>CC1=CC=C(C(C)C)CCC(C)=CCC1.O=P([O-])([O-])OP(=O)([O-])O,True,C15_FPP_like,C15_mono_hydrocarbon
RHEA:28635,CC(C)=CCC/C(C)=C/CC/C(C)=C/COP(=O)([O-])OP(=O)([O-])[O-]>>C=C(C)[C@@H]1CC=C2CCC[C@@H](C)[C@@]2(C)C1.O=P([O-])([O-])OP(=O)([O-])O,CC(C)=CCCC(C)=CCCC(C)=CCOP(=O)([O-])OP(=O)([O-])[O-]>>C=C(C)C1CC=C2CCCC(C)C2(C)C1.O=P([O-])([O-])OP(=O)([O-])O,True,C15_FPP_like,C15_bicyclic_hydrocarbon
RHEA:28639,CC(C)=CCC/C(C)=C/CC/C(C)=CCOP(=O)([O-])OP(=O)([O-])[O-]>>[H][C@]12CCC(C)=C[C@]1([H])[C@@H](C(C)C)CCC2=C.O=P([O-])([O-])OP(=O)([O-])O,CC(C)=CCCC(C)=CCCC(C)=CCOP(=O)([O-])OP(=O)([O-])[O-]>>C=C1CCC(C(C)C)C2C=C(C)CCC12.O=P([O-])([O-])OP(=O)([O-])O,True,C15_FPP_like,C15_bicyclic_hydrocarbon
RHEA:28643,CC(C)=CCC/C(C)=C/CC/C(C)=C/COP(=O)([O-])OP(=O)([O-])[O-]>>[H][C@@]1([C@@H](C)CCC=C(C)C)C=CC(C)=CC1.O=P([O-])([O-])OP(=O)([O-])O,CC(C)=CCCC(C)=CCCC(C)=CCOP(=O)([O-])OP(=O)([O-])[O-]>>CC(C)=CCCC(C)C1C=CC(C)=CC1.O=P([O-])([O-])OP(=O)([O-])O,True,C15_FPP_like,C15_mono_hydrocarbon
RHEA:29483,CC(C)=CCC/C(C)=C/CC/C(C)=C/COP(=O)([O-])OP(=O)([O-])[O-]>>[H][C@@]1(C(=C)C)CC[C@@]2(C)CCCC(=C)[C@]2([H])C1.O=P([O-])([O-])OP(=O)([O-])O,CC(C)=CCCC(C)=CCCC(C)=CCOP(=O)([O-])OP(=O)([O-])[O-]>>C=C(C)C1CCC2(C)CCCC(=C)C2C1.O=P([O-])([O-])OP(=O)([O-])O,True,C15_FPP_like,C15_bicyclic_hydrocarbon
RHEA:29487,CC(C)=CCC/C(C)=C/CC/C(C)=C/COP(=O)([O-])OP(=O)([O-])[O-]>>Cc1cccc(Nc2ccccc2C(=O)O)c1C.O=P([O-])([O-])OP(=O)([O-])O,CC(C)=CCCC(C)=CCCC(C)=CCOP(=O)([O-])OP(=O)([O-])[O-]>>Cc1cccc(Nc2ccccc2C(=O)O)c1C.O=P([O-])([O-])OP(=O)([O-])O,True,C15_FPP_like,C15_bicyclic_oxygenated
RHEA:29491,CC(C)=CCC/C(C)=C/CC/C(C)=C/COP(=O)([O-])OP(=O)([O-])[O-]>>[H][C@@]12CCC(=C)C=C1[C@@H](C(C)C)CC[C@H]2C.O=P([O-])([O-])OP(=O)([O-])O,CC(C)=CCCC(C)=CCCC(C)=CCOP(=O)([O-])OP(=O)([O-])[O-]>>C=C1C=C2C(C(C)C)CCC(C)C2CC1.O=P([O-])([O-])OP(=O)([O-])O,True,C15_FPP_like,C15_bicyclic_hydrocarbon
RHEA:29495,CC(C)=CCC/C(C)=C/CC/C(C)=C/COP(=O)([O-])OP(=O)([O-])[O-].[H]O[H]>>[H][C@@]12C[C@H](C(C)(C)O)CC[C@@]1(C)CCCC2=C.O=P([O-])([O-])OP(=O)([O-])O,CC(C)=CCCC(C)=CCCC(C)=CCOP(=O)([O-])OP(=O)([O-])[O-].O>>C=C1CCCC2(C)CCC(C(C)(C)O)CC12.O=P([O-])([O-])OP(=O)([O-])O,True,C15_FPP_like,C15_bicyclic_oxygenated
RHEA:29499,CC(C)=CCC/C(C)=C/CC/C(C)=C/COP(=O)([O-])OP(=O)([O-])[O-]>>[H][C@@]12C[C@@](C)(CC=C1C)[C@@]1(C)CCC[C@]12C.O=P([O-])([O-])OP(=O)([O-])O,CC(C)=CCCC(C)=CCCC(C)=CCOP(=O)([O-])OP(=O)([O-])[O-]>>CC1=CCC2(C)CC1C1(C)CCCC21C.O=P([O-])([O-])OP(=O)([O-])O,True,C15_FPP_like,C15_polycyclic_hydrocarbon
RHEA:29503,CC(C)=CCC/C(C)=C/CC/C(C)=C/COP(=O)([O-])OP(=O)([O-])[O-].[H]O[H]>>[H][C@@]12CCC3=CC(=O)CC[C@]3(C)[C@@]1([H])C(=O)C[C@]1(C)[C@@H](O)CC[C@@]21[H].O=P([O-])([O-])OP(=O)([O-])O,CC(C)=CCCC(C)=CCCC(C)=CCOP(=O)([O-])OP(=O)([O-])[O-].O>>CC12CCC(=O)C=C1CCC1C2C(=O)CC2(C)C(O)CCC12.O=P([O-])([O-])OP(=O)([O-])O,True,C15_FPP_like,C20_polycyclic_highly_oxygenated
RHEA:29507,CC(C)=CCC/C(C)=C/CC/C(C)=C/COP(=O)([O-])OP(=O)([O-])[O-]>>[H][C@]12CCC(C)=C1[C@]1([H])C(C)(C)[C@]1([H])CC[C@H]2C.O=P([O-])([O-])OP(=O)([O-])O,CC(C)=CCCC(C)=CCCC(C)=CCOP(=O)([O-])OP(=O)([O-])[O-]>>CC1=C2C(CC1)C(C)CCC1C2C1(C)C.O=P([O-])([O-])OP(=O)([O-])O,True,C15_FPP_like,C15_polycyclic_hydrocarbon
RHEA:29511,CC(C)=CCC/C(C)=C/CC/C(C)=C/COP(=O)([O-])OP(=O)([O-])[O-]>>C=C(C)[C@@H]1CCC2=CCC[C@@H](C)[C@]2(C)C1.O=P([O-])([O-])OP(=O)([O-])O,CC(C)=CCCC(C)=CCCC(C)=CCOP(=O)([O-])OP(=O)([O-])[O-]>>C=C(C)C1CCC2=CCCC(C)C2(C)C1.O=P([O-])([O-])OP(=O)([O-])O,True,C15_FPP_like,C15_bicyclic_hydrocarbon
RHEA:30371,C/C1=CCC[C@H](C)/C=C/[C@H](C(C)(C)O)CC1.[H]O[H]>>C[C@H]1CCC[C@@]2(C)CCCC[C@]12O.CC(C)=O,CC1=CCCC(C)C=CC(C(C)(C)O)CC1.O>>CC(C)=O.CC1CCCC2(C)CCCCC12O,True,C15_FPP_like,C10_bicyclic_oxygenated
RHEA:30375,CC(C)=CCC/C(C)=C/CC/C(C)=C/COP(=O)([O-])OP(=O)([O-])[O-]>>CC1=CC[C@@]2(C)CCCC(C)(C)[C@]23C[C@H]13.O=P([O-])([O-])OP(=O)([O-])O,CC(C)=CCCC(C)=CCCC(C)=CCOP(=O)([O-])OP(=O)([O-])[O-]>>CC1=CCC2(C)CCCC(C)(C)C23CC13.O=P([O-])([O-])OP(=O)([O-])O,True,C15_FPP_like,C15_polycyclic_hydrocarbon
RHEA:30379,CC(C)=CCC/C(C)=C/CC/C(C)=C/COP(=O)([O-])OP(=O)([O-])[O-]>>C=C1CCCC(C)(C)[C@]12CC=C(C)CC2.O=P([O-])([O-])OP(=O)([O-])O,CC(C)=CCCC(C)=CCCC(C)=CCOP(=O)([O-])OP(=O)([O-])[O-]>>C=C1CCCC(C)(C)C12CC=C(C)CC2.O=P([O-])([O-])OP(=O)([O-])O,True,C15_FPP_like,C15_bicyclic_hydrocarbon
RHEA:30383,CC(C)=CCC/C(C)=C/CC/C(C)=C/COP(=O)([O-])OP(=O)([O-])[O-]>>[H][C@@]12C[C@@H](C(=C)C)CC[C@@]1(C)CCC=C2C.O=P([O-])([O-])OP(=O)([O-])O,CC(C)=CCCC(C)=CCCC(C)=CCOP(=O)([O-])OP(=O)([O-])[O-]>>C=C(C)C1CCC2(C)CCC=C(C)C2C1.O=P([O-])([O-])OP(=O)([O-])O,True,C15_FPP_like,C15_bicyclic_hydrocarbon
RHEA:30423,CC(C)=CCC/C(C)=C/CC/C(C)=C/COP(=O)([O-])OP(=O)([O-])[O-]>>CC1=C2C=C(C(C)C)CC[C@@]2(C)CCC1.O=P([O-])([O-])OP(=O)([O-])O,CC(C)=CCCC(C)=CCCC(C)=CCOP(=O)([O-])OP(=O)([O-])[O-]>>CC1=C2C=C(C(C)C)CCC2(C)CCC1.O=P([O-])([O-])OP(=O)([O-])O,True,C15_FPP_like,C15_bicyclic_hydrocarbon
RHEA:30427,CC(C)=CCC/C(C)=C/CC/C(C)=C/COP(=O)([O-])OP(=O)([O-])[O-]>>C=C1/C=C/[C@@H](C(C)C)CC/C(C)=C/CC1.O=P([O-])([O-])OP(=O)([O-])O,CC(C)=CCCC(C)=CCCC(C)=CCOP(=O)([O-])OP(=O)([O-])[O-]>>C=C1C=CC(C(C)C)CCC(C)=CCC1.O=P([O-])([O-])OP(=O)([O-])O,True,C15_FPP_like,C15_mono_hydrocarbon
RHEA:30431,CC(C)=CCC/C(C)=C/CC/C(C)=C/CC/C=C(C)CC/C=C(C)CC[C@@H]1OC1(C)C>>CCC1(c2ccc(O)cc2)C(=O)NC(=O)NC1=O,CC(C)=CCCC(C)=CCCC(C)=CCCC=C(C)CCC=C(C)CCC1OC1(C)C>>CCC1(c2ccc(O)cc2)C(=O)NC(=O)NC1=O,True,C30_long_prenyl_like,C10_bicyclic_highly_oxygenated
RHEA:30451,CC(C)=CCC/C(C)=C/CC/C(C)=C/CC/C=C(C)CC/C=C(C)CC[C@@H]1OC1(C)C>>[H][C@@]12CC(C)(C)CC[C@]1(C)CC[C@]1(C)C3=C(CC[C@@]21C)[C@@]1(C)CC[C@H](O)C(C)(C)[C@]1([H])CC3,CC(C)=CCCC(C)=CCCC(C)=CCCC=C(C)CCC=C(C)CCC1OC1(C)C>>CC1(C)CCC2(C)CCC3(C)C4=C(CCC3(C)C2C1)C1(C)CCC(O)C(C)(C)C1CC4,True,C30_long_prenyl_like,C_long_polycyclic_oxygenated
RHEA:30463,CC(C)=CCC/C(C)=CCC/C(C)=CCOP(=O)([O-])OP(=O)([O-])[O-]>>[H][C@@]12C[C@@]3([H])[C@@]([H])(C1)[C@@]3(C)[C@]2(C)CCC=C(C)C.O=P([O-])([O-])OP(=O)([O-])O,CC(C)=CCCC(C)=CCCC(C)=CCOP(=O)([O-])OP(=O)([O-])[O-]>>CC(C)=CCCC1(C)C2CC3C(C2)C31C.O=P([O-])([O-])OP(=O)([O-])O,True,C15_FPP_like,C15_polycyclic_hydrocarbon
RHEA:30467,CC(C)=CCC/C(C)=CCC/C(C)=CCOP(=O)([O-])OP(=O)([O-])[O-]>>C=C1CC[C@H]2C[C@@H]1[C@@]2(C)CCC=C(C)C.O=P([O-])([O-])OP(=O)([O-])O,CC(C)=CCCC(C)=CCCC(C)=CCOP(=O)([O-])OP(=O)([O-])[O-]>>C=C1CCC2CC1C2(C)CCC=C(C)C.O=P([O-])([O-])OP(=O)([O-])O,True,C15_FPP_like,C15_polycyclic_hydrocarbon
RHEA:30471,CC(C)=CCC/C(C)=CCC/C(C)=CCOP(=O)([O-])OP(=O)([O-])[O-]>>CC(C)=CCC[C@@]1(C)[C@H]2CC=C(C)[C@@H]1C2.O=P([O-])([O-])OP(=O)([O-])O,CC(C)=CCCC(C)=CCCC(C)=CCOP(=O)([O-])OP(=O)([O-])[O-]>>CC(C)=CCCC1(C)C2CC=C(C)C1C2.O=P([O-])([O-])OP(=O)([O-])O,True,C15_FPP_like,C15_polycyclic_hydrocarbon
RHEA:30675,[H][C@]12CC[C@@]3([H])[C@@](C)(CC[C@@]4([H])C(C)(C)[C@@H](O)CC[C@]34C)[C@]1(C)CC[C@@]1([H])C(C)(C)CCC[C@]21C>>CC(C)=CCC/C(C)=C/CC/C(C)=C/CC/C=C(C)CC/C=C(C)CCC=C(C)C.[H]O[H],CC1(C)CCCC2(C)C1CCC1(C)C2CCC2C3(C)CCC(O)C(C)(C)C3CCC21C>>CC(C)=CCCC(C)=CCCC(C)=CCCC=C(C)CCC=C(C)CCC=C(C)C.O,True,C30_long_prenyl_like,C_long_acyclic_hydrocarbon
RHEA:30855,[H][C@]12CC[C@]3([H])[C@@]([H])([C@@](C)(O)CCC=C(C)C)CC[C@@]3(C)[C@]1(C)CC[C@@]1([H])C(C)(C)[C@@H](O)CC[C@]21C>>CC(C)=CCC/C(C)=C/CC/C(C)=C/CC/C=C(C)CC/C=C(C)CC[C@@H]1OC1(C)C.[H]O[H],CC(C)=CCCC(C)(O)C1CCC2(C)C1CCC1C3(C)CCC(O)C(C)(C)C3CCC12C>>CC(C)=CCCC(C)=CCCC(C)=CCCC=C(C)CCC=C(C)CCC1OC1(C)C.O,True,C30_long_prenyl_like,C_long_mono_oxygenated
RHEA:30947,CC(C)=CCC/C(C)=C/CC/C(C)=C/COP(=O)([O-])OP(=O)([O-])[O-].[H]O[H]>>Nc1nc(=O)c2ncn([C@@H]3O[C@H](CO)[C@@H](O)[C@H]3OP(=O)(O)O)c2n1.O=P([O-])([O-])OP(=O)([O-])O,CC(C)=CCC/C(C)=C/CC/C(C)=C/COP(=O)([O-])OP(=O)([O-])[O-].[H]O[H]>>Nc1nc(=O)c2ncn([C@@H]3O[C@H](CO)[C@@H](O)[C@H]3OP(=O)(O)O)c2n1.O=P([O-])([O-])OP(=O)([O-])O,True,C15_FPP_like,unknown
RHEA:30951,CC(C)=CCC/C(C)=C/CC/C(C)=C/COP(=O)([O-])OP(=O)([O-])[O-].[H]O[H]>>[H][C@@]12C[C@H](C(C)(C)O)CC[C@@]1(C)CCC=C2C.O=P([O-])([O-])OP(=O)([O-])O,CC(C)=CCCC(C)=CCCC(C)=CCOP(=O)([O-])OP(=O)([O-])[O-].O>>CC1=CCCC2(C)CCC(C(C)(C)O)CC12.O=P([O-])([O-])OP(=O)([O-])O,True,C15_FPP_like,C15_bicyclic_oxygenated
RHEA:30987,CC(C)=CCC/C(C)=C/CC/C(C)=C/CC/C=C(C)CC/C=C(C)CC[C@@H]1OC1(C)C>>[H][C@@]12CC[C@@]3([H])/C(=C(/C)CCC=C(C)C)CC[C@]3(C)[C@@]1(C)CC[C@@]1([H])C(C)(C)[C@@H](O)CC[C@]21C,CC(C)=CCCC(C)=CCCC(C)=CCCC=C(C)CCC=C(C)CCC1OC1(C)C>>CC(C)=CCCC(C)=C1CCC2(C)C1CCC1C3(C)CCC(O)C(C)(C)C3CCC12C,True,C30_long_prenyl_like,C_long_polycyclic_oxygenated
RHEA:30999,CC(C)=CCC/C(C)=C/CC/C(C)=C/CC/C=C(C)CC/C=C(C)CC[C@@H]1OC1(C)C>>[H][C@@]12CC=C3C(C)(C)[C@@H](O)CC[C@@]3([H])[C@]1(C)CC[C@@]1(C)[C@@]2(C)CC[C@]1([H])[C@H](C)CCC=C(C)C,CC(C)=CCCC(C)=CCCC(C)=CCCC=C(C)CCC=C(C)CCC1OC1(C)C>>CC(C)=CCCC(C)C1CCC2(C)C3CC=C4C(CCC(O)C4(C)C)C3(C)CCC12C,True,C30_long_prenyl_like,C_long_polycyclic_oxygenated
RHEA:31003,CC(C)=CCC/C(C)=C/CC/C(C)=C/CC/C=C(C)CC/C=C(C)CC[C@@H]1OC1(C)C>>[H][C@]12CC[C@]3([H])C4=CC(C)(C)CC[C@]4(C)CC[C@@]3(C)[C@]1(C)CC[C@@]1([H])C(C)(C)[C@@H](O)CC[C@]21C,CC(C)=CCCC(C)=CCCC(C)=CCCC=C(C)CCC=C(C)CCC1OC1(C)C>>CC1(C)C=C2C3CCC4C5(C)CCC(O)C(C)(C)C5CCC4(C)C3(C)CCC2(C)CC1,True,C30_long_prenyl_like,C_long_polycyclic_oxygenated
RHEA:31007,CC(C)=CCC/C(C)=C/CC/C(C)=C/CC/C=C(C)CC/C=C(C)CC[C@@H]1OC1(C)C>>[H][C@]12CC=C3[C@]4([H])CC(C)(C)CC[C@]4(C)CC[C@@]3(C)[C@]1(C)CC[C@@]1([H])C(C)(C)[C@@H](O)CC[C@]21C,CC(C)=CCCC(C)=CCCC(C)=CCCC=C(C)CCC=C(C)CCC1OC1(C)C>>CC1(C)CCC2(C)CCC3(C)C(=CCC4C5(C)CCC(O)C(C)(C)C5CCC43C)C2C1,True,C30_long_prenyl_like,C_long_polycyclic_oxygenated
RHEA:31011,CC(C)=CCC/C(C)=C/CC/C(C)=C/CC/C=C(C)CC/C=C(C)CC[C@@H]1OC1(C)C>>CC(C)=CCC/C(C)=C/CC/C(C)=C/CC/C=C(C)CC[C@@H]1C(C)=CC[C@H](O)C1(C)C,CC(C)=CCCC(C)=CCCC(C)=CCCC=C(C)CCC=C(C)CCC1OC1(C)C>>CC(C)=CCCC(C)=CCCC(C)=CCCC=C(C)CCC1C(C)=CCC(O)C1(C)C,True,C30_long_prenyl_like,C_long_mono_oxygenated
RHEA:31023,CC(C)=CCC/C(C)=C/CC/C(C)=C/CC/C=C(C)CC/C=C(C)CCC=C(C)C>>[H][C@]12CC[C@@]3([H])[C@@](C)(CC[C@]3([H])C(=C)CCC=C(C)C)[C@]1(C)CC[C@@]1([H])C(C)(C)CCC[C@]21C,CC(C)=CCCC(C)=CCCC(C)=CCCC=C(C)CCC=C(C)CCC=C(C)C>>C=C(CCC=C(C)C)C1CCC2(C)C1CCC1C3(C)CCCC(C)(C)C3CCC12C,True,C30_long_prenyl_like,C_long_polycyclic_hydrocarbon
RHEA:31035,CC(C)CCOC(=O)c1ccco1>>CC(C)=CCC/C(C)=C/CC/C(C)=C/CC/C=C(C)CC/C=C(C)CC[C@@H]1OC1(C)C.[H]O[H],CC(C)CCOC(=O)c1ccco1>>CC(C)=CCCC(C)=CCCC(C)=CCCC=C(C)CCC=C(C)CCC1OC1(C)C.O,True,C10_GPP_like,C_long_mono_oxygenated
RHEA:31351,[H][C@]12CC[C@@]3([H])[C@@](C)(CC[C@@]4(C)CC[C@@]([H])(C(C)(C)O)[C@@]43[H])[C@]1(C)CC[C@@]1([H])C(C)(C)[C@@H](O)CC[C@]21C>>CC(C)=CCC/C(C)=C/CC/C(C)=C/CC/C=C(C)CC/C=C(C)CC[C@@H]1OC1(C)C.[H]O[H],CC(C)(O)C1CCC2(C)CCC3(C)C(CCC4C5(C)CCC(O)C(C)(C)C5CCC43C)C12>>CC(C)=CCCC(C)=CCCC(C)=CCCC=C(C)CCC=C(C)CCC1OC1(C)C.O,True,C30_long_prenyl_like,C_long_mono_oxygenated
RHEA:31383,CC(C)=CCC/C(C)=C/CC/C(C)=C/CC/C=C(C)CC/C=C(C)CC[C@@H]1OC1(C)C>>[H][C@]12CC[C@@]3([H])[C@@](C)(CC[C@@]4(C)CC[C@@H](C(=C)C)[C@@]43[H])[C@]1(C)CC[C@@]1([H])C(C)(C)[C@@H](O)CC[C@]21C,CC(C)=CCCC(C)=CCCC(C)=CCCC=C(C)CCC=C(C)CCC1OC1(C)C>>C=C(C)C1CCC2(C)CCC3(C)C(CCC4C5(C)CCC(O)C(C)(C)C5CCC43C)C12,True,C30_long_prenyl_like,C_long_polycyclic_oxygenated
RHEA:31387,CC(C)=CCC/C(C)=C/CC/C(C)=C/CC/C=C(C)CC/C=C(C)CC[C@@H]1OC1(C)C>>[H][C@]12CC=C3[C@@](C)(CC[C@@]4(C)CC[C@@H](C)[C@H](C)[C@@]34[H])[C@]1(C)CC[C@@]1([H])C(C)(C)[C@@H](O)CC[C@]21C,CC(C)=CCCC(C)=CCCC(C)=CCCC=C(C)CCC=C(C)CCC1OC1(C)C>>CC1CCC2(C)CCC3(C)C(=CCC4C5(C)CCC(O)C(C)(C)C5CCC43C)C2C1C,True,C30_long_prenyl_like,C_long_polycyclic_oxygenated
RHEA:31415,CC(C)=CCC/C(C)=C/CC/C(C)=CCOP(=O)([O-])OP(=O)([O-])[O-]>>[H][C@@]12CC[C@]3(C1)[C@H](C)CC[C@]3([H])C(C)(C)C2=C.O=P([O-])([O-])OP(=O)([O-])O,CC(C)=CCCC(C)=CCCC(C)=CCOP(=O)([O-])OP(=O)([O-])[O-]>>C=C1C2CCC3(C2)C(C)CCC3C1(C)C.O=P([O-])([O-])OP(=O)([O-])O,True,C15_FPP_like,C15_polycyclic_hydrocarbon
RHEA:31419,CC(C)=CCC/C(C)=C/CC/C(C)=CCOP(=O)([O-])OP(=O)([O-])[O-]>>O=C([O-])C(=O)[O-].[Na+].[Na+].O=P([O-])([O-])OP(=O)([O-])O,CC(C)=CCCC(C)=CCCC(C)=CCOP(=O)([O-])OP(=O)([O-])[O-]>>O=C([O-])C(=O)[O-].O=P([O-])([O-])OP(=O)([O-])O.[Na+].[Na+],True,C15_FPP_like,C5_acyclic_highly_oxygenated
RHEA:31423,CC(C)=CCC/C(C)=C/CC/C(C)=CCOP(=O)([O-])OP(=O)([O-])[O-]>>[H][C@@]12CC[C@@H](C)[C@@]13CC=C(C)[C@H](C3)C2(C)C.O=P([O-])([O-])OP(=O)([O-])O,CC(C)=CCCC(C)=CCCC(C)=CCOP(=O)([O-])OP(=O)([O-])[O-]>>CC1=CCC23CC1C(C)(C)C2CCC3C.O=P([O-])([O-])OP(=O)([O-])O,True,C15_FPP_like,C15_polycyclic_hydrocarbon
RHEA:31427,CC(C)=CCC/C(C)=C/CC/C(C)=C/COP(=O)([O-])OP(=O)([O-])[O-]>>CC(C)=CCC[C@]1(C)[C@H]2CC=C(C)[C@@H]1C2.O=P([O-])([O-])OP(=O)([O-])O,CC(C)=CCCC(C)=CCCC(C)=CCOP(=O)([O-])OP(=O)([O-])[O-]>>CC(C)=CCCC1(C)C2CC=C(C)C1C2.O=P([O-])([O-])OP(=O)([O-])O,True,C15_FPP_like,C15_polycyclic_hydrocarbon
RHEA:31431,CC(C)=CCC/C(C)=C/CC/C(C)=C/COP(=O)([O-])OP(=O)([O-])[O-]>>C=C1[C@@H]2CC[C@@H](C2)[C@@]1(C)CCC=C(C)C.O=P([O-])([O-])OP(=O)([O-])O,CC(C)=CCCC(C)=CCCC(C)=CCOP(=O)([O-])OP(=O)([O-])[O-]>>C=C1C2CCC(C2)C1(C)CCC=C(C)C.O=P([O-])([O-])OP(=O)([O-])O,True,C15_FPP_like,C15_bicyclic_hydrocarbon
RHEA:31435,CC(C)=CCC/C(C)=C/CC/C(C)=C/COP(=O)([O-])OP(=O)([O-])[O-]>>[H][C@@]12C[C@@]3([H])[C@@]([H])(C1)[C@@]3(C)[C@]2(C)CCC=C(C)C.O=P([O-])([O-])OP(=O)([O-])O,CC(C)=CCCC(C)=CCCC(C)=CCOP(=O)([O-])OP(=O)([O-])[O-]>>CC(C)=CCCC1(C)C2CC3C(C2)C31C.O=P([O-])([O-])OP(=O)([O-])O,True,C15_FPP_like,C15_polycyclic_hydrocarbon
RHEA:31439,CC(C)=CCC/C(C)=C/CC/C(C)=C/COP(=O)([O-])OP(=O)([O-])[O-]>>[H][C@@]12CC(=O)c3cc(C(C)C)c(O)cc3[C@@]1(C)CCCC2(C)C.O=P([O-])([O-])OP(=O)([O-])O,CC(C)=CCCC(C)=CCCC(C)=CCOP(=O)([O-])OP(=O)([O-])[O-]>>CC(C)c1cc2c(cc1O)C1(C)CCCC(C)(C)C1CC2=O.O=P([O-])([O-])OP(=O)([O-])O,True,C15_FPP_like,C20_polycyclic_oxygenated
RHEA:31699,[H][C@@]12CC[C@@H](C)[C@@]13CC(C)(C)C[C@@]3([H])C=C2C.[S]1[Fe][S][Fe+]1.O=O.[H+].[H][C@@]12CC[C@@H](C)[C@@]13CC(C)(C)C[C@@]3([H])C=C2C=O>>[S]1[Fe+][S][Fe+]1.[H]O[H],CC1=CC2CC(C)(C)CC23C(C)CCC13.CC1CCC2C(C=O)=CC3CC(C)(C)CC132.O=O.[H+].[S]1[Fe][S][Fe+]1>>O.[S]1[Fe+][S][Fe+]1,True,C15_FPP_like,unknown
RHEA:31795,,,False,unknown,unknown
RHEA:31807,CC(C)=CCC/C(C)=C/CC/C(C)=C/COP(=O)([O-])OP(=O)([O-])[O-]>>C=C(C)[C@@H]1CC[C@H](C)C2=C(C1)[C@@H](C)CC2.O=P([O-])([O-])OP(=O)([O-])O,CC(C)=CCCC(C)=CCCC(C)=CCOP(=O)([O-])OP(=O)([O-])[O-]>>C=C(C)C1CCC(C)C2=C(C1)C(C)CC2.O=P([O-])([O-])OP(=O)([O-])O,True,C15_FPP_like,C15_bicyclic_hydrocarbon
RHEA:31811,CC(C)=CCC/C(C)=C/CC/C(C)=C/COP(=O)([O-])OP(=O)([O-])[O-]>>[H][C@@]12C(C)(C)[C@]1([H])CCC(C)=C1CC[C@@H](C)[C@]12[H].O=P([O-])([O-])OP(=O)([O-])O,CC(C)=CCCC(C)=CCCC(C)=CCOP(=O)([O-])OP(=O)([O-])[O-]>>CC1=C2CCC(C)C2C2C(CC1)C2(C)C.O=P([O-])([O-])OP(=O)([O-])O,True,C15_FPP_like,C15_polycyclic_hydrocarbon
RHEA:31815,CC(C)=CCC/C(C)=C/CC/C(C)=C/COP(=O)([O-])OP(=O)([O-])[O-]>>[H][C@@]12CC(C)(C)[C@@]1([H])CC/C(C)=C/CCC2=C.O=P([O-])([O-])OP(=O)([O-])O,CC(C)=CCCC(C)=CCCC(C)=CCOP(=O)([O-])OP(=O)([O-])[O-]>>C=C1CCC=C(C)CCC2C1CC2(C)C.O=P([O-])([O-])OP(=O)([O-])O,True,C15_FPP_like,C15_bicyclic_hydrocarbon
RHEA:31819,CC(C)=CCC/C(C)=C/CC/C(C)=C/COP(=O)([O-])OP(=O)([O-])[O-]>>Cc1ccc(C)n1C.O=P([O-])([O-])OP(=O)([O-])O,CC(C)=CCCC(C)=CCCC(C)=CCOP(=O)([O-])OP(=O)([O-])[O-]>>Cc1ccc(C)n1C.O=P([O-])([O-])OP(=O)([O-])O,True,C15_FPP_like,C10_mono_hydrocarbon
RHEA:31823,CC(C)=CCC/C(C)=C/CC/C(C)=C/COP(=O)([O-])OP(=O)([O-])[O-].[H]O[H]>>[H][C@]12[C@H](C(C)C)CC[C@@H](C)[C@]13CC[C@](C)(O)[C@]23[H].O=P([O-])([O-])OP(=O)([O-])O,CC(C)=CCCC(C)=CCCC(C)=CCOP(=O)([O-])OP(=O)([O-])[O-].O>>CC(C)C1CCC(C)C23CCC(C)(O)C2C13.O=P([O-])([O-])OP(=O)([O-])O,True,C15_FPP_like,C15_polycyclic_oxygenated
RHEA:31827,CC(C)=CCC/C(C)=C/CC/C(C)=C/COP(=O)([O-])OP(=O)([O-])[O-]>>C[C@@H]1C[C@@H]2C[C@@H](O)CC(O)=C2C(=O)O1.O=P([O-])([O-])OP(=O)([O-])O,CC(C)=CCCC(C)=CCCC(C)=CCOP(=O)([O-])OP(=O)([O-])[O-]>>CC1CC2CC(O)CC(O)=C2C(=O)O1.O=P([O-])([O-])OP(=O)([O-])O,True,C15_FPP_like,C10_bicyclic_highly_oxygenated
RHEA:31831,CC(C)=CCC/C(C)=C/CC/C(C)=C/COP(=O)([O-])OP(=O)([O-])[O-]>>CCc1ncc(C)n1.O=P([O-])([O-])OP(=O)([O-])O,CC(C)=CCC/C(C)=C/CC/C(C)=C/COP(=O)([O-])OP(=O)([O-])[O-]>>CCc1ncc(C)n1.O=P([O-])([O-])OP(=O)([O-])O,True,C15_FPP_like,unknown
RHEA:31847,CC(C)=CCC/C(C)=C/CC/C(C)=C/CC/C=C(C)CC/C=C(C)CC[C@@H]1OC1(C)C>>[H][C@]12CC[C@]3(C)[C@@H](C)C(=O)CC[C@@]3([H])[C@]1(C)CC[C@@]1(C)C[C@](C)(CCC=C(C)C)CC[C@@]12C,CC(C)=CCCC(C)=CCCC(C)=CCCC=C(C)CCC=C(C)CCC1OC1(C)C>>CC(C)=CCCC1(C)CCC2(C)C3CCC4(C)C(C)C(=O)CCC4C3(C)CCC2(C)C1,True,C30_long_prenyl_like,C_long_polycyclic_oxygenated
RHEA:31851,CC(C)=CCC/C(C)=C/CC/C(C)=C/CC/C=C(C)CC/C=C(C)CC[C@@H]1OC1(C)C>>[H][C@@]12CC[C@]3([H])C(=CC[C@@]4(C)[C@@]3(C)CC[C@]4([H])[C@H](C)CCC=C(C)C)[C@@]1(C)CC[C@H](O)C2(C)C,CC(C)=CCCC(C)=CCCC(C)=CCCC=C(C)CCC=C(C)CCC1OC1(C)C>>CC(C)=CCCC(C)C1CCC2(C)C3CCC4C(C)(CCC(O)C4(C)C)C3=CCC12C,True,C30_long_prenyl_like,C_long_polycyclic_oxygenated
RHEA:31855,CC(C)=CCC/C(C)=C/CC/C(C)=C/CC/C=C(C)CC/C=C(C)CC[C@@H]1OC1(C)C>>NC(=O)c1ncccc1O,CC(C)=CCCC(C)=CCCC(C)=CCCC=C(C)CCC=C(C)CCC1OC1(C)C>>NC(=O)c1ncccc1O,True,C30_long_prenyl_like,C5_mono_oxygenated
RHEA:31859,CC(C)=CCC/C(C)=C/CC/C(C)=C/CC/C=C(C)CC/C=C(C)CC[C@@H]1OC1(C)C>>[H][C@@]12CC(C)(C)CC[C@]1(C)CC[C@]1(C)[C@@]3([H])CC=C4C(C)(C)[C@@H](O)CC[C@@]4([H])[C@]3(C)CC[C@@]21C,CC(C)=CCCC(C)=CCCC(C)=CCCC=C(C)CCC=C(C)CCC1OC1(C)C>>CC1(C)CCC2(C)CCC3(C)C4CC=C5C(CCC(O)C5(C)C)C4(C)CCC3(C)C2C1,True,C30_long_prenyl_like,C_long_polycyclic_oxygenated
RHEA:31863,CC(C)=CCC/C(C)=C/CC/C(C)=C/CC/C=C(C)CC/C=C(C)CC[C@@H]1OC1(C)C>>CCN[C@@H]1C[C@H](N)[C@@H](O[C@H]2O[C@H](CN)CC[C@H]2N)[C@H](O)[C@H]1O[C@H]1OC[C@](C)(O)[C@H](NC)[C@H]1O,CC(C)=CCCC(C)=CCCC(C)=CCCC=C(C)CCC=C(C)CCC1OC1(C)C>>CCNC1CC(N)C(OC2OC(CN)CCC2N)C(O)C1OC1OCC(C)(O)C(NC)C1O,True,C30_long_prenyl_like,C20_polycyclic_highly_oxygenated
RHEA:31867,CC(C)=CCC/C(C)=C/CC/C(C)=C/CC/C=C(C)CC/C=C(C)CC[C@@H]1OC1(C)C>>[H][C@]12CC[C@@]3([H])C(C)(C)[C@@H]4CC[C@]3(O4)[C@]1(C)CC[C@@]1(C)C[C@](C)(CCC=C(C)C)CC[C@@]12C,CC(C)=CCCC(C)=CCCC(C)=CCCC=C(C)CCC=C(C)CCC1OC1(C)C>>CC(C)=CCCC1(C)CCC2(C)C3CCC4C(C)(C)C5CCC4(O5)C3(C)CCC2(C)C1,True,C30_long_prenyl_like,C_long_polycyclic_oxygenated
RHEA:31871,CC(C)=CCC/C(C)=C/CC/C(C)=C/CC/C=C(C)CC/C=C(C)CC[C@@H]1OC1(C)C>>[H][C@]1(CCC2=C(C)CC[C@@]3(C)CC[C@@H](C)[C@H](C)[C@@]23[H])C(C)=CC[C@@]2([H])C(C)(C)[C@@H](O)CC[C@]12C,CC(C)=CCCC(C)=CCCC(C)=CCCC=C(C)CCC=C(C)CCC1OC1(C)C>>CC1=CCC2C(C)(C)C(O)CCC2(C)C1CCC1=C(C)CCC2(C)CCC(C)C(C)C12,True,C30_long_prenyl_like,C_long_polycyclic_oxygenated
RHEA:31875,CC(C)=CCC/C(C)=C/CC/C(C)=C/CC/C=C(C)CC/C=C(C)CC[C@@H]1OC1(C)C>>CC(C)=CCC/C(C)=C/CC/C(C)=C/CC[C@]1(C)[C@H](C)CCC(=C(C)C)[C@H]1CCC=O,CC(C)=CCCC(C)=CCCC(C)=CCCC=C(C)CCC=C(C)CCC1OC1(C)C>>CC(C)=CCCC(C)=CCCC(C)=CCCC1(C)C(C)CCC(=C(C)C)C1CCC=O,True,C30_long_prenyl_like,C_long_mono_oxygenated
RHEA:31879,CC(C)=CCC/C(C)=C/CC/C(C)=C/CC/C=C(C)CC/C=C(C)CC[C@@H]1OC1(C)C>>[H][C@@]12CC(C)(C)CC[C@]1(C)CCC(C)=C2CC[C@@]1([H])C(C)=CC[C@@]2([H])C(C)(C)[C@@H](O)CC[C@]12C,CC(C)=CCCC(C)=CCCC(C)=CCCC=C(C)CCC=C(C)CCC1OC1(C)C>>CC1=CCC2C(C)(C)C(O)CCC2(C)C1CCC1=C(C)CCC2(C)CCC(C)(C)CC12,True,C30_long_prenyl_like,C_long_polycyclic_oxygenated
RHEA:31883,CC(C)=CCC/C(C)=C/CC/C(C)=C/CC/C=C(C)CC/C=C(C)CC[C@@H]1OC1(C)C>>[H][C@]12CCC3=C4CC(C)(C)CC[C@]4(C)CC[C@@]3(C)[C@]1(C)CC[C@@]1([H])C(C)(C)[C@@H](O)CC[C@]21C,CC(C)=CCCC(C)=CCCC(C)=CCCC=C(C)CCC=C(C)CCC1OC1(C)C>>CC1(C)CCC2(C)CCC3(C)C(=C2C1)CCC1C2(C)CCC(O)C(C)(C)C2CCC13C,True,C30_long_prenyl_like,C_long_polycyclic_oxygenated
RHEA:31887,CC(C)=CCC/C(C)=C/CC/C(C)=C/CC/C=C(C)CC/C=C(C)CC[C@@H]1OC1(C)C>>[H][C@]12CC[C@@]3(C)[C@]([H])([C@@H](C)CCC=C(C)C)CC[C@]3(C)C1=CC[C@@]1([H])C(C)(C)[C@@H](O)CC[C@]21C,CC(C)=CCCC(C)=CCCC(C)=CCCC=C(C)CCC=C(C)CCC1OC1(C)C>>CC(C)=CCCC(C)C1CCC2(C)C3=CCC4C(C)(C)C(O)CCC4(C)C3CCC12C,True,C30_long_prenyl_like,C_long_polycyclic_oxygenated
RHEA:31895,CC(C)=CCC/C(C)=C/CC/C(C)=C/COP(=O)([O-])OP(=O)([O-])[O-]>>C/C1=CCC/C(C)=C/CC(C)(C)/C=C/C1.O=P([O-])([O-])OP(=O)([O-])O,CC(C)=CCCC(C)=CCCC(C)=CCOP(=O)([O-])OP(=O)([O-])[O-]>>CC1=CCCC(C)=CCC(C)(C)C=CC1.O=P([O-])([O-])OP(=O)([O-])O,True,C15_FPP_like,C15_mono_hydrocarbon
RHEA:31987,CC(C)=CCC/C(C)=C/CC/C(C)=C/CC/C=C(C)CC/C=C(C)CC[C@@H]1OC1(C)C>>[H][C@]12CC=C3C(C)(C)[C@@H](O)CC[C@@]3([H])[C@]1(C)CC[C@@]1(C)C[C@](C)(CCC=C(C)C)CC[C@@]12C,CC(C)=CCCC(C)=CCCC(C)=CCCC=C(C)CCC=C(C)CCC1OC1(C)C>>CC(C)=CCCC1(C)CCC2(C)C3CC=C4C(CCC(O)C4(C)C)C3(C)CCC2(C)C1,True,C30_long_prenyl_like,C_long_polycyclic_oxygenated
RHEA:31991,CC(C)=CCC/C(C)=C/CC/C(C)=C/COP(=O)([O-])OP(=O)([O-])[O-]>>CC(C)=CCC[C@H](C)[C@@]12CC=C(C)[C@@H]1C2.O=P([O-])([O-])OP(=O)([O-])O,CC(C)=CCCC(C)=CCCC(C)=CCOP(=O)([O-])OP(=O)([O-])[O-]>>CC(C)=CCCC(C)C12CC=C(C)C1C2.O=P([O-])([O-])OP(=O)([O-])O,True,C15_FPP_like,C15_bicyclic_hydrocarbon
RHEA:31995,CC(C)=CCC/C(C)=C/CC/C(C)=C/COP(=O)([O-])OP(=O)([O-])[O-]>>CC(C)=CCC[C@@H](C)[C@@]12CC=C(C)[C@@H]1C2.O=P([O-])([O-])OP(=O)([O-])O,CC(C)=CCCC(C)=CCCC(C)=CCOP(=O)([O-])OP(=O)([O-])[O-]>>CC(C)=CCCC(C)C12CC=C(C)C1C2.O=P([O-])([O-])OP(=O)([O-])O,True,C15_FPP_like,C15_bicyclic_hydrocarbon
RHEA:31999,CC(C)=CCC/C(C)=C/CC/C(C)=C/COP(=O)([O-])OP(=O)([O-])[O-]>>C/C1=C[C@H]2[C@@H](CC/C(C)=C/CC1)C2(C)C.O=P([O-])([O-])OP(=O)([O-])O,CC(C)=CCCC(C)=CCCC(C)=CCOP(=O)([O-])OP(=O)([O-])[O-]>>CC1=CC2C(CCC(C)=CCC1)C2(C)C.O=P([O-])([O-])OP(=O)([O-])O,True,C15_FPP_like,C15_bicyclic_hydrocarbon
RHEA:32003,[H][C@@]12CCC(=C)[C@H](CC/C(C)=C/COP(=O)([O-])OP(=O)([O-])[O-])[C@@]1(C)CCCC2(C)C.[H][C@]12CC[C@](C)(C=C)C=C1CC[C@@]1([H])C(C)(C)CCC[C@]21C>>O=P([O-])([O-])OP(=O)([O-])O,C=C1CCC2C(C)(C)CCCC2(C)C1CCC(C)=CCOP(=O)([O-])OP(=O)([O-])[O-].C=CC1(C)C=C2CCC3C(C)(C)CCCC3(C)C2CC1>>O=P([O-])([O-])OP(=O)([O-])O,True,C20_GGPP_like,unknown
RHEA:32011,CC(C)=CCC/C(C)=C/CC/C(C)=C/COP(=O)([O-])OP(=O)([O-])[O-].[H]O[H]>>[H][C@@]12CCC(C)=C[C@]1([H])[C@@H](C(C)C)CC[C@@]2(C)O.O=P([O-])([O-])OP(=O)([O-])O,CC(C)=CCCC(C)=CCCC(C)=CCOP(=O)([O-])OP(=O)([O-])[O-].O>>CC1=CC2C(C(C)C)CCC(C)(O)C2CC1.O=P([O-])([O-])OP(=O)([O-])O,True,C15_FPP_like,C15_bicyclic_oxygenated
RHEA:32015,CC(C)=CCC/C(C)=C/CC/C(C)=C/COP(=O)([O-])OP(=O)([O-])[O-]>>[H][C@]12C=C(C)CCC1=C(C)CC[C@@H]2C(C)C.O=P([O-])([O-])OP(=O)([O-])O,CC(C)=CCCC(C)=CCCC(C)=CCOP(=O)([O-])OP(=O)([O-])[O-]>>CC1=CC2C(=C(C)CCC2C(C)C)CC1.O=P([O-])([O-])OP(=O)([O-])O,True,C15_FPP_like,C15_bicyclic_hydrocarbon
RHEA:32019,CC(C)=CCC/C(C)=C/CC/C(C)=C/COP(=O)([O-])OP(=O)([O-])[O-]>>[H][C@]12C(=C)CC[C@]13[C@H](C)CC[C@@H](C(C)C)[C@]23[H].O=P([O-])([O-])OP(=O)([O-])O,CC(C)=CCCC(C)=CCCC(C)=CCOP(=O)([O-])OP(=O)([O-])[O-]>>C=C1CCC23C(C)CCC(C(C)C)C2C13.O=P([O-])([O-])OP(=O)([O-])O,True,C15_FPP_like,C15_polycyclic_hydrocarbon
RHEA:32023,CC(C)=CCC/C(C)=C/CC/C(C)=C/COP(=O)([O-])OP(=O)([O-])[O-].[H]O[H]>>[H][C@@]12[C@H](C)CC[C@H](O)[C@@]1(C)CC[C@@H]1[C@H]2C1(C)C.O=P([O-])([O-])OP(=O)([O-])O,CC(C)=CCCC(C)=CCCC(C)=CCOP(=O)([O-])OP(=O)([O-])[O-].O>>CC1CCC(O)C2(C)CCC3C(C12)C3(C)C.O=P([O-])([O-])OP(=O)([O-])O,True,C15_FPP_like,C15_polycyclic_oxygenated
RHEA:32027,CC(C)=CCC/C(C)=C/CC/C(C)=C/COP(=O)([O-])OP(=O)([O-])[O-]>>CC1=CC=C([C@@]2(C)CCCC2(C)C)CC1.O=P([O-])([O-])OP(=O)([O-])O,CC(C)=CCCC(C)=CCCC(C)=CCOP(=O)([O-])OP(=O)([O-])[O-]>>CC1=CC=C(C2(C)CCCC2(C)C)CC1.O=P([O-])([O-])OP(=O)([O-])O,True,C15_FPP_like,C15_bicyclic_hydrocarbon
RHEA:32031,CC(C)=CCC/C(C)=C/CC/C(C)=C/COP(=O)([O-])OP(=O)([O-])[O-]>>CC(C)=CCC[C@@H](C)C1=CC=C(C)CC1.O=P([O-])([O-])OP(=O)([O-])O,CC(C)=CCCC(C)=CCCC(C)=CCOP(=O)([O-])OP(=O)([O-])[O-]>>CC(C)=CCCC(C)C1=CC=C(C)CC1.O=P([O-])([O-])OP(=O)([O-])O,True,C15_FPP_like,C15_mono_hydrocarbon
RHEA:32075,CC(C)=CCCC(C)=CCCC(C)=CCCC(C)=CCOP(=O)([O-])OP(=O)([O-])[O-].[H]O[H]>>CSCC[C@H](N)C(=O)O.O=P([O-])([O-])OP(=O)([O-])O,CC(C)=CCCC(C)=CCCC(C)=CCCC(C)=CCOP(=O)([O-])OP(=O)([O-])[O-].O>>CSCCC(N)C(=O)O.O=P([O-])([O-])OP(=O)([O-])O,True,C20_GGPP_like,C5_acyclic_oxygenated
RHEA:32151,[H][C@@]12CCC(=C)[C@@H](CC/C(C)=C/COP(=O)([O-])OP(=O)([O-])[O-])[C@@]1(C)CCCC2(C)C>>[H][C@@]12CCC(=C)[C@@H](C/C=C(C)C=C)[C@@]1(C)CCCC2(C)C.O=P([O-])([O-])OP(=O)([O-])O,C=C1CCC2C(C)(C)CCCC2(C)C1CCC(C)=CCOP(=O)([O-])OP(=O)([O-])[O-]>>C=CC(C)=CCC1C(=C)CCC2C(C)(C)CCCC12C.O=P([O-])([O-])OP(=O)([O-])O,True,C20_GGPP_like,C20_bicyclic_hydrocarbon
RHEA:32295,CC(C)=CCC/C(C)=C/CC/C(C)=C/COP(=O)([O-])OP(=O)([O-])[O-].NC(=O)C1=CN([C@@H]2O[C@H](COP(=O)([O-])OP(=O)([O-])OC[C@H]3O[C@@H](n4cnc5c(N)ncnc54)[C@H](OP(=O)([O-])[O-])[C@@H]3O)[C@@H](O)[C@H]2O)C=CC1.[H+].CC(C)=CCC/C(C)=C/CC/C(C)=C/CC/C=C(C)CC/C=C(C)CCC=C(C)C>>O=P([O-])([O-])OP(=O)([O-])O.NC(=O)c1ccc[n+]([C@@H]2O[C@H](COP(=O)([O-])OP(=O)([O-])OC[C@H]3O[C@@H](n4cnc5c(N)ncnc54)[C@H](OP(=O)([O-])[O-])[C@@H]3O)[C@@H](O)[C@H]2O)c1,CC(C)=CCCC(C)=CCCC(C)=CCCC=C(C)CCC=C(C)CCC=C(C)C.CC(C)=CCCC(C)=CCCC(C)=CCOP(=O)([O-])OP(=O)([O-])[O-].NC(=O)C1=CN(C2OC(COP(=O)([O-])OP(=O)([O-])OCC3OC(n4cnc5c(N)ncnc54)C(OP(=O)([O-])[O-])C3O)C(O)C2O)C=CC1.[H+]>>NC(=O)c1ccc[n+](C2OC(COP(=O)([O-])OP(=O)([O-])OCC3OC(n4cnc5c(N)ncnc54)C(OP(=O)([O-])[O-])C3O)C(O)C2O)c1.O=P([O-])([O-])OP(=O)([O-])O,True,C20_GGPP_like,C20_polycyclic_highly_oxygenated
RHEA:32299,CC(C)=CCC/C(C)=C/CC/C(C)=C/COP(=O)([O-])OP(=O)([O-])[O-].NC(=O)C1=CN([C@@H]2O[C@H](COP(=O)([O-])OP(=O)([O-])OC[C@H]3O[C@@H](n4cnc5c(N)ncnc54)[C@H](O)[C@@H]3O)[C@@H](O)[C@H]2O)C=CC1.[H+].CC(C)=CCC/C(C)=C/CC/C(C)=C/CC/C=C(C)CC/C=C(C)CCC=C(C)C>>O=P([O-])([O-])OP(=O)([O-])O.NC(=O)c1ccc[n+]([C@@H]2O[C@H](COP(=O)([O-])OP(=O)([O-])OC[C@H]3O[C@@H](n4cnc5c(N)ncnc54)[C@H](O)[C@@H]3O)[C@@H](O)[C@H]2O)c1,CC(C)=CCCC(C)=CCCC(C)=CCCC=C(C)CCC=C(C)CCC=C(C)C.CC(C)=CCCC(C)=CCCC(C)=CCOP(=O)([O-])OP(=O)([O-])[O-].NC(=O)C1=CN(C2OC(COP(=O)([O-])OP(=O)([O-])OCC3OC(n4cnc5c(N)ncnc54)C(O)C3O)C(O)C2O)C=CC1.[H+]>>NC(=O)c1ccc[n+](C2OC(COP(=O)([O-])OP(=O)([O-])OCC3OC(n4cnc5c(N)ncnc54)C(O)C3O)C(O)C2O)c1.O=P([O-])([O-])OP(=O)([O-])O,True,C20_GGPP_like,C20_polycyclic_highly_oxygenated
RHEA:32327,C/C1=CCC(C)(C)/C=C/C(O)/C(C)=C/CC1.NC(=O)c1ccc[n+]([C@@H]2O[C@H](COP(=O)([O-])OP(=O)([O-])OC[C@H]3O[C@@H](n4cnc5c(N)ncnc54)[C@H](O)[C@@H]3O)[C@@H](O)[C@H]2O)c1.C/C1=CCC(C)(C)/C=C/C(=O)/C(C)=C/CC1>>NC(=O)C1=CN([C@@H]2O[C@H](COP(=O)([O-])OP(=O)([O-])OC[C@H]3O[C@@H](n4cnc5c(N)ncnc54)[C@H](O)[C@@H]3O)[C@@H](O)[C@H]2O)C=CC1.[H+],CC1=CCC(C)(C)C=CC(=O)C(C)=CCC1.CC1=CCC(C)(C)C=CC(O)C(C)=CCC1.NC(=O)c1ccc[n+](C2OC(COP(=O)([O-])OP(=O)([O-])OCC3OC(n4cnc5c(N)ncnc54)C(O)C3O)C(O)C2O)c1>>NC(=O)C1=CN(C2OC(COP(=O)([O-])OP(=O)([O-])OCC3OC(n4cnc5c(N)ncnc54)C(O)C3O)C(O)C2O)C=CC1.[H+],True,C20_GGPP_like,C20_polycyclic_highly_oxygenated
RHEA:32439,[H][C@]12CC[C@]3(C1)C(=C(C)C2(C)C)CC[C@@H]3C.[S]1[Fe][S][Fe+]1.O=O.[H+].[H][C@]12CC[C@]3(C1)C(=C(C)C2(C)C)C(=O)C[C@@H]3C.[S]1[Fe+][S][Fe+]1>>[H]O[H],CC1=C2C(=O)CC(C)C23CCC(C3)C1(C)C.CC1=C2CCC(C)C23CCC(C3)C1(C)C.O=O.[H+].[S]1[Fe+][S][Fe+]1.[S]1[Fe][S][Fe+]1>>O,True,C15_FPP_like,unknown
RHEA:32539,CC(C)=CCC/C(C)=C/COP(=O)([O-])OP(=O)([O-])[O-]>>O=C(O)COc1ccc(Cl)cc1.O=P([O-])([O-])OP(=O)([O-])O,CC(C)=CCCC(C)=CCOP(=O)([O-])OP(=O)([O-])[O-]>>O=C(O)COc1ccc(Cl)cc1.O=P([O-])([O-])OP(=O)([O-])O,True,C10_GPP_like,C10_mono_highly_oxygenated
RHEA:32543,CC(C)=CCC/C(C)=C/COP(=O)([O-])OP(=O)([O-])[O-].[H]O[H]>>CC1(C)O[C@]2(C)CC[C@H]1CC2.O=P([O-])([O-])OP(=O)([O-])O,CC(C)=CCCC(C)=CCOP(=O)([O-])OP(=O)([O-])[O-].O>>CC12CCC(CC1)C(C)(C)O2.O=P([O-])([O-])OP(=O)([O-])O,True,C10_GPP_like,C10_polycyclic_oxygenated
RHEA:32547,CC(C)=CCC/C(C)=C/COP(=O)([O-])OP(=O)([O-])[O-]>>[H][C@]12C[C@@]1(C(C)C)CCC2=C.O=P([O-])([O-])OP(=O)([O-])O,CC(C)=CCCC(C)=CCOP(=O)([O-])OP(=O)([O-])[O-]>>C=C1CCC2(C(C)C)CC12.O=P([O-])([O-])OP(=O)([O-])O,True,C10_GPP_like,C10_bicyclic_hydrocarbon
RHEA:32551,CC(C)=CCC/C(C)=C/COP(=O)([O-])OP(=O)([O-])[O-].[H]O[H]>>CN(C)CCc1cnc2ccc(CS(=O)(=O)N3CCCC3)cc12.O=P([O-])([O-])OP(=O)([O-])O,CC(C)=CCC/C(C)=C/COP(=O)([O-])OP(=O)([O-])[O-].[H]O[H]>>CN(C)CCc1cnc2ccc(CS(=O)(=O)N3CCCC3)cc12.O=P([O-])([O-])OP(=O)([O-])O,True,C10_GPP_like,unknown
RHEA:32555,CC(C)=CCC/C(C)=C/COP(=O)([O-])OP(=O)([O-])[O-].[H]O[H]>>CC(Oc1cc(Cl)c(Cl)cc1Cl)C(=O)O.O=P([O-])([O-])OP(=O)([O-])O,CC(C)=CCCC(C)=CCOP(=O)([O-])OP(=O)([O-])[O-].O>>CC(Oc1cc(Cl)c(Cl)cc1Cl)C(=O)O.O=P([O-])([O-])OP(=O)([O-])O,True,C10_GPP_like,C10_mono_highly_oxygenated
RHEA:32559,CC(C)=CCC/C(C)=C/COP(=O)([O-])OP(=O)([O-])[O-]>>CC1=CCC(C(C)C)=CC1.O=P([O-])([O-])OP(=O)([O-])O,CC(C)=CCCC(C)=CCOP(=O)([O-])OP(=O)([O-])[O-]>>CC1=CCC(C(C)C)=CC1.O=P([O-])([O-])OP(=O)([O-])O,True,C10_GPP_like,C10_mono_hydrocarbon
RHEA:32563,CC(C)=CCC/C(C)=C/COP(=O)([O-])OP(=O)([O-])[O-]>>O=C(O)CCCCCCCC(O)C(O)CCCCCCO.O=P([O-])([O-])OP(=O)([O-])O,CC(C)=CCCC(C)=CCOP(=O)([O-])OP(=O)([O-])[O-]>>O=C(O)CCCCCCCC(O)C(O)CCCCCCO.O=P([O-])([O-])OP(=O)([O-])O,True,C10_GPP_like,C15_acyclic_highly_oxygenated
RHEA:32567,CC(C)=CCC/C(C)=C/COP(=O)([O-])OP(=O)([O-])[O-]>>[O]=[Mn](=[O])(=[O])[O-].O=P([O-])([O-])OP(=O)([O-])O,CC(C)=CCCC(C)=CCOP(=O)([O-])OP(=O)([O-])[O-]>>O=P([O-])([O-])OP(=O)([O-])O.[O]=[Mn](=[O])(=[O])[O-],True,C10_GPP_like,unknown
RHEA:32571,CC(C)=CCC/C(C)=C(C)COP(=O)([O-])OP(=O)([O-])[O-].[H]O[H]>>CC1(C)[C@@H]2CC[C@@]1(C)[C@](C)(O)C2.O=P([O-])([O-])OP(=O)([O-])O,CC(C)=CCCC(C)=C(C)COP(=O)([O-])OP(=O)([O-])[O-].O>>CC1(O)CC2CCC1(C)C2(C)C.O=P([O-])([O-])OP(=O)([O-])O,True,C10_GPP_like,C10_bicyclic_oxygenated
RHEA:32575,CC(C)=CCC/C(C)=C/COP(=O)([O-])OP(=O)([O-])[O-]>>CC1=CC[C@@H]2C[C@H]1C2(C)C.O=P([O-])([O-])OP(=O)([O-])O,CC(C)=CCCC(C)=CCOP(=O)([O-])OP(=O)([O-])[O-]>>CC1=CCC2CC1C2(C)C.O=P([O-])([O-])OP(=O)([O-])O,True,C10_GPP_like,C10_polycyclic_hydrocarbon
RHEA:32579,CC(C)=CCC/C(C)=C/COP(=O)([O-])OP(=O)([O-])[O-]>>C=C1CC[C@@H]2C[C@H]1C2(C)C.O=P([O-])([O-])OP(=O)([O-])O,CC(C)=CCCC(C)=CCOP(=O)([O-])OP(=O)([O-])[O-]>>C=C1CCC2CC1C2(C)C.O=P([O-])([O-])OP(=O)([O-])O,True,C10_GPP_like,C10_polycyclic_hydrocarbon
RHEA:32679,CC(C)=CCC/C(C)=C/COP(=O)([O-])OP(=O)([O-])[O-].[H]O[H]>>CC(C)=CCC/C(C)=C/CO.O=P([O-])([O-])OP(=O)([O-])O,CC(C)=CCCC(C)=CCOP(=O)([O-])OP(=O)([O-])[O-].O>>CC(C)=CCCC(C)=CCO.O=P([O-])([O-])OP(=O)([O-])O,True,C10_GPP_like,C10_acyclic_oxygenated
RHEA:32687,CC(C)=CCC/C(C)=C/COP(=O)([O-])OP(=O)([O-])[O-]>>CC1(C)C2CC3C(C2)C31C.O=P([O-])([O-])OP(=O)([O-])O,CC(C)=CCCC(C)=CCOP(=O)([O-])OP(=O)([O-])[O-]>>CC1(C)C2CC3C(C2)C31C.O=P([O-])([O-])OP(=O)([O-])O,True,C10_GPP_like,C10_polycyclic_hydrocarbon
RHEA:32691,CC(C)=CCC/C(C)=C/COP(=O)([O-])OP(=O)([O-])[O-]>>CC(C)(Oc1ccccc1)C(=O)OCCN1CCOCC1.O=P([O-])([O-])OP(=O)([O-])O,CC(C)=CCCC(C)=CCOP(=O)([O-])OP(=O)([O-])[O-]>>CC(C)(Oc1ccccc1)C(=O)OCCN1CCOCC1.O=P([O-])([O-])OP(=O)([O-])O,True,C10_GPP_like,C15_bicyclic_highly_oxygenated
RHEA:32699,CC(C)=CCC/C(C)=C/CC/C(C)=C/COP(=O)([O-])OP(=O)([O-])[O-]>>[H][C@@]1([C@@H](C)CCC=C(C)C)C=CC(=C)CC1.O=P([O-])([O-])OP(=O)([O-])O,CC(C)=CCCC(C)=CCCC(C)=CCOP(=O)([O-])OP(=O)([O-])[O-]>>C=C1C=CC(C(C)CCC=C(C)C)CC1.O=P([O-])([O-])OP(=O)([O-])O,True,C15_FPP_like,C15_mono_hydrocarbon
RHEA:32703,CC(C)=CCC/C(C)=C/CC/C(C)=C/CC/C(C)=C/COP(=O)([O-])OP(=O)([O-])[O-].[H]O[H]>>[H][C@@]12CC[C@@](C)(O)[C@H](CC/C(C)=C/COP(=O)([O-])OP(=O)([O-])[O-])[C@@]1(C)CCCC2(C)C,CC(C)=CCCC(C)=CCCC(C)=CCCC(C)=CCOP(=O)([O-])OP(=O)([O-])[O-].O>>CC(=CCOP(=O)([O-])OP(=O)([O-])[O-])CCC1C(C)(O)CCC2C(C)(C)CCCC21C,True,C20_GGPP_like,C20_bicyclic_highly_oxygenated
RHEA:33103,CC(C)=CCC/C(C)=C/CC/C(C)=C/COP(=O)([O-])OP(=O)([O-])[O-]>>[H][C@@]12C=C(C)CC[C@]1([H])C(C)=CC[C@H]2C(C)C.O=P([O-])([O-])OP(=O)([O-])O,CC(C)=CCCC(C)=CCCC(C)=CCOP(=O)([O-])OP(=O)([O-])[O-]>>CC1=CC2C(CC1)C(C)=CCC2C(C)C.O=P([O-])([O-])OP(=O)([O-])O,True,C15_FPP_like,C15_bicyclic_hydrocarbon
RHEA:33107,CC(C)=CCC/C(C)=C/CC/C(C)=C/COP(=O)([O-])OP(=O)([O-])[O-]>>[H][C@@]12C=C(C)CC[C@]1([H])C(=C)CC[C@H]2C(C)C.O=P([O-])([O-])OP(=O)([O-])O,CC(C)=CCCC(C)=CCCC(C)=CCOP(=O)([O-])OP(=O)([O-])[O-]>>C=C1CCC(C(C)C)C2C=C(C)CCC12.O=P([O-])([O-])OP(=O)([O-])O,True,C15_FPP_like,C15_bicyclic_hydrocarbon
RHEA:33111,CC(C)=CCC/C(C)=C/CC/C(C)=C/COP(=O)([O-])OP(=O)([O-])[O-]>>[H][C@]12CCC(=C)C3[C@@]1([H])[C@H](C(C)C)CC[C@]32C.O=P([O-])([O-])OP(=O)([O-])O,CC(C)=CCCC(C)=CCCC(C)=CCOP(=O)([O-])OP(=O)([O-])[O-]>>C=C1CCC2C3C(C(C)C)CCC2(C)C13.O=P([O-])([O-])OP(=O)([O-])O,True,C15_FPP_like,C15_polycyclic_hydrocarbon
RHEA:33119,CC(C)=CCC/C(C)=C/CC/C(C)=C/COP(=O)([O-])OP(=O)([O-])[O-]>>[H][C@]12CC[C@]3([H])C(=C)[C@@]1(C)CC[C@@H](C(C)C)[C@]23[H].O=P([O-])([O-])OP(=O)([O-])O,CC(C)=CCCC(C)=CCCC(C)=CCOP(=O)([O-])OP(=O)([O-])[O-]>>C=C1C2CCC3C2C(C(C)C)CCC13C.O=P([O-])([O-])OP(=O)([O-])O,True,C15_FPP_like,C15_polycyclic_hydrocarbon
RHEA:33123,CC(C)=CCC/C(C)=C/CC/C(C)=C/CC/C(C)=C/CC/C(C)=C/CC/C(C)=C/CC/C(C)=C/COP(=O)([O-])OP(=O)([O-])[O-]>>CC(C)=CCC/C(C)=C/CC/C(C)=C/CC/C(C)=C/CC/C(C)=C/CC[C@@H](C)C1=CCC(C)=CC1.O=P([O-])([O-])OP(=O)([O-])O,CC(C)=CCCC(C)=CCCC(C)=CCCC(C)=CCCC(C)=CCCC(C)=CCCC(C)=CCOP(=O)([O-])OP(=O)([O-])[O-]>>CC(C)=CCCC(C)=CCCC(C)=CCCC(C)=CCCC(C)=CCCC(C)C1=CCC(C)=CC1.O=P([O-])([O-])OP(=O)([O-])O,True,C35_long_prenyl_like,C_long_mono_hydrocarbon
RHEA:33983,[H][C@@]12CCC(=C)[C@H](CC/C(C)=C/COP(=O)([O-])OP(=O)([O-])[O-])[C@@]1(C)CCCC2(C)C.[H][C@@]12CCC3=C(CC=C(C(C)C)C3)[C@@]1(C)CCCC2(C)C>>O=P([O-])([O-])OP(=O)([O-])O,C=C1CCC2C(C)(C)CCCC2(C)C1CCC(C)=CCOP(=O)([O-])OP(=O)([O-])[O-].CC(C)C1=CCC2=C(CCC3C(C)(C)CCCC23C)C1>>O=P([O-])([O-])OP(=O)([O-])O,True,C20_GGPP_like,unknown
RHEA:33987,[H][C@@]12CCC(=C)[C@H](CC/C(C)=C/COP(=O)([O-])OP(=O)([O-])[O-])[C@@]1(C)CCCC2(C)C.[H][C@]12CCC(=C(C)C)C=C1CC[C@@]1([H])C(C)(C)CCC[C@]21C>>O=P([O-])([O-])OP(=O)([O-])O,C=C1CCC2C(C)(C)CCCC2(C)C1CCC(C)=CCOP(=O)([O-])OP(=O)([O-])[O-].CC(C)=C1C=C2CCC3C(C)(C)CCCC3(C)C2CC1>>O=P([O-])([O-])OP(=O)([O-])O,True,C20_GGPP_like,unknown
RHEA:33991,CC(C)=CCC/C(C)=C/CC/C(C)=C/COP(=O)([O-])OP(=O)([O-])[O-]>>[H][C@]12CC=C(C)C3[C@@]1([H])[C@H](C(C)C)CC[C@]32C.O=P([O-])([O-])OP(=O)([O-])O,CC(C)=CCCC(C)=CCCC(C)=CCOP(=O)([O-])OP(=O)([O-])[O-]>>CC1=CCC2C3C(C(C)C)CCC2(C)C13.O=P([O-])([O-])OP(=O)([O-])O,True,C15_FPP_like,C15_polycyclic_hydrocarbon
RHEA:34255,[H][C@]12CC[C@]3(C)[C@@H](CC[C@@H](C)C4=CCC(C)=CC4)[C@](C)(O)CC[C@@]3([H])[C@]1(C)CC[C@@]1([H])C(C)(C)CCC[C@]21C>>CC(C)=CCC/C(C)=C/CC/C(C)=C/CC/C(C)=C/CC/C(C)=C/CC[C@@H](C)C1=CCC(C)=CC1.[H]O[H],CC1=CCC(C(C)CCC2C(C)(O)CCC3C2(C)CCC2C4(C)CCCC(C)(C)C4CCC23C)=CC1>>CC(C)=CCCC(C)=CCCC(C)=CCCC(C)=CCCC(C)=CCCC(C)C1=CCC(C)=CC1.O,True,C35_long_prenyl_like,C_long_mono_hydrocarbon
RHEA:34459,[H][C@@]12CC[C@@](C)(O)[C@H](CC/C(C)=C/COP(=O)([O-])OP(=O)([O-])[O-])[C@@]1(C)CCCC2(C)C.[H]O[H]>>[H][C@@]12CC[C@@](C)(O)[C@H](CC[C@@](C)(O)C=C)[C@@]1(C)CCCC2(C)C.O=P([O-])([O-])OP(=O)([O-])O,CC(=CCOP(=O)([O-])OP(=O)([O-])[O-])CCC1C(C)(O)CCC2C(C)(C)CCCC21C.O>>C=CC(C)(O)CCC1C(C)(O)CCC2C(C)(C)CCCC21C.O=P([O-])([O-])OP(=O)([O-])O,True,C20_GGPP_like,C20_bicyclic_oxygenated
RHEA:34463,[H][C@@]12CC[C@@](C)(O)[C@H](CC/C(C)=C/COP(=O)([O-])OP(=O)([O-])[O-])[C@@]1(C)CCCC2(C)C>>[H][C@@]12CC[C@@](C)(O)[C@H](C/C=C(/C)C=C)[C@@]1(C)CCCC2(C)C.O=P([O-])([O-])OP(=O)([O-])O,CC(=CCOP(=O)([O-])OP(=O)([O-])[O-])CCC1C(C)(O)CCC2C(C)(C)CCCC21C>>C=CC(C)=CCC1C(C)(O)CCC2C(C)(C)CCCC21C.O=P([O-])([O-])OP(=O)([O-])O,True,C20_GGPP_like,C20_bicyclic_oxygenated
RHEA:34467,CC(C)=CCC/C(C)=C/CC/C(C)=C/COP(=O)([O-])OP(=O)([O-])[O-]>>[H][C@]12CCC(C)=C1[C@H](C=C(C)C)CC[C@H]2C.O=P([O-])([O-])OP(=O)([O-])O,CC(C)=CCCC(C)=CCCC(C)=CCOP(=O)([O-])OP(=O)([O-])[O-]>>CC(C)=CC1CCC(C)C2CCC(C)=C12.O=P([O-])([O-])OP(=O)([O-])O,True,C15_FPP_like,C15_bicyclic_hydrocarbon
RHEA:34503,CC(C)=CCC/C(C)=C/CC/C(C)=C/COP(=O)([O-])OP(=O)([O-])[O-].[H]O[H]>>[H][C@]1([C@@](C)(O)CCC=C(C)C)CC=C(C)CC1.O=P([O-])([O-])OP(=O)([O-])O,CC(C)=CCCC(C)=CCCC(C)=CCOP(=O)([O-])OP(=O)([O-])[O-].O>>CC(C)=CCCC(C)(O)C1CC=C(C)CC1.O=P([O-])([O-])OP(=O)([O-])O,True,C15_FPP_like,C15_mono_oxygenated
RHEA:34695,CC(C)=CCC/C(C)=C/CC/C(C)=C/COP(=O)([O-])OP(=O)([O-])[O-]>>[H][C@]12CC(C)=C3CC[C@]3(C)[C@@]1([H])CC(C)(C)C2.O=P([O-])([O-])OP(=O)([O-])O,CC(C)=CCCC(C)=CCCC(C)=CCOP(=O)([O-])OP(=O)([O-])[O-]>>CC1=C2CCC2(C)C2CC(C)(C)CC2C1.O=P([O-])([O-])OP(=O)([O-])O,True,C15_FPP_like,C15_polycyclic_hydrocarbon
RHEA:34699,CC(C)=CCC/C(C)=C/CC/C(C)=C/COP(=O)([O-])OP(=O)([O-])[O-]>>CC1=C[C@]2(C)CCC[C@@]23[C@H](C)CC[C@@]13C.O=P([O-])([O-])OP(=O)([O-])O,CC(C)=CCCC(C)=CCCC(C)=CCOP(=O)([O-])OP(=O)([O-])[O-]>>CC1=CC2(C)CCCC23C(C)CCC13C.O=P([O-])([O-])OP(=O)([O-])O,True,C15_FPP_like,C15_polycyclic_hydrocarbon
RHEA:34703,CC(C)=CCC/C(C)=C/CC/C(C)=C/COP(=O)([O-])OP(=O)([O-])[O-]>>[H][C@@]12CC(C)(C)[C@]1([H])CC/C(C)=C/CCC2=C.O=P([O-])([O-])OP(=O)([O-])O,CC(C)=CCCC(C)=CCCC(C)=CCOP(=O)([O-])OP(=O)([O-])[O-]>>C=C1CCC=C(C)CCC2C1CC2(C)C.O=P([O-])([O-])OP(=O)([O-])O,True,C15_FPP_like,C15_bicyclic_hydrocarbon
RHEA:36063,CC(C)=CCC/C(C)=C/CC/C(C)=C/COP(=O)([O-])OP(=O)([O-])[O-].[H]O[H]>>C/C1=C[C@H](O)[C@@H](C(C)C)CC/C(C)=C/CC1.O=P([O-])([O-])OP(=O)([O-])O,CC(C)=CCCC(C)=CCCC(C)=CCOP(=O)([O-])OP(=O)([O-])[O-].O>>CC1=CC(O)C(C(C)C)CCC(C)=CCC1.O=P([O-])([O-])OP(=O)([O-])O,True,C15_FPP_like,C15_mono_oxygenated
RHEA:38155,CC(C)=CCC/C(C)=C/CC/C(C)=C/CC/C(C)=C/COP(=O)([O-])OP(=O)([O-])[O-].[H]O[H]>>C=CC(C)(O)CC/C=C(C)CC/C=C(C)CCC=C(C)C.O=P([O-])([O-])OP(=O)([O-])O,CC(C)=CCCC(C)=CCCC(C)=CCCC(C)=CCOP(=O)([O-])OP(=O)([O-])[O-].O>>C=CC(C)(O)CCC=C(C)CCC=C(C)CCC=C(C)C.O=P([O-])([O-])OP(=O)([O-])O,True,C20_GGPP_like,C20_acyclic_oxygenated
RHEA:40027,[H][C@@]12CCC(=C)[C@@H](CC/C(C)=C/COP(=O)([O-])OP(=O)([O-])[O-])[C@@]1(C)CCCC2(C)C.[H]O[H]>>[H][C@@]12CCC(=C)[C@@]([H])(CC[C@](C)(O)C=C)[C@@]1(C)CCCC2(C)C.O=P([O-])([O-])OP(=O)([O-])O,C=C1CCC2C(C)(C)CCCC2(C)C1CCC(C)=CCOP(=O)([O-])OP(=O)([O-])[O-].O>>C=CC(C)(O)CCC1C(=C)CCC2C(C)(C)CCCC12C.O=P([O-])([O-])OP(=O)([O-])O,True,C20_GGPP_like,C20_bicyclic_oxygenated
RHEA:41552,CC(C)=CCC/C(C)=C/CC/C(C)=C/CC/C(C)=C/CC/C(C)=C/COP(=O)([O-])OP(=O)([O-])[O-].[H]O[H]>>[H][C@]12C[C@@]3(C)CC[C@]([H])([C@@H](C)CCC=C(C)C)[C@]3([H])C/C=C(/C)[C@@]1([H])CC[C@@]2(C)O.O=P([O-])([O-])OP(=O)([O-])O,CC(C)=CCCC(C)=CCCC(C)=CCCC(C)=CCCC(C)=CCOP(=O)([O-])OP(=O)([O-])[O-].O>>CC(C)=CCCC(C)C1CCC2(C)CC3C(CCC3(C)O)C(C)=CCC12.O=P([O-])([O-])OP(=O)([O-])O,True,C25_GFPP_like,C25_polycyclic_oxygenated
RHEA:41628,CC(C)=CCCC(C)=CCCC(C)=CCCC(C)=CCOP(=O)([O-])OP(=O)([O-])[O-].[H]O[H]>>[H][C@]12C[C@@]3(C)CC[C@H](C(C)C)/C3=C/C[C@](C)(O)[C@]1([H])CC[C@@]2([H])C.O=P([O-])([O-])OP(=O)([O-])O,CC(C)=CCCC(C)=CCCC(C)=CCCC(C)=CCOP(=O)([O-])OP(=O)([O-])[O-].O>>CC(C)C1CCC2(C)CC3C(C)CCC3C(C)(O)CC=C12.O=P([O-])([O-])OP(=O)([O-])O,True,C20_GGPP_like,C20_polycyclic_oxygenated
RHEA:42984,[H][C@@]12CCC(=C)[C@H](CC/C(C)=C/COP(=O)([O-])OP(=O)([O-])[O-])[C@@]1(C)CCCC2(C)C.[H][C@]12CC[C@@](C)(C=C)C=C1CC[C@@]1([H])C(C)(C)CCC[C@]21C>>O=P([O-])([O-])OP(=O)([O-])O,C=C1CCC2C(C)(C)CCCC2(C)C1CCC(C)=CCOP(=O)([O-])OP(=O)([O-])[O-].C=CC1(C)C=C2CCC3C(C)(C)CCCC3(C)C2CC1>>O=P([O-])([O-])OP(=O)([O-])O,True,C20_GGPP_like,unknown
RHEA:42988,CC(C)=CCC/C(C)=C/CC/C(C)=C/CC/C(C)=C/COP(=O)([O-])OP(=O)([O-])[O-]>>CC(C)=C1C/C=C(C)CC/C=C(C)CC/C=C(C)CC1.O=P([O-])([O-])OP(=O)([O-])O,CC(C)=CCCC(C)=CCCC(C)=CCCC(C)=CCOP(=O)([O-])OP(=O)([O-])[O-]>>CC1=CCCC(C)=CCC(=C(C)C)CCC(C)=CCC1.O=P([O-])([O-])OP(=O)([O-])O,True,C20_GGPP_like,C20_mono_hydrocarbon
RHEA:42992,CC(C)=CCC/C(C)=C/CC/C(C)=C/CC/C(C)=C/COP(=O)([O-])OP(=O)([O-])[O-].[H]O[H]>>C/C1=CCC/C(C)=C/C[C@H](C(C)(C)O)CC/C(C)=C/CC1.O=P([O-])([O-])OP(=O)([O-])O,CC(C)=CCCC(C)=CCCC(C)=CCCC(C)=CCOP(=O)([O-])OP(=O)([O-])[O-].O>>CC1=CCCC(C)=CCC(C(C)(C)O)CCC(C)=CCC1.O=P([O-])([O-])OP(=O)([O-])O,True,C20_GGPP_like,C20_mono_oxygenated
RHEA:42996,CC(C)=CCC/C(C)=C/CC/C(C)=C/CC/C(C)=C/COP(=O)([O-])OP(=O)([O-])[O-]>>C=C(C)[C@H]1C/C=C(C)CC/C=C(C)CC/C=C(C)CC1.O=P([O-])([O-])OP(=O)([O-])O,CC(C)=CCCC(C)=CCCC(C)=CCCC(C)=CCOP(=O)([O-])OP(=O)([O-])[O-]>>C=C(C)C1CC=C(C)CCC=C(C)CCC=C(C)CC1.O=P([O-])([O-])OP(=O)([O-])O,True,C20_GGPP_like,C20_mono_hydrocarbon
RHEA:43000,CC(C)=CCC/C(C)=C/CC/C(C)=C/CC/C(C)=C/COP(=O)([O-])OP(=O)([O-])[O-].[H]O[H]>>C/C1=CCC/C(C)=C/CC(C)(C)[C@@H](O)CC/C(C)=C/CC1.O=P([O-])([O-])OP(=O)([O-])O,CC(C)=CCCC(C)=CCCC(C)=CCCC(C)=CCOP(=O)([O-])OP(=O)([O-])[O-].O>>CC1=CCCC(C)=CCC(C)(C)C(O)CCC(C)=CCC1.O=P([O-])([O-])OP(=O)([O-])O,True,C20_GGPP_like,C20_mono_oxygenated
RHEA:47052,CC(C)=CCC/C(C)=C/CC/C(C)=C/COP(=O)([O-])OP(=O)([O-])[O-]>>CC(COc1ccccc1)N(CCCl)Cc1ccccc1.O=P([O-])([O-])OP(=O)([O-])O,CC(C)=CCCC(C)=CCCC(C)=CCOP(=O)([O-])OP(=O)([O-])[O-]>>CC(COc1ccccc1)N(CCCl)Cc1ccccc1.O=P([O-])([O-])OP(=O)([O-])O,True,C15_FPP_like,C20_bicyclic_oxygenated
RHEA:47944,CC(C)=CCC/C(C)=C/COP(=O)([O-])OP(=O)([O-])[O-].[H]O[H]>>CC(C)=CCC/C(C)=C/COP(=O)([O-])[O-].O=P([O-])([O-])O.[H+],CC(C)=CCCC(C)=CCOP(=O)([O-])OP(=O)([O-])[O-].O>>CC(C)=CCCC(C)=CCOP(=O)([O-])[O-].O=P([O-])([O-])O.[H+],True,C10_GPP_like,C10_acyclic_highly_oxygenated
RHEA:49628,CC(C)(COP(=O)([O-])OP(=O)([O-])OC[C@H]1O[C@@H](n2cnc3c(N)ncnc32)[C@H](O)[C@@H]1OP(=O)([O-])[O-])[C@@H](O)C(=O)NCCC(=O)NCCSC(=O)CC(=O)[O-].CC(=O)SCCNC(=O)CCNC(=O)[C@H](O)C(C)(C)COP(=O)([O-])OP(=O)([O-])OC[C@H]1O[C@@H](n2cnc3c(N)ncnc32)[C@H](O)[C@@H]1OP(=O)([O-])[O-].Nc1nc(=O)c2ncn([C@@H]3O[C@H](CO)[C@H]4OP(=O)(O)O[C@H]43)c2n1>>Cc1c(C)c(C(=O)[O-])c(O)c(C)c1O.Nc1ncnc2c1ncn2[C@@H]1O[C@H](CSCC[C@H]([NH3+])C(=O)[O-])[C@@H](O)[C@H]1O.O=C=O.CC(C)(COP(=O)([O-])OP(=O)([O-])OC[C@H]1O[C@@H](n2cnc3c(N)ncnc32)[C@H](O)[C@@H]1OP(=O)([O-])[O-])[C@@H](O)C(=O)NCCC(=O)NCCS,CC(C)(COP(=O)([O-])OP(=O)([O-])OC[C@H]1O[C@@H](n2cnc3c(N)ncnc32)[C@H](O)[C@@H]1OP(=O)([O-])[O-])[C@@H](O)C(=O)NCCC(=O)NCCSC(=O)CC(=O)[O-].CC(=O)SCCNC(=O)CCNC(=O)[C@H](O)C(C)(C)COP(=O)([O-])OP(=O)([O-])OC[C@H]1O[C@@H](n2cnc3c(N)ncnc32)[C@H](O)[C@@H]1OP(=O)([O-])[O-].Nc1nc(=O)c2ncn([C@@H]3O[C@H](CO)[C@H]4OP(=O)(O)O[C@H]43)c2n1>>Cc1c(C)c(C(=O)[O-])c(O)c(C)c1O.Nc1ncnc2c1ncn2[C@@H]1O[C@H](CSCC[C@H]([NH3+])C(=O)[O-])[C@@H](O)[C@H]1O.O=C=O.CC(C)(COP(=O)([O-])OP(=O)([O-])OC[C@H]1O[C@@H](n2cnc3c(N)ncnc32)[C@H](O)[C@@H]1OP(=O)([O-])[O-])[C@@H](O)C(=O)NCCC(=O)NCCS,True,C25_GFPP_like,C20_polycyclic_highly_oxygenated
RHEA:49632,Cc1c(C)c(C(=O)[O-])c(O)c(C)c1O.CC(C)=CCC/C(C)=C/CC/C(C)=C/COP(=O)([O-])OP(=O)([O-])[O-]>>CC(C)=CCC/C(C)=C/CC/C(C)=C/C[C@@]1(C)C(=O)C(C)=C([O-])C(C(=O)[O-])=C1C.O=P([O-])([O-])OP(=O)([O-])O.[H+],CC(C)=CCCC(C)=CCCC(C)=CCOP(=O)([O-])OP(=O)([O-])[O-].Cc1c(C)c(C(=O)[O-])c(O)c(C)c1O>>CC(C)=CCCC(C)=CCCC(C)=CCC1(C)C(=O)C(C)=C([O-])C(C(=O)[O-])=C1C.O=P([O-])([O-])OP(=O)([O-])O.[H+],True,C15_FPP_like,C25_mono_highly_oxygenated
RHEA:52804,CC(C)=CCC/C(C)=C/CC/C(C)=C/COP(=O)([O-])OP(=O)([O-])[O-]>>CC1=C2CCC(C)CC2(O)OC1=O.O=P([O-])([O-])OP(=O)([O-])O,CC(C)=CCCC(C)=CCCC(C)=CCOP(=O)([O-])OP(=O)([O-])[O-]>>CC1=C2CCC(C)CC2(O)OC1=O.O=P([O-])([O-])OP(=O)([O-])O,True,C15_FPP_like,C10_bicyclic_highly_oxygenated
RHEA:53616,CC(C)=CCC/C(C)=C/CC/C(C)=C/COP(=O)([O-])OP(=O)([O-])[O-].[H]O[H]>>[H][C@@]12CC[C@@H](C)[C@]1(O)CC(C)(C)C[C@H]1C[C@]12C.O=P([O-])([O-])OP(=O)([O-])O,CC(C)=CCCC(C)=CCCC(C)=CCOP(=O)([O-])OP(=O)([O-])[O-].O>>CC1CCC2C3(C)CC3CC(C)(C)CC12O.O=P([O-])([O-])OP(=O)([O-])O,True,C15_FPP_like,C15_polycyclic_oxygenated
RHEA:53620,CC(C)=CCC/C(C)=C/CC/C(C)=C/CC/C(C)=C/COP(=O)([O-])OP(=O)([O-])[O-]>>[H][C@@]12C(C)(C)CC[C@]1(C)C=C1[C@]3(CC[C@]12[H])[C@H](C)CC[C@@H]3C.O=P([O-])([O-])OP(=O)([O-])O,CC(C)=CCCC(C)=CCCC(C)=CCCC(C)=CCOP(=O)([O-])OP(=O)([O-])[O-]>>CC1CCC(C)C12CCC1C2=CC2(C)CCC(C)(C)C12.O=P([O-])([O-])OP(=O)([O-])O,True,C20_GGPP_like,C20_polycyclic_hydrocarbon
RHEA:53624,CC(C)=CCC/C(C)=C/CC/C(C)=C/CC/C(C)=C/COP(=O)([O-])OP(=O)([O-])[O-]>>[H][C@@]12CC[C@H](C)/C1=C/[C@@]1(C)CCC(C)(C)[C@]1([H])C/C=C(/C)C2.O=P([O-])([O-])OP(=O)([O-])O,CC(C)=CCCC(C)=CCCC(C)=CCCC(C)=CCOP(=O)([O-])OP(=O)([O-])[O-]>>CC1=CCC2C(C)(C)CCC2(C)C=C2C(C)CCC2C1.O=P([O-])([O-])OP(=O)([O-])O,True,C20_GGPP_like,C20_polycyclic_hydrocarbon
RHEA:53628,CC(C)=CCC/C(C)=C/CC/C(C)=C/COP(=O)([O-])OP(=O)([O-])[O-]>>[H][C@]12CC(C)(C)C[C@@]1([H])C=C(C)[C@]1([H])CC[C@]21C.O=P([O-])([O-])OP(=O)([O-])O,CC(C)=CCCC(C)=CCCC(C)=CCOP(=O)([O-])OP(=O)([O-])[O-]>>CC1=CC2CC(C)(C)CC2C2(C)CCC12.O=P([O-])([O-])OP(=O)([O-])O,True,C15_FPP_like,C15_polycyclic_hydrocarbon
RHEA:53632,CC(C)=CCC/C(C)=C/CC/C(C)=C/COP(=O)([O-])OP(=O)([O-])[O-]>>C/C1=C/CC[C@H](C)C2=C(C1)CC(C)(C)C2.O=P([O-])([O-])OP(=O)([O-])O,CC(C)=CCCC(C)=CCCC(C)=CCOP(=O)([O-])OP(=O)([O-])[O-]>>CC1=CCCC(C)C2=C(C1)CC(C)(C)C2.O=P([O-])([O-])OP(=O)([O-])O,True,C15_FPP_like,C15_bicyclic_hydrocarbon
RHEA:53640,CC(C)=CCC/C(C)=C/CC/C(C)=C/COP(=O)([O-])OP(=O)([O-])[O-]>>[H][C@@]12CCC(C)=C[C@]1([H])[C@H](C(C)C)CC=C2C.O=P([O-])([O-])OP(=O)([O-])O,CC(C)=CCCC(C)=CCCC(C)=CCOP(=O)([O-])OP(=O)([O-])[O-]>>CC1=CC2C(CC1)C(C)=CCC2C(C)C.O=P([O-])([O-])OP(=O)([O-])O,True,C15_FPP_like,C15_bicyclic_hydrocarbon
RHEA:53644,CC(C)=CCC/C(C)=C/CC/C(C)=C/COP(=O)([O-])OP(=O)([O-])[O-].[H]O[H]>>[H][C@@]1(C(C)C)O[C@]2(C)CC[C@]3([H])[C@@H](C)CC[C@]13C2.O=P([O-])([O-])OP(=O)([O-])O,CC(C)=CCCC(C)=CCCC(C)=CCOP(=O)([O-])OP(=O)([O-])[O-].O>>CC(C)C1OC2(C)CCC3C(C)CCC31C2.O=P([O-])([O-])OP(=O)([O-])O,True,C15_FPP_like,C15_polycyclic_oxygenated
RHEA:53648,CC(C)=CCC/C(C)=C/CC/C(C)=C/COP(=O)([O-])OP(=O)([O-])[O-].[H]O[H]>>[H][C@@]12C[C@@]3(C)CC[C@]1([H])[C@@H](C)CC[C@]2(C(C)C)O3.O=P([O-])([O-])OP(=O)([O-])O,CC(C)=CCCC(C)=CCCC(C)=CCOP(=O)([O-])OP(=O)([O-])[O-].O>>CC1CCC2(C(C)C)OC3(C)CCC1C2C3.O=P([O-])([O-])OP(=O)([O-])O,True,C15_FPP_like,C15_polycyclic_oxygenated
RHEA:53668,CC(C)=CCC/C(C)=C/CC/C(C)=C/COP(=O)([O-])OP(=O)([O-])[O-]>>[H][C@@]12CC[C@@H](C)[C@@]1([H])C=C(C(C)C)CCC2=C.O=P([O-])([O-])OP(=O)([O-])O,CC(C)=CCCC(C)=CCCC(C)=CCOP(=O)([O-])OP(=O)([O-])[O-]>>C=C1CCC(C(C)C)=CC2C(C)CCC12.O=P([O-])([O-])OP(=O)([O-])O,True,C15_FPP_like,C15_bicyclic_hydrocarbon
RHEA:54040,CC(C)=CCC/C(C)=C/CC/C(C)=C/CC/C(C)=C/COP(=O)([O-])OP(=O)([O-])[O-]>>C/C1=CCC2(C)CCC(C)(C)C=C2CC/C(C)=C/CC1.O=P([O-])([O-])OP(=O)([O-])O,CC(C)=CCCC(C)=CCCC(C)=CCCC(C)=CCOP(=O)([O-])OP(=O)([O-])[O-]>>CC1=CCC2(C)CCC(C)(C)C=C2CCC(C)=CCC1.O=P([O-])([O-])OP(=O)([O-])O,True,C20_GGPP_like,C20_bicyclic_hydrocarbon
RHEA:54044,CC(C)=CCC/C(C)=C/CC/C(C)=C/COP(=O)([O-])OP(=O)([O-])[O-].[H]O[H]>>[H][C@@]12C[C@@H](C(C)(C)O)CC[C@@]1(C)CCC=C2C.O=P([O-])([O-])OP(=O)([O-])O,CC(C)=CCCC(C)=CCCC(C)=CCOP(=O)([O-])OP(=O)([O-])[O-].O>>CC1=CCCC2(C)CCC(C(C)(C)O)CC12.O=P([O-])([O-])OP(=O)([O-])O,True,C15_FPP_like,C15_bicyclic_oxygenated
RHEA:54048,CC(C)=CCC/C(C)=C/CC/C(C)=C/COP(=O)([O-])OP(=O)([O-])[O-].[H]O[H]>>[H][C@]12CCC(C=C)=C(CO)[C@]1([H])O[C@@H](O)C[C@@]1([H])C(C)(C)CCC[C@]21C.O=P([O-])([O-])OP(=O)([O-])O,CC(C)=CCCC(C)=CCCC(C)=CCOP(=O)([O-])OP(=O)([O-])[O-].O>>C=CC1=C(CO)C2OC(O)CC3C(C)(C)CCCC3(C)C2CC1.O=P([O-])([O-])OP(=O)([O-])O,True,C15_FPP_like,C20_polycyclic_highly_oxygenated
RHEA:54052,CC(C)=CCC/C(C)=C/CC/C(C)=C/COP(=O)([O-])OP(=O)([O-])[O-].[H]O[H]>>[H][C@@]12CCC(C)=C[C@@]1([H])[C@H](C(C)C)CC[C@]2(C)O.O=P([O-])([O-])OP(=O)([O-])O,CC(C)=CCCC(C)=CCCC(C)=CCOP(=O)([O-])OP(=O)([O-])[O-].O>>CC1=CC2C(C(C)C)CCC(C)(O)C2CC1.O=P([O-])([O-])OP(=O)([O-])O,True,C15_FPP_like,C15_bicyclic_oxygenated
RHEA:54056,CC(C)=CCC/C(C)=C/CC/C(C)=C/COP(=O)([O-])OP(=O)([O-])[O-].[H]O[H]>>C/C1=CC[C@H](C(C)(C)O)CC/C(C)=C/CC1.O=P([O-])([O-])OP(=O)([O-])O,CC(C)=CCCC(C)=CCCC(C)=CCOP(=O)([O-])OP(=O)([O-])[O-].O>>CC1=CCC(C(C)(C)O)CCC(C)=CCC1.O=P([O-])([O-])OP(=O)([O-])O,True,C15_FPP_like,C15_mono_oxygenated
RHEA:54060,CC(C)=CCC/C(C)=C/CC/C(C)=C/COP(=O)([O-])OP(=O)([O-])[O-].[H]O[H]>>C/C1=C/C[C@H](C(C)(C)O)CC/C(C)=C/CC1.O=P([O-])([O-])OP(=O)([O-])O,CC(C)=CCCC(C)=CCCC(C)=CCOP(=O)([O-])OP(=O)([O-])[O-].O>>CC1=CCC(C(C)(C)O)CCC(C)=CCC1.O=P([O-])([O-])OP(=O)([O-])O,True,C15_FPP_like,C15_mono_oxygenated
RHEA:54064,CC(C)=CCC/C(C)=C/CC/C(C)=C/COP(=O)([O-])OP(=O)([O-])[O-].[H]O[H]>>[H][C@]12[C@H](C(C)C)CC[C@H](C)[C@]13CC[C@](C)(O)[C@]23[H].O=P([O-])([O-])OP(=O)([O-])O,CC(C)=CCCC(C)=CCCC(C)=CCOP(=O)([O-])OP(=O)([O-])[O-].O>>CC(C)C1CCC(C)C23CCC(C)(O)C2C13.O=P([O-])([O-])OP(=O)([O-])O,True,C15_FPP_like,C15_polycyclic_oxygenated
RHEA:54068,CC(C)=CCC/C(C)=C/CC/C(C)=C/CC/C(C)=C/CC/C(C)=C/COP(=O)([O-])OP(=O)([O-])[O-].[H]O[H]>>[H][C@@]12C[C@]3(O)/C(C)=C4/CC[C@@H](C)[C@]4([H])CC[C@H](C)[C@@]3([H])C[C@@]1(C)CC[C@@H]2C(C)C.O=P([O-])([O-])OP(=O)([O-])O,CC(C)=CCCC(C)=CCCC(C)=CCCC(C)=CCCC(C)=CCOP(=O)([O-])OP(=O)([O-])[O-].O>>CC1=C2CCC(C)C2CCC(C)C2CC3(C)CCC(C(C)C)C3CC12O.O=P([O-])([O-])OP(=O)([O-])O,True,C25_GFPP_like,C25_polycyclic_oxygenated
RHEA:54072,CC(C)=CCC/C(C)=C/COP(=O)([O-])OP(=O)([O-])[O-]>>CC1C=CC2(C(C)C)CC12.O=P([O-])([O-])OP(=O)([O-])O,CC(C)=CCCC(C)=CCOP(=O)([O-])OP(=O)([O-])[O-]>>CC1C=CC2(C(C)C)CC12.O=P([O-])([O-])OP(=O)([O-])O,True,C10_GPP_like,C10_bicyclic_hydrocarbon
RHEA:54076,CC(C)=CCC/C(C)=C/CC/C(C)=C/CC/C(C)=C/CC/C(C)=C/COP(=O)([O-])OP(=O)([O-])[O-]>>[H][C@@]12CC/C(C)=C/CC/C(C)=C/C[C@@]1(C)CC[C@]1([H])[C@@H](C(=C)C)CC[C@@]21C.O=P([O-])([O-])OP(=O)([O-])O,CC(C)=CCCC(C)=CCCC(C)=CCCC(C)=CCCC(C)=CCOP(=O)([O-])OP(=O)([O-])[O-]>>C=C(C)C1CCC2(C)C1CCC1(C)CC=C(C)CCC=C(C)CCC12.O=P([O-])([O-])OP(=O)([O-])O,True,C25_GFPP_like,C25_polycyclic_hydrocarbon
RHEA:54108,CC(C)=CCC/C(C)=C/CC/C(C)=C/COP(=O)([O-])OP(=O)([O-])[O-]>>CC1=C2C=C(C(C)C)CCC(C)C2CC1.O=P([O-])([O-])OP(=O)([O-])O,CC(C)=CCCC(C)=CCCC(C)=CCOP(=O)([O-])OP(=O)([O-])[O-]>>CC1=C2C=C(C(C)C)CCC(C)C2CC1.O=P([O-])([O-])OP(=O)([O-])O,True,C15_FPP_like,C15_bicyclic_hydrocarbon
RHEA:54112,CC(C)=CCC/C(C)=C/CC/C(C)=C/COP(=O)([O-])OP(=O)([O-])[O-]>>[H][C@@]12CC(=C(C)C)CC[C@@]1(C)CCCC2=C.O=P([O-])([O-])OP(=O)([O-])O,CC(C)=CCCC(C)=CCCC(C)=CCOP(=O)([O-])OP(=O)([O-])[O-]>>C=C1CCCC2(C)CCC(=C(C)C)CC12.O=P([O-])([O-])OP(=O)([O-])O,True,C15_FPP_like,C15_bicyclic_hydrocarbon
RHEA:54116,CC(C)=CCC/C(C)=C/CC/C(C)=C/CC/C(C)=C/COP(=O)([O-])OP(=O)([O-])[O-]>>[H][C@]12CCC(C)=CC[C@]1(C)CC[C@@]2([H])/C(C)=CCC=C(C)C.O=P([O-])([O-])OP(=O)([O-])O,CC(C)=CCCC(C)=CCCC(C)=CCCC(C)=CCOP(=O)([O-])OP(=O)([O-])[O-]>>CC(C)=CCC=C(C)C1CCC2(C)CC=C(C)CCC12.O=P([O-])([O-])OP(=O)([O-])O,True,C20_GGPP_like,C20_bicyclic_hydrocarbon
RHEA:54372,CC(C)=CCC/C(C)=C/CC/C(C)=C/COP(=O)([O-])OP(=O)([O-])[O-].[H]O[H]>>[H][C@@]12CC(C)(C)C[C@@H](O)C/C(C)=C1CC[C@H]2C.O=P([O-])([O-])OP(=O)([O-])O,CC(C)=CCCC(C)=CCCC(C)=CCOP(=O)([O-])OP(=O)([O-])[O-].O>>CC1=C2CCC(C)C2CC(C)(C)CC(O)C1.O=P([O-])([O-])OP(=O)([O-])O,True,C15_FPP_like,C15_bicyclic_oxygenated
RHEA:54376,[H][C@@]12CCC(=C)[C@H](CC/C(C)=C/COP(=O)([O-])OP(=O)([O-])[O-])[C@@]1(C)CCCC2(C)C.[H]O[H].[H][C@]12CC[C@](C)(C=C)C[C@]1(O)CC[C@@]1([H])C(C)(C)CCC[C@]21C>>O=P([O-])([O-])OP(=O)([O-])O,C=C1CCC2C(C)(C)CCCC2(C)C1CCC(C)=CCOP(=O)([O-])OP(=O)([O-])[O-].C=CC1(C)CCC2C(O)(CCC3C(C)(C)CCCC32C)C1.O>>O=P([O-])([O-])OP(=O)([O-])O,True,C20_GGPP_like,unknown
RHEA:54380,CC(C)=CCC/C(C)=C/CC/C(C)=C/COP(=O)([O-])OP(=O)([O-])[O-].[H]O[H]>>[H][C@@]12C(C)(C)[C@]1([H])CC[C@@H](C)[C@@]1([H])CCC(C)C21O.O=P([O-])([O-])OP(=O)([O-])O,CC(C)=CCCC(C)=CCCC(C)=CCOP(=O)([O-])OP(=O)([O-])[O-].O>>CC1CCC2C(C2(C)C)C2(O)C(C)CCC12.O=P([O-])([O-])OP(=O)([O-])O,True,C15_FPP_like,C15_polycyclic_oxygenated
RHEA:54496,[H][C@]12CCC(=C)[C@@H](CC/C(C)=C/COP(=O)([O-])OP(=O)([O-])[O-])[C@]1(C)CCCC2(C)C>>[H][C@@]12C[C@@H]3CC[C@@]1(CC[C@]1([H])C(C)(C)CCC[C@@]21C)CC3=C.O=P([O-])([O-])OP(=O)([O-])O,C=C1CCC2C(C)(C)CCCC2(C)C1CCC(C)=CCOP(=O)([O-])OP(=O)([O-])[O-]>>C=C1CC23CCC1CC2C1(C)CCCC(C)(C)C1CC3.O=P([O-])([O-])OP(=O)([O-])O,True,C20_GGPP_like,C20_polycyclic_hydrocarbon
RHEA:54500,CC(C)=CCC/C(C)=C/CC/C(C)=C/CC/C(C)=C/CC/C(C)=C/COP(=O)([O-])OP(=O)([O-])[O-]>>C=CC(=C)CC/C=C(C)CC/C=C(C)CC/C=C(C)CCC=C(C)C.O=P([O-])([O-])OP(=O)([O-])O,CC(C)=CCCC(C)=CCCC(C)=CCCC(C)=CCCC(C)=CCOP(=O)([O-])OP(=O)([O-])[O-]>>C=CC(=C)CCC=C(C)CCC=C(C)CCC=C(C)CCC=C(C)C.O=P([O-])([O-])OP(=O)([O-])O,True,C25_GFPP_like,C25_acyclic_hydrocarbon
RHEA:54504,CC(C)=CCC/C(C)=C/CC/C(C)=C/CC/C(C)=C/CC/C(C)=C/CC/C(C)=C/COP(=O)([O-])OP(=O)([O-])[O-]>>CCCCOC(=O)C(C)O.O=P([O-])([O-])OP(=O)([O-])O,CC(C)=CCCC(C)=CCCC(C)=CCCC(C)=CCCC(C)=CCCC(C)=CCOP(=O)([O-])OP(=O)([O-])[O-]>>CCCCOC(=O)C(C)O.O=P([O-])([O-])OP(=O)([O-])O,True,C30_long_prenyl_like,C10_acyclic_highly_oxygenated
RHEA:54508,CC(C)=CCC/C(C)=C/CC/C(C)=C/CC/C(C)=C/CC/C(C)=C/CC/C(C)=C/CC/C(C)=C/COP(=O)([O-])OP(=O)([O-])[O-]>>C=CC(=C)CC/C=C(C)CC/C=C(C)CC/C=C(C)CC/C=C(C)CC/C=C(C)CCC=C(C)C.O=P([O-])([O-])OP(=O)([O-])O,CC(C)=CCCC(C)=CCCC(C)=CCCC(C)=CCCC(C)=CCCC(C)=CCCC(C)=CCOP(=O)([O-])OP(=O)([O-])[O-]>>C=CC(=C)CCC=C(C)CCC=C(C)CCC=C(C)CCC=C(C)CCC=C(C)CCC=C(C)C.O=P([O-])([O-])OP(=O)([O-])O,True,C35_long_prenyl_like,C_long_acyclic_hydrocarbon
RHEA:54512,[H][C@@]12CC[C@@H](C)[C@](O)(CC/C(C)=C/COP(=O)([O-])OP(=O)([O-])[O-])[C@@]1(C)CCCC2(C)C>>[H][C@@]12CC[C@@H](C)[C@]3(CC[C@](C)(C=C)O3)[C@@]1(C)CCCC2(C)C.O=P([O-])([O-])OP(=O)([O-])O,CC(=CCOP(=O)([O-])OP(=O)([O-])[O-])CCC1(O)C(C)CCC2C(C)(C)CCCC21C>>C=CC1(C)CCC2(O1)C(C)CCC1C(C)(C)CCCC12C.O=P([O-])([O-])OP(=O)([O-])O,True,C20_GGPP_like,C20_polycyclic_oxygenated
RHEA:54516,[H][C@@]12CC[C@@](C)(O)[C@H](CC/C(C)=C/COP(=O)([O-])OP(=O)([O-])[O-])[C@@]1(C)CCCC2(C)C>>[H][C@@]12CC[C@](C)(C=C)O[C@]1(C)CC[C@@]1([H])C(C)(C)CCC[C@]21C.O=P([O-])([O-])OP(=O)([O-])O,CC(=CCOP(=O)([O-])OP(=O)([O-])[O-])CCC1C(C)(O)CCC2C(C)(C)CCCC21C>>C=CC1(C)CCC2C(C)(CCC3C(C)(C)CCCC32C)O1.O=P([O-])([O-])OP(=O)([O-])O,True,C20_GGPP_like,C20_polycyclic_oxygenated
RHEA:54520,CC(C)=CCC/C(C)=C/CC/C(C)=C/CC/C(C)=C/COP(=O)([O-])OP(=O)([O-])[O-]>>[H][C@@]12CC[C@@H](C)[C@@]1([H])C[C@]1(C)CCC(C(C)C)=C1CCC2=C.O=P([O-])([O-])OP(=O)([O-])O,CC(C)=CCCC(C)=CCCC(C)=CCCC(C)=CCOP(=O)([O-])OP(=O)([O-])[O-]>>C=C1CCC2=C(C(C)C)CCC2(C)CC2C(C)CCC12.O=P([O-])([O-])OP(=O)([O-])O,True,C20_GGPP_like,C20_polycyclic_hydrocarbon
RHEA:54636,[H][C@@]12CC=C(C)[C@H](CC/C(C)=C/COP(=O)([O-])OP(=O)([O-])[O-])[C@@]1(C)CCCC2(C)C>>[H][C@@]12CC=C(C)[C@H](CCC(=C)C=C)[C@@]1(C)CCCC2(C)C.O=P([O-])([O-])OP(=O)([O-])O,CC(=CCOP(=O)([O-])OP(=O)([O-])[O-])CCC1C(C)=CCC2C(C)(C)CCCC12C>>C=CC(=C)CCC1C(C)=CCC2C(C)(C)CCCC12C.O=P([O-])([O-])OP(=O)([O-])O,True,C20_GGPP_like,C20_bicyclic_hydrocarbon
RHEA:54640,[H][C@@]12CCC(=C)[C@H](CC/C(C)=C/COP(=O)([O-])OP(=O)([O-])[O-])[C@@]1(C)CCCC2(C)C.[H][C@@]12CCC(=C)[C@H](C/C=C(C)C=C)[C@@]1(C)CCCC2(C)C>>O=P([O-])([O-])OP(=O)([O-])O,C=C1CCC2C(C)(C)CCCC2(C)C1CCC(C)=CCOP(=O)([O-])OP(=O)([O-])[O-].C=CC(C)=CCC1C(=C)CCC2C(C)(C)CCCC12C>>O=P([O-])([O-])OP(=O)([O-])O,True,C20_GGPP_like,unknown
RHEA:54648,[H][C@]12CC[C@](C)(O)[C@@H](CC/C(C)=C/COP(=O)([O-])OP(=O)([O-])[O-])[C@]1(C)CCCC2(C)C>>CC(C)=CCC/C(C)=C/CC/C(C)=C/CC/C(C)=C/COP(=O)([O-])OP(=O)([O-])[O-].[H]O[H],CC(=CCOP(=O)([O-])OP(=O)([O-])[O-])CCC1C(C)(O)CCC2C(C)(C)CCCC21C>>CC(C)=CCCC(C)=CCCC(C)=CCCC(C)=CCOP(=O)([O-])OP(=O)([O-])[O-].O,True,C20_GGPP_like,C20_acyclic_highly_oxygenated
RHEA:54652,[H][C@@]12CC[C@@H](C)[C@](O)(CC/C(C)=C/COP(=O)([O-])OP(=O)([O-])[O-])[C@@]1(C)CCCC2(C)C>>CC(C)=CCC/C(C)=C/CC/C(C)=C/CC/C(C)=C/COP(=O)([O-])OP(=O)([O-])[O-].[H]O[H],CC(=CCOP(=O)([O-])OP(=O)([O-])[O-])CCC1(O)C(C)CCC2C(C)(C)CCCC21C>>CC(C)=CCCC(C)=CCCC(C)=CCCC(C)=CCOP(=O)([O-])OP(=O)([O-])[O-].O,True,C20_GGPP_like,C20_acyclic_highly_oxygenated
RHEA:54664,C/C(=CCC/C=C(C)CC/C=C(C)CC[C@@H]1OC1(C)C)CC/C=C(C)CC[C@@H]1OC1(C)C>>[H][C@@]12CCC(=C)[C@H](CC/C=C(C)CC/C=C(C)CC[C@@H]3OC3(C)C)[C@@]1(C)CC[C@H](O)C2(C)C,CC(=CCCC=C(C)CCC=C(C)CCC1OC1(C)C)CCC=C(C)CCC1OC1(C)C>>C=C1CCC2C(C)(C)C(O)CCC2(C)C1CCC=C(C)CCC=C(C)CCC1OC1(C)C,True,C30_long_prenyl_like,C_long_polycyclic_oxygenated
RHEA:54668,[H][C@@]12CCC(=C)[C@H](CC/C=C(C)CC/C=C(C)CC[C@@H]3OC3(C)C)[C@@]1(C)CC[C@H](O)C2(C)C>>[H][C@@]12CCC(=C)[C@H](CC[C@H]3C(=C)CC[C@@]4([H])C(C)(C)[C@@H](O)CC[C@]34C)[C@@]1(C)CC[C@H](O)C2(C)C,C=C1CCC2C(C)(C)C(O)CCC2(C)C1CCC=C(C)CCC=C(C)CCC1OC1(C)C>>C=C1CCC2C(C)(C)C(O)CCC2(C)C1CCC1C(=C)CCC2C(C)(C)C(O)CCC12C,True,C30_long_prenyl_like,C_long_polycyclic_oxygenated
RHEA:54676,CC(C)=CCC/C(C)=C/CC/C(C)=C/CC/C(C)=C/COP(=O)([O-])OP(=O)([O-])[O-]>>[H][C@@]12CCC=C(C)[C@@]1(C)CC[C@H](C)[C@@]2(C)CC/C(C)=C/COP(=O)([O-])OP(=O)([O-])[O-],CC(C)=CCCC(C)=CCCC(C)=CCCC(C)=CCOP(=O)([O-])OP(=O)([O-])[O-]>>CC(=CCOP(=O)([O-])OP(=O)([O-])[O-])CCC1(C)C(C)CCC2(C)C(C)=CCCC21,True,C20_GGPP_like,C20_bicyclic_highly_oxygenated
RHEA:54684,CC(C)=CCC/C(C)=C/CC/C(C)=C/CC/C(C)=C/COP(=O)([O-])OP(=O)([O-])[O-]>>[H][C@]12CCC=C(C)[C@]1(C)CC[C@@H](C)[C@]2(C)CC/C(C)=C/COP(=O)([O-])OP(=O)([O-])[O-],CC(C)=CCCC(C)=CCCC(C)=CCCC(C)=CCOP(=O)([O-])OP(=O)([O-])[O-]>>CC(=CCOP(=O)([O-])OP(=O)([O-])[O-])CCC1(C)C(C)CCC2(C)C(C)=CCCC21,True,C20_GGPP_like,C20_bicyclic_highly_oxygenated
RHEA:54692,CC(C)=CCC/C(C)=C/CC/C(C)=C/CC/C(C)=C/COP(=O)([O-])OP(=O)([O-])[O-]>>[H][C@@]12CC=C(C)[C@H](CC/C(C)=C/COP(=O)([O-])OP(=O)([O-])[O-])[C@@]1(C)CCCC2(C)C,CC(C)=CCCC(C)=CCCC(C)=CCCC(C)=CCOP(=O)([O-])OP(=O)([O-])[O-]>>CC(=CCOP(=O)([O-])OP(=O)([O-])[O-])CCC1C(C)=CCC2C(C)(C)CCCC12C,True,C20_GGPP_like,C20_bicyclic_highly_oxygenated
RHEA:55216,CC(C)=CCC/C(C)=C/CC/C(C)=C/CC/C(C)=C/COP(=O)([O-])OP(=O)([O-])[O-]>>[H][C@]12[C@@H](C(=C)C)CC[C@]1(C)CC[C@@H](C)[C@]21CC=C(C)CC1.O=P([O-])([O-])OP(=O)([O-])O,CC(C)=CCCC(C)=CCCC(C)=CCCC(C)=CCOP(=O)([O-])OP(=O)([O-])[O-]>>C=C(C)C1CCC2(C)CCC(C)C3(CC=C(C)CC3)C12.O=P([O-])([O-])OP(=O)([O-])O,True,C20_GGPP_like,C20_polycyclic_hydrocarbon
RHEA:55424,C=C[C@@](C)(O)CC/C=C(C)CCC=C(C)C.Cc1cc2c(cc1C)N(C[C@H](O)[C@H](O)[C@H](O)COP(=O)([O-])[O-])c1nc(=O)nc(=O)c1N2.O=O>>C=C/C=C(C)CCC=C(C)C.C=CC(C)=O.Cc1cc2nc3c(=O)[n-]c(=O)nc-3n(C[C@H](O)[C@H](O)[C@H](O)COP(=O)([O-])[O-])c2cc1C.[H]O[H].[H+],C=C[C@@](C)(O)CC/C=C(C)CCC=C(C)C.Cc1cc2c(cc1C)N(C[C@H](O)[C@H](O)[C@H](O)COP(=O)([O-])[O-])c1nc(=O)nc(=O)c1N2.O=O>>C=C/C=C(C)CCC=C(C)C.C=CC(C)=O.Cc1cc2nc3c(=O)[n-]c(=O)nc-3n(C[C@H](O)[C@H](O)[C@H](O)COP(=O)([O-])[O-])c2cc1C.[H]O[H].[H+],True,C15_FPP_like,C15_polycyclic_highly_oxygenated
RHEA:55520,C=C(C)CCOP(=O)([O-])OP(=O)([O-])[O-].CC(C)=CCOP(=O)([O-])OP(=O)([O-])[O-]>>CC(C)=CCC/C(C)=CCC/C(C)=CCC/C(C)=CCOP(=O)([O-])OP(=O)([O-])[O-].O=P([O-])([O-])OP(=O)([O-])O,C=C(C)CCOP(=O)([O-])OP(=O)([O-])[O-].CC(C)=CCOP(=O)([O-])OP(=O)([O-])[O-]>>CC(C)=CCCC(C)=CCCC(C)=CCCC(C)=CCOP(=O)([O-])OP(=O)([O-])[O-].O=P([O-])([O-])OP(=O)([O-])O,True,C5_IPP_DMAPP_like,C20_acyclic_highly_oxygenated
RHEA:56556,CC(C)=CCC/C(C)=C/CC/C(C)=C/COP(=O)([O-])OP(=O)([O-])[O-]>>CC1=CC2C(=C(C)CCC2C(C)C)CC1.O=P([O-])([O-])OP(=O)([O-])O,CC(C)=CCCC(C)=CCCC(C)=CCOP(=O)([O-])OP(=O)([O-])[O-]>>CC1=CC2C(=C(C)CCC2C(C)C)CC1.O=P([O-])([O-])OP(=O)([O-])O,True,C15_FPP_like,C15_bicyclic_hydrocarbon
RHEA:56632,CC(C)=CCC/C(C)=CCOP(=O)([O-])OP(=O)([O-])[O-].[H]O[H]>>CC1(C)O[C@]2(C)CC[C@H]1CC2.O=P([O-])([O-])OP(=O)([O-])O,CC(C)=CCCC(C)=CCOP(=O)([O-])OP(=O)([O-])[O-].O>>CC12CCC(CC1)C(C)(C)O2.O=P([O-])([O-])OP(=O)([O-])O,True,C10_GPP_like,C10_polycyclic_oxygenated
RHEA:56820,[H][C@]12C[C@@]3(C)CC[C@H](C(C)C)/C3=C/C[C@](C)(O)[C@]1([H])CC[C@@]2([H])C.[H]*[H].O=O>>[H][C@]12C[C@@]3(C)CC[C@H](C(C)C)/C3=C/C[C@](C)(O)[C@]1([H])[C@H](O)C[C@@]2([H])C.*.[H]O[H],CC(C)C1CCC2(C)CC3C(C)CCC3C(C)(O)CC=C12.O=O.[H]*[H]>>*.CC(C)C1CCC2(C)CC3C(C)CC(O)C3C(C)(O)CC=C12.O,True,C20_GGPP_like,C20_polycyclic_oxygenated
RHEA:56824,[H][C@]12C[C@@]3(C)CC[C@H](C(C)C)/C3=C/C[C@](C)(O)[C@]1([H])[C@H](O)C[C@@]2([H])C.[H]*[H].O=O>>[H][C@@]1(CO)C[C@@H](O)[C@]2([H])[C@]1([H])C[C@@]1(C)CC[C@H](C(C)C)/C1=C/C[C@]2(C)O.*.[H]O[H],CC(C)C1CCC2(C)CC3C(C)CC(O)C3C(C)(O)CC=C12.O=O.[H]*[H]>>*.CC(C)C1CCC2(C)CC3C(CO)CC(O)C3C(C)(O)CC=C12.O,True,C20_GGPP_like,C20_polycyclic_highly_oxygenated
RHEA:56944,O=C(CO)[C@H](O)[C@H](O)COP(=O)([O-])[O-].[H]*[H]>>CC(=O)[C@@H](O)[C@H](O)COP(=O)([O-])[O-].*.[H]O[H],O=C(CO)C(O)C(O)COP(=O)([O-])[O-].[H]*[H]>>*.CC(=O)C(O)C(O)COP(=O)([O-])[O-].O,True,C5_IPP_DMAPP_like,C5_acyclic_highly_oxygenated
RHEA:56984,CC(C)=CCC/C(C)=C/CC/C(C)=C/COP(=O)([O-])OP(=O)([O-])[O-].[H]O[H]>>C=CC(C)(O)CC/C=C(C)CCC=C(C)C.O=P([O-])([O-])OP(=O)([O-])O,CC(C)=CCCC(C)=CCCC(C)=CCOP(=O)([O-])OP(=O)([O-])[O-].O>>C=CC(C)(O)CCC=C(C)CCC=C(C)C.O=P([O-])([O-])OP(=O)([O-])O,True,C15_FPP_like,C15_acyclic_oxygenated
RHEA:57516,O=C(O)CC(=O)O.Cc1cc2c(cc1C)N(C[C@H](O)[C@H](O)[C@H](O)COP(=O)([O-])[O-])c1nc(=O)nc(=O)c1N2.O=O>>[H][C@]12CC[C@]3(C)C(=C)CCC[C@@]3([H])[C@]1(C)CC[C@](C)(C1CO1)C2.Cc1cc2nc3c(=O)[n-]c(=O)nc-3n(C[C@H](O)[C@H](O)[C@H](O)COP(=O)([O-])[O-])c2cc1C.[H]O[H].[H+],O=C(O)CC(=O)O.Cc1cc2c(cc1C)N(C[C@H](O)[C@H](O)[C@H](O)COP(=O)([O-])[O-])c1nc(=O)nc(=O)c1N2.O=O>>[H][C@]12CC[C@]3(C)C(=C)CCC[C@@]3([H])[C@]1(C)CC[C@](C)(C1CO1)C2.Cc1cc2nc3c(=O)[n-]c(=O)nc-3n(C[C@H](O)[C@H](O)[C@H](O)COP(=O)([O-])[O-])c2cc1C.[H]O[H].[H+],True,C5_IPP_DMAPP_like,C20_polycyclic_oxygenated
RHEA:57520,[H][C@]12CC[C@]3(C)C(=C)CCC[C@@]3([H])[C@]1(C)CC[C@](C)(C1CO1)C2.Cc1cc2c(cc1C)N(C[C@H](O)[C@H](O)[C@H](O)COP(=O)([O-])[O-])c1nc(=O)nc(=O)c1N2.O=O>>[H][C@]12CC[C@]3(C)C(=C)[C@@H](O)CC[C@@]3([H])[C@]1(C)CC[C@](C)(C1CO1)C2.Cc1cc2nc3c(=O)[n-]c(=O)nc-3n(C[C@H](O)[C@H](O)[C@H](O)COP(=O)([O-])[O-])c2cc1C.[H]O[H].[H+],[H][C@]12CC[C@]3(C)C(=C)CCC[C@@]3([H])[C@]1(C)CC[C@](C)(C1CO1)C2.Cc1cc2c(cc1C)N(C[C@H](O)[C@H](O)[C@H](O)COP(=O)([O-])[O-])c1nc(=O)nc(=O)c1N2.O=O>>[H][C@]12CC[C@]3(C)C(=C)[C@@H](O)CC[C@@]3([H])[C@]1(C)CC[C@](C)(C1CO1)C2.Cc1cc2nc3c(=O)[n-]c(=O)nc-3n(C[C@H](O)[C@H](O)[C@H](O)COP(=O)([O-])[O-])c2cc1C.[H]O[H].[H+],True,C20_GGPP_like,C20_polycyclic_oxygenated
RHEA:57544,[H][C@@]1(C2=CCCC(C)(C)C2)CC=C(C)CC1.Cc1cc2c(cc1C)N(C[C@H](O)[C@H](O)[C@H](O)COP(=O)([O-])[O-])c1nc(=O)nc(=O)c1N2.O=O>>[H][C@@]1(C2=CCCC(C)(C)C2)CC=C(C(=O)[O-])CC1.Cc1cc2nc3c(=O)[n-]c(=O)nc-3n(C[C@H](O)[C@H](O)[C@H](O)COP(=O)([O-])[O-])c2cc1C.[H]O[H].[H+],[H][C@@]1(C2=CCCC(C)(C)C2)CC=C(C)CC1.Cc1cc2c(cc1C)N(C[C@H](O)[C@H](O)[C@H](O)COP(=O)([O-])[O-])c1nc(=O)nc(=O)c1N2.O=O>>[H][C@@]1(C2=CCCC(C)(C)C2)CC=C(C(=O)[O-])CC1.Cc1cc2nc3c(=O)[n-]c(=O)nc-3n(C[C@H](O)[C@H](O)[C@H](O)COP(=O)([O-])[O-])c2cc1C.[H]O[H].[H+],True,C15_FPP_like,C15_polycyclic_highly_oxygenated
RHEA:58160,[H][C@]12CCC(=C)[C@@H](CC/C(C)=C/COP(=O)([O-])OP(=O)([O-])[O-])[C@]1(C)CCCC2(C)C>>O=C(O)CC(=O)O.O=P([O-])([O-])OP(=O)([O-])O,C=C1CCC2C(C)(C)CCCC2(C)C1CCC(C)=CCOP(=O)([O-])OP(=O)([O-])[O-]>>O=C(O)CC(=O)O.O=P([O-])([O-])OP(=O)([O-])O,True,C20_GGPP_like,C5_acyclic_highly_oxygenated
RHEA:58164,CC(C)=CCC/C(C)=C/CC/C(C)=C/COP(=O)([O-])OP(=O)([O-])[O-].[H]O[H]>>C[C@H]1CCC[C@@]2(C)CC[C@@H](C(C)(C)O)C[C@]12O.O=P([O-])([O-])OP(=O)([O-])O,CC(C)=CCCC(C)=CCCC(C)=CCOP(=O)([O-])OP(=O)([O-])[O-].O>>CC1CCCC2(C)CCC(C(C)(C)O)CC12O.O=P([O-])([O-])OP(=O)([O-])O,True,C15_FPP_like,C15_bicyclic_oxygenated
RHEA:58168,CC(C)=CCC/C(C)=C/CC/C(C)=C/COP(=O)([O-])OP(=O)([O-])[O-]>>C=C(C)[C@@H]1CCC2=CCC[C@H](C)[C@]2(C)C1.O=P([O-])([O-])OP(=O)([O-])O,CC(C)=CCCC(C)=CCCC(C)=CCOP(=O)([O-])OP(=O)([O-])[O-]>>C=C(C)C1CCC2=CCCC(C)C2(C)C1.O=P([O-])([O-])OP(=O)([O-])O,True,C15_FPP_like,C15_bicyclic_hydrocarbon
RHEA:58172,CC(C)=CCC/C(C)=C/CC/C(C)=C/CC/C(C)=C/COP(=O)([O-])OP(=O)([O-])[O-]>>C=CCCCCCCCCCCCC(O)CC(O)CO.O=P([O-])([O-])OP(=O)([O-])O,CC(C)=CCCC(C)=CCCC(C)=CCCC(C)=CCOP(=O)([O-])OP(=O)([O-])[O-]>>C=CCCCCCCCCCCCC(O)CC(O)CO.O=P([O-])([O-])OP(=O)([O-])O,True,C20_GGPP_like,C15_acyclic_highly_oxygenated
RHEA:59224,CC(C)=CCC/C(C)=C/CC/C(C)=C/CC/C(C)=C/COP(=O)([O-])OP(=O)([O-])[O-]>>CCCCCCCCCCCC(=O)NCC(C)O.O=P([O-])([O-])OP(=O)([O-])O,CC(C)=CCCC(C)=CCCC(C)=CCCC(C)=CCOP(=O)([O-])OP(=O)([O-])[O-]>>CCCCCCCCCCCC(=O)NCC(C)O.O=P([O-])([O-])OP(=O)([O-])O,True,C20_GGPP_like,C15_acyclic_oxygenated
RHEA:59232,CC(C)=CCC/C(C)=C/CC/C(C)=C/CC/C(C)=C/COP(=O)([O-])OP(=O)([O-])[O-].[H]O[H]>>[H][C@]12CC[C@@H](C)[C@]3([H])CC[C@]4(C)CCC[C@](C)(C[C@]1(C)O)[C@@]4([H])[C@]23[H].O=P([O-])([O-])OP(=O)([O-])O,CC(C)=CCCC(C)=CCCC(C)=CCCC(C)=CCOP(=O)([O-])OP(=O)([O-])[O-].O>>CC1CCC2C3C1CCC1(C)CCCC(C)(CC2(C)O)C31.O=P([O-])([O-])OP(=O)([O-])O,True,C20_GGPP_like,C20_polycyclic_oxygenated
RHEA:59236,CC(C)=CCC/C(C)=C/CC/C(C)=C/CC/C(C)=C/COP(=O)([O-])OP(=O)([O-])[O-]>>[H][C@@]1([C@H](C)CCC=C(C)C)CC[C@@H](C)C2=C1C=C(C)CC2.O=P([O-])([O-])OP(=O)([O-])O,CC(C)=CCCC(C)=CCCC(C)=CCCC(C)=CCOP(=O)([O-])OP(=O)([O-])[O-]>>CC(C)=CCCC(C)C1CCC(C)C2=C1C=C(C)CC2.O=P([O-])([O-])OP(=O)([O-])O,True,C20_GGPP_like,C20_bicyclic_hydrocarbon
RHEA:59904,[H]C(=O)CCCCCCC.NC(=O)c1ccc[n+]([C@@H]2O[C@H](COP(=O)([O-])OP(=O)([O-])OC[C@H]3O[C@@H](n4cnc5c(N)ncnc54)[C@H](OP(=O)([O-])[O-])[C@@H]3O)[C@@H](O)[C@H]2O)c1.[H]O[H].[H]OI(=O)=O>>NC(=O)C1=CN([C@@H]2O[C@H](COP(=O)([O-])OP(=O)([O-])OC[C@H]3O[C@@H](n4cnc5c(N)ncnc54)[C@H](OP(=O)([O-])[O-])[C@@H]3O)[C@@H](O)[C@H]2O)C=CC1.[H+],CCCCCCCC=O.NC(=O)c1ccc[n+](C2OC(COP(=O)([O-])OP(=O)([O-])OCC3OC(n4cnc5c(N)ncnc54)C(OP(=O)([O-])[O-])C3O)C(O)C2O)c1.O.[O-][I+2]([O-])O>>NC(=O)C1=CN(C2OC(COP(=O)([O-])OP(=O)([O-])OCC3OC(n4cnc5c(N)ncnc54)C(OP(=O)([O-])[O-])C3O)C(O)C2O)C=CC1.[H+],True,C20_GGPP_like,C20_polycyclic_highly_oxygenated
RHEA:60016,CC(C)=CCC/C(C)=C/CC/C(C)=C/COP(=O)([O-])OP(=O)([O-])[O-]>>C=C1CC[C@]2([C@@H](C)CCC=C(C)C)C[C@H]12.O=P([O-])([O-])OP(=O)([O-])O,CC(C)=CCCC(C)=CCCC(C)=CCOP(=O)([O-])OP(=O)([O-])[O-]>>C=C1CCC2(C(C)CCC=C(C)C)CC12.O=P([O-])([O-])OP(=O)([O-])O,True,C15_FPP_like,C15_bicyclic_hydrocarbon
RHEA:60020,CC(C)=CCC/C(C)=C/CC/C(C)=C/COP(=O)([O-])OP(=O)([O-])[O-]>>C=C1CC[C@]2([C@H](C)CCC=C(C)C)C[C@H]12.O=P([O-])([O-])OP(=O)([O-])O,CC(C)=CCCC(C)=CCCC(C)=CCOP(=O)([O-])OP(=O)([O-])[O-]>>C=C1CCC2(C(C)CCC=C(C)C)CC12.O=P([O-])([O-])OP(=O)([O-])O,True,C15_FPP_like,C15_bicyclic_hydrocarbon
RHEA:60024,CC(C)=C[C@@H]1[C@@H](COP(=O)([O-])OP(=O)([O-])[O-])C1(C)C.[H]O[H]>>Cc1nccc2c1nc1ccccc12.O=P([O-])([O-])OP(=O)([O-])O,CC(C)=C[C@@H]1[C@@H](COP(=O)([O-])OP(=O)([O-])[O-])C1(C)C.[H]O[H]>>Cc1nccc2c1nc1ccccc12.O=P([O-])([O-])OP(=O)([O-])O,True,C10_GPP_like,unknown
RHEA:60028,CC(C)=CCC/C(C)=C/COP(=O)([O-])OP(=O)([O-])[O-].[H]O[H]>>CC1=CCC(O)(C(C)C)CC1.O=P([O-])([O-])OP(=O)([O-])O,CC(C)=CCCC(C)=CCOP(=O)([O-])OP(=O)([O-])[O-].O>>CC1=CCC(O)(C(C)C)CC1.O=P([O-])([O-])OP(=O)([O-])O,True,C10_GPP_like,C10_mono_oxygenated
RHEA:60424,CC(C)=CCC/C(C)=C/CC/C(C)=C/COP(=O)([O-])OP(=O)([O-])[O-].[H]O[H]>>C[C@@H]1CCC=C2CC[C@@H](C(C)(C)O)C[C@]21C.O=P([O-])([O-])OP(=O)([O-])O,CC(C)=CCCC(C)=CCCC(C)=CCOP(=O)([O-])OP(=O)([O-])[O-].O>>CC1CCC=C2CCC(C(C)(C)O)CC21C.O=P([O-])([O-])OP(=O)([O-])O,True,C15_FPP_like,C15_bicyclic_oxygenated
RHEA:60680,[H][C@@]12CCC(C)=C[C@]1([H])[C@H](C(=C)C=O)CC[C@H]2C.NC(=O)c1ccc[n+]([C@@H]2O[C@H](COP(=O)([O-])OP(=O)([O-])OC[C@H]3O[C@@H](n4cnc5c(N)ncnc54)[C@H](OP(=O)([O-])[O-])[C@@H]3O)[C@@H](O)[C@H]2O)c1.[H]O[H].[H][C@@]12CCC(C)=C[C@]1([H])[C@H](C(=C)C(=O)[O-])CC[C@H]2C.NC(=O)C1=CN([C@@H]2O[C@H](COP(=O)([O-])OP(=O)([O-])OC[C@H]3O[C@@H](n4cnc5c(N)ncnc54)[C@H](OP(=O)([O-])[O-])[C@@H]3O)[C@@H](O)[C@H]2O)C=CC1>>[H+],C=C(C(=O)[O-])C1CCC(C)C2CCC(C)=CC12.C=C(C=O)C1CCC(C)C2CCC(C)=CC12.NC(=O)C1=CN(C2OC(COP(=O)([O-])OP(=O)([O-])OCC3OC(n4cnc5c(N)ncnc54)C(OP(=O)([O-])[O-])C3O)C(O)C2O)C=CC1.NC(=O)c1ccc[n+](C2OC(COP(=O)([O-])OP(=O)([O-])OCC3OC(n4cnc5c(N)ncnc54)C(OP(=O)([O-])[O-])C3O)C(O)C2O)c1.O>>[H+],True,C20_GGPP_like,unknown
RHEA:60684,[H][C@]12C=C(C)CC[C@@]1([H])[C@H](C)CC[C@@]2([H])[C@@H](C)C=O.NC(=O)c1ccc[n+]([C@@H]2O[C@H](COP(=O)([O-])OP(=O)([O-])OC[C@H]3O[C@@H](n4cnc5c(N)ncnc54)[C@H](OP(=O)([O-])[O-])[C@@H]3O)[C@@H](O)[C@H]2O)c1.[H]O[H].[H][C@]12C=C(C)CC[C@@]1([H])[C@H](C)CC[C@@]2([H])[C@@H](C)C(=O)[O-]>>NC(=O)C1=CN([C@@H]2O[C@H](COP(=O)([O-])OP(=O)([O-])OC[C@H]3O[C@@H](n4cnc5c(N)ncnc54)[C@H](OP(=O)([O-])[O-])[C@@H]3O)[C@@H](O)[C@H]2O)C=CC1.[H+],CC1=CC2C(C(C)C=O)CCC(C)C2CC1.CC1=CC2C(CC1)C(C)CCC2C(C)C(=O)[O-].NC(=O)c1ccc[n+](C2OC(COP(=O)([O-])OP(=O)([O-])OCC3OC(n4cnc5c(N)ncnc54)C(OP(=O)([O-])[O-])C3O)C(O)C2O)c1.O>>NC(=O)C1=CN(C2OC(COP(=O)([O-])OP(=O)([O-])OCC3OC(n4cnc5c(N)ncnc54)C(OP(=O)([O-])[O-])C3O)C(O)C2O)C=CC1.[H+],True,C20_GGPP_like,C20_polycyclic_highly_oxygenated
RHEA:60688,[H][C@]12C=C(C)CC[C@@]1([H])[C@H](C)CC[C@@]2([H])[C@@H](C)C=O.NC(=O)c1ccc[n+]([C@@H]2O[C@H](COP(=O)([O-])OP(=O)([O-])OC[C@H]3O[C@@H](n4cnc5c(N)ncnc54)[C@H](O)[C@@H]3O)[C@@H](O)[C@H]2O)c1.[H]O[H].[H][C@]12C=C(C)CC[C@@]1([H])[C@H](C)CC[C@@]2([H])[C@@H](C)C(=O)[O-]>>NC(=O)C1=CN([C@@H]2O[C@H](COP(=O)([O-])OP(=O)([O-])OC[C@H]3O[C@@H](n4cnc5c(N)ncnc54)[C@H](O)[C@@H]3O)[C@@H](O)[C@H]2O)C=CC1.[H+],CC1=CC2C(C(C)C=O)CCC(C)C2CC1.CC1=CC2C(CC1)C(C)CCC2C(C)C(=O)[O-].NC(=O)c1ccc[n+](C2OC(COP(=O)([O-])OP(=O)([O-])OCC3OC(n4cnc5c(N)ncnc54)C(O)C3O)C(O)C2O)c1.O>>NC(=O)C1=CN(C2OC(COP(=O)([O-])OP(=O)([O-])OCC3OC(n4cnc5c(N)ncnc54)C(O)C3O)C(O)C2O)C=CC1.[H+],True,C20_GGPP_like,C20_polycyclic_highly_oxygenated
RHEA:60692,[H]C(=O)/C=C/CCCCCC.NC(=O)c1ccc[n+]([C@@H]2O[C@H](COP(=O)([O-])OP(=O)([O-])OC[C@H]3O[C@@H](n4cnc5c(N)ncnc54)[C@H](OP(=O)([O-])[O-])[C@@H]3O)[C@@H](O)[C@H]2O)c1.[H]O[H].CCCCCC/C=C/C(=O)[O-]>>NC(=O)C1=CN([C@@H]2O[C@H](COP(=O)([O-])OP(=O)([O-])OC[C@H]3O[C@@H](n4cnc5c(N)ncnc54)[C@H](OP(=O)([O-])[O-])[C@@H]3O)[C@@H](O)[C@H]2O)C=CC1.[H+],CCCCCCC=CC(=O)[O-].CCCCCCC=CC=O.NC(=O)c1ccc[n+](C2OC(COP(=O)([O-])OP(=O)([O-])OCC3OC(n4cnc5c(N)ncnc54)C(OP(=O)([O-])[O-])C3O)C(O)C2O)c1.O>>NC(=O)C1=CN(C2OC(COP(=O)([O-])OP(=O)([O-])OCC3OC(n4cnc5c(N)ncnc54)C(OP(=O)([O-])[O-])C3O)C(O)C2O)C=CC1.[H+],True,C20_GGPP_like,C20_polycyclic_highly_oxygenated
RHEA:60696,C=C(C)[C@@H](CC=C(C)C)COP(=O)([O-])OP(=O)([O-])[O-].[H]O[H]>>C=C(C)[C@H](CO)CC=C(C)C.O=P([O-])([O-])OP(=O)([O-])O,C=C(C)C(CC=C(C)C)COP(=O)([O-])OP(=O)([O-])[O-].O>>C=C(C)C(CO)CC=C(C)C.O=P([O-])([O-])OP(=O)([O-])O,True,C10_GPP_like,C10_acyclic_oxygenated
RHEA:60744,C=C/C=CCC1=C(C)[C@@H](O)CC1=O.CC(C)=C[C@@H]1[C@@H](C(=O)SCCNC(=O)CCNC(=O)[C@H](O)C(C)(C)COP(=O)([O-])OP(=O)([O-])OC[C@H]2O[C@@H](n3cnc4c(N)ncnc43)[C@H](O)[C@@H]2OP(=O)([O-])[O-])C1(C)C>>C=C/C=CCC1=C(C)[C@@H](OC(=O)[C@@H]2[C@@H](C=C(C)C)C2(C)C)CC1=O.CC(C)(COP(=O)([O-])OP(=O)([O-])OC[C@H]1O[C@@H](n2cnc3c(N)ncnc32)[C@H](O)[C@@H]1OP(=O)([O-])[O-])[C@@H](O)C(=O)NCCC(=O)NCCS,C=CC=CCC1=C(C)C(O)CC1=O.CC(C)=CC1C(C(=O)SCCNC(=O)CCNC(=O)C(O)C(C)(C)COP(=O)([O-])OP(=O)([O-])OCC2OC(n3cnc4c(N)ncnc43)C(O)C2OP(=O)([O-])[O-])C1(C)C>>C=CC=CCC1=C(C)C(OC(=O)C2C(C=C(C)C)C2(C)C)CC1=O.CC(C)(COP(=O)([O-])OP(=O)([O-])OCC1OC(n2cnc3c(N)ncnc32)C(O)C1OP(=O)([O-])[O-])C(O)C(=O)NCCC(=O)NCCS,True,C31_long_prenyl_like,C20_polycyclic_highly_oxygenated
RHEA:60748,C=C/C=CCC1=C(C)[C@@H](O)CC1=O.COC(=O)/C(C)=C/[C@@H]1[C@@H](C(=O)SCCNC(=O)CCNC(=O)[C@H](O)C(C)(C)COP(=O)([O-])OP(=O)([O-])OC[C@H]2O[C@@H](n3cnc4c(N)ncnc43)[C@H](O)[C@@H]2OP(=O)([O-])[O-])C1(C)C>>C=C/C=CCC1=C(C)[C@@H](OC(=O)[C@@H]2[C@@H](/C=C(C)C(=O)OC)C2(C)C)CC1=O.CC(C)(COP(=O)([O-])OP(=O)([O-])OC[C@H]1O[C@@H](n2cnc3c(N)ncnc32)[C@H](O)[C@@H]1OP(=O)([O-])[O-])[C@@H](O)C(=O)NCCC(=O)NCCS,C=CC=CCC1=C(C)C(O)CC1=O.COC(=O)C(C)=CC1C(C(=O)SCCNC(=O)CCNC(=O)C(O)C(C)(C)COP(=O)([O-])OP(=O)([O-])OCC2OC(n3cnc4c(N)ncnc43)C(O)C2OP(=O)([O-])[O-])C1(C)C>>C=CC=CCC1=C(C)C(OC(=O)C2C(C=C(C)C(=O)OC)C2(C)C)CC1=O.CC(C)(COP(=O)([O-])OP(=O)([O-])OCC1OC(n2cnc3c(N)ncnc32)C(O)C1OP(=O)([O-])[O-])C(O)C(=O)NCCC(=O)NCCS,True,C32_long_prenyl_like,C20_bicyclic_highly_oxygenated
RHEA:60752,CC/C=CCC1=C(C)[C@@H](O)CC1=O.CC(C)=C[C@@H]1[C@@H](C(=O)SCCNC(=O)CCNC(=O)[C@H](O)C(C)(C)COP(=O)([O-])OP(=O)([O-])OC[C@H]2O[C@@H](n3cnc4c(N)ncnc43)[C@H](O)[C@@H]2OP(=O)([O-])[O-])C1(C)C>>CC/C=CCC1=C(C)[C@@H](OC(=O)[C@@H]2[C@@H](C=C(C)C)C2(C)C)CC1=O.CC(C)(COP(=O)([O-])OP(=O)([O-])OC[C@H]1O[C@@H](n2cnc3c(N)ncnc32)[C@H](O)[C@@H]1OP(=O)([O-])[O-])[C@@H](O)C(=O)NCCC(=O)NCCS,CC(C)=CC1C(C(=O)SCCNC(=O)CCNC(=O)C(O)C(C)(C)COP(=O)([O-])OP(=O)([O-])OCC2OC(n3cnc4c(N)ncnc43)C(O)C2OP(=O)([O-])[O-])C1(C)C.CCC=CCC1=C(C)C(O)CC1=O>>CC(C)(COP(=O)([O-])OP(=O)([O-])OCC1OC(n2cnc3c(N)ncnc32)C(O)C1OP(=O)([O-])[O-])C(O)C(=O)NCCC(=O)NCCS.CCC=CCC1=C(C)C(OC(=O)C2C(C=C(C)C)C2(C)C)CC1=O,True,C31_long_prenyl_like,C20_polycyclic_highly_oxygenated
RHEA:60756,C/C=CCC1=C(C)[C@@H](O)CC1=O.CC(C)=C[C@@H]1[C@@H](C(=O)SCCNC(=O)CCNC(=O)[C@H](O)C(C)(C)COP(=O)([O-])OP(=O)([O-])OC[C@H]2O[C@@H](n3cnc4c(N)ncnc43)[C@H](O)[C@@H]2OP(=O)([O-])[O-])C1(C)C>>N/C(CN(Cc1ccccc1)c1ccccc1)=NO.CC(C)(COP(=O)([O-])OP(=O)([O-])OC[C@H]1O[C@@H](n2cnc3c(N)ncnc32)[C@H](O)[C@@H]1OP(=O)([O-])[O-])[C@@H](O)C(=O)NCCC(=O)NCCS,CC(C)=CC1C(C(=O)SCCNC(=O)CCNC(=O)C(O)C(C)(C)COP(=O)([O-])OP(=O)([O-])OCC2OC(n3cnc4c(N)ncnc43)C(O)C2OP(=O)([O-])[O-])C1(C)C.CC=CCC1=C(C)C(O)CC1=O>>CC(C)(COP(=O)([O-])OP(=O)([O-])OCC1OC(n2cnc3c(N)ncnc32)C(O)C1OP(=O)([O-])[O-])C(O)C(=O)NCCC(=O)NCCS.NC(CN(Cc1ccccc1)c1ccccc1)=NO,True,C31_long_prenyl_like,C20_polycyclic_highly_oxygenated
RHEA:60760,CC/C=CCC1=C(C)[C@@H](O)CC1=O.COC(=O)/C(C)=C/[C@@H]1[C@@H](C(=O)SCCNC(=O)CCNC(=O)[C@H](O)C(C)(C)COP(=O)([O-])OP(=O)([O-])OC[C@H]2O[C@@H](n3cnc4c(N)ncnc43)[C@H](O)[C@@H]2OP(=O)([O-])[O-])C1(C)C>>CC/C=CCC1=C(C)[C@@H](OC(=O)[C@@H]2[C@@H](/C=C(C)C(=O)OC)C2(C)C)CC1=O.CC(C)(COP(=O)([O-])OP(=O)([O-])OC[C@H]1O[C@@H](n2cnc3c(N)ncnc32)[C@H](O)[C@@H]1OP(=O)([O-])[O-])[C@@H](O)C(=O)NCCC(=O)NCCS,CCC=CCC1=C(C)C(O)CC1=O.COC(=O)C(C)=CC1C(C(=O)SCCNC(=O)CCNC(=O)C(O)C(C)(C)COP(=O)([O-])OP(=O)([O-])OCC2OC(n3cnc4c(N)ncnc43)C(O)C2OP(=O)([O-])[O-])C1(C)C>>CC(C)(COP(=O)([O-])OP(=O)([O-])OCC1OC(n2cnc3c(N)ncnc32)C(O)C1OP(=O)([O-])[O-])C(O)C(=O)NCCC(=O)NCCS.CCC=CCC1=C(C)C(OC(=O)C2C(C=C(C)C(=O)OC)C2(C)C)CC1=O,True,C32_long_prenyl_like,C20_bicyclic_highly_oxygenated
RHEA:60764,C/C=CCC1=C(C)[C@@H](O)CC1=O.COC(=O)/C(C)=C/[C@@H]1[C@@H](C(=O)SCCNC(=O)CCNC(=O)[C@H](O)C(C)(C)COP(=O)([O-])OP(=O)([O-])OC[C@H]2O[C@@H](n3cnc4c(N)ncnc43)[C@H](O)[C@@H]2OP(=O)([O-])[O-])C1(C)C>>C=CCC(=NO)S[C@@H]1O[C@H](CO)[C@@H](O)[C@H](O)[C@H]1O.CC(C)(COP(=O)([O-])OP(=O)([O-])OC[C@H]1O[C@@H](n2cnc3c(N)ncnc32)[C@H](O)[C@@H]1OP(=O)([O-])[O-])[C@@H](O)C(=O)NCCC(=O)NCCS,CC=CCC1=C(C)C(O)CC1=O.COC(=O)C(C)=CC1C(C(=O)SCCNC(=O)CCNC(=O)C(O)C(C)(C)COP(=O)([O-])OP(=O)([O-])OCC2OC(n3cnc4c(N)ncnc43)C(O)C2OP(=O)([O-])[O-])C1(C)C>>C=CCC(=NO)SC1OC(CO)C(O)C(O)C1O.CC(C)(COP(=O)([O-])OP(=O)([O-])OCC1OC(n2cnc3c(N)ncnc32)C(O)C1OP(=O)([O-])[O-])C(O)C(=O)NCCC(=O)NCCS,True,C32_long_prenyl_like,C20_polycyclic_highly_oxygenated
RHEA:61096,O=C1C[C@@H](c2ccc(O)cc2)Oc2cc(O)cc(O)c21.Cc1cc2c(cc1C)N(C[C@H](O)[C@H](O)[C@H](O)COP(=O)([O-])[O-])c1nc(=O)nc(=O)c1N2.O=O>>O=C1C[C@@H](c2ccc(O)c(O)c2)Oc2cc(O)cc(O)c21.Cc1cc2nc3c(=O)[n-]c(=O)nc-3n(C[C@H](O)[C@H](O)[C@H](O)COP(=O)([O-])[O-])c2cc1C.[H]O[H].[H+],O=C1C[C@@H](c2ccc(O)cc2)Oc2cc(O)cc(O)c21.Cc1cc2c(cc1C)N(C[C@H](O)[C@H](O)[C@H](O)COP(=O)([O-])[O-])c1nc(=O)nc(=O)c1N2.O=O>>O=C1C[C@@H](c2ccc(O)c(O)c2)Oc2cc(O)cc(O)c21.Cc1cc2nc3c(=O)[n-]c(=O)nc-3n(C[C@H](O)[C@H](O)[C@H](O)COP(=O)([O-])[O-])c2cc1C.[H]O[H].[H+],True,C15_FPP_like,C15_polycyclic_highly_oxygenated
RHEA:61112,O=C1c2c(O)cc(O)cc2O[C@H](c2ccc(O)cc2)[C@H]1O.Cc1cc2c(cc1C)N(C[C@H](O)[C@H](O)[C@H](O)COP(=O)([O-])[O-])c1nc(=O)nc(=O)c1N2.O=O>>O=C1c2c(O)cc(O)cc2O[C@H](c2ccc(O)c(O)c2)[C@H]1O.Cc1cc2nc3c(=O)[n-]c(=O)nc-3n(C[C@H](O)[C@H](O)[C@H](O)COP(=O)([O-])[O-])c2cc1C.[H]O[H].[H+],O=C1c2c(O)cc(O)cc2O[C@H](c2ccc(O)cc2)[C@H]1O.Cc1cc2c(cc1C)N(C[C@H](O)[C@H](O)[C@H](O)COP(=O)([O-])[O-])c1nc(=O)nc(=O)c1N2.O=O>>O=C1c2c(O)cc(O)cc2O[C@H](c2ccc(O)c(O)c2)[C@H]1O.Cc1cc2nc3c(=O)[n-]c(=O)nc-3n(C[C@H](O)[C@H](O)[C@H](O)COP(=O)([O-])[O-])c2cc1C.[H]O[H].[H+],True,C15_FPP_like,C15_polycyclic_highly_oxygenated
RHEA:61124,O=c1c([O-])c(-c2ccc(O)cc2)oc2cc(O)cc(O)c12.Cc1cc2c(cc1C)N(C[C@H](O)[C@H](O)[C@H](O)COP(=O)([O-])[O-])c1nc(=O)nc(=O)c1N2.O=O>>Cc1nc2c(c(=O)n(C)c(=O)n2C)n1C.Cc1cc2nc3c(=O)[n-]c(=O)nc-3n(C[C@H](O)[C@H](O)[C@H](O)COP(=O)([O-])[O-])c2cc1C.[H]O[H].[H+],O=c1c([O-])c(-c2ccc(O)cc2)oc2cc(O)cc(O)c12.Cc1cc2c(cc1C)N(C[C@H](O)[C@H](O)[C@H](O)COP(=O)([O-])[O-])c1nc(=O)nc(=O)c1N2.O=O>>Cc1nc2c(c(=O)n(C)c(=O)n2C)n1C.Cc1cc2nc3c(=O)[n-]c(=O)nc-3n(C[C@H](O)[C@H](O)[C@H](O)COP(=O)([O-])[O-])c2cc1C.[H]O[H].[H+],True,C15_FPP_like,C15_polycyclic_highly_oxygenated
RHEA:62180,[H][C@@]12CC[C@@H](C)[C@](O)(CC/C(C)=C/COP(=O)([O-])OP(=O)([O-])[O-])[C@@]1(C)CCCC2(C)C.[H]O[H]>>[H][C@@]12CC[C@@H](C)[C@](O)(CCC(C)(O)C=C)[C@@]1(C)CCCC2(C)C.O=P([O-])([O-])OP(=O)([O-])O,CC(=CCOP(=O)([O-])OP(=O)([O-])[O-])CCC1(O)C(C)CCC2C(C)(C)CCCC21C.O>>C=CC(C)(O)CCC1(O)C(C)CCC2C(C)(C)CCCC21C.O=P([O-])([O-])OP(=O)([O-])O,True,C20_GGPP_like,C20_bicyclic_oxygenated
RHEA:62184,[H][C@@]12CC[C@@H](C)[C@](O)(CC/C(C)=C/COP(=O)([O-])OP(=O)([O-])[O-])[C@@]1(C)CCCC2(C)C>>[H][C@@]12CC[C@@H](C)[C@](O)(CCC(=C)C=C)[C@@]1(C)CCCC2(C)C.O=P([O-])([O-])OP(=O)([O-])O,CC(=CCOP(=O)([O-])OP(=O)([O-])[O-])CCC1(O)C(C)CCC2C(C)(C)CCCC21C>>C=CC(=C)CCC1(O)C(C)CCC2C(C)(C)CCCC21C.O=P([O-])([O-])OP(=O)([O-])O,True,C20_GGPP_like,C20_bicyclic_oxygenated
RHEA:62188,[H][C@@]12CCC(=C)[C@@H](CC/C(C)=C/COP(=O)([O-])OP(=O)([O-])[O-])[C@@]1(C)CCCC2(C)C>>[H][C@@]12CC=C3C[C@@](C)(C=C)CC[C@@]3([H])[C@@]1(C)CCCC2(C)C.O=P([O-])([O-])OP(=O)([O-])O,C=C1CCC2C(C)(C)CCCC2(C)C1CCC(C)=CCOP(=O)([O-])OP(=O)([O-])[O-]>>C=CC1(C)CCC2C(=CCC3C(C)(C)CCCC23C)C1.O=P([O-])([O-])OP(=O)([O-])O,True,C20_GGPP_like,C20_polycyclic_hydrocarbon
RHEA:62592,C/C(C=O)=CCC[C@H](C)/C=C/O.NC(=O)c1ccc[n+]([C@@H]2O[C@H](COP(=O)([O-])OP(=O)([O-])OC[C@H]3O[C@@H](n4cnc5c(N)ncnc54)[C@H](OP(=O)([O-])[O-])[C@@H]3O)[C@@H](O)[C@H]2O)c1.C/C(C=O)=CCC/C(C)=C/C=O>>NC(=O)C1=CN([C@@H]2O[C@H](COP(=O)([O-])OP(=O)([O-])OC[C@H]3O[C@@H](n4cnc5c(N)ncnc54)[C@H](OP(=O)([O-])[O-])[C@@H]3O)[C@@H](O)[C@H]2O)C=CC1.[H+],CC(C=O)=CCCC(C)=CC=O.CC(C=O)=CCCC(C)C=CO.NC(=O)c1ccc[n+](C2OC(COP(=O)([O-])OP(=O)([O-])OCC3OC(n4cnc5c(N)ncnc54)C(OP(=O)([O-])[O-])C3O)C(O)C2O)c1>>NC(=O)C1=CN(C2OC(COP(=O)([O-])OP(=O)([O-])OCC3OC(n4cnc5c(N)ncnc54)C(OP(=O)([O-])[O-])C3O)C(O)C2O)C=CC1.[H+],True,C20_GGPP_like,C20_polycyclic_highly_oxygenated
RHEA:62596,C/C(C=O)=CCC[C@H](C)/C=C/O.NC(=O)c1ccc[n+]([C@@H]2O[C@H](COP(=O)([O-])OP(=O)([O-])OC[C@H]3O[C@@H](n4cnc5c(N)ncnc54)[C@H](O)[C@@H]3O)[C@@H](O)[C@H]2O)c1.C/C(C=O)=CCC/C(C)=C/C=O>>NC(=O)C1=CN([C@@H]2O[C@H](COP(=O)([O-])OP(=O)([O-])OC[C@H]3O[C@@H](n4cnc5c(N)ncnc54)[C@H](O)[C@@H]3O)[C@@H](O)[C@H]2O)C=CC1.[H+],CC(C=O)=CCCC(C)=CC=O.CC(C=O)=CCCC(C)C=CO.NC(=O)c1ccc[n+](C2OC(COP(=O)([O-])OP(=O)([O-])OCC3OC(n4cnc5c(N)ncnc54)C(O)C3O)C(O)C2O)c1>>NC(=O)C1=CN(C2OC(COP(=O)([O-])OP(=O)([O-])OCC3OC(n4cnc5c(N)ncnc54)C(O)C3O)C(O)C2O)C=CC1.[H+],True,C20_GGPP_like,C20_polycyclic_highly_oxygenated
RHEA:62972,CC(C)(COP(=O)([O-])OP(=O)([O-])OC[C@H]1O[C@@H](n2cnc3c(N)ncnc32)[C@H](O)[C@@H]1OP(=O)([O-])[O-])[C@@H](O)C(=O)NCCC(=O)NCCSC(=O)CC(=O)[O-].CC(=O)SCCNC(=O)CCNC(=O)[C@H](O)C(C)(C)COP(=O)([O-])OP(=O)([O-])OC[C@H]1O[C@@H](n2cnc3c(N)ncnc32)[C@H](O)[C@@H]1OP(=O)([O-])[O-].[H+].Cc1cc(O)cc(O)c1C(=O)[O-]>>O=C=O.CC(C)(COP(=O)([O-])OP(=O)([O-])OC[C@H]1O[C@@H](n2cnc3c(N)ncnc32)[C@H](O)[C@@H]1OP(=O)([O-])[O-])[C@@H](O)C(=O)NCCC(=O)NCCS,CC(=O)SCCNC(=O)CCNC(=O)C(O)C(C)(C)COP(=O)([O-])OP(=O)([O-])OCC1OC(n2cnc3c(N)ncnc32)C(O)C1OP(=O)([O-])[O-].CC(C)(COP(=O)([O-])OP(=O)([O-])OCC1OC(n2cnc3c(N)ncnc32)C(O)C1OP(=O)([O-])[O-])C(O)C(=O)NCCC(=O)NCCSC(=O)CC(=O)[O-].Cc1cc(O)cc(O)c1C(=O)[O-].[H+]>>CC(C)(COP(=O)([O-])OP(=O)([O-])OCC1OC(n2cnc3c(N)ncnc32)C(O)C1OP(=O)([O-])[O-])C(O)C(=O)NCCC(=O)NCCS.O=C=O,True,C25_GFPP_like,C20_polycyclic_highly_oxygenated
RHEA:63012,Cc1cc(O)cc(O)c1C(=O)[O-].CC(C)=CCC/C(C)=C/CC/C(C)=C/COP(=O)([O-])OP(=O)([O-])[O-]>>CC(C)=CCC/C(C)=C/CC/C(C)=C/Cc1c(O)cc(C)c(C(=O)[O-])c1O.O=P([O-])([O-])OP(=O)([O-])O,CC(C)=CCCC(C)=CCCC(C)=CCOP(=O)([O-])OP(=O)([O-])[O-].Cc1cc(O)cc(O)c1C(=O)[O-]>>CC(C)=CCCC(C)=CCCC(C)=CCc1c(O)cc(C)c(C(=O)[O-])c1O.O=P([O-])([O-])OP(=O)([O-])O,True,C15_FPP_like,C25_mono_highly_oxygenated
RHEA:63068,CC(C)(COP(=O)([O-])OP(=O)([O-])OC[C@H]1O[C@@H](n2cnc3c(N)ncnc32)[C@H](O)[C@@H]1OP(=O)([O-])[O-])[C@@H](O)C(=O)NCCC(=O)NCCSC(=O)CC(=O)[O-].CC(=O)SCCNC(=O)CCNC(=O)[C@H](O)C(C)(C)COP(=O)([O-])OP(=O)([O-])OC[C@H]1O[C@@H](n2cnc3c(N)ncnc32)[C@H](O)[C@@H]1OP(=O)([O-])[O-].[H+].Cc1cc(O)cc(=O)o1>>O=C=O.CC(C)(COP(=O)([O-])OP(=O)([O-])OC[C@H]1O[C@@H](n2cnc3c(N)ncnc32)[C@H](O)[C@@H]1OP(=O)([O-])[O-])[C@@H](O)C(=O)NCCC(=O)NCCS,CC(=O)SCCNC(=O)CCNC(=O)C(O)C(C)(C)COP(=O)([O-])OP(=O)([O-])OCC1OC(n2cnc3c(N)ncnc32)C(O)C1OP(=O)([O-])[O-].CC(C)(COP(=O)([O-])OP(=O)([O-])OCC1OC(n2cnc3c(N)ncnc32)C(O)C1OP(=O)([O-])[O-])C(O)C(=O)NCCC(=O)NCCSC(=O)CC(=O)[O-].Cc1cc(O)cc(=O)o1.[H+]>>CC(C)(COP(=O)([O-])OP(=O)([O-])OCC1OC(n2cnc3c(N)ncnc32)C(O)C1OP(=O)([O-])[O-])C(O)C(=O)NCCC(=O)NCCS.O=C=O,True,C25_GFPP_like,C20_polycyclic_highly_oxygenated
RHEA:63080,CC(C)=CCC/C(C)=C/CC/C(C)=C/Cc1c(O)cc(C)c(C(=O)[O-])c1O.[H]*[H].Nc1ncnc2c1ncn2[C@@H]1O[C@H](COP(=O)([O-])OP(=O)([O-])OP(=O)([O-])[O-])[C@@H](O)[C@H]1O>>CC(C)=CCC/C(C)=C/CC/C(C)=C/Cc1c(O)cc(C)c(C=O)c1O.*.Nc1ncnc2c1ncn2[C@@H]1O[C@H](COP(=O)([O-])[O-])[C@@H](O)[C@H]1O.O=P([O-])([O-])OP(=O)([O-])O,CC(C)=CCCC(C)=CCCC(C)=CCc1c(O)cc(C)c(C(=O)[O-])c1O.Nc1ncnc2c1ncn2C1OC(COP(=O)([O-])OP(=O)([O-])OP(=O)([O-])[O-])C(O)C1O.[H]*[H]>>*.CC(C)=CCCC(C)=CCCC(C)=CCc1c(O)cc(C)c(C=O)c1O.Nc1ncnc2c1ncn2C1OC(COP(=O)([O-])[O-])C(O)C1O.O=P([O-])([O-])OP(=O)([O-])O,True,C10_GPP_like,C25_mono_highly_oxygenated
RHEA:63084,CC(C)=CCC/C(C)=C/CC/C(C)=C/Cc1c(O)cc(C)c(C=O)c1O.Cc1cc2c(cc1C)N(C[C@H](O)[C@H](O)[C@H](O)COP(=O)([O-])OP(=O)([O-])OC[C@H]1O[C@@H](n3cnc4c(N)ncnc43)[C@H](O)[C@@H]1O)c1nc(=O)nc(=O)c1N2.[Cl-].O=O>>CC(C)=CCC/C(C)=C/CC/C(C)=C/Cc1c([O-])c(Cl)c(C)c(C=O)c1O.CN(C)CCOC(c1ccccc1)c1ccccc1.Cc1ccccc1-n1c(C)nc2ccccc2c1=O.Cl.[H]O[H].[H+],CC(C)=CCC/C(C)=C/CC/C(C)=C/Cc1c(O)cc(C)c(C=O)c1O.Cc1cc2c(cc1C)N(C[C@H](O)[C@H](O)[C@H](O)COP(=O)([O-])OP(=O)([O-])OC[C@H]1O[C@@H](n3cnc4c(N)ncnc43)[C@H](O)[C@@H]1O)c1nc(=O)nc(=O)c1N2.[Cl-].O=O>>CC(C)=CCC/C(C)=C/CC/C(C)=C/Cc1c([O-])c(Cl)c(C)c(C=O)c1O.CN(C)CCOC(c1ccccc1)c1ccccc1.Cc1ccccc1-n1c(C)nc2ccccc2c1=O.Cl.[H]O[H].[H+],True,C25_GFPP_like,C25_mono_highly_oxygenated
RHEA:63092,CC(C)=CCC/C(C)=C/CC/C(C)=C/Cc1c([O-])c(Cl)c(C)c(C=O)c1O.NC(=O)C1=CN([C@@H]2O[C@H](COP(=O)([O-])OP(=O)([O-])OC[C@H]3O[C@@H](n4cnc5c(N)ncnc54)[C@H](OP(=O)([O-])[O-])[C@@H]3O)[C@@H](O)[C@H]2O)C=CC1.O=O.[H+].C/C(=CCc1c([O-])c(Cl)c(C)c(C=O)c1O)CC/C=C(C)CC[C@@H]1OC1(C)C>>NC(=O)c1ccc[n+]([C@@H]2O[C@H](COP(=O)([O-])OP(=O)([O-])OC[C@H]3O[C@@H](n4cnc5c(N)ncnc54)[C@H](OP(=O)([O-])[O-])[C@@H]3O)[C@@H](O)[C@H]2O)c1.[H]O[H],CC(=CCc1c([O-])c(Cl)c(C)c(C=O)c1O)CCC=C(C)CCC1OC1(C)C.CC(C)=CCCC(C)=CCCC(C)=CCc1c([O-])c(Cl)c(C)c(C=O)c1O.NC(=O)C1=CN(C2OC(COP(=O)([O-])OP(=O)([O-])OCC3OC(n4cnc5c(N)ncnc54)C(OP(=O)([O-])[O-])C3O)C(O)C2O)C=CC1.O=O.[H+]>>NC(=O)c1ccc[n+](C2OC(COP(=O)([O-])OP(=O)([O-])OCC3OC(n4cnc5c(N)ncnc54)C(OP(=O)([O-])[O-])C3O)C(O)C2O)c1.O,True,C20_GGPP_like,C20_polycyclic_highly_oxygenated
RHEA:63096,C/C(=CCc1c([O-])c(Cl)c(C)c(C=O)c1O)CC/C=C(C)CC[C@@H]1OC1(C)C>>C/C(=CCc1c([O-])c(Cl)c(C)c(C=O)c1O)CC[C@@]1(C)[C@H](C)CCC(=O)[C@@H]1C,CC(=CCc1c([O-])c(Cl)c(C)c(C=O)c1O)CCC=C(C)CCC1OC1(C)C>>CC(=CCc1c([O-])c(Cl)c(C)c(C=O)c1O)CCC1(C)C(C)CCC(=O)C1C,True,C25_GFPP_like,C25_bicyclic_highly_oxygenated
RHEA:63100,C/C(=CCc1c([O-])c(Cl)c(C)c(C=O)c1O)CC[C@@]1(C)[C@H](C)CCC(=O)[C@@H]1C.NC(=O)C1=CN([C@@H]2O[C@H](COP(=O)([O-])OP(=O)([O-])OC[C@H]3O[C@@H](n4cnc5c(N)ncnc54)[C@H](OP(=O)([O-])[O-])[C@@H]3O)[C@@H](O)[C@H]2O)C=CC1.O=O.[H+].[H]C(=O)c1c(C)c(Cl)c([O-])c(C/C=C(C)/C=C/[C@@]2(C)[C@H](C)CCC(=O)[C@@H]2C)c1O>>NC(=O)c1ccc[n+]([C@@H]2O[C@H](COP(=O)([O-])OP(=O)([O-])OC[C@H]3O[C@@H](n4cnc5c(N)ncnc54)[C@H](OP(=O)([O-])[O-])[C@@H]3O)[C@@H](O)[C@H]2O)c1.[H]O[H],CC(=CCc1c([O-])c(Cl)c(C)c(C=O)c1O)CCC1(C)C(C)CCC(=O)C1C.CC(C=CC1(C)C(C)CCC(=O)C1C)=CCc1c([O-])c(Cl)c(C)c(C=O)c1O.NC(=O)C1=CN(C2OC(COP(=O)([O-])OP(=O)([O-])OCC3OC(n4cnc5c(N)ncnc54)C(OP(=O)([O-])[O-])C3O)C(O)C2O)C=CC1.O=O.[H+]>>NC(=O)c1ccc[n+](C2OC(COP(=O)([O-])OP(=O)([O-])OCC3OC(n4cnc5c(N)ncnc54)C(OP(=O)([O-])[O-])C3O)C(O)C2O)c1.O,True,C20_GGPP_like,C20_polycyclic_highly_oxygenated
RHEA:63104,C/C(=CCc1c([O-])c(Cl)c(C)c(C=O)c1O)CC/C=C(C)CC[C@@H]1OC1(C)C.NC(=O)C1=CN([C@@H]2O[C@H](COP(=O)([O-])OP(=O)([O-])OC[C@H]3O[C@@H](n4cnc5c(N)ncnc54)[C@H](OP(=O)([O-])[O-])[C@@H]3O)[C@@H](O)[C@H]2O)C=CC1.O=O.[H+].C/C(=CCc1c([O-])c(Cl)c(C)c(C=O)c1O)CC/C=C(C)[C@@H](O)C[C@@H]1OC1(C)C>>NC(=O)c1ccc[n+]([C@@H]2O[C@H](COP(=O)([O-])OP(=O)([O-])OC[C@H]3O[C@@H](n4cnc5c(N)ncnc54)[C@H](OP(=O)([O-])[O-])[C@@H]3O)[C@@H](O)[C@H]2O)c1.[H]O[H],CC(=CCc1c([O-])c(Cl)c(C)c(C=O)c1O)CCC=C(C)C(O)CC1OC1(C)C.CC(=CCc1c([O-])c(Cl)c(C)c(C=O)c1O)CCC=C(C)CCC1OC1(C)C.NC(=O)C1=CN(C2OC(COP(=O)([O-])OP(=O)([O-])OCC3OC(n4cnc5c(N)ncnc54)C(OP(=O)([O-])[O-])C3O)C(O)C2O)C=CC1.O=O.[H+]>>NC(=O)c1ccc[n+](C2OC(COP(=O)([O-])OP(=O)([O-])OCC3OC(n4cnc5c(N)ncnc54)C(OP(=O)([O-])[O-])C3O)C(O)C2O)c1.O,True,C20_GGPP_like,C20_polycyclic_highly_oxygenated
RHEA:63108,C/C(=CCc1c([O-])c(Cl)c(C)c(C=O)c1O)CC/C=C(C)[C@@H](O)C[C@@H]1OC1(C)C>>[H][C@@]1(/C(C)=C/CC/C(C)=C/Cc2c([O-])c(Cl)c(C)c(C=O)c2O)C[C@H](O)C(C)(C)O1,CC(=CCc1c([O-])c(Cl)c(C)c(C=O)c1O)CCC=C(C)C(O)CC1OC1(C)C>>CC(=CCc1c([O-])c(Cl)c(C)c(C=O)c1O)CCC=C(C)C1CC(O)C(C)(C)O1,True,C25_GFPP_like,C25_bicyclic_highly_oxygenated
RHEA:63112,[H][C@@]1(/C(C)=C/CC/C(C)=C/Cc2c([O-])c(Cl)c(C)c(C=O)c2O)C[C@H](O)C(C)(C)O1.*>>[H]C(=O)c1c(C)c(Cl)c([O-])c(C/C=C(C)CC/C=C(C)[C@]2([H])CC(=O)C(C)(C)O2)c1O.[H]*[H],*.CC(=CCc1c([O-])c(Cl)c(C)c(C=O)c1O)CCC=C(C)C1CC(O)C(C)(C)O1>>CC(=CCc1c([O-])c(Cl)c(C)c(C=O)c1O)CCC=C(C)C1CC(=O)C(C)(C)O1.[H]*[H],True,C25_GFPP_like,C25_bicyclic_highly_oxygenated
RHEA:64332,O=C([O-])c1cccnc1.Nc1ncnc2c1ncn2[C@@H]1O[C@H](COP(=O)([O-])OP(=O)([O-])OP(=O)([O-])[O-])[C@@H](O)[C@H]1O.CC(C)(COP(=O)([O-])OP(=O)([O-])OC[C@H]1O[C@@H](n2cnc3c(N)ncnc32)[C@H](O)[C@@H]1OP(=O)([O-])[O-])[C@@H](O)C(=O)NCCC(=O)NCCS>>CC(C)(COP(=O)([O-])OP(=O)([O-])OC[C@H]1O[C@@H](n2cnc3c(N)ncnc32)[C@H](O)[C@@H]1OP(=O)([O-])[O-])[C@@H](O)C(=O)NCCC(=O)NCCSC(=O)c1cccnc1.Nc1ncnc2c1ncn2[C@@H]1O[C@H](COP(=O)([O-])[O-])[C@@H](O)[C@H]1O.O=P([O-])([O-])OP(=O)([O-])O,CC(C)(COP(=O)([O-])OP(=O)([O-])OCC1OC(n2cnc3c(N)ncnc32)C(O)C1OP(=O)([O-])[O-])C(O)C(=O)NCCC(=O)NCCS.Nc1ncnc2c1ncn2C1OC(COP(=O)([O-])OP(=O)([O-])OP(=O)([O-])[O-])C(O)C1O.O=C([O-])c1cccnc1>>CC(C)(COP(=O)([O-])OP(=O)([O-])OCC1OC(n2cnc3c(N)ncnc32)C(O)C1OP(=O)([O-])[O-])C(O)C(=O)NCCC(=O)NCCSC(=O)c1cccnc1.Nc1ncnc2c1ncn2C1OC(COP(=O)([O-])[O-])C(O)C1O.O=P([O-])([O-])OP(=O)([O-])O,True,C20_GGPP_like,C25_polycyclic_highly_oxygenated
RHEA:64336,CC(C)(COP(=O)([O-])OP(=O)([O-])OC[C@H]1O[C@@H](n2cnc3c(N)ncnc32)[C@H](O)[C@@H]1OP(=O)([O-])[O-])[C@@H](O)C(=O)NCCC(=O)NCCSC(=O)c1cccnc1.CC(C)(COP(=O)([O-])OP(=O)([O-])OC[C@H]1O[C@@H](n2cnc3c(N)ncnc32)[C@H](O)[C@@H]1OP(=O)([O-])[O-])[C@@H](O)C(=O)NCCC(=O)NCCSC(=O)CC(=O)[O-].[H+].O=c1cc([O-])cc(-c2cccnc2)o1>>O=C=O.CC(C)(COP(=O)([O-])OP(=O)([O-])OC[C@H]1O[C@@H](n2cnc3c(N)ncnc32)[C@H](O)[C@@H]1OP(=O)([O-])[O-])[C@@H](O)C(=O)NCCC(=O)NCCS,CC(C)(COP(=O)([O-])OP(=O)([O-])OCC1OC(n2cnc3c(N)ncnc32)C(O)C1OP(=O)([O-])[O-])C(O)C(=O)NCCC(=O)NCCSC(=O)CC(=O)[O-].CC(C)(COP(=O)([O-])OP(=O)([O-])OCC1OC(n2cnc3c(N)ncnc32)C(O)C1OP(=O)([O-])[O-])C(O)C(=O)NCCC(=O)NCCSC(=O)c1cccnc1.O=c1cc([O-])cc(-c2cccnc2)o1.[H+]>>CC(C)(COP(=O)([O-])OP(=O)([O-])OCC1OC(n2cnc3c(N)ncnc32)C(O)C1OP(=O)([O-])[O-])C(O)C(=O)NCCC(=O)NCCS.O=C=O,True,C25_GFPP_like,C20_polycyclic_highly_oxygenated
RHEA:64340,O=c1cc([O-])cc(-c2cccnc2)o1.CC(C)=CCC/C(C)=C/CC/C(C)=C/COP(=O)([O-])OP(=O)([O-])[O-]>>CC(C)=CCC/C(C)=C/CC/C(C)=C/Cc1c([O-])cc(-c2cccnc2)oc1=O.O=P([O-])([O-])OP(=O)([O-])O,CC(C)=CCCC(C)=CCCC(C)=CCOP(=O)([O-])OP(=O)([O-])[O-].O=c1cc([O-])cc(-c2cccnc2)o1>>CC(C)=CCCC(C)=CCCC(C)=CCc1c([O-])cc(-c2cccnc2)oc1=O.O=P([O-])([O-])OP(=O)([O-])O,True,C15_FPP_like,C25_bicyclic_highly_oxygenated
RHEA:64344,CC(C)=CCC/C(C)=C/CC/C(C)=C/Cc1c([O-])cc(-c2cccnc2)oc1=O.NC(=O)C1=CN([C@@H]2O[C@H](COP(=O)([O-])OP(=O)([O-])OC[C@H]3O[C@@H](n4cnc5c(N)ncnc54)[C@H](OP(=O)([O-])[O-])[C@@H]3O)[C@@H](O)[C@H]2O)C=CC1.O=O.[H+].C/C(=CCc1c([O-])cc(-c2cccnc2)oc1=O)CC/C=C(C)CC[C@@H]1OC1(C)C>>NC(=O)c1ccc[n+]([C@@H]2O[C@H](COP(=O)([O-])OP(=O)([O-])OC[C@H]3O[C@@H](n4cnc5c(N)ncnc54)[C@H](OP(=O)([O-])[O-])[C@@H]3O)[C@@H](O)[C@H]2O)c1.[H]O[H],CC(=CCc1c([O-])cc(-c2cccnc2)oc1=O)CCC=C(C)CCC1OC1(C)C.CC(C)=CCCC(C)=CCCC(C)=CCc1c([O-])cc(-c2cccnc2)oc1=O.NC(=O)C1=CN(C2OC(COP(=O)([O-])OP(=O)([O-])OCC3OC(n4cnc5c(N)ncnc54)C(OP(=O)([O-])[O-])C3O)C(O)C2O)C=CC1.O=O.[H+]>>NC(=O)c1ccc[n+](C2OC(COP(=O)([O-])OP(=O)([O-])OCC3OC(n4cnc5c(N)ncnc54)C(OP(=O)([O-])[O-])C3O)C(O)C2O)c1.O,True,C20_GGPP_like,C20_polycyclic_highly_oxygenated
RHEA:64348,,,False,unknown,unknown
RHEA:64572,CC(C)=CCC/C(C)=CCOP(=O)([O-])OP(=O)([O-])[O-].C=C(C)CCOP(=O)([O-])OP(=O)([O-])[O-]>>CC(C)=CCC/C(C)=CCC/C(C)=CCOP(=O)([O-])OP(=O)([O-])[O-].O=P([O-])([O-])OP(=O)([O-])O,C=C(C)CCOP(=O)([O-])OP(=O)([O-])[O-].CC(C)=CCCC(C)=CCOP(=O)([O-])OP(=O)([O-])[O-]>>CC(C)=CCCC(C)=CCCC(C)=CCOP(=O)([O-])OP(=O)([O-])[O-].O=P([O-])([O-])OP(=O)([O-])O,True,C10_GPP_like,C15_acyclic_highly_oxygenated
RHEA:64580,CC(C)=CCC/C(C)=CCC/C(C)=CCOP(=O)([O-])OP(=O)([O-])[O-].C=C(C)CCOP(=O)([O-])OP(=O)([O-])[O-]>>CC(C)=CCC/C(C)=CCC/C(C)=CCC/C(C)=CCOP(=O)([O-])OP(=O)([O-])[O-].O=P([O-])([O-])OP(=O)([O-])O,C=C(C)CCOP(=O)([O-])OP(=O)([O-])[O-].CC(C)=CCCC(C)=CCCC(C)=CCOP(=O)([O-])OP(=O)([O-])[O-]>>CC(C)=CCCC(C)=CCCC(C)=CCCC(C)=CCOP(=O)([O-])OP(=O)([O-])[O-].O=P([O-])([O-])OP(=O)([O-])O,True,C15_FPP_like,C20_acyclic_highly_oxygenated
RHEA:64856,CC(C)=CCC/C(C)=C/CC/C(C)=C/CC/C(C)=C/COP(=O)([O-])OP(=O)([O-])[O-]>>[H][C@]12Cc3ccc(OC)c(OC)c3-c3c(O)c(OC)cc(c31)CCN2.O=P([O-])([O-])OP(=O)([O-])O,CC(C)=CCCC(C)=CCCC(C)=CCCC(C)=CCOP(=O)([O-])OP(=O)([O-])[O-]>>COc1cc2c3c(c1O)-c1c(ccc(OC)c1OC)CC3NCC2.O=P([O-])([O-])OP(=O)([O-])O,True,C20_GGPP_like,C20_polycyclic_highly_oxygenated
RHEA:65072,CC(C)=CCC/C(C)=C/CC/C(C)=C/COP(=O)([O-])OP(=O)([O-])[O-]>>[H][C@]12CC=C(C)CC[C@]1(C)CCC2=C(C)C.O=P([O-])([O-])OP(=O)([O-])O,CC(C)=CCCC(C)=CCCC(C)=CCOP(=O)([O-])OP(=O)([O-])[O-]>>CC1=CCC2C(=C(C)C)CCC2(C)CC1.O=P([O-])([O-])OP(=O)([O-])O,True,C15_FPP_like,C15_bicyclic_hydrocarbon
RHEA:65112,[H][C@]12CC=C(C)C[C@H](O)[C@]1(C)C(=O)C=C2CC.O=C([O-])CCC(=O)C(=O)[O-].O=O>>CCC1=CC(=O)[C@]2(C)C1=CC=C(C)C[C@@H]2O.O=C([O-])CCC(=O)[O-].O=C=O.[H]O[H],CCC1=CC(=O)C2(C)C(O)CC(C)=CCC12.O=C([O-])CCC(=O)C(=O)[O-].O=O>>CCC1=CC(=O)C2(C)C1=CC=C(C)CC2O.O.O=C([O-])CCC(=O)[O-].O=C=O,True,C15_FPP_like,C15_bicyclic_oxygenated
RHEA:65116,[H][C@]12CC=C(C)C[C@H](OC(=O)[C@@H]3CCC[NH2+]3)[C@]1(C)C(=O)C=C2CC.O=C([O-])CCC(=O)C(=O)[O-].O=O>>CCC1=CC(=O)[C@]2(C)C1=CC=C(C)C[C@@H]2OC(=O)[C@@H]1CCC[NH2+]1.O=C([O-])CCC(=O)[O-].O=C=O.[H]O[H],CCC1=CC(=O)C2(C)C(OC(=O)C3CCC[NH2+]3)CC(C)=CCC12.O=C([O-])CCC(=O)C(=O)[O-].O=O>>CCC1=CC(=O)C2(C)C1=CC=C(C)CC2OC(=O)C1CCC[NH2+]1.O.O=C([O-])CCC(=O)[O-].O=C=O,True,C20_GGPP_like,C20_polycyclic_highly_oxygenated
RHEA:65132,[H][C@@]12C[C@]3(C)C(=C)[C@@](C(=O)OC)(C(=O)[C@@](C)(O)C3=O)[C@@]1(C)CC[C@]1([H])C(C)(C)OC(=O)CC[C@@]21C.O=C([O-])CCC(=O)C(=O)[O-].O=O>>C[C@@H](N)Cc1ccccc1.O=C([O-])CCC(=O)[O-].O=C=O.[H]O[H],C=C1C2(C)CC3C4(C)CCC(=O)OC(C)(C)C4CCC3(C)C1(C(=O)OC)C(=O)C(C)(O)C2=O.O=C([O-])CCC(=O)C(=O)[O-].O=O>>CC(N)Cc1ccccc1.O.O=C([O-])CCC(=O)[O-].O=C=O,True,C25_GFPP_like,C10_mono_hydrocarbon
RHEA:65140,[H][C@@]12C[C@]3(C)C(=C)[C@@](C(=O)OC)(C(=O)[C@H](C)C3=O)[C@@]1(C)CC[C@]1([H])C(C)(C)[C@H](O)CC[C@@]21C.[H]*[H].O=O>>[H][C@@]12C[C@]3(C)C(=C)[C@@](C(=O)OC)(C(=O)[C@@](C)(O)C3=O)[C@@]1(C)CC[C@]1([H])C(C)(C)[C@H](O)CC[C@@]21C.*.[H]O[H],C=C1C2(C)CC3C4(C)CCC(O)C(C)(C)C4CCC3(C)C1(C(=O)OC)C(=O)C(C)C2=O.O=O.[H]*[H]>>*.C=C1C2(C)CC3C4(C)CCC(O)C(C)(C)C4CCC3(C)C1(C(=O)OC)C(=O)C(C)(O)C2=O.O,True,C25_GFPP_like,C25_polycyclic_highly_oxygenated
RHEA:65144,[H][C@@]12C[C@]3(C)C(=C)[C@@](C(=O)OC)(C(=O)[C@@](C)(O)C3=O)[C@@]1(C)CC[C@]1([H])C(C)(C)[C@H](O)CC[C@@]21C.O=C([O-])CCC(=O)C(=O)[O-].O=O>>[H][C@@]12C[C@]3(C)C(=C)[C@@](C(=O)OC)(C(=O)[C@@](C)(O)C3=O)[C@@]1(C)CC[C@]1([H])C(C)(C)C(=O)CC[C@@]21C.O=C([O-])CCC(=O)[O-].O=C=O.[H]O[H],C=C1C2(C)CC3C4(C)CCC(O)C(C)(C)C4CCC3(C)C1(C(=O)OC)C(=O)C(C)(O)C2=O.O=C([O-])CCC(=O)C(=O)[O-].O=O>>C=C1C2(C)CC3C4(C)CCC(=O)C(C)(C)C4CCC3(C)C1(C(=O)OC)C(=O)C(C)(O)C2=O.O.O=C([O-])CCC(=O)[O-].O=C=O,True,C25_GFPP_like,C25_polycyclic_highly_oxygenated
RHEA:65156,C[C@@H](N)Cc1ccccc1.O=C([O-])CCC(=O)C(=O)[O-].O=O>>C=C1[C@@]2(C)CC3=C(C)[C@]4(C=CC(=O)OC4(C)C)CC[C@]3(C)[C@]1(C(=O)OC)C(=O)[C@@](C)(O)C2=O.O=C([O-])CCC(=O)[O-].O=C=O.[H]O[H],CC(N)Cc1ccccc1.O=C([O-])CCC(=O)C(=O)[O-].O=O>>C=C1C2(C)CC3=C(C)C4(C=CC(=O)OC4(C)C)CCC3(C)C1(C(=O)OC)C(=O)C(C)(O)C2=O.O.O=C([O-])CCC(=O)[O-].O=C=O,True,C10_GPP_like,C25_polycyclic_highly_oxygenated
RHEA:65168,[H][C@@]12C[C@]3(C)C(=C)[C@@](C(=O)OC)(C(=O)[C@@](C)(O)C3=O)[C@@]1(C)CC[C@]1([H])C(C)(C)C(=O)CC[C@@]21C.[H]*[H].O=O>>[H][C@@]12C[C@]3(C)C(=C)[C@@](C(=O)OC)(C(=O)[C@@](C)(O)C3=O)[C@@]1(C)CC[C@]1([H])C(C)(C)OC(=O)CC[C@@]21C.*.[H]O[H],C=C1C2(C)CC3C4(C)CCC(=O)C(C)(C)C4CCC3(C)C1(C(=O)OC)C(=O)C(C)(O)C2=O.O=O.[H]*[H]>>*.C=C1C2(C)CC3C4(C)CCC(=O)OC(C)(C)C4CCC3(C)C1(C(=O)OC)C(=O)C(C)(O)C2=O.O,True,C25_GFPP_like,C25_polycyclic_highly_oxygenated
RHEA:65176,[H][C@@]12C[C@]3(C)C(=C)[C@@](C(=O)OC)(C(=O)[C@H](C)C3=O)[C@@]1(C)CC[C@]1([H])C(C)(C)[C@H](O)CC[C@@]21C.*>>[H][C@@]12C[C@]3(C)C(=C)[C@@](C(=O)OC)(C(=O)[C@H](C)C3=O)[C@@]1(C)CC[C@]1([H])C(C)(C)C(=O)CC[C@@]21C.[H]*[H],*.C=C1C2(C)CC3C4(C)CCC(O)C(C)(C)C4CCC3(C)C1(C(=O)OC)C(=O)C(C)C2=O>>C=C1C2(C)CC3C4(C)CCC(=O)C(C)(C)C4CCC3(C)C1(C(=O)OC)C(=O)C(C)C2=O.[H]*[H],True,C25_GFPP_like,C25_polycyclic_highly_oxygenated
RHEA:65180,[H][C@@]12C[C@]3(C)C(=C)[C@@](C(=O)OC)(C(=O)[C@H](C)C3=O)[C@@]1(C)CC[C@]1([H])C(C)(C)C(=O)CC[C@@]21C.[H]*[H].O=O>>[H][C@@]12C[C@]3(C)C(=C)[C@@](C(=O)OC)(C(=O)[C@@](C)(O)C3=O)[C@@]1(C)CC[C@]1([H])C(C)(C)C(=O)CC[C@@]21C.*.[H]O[H],C=C1C2(C)CC3C4(C)CCC(=O)C(C)(C)C4CCC3(C)C1(C(=O)OC)C(=O)C(C)C2=O.O=O.[H]*[H]>>*.C=C1C2(C)CC3C4(C)CCC(=O)C(C)(C)C4CCC3(C)C1(C(=O)OC)C(=O)C(C)(O)C2=O.O,True,C25_GFPP_like,C25_polycyclic_highly_oxygenated
RHEA:65184,[H][C@@]12C[C@]3(C)C(=C)[C@@](C(=O)OC)(C(=O)[C@@](C)(O)C3=O)[C@@]1(C)CC[C@]1([H])C(C)(C)OC(=O)CC[C@@]21C.O=C([O-])CCC(=O)C(=O)[O-].O=O>>[H][C@@]12C[C@]3(C)C(=C)[C@@](C(=O)OC)(C(=O)[C@@](C)(O)C3=O)[C@@]1(C)CC=C1C(C)(C)OC(=O)CC[C@]12C.O=C([O-])CCC(=O)[O-].O=C=O.[H]O[H],C=C1C2(C)CC3C4(C)CCC(=O)OC(C)(C)C4CCC3(C)C1(C(=O)OC)C(=O)C(C)(O)C2=O.O=C([O-])CCC(=O)C(=O)[O-].O=O>>C=C1C2(C)CC3C4(C)CCC(=O)OC(C)(C)C4=CCC3(C)C1(C(=O)OC)C(=O)C(C)(O)C2=O.O.O=C([O-])CCC(=O)[O-].O=C=O,True,C25_GFPP_like,C25_polycyclic_highly_oxygenated
RHEA:65188,[H][C@@]12C[C@]3(C)C(=C)[C@@](C(=O)OC)(C(=O)[C@@](C)(O)C3=O)[C@@]1(C)CC=C1C(C)(C)OC(=O)CC[C@]12C.O=C([O-])CCC(=O)C(=O)[O-].O=O>>[H][C@@]12C[C@]3(C)C(=C)[C@@](C(=O)OC)(C(=O)[C@@](C)(O)C3=O)[C@@]1(C)CC=C1C(=C2C)CC(=O)OC1(C)C.O=C([O-])CCC(=O)[O-].O=C=O.[H]O[H],C=C1C2(C)CC3C4(C)CCC(=O)OC(C)(C)C4=CCC3(C)C1(C(=O)OC)C(=O)C(C)(O)C2=O.O=C([O-])CCC(=O)C(=O)[O-].O=O>>C=C1C2(C)CC3C(C)=C4CC(=O)OC(C)(C)C4=CCC3(C)C1(C(=O)OC)C(=O)C(C)(O)C2=O.O.O=C([O-])CCC(=O)[O-].O=C=O,True,C25_GFPP_like,C25_polycyclic_highly_oxygenated
RHEA:65192,[H][C@@]12C[C@]3(C)C(=C)[C@@](C(=O)OC)(C(=O)[C@@](C)(O)C3=O)[C@@]1(C)CC[C@]1([H])C(C)(C)C(=O)CC[C@@]21C.O=C([O-])CCC(=O)C(=O)[O-].O=O>>[H][C@@]12C[C@]3(C)C(=C)[C@@](C(=O)OC)(C(=O)[C@@](C)(O)C3=O)[C@@]1(C)CC=C1C(C)(C)C(=O)C[C@@H](O)[C@]12C.O=C([O-])CCC(=O)[O-].O=C=O.[H]O[H],C=C1C2(C)CC3C4(C)CCC(=O)C(C)(C)C4CCC3(C)C1(C(=O)OC)C(=O)C(C)(O)C2=O.O=C([O-])CCC(=O)C(=O)[O-].O=O>>C=C1C2(C)CC3C4(C)C(=CCC3(C)C1(C(=O)OC)C(=O)C(C)(O)C2=O)C(C)(C)C(=O)CC4O.O.O=C([O-])CCC(=O)[O-].O=C=O,True,C25_GFPP_like,C25_polycyclic_highly_oxygenated
RHEA:65248,CC(C)(COP(=O)([O-])OP(=O)([O-])OC[C@H]1O[C@@H](n2cnc3c(N)ncnc32)[C@H](O)[C@@H]1OP(=O)([O-])[O-])[C@@H](O)C(=O)NCCC(=O)NCCSC(=O)CC(=O)[O-].[H]*[H].[H+].[H][C@@]1(C)Cc2cc(O)cc(O)c2C(=O)O1>>*.O=C=O.CC(C)(COP(=O)([O-])OP(=O)([O-])OC[C@H]1O[C@@H](n2cnc3c(N)ncnc32)[C@H](O)[C@@H]1OP(=O)([O-])[O-])[C@@H](O)C(=O)NCCC(=O)NCCS.[H]O[H],CC(C)(COP(=O)([O-])OP(=O)([O-])OCC1OC(n2cnc3c(N)ncnc32)C(O)C1OP(=O)([O-])[O-])C(O)C(=O)NCCC(=O)NCCSC(=O)CC(=O)[O-].CC1Cc2cc(O)cc(O)c2C(=O)O1.[H+].[H]*[H]>>*.CC(C)(COP(=O)([O-])OP(=O)([O-])OCC1OC(n2cnc3c(N)ncnc32)C(O)C1OP(=O)([O-])[O-])C(O)C(=O)NCCC(=O)NCCS.O.O=C=O,True,C25_GFPP_like,C20_polycyclic_highly_oxygenated
RHEA:65252,[H][C@@]1(C)Cc2cc(O)cc(O)c2C(=O)O1.CC(C)=CCC/C(C)=C/CC/C(C)=C/COP(=O)([O-])OP(=O)([O-])[O-]>>CC(C)=CCC/C(C)=C/CC/C(C)=C/Cc1c(O)cc(O)c2c1C[C@@H](C)OC2=O.O=P([O-])([O-])OP(=O)([O-])O,CC(C)=CCCC(C)=CCCC(C)=CCOP(=O)([O-])OP(=O)([O-])[O-].CC1Cc2cc(O)cc(O)c2C(=O)O1>>CC(C)=CCCC(C)=CCCC(C)=CCc1c(O)cc(O)c2c1CC(C)OC2=O.O=P([O-])([O-])OP(=O)([O-])O,True,C15_FPP_like,C25_bicyclic_highly_oxygenated
RHEA:65256,CC(C)=CCC/C(C)=C/CC/C(C)=C/Cc1c(O)cc(O)c2c1C[C@@H](C)OC2=O.[H]*[H].O=O>>C/C(=CCc1c(O)cc(O)c2c1C[C@@H](C)OC2=O)CC/C=C(C)CC[C@@H]1OC1(C)C.*.[H]O[H],CC(C)=CCCC(C)=CCCC(C)=CCc1c(O)cc(O)c2c1CC(C)OC2=O.O=O.[H]*[H]>>*.CC(=CCc1c(O)cc(O)c2c1CC(C)OC2=O)CCC=C(C)CCC1OC1(C)C.O,True,C25_GFPP_like,C25_polycyclic_highly_oxygenated
RHEA:65260,C/C(=CCc1c(O)cc(O)c2c1C[C@@H](C)OC2=O)CC/C=C(C)CC[C@@H]1OC1(C)C>>[H][C@@]12Cc3c(cc(O)c4c3C[C@@H](C)OC4=O)O[C@@]1(C)CC[C@@]1([H])C(C)(C)[C@@H](O)CC[C@]21C,CC(=CCc1c(O)cc(O)c2c1CC(C)OC2=O)CCC=C(C)CCC1OC1(C)C>>CC1Cc2c3c(cc(O)c2C(=O)O1)OC1(C)CCC2C(C)(C)C(O)CCC2(C)C1C3,True,C25_GFPP_like,C25_polycyclic_highly_oxygenated
RHEA:65264,[H][C@@]12Cc3c(cc(O)c4c3C[C@@H](C)OC4=O)O[C@@]1(C)CC[C@@]1([H])C(C)(C)[C@@H](O)CC[C@]21C.*>>[H][C@@]12Cc3c(cc(O)c4c3C[C@@H](C)OC4=O)O[C@@]1(C)CC[C@@]1([H])C(C)(C)C(=O)CC[C@]21C.[H]*[H],*.CC1Cc2c3c(cc(O)c2C(=O)O1)OC1(C)CCC2C(C)(C)C(O)CCC2(C)C1C3>>CC1Cc2c3c(cc(O)c2C(=O)O1)OC1(C)CCC2C(C)(C)C(=O)CCC2(C)C1C3.[H]*[H],True,C25_GFPP_like,C25_polycyclic_highly_oxygenated
RHEA:65268,[H][C@@]12Cc3c(cc(O)c4c3C[C@@H](C)OC4=O)O[C@@]1(C)CC[C@@]1([H])C(C)(C)[C@@H](O)CC[C@]21C.NC(=O)C1=CN([C@@H]2O[C@H](COP(=O)([O-])OP(=O)([O-])OC[C@H]3O[C@@H](n4cnc5c(N)ncnc54)[C@H](OP(=O)([O-])[O-])[C@@H]3O)[C@@H](O)[C@H]2O)C=CC1.O=O.[H+].[H][C@@]12Cc3c(cc(O)c4c3C[C@@H](C)OC4=O)O[C@@]1(C)[C@@H](O)C[C@@]1([H])C(C)(C)[C@@H](O)CC[C@]21C>>NC(=O)c1ccc[n+]([C@@H]2O[C@H](COP(=O)([O-])OP(=O)([O-])OC[C@H]3O[C@@H](n4cnc5c(N)ncnc54)[C@H](OP(=O)([O-])[O-])[C@@H]3O)[C@@H](O)[C@H]2O)c1.[H]O[H],CC1Cc2c3c(cc(O)c2C(=O)O1)OC1(C)C(O)CC2C(C)(C)C(O)CCC2(C)C1C3.CC1Cc2c3c(cc(O)c2C(=O)O1)OC1(C)CCC2C(C)(C)C(O)CCC2(C)C1C3.NC(=O)C1=CN(C2OC(COP(=O)([O-])OP(=O)([O-])OCC3OC(n4cnc5c(N)ncnc54)C(OP(=O)([O-])[O-])C3O)C(O)C2O)C=CC1.O=O.[H+]>>NC(=O)c1ccc[n+](C2OC(COP(=O)([O-])OP(=O)([O-])OCC3OC(n4cnc5c(N)ncnc54)C(OP(=O)([O-])[O-])C3O)C(O)C2O)c1.O,True,C20_GGPP_like,C20_polycyclic_highly_oxygenated
RHEA:65272,[H][C@@]12Cc3c(cc(O)c4c3C[C@@H](C)OC4=O)O[C@@]1(C)CC[C@@]1([H])C(C)(C)C(=O)CC[C@]21C.NC(=O)C1=CN([C@@H]2O[C@H](COP(=O)([O-])OP(=O)([O-])OC[C@H]3O[C@@H](n4cnc5c(N)ncnc54)[C@H](OP(=O)([O-])[O-])[C@@H]3O)[C@@H](O)[C@H]2O)C=CC1.O=O.[H+].[H][C@@]12Cc3c(cc(O)c4c3C[C@@H](C)OC4=O)O[C@@]1(C)[C@@H](O)C[C@@]1([H])C(C)(C)C(=O)CC[C@]21C>>NC(=O)c1ccc[n+]([C@@H]2O[C@H](COP(=O)([O-])OP(=O)([O-])OC[C@H]3O[C@@H](n4cnc5c(N)ncnc54)[C@H](OP(=O)([O-])[O-])[C@@H]3O)[C@@H](O)[C@H]2O)c1.[H]O[H],CC1Cc2c3c(cc(O)c2C(=O)O1)OC1(C)C(O)CC2C(C)(C)C(=O)CCC2(C)C1C3.CC1Cc2c3c(cc(O)c2C(=O)O1)OC1(C)CCC2C(C)(C)C(=O)CCC2(C)C1C3.NC(=O)C1=CN(C2OC(COP(=O)([O-])OP(=O)([O-])OCC3OC(n4cnc5c(N)ncnc54)C(OP(=O)([O-])[O-])C3O)C(O)C2O)C=CC1.O=O.[H+]>>NC(=O)c1ccc[n+](C2OC(COP(=O)([O-])OP(=O)([O-])OCC3OC(n4cnc5c(N)ncnc54)C(OP(=O)([O-])[O-])C3O)C(O)C2O)c1.O,True,C20_GGPP_like,C20_polycyclic_highly_oxygenated
RHEA:65300,[H][C@@]12Cc3c(cc(O)c4c3C[C@@H](C)OC4=O)O[C@@]1(C)CC[C@@]1([H])C(C)(C)C(=O)CC[C@]21C.O=C([O-])CCC(=O)C(=O)[O-].O=O>>[H][C@@]12Cc3c(cc(O)c4c3C[C@@H](C)OC4=O)O[C@@]1(C)CC[C@@]1([H])C(C)(C)C(=O)C=C[C@]21C.O=C([O-])CCC(=O)[O-].O=C=O.[H]O[H],CC1Cc2c3c(cc(O)c2C(=O)O1)OC1(C)CCC2C(C)(C)C(=O)CCC2(C)C1C3.O=C([O-])CCC(=O)C(=O)[O-].O=O>>CC1Cc2c3c(cc(O)c2C(=O)O1)OC1(C)CCC2C(C)(C)C(=O)C=CC2(C)C1C3.O.O=C([O-])CCC(=O)[O-].O=C=O,True,C25_GFPP_like,C25_polycyclic_highly_oxygenated
RHEA:65304,[H][C@@]12Cc3c(cc(O)c4c3C[C@@H](C)OC4=O)O[C@@]1(C)CC[C@@]1([H])C(C)(C)C(=O)C=C[C@]21C.O=C([O-])CCC(=O)C(=O)[O-].O=O>>[H][C@@]12Cc3c(cc(O)c4c3[C@@H](O)[C@@H](C)OC4=O)O[C@@]1(C)CC[C@@]1([H])C(C)(C)C(=O)C=C[C@]21C.O=C([O-])CCC(=O)[O-].O=C=O,CC1Cc2c3c(cc(O)c2C(=O)O1)OC1(C)CCC2C(C)(C)C(=O)C=CC2(C)C1C3.O=C([O-])CCC(=O)C(=O)[O-].O=O>>CC1OC(=O)c2c(O)cc3c(c2C1O)CC1C(C)(CCC2C(C)(C)C(=O)C=CC12C)O3.O=C([O-])CCC(=O)[O-].O=C=O,True,C25_GFPP_like,C25_polycyclic_highly_oxygenated
RHEA:65316,[H][C@@]12Cc3c(cc(O)c4c3C[C@@H](C)OC4=O)O[C@@]1(C)[C@@H](O)C[C@@]1([H])C(C)(C)C(=O)CC[C@]21C.O=C([O-])CCC(=O)C(=O)[O-].O=O>>[H][C@@]12Cc3c(cc(O)c4c3C[C@@H](C)OC4=O)O[C@@]1(C)[C@@H](O)C[C@@]1([H])C(C)(C)C(=O)C=C[C@]21C.O=C([O-])CCC(=O)[O-].O=C=O.[H]O[H],CC1Cc2c3c(cc(O)c2C(=O)O1)OC1(C)C(O)CC2C(C)(C)C(=O)CCC2(C)C1C3.O=C([O-])CCC(=O)C(=O)[O-].O=O>>CC1Cc2c3c(cc(O)c2C(=O)O1)OC1(C)C(O)CC2C(C)(C)C(=O)C=CC2(C)C1C3.O.O=C([O-])CCC(=O)[O-].O=C=O,True,C25_GFPP_like,C25_polycyclic_highly_oxygenated
RHEA:65320,[H][C@@]12Cc3c(cc(O)c4c3C[C@@H](C)OC4=O)O[C@@]1(C)[C@@H](O)C[C@@]1([H])C(C)(C)C(=O)C=C[C@]21C.O=C([O-])CCC(=O)C(=O)[O-].O=O>>[H][C@@]12Cc3c(cc(O)c4c3[C@@H](O)[C@@H](C)OC4=O)O[C@@]1(C)[C@@H](O)C[C@@]1([H])C(C)(C)C(=O)C=C[C@]21C.O=C([O-])CCC(=O)[O-].O=C=O,CC1Cc2c3c(cc(O)c2C(=O)O1)OC1(C)C(O)CC2C(C)(C)C(=O)C=CC2(C)C1C3.O=C([O-])CCC(=O)C(=O)[O-].O=O>>CC1OC(=O)c2c(O)cc3c(c2C1O)CC1C2(C)C=CC(=O)C(C)(C)C2CC(O)C1(C)O3.O=C([O-])CCC(=O)[O-].O=C=O,True,C25_GFPP_like,C25_polycyclic_highly_oxygenated
RHEA:65324,[H][C@@]12Cc3c(cc(O)c4c3[C@@H](O)[C@@H](C)OC4=O)O[C@@]1(C)[C@@H](O)C[C@@]1([H])C(C)(C)C(=O)C=C[C@]21C.CC(=O)SCCNC(=O)CCNC(=O)[C@H](O)C(C)(C)COP(=O)([O-])OP(=O)([O-])OC[C@H]1O[C@@H](n2cnc3c(N)ncnc32)[C@H](O)[C@@H]1OP(=O)([O-])[O-]>>[H][C@@]12Cc3c(cc(O)c4c3[C@@H](OC(C)=O)[C@@H](C)OC4=O)O[C@@]1(C)[C@@H](O)C[C@@]1([H])C(C)(C)C(=O)C=C[C@]21C.CC(C)(COP(=O)([O-])OP(=O)([O-])OC[C@H]1O[C@@H](n2cnc3c(N)ncnc32)[C@H](O)[C@@H]1OP(=O)([O-])[O-])[C@@H](O)C(=O)NCCC(=O)NCCS,CC(=O)SCCNC(=O)CCNC(=O)C(O)C(C)(C)COP(=O)([O-])OP(=O)([O-])OCC1OC(n2cnc3c(N)ncnc32)C(O)C1OP(=O)([O-])[O-].CC1OC(=O)c2c(O)cc3c(c2C1O)CC1C2(C)C=CC(=O)C(C)(C)C2CC(O)C1(C)O3>>CC(=O)OC1c2c3c(cc(O)c2C(=O)OC1C)OC1(C)C(O)CC2C(C)(C)C(=O)C=CC2(C)C1C3.CC(C)(COP(=O)([O-])OP(=O)([O-])OCC1OC(n2cnc3c(N)ncnc32)C(O)C1OP(=O)([O-])[O-])C(O)C(=O)NCCC(=O)NCCS,True,C25_GFPP_like,C25_polycyclic_highly_oxygenated
RHEA:65328,[H][C@@]12Cc3c(cc(O)c4c3C[C@@H](C)OC4=O)O[C@@]1(C)[C@@H](O)C[C@@]1([H])C(C)(C)[C@@H](O)CC[C@]21C.*>>[H][C@@]12Cc3c(cc(O)c4c3C[C@@H](C)OC4=O)O[C@@]1(C)[C@@H](O)C[C@@]1([H])C(C)(C)C(=O)CC[C@]21C.[H]*[H],*.CC1Cc2c3c(cc(O)c2C(=O)O1)OC1(C)C(O)CC2C(C)(C)C(O)CCC2(C)C1C3>>CC1Cc2c3c(cc(O)c2C(=O)O1)OC1(C)C(O)CC2C(C)(C)C(=O)CCC2(C)C1C3.[H]*[H],True,C25_GFPP_like,C25_polycyclic_highly_oxygenated
RHEA:65332,[H][C@@]12Cc3c(cc(O)c4c3C[C@@H](C)OC4=O)O[C@@]1(C)CC[C@@]1([H])C(C)(C)C(=O)C=C[C@]21C.NC(=O)C1=CN([C@@H]2O[C@H](COP(=O)([O-])OP(=O)([O-])OC[C@H]3O[C@@H](n4cnc5c(N)ncnc54)[C@H](OP(=O)([O-])[O-])[C@@H]3O)[C@@H](O)[C@H]2O)C=CC1.O=O.[H+].[H][C@@]12Cc3c(cc(O)c4c3C[C@@H](C)OC4=O)O[C@@]1(C)[C@@H](O)C[C@@]1([H])C(C)(C)C(=O)C=C[C@]21C>>NC(=O)c1ccc[n+]([C@@H]2O[C@H](COP(=O)([O-])OP(=O)([O-])OC[C@H]3O[C@@H](n4cnc5c(N)ncnc54)[C@H](OP(=O)([O-])[O-])[C@@H]3O)[C@@H](O)[C@H]2O)c1.[H]O[H],CC1Cc2c3c(cc(O)c2C(=O)O1)OC1(C)C(O)CC2C(C)(C)C(=O)C=CC2(C)C1C3.CC1Cc2c3c(cc(O)c2C(=O)O1)OC1(C)CCC2C(C)(C)C(=O)C=CC2(C)C1C3.NC(=O)C1=CN(C2OC(COP(=O)([O-])OP(=O)([O-])OCC3OC(n4cnc5c(N)ncnc54)C(OP(=O)([O-])[O-])C3O)C(O)C2O)C=CC1.O=O.[H+]>>NC(=O)c1ccc[n+](C2OC(COP(=O)([O-])OP(=O)([O-])OCC3OC(n4cnc5c(N)ncnc54)C(OP(=O)([O-])[O-])C3O)C(O)C2O)c1.O,True,C20_GGPP_like,C20_polycyclic_highly_oxygenated
RHEA:65336,[H][C@@]12Cc3c(cc(O)c4c3[C@@H](O)[C@@H](C)OC4=O)O[C@@]1(C)CC[C@@]1([H])C(C)(C)C(=O)C=C[C@]21C.NC(=O)C1=CN([C@@H]2O[C@H](COP(=O)([O-])OP(=O)([O-])OC[C@H]3O[C@@H](n4cnc5c(N)ncnc54)[C@H](OP(=O)([O-])[O-])[C@@H]3O)[C@@H](O)[C@H]2O)C=CC1.O=O.[H+].[H][C@@]12Cc3c(cc(O)c4c3[C@@H](O)[C@@H](C)OC4=O)O[C@@]1(C)[C@@H](O)C[C@@]1([H])C(C)(C)C(=O)C=C[C@]21C>>NC(=O)c1ccc[n+]([C@@H]2O[C@H](COP(=O)([O-])OP(=O)([O-])OC[C@H]3O[C@@H](n4cnc5c(N)ncnc54)[C@H](OP(=O)([O-])[O-])[C@@H]3O)[C@@H](O)[C@H]2O)c1.[H]O[H],CC1OC(=O)c2c(O)cc3c(c2C1O)CC1C(C)(CCC2C(C)(C)C(=O)C=CC12C)O3.CC1OC(=O)c2c(O)cc3c(c2C1O)CC1C2(C)C=CC(=O)C(C)(C)C2CC(O)C1(C)O3.NC(=O)C1=CN(C2OC(COP(=O)([O-])OP(=O)([O-])OCC3OC(n4cnc5c(N)ncnc54)C(OP(=O)([O-])[O-])C3O)C(O)C2O)C=CC1.O=O.[H+]>>NC(=O)c1ccc[n+](C2OC(COP(=O)([O-])OP(=O)([O-])OCC3OC(n4cnc5c(N)ncnc54)C(OP(=O)([O-])[O-])C3O)C(O)C2O)c1.O,True,C20_GGPP_like,C20_polycyclic_highly_oxygenated
RHEA:65828,CC(C)=CCC/C(C)=CCOP(=O)([O-])OP(=O)([O-])[O-].[H]O[H]>>CC(C)=CCC/C(C)=CCO.O=P([O-])([O-])OP(=O)([O-])O,CC(C)=CCCC(C)=CCOP(=O)([O-])OP(=O)([O-])[O-].O>>CC(C)=CCCC(C)=CCO.O=P([O-])([O-])OP(=O)([O-])O,True,C10_GPP_like,C10_acyclic_oxygenated
RHEA:66636,CC(C)=CCC/C(C)=C/CC/C(C)=C/COP(=O)([O-])OP(=O)([O-])[O-].[H]O[H]>>CC1=CC[C@@]2(CC1)[C@H](C)CC[C@H]2C(C)(C)O.O=P([O-])([O-])OP(=O)([O-])O,CC(C)=CCCC(C)=CCCC(C)=CCOP(=O)([O-])OP(=O)([O-])[O-].O>>CC1=CCC2(CC1)C(C)CCC2C(C)(C)O.O=P([O-])([O-])OP(=O)([O-])O,True,C15_FPP_like,C15_bicyclic_oxygenated
RHEA:66640,CC(C)=CCC/C(C)=C/CC/C(C)=C/COP(=O)([O-])OP(=O)([O-])[O-].[H]O[H]>>[H][C@]12CC[C@]1(C)[C@@]1([H])CC(C)(C)[C@@]1([H])CC[C@]2(C)O.O=P([O-])([O-])OP(=O)([O-])O,CC(C)=CCCC(C)=CCCC(C)=CCOP(=O)([O-])OP(=O)([O-])[O-].O>>CC1(C)CC2C1CCC(C)(O)C1CCC21C.O=P([O-])([O-])OP(=O)([O-])O,True,C15_FPP_like,C15_polycyclic_oxygenated
RHEA:66644,CC(C)=CCC/C(C)=C/CC/C(C)=C/COP(=O)([O-])OP(=O)([O-])[O-].[H]O[H]>>[H][C@@]12CC(C)(C)C/C(=C(/C)CO)[C@@]1([H])CC[C@@H]2C.O=P([O-])([O-])OP(=O)([O-])O,CC(C)=CCCC(C)=CCCC(C)=CCOP(=O)([O-])OP(=O)([O-])[O-].O>>CC(CO)=C1CC(C)(C)CC2C(C)CCC12.O=P([O-])([O-])OP(=O)([O-])O,True,C15_FPP_like,C15_bicyclic_oxygenated
RHEA:66648,CC(C)=CCC/C(C)=C/CC/C(C)=C/COP(=O)([O-])OP(=O)([O-])[O-]>>CC1(O)CC2(CO1)OC[C@@H](O)[C@@H]2O.O=P([O-])([O-])OP(=O)([O-])O,CC(C)=CCCC(C)=CCCC(C)=CCOP(=O)([O-])OP(=O)([O-])[O-]>>CC1(O)CC2(CO1)OCC(O)C2O.O=P([O-])([O-])OP(=O)([O-])O,True,C15_FPP_like,C10_bicyclic_highly_oxygenated
RHEA:66652,CC(C)=CCC/C(C)=C/CC/C(C)=C/COP(=O)([O-])OP(=O)([O-])[O-]>>[H][C@@]12CC[C@@H](C)C1=CC(C)(C)C[C@H]1C[C@]12C.O=P([O-])([O-])OP(=O)([O-])O,CC(C)=CCCC(C)=CCCC(C)=CCOP(=O)([O-])OP(=O)([O-])[O-]>>CC1CCC2C1=CC(C)(C)CC1CC12C.O=P([O-])([O-])OP(=O)([O-])O,True,C15_FPP_like,C15_polycyclic_hydrocarbon
RHEA:66712,[H][C@@]12CC/C(C)=C/CC/C(C)=C/C[C@@]1(C)CC[C@]1([H])[C@@H](C(=C)C)CC[C@@]21C.Cc1cc2c(cc1C)N(C[C@H](O)[C@H](O)[C@H](O)COP(=O)([O-])[O-])c1nc(=O)nc(=O)c1N2.O=O>>[H][C@@]12CC/C(C)=C/CC/C(C(=O)[O-])=C/C[C@@]1(C)CC[C@]1([H])[C@@H](C(=C)C)CC[C@@]21C.Cc1cc2nc3c(=O)[n-]c(=O)nc-3n(C[C@H](O)[C@H](O)[C@H](O)COP(=O)([O-])[O-])c2cc1C.[H]O[H].[H+],[H][C@@]12CC/C(C)=C/CC/C(C)=C/C[C@@]1(C)CC[C@]1([H])[C@@H](C(=C)C)CC[C@@]21C.Cc1cc2c(cc1C)N(C[C@H](O)[C@H](O)[C@H](O)COP(=O)([O-])[O-])c1nc(=O)nc(=O)c1N2.O=O>>[H][C@@]12CC/C(C)=C/CC/C(C(=O)[O-])=C/C[C@@]1(C)CC[C@]1([H])[C@@H](C(=C)C)CC[C@@]21C.Cc1cc2nc3c(=O)[n-]c(=O)nc-3n(C[C@H](O)[C@H](O)[C@H](O)COP(=O)([O-])[O-])c2cc1C.[H]O[H].[H+],True,C25_GFPP_like,C25_polycyclic_oxygenated
RHEA:66832,CC(C)=CCC/C(C)=C/CC/C(C)=C/CC/C(C)=C/CC/C(C)=C/COP(=O)([O-])OP(=O)([O-])[O-]>>[H][C@]12C[C@@]1(C)[C@]1([H])CCC(C)=C1C[C@@]1(C)CC[C@]3(C)CC[C@H](C(C)C)[C@@]3([H])[C@@]12[H].O=P([O-])([O-])OP(=O)([O-])O,CC(C)=CCCC(C)=CCCC(C)=CCCC(C)=CCCC(C)=CCOP(=O)([O-])OP(=O)([O-])[O-]>>CC1=C2CC3(C)CCC4(C)CCC(C(C)C)C4C3C3CC3(C)C2CC1.O=P([O-])([O-])OP(=O)([O-])O,True,C25_GFPP_like,C25_polycyclic_hydrocarbon
RHEA:66836,[H][C@]12C[C@@]1(C)[C@]1([H])CCC(C)=C1C[C@@]1(C)CC[C@]3(C)CC[C@H](C(C)C)[C@@]3([H])[C@@]12[H].Cc1cc2c(cc1C)N(C[C@H](O)[C@H](O)[C@H](O)COP(=O)([O-])[O-])c1nc(=O)nc(=O)c1N2.O=O>>[H][C@]12C[C@@]1(C)[C@]1([H])CCC(C(=O)[O-])=C1C[C@@]1(CO)CC[C@]3(C)CC[C@H](C(C)C)[C@@]3([H])[C@@]12[H].Cc1cc2nc3c(=O)[n-]c(=O)nc-3n(C[C@H](O)[C@H](O)[C@H](O)COP(=O)([O-])[O-])c2cc1C.[H]O[H].[H+],[H][C@]12C[C@@]1(C)[C@]1([H])CCC(C)=C1C[C@@]1(C)CC[C@]3(C)CC[C@H](C(C)C)[C@@]3([H])[C@@]12[H].Cc1cc2c(cc1C)N(C[C@H](O)[C@H](O)[C@H](O)COP(=O)([O-])[O-])c1nc(=O)nc(=O)c1N2.O=O>>[H][C@]12C[C@@]1(C)[C@]1([H])CCC(C(=O)[O-])=C1C[C@@]1(CO)CC[C@]3(C)CC[C@H](C(C)C)[C@@]3([H])[C@@]12[H].Cc1cc2nc3c(=O)[n-]c(=O)nc-3n(C[C@H](O)[C@H](O)[C@H](O)COP(=O)([O-])[O-])c2cc1C.[H]O[H].[H+],True,C25_GFPP_like,C25_polycyclic_highly_oxygenated
RHEA:66840,[H][C@]12C[C@@]1(C)[C@]1([H])CCC(C(=O)[O-])=C1C[C@@]1(CO)CC[C@]3(C)CC[C@H](C(C)C)[C@@]3([H])[C@@]12[H].Cc1cc2c(cc1C)N(C[C@H](O)[C@H](O)[C@H](O)COP(=O)([O-])[O-])c1nc(=O)nc(=O)c1N2.O=O>>[H][C@]12C[C@@]1(C)[C@]1([H])CCC(C(=O)[O-])=C1C[C@@]1(C(=O)[O-])CC[C@]3(C)CC[C@H](C(C)C)[C@@]3([H])[C@@]12[H].Cc1cc2nc3c(=O)[n-]c(=O)nc-3n(C[C@H](O)[C@H](O)[C@H](O)COP(=O)([O-])[O-])c2cc1C.[H]O[H].[H+],[H][C@]12C[C@@]1(C)[C@]1([H])CCC(C(=O)[O-])=C1C[C@@]1(CO)CC[C@]3(C)CC[C@H](C(C)C)[C@@]3([H])[C@@]12[H].Cc1cc2c(cc1C)N(C[C@H](O)[C@H](O)[C@H](O)COP(=O)([O-])[O-])c1nc(=O)nc(=O)c1N2.O=O>>[H][C@]12C[C@@]1(C)[C@]1([H])CCC(C(=O)[O-])=C1C[C@@]1(C(=O)[O-])CC[C@]3(C)CC[C@H](C(C)C)[C@@]3([H])[C@@]12[H].Cc1cc2nc3c(=O)[n-]c(=O)nc-3n(C[C@H](O)[C@H](O)[C@H](O)COP(=O)([O-])[O-])c2cc1C.[H]O[H].[H+],True,C25_GFPP_like,C25_polycyclic_highly_oxygenated
RHEA:66844,[H][C@]12C[C@@]1(C)[C@]1([H])CCC(C(=O)[O-])=C1C[C@@]1(CO)CC[C@]3(C)CC[C@H](C(C)C)[C@@]3([H])[C@@]12[H].Cc1cc2c(cc1C)N(C[C@H](O)[C@H](O)[C@H](O)COP(=O)([O-])[O-])c1nc(=O)nc(=O)c1N2.O=O>>[H][C@]12C[C@@]1(C)[C@]1([H])CCC(C(=O)[O-])=C1C[C@@]1(CO)CC[C@]3(C)[C@H](O)C[C@H](C(C)C)[C@@]3([H])[C@@]12[H].Cc1cc2nc3c(=O)[n-]c(=O)nc-3n(C[C@H](O)[C@H](O)[C@H](O)COP(=O)([O-])[O-])c2cc1C.[H]O[H].[H+],[H][C@]12C[C@@]1(C)[C@]1([H])CCC(C(=O)[O-])=C1C[C@@]1(CO)CC[C@]3(C)CC[C@H](C(C)C)[C@@]3([H])[C@@]12[H].Cc1cc2c(cc1C)N(C[C@H](O)[C@H](O)[C@H](O)COP(=O)([O-])[O-])c1nc(=O)nc(=O)c1N2.O=O>>[H][C@]12C[C@@]1(C)[C@]1([H])CCC(C(=O)[O-])=C1C[C@@]1(CO)CC[C@]3(C)[C@H](O)C[C@H](C(C)C)[C@@]3([H])[C@@]12[H].Cc1cc2nc3c(=O)[n-]c(=O)nc-3n(C[C@H](O)[C@H](O)[C@H](O)COP(=O)([O-])[O-])c2cc1C.[H]O[H].[H+],True,C25_GFPP_like,C25_polycyclic_highly_oxygenated
RHEA:66860,C=C(C)CCOP(=O)([O-])OP(=O)([O-])[O-].CC(C)=CCOP(=O)([O-])OP(=O)([O-])[O-]>>CC(C)=CCC/C(C)=C/CC/C(C)=C/CC/C(C)=C/CC/C(C)=C/COP(=O)([O-])OP(=O)([O-])[O-].O=P([O-])([O-])OP(=O)([O-])O,C=C(C)CCOP(=O)([O-])OP(=O)([O-])[O-].CC(C)=CCOP(=O)([O-])OP(=O)([O-])[O-]>>CC(C)=CCCC(C)=CCCC(C)=CCCC(C)=CCCC(C)=CCOP(=O)([O-])OP(=O)([O-])[O-].O=P([O-])([O-])OP(=O)([O-])O,True,C5_IPP_DMAPP_like,C25_acyclic_highly_oxygenated
RHEA:66864,CC(C)=CCC/C(C)=C/CC/C(C)=C/CC/C(C)=C/CC/C(C)=C/COP(=O)([O-])OP(=O)([O-])[O-]>>[H][C@]12C[C@]3([H])[C@H](C(C)C)CC[C@@]3(C)CC1=C(C)[C@]1(C)CC[C@@]3([H])[C@H](C)CC[C@@]213.O=P([O-])([O-])OP(=O)([O-])O,CC(C)=CCCC(C)=CCCC(C)=CCCC(C)=CCCC(C)=CCOP(=O)([O-])OP(=O)([O-])[O-]>>CC1=C2CC3(C)CCC(C(C)C)C3CC2C23CCC(C)C2CCC13C.O=P([O-])([O-])OP(=O)([O-])O,True,C25_GFPP_like,C25_polycyclic_hydrocarbon
RHEA:66868,[H][C@]12C[C@]3([H])[C@H](C(C)C)CC[C@@]3(C)CC1=C(C)[C@]1(C)CC[C@@]3([H])[C@H](C)CC[C@@]213.Cc1cc2c(cc1C)N(C[C@H](O)[C@H](O)[C@H](O)COP(=O)([O-])[O-])c1nc(=O)nc(=O)c1N2.O=O>>[H][C@]12C[C@]3([H])[C@H](C(C)C)CC[C@@]3(C(=O)[O-])CC1=C(C)[C@]1(C)CC[C@@]3([H])[C@H](C)CC[C@@]213.Cc1cc2nc3c(=O)[n-]c(=O)nc-3n(C[C@H](O)[C@H](O)[C@H](O)COP(=O)([O-])[O-])c2cc1C.[H]O[H].[H+],[H][C@]12C[C@]3([H])[C@H](C(C)C)CC[C@@]3(C)CC1=C(C)[C@]1(C)CC[C@@]3([H])[C@H](C)CC[C@@]213.Cc1cc2c(cc1C)N(C[C@H](O)[C@H](O)[C@H](O)COP(=O)([O-])[O-])c1nc(=O)nc(=O)c1N2.O=O>>[H][C@]12C[C@]3([H])[C@H](C(C)C)CC[C@@]3(C(=O)[O-])CC1=C(C)[C@]1(C)CC[C@@]3([H])[C@H](C)CC[C@@]213.Cc1cc2nc3c(=O)[n-]c(=O)nc-3n(C[C@H](O)[C@H](O)[C@H](O)COP(=O)([O-])[O-])c2cc1C.[H]O[H].[H+],True,C25_GFPP_like,C25_polycyclic_oxygenated
RHEA:66896,[H][C@]12C[C@@]3(C)CC[C@]([H])([C@@H](C)CCC=C(C)C)[C@]3([H])C/C=C(/C)[C@@]1([H])CC[C@@]2(C)O.Cc1cc2c(cc1C)N(C[C@H](O)[C@H](O)[C@H](O)COP(=O)([O-])[O-])c1nc(=O)nc(=O)c1N2.O=O>>[H]C(=O)/C1=C/C[C@]2([H])[C@](C)(CC[C@]2([H])[C@@H](C)CCC=C(C)C)C[C@]2([H])[C@](C)(O)CC(=O)[C@]12[H].Cc1cc2nc3c(=O)[n-]c(=O)nc-3n(C[C@H](O)[C@H](O)[C@H](O)COP(=O)([O-])[O-])c2cc1C.[H]O[H].[H+],[H][C@]12C[C@@]3(C)CC[C@]([H])([C@@H](C)CCC=C(C)C)[C@]3([H])C/C=C(/C)[C@@]1([H])CC[C@@]2(C)O.Cc1cc2c(cc1C)N(C[C@H](O)[C@H](O)[C@H](O)COP(=O)([O-])[O-])c1nc(=O)nc(=O)c1N2.O=O>>[H]C(=O)/C1=C/C[C@]2([H])[C@](C)(CC[C@]2([H])[C@@H](C)CCC=C(C)C)C[C@]2([H])[C@](C)(O)CC(=O)[C@]12[H].Cc1cc2nc3c(=O)[n-]c(=O)nc-3n(C[C@H](O)[C@H](O)[C@H](O)COP(=O)([O-])[O-])c2cc1C.[H]O[H].[H+],True,C25_GFPP_like,C25_polycyclic_highly_oxygenated
RHEA:67036,CC(C)=CCC/C(C)=C/CC/C(C)=C/C[C@@]1(C)C(=O)C(C)=C([O-])C(C(=O)[O-])=C1C.O=C([O-])CCC(=O)C(=O)[O-].O=O>>CC1=C([O-])C(C(=O)[O-])=C(C)[C@@](C)(C/C=C(C)CC/C=C(C)CC[C@@H]2OC2(C)C)C1=O.O=C([O-])CCC(=O)[O-].O=C=O,CC(C)=CCCC(C)=CCCC(C)=CCC1(C)C(=O)C(C)=C([O-])C(C(=O)[O-])=C1C.O=C([O-])CCC(=O)C(=O)[O-].O=O>>CC(=CCC1(C)C(=O)C(C)=C([O-])C(C(=O)[O-])=C1C)CCC=C(C)CCC1OC1(C)C.O=C([O-])CCC(=O)[O-].O=C=O,True,C25_GFPP_like,C25_bicyclic_highly_oxygenated
RHEA:67040,,,False,unknown,unknown
RHEA:67044,[H][C@@]12CC[C@H](C)[C@@]3(C[C@]4(C)C(C)=C(C(=O)[O-])C(=O)C(C)=C4O3)[C@@]1(C)CC[C@H](O)C2(C)C.*>>[H][C@@]12CC[C@H](C)[C@@]3(C[C@]4(C)C(C)=C(C(=O)[O-])C(=O)C(C)=C4O3)[C@@]1(C)CCC(=O)C2(C)C.[H]*[H],*.CC1=C2OC3(CC2(C)C(C)=C(C(=O)[O-])C1=O)C(C)CCC1C(C)(C)C(O)CCC13C>>CC1=C2OC3(CC2(C)C(C)=C(C(=O)[O-])C1=O)C(C)CCC1C(C)(C)C(=O)CCC13C.[H]*[H],True,C25_GFPP_like,C25_polycyclic_highly_oxygenated
RHEA:67048,[H][C@@]12CC[C@H](C)[C@@]3(C[C@]4(C)C(C)=C(C(=O)[O-])C(=O)C(C)=C4O3)[C@@]1(C)CCC(=O)C2(C)C.[H]*[H].O=O>>[H][C@@]12CC[C@H](C)[C@@]3(C[C@]4(C)C(C)=C(C(=O)[O-])C(=O)C(C)=C4O3)[C@@]1(C)CCC(=O)OC2(C)C.*.[H]O[H],CC1=C2OC3(CC2(C)C(C)=C(C(=O)[O-])C1=O)C(C)CCC1C(C)(C)C(=O)CCC13C.O=O.[H]*[H]>>*.CC1=C2OC3(CC2(C)C(C)=C(C(=O)[O-])C1=O)C(C)CCC1C(C)(C)OC(=O)CCC13C.O,True,C25_GFPP_like,C25_polycyclic_highly_oxygenated
RHEA:67052,COC(=O)NC(C(=O)OC)C(Cc1c(C)nc2n(C)c3ncnc3c(=O)n12)OO.[H]*[H].O=O>>[H][C@@]12CC[C@H](C)[C@@]3(C[C@@]4(C)C(=C(C)C(=O)[C@@H](C(=O)OC)[C@@H]4C)O3)[C@@]1(C)CCC(=O)OC2(C)C.*.[H]O[H],COC(=O)NC(C(=O)OC)C(Cc1c(C)nc2n(C)c3ncnc3c(=O)n12)OO.[H]*[H].O=O>>[H][C@@]12CC[C@H](C)[C@@]3(C[C@@]4(C)C(=C(C)C(=O)[C@@H](C(=O)OC)[C@@H]4C)O3)[C@@]1(C)CCC(=O)OC2(C)C.*.[H]O[H],True,unknown,C25_polycyclic_highly_oxygenated
RHEA:67056,[H][C@@]12CC[C@H](C)[C@@]3(C[C@]4(C)C(C)=C(C(=O)[O-])C(=O)C(C)=C4O3)[C@@]1(C)CCC(=O)C2(C)C.Nc1nc(=O)c2ncn([C@@H]3O[C@H](CO)[C@H]4OP(=O)(O)O[C@H]43)c2n1>>[H][C@@]12CC[C@H](C)[C@@]3(C[C@]4(C)C(C)=C(C(=O)OC)C(=O)C(C)=C4O3)[C@@]1(C)CCC(=O)C2(C)C.Nc1ncnc2c1ncn2[C@@H]1O[C@H](CSCC[C@H]([NH3+])C(=O)[O-])[C@@H](O)[C@H]1O,[H][C@@]12CC[C@H](C)[C@@]3(C[C@]4(C)C(C)=C(C(=O)[O-])C(=O)C(C)=C4O3)[C@@]1(C)CCC(=O)C2(C)C.Nc1nc(=O)c2ncn([C@@H]3O[C@H](CO)[C@H]4OP(=O)(O)O[C@H]43)c2n1>>[H][C@@]12CC[C@H](C)[C@@]3(C[C@]4(C)C(C)=C(C(=O)OC)C(=O)C(C)=C4O3)[C@@]1(C)CCC(=O)C2(C)C.Nc1ncnc2c1ncn2[C@@H]1O[C@H](CSCC[C@H]([NH3+])C(=O)[O-])[C@@H](O)[C@H]1O,True,C25_GFPP_like,C25_polycyclic_highly_oxygenated
RHEA:67060,[H][C@@]12CC[C@H](C)[C@@]3(C[C@]4(C)C(C)=C(C(=O)[O-])C(=O)C(C)=C4O3)[C@@]1(C)CCC(=O)OC2(C)C.Nc1nc(=O)c2ncn([C@@H]3O[C@H](CO)[C@H]4OP(=O)(O)O[C@H]43)c2n1>>[H][C@@]12CC[C@H](C)[C@@]3(C[C@]4(C)C(C)=C(C(=O)OC)C(=O)C(C)=C4O3)[C@@]1(C)CCC(=O)OC2(C)C.Nc1ncnc2c1ncn2[C@@H]1O[C@H](CSCC[C@H]([NH3+])C(=O)[O-])[C@@H](O)[C@H]1O,[H][C@@]12CC[C@H](C)[C@@]3(C[C@]4(C)C(C)=C(C(=O)[O-])C(=O)C(C)=C4O3)[C@@]1(C)CCC(=O)OC2(C)C.Nc1nc(=O)c2ncn([C@@H]3O[C@H](CO)[C@H]4OP(=O)(O)O[C@H]43)c2n1>>[H][C@@]12CC[C@H](C)[C@@]3(C[C@]4(C)C(C)=C(C(=O)OC)C(=O)C(C)=C4O3)[C@@]1(C)CCC(=O)OC2(C)C.Nc1ncnc2c1ncn2[C@@H]1O[C@H](CSCC[C@H]([NH3+])C(=O)[O-])[C@@H](O)[C@H]1O,True,C25_GFPP_like,C25_polycyclic_highly_oxygenated
RHEA:67064,[H][C@@]12CC[C@H](C)[C@@]3(C[C@]4(C)C(C)=C(C(=O)OC)C(=O)C(C)=C4O3)[C@@]1(C)CCC(=O)OC2(C)C.[H]*[H]>>[H][C@@]12CC[C@H](C)[C@@]3(C[C@@]4(C)C(=C(C)C(=O)[C@@H](C(=O)OC)[C@@H]4C)O3)[C@@]1(C)CCC(=O)OC2(C)C.*,COC(=O)C1=C(C)C2(C)CC3(OC2=C(C)C1=O)C(C)CCC1C(C)(C)OC(=O)CCC13C.[H]*[H]>>*.COC(=O)C1C(=O)C(C)=C2OC3(CC2(C)C1C)C(C)CCC1C(C)(C)OC(=O)CCC13C,True,C25_GFPP_like,C25_polycyclic_highly_oxygenated
RHEA:67068,[H][C@@]12CC[C@H](C)[C@@]3(C[C@]4(C)C(C)=C(C(=O)OC)C(=O)C(C)=C4O3)[C@@]1(C)CCC(=O)C2(C)C.[H]*[H]>>COC(=O)NC(C(=O)OC)C(Cc1c(C)nc2n(C)c3ncnc3c(=O)n12)OO.*,[H][C@@]12CC[C@H](C)[C@@]3(C[C@]4(C)C(C)=C(C(=O)OC)C(=O)C(C)=C4O3)[C@@]1(C)CCC(=O)C2(C)C.[H]*[H]>>COC(=O)NC(C(=O)OC)C(Cc1c(C)nc2n(C)c3ncnc3c(=O)n12)OO.*,True,C25_GFPP_like,unknown
RHEA:67096,[H][C@@]12CC[C@H](C)[C@@]3(C[C@@]4(C)C(=C(C)C(=O)[C@@H](C(=O)OC)[C@@H]4C)O3)[C@@]1(C)CCC(=O)OC2(C)C.O=C([O-])CCC(=O)C(=O)[O-].O=O>>[H][C@@]1(C(=O)OC)C(=O)[C@@](C)(O)[C@@]23OOC[C@]45CCC(=O)OC(C)(C)[C@]4([H])CC[C@H](C)[C@]5(C[C@]2(C)[C@H]1C)O3.O=C([O-])CCC(=O)[O-].O=C=O,COC(=O)C1C(=O)C(C)=C2OC3(CC2(C)C1C)C(C)CCC1C(C)(C)OC(=O)CCC13C.O=C([O-])CCC(=O)C(=O)[O-].O=O>>COC(=O)C1C(=O)C(C)(O)C23OOCC45CCC(=O)OC(C)(C)C4CCC(C)C5(CC2(C)C1C)O3.O=C([O-])CCC(=O)[O-].O=C=O,True,C25_GFPP_like,C25_polycyclic_highly_oxygenated
RHEA:67100,[H][C@]12C(=O)O[C@](C)([C@H]1O)[C@@]13OOC[C@]45CCC(=O)OC(C)(C)[C@]4([H])CC[C@H](C)[C@]5(C[C@]1(C)[C@H]2C)O3>>[H][C@@]12C(=O)O[C@@](C)(O[C@@]34OC[C@]56CCC(=O)OC(C)(C)[C@]5([H])CC[C@H](C)[C@]6(C[C@]3(C)[C@H]1C)O4)[C@H]2O,CC1C2C(=O)OC(C)(C2O)C23OOCC45CCC(=O)OC(C)(C)C4CCC(C)C5(CC12C)O3>>CC1C2C(=O)OC(C)(OC34OCC56CCC(=O)OC(C)(C)C5CCC(C)C6(CC13C)O4)C2O,True,C25_GFPP_like,C25_polycyclic_highly_oxygenated
RHEA:67104,[H][C@@]12C(=O)O[C@@](C)(O[C@@]34OC[C@]56CCC(=O)OC(C)(C)[C@]5([H])CC[C@H](C)[C@]6(C[C@]3(C)[C@H]1C)O4)[C@H]2O.O=C([O-])CCC(=O)C(=O)[O-].O=O>>[H][C@]12C(=O)O[C@@]3(C)O[C@@]4(O[C@H]31)O[C@@]1(C[C@]4(C)[C@H]2C)[C@@H](C)CC[C@@]2([H])C(C)(C)OC(=O)C=C[C@]12CO.O=C([O-])CCC(=O)[O-].O=C=O.[H]O[H],CC1C2C(=O)OC(C)(OC34OCC56CCC(=O)OC(C)(C)C5CCC(C)C6(CC13C)O4)C2O.O=C([O-])CCC(=O)C(=O)[O-].O=O>>CC1C2C(=O)OC3(C)OC4(OC23)OC2(CC14C)C(C)CCC1C(C)(C)OC(=O)C=CC12CO.O.O=C([O-])CCC(=O)[O-].O=C=O,True,C25_GFPP_like,C25_polycyclic_highly_oxygenated
RHEA:67400,CC(C)=CCC/C(C)=C/CC/C(C)=C/COP(=O)([O-])OP(=O)([O-])[O-]>>[H][C@]12CC[C@@H](C)[C@@]1([H])C1C(CCC2=C)C1(C)C.O=P([O-])([O-])OP(=O)([O-])O,CC(C)=CCCC(C)=CCCC(C)=CCOP(=O)([O-])OP(=O)([O-])[O-]>>C=C1CCC2C(C3C(C)CCC13)C2(C)C.O=P([O-])([O-])OP(=O)([O-])O,True,C15_FPP_like,C15_polycyclic_hydrocarbon
RHEA:67404,CC1=CCC(C(C)C)=CC1.Cc1cc2c(cc1C)N(C[C@H](O)[C@H](O)[C@H](O)COP(=O)([O-])[O-])c1nc(=O)nc(=O)c1N2.O=O>>Cc1ccc(C(C)C)cc1O.Cc1cc2nc3c(=O)[n-]c(=O)nc-3n(C[C@H](O)[C@H](O)[C@H](O)COP(=O)([O-])[O-])c2cc1C.[H]O[H].[H+],CC1=CCC(C(C)C)=CC1.Cc1cc2c(cc1C)N(C[C@H](O)[C@H](O)[C@H](O)COP(=O)([O-])[O-])c1nc(=O)nc(=O)c1N2.O=O>>Cc1ccc(C(C)C)cc1O.Cc1cc2nc3c(=O)[n-]c(=O)nc-3n(C[C@H](O)[C@H](O)[C@H](O)COP(=O)([O-])[O-])c2cc1C.[H]O[H].[H+],True,C10_GPP_like,C15_polycyclic_highly_oxygenated
RHEA:67408,CC1=CCC(C(C)C)=CC1.Cc1cc2c(cc1C)N(C[C@H](O)[C@H](O)[C@H](O)COP(=O)([O-])[O-])c1nc(=O)nc(=O)c1N2.O=O>>Cc1ccc(C(C)C)c(O)c1.Cc1cc2nc3c(=O)[n-]c(=O)nc-3n(C[C@H](O)[C@H](O)[C@H](O)COP(=O)([O-])[O-])c2cc1C.[H]O[H].[H+],CC1=CCC(C(C)C)=CC1.Cc1cc2c(cc1C)N(C[C@H](O)[C@H](O)[C@H](O)COP(=O)([O-])[O-])c1nc(=O)nc(=O)c1N2.O=O>>Cc1ccc(C(C)C)c(O)c1.Cc1cc2nc3c(=O)[n-]c(=O)nc-3n(C[C@H](O)[C@H](O)[C@H](O)COP(=O)([O-])[O-])c2cc1C.[H]O[H].[H+],True,C10_GPP_like,C15_polycyclic_highly_oxygenated
RHEA:67412,O=C(O)CCCCCCCC(O)C(O)CCCCCCO.Cc1cc2c(cc1C)N(C[C@H](O)[C@H](O)[C@H](O)COP(=O)([O-])[O-])c1nc(=O)nc(=O)c1N2.O=O>>Cc1ccc(C(C)C)cc1O.Cc1cc2nc3c(=O)[n-]c(=O)nc-3n(C[C@H](O)[C@H](O)[C@H](O)COP(=O)([O-])[O-])c2cc1C.[H]O[H].[H+],O=C(O)CCCCCCCC(O)C(O)CCCCCCO.Cc1cc2c(cc1C)N(C[C@H](O)[C@H](O)[C@H](O)COP(=O)([O-])[O-])c1nc(=O)nc(=O)c1N2.O=O>>Cc1ccc(C(C)C)cc1O.Cc1cc2nc3c(=O)[n-]c(=O)nc-3n(C[C@H](O)[C@H](O)[C@H](O)COP(=O)([O-])[O-])c2cc1C.[H]O[H].[H+],True,C15_FPP_like,C15_polycyclic_highly_oxygenated
RHEA:67416,[H][C@]1(C(=C)C)CC=C(C)CC1.Cc1cc2c(cc1C)N(C[C@H](O)[C@H](O)[C@H](O)COP(=O)([O-])[O-])c1nc(=O)nc(=O)c1N2.O=O>>C=C(C)[C@@H]1CCC(C)=C[C@H]1O.Cc1cc2nc3c(=O)[n-]c(=O)nc-3n(C[C@H](O)[C@H](O)[C@H](O)COP(=O)([O-])[O-])c2cc1C.[H]O[H].[H+],[H][C@]1(C(=C)C)CC=C(C)CC1.Cc1cc2c(cc1C)N(C[C@H](O)[C@H](O)[C@H](O)COP(=O)([O-])[O-])c1nc(=O)nc(=O)c1N2.O=O>>C=C(C)[C@@H]1CCC(C)=C[C@H]1O.Cc1cc2nc3c(=O)[n-]c(=O)nc-3n(C[C@H](O)[C@H](O)[C@H](O)COP(=O)([O-])[O-])c2cc1C.[H]O[H].[H+],True,C10_GPP_like,C15_polycyclic_highly_oxygenated
RHEA:67476,CC(C)=CCOP(=O)([O-])OP(=O)([O-])[O-].[NH3+][C@@H](CCC(=O)[O-])C(=O)[O-]>>CC(C)=CC[NH2+][C@@H](CCC(=O)[O-])C(=O)[O-].O=P([O-])([O-])OP(=O)([O-])O,CC(C)=CCOP(=O)([O-])OP(=O)([O-])[O-].[NH3+]C(CCC(=O)[O-])C(=O)[O-]>>CC(C)=CC[NH2+]C(CCC(=O)[O-])C(=O)[O-].O=P([O-])([O-])OP(=O)([O-])O,True,C5_IPP_DMAPP_like,C10_acyclic_highly_oxygenated
RHEA:68156,CC(C)=CCC/C(C)=C/COP(=O)([O-])OP(=O)([O-])[O-].[NH3+][C@@H](CCC(=O)[O-])C(=O)[O-]>>CC(C)=CCC/C(C)=C/C[NH2+][C@@H](CCC(=O)[O-])C(=O)[O-].O=P([O-])([O-])OP(=O)([O-])O,CC(C)=CCCC(C)=CCOP(=O)([O-])OP(=O)([O-])[O-].[NH3+]C(CCC(=O)[O-])C(=O)[O-]>>CC(C)=CCCC(C)=CC[NH2+]C(CCC(=O)[O-])C(=O)[O-].O=P([O-])([O-])OP(=O)([O-])O,True,C10_GPP_like,C15_acyclic_highly_oxygenated
RHEA:68160,CC(C)=CCC/C(C)=C/C[NH2+][C@@H](CCC(=O)[O-])C(=O)[O-].Cc1cc2c(cc1C)N(C[C@H](O)[C@H](O)[C@H](O)COP(=O)([O-])[O-])c1nc(=O)nc(=O)c1N2.O=O>>C/C(=CCC/C(C)=C/C[NH2+][C@@H](CCC(=O)[O-])C(=O)[O-])CO.Cc1cc2nc3c(=O)[n-]c(=O)nc-3n(C[C@H](O)[C@H](O)[C@H](O)COP(=O)([O-])[O-])c2cc1C.[H]O[H].[H+],CC(C)=CCC/C(C)=C/C[NH2+][C@@H](CCC(=O)[O-])C(=O)[O-].Cc1cc2c(cc1C)N(C[C@H](O)[C@H](O)[C@H](O)COP(=O)([O-])[O-])c1nc(=O)nc(=O)c1N2.O=O>>C/C(=CCC/C(C)=C/C[NH2+][C@@H](CCC(=O)[O-])C(=O)[O-])CO.Cc1cc2nc3c(=O)[n-]c(=O)nc-3n(C[C@H](O)[C@H](O)[C@H](O)COP(=O)([O-])[O-])c2cc1C.[H]O[H].[H+],True,C15_FPP_like,C15_polycyclic_highly_oxygenated
RHEA:68164,C/C(=CCC/C(C)=C/C[NH2+][C@@H](CCC(=O)[O-])C(=O)[O-])CO.Cc1cc2c(cc1C)N(C[C@H](O)[C@H](O)[C@H](O)COP(=O)([O-])[O-])c1nc(=O)nc(=O)c1N2.O=O>>C/C(C=O)=CCC/C(C)=C/C[NH2+][C@@H](CCC(=O)[O-])C(=O)[O-].Cc1cc2nc3c(=O)[n-]c(=O)nc-3n(C[C@H](O)[C@H](O)[C@H](O)COP(=O)([O-])[O-])c2cc1C.[H]O[H].[H+],C/C(=CCC/C(C)=C/C[NH2+][C@@H](CCC(=O)[O-])C(=O)[O-])CO.Cc1cc2c(cc1C)N(C[C@H](O)[C@H](O)[C@H](O)COP(=O)([O-])[O-])c1nc(=O)nc(=O)c1N2.O=O>>C/C(C=O)=CCC/C(C)=C/C[NH2+][C@@H](CCC(=O)[O-])C(=O)[O-].Cc1cc2nc3c(=O)[n-]c(=O)nc-3n(C[C@H](O)[C@H](O)[C@H](O)COP(=O)([O-])[O-])c2cc1C.[H]O[H].[H+],True,C15_FPP_like,C15_polycyclic_highly_oxygenated
RHEA:68168,C/C(C=O)=CCC/C(C)=C/C[NH2+][C@@H](CCC(=O)[O-])C(=O)[O-].Cc1cc2c(cc1C)N(C[C@H](O)[C@H](O)[C@H](O)COP(=O)([O-])[O-])c1nc(=O)nc(=O)c1N2.O=O>>C/C(=CC[NH2+][C@@H](CCC(=O)[O-])C(=O)[O-])CC/C=C(C)C(=O)[O-].Cc1cc2nc3c(=O)[n-]c(=O)nc-3n(C[C@H](O)[C@H](O)[C@H](O)COP(=O)([O-])[O-])c2cc1C.[H]O[H].[H+],C/C(C=O)=CCC/C(C)=C/C[NH2+][C@@H](CCC(=O)[O-])C(=O)[O-].Cc1cc2c(cc1C)N(C[C@H](O)[C@H](O)[C@H](O)COP(=O)([O-])[O-])c1nc(=O)nc(=O)c1N2.O=O>>C/C(=CC[NH2+][C@@H](CCC(=O)[O-])C(=O)[O-])CC/C=C(C)C(=O)[O-].Cc1cc2nc3c(=O)[n-]c(=O)nc-3n(C[C@H](O)[C@H](O)[C@H](O)COP(=O)([O-])[O-])c2cc1C.[H]O[H].[H+],True,C15_FPP_like,C15_polycyclic_highly_oxygenated
RHEA:68400,CC(C)=CCC/C(C)=C/CC/C(C)=C/COP(=O)([O-])OP(=O)([O-])[O-]>>C=C(C)C1C=C2C(C)CCC2C(C)CC1.O=P([O-])([O-])OP(=O)([O-])O,CC(C)=CCCC(C)=CCCC(C)=CCOP(=O)([O-])OP(=O)([O-])[O-]>>C=C(C)C1C=C2C(C)CCC2C(C)CC1.O=P([O-])([O-])OP(=O)([O-])O,True,C15_FPP_like,C15_bicyclic_hydrocarbon
RHEA:68468,CC(C)=CCC/C(C)=CCC/C(C)=CCOP(=O)([O-])OP(=O)([O-])[O-]>>CC(C)=CCC/C(C)=C1/CC=C(C)CC1.O=P([O-])([O-])OP(=O)([O-])O,CC(C)=CCCC(C)=CCCC(C)=CCOP(=O)([O-])OP(=O)([O-])[O-]>>CC(C)=CCCC(C)=C1CC=C(C)CC1.O=P([O-])([O-])OP(=O)([O-])O,True,C15_FPP_like,C15_mono_hydrocarbon
RHEA:68472,CC(C)=CCC/C(C)=CCC/C(C)=CCOP(=O)([O-])OP(=O)([O-])[O-]>>CC(C)=CC/C=C(C)C1CC=C(C)CC1.O=P([O-])([O-])OP(=O)([O-])O,CC(C)=CCCC(C)=CCCC(C)=CCOP(=O)([O-])OP(=O)([O-])[O-]>>CC(C)=CCC=C(C)C1CC=C(C)CC1.O=P([O-])([O-])OP(=O)([O-])O,True,C15_FPP_like,C15_mono_hydrocarbon
RHEA:68504,CC(C)=CCC/C(C)=CCC/C(C)=CCOP(=O)([O-])OP(=O)([O-])[O-]>>C=CC(=C)CC/C=C(/C)CCC=C(C)C.O=P([O-])([O-])OP(=O)([O-])O,CC(C)=CCCC(C)=CCCC(C)=CCOP(=O)([O-])OP(=O)([O-])[O-]>>C=CC(=C)CCC=C(C)CCC=C(C)C.O=P([O-])([O-])OP(=O)([O-])O,True,C15_FPP_like,C15_acyclic_hydrocarbon
RHEA:68508,CC(C)=CCC/C(C)=C/CC/C(C)=C/COP(=O)([O-])OP(=O)([O-])[O-]>>C=CC(=C)CC/C=C(/C)CCC=C(C)C.O=P([O-])([O-])OP(=O)([O-])O,CC(C)=CCCC(C)=CCCC(C)=CCOP(=O)([O-])OP(=O)([O-])[O-]>>C=CC(=C)CCC=C(C)CCC=C(C)C.O=P([O-])([O-])OP(=O)([O-])O,True,C15_FPP_like,C15_acyclic_hydrocarbon
RHEA:68512,CC(C)=CCC/C(C)=CCC/C(C)=CCOP(=O)([O-])OP(=O)([O-])[O-]>>C=C(C)[C@@H]1CC[C@@H](C)[C@]12CC=C(C)CC2.O=P([O-])([O-])OP(=O)([O-])O,CC(C)=CCCC(C)=CCCC(C)=CCOP(=O)([O-])OP(=O)([O-])[O-]>>C=C(C)C1CCC(C)C12CC=C(C)CC2.O=P([O-])([O-])OP(=O)([O-])O,True,C15_FPP_like,C15_bicyclic_hydrocarbon
RHEA:68516,CC(C)=CCC/C(C)=CCC/C(C)=CCOP(=O)([O-])OP(=O)([O-])[O-]>>C=C(C)[C@@H]1CC[C@@H](C)[C@@]12CC=C(C)CC2.O=P([O-])([O-])OP(=O)([O-])O,CC(C)=CCCC(C)=CCCC(C)=CCOP(=O)([O-])OP(=O)([O-])[O-]>>C=C(C)C1CCC(C)C12CC=C(C)CC2.O=P([O-])([O-])OP(=O)([O-])O,True,C15_FPP_like,C15_bicyclic_hydrocarbon
RHEA:68520,CC(C)=CCC/C(C)=C/CC/C(C)=C/COP(=O)([O-])OP(=O)([O-])[O-]>>C=C(C)[C@@H]1CC[C@@H](C)[C@@]12CC=C(C)CC2.O=P([O-])([O-])OP(=O)([O-])O,CC(C)=CCCC(C)=CCCC(C)=CCOP(=O)([O-])OP(=O)([O-])[O-]>>C=C(C)C1CCC(C)C12CC=C(C)CC2.O=P([O-])([O-])OP(=O)([O-])O,True,C15_FPP_like,C15_bicyclic_hydrocarbon
RHEA:68524,CC(C)=CCC/C(C)=CCC/C(C)=CCOP(=O)([O-])OP(=O)([O-])[O-]>>O=C([O-])O.O=P([O-])([O-])OP(=O)([O-])O,CC(C)=CCCC(C)=CCCC(C)=CCOP(=O)([O-])OP(=O)([O-])[O-]>>O=C([O-])O.O=P([O-])([O-])OP(=O)([O-])O,True,C15_FPP_like,C5_acyclic_highly_oxygenated
RHEA:68528,CC(C)=CCC/C(C)=C/CC/C(C)=C/COP(=O)([O-])OP(=O)([O-])[O-]>>O=C([O-])O.O=P([O-])([O-])OP(=O)([O-])O,CC(C)=CCCC(C)=CCCC(C)=CCOP(=O)([O-])OP(=O)([O-])[O-]>>O=C([O-])O.O=P([O-])([O-])OP(=O)([O-])O,True,C15_FPP_like,C5_acyclic_highly_oxygenated
RHEA:68532,CC(C)=CCC/C(C)=C/CC/C(C)=C/COP(=O)([O-])OP(=O)([O-])[O-]>>CC(C)=CC/C=C(/C)C1CC=C(C)CC1.O=P([O-])([O-])OP(=O)([O-])O,CC(C)=CCCC(C)=CCCC(C)=CCOP(=O)([O-])OP(=O)([O-])[O-]>>CC(C)=CCC=C(C)C1CC=C(C)CC1.O=P([O-])([O-])OP(=O)([O-])O,True,C15_FPP_like,C15_mono_hydrocarbon
RHEA:68536,CC(C)=CCC/C(C)=C/CC/C(C)=C/COP(=O)([O-])OP(=O)([O-])[O-]>>[H][C@@]12CC[C@@H](C)[C@@]13CC=C(C)[C@H](C3)C2(C)C.O=P([O-])([O-])OP(=O)([O-])O,CC(C)=CCCC(C)=CCCC(C)=CCOP(=O)([O-])OP(=O)([O-])[O-]>>CC1=CCC23CC1C(C)(C)C2CCC3C.O=P([O-])([O-])OP(=O)([O-])O,True,C15_FPP_like,C15_polycyclic_hydrocarbon
RHEA:68540,CC(C)=CCC/C(C)=CCC/C(C)=CCOP(=O)([O-])OP(=O)([O-])[O-]>>[H][C@@]12CC[C@@H](C)[C@@]13CC=C(C)[C@H](C3)C2(C)C.O=P([O-])([O-])OP(=O)([O-])O,CC(C)=CCCC(C)=CCCC(C)=CCOP(=O)([O-])OP(=O)([O-])[O-]>>CC1=CCC23CC1C(C)(C)C2CCC3C.O=P([O-])([O-])OP(=O)([O-])O,True,C15_FPP_like,C15_polycyclic_hydrocarbon
RHEA:68544,CC(C)=CCC/C(C)=CCC/C(C)=CCOP(=O)([O-])OP(=O)([O-])[O-]>>C=CC(=C)CC/C=C(C)CCC=C(C)C.O=P([O-])([O-])OP(=O)([O-])O,CC(C)=CCCC(C)=CCCC(C)=CCOP(=O)([O-])OP(=O)([O-])[O-]>>C=CC(=C)CCC=C(C)CCC=C(C)C.O=P([O-])([O-])OP(=O)([O-])O,True,C15_FPP_like,C15_acyclic_hydrocarbon
RHEA:68596,CC(C)=CCC/C(C)=C/CC/C(C)=C/COP(=O)([O-])OP(=O)([O-])[O-]>>[H][C@@]12CC=C(C)C[C@@]1([H])[C@H](C(C)C)CC=C2C.O=P([O-])([O-])OP(=O)([O-])O,CC(C)=CCCC(C)=CCCC(C)=CCOP(=O)([O-])OP(=O)([O-])[O-]>>CC1=CCC2C(C)=CCC(C(C)C)C2C1.O=P([O-])([O-])OP(=O)([O-])O,True,C15_FPP_like,C15_bicyclic_hydrocarbon
RHEA:68636,CC(C)=CCC/C(C)=C/COP(=O)([O-])OP(=O)([O-])[O-]>>C=C1CCC2(C(C)C)CC12.O=P([O-])([O-])OP(=O)([O-])O,CC(C)=CCCC(C)=CCOP(=O)([O-])OP(=O)([O-])[O-]>>C=C1CCC2(C(C)C)CC12.O=P([O-])([O-])OP(=O)([O-])O,True,C10_GPP_like,C10_bicyclic_hydrocarbon
RHEA:68640,CC(C)=CCC/C(C)=C/COP(=O)([O-])OP(=O)([O-])[O-]>>C=C(C)C1CC=C(C)CC1.O=P([O-])([O-])OP(=O)([O-])O,CC(C)=CCCC(C)=CCOP(=O)([O-])OP(=O)([O-])[O-]>>C=C(C)C1CC=C(C)CC1.O=P([O-])([O-])OP(=O)([O-])O,True,C10_GPP_like,C10_mono_hydrocarbon
RHEA:68644,CC(C)=CCC/C(C)=C/COP(=O)([O-])OP(=O)([O-])[O-]>>CC(=O)N[C@H]1[C@H](Oc2ccccc2[N+](=O)[O-])O[C@H](CO)[C@@H](O)[C@@H]1O.O=P([O-])([O-])OP(=O)([O-])O,CC(C)=CCCC(C)=CCOP(=O)([O-])OP(=O)([O-])[O-]>>CC(=O)NC1C(Oc2ccccc2[N+](=O)[O-])OC(CO)C(O)C1O.O=P([O-])([O-])OP(=O)([O-])O,True,C10_GPP_like,C15_bicyclic_highly_oxygenated
RHEA:68708,CC(C)=CCC/C(C)=C/COP(=O)([O-])OP(=O)([O-])[O-].[H]O[H]>>C=CC(C)(O)CCC=C(C)C.O=P([O-])([O-])OP(=O)([O-])O,CC(C)=CCCC(C)=CCOP(=O)([O-])OP(=O)([O-])[O-].O>>C=CC(C)(O)CCC=C(C)C.O=P([O-])([O-])OP(=O)([O-])O,True,C10_GPP_like,C10_acyclic_oxygenated
RHEA:68712,CC(C)=CCC/C(C)=C/CC/C(C)=C/COP(=O)([O-])OP(=O)([O-])[O-]>>C=C[C@]1(C)CC[C@@H](C(=C)C)C[C@H]1C(=C)C.O=P([O-])([O-])OP(=O)([O-])O,CC(C)=CCCC(C)=CCCC(C)=CCOP(=O)([O-])OP(=O)([O-])[O-]>>C=CC1(C)CCC(C(=C)C)CC1C(=C)C.O=P([O-])([O-])OP(=O)([O-])O,True,C15_FPP_like,C15_mono_hydrocarbon
RHEA:68716,CC(C)=CCC/C(C)=C/CC/C(C)=C/COP(=O)([O-])OP(=O)([O-])[O-]>>C=C1/C=C/C(C(C)C)CC/C(C)=C/CC1.O=P([O-])([O-])OP(=O)([O-])O,CC(C)=CCCC(C)=CCCC(C)=CCOP(=O)([O-])OP(=O)([O-])[O-]>>C=C1C=CC(C(C)C)CCC(C)=CCC1.O=P([O-])([O-])OP(=O)([O-])O,True,C15_FPP_like,C15_mono_hydrocarbon
RHEA:68772,CC(C)=CCC/C(C)=CCC/C(C)=CCOP(=O)([O-])OP(=O)([O-])[O-]>>C/C1=CC=C(C(C)C)CC/C(C)=C/CC1.O=P([O-])([O-])OP(=O)([O-])O,CC(C)=CCCC(C)=CCCC(C)=CCOP(=O)([O-])OP(=O)([O-])[O-]>>CC1=CC=C(C(C)C)CCC(C)=CCC1.O=P([O-])([O-])OP(=O)([O-])O,True,C15_FPP_like,C15_mono_hydrocarbon
RHEA:68776,CC(C)=CCC/C(C)=CCC/C(C)=CCOP(=O)([O-])OP(=O)([O-])[O-]>>C=C(C)C1C/C=C(C)CC/C=C(C)CC1.O=P([O-])([O-])OP(=O)([O-])O,CC(C)=CCCC(C)=CCCC(C)=CCOP(=O)([O-])OP(=O)([O-])[O-]>>C=C(C)C1CC=C(C)CCC=C(C)CC1.O=P([O-])([O-])OP(=O)([O-])O,True,C15_FPP_like,C15_mono_hydrocarbon
RHEA:68780,CC(C)=CCC/C(C)=CCC/C(C)=CCOP(=O)([O-])OP(=O)([O-])[O-]>>C/C1=CCC/C(C)=C/CC(C)(C)/C=C/C1.O=P([O-])([O-])OP(=O)([O-])O,CC(C)=CCCC(C)=CCCC(C)=CCOP(=O)([O-])OP(=O)([O-])[O-]>>CC1=CCCC(C)=CCC(C)(C)C=CC1.O=P([O-])([O-])OP(=O)([O-])O,True,C15_FPP_like,C15_mono_hydrocarbon
RHEA:68784,CC(C)=CCC/C(C)=CCC/C(C)=CCOP(=O)([O-])OP(=O)([O-])[O-]>>CC(C)=CCC[C@@H](C)C1=CC=C(C)CC1.O=P([O-])([O-])OP(=O)([O-])O,CC(C)=CCCC(C)=CCCC(C)=CCOP(=O)([O-])OP(=O)([O-])[O-]>>CC(C)=CCCC(C)C1=CC=C(C)CC1.O=P([O-])([O-])OP(=O)([O-])O,True,C15_FPP_like,C15_mono_hydrocarbon
RHEA:68788,CC(C)=CCC/C(C)=CCC/C(C)=CCOP(=O)([O-])OP(=O)([O-])[O-]>>CC(C)=CCC/C(C)=C1CC=C(C)CC1.O=P([O-])([O-])OP(=O)([O-])O,CC(C)=CCCC(C)=CCCC(C)=CCOP(=O)([O-])OP(=O)([O-])[O-]>>CC(C)=CCCC(C)=C1CC=C(C)CC1.O=P([O-])([O-])OP(=O)([O-])O,True,C15_FPP_like,C15_mono_hydrocarbon
RHEA:68824,CC(C)=CCC/C(C)=C/COP(=O)([O-])OP(=O)([O-])[O-]>>C=C/C(C)=CCC=C(C)C.O=P([O-])([O-])OP(=O)([O-])O,CC(C)=CCCC(C)=CCOP(=O)([O-])OP(=O)([O-])[O-]>>C=CC(C)=CCC=C(C)C.O=P([O-])([O-])OP(=O)([O-])O,True,C10_GPP_like,C10_acyclic_hydrocarbon
RHEA:68844,CC(C)=CCC/C(C)=C/CC/C(C)=CCOP(=O)([O-])OP(=O)([O-])[O-]>>CC(C)=CC/C=C(/C)C1CC=C(C)CC1.O=P([O-])([O-])OP(=O)([O-])O,CC(C)=CCCC(C)=CCCC(C)=CCOP(=O)([O-])OP(=O)([O-])[O-]>>CC(C)=CCC=C(C)C1CC=C(C)CC1.O=P([O-])([O-])OP(=O)([O-])O,True,C15_FPP_like,C15_mono_hydrocarbon
RHEA:68852,CC(C)=CCC/C(C)=C/CC/C(C)=C/COP(=O)([O-])OP(=O)([O-])[O-].[H]O[H]>>[H][C@@]1([C@H](C)CCC=C(C)C)CCC(C)=C[C@H]1O.O=P([O-])([O-])OP(=O)([O-])O,CC(C)=CCCC(C)=CCCC(C)=CCOP(=O)([O-])OP(=O)([O-])[O-].O>>CC(C)=CCCC(C)C1CCC(C)=CC1O.O=P([O-])([O-])OP(=O)([O-])O,True,C15_FPP_like,C15_mono_oxygenated
RHEA:69444,CC(C)=CCC/C(C)=C/CC/C(C)=C/COP(=O)([O-])OP(=O)([O-])[O-]>>[H][C@@]12CCC(C)=C[C@@]1([H])[C@H](C(C)C)CC=C2C.O=P([O-])([O-])OP(=O)([O-])O,CC(C)=CCCC(C)=CCCC(C)=CCOP(=O)([O-])OP(=O)([O-])[O-]>>CC1=CC2C(CC1)C(C)=CCC2C(C)C.O=P([O-])([O-])OP(=O)([O-])O,True,C15_FPP_like,C15_bicyclic_hydrocarbon
RHEA:69448,CC(C)=CCC/C(C)=C/CC/C(C)=C/COP(=O)([O-])OP(=O)([O-])[O-].[H]O[H]>>[H][C@]12CCC(C)=C[C@@]1([H])[C@H](C(C)C)CC[C@@]2(C)O.O=P([O-])([O-])OP(=O)([O-])O,CC(C)=CCCC(C)=CCCC(C)=CCOP(=O)([O-])OP(=O)([O-])[O-].O>>CC1=CC2C(C(C)C)CCC(C)(O)C2CC1.O=P([O-])([O-])OP(=O)([O-])O,True,C15_FPP_like,C15_bicyclic_oxygenated
RHEA:69775,CC(C)=CCC/C(C)=C/CC/C(C)=C/COP(=O)([O-])OP(=O)([O-])[O-]>>[H][C@]12CCC(=C)C3[C@]1(C)CC[C@@H](C(C)C)[C@@]32[H].O=P([O-])([O-])OP(=O)([O-])O,CC(C)=CCCC(C)=CCCC(C)=CCOP(=O)([O-])OP(=O)([O-])[O-]>>C=C1CCC2C3C(C(C)C)CCC2(C)C13.O=P([O-])([O-])OP(=O)([O-])O,True,C15_FPP_like,C15_polycyclic_hydrocarbon
RHEA:71979,CC(C)=CCC/C(C)=C/CC/C(C)=C/CC/C(C)=C/CC/C(C)=C/COP(=O)([O-])OP(=O)([O-])[O-]>>[H][C@]12CC[C@@H](C)[C@]13CC[C@@H](C)C1=C(C[C@]4([H])[C@H](C(C)C)CC[C@@]4(C)C1)[C@]23C.O=P([O-])([O-])OP(=O)([O-])O,CC(C)=CCCC(C)=CCCC(C)=CCCC(C)=CCCC(C)=CCOP(=O)([O-])OP(=O)([O-])[O-]>>CC1CCC23C(C)CCC2C3(C)C2=C1CC1(C)CCC(C(C)C)C1C2.O=P([O-])([O-])OP(=O)([O-])O,True,C25_GFPP_like,C25_polycyclic_hydrocarbon
RHEA:71983,CC(C)=CCC/C(C)=C/CC/C(C)=C/CC/C(C)=C/CC/C(C)=C/COP(=O)([O-])OP(=O)([O-])[O-]>>[H][C@]12CC[C@@H](C)[C@]13CCC(=C)[C@]1([H])C[C@]4(C)CC[C@@H](C(C)C)[C@@]4([H])C[C@@]1([H])[C@]23C.O=P([O-])([O-])OP(=O)([O-])O,CC(C)=CCCC(C)=CCCC(C)=CCCC(C)=CCCC(C)=CCOP(=O)([O-])OP(=O)([O-])[O-]>>C=C1CCC23C(C)CCC2C3(C)C2CC3C(C(C)C)CCC3(C)CC12.O=P([O-])([O-])OP(=O)([O-])O,True,C25_GFPP_like,C25_polycyclic_hydrocarbon
RHEA:71987,CC(C)=CCC/C(C)=C/CC/C(C)=C/CC/C(C)=C/CC/C(C)=C/COP(=O)([O-])OP(=O)([O-])[O-]>>[H][C@@]12CC[C@@H](C)/C1=C/C/C(C)=C/C[C@]1(C)CC[C@@H](C(C)C)[C@@]1([H])C/C=C/2C.O=P([O-])([O-])OP(=O)([O-])O,CC(C)=CCCC(C)=CCCC(C)=CCCC(C)=CCCC(C)=CCOP(=O)([O-])OP(=O)([O-])[O-]>>CC1=CCC2(C)CCC(C(C)C)C2CC=C(C)C2CCC(C)C2=CC1.O=P([O-])([O-])OP(=O)([O-])O,True,C25_GFPP_like,C25_polycyclic_hydrocarbon
RHEA:71991,CC(C)=CCC/C(C)=C/CC/C(C)=C/CC/C(C)=C/CC/C(C)=C/COP(=O)([O-])OP(=O)([O-])[O-]>>[H][C@]12CC[C@@H](C)[C@]13CC[C@@H](C)[C@]1([H])C[C@]4(C)CC[C@@H](C(C)C)[C@@]4([H])C[C@]21C3=C.O=P([O-])([O-])OP(=O)([O-])O,CC(C)=CCCC(C)=CCCC(C)=CCCC(C)=CCCC(C)=CCOP(=O)([O-])OP(=O)([O-])[O-]>>C=C1C23CCC(C)C4CC5(C)CCC(C(C)C)C5CC14C2CCC3C.O=P([O-])([O-])OP(=O)([O-])O,True,C25_GFPP_like,C25_polycyclic_hydrocarbon
RHEA:71995,CC(C)=CCC/C(C)=C/CC/C(C)=C/CC/C(C)=C/CC/C(C)=C/COP(=O)([O-])OP(=O)([O-])[O-].[H]O[H]>>[H][C@@]12CC[C@H](C)[C@@]13CC[C@H](C)[C@@]1([H])C[C@@]4(C)CC[C@H](C(C)C)[C@]4([H])C[C@]1(O)[C@@]23C.O=P([O-])([O-])OP(=O)([O-])O,CC(C)=CCCC(C)=CCCC(C)=CCCC(C)=CCCC(C)=CCOP(=O)([O-])OP(=O)([O-])[O-].O>>CC(C)C1CCC2(C)CC3C(C)CCC45C(C)CCC4C5(C)C3(O)CC12.O=P([O-])([O-])OP(=O)([O-])O,True,C25_GFPP_like,C25_polycyclic_oxygenated
RHEA:71999,[H][C@@]12CC[C@H](C)[C@@]13CC[C@H](C)[C@@]1([H])C[C@@]4(C)CC[C@H](C(C)C)[C@]4([H])C[C@]1(O)[C@@]23C.Cc1cc2c(cc1C)N(C[C@H](O)[C@H](O)[C@H](O)COP(=O)([O-])[O-])c1nc(=O)nc(=O)c1N2.O=O>>[H][C@@]12CC[C@H](C)[C@@]13CC[C@H](C)[C@@]1([H])C[C@@]4(C)CC[C@H](C(C)C)[C@]4([H])C[C@]1(O)[C@@]23CO.Cc1cc2nc3c(=O)[n-]c(=O)nc-3n(C[C@H](O)[C@H](O)[C@H](O)COP(=O)([O-])[O-])c2cc1C.[H]O[H].[H+],[H][C@@]12CC[C@H](C)[C@@]13CC[C@H](C)[C@@]1([H])C[C@@]4(C)CC[C@H](C(C)C)[C@]4([H])C[C@]1(O)[C@@]23C.Cc1cc2c(cc1C)N(C[C@H](O)[C@H](O)[C@H](O)COP(=O)([O-])[O-])c1nc(=O)nc(=O)c1N2.O=O>>[H][C@@]12CC[C@H](C)[C@@]13CC[C@H](C)[C@@]1([H])C[C@@]4(C)CC[C@H](C(C)C)[C@]4([H])C[C@]1(O)[C@@]23CO.Cc1cc2nc3c(=O)[n-]c(=O)nc-3n(C[C@H](O)[C@H](O)[C@H](O)COP(=O)([O-])[O-])c2cc1C.[H]O[H].[H+],True,C25_GFPP_like,C25_polycyclic_oxygenated
RHEA:73951,CC(C)=CCC/C(C)=C/CC/C(C)=C/COP(=O)([O-])OP(=O)([O-])[O-]>>[H][C@@]12CC[C@]3(C)CCCC(C)=C3[C@]1([H])C2(C)C.O=P([O-])([O-])OP(=O)([O-])O,CC(C)=CCCC(C)=CCCC(C)=CCOP(=O)([O-])OP(=O)([O-])[O-]>>CC1=C2C3C(CCC2(C)CCC1)C3(C)C.O=P([O-])([O-])OP(=O)([O-])O,True,C15_FPP_like,C15_polycyclic_hydrocarbon
RHEA:73963,CC(C)=CCC/C(C)=C/CC/C(C)=C/COP(=O)([O-])OP(=O)([O-])[O-]>>CC1CCCC2=CCC3C(C3(C)C)C21C.O=P([O-])([O-])OP(=O)([O-])O,CC(C)=CCCC(C)=CCCC(C)=CCOP(=O)([O-])OP(=O)([O-])[O-]>>CC1CCCC2=CCC3C(C3(C)C)C21C.O=P([O-])([O-])OP(=O)([O-])O,True,C15_FPP_like,C15_polycyclic_hydrocarbon
RHEA:73979,CC(C)=CCC/C(C)=C/CC/C(C)=C/COP(=O)([O-])OP(=O)([O-])[O-]>>CC1CCC=C2CCC3C(C3(C)C)C21C.O=P([O-])([O-])OP(=O)([O-])O,CC(C)=CCCC(C)=CCCC(C)=CCOP(=O)([O-])OP(=O)([O-])[O-]>>CC1CCC=C2CCC3C(C3(C)C)C21C.O=P([O-])([O-])OP(=O)([O-])O,True,C15_FPP_like,C15_polycyclic_hydrocarbon
RHEA:73983,CC(C)=CCC/C(C)=C/CC/C(C)=C/COP(=O)([O-])OP(=O)([O-])[O-]>>C=C1CC[C@@]2(C)C[C@@H]1[C@@]1(C)CCC[C@@]21C.O=P([O-])([O-])OP(=O)([O-])O,CC(C)=CCCC(C)=CCCC(C)=CCOP(=O)([O-])OP(=O)([O-])[O-]>>C=C1CCC2(C)CC1C1(C)CCCC21C.O=P([O-])([O-])OP(=O)([O-])O,True,C15_FPP_like,C15_polycyclic_hydrocarbon
RHEA:73987,CC(C)=CCC/C(C)=C/CC/C(C)=C/COP(=O)([O-])OP(=O)([O-])[O-].[H]O[H]>>C[C@H]1CCCC2=CCC(C(C)(C)O)C[C@]21C.O=P([O-])([O-])OP(=O)([O-])O,CC(C)=CCCC(C)=CCCC(C)=CCOP(=O)([O-])OP(=O)([O-])[O-].O>>CC1CCCC2=CCC(C(C)(C)O)CC21C.O=P([O-])([O-])OP(=O)([O-])O,True,C15_FPP_like,C15_bicyclic_oxygenated
RHEA:73991,CC(C)=CCCC(C)=CCCC(C)=CCCC(C)=CCOP(=O)([O-])OP(=O)([O-])[O-]>>[H][C@]12CC/C(C)=C/CC/C(C)=C/C[C@]1(C)CCC2=C(C)C.O=P([O-])([O-])OP(=O)([O-])O,CC(C)=CCCC(C)=CCCC(C)=CCCC(C)=CCOP(=O)([O-])OP(=O)([O-])[O-]>>CC1=CCC2(C)CCC(=C(C)C)C2CCC(C)=CCC1.O=P([O-])([O-])OP(=O)([O-])O,True,C20_GGPP_like,C20_bicyclic_hydrocarbon
RHEA:73995,CC(C)=CCCC(C)=CCCC(C)=CCCC(C)=CCOP(=O)([O-])OP(=O)([O-])[O-].[H]O[H]>>C/C1=CCC/C(C)=C/C[C@@H](C(C)(C)O)CC/C(C)=C/CC1.O=P([O-])([O-])OP(=O)([O-])O,CC(C)=CCCC(C)=CCCC(C)=CCCC(C)=CCOP(=O)([O-])OP(=O)([O-])[O-].O>>CC1=CCCC(C)=CCC(C(C)(C)O)CCC(C)=CCC1.O=P([O-])([O-])OP(=O)([O-])O,True,C20_GGPP_like,C20_mono_oxygenated
RHEA:74107,C[C@H]1CCCC2=CCC(C(C)(C)O)C[C@]21C.Cc1cc2c(cc1C)N(C[C@H](O)[C@H](O)[C@H](O)COP(=O)([O-])[O-])c1nc(=O)nc(=O)c1N2.O=O>>C[C@H]1CCCC2=CC=CC[C@]21C.CC(C)=O.Cc1cc2nc3c(=O)[n-]c(=O)nc-3n(C[C@H](O)[C@H](O)[C@H](O)COP(=O)([O-])[O-])c2cc1C.[H]O[H].[H+],C[C@H]1CCCC2=CCC(C(C)(C)O)C[C@]21C.Cc1cc2c(cc1C)N(C[C@H](O)[C@H](O)[C@H](O)COP(=O)([O-])[O-])c1nc(=O)nc(=O)c1N2.O=O>>C[C@H]1CCCC2=CC=CC[C@]21C.CC(C)=O.Cc1cc2nc3c(=O)[n-]c(=O)nc-3n(C[C@H](O)[C@H](O)[C@H](O)COP(=O)([O-])[O-])c2cc1C.[H]O[H].[H+],True,C15_FPP_like,C15_polycyclic_highly_oxygenated
RHEA:74543,CC(C)=CCC/C(C)=C/CC/C(C)=C/CC/C(C)=C/COP(=O)([O-])OP(=O)([O-])[O-]>>C=C/C(C)=C/C/C=C(C)CC/C=C(C)CCC=C(C)C.O=P([O-])([O-])OP(=O)([O-])O,CC(C)=CCCC(C)=CCCC(C)=CCCC(C)=CCOP(=O)([O-])OP(=O)([O-])[O-]>>C=CC(C)=CCC=C(C)CCC=C(C)CCC=C(C)C.O=P([O-])([O-])OP(=O)([O-])O,True,C20_GGPP_like,C20_acyclic_hydrocarbon
RHEA:74547,CC(C)=CCC/C(C)=C/CC/C(C)=C/CC/C(C)=C/COP(=O)([O-])OP(=O)([O-])[O-]>>[H][C@@]12CC[C@H](C)[C@]1([H])C[C@@]1(C)CCC(C)(C)C=C1C/C=C2C.O=P([O-])([O-])OP(=O)([O-])O,CC(C)=CCCC(C)=CCCC(C)=CCCC(C)=CCOP(=O)([O-])OP(=O)([O-])[O-]>>CC1=CCC2=CC(C)(C)CCC2(C)CC2C(C)CCC12.O=P([O-])([O-])OP(=O)([O-])O,True,C20_GGPP_like,C20_polycyclic_hydrocarbon
RHEA:74587,CC(C)=CCC/C(C)=C/CC/C(C)=C/COP(=O)([O-])OP(=O)([O-])[O-]>>C=C1CC[C@H]2C[C@@H]1[C@]2(C)CCC=C(C)C.O=P([O-])([O-])OP(=O)([O-])O,CC(C)=CCCC(C)=CCCC(C)=CCOP(=O)([O-])OP(=O)([O-])[O-]>>C=C1CCC2CC1C2(C)CCC=C(C)C.O=P([O-])([O-])OP(=O)([O-])O,True,C15_FPP_like,C15_polycyclic_hydrocarbon
RHEA:74591,C=C1CC[C@H]2C[C@@H]1[C@]2(C)CCC=C(C)C.Cc1cc2c(cc1C)N(C[C@H](O)[C@H](O)[C@H](O)COP(=O)([O-])[O-])c1nc(=O)nc(=O)c1N2.O=O.[H][C@]1([C@@]2(C)O[C@]2([H])CC=C(C)C)CC(=O)CC[C@]12CO2>>Cc1cc2nc3c(=O)[n-]c(=O)nc-3n(C[C@H](O)[C@H](O)[C@H](O)COP(=O)([O-])[O-])c2cc1C.[H]O[H].[H+],C=C1CC[C@H]2C[C@@H]1[C@]2(C)CCC=C(C)C.Cc1cc2c(cc1C)N(C[C@H](O)[C@H](O)[C@H](O)COP(=O)([O-])[O-])c1nc(=O)nc(=O)c1N2.O=O.[H][C@]1([C@@]2(C)O[C@]2([H])CC=C(C)C)CC(=O)CC[C@]12CO2>>Cc1cc2nc3c(=O)[n-]c(=O)nc-3n(C[C@H](O)[C@H](O)[C@H](O)COP(=O)([O-])[O-])c2cc1C.[H]O[H].[H+],True,C15_FPP_like,C15_polycyclic_highly_oxygenated
RHEA:74627,[H][C@]1([C@@]2(C)O[C@]2([H])CC=C(C)C)[C@H](OC)[C@H](OC(=O)/C=C/C=C/C=C/C=C/C=C/C)CC[C@]12CO2.NC(=O)C1=CN([C@@H]2O[C@H](COP(=O)([O-])OP(=O)([O-])OC[C@H]3O[C@@H](n4cnc5c(N)ncnc54)[C@H](OP(=O)([O-])[O-])[C@@H]3O)[C@@H](O)[C@H]2O)C=CC1.O=O>>[H][C@]1([C@@]2(C)O[C@]2([H])CC=C(C)C)[C@H](OC)[C@H](OC(=O)/C=C/C=C/C=C/C=C/C(=O)[O-])CC[C@]12CO2.[H]C(C)=O.NC(=O)c1ccc[n+]([C@@H]2O[C@H](COP(=O)([O-])OP(=O)([O-])OC[C@H]3O[C@@H](n4cnc5c(N)ncnc54)[C@H](OP(=O)([O-])[O-])[C@@H]3O)[C@@H](O)[C@H]2O)c1.[H]O[H],CC=CC=CC=CC=CC=CC(=O)OC1CCC2(CO2)C(C2(C)OC2CC=C(C)C)C1OC.NC(=O)C1=CN(C2OC(COP(=O)([O-])OP(=O)([O-])OCC3OC(n4cnc5c(N)ncnc54)C(OP(=O)([O-])[O-])C3O)C(O)C2O)C=CC1.O=O>>CC=O.COC1C(OC(=O)C=CC=CC=CC=CC(=O)[O-])CCC2(CO2)C1C1(C)OC1CC=C(C)C.NC(=O)c1ccc[n+](C2OC(COP(=O)([O-])OP(=O)([O-])OCC3OC(n4cnc5c(N)ncnc54)C(OP(=O)([O-])[O-])C3O)C(O)C2O)c1.O,True,C20_GGPP_like,C25_polycyclic_highly_oxygenated
RHEA:74635,[H][C@]1([C@@]2(C)O[C@]2([H])CC=C(C)C)CC(=O)CC[C@]12CO2.O=C([O-])CCC(=O)C(=O)[O-].O=O>>[H][C@]1([C@@]2(C)O[C@]2([H])CC=C(C)C)[C@H](O)C(=O)CC[C@]12CO2.O=C([O-])CCC(=O)[O-].O=C=O,CC(C)=CCC1OC1(C)C1CC(=O)CCC12CO2.O=C([O-])CCC(=O)C(=O)[O-].O=O>>CC(C)=CCC1OC1(C)C1C(O)C(=O)CCC12CO2.O=C([O-])CCC(=O)[O-].O=C=O,True,C15_FPP_like,C15_polycyclic_highly_oxygenated
RHEA:74707,[H][C@]1([C@@]2(C)O[C@]2([H])CC=C(C)C)[C@H](OC)[C@H](O)CC[C@]12CO2.NC(=O)c1ccc[n+]([C@@H]2O[C@H](COP(=O)([O-])OP(=O)([O-])OC[C@H]3O[C@@H](n4cnc5c(N)ncnc54)[C@H](OP(=O)([O-])[O-])[C@@H]3O)[C@@H](O)[C@H]2O)c1.[H][C@]1([C@@]2(C)O[C@]2([H])CC=C(C)C)[C@H](OC)C(=O)CC[C@]12CO2>>NC(=O)C1=CN([C@@H]2O[C@H](COP(=O)([O-])OP(=O)([O-])OC[C@H]3O[C@@H](n4cnc5c(N)ncnc54)[C@H](OP(=O)([O-])[O-])[C@@H]3O)[C@@H](O)[C@H]2O)C=CC1.[H+],COC1C(=O)CCC2(CO2)C1C1(C)OC1CC=C(C)C.COC1C(O)CCC2(CO2)C1C1(C)OC1CC=C(C)C.NC(=O)c1ccc[n+](C2OC(COP(=O)([O-])OP(=O)([O-])OCC3OC(n4cnc5c(N)ncnc54)C(OP(=O)([O-])[O-])C3O)C(O)C2O)c1>>NC(=O)C1=CN(C2OC(COP(=O)([O-])OP(=O)([O-])OCC3OC(n4cnc5c(N)ncnc54)C(OP(=O)([O-])[O-])C3O)C(O)C2O)C=CC1.[H+],True,C20_GGPP_like,C20_polycyclic_highly_oxygenated
RHEA:74711,[H][C@]1([C@@]2(C)O[C@]2([H])CC=C(C)C)[C@H](O)C(=O)CC[C@]12CO2.Nc1nc(=O)c2ncn([C@@H]3O[C@H](CO)[C@H]4OP(=O)(O)O[C@H]43)c2n1>>[H][C@]1([C@@]2(C)O[C@]2([H])CC=C(C)C)[C@H](OC)C(=O)CC[C@]12CO2.Nc1ncnc2c1ncn2[C@@H]1O[C@H](CSCC[C@H]([NH3+])C(=O)[O-])[C@@H](O)[C@H]1O.[H+],[H][C@]1([C@@]2(C)O[C@]2([H])CC=C(C)C)[C@H](O)C(=O)CC[C@]12CO2.Nc1nc(=O)c2ncn([C@@H]3O[C@H](CO)[C@H]4OP(=O)(O)O[C@H]43)c2n1>>[H][C@]1([C@@]2(C)O[C@]2([H])CC=C(C)C)[C@H](OC)C(=O)CC[C@]12CO2.Nc1ncnc2c1ncn2[C@@H]1O[C@H](CSCC[C@H]([NH3+])C(=O)[O-])[C@@H](O)[C@H]1O.[H+],True,C15_FPP_like,C15_polycyclic_highly_oxygenated
RHEA:74727,*N[C@@H](COP(=O)([O-])OCC(C)(C)[C@@H](O)C(=O)NCCC(=O)NCCS)C(*)=O.CC(C)(COP(=O)([O-])OP(=O)([O-])OC[C@H]1O[C@@H](n2cnc3c(N)ncnc32)[C@H](O)[C@@H]1OP(=O)([O-])[O-])[C@@H](O)C(=O)NCCC(=O)NCCSC(=O)CC(=O)[O-].CC(=O)SCCNC(=O)CCNC(=O)[C@H](O)C(C)(C)COP(=O)([O-])OP(=O)([O-])OC[C@H]1O[C@@H](n2cnc3c(N)ncnc32)[C@H](O)[C@@H]1OP(=O)([O-])[O-].NC(=O)C1=CN([C@@H]2O[C@H](COP(=O)([O-])OP(=O)([O-])OC[C@H]3O[C@@H](n4cnc5c(N)ncnc54)[C@H](OP(=O)([O-])[O-])[C@@H]3O)[C@@H](O)[C@H]2O)C=CC1.[H+].*N[C@@H](COP(=O)([O-])OCC(C)(C)[C@@H](O)C(=O)NCCC(=O)NCCSC(=O)/C=C/C=C/C=C/C=C/C=C/C)C(*)=O>>O=C=O.NC(=O)c1ccc[n+]([C@@H]2O[C@H](COP(=O)([O-])OP(=O)([O-])OC[C@H]3O[C@@H](n4cnc5c(N)ncnc54)[C@H](OP(=O)([O-])[O-])[C@@H]3O)[C@@H](O)[C@H]2O)c1.CC(C)(COP(=O)([O-])OP(=O)([O-])OC[C@H]1O[C@@H](n2cnc3c(N)ncnc32)[C@H](O)[C@@H]1OP(=O)([O-])[O-])[C@@H](O)C(=O)NCCC(=O)NCCS.[H]O[H],*NC(COP(=O)([O-])OCC(C)(C)C(O)C(=O)NCCC(=O)NCCS)C(*)=O.*NC(COP(=O)([O-])OCC(C)(C)C(O)C(=O)NCCC(=O)NCCSC(=O)C=CC=CC=CC=CC=CC)C(*)=O.CC(=O)SCCNC(=O)CCNC(=O)C(O)C(C)(C)COP(=O)([O-])OP(=O)([O-])OCC1OC(n2cnc3c(N)ncnc32)C(O)C1OP(=O)([O-])[O-].CC(C)(COP(=O)([O-])OP(=O)([O-])OCC1OC(n2cnc3c(N)ncnc32)C(O)C1OP(=O)([O-])[O-])C(O)C(=O)NCCC(=O)NCCSC(=O)CC(=O)[O-].NC(=O)C1=CN(C2OC(COP(=O)([O-])OP(=O)([O-])OCC3OC(n4cnc5c(N)ncnc54)C(OP(=O)([O-])[O-])C3O)C(O)C2O)C=CC1.[H+]>>CC(C)(COP(=O)([O-])OP(=O)([O-])OCC1OC(n2cnc3c(N)ncnc32)C(O)C1OP(=O)([O-])[O-])C(O)C(=O)NCCC(=O)NCCS.NC(=O)c1ccc[n+](C2OC(COP(=O)([O-])OP(=O)([O-])OCC3OC(n4cnc5c(N)ncnc54)C(OP(=O)([O-])[O-])C3O)C(O)C2O)c1.O.O=C=O,True,C25_GFPP_like,C20_polycyclic_highly_oxygenated
RHEA:74751,[H][C@]1([C@@]2(C)O[C@]2([H])CC=C(C)C)[C@H](OC)[C@H](O)CC[C@]12CO2.*N[C@@H](COP(=O)([O-])OCC(C)(C)[C@@H](O)C(=O)NCCC(=O)NCCSC(=O)/C=C/C=C/C=C/C=C/C=C/C)C(*)=O>>[H][C@]1([C@@]2(C)O[C@]2([H])CC=C(C)C)[C@H](OC)[C@H](OC(=O)/C=C/C=C/C=C/C=C/C=C/C)CC[C@]12CO2.*N[C@@H](COP(=O)([O-])OCC(C)(C)[C@@H](O)C(=O)NCCC(=O)NCCS)C(*)=O,*NC(COP(=O)([O-])OCC(C)(C)C(O)C(=O)NCCC(=O)NCCSC(=O)C=CC=CC=CC=CC=CC)C(*)=O.COC1C(O)CCC2(CO2)C1C1(C)OC1CC=C(C)C>>*NC(COP(=O)([O-])OCC(C)(C)C(O)C(=O)NCCC(=O)NCCS)C(*)=O.CC=CC=CC=CC=CC=CC(=O)OC1CCC2(CO2)C(C2(C)OC2CC=C(C)C)C1OC,True,C25_GFPP_like,C_long_polycyclic_highly_oxygenated
RHEA:77007,CC1(C)CC[C@@H](C(=O)[O-])[NH2+]C1.CC1CCC2C3(C)OC4(C)CC(O)C12CC4C3[NH2+]CCCCC[NH+](C)C.Nc1ncnc2c1ncn2[C@@H]1O[C@H](COP(=O)([O-])OP(=O)([O-])OP(=O)([O-])[O-])[C@@H](O)[C@H]1O>>[H][C@@]1(C(=O)OC2CC3(C)OC4(C)C([NH2+]CCCCC[NH+](C)C)C3CC23C(C)CCC43)CCC(C)(C)CN1.Nc1ncnc2c1ncn2[C@@H]1O[C@H](COP(=O)([O-])[O-])[C@@H](O)[C@H]1O.O=P([O-])([O-])OP(=O)([O-])O.[H+],CC1(C)CCC(C(=O)[O-])[NH2+]C1.CC1CCC2C3(C)OC4(C)CC(O)C12CC4C3[NH2+]CCCCC[NH+](C)C.Nc1ncnc2c1ncn2C1OC(COP(=O)([O-])OP(=O)([O-])OP(=O)([O-])[O-])C(O)C1O>>CC1CCC2C3(C)OC4(C)CC(OC(=O)C5CCC(C)(C)CN5)C12CC4C3[NH2+]CCCCC[NH+](C)C.Nc1ncnc2c1ncn2C1OC(COP(=O)([O-])[O-])C(O)C1O.O=P([O-])([O-])OP(=O)([O-])O.[H+],True,C10_GPP_like,C_long_polycyclic_highly_oxygenated
RHEA:77071,CC(C)=CCC/C(C)=C/CC/C(C)=C/COP(=O)([O-])OP(=O)([O-])[O-]>>C=C(C)[C@H]1CC[C@@H](C)[C@]12CC=C(C)CC2.O=P([O-])([O-])OP(=O)([O-])O,CC(C)=CCCC(C)=CCCC(C)=CCOP(=O)([O-])OP(=O)([O-])[O-]>>C=C(C)C1CCC(C)C12CC=C(C)CC2.O=P([O-])([O-])OP(=O)([O-])O,True,C15_FPP_like,C15_bicyclic_hydrocarbon
RHEA:77079,C[NH+](C)CCCCC[NH3+].CC1CCC2C3(C)[CH+]C4CC12CCC4(C)O3>>CC1CCC2C13CCC1(C)OC2(C)C([NH2+]CCCCC[NH+](C)C)C1C3.[H+],CC1CCC2C3(C)[CH+]C4CC12CCC4(C)O3.C[NH+](C)CCCCC[NH3+]>>CC1CCC2C13CCC1(C)OC2(C)C([NH2+]CCCCC[NH+](C)C)C1C3.[H+],True,C15_FPP_like,C20_polycyclic_oxygenated
RHEA:77963,CC(C)=CCC/C(C)=C/CC/C(C)=C/CC/C(C)=C/COP(=O)([O-])OP(=O)([O-])[O-]>>[H][C@@]12C[C@@]3(C)CCC(C(C)C)=C3CC[C@@]1(C)CCCC2=C.O=P([O-])([O-])OP(=O)([O-])O,CC(C)=CCCC(C)=CCCC(C)=CCCC(C)=CCOP(=O)([O-])OP(=O)([O-])[O-]>>C=C1CCCC2(C)CCC3=C(C(C)C)CCC3(C)CC12.O=P([O-])([O-])OP(=O)([O-])O,True,C20_GGPP_like,C20_polycyclic_hydrocarbon
RHEA:77967,CC(C)=CCC/C(C)=C/CC/C(C)=C/CC/C(C)=C/CC/C(C)=C/CC/C(C)=C/COP(=O)([O-])OP(=O)([O-])[O-]>>[H][C@@]12/C=C(C)CC/C=C(C)CC/C=C(C)CC/C=C(C)CC/C=C(C)CC[C@@]1([H])C2(C)C.O=P([O-])([O-])OP(=O)([O-])O,CC(C)=CCCC(C)=CCCC(C)=CCCC(C)=CCCC(C)=CCCC(C)=CCOP(=O)([O-])OP(=O)([O-])[O-]>>CC1=CCCC(C)=CCCC(C)=CC2C(CCC(C)=CCCC(C)=CCC1)C2(C)C.O=P([O-])([O-])OP(=O)([O-])O,True,C30_long_prenyl_like,C_long_bicyclic_hydrocarbon
RHEA:77971,CC(C)=CCC/C(C)=C/CC/C(C)=C/CC/C(C)=C/CC/C(C)=C/CC/C(C)=C/COP(=O)([O-])OP(=O)([O-])[O-]>>[H][C@@]12CC/C(C)=C/CC/C(C)=C/C[C@@]1(C)CC=C2C(C)CC/C=C(C)CCC=C(C)C.O=P([O-])([O-])OP(=O)([O-])O,CC(C)=CCCC(C)=CCCC(C)=CCCC(C)=CCCC(C)=CCCC(C)=CCOP(=O)([O-])OP(=O)([O-])[O-]>>CC(C)=CCCC(C)=CCCC(C)C1=CCC2(C)CC=C(C)CCC=C(C)CCC12.O=P([O-])([O-])OP(=O)([O-])O,True,C30_long_prenyl_like,C_long_bicyclic_hydrocarbon
RHEA:77975,C=C(C)CCOP(=O)([O-])OP(=O)([O-])[O-].CC(C)=CCOP(=O)([O-])OP(=O)([O-])[O-]>>CC(C)=CCC/C(C)=C/CC/C(C)=C/CC/C(C)=C/CC/C(C)=C/CC/C(C)=C/COP(=O)([O-])OP(=O)([O-])[O-].O=P([O-])([O-])OP(=O)([O-])O,C=C(C)CCOP(=O)([O-])OP(=O)([O-])[O-].CC(C)=CCOP(=O)([O-])OP(=O)([O-])[O-]>>CC(C)=CCCC(C)=CCCC(C)=CCCC(C)=CCCC(C)=CCCC(C)=CCOP(=O)([O-])OP(=O)([O-])[O-].O=P([O-])([O-])OP(=O)([O-])O,True,C5_IPP_DMAPP_like,C_long_acyclic_highly_oxygenated
RHEA:77979,CC(C)=CCC/C(C)=C/CC/C(C)=C/CC/C(C)=C/CC/C(C)=C/CC/C(C)=C/COP(=O)([O-])OP(=O)([O-])[O-].[H]O[H]>>CC(C)=CCC/C(C)=C/CC[C@](C)(O)[C@H]1C/C=C(C)CC/C=C(C)CC/C=C(C)CC1.O=P([O-])([O-])OP(=O)([O-])O,CC(C)=CCCC(C)=CCCC(C)=CCCC(C)=CCCC(C)=CCCC(C)=CCOP(=O)([O-])OP(=O)([O-])[O-].O>>CC(C)=CCCC(C)=CCCC(C)(O)C1CC=C(C)CCC=C(C)CCC=C(C)CC1.O=P([O-])([O-])OP(=O)([O-])O,True,C30_long_prenyl_like,C_long_mono_oxygenated
RHEA:78275,CC(C)=CCC/C(C)=C/CC/C(C)=C/CC/C(C)=C/COP(=O)([O-])OP(=O)([O-])[O-]>>C/C1=CC[C@@]2(C)CCC(C(C)C)=C2CC/C(C)=C/CC1.O=P([O-])([O-])OP(=O)([O-])O,CC(C)=CCCC(C)=CCCC(C)=CCCC(C)=CCOP(=O)([O-])OP(=O)([O-])[O-]>>CC1=CCC2(C)CCC(C(C)C)=C2CCC(C)=CCC1.O=P([O-])([O-])OP(=O)([O-])O,True,C20_GGPP_like,C20_bicyclic_hydrocarbon
RHEA:78287,CC(C)=CCC/C(C)=C/CC/C(C)=C/CC/C(C)=C/COP(=O)([O-])OP(=O)([O-])[O-]>>[H][C@@]12C(C)(C)CC[C@]1(C)C/C1=C(C)CC/C=C(C)CC[C@]12[H].O=P([O-])([O-])OP(=O)([O-])O,CC(C)=CCCC(C)=CCCC(C)=CCCC(C)=CCOP(=O)([O-])OP(=O)([O-])[O-]>>CC1=CCCC(C)=C2CC3(C)CCC(C)(C)C3C2CC1.O=P([O-])([O-])OP(=O)([O-])O,True,C20_GGPP_like,C20_polycyclic_hydrocarbon
RHEA:78291,CC(C)=CCC/C(C)=C/CC/C(C)=C/CC/C(C)=C/CC/C(C)=C/COP(=O)([O-])OP(=O)([O-])[O-]>>CC(C)=CC/C=C(C)[C@H]1C/C=C(C)CC/C=C(C)CC/C=C(C)CC1.O=P([O-])([O-])OP(=O)([O-])O,CC(C)=CCCC(C)=CCCC(C)=CCCC(C)=CCCC(C)=CCOP(=O)([O-])OP(=O)([O-])[O-]>>CC(C)=CCC=C(C)C1CC=C(C)CCC=C(C)CCC=C(C)CC1.O=P([O-])([O-])OP(=O)([O-])O,True,C25_GFPP_like,C25_mono_hydrocarbon
RHEA:78399,CC(C)=CCC/C(C)=C/CC/C(C)=C/CC/C(C)=C/CC/C(C)=C/COP(=O)([O-])OP(=O)([O-])[O-]>>[H][C@]12C[C@](C)(C/C=C3[C@](C)(CC[C@]4(C)CC[C@H](C(=C)C)[C@@]34[H])C1)CC[C@@H]2C.O=P([O-])([O-])OP(=O)([O-])O,CC(C)=CCCC(C)=CCCC(C)=CCCC(C)=CCCC(C)=CCOP(=O)([O-])OP(=O)([O-])[O-]>>C=C(C)C1CCC2(C)CCC3(C)CC4CC(C)(CC=C3C12)CCC4C.O=P([O-])([O-])OP(=O)([O-])O,True,C25_GFPP_like,C25_polycyclic_hydrocarbon
RHEA:78403,CC(C)=CCC/C(C)=C/CC/C(C)=C/CC/C(C)=C/COP(=O)([O-])OP(=O)([O-])[O-].[H]O[H]>>[H][C@]12[C@@H]3CC[C@@]4(C)[C@H](O)CC[C@H](C)[C@@]34C[C@@]1(C)CCC2(C)C.O=P([O-])([O-])OP(=O)([O-])O,CC(C)=CCCC(C)=CCCC(C)=CCCC(C)=CCOP(=O)([O-])OP(=O)([O-])[O-].O>>CC1CCC(O)C2(C)CCC3C4C(C)(C)CCC4(C)CC132.O=P([O-])([O-])OP(=O)([O-])O,True,C20_GGPP_like,C20_polycyclic_oxygenated
RHEA:78407,[H][C@@]12C[C@]3(O)/C(C)=C4/CC[C@@H](C)[C@]4([H])CC[C@H](C)[C@@]3([H])C[C@@]1(C)CC[C@@H]2C(C)C.Cc1cc2c(cc1C)N(C[C@H](O)[C@H](O)[C@H](O)COP(=O)([O-])[O-])c1nc(=O)nc(=O)c1N2.O=O>>C/C1=C2CC[C@@H](C)[C@@H]2CC[C@H](C)[C@H]2C[C@@]3(C(=O)[O-])CC[C@H](C(C)C)[C@@H]3C[C@]12O.Cc1cc2nc3c(=O)[n-]c(=O)nc-3n(C[C@H](O)[C@H](O)[C@H](O)COP(=O)([O-])[O-])c2cc1C.[H]O[H].[H+],[H][C@@]12C[C@]3(O)/C(C)=C4/CC[C@@H](C)[C@]4([H])CC[C@H](C)[C@@]3([H])C[C@@]1(C)CC[C@@H]2C(C)C.Cc1cc2c(cc1C)N(C[C@H](O)[C@H](O)[C@H](O)COP(=O)([O-])[O-])c1nc(=O)nc(=O)c1N2.O=O>>C/C1=C2CC[C@@H](C)[C@@H]2CC[C@H](C)[C@H]2C[C@@]3(C(=O)[O-])CC[C@H](C(C)C)[C@@H]3C[C@]12O.Cc1cc2nc3c(=O)[n-]c(=O)nc-3n(C[C@H](O)[C@H](O)[C@H](O)COP(=O)([O-])[O-])c2cc1C.[H]O[H].[H+],True,C25_GFPP_like,C25_polycyclic_highly_oxygenated
RHEA:78655,CC(C)=CCC/C(C)=C/CC/C(C)=C/COP(=O)([O-])OP(=O)([O-])[O-]>>[H][C@@]12CC[C@@H](C)[C@@]13C=CC[C@@]3(C)CC2(C)C.O=P([O-])([O-])OP(=O)([O-])O,CC(C)=CCCC(C)=CCCC(C)=CCOP(=O)([O-])OP(=O)([O-])[O-]>>CC1CCC2C(C)(C)CC3(C)CC=CC123.O=P([O-])([O-])OP(=O)([O-])O,True,C15_FPP_like,C15_polycyclic_hydrocarbon
RHEA:78979,CC(C)=CCC/C(C)=C/CC/C(C)=C/CC/C(C)=C/COP(=O)([O-])OP(=O)([O-])[O-]>>[H][C@@]12C=C(C)CC[C@]13C(=C(C)CC[C@@H]2C(C)C)CC[C@H]3C.O=P([O-])([O-])OP(=O)([O-])O,CC(C)=CCCC(C)=CCCC(C)=CCCC(C)=CCOP(=O)([O-])OP(=O)([O-])[O-]>>CC1=CC2C(C(C)C)CCC(C)=C3CCC(C)C32CC1.O=P([O-])([O-])OP(=O)([O-])O,True,C20_GGPP_like,C20_polycyclic_hydrocarbon
RHEA:78983,CC(C)=CCC/C(C)=C/CC/C(C)=C/CC/C(C)=C/COP(=O)([O-])OP(=O)([O-])[O-]>>[H][C@@]12CC[C@H](C)[C@@]13CCC(C)=C3C[C@@]1(C)CCC(C)(C)[C@]12[H].O=P([O-])([O-])OP(=O)([O-])O,CC(C)=CCCC(C)=CCCC(C)=CCCC(C)=CCOP(=O)([O-])OP(=O)([O-])[O-]>>CC1=C2CC3(C)CCC(C)(C)C3C3CCC(C)C23CC1.O=P([O-])([O-])OP(=O)([O-])O,True,C20_GGPP_like,C20_polycyclic_hydrocarbon
RHEA:78987,CC(C)=CCC/C(C)=C/CC/C(C)=C/CC/C(C)=C/COP(=O)([O-])OP(=O)([O-])[O-]>>C[C@@H]1CCC2=C3C[C@@]4(C)CCC(C)(C)[C@H]4[C@@H]3CC[C@]21C.O=P([O-])([O-])OP(=O)([O-])O,CC(C)=CCCC(C)=CCCC(C)=CCCC(C)=CCOP(=O)([O-])OP(=O)([O-])[O-]>>CC1CCC2=C3CC4(C)CCC(C)(C)C4C3CCC21C.O=P([O-])([O-])OP(=O)([O-])O,True,C20_GGPP_like,C20_polycyclic_hydrocarbon
RHEA:79011,[H][C@]12CCC(=C)[C@@H](CC/C(C)=C/COP(=O)([O-])OP(=O)([O-])[O-])[C@]1(C)CCCC2(C)C>>[H][C@@]12CC[C@]3(C)C=C[C@@]1(CC[C@]1([H])C(C)(C)CCC[C@@]21C)C3.O=P([O-])([O-])OP(=O)([O-])O,C=C1CCC2C(C)(C)CCCC2(C)C1CCC(C)=CCOP(=O)([O-])OP(=O)([O-])[O-]>>CC12C=CC3(CCC4C(C)(C)CCCC4(C)C3CC1)C2.O=P([O-])([O-])OP(=O)([O-])O,True,C20_GGPP_like,C20_polycyclic_hydrocarbon
RHEA:79687,CC(C)=CCC/C(C)=C/CC/C(C)=C/CC/C(C)=C/CC/C(C)=C/COP(=O)([O-])OP(=O)([O-])[O-]>>[H][C@@]12C/C=C(/C)[C@]3([H])CC[C@H](C)[C@]3([H])C[C@@]1(C)CC[C@]1(C)CC[C@H](C(=C)C)[C@]12[H].O=P([O-])([O-])OP(=O)([O-])O,CC(C)=CCCC(C)=CCCC(C)=CCCC(C)=CCCC(C)=CCOP(=O)([O-])OP(=O)([O-])[O-]>>C=C(C)C1CCC2(C)CCC3(C)CC4C(C)CCC4C(C)=CCC3C12.O=P([O-])([O-])OP(=O)([O-])O,True,C25_GFPP_like,C25_polycyclic_hydrocarbon
RHEA:79691,[H][C@@]12C/C=C(/C)[C@]3([H])CC[C@H](C)[C@]3([H])C[C@@]1(C)CC[C@]1(C)CC[C@H](C(=C)C)[C@]12[H].Cc1cc2c(cc1C)N(C[C@H](O)[C@H](O)[C@H](O)COP(=O)([O-])[O-])c1nc(=O)nc(=O)c1N2.O=O>>[H]C(=O)/C1=C/C[C@]2([H])[C@](C)(CC[C@]3(C)CC[C@H](C(=C)C)[C@]32[H])C[C@@]2([H])[C@@H](C)CC(=O)[C@@]12[H].Cc1cc2nc3c(=O)[n-]c(=O)nc-3n(C[C@H](O)[C@H](O)[C@H](O)COP(=O)([O-])[O-])c2cc1C.[H]O[H].[H+],[H][C@@]12C/C=C(/C)[C@]3([H])CC[C@H](C)[C@]3([H])C[C@@]1(C)CC[C@]1(C)CC[C@H](C(=C)C)[C@]12[H].Cc1cc2c(cc1C)N(C[C@H](O)[C@H](O)[C@H](O)COP(=O)([O-])[O-])c1nc(=O)nc(=O)c1N2.O=O>>[H]C(=O)/C1=C/C[C@]2([H])[C@](C)(CC[C@]3(C)CC[C@H](C(=C)C)[C@]32[H])C[C@@]2([H])[C@@H](C)CC(=O)[C@@]12[H].Cc1cc2nc3c(=O)[n-]c(=O)nc-3n(C[C@H](O)[C@H](O)[C@H](O)COP(=O)([O-])[O-])c2cc1C.[H]O[H].[H+],True,C25_GFPP_like,C25_polycyclic_oxygenated
RHEA:80391,CC(C)=CCC/C(C)=C/COP(=O)([O-])OP(=O)([O-])[O-]>>[H][C@]12C3=CC[N+]1([O-])CC[C@H]2OC(=O)/C(=C/C)C[C@@H](C)[C@](O)(CO)C(=O)OC3.O=P([O-])([O-])OP(=O)([O-])O,CC(C)=CCCC(C)=CCOP(=O)([O-])OP(=O)([O-])[O-]>>CC=C1CC(C)C(O)(CO)C(=O)OCC2=CC[N+]3([O-])CCC(OC1=O)C23.O=P([O-])([O-])OP(=O)([O-])O,True,C10_GPP_like,C20_polycyclic_highly_oxygenated
RHEA:80395,CC(C)=CCC/C(C)=C/COP(=O)([O-])OP(=O)([O-])[O-]>>CC(C)=C1C=CC(C)CC1.O=P([O-])([O-])OP(=O)([O-])O,CC(C)=CCCC(C)=CCOP(=O)([O-])OP(=O)([O-])[O-]>>CC(C)=C1C=CC(C)CC1.O=P([O-])([O-])OP(=O)([O-])O,True,C10_GPP_like,C10_mono_hydrocarbon
RHEA:80399,CC(C)=CCC/C(C)=C/CC/C(C)=C/COP(=O)([O-])OP(=O)([O-])[O-].[H]O[H]>>[H][C@@]12[C@@H]3[C@H](CC[C@@H](C)[C@]1(O)CC[C@@H]2C)C3(C)C.O=P([O-])([O-])OP(=O)([O-])O,CC(C)=CCCC(C)=CCCC(C)=CCOP(=O)([O-])OP(=O)([O-])[O-].O>>CC1CCC2(O)C(C)CCC3C(C12)C3(C)C.O=P([O-])([O-])OP(=O)([O-])O,True,C15_FPP_like,C15_polycyclic_oxygenated
RHEA:80403,CC(C)=CCC/C(C)=C/CC/C(C)=C/COP(=O)([O-])OP(=O)([O-])[O-].[H]O[H]>>CC(C)C1=C[C@@H]2[C@](C)(CCC[C@]2(C)O)CC1.O=P([O-])([O-])OP(=O)([O-])O,CC(C)=CCCC(C)=CCCC(C)=CCOP(=O)([O-])OP(=O)([O-])[O-].O>>CC(C)C1=CC2C(C)(O)CCCC2(C)CC1.O=P([O-])([O-])OP(=O)([O-])O,True,C15_FPP_like,C15_bicyclic_oxygenated
RHEA:80407,CC(C)=CCC/C(C)=C/CC/C(C)=C/COP(=O)([O-])OP(=O)([O-])[O-].[H]O[H]>>CC1=C2C[C@H](C(C)(C)O)CC[C@@]2(C)CCC1.O=P([O-])([O-])OP(=O)([O-])O,CC(C)=CCCC(C)=CCCC(C)=CCOP(=O)([O-])OP(=O)([O-])[O-].O>>CC1=C2CC(C(C)(C)O)CCC2(C)CCC1.O=P([O-])([O-])OP(=O)([O-])O,True,C15_FPP_like,C15_bicyclic_oxygenated
RHEA:80863,Cc1cc(O)cc(=O)o1.CC(C)=CCC/C(C)=C/CC/C(C)=C/CC/C(C)=C/COP(=O)([O-])OP(=O)([O-])[O-]>>CC(C)=CCC/C(C)=C/CC/C(C)=C/CC/C(C)=C/Cc1c(O)cc(C)oc1=O.O=P([O-])([O-])OP(=O)([O-])O,CC(C)=CCCC(C)=CCCC(C)=CCCC(C)=CCOP(=O)([O-])OP(=O)([O-])[O-].Cc1cc(O)cc(=O)o1>>CC(C)=CCCC(C)=CCCC(C)=CCCC(C)=CCc1c(O)cc(C)oc1=O.O=P([O-])([O-])OP(=O)([O-])O,True,C20_GGPP_like,C25_mono_highly_oxygenated
RHEA:80867,CC(C)=CCC/C(C)=C/CC/C(C)=C/CC/C(C)=C/Cc1c(O)cc(C)oc1=O.[H]*[H].O=O>>C/C(=CCC/C(C)=C/Cc1c(O)cc(C)oc1=O)CC/C=C(C)CC[C@@H]1OC1(C)C.*.[H]O[H],CC(C)=CCCC(C)=CCCC(C)=CCCC(C)=CCc1c(O)cc(C)oc1=O.O=O.[H]*[H]>>*.CC(=CCCC(C)=CCc1c(O)cc(C)oc1=O)CCC=C(C)CCC1OC1(C)C.O,True,C25_GFPP_like,C25_bicyclic_highly_oxygenated
RHEA:80871,C/C(=CCC/C(C)=C/Cc1c(O)cc(C)oc1=O)CC/C=C(C)CC[C@@H]1OC1(C)C>>[H][C@]1(O)CC[C@]2(C)[C@@]([H])(CC/C(C)=C/Cc3c(O)cc(C)oc3=O)C(=C)CC[C@@]2([H])C1(C)C,CC(=CCCC(C)=CCc1c(O)cc(C)oc1=O)CCC=C(C)CCC1OC1(C)C>>C=C1CCC2C(C)(C)C(O)CCC2(C)C1CCC(C)=CCc1c(O)cc(C)oc1=O,True,C25_GFPP_like,C25_polycyclic_highly_oxygenated
RHEA:80875,C/C(=CCC/C(C)=C/Cc1c(O)cc(C)oc1=O)CC/C=C(C)CC[C@@H]1OC1(C)C>>[H][C@@]1(CC/C(C)=C/CC/C(C)=C/Cc2c(O)cc(C)oc2=O)C(=C)CC[C@H](O)C1(C)C,CC(=CCCC(C)=CCc1c(O)cc(C)oc1=O)CCC=C(C)CCC1OC1(C)C>>C=C1CCC(O)C(C)(C)C1CCC(C)=CCCC(C)=CCc1c(O)cc(C)oc1=O,True,C25_GFPP_like,C25_bicyclic_highly_oxygenated
RHEA:80879,[H][C@]1(O)CC[C@]2(C)[C@@]([H])(CC/C(C)=C/Cc3c(O)cc(C)oc3=O)C(=C)CC[C@@]2([H])C1(C)C.CC(=O)SCCNC(=O)CCNC(=O)[C@H](O)C(C)(C)COP(=O)([O-])OP(=O)([O-])OC[C@H]1O[C@@H](n2cnc3c(N)ncnc32)[C@H](O)[C@@H]1OP(=O)([O-])[O-]>>[H][C@]1(CC/C(C)=C/Cc2c(O)cc(C)oc2=O)C(=C)CC[C@@]2([H])C(C)(C)[C@@]([H])(OC(C)=O)CC[C@]12C.CC(C)(COP(=O)([O-])OP(=O)([O-])OC[C@H]1O[C@@H](n2cnc3c(N)ncnc32)[C@H](O)[C@@H]1OP(=O)([O-])[O-])[C@@H](O)C(=O)NCCC(=O)NCCS,C=C1CCC2C(C)(C)C(O)CCC2(C)C1CCC(C)=CCc1c(O)cc(C)oc1=O.CC(=O)SCCNC(=O)CCNC(=O)C(O)C(C)(C)COP(=O)([O-])OP(=O)([O-])OCC1OC(n2cnc3c(N)ncnc32)C(O)C1OP(=O)([O-])[O-]>>C=C1CCC2C(C)(C)C(OC(C)=O)CCC2(C)C1CCC(C)=CCc1c(O)cc(C)oc1=O.CC(C)(COP(=O)([O-])OP(=O)([O-])OCC1OC(n2cnc3c(N)ncnc32)C(O)C1OP(=O)([O-])[O-])C(O)C(=O)NCCC(=O)NCCS,True,C25_GFPP_like,C_long_polycyclic_highly_oxygenated
RHEA:80883,[H][C@@]1(CC/C(C)=C/CC/C(C)=C/Cc2c(O)cc(C)oc2=O)C(=C)CC[C@H](O)C1(C)C.CC(=O)SCCNC(=O)CCNC(=O)[C@H](O)C(C)(C)COP(=O)([O-])OP(=O)([O-])OC[C@H]1O[C@@H](n2cnc3c(N)ncnc32)[C@H](O)[C@@H]1OP(=O)([O-])[O-]>>C=C1CC[C@H](OC(C)=O)C(C)(C)[C@@H]1CC/C(C)=C/CC/C(C)=C/Cc1c(O)cc(C)oc1=O.CC(C)(COP(=O)([O-])OP(=O)([O-])OC[C@H]1O[C@@H](n2cnc3c(N)ncnc32)[C@H](O)[C@@H]1OP(=O)([O-])[O-])[C@@H](O)C(=O)NCCC(=O)NCCS,C=C1CCC(O)C(C)(C)C1CCC(C)=CCCC(C)=CCc1c(O)cc(C)oc1=O.CC(=O)SCCNC(=O)CCNC(=O)C(O)C(C)(C)COP(=O)([O-])OP(=O)([O-])OCC1OC(n2cnc3c(N)ncnc32)C(O)C1OP(=O)([O-])[O-]>>C=C1CCC(OC(C)=O)C(C)(C)C1CCC(C)=CCCC(C)=CCc1c(O)cc(C)oc1=O.CC(C)(COP(=O)([O-])OP(=O)([O-])OCC1OC(n2cnc3c(N)ncnc32)C(O)C1OP(=O)([O-])[O-])C(O)C(=O)NCCC(=O)NCCS,True,C25_GFPP_like,C_long_bicyclic_highly_oxygenated
RHEA:81103,CC(C)=CCC/C(C)=C/CC/C(C)=C/COP(=O)([O-])OP(=O)([O-])[O-]>>[H][C@@]12CC=C(C)[C@H](COP(=O)([O-])OP(=O)([O-])[O-])[C@@]1(C)CCCC2(C)C,CC(C)=CCCC(C)=CCCC(C)=CCOP(=O)([O-])OP(=O)([O-])[O-]>>CC1=CCC2C(C)(C)CCCC2(C)C1COP(=O)([O-])OP(=O)([O-])[O-],True,C15_FPP_like,C15_bicyclic_highly_oxygenated
RHEA:81219,[H][C@]12CCC(=C)[C@@H](CC/C(C)=C/COP(=O)([O-])OP(=O)([O-])[O-])[C@]1(C)CCCC2(C)C>>[H][C@@]12C[C@]3([H])C4C[C@@]1(CC[C@]1([H])C(C)(C)CCC[C@@]21C)CC43C.O=P([O-])([O-])OP(=O)([O-])O,C=C1CCC2C(C)(C)CCCC2(C)C1CCC(C)=CCOP(=O)([O-])OP(=O)([O-])[O-]>>CC1(C)CCCC2(C)C1CCC13CC4C(CC12)C4(C)C3.O=P([O-])([O-])OP(=O)([O-])O,True,C20_GGPP_like,C20_polycyclic_hydrocarbon
RHEA:81223,[H][C@]12CCC(=C)[C@@H](CC/C(C)=C/COP(=O)([O-])OP(=O)([O-])[O-])[C@]1(C)CCCC2(C)C>>[H][C@]12CCC(=C)[C@@H](C/C=C(C)C=C)[C@]1(C)CCCC2(C)C.O=P([O-])([O-])OP(=O)([O-])O,C=C1CCC2C(C)(C)CCCC2(C)C1CCC(C)=CCOP(=O)([O-])OP(=O)([O-])[O-]>>C=CC(C)=CCC1C(=C)CCC2C(C)(C)CCCC12C.O=P([O-])([O-])OP(=O)([O-])O,True,C20_GGPP_like,C20_bicyclic_hydrocarbon
RHEA:81231,[H][C@]12CCC(=C)[C@@H](CC/C(C)=C/COP(=O)([O-])OP(=O)([O-])[O-])[C@]1(C)CCCC2(C)C.[H]O[H]>>[H][C@@]12CC[C@@H]3C[C@@]1(CC[C@]1([H])C(C)(C)CCC[C@@]21C)C[C@@]3(C)O.O=P([O-])([O-])OP(=O)([O-])O,C=C1CCC2C(C)(C)CCCC2(C)C1CCC(C)=CCOP(=O)([O-])OP(=O)([O-])[O-].O>>CC1(C)CCCC2(C)C1CCC13CC(CCC12)C(C)(O)C3.O=P([O-])([O-])OP(=O)([O-])O,True,C20_GGPP_like,C20_polycyclic_oxygenated
RHEA:81463,CC(C)=CCC/C(C)=C/CC/C(C)=C/COP(=O)([O-])OP(=O)([O-])[O-]>>C=C1CC[C@]2(C)C[C@H]1[C@]1(C)CCC[C@]21C.O=P([O-])([O-])OP(=O)([O-])O,CC(C)=CCCC(C)=CCCC(C)=CCOP(=O)([O-])OP(=O)([O-])[O-]>>C=C1CCC2(C)CC1C1(C)CCCC21C.O=P([O-])([O-])OP(=O)([O-])O,True,C15_FPP_like,C15_polycyclic_hydrocarbon
RHEA:81851,C/C(=CCC/C=C(C)CC/C=C(C)CC[C@@H]1OC1(C)C)CC/C=C(C)CC[C@@H]1OC1(C)C>>[H][C@@]12CC=C3C(C)(C)[C@@H](O)CC[C@@]3([H])[C@]1(C)CC[C@@]1(C)[C@@]2(C)CC[C@]1([H])[C@H](C)CC[C@@H]1OC1(C)C,CC(=CCCC=C(C)CCC=C(C)CCC1OC1(C)C)CCC=C(C)CCC1OC1(C)C>>CC(CCC1OC1(C)C)C1CCC2(C)C3CC=C4C(CCC(O)C4(C)C)C3(C)CCC12C,True,C30_long_prenyl_like,C_long_polycyclic_oxygenated
RHEA:83287,CC(C)=CCC/C(C)=C/CC/C(C)=C/COP(=O)([O-])OP(=O)([O-])[O-]>>[H][C@@]1(C(=C)C)CC[C@]2(C)O[C@]2([H])C1.O=P([O-])([O-])OP(=O)([O-])O,CC(C)=CCCC(C)=CCCC(C)=CCOP(=O)([O-])OP(=O)([O-])[O-]>>C=C(C)C1CCC2(C)OC2C1.O=P([O-])([O-])OP(=O)([O-])O,True,C15_FPP_like,C10_bicyclic_oxygenated
RHEA:83523,[H][C@@]12CC[C@H](C(C)C)[C@@]1(C)CC[C@]1(C)C3=C(CC[C@@]21C)[C@@]1(C)C[C@@H](O)[C@H](O[C@@H]2O[C@H](CO)[C@@H](O)[C@H](O)[C@H]2O)C(C)(C)[C@]1([H])CC3.CC(=O)SCCNC(=O)CCNC(=O)[C@H](O)C(C)(C)COP(=O)([O-])OP(=O)([O-])OC[C@H]1O[C@@H](n2cnc3c(N)ncnc32)[C@H](O)[C@@H]1OP(=O)([O-])[O-]>>[H][C@@]12CC[C@H](C(C)C)[C@@]1(C)CC[C@]1(C)C3=C(CC[C@@]21C)[C@@]1(C)C[C@@H](OC(C)=O)[C@H](O[C@@H]2O[C@H](CO)[C@@H](O)[C@H](O)[C@H]2O)C(C)(C)[C@]1([H])CC3.CC(C)(COP(=O)([O-])OP(=O)([O-])OC[C@H]1O[C@@H](n2cnc3c(N)ncnc32)[C@H](O)[C@@H]1OP(=O)([O-])[O-])[C@@H](O)C(=O)NCCC(=O)NCCS,CC(=O)SCCNC(=O)CCNC(=O)C(O)C(C)(C)COP(=O)([O-])OP(=O)([O-])OCC1OC(n2cnc3c(N)ncnc32)C(O)C1OP(=O)([O-])[O-].CC(C)C1CCC2C1(C)CCC1(C)C3=C(CCC21C)C1(C)CC(O)C(OC2OC(CO)C(O)C(O)C2O)C(C)(C)C1CC3>>CC(=O)OC1CC2(C)C3=C(CCC2C(C)(C)C1OC1OC(CO)C(O)C(O)C1O)C1(C)CCC2(C)C(C(C)C)CCC2C1(C)CC3.CC(C)(COP(=O)([O-])OP(=O)([O-])OCC1OC(n2cnc3c(N)ncnc32)C(O)C1OP(=O)([O-])[O-])C(O)C(=O)NCCC(=O)NCCS,True,C25_GFPP_like,C_long_polycyclic_highly_oxygenated
RHEA:83527,[H][C@@]12CCC3=C(CC[C@@]4(C)[C@H](C(=O)[O-])[C@@](C)([C@H](C)C(C)C)CC[C@]34C)[C@@]1(C)C[C@@H](O)[C@H](O[C@@H]1O[C@H](CO)[C@@H](O)[C@H](O)[C@H]1O)C2(C)C.CC(=O)SCCNC(=O)CCNC(=O)[C@H](O)C(C)(C)COP(=O)([O-])OP(=O)([O-])OC[C@H]1O[C@@H](n2cnc3c(N)ncnc32)[C@H](O)[C@@H]1OP(=O)([O-])[O-]>>[H][C@@]12CCC3=C(CC[C@@]4(C)[C@H](C(=O)[O-])[C@@](C)([C@H](C)C(C)C)CC[C@]34C)[C@@]1(C)C[C@@H](OC(C)=O)[C@H](O[C@@H]1O[C@H](CO)[C@@H](O)[C@H](O)[C@H]1O)C2(C)C.CC(C)(COP(=O)([O-])OP(=O)([O-])OC[C@H]1O[C@@H](n2cnc3c(N)ncnc32)[C@H](O)[C@@H]1OP(=O)([O-])[O-])[C@@H](O)C(=O)NCCC(=O)NCCS,CC(=O)SCCNC(=O)CCNC(=O)C(O)C(C)(C)COP(=O)([O-])OP(=O)([O-])OCC1OC(n2cnc3c(N)ncnc32)C(O)C1OP(=O)([O-])[O-].CC(C)C(C)C1(C)CCC2(C)C3=C(CCC2(C)C1C(=O)[O-])C1(C)CC(O)C(OC2OC(CO)C(O)C(O)C2O)C(C)(C)C1CC3>>CC(=O)OC1CC2(C)C3=C(CCC2C(C)(C)C1OC1OC(CO)C(O)C(O)C1O)C1(C)CCC(C)(C(C)C(C)C)C(C(=O)[O-])C1(C)CC3.CC(C)(COP(=O)([O-])OP(=O)([O-])OCC1OC(n2cnc3c(N)ncnc32)C(O)C1OP(=O)([O-])[O-])C(O)C(=O)NCCC(=O)NCCS,True,C25_GFPP_like,C_long_polycyclic_highly_oxygenated
RHEA:83903,[H][C@]12CC[C@]3(C)[C@H](O)[C@@]1([H])C(C)(C)CCC[C@]23C.Cc1cc2c(cc1C)N(C[C@H](O)[C@H](O)[C@H](O)COP(=O)([O-])[O-])c1nc(=O)nc(=O)c1N2.O=O>>O=C(O)Cc1cnc2ccccc12.Cc1cc2nc3c(=O)[n-]c(=O)nc-3n(C[C@H](O)[C@H](O)[C@H](O)COP(=O)([O-])[O-])c2cc1C.[H]O[H].[H+],[H][C@]12CC[C@]3(C)[C@H](O)[C@@]1([H])C(C)(C)CCC[C@]23C.Cc1cc2c(cc1C)N(C[C@H](O)[C@H](O)[C@H](O)COP(=O)([O-])[O-])c1nc(=O)nc(=O)c1N2.O=O>>O=C(O)Cc1cnc2ccccc12.Cc1cc2nc3c(=O)[n-]c(=O)nc-3n(C[C@H](O)[C@H](O)[C@H](O)COP(=O)([O-])[O-])c2cc1C.[H]O[H].[H+],True,C15_FPP_like,C15_polycyclic_highly_oxygenated
RHEA:83907,CC(C)=CCC/C(C)=C/CC/C(C)=C/COP(=O)([O-])OP(=O)([O-])[O-].[H]O[H]>>[H][C@]12CC[C@]3(C)[C@H](O)[C@@]1([H])C(C)(C)CCC[C@]23C.O=P([O-])([O-])OP(=O)([O-])O,CC(C)=CCCC(C)=CCCC(C)=CCOP(=O)([O-])OP(=O)([O-])[O-].O>>CC1(C)CCCC2(C)C3CCC2(C)C(O)C31.O=P([O-])([O-])OP(=O)([O-])O,True,C15_FPP_like,C15_polycyclic_oxygenated
RHEA:85535,CC(C)=CCC/C(C)=C/CC/C(C)=C/COP(=O)([O-])OP(=O)([O-])[O-]>>[H][C@@]12CCC(C)=CC[C@@]1(C)CCC2=C(C)C.O=P([O-])([O-])OP(=O)([O-])O,CC(C)=CCCC(C)=CCCC(C)=CCOP(=O)([O-])OP(=O)([O-])[O-]>>CC1=CCC2(C)CCC(=C(C)C)C2CC1.O=P([O-])([O-])OP(=O)([O-])O,True,C15_FPP_like,C15_bicyclic_hydrocarbon
RHEA:85615,CC(C)=CCC/C(C)=C/CC/C(C)=C/COP(=O)([O-])OP(=O)([O-])[O-]>>[H][C@@]12CC(C)(C)CC1=C(C)[C@@]1([H])CC[C@@]1(C)C2.O=P([O-])([O-])OP(=O)([O-])O,CC(C)=CCCC(C)=CCCC(C)=CCOP(=O)([O-])OP(=O)([O-])[O-]>>CC1=C2CC(C)(C)CC2CC2(C)CCC12.O=P([O-])([O-])OP(=O)([O-])O,True,C15_FPP_like,C15_polycyclic_hydrocarbon
RHEA:85619,CC(C)=CCC/C(C)=C/COP(=O)([O-])OP(=O)([O-])[O-].[H]O[H]>>CC(C)[C@@H]1C=C[C@](C)(O)CC1.O=P([O-])([O-])OP(=O)([O-])O,CC(C)=CCCC(C)=CCOP(=O)([O-])OP(=O)([O-])[O-].O>>CC(C)C1C=CC(C)(O)CC1.O=P([O-])([O-])OP(=O)([O-])O,True,C10_GPP_like,C10_mono_oxygenated
RHEA:85623,CC(C)=CCC/C(C)=C/CC/C(C)=C/COP(=O)([O-])OP(=O)([O-])[O-].[H]O[H]>>[H][C@@]12CC(C)(C)C[C@@]3(O)[C@@H](C)CC[C@@]3([H])[C@]1(C)C2.O=P([O-])([O-])OP(=O)([O-])O,CC(C)=CCCC(C)=CCCC(C)=CCOP(=O)([O-])OP(=O)([O-])[O-].O>>CC1CCC2C3(C)CC3CC(C)(C)CC12O.O=P([O-])([O-])OP(=O)([O-])O,True,C15_FPP_like,C15_polycyclic_oxygenated
RHEA:85767,CC(C)=CCC/C(C)=C/COP(=O)([O-])OP(=O)([O-])[O-].[H]O[H]>>[H][C@@]12CC(C)=C[C@@]3([H])[C@@H](C(C)C)CC[C@@H](C)[C@]1([H])CC[C@@H](C)[C@@]23O.O=P([O-])([O-])OP(=O)([O-])O,CC(C)=CCCC(C)=CCOP(=O)([O-])OP(=O)([O-])[O-].O>>CC1=CC2C(C(C)C)CCC(C)C3CCC(C)C2(O)C3C1.O=P([O-])([O-])OP(=O)([O-])O,True,C10_GPP_like,C20_polycyclic_oxygenated
