row,reaction_id,source,status,drfp_status,fallback_used,warning
0,MARTS_EXT_RXN_000c8b710696,encoded_general_reaction,valid,cached,False,
1,MARTS_EXT_RXN_012d56c064db,encoded_general_reaction,valid,cached,False,
2,MARTS_EXT_RXN_0216267ce7f4,encoded_general_reaction,valid,cached,False,
3,MARTS_EXT_RXN_029b92fe95de,encoded_general_reaction,valid,cached,False,
4,MARTS_EXT_RXN_0304c0087056,encoded_general_reaction,valid,cached,False,
5,MARTS_EXT_RXN_033964ff02d8,encoded_general_reaction,valid,cached,False,
6,MARTS_EXT_RXN_035143e0b4ac,encoded_general_reaction,valid,cached,False,
7,MARTS_EXT_RXN_0396c90bff0f,encoded_general_reaction,valid,cached,False,
8,MARTS_EXT_RXN_055064ae05a5,encoded_general_reaction,valid,cached,False,
9,MARTS_EXT_RXN_0601074748a9,encoded_general_reaction,valid,cached,False,
10,MARTS_EXT_RXN_0718113ff706,encoded_general_reaction,valid,cached,False,
11,MARTS_EXT_RXN_07865104318f,encoded_general_reaction,valid,cached,False,
12,MARTS_EXT_RXN_08a2e34a37c3,encoded_general_reaction,valid,cached,False,
13,MARTS_EXT_RXN_0aa1aeb0f8d8,encoded_general_reaction,valid,cached,False,
14,MARTS_EXT_RXN_0b0f5e083f77,encoded_general_reaction,valid,cached,False,
15,MARTS_EXT_RXN_0bc621c08854,encoded_general_reaction,valid,cached,False,
16,MARTS_EXT_RXN_0d75732112ff,encoded_general_reaction,valid,cached,False,
17,MARTS_EXT_RXN_0e08d025745c,encoded_general_reaction,valid,cached,False,
18,MARTS_EXT_RXN_0e80c1eb7cd8,encoded_general_reaction,valid,cached,False,
19,MARTS_EXT_RXN_0fa82c3b7c55,encoded_general_reaction,valid,cached,False,
20,MARTS_EXT_RXN_12ea76795241,encoded_general_reaction,valid,cached,False,
21,MARTS_EXT_RXN_1428f098b24c,encoded_general_reaction,valid,cached,False,
22,MARTS_EXT_RXN_16e609c93e52,encoded_general_reaction,valid,cached,False,
23,MARTS_EXT_RXN_193d44981939,encoded_general_reaction,valid,cached,False,
24,MARTS_EXT_RXN_1c2da1449873,encoded_general_reaction,valid,cached,False,
25,MARTS_EXT_RXN_1d852b407f95,encoded_general_reaction,valid,cached,False,
26,MARTS_EXT_RXN_1da1a2f90d9e,encoded_general_reaction,valid,cached,False,
27,MARTS_EXT_RXN_1f7cef5e91c2,encoded_general_reaction,valid,cached,False,
28,MARTS_EXT_RXN_219616d40b4a,encoded_general_reaction,valid,cached,False,
29,MARTS_EXT_RXN_2250a8a7fe50,encoded_general_reaction,valid,cached,False,
30,MARTS_EXT_RXN_22bda90ee992,encoded_general_reaction,valid,cached,False,
31,MARTS_EXT_RXN_23432a8b720a,encoded_general_reaction,valid,cached,False,
32,MARTS_EXT_RXN_237f1c153ad6,encoded_general_reaction,valid,cached,False,
33,MARTS_EXT_RXN_23b0ccdf5255,encoded_general_reaction,valid,cached,False,
34,MARTS_EXT_RXN_247c337c8f65,encoded_general_reaction,valid,cached,False,
35,MARTS_EXT_RXN_2554ee320331,encoded_general_reaction,valid,cached,False,
36,MARTS_EXT_RXN_27964350d2e0,encoded_general_reaction,valid,cached,False,
37,MARTS_EXT_RXN_29704a84d49c,encoded_general_reaction,valid,cached,False,
38,MARTS_EXT_RXN_29bbf964d264,encoded_general_reaction,valid,cached,False,
39,MARTS_EXT_RXN_2a8513f7b1f9,encoded_general_reaction,valid,cached,False,
40,MARTS_EXT_RXN_2d4d4df1341b,encoded_general_reaction,valid,cached,False,
41,MARTS_EXT_RXN_2d848cafa6c3,encoded_general_reaction,valid,cached,False,
42,MARTS_EXT_RXN_2e27139e482a,encoded_general_reaction,valid,cached,False,
43,MARTS_EXT_RXN_2e59d1c7b929,encoded_general_reaction,valid,cached,False,
44,MARTS_EXT_RXN_2e5de5bb57ab,encoded_general_reaction,valid,cached,False,
45,MARTS_EXT_RXN_2ffb342ca060,encoded_general_reaction,valid,cached,False,
46,MARTS_EXT_RXN_308ae5d61a8d,encoded_general_reaction,valid,cached,False,
47,MARTS_EXT_RXN_318de1e2f880,encoded_general_reaction,valid,cached,False,
48,MARTS_EXT_RXN_324ed07f2f6e,encoded_general_reaction,valid,cached,False,
49,MARTS_EXT_RXN_33b3f74378db,encoded_general_reaction,valid,cached,False,
50,MARTS_EXT_RXN_37c622385e92,encoded_general_reaction,valid,cached,False,
51,MARTS_EXT_RXN_380c83705f05,encoded_general_reaction,valid,cached,False,
52,MARTS_EXT_RXN_38d26f0aa1b1,encoded_general_reaction,valid,cached,False,
53,MARTS_EXT_RXN_3abc72608e40,encoded_general_reaction,valid,cached,False,
54,MARTS_EXT_RXN_3ae1fc659b14,encoded_general_reaction,valid,cached,False,
55,MARTS_EXT_RXN_3bed24cf1ac1,encoded_general_reaction,valid,cached,False,
56,MARTS_EXT_RXN_3d09cb5fb800,encoded_general_reaction,valid,cached,False,
57,MARTS_EXT_RXN_3fcdccf20787,encoded_general_reaction,valid,cached,False,
58,MARTS_EXT_RXN_4016ec72d95a,encoded_general_reaction,valid,cached,False,
59,MARTS_EXT_RXN_412a1f752827,encoded_general_reaction,valid,cached,False,
60,MARTS_EXT_RXN_42bfdab7b6fd,encoded_general_reaction,valid,cached,False,
61,MARTS_EXT_RXN_4356ef28995d,encoded_general_reaction,valid,cached,False,
62,MARTS_EXT_RXN_455979525191,encoded_general_reaction,valid,cached,False,
63,MARTS_EXT_RXN_45be1b4caa76,encoded_general_reaction,valid,cached,False,
64,MARTS_EXT_RXN_480dcc05c335,encoded_general_reaction,valid,cached,False,
65,MARTS_EXT_RXN_4959109219e5,encoded_general_reaction,valid,cached,False,
66,MARTS_EXT_RXN_4b39e8d478ce,encoded_general_reaction,valid,cached,False,
67,MARTS_EXT_RXN_4b410b511327,encoded_general_reaction,valid,cached,False,
68,MARTS_EXT_RXN_4c4ba4bc0549,encoded_general_reaction,valid,cached,False,
69,MARTS_EXT_RXN_4ceba15356bf,encoded_general_reaction,valid,cached,False,
70,MARTS_EXT_RXN_4cfa7e6347ac,encoded_general_reaction,valid,cached,False,
71,MARTS_EXT_RXN_4d9779092922,encoded_general_reaction,valid,cached,False,
72,MARTS_EXT_RXN_4e8885af0277,encoded_general_reaction,valid,cached,False,
73,MARTS_EXT_RXN_4f0796dda836,encoded_general_reaction,valid,cached,False,
74,MARTS_EXT_RXN_4fcf7c82c333,encoded_general_reaction,valid,cached,False,
75,MARTS_EXT_RXN_4ffa9a18599e,encoded_general_reaction,valid,cached,False,
76,MARTS_EXT_RXN_510852dd5fb5,encoded_general_reaction,valid,cached,False,
77,MARTS_EXT_RXN_51c6e7c89344,encoded_general_reaction,valid,cached,False,
78,MARTS_EXT_RXN_5298c5c71be1,encoded_general_reaction,valid,cached,False,
79,MARTS_EXT_RXN_529b3e1ea6d5,encoded_general_reaction,valid,cached,False,
80,MARTS_EXT_RXN_54f511ec7632,encoded_general_reaction,valid,cached,False,
81,MARTS_EXT_RXN_55f4259a8324,encoded_general_reaction,valid,cached,False,
82,MARTS_EXT_RXN_574cd0378c5f,encoded_general_reaction,valid,cached,False,
83,MARTS_EXT_RXN_5834b8bc5c28,encoded_general_reaction,valid,cached,False,
84,MARTS_EXT_RXN_5904725d5317,encoded_general_reaction,valid,cached,False,
85,MARTS_EXT_RXN_5aa1e407cf39,encoded_general_reaction,valid,cached,False,
86,MARTS_EXT_RXN_5c2828b66ca0,encoded_general_reaction,valid,cached,False,
87,MARTS_EXT_RXN_5d4a8a447c7e,encoded_general_reaction,valid,cached,False,
88,MARTS_EXT_RXN_5d8d9a77365d,encoded_general_reaction,valid,cached,False,
89,MARTS_EXT_RXN_5e756bc9af81,encoded_general_reaction,valid,cached,False,
90,MARTS_EXT_RXN_5ebefc2c5944,encoded_general_reaction,valid,cached,False,
91,MARTS_EXT_RXN_5f7500503126,encoded_general_reaction,valid,cached,False,
92,MARTS_EXT_RXN_6029eb5c9a03,encoded_general_reaction,valid,cached,False,
93,MARTS_EXT_RXN_605fa04e8467,encoded_general_reaction,valid,cached,False,
94,MARTS_EXT_RXN_6290a24f780c,encoded_general_reaction,valid,cached,False,
95,MARTS_EXT_RXN_6314ab7563ea,encoded_general_reaction,valid,cached,False,
96,MARTS_EXT_RXN_6385ac1fa7a9,encoded_general_reaction,valid,cached,False,
97,MARTS_EXT_RXN_63e6da659221,encoded_general_reaction,valid,cached,False,
98,MARTS_EXT_RXN_66951c0e7ed9,encoded_general_reaction,valid,cached,False,
99,MARTS_EXT_RXN_66c7e35bfd6a,encoded_general_reaction,valid,cached,False,
100,MARTS_EXT_RXN_66d9eb264140,encoded_general_reaction,valid,cached,False,
101,MARTS_EXT_RXN_6705f601fdae,encoded_general_reaction,valid,cached,False,
102,MARTS_EXT_RXN_68261f5fd64c,encoded_general_reaction,valid,cached,False,
103,MARTS_EXT_RXN_68d7c7a6b97f,encoded_general_reaction,valid,cached,False,
104,MARTS_EXT_RXN_697ad0951949,encoded_general_reaction,valid,cached,False,
105,MARTS_EXT_RXN_6b2dcf26c892,encoded_general_reaction,valid,cached,False,
106,MARTS_EXT_RXN_6bd0977b42d0,encoded_general_reaction,valid,cached,False,
107,MARTS_EXT_RXN_6c1cbb35db92,encoded_general_reaction,valid,cached,False,
108,MARTS_EXT_RXN_6c228262ac8f,encoded_general_reaction,valid,cached,False,
109,MARTS_EXT_RXN_6c7d3c1df7ff,encoded_general_reaction,valid,cached,False,
110,MARTS_EXT_RXN_6d6aa67d85ad,encoded_general_reaction,valid,cached,False,
111,MARTS_EXT_RXN_714817f4ca78,encoded_general_reaction,valid,cached,False,
112,MARTS_EXT_RXN_7160470e8992,encoded_general_reaction,valid,cached,False,
113,MARTS_EXT_RXN_71aa03bcb508,encoded_general_reaction,valid,cached,False,
114,MARTS_EXT_RXN_71bb2acc38af,encoded_general_reaction,valid,cached,False,
115,MARTS_EXT_RXN_7345bb901e40,encoded_general_reaction,valid,cached,False,
116,MARTS_EXT_RXN_747e48195053,encoded_general_reaction,valid,cached,False,
117,MARTS_EXT_RXN_76499a11d465,encoded_general_reaction,valid,cached,False,
118,MARTS_EXT_RXN_76627c4c8e95,encoded_general_reaction,valid,cached,False,
119,MARTS_EXT_RXN_769df5ece0f3,encoded_general_reaction,valid,cached,False,
120,MARTS_EXT_RXN_771248cd18de,encoded_general_reaction,valid,cached,False,
121,MARTS_EXT_RXN_781f3e745c61,encoded_general_reaction,valid,cached,False,
122,MARTS_EXT_RXN_78399ec4fc85,encoded_general_reaction,valid,cached,False,
123,MARTS_EXT_RXN_7844025b0372,encoded_general_reaction,valid,cached,False,
124,MARTS_EXT_RXN_78f709de4b7c,encoded_general_reaction,valid,cached,False,
125,MARTS_EXT_RXN_79368a2476ac,encoded_general_reaction,valid,cached,False,
126,MARTS_EXT_RXN_7b0cfb7bb82c,encoded_general_reaction,valid,cached,False,
127,MARTS_EXT_RXN_7c05abd7a600,encoded_general_reaction,valid,cached,False,
128,MARTS_EXT_RXN_7c41968d1cff,encoded_general_reaction,valid,cached,False,
129,MARTS_EXT_RXN_832dbc506db6,encoded_general_reaction,valid,cached,False,
130,MARTS_EXT_RXN_848e51b53c9f,encoded_general_reaction,valid,cached,False,
131,MARTS_EXT_RXN_8551b0818261,encoded_general_reaction,valid,cached,False,
132,MARTS_EXT_RXN_86983edabe8c,encoded_general_reaction,valid,cached,False,
133,MARTS_EXT_RXN_86a30d47d9f4,encoded_general_reaction,valid,cached,False,
134,MARTS_EXT_RXN_86ad65662f49,encoded_general_reaction,valid,cached,False,
135,MARTS_EXT_RXN_86ce128d7d61,encoded_general_reaction,valid,cached,False,
136,MARTS_EXT_RXN_87203dec8e34,encoded_general_reaction,valid,cached,False,
137,MARTS_EXT_RXN_877408d79e1b,encoded_general_reaction,valid,cached,False,
138,MARTS_EXT_RXN_890006655690,encoded_general_reaction,valid,cached,False,
139,MARTS_EXT_RXN_8b03f1de5fce,encoded_general_reaction,valid,cached,False,
140,MARTS_EXT_RXN_8c6cae136e8b,encoded_general_reaction,valid,cached,False,
141,MARTS_EXT_RXN_8d049834636c,encoded_general_reaction,valid,cached,False,
142,MARTS_EXT_RXN_8d2492a66172,encoded_general_reaction,valid,cached,False,
143,MARTS_EXT_RXN_8d7f7dd54117,encoded_general_reaction,valid,cached,False,
144,MARTS_EXT_RXN_8e685e0c0b69,encoded_general_reaction,valid,cached,False,
145,MARTS_EXT_RXN_908734b433c3,encoded_general_reaction,valid,cached,False,
146,MARTS_EXT_RXN_90bccccecf9c,encoded_general_reaction,valid,cached,False,
147,MARTS_EXT_RXN_9239c973f487,encoded_general_reaction,valid,cached,False,
148,MARTS_EXT_RXN_92f6ef4d14a5,encoded_general_reaction,valid,cached,False,
149,MARTS_EXT_RXN_932a9e24c662,encoded_general_reaction,valid,cached,False,
150,MARTS_EXT_RXN_95048e61f00d,encoded_general_reaction,valid,cached,False,
151,MARTS_EXT_RXN_96ac57c79326,encoded_general_reaction,valid,cached,False,
152,MARTS_EXT_RXN_9799d98e2a75,encoded_general_reaction,valid,cached,False,
153,MARTS_EXT_RXN_9864ce62f34c,encoded_general_reaction,valid,cached,False,
154,MARTS_EXT_RXN_98758b30deaf,encoded_general_reaction,valid,cached,False,
155,MARTS_EXT_RXN_9927ff5db9e4,encoded_general_reaction,valid,cached,False,
156,MARTS_EXT_RXN_9aca0b07537d,encoded_general_reaction,valid,cached,False,
157,MARTS_EXT_RXN_9bfd169ae97d,encoded_general_reaction,valid,cached,False,
158,MARTS_EXT_RXN_9c359e8d58c7,encoded_general_reaction,valid,cached,False,
159,MARTS_EXT_RXN_9c7db311ef6f,encoded_general_reaction,valid,cached,False,
160,MARTS_EXT_RXN_9d212bb94209,encoded_general_reaction,valid,cached,False,
161,MARTS_EXT_RXN_9e53a7397306,encoded_general_reaction,valid,cached,False,
162,MARTS_EXT_RXN_a034669a1e40,encoded_general_reaction,valid,cached,False,
163,MARTS_EXT_RXN_a1bdb236418d,encoded_general_reaction,valid,cached,False,
164,MARTS_EXT_RXN_a330ce4c4099,encoded_general_reaction,valid,cached,False,
165,MARTS_EXT_RXN_a3395ba9b8c6,encoded_general_reaction,valid,cached,False,
166,MARTS_EXT_RXN_a3e15b2ae79d,encoded_general_reaction,valid,cached,False,
167,MARTS_EXT_RXN_a40190329c75,encoded_general_reaction,valid,cached,False,
168,MARTS_EXT_RXN_a5374cc39ade,encoded_general_reaction,valid,cached,False,
169,MARTS_EXT_RXN_a78f2392f8c2,encoded_general_reaction,valid,cached,False,
170,MARTS_EXT_RXN_a835c7512bd8,encoded_general_reaction,valid,cached,False,
171,MARTS_EXT_RXN_a9c17147ad90,encoded_general_reaction,valid,cached,False,
172,MARTS_EXT_RXN_aaa305f17a30,encoded_general_reaction,valid,cached,False,
173,MARTS_EXT_RXN_aaf62036b97e,encoded_general_reaction,valid,cached,False,
174,MARTS_EXT_RXN_accbb7c49b47,encoded_general_reaction,valid,cached,False,
175,MARTS_EXT_RXN_ad8e38949c9e,encoded_general_reaction,valid,cached,False,
176,MARTS_EXT_RXN_aecc694cdc8f,encoded_general_reaction,valid,cached,False,
177,MARTS_EXT_RXN_af6c10b22452,encoded_general_reaction,valid,cached,False,
178,MARTS_EXT_RXN_b099e0d8d67d,encoded_general_reaction,valid,cached,False,
179,MARTS_EXT_RXN_b1f6de0feffa,encoded_general_reaction,valid,cached,False,
180,MARTS_EXT_RXN_b3860010df2b,encoded_general_reaction,valid,cached,False,
181,MARTS_EXT_RXN_b3c865336ac3,encoded_general_reaction,valid,cached,False,
182,MARTS_EXT_RXN_b44a6383dd2a,encoded_general_reaction,valid,cached,False,
183,MARTS_EXT_RXN_b72409fe507d,encoded_general_reaction,valid,cached,False,
184,MARTS_EXT_RXN_b89583d7f0d9,encoded_general_reaction,valid,cached,False,
185,MARTS_EXT_RXN_bac5b3b4b30d,encoded_general_reaction,valid,cached,False,
186,MARTS_EXT_RXN_bb0c8b67ae81,encoded_general_reaction,valid,cached,False,
187,MARTS_EXT_RXN_be324f8633fc,encoded_general_reaction,valid,cached,False,
188,MARTS_EXT_RXN_be815318a50a,encoded_general_reaction,valid,cached,False,
189,MARTS_EXT_RXN_bf12f5d59166,encoded_general_reaction,valid,cached,False,
190,MARTS_EXT_RXN_c0d41a7707a3,encoded_general_reaction,valid,cached,False,
191,MARTS_EXT_RXN_c29f1cca3044,encoded_general_reaction,valid,cached,False,
192,MARTS_EXT_RXN_c2e48d093662,encoded_general_reaction,valid,cached,False,
193,MARTS_EXT_RXN_c33f8bcece70,encoded_general_reaction,valid,cached,False,
194,MARTS_EXT_RXN_c38237fa511c,encoded_general_reaction,valid,cached,False,
195,MARTS_EXT_RXN_c47716e3c171,encoded_general_reaction,valid,cached,False,
196,MARTS_EXT_RXN_c4cfcdfee60d,encoded_general_reaction,valid,cached,False,
197,MARTS_EXT_RXN_c7f62ba677ae,encoded_general_reaction,valid,cached,False,
198,MARTS_EXT_RXN_c82f9ce748cd,encoded_general_reaction,valid,cached,False,
199,MARTS_EXT_RXN_c9b279de0442,encoded_general_reaction,valid,cached,False,
200,MARTS_EXT_RXN_cab46dc67f5d,encoded_general_reaction,valid,cached,False,
201,MARTS_EXT_RXN_cda281fba2bd,encoded_general_reaction,valid,cached,False,
202,MARTS_EXT_RXN_cded9fefc276,encoded_general_reaction,valid,cached,False,
203,MARTS_EXT_RXN_cffca17c4e58,encoded_general_reaction,valid,cached,False,
204,MARTS_EXT_RXN_d0c235775bc5,encoded_general_reaction,valid,cached,False,
205,MARTS_EXT_RXN_d147768eaf20,encoded_general_reaction,valid,cached,False,
206,MARTS_EXT_RXN_d1d507ef878d,encoded_general_reaction,valid,cached,False,
207,MARTS_EXT_RXN_d4bafc235050,encoded_general_reaction,valid,cached,False,
208,MARTS_EXT_RXN_d4f733465fb3,encoded_general_reaction,valid,cached,False,
209,MARTS_EXT_RXN_d86b1fdbc72d,encoded_general_reaction,valid,cached,False,
210,MARTS_EXT_RXN_d91651d1ef35,encoded_general_reaction,valid,cached,False,
211,MARTS_EXT_RXN_dbc26311dec1,encoded_general_reaction,valid,cached,False,
212,MARTS_EXT_RXN_dd89a5b3606f,encoded_general_reaction,valid,cached,False,
213,MARTS_EXT_RXN_de164cb3f0e1,encoded_general_reaction,valid,cached,False,
214,MARTS_EXT_RXN_df06835b65dd,encoded_general_reaction,valid,cached,False,
215,MARTS_EXT_RXN_df3107f9c103,encoded_general_reaction,valid,cached,False,
216,MARTS_EXT_RXN_e056c9e6d498,encoded_general_reaction,valid,cached,False,
217,MARTS_EXT_RXN_e266d387018a,encoded_general_reaction,valid,cached,False,
218,MARTS_EXT_RXN_e275424c414b,encoded_general_reaction,valid,cached,False,
219,MARTS_EXT_RXN_e71ff45cbd78,encoded_general_reaction,valid,cached,False,
220,MARTS_EXT_RXN_e7770b1f70c7,encoded_general_reaction,valid,cached,False,
221,MARTS_EXT_RXN_e778d2d951ff,encoded_general_reaction,valid,cached,False,
222,MARTS_EXT_RXN_e9ed9dc21c00,encoded_general_reaction,valid,cached,False,
223,MARTS_EXT_RXN_eba646fdd070,encoded_general_reaction,valid,cached,False,
224,MARTS_EXT_RXN_ecb0de88d8e0,encoded_general_reaction,valid,cached,False,
225,MARTS_EXT_RXN_ed3cf125a033,encoded_general_reaction,valid,cached,False,
226,MARTS_EXT_RXN_ed65fc0ae861,encoded_general_reaction,valid,cached,False,
227,MARTS_EXT_RXN_eddada43cb76,encoded_general_reaction,valid,cached,False,
228,MARTS_EXT_RXN_eec1da2d1706,encoded_general_reaction,valid,cached,False,
229,MARTS_EXT_RXN_efd2739d909f,encoded_general_reaction,valid,cached,False,
230,MARTS_EXT_RXN_f0fe69f8e0b7,encoded_general_reaction,valid,cached,False,
231,MARTS_EXT_RXN_f12698751b7a,encoded_general_reaction,valid,cached,False,
232,MARTS_EXT_RXN_f5414ceb0f1f,encoded_general_reaction,valid,cached,False,
233,MARTS_EXT_RXN_f7cc3793e8fe,encoded_general_reaction,valid,cached,False,
234,MARTS_EXT_RXN_fa03c166bbd7,encoded_general_reaction,valid,cached,False,
235,MARTS_EXT_RXN_fa0e122a530f,encoded_general_reaction,valid,cached,False,
236,MARTS_EXT_RXN_faf8834b256f,encoded_general_reaction,valid,cached,False,
237,MARTS_EXT_RXN_fb686c0d23a3,encoded_general_reaction,valid,cached,False,
238,MARTS_EXT_RXN_fc09735a9f8b,encoded_general_reaction,valid,cached,False,
239,MARTS_EXT_RXN_fd49ae10b01d,encoded_general_reaction,valid,cached,False,
240,RHEA:10008,encoded_general_reaction,valid,cached,False,
241,RHEA:10012,encoded_general_reaction,valid,cached,False,
242,RHEA:10016,encoded_general_reaction,valid,cached,False,
243,RHEA:10020,encoded_general_reaction,valid,cached,False,
244,RHEA:10024,encoded_general_reaction,valid,cached,False,
245,RHEA:10036,encoded_general_reaction,valid,cached,False,
246,RHEA:10040,encoded_general_reaction,valid,cached,False,
247,RHEA:10044,encoded_general_reaction,valid,cached,False,
248,RHEA:10048,encoded_general_reaction,valid,cached,False,
249,RHEA:10056,encoded_general_reaction,valid,cached,False,
250,RHEA:10064,encoded_general_reaction,valid,cached,False,
251,RHEA:10072,encoded_general_reaction,valid,cached,False,
252,RHEA:10076,encoded_general_reaction,valid,cached,False,
253,RHEA:10080,encoded_general_reaction,valid,cached,False,
254,RHEA:10084,encoded_general_reaction,valid,cached,False,
255,RHEA:10092,encoded_general_reaction,valid,cached,False,
256,RHEA:10096,encoded_general_reaction,valid,cached,False,
257,RHEA:10100,encoded_general_reaction,valid,cached,False,
258,RHEA:10104,encoded_general_reaction,valid,cached,False,
259,RHEA:10108,encoded_general_reaction,valid,cached,False,
260,RHEA:10112,encoded_general_reaction,valid,cached,False,
261,RHEA:10116,encoded_general_reaction,valid,cached,False,
262,RHEA:10120,encoded_general_reaction,valid,cached,False,
263,RHEA:10124,encoded_general_reaction,valid,cached,False,
264,RHEA:10128,encoded_general_reaction,valid,cached,False,
265,RHEA:10132,encoded_general_reaction,valid,cached,False,
266,RHEA:10136,encoded_general_reaction,valid,cached,False,
267,RHEA:10140,encoded_general_reaction,valid,cached,False,
268,RHEA:10144,encoded_general_reaction,valid,cached,False,
269,RHEA:10148,encoded_general_reaction,valid,cached,False,
270,RHEA:10152,encoded_general_reaction,valid,cached,False,
271,RHEA:10160,encoded_general_reaction,valid,cached,False,
272,RHEA:10164,encoded_general_reaction,valid,cached,False,
273,RHEA:10168,encoded_general_reaction,valid,cached,False,
274,RHEA:10172,encoded_general_reaction,valid,cached,False,
275,RHEA:10176,encoded_general_reaction,valid,cached,False,
276,RHEA:10180,encoded_general_reaction,valid,cached,False,
277,RHEA:10184,encoded_general_reaction,valid,cached,False,
278,RHEA:10188,encoded_general_reaction,valid,cached,False,
279,RHEA:10192,encoded_general_reaction,valid,cached,False,
280,RHEA:10196,encoded_general_reaction,valid,cached,False,
281,RHEA:10200,encoded_general_reaction,valid,cached,False,
282,RHEA:10204,encoded_general_reaction,valid,cached,False,
283,RHEA:10208,encoded_general_reaction,valid,cached,False,
284,RHEA:10212,encoded_general_reaction,valid,cached,False,
285,RHEA:10216,encoded_general_reaction,valid,cached,False,
286,RHEA:10220,encoded_general_reaction,valid,cached,False,
287,RHEA:10224,encoded_general_reaction,valid,cached,False,
288,RHEA:10228,encoded_general_reaction,valid,cached,False,
289,RHEA:10240,encoded_general_reaction,valid,cached,False,
290,RHEA:10244,encoded_general_reaction,valid,cached,False,
291,RHEA:10248,encoded_general_reaction,valid,cached,False,
292,RHEA:10252,encoded_general_reaction,valid,cached,False,
293,RHEA:10260,encoded_general_reaction,valid,cached,False,
294,RHEA:10264,encoded_general_reaction,valid,cached,False,
295,RHEA:10268,encoded_general_reaction,valid,cached,False,
296,RHEA:10272,encoded_general_reaction,valid,cached,False,
297,RHEA:10276,encoded_general_reaction,valid,cached,False,
298,RHEA:10280,encoded_general_reaction,valid,cached,False,
299,RHEA:10288,encoded_general_reaction,valid,cached,False,
300,RHEA:10292,encoded_general_reaction,valid,cached,False,
301,RHEA:10296,encoded_general_reaction,valid,cached,False,
302,RHEA:10300,encoded_general_reaction,valid,cached,False,
303,RHEA:10304,encoded_general_reaction,valid,cached,False,
304,RHEA:10312,encoded_general_reaction,valid,cached,False,
305,RHEA:10316,encoded_general_reaction,valid,cached,False,
306,RHEA:10320,encoded_general_reaction,valid,cached,False,
307,RHEA:10332,encoded_general_reaction,valid,cached,False,
308,RHEA:10336,encoded_general_reaction,valid,cached,False,
309,RHEA:10340,copied_reference_feature,precomputed,precomputed,False,
310,RHEA:10344,encoded_general_reaction,valid,cached,False,
311,RHEA:10348,encoded_general_reaction,valid,cached,False,
312,RHEA:10352,encoded_general_reaction,valid,cached,False,
313,RHEA:10360,encoded_general_reaction,valid,cached,False,
314,RHEA:10368,encoded_general_reaction,valid,cached,False,
315,RHEA:10372,encoded_general_reaction,valid,cached,False,
316,RHEA:10376,encoded_general_reaction,valid,cached,False,
317,RHEA:10380,encoded_general_reaction,valid,cached,False,
318,RHEA:10384,encoded_general_reaction,valid,cached,False,
319,RHEA:10388,encoded_general_reaction,valid,cached,False,
320,RHEA:10392,encoded_general_reaction,valid,cached,False,
321,RHEA:10408,encoded_general_reaction,valid,cached,False,
322,RHEA:10412,encoded_general_reaction,valid,cached,False,
323,RHEA:10416,encoded_general_reaction,valid,cached,False,
324,RHEA:10420,encoded_general_reaction,valid,cached,False,
325,RHEA:10424,encoded_general_reaction,valid,cached,False,
326,RHEA:10428,encoded_general_reaction,valid,cached,False,
327,RHEA:10432,encoded_general_reaction,valid,cached,False,
328,RHEA:10436,encoded_general_reaction,valid,cached,False,
329,RHEA:10440,encoded_general_reaction,valid,cached,False,
330,RHEA:10444,encoded_general_reaction,valid,cached,False,
331,RHEA:10448,encoded_general_reaction,valid,cached,False,
332,RHEA:10452,encoded_general_reaction,valid,cached,False,
333,RHEA:10456,encoded_general_reaction,valid,cached,False,
334,RHEA:10468,encoded_general_reaction,valid,cached,False,
335,RHEA:10472,encoded_general_reaction,valid,cached,False,
336,RHEA:10488,encoded_general_reaction,valid,cached,False,
337,RHEA:10492,encoded_general_reaction,valid,cached,False,
338,RHEA:10508,encoded_general_reaction,valid,cached,False,
339,RHEA:10520,encoded_general_reaction,valid,cached,False,
340,RHEA:10524,encoded_general_reaction,valid,cached,False,
341,RHEA:10532,encoded_general_reaction,valid,cached,False,
342,RHEA:10540,encoded_general_reaction,valid,cached,False,
343,RHEA:10552,encoded_general_reaction,valid,cached,False,
344,RHEA:10556,encoded_general_reaction,valid,cached,False,
345,RHEA:10572,encoded_general_reaction,valid,cached,False,
346,RHEA:10584,encoded_general_reaction,valid,cached,False,
347,RHEA:10588,encoded_general_reaction,valid,cached,False,
348,RHEA:10596,encoded_general_reaction,valid,cached,False,
349,RHEA:10600,encoded_general_reaction,valid,cached,False,
350,RHEA:10604,encoded_general_reaction,valid,cached,False,
351,RHEA:10608,encoded_general_reaction,valid,cached,False,
352,RHEA:10612,encoded_general_reaction,valid,cached,False,
353,RHEA:10616,encoded_general_reaction,valid,cached,False,
354,RHEA:10620,encoded_general_reaction,valid,cached,False,
355,RHEA:10644,encoded_general_reaction,valid,cached,False,
356,RHEA:10652,encoded_general_reaction,valid,cached,False,
357,RHEA:10656,encoded_general_reaction,valid,cached,False,
358,RHEA:10664,encoded_general_reaction,valid,cached,False,
359,RHEA:10668,encoded_general_reaction,valid,cached,False,
360,RHEA:10680,encoded_general_reaction,valid,cached,False,
361,RHEA:10684,encoded_general_reaction,valid,cached,False,
362,RHEA:10688,encoded_general_reaction,valid,cached,False,
363,RHEA:10692,encoded_general_reaction,valid,cached,False,
364,RHEA:10696,encoded_general_reaction,valid,cached,False,
365,RHEA:10700,encoded_general_reaction,valid,cached,False,
366,RHEA:10704,encoded_general_reaction,valid,cached,False,
367,RHEA:10712,encoded_general_reaction,valid,cached,False,
368,RHEA:10716,encoded_general_reaction,valid,cached,False,
369,RHEA:10720,encoded_general_reaction,valid,cached,False,
370,RHEA:10724,encoded_general_reaction,valid,cached,False,
371,RHEA:10728,encoded_general_reaction,valid,cached,False,
372,RHEA:10732,encoded_general_reaction,valid,cached,False,
373,RHEA:10736,encoded_general_reaction,valid,cached,False,
374,RHEA:10740,encoded_general_reaction,valid,cached,False,
375,RHEA:10744,encoded_general_reaction,valid,cached,False,
376,RHEA:10748,encoded_general_reaction,valid,cached,False,
377,RHEA:10756,encoded_general_reaction,valid,cached,False,
378,RHEA:10760,encoded_general_reaction,valid,cached,False,
379,RHEA:10764,encoded_general_reaction,valid,cached,False,
380,RHEA:10768,encoded_general_reaction,valid,cached,False,
381,RHEA:10772,encoded_general_reaction,valid,cached,False,
382,RHEA:10776,encoded_general_reaction,valid,cached,False,
383,RHEA:10780,encoded_general_reaction,valid,cached,False,
384,RHEA:10792,encoded_general_reaction,valid,cached,False,
385,RHEA:10796,encoded_general_reaction,valid,cached,False,
386,RHEA:10800,encoded_general_reaction,valid,cached,False,
387,RHEA:10808,encoded_general_reaction,valid,cached,False,
388,RHEA:10812,encoded_general_reaction,valid,cached,False,
389,RHEA:10824,encoded_general_reaction,valid,cached,False,
390,RHEA:10828,encoded_general_reaction,valid,cached,False,
391,RHEA:10832,encoded_general_reaction,valid,cached,False,
392,RHEA:10836,encoded_general_reaction,valid,cached,False,
393,RHEA:10840,encoded_general_reaction,valid,cached,False,
394,RHEA:10848,encoded_general_reaction,valid,cached,False,
395,RHEA:10868,encoded_general_reaction,valid,cached,False,
396,RHEA:10872,encoded_general_reaction,valid,cached,False,
397,RHEA:10876,encoded_general_reaction,valid,cached,False,
398,RHEA:10904,encoded_general_reaction,valid,cached,False,
399,RHEA:10908,encoded_general_reaction,valid,cached,False,
400,RHEA:10912,encoded_general_reaction,valid,cached,False,
401,RHEA:10932,encoded_general_reaction,valid,cached,False,
402,RHEA:10936,encoded_general_reaction,valid,cached,False,
403,RHEA:10940,copied_reference_feature,precomputed,precomputed,False,
404,RHEA:10944,encoded_general_reaction,valid,cached,False,
405,RHEA:10948,encoded_general_reaction,valid,cached,False,
406,RHEA:10960,encoded_general_reaction,valid,cached,False,
407,RHEA:10964,encoded_general_reaction,valid,cached,False,
408,RHEA:10980,encoded_general_reaction,valid,cached,False,
409,RHEA:10992,encoded_general_reaction,valid,cached,False,
410,RHEA:11000,encoded_general_reaction,valid,cached,False,
411,RHEA:11004,encoded_general_reaction,valid,cached,False,
412,RHEA:11008,encoded_general_reaction,valid,cached,False,
413,RHEA:11016,encoded_general_reaction,valid,cached,False,
414,RHEA:11020,encoded_general_reaction,valid,cached,False,
415,RHEA:11028,encoded_general_reaction,valid,cached,False,
416,RHEA:11032,encoded_general_reaction,valid,cached,False,
417,RHEA:11036,encoded_general_reaction,valid,cached,False,
418,RHEA:11040,encoded_general_reaction,valid,cached,False,
419,RHEA:11044,encoded_general_reaction,valid,cached,False,
420,RHEA:11048,encoded_general_reaction,valid,cached,False,
421,RHEA:11060,encoded_general_reaction,valid,cached,False,
422,RHEA:11064,encoded_general_reaction,valid,cached,False,
423,RHEA:11068,encoded_general_reaction,valid,cached,False,
424,RHEA:11072,encoded_general_reaction,valid,cached,False,
425,RHEA:11076,encoded_general_reaction,valid,cached,False,
426,RHEA:11080,encoded_general_reaction,valid,cached,False,
427,RHEA:11092,encoded_general_reaction,valid,cached,False,
428,RHEA:11096,encoded_general_reaction,valid,cached,False,
429,RHEA:11112,encoded_general_reaction,valid,cached,False,
430,RHEA:11120,encoded_general_reaction,valid,cached,False,
431,RHEA:11128,encoded_general_reaction,valid,cached,False,
432,RHEA:11132,encoded_general_reaction,valid,cached,False,
433,RHEA:11136,encoded_general_reaction,valid,cached,False,
434,RHEA:11140,encoded_general_reaction,valid,cached,False,
435,RHEA:11148,encoded_general_reaction,valid,cached,False,
436,RHEA:11160,encoded_general_reaction,valid,cached,False,
437,RHEA:11164,encoded_general_reaction,valid,cached,False,
438,RHEA:11172,encoded_general_reaction,valid,cached,False,
439,RHEA:11176,encoded_general_reaction,valid,cached,False,
440,RHEA:11180,encoded_general_reaction,valid,cached,False,
441,RHEA:11184,encoded_general_reaction,valid,cached,False,
442,RHEA:11188,encoded_general_reaction,valid,cached,False,
443,RHEA:11192,encoded_general_reaction,valid,cached,False,
444,RHEA:11196,encoded_general_reaction,valid,cached,False,
445,RHEA:11204,encoded_general_reaction,valid,cached,False,
446,RHEA:11216,encoded_general_reaction,valid,cached,False,
447,RHEA:11224,encoded_general_reaction,valid,cached,False,
448,RHEA:11228,encoded_general_reaction,valid,cached,False,
449,RHEA:11236,encoded_general_reaction,valid,cached,False,
450,RHEA:11256,encoded_general_reaction,valid,cached,False,
451,RHEA:11260,encoded_general_reaction,valid,cached,False,
452,RHEA:11264,encoded_general_reaction,valid,cached,False,
453,RHEA:11268,encoded_general_reaction,valid,cached,False,
454,RHEA:11276,encoded_general_reaction,valid,cached,False,
455,RHEA:11280,encoded_general_reaction,valid,cached,False,
456,RHEA:11296,encoded_general_reaction,valid,cached,False,
457,RHEA:11304,encoded_general_reaction,valid,cached,False,
458,RHEA:11308,encoded_general_reaction,valid,cached,False,
459,RHEA:11312,encoded_general_reaction,valid,cached,False,
460,RHEA:11316,encoded_general_reaction,valid,cached,False,
461,RHEA:11320,encoded_general_reaction,valid,cached,False,
462,RHEA:11328,copied_reference_feature,precomputed,precomputed,False,
463,RHEA:11336,encoded_general_reaction,valid,cached,False,
464,RHEA:11340,encoded_general_reaction,valid,cached,False,
465,RHEA:11344,encoded_general_reaction,valid,cached,False,
466,RHEA:11348,encoded_general_reaction,valid,cached,False,
467,RHEA:11352,encoded_general_reaction,valid,cached,False,
468,RHEA:11356,encoded_general_reaction,valid,cached,False,
469,RHEA:11364,encoded_general_reaction,valid,cached,False,
470,RHEA:11372,encoded_general_reaction,valid,cached,False,
471,RHEA:11376,encoded_general_reaction,valid,cached,False,
472,RHEA:11380,encoded_general_reaction,valid,cached,False,
473,RHEA:11388,encoded_general_reaction,valid,cached,False,
474,RHEA:11392,encoded_general_reaction,valid,cached,False,
475,RHEA:11400,encoded_general_reaction,valid,cached,False,
476,RHEA:11404,encoded_general_reaction,valid,cached,False,
477,RHEA:11412,encoded_general_reaction,valid,cached,False,
478,RHEA:11420,encoded_general_reaction,valid,cached,False,
479,RHEA:11424,encoded_general_reaction,valid,cached,False,
480,RHEA:11428,encoded_general_reaction,valid,cached,False,
481,RHEA:11436,encoded_general_reaction,valid,cached,False,
482,RHEA:11440,encoded_general_reaction,valid,cached,False,
483,RHEA:11456,encoded_general_reaction,valid,cached,False,
484,RHEA:11460,encoded_general_reaction,valid,cached,False,
485,RHEA:11480,encoded_general_reaction,valid,cached,False,
486,RHEA:11484,encoded_general_reaction,valid,cached,False,
487,RHEA:11488,encoded_general_reaction,valid,cached,False,
488,RHEA:11492,encoded_general_reaction,valid,cached,False,
489,RHEA:11500,encoded_general_reaction,valid,cached,False,
490,RHEA:11504,encoded_general_reaction,valid,cached,False,
491,RHEA:11508,encoded_general_reaction,valid,cached,False,
492,RHEA:11516,encoded_general_reaction,valid,cached,False,
493,RHEA:11524,encoded_general_reaction,valid,cached,False,
494,RHEA:11528,encoded_general_reaction,valid,cached,False,
495,RHEA:11532,encoded_general_reaction,valid,cached,False,
496,RHEA:11536,encoded_general_reaction,valid,cached,False,
497,RHEA:11540,encoded_general_reaction,valid,cached,False,
498,RHEA:11544,encoded_general_reaction,valid,cached,False,
499,RHEA:11552,encoded_general_reaction,valid,cached,False,
500,RHEA:11560,encoded_general_reaction,valid,cached,False,
501,RHEA:11564,encoded_general_reaction,valid,cached,False,
502,RHEA:11576,encoded_general_reaction,valid,cached,False,
503,RHEA:11580,encoded_general_reaction,valid,cached,False,
504,RHEA:11584,encoded_general_reaction,valid,cached,False,
505,RHEA:11588,encoded_general_reaction,valid,cached,False,
506,RHEA:11592,encoded_general_reaction,valid,cached,False,
507,RHEA:11596,encoded_general_reaction,valid,cached,False,
508,RHEA:11600,encoded_general_reaction,valid,cached,False,
509,RHEA:11612,encoded_general_reaction,valid,cached,False,
510,RHEA:11628,encoded_general_reaction,valid,cached,False,
511,RHEA:11632,encoded_general_reaction,valid,cached,False,
512,RHEA:11636,encoded_general_reaction,valid,cached,False,
513,RHEA:11640,encoded_general_reaction,valid,cached,False,
514,RHEA:11644,encoded_general_reaction,valid,cached,False,
515,RHEA:11652,encoded_general_reaction,valid,cached,False,
516,RHEA:11656,copied_reference_feature,precomputed,precomputed,False,
517,RHEA:11660,encoded_general_reaction,valid,cached,False,
518,RHEA:11672,encoded_general_reaction,valid,cached,False,
519,RHEA:11680,encoded_general_reaction,valid,cached,False,
520,RHEA:11684,encoded_general_reaction,valid,cached,False,
521,RHEA:11688,encoded_general_reaction,valid,cached,False,
522,RHEA:11692,encoded_general_reaction,valid,cached,False,
523,RHEA:11708,encoded_general_reaction,valid,cached,False,
524,RHEA:11712,encoded_general_reaction,valid,cached,False,
525,RHEA:11716,encoded_general_reaction,valid,cached,False,
526,RHEA:11724,encoded_general_reaction,valid,cached,False,
527,RHEA:11728,encoded_general_reaction,valid,cached,False,
528,RHEA:11740,encoded_general_reaction,valid,cached,False,
529,RHEA:11744,encoded_general_reaction,valid,cached,False,
530,RHEA:11748,encoded_general_reaction,valid,cached,False,
531,RHEA:11756,encoded_general_reaction,valid,cached,False,
532,RHEA:11768,encoded_general_reaction,valid,cached,False,
533,RHEA:11776,encoded_general_reaction,valid,cached,False,
534,RHEA:11780,encoded_general_reaction,valid,cached,False,
535,RHEA:11784,encoded_general_reaction,valid,cached,False,
536,RHEA:11788,encoded_general_reaction,valid,cached,False,
537,RHEA:11792,encoded_general_reaction,valid,cached,False,
538,RHEA:11796,encoded_general_reaction,valid,cached,False,
539,RHEA:11800,encoded_general_reaction,valid,cached,False,
540,RHEA:11808,encoded_general_reaction,valid,cached,False,
541,RHEA:11812,encoded_general_reaction,valid,cached,False,
542,RHEA:11816,encoded_general_reaction,valid,cached,False,
543,RHEA:11820,encoded_general_reaction,valid,cached,False,
544,RHEA:11824,encoded_general_reaction,valid,cached,False,
545,RHEA:11828,encoded_general_reaction,valid,cached,False,
546,RHEA:11832,encoded_general_reaction,valid,cached,False,
547,RHEA:11840,encoded_general_reaction,valid,cached,False,
548,RHEA:11844,encoded_general_reaction,valid,cached,False,
549,RHEA:11848,encoded_general_reaction,valid,cached,False,
550,RHEA:11852,encoded_general_reaction,valid,cached,False,
551,RHEA:11856,encoded_general_reaction,valid,cached,False,
552,RHEA:11864,encoded_general_reaction,valid,cached,False,
553,RHEA:11868,encoded_general_reaction,valid,cached,False,
554,RHEA:11872,encoded_general_reaction,valid,cached,False,
555,RHEA:11876,encoded_general_reaction,valid,cached,False,
556,RHEA:11880,encoded_general_reaction,valid,cached,False,
557,RHEA:11888,encoded_general_reaction,valid,cached,False,
558,RHEA:11896,encoded_general_reaction,valid,cached,False,
559,RHEA:11900,encoded_general_reaction,valid,cached,False,
560,RHEA:11908,encoded_general_reaction,valid,cached,False,
561,RHEA:11912,encoded_general_reaction,valid,cached,False,
562,RHEA:11916,encoded_general_reaction,valid,cached,False,
563,RHEA:11920,encoded_general_reaction,valid,cached,False,
564,RHEA:11924,encoded_general_reaction,valid,cached,False,
565,RHEA:11936,encoded_general_reaction,valid,cached,False,
566,RHEA:11940,encoded_general_reaction,valid,cached,False,
567,RHEA:11944,encoded_general_reaction,valid,cached,False,
568,RHEA:11948,encoded_general_reaction,valid,cached,False,
569,RHEA:11952,encoded_general_reaction,valid,cached,False,
570,RHEA:11956,encoded_general_reaction,valid,cached,False,
571,RHEA:11960,encoded_general_reaction,valid,cached,False,
572,RHEA:11964,encoded_general_reaction,valid,cached,False,
573,RHEA:11972,encoded_general_reaction,valid,cached,False,
574,RHEA:11976,encoded_general_reaction,valid,cached,False,
575,RHEA:11988,encoded_general_reaction,valid,cached,False,
576,RHEA:11992,encoded_general_reaction,valid,cached,False,
577,RHEA:12008,encoded_general_reaction,valid,cached,False,
578,RHEA:12012,encoded_general_reaction,valid,cached,False,
579,RHEA:12016,copied_reference_feature,precomputed,precomputed,False,
580,RHEA:12020,encoded_general_reaction,valid,cached,False,
581,RHEA:12024,encoded_general_reaction,valid,cached,False,
582,RHEA:12032,encoded_general_reaction,valid,cached,False,
583,RHEA:12044,encoded_general_reaction,valid,cached,False,
584,RHEA:12048,encoded_general_reaction,valid,cached,False,
585,RHEA:12052,copied_reference_feature,precomputed,precomputed,False,
586,RHEA:12056,encoded_general_reaction,valid,cached,False,
587,RHEA:12060,encoded_general_reaction,valid,cached,False,
588,RHEA:12068,encoded_general_reaction,valid,cached,False,
589,RHEA:12076,encoded_general_reaction,valid,cached,False,
590,RHEA:12080,encoded_general_reaction,valid,cached,False,
591,RHEA:12084,encoded_general_reaction,valid,cached,False,
592,RHEA:12088,encoded_general_reaction,valid,cached,False,
593,RHEA:12096,encoded_general_reaction,valid,cached,False,
594,RHEA:12100,encoded_general_reaction,valid,cached,False,
595,RHEA:12104,encoded_general_reaction,valid,cached,False,
596,RHEA:12112,encoded_general_reaction,valid,cached,False,
597,RHEA:12116,encoded_general_reaction,valid,cached,False,
598,RHEA:12120,encoded_general_reaction,valid,cached,False,
599,RHEA:12124,encoded_general_reaction,valid,cached,False,
600,RHEA:12128,encoded_general_reaction,valid,cached,False,
601,RHEA:12132,encoded_general_reaction,valid,cached,False,
602,RHEA:12136,encoded_general_reaction,valid,cached,False,
603,RHEA:12140,encoded_general_reaction,valid,cached,False,
604,RHEA:12144,encoded_general_reaction,valid,cached,False,
605,RHEA:12152,encoded_general_reaction,valid,cached,False,
606,RHEA:12156,encoded_general_reaction,valid,cached,False,
607,RHEA:12164,encoded_general_reaction,valid,cached,False,
608,RHEA:12168,encoded_general_reaction,valid,cached,False,
609,RHEA:12172,encoded_general_reaction,valid,cached,False,
610,RHEA:12176,encoded_general_reaction,valid,cached,False,
611,RHEA:12180,encoded_general_reaction,valid,cached,False,
612,RHEA:12184,encoded_general_reaction,valid,cached,False,
613,RHEA:12188,encoded_general_reaction,valid,cached,False,
614,RHEA:12192,copied_reference_feature,precomputed,precomputed,False,
615,RHEA:12196,encoded_general_reaction,valid,cached,False,
616,RHEA:12200,encoded_general_reaction,valid,cached,False,
617,RHEA:12208,encoded_general_reaction,valid,cached,False,
618,RHEA:12212,encoded_general_reaction,valid,cached,False,
619,RHEA:12216,encoded_general_reaction,valid,cached,False,
620,RHEA:12220,encoded_general_reaction,valid,cached,False,
621,RHEA:12228,encoded_general_reaction,valid,cached,False,
622,RHEA:12232,encoded_general_reaction,valid,cached,False,
623,RHEA:12236,encoded_general_reaction,valid,cached,False,
624,RHEA:12240,copied_reference_feature,precomputed,precomputed,False,
625,RHEA:12248,encoded_general_reaction,valid,cached,False,
626,RHEA:12252,encoded_general_reaction,valid,cached,False,
627,RHEA:12256,encoded_general_reaction,valid,cached,False,
628,RHEA:12260,encoded_general_reaction,valid,cached,False,
629,RHEA:12268,encoded_general_reaction,valid,cached,False,
630,RHEA:12272,encoded_general_reaction,valid,cached,False,
631,RHEA:12276,encoded_general_reaction,valid,cached,False,
632,RHEA:12280,encoded_general_reaction,valid,cached,False,
633,RHEA:12284,encoded_general_reaction,valid,cached,False,
634,RHEA:12288,encoded_general_reaction,valid,cached,False,
635,RHEA:12292,encoded_general_reaction,valid,cached,False,
636,RHEA:12300,encoded_general_reaction,valid,cached,False,
637,RHEA:12304,encoded_general_reaction,valid,cached,False,
638,RHEA:12308,encoded_general_reaction,valid,cached,False,
639,RHEA:12312,encoded_general_reaction,valid,cached,False,
640,RHEA:12316,encoded_general_reaction,valid,cached,False,
641,RHEA:12332,encoded_general_reaction,valid,cached,False,
642,RHEA:12340,encoded_general_reaction,valid,cached,False,
643,RHEA:12344,encoded_general_reaction,valid,cached,False,
644,RHEA:12348,encoded_general_reaction,valid,cached,False,
645,RHEA:12356,encoded_general_reaction,valid,cached,False,
646,RHEA:12360,encoded_general_reaction,valid,cached,False,
647,RHEA:12364,encoded_general_reaction,valid,cached,False,
648,RHEA:12372,encoded_general_reaction,valid,cached,False,
649,RHEA:12376,encoded_general_reaction,valid,cached,False,
650,RHEA:12388,encoded_general_reaction,valid,cached,False,
651,RHEA:12400,encoded_general_reaction,valid,cached,False,
652,RHEA:12404,encoded_general_reaction,valid,cached,False,
653,RHEA:12408,encoded_general_reaction,valid,cached,False,
654,RHEA:12420,encoded_general_reaction,valid,cached,False,
655,RHEA:12424,encoded_general_reaction,valid,cached,False,
656,RHEA:12428,encoded_general_reaction,valid,cached,False,
657,RHEA:12432,encoded_general_reaction,valid,cached,False,
658,RHEA:12440,encoded_general_reaction,valid,cached,False,
659,RHEA:12452,encoded_general_reaction,valid,cached,False,
660,RHEA:12456,encoded_general_reaction,valid,cached,False,
661,RHEA:12460,encoded_general_reaction,valid,cached,False,
662,RHEA:12464,encoded_general_reaction,valid,cached,False,
663,RHEA:12472,encoded_general_reaction,valid,cached,False,
664,RHEA:12476,encoded_general_reaction,valid,cached,False,
665,RHEA:12484,encoded_general_reaction,valid,cached,False,
666,RHEA:12488,encoded_general_reaction,valid,cached,False,
667,RHEA:12492,encoded_general_reaction,valid,cached,False,
668,RHEA:12500,encoded_general_reaction,valid,cached,False,
669,RHEA:12504,encoded_general_reaction,valid,cached,False,
670,RHEA:12508,encoded_general_reaction,valid,cached,False,
671,RHEA:12512,encoded_general_reaction,valid,cached,False,
672,RHEA:12516,copied_reference_feature,precomputed,precomputed,False,
673,RHEA:12524,encoded_general_reaction,valid,cached,False,
674,RHEA:12532,encoded_general_reaction,valid,cached,False,
675,RHEA:12536,encoded_general_reaction,valid,cached,False,
676,RHEA:12540,encoded_general_reaction,valid,cached,False,
677,RHEA:12544,encoded_general_reaction,valid,cached,False,
678,RHEA:12548,encoded_general_reaction,valid,cached,False,
679,RHEA:12552,encoded_general_reaction,valid,cached,False,
680,RHEA:12556,encoded_general_reaction,valid,cached,False,
681,RHEA:12560,encoded_general_reaction,valid,cached,False,
682,RHEA:12568,encoded_general_reaction,valid,cached,False,
683,RHEA:12576,encoded_general_reaction,valid,cached,False,
684,RHEA:12580,encoded_general_reaction,valid,cached,False,
685,RHEA:12588,encoded_general_reaction,valid,cached,False,
686,RHEA:12593,encoded_general_reaction,valid,cached,False,
687,RHEA:12597,encoded_general_reaction,valid,cached,False,
688,RHEA:12601,encoded_general_reaction,valid,cached,False,
689,RHEA:12605,copied_reference_feature,precomputed,precomputed,False,
690,RHEA:12609,encoded_general_reaction,valid,cached,False,
691,RHEA:12617,encoded_general_reaction,valid,cached,False,
692,RHEA:12621,encoded_general_reaction,valid,cached,False,
693,RHEA:12625,encoded_general_reaction,valid,cached,False,
694,RHEA:12629,encoded_general_reaction,valid,cached,False,
695,RHEA:12633,encoded_general_reaction,valid,cached,False,
696,RHEA:12637,encoded_general_reaction,valid,cached,False,
697,RHEA:12641,encoded_general_reaction,valid,cached,False,
698,RHEA:12645,encoded_general_reaction,valid,cached,False,
699,RHEA:12649,encoded_general_reaction,valid,cached,False,
700,RHEA:12653,encoded_general_reaction,valid,cached,False,
701,RHEA:12657,encoded_general_reaction,valid,cached,False,
702,RHEA:12661,encoded_general_reaction,valid,cached,False,
703,RHEA:12665,encoded_general_reaction,valid,cached,False,
704,RHEA:12669,encoded_general_reaction,valid,cached,False,
705,RHEA:12673,encoded_general_reaction,valid,cached,False,
706,RHEA:12685,encoded_general_reaction,valid,cached,False,
707,RHEA:12689,encoded_general_reaction,valid,cached,False,
708,RHEA:12693,encoded_general_reaction,valid,cached,False,
709,RHEA:12697,encoded_general_reaction,valid,cached,False,
710,RHEA:12701,encoded_general_reaction,valid,cached,False,
711,RHEA:12705,encoded_general_reaction,valid,cached,False,
712,RHEA:12709,encoded_general_reaction,valid,cached,False,
713,RHEA:12717,encoded_general_reaction,valid,cached,False,
714,RHEA:12721,encoded_general_reaction,valid,cached,False,
715,RHEA:12729,encoded_general_reaction,valid,cached,False,
716,RHEA:12733,encoded_general_reaction,valid,cached,False,
717,RHEA:12737,encoded_general_reaction,valid,cached,False,
718,RHEA:12745,encoded_general_reaction,valid,cached,False,
719,RHEA:12749,encoded_general_reaction,valid,cached,False,
720,RHEA:12753,encoded_general_reaction,valid,cached,False,
721,RHEA:12761,encoded_general_reaction,valid,cached,False,
722,RHEA:12765,encoded_general_reaction,valid,cached,False,
723,RHEA:12769,encoded_general_reaction,valid,cached,False,
724,RHEA:12773,encoded_general_reaction,valid,cached,False,
725,RHEA:12793,encoded_general_reaction,valid,cached,False,
726,RHEA:12801,encoded_general_reaction,valid,cached,False,
727,RHEA:12805,encoded_general_reaction,valid,cached,False,
728,RHEA:12813,encoded_general_reaction,valid,cached,False,
729,RHEA:12821,encoded_general_reaction,valid,cached,False,
730,RHEA:12825,encoded_general_reaction,valid,cached,False,
731,RHEA:12829,encoded_general_reaction,valid,cached,False,
732,RHEA:12833,encoded_general_reaction,valid,cached,False,
733,RHEA:12837,encoded_general_reaction,valid,cached,False,
734,RHEA:12841,encoded_general_reaction,valid,cached,False,
735,RHEA:12849,encoded_general_reaction,valid,cached,False,
736,RHEA:12853,encoded_general_reaction,valid,cached,False,
737,RHEA:12857,encoded_general_reaction,valid,cached,False,
738,RHEA:12861,encoded_general_reaction,valid,cached,False,
739,RHEA:12869,copied_reference_feature,precomputed,precomputed,False,
740,RHEA:12873,encoded_general_reaction,valid,cached,False,
741,RHEA:12877,encoded_general_reaction,valid,cached,False,
742,RHEA:12881,encoded_general_reaction,valid,cached,False,
743,RHEA:12889,encoded_general_reaction,valid,cached,False,
744,RHEA:12893,encoded_general_reaction,valid,cached,False,
745,RHEA:12897,encoded_general_reaction,valid,cached,False,
746,RHEA:12901,encoded_general_reaction,valid,cached,False,
747,RHEA:12909,encoded_general_reaction,valid,cached,False,
748,RHEA:12917,encoded_general_reaction,valid,cached,False,
749,RHEA:12921,encoded_general_reaction,valid,cached,False,
750,RHEA:12929,encoded_general_reaction,valid,cached,False,
751,RHEA:12933,encoded_general_reaction,valid,cached,False,
752,RHEA:12937,encoded_general_reaction,valid,cached,False,
753,RHEA:12941,encoded_general_reaction,valid,cached,False,
754,RHEA:12945,encoded_general_reaction,valid,cached,False,
755,RHEA:12949,encoded_general_reaction,valid,cached,False,
756,RHEA:12957,encoded_general_reaction,valid,cached,False,
757,RHEA:12961,encoded_general_reaction,valid,cached,False,
758,RHEA:12965,encoded_general_reaction,valid,cached,False,
759,RHEA:12969,encoded_general_reaction,valid,cached,False,
760,RHEA:12973,encoded_general_reaction,valid,cached,False,
761,RHEA:12977,encoded_general_reaction,valid,cached,False,
762,RHEA:12981,encoded_general_reaction,valid,cached,False,
763,RHEA:12985,encoded_general_reaction,valid,cached,False,
764,RHEA:12993,encoded_general_reaction,valid,cached,False,
765,RHEA:13009,encoded_general_reaction,valid,cached,False,
766,RHEA:13013,encoded_general_reaction,valid,cached,False,
767,RHEA:13017,encoded_general_reaction,valid,cached,False,
768,RHEA:13021,encoded_general_reaction,valid,cached,False,
769,RHEA:13025,encoded_general_reaction,valid,cached,False,
770,RHEA:13029,encoded_general_reaction,valid,cached,False,
771,RHEA:13033,encoded_general_reaction,valid,cached,False,
772,RHEA:13041,encoded_general_reaction,valid,cached,False,
773,RHEA:13049,encoded_general_reaction,valid,cached,False,
774,RHEA:13057,encoded_general_reaction,valid,cached,False,
775,RHEA:13065,encoded_general_reaction,valid,cached,False,
776,RHEA:13069,encoded_general_reaction,valid,cached,False,
777,RHEA:13073,encoded_general_reaction,valid,cached,False,
778,RHEA:13081,encoded_general_reaction,valid,cached,False,
779,RHEA:13085,encoded_general_reaction,valid,cached,False,
780,RHEA:13089,encoded_general_reaction,valid,cached,False,
781,RHEA:13093,encoded_general_reaction,valid,cached,False,
782,RHEA:13097,encoded_general_reaction,valid,cached,False,
783,RHEA:13101,encoded_general_reaction,valid,cached,False,
784,RHEA:13117,encoded_general_reaction,valid,cached,False,
785,RHEA:13121,encoded_general_reaction,valid,cached,False,
786,RHEA:13141,encoded_general_reaction,valid,cached,False,
787,RHEA:13145,encoded_general_reaction,valid,cached,False,
788,RHEA:13149,encoded_general_reaction,valid,cached,False,
789,RHEA:13161,encoded_general_reaction,valid,cached,False,
790,RHEA:13169,encoded_general_reaction,valid,cached,False,
791,RHEA:13173,encoded_general_reaction,valid,cached,False,
792,RHEA:13177,encoded_general_reaction,valid,cached,False,
793,RHEA:13181,encoded_general_reaction,valid,cached,False,
794,RHEA:13185,encoded_general_reaction,valid,cached,False,
795,RHEA:13189,encoded_general_reaction,valid,cached,False,
796,RHEA:13193,encoded_general_reaction,valid,cached,False,
797,RHEA:13197,encoded_general_reaction,valid,cached,False,
798,RHEA:13201,encoded_general_reaction,valid,cached,False,
799,RHEA:13205,encoded_general_reaction,valid,cached,False,
800,RHEA:13213,encoded_general_reaction,valid,cached,False,
801,RHEA:13217,encoded_general_reaction,valid,cached,False,
802,RHEA:13233,encoded_general_reaction,valid,cached,False,
803,RHEA:13237,encoded_general_reaction,valid,cached,False,
804,RHEA:13241,encoded_general_reaction,valid,cached,False,
805,RHEA:13245,encoded_general_reaction,valid,cached,False,
806,RHEA:13249,encoded_general_reaction,valid,cached,False,
807,RHEA:13253,encoded_general_reaction,valid,cached,False,
808,RHEA:13265,encoded_general_reaction,valid,cached,False,
809,RHEA:13269,encoded_general_reaction,valid,cached,False,
810,RHEA:13281,encoded_general_reaction,valid,cached,False,
811,RHEA:13285,encoded_general_reaction,valid,cached,False,
812,RHEA:13305,encoded_general_reaction,valid,cached,False,
813,RHEA:13309,encoded_general_reaction,valid,cached,False,
814,RHEA:13313,encoded_general_reaction,valid,cached,False,
815,RHEA:13317,encoded_general_reaction,valid,cached,False,
816,RHEA:13325,encoded_general_reaction,valid,cached,False,
817,RHEA:13329,encoded_general_reaction,valid,cached,False,
818,RHEA:13333,encoded_general_reaction,valid,cached,False,
819,RHEA:13345,encoded_general_reaction,valid,cached,False,
820,RHEA:13349,encoded_general_reaction,valid,cached,False,
821,RHEA:13361,encoded_general_reaction,valid,cached,False,
822,RHEA:13369,copied_reference_feature,precomputed,precomputed,False,
823,RHEA:13381,encoded_general_reaction,valid,cached,False,
824,RHEA:13389,encoded_general_reaction,valid,cached,False,
825,RHEA:13405,encoded_general_reaction,valid,cached,False,
826,RHEA:13409,encoded_general_reaction,valid,cached,False,
827,RHEA:13421,encoded_general_reaction,valid,cached,False,
828,RHEA:13425,encoded_general_reaction,valid,cached,False,
829,RHEA:13429,encoded_general_reaction,valid,cached,False,
830,RHEA:13433,encoded_general_reaction,valid,cached,False,
831,RHEA:13437,encoded_general_reaction,valid,cached,False,
832,RHEA:13441,encoded_general_reaction,valid,cached,False,
833,RHEA:13445,encoded_general_reaction,valid,cached,False,
834,RHEA:13449,encoded_general_reaction,valid,cached,False,
835,RHEA:13453,encoded_general_reaction,valid,cached,False,
836,RHEA:13457,encoded_general_reaction,valid,cached,False,
837,RHEA:13461,encoded_general_reaction,valid,cached,False,
838,RHEA:13473,encoded_general_reaction,valid,cached,False,
839,RHEA:13481,encoded_general_reaction,valid,cached,False,
840,RHEA:13489,encoded_general_reaction,valid,cached,False,
841,RHEA:13493,encoded_general_reaction,valid,cached,False,
842,RHEA:13497,encoded_general_reaction,valid,cached,False,
843,RHEA:13501,encoded_general_reaction,valid,cached,False,
844,RHEA:13509,encoded_general_reaction,valid,cached,False,
845,RHEA:13513,encoded_general_reaction,valid,cached,False,
846,RHEA:13517,encoded_general_reaction,valid,cached,False,
847,RHEA:13521,encoded_general_reaction,valid,cached,False,
848,RHEA:13525,copied_reference_feature,precomputed,precomputed,False,
849,RHEA:13537,encoded_general_reaction,valid,cached,False,
850,RHEA:13541,encoded_general_reaction,valid,cached,False,
851,RHEA:13545,copied_reference_feature,precomputed,precomputed,False,
852,RHEA:13549,encoded_general_reaction,valid,cached,False,
853,RHEA:13553,encoded_general_reaction,valid,cached,False,
854,RHEA:13557,encoded_general_reaction,valid,cached,False,
855,RHEA:13561,encoded_general_reaction,valid,cached,False,
856,RHEA:13581,encoded_general_reaction,valid,cached,False,
857,RHEA:13585,encoded_general_reaction,valid,cached,False,
858,RHEA:13589,encoded_general_reaction,valid,cached,False,
859,RHEA:13601,encoded_general_reaction,valid,cached,False,
860,RHEA:13609,encoded_general_reaction,valid,cached,False,
861,RHEA:13613,encoded_general_reaction,valid,cached,False,
862,RHEA:13617,encoded_general_reaction,valid,cached,False,
863,RHEA:13625,encoded_general_reaction,valid,cached,False,
864,RHEA:13629,encoded_general_reaction,valid,cached,False,
865,RHEA:13633,encoded_general_reaction,valid,cached,False,
866,RHEA:13637,encoded_general_reaction,valid,cached,False,
867,RHEA:13641,encoded_general_reaction,valid,cached,False,
868,RHEA:13665,encoded_general_reaction,valid,cached,False,
869,RHEA:13669,encoded_general_reaction,valid,cached,False,
870,RHEA:13673,encoded_general_reaction,valid,cached,False,
871,RHEA:13677,encoded_general_reaction,valid,cached,False,
872,RHEA:13681,encoded_general_reaction,valid,cached,False,
873,RHEA:13685,encoded_general_reaction,valid,cached,False,
874,RHEA:13697,encoded_general_reaction,valid,cached,False,
875,RHEA:13701,encoded_general_reaction,valid,cached,False,
876,RHEA:13717,encoded_general_reaction,valid,cached,False,
877,RHEA:13725,encoded_general_reaction,valid,cached,False,
878,RHEA:13729,encoded_general_reaction,valid,cached,False,
879,RHEA:13733,encoded_general_reaction,valid,cached,False,
880,RHEA:13737,encoded_general_reaction,valid,cached,False,
881,RHEA:13741,encoded_general_reaction,valid,cached,False,
882,RHEA:13745,encoded_general_reaction,valid,cached,False,
883,RHEA:13749,encoded_general_reaction,valid,cached,False,
884,RHEA:13753,encoded_general_reaction,valid,cached,False,
885,RHEA:13757,encoded_general_reaction,valid,cached,False,
886,RHEA:13761,encoded_general_reaction,valid,cached,False,
887,RHEA:13769,encoded_general_reaction,valid,cached,False,
888,RHEA:13773,encoded_general_reaction,valid,cached,False,
889,RHEA:13781,encoded_general_reaction,valid,cached,False,
890,RHEA:13785,encoded_general_reaction,valid,cached,False,
891,RHEA:13793,encoded_general_reaction,valid,cached,False,
892,RHEA:13801,encoded_general_reaction,valid,cached,False,
893,RHEA:13805,encoded_general_reaction,valid,cached,False,
894,RHEA:13809,encoded_general_reaction,valid,cached,False,
895,RHEA:13813,encoded_general_reaction,valid,cached,False,
896,RHEA:13817,encoded_general_reaction,valid,cached,False,
897,RHEA:13821,encoded_general_reaction,valid,cached,False,
898,RHEA:13825,encoded_general_reaction,valid,cached,False,
899,RHEA:13829,encoded_general_reaction,valid,cached,False,
900,RHEA:13833,encoded_general_reaction,valid,cached,False,
901,RHEA:13849,encoded_general_reaction,valid,cached,False,
902,RHEA:13861,encoded_general_reaction,valid,cached,False,
903,RHEA:13869,encoded_general_reaction,valid,cached,False,
904,RHEA:13873,copied_reference_feature,precomputed,precomputed,False,
905,RHEA:13877,encoded_general_reaction,valid,cached,False,
906,RHEA:13881,encoded_general_reaction,valid,cached,False,
907,RHEA:13889,encoded_general_reaction,valid,cached,False,
908,RHEA:13893,encoded_general_reaction,valid,cached,False,
909,RHEA:13897,encoded_general_reaction,valid,cached,False,
910,RHEA:13905,encoded_general_reaction,valid,cached,False,
911,RHEA:13913,encoded_general_reaction,valid,cached,False,
912,RHEA:13929,encoded_general_reaction,valid,cached,False,
913,RHEA:13933,encoded_general_reaction,valid,cached,False,
914,RHEA:13941,encoded_general_reaction,valid,cached,False,
915,RHEA:13945,encoded_general_reaction,valid,cached,False,
916,RHEA:13949,encoded_general_reaction,valid,cached,False,
917,RHEA:13953,encoded_general_reaction,valid,cached,False,
918,RHEA:13957,encoded_general_reaction,valid,cached,False,
919,RHEA:13961,encoded_general_reaction,valid,cached,False,
920,RHEA:13965,encoded_general_reaction,valid,cached,False,
921,RHEA:13969,encoded_general_reaction,valid,cached,False,
922,RHEA:13973,encoded_general_reaction,valid,cached,False,
923,RHEA:13977,encoded_general_reaction,valid,cached,False,
924,RHEA:13985,encoded_general_reaction,valid,cached,False,
925,RHEA:13989,encoded_general_reaction,valid,cached,False,
926,RHEA:13993,encoded_general_reaction,valid,cached,False,
927,RHEA:14001,encoded_general_reaction,valid,cached,False,
928,RHEA:14005,encoded_general_reaction,valid,cached,False,
929,RHEA:14009,copied_reference_feature,precomputed,precomputed,False,
930,RHEA:14013,encoded_general_reaction,valid,cached,False,
931,RHEA:14017,encoded_general_reaction,valid,cached,False,
932,RHEA:14021,encoded_general_reaction,valid,cached,False,
933,RHEA:14025,encoded_general_reaction,valid,cached,False,
934,RHEA:14029,encoded_general_reaction,valid,cached,False,
935,RHEA:14033,encoded_general_reaction,valid,cached,False,
936,RHEA:14037,encoded_general_reaction,valid,cached,False,
937,RHEA:14041,encoded_general_reaction,valid,cached,False,
938,RHEA:14045,encoded_general_reaction,valid,cached,False,
939,RHEA:14049,encoded_general_reaction,valid,cached,False,
940,RHEA:14053,encoded_general_reaction,valid,cached,False,
941,RHEA:14057,encoded_general_reaction,valid,cached,False,
942,RHEA:14065,encoded_general_reaction,valid,cached,False,
943,RHEA:14069,encoded_general_reaction,valid,cached,False,
944,RHEA:14077,encoded_general_reaction,valid,cached,False,
945,RHEA:14081,encoded_general_reaction,valid,cached,False,
946,RHEA:14085,encoded_general_reaction,valid,cached,False,
947,RHEA:14089,encoded_general_reaction,valid,cached,False,
948,RHEA:14093,encoded_general_reaction,valid,cached,False,
949,RHEA:14101,encoded_general_reaction,valid,cached,False,
950,RHEA:14105,encoded_general_reaction,valid,cached,False,
951,RHEA:14109,encoded_general_reaction,valid,cached,False,
952,RHEA:14113,encoded_general_reaction,valid,cached,False,
953,RHEA:14129,encoded_general_reaction,valid,cached,False,
954,RHEA:14133,encoded_general_reaction,valid,cached,False,
955,RHEA:14141,encoded_general_reaction,valid,cached,False,
956,RHEA:14145,encoded_general_reaction,valid,cached,False,
957,RHEA:14157,encoded_general_reaction,valid,cached,False,
958,RHEA:14161,encoded_general_reaction,valid,cached,False,
959,RHEA:14165,encoded_general_reaction,valid,cached,False,
960,RHEA:14173,encoded_general_reaction,valid,cached,False,
961,RHEA:14177,encoded_general_reaction,valid,cached,False,
962,RHEA:14181,encoded_general_reaction,valid,cached,False,
963,RHEA:14185,encoded_general_reaction,valid,cached,False,
964,RHEA:14189,encoded_general_reaction,valid,cached,False,
965,RHEA:14201,encoded_general_reaction,valid,cached,False,
966,RHEA:14205,encoded_general_reaction,valid,cached,False,
967,RHEA:14213,encoded_general_reaction,valid,cached,False,
968,RHEA:14217,encoded_general_reaction,valid,cached,False,
969,RHEA:14245,encoded_general_reaction,valid,cached,False,
970,RHEA:14253,encoded_general_reaction,valid,cached,False,
971,RHEA:14257,encoded_general_reaction,valid,cached,False,
972,RHEA:14265,encoded_general_reaction,valid,cached,False,
973,RHEA:14269,encoded_general_reaction,valid,cached,False,
974,RHEA:14277,encoded_general_reaction,valid,cached,False,
975,RHEA:14293,encoded_general_reaction,valid,cached,False,
976,RHEA:14297,encoded_general_reaction,valid,cached,False,
977,RHEA:14301,encoded_general_reaction,valid,cached,False,
978,RHEA:14305,encoded_general_reaction,valid,cached,False,
979,RHEA:14317,encoded_general_reaction,valid,cached,False,
980,RHEA:14321,encoded_general_reaction,valid,cached,False,
981,RHEA:14329,encoded_general_reaction,valid,cached,False,
982,RHEA:14333,encoded_general_reaction,valid,cached,False,
983,RHEA:14341,encoded_general_reaction,valid,cached,False,
984,RHEA:14345,encoded_general_reaction,valid,cached,False,
985,RHEA:14349,encoded_general_reaction,valid,cached,False,
986,RHEA:14353,encoded_general_reaction,valid,cached,False,
987,RHEA:14357,encoded_general_reaction,valid,cached,False,
988,RHEA:14369,encoded_general_reaction,valid,cached,False,
989,RHEA:14373,encoded_general_reaction,valid,cached,False,
990,RHEA:14381,encoded_general_reaction,valid,cached,False,
991,RHEA:14389,encoded_general_reaction,valid,cached,False,
992,RHEA:14393,encoded_general_reaction,valid,cached,False,
993,RHEA:14397,encoded_general_reaction,valid,cached,False,
994,RHEA:14401,encoded_general_reaction,valid,cached,False,
995,RHEA:14405,encoded_general_reaction,valid,cached,False,
996,RHEA:14409,encoded_general_reaction,valid,cached,False,
997,RHEA:14413,encoded_general_reaction,valid,cached,False,
998,RHEA:14425,encoded_general_reaction,valid,cached,False,
999,RHEA:14429,encoded_general_reaction,valid,cached,False,
1000,RHEA:14433,encoded_general_reaction,valid,cached,False,
1001,RHEA:14437,encoded_general_reaction,valid,cached,False,
1002,RHEA:14441,encoded_general_reaction,valid,cached,False,
1003,RHEA:14445,encoded_general_reaction,valid,cached,False,
1004,RHEA:14465,encoded_general_reaction,valid,cached,False,
1005,RHEA:14469,encoded_general_reaction,valid,cached,False,
1006,RHEA:14473,encoded_general_reaction,valid,cached,False,
1007,RHEA:14477,encoded_general_reaction,valid,cached,False,
1008,RHEA:14481,encoded_general_reaction,valid,cached,False,
1009,RHEA:14485,copied_reference_feature,precomputed,precomputed,False,
1010,RHEA:14489,encoded_general_reaction,valid,cached,False,
1011,RHEA:14493,encoded_general_reaction,valid,cached,False,
1012,RHEA:14501,encoded_general_reaction,valid,cached,False,
1013,RHEA:14509,encoded_general_reaction,valid,cached,False,
1014,RHEA:14513,encoded_general_reaction,valid,cached,False,
1015,RHEA:14517,encoded_general_reaction,valid,cached,False,
1016,RHEA:14521,encoded_general_reaction,valid,cached,False,
1017,RHEA:14525,encoded_general_reaction,valid,cached,False,
1018,RHEA:14533,encoded_general_reaction,valid,cached,False,
1019,RHEA:14541,encoded_general_reaction,valid,cached,False,
1020,RHEA:14545,encoded_general_reaction,valid,cached,False,
1021,RHEA:14549,encoded_general_reaction,valid,cached,False,
1022,RHEA:14557,encoded_general_reaction,valid,cached,False,
1023,RHEA:14561,encoded_general_reaction,valid,cached,False,
1024,RHEA:14569,encoded_general_reaction,valid,cached,False,
1025,RHEA:14573,encoded_general_reaction,valid,cached,False,
1026,RHEA:14581,encoded_general_reaction,valid,cached,False,
1027,RHEA:14589,encoded_general_reaction,valid,cached,False,
1028,RHEA:14597,encoded_general_reaction,valid,cached,False,
1029,RHEA:14605,encoded_general_reaction,valid,cached,False,
1030,RHEA:14609,encoded_general_reaction,valid,cached,False,
1031,RHEA:14613,encoded_general_reaction,valid,cached,False,
1032,RHEA:14621,copied_reference_feature,precomputed,precomputed,False,
1033,RHEA:14629,encoded_general_reaction,valid,cached,False,
1034,RHEA:14633,encoded_general_reaction,valid,cached,False,
1035,RHEA:14649,encoded_general_reaction,valid,cached,False,
1036,RHEA:14653,encoded_general_reaction,valid,cached,False,
1037,RHEA:14657,encoded_general_reaction,valid,cached,False,
1038,RHEA:14665,encoded_general_reaction,valid,cached,False,
1039,RHEA:14669,encoded_general_reaction,valid,cached,False,
1040,RHEA:14673,encoded_general_reaction,valid,cached,False,
1041,RHEA:14685,encoded_general_reaction,valid,cached,False,
1042,RHEA:14697,encoded_general_reaction,valid,cached,False,
1043,RHEA:14701,encoded_general_reaction,valid,cached,False,
1044,RHEA:14705,encoded_general_reaction,valid,cached,False,
1045,RHEA:14709,encoded_general_reaction,valid,cached,False,
1046,RHEA:14717,encoded_general_reaction,valid,cached,False,
1047,RHEA:14721,encoded_general_reaction,valid,cached,False,
1048,RHEA:14729,encoded_general_reaction,valid,cached,False,
1049,RHEA:14733,encoded_general_reaction,valid,cached,False,
1050,RHEA:14737,encoded_general_reaction,valid,cached,False,
1051,RHEA:14749,encoded_general_reaction,valid,cached,False,
1052,RHEA:14753,encoded_general_reaction,valid,cached,False,
1053,RHEA:14761,encoded_general_reaction,valid,cached,False,
1054,RHEA:14765,encoded_general_reaction,valid,cached,False,
1055,RHEA:14777,encoded_general_reaction,valid,cached,False,
1056,RHEA:14781,encoded_general_reaction,valid,cached,False,
1057,RHEA:14789,encoded_general_reaction,valid,cached,False,
1058,RHEA:14797,encoded_general_reaction,valid,cached,False,
1059,RHEA:14801,encoded_general_reaction,valid,cached,False,
1060,RHEA:14805,encoded_general_reaction,valid,cached,False,
1061,RHEA:14813,encoded_general_reaction,valid,cached,False,
1062,RHEA:14817,encoded_general_reaction,valid,cached,False,
1063,RHEA:14821,encoded_general_reaction,valid,cached,False,
1064,RHEA:14829,encoded_general_reaction,valid,cached,False,
1065,RHEA:14833,encoded_general_reaction,valid,cached,False,
1066,RHEA:14837,encoded_general_reaction,valid,cached,False,
1067,RHEA:14841,copied_reference_feature,precomputed,precomputed,False,
1068,RHEA:14853,encoded_general_reaction,valid,cached,False,
1069,RHEA:14857,encoded_general_reaction,valid,cached,False,
1070,RHEA:14869,encoded_general_reaction,valid,cached,False,
1071,RHEA:14873,encoded_general_reaction,valid,cached,False,
1072,RHEA:14877,encoded_general_reaction,valid,cached,False,
1073,RHEA:14885,encoded_general_reaction,valid,cached,False,
1074,RHEA:14889,encoded_general_reaction,valid,cached,False,
1075,RHEA:14893,encoded_general_reaction,valid,cached,False,
1076,RHEA:14901,copied_reference_feature,precomputed,precomputed,False,
1077,RHEA:14905,encoded_general_reaction,valid,cached,False,
1078,RHEA:14909,encoded_general_reaction,valid,cached,False,
1079,RHEA:14921,encoded_general_reaction,valid,cached,False,
1080,RHEA:14929,encoded_general_reaction,valid,cached,False,
1081,RHEA:14937,encoded_general_reaction,valid,cached,False,
1082,RHEA:14945,encoded_general_reaction,valid,cached,False,
1083,RHEA:14961,encoded_general_reaction,valid,cached,False,
1084,RHEA:14965,encoded_general_reaction,valid,cached,False,
1085,RHEA:14969,encoded_general_reaction,valid,cached,False,
1086,RHEA:14973,encoded_general_reaction,valid,cached,False,
1087,RHEA:14977,encoded_general_reaction,valid,cached,False,
1088,RHEA:14981,encoded_general_reaction,valid,cached,False,
1089,RHEA:14985,encoded_general_reaction,valid,cached,False,
1090,RHEA:14993,encoded_general_reaction,valid,cached,False,
1091,RHEA:15005,encoded_general_reaction,valid,cached,False,
1092,RHEA:15009,encoded_general_reaction,valid,cached,False,
1093,RHEA:15013,encoded_general_reaction,valid,cached,False,
1094,RHEA:15017,encoded_general_reaction,valid,cached,False,
1095,RHEA:15025,encoded_general_reaction,valid,cached,False,
1096,RHEA:15029,encoded_general_reaction,valid,cached,False,
1097,RHEA:15033,encoded_general_reaction,valid,cached,False,
1098,RHEA:15037,encoded_general_reaction,valid,cached,False,
1099,RHEA:15045,encoded_general_reaction,valid,cached,False,
1100,RHEA:15053,encoded_general_reaction,valid,cached,False,
1101,RHEA:15057,encoded_general_reaction,valid,cached,False,
1102,RHEA:15061,encoded_general_reaction,valid,cached,False,
1103,RHEA:15081,encoded_general_reaction,valid,cached,False,
1104,RHEA:15089,encoded_general_reaction,valid,cached,False,
1105,RHEA:15093,encoded_general_reaction,valid,cached,False,
1106,RHEA:15097,encoded_general_reaction,valid,cached,False,
1107,RHEA:15101,encoded_general_reaction,valid,cached,False,
1108,RHEA:15105,encoded_general_reaction,valid,cached,False,
1109,RHEA:15113,encoded_general_reaction,valid,cached,False,
1110,RHEA:15117,encoded_general_reaction,valid,cached,False,
1111,RHEA:15129,encoded_general_reaction,valid,cached,False,
1112,RHEA:15133,encoded_general_reaction,valid,cached,False,
1113,RHEA:15141,encoded_general_reaction,valid,cached,False,
1114,RHEA:15145,encoded_general_reaction,valid,cached,False,
1115,RHEA:15149,encoded_general_reaction,valid,cached,False,
1116,RHEA:15153,encoded_general_reaction,valid,cached,False,
1117,RHEA:15165,encoded_general_reaction,valid,cached,False,
1118,RHEA:15169,encoded_general_reaction,valid,cached,False,
1119,RHEA:15173,encoded_general_reaction,valid,cached,False,
1120,RHEA:15177,encoded_general_reaction,valid,cached,False,
1121,RHEA:15181,encoded_general_reaction,valid,cached,False,
1122,RHEA:15185,encoded_general_reaction,valid,cached,False,
1123,RHEA:15189,encoded_general_reaction,valid,cached,False,
1124,RHEA:15193,encoded_general_reaction,valid,cached,False,
1125,RHEA:15197,encoded_general_reaction,valid,cached,False,
1126,RHEA:15209,encoded_general_reaction,valid,cached,False,
1127,RHEA:15213,encoded_general_reaction,valid,cached,False,
1128,RHEA:15221,encoded_general_reaction,valid,cached,False,
1129,RHEA:15225,encoded_general_reaction,valid,cached,False,
1130,RHEA:15229,encoded_general_reaction,valid,cached,False,
1131,RHEA:15233,encoded_general_reaction,valid,cached,False,
1132,RHEA:15241,encoded_general_reaction,valid,cached,False,
1133,RHEA:15245,encoded_general_reaction,valid,cached,False,
1134,RHEA:15249,encoded_general_reaction,valid,cached,False,
1135,RHEA:15253,encoded_general_reaction,valid,cached,False,
1136,RHEA:15257,encoded_general_reaction,valid,cached,False,
1137,RHEA:15261,encoded_general_reaction,valid,cached,False,
1138,RHEA:15265,encoded_general_reaction,valid,cached,False,
1139,RHEA:15277,encoded_general_reaction,valid,cached,False,
1140,RHEA:15281,encoded_general_reaction,valid,cached,False,
1141,RHEA:15285,encoded_general_reaction,valid,cached,False,
1142,RHEA:15297,encoded_general_reaction,valid,cached,False,
1143,RHEA:15305,encoded_general_reaction,valid,cached,False,
1144,RHEA:15309,encoded_general_reaction,valid,cached,False,
1145,RHEA:15313,encoded_general_reaction,valid,cached,False,
1146,RHEA:15321,encoded_general_reaction,valid,cached,False,
1147,RHEA:15325,encoded_general_reaction,valid,cached,False,
1148,RHEA:15329,encoded_general_reaction,valid,cached,False,
1149,RHEA:15341,encoded_general_reaction,valid,cached,False,
1150,RHEA:15349,encoded_general_reaction,valid,cached,False,
1151,RHEA:15353,encoded_general_reaction,valid,cached,False,
1152,RHEA:15357,encoded_general_reaction,valid,cached,False,
1153,RHEA:15373,encoded_general_reaction,valid,cached,False,
1154,RHEA:15377,encoded_general_reaction,valid,cached,False,
1155,RHEA:15381,encoded_general_reaction,valid,cached,False,
1156,RHEA:15385,encoded_general_reaction,valid,cached,False,
1157,RHEA:15389,encoded_general_reaction,valid,cached,False,
1158,RHEA:15393,encoded_general_reaction,valid,cached,False,
1159,RHEA:15397,encoded_general_reaction,valid,cached,False,
1160,RHEA:15413,encoded_general_reaction,valid,cached,False,
1161,RHEA:15417,encoded_general_reaction,valid,cached,False,
1162,RHEA:15421,encoded_general_reaction,valid,cached,False,
1163,RHEA:15425,encoded_general_reaction,valid,cached,False,
1164,RHEA:15429,encoded_general_reaction,valid,cached,False,
1165,RHEA:15433,encoded_general_reaction,valid,cached,False,
1166,RHEA:15437,encoded_general_reaction,valid,cached,False,
1167,RHEA:15449,encoded_general_reaction,valid,cached,False,
1168,RHEA:15453,encoded_general_reaction,valid,cached,False,
1169,RHEA:15457,encoded_general_reaction,valid,cached,False,
1170,RHEA:15465,encoded_general_reaction,valid,cached,False,
1171,RHEA:15469,encoded_general_reaction,valid,cached,False,
1172,RHEA:15473,encoded_general_reaction,valid,cached,False,
1173,RHEA:15481,encoded_general_reaction,valid,cached,False,
1174,RHEA:15485,encoded_general_reaction,valid,cached,False,
1175,RHEA:15501,encoded_general_reaction,valid,cached,False,
1176,RHEA:15505,encoded_general_reaction,valid,cached,False,
1177,RHEA:15509,encoded_general_reaction,valid,cached,False,
1178,RHEA:15513,encoded_general_reaction,valid,cached,False,
1179,RHEA:15521,encoded_general_reaction,valid,cached,False,
1180,RHEA:15537,encoded_general_reaction,valid,cached,False,
1181,RHEA:15541,encoded_general_reaction,valid,cached,False,
1182,RHEA:15549,encoded_general_reaction,valid,cached,False,
1183,RHEA:15553,encoded_general_reaction,valid,cached,False,
1184,RHEA:15557,encoded_general_reaction,valid,cached,False,
1185,RHEA:15561,encoded_general_reaction,valid,cached,False,
1186,RHEA:15565,encoded_general_reaction,valid,cached,False,
1187,RHEA:15573,encoded_general_reaction,valid,cached,False,
1188,RHEA:15577,encoded_general_reaction,valid,cached,False,
1189,RHEA:15585,encoded_general_reaction,valid,cached,False,
1190,RHEA:15597,encoded_general_reaction,valid,cached,False,
1191,RHEA:15601,encoded_general_reaction,valid,cached,False,
1192,RHEA:15609,encoded_general_reaction,valid,cached,False,
1193,RHEA:15613,encoded_general_reaction,valid,cached,False,
1194,RHEA:15621,encoded_general_reaction,valid,cached,False,
1195,RHEA:15625,encoded_general_reaction,valid,cached,False,
1196,RHEA:15629,encoded_general_reaction,valid,cached,False,
1197,RHEA:15633,encoded_general_reaction,valid,cached,False,
1198,RHEA:15641,encoded_general_reaction,valid,cached,False,
1199,RHEA:15649,encoded_general_reaction,valid,cached,False,
1200,RHEA:15653,encoded_general_reaction,valid,cached,False,
1201,RHEA:15661,encoded_general_reaction,valid,cached,False,
1202,RHEA:15669,encoded_general_reaction,valid,cached,False,
1203,RHEA:15673,encoded_general_reaction,valid,cached,False,
1204,RHEA:15681,encoded_general_reaction,valid,cached,False,
1205,RHEA:15689,encoded_general_reaction,valid,cached,False,
1206,RHEA:15697,encoded_general_reaction,valid,cached,False,
1207,RHEA:15709,encoded_general_reaction,valid,cached,False,
1208,RHEA:15713,encoded_general_reaction,valid,cached,False,
1209,RHEA:15717,encoded_general_reaction,valid,cached,False,
1210,RHEA:15725,encoded_general_reaction,valid,cached,False,
1211,RHEA:15729,encoded_general_reaction,valid,cached,False,
1212,RHEA:15733,encoded_general_reaction,valid,cached,False,
1213,RHEA:15737,encoded_general_reaction,valid,cached,False,
1214,RHEA:15741,encoded_general_reaction,valid,cached,False,
1215,RHEA:15749,encoded_general_reaction,valid,cached,False,
1216,RHEA:15753,encoded_general_reaction,valid,cached,False,
1217,RHEA:15757,encoded_general_reaction,valid,cached,False,
1218,RHEA:15761,encoded_general_reaction,valid,cached,False,
1219,RHEA:15765,encoded_general_reaction,valid,cached,False,
1220,RHEA:15769,encoded_general_reaction,valid,cached,False,
1221,RHEA:15773,encoded_general_reaction,valid,cached,False,
1222,RHEA:15781,encoded_general_reaction,valid,cached,False,
1223,RHEA:15793,encoded_general_reaction,valid,cached,False,
1224,RHEA:15797,encoded_general_reaction,valid,cached,False,
1225,RHEA:15801,encoded_general_reaction,valid,cached,False,
1226,RHEA:15805,encoded_general_reaction,valid,cached,False,
1227,RHEA:15809,copied_reference_feature,precomputed,precomputed,False,
1228,RHEA:15817,encoded_general_reaction,valid,cached,False,
1229,RHEA:15821,encoded_general_reaction,valid,cached,False,
1230,RHEA:15841,encoded_general_reaction,valid,cached,False,
1231,RHEA:15853,encoded_general_reaction,valid,cached,False,
1232,RHEA:15857,encoded_general_reaction,valid,cached,False,
1233,RHEA:15865,encoded_general_reaction,valid,cached,False,
1234,RHEA:15869,encoded_general_reaction,valid,cached,False,
1235,RHEA:15881,encoded_general_reaction,valid,cached,False,
1236,RHEA:15889,encoded_general_reaction,valid,cached,False,
1237,RHEA:15893,encoded_general_reaction,valid,cached,False,
1238,RHEA:15901,encoded_general_reaction,valid,cached,False,
1239,RHEA:15909,encoded_general_reaction,valid,cached,False,
1240,RHEA:15913,encoded_general_reaction,valid,cached,False,
1241,RHEA:15917,encoded_general_reaction,valid,cached,False,
1242,RHEA:15921,encoded_general_reaction,valid,cached,False,
1243,RHEA:15933,encoded_general_reaction,valid,cached,False,
1244,RHEA:15937,encoded_general_reaction,valid,cached,False,
1245,RHEA:15941,encoded_general_reaction,valid,cached,False,
1246,RHEA:15957,encoded_general_reaction,valid,cached,False,
1247,RHEA:15965,encoded_general_reaction,valid,cached,False,
1248,RHEA:15969,encoded_general_reaction,valid,cached,False,
1249,RHEA:15973,encoded_general_reaction,valid,cached,False,
1250,RHEA:15977,encoded_general_reaction,valid,cached,False,
1251,RHEA:15981,encoded_general_reaction,valid,cached,False,
1252,RHEA:15985,encoded_general_reaction,valid,cached,False,
1253,RHEA:15989,encoded_general_reaction,valid,cached,False,
1254,RHEA:16001,encoded_general_reaction,valid,cached,False,
1255,RHEA:16005,encoded_general_reaction,valid,cached,False,
1256,RHEA:16013,encoded_general_reaction,valid,cached,False,
1257,RHEA:16021,encoded_general_reaction,valid,cached,False,
1258,RHEA:16025,encoded_general_reaction,valid,cached,False,
1259,RHEA:16029,encoded_general_reaction,valid,cached,False,
1260,RHEA:16037,encoded_general_reaction,valid,cached,False,
1261,RHEA:16045,encoded_general_reaction,valid,cached,False,
1262,RHEA:16049,encoded_general_reaction,valid,cached,False,
1263,RHEA:16053,encoded_general_reaction,valid,cached,False,
1264,RHEA:16057,encoded_general_reaction,valid,cached,False,
1265,RHEA:16061,encoded_general_reaction,valid,cached,False,
1266,RHEA:16065,encoded_general_reaction,valid,cached,False,
1267,RHEA:16069,encoded_general_reaction,valid,cached,False,
1268,RHEA:16073,encoded_general_reaction,valid,cached,False,
1269,RHEA:16085,encoded_general_reaction,valid,cached,False,
1270,RHEA:16089,encoded_general_reaction,valid,cached,False,
1271,RHEA:16093,encoded_general_reaction,valid,cached,False,
1272,RHEA:16105,encoded_general_reaction,valid,cached,False,
1273,RHEA:16109,encoded_general_reaction,valid,cached,False,
1274,RHEA:16113,encoded_general_reaction,valid,cached,False,
1275,RHEA:16117,encoded_general_reaction,valid,cached,False,
1276,RHEA:16121,encoded_general_reaction,valid,cached,False,
1277,RHEA:16125,encoded_general_reaction,valid,cached,False,
1278,RHEA:16129,encoded_general_reaction,valid,cached,False,
1279,RHEA:16137,encoded_general_reaction,valid,cached,False,
1280,RHEA:16141,encoded_general_reaction,valid,cached,False,
1281,RHEA:16145,encoded_general_reaction,valid,cached,False,
1282,RHEA:16149,encoded_general_reaction,valid,cached,False,
1283,RHEA:16153,encoded_general_reaction,valid,cached,False,
1284,RHEA:16157,encoded_general_reaction,valid,cached,False,
1285,RHEA:16161,encoded_general_reaction,valid,cached,False,
1286,RHEA:16165,encoded_general_reaction,valid,cached,False,
1287,RHEA:16169,encoded_general_reaction,valid,cached,False,
1288,RHEA:16173,encoded_general_reaction,valid,cached,False,
1289,RHEA:16177,encoded_general_reaction,valid,cached,False,
1290,RHEA:16181,encoded_general_reaction,valid,cached,False,
1291,RHEA:16185,encoded_general_reaction,valid,cached,False,
1292,RHEA:16189,encoded_general_reaction,valid,cached,False,
1293,RHEA:16197,encoded_general_reaction,valid,cached,False,
1294,RHEA:16201,encoded_general_reaction,valid,cached,False,
1295,RHEA:16209,encoded_general_reaction,valid,cached,False,
1296,RHEA:16217,encoded_general_reaction,valid,cached,False,
1297,RHEA:16221,encoded_general_reaction,valid,cached,False,
1298,RHEA:16225,encoded_general_reaction,valid,cached,False,
1299,RHEA:16229,encoded_general_reaction,valid,cached,False,
1300,RHEA:16233,encoded_general_reaction,valid,cached,False,
1301,RHEA:16237,encoded_general_reaction,valid,cached,False,
1302,RHEA:16241,encoded_general_reaction,valid,cached,False,
1303,RHEA:16245,encoded_general_reaction,valid,cached,False,
1304,RHEA:16249,encoded_general_reaction,valid,cached,False,
1305,RHEA:16253,encoded_general_reaction,valid,cached,False,
1306,RHEA:16257,encoded_general_reaction,valid,cached,False,
1307,RHEA:16261,encoded_general_reaction,valid,cached,False,
1308,RHEA:16269,encoded_general_reaction,valid,cached,False,
1309,RHEA:16277,encoded_general_reaction,valid,cached,False,
1310,RHEA:16285,encoded_general_reaction,valid,cached,False,
1311,RHEA:16297,encoded_general_reaction,valid,cached,False,
1312,RHEA:16301,encoded_general_reaction,valid,cached,False,
1313,RHEA:16305,encoded_general_reaction,valid,cached,False,
1314,RHEA:16309,encoded_general_reaction,valid,cached,False,
1315,RHEA:16317,encoded_general_reaction,valid,cached,False,
1316,RHEA:16321,encoded_general_reaction,valid,cached,False,
1317,RHEA:16329,encoded_general_reaction,valid,cached,False,
1318,RHEA:16333,encoded_general_reaction,valid,cached,False,
1319,RHEA:16337,copied_reference_feature,precomputed,precomputed,False,
1320,RHEA:16341,encoded_general_reaction,valid,cached,False,
1321,RHEA:16345,copied_reference_feature,precomputed,precomputed,False,
1322,RHEA:16349,encoded_general_reaction,valid,cached,False,
1323,RHEA:16365,encoded_general_reaction,valid,cached,False,
1324,RHEA:16369,encoded_general_reaction,valid,cached,False,
1325,RHEA:16373,encoded_general_reaction,valid,cached,False,
1326,RHEA:16377,encoded_general_reaction,valid,cached,False,
1327,RHEA:16381,encoded_general_reaction,valid,cached,False,
1328,RHEA:16413,encoded_general_reaction,valid,cached,False,
1329,RHEA:16417,encoded_general_reaction,valid,cached,False,
1330,RHEA:16421,encoded_general_reaction,valid,cached,False,
1331,RHEA:16425,encoded_general_reaction,valid,cached,False,
1332,RHEA:16429,encoded_general_reaction,valid,cached,False,
1333,RHEA:16437,encoded_general_reaction,valid,cached,False,
1334,RHEA:16441,encoded_general_reaction,valid,cached,False,
1335,RHEA:16445,encoded_general_reaction,valid,cached,False,
1336,RHEA:16449,encoded_general_reaction,valid,cached,False,
1337,RHEA:16453,encoded_general_reaction,valid,cached,False,
1338,RHEA:16457,encoded_general_reaction,valid,cached,False,
1339,RHEA:16461,encoded_general_reaction,valid,cached,False,
1340,RHEA:16469,encoded_general_reaction,valid,cached,False,
1341,RHEA:16477,encoded_general_reaction,valid,cached,False,
1342,RHEA:16481,encoded_general_reaction,valid,cached,False,
1343,RHEA:16489,encoded_general_reaction,valid,cached,False,
1344,RHEA:16497,encoded_general_reaction,valid,cached,False,
1345,RHEA:16501,encoded_general_reaction,valid,cached,False,
1346,RHEA:16505,encoded_general_reaction,valid,cached,False,
1347,RHEA:16509,encoded_general_reaction,valid,cached,False,
1348,RHEA:16513,encoded_general_reaction,valid,cached,False,
1349,RHEA:16517,encoded_general_reaction,valid,cached,False,
1350,RHEA:16521,encoded_general_reaction,valid,cached,False,
1351,RHEA:16525,encoded_general_reaction,valid,cached,False,
1352,RHEA:16529,encoded_general_reaction,valid,cached,False,
1353,RHEA:16537,encoded_general_reaction,valid,cached,False,
1354,RHEA:16541,encoded_general_reaction,valid,cached,False,
1355,RHEA:16545,encoded_general_reaction,valid,cached,False,
1356,RHEA:16557,encoded_general_reaction,valid,cached,False,
1357,RHEA:16561,copied_reference_feature,precomputed,precomputed,False,
1358,RHEA:16565,encoded_general_reaction,valid,cached,False,
1359,RHEA:16569,encoded_general_reaction,valid,cached,False,
1360,RHEA:16573,encoded_general_reaction,valid,cached,False,
1361,RHEA:16577,encoded_general_reaction,valid,cached,False,
1362,RHEA:16581,encoded_general_reaction,valid,cached,False,
1363,RHEA:16585,encoded_general_reaction,valid,cached,False,
1364,RHEA:16593,encoded_general_reaction,valid,cached,False,
1365,RHEA:16597,encoded_general_reaction,valid,cached,False,
1366,RHEA:16601,encoded_general_reaction,valid,cached,False,
1367,RHEA:16609,encoded_general_reaction,valid,cached,False,
1368,RHEA:16613,encoded_general_reaction,valid,cached,False,
1369,RHEA:16629,encoded_general_reaction,valid,cached,False,
1370,RHEA:16633,encoded_general_reaction,valid,cached,False,
1371,RHEA:16641,encoded_general_reaction,valid,cached,False,
1372,RHEA:16645,encoded_general_reaction,valid,cached,False,
1373,RHEA:16649,encoded_general_reaction,valid,cached,False,
1374,RHEA:16653,encoded_general_reaction,valid,cached,False,
1375,RHEA:16657,encoded_general_reaction,valid,cached,False,
1376,RHEA:16661,encoded_general_reaction,valid,cached,False,
1377,RHEA:16669,encoded_general_reaction,valid,cached,False,
1378,RHEA:16673,encoded_general_reaction,valid,cached,False,
1379,RHEA:16677,encoded_general_reaction,valid,cached,False,
1380,RHEA:16689,encoded_general_reaction,valid,cached,False,
1381,RHEA:16705,encoded_general_reaction,valid,cached,False,
1382,RHEA:16709,encoded_general_reaction,valid,cached,False,
1383,RHEA:16729,encoded_general_reaction,valid,cached,False,
1384,RHEA:16737,encoded_general_reaction,valid,cached,False,
1385,RHEA:16741,encoded_general_reaction,valid,cached,False,
1386,RHEA:16749,encoded_general_reaction,valid,cached,False,
1387,RHEA:16757,encoded_general_reaction,valid,cached,False,
1388,RHEA:16761,encoded_general_reaction,valid,cached,False,
1389,RHEA:16765,encoded_general_reaction,valid,cached,False,
1390,RHEA:16769,encoded_general_reaction,valid,cached,False,
1391,RHEA:16773,encoded_general_reaction,valid,cached,False,
1392,RHEA:16777,encoded_general_reaction,valid,cached,False,
1393,RHEA:16781,encoded_general_reaction,valid,cached,False,
1394,RHEA:16789,encoded_general_reaction,valid,cached,False,
1395,RHEA:16793,encoded_general_reaction,valid,cached,False,
1396,RHEA:16801,encoded_general_reaction,valid,cached,False,
1397,RHEA:16805,encoded_general_reaction,valid,cached,False,
1398,RHEA:16809,encoded_general_reaction,valid,cached,False,
1399,RHEA:16813,encoded_general_reaction,valid,cached,False,
1400,RHEA:16825,encoded_general_reaction,valid,cached,False,
1401,RHEA:16829,encoded_general_reaction,valid,cached,False,
1402,RHEA:16833,encoded_general_reaction,valid,cached,False,
1403,RHEA:16841,encoded_general_reaction,valid,cached,False,
1404,RHEA:16845,encoded_general_reaction,valid,cached,False,
1405,RHEA:16853,encoded_general_reaction,valid,cached,False,
1406,RHEA:16857,encoded_general_reaction,valid,cached,False,
1407,RHEA:16861,encoded_general_reaction,valid,cached,False,
1408,RHEA:16865,encoded_general_reaction,valid,cached,False,
1409,RHEA:16869,encoded_general_reaction,valid,cached,False,
1410,RHEA:16873,encoded_general_reaction,valid,cached,False,
1411,RHEA:16877,encoded_general_reaction,valid,cached,False,
1412,RHEA:16881,encoded_general_reaction,valid,cached,False,
1413,RHEA:16901,encoded_general_reaction,valid,cached,False,
1414,RHEA:16905,encoded_general_reaction,valid,cached,False,
1415,RHEA:16913,encoded_general_reaction,valid,cached,False,
1416,RHEA:16917,encoded_general_reaction,valid,cached,False,
1417,RHEA:16921,encoded_general_reaction,valid,cached,False,
1418,RHEA:16925,encoded_general_reaction,valid,cached,False,
1419,RHEA:16933,encoded_general_reaction,valid,cached,False,
1420,RHEA:16945,encoded_general_reaction,valid,cached,False,
1421,RHEA:16949,encoded_general_reaction,valid,cached,False,
1422,RHEA:16953,encoded_general_reaction,valid,cached,False,
1423,RHEA:16957,encoded_general_reaction,valid,cached,False,
1424,RHEA:16961,encoded_general_reaction,valid,cached,False,
1425,RHEA:16965,copied_reference_feature,precomputed,precomputed,False,
1426,RHEA:16969,encoded_general_reaction,valid,cached,False,
1427,RHEA:16977,encoded_general_reaction,valid,cached,False,
1428,RHEA:16981,encoded_general_reaction,valid,cached,False,
1429,RHEA:16985,encoded_general_reaction,valid,cached,False,
1430,RHEA:16989,encoded_general_reaction,valid,cached,False,
1431,RHEA:17001,encoded_general_reaction,valid,cached,False,
1432,RHEA:17005,encoded_general_reaction,valid,cached,False,
1433,RHEA:17009,encoded_general_reaction,valid,cached,False,
1434,RHEA:17013,encoded_general_reaction,valid,cached,False,
1435,RHEA:17017,encoded_general_reaction,valid,cached,False,
1436,RHEA:17021,encoded_general_reaction,valid,cached,False,
1437,RHEA:17025,encoded_general_reaction,valid,cached,False,
1438,RHEA:17029,encoded_general_reaction,valid,cached,False,
1439,RHEA:17033,encoded_general_reaction,valid,cached,False,
1440,RHEA:17037,encoded_general_reaction,valid,cached,False,
1441,RHEA:17041,encoded_general_reaction,valid,cached,False,
1442,RHEA:17053,encoded_general_reaction,valid,cached,False,
1443,RHEA:17061,encoded_general_reaction,valid,cached,False,
1444,RHEA:17065,encoded_general_reaction,valid,cached,False,
1445,RHEA:17077,encoded_general_reaction,valid,cached,False,
1446,RHEA:17081,encoded_general_reaction,valid,cached,False,
1447,RHEA:17085,encoded_general_reaction,valid,cached,False,
1448,RHEA:17089,encoded_general_reaction,valid,cached,False,
1449,RHEA:17093,encoded_general_reaction,valid,cached,False,
1450,RHEA:17097,encoded_general_reaction,valid,cached,False,
1451,RHEA:17101,encoded_general_reaction,valid,cached,False,
1452,RHEA:17105,encoded_general_reaction,valid,cached,False,
1453,RHEA:17109,encoded_general_reaction,valid,cached,False,
1454,RHEA:17117,encoded_general_reaction,valid,cached,False,
1455,RHEA:17125,encoded_general_reaction,valid,cached,False,
1456,RHEA:17129,encoded_general_reaction,valid,cached,False,
1457,RHEA:17137,encoded_general_reaction,valid,cached,False,
1458,RHEA:17141,encoded_general_reaction,valid,cached,False,
1459,RHEA:17149,encoded_general_reaction,valid,cached,False,
1460,RHEA:17153,encoded_general_reaction,valid,cached,False,
1461,RHEA:17157,encoded_general_reaction,valid,cached,False,
1462,RHEA:17161,encoded_general_reaction,valid,cached,False,
1463,RHEA:17169,encoded_general_reaction,valid,cached,False,
1464,RHEA:17173,encoded_general_reaction,valid,cached,False,
1465,RHEA:17177,encoded_general_reaction,valid,cached,False,
1466,RHEA:17181,encoded_general_reaction,valid,cached,False,
1467,RHEA:17185,encoded_general_reaction,valid,cached,False,
1468,RHEA:17193,encoded_general_reaction,valid,cached,False,
1469,RHEA:17201,encoded_general_reaction,valid,cached,False,
1470,RHEA:17205,encoded_general_reaction,valid,cached,False,
1471,RHEA:17209,encoded_general_reaction,valid,cached,False,
1472,RHEA:17213,encoded_general_reaction,valid,cached,False,
1473,RHEA:17221,encoded_general_reaction,valid,cached,False,
1474,RHEA:17225,encoded_general_reaction,valid,cached,False,
1475,RHEA:17229,encoded_general_reaction,valid,cached,False,
1476,RHEA:17233,encoded_general_reaction,valid,cached,False,
1477,RHEA:17237,encoded_general_reaction,valid,cached,False,
1478,RHEA:17261,encoded_general_reaction,valid,cached,False,
1479,RHEA:17265,encoded_general_reaction,valid,cached,False,
1480,RHEA:17269,encoded_general_reaction,valid,cached,False,
1481,RHEA:17277,encoded_general_reaction,valid,cached,False,
1482,RHEA:17281,encoded_general_reaction,valid,cached,False,
1483,RHEA:17285,encoded_general_reaction,valid,cached,False,
1484,RHEA:17289,encoded_general_reaction,valid,cached,False,
1485,RHEA:17293,encoded_general_reaction,valid,cached,False,
1486,RHEA:17297,encoded_general_reaction,valid,cached,False,
1487,RHEA:17301,encoded_general_reaction,valid,cached,False,
1488,RHEA:17305,encoded_general_reaction,valid,cached,False,
1489,RHEA:17309,encoded_general_reaction,valid,cached,False,
1490,RHEA:17313,encoded_general_reaction,valid,cached,False,
1491,RHEA:17317,encoded_general_reaction,valid,cached,False,
1492,RHEA:17321,encoded_general_reaction,valid,cached,False,
1493,RHEA:17325,encoded_general_reaction,valid,cached,False,
1494,RHEA:17329,encoded_general_reaction,valid,cached,False,
1495,RHEA:17337,encoded_general_reaction,valid,cached,False,
1496,RHEA:17341,encoded_general_reaction,valid,cached,False,
1497,RHEA:17357,encoded_general_reaction,valid,cached,False,
1498,RHEA:17365,encoded_general_reaction,valid,cached,False,
1499,RHEA:17373,encoded_general_reaction,valid,cached,False,
1500,RHEA:17389,encoded_general_reaction,valid,cached,False,
1501,RHEA:17393,encoded_general_reaction,valid,cached,False,
1502,RHEA:17397,encoded_general_reaction,valid,cached,False,
1503,RHEA:17401,encoded_general_reaction,valid,cached,False,
1504,RHEA:17409,encoded_general_reaction,valid,cached,False,
1505,RHEA:17417,encoded_general_reaction,valid,cached,False,
1506,RHEA:17425,encoded_general_reaction,valid,cached,False,
1507,RHEA:17433,encoded_general_reaction,valid,cached,False,
1508,RHEA:17441,encoded_general_reaction,valid,cached,False,
1509,RHEA:17445,encoded_general_reaction,valid,cached,False,
1510,RHEA:17449,encoded_general_reaction,valid,cached,False,
1511,RHEA:17453,encoded_general_reaction,valid,cached,False,
1512,RHEA:17457,encoded_general_reaction,valid,cached,False,
1513,RHEA:17461,encoded_general_reaction,valid,cached,False,
1514,RHEA:17469,encoded_general_reaction,valid,cached,False,
1515,RHEA:17473,encoded_general_reaction,valid,cached,False,
1516,RHEA:17477,encoded_general_reaction,valid,cached,False,
1517,RHEA:17485,encoded_general_reaction,valid,cached,False,
1518,RHEA:17489,encoded_general_reaction,valid,cached,False,
1519,RHEA:17493,encoded_general_reaction,valid,cached,False,
1520,RHEA:17501,encoded_general_reaction,valid,cached,False,
1521,RHEA:17505,encoded_general_reaction,valid,cached,False,
1522,RHEA:17509,encoded_general_reaction,valid,cached,False,
1523,RHEA:17521,encoded_general_reaction,valid,cached,False,
1524,RHEA:17525,encoded_general_reaction,valid,cached,False,
1525,RHEA:17533,encoded_general_reaction,valid,cached,False,
1526,RHEA:17545,encoded_general_reaction,valid,cached,False,
1527,RHEA:17561,encoded_general_reaction,valid,cached,False,
1528,RHEA:17569,encoded_general_reaction,valid,cached,False,
1529,RHEA:17573,encoded_general_reaction,valid,cached,False,
1530,RHEA:17577,encoded_general_reaction,valid,cached,False,
1531,RHEA:17581,encoded_general_reaction,valid,cached,False,
1532,RHEA:17593,encoded_general_reaction,valid,cached,False,
1533,RHEA:17601,encoded_general_reaction,valid,cached,False,
1534,RHEA:17605,encoded_general_reaction,valid,cached,False,
1535,RHEA:17609,encoded_general_reaction,valid,cached,False,
1536,RHEA:17613,encoded_general_reaction,valid,cached,False,
1537,RHEA:17617,encoded_general_reaction,valid,cached,False,
1538,RHEA:17625,encoded_general_reaction,valid,cached,False,
1539,RHEA:17633,encoded_general_reaction,valid,cached,False,
1540,RHEA:17637,copied_reference_feature,precomputed,precomputed,False,
1541,RHEA:17641,encoded_general_reaction,valid,cached,False,
1542,RHEA:17649,encoded_general_reaction,valid,cached,False,
1543,RHEA:17653,copied_reference_feature,precomputed,precomputed,False,
1544,RHEA:17657,encoded_general_reaction,valid,cached,False,
1545,RHEA:17661,encoded_general_reaction,valid,cached,False,
1546,RHEA:17665,encoded_general_reaction,valid,cached,False,
1547,RHEA:17673,encoded_general_reaction,valid,cached,False,
1548,RHEA:17681,encoded_general_reaction,valid,cached,False,
1549,RHEA:17689,encoded_general_reaction,valid,cached,False,
1550,RHEA:17697,encoded_general_reaction,valid,cached,False,
1551,RHEA:17709,encoded_general_reaction,valid,cached,False,
1552,RHEA:17713,encoded_general_reaction,valid,cached,False,
1553,RHEA:17717,encoded_general_reaction,valid,cached,False,
1554,RHEA:17721,encoded_general_reaction,valid,cached,False,
1555,RHEA:17725,encoded_general_reaction,valid,cached,False,
1556,RHEA:17729,encoded_general_reaction,valid,cached,False,
1557,RHEA:17737,encoded_general_reaction,valid,cached,False,
1558,RHEA:17741,encoded_general_reaction,valid,cached,False,
1559,RHEA:17745,encoded_general_reaction,valid,cached,False,
1560,RHEA:17749,encoded_general_reaction,valid,cached,False,
1561,RHEA:17753,encoded_general_reaction,valid,cached,False,
1562,RHEA:17761,encoded_general_reaction,valid,cached,False,
1563,RHEA:17765,encoded_general_reaction,valid,cached,False,
1564,RHEA:17769,encoded_general_reaction,valid,cached,False,
1565,RHEA:17773,encoded_general_reaction,valid,cached,False,
1566,RHEA:17777,encoded_general_reaction,valid,cached,False,
1567,RHEA:17785,encoded_general_reaction,valid,cached,False,
1568,RHEA:17789,encoded_general_reaction,valid,cached,False,
1569,RHEA:17793,encoded_general_reaction,valid,cached,False,
1570,RHEA:17801,encoded_general_reaction,valid,cached,False,
1571,RHEA:17805,encoded_general_reaction,valid,cached,False,
1572,RHEA:17809,encoded_general_reaction,valid,cached,False,
1573,RHEA:17813,encoded_general_reaction,valid,cached,False,
1574,RHEA:17817,encoded_general_reaction,valid,cached,False,
1575,RHEA:17821,encoded_general_reaction,valid,cached,False,
1576,RHEA:17825,encoded_general_reaction,valid,cached,False,
1577,RHEA:17837,encoded_general_reaction,valid,cached,False,
1578,RHEA:17841,encoded_general_reaction,valid,cached,False,
1579,RHEA:17845,encoded_general_reaction,valid,cached,False,
1580,RHEA:17849,encoded_general_reaction,valid,cached,False,
1581,RHEA:17857,encoded_general_reaction,valid,cached,False,
1582,RHEA:17865,encoded_general_reaction,valid,cached,False,
1583,RHEA:17869,encoded_general_reaction,valid,cached,False,
1584,RHEA:17873,encoded_general_reaction,valid,cached,False,
1585,RHEA:17877,encoded_general_reaction,valid,cached,False,
1586,RHEA:17881,encoded_general_reaction,valid,cached,False,
1587,RHEA:17885,encoded_general_reaction,valid,cached,False,
1588,RHEA:17889,encoded_general_reaction,valid,cached,False,
1589,RHEA:17901,encoded_general_reaction,valid,cached,False,
1590,RHEA:17905,encoded_general_reaction,valid,cached,False,
1591,RHEA:17913,encoded_general_reaction,valid,cached,False,
1592,RHEA:17921,encoded_general_reaction,valid,cached,False,
1593,RHEA:17925,encoded_general_reaction,valid,cached,False,
1594,RHEA:17929,encoded_general_reaction,valid,cached,False,
1595,RHEA:17933,encoded_general_reaction,valid,cached,False,
1596,RHEA:17937,encoded_general_reaction,valid,cached,False,
1597,RHEA:17941,encoded_general_reaction,valid,cached,False,
1598,RHEA:17945,copied_reference_feature,precomputed,precomputed,False,
1599,RHEA:17949,encoded_general_reaction,valid,cached,False,
1600,RHEA:17953,encoded_general_reaction,valid,cached,False,
1601,RHEA:17961,encoded_general_reaction,valid,cached,False,
1602,RHEA:17969,encoded_general_reaction,valid,cached,False,
1603,RHEA:17973,encoded_general_reaction,valid,cached,False,
1604,RHEA:17977,encoded_general_reaction,valid,cached,False,
1605,RHEA:17985,encoded_general_reaction,valid,cached,False,
1606,RHEA:17989,encoded_general_reaction,valid,cached,False,
1607,RHEA:17997,encoded_general_reaction,valid,cached,False,
1608,RHEA:18005,encoded_general_reaction,valid,cached,False,
1609,RHEA:18009,encoded_general_reaction,valid,cached,False,
1610,RHEA:18017,encoded_general_reaction,valid,cached,False,
1611,RHEA:18021,encoded_general_reaction,valid,cached,False,
1612,RHEA:18029,encoded_general_reaction,valid,cached,False,
1613,RHEA:18033,encoded_general_reaction,valid,cached,False,
1614,RHEA:18037,encoded_general_reaction,valid,cached,False,
1615,RHEA:18041,encoded_general_reaction,valid,cached,False,
1616,RHEA:18049,encoded_general_reaction,valid,cached,False,
1617,RHEA:18061,encoded_general_reaction,valid,cached,False,
1618,RHEA:18065,encoded_general_reaction,valid,cached,False,
1619,RHEA:18069,encoded_general_reaction,valid,cached,False,
1620,RHEA:18073,encoded_general_reaction,valid,cached,False,
1621,RHEA:18077,encoded_general_reaction,valid,cached,False,
1622,RHEA:18081,copied_reference_feature,precomputed,precomputed,False,
1623,RHEA:18085,encoded_general_reaction,valid,cached,False,
1624,RHEA:18089,encoded_general_reaction,valid,cached,False,
1625,RHEA:18093,encoded_general_reaction,valid,cached,False,
1626,RHEA:18105,encoded_general_reaction,valid,cached,False,
1627,RHEA:18109,encoded_general_reaction,valid,cached,False,
1628,RHEA:18113,encoded_general_reaction,valid,cached,False,
1629,RHEA:18117,encoded_general_reaction,valid,cached,False,
1630,RHEA:18121,encoded_general_reaction,valid,cached,False,
1631,RHEA:18125,encoded_general_reaction,valid,cached,False,
1632,RHEA:18133,encoded_general_reaction,valid,cached,False,
1633,RHEA:18145,encoded_general_reaction,valid,cached,False,
1634,RHEA:18149,encoded_general_reaction,valid,cached,False,
1635,RHEA:18157,encoded_general_reaction,valid,cached,False,
1636,RHEA:18161,encoded_general_reaction,valid,cached,False,
1637,RHEA:18165,encoded_general_reaction,valid,cached,False,
1638,RHEA:18177,encoded_general_reaction,valid,cached,False,
1639,RHEA:18181,encoded_general_reaction,valid,cached,False,
1640,RHEA:18197,encoded_general_reaction,valid,cached,False,
1641,RHEA:18201,encoded_general_reaction,valid,cached,False,
1642,RHEA:18209,copied_reference_feature,precomputed,precomputed,False,
1643,RHEA:18213,encoded_general_reaction,valid,cached,False,
1644,RHEA:18229,encoded_general_reaction,valid,cached,False,
1645,RHEA:18237,encoded_general_reaction,valid,cached,False,
1646,RHEA:18241,encoded_general_reaction,valid,cached,False,
1647,RHEA:18245,encoded_general_reaction,valid,cached,False,
1648,RHEA:18253,encoded_general_reaction,valid,cached,False,
1649,RHEA:18257,encoded_general_reaction,valid,cached,False,
1650,RHEA:18261,encoded_general_reaction,valid,cached,False,
1651,RHEA:18265,encoded_general_reaction,valid,cached,False,
1652,RHEA:18273,encoded_general_reaction,valid,cached,False,
1653,RHEA:18277,encoded_general_reaction,valid,cached,False,
1654,RHEA:18281,encoded_general_reaction,valid,cached,False,
1655,RHEA:18285,encoded_general_reaction,valid,cached,False,
1656,RHEA:18289,encoded_general_reaction,valid,cached,False,
1657,RHEA:18293,encoded_general_reaction,valid,cached,False,
1658,RHEA:18297,encoded_general_reaction,valid,cached,False,
1659,RHEA:18309,encoded_general_reaction,valid,cached,False,
1660,RHEA:18313,encoded_general_reaction,valid,cached,False,
1661,RHEA:18317,encoded_general_reaction,valid,cached,False,
1662,RHEA:18321,encoded_general_reaction,valid,cached,False,
1663,RHEA:18325,copied_reference_feature,precomputed,precomputed,False,
1664,RHEA:18337,encoded_general_reaction,valid,cached,False,
1665,RHEA:18341,encoded_general_reaction,valid,cached,False,
1666,RHEA:18345,encoded_general_reaction,valid,cached,False,
1667,RHEA:18349,encoded_general_reaction,valid,cached,False,
1668,RHEA:18353,encoded_general_reaction,valid,cached,False,
1669,RHEA:18357,encoded_general_reaction,valid,cached,False,
1670,RHEA:18365,encoded_general_reaction,valid,cached,False,
1671,RHEA:18369,encoded_general_reaction,valid,cached,False,
1672,RHEA:18373,encoded_general_reaction,valid,cached,False,
1673,RHEA:18377,encoded_general_reaction,valid,cached,False,
1674,RHEA:18381,encoded_general_reaction,valid,cached,False,
1675,RHEA:18385,encoded_general_reaction,valid,cached,False,
1676,RHEA:18393,encoded_general_reaction,valid,cached,False,
1677,RHEA:18401,encoded_general_reaction,valid,cached,False,
1678,RHEA:18405,encoded_general_reaction,valid,cached,False,
1679,RHEA:18409,encoded_general_reaction,valid,cached,False,
1680,RHEA:18417,encoded_general_reaction,valid,cached,False,
1681,RHEA:18421,encoded_general_reaction,valid,cached,False,
1682,RHEA:18425,encoded_general_reaction,valid,cached,False,
1683,RHEA:18437,encoded_general_reaction,valid,cached,False,
1684,RHEA:18441,encoded_general_reaction,valid,cached,False,
1685,RHEA:18445,encoded_general_reaction,valid,cached,False,
1686,RHEA:18449,encoded_general_reaction,valid,cached,False,
1687,RHEA:18457,encoded_general_reaction,valid,cached,False,
1688,RHEA:18461,encoded_general_reaction,valid,cached,False,
1689,RHEA:18469,encoded_general_reaction,valid,cached,False,
1690,RHEA:18473,encoded_general_reaction,valid,cached,False,
1691,RHEA:18493,encoded_general_reaction,valid,cached,False,
1692,RHEA:18497,encoded_general_reaction,valid,cached,False,
1693,RHEA:18501,encoded_general_reaction,valid,cached,False,
1694,RHEA:18509,encoded_general_reaction,valid,cached,False,
1695,RHEA:18521,encoded_general_reaction,valid,cached,False,
1696,RHEA:18525,encoded_general_reaction,valid,cached,False,
1697,RHEA:18529,encoded_general_reaction,valid,cached,False,
1698,RHEA:18533,encoded_general_reaction,valid,cached,False,
1699,RHEA:18537,encoded_general_reaction,valid,cached,False,
1700,RHEA:18561,encoded_general_reaction,valid,cached,False,
1701,RHEA:18565,encoded_general_reaction,valid,cached,False,
1702,RHEA:18577,encoded_general_reaction,valid,cached,False,
1703,RHEA:18585,encoded_general_reaction,valid,cached,False,
1704,RHEA:18589,encoded_general_reaction,valid,cached,False,
1705,RHEA:18593,encoded_general_reaction,valid,cached,False,
1706,RHEA:18597,encoded_general_reaction,valid,cached,False,
1707,RHEA:18609,encoded_general_reaction,valid,cached,False,
1708,RHEA:18613,encoded_general_reaction,valid,cached,False,
1709,RHEA:18617,encoded_general_reaction,valid,cached,False,
1710,RHEA:18621,encoded_general_reaction,valid,cached,False,
1711,RHEA:18625,encoded_general_reaction,valid,cached,False,
1712,RHEA:18629,encoded_general_reaction,valid,cached,False,
1713,RHEA:18633,encoded_general_reaction,valid,cached,False,
1714,RHEA:18637,encoded_general_reaction,valid,cached,False,
1715,RHEA:18645,encoded_general_reaction,valid,cached,False,
1716,RHEA:18649,encoded_general_reaction,valid,cached,False,
1717,RHEA:18653,encoded_general_reaction,valid,cached,False,
1718,RHEA:18657,encoded_general_reaction,valid,cached,False,
1719,RHEA:18661,encoded_general_reaction,valid,cached,False,
1720,RHEA:18669,encoded_general_reaction,valid,cached,False,
1721,RHEA:18673,encoded_general_reaction,valid,cached,False,
1722,RHEA:18681,encoded_general_reaction,valid,cached,False,
1723,RHEA:18685,encoded_general_reaction,valid,cached,False,
1724,RHEA:18689,encoded_general_reaction,valid,cached,False,
1725,RHEA:18693,encoded_general_reaction,valid,cached,False,
1726,RHEA:18697,encoded_general_reaction,valid,cached,False,
1727,RHEA:18701,encoded_general_reaction,valid,cached,False,
1728,RHEA:18721,copied_reference_feature,precomputed,precomputed,False,
1729,RHEA:18725,encoded_general_reaction,valid,cached,False,
1730,RHEA:18737,encoded_general_reaction,valid,cached,False,
1731,RHEA:18741,encoded_general_reaction,valid,cached,False,
1732,RHEA:18749,encoded_general_reaction,valid,cached,False,
1733,RHEA:18753,encoded_general_reaction,valid,cached,False,
1734,RHEA:18765,encoded_general_reaction,valid,cached,False,
1735,RHEA:18769,encoded_general_reaction,valid,cached,False,
1736,RHEA:18773,encoded_general_reaction,valid,cached,False,
1737,RHEA:18777,encoded_general_reaction,valid,cached,False,
1738,RHEA:18781,encoded_general_reaction,valid,cached,False,
1739,RHEA:18789,encoded_general_reaction,valid,cached,False,
1740,RHEA:18793,encoded_general_reaction,valid,cached,False,
1741,RHEA:18813,encoded_general_reaction,valid,cached,False,
1742,RHEA:18821,encoded_general_reaction,valid,cached,False,
1743,RHEA:18829,encoded_general_reaction,valid,cached,False,
1744,RHEA:18833,encoded_general_reaction,valid,cached,False,
1745,RHEA:18841,encoded_general_reaction,valid,cached,False,
1746,RHEA:18845,encoded_general_reaction,valid,cached,False,
1747,RHEA:18849,encoded_general_reaction,valid,cached,False,
1748,RHEA:18853,encoded_general_reaction,valid,cached,False,
1749,RHEA:18857,encoded_general_reaction,valid,cached,False,
1750,RHEA:18861,encoded_general_reaction,valid,cached,False,
1751,RHEA:18865,encoded_general_reaction,valid,cached,False,
1752,RHEA:18869,encoded_general_reaction,valid,cached,False,
1753,RHEA:18885,encoded_general_reaction,valid,cached,False,
1754,RHEA:18889,encoded_general_reaction,valid,cached,False,
1755,RHEA:18893,encoded_general_reaction,valid,cached,False,
1756,RHEA:18897,encoded_general_reaction,valid,cached,False,
1757,RHEA:18905,encoded_general_reaction,valid,cached,False,
1758,RHEA:18909,encoded_general_reaction,valid,cached,False,
1759,RHEA:18913,encoded_general_reaction,valid,cached,False,
1760,RHEA:18925,encoded_general_reaction,valid,cached,False,
1761,RHEA:18933,encoded_general_reaction,valid,cached,False,
1762,RHEA:18937,encoded_general_reaction,valid,cached,False,
1763,RHEA:18941,encoded_general_reaction,valid,cached,False,
1764,RHEA:18945,encoded_general_reaction,valid,cached,False,
1765,RHEA:18949,encoded_general_reaction,valid,cached,False,
1766,RHEA:18953,encoded_general_reaction,valid,cached,False,
1767,RHEA:18957,copied_reference_feature,precomputed,precomputed,False,
1768,RHEA:18965,encoded_general_reaction,valid,cached,False,
1769,RHEA:18969,encoded_general_reaction,valid,cached,False,
1770,RHEA:18973,encoded_general_reaction,valid,cached,False,
1771,RHEA:18977,encoded_general_reaction,valid,cached,False,
1772,RHEA:18981,encoded_general_reaction,valid,cached,False,
1773,RHEA:18985,encoded_general_reaction,valid,cached,False,
1774,RHEA:18993,encoded_general_reaction,valid,cached,False,
1775,RHEA:18997,encoded_general_reaction,valid,cached,False,
1776,RHEA:19009,encoded_general_reaction,valid,cached,False,
1777,RHEA:19017,encoded_general_reaction,valid,cached,False,
1778,RHEA:19021,encoded_general_reaction,valid,cached,False,
1779,RHEA:19025,encoded_general_reaction,valid,cached,False,
1780,RHEA:19029,encoded_general_reaction,valid,cached,False,
1781,RHEA:19033,encoded_general_reaction,valid,cached,False,
1782,RHEA:19037,encoded_general_reaction,valid,cached,False,
1783,RHEA:19041,encoded_general_reaction,valid,cached,False,
1784,RHEA:19045,encoded_general_reaction,valid,cached,False,
1785,RHEA:19049,encoded_general_reaction,valid,cached,False,
1786,RHEA:19053,encoded_general_reaction,valid,cached,False,
1787,RHEA:19057,encoded_general_reaction,valid,cached,False,
1788,RHEA:19061,encoded_general_reaction,valid,cached,False,
1789,RHEA:19069,encoded_general_reaction,valid,cached,False,
1790,RHEA:19073,encoded_general_reaction,valid,cached,False,
1791,RHEA:19081,encoded_general_reaction,valid,cached,False,
1792,RHEA:19085,encoded_general_reaction,valid,cached,False,
1793,RHEA:19089,encoded_general_reaction,valid,cached,False,
1794,RHEA:19093,encoded_general_reaction,valid,cached,False,
1795,RHEA:19105,encoded_general_reaction,valid,cached,False,
1796,RHEA:19117,encoded_general_reaction,valid,cached,False,
1797,RHEA:19121,encoded_general_reaction,valid,cached,False,
1798,RHEA:19125,encoded_general_reaction,valid,cached,False,
1799,RHEA:19129,encoded_general_reaction,valid,cached,False,
1800,RHEA:19141,encoded_general_reaction,valid,cached,False,
1801,RHEA:19149,encoded_general_reaction,valid,cached,False,
1802,RHEA:19157,encoded_general_reaction,valid,cached,False,
1803,RHEA:19165,encoded_general_reaction,valid,cached,False,
1804,RHEA:19169,encoded_general_reaction,valid,cached,False,
1805,RHEA:19173,encoded_general_reaction,valid,cached,False,
1806,RHEA:19177,encoded_general_reaction,valid,cached,False,
1807,RHEA:19181,encoded_general_reaction,valid,cached,False,
1808,RHEA:19189,encoded_general_reaction,valid,cached,False,
1809,RHEA:19193,encoded_general_reaction,valid,cached,False,
1810,RHEA:19197,encoded_general_reaction,valid,cached,False,
1811,RHEA:19201,encoded_general_reaction,valid,cached,False,
1812,RHEA:19205,encoded_general_reaction,valid,cached,False,
1813,RHEA:19209,encoded_general_reaction,valid,cached,False,
1814,RHEA:19213,encoded_general_reaction,valid,cached,False,
1815,RHEA:19217,encoded_general_reaction,valid,cached,False,
1816,RHEA:19221,encoded_general_reaction,valid,cached,False,
1817,RHEA:19225,encoded_general_reaction,valid,cached,False,
1818,RHEA:19229,encoded_general_reaction,valid,cached,False,
1819,RHEA:19233,encoded_general_reaction,valid,cached,False,
1820,RHEA:19245,encoded_general_reaction,valid,cached,False,
1821,RHEA:19253,encoded_general_reaction,valid,cached,False,
1822,RHEA:19257,encoded_general_reaction,valid,cached,False,
1823,RHEA:19261,encoded_general_reaction,valid,cached,False,
1824,RHEA:19265,encoded_general_reaction,valid,cached,False,
1825,RHEA:19273,encoded_general_reaction,valid,cached,False,
1826,RHEA:19277,encoded_general_reaction,valid,cached,False,
1827,RHEA:19281,encoded_general_reaction,valid,cached,False,
1828,RHEA:19289,encoded_general_reaction,valid,cached,False,
1829,RHEA:19293,encoded_general_reaction,valid,cached,False,
1830,RHEA:19297,encoded_general_reaction,valid,cached,False,
1831,RHEA:19301,encoded_general_reaction,valid,cached,False,
1832,RHEA:19305,encoded_general_reaction,valid,cached,False,
1833,RHEA:19309,encoded_general_reaction,valid,cached,False,
1834,RHEA:19313,encoded_general_reaction,valid,cached,False,
1835,RHEA:19317,encoded_general_reaction,valid,cached,False,
1836,RHEA:19329,encoded_general_reaction,valid,cached,False,
1837,RHEA:19333,encoded_general_reaction,valid,cached,False,
1838,RHEA:19341,encoded_general_reaction,valid,cached,False,
1839,RHEA:19345,encoded_general_reaction,valid,cached,False,
1840,RHEA:19353,encoded_general_reaction,valid,cached,False,
1841,RHEA:19361,copied_reference_feature,precomputed,precomputed,False,
1842,RHEA:19365,encoded_general_reaction,valid,cached,False,
1843,RHEA:19369,encoded_general_reaction,valid,cached,False,
1844,RHEA:19373,encoded_general_reaction,valid,cached,False,
1845,RHEA:19377,encoded_general_reaction,valid,cached,False,
1846,RHEA:19385,encoded_general_reaction,valid,cached,False,
1847,RHEA:19389,encoded_general_reaction,valid,cached,False,
1848,RHEA:19397,encoded_general_reaction,valid,cached,False,
1849,RHEA:19401,encoded_general_reaction,valid,cached,False,
1850,RHEA:19405,encoded_general_reaction,valid,cached,False,
1851,RHEA:19409,encoded_general_reaction,valid,cached,False,
1852,RHEA:19413,encoded_general_reaction,valid,cached,False,
1853,RHEA:19421,encoded_general_reaction,valid,cached,False,
1854,RHEA:19429,encoded_general_reaction,valid,cached,False,
1855,RHEA:19433,encoded_general_reaction,valid,cached,False,
1856,RHEA:19453,encoded_general_reaction,valid,cached,False,
1857,RHEA:19461,encoded_general_reaction,valid,cached,False,
1858,RHEA:19465,encoded_general_reaction,valid,cached,False,
1859,RHEA:19469,encoded_general_reaction,valid,cached,False,
1860,RHEA:19473,encoded_general_reaction,valid,cached,False,
1861,RHEA:19477,encoded_general_reaction,valid,cached,False,
1862,RHEA:19481,encoded_general_reaction,valid,cached,False,
1863,RHEA:19493,encoded_general_reaction,valid,cached,False,
1864,RHEA:19497,encoded_general_reaction,valid,cached,False,
1865,RHEA:19501,encoded_general_reaction,valid,cached,False,
1866,RHEA:19509,encoded_general_reaction,valid,cached,False,
1867,RHEA:19513,encoded_general_reaction,valid,cached,False,
1868,RHEA:19517,encoded_general_reaction,valid,cached,False,
1869,RHEA:19521,encoded_general_reaction,valid,cached,False,
1870,RHEA:19525,copied_reference_feature,precomputed,precomputed,False,
1871,RHEA:19533,encoded_general_reaction,valid,cached,False,
1872,RHEA:19537,encoded_general_reaction,valid,cached,False,
1873,RHEA:19541,encoded_general_reaction,valid,cached,False,
1874,RHEA:19545,encoded_general_reaction,valid,cached,False,
1875,RHEA:19553,encoded_general_reaction,valid,cached,False,
1876,RHEA:19565,copied_reference_feature,precomputed,precomputed,False,
1877,RHEA:19569,encoded_general_reaction,valid,cached,False,
1878,RHEA:19577,encoded_general_reaction,valid,cached,False,
1879,RHEA:19585,encoded_general_reaction,valid,cached,False,
1880,RHEA:19597,encoded_general_reaction,valid,cached,False,
1881,RHEA:19605,encoded_general_reaction,valid,cached,False,
1882,RHEA:19609,encoded_general_reaction,valid,cached,False,
1883,RHEA:19613,encoded_general_reaction,valid,cached,False,
1884,RHEA:19621,encoded_general_reaction,valid,cached,False,
1885,RHEA:19625,encoded_general_reaction,valid,cached,False,
1886,RHEA:19629,encoded_general_reaction,valid,cached,False,
1887,RHEA:19633,encoded_general_reaction,valid,cached,False,
1888,RHEA:19637,encoded_general_reaction,valid,cached,False,
1889,RHEA:19641,encoded_general_reaction,valid,cached,False,
1890,RHEA:19645,encoded_general_reaction,valid,cached,False,
1891,RHEA:19649,encoded_general_reaction,valid,cached,False,
1892,RHEA:19661,encoded_general_reaction,valid,cached,False,
1893,RHEA:19669,encoded_general_reaction,valid,cached,False,
1894,RHEA:19677,encoded_general_reaction,valid,cached,False,
1895,RHEA:19685,encoded_general_reaction,valid,cached,False,
1896,RHEA:19689,encoded_general_reaction,valid,cached,False,
1897,RHEA:19693,encoded_general_reaction,valid,cached,False,
1898,RHEA:19709,encoded_general_reaction,valid,cached,False,
1899,RHEA:19713,encoded_general_reaction,valid,cached,False,
1900,RHEA:19717,encoded_general_reaction,valid,cached,False,
1901,RHEA:19721,encoded_general_reaction,valid,cached,False,
1902,RHEA:19729,encoded_general_reaction,valid,cached,False,
1903,RHEA:19737,encoded_general_reaction,valid,cached,False,
1904,RHEA:19745,encoded_general_reaction,valid,cached,False,
1905,RHEA:19753,encoded_general_reaction,valid,cached,False,
1906,RHEA:19765,encoded_general_reaction,valid,cached,False,
1907,RHEA:19785,encoded_general_reaction,valid,cached,False,
1908,RHEA:19797,encoded_general_reaction,valid,cached,False,
1909,RHEA:19801,encoded_general_reaction,valid,cached,False,
1910,RHEA:19805,encoded_general_reaction,valid,cached,False,
1911,RHEA:19809,encoded_general_reaction,valid,cached,False,
1912,RHEA:19813,encoded_general_reaction,valid,cached,False,
1913,RHEA:19817,encoded_general_reaction,valid,cached,False,
1914,RHEA:19821,encoded_general_reaction,valid,cached,False,
1915,RHEA:19825,copied_reference_feature,precomputed,precomputed,False,
1916,RHEA:19829,encoded_general_reaction,valid,cached,False,
1917,RHEA:19833,encoded_general_reaction,valid,cached,False,
1918,RHEA:19837,encoded_general_reaction,valid,cached,False,
1919,RHEA:19841,encoded_general_reaction,valid,cached,False,
1920,RHEA:19845,encoded_general_reaction,valid,cached,False,
1921,RHEA:19849,encoded_general_reaction,valid,cached,False,
1922,RHEA:19865,encoded_general_reaction,valid,cached,False,
1923,RHEA:19869,encoded_general_reaction,valid,cached,False,
1924,RHEA:19873,encoded_general_reaction,valid,cached,False,
1925,RHEA:19877,encoded_general_reaction,valid,cached,False,
1926,RHEA:19885,encoded_general_reaction,valid,cached,False,
1927,RHEA:19889,encoded_general_reaction,valid,cached,False,
1928,RHEA:19893,encoded_general_reaction,valid,cached,False,
1929,RHEA:19897,encoded_general_reaction,valid,cached,False,
1930,RHEA:19909,encoded_general_reaction,valid,cached,False,
1931,RHEA:19913,encoded_general_reaction,valid,cached,False,
1932,RHEA:19921,encoded_general_reaction,valid,cached,False,
1933,RHEA:19933,encoded_general_reaction,valid,cached,False,
1934,RHEA:19937,encoded_general_reaction,valid,cached,False,
1935,RHEA:19941,encoded_general_reaction,valid,cached,False,
1936,RHEA:19945,encoded_general_reaction,valid,cached,False,
1937,RHEA:19949,encoded_general_reaction,valid,cached,False,
1938,RHEA:19961,encoded_general_reaction,valid,cached,False,
1939,RHEA:19965,encoded_general_reaction,valid,cached,False,
1940,RHEA:19973,encoded_general_reaction,valid,cached,False,
1941,RHEA:19981,encoded_general_reaction,valid,cached,False,
1942,RHEA:19985,encoded_general_reaction,valid,cached,False,
1943,RHEA:19989,encoded_general_reaction,valid,cached,False,
1944,RHEA:19993,encoded_general_reaction,valid,cached,False,
1945,RHEA:19997,encoded_general_reaction,valid,cached,False,
1946,RHEA:20001,encoded_general_reaction,valid,cached,False,
1947,RHEA:20005,encoded_general_reaction,valid,cached,False,
1948,RHEA:20009,encoded_general_reaction,valid,cached,False,
1949,RHEA:20013,encoded_general_reaction,valid,cached,False,
1950,RHEA:20017,encoded_general_reaction,valid,cached,False,
1951,RHEA:20021,encoded_general_reaction,valid,cached,False,
1952,RHEA:20033,encoded_general_reaction,valid,cached,False,
1953,RHEA:20037,encoded_general_reaction,valid,cached,False,
1954,RHEA:20049,encoded_general_reaction,valid,cached,False,
1955,RHEA:20053,encoded_general_reaction,valid,cached,False,
1956,RHEA:20057,encoded_general_reaction,valid,cached,False,
1957,RHEA:20061,encoded_general_reaction,valid,cached,False,
1958,RHEA:20065,encoded_general_reaction,valid,cached,False,
1959,RHEA:20069,encoded_general_reaction,valid,cached,False,
1960,RHEA:20073,encoded_general_reaction,valid,cached,False,
1961,RHEA:20077,encoded_general_reaction,valid,cached,False,
1962,RHEA:20085,encoded_general_reaction,valid,cached,False,
1963,RHEA:20093,encoded_general_reaction,valid,cached,False,
1964,RHEA:20097,encoded_general_reaction,valid,cached,False,
1965,RHEA:20101,encoded_general_reaction,valid,cached,False,
1966,RHEA:20105,encoded_general_reaction,valid,cached,False,
1967,RHEA:20109,encoded_general_reaction,valid,cached,False,
1968,RHEA:20113,encoded_general_reaction,valid,cached,False,
1969,RHEA:20117,encoded_general_reaction,valid,cached,False,
1970,RHEA:20121,encoded_general_reaction,valid,cached,False,
1971,RHEA:20125,encoded_general_reaction,valid,cached,False,
1972,RHEA:20129,encoded_general_reaction,valid,cached,False,
1973,RHEA:20133,encoded_general_reaction,valid,cached,False,
1974,RHEA:20137,encoded_general_reaction,valid,cached,False,
1975,RHEA:20141,encoded_general_reaction,valid,cached,False,
1976,RHEA:20149,encoded_general_reaction,valid,cached,False,
1977,RHEA:20153,encoded_general_reaction,valid,cached,False,
1978,RHEA:20161,encoded_general_reaction,valid,cached,False,
1979,RHEA:20189,encoded_general_reaction,valid,cached,False,
1980,RHEA:20193,encoded_general_reaction,valid,cached,False,
1981,RHEA:20201,encoded_general_reaction,valid,cached,False,
1982,RHEA:20213,encoded_general_reaction,valid,cached,False,
1983,RHEA:20217,encoded_general_reaction,valid,cached,False,
1984,RHEA:20221,encoded_general_reaction,valid,cached,False,
1985,RHEA:20225,encoded_general_reaction,valid,cached,False,
1986,RHEA:20233,encoded_general_reaction,valid,cached,False,
1987,RHEA:20241,encoded_general_reaction,valid,cached,False,
1988,RHEA:20245,encoded_general_reaction,valid,cached,False,
1989,RHEA:20249,encoded_general_reaction,valid,cached,False,
1990,RHEA:20253,encoded_general_reaction,valid,cached,False,
1991,RHEA:20261,encoded_general_reaction,valid,cached,False,
1992,RHEA:20265,encoded_general_reaction,valid,cached,False,
1993,RHEA:20269,encoded_general_reaction,valid,cached,False,
1994,RHEA:20273,encoded_general_reaction,valid,cached,False,
1995,RHEA:20277,encoded_general_reaction,valid,cached,False,
1996,RHEA:20281,encoded_general_reaction,valid,cached,False,
1997,RHEA:20285,encoded_general_reaction,valid,cached,False,
1998,RHEA:20289,encoded_general_reaction,valid,cached,False,
1999,RHEA:20297,encoded_general_reaction,valid,cached,False,
2000,RHEA:20301,encoded_general_reaction,valid,cached,False,
2001,RHEA:20305,encoded_general_reaction,valid,cached,False,
2002,RHEA:20309,encoded_general_reaction,valid,cached,False,
2003,RHEA:20313,encoded_general_reaction,valid,cached,False,
2004,RHEA:20317,encoded_general_reaction,valid,cached,False,
2005,RHEA:20321,encoded_general_reaction,valid,cached,False,
2006,RHEA:20333,encoded_general_reaction,valid,cached,False,
2007,RHEA:20345,encoded_general_reaction,valid,cached,False,
2008,RHEA:20353,encoded_general_reaction,valid,cached,False,
2009,RHEA:20357,encoded_general_reaction,valid,cached,False,
2010,RHEA:20361,encoded_general_reaction,valid,cached,False,
2011,RHEA:20365,encoded_general_reaction,valid,cached,False,
2012,RHEA:20373,encoded_general_reaction,valid,cached,False,
2013,RHEA:20377,encoded_general_reaction,valid,cached,False,
2014,RHEA:20381,encoded_general_reaction,valid,cached,False,
2015,RHEA:20397,encoded_general_reaction,valid,cached,False,
2016,RHEA:20401,encoded_general_reaction,valid,cached,False,
2017,RHEA:20405,encoded_general_reaction,valid,cached,False,
2018,RHEA:20417,encoded_general_reaction,valid,cached,False,
2019,RHEA:20421,encoded_general_reaction,valid,cached,False,
2020,RHEA:20425,encoded_general_reaction,valid,cached,False,
2021,RHEA:20429,encoded_general_reaction,valid,cached,False,
2022,RHEA:20433,encoded_general_reaction,valid,cached,False,
2023,RHEA:20441,encoded_general_reaction,valid,cached,False,
2024,RHEA:20445,encoded_general_reaction,valid,cached,False,
2025,RHEA:20453,encoded_general_reaction,valid,cached,False,
2026,RHEA:20457,encoded_general_reaction,valid,cached,False,
2027,RHEA:20461,encoded_general_reaction,valid,cached,False,
2028,RHEA:20469,encoded_general_reaction,valid,cached,False,
2029,RHEA:20473,encoded_general_reaction,valid,cached,False,
2030,RHEA:20485,encoded_general_reaction,valid,cached,False,
2031,RHEA:20493,encoded_general_reaction,valid,cached,False,
2032,RHEA:20497,encoded_general_reaction,valid,cached,False,
2033,RHEA:20505,encoded_general_reaction,valid,cached,False,
2034,RHEA:20509,encoded_general_reaction,valid,cached,False,
2035,RHEA:20513,encoded_general_reaction,valid,cached,False,
2036,RHEA:20517,encoded_general_reaction,valid,cached,False,
2037,RHEA:20521,encoded_general_reaction,valid,cached,False,
2038,RHEA:20525,encoded_general_reaction,valid,cached,False,
2039,RHEA:20529,encoded_general_reaction,valid,cached,False,
2040,RHEA:20533,encoded_general_reaction,valid,cached,False,
2041,RHEA:20537,encoded_general_reaction,valid,cached,False,
2042,RHEA:20545,encoded_general_reaction,valid,cached,False,
2043,RHEA:20549,encoded_general_reaction,valid,cached,False,
2044,RHEA:20553,encoded_general_reaction,valid,cached,False,
2045,RHEA:20557,encoded_general_reaction,valid,cached,False,
2046,RHEA:20565,copied_reference_feature,precomputed,precomputed,False,
2047,RHEA:20569,encoded_general_reaction,valid,cached,False,
2048,RHEA:20573,encoded_general_reaction,valid,cached,False,
2049,RHEA:20577,encoded_general_reaction,valid,cached,False,
2050,RHEA:20585,encoded_general_reaction,valid,cached,False,
2051,RHEA:20605,encoded_general_reaction,valid,cached,False,
2052,RHEA:20609,encoded_general_reaction,valid,cached,False,
2053,RHEA:20613,encoded_general_reaction,valid,cached,False,
2054,RHEA:20617,encoded_general_reaction,valid,cached,False,
2055,RHEA:20621,encoded_general_reaction,valid,cached,False,
2056,RHEA:20625,encoded_general_reaction,valid,cached,False,
2057,RHEA:20629,encoded_general_reaction,valid,cached,False,
2058,RHEA:20633,encoded_general_reaction,valid,cached,False,
2059,RHEA:20637,encoded_general_reaction,valid,cached,False,
2060,RHEA:20641,encoded_general_reaction,valid,cached,False,
2061,RHEA:20657,encoded_general_reaction,valid,cached,False,
2062,RHEA:20661,encoded_general_reaction,valid,cached,False,
2063,RHEA:20665,encoded_general_reaction,valid,cached,False,
2064,RHEA:20681,encoded_general_reaction,valid,cached,False,
2065,RHEA:20685,encoded_general_reaction,valid,cached,False,
2066,RHEA:20689,encoded_general_reaction,valid,cached,False,
2067,RHEA:20696,encoded_general_reaction,valid,cached,False,
2068,RHEA:20700,encoded_general_reaction,valid,cached,False,
2069,RHEA:20704,encoded_general_reaction,valid,cached,False,
2070,RHEA:20716,encoded_general_reaction,valid,cached,False,
2071,RHEA:20720,encoded_general_reaction,valid,cached,False,
2072,RHEA:20724,encoded_general_reaction,valid,cached,False,
2073,RHEA:20728,encoded_general_reaction,valid,cached,False,
2074,RHEA:20736,encoded_general_reaction,valid,cached,False,
2075,RHEA:20744,encoded_general_reaction,valid,cached,False,
2076,RHEA:20748,encoded_general_reaction,valid,cached,False,
2077,RHEA:20752,encoded_general_reaction,valid,cached,False,
2078,RHEA:20764,encoded_general_reaction,valid,cached,False,
2079,RHEA:20768,encoded_general_reaction,valid,cached,False,
2080,RHEA:20772,encoded_general_reaction,valid,cached,False,
2081,RHEA:20776,encoded_general_reaction,valid,cached,False,
2082,RHEA:20780,encoded_general_reaction,valid,cached,False,
2083,RHEA:20788,encoded_general_reaction,valid,cached,False,
2084,RHEA:20792,encoded_general_reaction,valid,cached,False,
2085,RHEA:20800,encoded_general_reaction,valid,cached,False,
2086,RHEA:20804,encoded_general_reaction,valid,cached,False,
2087,RHEA:20808,encoded_general_reaction,valid,cached,False,
2088,RHEA:20812,encoded_general_reaction,valid,cached,False,
2089,RHEA:20820,encoded_general_reaction,valid,cached,False,
2090,RHEA:20824,encoded_general_reaction,valid,cached,False,
2091,RHEA:20828,encoded_general_reaction,valid,cached,False,
2092,RHEA:20832,encoded_general_reaction,valid,cached,False,
2093,RHEA:20840,encoded_general_reaction,valid,cached,False,
2094,RHEA:20844,encoded_general_reaction,valid,cached,False,
2095,RHEA:20848,encoded_general_reaction,valid,cached,False,
2096,RHEA:20852,encoded_general_reaction,valid,cached,False,
2097,RHEA:20856,encoded_general_reaction,valid,cached,False,
2098,RHEA:20860,encoded_general_reaction,valid,cached,False,
2099,RHEA:20864,encoded_general_reaction,valid,cached,False,
2100,RHEA:20876,encoded_general_reaction,valid,cached,False,
2101,RHEA:20880,encoded_general_reaction,valid,cached,False,
2102,RHEA:20884,encoded_general_reaction,valid,cached,False,
2103,RHEA:20888,encoded_general_reaction,valid,cached,False,
2104,RHEA:20892,encoded_general_reaction,valid,cached,False,
2105,RHEA:20896,encoded_general_reaction,valid,cached,False,
2106,RHEA:20904,encoded_general_reaction,valid,cached,False,
2107,RHEA:20912,copied_reference_feature,precomputed,precomputed,False,
2108,RHEA:20920,encoded_general_reaction,valid,cached,False,
2109,RHEA:20924,encoded_general_reaction,valid,cached,False,
2110,RHEA:20940,encoded_general_reaction,valid,cached,False,
2111,RHEA:20944,encoded_general_reaction,valid,cached,False,
2112,RHEA:20948,encoded_general_reaction,valid,cached,False,
2113,RHEA:20956,encoded_general_reaction,valid,cached,False,
2114,RHEA:20960,encoded_general_reaction,valid,cached,False,
2115,RHEA:20964,encoded_general_reaction,valid,cached,False,
2116,RHEA:20968,encoded_general_reaction,valid,cached,False,
2117,RHEA:20976,encoded_general_reaction,valid,cached,False,
2118,RHEA:20980,encoded_general_reaction,valid,cached,False,
2119,RHEA:20984,encoded_general_reaction,valid,cached,False,
2120,RHEA:20992,encoded_general_reaction,valid,cached,False,
2121,RHEA:20996,encoded_general_reaction,valid,cached,False,
2122,RHEA:21000,encoded_general_reaction,valid,cached,False,
2123,RHEA:21016,encoded_general_reaction,valid,cached,False,
2124,RHEA:21020,encoded_general_reaction,valid,cached,False,
2125,RHEA:21028,encoded_general_reaction,valid,cached,False,
2126,RHEA:21032,encoded_general_reaction,valid,cached,False,
2127,RHEA:21036,encoded_general_reaction,valid,cached,False,
2128,RHEA:21040,encoded_general_reaction,valid,cached,False,
2129,RHEA:21044,encoded_general_reaction,valid,cached,False,
2130,RHEA:21048,encoded_general_reaction,valid,cached,False,
2131,RHEA:21052,encoded_general_reaction,valid,cached,False,
2132,RHEA:21064,encoded_general_reaction,valid,cached,False,
2133,RHEA:21080,encoded_general_reaction,valid,cached,False,
2134,RHEA:21088,encoded_general_reaction,valid,cached,False,
2135,RHEA:21096,encoded_general_reaction,valid,cached,False,
2136,RHEA:21104,encoded_general_reaction,valid,cached,False,
2137,RHEA:21108,encoded_general_reaction,valid,cached,False,
2138,RHEA:21112,encoded_general_reaction,valid,cached,False,
2139,RHEA:21116,encoded_general_reaction,valid,cached,False,
2140,RHEA:21124,encoded_general_reaction,valid,cached,False,
2141,RHEA:21128,encoded_general_reaction,valid,cached,False,
2142,RHEA:21132,encoded_general_reaction,valid,cached,False,
2143,RHEA:21136,encoded_general_reaction,valid,cached,False,
2144,RHEA:21140,encoded_general_reaction,valid,cached,False,
2145,RHEA:21152,encoded_general_reaction,valid,cached,False,
2146,RHEA:21160,encoded_general_reaction,valid,cached,False,
2147,RHEA:21164,encoded_general_reaction,valid,cached,False,
2148,RHEA:21172,encoded_general_reaction,valid,cached,False,
2149,RHEA:21176,encoded_general_reaction,valid,cached,False,
2150,RHEA:21188,encoded_general_reaction,valid,cached,False,
2151,RHEA:21196,encoded_general_reaction,valid,cached,False,
2152,RHEA:21200,encoded_general_reaction,valid,cached,False,
2153,RHEA:21204,encoded_general_reaction,valid,cached,False,
2154,RHEA:21208,encoded_general_reaction,valid,cached,False,
2155,RHEA:21220,encoded_general_reaction,valid,cached,False,
2156,RHEA:21228,encoded_general_reaction,valid,cached,False,
2157,RHEA:21232,encoded_general_reaction,valid,cached,False,
2158,RHEA:21240,encoded_general_reaction,valid,cached,False,
2159,RHEA:21252,encoded_general_reaction,valid,cached,False,
2160,RHEA:21256,encoded_general_reaction,valid,cached,False,
2161,RHEA:21260,encoded_general_reaction,valid,cached,False,
2162,RHEA:21264,encoded_general_reaction,valid,cached,False,
2163,RHEA:21272,encoded_general_reaction,valid,cached,False,
2164,RHEA:21276,encoded_general_reaction,valid,cached,False,
2165,RHEA:21284,encoded_general_reaction,valid,cached,False,
2166,RHEA:21292,encoded_general_reaction,valid,cached,False,
2167,RHEA:21296,encoded_general_reaction,valid,cached,False,
2168,RHEA:21300,encoded_general_reaction,valid,cached,False,
2169,RHEA:21308,copied_reference_feature,precomputed,precomputed,False,
2170,RHEA:21324,encoded_general_reaction,valid,cached,False,
2171,RHEA:21336,encoded_general_reaction,valid,cached,False,
2172,RHEA:21340,encoded_general_reaction,valid,cached,False,
2173,RHEA:21348,encoded_general_reaction,valid,cached,False,
2174,RHEA:21352,encoded_general_reaction,valid,cached,False,
2175,RHEA:21360,encoded_general_reaction,valid,cached,False,
2176,RHEA:21364,encoded_general_reaction,valid,cached,False,
2177,RHEA:21368,encoded_general_reaction,valid,cached,False,
2178,RHEA:21376,encoded_general_reaction,valid,cached,False,
2179,RHEA:21380,encoded_general_reaction,valid,cached,False,
2180,RHEA:21384,encoded_general_reaction,valid,cached,False,
2181,RHEA:21392,encoded_general_reaction,valid,cached,False,
2182,RHEA:21396,encoded_general_reaction,valid,cached,False,
2183,RHEA:21404,encoded_general_reaction,valid,cached,False,
2184,RHEA:21408,encoded_general_reaction,valid,cached,False,
2185,RHEA:21412,encoded_general_reaction,valid,cached,False,
2186,RHEA:21416,encoded_general_reaction,valid,cached,False,
2187,RHEA:21428,encoded_general_reaction,valid,cached,False,
2188,RHEA:21432,encoded_general_reaction,valid,cached,False,
2189,RHEA:21436,encoded_general_reaction,valid,cached,False,
2190,RHEA:21440,encoded_general_reaction,valid,cached,False,
2191,RHEA:21448,encoded_general_reaction,valid,cached,False,
2192,RHEA:21452,encoded_general_reaction,valid,cached,False,
2193,RHEA:21456,encoded_general_reaction,valid,cached,False,
2194,RHEA:21460,encoded_general_reaction,valid,cached,False,
2195,RHEA:21464,encoded_general_reaction,valid,cached,False,
2196,RHEA:21468,encoded_general_reaction,valid,cached,False,
2197,RHEA:21492,encoded_general_reaction,valid,cached,False,
2198,RHEA:21500,encoded_general_reaction,valid,cached,False,
2199,RHEA:21512,encoded_general_reaction,valid,cached,False,
2200,RHEA:21524,encoded_general_reaction,valid,cached,False,
2201,RHEA:21532,encoded_general_reaction,valid,cached,False,
2202,RHEA:21536,encoded_general_reaction,valid,cached,False,
2203,RHEA:21540,encoded_general_reaction,valid,cached,False,
2204,RHEA:21548,encoded_general_reaction,valid,cached,False,
2205,RHEA:21556,encoded_general_reaction,valid,cached,False,
2206,RHEA:21564,encoded_general_reaction,valid,cached,False,
2207,RHEA:21568,encoded_general_reaction,valid,cached,False,
2208,RHEA:21572,encoded_general_reaction,valid,cached,False,
2209,RHEA:21580,encoded_general_reaction,valid,cached,False,
2210,RHEA:21588,encoded_general_reaction,valid,cached,False,
2211,RHEA:21592,encoded_general_reaction,valid,cached,False,
2212,RHEA:21600,encoded_general_reaction,valid,cached,False,
2213,RHEA:21604,encoded_general_reaction,valid,cached,False,
2214,RHEA:21608,encoded_general_reaction,valid,cached,False,
2215,RHEA:21612,encoded_general_reaction,valid,cached,False,
2216,RHEA:21616,encoded_general_reaction,valid,cached,False,
2217,RHEA:21620,encoded_general_reaction,valid,cached,False,
2218,RHEA:21624,encoded_general_reaction,valid,cached,False,
2219,RHEA:21632,encoded_general_reaction,valid,cached,False,
2220,RHEA:21636,encoded_general_reaction,valid,cached,False,
2221,RHEA:21640,encoded_general_reaction,valid,cached,False,
2222,RHEA:21644,encoded_general_reaction,valid,cached,False,
2223,RHEA:21648,encoded_general_reaction,valid,cached,False,
2224,RHEA:21656,encoded_general_reaction,valid,cached,False,
2225,RHEA:21660,encoded_general_reaction,valid,cached,False,
2226,RHEA:21664,encoded_general_reaction,valid,cached,False,
2227,RHEA:21668,encoded_general_reaction,valid,cached,False,
2228,RHEA:21672,encoded_general_reaction,valid,cached,False,
2229,RHEA:21676,encoded_general_reaction,valid,cached,False,
2230,RHEA:21692,encoded_general_reaction,valid,cached,False,
2231,RHEA:21696,encoded_general_reaction,valid,cached,False,
2232,RHEA:21700,encoded_general_reaction,valid,cached,False,
2233,RHEA:21704,encoded_general_reaction,valid,cached,False,
2234,RHEA:21708,encoded_general_reaction,valid,cached,False,
2235,RHEA:21720,encoded_general_reaction,valid,cached,False,
2236,RHEA:21724,encoded_general_reaction,valid,cached,False,
2237,RHEA:21728,encoded_general_reaction,valid,cached,False,
2238,RHEA:21732,encoded_general_reaction,valid,cached,False,
2239,RHEA:21736,encoded_general_reaction,valid,cached,False,
2240,RHEA:21740,encoded_general_reaction,valid,cached,False,
2241,RHEA:21744,encoded_general_reaction,valid,cached,False,
2242,RHEA:21748,encoded_general_reaction,valid,cached,False,
2243,RHEA:21752,encoded_general_reaction,valid,cached,False,
2244,RHEA:21760,encoded_general_reaction,valid,cached,False,
2245,RHEA:21764,encoded_general_reaction,valid,cached,False,
2246,RHEA:21768,encoded_general_reaction,valid,cached,False,
2247,RHEA:21772,encoded_general_reaction,valid,cached,False,
2248,RHEA:21788,encoded_general_reaction,valid,cached,False,
2249,RHEA:21792,encoded_general_reaction,valid,cached,False,
2250,RHEA:21796,encoded_general_reaction,valid,cached,False,
2251,RHEA:21800,encoded_general_reaction,valid,cached,False,
2252,RHEA:21804,encoded_general_reaction,valid,cached,False,
2253,RHEA:21812,encoded_general_reaction,valid,cached,False,
2254,RHEA:21816,encoded_general_reaction,valid,cached,False,
2255,RHEA:21824,encoded_general_reaction,valid,cached,False,
2256,RHEA:21828,encoded_general_reaction,valid,cached,False,
2257,RHEA:21836,encoded_general_reaction,valid,cached,False,
2258,RHEA:21852,encoded_general_reaction,valid,cached,False,
2259,RHEA:21856,encoded_general_reaction,valid,cached,False,
2260,RHEA:21864,encoded_general_reaction,valid,cached,False,
2261,RHEA:21868,encoded_general_reaction,valid,cached,False,
2262,RHEA:21880,encoded_general_reaction,valid,cached,False,
2263,RHEA:21888,encoded_general_reaction,valid,cached,False,
2264,RHEA:21892,encoded_general_reaction,valid,cached,False,
2265,RHEA:21908,encoded_general_reaction,valid,cached,False,
2266,RHEA:21916,encoded_general_reaction,valid,cached,False,
2267,RHEA:21920,encoded_general_reaction,valid,cached,False,
2268,RHEA:21924,encoded_general_reaction,valid,cached,False,
2269,RHEA:21928,encoded_general_reaction,valid,cached,False,
2270,RHEA:21932,encoded_general_reaction,valid,cached,False,
2271,RHEA:21936,encoded_general_reaction,valid,cached,False,
2272,RHEA:21944,encoded_general_reaction,valid,cached,False,
2273,RHEA:21948,encoded_general_reaction,valid,cached,False,
2274,RHEA:21952,encoded_general_reaction,valid,cached,False,
2275,RHEA:21964,encoded_general_reaction,valid,cached,False,
2276,RHEA:21968,encoded_general_reaction,valid,cached,False,
2277,RHEA:21972,encoded_general_reaction,valid,cached,False,
2278,RHEA:21976,encoded_general_reaction,valid,cached,False,
2279,RHEA:21988,encoded_general_reaction,valid,cached,False,
2280,RHEA:21992,encoded_general_reaction,valid,cached,False,
2281,RHEA:22000,encoded_general_reaction,valid,cached,False,
2282,RHEA:22004,encoded_general_reaction,valid,cached,False,
2283,RHEA:22008,encoded_general_reaction,valid,cached,False,
2284,RHEA:22012,encoded_general_reaction,valid,cached,False,
2285,RHEA:22016,encoded_general_reaction,valid,cached,False,
2286,RHEA:22020,encoded_general_reaction,valid,cached,False,
2287,RHEA:22028,encoded_general_reaction,valid,cached,False,
2288,RHEA:22044,encoded_general_reaction,valid,cached,False,
2289,RHEA:22048,encoded_general_reaction,valid,cached,False,
2290,RHEA:22052,encoded_general_reaction,valid,cached,False,
2291,RHEA:22060,encoded_general_reaction,valid,cached,False,
2292,RHEA:22068,encoded_general_reaction,valid,cached,False,
2293,RHEA:22072,encoded_general_reaction,valid,cached,False,
2294,RHEA:22084,encoded_general_reaction,valid,cached,False,
2295,RHEA:22088,encoded_general_reaction,valid,cached,False,
2296,RHEA:22092,encoded_general_reaction,valid,cached,False,
2297,RHEA:22104,encoded_general_reaction,valid,cached,False,
2298,RHEA:22108,encoded_general_reaction,valid,cached,False,
2299,RHEA:22120,encoded_general_reaction,valid,cached,False,
2300,RHEA:22124,encoded_general_reaction,valid,cached,False,
2301,RHEA:22132,encoded_general_reaction,valid,cached,False,
2302,RHEA:22144,encoded_general_reaction,valid,cached,False,
2303,RHEA:22156,encoded_general_reaction,valid,cached,False,
2304,RHEA:22164,encoded_general_reaction,valid,cached,False,
2305,RHEA:22168,encoded_general_reaction,valid,cached,False,
2306,RHEA:22172,encoded_general_reaction,valid,cached,False,
2307,RHEA:22176,encoded_general_reaction,valid,cached,False,
2308,RHEA:22180,encoded_general_reaction,valid,cached,False,
2309,RHEA:22188,encoded_general_reaction,valid,cached,False,
2310,RHEA:22192,encoded_general_reaction,valid,cached,False,
2311,RHEA:22200,encoded_general_reaction,valid,cached,False,
2312,RHEA:22204,encoded_general_reaction,valid,cached,False,
2313,RHEA:22208,encoded_general_reaction,valid,cached,False,
2314,RHEA:22220,copied_reference_feature,precomputed,precomputed,False,
2315,RHEA:22224,encoded_general_reaction,valid,cached,False,
2316,RHEA:22228,copied_reference_feature,precomputed,precomputed,False,
2317,RHEA:22232,copied_reference_feature,precomputed,precomputed,False,
2318,RHEA:22236,encoded_general_reaction,valid,cached,False,
2319,RHEA:22252,encoded_general_reaction,valid,cached,False,
2320,RHEA:22256,encoded_general_reaction,valid,cached,False,
2321,RHEA:22268,encoded_general_reaction,valid,cached,False,
2322,RHEA:22272,encoded_general_reaction,valid,cached,False,
2323,RHEA:22280,encoded_general_reaction,valid,cached,False,
2324,RHEA:22284,encoded_general_reaction,valid,cached,False,
2325,RHEA:22288,encoded_general_reaction,valid,cached,False,
2326,RHEA:22292,encoded_general_reaction,valid,cached,False,
2327,RHEA:22300,encoded_general_reaction,valid,cached,False,
2328,RHEA:22308,encoded_general_reaction,valid,cached,False,
2329,RHEA:22312,encoded_general_reaction,valid,cached,False,
2330,RHEA:22324,encoded_general_reaction,valid,cached,False,
2331,RHEA:22328,encoded_general_reaction,valid,cached,False,
2332,RHEA:22332,encoded_general_reaction,valid,cached,False,
2333,RHEA:22336,encoded_general_reaction,valid,cached,False,
2334,RHEA:22344,encoded_general_reaction,valid,cached,False,
2335,RHEA:22352,encoded_general_reaction,valid,cached,False,
2336,RHEA:22356,encoded_general_reaction,valid,cached,False,
2337,RHEA:22360,encoded_general_reaction,valid,cached,False,
2338,RHEA:22364,encoded_general_reaction,valid,cached,False,
2339,RHEA:22368,encoded_general_reaction,valid,cached,False,
2340,RHEA:22376,encoded_general_reaction,valid,cached,False,
2341,RHEA:22384,encoded_general_reaction,valid,cached,False,
2342,RHEA:22388,encoded_general_reaction,valid,cached,False,
2343,RHEA:22396,encoded_general_reaction,valid,cached,False,
2344,RHEA:22400,encoded_general_reaction,valid,cached,False,
2345,RHEA:22404,encoded_general_reaction,valid,cached,False,
2346,RHEA:22408,copied_reference_feature,precomputed,precomputed,False,
2347,RHEA:22416,encoded_general_reaction,valid,cached,False,
2348,RHEA:22428,encoded_general_reaction,valid,cached,False,
2349,RHEA:22432,encoded_general_reaction,valid,cached,False,
2350,RHEA:22436,copied_reference_feature,precomputed,precomputed,False,
2351,RHEA:22444,encoded_general_reaction,valid,cached,False,
2352,RHEA:22448,encoded_general_reaction,valid,cached,False,
2353,RHEA:22456,encoded_general_reaction,valid,cached,False,
2354,RHEA:22468,encoded_general_reaction,valid,cached,False,
2355,RHEA:22480,encoded_general_reaction,valid,cached,False,
2356,RHEA:22484,encoded_general_reaction,valid,cached,False,
2357,RHEA:22488,encoded_general_reaction,valid,cached,False,
2358,RHEA:22492,encoded_general_reaction,valid,cached,False,
2359,RHEA:22500,encoded_general_reaction,valid,cached,False,
2360,RHEA:22512,encoded_general_reaction,valid,cached,False,
2361,RHEA:22516,encoded_general_reaction,valid,cached,False,
2362,RHEA:22520,encoded_general_reaction,valid,cached,False,
2363,RHEA:22524,encoded_general_reaction,valid,cached,False,
2364,RHEA:22528,encoded_general_reaction,valid,cached,False,
2365,RHEA:22532,encoded_general_reaction,valid,cached,False,
2366,RHEA:22536,encoded_general_reaction,valid,cached,False,
2367,RHEA:22544,encoded_general_reaction,valid,cached,False,
2368,RHEA:22548,encoded_general_reaction,valid,cached,False,
2369,RHEA:22552,encoded_general_reaction,valid,cached,False,
2370,RHEA:22560,encoded_general_reaction,valid,cached,False,
2371,RHEA:22564,encoded_general_reaction,valid,cached,False,
2372,RHEA:22576,encoded_general_reaction,valid,cached,False,
2373,RHEA:22580,encoded_general_reaction,valid,cached,False,
2374,RHEA:22584,encoded_general_reaction,valid,cached,False,
2375,RHEA:22592,encoded_general_reaction,valid,cached,False,
2376,RHEA:22596,encoded_general_reaction,valid,cached,False,
2377,RHEA:22600,encoded_general_reaction,valid,cached,False,
2378,RHEA:22604,encoded_general_reaction,valid,cached,False,
2379,RHEA:22608,encoded_general_reaction,valid,cached,False,
2380,RHEA:22612,encoded_general_reaction,valid,cached,False,
2381,RHEA:22624,encoded_general_reaction,valid,cached,False,
2382,RHEA:22628,encoded_general_reaction,valid,cached,False,
2383,RHEA:22636,encoded_general_reaction,valid,cached,False,
2384,RHEA:22640,encoded_general_reaction,valid,cached,False,
2385,RHEA:22644,encoded_general_reaction,valid,cached,False,
2386,RHEA:22648,encoded_general_reaction,valid,cached,False,
2387,RHEA:22652,encoded_general_reaction,valid,cached,False,
2388,RHEA:22664,encoded_general_reaction,valid,cached,False,
2389,RHEA:22668,encoded_general_reaction,valid,cached,False,
2390,RHEA:22672,copied_reference_feature,precomputed,precomputed,False,
2391,RHEA:22680,encoded_general_reaction,valid,cached,False,
2392,RHEA:22684,encoded_general_reaction,valid,cached,False,
2393,RHEA:22688,encoded_general_reaction,valid,cached,False,
2394,RHEA:22692,encoded_general_reaction,valid,cached,False,
2395,RHEA:22712,encoded_general_reaction,valid,cached,False,
2396,RHEA:22716,encoded_general_reaction,valid,cached,False,
2397,RHEA:22724,encoded_general_reaction,valid,cached,False,
2398,RHEA:22728,encoded_general_reaction,valid,cached,False,
2399,RHEA:22732,encoded_general_reaction,valid,cached,False,
2400,RHEA:22736,encoded_general_reaction,valid,cached,False,
2401,RHEA:22744,encoded_general_reaction,valid,cached,False,
2402,RHEA:22748,encoded_general_reaction,valid,cached,False,
2403,RHEA:22756,encoded_general_reaction,valid,cached,False,
2404,RHEA:22760,encoded_general_reaction,valid,cached,False,
2405,RHEA:22764,encoded_general_reaction,valid,cached,False,
2406,RHEA:22772,encoded_general_reaction,valid,cached,False,
2407,RHEA:22776,encoded_general_reaction,valid,cached,False,
2408,RHEA:22780,encoded_general_reaction,valid,cached,False,
2409,RHEA:22784,encoded_general_reaction,valid,cached,False,
2410,RHEA:22792,encoded_general_reaction,valid,cached,False,
2411,RHEA:22800,encoded_general_reaction,valid,cached,False,
2412,RHEA:22812,encoded_general_reaction,valid,cached,False,
2413,RHEA:22816,encoded_general_reaction,valid,cached,False,
2414,RHEA:22820,encoded_general_reaction,valid,cached,False,
2415,RHEA:22824,encoded_general_reaction,valid,cached,False,
2416,RHEA:22828,encoded_general_reaction,valid,cached,False,
2417,RHEA:22832,encoded_general_reaction,valid,cached,False,
2418,RHEA:22836,encoded_general_reaction,valid,cached,False,
2419,RHEA:22848,encoded_general_reaction,valid,cached,False,
2420,RHEA:22852,encoded_general_reaction,valid,cached,False,
2421,RHEA:22856,encoded_general_reaction,valid,cached,False,
2422,RHEA:22860,encoded_general_reaction,valid,cached,False,
2423,RHEA:22864,encoded_general_reaction,valid,cached,False,
2424,RHEA:22868,encoded_general_reaction,valid,cached,False,
2425,RHEA:22872,encoded_general_reaction,valid,cached,False,
2426,RHEA:22876,encoded_general_reaction,valid,cached,False,
2427,RHEA:22880,encoded_general_reaction,valid,cached,False,
2428,RHEA:22884,encoded_general_reaction,valid,cached,False,
2429,RHEA:22888,encoded_general_reaction,valid,cached,False,
2430,RHEA:22892,encoded_general_reaction,valid,cached,False,
2431,RHEA:22896,encoded_general_reaction,valid,cached,False,
2432,RHEA:22900,encoded_general_reaction,valid,cached,False,
2433,RHEA:22908,encoded_general_reaction,valid,cached,False,
2434,RHEA:22912,encoded_general_reaction,valid,cached,False,
2435,RHEA:22916,encoded_general_reaction,valid,cached,False,
2436,RHEA:22920,encoded_general_reaction,valid,cached,False,
2437,RHEA:22924,encoded_general_reaction,valid,cached,False,
2438,RHEA:22932,encoded_general_reaction,valid,cached,False,
2439,RHEA:22936,encoded_general_reaction,valid,cached,False,
2440,RHEA:22940,encoded_general_reaction,valid,cached,False,
2441,RHEA:22944,encoded_general_reaction,valid,cached,False,
2442,RHEA:22948,encoded_general_reaction,valid,cached,False,
2443,RHEA:22956,encoded_general_reaction,valid,cached,False,
2444,RHEA:22960,encoded_general_reaction,valid,cached,False,
2445,RHEA:22964,encoded_general_reaction,valid,cached,False,
2446,RHEA:22976,encoded_general_reaction,valid,cached,False,
2447,RHEA:22996,encoded_general_reaction,valid,cached,False,
2448,RHEA:23004,encoded_general_reaction,valid,cached,False,
2449,RHEA:23008,encoded_general_reaction,valid,cached,False,
2450,RHEA:23012,encoded_general_reaction,valid,cached,False,
2451,RHEA:23028,encoded_general_reaction,valid,cached,False,
2452,RHEA:23032,encoded_general_reaction,valid,cached,False,
2453,RHEA:23048,encoded_general_reaction,valid,cached,False,
2454,RHEA:23052,encoded_general_reaction,valid,cached,False,
2455,RHEA:23056,encoded_general_reaction,valid,cached,False,
2456,RHEA:23060,encoded_general_reaction,valid,cached,False,
2457,RHEA:23064,encoded_general_reaction,valid,cached,False,
2458,RHEA:23068,encoded_general_reaction,valid,cached,False,
2459,RHEA:23080,encoded_general_reaction,valid,cached,False,
2460,RHEA:23084,encoded_general_reaction,valid,cached,False,
2461,RHEA:23092,encoded_general_reaction,valid,cached,False,
2462,RHEA:23096,encoded_general_reaction,valid,cached,False,
2463,RHEA:23104,encoded_general_reaction,valid,cached,False,
2464,RHEA:23108,encoded_general_reaction,valid,cached,False,
2465,RHEA:23112,copied_reference_feature,precomputed,precomputed,False,
2466,RHEA:23116,encoded_general_reaction,valid,cached,False,
2467,RHEA:23120,encoded_general_reaction,valid,cached,False,
2468,RHEA:23124,encoded_general_reaction,valid,cached,False,
2469,RHEA:23128,encoded_general_reaction,valid,cached,False,
2470,RHEA:23132,encoded_general_reaction,valid,cached,False,
2471,RHEA:23136,encoded_general_reaction,valid,cached,False,
2472,RHEA:23148,encoded_general_reaction,valid,cached,False,
2473,RHEA:23156,encoded_general_reaction,valid,cached,False,
2474,RHEA:23160,encoded_general_reaction,valid,cached,False,
2475,RHEA:23164,encoded_general_reaction,valid,cached,False,
2476,RHEA:23172,encoded_general_reaction,valid,cached,False,
2477,RHEA:23176,encoded_general_reaction,valid,cached,False,
2478,RHEA:23184,encoded_general_reaction,valid,cached,False,
2479,RHEA:23188,encoded_general_reaction,valid,cached,False,
2480,RHEA:23192,encoded_general_reaction,valid,cached,False,
2481,RHEA:23196,encoded_general_reaction,valid,cached,False,
2482,RHEA:23208,encoded_general_reaction,valid,cached,False,
2483,RHEA:23220,encoded_general_reaction,valid,cached,False,
2484,RHEA:23224,encoded_general_reaction,valid,cached,False,
2485,RHEA:23228,encoded_general_reaction,valid,cached,False,
2486,RHEA:23232,encoded_general_reaction,valid,cached,False,
2487,RHEA:23236,encoded_general_reaction,valid,cached,False,
2488,RHEA:23240,encoded_general_reaction,valid,cached,False,
2489,RHEA:23244,encoded_general_reaction,valid,cached,False,
2490,RHEA:23248,encoded_general_reaction,valid,cached,False,
2491,RHEA:23252,encoded_general_reaction,valid,cached,False,
2492,RHEA:23260,encoded_general_reaction,valid,cached,False,
2493,RHEA:23284,encoded_general_reaction,valid,cached,False,
2494,RHEA:23288,encoded_general_reaction,valid,cached,False,
2495,RHEA:23292,encoded_general_reaction,valid,cached,False,
2496,RHEA:23296,encoded_general_reaction,valid,cached,False,
2497,RHEA:23300,encoded_general_reaction,valid,cached,False,
2498,RHEA:23304,encoded_general_reaction,valid,cached,False,
2499,RHEA:23312,encoded_general_reaction,valid,cached,False,
2500,RHEA:23324,encoded_general_reaction,valid,cached,False,
2501,RHEA:23328,encoded_general_reaction,valid,cached,False,
2502,RHEA:23336,encoded_general_reaction,valid,cached,False,
2503,RHEA:23344,encoded_general_reaction,valid,cached,False,
2504,RHEA:23348,encoded_general_reaction,valid,cached,False,
2505,RHEA:23352,encoded_general_reaction,valid,cached,False,
2506,RHEA:23356,encoded_general_reaction,valid,cached,False,
2507,RHEA:23360,encoded_general_reaction,valid,cached,False,
2508,RHEA:23368,encoded_general_reaction,valid,cached,False,
2509,RHEA:23372,encoded_general_reaction,valid,cached,False,
2510,RHEA:23384,encoded_general_reaction,valid,cached,False,
2511,RHEA:23388,encoded_general_reaction,valid,cached,False,
2512,RHEA:23396,encoded_general_reaction,valid,cached,False,
2513,RHEA:23404,encoded_general_reaction,valid,cached,False,
2514,RHEA:23408,encoded_general_reaction,valid,cached,False,
2515,RHEA:23412,encoded_general_reaction,valid,cached,False,
2516,RHEA:23416,encoded_general_reaction,valid,cached,False,
2517,RHEA:23420,encoded_general_reaction,valid,cached,False,
2518,RHEA:23424,encoded_general_reaction,valid,cached,False,
2519,RHEA:23428,encoded_general_reaction,valid,cached,False,
2520,RHEA:23432,encoded_general_reaction,valid,cached,False,
2521,RHEA:23436,encoded_general_reaction,valid,cached,False,
2522,RHEA:23444,encoded_general_reaction,valid,cached,False,
2523,RHEA:23448,encoded_general_reaction,valid,cached,False,
2524,RHEA:23452,encoded_general_reaction,valid,cached,False,
2525,RHEA:23464,encoded_general_reaction,valid,cached,False,
2526,RHEA:23468,encoded_general_reaction,valid,cached,False,
2527,RHEA:23472,encoded_general_reaction,valid,cached,False,
2528,RHEA:23476,encoded_general_reaction,valid,cached,False,
2529,RHEA:23480,encoded_general_reaction,valid,cached,False,
2530,RHEA:23484,encoded_general_reaction,valid,cached,False,
2531,RHEA:23488,encoded_general_reaction,valid,cached,False,
2532,RHEA:23500,encoded_general_reaction,valid,cached,False,
2533,RHEA:23504,encoded_general_reaction,valid,cached,False,
2534,RHEA:23508,encoded_general_reaction,valid,cached,False,
2535,RHEA:23512,encoded_general_reaction,valid,cached,False,
2536,RHEA:23516,encoded_general_reaction,valid,cached,False,
2537,RHEA:23520,encoded_general_reaction,valid,cached,False,
2538,RHEA:23532,encoded_general_reaction,valid,cached,False,
2539,RHEA:23536,encoded_general_reaction,valid,cached,False,
2540,RHEA:23540,encoded_general_reaction,valid,cached,False,
2541,RHEA:23548,encoded_general_reaction,valid,cached,False,
2542,RHEA:23552,encoded_general_reaction,valid,cached,False,
2543,RHEA:23560,encoded_general_reaction,valid,cached,False,
2544,RHEA:23568,encoded_general_reaction,valid,cached,False,
2545,RHEA:23572,encoded_general_reaction,valid,cached,False,
2546,RHEA:23576,encoded_general_reaction,valid,cached,False,
2547,RHEA:23580,encoded_general_reaction,valid,cached,False,
2548,RHEA:23584,encoded_general_reaction,valid,cached,False,
2549,RHEA:23592,encoded_general_reaction,valid,cached,False,
2550,RHEA:23596,encoded_general_reaction,valid,cached,False,
2551,RHEA:23604,encoded_general_reaction,valid,cached,False,
2552,RHEA:23608,encoded_general_reaction,valid,cached,False,
2553,RHEA:23620,encoded_general_reaction,valid,cached,False,
2554,RHEA:23624,encoded_general_reaction,valid,cached,False,
2555,RHEA:23628,encoded_general_reaction,valid,cached,False,
2556,RHEA:23632,encoded_general_reaction,valid,cached,False,
2557,RHEA:23640,encoded_general_reaction,valid,cached,False,
2558,RHEA:23644,encoded_general_reaction,valid,cached,False,
2559,RHEA:23648,encoded_general_reaction,valid,cached,False,
2560,RHEA:23652,encoded_general_reaction,valid,cached,False,
2561,RHEA:23656,encoded_general_reaction,valid,cached,False,
2562,RHEA:23660,encoded_general_reaction,valid,cached,False,
2563,RHEA:23664,encoded_general_reaction,valid,cached,False,
2564,RHEA:23668,encoded_general_reaction,valid,cached,False,
2565,RHEA:23672,encoded_general_reaction,valid,cached,False,
2566,RHEA:23676,encoded_general_reaction,valid,cached,False,
2567,RHEA:23680,encoded_general_reaction,valid,cached,False,
2568,RHEA:23684,encoded_general_reaction,valid,cached,False,
2569,RHEA:23688,encoded_general_reaction,valid,cached,False,
2570,RHEA:23692,encoded_general_reaction,valid,cached,False,
2571,RHEA:23696,encoded_general_reaction,valid,cached,False,
2572,RHEA:23700,encoded_general_reaction,valid,cached,False,
2573,RHEA:23704,encoded_general_reaction,valid,cached,False,
2574,RHEA:23720,encoded_general_reaction,valid,cached,False,
2575,RHEA:23728,encoded_general_reaction,valid,cached,False,
2576,RHEA:23732,encoded_general_reaction,valid,cached,False,
2577,RHEA:23736,encoded_general_reaction,valid,cached,False,
2578,RHEA:23744,encoded_general_reaction,valid,cached,False,
2579,RHEA:23756,encoded_general_reaction,valid,cached,False,
2580,RHEA:23768,encoded_general_reaction,valid,cached,False,
2581,RHEA:23772,encoded_general_reaction,valid,cached,False,
2582,RHEA:23776,encoded_general_reaction,valid,cached,False,
2583,RHEA:23780,encoded_general_reaction,valid,cached,False,
2584,RHEA:23784,encoded_general_reaction,valid,cached,False,
2585,RHEA:23788,encoded_general_reaction,valid,cached,False,
2586,RHEA:23796,encoded_general_reaction,valid,cached,False,
2587,RHEA:23800,encoded_general_reaction,valid,cached,False,
2588,RHEA:23804,encoded_general_reaction,valid,cached,False,
2589,RHEA:23808,encoded_general_reaction,valid,cached,False,
2590,RHEA:23812,encoded_general_reaction,valid,cached,False,
2591,RHEA:23820,encoded_general_reaction,valid,cached,False,
2592,RHEA:23824,encoded_general_reaction,valid,cached,False,
2593,RHEA:23828,encoded_general_reaction,valid,cached,False,
2594,RHEA:23832,encoded_general_reaction,valid,cached,False,
2595,RHEA:23840,encoded_general_reaction,valid,cached,False,
2596,RHEA:23844,encoded_general_reaction,valid,cached,False,
2597,RHEA:23852,encoded_general_reaction,valid,cached,False,
2598,RHEA:23856,encoded_general_reaction,valid,cached,False,
2599,RHEA:23860,encoded_general_reaction,valid,cached,False,
2600,RHEA:23864,encoded_general_reaction,valid,cached,False,
2601,RHEA:23872,encoded_general_reaction,valid,cached,False,
2602,RHEA:23880,encoded_general_reaction,valid,cached,False,
2603,RHEA:23884,encoded_general_reaction,valid,cached,False,
2604,RHEA:23896,encoded_general_reaction,valid,cached,False,
2605,RHEA:23900,encoded_general_reaction,valid,cached,False,
2606,RHEA:23904,encoded_general_reaction,valid,cached,False,
2607,RHEA:23908,encoded_general_reaction,valid,cached,False,
2608,RHEA:23916,encoded_general_reaction,valid,cached,False,
2609,RHEA:23920,encoded_general_reaction,valid,cached,False,
2610,RHEA:23928,encoded_general_reaction,valid,cached,False,
2611,RHEA:23932,encoded_general_reaction,valid,cached,False,
2612,RHEA:23936,encoded_general_reaction,valid,cached,False,
2613,RHEA:23940,encoded_general_reaction,valid,cached,False,
2614,RHEA:23944,encoded_general_reaction,valid,cached,False,
2615,RHEA:23948,encoded_general_reaction,valid,cached,False,
2616,RHEA:23956,encoded_general_reaction,valid,cached,False,
2617,RHEA:23964,encoded_general_reaction,valid,cached,False,
2618,RHEA:23968,encoded_general_reaction,valid,cached,False,
2619,RHEA:23972,encoded_general_reaction,valid,cached,False,
2620,RHEA:23976,encoded_general_reaction,valid,cached,False,
2621,RHEA:23984,encoded_general_reaction,valid,cached,False,
2622,RHEA:23988,encoded_general_reaction,valid,cached,False,
2623,RHEA:23996,encoded_general_reaction,valid,cached,False,
2624,RHEA:24000,encoded_general_reaction,valid,cached,False,
2625,RHEA:24004,encoded_general_reaction,valid,cached,False,
2626,RHEA:24012,encoded_general_reaction,valid,cached,False,
2627,RHEA:24016,encoded_general_reaction,valid,cached,False,
2628,RHEA:24020,encoded_general_reaction,valid,cached,False,
2629,RHEA:24028,encoded_general_reaction,valid,cached,False,
2630,RHEA:24036,encoded_general_reaction,valid,cached,False,
2631,RHEA:24040,encoded_general_reaction,valid,cached,False,
2632,RHEA:24044,encoded_general_reaction,valid,cached,False,
2633,RHEA:24048,encoded_general_reaction,valid,cached,False,
2634,RHEA:24064,encoded_general_reaction,valid,cached,False,
2635,RHEA:24068,encoded_general_reaction,valid,cached,False,
2636,RHEA:24076,encoded_general_reaction,valid,cached,False,
2637,RHEA:24080,encoded_general_reaction,valid,cached,False,
2638,RHEA:24084,encoded_general_reaction,valid,cached,False,
2639,RHEA:24100,encoded_general_reaction,valid,cached,False,
2640,RHEA:24104,encoded_general_reaction,valid,cached,False,
2641,RHEA:24116,copied_reference_feature,precomputed,precomputed,False,
2642,RHEA:24132,encoded_general_reaction,valid,cached,False,
2643,RHEA:24136,encoded_general_reaction,valid,cached,False,
2644,RHEA:24140,encoded_general_reaction,valid,cached,False,
2645,RHEA:24148,encoded_general_reaction,valid,cached,False,
2646,RHEA:24152,encoded_general_reaction,valid,cached,False,
2647,RHEA:24160,encoded_general_reaction,valid,cached,False,
2648,RHEA:24164,encoded_general_reaction,valid,cached,False,
2649,RHEA:24168,encoded_general_reaction,valid,cached,False,
2650,RHEA:24176,encoded_general_reaction,valid,cached,False,
2651,RHEA:24180,encoded_general_reaction,valid,cached,False,
2652,RHEA:24184,encoded_general_reaction,valid,cached,False,
2653,RHEA:24188,encoded_general_reaction,valid,cached,False,
2654,RHEA:24192,encoded_general_reaction,valid,cached,False,
2655,RHEA:24196,encoded_general_reaction,valid,cached,False,
2656,RHEA:24204,encoded_general_reaction,valid,cached,False,
2657,RHEA:24208,encoded_general_reaction,valid,cached,False,
2658,RHEA:24212,encoded_general_reaction,valid,cached,False,
2659,RHEA:24216,encoded_general_reaction,valid,cached,False,
2660,RHEA:24232,encoded_general_reaction,valid,cached,False,
2661,RHEA:24236,encoded_general_reaction,valid,cached,False,
2662,RHEA:24240,encoded_general_reaction,valid,cached,False,
2663,RHEA:24244,encoded_general_reaction,valid,cached,False,
2664,RHEA:24248,encoded_general_reaction,valid,cached,False,
2665,RHEA:24252,encoded_general_reaction,valid,cached,False,
2666,RHEA:24256,encoded_general_reaction,valid,cached,False,
2667,RHEA:24260,encoded_general_reaction,valid,cached,False,
2668,RHEA:24264,encoded_general_reaction,valid,cached,False,
2669,RHEA:24284,encoded_general_reaction,valid,cached,False,
2670,RHEA:24292,encoded_general_reaction,valid,cached,False,
2671,RHEA:24296,encoded_general_reaction,valid,cached,False,
2672,RHEA:24304,encoded_general_reaction,valid,cached,False,
2673,RHEA:24308,encoded_general_reaction,valid,cached,False,
2674,RHEA:24312,encoded_general_reaction,valid,cached,False,
2675,RHEA:24316,copied_reference_feature,precomputed,precomputed,False,
2676,RHEA:24336,encoded_general_reaction,valid,cached,False,
2677,RHEA:24340,encoded_general_reaction,valid,cached,False,
2678,RHEA:24360,encoded_general_reaction,valid,cached,False,
2679,RHEA:24364,encoded_general_reaction,valid,cached,False,
2680,RHEA:24368,encoded_general_reaction,valid,cached,False,
2681,RHEA:24372,encoded_general_reaction,valid,cached,False,
2682,RHEA:24376,encoded_general_reaction,valid,cached,False,
2683,RHEA:24380,encoded_general_reaction,valid,cached,False,
2684,RHEA:24384,encoded_general_reaction,valid,cached,False,
2685,RHEA:24388,encoded_general_reaction,valid,cached,False,
2686,RHEA:24392,encoded_general_reaction,valid,cached,False,
2687,RHEA:24396,encoded_general_reaction,valid,cached,False,
2688,RHEA:24400,encoded_general_reaction,valid,cached,False,
2689,RHEA:24404,encoded_general_reaction,valid,cached,False,
2690,RHEA:24408,encoded_general_reaction,valid,cached,False,
2691,RHEA:24412,encoded_general_reaction,valid,cached,False,
2692,RHEA:24420,encoded_general_reaction,valid,cached,False,
2693,RHEA:24424,encoded_general_reaction,valid,cached,False,
2694,RHEA:24432,encoded_general_reaction,valid,cached,False,
2695,RHEA:24436,encoded_general_reaction,valid,cached,False,
2696,RHEA:24440,encoded_general_reaction,valid,cached,False,
2697,RHEA:24444,encoded_general_reaction,valid,cached,False,
2698,RHEA:24448,encoded_general_reaction,valid,cached,False,
2699,RHEA:24452,encoded_general_reaction,valid,cached,False,
2700,RHEA:24456,encoded_general_reaction,valid,cached,False,
2701,RHEA:24460,encoded_general_reaction,valid,cached,False,
2702,RHEA:24464,encoded_general_reaction,valid,cached,False,
2703,RHEA:24468,encoded_general_reaction,valid,cached,False,
2704,RHEA:24488,encoded_general_reaction,valid,cached,False,
2705,RHEA:24496,encoded_general_reaction,valid,cached,False,
2706,RHEA:24504,encoded_general_reaction,valid,cached,False,
2707,RHEA:24508,encoded_general_reaction,valid,cached,False,
2708,RHEA:24512,encoded_general_reaction,valid,cached,False,
2709,RHEA:24516,encoded_general_reaction,valid,cached,False,
2710,RHEA:24520,encoded_general_reaction,valid,cached,False,
2711,RHEA:24524,encoded_general_reaction,valid,cached,False,
2712,RHEA:24528,encoded_general_reaction,valid,cached,False,
2713,RHEA:24536,encoded_general_reaction,valid,cached,False,
2714,RHEA:24540,encoded_general_reaction,valid,cached,False,
2715,RHEA:24544,encoded_general_reaction,valid,cached,False,
2716,RHEA:24560,encoded_general_reaction,valid,cached,False,
2717,RHEA:24564,encoded_general_reaction,valid,cached,False,
2718,RHEA:24568,encoded_general_reaction,valid,cached,False,
2719,RHEA:24576,encoded_general_reaction,valid,cached,False,
2720,RHEA:24580,encoded_general_reaction,valid,cached,False,
2721,RHEA:24592,encoded_general_reaction,valid,cached,False,
2722,RHEA:24596,encoded_general_reaction,valid,cached,False,
2723,RHEA:24600,encoded_general_reaction,valid,cached,False,
2724,RHEA:24604,encoded_general_reaction,valid,cached,False,
2725,RHEA:24608,encoded_general_reaction,valid,cached,False,
2726,RHEA:24612,encoded_general_reaction,valid,cached,False,
2727,RHEA:24616,encoded_general_reaction,valid,cached,False,
2728,RHEA:24620,encoded_general_reaction,valid,cached,False,
2729,RHEA:24624,encoded_general_reaction,valid,cached,False,
2730,RHEA:24628,encoded_general_reaction,valid,cached,False,
2731,RHEA:24632,encoded_general_reaction,valid,cached,False,
2732,RHEA:24636,encoded_general_reaction,valid,cached,False,
2733,RHEA:24640,encoded_general_reaction,valid,cached,False,
2734,RHEA:24670,encoded_general_reaction,valid,cached,False,
2735,RHEA:24674,encoded_general_reaction,valid,cached,False,
2736,RHEA:24678,encoded_general_reaction,valid,cached,False,
2737,RHEA:24682,encoded_general_reaction,valid,cached,False,
2738,RHEA:24686,encoded_general_reaction,valid,cached,False,
2739,RHEA:24690,encoded_general_reaction,valid,cached,False,
2740,RHEA:24694,encoded_general_reaction,valid,cached,False,
2741,RHEA:24698,encoded_general_reaction,valid,cached,False,
2742,RHEA:24702,encoded_general_reaction,valid,cached,False,
2743,RHEA:24706,encoded_general_reaction,valid,cached,False,
2744,RHEA:24710,encoded_general_reaction,valid,cached,False,
2745,RHEA:24726,encoded_general_reaction,valid,cached,False,
2746,RHEA:24734,encoded_general_reaction,valid,cached,False,
2747,RHEA:24752,encoded_general_reaction,valid,cached,False,
2748,RHEA:24764,encoded_general_reaction,valid,cached,False,
2749,RHEA:24768,encoded_general_reaction,valid,cached,False,
2750,RHEA:24772,encoded_general_reaction,valid,cached,False,
2751,RHEA:24785,encoded_general_reaction,valid,cached,False,
2752,RHEA:24793,encoded_general_reaction,valid,cached,False,
2753,RHEA:24801,encoded_general_reaction,valid,cached,False,
2754,RHEA:24809,encoded_general_reaction,valid,cached,False,
2755,RHEA:24813,encoded_general_reaction,valid,cached,False,
2756,RHEA:24825,encoded_general_reaction,valid,cached,False,
2757,RHEA:24829,encoded_general_reaction,valid,cached,False,
2758,RHEA:24836,encoded_general_reaction,valid,cached,False,
2759,RHEA:24840,encoded_general_reaction,valid,cached,False,
2760,RHEA:24844,encoded_general_reaction,valid,cached,False,
2761,RHEA:24848,encoded_general_reaction,valid,cached,False,
2762,RHEA:24869,encoded_general_reaction,valid,cached,False,
2763,RHEA:24873,encoded_general_reaction,valid,cached,False,
2764,RHEA:24878,encoded_general_reaction,valid,cached,False,
2765,RHEA:24898,encoded_general_reaction,valid,cached,False,
2766,RHEA:24902,encoded_general_reaction,valid,cached,False,
2767,RHEA:24906,encoded_general_reaction,valid,cached,False,
2768,RHEA:24923,encoded_general_reaction,valid,cached,False,
2769,RHEA:24927,encoded_general_reaction,valid,cached,False,
2770,RHEA:24931,encoded_general_reaction,valid,cached,False,
2771,RHEA:24952,encoded_general_reaction,valid,cached,False,
2772,RHEA:24964,encoded_general_reaction,valid,cached,False,
2773,RHEA:24968,encoded_general_reaction,valid,cached,False,
2774,RHEA:24972,encoded_general_reaction,valid,cached,False,
2775,RHEA:24976,encoded_general_reaction,valid,cached,False,
2776,RHEA:24980,encoded_general_reaction,valid,cached,False,
2777,RHEA:24984,encoded_general_reaction,valid,cached,False,
2778,RHEA:24988,encoded_general_reaction,valid,cached,False,
2779,RHEA:25017,encoded_general_reaction,valid,cached,False,
2780,RHEA:25021,encoded_general_reaction,valid,cached,False,
2781,RHEA:25025,encoded_general_reaction,valid,cached,False,
2782,RHEA:25029,encoded_general_reaction,valid,cached,False,
2783,RHEA:25033,encoded_general_reaction,valid,cached,False,
2784,RHEA:25037,encoded_general_reaction,valid,cached,False,
2785,RHEA:25041,encoded_general_reaction,valid,cached,False,
2786,RHEA:25054,encoded_general_reaction,valid,cached,False,
2787,RHEA:25058,encoded_general_reaction,valid,cached,False,
2788,RHEA:25062,encoded_general_reaction,valid,cached,False,
2789,RHEA:25066,encoded_general_reaction,valid,cached,False,
2790,RHEA:25070,encoded_general_reaction,valid,cached,False,
2791,RHEA:25074,encoded_general_reaction,valid,cached,False,
2792,RHEA:25094,encoded_general_reaction,valid,cached,False,
2793,RHEA:25098,encoded_general_reaction,valid,cached,False,
2794,RHEA:25104,encoded_general_reaction,valid,cached,False,
2795,RHEA:25108,encoded_general_reaction,valid,cached,False,
2796,RHEA:25112,encoded_general_reaction,valid,cached,False,
2797,RHEA:25135,encoded_general_reaction,valid,cached,False,
2798,RHEA:25143,encoded_general_reaction,valid,cached,False,
2799,RHEA:25156,encoded_general_reaction,valid,cached,False,
2800,RHEA:25160,encoded_general_reaction,valid,cached,False,
2801,RHEA:25173,encoded_general_reaction,valid,cached,False,
2802,RHEA:25185,encoded_general_reaction,valid,cached,False,
2803,RHEA:25189,encoded_general_reaction,valid,cached,False,
2804,RHEA:25193,encoded_general_reaction,valid,cached,False,
2805,RHEA:25197,encoded_general_reaction,valid,cached,False,
2806,RHEA:25201,encoded_general_reaction,valid,cached,False,
2807,RHEA:25213,encoded_general_reaction,valid,cached,False,
2808,RHEA:25217,encoded_general_reaction,valid,cached,False,
2809,RHEA:25221,encoded_general_reaction,valid,cached,False,
2810,RHEA:25233,encoded_general_reaction,valid,cached,False,
2811,RHEA:25241,encoded_general_reaction,valid,cached,False,
2812,RHEA:25245,encoded_general_reaction,valid,cached,False,
2813,RHEA:25249,encoded_general_reaction,valid,cached,False,
2814,RHEA:25253,encoded_general_reaction,valid,cached,False,
2815,RHEA:25265,encoded_general_reaction,valid,cached,False,
2816,RHEA:25269,encoded_general_reaction,valid,cached,False,
2817,RHEA:25273,encoded_general_reaction,valid,cached,False,
2818,RHEA:25277,encoded_general_reaction,valid,cached,False,
2819,RHEA:25282,copied_reference_feature,precomputed,precomputed,False,
2820,RHEA:25286,encoded_general_reaction,valid,cached,False,
2821,RHEA:25290,encoded_general_reaction,valid,cached,False,
2822,RHEA:25294,encoded_general_reaction,valid,cached,False,
2823,RHEA:25298,encoded_general_reaction,valid,cached,False,
2824,RHEA:25302,encoded_general_reaction,valid,cached,False,
2825,RHEA:25311,encoded_general_reaction,valid,cached,False,
2826,RHEA:25315,encoded_general_reaction,valid,cached,False,
2827,RHEA:25321,encoded_general_reaction,valid,cached,False,
2828,RHEA:25325,encoded_general_reaction,valid,cached,False,
2829,RHEA:25347,encoded_general_reaction,valid,cached,False,
2830,RHEA:25355,encoded_general_reaction,valid,cached,False,
2831,RHEA:25359,encoded_general_reaction,valid,cached,False,
2832,RHEA:25363,encoded_general_reaction,valid,cached,False,
2833,RHEA:25367,encoded_general_reaction,valid,cached,False,
2834,RHEA:25371,encoded_general_reaction,valid,cached,False,
2835,RHEA:25375,encoded_general_reaction,valid,cached,False,
2836,RHEA:25379,encoded_general_reaction,valid,cached,False,
2837,RHEA:25391,encoded_general_reaction,valid,cached,False,
2838,RHEA:25395,encoded_general_reaction,valid,cached,False,
2839,RHEA:25399,encoded_general_reaction,valid,cached,False,
2840,RHEA:25420,encoded_general_reaction,valid,cached,False,
2841,RHEA:25424,encoded_general_reaction,valid,cached,False,
2842,RHEA:25428,encoded_general_reaction,valid,cached,False,
2843,RHEA:25432,encoded_general_reaction,valid,cached,False,
2844,RHEA:25436,copied_reference_feature,precomputed,precomputed,False,
2845,RHEA:25440,copied_reference_feature,precomputed,precomputed,False,
2846,RHEA:25444,copied_reference_feature,precomputed,precomputed,False,
2847,RHEA:25448,copied_reference_feature,precomputed,precomputed,False,
2848,RHEA:25452,copied_reference_feature,precomputed,precomputed,False,
2849,RHEA:25456,copied_reference_feature,precomputed,precomputed,False,
2850,RHEA:25460,copied_reference_feature,precomputed,precomputed,False,
2851,RHEA:25464,copied_reference_feature,precomputed,precomputed,False,
2852,RHEA:25468,copied_reference_feature,precomputed,precomputed,False,
2853,RHEA:25472,copied_reference_feature,precomputed,precomputed,False,
2854,RHEA:25476,copied_reference_feature,precomputed,precomputed,False,
2855,RHEA:25480,encoded_general_reaction,valid,cached,False,
2856,RHEA:25484,copied_reference_feature,precomputed,precomputed,False,
2857,RHEA:25488,copied_reference_feature,precomputed,precomputed,False,
2858,RHEA:25492,copied_reference_feature,precomputed,precomputed,False,
2859,RHEA:25496,copied_reference_feature,precomputed,precomputed,False,
2860,RHEA:25500,copied_reference_feature,precomputed,precomputed,False,
2861,RHEA:25504,copied_reference_feature,precomputed,precomputed,False,
2862,RHEA:25508,copied_reference_feature,precomputed,precomputed,False,
2863,RHEA:25512,encoded_general_reaction,valid,cached,False,
2864,RHEA:25524,copied_reference_feature,precomputed,precomputed,False,
2865,RHEA:25528,encoded_general_reaction,valid,cached,False,
2866,RHEA:25532,copied_reference_feature,precomputed,precomputed,False,
2867,RHEA:25536,copied_reference_feature,precomputed,precomputed,False,
2868,RHEA:25540,copied_reference_feature,precomputed,precomputed,False,
2869,RHEA:25544,copied_reference_feature,precomputed,precomputed,False,
2870,RHEA:25548,copied_reference_feature,precomputed,precomputed,False,
2871,RHEA:25552,copied_reference_feature,precomputed,precomputed,False,
2872,RHEA:25556,copied_reference_feature,precomputed,precomputed,False,
2873,RHEA:25560,copied_reference_feature,precomputed,precomputed,False,
2874,RHEA:25564,encoded_general_reaction,valid,cached,False,
2875,RHEA:25568,encoded_general_reaction,valid,cached,False,
2876,RHEA:25576,encoded_general_reaction,valid,cached,False,
2877,RHEA:25580,encoded_general_reaction,valid,cached,False,
2878,RHEA:25584,encoded_general_reaction,valid,cached,False,
2879,RHEA:25593,encoded_general_reaction,valid,cached,False,
2880,RHEA:25597,encoded_general_reaction,valid,cached,False,
2881,RHEA:25609,encoded_general_reaction,valid,cached,False,
2882,RHEA:25613,copied_reference_feature,precomputed,precomputed,False,
2883,RHEA:25617,copied_reference_feature,precomputed,precomputed,False,
2884,RHEA:25621,copied_reference_feature,precomputed,precomputed,False,
2885,RHEA:25625,encoded_general_reaction,valid,cached,False,
2886,RHEA:25629,encoded_general_reaction,valid,cached,False,
2887,RHEA:25633,encoded_general_reaction,valid,cached,False,
2888,RHEA:25637,encoded_general_reaction,valid,cached,False,
2889,RHEA:25641,copied_reference_feature,precomputed,precomputed,False,
2890,RHEA:25645,copied_reference_feature,precomputed,precomputed,False,
2891,RHEA:25649,copied_reference_feature,precomputed,precomputed,False,
2892,RHEA:25658,encoded_general_reaction,valid,cached,False,
2893,RHEA:25662,copied_reference_feature,precomputed,precomputed,False,
2894,RHEA:25666,copied_reference_feature,precomputed,precomputed,False,
2895,RHEA:25674,encoded_general_reaction,valid,cached,False,
2896,RHEA:25678,encoded_general_reaction,valid,cached,False,
2897,RHEA:25686,encoded_general_reaction,valid,cached,False,
2898,RHEA:25690,encoded_general_reaction,valid,cached,False,
2899,RHEA:25694,copied_reference_feature,precomputed,precomputed,False,
2900,RHEA:25759,copied_reference_feature,precomputed,precomputed,False,
2901,RHEA:25772,encoded_general_reaction,valid,cached,False,
2902,RHEA:25776,encoded_general_reaction,valid,cached,False,
2903,RHEA:25780,encoded_general_reaction,valid,cached,False,
2904,RHEA:25784,encoded_general_reaction,valid,cached,False,
2905,RHEA:25788,encoded_general_reaction,valid,cached,False,
2906,RHEA:25792,encoded_general_reaction,valid,cached,False,
2907,RHEA:25800,encoded_general_reaction,valid,cached,False,
2908,RHEA:25804,encoded_general_reaction,valid,cached,False,
2909,RHEA:25808,encoded_general_reaction,valid,cached,False,
2910,RHEA:25812,encoded_general_reaction,valid,cached,False,
2911,RHEA:25816,encoded_general_reaction,valid,cached,False,
2912,RHEA:25820,encoded_general_reaction,valid,cached,False,
2913,RHEA:25824,encoded_general_reaction,valid,cached,False,
2914,RHEA:25832,encoded_general_reaction,valid,cached,False,
2915,RHEA:25836,encoded_general_reaction,valid,cached,False,
2916,RHEA:25840,encoded_general_reaction,valid,cached,False,
2917,RHEA:25844,encoded_general_reaction,valid,cached,False,
2918,RHEA:25848,encoded_general_reaction,valid,cached,False,
2919,RHEA:25852,encoded_general_reaction,valid,cached,False,
2920,RHEA:25856,encoded_general_reaction,valid,cached,False,
2921,RHEA:25860,encoded_general_reaction,valid,cached,False,
2922,RHEA:25868,encoded_general_reaction,valid,cached,False,
2923,RHEA:25876,encoded_general_reaction,valid,cached,False,
2924,RHEA:25884,encoded_general_reaction,valid,cached,False,
2925,RHEA:25888,encoded_general_reaction,valid,cached,False,
2926,RHEA:25900,encoded_general_reaction,valid,cached,False,
2927,RHEA:25904,encoded_general_reaction,valid,cached,False,
2928,RHEA:25948,encoded_general_reaction,valid,cached,False,
2929,RHEA:25952,encoded_general_reaction,valid,cached,False,
2930,RHEA:25956,encoded_general_reaction,valid,cached,False,
2931,RHEA:25968,encoded_general_reaction,valid,cached,False,
2932,RHEA:25972,encoded_general_reaction,valid,cached,False,
2933,RHEA:25976,copied_reference_feature,precomputed,precomputed,False,
2934,RHEA:25980,copied_reference_feature,precomputed,precomputed,False,
2935,RHEA:25984,copied_reference_feature,precomputed,precomputed,False,
2936,RHEA:25988,copied_reference_feature,precomputed,precomputed,False,
2937,RHEA:25992,copied_reference_feature,precomputed,precomputed,False,
2938,RHEA:25996,encoded_general_reaction,valid,cached,False,
2939,RHEA:26002,encoded_general_reaction,valid,cached,False,
2940,RHEA:26006,encoded_general_reaction,valid,cached,False,
2941,RHEA:26019,encoded_general_reaction,valid,cached,False,
2942,RHEA:26031,encoded_general_reaction,valid,cached,False,
2943,RHEA:26035,encoded_general_reaction,valid,cached,False,
2944,RHEA:26039,encoded_general_reaction,valid,cached,False,
2945,RHEA:26043,encoded_general_reaction,valid,cached,False,
2946,RHEA:26055,encoded_general_reaction,valid,cached,False,
2947,RHEA:26059,encoded_general_reaction,valid,cached,False,
2948,RHEA:26064,encoded_general_reaction,valid,cached,False,
2949,RHEA:26068,encoded_general_reaction,valid,cached,False,
2950,RHEA:26077,encoded_general_reaction,valid,cached,False,
2951,RHEA:26081,copied_reference_feature,precomputed,precomputed,False,
2952,RHEA:26085,encoded_general_reaction,valid,cached,False,
2953,RHEA:26089,encoded_general_reaction,valid,cached,False,
2954,RHEA:26093,encoded_general_reaction,valid,cached,False,
2955,RHEA:26097,encoded_general_reaction,valid,cached,False,
2956,RHEA:26101,encoded_general_reaction,valid,cached,False,
2957,RHEA:26111,encoded_general_reaction,valid,cached,False,
2958,RHEA:26115,copied_reference_feature,precomputed,precomputed,False,
2959,RHEA:26119,encoded_general_reaction,valid,cached,False,
2960,RHEA:26128,copied_reference_feature,precomputed,precomputed,False,
2961,RHEA:26132,encoded_general_reaction,valid,cached,False,
2962,RHEA:26136,encoded_general_reaction,valid,cached,False,
2963,RHEA:26152,encoded_general_reaction,valid,cached,False,
2964,RHEA:26160,copied_reference_feature,precomputed,precomputed,False,
2965,RHEA:26168,encoded_general_reaction,valid,cached,False,
2966,RHEA:26172,encoded_general_reaction,valid,cached,False,
2967,RHEA:26176,encoded_general_reaction,valid,cached,False,
2968,RHEA:26180,encoded_general_reaction,valid,cached,False,
2969,RHEA:26188,encoded_general_reaction,valid,cached,False,
2970,RHEA:26193,encoded_general_reaction,valid,cached,False,
2971,RHEA:26197,encoded_general_reaction,valid,cached,False,
2972,RHEA:26201,encoded_general_reaction,valid,cached,False,
2973,RHEA:26205,encoded_general_reaction,valid,cached,False,
2974,RHEA:26209,encoded_general_reaction,valid,cached,False,
2975,RHEA:26213,copied_reference_feature,precomputed,precomputed,False,
2976,RHEA:26221,encoded_general_reaction,valid,cached,False,
2977,RHEA:26229,encoded_general_reaction,valid,cached,False,
2978,RHEA:26245,copied_reference_feature,precomputed,precomputed,False,
2979,RHEA:26277,encoded_general_reaction,valid,cached,False,
2980,RHEA:26281,encoded_general_reaction,valid,cached,False,
2981,RHEA:26285,encoded_general_reaction,valid,cached,False,
2982,RHEA:26289,encoded_general_reaction,valid,cached,False,
2983,RHEA:26297,encoded_general_reaction,valid,cached,False,
2984,RHEA:26301,encoded_general_reaction,valid,cached,False,
2985,RHEA:26305,encoded_general_reaction,valid,cached,False,
2986,RHEA:26309,encoded_general_reaction,valid,cached,False,
2987,RHEA:26313,encoded_general_reaction,valid,cached,False,
2988,RHEA:26317,encoded_general_reaction,valid,cached,False,
2989,RHEA:26321,encoded_general_reaction,valid,cached,False,
2990,RHEA:26325,encoded_general_reaction,valid,cached,False,
2991,RHEA:26329,encoded_general_reaction,valid,cached,False,
2992,RHEA:26333,encoded_general_reaction,valid,cached,False,
2993,RHEA:26337,encoded_general_reaction,valid,cached,False,
2994,RHEA:26341,encoded_general_reaction,valid,cached,False,
2995,RHEA:26345,encoded_general_reaction,valid,cached,False,
2996,RHEA:26349,encoded_general_reaction,valid,cached,False,
2997,RHEA:26361,encoded_general_reaction,valid,cached,False,
2998,RHEA:26373,encoded_general_reaction,valid,cached,False,
2999,RHEA:26381,encoded_general_reaction,valid,cached,False,
3000,RHEA:26385,encoded_general_reaction,valid,cached,False,
3001,RHEA:26389,encoded_general_reaction,valid,cached,False,
3002,RHEA:26393,encoded_general_reaction,valid,cached,False,
3003,RHEA:26397,encoded_general_reaction,valid,cached,False,
3004,RHEA:26401,encoded_general_reaction,valid,cached,False,
3005,RHEA:26410,encoded_general_reaction,valid,cached,False,
3006,RHEA:26414,encoded_general_reaction,valid,cached,False,
3007,RHEA:26422,encoded_general_reaction,valid,cached,False,
3008,RHEA:26426,encoded_general_reaction,valid,cached,False,
3009,RHEA:26430,copied_reference_feature,precomputed,precomputed,False,
3010,RHEA:26438,encoded_general_reaction,valid,cached,False,
3011,RHEA:26446,encoded_general_reaction,valid,cached,False,
3012,RHEA:26450,encoded_general_reaction,valid,cached,False,
3013,RHEA:26454,encoded_general_reaction,valid,cached,False,
3014,RHEA:26470,encoded_general_reaction,valid,cached,False,
3015,RHEA:26474,encoded_general_reaction,valid,cached,False,
3016,RHEA:26482,encoded_general_reaction,valid,cached,False,
3017,RHEA:26486,encoded_general_reaction,valid,cached,False,
3018,RHEA:26490,encoded_general_reaction,valid,cached,False,
3019,RHEA:26494,encoded_general_reaction,valid,cached,False,
3020,RHEA:26506,encoded_general_reaction,valid,cached,False,
3021,RHEA:26510,encoded_general_reaction,valid,cached,False,
3022,RHEA:26514,encoded_general_reaction,valid,cached,False,
3023,RHEA:26518,encoded_general_reaction,valid,cached,False,
3024,RHEA:26522,encoded_general_reaction,valid,cached,False,
3025,RHEA:26526,encoded_general_reaction,valid,cached,False,
3026,RHEA:26530,encoded_general_reaction,valid,cached,False,
3027,RHEA:26534,encoded_general_reaction,valid,cached,False,
3028,RHEA:26542,encoded_general_reaction,valid,cached,False,
3029,RHEA:26546,encoded_general_reaction,valid,cached,False,
3030,RHEA:26550,encoded_general_reaction,valid,cached,False,
3031,RHEA:26554,encoded_general_reaction,valid,cached,False,
3032,RHEA:26558,encoded_general_reaction,valid,cached,False,
3033,RHEA:26562,encoded_general_reaction,valid,cached,False,
3034,RHEA:27270,encoded_general_reaction,valid,cached,False,
3035,RHEA:27274,encoded_general_reaction,valid,cached,False,
3036,RHEA:27278,encoded_general_reaction,valid,cached,False,
3037,RHEA:27282,encoded_general_reaction,valid,cached,False,
3038,RHEA:27286,encoded_general_reaction,valid,cached,False,
3039,RHEA:27290,encoded_general_reaction,valid,cached,False,
3040,RHEA:27298,encoded_general_reaction,valid,cached,False,
3041,RHEA:27302,encoded_general_reaction,valid,cached,False,
3042,RHEA:27306,encoded_general_reaction,valid,cached,False,
3043,RHEA:27310,encoded_general_reaction,valid,cached,False,
3044,RHEA:27321,encoded_general_reaction,valid,cached,False,
3045,RHEA:27325,encoded_general_reaction,valid,cached,False,
3046,RHEA:27329,encoded_general_reaction,valid,cached,False,
3047,RHEA:27333,encoded_general_reaction,valid,cached,False,
3048,RHEA:27337,encoded_general_reaction,valid,cached,False,
3049,RHEA:27341,encoded_general_reaction,valid,cached,False,
3050,RHEA:27345,encoded_general_reaction,valid,cached,False,
3051,RHEA:27349,encoded_general_reaction,valid,cached,False,
3052,RHEA:27353,encoded_general_reaction,valid,cached,False,
3053,RHEA:27377,encoded_general_reaction,valid,cached,False,
3054,RHEA:27381,encoded_general_reaction,valid,cached,False,
3055,RHEA:27385,encoded_general_reaction,valid,cached,False,
3056,RHEA:27389,encoded_general_reaction,valid,cached,False,
3057,RHEA:27393,encoded_general_reaction,valid,cached,False,
3058,RHEA:27397,encoded_general_reaction,valid,cached,False,
3059,RHEA:27401,encoded_general_reaction,valid,cached,False,
3060,RHEA:27413,encoded_general_reaction,valid,cached,False,
3061,RHEA:27417,encoded_general_reaction,valid,cached,False,
3062,RHEA:27421,copied_reference_feature,precomputed,precomputed,False,
3063,RHEA:27425,copied_reference_feature,precomputed,precomputed,False,
3064,RHEA:27429,encoded_general_reaction,valid,cached,False,
3065,RHEA:27433,encoded_general_reaction,valid,cached,False,
3066,RHEA:27437,encoded_general_reaction,valid,cached,False,
3067,RHEA:27441,encoded_general_reaction,valid,cached,False,
3068,RHEA:27445,encoded_general_reaction,valid,cached,False,
3069,RHEA:27449,encoded_general_reaction,valid,cached,False,
3070,RHEA:27453,encoded_general_reaction,valid,cached,False,
3071,RHEA:27457,encoded_general_reaction,valid,cached,False,
3072,RHEA:27461,encoded_general_reaction,valid,cached,False,
3073,RHEA:27465,encoded_general_reaction,valid,cached,False,
3074,RHEA:27469,encoded_general_reaction,valid,cached,False,
3075,RHEA:27473,encoded_general_reaction,valid,cached,False,
3076,RHEA:27477,encoded_general_reaction,valid,cached,False,
3077,RHEA:27481,encoded_general_reaction,valid,cached,False,
3078,RHEA:27485,encoded_general_reaction,valid,cached,False,
3079,RHEA:27489,encoded_general_reaction,valid,cached,False,
3080,RHEA:27493,encoded_general_reaction,valid,cached,False,
3081,RHEA:27506,encoded_general_reaction,valid,cached,False,
3082,RHEA:27510,encoded_general_reaction,valid,cached,False,
3083,RHEA:27514,encoded_general_reaction,valid,cached,False,
3084,RHEA:27518,encoded_general_reaction,valid,cached,False,
3085,RHEA:27522,encoded_general_reaction,valid,cached,False,
3086,RHEA:27526,copied_reference_feature,precomputed,precomputed,False,
3087,RHEA:27530,copied_reference_feature,precomputed,precomputed,False,
3088,RHEA:27534,copied_reference_feature,precomputed,precomputed,False,
3089,RHEA:27546,encoded_general_reaction,valid,cached,False,
3090,RHEA:27551,encoded_general_reaction,valid,cached,False,
3091,RHEA:27555,encoded_general_reaction,valid,cached,False,
3092,RHEA:27559,encoded_general_reaction,valid,cached,False,
3093,RHEA:27563,encoded_general_reaction,valid,cached,False,
3094,RHEA:27570,encoded_general_reaction,valid,cached,False,
3095,RHEA:27586,encoded_general_reaction,valid,cached,False,
3096,RHEA:27594,encoded_general_reaction,valid,cached,False,
3097,RHEA:27602,encoded_general_reaction,valid,cached,False,
3098,RHEA:27606,encoded_general_reaction,valid,cached,False,
3099,RHEA:27614,encoded_general_reaction,valid,cached,False,
3100,RHEA:27618,encoded_general_reaction,valid,cached,False,
3101,RHEA:27622,encoded_general_reaction,valid,cached,False,
3102,RHEA:27638,encoded_general_reaction,valid,cached,False,
3103,RHEA:27642,encoded_general_reaction,valid,cached,False,
3104,RHEA:27646,encoded_general_reaction,valid,cached,False,
3105,RHEA:27654,encoded_general_reaction,valid,cached,False,
3106,RHEA:27658,encoded_general_reaction,valid,cached,False,
3107,RHEA:27662,encoded_general_reaction,valid,cached,False,
3108,RHEA:27666,encoded_general_reaction,valid,cached,False,
3109,RHEA:27670,encoded_general_reaction,valid,cached,False,
3110,RHEA:27682,encoded_general_reaction,valid,cached,False,
3111,RHEA:27686,encoded_general_reaction,valid,cached,False,
3112,RHEA:27690,encoded_general_reaction,valid,cached,False,
3113,RHEA:27694,encoded_general_reaction,valid,cached,False,
3114,RHEA:27698,encoded_general_reaction,valid,cached,False,
3115,RHEA:27702,encoded_general_reaction,valid,cached,False,
3116,RHEA:27710,encoded_general_reaction,valid,cached,False,
3117,RHEA:27714,encoded_general_reaction,valid,cached,False,
3118,RHEA:27718,encoded_general_reaction,valid,cached,False,
3119,RHEA:27722,encoded_general_reaction,valid,cached,False,
3120,RHEA:27726,encoded_general_reaction,valid,cached,False,
3121,RHEA:27734,encoded_general_reaction,valid,cached,False,
3122,RHEA:27738,encoded_general_reaction,valid,cached,False,
3123,RHEA:27742,encoded_general_reaction,valid,cached,False,
3124,RHEA:27746,encoded_general_reaction,valid,cached,False,
3125,RHEA:27750,encoded_general_reaction,valid,cached,False,
3126,RHEA:27754,encoded_general_reaction,valid,cached,False,
3127,RHEA:27762,encoded_general_reaction,valid,cached,False,
3128,RHEA:27782,encoded_general_reaction,valid,cached,False,
3129,RHEA:27790,encoded_general_reaction,valid,cached,False,
3130,RHEA:27794,encoded_general_reaction,valid,cached,False,
3131,RHEA:27798,encoded_general_reaction,valid,cached,False,
3132,RHEA:27802,encoded_general_reaction,valid,cached,False,
3133,RHEA:27806,encoded_general_reaction,valid,cached,False,
3134,RHEA:27810,encoded_general_reaction,valid,cached,False,
3135,RHEA:27818,encoded_general_reaction,valid,cached,False,
3136,RHEA:27822,encoded_general_reaction,valid,cached,False,
3137,RHEA:27826,encoded_general_reaction,valid,cached,False,
3138,RHEA:27830,copied_reference_feature,precomputed,precomputed,False,
3139,RHEA:27838,encoded_general_reaction,valid,cached,False,
3140,RHEA:27842,encoded_general_reaction,valid,cached,False,
3141,RHEA:27846,encoded_general_reaction,valid,cached,False,
3142,RHEA:27850,encoded_general_reaction,valid,cached,False,
3143,RHEA:27854,encoded_general_reaction,valid,cached,False,
3144,RHEA:27858,encoded_general_reaction,valid,cached,False,
3145,RHEA:27866,encoded_general_reaction,valid,cached,False,
3146,RHEA:27870,encoded_general_reaction,valid,cached,False,
3147,RHEA:27874,encoded_general_reaction,valid,cached,False,
3148,RHEA:27886,encoded_general_reaction,valid,cached,False,
3149,RHEA:27894,encoded_general_reaction,valid,cached,False,
3150,RHEA:27898,encoded_general_reaction,valid,cached,False,
3151,RHEA:27906,encoded_general_reaction,valid,cached,False,
3152,RHEA:27914,encoded_general_reaction,valid,cached,False,
3153,RHEA:27918,encoded_general_reaction,valid,cached,False,
3154,RHEA:27930,encoded_general_reaction,valid,cached,False,
3155,RHEA:27934,encoded_general_reaction,valid,cached,False,
3156,RHEA:27938,encoded_general_reaction,valid,cached,False,
3157,RHEA:27942,encoded_general_reaction,valid,cached,False,
3158,RHEA:27946,encoded_general_reaction,valid,cached,False,
3159,RHEA:27954,copied_reference_feature,precomputed,precomputed,False,
3160,RHEA:27958,encoded_general_reaction,valid,cached,False,
3161,RHEA:27966,encoded_general_reaction,valid,cached,False,
3162,RHEA:27970,encoded_general_reaction,valid,cached,False,
3163,RHEA:27974,encoded_general_reaction,valid,cached,False,
3164,RHEA:27978,encoded_general_reaction,valid,cached,False,
3165,RHEA:27982,encoded_general_reaction,valid,cached,False,
3166,RHEA:27986,encoded_general_reaction,valid,cached,False,
3167,RHEA:27990,encoded_general_reaction,valid,cached,False,
3168,RHEA:27994,encoded_general_reaction,valid,cached,False,
3169,RHEA:27998,encoded_general_reaction,valid,cached,False,
3170,RHEA:28002,encoded_general_reaction,valid,cached,False,
3171,RHEA:28006,encoded_general_reaction,valid,cached,False,
3172,RHEA:28010,encoded_general_reaction,valid,cached,False,
3173,RHEA:28014,encoded_general_reaction,valid,cached,False,
3174,RHEA:28022,encoded_general_reaction,valid,cached,False,
3175,RHEA:28038,encoded_general_reaction,valid,cached,False,
3176,RHEA:28046,encoded_general_reaction,valid,cached,False,
3177,RHEA:28050,encoded_general_reaction,valid,cached,False,
3178,RHEA:28054,encoded_general_reaction,valid,cached,False,
3179,RHEA:28058,encoded_general_reaction,valid,cached,False,
3180,RHEA:28062,encoded_general_reaction,valid,cached,False,
3181,RHEA:28066,encoded_general_reaction,valid,cached,False,
3182,RHEA:28070,encoded_general_reaction,valid,cached,False,
3183,RHEA:28074,encoded_general_reaction,valid,cached,False,
3184,RHEA:28078,encoded_general_reaction,valid,cached,False,
3185,RHEA:28082,encoded_general_reaction,valid,cached,False,
3186,RHEA:28086,encoded_general_reaction,valid,cached,False,
3187,RHEA:28090,encoded_general_reaction,valid,cached,False,
3188,RHEA:28094,encoded_general_reaction,valid,cached,False,
3189,RHEA:28098,encoded_general_reaction,valid,cached,False,
3190,RHEA:28102,encoded_general_reaction,valid,cached,False,
3191,RHEA:28106,encoded_general_reaction,valid,cached,False,
3192,RHEA:28110,encoded_general_reaction,valid,cached,False,
3193,RHEA:28118,encoded_general_reaction,valid,cached,False,
3194,RHEA:28122,encoded_general_reaction,valid,cached,False,
3195,RHEA:28126,encoded_general_reaction,valid,cached,False,
3196,RHEA:28130,encoded_general_reaction,valid,cached,False,
3197,RHEA:28138,encoded_general_reaction,valid,cached,False,
3198,RHEA:28146,encoded_general_reaction,valid,cached,False,
3199,RHEA:28150,encoded_general_reaction,valid,cached,False,
3200,RHEA:28154,encoded_general_reaction,valid,cached,False,
3201,RHEA:28158,encoded_general_reaction,valid,cached,False,
3202,RHEA:28166,encoded_general_reaction,valid,cached,False,
3203,RHEA:28170,encoded_general_reaction,valid,cached,False,
3204,RHEA:28174,encoded_general_reaction,valid,cached,False,
3205,RHEA:28182,encoded_general_reaction,valid,cached,False,
3206,RHEA:28190,encoded_general_reaction,valid,cached,False,
3207,RHEA:28194,encoded_general_reaction,valid,cached,False,
3208,RHEA:28198,encoded_general_reaction,valid,cached,False,
3209,RHEA:28202,encoded_general_reaction,valid,cached,False,
3210,RHEA:28206,encoded_general_reaction,valid,cached,False,
3211,RHEA:28210,encoded_general_reaction,valid,cached,False,
3212,RHEA:28214,encoded_general_reaction,valid,cached,False,
3213,RHEA:28218,encoded_general_reaction,valid,cached,False,
3214,RHEA:28222,encoded_general_reaction,valid,cached,False,
3215,RHEA:28226,encoded_general_reaction,valid,cached,False,
3216,RHEA:28230,encoded_general_reaction,valid,cached,False,
3217,RHEA:28246,encoded_general_reaction,valid,cached,False,
3218,RHEA:28250,encoded_general_reaction,valid,cached,False,
3219,RHEA:28254,encoded_general_reaction,valid,cached,False,
3220,RHEA:28258,encoded_general_reaction,valid,cached,False,
3221,RHEA:28262,encoded_general_reaction,valid,cached,False,
3222,RHEA:28266,copied_reference_feature,precomputed,precomputed,False,
3223,RHEA:28270,encoded_general_reaction,valid,cached,False,
3224,RHEA:28278,encoded_general_reaction,valid,cached,False,
3225,RHEA:28282,copied_reference_feature,precomputed,precomputed,False,
3226,RHEA:28290,copied_reference_feature,precomputed,precomputed,False,
3227,RHEA:28294,copied_reference_feature,precomputed,precomputed,False,
3228,RHEA:28298,copied_reference_feature,precomputed,precomputed,False,
3229,RHEA:28302,copied_reference_feature,precomputed,precomputed,False,
3230,RHEA:28306,encoded_general_reaction,valid,cached,False,
3231,RHEA:28310,encoded_general_reaction,valid,cached,False,
3232,RHEA:28314,encoded_general_reaction,valid,cached,False,
3233,RHEA:28330,encoded_general_reaction,valid,cached,False,
3234,RHEA:28334,encoded_general_reaction,valid,cached,False,
3235,RHEA:28338,encoded_general_reaction,valid,cached,False,
3236,RHEA:28342,encoded_general_reaction,valid,cached,False,
3237,RHEA:28346,encoded_general_reaction,valid,cached,False,
3238,RHEA:28350,encoded_general_reaction,valid,cached,False,
3239,RHEA:28362,encoded_general_reaction,valid,cached,False,
3240,RHEA:28366,encoded_general_reaction,valid,cached,False,
3241,RHEA:28370,encoded_general_reaction,valid,cached,False,
3242,RHEA:28374,encoded_general_reaction,valid,cached,False,
3243,RHEA:28378,encoded_general_reaction,valid,cached,False,
3244,RHEA:28382,encoded_general_reaction,valid,cached,False,
3245,RHEA:28386,encoded_general_reaction,valid,cached,False,
3246,RHEA:28390,encoded_general_reaction,valid,cached,False,
3247,RHEA:28394,encoded_general_reaction,valid,cached,False,
3248,RHEA:28398,encoded_general_reaction,valid,cached,False,
3249,RHEA:28406,encoded_general_reaction,valid,cached,False,
3250,RHEA:28410,encoded_general_reaction,valid,cached,False,
3251,RHEA:28414,encoded_general_reaction,valid,cached,False,
3252,RHEA:28418,encoded_general_reaction,valid,cached,False,
3253,RHEA:28422,encoded_general_reaction,valid,cached,False,
3254,RHEA:28426,encoded_general_reaction,valid,cached,False,
3255,RHEA:28430,encoded_general_reaction,valid,cached,False,
3256,RHEA:28434,encoded_general_reaction,valid,cached,False,
3257,RHEA:28438,encoded_general_reaction,valid,cached,False,
3258,RHEA:28442,encoded_general_reaction,valid,cached,False,
3259,RHEA:28502,encoded_general_reaction,valid,cached,False,
3260,RHEA:28514,encoded_general_reaction,valid,cached,False,
3261,RHEA:28518,encoded_general_reaction,valid,cached,False,
3262,RHEA:28522,encoded_general_reaction,valid,cached,False,
3263,RHEA:28526,encoded_general_reaction,valid,cached,False,
3264,RHEA:28530,encoded_general_reaction,valid,cached,False,
3265,RHEA:28534,encoded_general_reaction,valid,cached,False,
3266,RHEA:28542,encoded_general_reaction,valid,cached,False,
3267,RHEA:28602,encoded_general_reaction,valid,cached,False,
3268,RHEA:28606,encoded_general_reaction,valid,cached,False,
3269,RHEA:28610,encoded_general_reaction,valid,cached,False,
3270,RHEA:28635,copied_reference_feature,precomputed,precomputed,False,
3271,RHEA:28639,copied_reference_feature,precomputed,precomputed,False,
3272,RHEA:28643,copied_reference_feature,precomputed,precomputed,False,
3273,RHEA:28647,encoded_general_reaction,valid,cached,False,
3274,RHEA:28663,encoded_general_reaction,valid,cached,False,
3275,RHEA:28667,encoded_general_reaction,valid,cached,False,
3276,RHEA:28671,encoded_general_reaction,valid,cached,False,
3277,RHEA:28675,encoded_general_reaction,valid,cached,False,
3278,RHEA:28759,encoded_general_reaction,valid,cached,False,
3279,RHEA:28775,encoded_general_reaction,valid,cached,False,
3280,RHEA:28783,encoded_general_reaction,valid,cached,False,
3281,RHEA:28791,encoded_general_reaction,valid,cached,False,
3282,RHEA:28795,encoded_general_reaction,valid,cached,False,
3283,RHEA:28803,encoded_general_reaction,valid,cached,False,
3284,RHEA:28807,encoded_general_reaction,valid,cached,False,
3285,RHEA:28927,encoded_general_reaction,valid,cached,False,
3286,RHEA:28931,encoded_general_reaction,valid,cached,False,
3287,RHEA:28935,encoded_general_reaction,valid,cached,False,
3288,RHEA:29035,encoded_general_reaction,valid,cached,False,
3289,RHEA:29039,encoded_general_reaction,valid,cached,False,
3290,RHEA:29043,encoded_general_reaction,valid,cached,False,
3291,RHEA:29107,encoded_general_reaction,valid,cached,False,
3292,RHEA:29291,encoded_general_reaction,valid,cached,False,
3293,RHEA:29315,encoded_general_reaction,valid,cached,False,
3294,RHEA:29319,encoded_general_reaction,valid,cached,False,
3295,RHEA:29355,encoded_general_reaction,valid,cached,False,
3296,RHEA:29359,encoded_general_reaction,valid,cached,False,
3297,RHEA:29363,encoded_general_reaction,valid,cached,False,
3298,RHEA:29367,encoded_general_reaction,valid,cached,False,
3299,RHEA:29371,encoded_general_reaction,valid,cached,False,
3300,RHEA:29375,encoded_general_reaction,valid,cached,False,
3301,RHEA:29379,encoded_general_reaction,valid,cached,False,
3302,RHEA:29383,encoded_general_reaction,valid,cached,False,
3303,RHEA:29387,encoded_general_reaction,valid,cached,False,
3304,RHEA:29391,encoded_general_reaction,valid,cached,False,
3305,RHEA:29395,encoded_general_reaction,valid,cached,False,
3306,RHEA:29399,encoded_general_reaction,valid,cached,False,
3307,RHEA:29483,copied_reference_feature,precomputed,precomputed,False,
3308,RHEA:29487,copied_reference_feature,precomputed,precomputed,False,
3309,RHEA:29491,copied_reference_feature,precomputed,precomputed,False,
3310,RHEA:29495,copied_reference_feature,precomputed,precomputed,False,
3311,RHEA:29499,copied_reference_feature,precomputed,precomputed,False,
3312,RHEA:29503,copied_reference_feature,precomputed,precomputed,False,
3313,RHEA:29507,copied_reference_feature,precomputed,precomputed,False,
3314,RHEA:29511,copied_reference_feature,precomputed,precomputed,False,
3315,RHEA:29563,encoded_general_reaction,valid,cached,False,
3316,RHEA:29587,encoded_general_reaction,valid,cached,False,
3317,RHEA:29591,encoded_general_reaction,valid,cached,False,
3318,RHEA:29595,encoded_general_reaction,valid,cached,False,
3319,RHEA:29599,encoded_general_reaction,valid,cached,False,
3320,RHEA:29603,encoded_general_reaction,valid,cached,False,
3321,RHEA:29607,encoded_general_reaction,valid,cached,False,
3322,RHEA:29611,encoded_general_reaction,valid,cached,False,
3323,RHEA:29631,encoded_general_reaction,valid,cached,False,
3324,RHEA:29635,encoded_general_reaction,valid,cached,False,
3325,RHEA:29639,encoded_general_reaction,valid,cached,False,
3326,RHEA:29643,encoded_general_reaction,valid,cached,False,
3327,RHEA:29671,encoded_general_reaction,valid,cached,False,
3328,RHEA:29767,encoded_general_reaction,valid,cached,False,
3329,RHEA:29779,encoded_general_reaction,valid,cached,False,
3330,RHEA:29783,encoded_general_reaction,valid,cached,False,
3331,RHEA:29787,encoded_general_reaction,valid,cached,False,
3332,RHEA:29791,encoded_general_reaction,valid,cached,False,
3333,RHEA:29795,encoded_general_reaction,valid,cached,False,
3334,RHEA:29799,encoded_general_reaction,valid,cached,False,
3335,RHEA:29811,encoded_general_reaction,valid,cached,False,
3336,RHEA:29839,encoded_general_reaction,valid,cached,False,
3337,RHEA:29847,encoded_general_reaction,valid,cached,False,
3338,RHEA:29859,encoded_general_reaction,valid,cached,False,
3339,RHEA:29863,encoded_general_reaction,valid,cached,False,
3340,RHEA:29871,encoded_general_reaction,valid,cached,False,
3341,RHEA:29879,encoded_general_reaction,valid,cached,False,
3342,RHEA:29883,encoded_general_reaction,valid,cached,False,
3343,RHEA:29887,encoded_general_reaction,valid,cached,False,
3344,RHEA:29891,encoded_general_reaction,valid,cached,False,
3345,RHEA:29899,encoded_general_reaction,valid,cached,False,
3346,RHEA:29903,encoded_general_reaction,valid,cached,False,
3347,RHEA:29995,encoded_general_reaction,valid,cached,False,
3348,RHEA:29999,encoded_general_reaction,valid,cached,False,
3349,RHEA:30007,encoded_general_reaction,valid,cached,False,
3350,RHEA:30031,encoded_general_reaction,valid,cached,False,
3351,RHEA:30043,encoded_general_reaction,valid,cached,False,
3352,RHEA:30051,encoded_general_reaction,valid,cached,False,
3353,RHEA:30055,encoded_general_reaction,valid,cached,False,
3354,RHEA:30059,encoded_general_reaction,valid,cached,False,
3355,RHEA:30067,encoded_general_reaction,valid,cached,False,
3356,RHEA:30071,encoded_general_reaction,valid,cached,False,
3357,RHEA:30075,encoded_general_reaction,valid,cached,False,
3358,RHEA:30079,encoded_general_reaction,valid,cached,False,
3359,RHEA:30083,encoded_general_reaction,valid,cached,False,
3360,RHEA:30111,encoded_general_reaction,valid,cached,False,
3361,RHEA:30115,encoded_general_reaction,valid,cached,False,
3362,RHEA:30119,encoded_general_reaction,valid,cached,False,
3363,RHEA:30123,encoded_general_reaction,valid,cached,False,
3364,RHEA:30131,encoded_general_reaction,valid,cached,False,
3365,RHEA:30135,encoded_general_reaction,valid,cached,False,
3366,RHEA:30139,encoded_general_reaction,valid,cached,False,
3367,RHEA:30143,encoded_general_reaction,valid,cached,False,
3368,RHEA:30147,encoded_general_reaction,valid,cached,False,
3369,RHEA:30151,encoded_general_reaction,valid,cached,False,
3370,RHEA:30167,encoded_general_reaction,valid,cached,False,
3371,RHEA:30179,encoded_general_reaction,valid,cached,False,
3372,RHEA:30183,encoded_general_reaction,valid,cached,False,
3373,RHEA:30187,encoded_general_reaction,valid,cached,False,
3374,RHEA:30199,encoded_general_reaction,valid,cached,False,
3375,RHEA:30207,encoded_general_reaction,valid,cached,False,
3376,RHEA:30211,encoded_general_reaction,valid,cached,False,
3377,RHEA:30223,encoded_general_reaction,valid,cached,False,
3378,RHEA:30227,encoded_general_reaction,valid,cached,False,
3379,RHEA:30231,encoded_general_reaction,valid,cached,False,
3380,RHEA:30235,encoded_general_reaction,valid,cached,False,
3381,RHEA:30239,encoded_general_reaction,valid,cached,False,
3382,RHEA:30243,encoded_general_reaction,valid,cached,False,
3383,RHEA:30271,encoded_general_reaction,valid,cached,False,
3384,RHEA:30275,encoded_general_reaction,valid,cached,False,
3385,RHEA:30279,encoded_general_reaction,valid,cached,False,
3386,RHEA:30283,encoded_general_reaction,valid,cached,False,
3387,RHEA:30291,encoded_general_reaction,valid,cached,False,
3388,RHEA:30299,encoded_general_reaction,valid,cached,False,
3389,RHEA:30303,encoded_general_reaction,valid,cached,False,
3390,RHEA:30307,encoded_general_reaction,valid,cached,False,
3391,RHEA:30311,encoded_general_reaction,valid,cached,False,
3392,RHEA:30315,encoded_general_reaction,valid,cached,False,
3393,RHEA:30319,encoded_general_reaction,valid,cached,False,
3394,RHEA:30323,encoded_general_reaction,valid,cached,False,
3395,RHEA:30327,encoded_general_reaction,valid,cached,False,
3396,RHEA:30331,encoded_general_reaction,valid,cached,False,
3397,RHEA:30339,encoded_general_reaction,valid,cached,False,
3398,RHEA:30351,encoded_general_reaction,valid,cached,False,
3399,RHEA:30355,encoded_general_reaction,valid,cached,False,
3400,RHEA:30359,encoded_general_reaction,valid,cached,False,
3401,RHEA:30363,encoded_general_reaction,valid,cached,False,
3402,RHEA:30367,encoded_general_reaction,valid,cached,False,
3403,RHEA:30371,copied_reference_feature,precomputed,precomputed,False,
3404,RHEA:30375,copied_reference_feature,precomputed,precomputed,False,
3405,RHEA:30379,copied_reference_feature,precomputed,precomputed,False,
3406,RHEA:30383,copied_reference_feature,precomputed,precomputed,False,
3407,RHEA:30387,encoded_general_reaction,valid,cached,False,
3408,RHEA:30391,encoded_general_reaction,valid,cached,False,
3409,RHEA:30399,encoded_general_reaction,valid,cached,False,
3410,RHEA:30403,encoded_general_reaction,valid,cached,False,
3411,RHEA:30407,encoded_general_reaction,valid,cached,False,
3412,RHEA:30411,encoded_general_reaction,valid,cached,False,
3413,RHEA:30423,copied_reference_feature,precomputed,precomputed,False,
3414,RHEA:30427,copied_reference_feature,precomputed,precomputed,False,
3415,RHEA:30431,copied_reference_feature,precomputed,precomputed,False,
3416,RHEA:30435,encoded_general_reaction,valid,cached,False,
3417,RHEA:30439,encoded_general_reaction,valid,cached,False,
3418,RHEA:30443,encoded_general_reaction,valid,cached,False,
3419,RHEA:30447,encoded_general_reaction,valid,cached,False,
3420,RHEA:30451,copied_reference_feature,precomputed,precomputed,False,
3421,RHEA:30463,copied_reference_feature,precomputed,precomputed,False,
3422,RHEA:30467,copied_reference_feature,precomputed,precomputed,False,
3423,RHEA:30471,copied_reference_feature,precomputed,precomputed,False,
3424,RHEA:30515,encoded_general_reaction,valid,cached,False,
3425,RHEA:30519,encoded_general_reaction,valid,cached,False,
3426,RHEA:30523,encoded_general_reaction,valid,cached,False,
3427,RHEA:30527,encoded_general_reaction,valid,cached,False,
3428,RHEA:30547,encoded_general_reaction,valid,cached,False,
3429,RHEA:30555,encoded_general_reaction,valid,cached,False,
3430,RHEA:30563,encoded_general_reaction,valid,cached,False,
3431,RHEA:30567,encoded_general_reaction,valid,cached,False,
3432,RHEA:30571,encoded_general_reaction,valid,cached,False,
3433,RHEA:30591,encoded_general_reaction,valid,cached,False,
3434,RHEA:30595,encoded_general_reaction,valid,cached,False,
3435,RHEA:30599,encoded_general_reaction,valid,cached,False,
3436,RHEA:30603,encoded_general_reaction,valid,cached,False,
3437,RHEA:30607,encoded_general_reaction,valid,cached,False,
3438,RHEA:30611,encoded_general_reaction,valid,cached,False,
3439,RHEA:30615,encoded_general_reaction,valid,cached,False,
3440,RHEA:30619,encoded_general_reaction,valid,cached,False,
3441,RHEA:30623,encoded_general_reaction,valid,cached,False,
3442,RHEA:30627,encoded_general_reaction,valid,cached,False,
3443,RHEA:30631,encoded_general_reaction,valid,cached,False,
3444,RHEA:30639,encoded_general_reaction,valid,cached,False,
3445,RHEA:30643,encoded_general_reaction,valid,cached,False,
3446,RHEA:30647,encoded_general_reaction,valid,cached,False,
3447,RHEA:30675,copied_reference_feature,precomputed,precomputed,False,
3448,RHEA:30679,encoded_general_reaction,valid,cached,False,
3449,RHEA:30683,encoded_general_reaction,valid,cached,False,
3450,RHEA:30687,encoded_general_reaction,valid,cached,False,
3451,RHEA:30695,encoded_general_reaction,valid,cached,False,
3452,RHEA:30703,encoded_general_reaction,valid,cached,False,
3453,RHEA:30707,encoded_general_reaction,valid,cached,False,
3454,RHEA:30711,encoded_general_reaction,valid,cached,False,
3455,RHEA:30715,encoded_general_reaction,valid,cached,False,
3456,RHEA:30719,encoded_general_reaction,valid,cached,False,
3457,RHEA:30739,encoded_general_reaction,valid,cached,False,
3458,RHEA:30751,encoded_general_reaction,valid,cached,False,
3459,RHEA:30755,encoded_general_reaction,valid,cached,False,
3460,RHEA:30763,encoded_general_reaction,valid,cached,False,
3461,RHEA:30771,encoded_general_reaction,valid,cached,False,
3462,RHEA:30799,encoded_general_reaction,valid,cached,False,
3463,RHEA:30807,encoded_general_reaction,valid,cached,False,
3464,RHEA:30823,encoded_general_reaction,valid,cached,False,
3465,RHEA:30835,encoded_general_reaction,valid,cached,False,
3466,RHEA:30843,encoded_general_reaction,valid,cached,False,
3467,RHEA:30851,encoded_general_reaction,valid,cached,False,
3468,RHEA:30855,copied_reference_feature,precomputed,precomputed,False,
3469,RHEA:30871,encoded_general_reaction,valid,cached,False,
3470,RHEA:30891,encoded_general_reaction,valid,cached,False,
3471,RHEA:30899,encoded_general_reaction,valid,cached,False,
3472,RHEA:30903,encoded_general_reaction,valid,cached,False,
3473,RHEA:30919,encoded_general_reaction,valid,cached,False,
3474,RHEA:30923,encoded_general_reaction,valid,cached,False,
3475,RHEA:30927,encoded_general_reaction,valid,cached,False,
3476,RHEA:30931,encoded_general_reaction,valid,cached,False,
3477,RHEA:30947,copied_reference_feature,precomputed,precomputed,False,
3478,RHEA:30951,copied_reference_feature,precomputed,precomputed,False,
3479,RHEA:30955,encoded_general_reaction,valid,cached,False,
3480,RHEA:30967,encoded_general_reaction,valid,cached,False,
3481,RHEA:30971,encoded_general_reaction,valid,cached,False,
3482,RHEA:30975,encoded_general_reaction,valid,cached,False,
3483,RHEA:30979,encoded_general_reaction,valid,cached,False,
3484,RHEA:30983,encoded_general_reaction,valid,cached,False,
3485,RHEA:30987,copied_reference_feature,precomputed,precomputed,False,
3486,RHEA:30991,encoded_general_reaction,valid,cached,False,
3487,RHEA:30995,encoded_general_reaction,valid,cached,False,
3488,RHEA:30999,copied_reference_feature,precomputed,precomputed,False,
3489,RHEA:31003,copied_reference_feature,precomputed,precomputed,False,
3490,RHEA:31007,copied_reference_feature,precomputed,precomputed,False,
3491,RHEA:31011,copied_reference_feature,precomputed,precomputed,False,
3492,RHEA:31019,encoded_general_reaction,valid,cached,False,
3493,RHEA:31023,copied_reference_feature,precomputed,precomputed,False,
3494,RHEA:31031,encoded_general_reaction,valid,cached,False,
3495,RHEA:31035,copied_reference_feature,precomputed,precomputed,False,
3496,RHEA:31055,encoded_general_reaction,valid,cached,False,
3497,RHEA:31075,encoded_general_reaction,valid,cached,False,
3498,RHEA:31079,encoded_general_reaction,valid,cached,False,
3499,RHEA:31087,encoded_general_reaction,valid,cached,False,
3500,RHEA:31091,encoded_general_reaction,valid,cached,False,
3501,RHEA:31111,encoded_general_reaction,valid,cached,False,
3502,RHEA:31115,encoded_general_reaction,valid,cached,False,
3503,RHEA:31119,encoded_general_reaction,valid,cached,False,
3504,RHEA:31143,encoded_general_reaction,valid,cached,False,
3505,RHEA:31151,encoded_general_reaction,valid,cached,False,
3506,RHEA:31159,encoded_general_reaction,valid,cached,False,
3507,RHEA:31163,encoded_general_reaction,valid,cached,False,
3508,RHEA:31167,encoded_general_reaction,valid,cached,False,
3509,RHEA:31171,encoded_general_reaction,valid,cached,False,
3510,RHEA:31175,encoded_general_reaction,valid,cached,False,
3511,RHEA:31179,encoded_general_reaction,valid,cached,False,
3512,RHEA:31183,encoded_general_reaction,valid,cached,False,
3513,RHEA:31187,encoded_general_reaction,valid,cached,False,
3514,RHEA:31191,encoded_general_reaction,valid,cached,False,
3515,RHEA:31195,encoded_general_reaction,valid,cached,False,
3516,RHEA:31199,encoded_general_reaction,valid,cached,False,
3517,RHEA:31203,encoded_general_reaction,valid,cached,False,
3518,RHEA:31227,encoded_general_reaction,valid,cached,False,
3519,RHEA:31239,encoded_general_reaction,valid,cached,False,
3520,RHEA:31287,encoded_general_reaction,valid,cached,False,
3521,RHEA:31303,encoded_general_reaction,valid,cached,False,
3522,RHEA:31311,encoded_general_reaction,valid,cached,False,
3523,RHEA:31315,encoded_general_reaction,valid,cached,False,
3524,RHEA:31319,encoded_general_reaction,valid,cached,False,
3525,RHEA:31323,encoded_general_reaction,valid,cached,False,
3526,RHEA:31327,encoded_general_reaction,valid,cached,False,
3527,RHEA:31331,encoded_general_reaction,valid,cached,False,
3528,RHEA:31335,encoded_general_reaction,valid,cached,False,
3529,RHEA:31339,encoded_general_reaction,valid,cached,False,
3530,RHEA:31343,encoded_general_reaction,valid,cached,False,
3531,RHEA:31347,encoded_general_reaction,valid,cached,False,
3532,RHEA:31351,copied_reference_feature,precomputed,precomputed,False,
3533,RHEA:31355,encoded_general_reaction,valid,cached,False,
3534,RHEA:31359,encoded_general_reaction,valid,cached,False,
3535,RHEA:31367,encoded_general_reaction,valid,cached,False,
3536,RHEA:31371,encoded_general_reaction,valid,cached,False,
3537,RHEA:31375,encoded_general_reaction,valid,cached,False,
3538,RHEA:31379,encoded_general_reaction,valid,cached,False,
3539,RHEA:31383,copied_reference_feature,precomputed,precomputed,False,
3540,RHEA:31387,copied_reference_feature,precomputed,precomputed,False,
3541,RHEA:31391,encoded_general_reaction,valid,cached,False,
3542,RHEA:31415,copied_reference_feature,precomputed,precomputed,False,
3543,RHEA:31419,copied_reference_feature,precomputed,precomputed,False,
3544,RHEA:31423,copied_reference_feature,precomputed,precomputed,False,
3545,RHEA:31427,copied_reference_feature,precomputed,precomputed,False,
3546,RHEA:31431,copied_reference_feature,precomputed,precomputed,False,
3547,RHEA:31435,copied_reference_feature,precomputed,precomputed,False,
3548,RHEA:31439,copied_reference_feature,precomputed,precomputed,False,
3549,RHEA:31443,encoded_general_reaction,valid,cached,False,
3550,RHEA:31451,encoded_general_reaction,valid,cached,False,
3551,RHEA:31455,encoded_general_reaction,valid,cached,False,
3552,RHEA:31459,encoded_general_reaction,valid,cached,False,
3553,RHEA:31463,encoded_general_reaction,valid,cached,False,
3554,RHEA:31467,encoded_general_reaction,valid,cached,False,
3555,RHEA:31471,encoded_general_reaction,valid,cached,False,
3556,RHEA:31487,encoded_general_reaction,valid,cached,False,
3557,RHEA:31491,encoded_general_reaction,valid,cached,False,
3558,RHEA:31495,encoded_general_reaction,valid,cached,False,
3559,RHEA:31499,encoded_general_reaction,valid,cached,False,
3560,RHEA:31507,encoded_general_reaction,valid,cached,False,
3561,RHEA:31511,encoded_general_reaction,valid,cached,False,
3562,RHEA:31515,encoded_general_reaction,valid,cached,False,
3563,RHEA:31519,encoded_general_reaction,valid,cached,False,
3564,RHEA:31523,encoded_general_reaction,valid,cached,False,
3565,RHEA:31535,encoded_general_reaction,valid,cached,False,
3566,RHEA:31539,encoded_general_reaction,valid,cached,False,
3567,RHEA:31543,encoded_general_reaction,valid,cached,False,
3568,RHEA:31547,encoded_general_reaction,valid,cached,False,
3569,RHEA:31555,encoded_general_reaction,valid,cached,False,
3570,RHEA:31559,encoded_general_reaction,valid,cached,False,
3571,RHEA:31563,encoded_general_reaction,valid,cached,False,
3572,RHEA:31575,encoded_general_reaction,valid,cached,False,
3573,RHEA:31579,encoded_general_reaction,valid,cached,False,
3574,RHEA:31583,encoded_general_reaction,valid,cached,False,
3575,RHEA:31587,encoded_general_reaction,valid,cached,False,
3576,RHEA:31599,encoded_general_reaction,valid,cached,False,
3577,RHEA:31603,encoded_general_reaction,valid,cached,False,
3578,RHEA:31607,encoded_general_reaction,valid,cached,False,
3579,RHEA:31611,encoded_general_reaction,valid,cached,False,
3580,RHEA:31619,encoded_general_reaction,valid,cached,False,
3581,RHEA:31623,encoded_general_reaction,valid,cached,False,
3582,RHEA:31627,encoded_general_reaction,valid,cached,False,
3583,RHEA:31631,encoded_general_reaction,valid,cached,False,
3584,RHEA:31635,encoded_general_reaction,valid,cached,False,
3585,RHEA:31639,encoded_general_reaction,valid,cached,False,
3586,RHEA:31643,encoded_general_reaction,valid,cached,False,
3587,RHEA:31647,encoded_general_reaction,valid,cached,False,
3588,RHEA:31663,encoded_general_reaction,valid,cached,False,
3589,RHEA:31671,encoded_general_reaction,valid,cached,False,
3590,RHEA:31675,encoded_general_reaction,valid,cached,False,
3591,RHEA:31679,encoded_general_reaction,valid,cached,False,
3592,RHEA:31683,encoded_general_reaction,valid,cached,False,
3593,RHEA:31687,encoded_general_reaction,valid,cached,False,
3594,RHEA:31695,encoded_general_reaction,valid,cached,False,
3595,RHEA:31699,copied_reference_feature,precomputed,precomputed,False,
3596,RHEA:31711,encoded_general_reaction,valid,cached,False,
3597,RHEA:31715,encoded_general_reaction,valid,cached,False,
3598,RHEA:31719,encoded_general_reaction,valid,cached,False,
3599,RHEA:31723,encoded_general_reaction,valid,cached,False,
3600,RHEA:31727,encoded_general_reaction,valid,cached,False,
3601,RHEA:31731,encoded_general_reaction,valid,cached,False,
3602,RHEA:31735,encoded_general_reaction,valid,cached,False,
3603,RHEA:31739,encoded_general_reaction,valid,cached,False,
3604,RHEA:31743,encoded_general_reaction,valid,cached,False,
3605,RHEA:31747,encoded_general_reaction,valid,cached,False,
3606,RHEA:31755,encoded_general_reaction,valid,cached,False,
3607,RHEA:31759,encoded_general_reaction,valid,cached,False,
3608,RHEA:31763,encoded_general_reaction,valid,cached,False,
3609,RHEA:31767,encoded_general_reaction,valid,cached,False,
3610,RHEA:31771,encoded_general_reaction,valid,cached,False,
3611,RHEA:31775,encoded_general_reaction,valid,cached,False,
3612,RHEA:31779,encoded_general_reaction,valid,cached,False,
3613,RHEA:31783,encoded_general_reaction,valid,cached,False,
3614,RHEA:31787,encoded_general_reaction,valid,cached,False,
3615,RHEA:31791,encoded_general_reaction,valid,cached,False,
3616,RHEA:31795,copied_reference_feature,precomputed,precomputed,False,
3617,RHEA:31799,encoded_general_reaction,valid,cached,False,
3618,RHEA:31803,encoded_general_reaction,valid,cached,False,
3619,RHEA:31807,copied_reference_feature,precomputed,precomputed,False,
3620,RHEA:31811,copied_reference_feature,precomputed,precomputed,False,
3621,RHEA:31815,copied_reference_feature,precomputed,precomputed,False,
3622,RHEA:31819,copied_reference_feature,precomputed,precomputed,False,
3623,RHEA:31823,copied_reference_feature,precomputed,precomputed,False,
3624,RHEA:31827,copied_reference_feature,precomputed,precomputed,False,
3625,RHEA:31831,copied_reference_feature,precomputed,precomputed,False,
3626,RHEA:31835,encoded_general_reaction,valid,cached,False,
3627,RHEA:31843,encoded_general_reaction,valid,cached,False,
3628,RHEA:31847,copied_reference_feature,precomputed,precomputed,False,
3629,RHEA:31851,copied_reference_feature,precomputed,precomputed,False,
3630,RHEA:31855,copied_reference_feature,precomputed,precomputed,False,
3631,RHEA:31859,copied_reference_feature,precomputed,precomputed,False,
3632,RHEA:31863,copied_reference_feature,precomputed,precomputed,False,
3633,RHEA:31867,copied_reference_feature,precomputed,precomputed,False,
3634,RHEA:31871,copied_reference_feature,precomputed,precomputed,False,
3635,RHEA:31875,copied_reference_feature,precomputed,precomputed,False,
3636,RHEA:31879,copied_reference_feature,precomputed,precomputed,False,
3637,RHEA:31883,copied_reference_feature,precomputed,precomputed,False,
3638,RHEA:31887,copied_reference_feature,precomputed,precomputed,False,
3639,RHEA:31895,copied_reference_feature,precomputed,precomputed,False,
3640,RHEA:31899,encoded_general_reaction,valid,cached,False,
3641,RHEA:31907,encoded_general_reaction,valid,cached,False,
3642,RHEA:31911,encoded_general_reaction,valid,cached,False,
3643,RHEA:31915,encoded_general_reaction,valid,cached,False,
3644,RHEA:31919,encoded_general_reaction,valid,cached,False,
3645,RHEA:31927,encoded_general_reaction,valid,cached,False,
3646,RHEA:31943,encoded_general_reaction,valid,cached,False,
3647,RHEA:31951,encoded_general_reaction,valid,cached,False,
3648,RHEA:31967,encoded_general_reaction,valid,cached,False,
3649,RHEA:31971,encoded_general_reaction,valid,cached,False,
3650,RHEA:31975,encoded_general_reaction,valid,cached,False,
3651,RHEA:31979,encoded_general_reaction,valid,cached,False,
3652,RHEA:31987,copied_reference_feature,precomputed,precomputed,False,
3653,RHEA:31991,copied_reference_feature,precomputed,precomputed,False,
3654,RHEA:31995,copied_reference_feature,precomputed,precomputed,False,
3655,RHEA:31999,copied_reference_feature,precomputed,precomputed,False,
3656,RHEA:32003,copied_reference_feature,precomputed,precomputed,False,
3657,RHEA:32011,copied_reference_feature,precomputed,precomputed,False,
3658,RHEA:32015,copied_reference_feature,precomputed,precomputed,False,
3659,RHEA:32019,copied_reference_feature,precomputed,precomputed,False,
3660,RHEA:32023,copied_reference_feature,precomputed,precomputed,False,
3661,RHEA:32027,copied_reference_feature,precomputed,precomputed,False,
3662,RHEA:32031,copied_reference_feature,precomputed,precomputed,False,
3663,RHEA:32035,encoded_general_reaction,valid,cached,False,
3664,RHEA:32039,encoded_general_reaction,valid,cached,False,
3665,RHEA:32043,encoded_general_reaction,valid,cached,False,
3666,RHEA:32047,encoded_general_reaction,valid,cached,False,
3667,RHEA:32051,encoded_general_reaction,valid,cached,False,
3668,RHEA:32059,encoded_general_reaction,valid,cached,False,
3669,RHEA:32063,encoded_general_reaction,valid,cached,False,
3670,RHEA:32067,encoded_general_reaction,valid,cached,False,
3671,RHEA:32075,copied_reference_feature,precomputed,precomputed,False,
3672,RHEA:32083,encoded_general_reaction,valid,cached,False,
3673,RHEA:32091,encoded_general_reaction,valid,cached,False,
3674,RHEA:32095,encoded_general_reaction,valid,cached,False,
3675,RHEA:32099,encoded_general_reaction,valid,cached,False,
3676,RHEA:32103,encoded_general_reaction,valid,cached,False,
3677,RHEA:32111,encoded_general_reaction,valid,cached,False,
3678,RHEA:32115,encoded_general_reaction,valid,cached,False,
3679,RHEA:32119,encoded_general_reaction,valid,cached,False,
3680,RHEA:32123,encoded_general_reaction,valid,cached,False,
3681,RHEA:32127,encoded_general_reaction,valid,cached,False,
3682,RHEA:32131,encoded_general_reaction,valid,cached,False,
3683,RHEA:32139,encoded_general_reaction,valid,cached,False,
3684,RHEA:32151,copied_reference_feature,precomputed,precomputed,False,
3685,RHEA:32155,encoded_general_reaction,valid,cached,False,
3686,RHEA:32159,encoded_general_reaction,valid,cached,False,
3687,RHEA:32163,encoded_general_reaction,valid,cached,False,
3688,RHEA:32167,encoded_general_reaction,valid,cached,False,
3689,RHEA:32171,encoded_general_reaction,valid,cached,False,
3690,RHEA:32175,encoded_general_reaction,valid,cached,False,
3691,RHEA:32183,encoded_general_reaction,valid,cached,False,
3692,RHEA:32187,encoded_general_reaction,valid,cached,False,
3693,RHEA:32199,encoded_general_reaction,valid,cached,False,
3694,RHEA:32215,encoded_general_reaction,valid,cached,False,
3695,RHEA:32219,encoded_general_reaction,valid,cached,False,
3696,RHEA:32223,encoded_general_reaction,valid,cached,False,
3697,RHEA:32227,encoded_general_reaction,valid,cached,False,
3698,RHEA:32231,encoded_general_reaction,valid,cached,False,
3699,RHEA:32235,encoded_general_reaction,valid,cached,False,
3700,RHEA:32239,encoded_general_reaction,valid,cached,False,
3701,RHEA:32243,encoded_general_reaction,valid,cached,False,
3702,RHEA:32259,encoded_general_reaction,valid,cached,False,
3703,RHEA:32263,encoded_general_reaction,valid,cached,False,
3704,RHEA:32267,encoded_general_reaction,valid,cached,False,
3705,RHEA:32271,encoded_general_reaction,valid,cached,False,
3706,RHEA:32275,encoded_general_reaction,valid,cached,False,
3707,RHEA:32287,encoded_general_reaction,valid,cached,False,
3708,RHEA:32295,copied_reference_feature,precomputed,precomputed,False,
3709,RHEA:32299,copied_reference_feature,precomputed,precomputed,False,
3710,RHEA:32303,encoded_general_reaction,valid,cached,False,
3711,RHEA:32307,encoded_general_reaction,valid,cached,False,
3712,RHEA:32311,encoded_general_reaction,valid,cached,False,
3713,RHEA:32323,encoded_general_reaction,valid,cached,False,
3714,RHEA:32327,copied_reference_feature,precomputed,precomputed,False,
3715,RHEA:32347,encoded_general_reaction,valid,cached,False,
3716,RHEA:32351,encoded_general_reaction,valid,cached,False,
3717,RHEA:32359,encoded_general_reaction,valid,cached,False,
3718,RHEA:32363,encoded_general_reaction,valid,cached,False,
3719,RHEA:32367,encoded_general_reaction,valid,cached,False,
3720,RHEA:32371,encoded_general_reaction,valid,cached,False,
3721,RHEA:32431,encoded_general_reaction,valid,cached,False,
3722,RHEA:32439,copied_reference_feature,precomputed,precomputed,False,
3723,RHEA:32443,encoded_general_reaction,valid,cached,False,
3724,RHEA:32455,encoded_general_reaction,valid,cached,False,
3725,RHEA:32459,encoded_general_reaction,valid,cached,False,
3726,RHEA:32463,encoded_general_reaction,valid,cached,False,
3727,RHEA:32467,encoded_general_reaction,valid,cached,False,
3728,RHEA:32479,encoded_general_reaction,valid,cached,False,
3729,RHEA:32483,encoded_general_reaction,valid,cached,False,
3730,RHEA:32487,encoded_general_reaction,valid,cached,False,
3731,RHEA:32491,encoded_general_reaction,valid,cached,False,
3732,RHEA:32495,encoded_general_reaction,valid,cached,False,
3733,RHEA:32507,encoded_general_reaction,valid,cached,False,
3734,RHEA:32519,encoded_general_reaction,valid,cached,False,
3735,RHEA:32523,encoded_general_reaction,valid,cached,False,
3736,RHEA:32527,encoded_general_reaction,valid,cached,False,
3737,RHEA:32531,encoded_general_reaction,valid,cached,False,
3738,RHEA:32535,encoded_general_reaction,valid,cached,False,
3739,RHEA:32539,copied_reference_feature,precomputed,precomputed,False,
3740,RHEA:32543,copied_reference_feature,precomputed,precomputed,False,
3741,RHEA:32547,copied_reference_feature,precomputed,precomputed,False,
3742,RHEA:32551,copied_reference_feature,precomputed,precomputed,False,
3743,RHEA:32555,copied_reference_feature,precomputed,precomputed,False,
3744,RHEA:32559,copied_reference_feature,precomputed,precomputed,False,
3745,RHEA:32563,copied_reference_feature,precomputed,precomputed,False,
3746,RHEA:32567,copied_reference_feature,precomputed,precomputed,False,
3747,RHEA:32571,copied_reference_feature,precomputed,precomputed,False,
3748,RHEA:32575,copied_reference_feature,precomputed,precomputed,False,
3749,RHEA:32579,copied_reference_feature,precomputed,precomputed,False,
3750,RHEA:32595,encoded_general_reaction,valid,cached,False,
3751,RHEA:32619,encoded_general_reaction,valid,cached,False,
3752,RHEA:32623,encoded_general_reaction,valid,cached,False,
3753,RHEA:32627,encoded_general_reaction,valid,cached,False,
3754,RHEA:32631,encoded_general_reaction,valid,cached,False,
3755,RHEA:32635,encoded_general_reaction,valid,cached,False,
3756,RHEA:32643,encoded_general_reaction,valid,cached,False,
3757,RHEA:32647,encoded_general_reaction,valid,cached,False,
3758,RHEA:32651,encoded_general_reaction,valid,cached,False,
3759,RHEA:32655,encoded_general_reaction,valid,cached,False,
3760,RHEA:32659,encoded_general_reaction,valid,cached,False,
3761,RHEA:32663,encoded_general_reaction,valid,cached,False,
3762,RHEA:32667,encoded_general_reaction,valid,cached,False,
3763,RHEA:32671,encoded_general_reaction,valid,cached,False,
3764,RHEA:32675,encoded_general_reaction,valid,cached,False,
3765,RHEA:32679,copied_reference_feature,precomputed,precomputed,False,
3766,RHEA:32683,encoded_general_reaction,valid,cached,False,
3767,RHEA:32687,copied_reference_feature,precomputed,precomputed,False,
3768,RHEA:32691,copied_reference_feature,precomputed,precomputed,False,
3769,RHEA:32699,copied_reference_feature,precomputed,precomputed,False,
3770,RHEA:32703,copied_reference_feature,precomputed,precomputed,False,
3771,RHEA:32711,encoded_general_reaction,valid,cached,False,
3772,RHEA:32715,encoded_general_reaction,valid,cached,False,
3773,RHEA:32719,encoded_general_reaction,valid,cached,False,
3774,RHEA:32723,encoded_general_reaction,valid,cached,False,
3775,RHEA:32727,encoded_general_reaction,valid,cached,False,
3776,RHEA:32731,encoded_general_reaction,valid,cached,False,
3777,RHEA:32735,encoded_general_reaction,valid,cached,False,
3778,RHEA:32739,encoded_general_reaction,valid,cached,False,
3779,RHEA:32743,encoded_general_reaction,valid,cached,False,
3780,RHEA:32759,encoded_general_reaction,valid,cached,False,
3781,RHEA:32763,encoded_general_reaction,valid,cached,False,
3782,RHEA:32767,encoded_general_reaction,valid,cached,False,
3783,RHEA:32779,encoded_general_reaction,valid,cached,False,
3784,RHEA:32783,encoded_general_reaction,valid,cached,False,
3785,RHEA:32859,encoded_general_reaction,valid,cached,False,
3786,RHEA:32879,encoded_general_reaction,valid,cached,False,
3787,RHEA:32883,encoded_general_reaction,valid,cached,False,
3788,RHEA:32887,encoded_general_reaction,valid,cached,False,
3789,RHEA:32895,encoded_general_reaction,valid,cached,False,
3790,RHEA:32899,encoded_general_reaction,valid,cached,False,
3791,RHEA:32903,encoded_general_reaction,valid,cached,False,
3792,RHEA:32907,encoded_general_reaction,valid,cached,False,
3793,RHEA:32919,encoded_general_reaction,valid,cached,False,
3794,RHEA:32927,encoded_general_reaction,valid,cached,False,
3795,RHEA:32931,encoded_general_reaction,valid,cached,False,
3796,RHEA:32935,encoded_general_reaction,valid,cached,False,
3797,RHEA:32939,encoded_general_reaction,valid,cached,False,
3798,RHEA:32943,encoded_general_reaction,valid,cached,False,
3799,RHEA:32947,encoded_general_reaction,valid,cached,False,
3800,RHEA:32955,encoded_general_reaction,valid,cached,False,
3801,RHEA:32963,encoded_general_reaction,valid,cached,False,
3802,RHEA:32967,encoded_general_reaction,valid,cached,False,
3803,RHEA:32975,encoded_general_reaction,valid,cached,False,
3804,RHEA:32979,encoded_general_reaction,valid,cached,False,
3805,RHEA:32983,encoded_general_reaction,valid,cached,False,
3806,RHEA:32987,encoded_general_reaction,valid,cached,False,
3807,RHEA:32995,encoded_general_reaction,valid,cached,False,
3808,RHEA:32999,encoded_general_reaction,valid,cached,False,
3809,RHEA:33015,encoded_general_reaction,valid,cached,False,
3810,RHEA:33019,encoded_general_reaction,valid,cached,False,
3811,RHEA:33023,encoded_general_reaction,valid,cached,False,
3812,RHEA:33027,encoded_general_reaction,valid,cached,False,
3813,RHEA:33031,encoded_general_reaction,valid,cached,False,
3814,RHEA:33035,encoded_general_reaction,valid,cached,False,
3815,RHEA:33039,encoded_general_reaction,valid,cached,False,
3816,RHEA:33051,encoded_general_reaction,valid,cached,False,
3817,RHEA:33063,encoded_general_reaction,valid,cached,False,
3818,RHEA:33067,encoded_general_reaction,valid,cached,False,
3819,RHEA:33071,encoded_general_reaction,valid,cached,False,
3820,RHEA:33075,encoded_general_reaction,valid,cached,False,
3821,RHEA:33079,encoded_general_reaction,valid,cached,False,
3822,RHEA:33083,encoded_general_reaction,valid,cached,False,
3823,RHEA:33099,encoded_general_reaction,valid,cached,False,
3824,RHEA:33103,copied_reference_feature,precomputed,precomputed,False,
3825,RHEA:33107,copied_reference_feature,precomputed,precomputed,False,
3826,RHEA:33111,copied_reference_feature,precomputed,precomputed,False,
3827,RHEA:33119,copied_reference_feature,precomputed,precomputed,False,
3828,RHEA:33123,copied_reference_feature,precomputed,precomputed,False,
3829,RHEA:33147,encoded_general_reaction,valid,cached,False,
3830,RHEA:33155,encoded_general_reaction,valid,cached,False,
3831,RHEA:33159,encoded_general_reaction,valid,cached,False,
3832,RHEA:33179,encoded_general_reaction,valid,cached,False,
3833,RHEA:33187,encoded_general_reaction,valid,cached,False,
3834,RHEA:33191,encoded_general_reaction,valid,cached,False,
3835,RHEA:33195,encoded_general_reaction,valid,cached,False,
3836,RHEA:33199,encoded_general_reaction,valid,cached,False,
3837,RHEA:33203,encoded_general_reaction,valid,cached,False,
3838,RHEA:33219,encoded_general_reaction,valid,cached,False,
3839,RHEA:33227,encoded_general_reaction,valid,cached,False,
3840,RHEA:33235,encoded_general_reaction,valid,cached,False,
3841,RHEA:33263,encoded_general_reaction,valid,cached,False,
3842,RHEA:33275,encoded_general_reaction,valid,cached,False,
3843,RHEA:33279,encoded_general_reaction,valid,cached,False,
3844,RHEA:33291,encoded_general_reaction,valid,cached,False,
3845,RHEA:33295,encoded_general_reaction,valid,cached,False,
3846,RHEA:33299,encoded_general_reaction,valid,cached,False,
3847,RHEA:33307,encoded_general_reaction,valid,cached,False,
3848,RHEA:33315,encoded_general_reaction,valid,cached,False,
3849,RHEA:33335,encoded_general_reaction,valid,cached,False,
3850,RHEA:33339,encoded_general_reaction,valid,cached,False,
3851,RHEA:33351,encoded_general_reaction,valid,cached,False,
3852,RHEA:33359,encoded_general_reaction,valid,cached,False,
3853,RHEA:33363,encoded_general_reaction,valid,cached,False,
3854,RHEA:33367,encoded_general_reaction,valid,cached,False,
3855,RHEA:33371,encoded_general_reaction,valid,cached,False,
3856,RHEA:33375,encoded_general_reaction,valid,cached,False,
3857,RHEA:33383,encoded_general_reaction,valid,cached,False,
3858,RHEA:33387,encoded_general_reaction,valid,cached,False,
3859,RHEA:33399,encoded_general_reaction,valid,cached,False,
3860,RHEA:33411,encoded_general_reaction,valid,cached,False,
3861,RHEA:33415,encoded_general_reaction,valid,cached,False,
3862,RHEA:33423,encoded_general_reaction,valid,cached,False,
3863,RHEA:33431,encoded_general_reaction,valid,cached,False,
3864,RHEA:33435,encoded_general_reaction,valid,cached,False,
3865,RHEA:33439,encoded_general_reaction,valid,cached,False,
3866,RHEA:33447,encoded_general_reaction,valid,cached,False,
3867,RHEA:33455,encoded_general_reaction,valid,cached,False,
3868,RHEA:33459,encoded_general_reaction,valid,cached,False,
3869,RHEA:33467,encoded_general_reaction,valid,cached,False,
3870,RHEA:33475,encoded_general_reaction,valid,cached,False,
3871,RHEA:33479,encoded_general_reaction,valid,cached,False,
3872,RHEA:33483,encoded_general_reaction,valid,cached,False,
3873,RHEA:33495,encoded_general_reaction,valid,cached,False,
3874,RHEA:33499,encoded_general_reaction,valid,cached,False,
3875,RHEA:33507,encoded_general_reaction,valid,cached,False,
3876,RHEA:33519,encoded_general_reaction,valid,cached,False,
3877,RHEA:33551,encoded_general_reaction,valid,cached,False,
3878,RHEA:33555,encoded_general_reaction,valid,cached,False,
3879,RHEA:33559,encoded_general_reaction,valid,cached,False,
3880,RHEA:33563,encoded_general_reaction,valid,cached,False,
3881,RHEA:33567,encoded_general_reaction,valid,cached,False,
3882,RHEA:33571,encoded_general_reaction,valid,cached,False,
3883,RHEA:33579,encoded_general_reaction,valid,cached,False,
3884,RHEA:33583,encoded_general_reaction,valid,cached,False,
3885,RHEA:33587,encoded_general_reaction,valid,cached,False,
3886,RHEA:33591,encoded_general_reaction,valid,cached,False,
3887,RHEA:33595,encoded_general_reaction,valid,cached,False,
3888,RHEA:33607,encoded_general_reaction,valid,cached,False,
3889,RHEA:33611,encoded_general_reaction,valid,cached,False,
3890,RHEA:33615,encoded_general_reaction,valid,cached,False,
3891,RHEA:33619,encoded_general_reaction,valid,cached,False,
3892,RHEA:33623,encoded_general_reaction,valid,cached,False,
3893,RHEA:33627,encoded_general_reaction,valid,cached,False,
3894,RHEA:33631,encoded_general_reaction,valid,cached,False,
3895,RHEA:33639,encoded_general_reaction,valid,cached,False,
3896,RHEA:33643,encoded_general_reaction,valid,cached,False,
3897,RHEA:33647,encoded_general_reaction,valid,cached,False,
3898,RHEA:33651,encoded_general_reaction,valid,cached,False,
3899,RHEA:33655,encoded_general_reaction,valid,cached,False,
3900,RHEA:33663,encoded_general_reaction,valid,cached,False,
3901,RHEA:33683,encoded_general_reaction,valid,cached,False,
3902,RHEA:33687,encoded_general_reaction,valid,cached,False,
3903,RHEA:33707,encoded_general_reaction,valid,cached,False,
3904,RHEA:33711,encoded_general_reaction,valid,cached,False,
3905,RHEA:33731,encoded_general_reaction,valid,cached,False,
3906,RHEA:33739,encoded_general_reaction,valid,cached,False,
3907,RHEA:33743,encoded_general_reaction,valid,cached,False,
3908,RHEA:33747,encoded_general_reaction,valid,cached,False,
3909,RHEA:33751,encoded_general_reaction,valid,cached,False,
3910,RHEA:33755,encoded_general_reaction,valid,cached,False,
3911,RHEA:33763,encoded_general_reaction,valid,cached,False,
3912,RHEA:33771,encoded_general_reaction,valid,cached,False,
3913,RHEA:33775,encoded_general_reaction,valid,cached,False,
3914,RHEA:33807,encoded_general_reaction,valid,cached,False,
3915,RHEA:33815,encoded_general_reaction,valid,cached,False,
3916,RHEA:33819,encoded_general_reaction,valid,cached,False,
3917,RHEA:33839,encoded_general_reaction,valid,cached,False,
3918,RHEA:33859,encoded_general_reaction,valid,cached,False,
3919,RHEA:33867,encoded_general_reaction,valid,cached,False,
3920,RHEA:33875,encoded_general_reaction,valid,cached,False,
3921,RHEA:33879,encoded_general_reaction,valid,cached,False,
3922,RHEA:33883,encoded_general_reaction,valid,cached,False,
3923,RHEA:33887,encoded_general_reaction,valid,cached,False,
3924,RHEA:33891,encoded_general_reaction,valid,cached,False,
3925,RHEA:33895,encoded_general_reaction,valid,cached,False,
3926,RHEA:33899,encoded_general_reaction,valid,cached,False,
3927,RHEA:33907,encoded_general_reaction,valid,cached,False,
3928,RHEA:33915,encoded_general_reaction,valid,cached,False,
3929,RHEA:33919,encoded_general_reaction,valid,cached,False,
3930,RHEA:33927,encoded_general_reaction,valid,cached,False,
3931,RHEA:33931,encoded_general_reaction,valid,cached,False,
3932,RHEA:33947,encoded_general_reaction,valid,cached,False,
3933,RHEA:33951,encoded_general_reaction,valid,cached,False,
3934,RHEA:33955,encoded_general_reaction,valid,cached,False,
3935,RHEA:33959,encoded_general_reaction,valid,cached,False,
3936,RHEA:33963,encoded_general_reaction,valid,cached,False,
3937,RHEA:33967,encoded_general_reaction,valid,cached,False,
3938,RHEA:33971,encoded_general_reaction,valid,cached,False,
3939,RHEA:33975,encoded_general_reaction,valid,cached,False,
3940,RHEA:33979,encoded_general_reaction,valid,cached,False,
3941,RHEA:33983,copied_reference_feature,precomputed,precomputed,False,
3942,RHEA:33987,copied_reference_feature,precomputed,precomputed,False,
3943,RHEA:33991,copied_reference_feature,precomputed,precomputed,False,
3944,RHEA:33995,encoded_general_reaction,valid,cached,False,
3945,RHEA:33999,encoded_general_reaction,valid,cached,False,
3946,RHEA:34019,encoded_general_reaction,valid,cached,False,
3947,RHEA:34023,encoded_general_reaction,valid,cached,False,
3948,RHEA:34027,encoded_general_reaction,valid,cached,False,
3949,RHEA:34031,encoded_general_reaction,valid,cached,False,
3950,RHEA:34035,encoded_general_reaction,valid,cached,False,
3951,RHEA:34039,encoded_general_reaction,valid,cached,False,
3952,RHEA:34043,encoded_general_reaction,valid,cached,False,
3953,RHEA:34047,encoded_general_reaction,valid,cached,False,
3954,RHEA:34051,encoded_general_reaction,valid,cached,False,
3955,RHEA:34055,encoded_general_reaction,valid,cached,False,
3956,RHEA:34059,encoded_general_reaction,valid,cached,False,
3957,RHEA:34063,encoded_general_reaction,valid,cached,False,
3958,RHEA:34067,encoded_general_reaction,valid,cached,False,
3959,RHEA:34071,encoded_general_reaction,valid,cached,False,
3960,RHEA:34075,encoded_general_reaction,valid,cached,False,
3961,RHEA:34091,encoded_general_reaction,valid,cached,False,
3962,RHEA:34095,encoded_general_reaction,valid,cached,False,
3963,RHEA:34099,encoded_general_reaction,valid,cached,False,
3964,RHEA:34103,encoded_general_reaction,valid,cached,False,
3965,RHEA:34111,encoded_general_reaction,valid,cached,False,
3966,RHEA:34115,encoded_general_reaction,valid,cached,False,
3967,RHEA:34119,encoded_general_reaction,valid,cached,False,
3968,RHEA:34123,encoded_general_reaction,valid,cached,False,
3969,RHEA:34127,encoded_general_reaction,valid,cached,False,
3970,RHEA:34135,encoded_general_reaction,valid,cached,False,
3971,RHEA:34147,encoded_general_reaction,valid,cached,False,
3972,RHEA:34151,encoded_general_reaction,valid,cached,False,
3973,RHEA:34155,encoded_general_reaction,valid,cached,False,
3974,RHEA:34159,encoded_general_reaction,valid,cached,False,
3975,RHEA:34163,encoded_general_reaction,valid,cached,False,
3976,RHEA:34167,encoded_general_reaction,valid,cached,False,
3977,RHEA:34171,encoded_general_reaction,valid,cached,False,
3978,RHEA:34175,encoded_general_reaction,valid,cached,False,
3979,RHEA:34179,encoded_general_reaction,valid,cached,False,
3980,RHEA:34183,encoded_general_reaction,valid,cached,False,
3981,RHEA:34187,encoded_general_reaction,valid,cached,False,
3982,RHEA:34191,encoded_general_reaction,valid,cached,False,
3983,RHEA:34195,encoded_general_reaction,valid,cached,False,
3984,RHEA:34199,encoded_general_reaction,valid,cached,False,
3985,RHEA:34203,encoded_general_reaction,valid,cached,False,
3986,RHEA:34207,encoded_general_reaction,valid,cached,False,
3987,RHEA:34211,encoded_general_reaction,valid,cached,False,
3988,RHEA:34215,encoded_general_reaction,valid,cached,False,
3989,RHEA:34219,encoded_general_reaction,valid,cached,False,
3990,RHEA:34223,encoded_general_reaction,valid,cached,False,
3991,RHEA:34227,encoded_general_reaction,valid,cached,False,
3992,RHEA:34239,encoded_general_reaction,valid,cached,False,
3993,RHEA:34243,encoded_general_reaction,valid,cached,False,
3994,RHEA:34255,copied_reference_feature,precomputed,precomputed,False,
3995,RHEA:34259,encoded_general_reaction,valid,cached,False,
3996,RHEA:34263,encoded_general_reaction,valid,cached,False,
3997,RHEA:34267,encoded_general_reaction,valid,cached,False,
3998,RHEA:34271,encoded_general_reaction,valid,cached,False,
3999,RHEA:34275,encoded_general_reaction,valid,cached,False,
4000,RHEA:34287,encoded_general_reaction,valid,cached,False,
4001,RHEA:34291,encoded_general_reaction,valid,cached,False,
4002,RHEA:34295,encoded_general_reaction,valid,cached,False,
4003,RHEA:34299,encoded_general_reaction,valid,cached,False,
4004,RHEA:34303,encoded_general_reaction,valid,cached,False,
4005,RHEA:34307,encoded_general_reaction,valid,cached,False,
4006,RHEA:34311,encoded_general_reaction,valid,cached,False,
4007,RHEA:34327,encoded_general_reaction,valid,cached,False,
4008,RHEA:34331,encoded_general_reaction,valid,cached,False,
4009,RHEA:34335,encoded_general_reaction,valid,cached,False,
4010,RHEA:34339,encoded_general_reaction,valid,cached,False,
4011,RHEA:34343,encoded_general_reaction,valid,cached,False,
4012,RHEA:34347,encoded_general_reaction,valid,cached,False,
4013,RHEA:34351,encoded_general_reaction,valid,cached,False,
4014,RHEA:34363,encoded_general_reaction,valid,cached,False,
4015,RHEA:34371,encoded_general_reaction,valid,cached,False,
4016,RHEA:34379,encoded_general_reaction,valid,cached,False,
4017,RHEA:34391,encoded_general_reaction,valid,cached,False,
4018,RHEA:34395,encoded_general_reaction,valid,cached,False,
4019,RHEA:34399,encoded_general_reaction,valid,cached,False,
4020,RHEA:34403,encoded_general_reaction,valid,cached,False,
4021,RHEA:34407,encoded_general_reaction,valid,cached,False,
4022,RHEA:34411,encoded_general_reaction,valid,cached,False,
4023,RHEA:34415,encoded_general_reaction,valid,cached,False,
4024,RHEA:34419,encoded_general_reaction,valid,cached,False,
4025,RHEA:34423,encoded_general_reaction,valid,cached,False,
4026,RHEA:34427,encoded_general_reaction,valid,cached,False,
4027,RHEA:34431,encoded_general_reaction,valid,cached,False,
4028,RHEA:34435,encoded_general_reaction,valid,cached,False,
4029,RHEA:34443,encoded_general_reaction,valid,cached,False,
4030,RHEA:34447,encoded_general_reaction,valid,cached,False,
4031,RHEA:34451,encoded_general_reaction,valid,cached,False,
4032,RHEA:34455,encoded_general_reaction,valid,cached,False,
4033,RHEA:34459,copied_reference_feature,precomputed,precomputed,False,
4034,RHEA:34463,copied_reference_feature,precomputed,precomputed,False,
4035,RHEA:34467,copied_reference_feature,precomputed,precomputed,False,
4036,RHEA:34471,encoded_general_reaction,valid,cached,False,
4037,RHEA:34475,encoded_general_reaction,valid,cached,False,
4038,RHEA:34483,encoded_general_reaction,valid,cached,False,
4039,RHEA:34487,encoded_general_reaction,valid,cached,False,
4040,RHEA:34491,encoded_general_reaction,valid,cached,False,
4041,RHEA:34495,encoded_general_reaction,valid,cached,False,
4042,RHEA:34499,encoded_general_reaction,valid,cached,False,
4043,RHEA:34503,copied_reference_feature,precomputed,precomputed,False,
4044,RHEA:34507,encoded_general_reaction,valid,cached,False,
4045,RHEA:34511,encoded_general_reaction,valid,cached,False,
4046,RHEA:34515,encoded_general_reaction,valid,cached,False,
4047,RHEA:34519,encoded_general_reaction,valid,cached,False,
4048,RHEA:34523,encoded_general_reaction,valid,cached,False,
4049,RHEA:34531,encoded_general_reaction,valid,cached,False,
4050,RHEA:34539,encoded_general_reaction,valid,cached,False,
4051,RHEA:34543,encoded_general_reaction,valid,cached,False,
4052,RHEA:34555,encoded_general_reaction,valid,cached,False,
4053,RHEA:34559,encoded_general_reaction,valid,cached,False,
4054,RHEA:34563,encoded_general_reaction,valid,cached,False,
4055,RHEA:34567,encoded_general_reaction,valid,cached,False,
4056,RHEA:34571,encoded_general_reaction,valid,cached,False,
4057,RHEA:34575,encoded_general_reaction,valid,cached,False,
4058,RHEA:34579,encoded_general_reaction,valid,cached,False,
4059,RHEA:34591,encoded_general_reaction,valid,cached,False,
4060,RHEA:34603,encoded_general_reaction,valid,cached,False,
4061,RHEA:34607,encoded_general_reaction,valid,cached,False,
4062,RHEA:34611,encoded_general_reaction,valid,cached,False,
4063,RHEA:34615,encoded_general_reaction,valid,cached,False,
4064,RHEA:34619,encoded_general_reaction,valid,cached,False,
4065,RHEA:34627,encoded_general_reaction,valid,cached,False,
4066,RHEA:34631,encoded_general_reaction,valid,cached,False,
4067,RHEA:34635,encoded_general_reaction,valid,cached,False,
4068,RHEA:34639,encoded_general_reaction,valid,cached,False,
4069,RHEA:34643,encoded_general_reaction,valid,cached,False,
4070,RHEA:34655,encoded_general_reaction,valid,cached,False,
4071,RHEA:34675,encoded_general_reaction,valid,cached,False,
4072,RHEA:34679,encoded_general_reaction,valid,cached,False,
4073,RHEA:34683,encoded_general_reaction,valid,cached,False,
4074,RHEA:34691,encoded_general_reaction,valid,cached,False,
4075,RHEA:34695,copied_reference_feature,precomputed,precomputed,False,
4076,RHEA:34699,copied_reference_feature,precomputed,precomputed,False,
4077,RHEA:34703,copied_reference_feature,precomputed,precomputed,False,
4078,RHEA:34707,encoded_general_reaction,valid,cached,False,
4079,RHEA:34719,encoded_general_reaction,valid,cached,False,
4080,RHEA:34735,encoded_general_reaction,valid,cached,False,
4081,RHEA:34739,encoded_general_reaction,valid,cached,False,
4082,RHEA:34743,encoded_general_reaction,valid,cached,False,
4083,RHEA:34759,encoded_general_reaction,valid,cached,False,
4084,RHEA:34767,encoded_general_reaction,valid,cached,False,
4085,RHEA:34771,encoded_general_reaction,valid,cached,False,
4086,RHEA:34775,encoded_general_reaction,valid,cached,False,
4087,RHEA:34779,encoded_general_reaction,valid,cached,False,
4088,RHEA:34783,encoded_general_reaction,valid,cached,False,
4089,RHEA:34787,encoded_general_reaction,valid,cached,False,
4090,RHEA:34791,encoded_general_reaction,valid,cached,False,
4091,RHEA:34795,encoded_general_reaction,valid,cached,False,
4092,RHEA:34799,encoded_general_reaction,valid,cached,False,
4093,RHEA:34803,encoded_general_reaction,valid,cached,False,
4094,RHEA:34807,encoded_general_reaction,valid,cached,False,
4095,RHEA:34811,encoded_general_reaction,valid,cached,False,
4096,RHEA:34815,encoded_general_reaction,valid,cached,False,
4097,RHEA:34819,encoded_general_reaction,valid,cached,False,
4098,RHEA:34823,encoded_general_reaction,valid,cached,False,
4099,RHEA:34839,encoded_general_reaction,valid,cached,False,
4100,RHEA:34847,encoded_general_reaction,valid,cached,False,
4101,RHEA:34851,encoded_general_reaction,valid,cached,False,
4102,RHEA:34935,encoded_general_reaction,valid,cached,False,
4103,RHEA:34947,encoded_general_reaction,valid,cached,False,
4104,RHEA:35027,encoded_general_reaction,valid,cached,False,
4105,RHEA:35047,encoded_general_reaction,valid,cached,False,
4106,RHEA:35055,encoded_general_reaction,valid,cached,False,
4107,RHEA:35063,encoded_general_reaction,valid,cached,False,
4108,RHEA:35083,encoded_general_reaction,valid,cached,False,
4109,RHEA:35091,encoded_general_reaction,valid,cached,False,
4110,RHEA:35095,encoded_general_reaction,valid,cached,False,
4111,RHEA:35111,encoded_general_reaction,valid,cached,False,
4112,RHEA:35115,encoded_general_reaction,valid,cached,False,
4113,RHEA:35119,encoded_general_reaction,valid,cached,False,
4114,RHEA:35139,encoded_general_reaction,valid,cached,False,
4115,RHEA:35143,encoded_general_reaction,valid,cached,False,
4116,RHEA:35179,encoded_general_reaction,valid,cached,False,
4117,RHEA:35191,encoded_general_reaction,valid,cached,False,
4118,RHEA:35207,encoded_general_reaction,valid,cached,False,
4119,RHEA:35211,encoded_general_reaction,valid,cached,False,
4120,RHEA:35263,encoded_general_reaction,valid,cached,False,
4121,RHEA:35271,encoded_general_reaction,valid,cached,False,
4122,RHEA:35279,encoded_general_reaction,valid,cached,False,
4123,RHEA:35291,encoded_general_reaction,valid,cached,False,
4124,RHEA:35307,encoded_general_reaction,valid,cached,False,
4125,RHEA:35315,encoded_general_reaction,valid,cached,False,
4126,RHEA:35319,encoded_general_reaction,valid,cached,False,
4127,RHEA:35323,encoded_general_reaction,valid,cached,False,
4128,RHEA:35327,encoded_general_reaction,valid,cached,False,
4129,RHEA:35331,encoded_general_reaction,valid,cached,False,
4130,RHEA:35335,encoded_general_reaction,valid,cached,False,
4131,RHEA:35351,encoded_general_reaction,valid,cached,False,
4132,RHEA:35379,encoded_general_reaction,valid,cached,False,
4133,RHEA:35391,encoded_general_reaction,valid,cached,False,
4134,RHEA:35411,encoded_general_reaction,valid,cached,False,
4135,RHEA:35419,encoded_general_reaction,valid,cached,False,
4136,RHEA:35423,encoded_general_reaction,valid,cached,False,
4137,RHEA:35427,encoded_general_reaction,valid,cached,False,
4138,RHEA:35431,encoded_general_reaction,valid,cached,False,
4139,RHEA:35435,encoded_general_reaction,valid,cached,False,
4140,RHEA:35439,encoded_general_reaction,valid,cached,False,
4141,RHEA:35443,encoded_general_reaction,valid,cached,False,
4142,RHEA:35447,encoded_general_reaction,valid,cached,False,
4143,RHEA:35459,encoded_general_reaction,valid,cached,False,
4144,RHEA:35463,encoded_general_reaction,valid,cached,False,
4145,RHEA:35467,encoded_general_reaction,valid,cached,False,
4146,RHEA:35471,encoded_general_reaction,valid,cached,False,
4147,RHEA:35475,encoded_general_reaction,valid,cached,False,
4148,RHEA:35479,encoded_general_reaction,valid,cached,False,
4149,RHEA:35483,encoded_general_reaction,valid,cached,False,
4150,RHEA:35487,encoded_general_reaction,valid,cached,False,
4151,RHEA:35499,encoded_general_reaction,valid,cached,False,
4152,RHEA:35503,encoded_general_reaction,valid,cached,False,
4153,RHEA:35507,encoded_general_reaction,valid,cached,False,
4154,RHEA:35511,encoded_general_reaction,valid,cached,False,
4155,RHEA:35515,encoded_general_reaction,valid,cached,False,
4156,RHEA:35519,encoded_general_reaction,valid,cached,False,
4157,RHEA:35523,encoded_general_reaction,valid,cached,False,
4158,RHEA:35531,encoded_general_reaction,valid,cached,False,
4159,RHEA:35547,encoded_general_reaction,valid,cached,False,
4160,RHEA:35555,encoded_general_reaction,valid,cached,False,
4161,RHEA:35563,encoded_general_reaction,valid,cached,False,
4162,RHEA:35567,encoded_general_reaction,valid,cached,False,
4163,RHEA:35571,encoded_general_reaction,valid,cached,False,
4164,RHEA:35575,encoded_general_reaction,valid,cached,False,
4165,RHEA:35583,encoded_general_reaction,valid,cached,False,
4166,RHEA:35587,encoded_general_reaction,valid,cached,False,
4167,RHEA:35591,encoded_general_reaction,valid,cached,False,
4168,RHEA:35595,encoded_general_reaction,valid,cached,False,
4169,RHEA:35603,encoded_general_reaction,valid,cached,False,
4170,RHEA:35607,encoded_general_reaction,valid,cached,False,
4171,RHEA:35611,encoded_general_reaction,valid,cached,False,
4172,RHEA:35615,encoded_general_reaction,valid,cached,False,
4173,RHEA:35627,encoded_general_reaction,valid,cached,False,
4174,RHEA:35631,encoded_general_reaction,valid,cached,False,
4175,RHEA:35639,encoded_general_reaction,valid,cached,False,
4176,RHEA:35647,encoded_general_reaction,valid,cached,False,
4177,RHEA:35651,encoded_general_reaction,valid,cached,False,
4178,RHEA:35655,encoded_general_reaction,valid,cached,False,
4179,RHEA:35671,encoded_general_reaction,valid,cached,False,
4180,RHEA:35675,encoded_general_reaction,valid,cached,False,
4181,RHEA:35679,encoded_general_reaction,valid,cached,False,
4182,RHEA:35691,encoded_general_reaction,valid,cached,False,
4183,RHEA:35695,encoded_general_reaction,valid,cached,False,
4184,RHEA:35699,encoded_general_reaction,valid,cached,False,
4185,RHEA:35711,encoded_general_reaction,valid,cached,False,
4186,RHEA:35715,encoded_general_reaction,valid,cached,False,
4187,RHEA:35719,encoded_general_reaction,valid,cached,False,
4188,RHEA:35723,encoded_general_reaction,valid,cached,False,
4189,RHEA:35727,encoded_general_reaction,valid,cached,False,
4190,RHEA:35735,encoded_general_reaction,valid,cached,False,
4191,RHEA:35739,encoded_general_reaction,valid,cached,False,
4192,RHEA:35743,encoded_general_reaction,valid,cached,False,
4193,RHEA:35751,encoded_general_reaction,valid,cached,False,
4194,RHEA:35755,encoded_general_reaction,valid,cached,False,
4195,RHEA:35759,encoded_general_reaction,valid,cached,False,
4196,RHEA:35763,encoded_general_reaction,valid,cached,False,
4197,RHEA:35767,encoded_general_reaction,valid,cached,False,
4198,RHEA:35771,encoded_general_reaction,valid,cached,False,
4199,RHEA:35775,encoded_general_reaction,valid,cached,False,
4200,RHEA:35783,encoded_general_reaction,valid,cached,False,
4201,RHEA:35787,encoded_general_reaction,valid,cached,False,
4202,RHEA:35791,encoded_general_reaction,valid,cached,False,
4203,RHEA:35795,encoded_general_reaction,valid,cached,False,
4204,RHEA:35799,encoded_general_reaction,valid,cached,False,
4205,RHEA:35803,encoded_general_reaction,valid,cached,False,
4206,RHEA:35807,encoded_general_reaction,valid,cached,False,
4207,RHEA:35811,encoded_general_reaction,valid,cached,False,
4208,RHEA:35815,encoded_general_reaction,valid,cached,False,
4209,RHEA:35819,encoded_general_reaction,valid,cached,False,
4210,RHEA:35823,encoded_general_reaction,valid,cached,False,
4211,RHEA:35827,encoded_general_reaction,valid,cached,False,
4212,RHEA:35831,encoded_general_reaction,valid,cached,False,
4213,RHEA:35835,encoded_general_reaction,valid,cached,False,
4214,RHEA:35843,encoded_general_reaction,valid,cached,False,
4215,RHEA:35847,encoded_general_reaction,valid,cached,False,
4216,RHEA:35851,encoded_general_reaction,valid,cached,False,
4217,RHEA:35855,encoded_general_reaction,valid,cached,False,
4218,RHEA:35859,encoded_general_reaction,valid,cached,False,
4219,RHEA:35863,encoded_general_reaction,valid,cached,False,
4220,RHEA:35867,encoded_general_reaction,valid,cached,False,
4221,RHEA:35871,encoded_general_reaction,valid,cached,False,
4222,RHEA:35875,encoded_general_reaction,valid,cached,False,
4223,RHEA:35879,encoded_general_reaction,valid,cached,False,
4224,RHEA:35883,encoded_general_reaction,valid,cached,False,
4225,RHEA:35887,encoded_general_reaction,valid,cached,False,
4226,RHEA:35891,encoded_general_reaction,valid,cached,False,
4227,RHEA:35895,encoded_general_reaction,valid,cached,False,
4228,RHEA:35899,encoded_general_reaction,valid,cached,False,
4229,RHEA:35903,encoded_general_reaction,valid,cached,False,
4230,RHEA:35907,encoded_general_reaction,valid,cached,False,
4231,RHEA:35915,encoded_general_reaction,valid,cached,False,
4232,RHEA:35935,encoded_general_reaction,valid,cached,False,
4233,RHEA:35939,encoded_general_reaction,valid,cached,False,
4234,RHEA:35943,encoded_general_reaction,valid,cached,False,
4235,RHEA:35947,encoded_general_reaction,valid,cached,False,
4236,RHEA:35951,encoded_general_reaction,valid,cached,False,
4237,RHEA:35955,encoded_general_reaction,valid,cached,False,
4238,RHEA:35963,encoded_general_reaction,valid,cached,False,
4239,RHEA:35967,encoded_general_reaction,valid,cached,False,
4240,RHEA:35971,encoded_general_reaction,valid,cached,False,
4241,RHEA:35975,encoded_general_reaction,valid,cached,False,
4242,RHEA:35979,encoded_general_reaction,valid,cached,False,
4243,RHEA:35983,encoded_general_reaction,valid,cached,False,
4244,RHEA:35987,encoded_general_reaction,valid,cached,False,
4245,RHEA:35991,encoded_general_reaction,valid,cached,False,
4246,RHEA:35995,encoded_general_reaction,valid,cached,False,
4247,RHEA:35999,encoded_general_reaction,valid,cached,False,
4248,RHEA:36003,encoded_general_reaction,valid,cached,False,
4249,RHEA:36015,encoded_general_reaction,valid,cached,False,
4250,RHEA:36019,encoded_general_reaction,valid,cached,False,
4251,RHEA:36023,encoded_general_reaction,valid,cached,False,
4252,RHEA:36027,encoded_general_reaction,valid,cached,False,
4253,RHEA:36035,encoded_general_reaction,valid,cached,False,
4254,RHEA:36039,encoded_general_reaction,valid,cached,False,
4255,RHEA:36043,encoded_general_reaction,valid,cached,False,
4256,RHEA:36047,encoded_general_reaction,valid,cached,False,
4257,RHEA:36051,encoded_general_reaction,valid,cached,False,
4258,RHEA:36055,encoded_general_reaction,valid,cached,False,
4259,RHEA:36059,encoded_general_reaction,valid,cached,False,
4260,RHEA:36063,copied_reference_feature,precomputed,precomputed,False,
4261,RHEA:36067,encoded_general_reaction,valid,cached,False,
4262,RHEA:36071,encoded_general_reaction,valid,cached,False,
4263,RHEA:36079,encoded_general_reaction,valid,cached,False,
4264,RHEA:36083,encoded_general_reaction,valid,cached,False,
4265,RHEA:36087,encoded_general_reaction,valid,cached,False,
4266,RHEA:36095,encoded_general_reaction,valid,cached,False,
4267,RHEA:36099,encoded_general_reaction,valid,cached,False,
4268,RHEA:36103,encoded_general_reaction,valid,cached,False,
4269,RHEA:36107,encoded_general_reaction,valid,cached,False,
4270,RHEA:36119,encoded_general_reaction,valid,cached,False,
4271,RHEA:36131,encoded_general_reaction,valid,cached,False,
4272,RHEA:36135,encoded_general_reaction,valid,cached,False,
4273,RHEA:36139,encoded_general_reaction,valid,cached,False,
4274,RHEA:36143,encoded_general_reaction,valid,cached,False,
4275,RHEA:36147,encoded_general_reaction,valid,cached,False,
4276,RHEA:36151,encoded_general_reaction,valid,cached,False,
4277,RHEA:36155,encoded_general_reaction,valid,cached,False,
4278,RHEA:36159,encoded_general_reaction,valid,cached,False,
4279,RHEA:36163,encoded_general_reaction,valid,cached,False,
4280,RHEA:36167,encoded_general_reaction,valid,cached,False,
4281,RHEA:36171,encoded_general_reaction,valid,cached,False,
4282,RHEA:36179,encoded_general_reaction,valid,cached,False,
4283,RHEA:36227,encoded_general_reaction,valid,cached,False,
4284,RHEA:36247,encoded_general_reaction,valid,cached,False,
4285,RHEA:36251,encoded_general_reaction,valid,cached,False,
4286,RHEA:36255,encoded_general_reaction,valid,cached,False,
4287,RHEA:36263,encoded_general_reaction,valid,cached,False,
4288,RHEA:36267,encoded_general_reaction,valid,cached,False,
4289,RHEA:36271,encoded_general_reaction,valid,cached,False,
4290,RHEA:36275,encoded_general_reaction,valid,cached,False,
4291,RHEA:36279,encoded_general_reaction,valid,cached,False,
4292,RHEA:36283,encoded_general_reaction,valid,cached,False,
4293,RHEA:36287,encoded_general_reaction,valid,cached,False,
4294,RHEA:36291,encoded_general_reaction,valid,cached,False,
4295,RHEA:36295,encoded_general_reaction,valid,cached,False,
4296,RHEA:36299,encoded_general_reaction,valid,cached,False,
4297,RHEA:36307,encoded_general_reaction,valid,cached,False,
4298,RHEA:36311,encoded_general_reaction,valid,cached,False,
4299,RHEA:36315,encoded_general_reaction,valid,cached,False,
4300,RHEA:36319,encoded_general_reaction,valid,cached,False,
4301,RHEA:36323,encoded_general_reaction,valid,cached,False,
4302,RHEA:36327,encoded_general_reaction,valid,cached,False,
4303,RHEA:36331,encoded_general_reaction,valid,cached,False,
4304,RHEA:36339,encoded_general_reaction,valid,cached,False,
4305,RHEA:36347,encoded_general_reaction,valid,cached,False,
4306,RHEA:36355,encoded_general_reaction,valid,cached,False,
4307,RHEA:36363,encoded_general_reaction,valid,cached,False,
4308,RHEA:36375,encoded_general_reaction,valid,cached,False,
4309,RHEA:36379,encoded_general_reaction,valid,cached,False,
4310,RHEA:36383,encoded_general_reaction,valid,cached,False,
4311,RHEA:36387,encoded_general_reaction,valid,cached,False,
4312,RHEA:36391,encoded_general_reaction,valid,cached,False,
4313,RHEA:36399,encoded_general_reaction,valid,cached,False,
4314,RHEA:36403,encoded_general_reaction,valid,cached,False,
4315,RHEA:36407,encoded_general_reaction,valid,cached,False,
4316,RHEA:36415,encoded_general_reaction,valid,cached,False,
4317,RHEA:36431,encoded_general_reaction,valid,cached,False,
4318,RHEA:36439,encoded_general_reaction,valid,cached,False,
4319,RHEA:36475,encoded_general_reaction,valid,cached,False,
4320,RHEA:36479,encoded_general_reaction,valid,cached,False,
4321,RHEA:36483,encoded_general_reaction,valid,cached,False,
4322,RHEA:36487,encoded_general_reaction,valid,cached,False,
4323,RHEA:36491,encoded_general_reaction,valid,cached,False,
4324,RHEA:36499,encoded_general_reaction,valid,cached,False,
4325,RHEA:36503,encoded_general_reaction,valid,cached,False,
4326,RHEA:36507,encoded_general_reaction,valid,cached,False,
4327,RHEA:36511,encoded_general_reaction,valid,cached,False,
4328,RHEA:36515,encoded_general_reaction,valid,cached,False,
4329,RHEA:36519,encoded_general_reaction,valid,cached,False,
4330,RHEA:36523,encoded_general_reaction,valid,cached,False,
4331,RHEA:36527,encoded_general_reaction,valid,cached,False,
4332,RHEA:36531,encoded_general_reaction,valid,cached,False,
4333,RHEA:36535,encoded_general_reaction,valid,cached,False,
4334,RHEA:36539,encoded_general_reaction,valid,cached,False,
4335,RHEA:36543,encoded_general_reaction,valid,cached,False,
4336,RHEA:36547,encoded_general_reaction,valid,cached,False,
4337,RHEA:36551,encoded_general_reaction,valid,cached,False,
4338,RHEA:36555,encoded_general_reaction,valid,cached,False,
4339,RHEA:36563,encoded_general_reaction,valid,cached,False,
4340,RHEA:36567,encoded_general_reaction,valid,cached,False,
4341,RHEA:36571,encoded_general_reaction,valid,cached,False,
4342,RHEA:36575,encoded_general_reaction,valid,cached,False,
4343,RHEA:36579,encoded_general_reaction,valid,cached,False,
4344,RHEA:36583,encoded_general_reaction,valid,cached,False,
4345,RHEA:36587,encoded_general_reaction,valid,cached,False,
4346,RHEA:36591,encoded_general_reaction,valid,cached,False,
4347,RHEA:36595,encoded_general_reaction,valid,cached,False,
4348,RHEA:36599,encoded_general_reaction,valid,cached,False,
4349,RHEA:36603,encoded_general_reaction,valid,cached,False,
4350,RHEA:36607,encoded_general_reaction,valid,cached,False,
4351,RHEA:36611,encoded_general_reaction,valid,cached,False,
4352,RHEA:36615,encoded_general_reaction,valid,cached,False,
4353,RHEA:36619,encoded_general_reaction,valid,cached,False,
4354,RHEA:36623,encoded_general_reaction,valid,cached,False,
4355,RHEA:36627,encoded_general_reaction,valid,cached,False,
4356,RHEA:36631,encoded_general_reaction,valid,cached,False,
4357,RHEA:36635,encoded_general_reaction,valid,cached,False,
4358,RHEA:36643,encoded_general_reaction,valid,cached,False,
4359,RHEA:36647,encoded_general_reaction,valid,cached,False,
4360,RHEA:36651,encoded_general_reaction,valid,cached,False,
4361,RHEA:36655,encoded_general_reaction,valid,cached,False,
4362,RHEA:36659,encoded_general_reaction,valid,cached,False,
4363,RHEA:36663,encoded_general_reaction,valid,cached,False,
4364,RHEA:36667,encoded_general_reaction,valid,cached,False,
4365,RHEA:36675,encoded_general_reaction,valid,cached,False,
4366,RHEA:36679,encoded_general_reaction,valid,cached,False,
4367,RHEA:36683,encoded_general_reaction,valid,cached,False,
4368,RHEA:36687,encoded_general_reaction,valid,cached,False,
4369,RHEA:36691,encoded_general_reaction,valid,cached,False,
4370,RHEA:36695,encoded_general_reaction,valid,cached,False,
4371,RHEA:36699,encoded_general_reaction,valid,cached,False,
4372,RHEA:36703,encoded_general_reaction,valid,cached,False,
4373,RHEA:36707,encoded_general_reaction,valid,cached,False,
4374,RHEA:36711,encoded_general_reaction,valid,cached,False,
4375,RHEA:36715,encoded_general_reaction,valid,cached,False,
4376,RHEA:36719,encoded_general_reaction,valid,cached,False,
4377,RHEA:36739,encoded_general_reaction,valid,cached,False,
4378,RHEA:36747,encoded_general_reaction,valid,cached,False,
4379,RHEA:36751,encoded_general_reaction,valid,cached,False,
4380,RHEA:36755,encoded_general_reaction,valid,cached,False,
4381,RHEA:36759,encoded_general_reaction,valid,cached,False,
4382,RHEA:36763,encoded_general_reaction,valid,cached,False,
4383,RHEA:36767,encoded_general_reaction,valid,cached,False,
4384,RHEA:36771,encoded_general_reaction,valid,cached,False,
4385,RHEA:36775,encoded_general_reaction,valid,cached,False,
4386,RHEA:36779,encoded_general_reaction,valid,cached,False,
4387,RHEA:36783,encoded_general_reaction,valid,cached,False,
4388,RHEA:36787,encoded_general_reaction,valid,cached,False,
4389,RHEA:36791,encoded_general_reaction,valid,cached,False,
4390,RHEA:36795,encoded_general_reaction,valid,cached,False,
4391,RHEA:36799,encoded_general_reaction,valid,cached,False,
4392,RHEA:36803,encoded_general_reaction,valid,cached,False,
4393,RHEA:36807,encoded_general_reaction,valid,cached,False,
4394,RHEA:36811,encoded_general_reaction,valid,cached,False,
4395,RHEA:36815,encoded_general_reaction,valid,cached,False,
4396,RHEA:36819,encoded_general_reaction,valid,cached,False,
4397,RHEA:36823,encoded_general_reaction,valid,cached,False,
4398,RHEA:36835,encoded_general_reaction,valid,cached,False,
4399,RHEA:36839,encoded_general_reaction,valid,cached,False,
4400,RHEA:36843,encoded_general_reaction,valid,cached,False,
4401,RHEA:36847,encoded_general_reaction,valid,cached,False,
4402,RHEA:36851,encoded_general_reaction,valid,cached,False,
4403,RHEA:36855,encoded_general_reaction,valid,cached,False,
4404,RHEA:36859,encoded_general_reaction,valid,cached,False,
4405,RHEA:36863,encoded_general_reaction,valid,cached,False,
4406,RHEA:36867,encoded_general_reaction,valid,cached,False,
4407,RHEA:36871,encoded_general_reaction,valid,cached,False,
4408,RHEA:36875,encoded_general_reaction,valid,cached,False,
4409,RHEA:36883,encoded_general_reaction,valid,cached,False,
4410,RHEA:36899,encoded_general_reaction,valid,cached,False,
4411,RHEA:36903,encoded_general_reaction,valid,cached,False,
4412,RHEA:36907,encoded_general_reaction,valid,cached,False,
4413,RHEA:36911,encoded_general_reaction,valid,cached,False,
4414,RHEA:36915,encoded_general_reaction,valid,cached,False,
4415,RHEA:36919,encoded_general_reaction,valid,cached,False,
4416,RHEA:36923,encoded_general_reaction,valid,cached,False,
4417,RHEA:36927,encoded_general_reaction,valid,cached,False,
4418,RHEA:36931,encoded_general_reaction,valid,cached,False,
4419,RHEA:36935,encoded_general_reaction,valid,cached,False,
4420,RHEA:36939,encoded_general_reaction,valid,cached,False,
4421,RHEA:36943,encoded_general_reaction,valid,cached,False,
4422,RHEA:36947,encoded_general_reaction,valid,cached,False,
4423,RHEA:36951,encoded_general_reaction,valid,cached,False,
4424,RHEA:36955,encoded_general_reaction,valid,cached,False,
4425,RHEA:36963,encoded_general_reaction,valid,cached,False,
4426,RHEA:36967,encoded_general_reaction,valid,cached,False,
4427,RHEA:36971,encoded_general_reaction,valid,cached,False,
4428,RHEA:36975,encoded_general_reaction,valid,cached,False,
4429,RHEA:36979,encoded_general_reaction,valid,cached,False,
4430,RHEA:36983,encoded_general_reaction,valid,cached,False,
4431,RHEA:36987,encoded_general_reaction,valid,cached,False,
4432,RHEA:36991,encoded_general_reaction,valid,cached,False,
4433,RHEA:36995,encoded_general_reaction,valid,cached,False,
4434,RHEA:36999,encoded_general_reaction,valid,cached,False,
4435,RHEA:37011,encoded_general_reaction,valid,cached,False,
4436,RHEA:37015,encoded_general_reaction,valid,cached,False,
4437,RHEA:37023,encoded_general_reaction,valid,cached,False,
4438,RHEA:37039,encoded_general_reaction,valid,cached,False,
4439,RHEA:37051,encoded_general_reaction,valid,cached,False,
4440,RHEA:37055,encoded_general_reaction,valid,cached,False,
4441,RHEA:37059,encoded_general_reaction,valid,cached,False,
4442,RHEA:37063,encoded_general_reaction,valid,cached,False,
4443,RHEA:37067,encoded_general_reaction,valid,cached,False,
4444,RHEA:37075,encoded_general_reaction,valid,cached,False,
4445,RHEA:37087,encoded_general_reaction,valid,cached,False,
4446,RHEA:37107,encoded_general_reaction,valid,cached,False,
4447,RHEA:37115,encoded_general_reaction,valid,cached,False,
4448,RHEA:37119,encoded_general_reaction,valid,cached,False,
4449,RHEA:37123,encoded_general_reaction,valid,cached,False,
4450,RHEA:37131,encoded_general_reaction,valid,cached,False,
4451,RHEA:37135,encoded_general_reaction,valid,cached,False,
4452,RHEA:37139,encoded_general_reaction,valid,cached,False,
4453,RHEA:37143,encoded_general_reaction,valid,cached,False,
4454,RHEA:37147,encoded_general_reaction,valid,cached,False,
4455,RHEA:37151,encoded_general_reaction,valid,cached,False,
4456,RHEA:37155,encoded_general_reaction,valid,cached,False,
4457,RHEA:37159,encoded_general_reaction,valid,cached,False,
4458,RHEA:37163,encoded_general_reaction,valid,cached,False,
4459,RHEA:37167,encoded_general_reaction,valid,cached,False,
4460,RHEA:37171,encoded_general_reaction,valid,cached,False,
4461,RHEA:37175,encoded_general_reaction,valid,cached,False,
4462,RHEA:37179,encoded_general_reaction,valid,cached,False,
4463,RHEA:37183,encoded_general_reaction,valid,cached,False,
4464,RHEA:37187,encoded_general_reaction,valid,cached,False,
4465,RHEA:37191,encoded_general_reaction,valid,cached,False,
4466,RHEA:37195,encoded_general_reaction,valid,cached,False,
4467,RHEA:37199,encoded_general_reaction,valid,cached,False,
4468,RHEA:37203,encoded_general_reaction,valid,cached,False,
4469,RHEA:37207,encoded_general_reaction,valid,cached,False,
4470,RHEA:37211,encoded_general_reaction,valid,cached,False,
4471,RHEA:37223,encoded_general_reaction,valid,cached,False,
4472,RHEA:37239,encoded_general_reaction,valid,cached,False,
4473,RHEA:37243,encoded_general_reaction,valid,cached,False,
4474,RHEA:37283,encoded_general_reaction,valid,cached,False,
4475,RHEA:37339,encoded_general_reaction,valid,cached,False,
4476,RHEA:37343,encoded_general_reaction,valid,cached,False,
4477,RHEA:37347,encoded_general_reaction,valid,cached,False,
4478,RHEA:37363,encoded_general_reaction,valid,cached,False,
4479,RHEA:37367,encoded_general_reaction,valid,cached,False,
4480,RHEA:37375,encoded_general_reaction,valid,cached,False,
4481,RHEA:37379,encoded_general_reaction,valid,cached,False,
4482,RHEA:37383,encoded_general_reaction,valid,cached,False,
4483,RHEA:37387,encoded_general_reaction,valid,cached,False,
4484,RHEA:37391,encoded_general_reaction,valid,cached,False,
4485,RHEA:37395,encoded_general_reaction,valid,cached,False,
4486,RHEA:37399,encoded_general_reaction,valid,cached,False,
4487,RHEA:37403,encoded_general_reaction,valid,cached,False,
4488,RHEA:37407,encoded_general_reaction,valid,cached,False,
4489,RHEA:37411,encoded_general_reaction,valid,cached,False,
4490,RHEA:37415,encoded_general_reaction,valid,cached,False,
4491,RHEA:37419,encoded_general_reaction,valid,cached,False,
4492,RHEA:37423,encoded_general_reaction,valid,cached,False,
4493,RHEA:37427,encoded_general_reaction,valid,cached,False,
4494,RHEA:37431,encoded_general_reaction,valid,cached,False,
4495,RHEA:37443,encoded_general_reaction,valid,cached,False,
4496,RHEA:37447,encoded_general_reaction,valid,cached,False,
4497,RHEA:37451,encoded_general_reaction,valid,cached,False,
4498,RHEA:37455,encoded_general_reaction,valid,cached,False,
4499,RHEA:37459,encoded_general_reaction,valid,cached,False,
4500,RHEA:37463,encoded_general_reaction,valid,cached,False,
4501,RHEA:37467,encoded_general_reaction,valid,cached,False,
4502,RHEA:37471,encoded_general_reaction,valid,cached,False,
4503,RHEA:37475,encoded_general_reaction,valid,cached,False,
4504,RHEA:37479,encoded_general_reaction,valid,cached,False,
4505,RHEA:37483,encoded_general_reaction,valid,cached,False,
4506,RHEA:37487,encoded_general_reaction,valid,cached,False,
4507,RHEA:37491,encoded_general_reaction,valid,cached,False,
4508,RHEA:37495,encoded_general_reaction,valid,cached,False,
4509,RHEA:37499,encoded_general_reaction,valid,cached,False,
4510,RHEA:37503,encoded_general_reaction,valid,cached,False,
4511,RHEA:37511,encoded_general_reaction,valid,cached,False,
4512,RHEA:37515,encoded_general_reaction,valid,cached,False,
4513,RHEA:37519,encoded_general_reaction,valid,cached,False,
4514,RHEA:37523,encoded_general_reaction,valid,cached,False,
4515,RHEA:37527,encoded_general_reaction,valid,cached,False,
4516,RHEA:37531,encoded_general_reaction,valid,cached,False,
4517,RHEA:37535,encoded_general_reaction,valid,cached,False,
4518,RHEA:37539,encoded_general_reaction,valid,cached,False,
4519,RHEA:37543,encoded_general_reaction,valid,cached,False,
4520,RHEA:37547,encoded_general_reaction,valid,cached,False,
4521,RHEA:37551,encoded_general_reaction,valid,cached,False,
4522,RHEA:37555,encoded_general_reaction,valid,cached,False,
4523,RHEA:37559,encoded_general_reaction,valid,cached,False,
4524,RHEA:37563,encoded_general_reaction,valid,cached,False,
4525,RHEA:37567,encoded_general_reaction,valid,cached,False,
4526,RHEA:37571,encoded_general_reaction,valid,cached,False,
4527,RHEA:37575,encoded_general_reaction,valid,cached,False,
4528,RHEA:37579,encoded_general_reaction,valid,cached,False,
4529,RHEA:37591,encoded_general_reaction,valid,cached,False,
4530,RHEA:37595,encoded_general_reaction,valid,cached,False,
4531,RHEA:37599,encoded_general_reaction,valid,cached,False,
4532,RHEA:37603,encoded_general_reaction,valid,cached,False,
4533,RHEA:37607,encoded_general_reaction,valid,cached,False,
4534,RHEA:37611,encoded_general_reaction,valid,cached,False,
4535,RHEA:37615,encoded_general_reaction,valid,cached,False,
4536,RHEA:37619,encoded_general_reaction,valid,cached,False,
4537,RHEA:37623,encoded_general_reaction,valid,cached,False,
4538,RHEA:37627,encoded_general_reaction,valid,cached,False,
4539,RHEA:37631,encoded_general_reaction,valid,cached,False,
4540,RHEA:37635,encoded_general_reaction,valid,cached,False,
4541,RHEA:37639,encoded_general_reaction,valid,cached,False,
4542,RHEA:37643,encoded_general_reaction,valid,cached,False,
4543,RHEA:37647,encoded_general_reaction,valid,cached,False,
4544,RHEA:37651,encoded_general_reaction,valid,cached,False,
4545,RHEA:37655,encoded_general_reaction,valid,cached,False,
4546,RHEA:37659,encoded_general_reaction,valid,cached,False,
4547,RHEA:37663,encoded_general_reaction,valid,cached,False,
4548,RHEA:37667,encoded_general_reaction,valid,cached,False,
4549,RHEA:37675,encoded_general_reaction,valid,cached,False,
4550,RHEA:37679,encoded_general_reaction,valid,cached,False,
4551,RHEA:37683,encoded_general_reaction,valid,cached,False,
4552,RHEA:37687,encoded_general_reaction,valid,cached,False,
4553,RHEA:37691,encoded_general_reaction,valid,cached,False,
4554,RHEA:37695,encoded_general_reaction,valid,cached,False,
4555,RHEA:37699,encoded_general_reaction,valid,cached,False,
4556,RHEA:37703,encoded_general_reaction,valid,cached,False,
4557,RHEA:37707,encoded_general_reaction,valid,cached,False,
4558,RHEA:37711,encoded_general_reaction,valid,cached,False,
4559,RHEA:37719,encoded_general_reaction,valid,cached,False,
4560,RHEA:37731,encoded_general_reaction,valid,cached,False,
4561,RHEA:37743,encoded_general_reaction,valid,cached,False,
4562,RHEA:37747,encoded_general_reaction,valid,cached,False,
4563,RHEA:37751,encoded_general_reaction,valid,cached,False,
4564,RHEA:37755,encoded_general_reaction,valid,cached,False,
4565,RHEA:37759,encoded_general_reaction,valid,cached,False,
4566,RHEA:37763,encoded_general_reaction,valid,cached,False,
4567,RHEA:37767,encoded_general_reaction,valid,cached,False,
4568,RHEA:37771,encoded_general_reaction,valid,cached,False,
4569,RHEA:37775,encoded_general_reaction,valid,cached,False,
4570,RHEA:37779,encoded_general_reaction,valid,cached,False,
4571,RHEA:37783,encoded_general_reaction,valid,cached,False,
4572,RHEA:37787,encoded_general_reaction,valid,cached,False,
4573,RHEA:37791,encoded_general_reaction,valid,cached,False,
4574,RHEA:37795,encoded_general_reaction,valid,cached,False,
4575,RHEA:37799,encoded_general_reaction,valid,cached,False,
4576,RHEA:37803,encoded_general_reaction,valid,cached,False,
4577,RHEA:37807,encoded_general_reaction,valid,cached,False,
4578,RHEA:37811,encoded_general_reaction,valid,cached,False,
4579,RHEA:37815,encoded_general_reaction,valid,cached,False,
4580,RHEA:37819,encoded_general_reaction,valid,cached,False,
4581,RHEA:37823,encoded_general_reaction,valid,cached,False,
4582,RHEA:37827,encoded_general_reaction,valid,cached,False,
4583,RHEA:37831,encoded_general_reaction,valid,cached,False,
4584,RHEA:37835,encoded_general_reaction,valid,cached,False,
4585,RHEA:37839,encoded_general_reaction,valid,cached,False,
4586,RHEA:37843,encoded_general_reaction,valid,cached,False,
4587,RHEA:37847,encoded_general_reaction,valid,cached,False,
4588,RHEA:37851,encoded_general_reaction,valid,cached,False,
4589,RHEA:37855,encoded_general_reaction,valid,cached,False,
4590,RHEA:37859,encoded_general_reaction,valid,cached,False,
4591,RHEA:37863,encoded_general_reaction,valid,cached,False,
4592,RHEA:37867,encoded_general_reaction,valid,cached,False,
4593,RHEA:37871,encoded_general_reaction,valid,cached,False,
4594,RHEA:37875,encoded_general_reaction,valid,cached,False,
4595,RHEA:37879,encoded_general_reaction,valid,cached,False,
4596,RHEA:37883,encoded_general_reaction,valid,cached,False,
4597,RHEA:37887,encoded_general_reaction,valid,cached,False,
4598,RHEA:37891,encoded_general_reaction,valid,cached,False,
4599,RHEA:37895,encoded_general_reaction,valid,cached,False,
4600,RHEA:37899,encoded_general_reaction,valid,cached,False,
4601,RHEA:37903,encoded_general_reaction,valid,cached,False,
4602,RHEA:37907,encoded_general_reaction,valid,cached,False,
4603,RHEA:37911,encoded_general_reaction,valid,cached,False,
4604,RHEA:37915,encoded_general_reaction,valid,cached,False,
4605,RHEA:37919,encoded_general_reaction,valid,cached,False,
4606,RHEA:37923,encoded_general_reaction,valid,cached,False,
4607,RHEA:37927,encoded_general_reaction,valid,cached,False,
4608,RHEA:37931,encoded_general_reaction,valid,cached,False,
4609,RHEA:37935,encoded_general_reaction,valid,cached,False,
4610,RHEA:37939,encoded_general_reaction,valid,cached,False,
4611,RHEA:37943,encoded_general_reaction,valid,cached,False,
4612,RHEA:37947,encoded_general_reaction,valid,cached,False,
4613,RHEA:37951,encoded_general_reaction,valid,cached,False,
4614,RHEA:37955,encoded_general_reaction,valid,cached,False,
4615,RHEA:37959,encoded_general_reaction,valid,cached,False,
4616,RHEA:37971,encoded_general_reaction,valid,cached,False,
4617,RHEA:37975,encoded_general_reaction,valid,cached,False,
4618,RHEA:37979,encoded_general_reaction,valid,cached,False,
4619,RHEA:37983,encoded_general_reaction,valid,cached,False,
4620,RHEA:37987,encoded_general_reaction,valid,cached,False,
4621,RHEA:37991,encoded_general_reaction,valid,cached,False,
4622,RHEA:37995,encoded_general_reaction,valid,cached,False,
4623,RHEA:37999,encoded_general_reaction,valid,cached,False,
4624,RHEA:38003,encoded_general_reaction,valid,cached,False,
4625,RHEA:38007,encoded_general_reaction,valid,cached,False,
4626,RHEA:38011,encoded_general_reaction,valid,cached,False,
4627,RHEA:38015,encoded_general_reaction,valid,cached,False,
4628,RHEA:38019,encoded_general_reaction,valid,cached,False,
4629,RHEA:38023,encoded_general_reaction,valid,cached,False,
4630,RHEA:38027,encoded_general_reaction,valid,cached,False,
4631,RHEA:38039,encoded_general_reaction,valid,cached,False,
4632,RHEA:38043,encoded_general_reaction,valid,cached,False,
4633,RHEA:38047,encoded_general_reaction,valid,cached,False,
4634,RHEA:38051,encoded_general_reaction,valid,cached,False,
4635,RHEA:38055,encoded_general_reaction,valid,cached,False,
4636,RHEA:38059,encoded_general_reaction,valid,cached,False,
4637,RHEA:38063,encoded_general_reaction,valid,cached,False,
4638,RHEA:38067,encoded_general_reaction,valid,cached,False,
4639,RHEA:38071,encoded_general_reaction,valid,cached,False,
4640,RHEA:38075,encoded_general_reaction,valid,cached,False,
4641,RHEA:38079,encoded_general_reaction,valid,cached,False,
4642,RHEA:38083,encoded_general_reaction,valid,cached,False,
4643,RHEA:38087,encoded_general_reaction,valid,cached,False,
4644,RHEA:38091,encoded_general_reaction,valid,cached,False,
4645,RHEA:38095,encoded_general_reaction,valid,cached,False,
4646,RHEA:38099,encoded_general_reaction,valid,cached,False,
4647,RHEA:38103,encoded_general_reaction,valid,cached,False,
4648,RHEA:38107,encoded_general_reaction,valid,cached,False,
4649,RHEA:38111,encoded_general_reaction,valid,cached,False,
4650,RHEA:38115,encoded_general_reaction,valid,cached,False,
4651,RHEA:38119,encoded_general_reaction,valid,cached,False,
4652,RHEA:38123,encoded_general_reaction,valid,cached,False,
4653,RHEA:38127,encoded_general_reaction,valid,cached,False,
4654,RHEA:38131,encoded_general_reaction,valid,cached,False,
4655,RHEA:38135,encoded_general_reaction,valid,cached,False,
4656,RHEA:38139,encoded_general_reaction,valid,cached,False,
4657,RHEA:38143,encoded_general_reaction,valid,cached,False,
4658,RHEA:38151,encoded_general_reaction,valid,cached,False,
4659,RHEA:38155,copied_reference_feature,precomputed,precomputed,False,
4660,RHEA:38159,encoded_general_reaction,valid,cached,False,
4661,RHEA:38163,encoded_general_reaction,valid,cached,False,
4662,RHEA:38167,encoded_general_reaction,valid,cached,False,
4663,RHEA:38171,encoded_general_reaction,valid,cached,False,
4664,RHEA:38175,encoded_general_reaction,valid,cached,False,
4665,RHEA:38191,encoded_general_reaction,valid,cached,False,
4666,RHEA:38195,encoded_general_reaction,valid,cached,False,
4667,RHEA:38199,encoded_general_reaction,valid,cached,False,
4668,RHEA:38203,encoded_general_reaction,valid,cached,False,
4669,RHEA:38207,encoded_general_reaction,valid,cached,False,
4670,RHEA:38211,encoded_general_reaction,valid,cached,False,
4671,RHEA:38215,encoded_general_reaction,valid,cached,False,
4672,RHEA:38219,encoded_general_reaction,valid,cached,False,
4673,RHEA:38223,encoded_general_reaction,valid,cached,False,
4674,RHEA:38227,encoded_general_reaction,valid,cached,False,
4675,RHEA:38231,encoded_general_reaction,valid,cached,False,
4676,RHEA:38235,encoded_general_reaction,valid,cached,False,
4677,RHEA:38239,encoded_general_reaction,valid,cached,False,
4678,RHEA:38243,encoded_general_reaction,valid,cached,False,
4679,RHEA:38247,encoded_general_reaction,valid,cached,False,
4680,RHEA:38251,encoded_general_reaction,valid,cached,False,
4681,RHEA:38255,encoded_general_reaction,valid,cached,False,
4682,RHEA:38259,encoded_general_reaction,valid,cached,False,
4683,RHEA:38263,encoded_general_reaction,valid,cached,False,
4684,RHEA:38267,encoded_general_reaction,valid,cached,False,
4685,RHEA:38271,encoded_general_reaction,valid,cached,False,
4686,RHEA:38275,encoded_general_reaction,valid,cached,False,
4687,RHEA:38279,encoded_general_reaction,valid,cached,False,
4688,RHEA:38287,encoded_general_reaction,valid,cached,False,
4689,RHEA:38291,encoded_general_reaction,valid,cached,False,
4690,RHEA:38295,encoded_general_reaction,valid,cached,False,
4691,RHEA:38299,encoded_general_reaction,valid,cached,False,
4692,RHEA:38303,encoded_general_reaction,valid,cached,False,
4693,RHEA:38307,encoded_general_reaction,valid,cached,False,
4694,RHEA:38311,encoded_general_reaction,valid,cached,False,
4695,RHEA:38315,encoded_general_reaction,valid,cached,False,
4696,RHEA:38319,encoded_general_reaction,valid,cached,False,
4697,RHEA:38323,encoded_general_reaction,valid,cached,False,
4698,RHEA:38327,encoded_general_reaction,valid,cached,False,
4699,RHEA:38331,encoded_general_reaction,valid,cached,False,
4700,RHEA:38347,encoded_general_reaction,valid,cached,False,
4701,RHEA:38351,encoded_general_reaction,valid,cached,False,
4702,RHEA:38355,encoded_general_reaction,valid,cached,False,
4703,RHEA:38359,encoded_general_reaction,valid,cached,False,
4704,RHEA:38363,encoded_general_reaction,valid,cached,False,
4705,RHEA:38375,encoded_general_reaction,valid,cached,False,
4706,RHEA:38379,encoded_general_reaction,valid,cached,False,
4707,RHEA:38383,encoded_general_reaction,valid,cached,False,
4708,RHEA:38387,encoded_general_reaction,valid,cached,False,
4709,RHEA:38391,encoded_general_reaction,valid,cached,False,
4710,RHEA:38395,encoded_general_reaction,valid,cached,False,
4711,RHEA:38399,encoded_general_reaction,valid,cached,False,
4712,RHEA:38403,encoded_general_reaction,valid,cached,False,
4713,RHEA:38407,encoded_general_reaction,valid,cached,False,
4714,RHEA:38411,encoded_general_reaction,valid,cached,False,
4715,RHEA:38415,encoded_general_reaction,valid,cached,False,
4716,RHEA:38419,encoded_general_reaction,valid,cached,False,
4717,RHEA:38423,encoded_general_reaction,valid,cached,False,
4718,RHEA:38427,encoded_general_reaction,valid,cached,False,
4719,RHEA:38431,encoded_general_reaction,valid,cached,False,
4720,RHEA:38435,encoded_general_reaction,valid,cached,False,
4721,RHEA:38439,encoded_general_reaction,valid,cached,False,
4722,RHEA:38443,encoded_general_reaction,valid,cached,False,
4723,RHEA:38447,encoded_general_reaction,valid,cached,False,
4724,RHEA:38451,encoded_general_reaction,valid,cached,False,
4725,RHEA:38455,encoded_general_reaction,valid,cached,False,
4726,RHEA:38459,encoded_general_reaction,valid,cached,False,
4727,RHEA:38471,encoded_general_reaction,valid,cached,False,
4728,RHEA:38487,encoded_general_reaction,valid,cached,False,
4729,RHEA:38491,encoded_general_reaction,valid,cached,False,
4730,RHEA:38499,encoded_general_reaction,valid,cached,False,
4731,RHEA:38507,encoded_general_reaction,valid,cached,False,
4732,RHEA:38511,encoded_general_reaction,valid,cached,False,
4733,RHEA:38515,encoded_general_reaction,valid,cached,False,
4734,RHEA:38519,encoded_general_reaction,valid,cached,False,
4735,RHEA:38523,encoded_general_reaction,valid,cached,False,
4736,RHEA:38527,encoded_general_reaction,valid,cached,False,
4737,RHEA:38551,encoded_general_reaction,valid,cached,False,
4738,RHEA:38559,encoded_general_reaction,valid,cached,False,
4739,RHEA:38563,encoded_general_reaction,valid,cached,False,
4740,RHEA:38567,encoded_general_reaction,valid,cached,False,
4741,RHEA:38571,encoded_general_reaction,valid,cached,False,
4742,RHEA:38575,encoded_general_reaction,valid,cached,False,
4743,RHEA:38579,encoded_general_reaction,valid,cached,False,
4744,RHEA:38583,encoded_general_reaction,valid,cached,False,
4745,RHEA:38587,encoded_general_reaction,valid,cached,False,
4746,RHEA:38591,encoded_general_reaction,valid,cached,False,
4747,RHEA:38599,encoded_general_reaction,valid,cached,False,
4748,RHEA:38603,encoded_general_reaction,valid,cached,False,
4749,RHEA:38607,encoded_general_reaction,valid,cached,False,
4750,RHEA:38611,encoded_general_reaction,valid,cached,False,
4751,RHEA:38615,encoded_general_reaction,valid,cached,False,
4752,RHEA:38623,encoded_general_reaction,valid,cached,False,
4753,RHEA:38627,encoded_general_reaction,valid,cached,False,
4754,RHEA:38631,encoded_general_reaction,valid,cached,False,
4755,RHEA:38635,encoded_general_reaction,valid,cached,False,
4756,RHEA:38639,encoded_general_reaction,valid,cached,False,
4757,RHEA:38643,encoded_general_reaction,valid,cached,False,
4758,RHEA:38647,encoded_general_reaction,valid,cached,False,
4759,RHEA:38651,encoded_general_reaction,valid,cached,False,
4760,RHEA:38655,encoded_general_reaction,valid,cached,False,
4761,RHEA:38659,encoded_general_reaction,valid,cached,False,
4762,RHEA:38663,encoded_general_reaction,valid,cached,False,
4763,RHEA:38675,encoded_general_reaction,valid,cached,False,
4764,RHEA:38695,encoded_general_reaction,valid,cached,False,
4765,RHEA:38699,encoded_general_reaction,valid,cached,False,
4766,RHEA:38703,encoded_general_reaction,valid,cached,False,
4767,RHEA:38707,encoded_general_reaction,valid,cached,False,
4768,RHEA:38711,encoded_general_reaction,valid,cached,False,
4769,RHEA:38723,encoded_general_reaction,valid,cached,False,
4770,RHEA:38727,encoded_general_reaction,valid,cached,False,
4771,RHEA:38731,encoded_general_reaction,valid,cached,False,
4772,RHEA:38735,encoded_general_reaction,valid,cached,False,
4773,RHEA:38739,encoded_general_reaction,valid,cached,False,
4774,RHEA:38743,encoded_general_reaction,valid,cached,False,
4775,RHEA:38747,encoded_general_reaction,valid,cached,False,
4776,RHEA:38751,encoded_general_reaction,valid,cached,False,
4777,RHEA:38755,encoded_general_reaction,valid,cached,False,
4778,RHEA:38759,encoded_general_reaction,valid,cached,False,
4779,RHEA:38763,encoded_general_reaction,valid,cached,False,
4780,RHEA:38767,encoded_general_reaction,valid,cached,False,
4781,RHEA:38771,encoded_general_reaction,valid,cached,False,
4782,RHEA:38775,encoded_general_reaction,valid,cached,False,
4783,RHEA:38779,encoded_general_reaction,valid,cached,False,
4784,RHEA:38783,encoded_general_reaction,valid,cached,False,
4785,RHEA:38787,encoded_general_reaction,valid,cached,False,
4786,RHEA:38791,encoded_general_reaction,valid,cached,False,
4787,RHEA:38795,encoded_general_reaction,valid,cached,False,
4788,RHEA:38799,encoded_general_reaction,valid,cached,False,
4789,RHEA:38803,encoded_general_reaction,valid,cached,False,
4790,RHEA:38807,encoded_general_reaction,valid,cached,False,
4791,RHEA:38811,encoded_general_reaction,valid,cached,False,
4792,RHEA:38815,encoded_general_reaction,valid,cached,False,
4793,RHEA:38819,encoded_general_reaction,valid,cached,False,
4794,RHEA:38823,encoded_general_reaction,valid,cached,False,
4795,RHEA:38827,encoded_general_reaction,valid,cached,False,
4796,RHEA:38831,encoded_general_reaction,valid,cached,False,
4797,RHEA:38835,encoded_general_reaction,valid,cached,False,
4798,RHEA:38839,encoded_general_reaction,valid,cached,False,
4799,RHEA:38843,encoded_general_reaction,valid,cached,False,
4800,RHEA:38851,encoded_general_reaction,valid,cached,False,
4801,RHEA:38855,encoded_general_reaction,valid,cached,False,
4802,RHEA:38859,encoded_general_reaction,valid,cached,False,
4803,RHEA:38863,encoded_general_reaction,valid,cached,False,
4804,RHEA:38867,encoded_general_reaction,valid,cached,False,
4805,RHEA:38871,encoded_general_reaction,valid,cached,False,
4806,RHEA:38875,encoded_general_reaction,valid,cached,False,
4807,RHEA:38879,encoded_general_reaction,valid,cached,False,
4808,RHEA:38883,encoded_general_reaction,valid,cached,False,
4809,RHEA:38887,encoded_general_reaction,valid,cached,False,
4810,RHEA:38891,encoded_general_reaction,valid,cached,False,
4811,RHEA:38895,encoded_general_reaction,valid,cached,False,
4812,RHEA:38903,encoded_general_reaction,valid,cached,False,
4813,RHEA:38907,encoded_general_reaction,valid,cached,False,
4814,RHEA:38911,encoded_general_reaction,valid,cached,False,
4815,RHEA:38915,encoded_general_reaction,valid,cached,False,
4816,RHEA:38919,encoded_general_reaction,valid,cached,False,
4817,RHEA:38927,encoded_general_reaction,valid,cached,False,
4818,RHEA:38931,encoded_general_reaction,valid,cached,False,
4819,RHEA:38935,encoded_general_reaction,valid,cached,False,
4820,RHEA:38943,encoded_general_reaction,valid,cached,False,
4821,RHEA:38947,encoded_general_reaction,valid,cached,False,
4822,RHEA:38951,encoded_general_reaction,valid,cached,False,
4823,RHEA:38959,encoded_general_reaction,valid,cached,False,
4824,RHEA:38963,encoded_general_reaction,valid,cached,False,
4825,RHEA:38971,encoded_general_reaction,valid,cached,False,
4826,RHEA:38975,encoded_general_reaction,valid,cached,False,
4827,RHEA:38979,encoded_general_reaction,valid,cached,False,
4828,RHEA:38983,encoded_general_reaction,valid,cached,False,
4829,RHEA:38987,encoded_general_reaction,valid,cached,False,
4830,RHEA:38991,encoded_general_reaction,valid,cached,False,
4831,RHEA:39015,encoded_general_reaction,valid,cached,False,
4832,RHEA:39019,encoded_general_reaction,valid,cached,False,
4833,RHEA:39027,encoded_general_reaction,valid,cached,False,
4834,RHEA:39031,encoded_general_reaction,valid,cached,False,
4835,RHEA:39043,encoded_general_reaction,valid,cached,False,
4836,RHEA:39047,encoded_general_reaction,valid,cached,False,
4837,RHEA:39051,encoded_general_reaction,valid,cached,False,
4838,RHEA:39055,encoded_general_reaction,valid,cached,False,
4839,RHEA:39059,encoded_general_reaction,valid,cached,False,
4840,RHEA:39063,encoded_general_reaction,valid,cached,False,
4841,RHEA:39075,encoded_general_reaction,valid,cached,False,
4842,RHEA:39079,encoded_general_reaction,valid,cached,False,
4843,RHEA:39091,encoded_general_reaction,valid,cached,False,
4844,RHEA:39095,encoded_general_reaction,valid,cached,False,
4845,RHEA:39103,encoded_general_reaction,valid,cached,False,
4846,RHEA:39107,encoded_general_reaction,valid,cached,False,
4847,RHEA:39111,encoded_general_reaction,valid,cached,False,
4848,RHEA:39119,encoded_general_reaction,valid,cached,False,
4849,RHEA:39131,encoded_general_reaction,valid,cached,False,
4850,RHEA:39151,encoded_general_reaction,valid,cached,False,
4851,RHEA:39155,encoded_general_reaction,valid,cached,False,
4852,RHEA:39159,encoded_general_reaction,valid,cached,False,
4853,RHEA:39167,encoded_general_reaction,valid,cached,False,
4854,RHEA:39171,encoded_general_reaction,valid,cached,False,
4855,RHEA:39175,encoded_general_reaction,valid,cached,False,
4856,RHEA:39179,encoded_general_reaction,valid,cached,False,
4857,RHEA:39183,encoded_general_reaction,valid,cached,False,
4858,RHEA:39187,encoded_general_reaction,valid,cached,False,
4859,RHEA:39191,encoded_general_reaction,valid,cached,False,
4860,RHEA:39195,encoded_general_reaction,valid,cached,False,
4861,RHEA:39199,encoded_general_reaction,valid,cached,False,
4862,RHEA:39203,encoded_general_reaction,valid,cached,False,
4863,RHEA:39207,encoded_general_reaction,valid,cached,False,
4864,RHEA:39211,encoded_general_reaction,valid,cached,False,
4865,RHEA:39215,encoded_general_reaction,valid,cached,False,
4866,RHEA:39287,encoded_general_reaction,valid,cached,False,
4867,RHEA:39311,encoded_general_reaction,valid,cached,False,
4868,RHEA:39319,encoded_general_reaction,valid,cached,False,
4869,RHEA:39323,encoded_general_reaction,valid,cached,False,
4870,RHEA:39331,encoded_general_reaction,valid,cached,False,
4871,RHEA:39459,encoded_general_reaction,valid,cached,False,
4872,RHEA:39467,encoded_general_reaction,valid,cached,False,
4873,RHEA:39567,encoded_general_reaction,valid,cached,False,
4874,RHEA:39571,encoded_general_reaction,valid,cached,False,
4875,RHEA:39647,encoded_general_reaction,valid,cached,False,
4876,RHEA:39651,encoded_general_reaction,valid,cached,False,
4877,RHEA:39671,encoded_general_reaction,valid,cached,False,
4878,RHEA:39675,encoded_general_reaction,valid,cached,False,
4879,RHEA:39679,encoded_general_reaction,valid,cached,False,
4880,RHEA:39719,encoded_general_reaction,valid,cached,False,
4881,RHEA:39731,encoded_general_reaction,valid,cached,False,
4882,RHEA:39735,encoded_general_reaction,valid,cached,False,
4883,RHEA:39751,encoded_general_reaction,valid,cached,False,
4884,RHEA:39755,encoded_general_reaction,valid,cached,False,
4885,RHEA:39759,encoded_general_reaction,valid,cached,False,
4886,RHEA:39767,encoded_general_reaction,valid,cached,False,
4887,RHEA:39771,encoded_general_reaction,valid,cached,False,
4888,RHEA:39779,encoded_general_reaction,valid,cached,False,
4889,RHEA:39783,encoded_general_reaction,valid,cached,False,
4890,RHEA:39787,encoded_general_reaction,valid,cached,False,
4891,RHEA:39791,encoded_general_reaction,valid,cached,False,
4892,RHEA:39795,encoded_general_reaction,valid,cached,False,
4893,RHEA:39799,encoded_general_reaction,valid,cached,False,
4894,RHEA:39803,encoded_general_reaction,valid,cached,False,
4895,RHEA:39811,encoded_general_reaction,valid,cached,False,
4896,RHEA:39815,encoded_general_reaction,valid,cached,False,
4897,RHEA:39819,encoded_general_reaction,valid,cached,False,
4898,RHEA:39835,encoded_general_reaction,valid,cached,False,
4899,RHEA:39867,encoded_general_reaction,valid,cached,False,
4900,RHEA:39883,encoded_general_reaction,valid,cached,False,
4901,RHEA:39887,encoded_general_reaction,valid,cached,False,
4902,RHEA:39891,encoded_general_reaction,valid,cached,False,
4903,RHEA:39895,encoded_general_reaction,valid,cached,False,
4904,RHEA:39899,encoded_general_reaction,valid,cached,False,
4905,RHEA:39907,encoded_general_reaction,valid,cached,False,
4906,RHEA:39911,encoded_general_reaction,valid,cached,False,
4907,RHEA:39923,encoded_general_reaction,valid,cached,False,
4908,RHEA:39927,encoded_general_reaction,valid,cached,False,
4909,RHEA:39931,encoded_general_reaction,valid,cached,False,
4910,RHEA:39935,encoded_general_reaction,valid,cached,False,
4911,RHEA:39939,encoded_general_reaction,valid,cached,False,
4912,RHEA:39951,encoded_general_reaction,valid,cached,False,
4913,RHEA:39955,encoded_general_reaction,valid,cached,False,
4914,RHEA:39959,encoded_general_reaction,valid,cached,False,
4915,RHEA:39963,encoded_general_reaction,valid,cached,False,
4916,RHEA:39975,encoded_general_reaction,valid,cached,False,
4917,RHEA:39979,encoded_general_reaction,valid,cached,False,
4918,RHEA:39987,encoded_general_reaction,valid,cached,False,
4919,RHEA:40007,encoded_general_reaction,valid,cached,False,
4920,RHEA:40011,encoded_general_reaction,valid,cached,False,
4921,RHEA:40015,encoded_general_reaction,valid,cached,False,
4922,RHEA:40019,encoded_general_reaction,valid,cached,False,
4923,RHEA:40023,encoded_general_reaction,valid,cached,False,
4924,RHEA:40027,copied_reference_feature,precomputed,precomputed,False,
4925,RHEA:40031,encoded_general_reaction,valid,cached,False,
4926,RHEA:40035,encoded_general_reaction,valid,cached,False,
4927,RHEA:40039,encoded_general_reaction,valid,cached,False,
4928,RHEA:40043,encoded_general_reaction,valid,cached,False,
4929,RHEA:40047,encoded_general_reaction,valid,cached,False,
4930,RHEA:40051,encoded_general_reaction,valid,cached,False,
4931,RHEA:40059,encoded_general_reaction,valid,cached,False,
4932,RHEA:40075,encoded_general_reaction,valid,cached,False,
4933,RHEA:40079,encoded_general_reaction,valid,cached,False,
4934,RHEA:40083,encoded_general_reaction,valid,cached,False,
4935,RHEA:40099,encoded_general_reaction,valid,cached,False,
4936,RHEA:40103,encoded_general_reaction,valid,cached,False,
4937,RHEA:40107,encoded_general_reaction,valid,cached,False,
4938,RHEA:40111,encoded_general_reaction,valid,cached,False,
4939,RHEA:40115,encoded_general_reaction,valid,cached,False,
4940,RHEA:40119,encoded_general_reaction,valid,cached,False,
4941,RHEA:40131,encoded_general_reaction,valid,cached,False,
4942,RHEA:40135,encoded_general_reaction,valid,cached,False,
4943,RHEA:40139,encoded_general_reaction,valid,cached,False,
4944,RHEA:40143,encoded_general_reaction,valid,cached,False,
4945,RHEA:40147,encoded_general_reaction,valid,cached,False,
4946,RHEA:40151,encoded_general_reaction,valid,cached,False,
4947,RHEA:40155,encoded_general_reaction,valid,cached,False,
4948,RHEA:40159,encoded_general_reaction,valid,cached,False,
4949,RHEA:40163,encoded_general_reaction,valid,cached,False,
4950,RHEA:40167,encoded_general_reaction,valid,cached,False,
4951,RHEA:40171,encoded_general_reaction,valid,cached,False,
4952,RHEA:40175,encoded_general_reaction,valid,cached,False,
4953,RHEA:40179,encoded_general_reaction,valid,cached,False,
4954,RHEA:40183,encoded_general_reaction,valid,cached,False,
4955,RHEA:40187,encoded_general_reaction,valid,cached,False,
4956,RHEA:40191,encoded_general_reaction,valid,cached,False,
4957,RHEA:40195,encoded_general_reaction,valid,cached,False,
4958,RHEA:40199,encoded_general_reaction,valid,cached,False,
4959,RHEA:40203,encoded_general_reaction,valid,cached,False,
4960,RHEA:40207,encoded_general_reaction,valid,cached,False,
4961,RHEA:40211,encoded_general_reaction,valid,cached,False,
4962,RHEA:40219,encoded_general_reaction,valid,cached,False,
4963,RHEA:40223,encoded_general_reaction,valid,cached,False,
4964,RHEA:40227,encoded_general_reaction,valid,cached,False,
4965,RHEA:40231,encoded_general_reaction,valid,cached,False,
4966,RHEA:40235,encoded_general_reaction,valid,cached,False,
4967,RHEA:40243,encoded_general_reaction,valid,cached,False,
4968,RHEA:40247,encoded_general_reaction,valid,cached,False,
4969,RHEA:40251,encoded_general_reaction,valid,cached,False,
4970,RHEA:40255,encoded_general_reaction,valid,cached,False,
4971,RHEA:40259,encoded_general_reaction,valid,cached,False,
4972,RHEA:40263,encoded_general_reaction,valid,cached,False,
4973,RHEA:40267,encoded_general_reaction,valid,cached,False,
4974,RHEA:40275,encoded_general_reaction,valid,cached,False,
4975,RHEA:40279,encoded_general_reaction,valid,cached,False,
4976,RHEA:40299,encoded_general_reaction,valid,cached,False,
4977,RHEA:40311,encoded_general_reaction,valid,cached,False,
4978,RHEA:40315,encoded_general_reaction,valid,cached,False,
4979,RHEA:40319,encoded_general_reaction,valid,cached,False,
4980,RHEA:40323,encoded_general_reaction,valid,cached,False,
4981,RHEA:40327,encoded_general_reaction,valid,cached,False,
4982,RHEA:40331,encoded_general_reaction,valid,cached,False,
4983,RHEA:40335,encoded_general_reaction,valid,cached,False,
4984,RHEA:40339,encoded_general_reaction,valid,cached,False,
4985,RHEA:40343,encoded_general_reaction,valid,cached,False,
4986,RHEA:40351,encoded_general_reaction,valid,cached,False,
4987,RHEA:40355,encoded_general_reaction,valid,cached,False,
4988,RHEA:40359,encoded_general_reaction,valid,cached,False,
4989,RHEA:40363,encoded_general_reaction,valid,cached,False,
4990,RHEA:40367,encoded_general_reaction,valid,cached,False,
4991,RHEA:40375,encoded_general_reaction,valid,cached,False,
4992,RHEA:40379,encoded_general_reaction,valid,cached,False,
4993,RHEA:40383,encoded_general_reaction,valid,cached,False,
4994,RHEA:40387,encoded_general_reaction,valid,cached,False,
4995,RHEA:40395,encoded_general_reaction,valid,cached,False,
4996,RHEA:40399,encoded_general_reaction,valid,cached,False,
4997,RHEA:40403,encoded_general_reaction,valid,cached,False,
4998,RHEA:40407,encoded_general_reaction,valid,cached,False,
4999,RHEA:40411,encoded_general_reaction,valid,cached,False,
5000,RHEA:40415,encoded_general_reaction,valid,cached,False,
5001,RHEA:40419,encoded_general_reaction,valid,cached,False,
5002,RHEA:40423,encoded_general_reaction,valid,cached,False,
5003,RHEA:40427,encoded_general_reaction,valid,cached,False,
5004,RHEA:40431,encoded_general_reaction,valid,cached,False,
5005,RHEA:40435,encoded_general_reaction,valid,cached,False,
5006,RHEA:40439,encoded_general_reaction,valid,cached,False,
5007,RHEA:40443,encoded_general_reaction,valid,cached,False,
5008,RHEA:40447,encoded_general_reaction,valid,cached,False,
5009,RHEA:40451,encoded_general_reaction,valid,cached,False,
5010,RHEA:40455,encoded_general_reaction,valid,cached,False,
5011,RHEA:40459,encoded_general_reaction,valid,cached,False,
5012,RHEA:40463,encoded_general_reaction,valid,cached,False,
5013,RHEA:40467,encoded_general_reaction,valid,cached,False,
5014,RHEA:40475,encoded_general_reaction,valid,cached,False,
5015,RHEA:40479,encoded_general_reaction,valid,cached,False,
5016,RHEA:40483,encoded_general_reaction,valid,cached,False,
5017,RHEA:40487,encoded_general_reaction,valid,cached,False,
5018,RHEA:40491,encoded_general_reaction,valid,cached,False,
5019,RHEA:40495,encoded_general_reaction,valid,cached,False,
5020,RHEA:40499,encoded_general_reaction,valid,cached,False,
5021,RHEA:40503,encoded_general_reaction,valid,cached,False,
5022,RHEA:40511,encoded_general_reaction,valid,cached,False,
5023,RHEA:40515,encoded_general_reaction,valid,cached,False,
5024,RHEA:40519,encoded_general_reaction,valid,cached,False,
5025,RHEA:40523,encoded_general_reaction,valid,cached,False,
5026,RHEA:40531,encoded_general_reaction,valid,cached,False,
5027,RHEA:40535,encoded_general_reaction,valid,cached,False,
5028,RHEA:40539,encoded_general_reaction,valid,cached,False,
5029,RHEA:40543,encoded_general_reaction,valid,cached,False,
5030,RHEA:40547,encoded_general_reaction,valid,cached,False,
5031,RHEA:40551,encoded_general_reaction,valid,cached,False,
5032,RHEA:40555,encoded_general_reaction,valid,cached,False,
5033,RHEA:40559,encoded_general_reaction,valid,cached,False,
5034,RHEA:40563,encoded_general_reaction,valid,cached,False,
5035,RHEA:40571,encoded_general_reaction,valid,cached,False,
5036,RHEA:40575,encoded_general_reaction,valid,cached,False,
5037,RHEA:40579,encoded_general_reaction,valid,cached,False,
5038,RHEA:40583,encoded_general_reaction,valid,cached,False,
5039,RHEA:40587,encoded_general_reaction,valid,cached,False,
5040,RHEA:40591,encoded_general_reaction,valid,cached,False,
5041,RHEA:40595,encoded_general_reaction,valid,cached,False,
5042,RHEA:40639,encoded_general_reaction,valid,cached,False,
5043,RHEA:40643,encoded_general_reaction,valid,cached,False,
5044,RHEA:40647,encoded_general_reaction,valid,cached,False,
5045,RHEA:40651,encoded_general_reaction,valid,cached,False,
5046,RHEA:40655,encoded_general_reaction,valid,cached,False,
5047,RHEA:40659,encoded_general_reaction,valid,cached,False,
5048,RHEA:40671,encoded_general_reaction,valid,cached,False,
5049,RHEA:40715,encoded_general_reaction,valid,cached,False,
5050,RHEA:40719,encoded_general_reaction,valid,cached,False,
5051,RHEA:40723,encoded_general_reaction,valid,cached,False,
5052,RHEA:40727,encoded_general_reaction,valid,cached,False,
5053,RHEA:40747,encoded_general_reaction,valid,cached,False,
5054,RHEA:40783,encoded_general_reaction,valid,cached,False,
5055,RHEA:40787,encoded_general_reaction,valid,cached,False,
5056,RHEA:40791,encoded_general_reaction,valid,cached,False,
5057,RHEA:40795,encoded_general_reaction,valid,cached,False,
5058,RHEA:40799,encoded_general_reaction,valid,cached,False,
5059,RHEA:40803,encoded_general_reaction,valid,cached,False,
5060,RHEA:40807,encoded_general_reaction,valid,cached,False,
5061,RHEA:40811,encoded_general_reaction,valid,cached,False,
5062,RHEA:40815,encoded_general_reaction,valid,cached,False,
5063,RHEA:40819,encoded_general_reaction,valid,cached,False,
5064,RHEA:40823,encoded_general_reaction,valid,cached,False,
5065,RHEA:40827,encoded_general_reaction,valid,cached,False,
5066,RHEA:40831,encoded_general_reaction,valid,cached,False,
5067,RHEA:40879,encoded_general_reaction,valid,cached,False,
5068,RHEA:40887,encoded_general_reaction,valid,cached,False,
5069,RHEA:40891,encoded_general_reaction,valid,cached,False,
5070,RHEA:40895,encoded_general_reaction,valid,cached,False,
5071,RHEA:40899,encoded_general_reaction,valid,cached,False,
5072,RHEA:40903,encoded_general_reaction,valid,cached,False,
5073,RHEA:40907,encoded_general_reaction,valid,cached,False,
5074,RHEA:40911,encoded_general_reaction,valid,cached,False,
5075,RHEA:40915,encoded_general_reaction,valid,cached,False,
5076,RHEA:40919,encoded_general_reaction,valid,cached,False,
5077,RHEA:40923,encoded_general_reaction,valid,cached,False,
5078,RHEA:40927,encoded_general_reaction,valid,cached,False,
5079,RHEA:40931,encoded_general_reaction,valid,cached,False,
5080,RHEA:40943,encoded_general_reaction,valid,cached,False,
5081,RHEA:40951,encoded_general_reaction,valid,cached,False,
5082,RHEA:40955,encoded_general_reaction,valid,cached,False,
5083,RHEA:40959,encoded_general_reaction,valid,cached,False,
5084,RHEA:40963,encoded_general_reaction,valid,cached,False,
5085,RHEA:40967,encoded_general_reaction,valid,cached,False,
5086,RHEA:40971,encoded_general_reaction,valid,cached,False,
5087,RHEA:40975,encoded_general_reaction,valid,cached,False,
5088,RHEA:40979,encoded_general_reaction,valid,cached,False,
5089,RHEA:40983,encoded_general_reaction,valid,cached,False,
5090,RHEA:40991,encoded_general_reaction,valid,cached,False,
5091,RHEA:40995,encoded_general_reaction,valid,cached,False,
5092,RHEA:40999,encoded_general_reaction,valid,cached,False,
5093,RHEA:41003,encoded_general_reaction,valid,cached,False,
5094,RHEA:41007,encoded_general_reaction,valid,cached,False,
5095,RHEA:41063,encoded_general_reaction,valid,cached,False,
5096,RHEA:41067,encoded_general_reaction,valid,cached,False,
5097,RHEA:41071,encoded_general_reaction,valid,cached,False,
5098,RHEA:41075,encoded_general_reaction,valid,cached,False,
5099,RHEA:41079,encoded_general_reaction,valid,cached,False,
5100,RHEA:41087,encoded_general_reaction,valid,cached,False,
5101,RHEA:41091,encoded_general_reaction,valid,cached,False,
5102,RHEA:41095,encoded_general_reaction,valid,cached,False,
5103,RHEA:41099,encoded_general_reaction,valid,cached,False,
5104,RHEA:41103,encoded_general_reaction,valid,cached,False,
5105,RHEA:41107,encoded_general_reaction,valid,cached,False,
5106,RHEA:41111,encoded_general_reaction,valid,cached,False,
5107,RHEA:41115,encoded_general_reaction,valid,cached,False,
5108,RHEA:41119,encoded_general_reaction,valid,cached,False,
5109,RHEA:41123,encoded_general_reaction,valid,cached,False,
5110,RHEA:41127,encoded_general_reaction,valid,cached,False,
5111,RHEA:41131,encoded_general_reaction,valid,cached,False,
5112,RHEA:41135,encoded_general_reaction,valid,cached,False,
5113,RHEA:41139,encoded_general_reaction,valid,cached,False,
5114,RHEA:41143,encoded_general_reaction,valid,cached,False,
5115,RHEA:41147,encoded_general_reaction,valid,cached,False,
5116,RHEA:41151,encoded_general_reaction,valid,cached,False,
5117,RHEA:41155,encoded_general_reaction,valid,cached,False,
5118,RHEA:41159,encoded_general_reaction,valid,cached,False,
5119,RHEA:41163,encoded_general_reaction,valid,cached,False,
5120,RHEA:41175,encoded_general_reaction,valid,cached,False,
5121,RHEA:41179,encoded_general_reaction,valid,cached,False,
5122,RHEA:41183,encoded_general_reaction,valid,cached,False,
5123,RHEA:41187,encoded_general_reaction,valid,cached,False,
5124,RHEA:41191,encoded_general_reaction,valid,cached,False,
5125,RHEA:41195,encoded_general_reaction,valid,cached,False,
5126,RHEA:41199,encoded_general_reaction,valid,cached,False,
5127,RHEA:41203,encoded_general_reaction,valid,cached,False,
5128,RHEA:41211,encoded_general_reaction,valid,cached,False,
5129,RHEA:41215,encoded_general_reaction,valid,cached,False,
5130,RHEA:41219,encoded_general_reaction,valid,cached,False,
5131,RHEA:41223,encoded_general_reaction,valid,cached,False,
5132,RHEA:41227,encoded_general_reaction,valid,cached,False,
5133,RHEA:41231,encoded_general_reaction,valid,cached,False,
5134,RHEA:41239,encoded_general_reaction,valid,cached,False,
5135,RHEA:41243,encoded_general_reaction,valid,cached,False,
5136,RHEA:41251,encoded_general_reaction,valid,cached,False,
5137,RHEA:41255,encoded_general_reaction,valid,cached,False,
5138,RHEA:41263,encoded_general_reaction,valid,cached,False,
5139,RHEA:41267,encoded_general_reaction,valid,cached,False,
5140,RHEA:41271,encoded_general_reaction,valid,cached,False,
5141,RHEA:41275,encoded_general_reaction,valid,cached,False,
5142,RHEA:41279,encoded_general_reaction,valid,cached,False,
5143,RHEA:41283,encoded_general_reaction,valid,cached,False,
5144,RHEA:41287,encoded_general_reaction,valid,cached,False,
5145,RHEA:41291,encoded_general_reaction,valid,cached,False,
5146,RHEA:41295,encoded_general_reaction,valid,cached,False,
5147,RHEA:41299,encoded_general_reaction,valid,cached,False,
5148,RHEA:41303,encoded_general_reaction,valid,cached,False,
5149,RHEA:41307,encoded_general_reaction,valid,cached,False,
5150,RHEA:41311,encoded_general_reaction,valid,cached,False,
5151,RHEA:41315,encoded_general_reaction,valid,cached,False,
5152,RHEA:41320,encoded_general_reaction,valid,cached,False,
5153,RHEA:41324,encoded_general_reaction,valid,cached,False,
5154,RHEA:41328,encoded_general_reaction,valid,cached,False,
5155,RHEA:41332,encoded_general_reaction,valid,cached,False,
5156,RHEA:41336,encoded_general_reaction,valid,cached,False,
5157,RHEA:41340,encoded_general_reaction,valid,cached,False,
5158,RHEA:41344,encoded_general_reaction,valid,cached,False,
5159,RHEA:41348,encoded_general_reaction,valid,cached,False,
5160,RHEA:41352,encoded_general_reaction,valid,cached,False,
5161,RHEA:41360,encoded_general_reaction,valid,cached,False,
5162,RHEA:41364,encoded_general_reaction,valid,cached,False,
5163,RHEA:41368,encoded_general_reaction,valid,cached,False,
5164,RHEA:41372,encoded_general_reaction,valid,cached,False,
5165,RHEA:41376,encoded_general_reaction,valid,cached,False,
5166,RHEA:41380,encoded_general_reaction,valid,cached,False,
5167,RHEA:41384,encoded_general_reaction,valid,cached,False,
5168,RHEA:41388,encoded_general_reaction,valid,cached,False,
5169,RHEA:41396,encoded_general_reaction,valid,cached,False,
5170,RHEA:41400,encoded_general_reaction,valid,cached,False,
5171,RHEA:41408,encoded_general_reaction,valid,cached,False,
5172,RHEA:41412,encoded_general_reaction,valid,cached,False,
5173,RHEA:41416,encoded_general_reaction,valid,cached,False,
5174,RHEA:41420,encoded_general_reaction,valid,cached,False,
5175,RHEA:41424,encoded_general_reaction,valid,cached,False,
5176,RHEA:41428,encoded_general_reaction,valid,cached,False,
5177,RHEA:41432,encoded_general_reaction,valid,cached,False,
5178,RHEA:41436,encoded_general_reaction,valid,cached,False,
5179,RHEA:41440,encoded_general_reaction,valid,cached,False,
5180,RHEA:41444,encoded_general_reaction,valid,cached,False,
5181,RHEA:41448,encoded_general_reaction,valid,cached,False,
5182,RHEA:41452,encoded_general_reaction,valid,cached,False,
5183,RHEA:41464,encoded_general_reaction,valid,cached,False,
5184,RHEA:41468,encoded_general_reaction,valid,cached,False,
5185,RHEA:41472,encoded_general_reaction,valid,cached,False,
5186,RHEA:41476,encoded_general_reaction,valid,cached,False,
5187,RHEA:41484,encoded_general_reaction,valid,cached,False,
5188,RHEA:41488,encoded_general_reaction,valid,cached,False,
5189,RHEA:41492,encoded_general_reaction,valid,cached,False,
5190,RHEA:41496,encoded_general_reaction,valid,cached,False,
5191,RHEA:41500,encoded_general_reaction,valid,cached,False,
5192,RHEA:41508,encoded_general_reaction,valid,cached,False,
5193,RHEA:41512,encoded_general_reaction,valid,cached,False,
5194,RHEA:41516,encoded_general_reaction,valid,cached,False,
5195,RHEA:41520,encoded_general_reaction,valid,cached,False,
5196,RHEA:41524,encoded_general_reaction,valid,cached,False,
5197,RHEA:41528,encoded_general_reaction,valid,cached,False,
5198,RHEA:41532,encoded_general_reaction,valid,cached,False,
5199,RHEA:41536,encoded_general_reaction,valid,cached,False,
5200,RHEA:41540,encoded_general_reaction,valid,cached,False,
5201,RHEA:41544,encoded_general_reaction,valid,cached,False,
5202,RHEA:41548,encoded_general_reaction,valid,cached,False,
5203,RHEA:41552,copied_reference_feature,precomputed,precomputed,False,
5204,RHEA:41556,encoded_general_reaction,valid,cached,False,
5205,RHEA:41560,encoded_general_reaction,valid,cached,False,
5206,RHEA:41564,encoded_general_reaction,valid,cached,False,
5207,RHEA:41568,encoded_general_reaction,valid,cached,False,
5208,RHEA:41572,encoded_general_reaction,valid,cached,False,
5209,RHEA:41576,encoded_general_reaction,valid,cached,False,
5210,RHEA:41580,encoded_general_reaction,valid,cached,False,
5211,RHEA:41584,encoded_general_reaction,valid,cached,False,
5212,RHEA:41588,encoded_general_reaction,valid,cached,False,
5213,RHEA:41592,encoded_general_reaction,valid,cached,False,
5214,RHEA:41596,encoded_general_reaction,valid,cached,False,
5215,RHEA:41600,encoded_general_reaction,valid,cached,False,
5216,RHEA:41604,encoded_general_reaction,valid,cached,False,
5217,RHEA:41608,encoded_general_reaction,valid,cached,False,
5218,RHEA:41612,encoded_general_reaction,valid,cached,False,
5219,RHEA:41616,encoded_general_reaction,valid,cached,False,
5220,RHEA:41624,encoded_general_reaction,valid,cached,False,
5221,RHEA:41628,copied_reference_feature,precomputed,precomputed,False,
5222,RHEA:41640,encoded_general_reaction,valid,cached,False,
5223,RHEA:41644,encoded_general_reaction,valid,cached,False,
5224,RHEA:41648,encoded_general_reaction,valid,cached,False,
5225,RHEA:41656,encoded_general_reaction,valid,cached,False,
5226,RHEA:41660,encoded_general_reaction,valid,cached,False,
5227,RHEA:41664,encoded_general_reaction,valid,cached,False,
5228,RHEA:41668,encoded_general_reaction,valid,cached,False,
5229,RHEA:41672,encoded_general_reaction,valid,cached,False,
5230,RHEA:41676,encoded_general_reaction,valid,cached,False,
5231,RHEA:41684,encoded_general_reaction,valid,cached,False,
5232,RHEA:41688,encoded_general_reaction,valid,cached,False,
5233,RHEA:41692,encoded_general_reaction,valid,cached,False,
5234,RHEA:41696,encoded_general_reaction,valid,cached,False,
5235,RHEA:41700,encoded_general_reaction,valid,cached,False,
5236,RHEA:41704,encoded_general_reaction,valid,cached,False,
5237,RHEA:41708,encoded_general_reaction,valid,cached,False,
5238,RHEA:41712,encoded_general_reaction,valid,cached,False,
5239,RHEA:41716,encoded_general_reaction,valid,cached,False,
5240,RHEA:41720,encoded_general_reaction,valid,cached,False,
5241,RHEA:41724,encoded_general_reaction,valid,cached,False,
5242,RHEA:41728,encoded_general_reaction,valid,cached,False,
5243,RHEA:41736,encoded_general_reaction,valid,cached,False,
5244,RHEA:41740,encoded_general_reaction,valid,cached,False,
5245,RHEA:41744,encoded_general_reaction,valid,cached,False,
5246,RHEA:41748,encoded_general_reaction,valid,cached,False,
5247,RHEA:41752,encoded_general_reaction,valid,cached,False,
5248,RHEA:41756,encoded_general_reaction,valid,cached,False,
5249,RHEA:41760,encoded_general_reaction,valid,cached,False,
5250,RHEA:41764,encoded_general_reaction,valid,cached,False,
5251,RHEA:41768,encoded_general_reaction,valid,cached,False,
5252,RHEA:41772,encoded_general_reaction,valid,cached,False,
5253,RHEA:41776,encoded_general_reaction,valid,cached,False,
5254,RHEA:41780,encoded_general_reaction,valid,cached,False,
5255,RHEA:41784,encoded_general_reaction,valid,cached,False,
5256,RHEA:41788,encoded_general_reaction,valid,cached,False,
5257,RHEA:41792,encoded_general_reaction,valid,cached,False,
5258,RHEA:41796,encoded_general_reaction,valid,cached,False,
5259,RHEA:41800,encoded_general_reaction,valid,cached,False,
5260,RHEA:41804,encoded_general_reaction,valid,cached,False,
5261,RHEA:41808,encoded_general_reaction,valid,cached,False,
5262,RHEA:41812,encoded_general_reaction,valid,cached,False,
5263,RHEA:41816,encoded_general_reaction,valid,cached,False,
5264,RHEA:41820,encoded_general_reaction,valid,cached,False,
5265,RHEA:41824,encoded_general_reaction,valid,cached,False,
5266,RHEA:41828,encoded_general_reaction,valid,cached,False,
5267,RHEA:41832,encoded_general_reaction,valid,cached,False,
5268,RHEA:41836,encoded_general_reaction,valid,cached,False,
5269,RHEA:41840,encoded_general_reaction,valid,cached,False,
5270,RHEA:41844,encoded_general_reaction,valid,cached,False,
5271,RHEA:41848,encoded_general_reaction,valid,cached,False,
5272,RHEA:41852,encoded_general_reaction,valid,cached,False,
5273,RHEA:41856,encoded_general_reaction,valid,cached,False,
5274,RHEA:41860,encoded_general_reaction,valid,cached,False,
5275,RHEA:41864,encoded_general_reaction,valid,cached,False,
5276,RHEA:41868,encoded_general_reaction,valid,cached,False,
5277,RHEA:41872,encoded_general_reaction,valid,cached,False,
5278,RHEA:41876,encoded_general_reaction,valid,cached,False,
5279,RHEA:41880,encoded_general_reaction,valid,cached,False,
5280,RHEA:41884,encoded_general_reaction,valid,cached,False,
5281,RHEA:41888,encoded_general_reaction,valid,cached,False,
5282,RHEA:41892,encoded_general_reaction,valid,cached,False,
5283,RHEA:41896,encoded_general_reaction,valid,cached,False,
5284,RHEA:41900,encoded_general_reaction,valid,cached,False,
5285,RHEA:41904,encoded_general_reaction,valid,cached,False,
5286,RHEA:41908,encoded_general_reaction,valid,cached,False,
5287,RHEA:41912,encoded_general_reaction,valid,cached,False,
5288,RHEA:41916,encoded_general_reaction,valid,cached,False,
5289,RHEA:41920,encoded_general_reaction,valid,cached,False,
5290,RHEA:41924,encoded_general_reaction,valid,cached,False,
5291,RHEA:41928,encoded_general_reaction,valid,cached,False,
5292,RHEA:41932,encoded_general_reaction,valid,cached,False,
5293,RHEA:41936,encoded_general_reaction,valid,cached,False,
5294,RHEA:41940,encoded_general_reaction,valid,cached,False,
5295,RHEA:41944,encoded_general_reaction,valid,cached,False,
5296,RHEA:41948,encoded_general_reaction,valid,cached,False,
5297,RHEA:41952,encoded_general_reaction,valid,cached,False,
5298,RHEA:41956,encoded_general_reaction,valid,cached,False,
5299,RHEA:41960,encoded_general_reaction,valid,cached,False,
5300,RHEA:41964,encoded_general_reaction,valid,cached,False,
5301,RHEA:41968,encoded_general_reaction,valid,cached,False,
5302,RHEA:41972,encoded_general_reaction,valid,cached,False,
5303,RHEA:41976,encoded_general_reaction,valid,cached,False,
5304,RHEA:41980,encoded_general_reaction,valid,cached,False,
5305,RHEA:41984,encoded_general_reaction,valid,cached,False,
5306,RHEA:41988,encoded_general_reaction,valid,cached,False,
5307,RHEA:41992,encoded_general_reaction,valid,cached,False,
5308,RHEA:41996,encoded_general_reaction,valid,cached,False,
5309,RHEA:42000,encoded_general_reaction,valid,cached,False,
5310,RHEA:42004,encoded_general_reaction,valid,cached,False,
5311,RHEA:42008,encoded_general_reaction,valid,cached,False,
5312,RHEA:42012,encoded_general_reaction,valid,cached,False,
5313,RHEA:42016,encoded_general_reaction,valid,cached,False,
5314,RHEA:42020,encoded_general_reaction,valid,cached,False,
5315,RHEA:42024,encoded_general_reaction,valid,cached,False,
5316,RHEA:42028,encoded_general_reaction,valid,cached,False,
5317,RHEA:42032,encoded_general_reaction,valid,cached,False,
5318,RHEA:42036,encoded_general_reaction,valid,cached,False,
5319,RHEA:42040,encoded_general_reaction,valid,cached,False,
5320,RHEA:42044,encoded_general_reaction,valid,cached,False,
5321,RHEA:42048,encoded_general_reaction,valid,cached,False,
5322,RHEA:42052,encoded_general_reaction,valid,cached,False,
5323,RHEA:42056,encoded_general_reaction,valid,cached,False,
5324,RHEA:42060,encoded_general_reaction,valid,cached,False,
5325,RHEA:42064,encoded_general_reaction,valid,cached,False,
5326,RHEA:42072,encoded_general_reaction,valid,cached,False,
5327,RHEA:42080,encoded_general_reaction,valid,cached,False,
5328,RHEA:42084,encoded_general_reaction,valid,cached,False,
5329,RHEA:42088,encoded_general_reaction,valid,cached,False,
5330,RHEA:42092,encoded_general_reaction,valid,cached,False,
5331,RHEA:42096,encoded_general_reaction,valid,cached,False,
5332,RHEA:42100,encoded_general_reaction,valid,cached,False,
5333,RHEA:42108,encoded_general_reaction,valid,cached,False,
5334,RHEA:42112,encoded_general_reaction,valid,cached,False,
5335,RHEA:42116,encoded_general_reaction,valid,cached,False,
5336,RHEA:42120,encoded_general_reaction,valid,cached,False,
5337,RHEA:42124,encoded_general_reaction,valid,cached,False,
5338,RHEA:42128,encoded_general_reaction,valid,cached,False,
5339,RHEA:42132,encoded_general_reaction,valid,cached,False,
5340,RHEA:42136,encoded_general_reaction,valid,cached,False,
5341,RHEA:42140,encoded_general_reaction,valid,cached,False,
5342,RHEA:42144,encoded_general_reaction,valid,cached,False,
5343,RHEA:42148,encoded_general_reaction,valid,cached,False,
5344,RHEA:42156,encoded_general_reaction,valid,cached,False,
5345,RHEA:42160,encoded_general_reaction,valid,cached,False,
5346,RHEA:42164,encoded_general_reaction,valid,cached,False,
5347,RHEA:42168,encoded_general_reaction,valid,cached,False,
5348,RHEA:42176,encoded_general_reaction,valid,cached,False,
5349,RHEA:42180,encoded_general_reaction,valid,cached,False,
5350,RHEA:42184,encoded_general_reaction,valid,cached,False,
5351,RHEA:42188,encoded_general_reaction,valid,cached,False,
5352,RHEA:42192,encoded_general_reaction,valid,cached,False,
5353,RHEA:42196,encoded_general_reaction,valid,cached,False,
5354,RHEA:42200,encoded_general_reaction,valid,cached,False,
5355,RHEA:42204,encoded_general_reaction,valid,cached,False,
5356,RHEA:42212,encoded_general_reaction,valid,cached,False,
5357,RHEA:42216,encoded_general_reaction,valid,cached,False,
5358,RHEA:42220,encoded_general_reaction,valid,cached,False,
5359,RHEA:42232,encoded_general_reaction,valid,cached,False,
5360,RHEA:42236,encoded_general_reaction,valid,cached,False,
5361,RHEA:42240,encoded_general_reaction,valid,cached,False,
5362,RHEA:42244,encoded_general_reaction,valid,cached,False,
5363,RHEA:42248,encoded_general_reaction,valid,cached,False,
5364,RHEA:42252,encoded_general_reaction,valid,cached,False,
5365,RHEA:42256,encoded_general_reaction,valid,cached,False,
5366,RHEA:42260,encoded_general_reaction,valid,cached,False,
5367,RHEA:42264,encoded_general_reaction,valid,cached,False,
5368,RHEA:42268,encoded_general_reaction,valid,cached,False,
5369,RHEA:42272,encoded_general_reaction,valid,cached,False,
5370,RHEA:42276,encoded_general_reaction,valid,cached,False,
5371,RHEA:42280,encoded_general_reaction,valid,cached,False,
5372,RHEA:42284,encoded_general_reaction,valid,cached,False,
5373,RHEA:42288,encoded_general_reaction,valid,cached,False,
5374,RHEA:42292,encoded_general_reaction,valid,cached,False,
5375,RHEA:42296,encoded_general_reaction,valid,cached,False,
5376,RHEA:42300,encoded_general_reaction,valid,cached,False,
5377,RHEA:42304,encoded_general_reaction,valid,cached,False,
5378,RHEA:42308,encoded_general_reaction,valid,cached,False,
5379,RHEA:42312,encoded_general_reaction,valid,cached,False,
5380,RHEA:42316,encoded_general_reaction,valid,cached,False,
5381,RHEA:42320,encoded_general_reaction,valid,cached,False,
5382,RHEA:42328,encoded_general_reaction,valid,cached,False,
5383,RHEA:42332,encoded_general_reaction,valid,cached,False,
5384,RHEA:42336,encoded_general_reaction,valid,cached,False,
5385,RHEA:42340,encoded_general_reaction,valid,cached,False,
5386,RHEA:42344,encoded_general_reaction,valid,cached,False,
5387,RHEA:42348,encoded_general_reaction,valid,cached,False,
5388,RHEA:42356,encoded_general_reaction,valid,cached,False,
5389,RHEA:42360,encoded_general_reaction,valid,cached,False,
5390,RHEA:42368,encoded_general_reaction,valid,cached,False,
5391,RHEA:42380,encoded_general_reaction,valid,cached,False,
5392,RHEA:42384,encoded_general_reaction,valid,cached,False,
5393,RHEA:42388,encoded_general_reaction,valid,cached,False,
5394,RHEA:42396,encoded_general_reaction,valid,cached,False,
5395,RHEA:42400,encoded_general_reaction,valid,cached,False,
5396,RHEA:42408,encoded_general_reaction,valid,cached,False,
5397,RHEA:42412,encoded_general_reaction,valid,cached,False,
5398,RHEA:42420,encoded_general_reaction,valid,cached,False,
5399,RHEA:42424,encoded_general_reaction,valid,cached,False,
5400,RHEA:42436,encoded_general_reaction,valid,cached,False,
5401,RHEA:42440,encoded_general_reaction,valid,cached,False,
5402,RHEA:42448,encoded_general_reaction,valid,cached,False,
5403,RHEA:42484,encoded_general_reaction,valid,cached,False,
5404,RHEA:42488,encoded_general_reaction,valid,cached,False,
5405,RHEA:42520,encoded_general_reaction,valid,cached,False,
5406,RHEA:42524,encoded_general_reaction,valid,cached,False,
5407,RHEA:42528,encoded_general_reaction,valid,cached,False,
5408,RHEA:42532,encoded_general_reaction,valid,cached,False,
5409,RHEA:42536,encoded_general_reaction,valid,cached,False,
5410,RHEA:42540,encoded_general_reaction,valid,cached,False,
5411,RHEA:42544,encoded_general_reaction,valid,cached,False,
5412,RHEA:42548,encoded_general_reaction,valid,cached,False,
5413,RHEA:42552,encoded_general_reaction,valid,cached,False,
5414,RHEA:42556,encoded_general_reaction,valid,cached,False,
5415,RHEA:42560,encoded_general_reaction,valid,cached,False,
5416,RHEA:42564,encoded_general_reaction,valid,cached,False,
5417,RHEA:42580,encoded_general_reaction,valid,cached,False,
5418,RHEA:42584,encoded_general_reaction,valid,cached,False,
5419,RHEA:42588,encoded_general_reaction,valid,cached,False,
5420,RHEA:42592,encoded_general_reaction,valid,cached,False,
5421,RHEA:42596,encoded_general_reaction,valid,cached,False,
5422,RHEA:42600,encoded_general_reaction,valid,cached,False,
5423,RHEA:42604,encoded_general_reaction,valid,cached,False,
5424,RHEA:42620,encoded_general_reaction,valid,cached,False,
5425,RHEA:42624,encoded_general_reaction,valid,cached,False,
5426,RHEA:42628,encoded_general_reaction,valid,cached,False,
5427,RHEA:42632,encoded_general_reaction,valid,cached,False,
5428,RHEA:42636,encoded_general_reaction,valid,cached,False,
5429,RHEA:42644,encoded_general_reaction,valid,cached,False,
5430,RHEA:42652,encoded_general_reaction,valid,cached,False,
5431,RHEA:42656,encoded_general_reaction,valid,cached,False,
5432,RHEA:42660,encoded_general_reaction,valid,cached,False,
5433,RHEA:42664,encoded_general_reaction,valid,cached,False,
5434,RHEA:42668,encoded_general_reaction,valid,cached,False,
5435,RHEA:42672,encoded_general_reaction,valid,cached,False,
5436,RHEA:42684,encoded_general_reaction,valid,cached,False,
5437,RHEA:42688,encoded_general_reaction,valid,cached,False,
5438,RHEA:42700,encoded_general_reaction,valid,cached,False,
5439,RHEA:42704,encoded_general_reaction,valid,cached,False,
5440,RHEA:42708,encoded_general_reaction,valid,cached,False,
5441,RHEA:42712,encoded_general_reaction,valid,cached,False,
5442,RHEA:42716,encoded_general_reaction,valid,cached,False,
5443,RHEA:42720,encoded_general_reaction,valid,cached,False,
5444,RHEA:42724,encoded_general_reaction,valid,cached,False,
5445,RHEA:42728,encoded_general_reaction,valid,cached,False,
5446,RHEA:42732,encoded_general_reaction,valid,cached,False,
5447,RHEA:42736,encoded_general_reaction,valid,cached,False,
5448,RHEA:42740,encoded_general_reaction,valid,cached,False,
5449,RHEA:42744,encoded_general_reaction,valid,cached,False,
5450,RHEA:42748,encoded_general_reaction,valid,cached,False,
5451,RHEA:42752,encoded_general_reaction,valid,cached,False,
5452,RHEA:42756,encoded_general_reaction,valid,cached,False,
5453,RHEA:42760,encoded_general_reaction,valid,cached,False,
5454,RHEA:42768,encoded_general_reaction,valid,cached,False,
5455,RHEA:42772,encoded_general_reaction,valid,cached,False,
5456,RHEA:42776,encoded_general_reaction,valid,cached,False,
5457,RHEA:42780,encoded_general_reaction,valid,cached,False,
5458,RHEA:42784,encoded_general_reaction,valid,cached,False,
5459,RHEA:42788,encoded_general_reaction,valid,cached,False,
5460,RHEA:42792,encoded_general_reaction,valid,cached,False,
5461,RHEA:42796,encoded_general_reaction,valid,cached,False,
5462,RHEA:42800,encoded_general_reaction,valid,cached,False,
5463,RHEA:42804,encoded_general_reaction,valid,cached,False,
5464,RHEA:42812,encoded_general_reaction,valid,cached,False,
5465,RHEA:42816,encoded_general_reaction,valid,cached,False,
5466,RHEA:42820,encoded_general_reaction,valid,cached,False,
5467,RHEA:42828,encoded_general_reaction,valid,cached,False,
5468,RHEA:42832,encoded_general_reaction,valid,cached,False,
5469,RHEA:42836,encoded_general_reaction,valid,cached,False,
5470,RHEA:42840,encoded_general_reaction,valid,cached,False,
5471,RHEA:42844,encoded_general_reaction,valid,cached,False,
5472,RHEA:42848,encoded_general_reaction,valid,cached,False,
5473,RHEA:42852,encoded_general_reaction,valid,cached,False,
5474,RHEA:42856,encoded_general_reaction,valid,cached,False,
5475,RHEA:42860,encoded_general_reaction,valid,cached,False,
5476,RHEA:42864,encoded_general_reaction,valid,cached,False,
5477,RHEA:42868,encoded_general_reaction,valid,cached,False,
5478,RHEA:42884,encoded_general_reaction,valid,cached,False,
5479,RHEA:42888,encoded_general_reaction,valid,cached,False,
5480,RHEA:42892,encoded_general_reaction,valid,cached,False,
5481,RHEA:42896,encoded_general_reaction,valid,cached,False,
5482,RHEA:42900,encoded_general_reaction,valid,cached,False,
5483,RHEA:42904,encoded_general_reaction,valid,cached,False,
5484,RHEA:42908,encoded_general_reaction,valid,cached,False,
5485,RHEA:42912,encoded_general_reaction,valid,cached,False,
5486,RHEA:42916,encoded_general_reaction,valid,cached,False,
5487,RHEA:42920,encoded_general_reaction,valid,cached,False,
5488,RHEA:42924,encoded_general_reaction,valid,cached,False,
5489,RHEA:42928,encoded_general_reaction,valid,cached,False,
5490,RHEA:42932,encoded_general_reaction,valid,cached,False,
5491,RHEA:42936,encoded_general_reaction,valid,cached,False,
5492,RHEA:42940,encoded_general_reaction,valid,cached,False,
5493,RHEA:42944,encoded_general_reaction,valid,cached,False,
5494,RHEA:42948,encoded_general_reaction,valid,cached,False,
5495,RHEA:42952,encoded_general_reaction,valid,cached,False,
5496,RHEA:42956,encoded_general_reaction,valid,cached,False,
5497,RHEA:42960,encoded_general_reaction,valid,cached,False,
5498,RHEA:42968,encoded_general_reaction,valid,cached,False,
5499,RHEA:42972,encoded_general_reaction,valid,cached,False,
5500,RHEA:42984,copied_reference_feature,precomputed,precomputed,False,
5501,RHEA:42988,copied_reference_feature,precomputed,precomputed,False,
5502,RHEA:42992,copied_reference_feature,precomputed,precomputed,False,
5503,RHEA:42996,copied_reference_feature,precomputed,precomputed,False,
5504,RHEA:43000,copied_reference_feature,precomputed,precomputed,False,
5505,RHEA:43040,encoded_general_reaction,valid,cached,False,
5506,RHEA:43044,encoded_general_reaction,valid,cached,False,
5507,RHEA:43048,encoded_general_reaction,valid,cached,False,
5508,RHEA:43052,encoded_general_reaction,valid,cached,False,
5509,RHEA:43056,encoded_general_reaction,valid,cached,False,
5510,RHEA:43060,encoded_general_reaction,valid,cached,False,
5511,RHEA:43064,encoded_general_reaction,valid,cached,False,
5512,RHEA:43068,encoded_general_reaction,valid,cached,False,
5513,RHEA:43072,encoded_general_reaction,valid,cached,False,
5514,RHEA:43076,encoded_general_reaction,valid,cached,False,
5515,RHEA:43080,encoded_general_reaction,valid,cached,False,
5516,RHEA:43084,encoded_general_reaction,valid,cached,False,
5517,RHEA:43088,encoded_general_reaction,valid,cached,False,
5518,RHEA:43092,encoded_general_reaction,valid,cached,False,
5519,RHEA:43096,encoded_general_reaction,valid,cached,False,
5520,RHEA:43100,encoded_general_reaction,valid,cached,False,
5521,RHEA:43108,encoded_general_reaction,valid,cached,False,
5522,RHEA:43116,encoded_general_reaction,valid,cached,False,
5523,RHEA:43120,encoded_general_reaction,valid,cached,False,
5524,RHEA:43124,encoded_general_reaction,valid,cached,False,
5525,RHEA:43128,encoded_general_reaction,valid,cached,False,
5526,RHEA:43136,encoded_general_reaction,valid,cached,False,
5527,RHEA:43140,encoded_general_reaction,valid,cached,False,
5528,RHEA:43144,encoded_general_reaction,valid,cached,False,
5529,RHEA:43148,encoded_general_reaction,valid,cached,False,
5530,RHEA:43152,encoded_general_reaction,valid,cached,False,
5531,RHEA:43156,encoded_general_reaction,valid,cached,False,
5532,RHEA:43160,encoded_general_reaction,valid,cached,False,
5533,RHEA:43164,encoded_general_reaction,valid,cached,False,
5534,RHEA:43168,encoded_general_reaction,valid,cached,False,
5535,RHEA:43172,encoded_general_reaction,valid,cached,False,
5536,RHEA:43176,encoded_general_reaction,valid,cached,False,
5537,RHEA:43180,encoded_general_reaction,valid,cached,False,
5538,RHEA:43184,encoded_general_reaction,valid,cached,False,
5539,RHEA:43188,encoded_general_reaction,valid,cached,False,
5540,RHEA:43192,encoded_general_reaction,valid,cached,False,
5541,RHEA:43196,encoded_general_reaction,valid,cached,False,
5542,RHEA:43200,encoded_general_reaction,valid,cached,False,
5543,RHEA:43204,encoded_general_reaction,valid,cached,False,
5544,RHEA:43208,encoded_general_reaction,valid,cached,False,
5545,RHEA:43212,encoded_general_reaction,valid,cached,False,
5546,RHEA:43216,encoded_general_reaction,valid,cached,False,
5547,RHEA:43220,encoded_general_reaction,valid,cached,False,
5548,RHEA:43224,encoded_general_reaction,valid,cached,False,
5549,RHEA:43232,encoded_general_reaction,valid,cached,False,
5550,RHEA:43236,encoded_general_reaction,valid,cached,False,
5551,RHEA:43240,encoded_general_reaction,valid,cached,False,
5552,RHEA:43244,encoded_general_reaction,valid,cached,False,
5553,RHEA:43248,encoded_general_reaction,valid,cached,False,
5554,RHEA:43252,encoded_general_reaction,valid,cached,False,
5555,RHEA:43256,encoded_general_reaction,valid,cached,False,
5556,RHEA:43260,encoded_general_reaction,valid,cached,False,
5557,RHEA:43264,encoded_general_reaction,valid,cached,False,
5558,RHEA:43268,encoded_general_reaction,valid,cached,False,
5559,RHEA:43272,encoded_general_reaction,valid,cached,False,
5560,RHEA:43276,encoded_general_reaction,valid,cached,False,
5561,RHEA:43280,encoded_general_reaction,valid,cached,False,
5562,RHEA:43284,encoded_general_reaction,valid,cached,False,
5563,RHEA:43288,encoded_general_reaction,valid,cached,False,
5564,RHEA:43292,encoded_general_reaction,valid,cached,False,
5565,RHEA:43296,encoded_general_reaction,valid,cached,False,
5566,RHEA:43300,encoded_general_reaction,valid,cached,False,
5567,RHEA:43304,encoded_general_reaction,valid,cached,False,
5568,RHEA:43308,encoded_general_reaction,valid,cached,False,
5569,RHEA:43312,encoded_general_reaction,valid,cached,False,
5570,RHEA:43316,encoded_general_reaction,valid,cached,False,
5571,RHEA:43320,encoded_general_reaction,valid,cached,False,
5572,RHEA:43324,encoded_general_reaction,valid,cached,False,
5573,RHEA:43328,encoded_general_reaction,valid,cached,False,
5574,RHEA:43332,encoded_general_reaction,valid,cached,False,
5575,RHEA:43336,encoded_general_reaction,valid,cached,False,
5576,RHEA:43340,encoded_general_reaction,valid,cached,False,
5577,RHEA:43344,encoded_general_reaction,valid,cached,False,
5578,RHEA:43368,encoded_general_reaction,valid,cached,False,
5579,RHEA:43380,encoded_general_reaction,valid,cached,False,
5580,RHEA:43384,encoded_general_reaction,valid,cached,False,
5581,RHEA:43388,encoded_general_reaction,valid,cached,False,
5582,RHEA:43392,encoded_general_reaction,valid,cached,False,
5583,RHEA:43396,encoded_general_reaction,valid,cached,False,
5584,RHEA:43400,encoded_general_reaction,valid,cached,False,
5585,RHEA:43404,encoded_general_reaction,valid,cached,False,
5586,RHEA:43412,encoded_general_reaction,valid,cached,False,
5587,RHEA:43416,encoded_general_reaction,valid,cached,False,
5588,RHEA:43420,encoded_general_reaction,valid,cached,False,
5589,RHEA:43424,encoded_general_reaction,valid,cached,False,
5590,RHEA:43428,encoded_general_reaction,valid,cached,False,
5591,RHEA:43432,encoded_general_reaction,valid,cached,False,
5592,RHEA:43436,encoded_general_reaction,valid,cached,False,
5593,RHEA:43440,encoded_general_reaction,valid,cached,False,
5594,RHEA:43444,encoded_general_reaction,valid,cached,False,
5595,RHEA:43448,encoded_general_reaction,valid,cached,False,
5596,RHEA:43452,encoded_general_reaction,valid,cached,False,
5597,RHEA:43456,encoded_general_reaction,valid,cached,False,
5598,RHEA:43460,encoded_general_reaction,valid,cached,False,
5599,RHEA:43464,encoded_general_reaction,valid,cached,False,
5600,RHEA:43468,encoded_general_reaction,valid,cached,False,
5601,RHEA:43472,encoded_general_reaction,valid,cached,False,
5602,RHEA:43476,encoded_general_reaction,valid,cached,False,
5603,RHEA:43480,encoded_general_reaction,valid,cached,False,
5604,RHEA:43484,encoded_general_reaction,valid,cached,False,
5605,RHEA:43500,encoded_general_reaction,valid,cached,False,
5606,RHEA:43524,encoded_general_reaction,valid,cached,False,
5607,RHEA:43532,encoded_general_reaction,valid,cached,False,
5608,RHEA:43536,encoded_general_reaction,valid,cached,False,
5609,RHEA:43540,encoded_general_reaction,valid,cached,False,
5610,RHEA:43544,encoded_general_reaction,valid,cached,False,
5611,RHEA:43548,encoded_general_reaction,valid,cached,False,
5612,RHEA:43552,encoded_general_reaction,valid,cached,False,
5613,RHEA:43556,encoded_general_reaction,valid,cached,False,
5614,RHEA:43560,encoded_general_reaction,valid,cached,False,
5615,RHEA:43564,encoded_general_reaction,valid,cached,False,
5616,RHEA:43568,encoded_general_reaction,valid,cached,False,
5617,RHEA:43572,encoded_general_reaction,valid,cached,False,
5618,RHEA:43604,encoded_general_reaction,valid,cached,False,
5619,RHEA:43608,encoded_general_reaction,valid,cached,False,
5620,RHEA:43612,encoded_general_reaction,valid,cached,False,
5621,RHEA:43616,encoded_general_reaction,valid,cached,False,
5622,RHEA:43620,encoded_general_reaction,valid,cached,False,
5623,RHEA:43628,encoded_general_reaction,valid,cached,False,
5624,RHEA:43632,encoded_general_reaction,valid,cached,False,
5625,RHEA:43636,encoded_general_reaction,valid,cached,False,
5626,RHEA:43640,encoded_general_reaction,valid,cached,False,
5627,RHEA:43644,encoded_general_reaction,valid,cached,False,
5628,RHEA:43648,encoded_general_reaction,valid,cached,False,
5629,RHEA:43652,encoded_general_reaction,valid,cached,False,
5630,RHEA:43656,encoded_general_reaction,valid,cached,False,
5631,RHEA:43672,encoded_general_reaction,valid,cached,False,
5632,RHEA:43676,encoded_general_reaction,valid,cached,False,
5633,RHEA:43680,encoded_general_reaction,valid,cached,False,
5634,RHEA:43692,encoded_general_reaction,valid,cached,False,
5635,RHEA:43696,encoded_general_reaction,valid,cached,False,
5636,RHEA:43700,encoded_general_reaction,valid,cached,False,
5637,RHEA:43704,encoded_general_reaction,valid,cached,False,
5638,RHEA:43708,encoded_general_reaction,valid,cached,False,
5639,RHEA:43712,encoded_general_reaction,valid,cached,False,
5640,RHEA:43716,encoded_general_reaction,valid,cached,False,
5641,RHEA:43720,encoded_general_reaction,valid,cached,False,
5642,RHEA:43724,encoded_general_reaction,valid,cached,False,
5643,RHEA:43728,encoded_general_reaction,valid,cached,False,
5644,RHEA:43732,encoded_general_reaction,valid,cached,False,
5645,RHEA:43736,encoded_general_reaction,valid,cached,False,
5646,RHEA:43740,encoded_general_reaction,valid,cached,False,
5647,RHEA:43744,encoded_general_reaction,valid,cached,False,
5648,RHEA:43748,encoded_general_reaction,valid,cached,False,
5649,RHEA:43752,encoded_general_reaction,valid,cached,False,
5650,RHEA:43756,encoded_general_reaction,valid,cached,False,
5651,RHEA:43760,encoded_general_reaction,valid,cached,False,
5652,RHEA:43764,encoded_general_reaction,valid,cached,False,
5653,RHEA:43772,encoded_general_reaction,valid,cached,False,
5654,RHEA:43780,encoded_general_reaction,valid,cached,False,
5655,RHEA:43784,encoded_general_reaction,valid,cached,False,
5656,RHEA:43788,encoded_general_reaction,valid,cached,False,
5657,RHEA:43792,encoded_general_reaction,valid,cached,False,
5658,RHEA:43796,encoded_general_reaction,valid,cached,False,
5659,RHEA:43800,encoded_general_reaction,valid,cached,False,
5660,RHEA:43804,encoded_general_reaction,valid,cached,False,
5661,RHEA:43808,encoded_general_reaction,valid,cached,False,
5662,RHEA:43812,encoded_general_reaction,valid,cached,False,
5663,RHEA:43816,encoded_general_reaction,valid,cached,False,
5664,RHEA:43820,encoded_general_reaction,valid,cached,False,
5665,RHEA:43824,encoded_general_reaction,valid,cached,False,
5666,RHEA:43828,encoded_general_reaction,valid,cached,False,
5667,RHEA:43832,encoded_general_reaction,valid,cached,False,
5668,RHEA:43836,encoded_general_reaction,valid,cached,False,
5669,RHEA:43840,encoded_general_reaction,valid,cached,False,
5670,RHEA:43844,encoded_general_reaction,valid,cached,False,
5671,RHEA:43848,encoded_general_reaction,valid,cached,False,
5672,RHEA:43852,encoded_general_reaction,valid,cached,False,
5673,RHEA:43872,encoded_general_reaction,valid,cached,False,
5674,RHEA:43876,encoded_general_reaction,valid,cached,False,
5675,RHEA:43880,encoded_general_reaction,valid,cached,False,
5676,RHEA:43884,encoded_general_reaction,valid,cached,False,
5677,RHEA:43892,encoded_general_reaction,valid,cached,False,
5678,RHEA:43896,encoded_general_reaction,valid,cached,False,
5679,RHEA:43904,encoded_general_reaction,valid,cached,False,
5680,RHEA:43908,encoded_general_reaction,valid,cached,False,
5681,RHEA:43912,encoded_general_reaction,valid,cached,False,
5682,RHEA:43916,encoded_general_reaction,valid,cached,False,
5683,RHEA:43920,encoded_general_reaction,valid,cached,False,
5684,RHEA:43924,encoded_general_reaction,valid,cached,False,
5685,RHEA:43928,encoded_general_reaction,valid,cached,False,
5686,RHEA:43932,encoded_general_reaction,valid,cached,False,
5687,RHEA:43936,encoded_general_reaction,valid,cached,False,
5688,RHEA:43952,encoded_general_reaction,valid,cached,False,
5689,RHEA:43956,encoded_general_reaction,valid,cached,False,
5690,RHEA:43960,encoded_general_reaction,valid,cached,False,
5691,RHEA:43964,encoded_general_reaction,valid,cached,False,
5692,RHEA:43968,encoded_general_reaction,valid,cached,False,
5693,RHEA:43984,encoded_general_reaction,valid,cached,False,
5694,RHEA:43988,encoded_general_reaction,valid,cached,False,
5695,RHEA:43992,encoded_general_reaction,valid,cached,False,
5696,RHEA:44000,encoded_general_reaction,valid,cached,False,
5697,RHEA:44012,encoded_general_reaction,valid,cached,False,
5698,RHEA:44016,encoded_general_reaction,valid,cached,False,
5699,RHEA:44020,encoded_general_reaction,valid,cached,False,
5700,RHEA:44024,encoded_general_reaction,valid,cached,False,
5701,RHEA:44028,encoded_general_reaction,valid,cached,False,
5702,RHEA:44032,encoded_general_reaction,valid,cached,False,
5703,RHEA:44036,encoded_general_reaction,valid,cached,False,
5704,RHEA:44040,encoded_general_reaction,valid,cached,False,
5705,RHEA:44044,encoded_general_reaction,valid,cached,False,
5706,RHEA:44048,encoded_general_reaction,valid,cached,False,
5707,RHEA:44052,encoded_general_reaction,valid,cached,False,
5708,RHEA:44056,encoded_general_reaction,valid,cached,False,
5709,RHEA:44060,encoded_general_reaction,valid,cached,False,
5710,RHEA:44064,encoded_general_reaction,valid,cached,False,
5711,RHEA:44068,encoded_general_reaction,valid,cached,False,
5712,RHEA:44072,encoded_general_reaction,valid,cached,False,
5713,RHEA:44076,encoded_general_reaction,valid,cached,False,
5714,RHEA:44080,encoded_general_reaction,valid,cached,False,
5715,RHEA:44084,encoded_general_reaction,valid,cached,False,
5716,RHEA:44088,encoded_general_reaction,valid,cached,False,
5717,RHEA:44092,encoded_general_reaction,valid,cached,False,
5718,RHEA:44096,encoded_general_reaction,valid,cached,False,
5719,RHEA:44100,encoded_general_reaction,valid,cached,False,
5720,RHEA:44104,encoded_general_reaction,valid,cached,False,
5721,RHEA:44108,encoded_general_reaction,valid,cached,False,
5722,RHEA:44112,encoded_general_reaction,valid,cached,False,
5723,RHEA:44116,encoded_general_reaction,valid,cached,False,
5724,RHEA:44120,encoded_general_reaction,valid,cached,False,
5725,RHEA:44124,encoded_general_reaction,valid,cached,False,
5726,RHEA:44128,encoded_general_reaction,valid,cached,False,
5727,RHEA:44132,encoded_general_reaction,valid,cached,False,
5728,RHEA:44136,encoded_general_reaction,valid,cached,False,
5729,RHEA:44140,encoded_general_reaction,valid,cached,False,
5730,RHEA:44144,encoded_general_reaction,valid,cached,False,
5731,RHEA:44148,encoded_general_reaction,valid,cached,False,
5732,RHEA:44164,encoded_general_reaction,valid,cached,False,
5733,RHEA:44168,encoded_general_reaction,valid,cached,False,
5734,RHEA:44172,encoded_general_reaction,valid,cached,False,
5735,RHEA:44180,encoded_general_reaction,valid,cached,False,
5736,RHEA:44184,encoded_general_reaction,valid,cached,False,
5737,RHEA:44188,encoded_general_reaction,valid,cached,False,
5738,RHEA:44192,encoded_general_reaction,valid,cached,False,
5739,RHEA:44196,encoded_general_reaction,valid,cached,False,
5740,RHEA:44200,encoded_general_reaction,valid,cached,False,
5741,RHEA:44204,encoded_general_reaction,valid,cached,False,
5742,RHEA:44208,encoded_general_reaction,valid,cached,False,
5743,RHEA:44212,encoded_general_reaction,valid,cached,False,
5744,RHEA:44216,encoded_general_reaction,valid,cached,False,
5745,RHEA:44220,encoded_general_reaction,valid,cached,False,
5746,RHEA:44224,encoded_general_reaction,valid,cached,False,
5747,RHEA:44228,encoded_general_reaction,valid,cached,False,
5748,RHEA:44232,encoded_general_reaction,valid,cached,False,
5749,RHEA:44236,encoded_general_reaction,valid,cached,False,
5750,RHEA:44240,encoded_general_reaction,valid,cached,False,
5751,RHEA:44244,encoded_general_reaction,valid,cached,False,
5752,RHEA:44248,encoded_general_reaction,valid,cached,False,
5753,RHEA:44252,encoded_general_reaction,valid,cached,False,
5754,RHEA:44256,encoded_general_reaction,valid,cached,False,
5755,RHEA:44260,encoded_general_reaction,valid,cached,False,
5756,RHEA:44264,encoded_general_reaction,valid,cached,False,
5757,RHEA:44268,encoded_general_reaction,valid,cached,False,
5758,RHEA:44272,encoded_general_reaction,valid,cached,False,
5759,RHEA:44276,encoded_general_reaction,valid,cached,False,
5760,RHEA:44280,encoded_general_reaction,valid,cached,False,
5761,RHEA:44284,encoded_general_reaction,valid,cached,False,
5762,RHEA:44288,encoded_general_reaction,valid,cached,False,
5763,RHEA:44292,encoded_general_reaction,valid,cached,False,
5764,RHEA:44296,encoded_general_reaction,valid,cached,False,
5765,RHEA:44300,encoded_general_reaction,valid,cached,False,
5766,RHEA:44308,encoded_general_reaction,valid,cached,False,
5767,RHEA:44312,encoded_general_reaction,valid,cached,False,
5768,RHEA:44316,encoded_general_reaction,valid,cached,False,
5769,RHEA:44320,encoded_general_reaction,valid,cached,False,
5770,RHEA:44324,encoded_general_reaction,valid,cached,False,
5771,RHEA:44328,encoded_general_reaction,valid,cached,False,
5772,RHEA:44332,encoded_general_reaction,valid,cached,False,
5773,RHEA:44336,encoded_general_reaction,valid,cached,False,
5774,RHEA:44340,encoded_general_reaction,valid,cached,False,
5775,RHEA:44344,encoded_general_reaction,valid,cached,False,
5776,RHEA:44348,encoded_general_reaction,valid,cached,False,
5777,RHEA:44352,encoded_general_reaction,valid,cached,False,
5778,RHEA:44356,encoded_general_reaction,valid,cached,False,
5779,RHEA:44360,encoded_general_reaction,valid,cached,False,
5780,RHEA:44364,encoded_general_reaction,valid,cached,False,
5781,RHEA:44368,encoded_general_reaction,valid,cached,False,
5782,RHEA:44372,encoded_general_reaction,valid,cached,False,
5783,RHEA:44384,encoded_general_reaction,valid,cached,False,
5784,RHEA:44388,encoded_general_reaction,valid,cached,False,
5785,RHEA:44392,encoded_general_reaction,valid,cached,False,
5786,RHEA:44396,encoded_general_reaction,valid,cached,False,
5787,RHEA:44408,encoded_general_reaction,valid,cached,False,
5788,RHEA:44420,encoded_general_reaction,valid,cached,False,
5789,RHEA:44432,encoded_general_reaction,valid,cached,False,
5790,RHEA:44436,encoded_general_reaction,valid,cached,False,
5791,RHEA:44440,encoded_general_reaction,valid,cached,False,
5792,RHEA:44448,encoded_general_reaction,valid,cached,False,
5793,RHEA:44500,encoded_general_reaction,valid,cached,False,
5794,RHEA:44516,encoded_general_reaction,valid,cached,False,
5795,RHEA:44520,encoded_general_reaction,valid,cached,False,
5796,RHEA:44524,encoded_general_reaction,valid,cached,False,
5797,RHEA:44528,encoded_general_reaction,valid,cached,False,
5798,RHEA:44540,encoded_general_reaction,valid,cached,False,
5799,RHEA:44552,encoded_general_reaction,valid,cached,False,
5800,RHEA:44564,encoded_general_reaction,valid,cached,False,
5801,RHEA:44584,encoded_general_reaction,valid,cached,False,
5802,RHEA:44588,encoded_general_reaction,valid,cached,False,
5803,RHEA:44604,encoded_general_reaction,valid,cached,False,
5804,RHEA:44620,encoded_general_reaction,valid,cached,False,
5805,RHEA:44624,encoded_general_reaction,valid,cached,False,
5806,RHEA:44628,encoded_general_reaction,valid,cached,False,
5807,RHEA:44632,encoded_general_reaction,valid,cached,False,
5808,RHEA:44636,encoded_general_reaction,valid,cached,False,
5809,RHEA:44640,encoded_general_reaction,valid,cached,False,
5810,RHEA:44644,encoded_general_reaction,valid,cached,False,
5811,RHEA:44648,encoded_general_reaction,valid,cached,False,
5812,RHEA:44664,encoded_general_reaction,valid,cached,False,
5813,RHEA:44672,encoded_general_reaction,valid,cached,False,
5814,RHEA:44676,encoded_general_reaction,valid,cached,False,
5815,RHEA:44680,encoded_general_reaction,valid,cached,False,
5816,RHEA:44704,encoded_general_reaction,valid,cached,False,
5817,RHEA:44716,encoded_general_reaction,valid,cached,False,
5818,RHEA:44720,encoded_general_reaction,valid,cached,False,
5819,RHEA:44728,encoded_general_reaction,valid,cached,False,
5820,RHEA:44732,encoded_general_reaction,valid,cached,False,
5821,RHEA:44736,encoded_general_reaction,valid,cached,False,
5822,RHEA:44740,encoded_general_reaction,valid,cached,False,
5823,RHEA:44744,encoded_general_reaction,valid,cached,False,
5824,RHEA:44748,encoded_general_reaction,valid,cached,False,
5825,RHEA:44828,encoded_general_reaction,valid,cached,False,
5826,RHEA:44832,encoded_general_reaction,valid,cached,False,
5827,RHEA:44840,encoded_general_reaction,valid,cached,False,
5828,RHEA:44844,encoded_general_reaction,valid,cached,False,
5829,RHEA:44848,encoded_general_reaction,valid,cached,False,
5830,RHEA:44852,encoded_general_reaction,valid,cached,False,
5831,RHEA:44856,encoded_general_reaction,valid,cached,False,
5832,RHEA:44860,encoded_general_reaction,valid,cached,False,
5833,RHEA:44864,encoded_general_reaction,valid,cached,False,
5834,RHEA:44868,encoded_general_reaction,valid,cached,False,
5835,RHEA:44872,encoded_general_reaction,valid,cached,False,
5836,RHEA:44880,encoded_general_reaction,valid,cached,False,
5837,RHEA:44884,encoded_general_reaction,valid,cached,False,
5838,RHEA:44912,encoded_general_reaction,valid,cached,False,
5839,RHEA:44916,encoded_general_reaction,valid,cached,False,
5840,RHEA:44920,encoded_general_reaction,valid,cached,False,
5841,RHEA:44924,encoded_general_reaction,valid,cached,False,
5842,RHEA:44928,encoded_general_reaction,valid,cached,False,
5843,RHEA:44932,encoded_general_reaction,valid,cached,False,
5844,RHEA:44936,encoded_general_reaction,valid,cached,False,
5845,RHEA:44952,encoded_general_reaction,valid,cached,False,
5846,RHEA:44956,encoded_general_reaction,valid,cached,False,
5847,RHEA:44960,encoded_general_reaction,valid,cached,False,
5848,RHEA:44964,encoded_general_reaction,valid,cached,False,
5849,RHEA:44968,encoded_general_reaction,valid,cached,False,
5850,RHEA:44972,encoded_general_reaction,valid,cached,False,
5851,RHEA:44976,encoded_general_reaction,valid,cached,False,
5852,RHEA:44980,encoded_general_reaction,valid,cached,False,
5853,RHEA:44984,encoded_general_reaction,valid,cached,False,
5854,RHEA:44988,encoded_general_reaction,valid,cached,False,
5855,RHEA:44992,encoded_general_reaction,valid,cached,False,
5856,RHEA:44996,encoded_general_reaction,valid,cached,False,
5857,RHEA:45000,encoded_general_reaction,valid,cached,False,
5858,RHEA:45004,encoded_general_reaction,valid,cached,False,
5859,RHEA:45008,encoded_general_reaction,valid,cached,False,
5860,RHEA:45020,encoded_general_reaction,valid,cached,False,
5861,RHEA:45024,encoded_general_reaction,valid,cached,False,
5862,RHEA:45028,encoded_general_reaction,valid,cached,False,
5863,RHEA:45032,encoded_general_reaction,valid,cached,False,
5864,RHEA:45036,encoded_general_reaction,valid,cached,False,
5865,RHEA:45048,encoded_general_reaction,valid,cached,False,
5866,RHEA:45056,encoded_general_reaction,valid,cached,False,
5867,RHEA:45060,encoded_general_reaction,valid,cached,False,
5868,RHEA:45064,encoded_general_reaction,valid,cached,False,
5869,RHEA:45072,encoded_general_reaction,valid,cached,False,
5870,RHEA:45076,encoded_general_reaction,valid,cached,False,
5871,RHEA:45080,encoded_general_reaction,valid,cached,False,
5872,RHEA:45084,encoded_general_reaction,valid,cached,False,
5873,RHEA:45088,encoded_general_reaction,valid,cached,False,
5874,RHEA:45092,encoded_general_reaction,valid,cached,False,
5875,RHEA:45096,encoded_general_reaction,valid,cached,False,
5876,RHEA:45100,encoded_general_reaction,valid,cached,False,
5877,RHEA:45104,encoded_general_reaction,valid,cached,False,
5878,RHEA:45108,encoded_general_reaction,valid,cached,False,
5879,RHEA:45112,encoded_general_reaction,valid,cached,False,
5880,RHEA:45116,encoded_general_reaction,valid,cached,False,
5881,RHEA:45120,encoded_general_reaction,valid,cached,False,
5882,RHEA:45124,encoded_general_reaction,valid,cached,False,
5883,RHEA:45128,encoded_general_reaction,valid,cached,False,
5884,RHEA:45132,encoded_general_reaction,valid,cached,False,
5885,RHEA:45140,encoded_general_reaction,valid,cached,False,
5886,RHEA:45144,encoded_general_reaction,valid,cached,False,
5887,RHEA:45148,encoded_general_reaction,valid,cached,False,
5888,RHEA:45152,encoded_general_reaction,valid,cached,False,
5889,RHEA:45156,encoded_general_reaction,valid,cached,False,
5890,RHEA:45160,encoded_general_reaction,valid,cached,False,
5891,RHEA:45164,encoded_general_reaction,valid,cached,False,
5892,RHEA:45168,encoded_general_reaction,valid,cached,False,
5893,RHEA:45172,encoded_general_reaction,valid,cached,False,
5894,RHEA:45176,encoded_general_reaction,valid,cached,False,
5895,RHEA:45180,encoded_general_reaction,valid,cached,False,
5896,RHEA:45188,encoded_general_reaction,valid,cached,False,
5897,RHEA:45192,encoded_general_reaction,valid,cached,False,
5898,RHEA:45196,encoded_general_reaction,valid,cached,False,
5899,RHEA:45200,encoded_general_reaction,valid,cached,False,
5900,RHEA:45204,encoded_general_reaction,valid,cached,False,
5901,RHEA:45208,encoded_general_reaction,valid,cached,False,
5902,RHEA:45212,encoded_general_reaction,valid,cached,False,
5903,RHEA:45224,encoded_general_reaction,valid,cached,False,
5904,RHEA:45228,encoded_general_reaction,valid,cached,False,
5905,RHEA:45232,encoded_general_reaction,valid,cached,False,
5906,RHEA:45236,encoded_general_reaction,valid,cached,False,
5907,RHEA:45240,encoded_general_reaction,valid,cached,False,
5908,RHEA:45244,encoded_general_reaction,valid,cached,False,
5909,RHEA:45256,encoded_general_reaction,valid,cached,False,
5910,RHEA:45264,encoded_general_reaction,valid,cached,False,
5911,RHEA:45272,encoded_general_reaction,valid,cached,False,
5912,RHEA:45276,encoded_general_reaction,valid,cached,False,
5913,RHEA:45280,encoded_general_reaction,valid,cached,False,
5914,RHEA:45284,encoded_general_reaction,valid,cached,False,
5915,RHEA:45288,encoded_general_reaction,valid,cached,False,
5916,RHEA:45292,encoded_general_reaction,valid,cached,False,
5917,RHEA:45296,encoded_general_reaction,valid,cached,False,
5918,RHEA:45300,encoded_general_reaction,valid,cached,False,
5919,RHEA:45304,encoded_general_reaction,valid,cached,False,
5920,RHEA:45308,encoded_general_reaction,valid,cached,False,
5921,RHEA:45312,encoded_general_reaction,valid,cached,False,
5922,RHEA:45316,encoded_general_reaction,valid,cached,False,
5923,RHEA:45320,encoded_general_reaction,valid,cached,False,
5924,RHEA:45324,encoded_general_reaction,valid,cached,False,
5925,RHEA:45328,encoded_general_reaction,valid,cached,False,
5926,RHEA:45332,encoded_general_reaction,valid,cached,False,
5927,RHEA:45336,encoded_general_reaction,valid,cached,False,
5928,RHEA:45340,encoded_general_reaction,valid,cached,False,
5929,RHEA:45348,encoded_general_reaction,valid,cached,False,
5930,RHEA:45352,encoded_general_reaction,valid,cached,False,
5931,RHEA:45356,encoded_general_reaction,valid,cached,False,
5932,RHEA:45360,encoded_general_reaction,valid,cached,False,
5933,RHEA:45364,encoded_general_reaction,valid,cached,False,
5934,RHEA:45368,encoded_general_reaction,valid,cached,False,
5935,RHEA:45372,encoded_general_reaction,valid,cached,False,
5936,RHEA:45376,encoded_general_reaction,valid,cached,False,
5937,RHEA:45380,encoded_general_reaction,valid,cached,False,
5938,RHEA:45384,encoded_general_reaction,valid,cached,False,
5939,RHEA:45388,encoded_general_reaction,valid,cached,False,
5940,RHEA:45392,encoded_general_reaction,valid,cached,False,
5941,RHEA:45396,encoded_general_reaction,valid,cached,False,
5942,RHEA:45400,encoded_general_reaction,valid,cached,False,
5943,RHEA:45404,encoded_general_reaction,valid,cached,False,
5944,RHEA:45408,encoded_general_reaction,valid,cached,False,
5945,RHEA:45412,encoded_general_reaction,valid,cached,False,
5946,RHEA:45416,encoded_general_reaction,valid,cached,False,
5947,RHEA:45420,encoded_general_reaction,valid,cached,False,
5948,RHEA:45424,encoded_general_reaction,valid,cached,False,
5949,RHEA:45428,encoded_general_reaction,valid,cached,False,
5950,RHEA:45432,encoded_general_reaction,valid,cached,False,
5951,RHEA:45436,encoded_general_reaction,valid,cached,False,
5952,RHEA:45440,encoded_general_reaction,valid,cached,False,
5953,RHEA:45444,encoded_general_reaction,valid,cached,False,
5954,RHEA:45448,encoded_general_reaction,valid,cached,False,
5955,RHEA:45452,encoded_general_reaction,valid,cached,False,
5956,RHEA:45456,encoded_general_reaction,valid,cached,False,
5957,RHEA:45460,encoded_general_reaction,valid,cached,False,
5958,RHEA:45464,encoded_general_reaction,valid,cached,False,
5959,RHEA:45468,encoded_general_reaction,valid,cached,False,
5960,RHEA:45472,encoded_general_reaction,valid,cached,False,
5961,RHEA:45476,encoded_general_reaction,valid,cached,False,
5962,RHEA:45480,encoded_general_reaction,valid,cached,False,
5963,RHEA:45484,encoded_general_reaction,valid,cached,False,
5964,RHEA:45528,encoded_general_reaction,valid,cached,False,
5965,RHEA:45532,encoded_general_reaction,valid,cached,False,
5966,RHEA:45536,encoded_general_reaction,valid,cached,False,
5967,RHEA:45540,encoded_general_reaction,valid,cached,False,
5968,RHEA:45544,encoded_general_reaction,valid,cached,False,
5969,RHEA:45552,encoded_general_reaction,valid,cached,False,
5970,RHEA:45556,encoded_general_reaction,valid,cached,False,
5971,RHEA:45560,encoded_general_reaction,valid,cached,False,
5972,RHEA:45564,encoded_general_reaction,valid,cached,False,
5973,RHEA:45576,encoded_general_reaction,valid,cached,False,
5974,RHEA:45580,encoded_general_reaction,valid,cached,False,
5975,RHEA:45584,encoded_general_reaction,valid,cached,False,
5976,RHEA:45588,encoded_general_reaction,valid,cached,False,
5977,RHEA:45592,encoded_general_reaction,valid,cached,False,
5978,RHEA:45596,encoded_general_reaction,valid,cached,False,
5979,RHEA:45600,encoded_general_reaction,valid,cached,False,
5980,RHEA:45604,encoded_general_reaction,valid,cached,False,
5981,RHEA:45608,encoded_general_reaction,valid,cached,False,
5982,RHEA:45612,encoded_general_reaction,valid,cached,False,
5983,RHEA:45616,encoded_general_reaction,valid,cached,False,
5984,RHEA:45620,encoded_general_reaction,valid,cached,False,
5985,RHEA:45624,encoded_general_reaction,valid,cached,False,
5986,RHEA:45628,encoded_general_reaction,valid,cached,False,
5987,RHEA:45632,encoded_general_reaction,valid,cached,False,
5988,RHEA:45636,encoded_general_reaction,valid,cached,False,
5989,RHEA:45640,encoded_general_reaction,valid,cached,False,
5990,RHEA:45644,encoded_general_reaction,valid,cached,False,
5991,RHEA:45648,encoded_general_reaction,valid,cached,False,
5992,RHEA:45652,encoded_general_reaction,valid,cached,False,
5993,RHEA:45656,encoded_general_reaction,valid,cached,False,
5994,RHEA:45660,encoded_general_reaction,valid,cached,False,
5995,RHEA:45664,encoded_general_reaction,valid,cached,False,
5996,RHEA:45668,encoded_general_reaction,valid,cached,False,
5997,RHEA:45672,encoded_general_reaction,valid,cached,False,
5998,RHEA:45676,encoded_general_reaction,valid,cached,False,
5999,RHEA:45700,encoded_general_reaction,valid,cached,False,
6000,RHEA:45704,encoded_general_reaction,valid,cached,False,
6001,RHEA:45724,encoded_general_reaction,valid,cached,False,
6002,RHEA:45728,encoded_general_reaction,valid,cached,False,
6003,RHEA:45732,encoded_general_reaction,valid,cached,False,
6004,RHEA:45736,encoded_general_reaction,valid,cached,False,
6005,RHEA:45740,encoded_general_reaction,valid,cached,False,
6006,RHEA:45744,encoded_general_reaction,valid,cached,False,
6007,RHEA:45748,encoded_general_reaction,valid,cached,False,
6008,RHEA:45752,encoded_general_reaction,valid,cached,False,
6009,RHEA:45756,encoded_general_reaction,valid,cached,False,
6010,RHEA:45760,encoded_general_reaction,valid,cached,False,
6011,RHEA:45764,encoded_general_reaction,valid,cached,False,
6012,RHEA:45768,encoded_general_reaction,valid,cached,False,
6013,RHEA:45776,encoded_general_reaction,valid,cached,False,
6014,RHEA:45780,encoded_general_reaction,valid,cached,False,
6015,RHEA:45784,encoded_general_reaction,valid,cached,False,
6016,RHEA:45796,encoded_general_reaction,valid,cached,False,
6017,RHEA:45800,encoded_general_reaction,valid,cached,False,
6018,RHEA:45804,encoded_general_reaction,valid,cached,False,
6019,RHEA:45808,encoded_general_reaction,valid,cached,False,
6020,RHEA:45812,encoded_general_reaction,valid,cached,False,
6021,RHEA:45816,encoded_general_reaction,valid,cached,False,
6022,RHEA:45820,encoded_general_reaction,valid,cached,False,
6023,RHEA:45824,encoded_general_reaction,valid,cached,False,
6024,RHEA:45828,encoded_general_reaction,valid,cached,False,
6025,RHEA:45832,encoded_general_reaction,valid,cached,False,
6026,RHEA:45836,encoded_general_reaction,valid,cached,False,
6027,RHEA:45844,encoded_general_reaction,valid,cached,False,
6028,RHEA:45848,encoded_general_reaction,valid,cached,False,
6029,RHEA:45852,encoded_general_reaction,valid,cached,False,
6030,RHEA:45856,encoded_general_reaction,valid,cached,False,
6031,RHEA:45860,encoded_general_reaction,valid,cached,False,
6032,RHEA:45864,encoded_general_reaction,valid,cached,False,
6033,RHEA:45868,encoded_general_reaction,valid,cached,False,
6034,RHEA:45872,encoded_general_reaction,valid,cached,False,
6035,RHEA:45876,encoded_general_reaction,valid,cached,False,
6036,RHEA:45880,encoded_general_reaction,valid,cached,False,
6037,RHEA:45884,encoded_general_reaction,valid,cached,False,
6038,RHEA:45888,encoded_general_reaction,valid,cached,False,
6039,RHEA:45892,encoded_general_reaction,valid,cached,False,
6040,RHEA:45896,encoded_general_reaction,valid,cached,False,
6041,RHEA:45900,encoded_general_reaction,valid,cached,False,
6042,RHEA:45904,encoded_general_reaction,valid,cached,False,
6043,RHEA:45908,encoded_general_reaction,valid,cached,False,
6044,RHEA:45912,encoded_general_reaction,valid,cached,False,
6045,RHEA:45916,encoded_general_reaction,valid,cached,False,
6046,RHEA:45920,encoded_general_reaction,valid,cached,False,
6047,RHEA:45924,encoded_general_reaction,valid,cached,False,
6048,RHEA:45928,encoded_general_reaction,valid,cached,False,
6049,RHEA:45932,encoded_general_reaction,valid,cached,False,
6050,RHEA:45936,encoded_general_reaction,valid,cached,False,
6051,RHEA:45940,encoded_general_reaction,valid,cached,False,
6052,RHEA:45944,encoded_general_reaction,valid,cached,False,
6053,RHEA:45948,encoded_general_reaction,valid,cached,False,
6054,RHEA:45952,encoded_general_reaction,valid,cached,False,
6055,RHEA:45960,encoded_general_reaction,valid,cached,False,
6056,RHEA:45964,encoded_general_reaction,valid,cached,False,
6057,RHEA:45968,encoded_general_reaction,valid,cached,False,
6058,RHEA:45972,encoded_general_reaction,valid,cached,False,
6059,RHEA:45976,encoded_general_reaction,valid,cached,False,
6060,RHEA:45980,encoded_general_reaction,valid,cached,False,
6061,RHEA:45984,encoded_general_reaction,valid,cached,False,
6062,RHEA:45988,encoded_general_reaction,valid,cached,False,
6063,RHEA:45992,encoded_general_reaction,valid,cached,False,
6064,RHEA:45996,encoded_general_reaction,valid,cached,False,
6065,RHEA:46000,encoded_general_reaction,valid,cached,False,
6066,RHEA:46012,encoded_general_reaction,valid,cached,False,
6067,RHEA:46016,encoded_general_reaction,valid,cached,False,
6068,RHEA:46020,encoded_general_reaction,valid,cached,False,
6069,RHEA:46024,encoded_general_reaction,valid,cached,False,
6070,RHEA:46028,encoded_general_reaction,valid,cached,False,
6071,RHEA:46032,encoded_general_reaction,valid,cached,False,
6072,RHEA:46040,encoded_general_reaction,valid,cached,False,
6073,RHEA:46044,encoded_general_reaction,valid,cached,False,
6074,RHEA:46048,encoded_general_reaction,valid,cached,False,
6075,RHEA:46052,encoded_general_reaction,valid,cached,False,
6076,RHEA:46056,encoded_general_reaction,valid,cached,False,
6077,RHEA:46060,encoded_general_reaction,valid,cached,False,
6078,RHEA:46064,encoded_general_reaction,valid,cached,False,
6079,RHEA:46068,encoded_general_reaction,valid,cached,False,
6080,RHEA:46072,encoded_general_reaction,valid,cached,False,
6081,RHEA:46076,encoded_general_reaction,valid,cached,False,
6082,RHEA:46080,encoded_general_reaction,valid,cached,False,
6083,RHEA:46084,encoded_general_reaction,valid,cached,False,
6084,RHEA:46092,encoded_general_reaction,valid,cached,False,
6085,RHEA:46096,encoded_general_reaction,valid,cached,False,
6086,RHEA:46100,encoded_general_reaction,valid,cached,False,
6087,RHEA:46104,encoded_general_reaction,valid,cached,False,
6088,RHEA:46108,encoded_general_reaction,valid,cached,False,
6089,RHEA:46112,encoded_general_reaction,valid,cached,False,
6090,RHEA:46116,encoded_general_reaction,valid,cached,False,
6091,RHEA:46120,encoded_general_reaction,valid,cached,False,
6092,RHEA:46124,encoded_general_reaction,valid,cached,False,
6093,RHEA:46128,encoded_general_reaction,valid,cached,False,
6094,RHEA:46132,encoded_general_reaction,valid,cached,False,
6095,RHEA:46136,encoded_general_reaction,valid,cached,False,
6096,RHEA:46140,encoded_general_reaction,valid,cached,False,
6097,RHEA:46144,encoded_general_reaction,valid,cached,False,
6098,RHEA:46148,encoded_general_reaction,valid,cached,False,
6099,RHEA:46160,encoded_general_reaction,valid,cached,False,
6100,RHEA:46164,encoded_general_reaction,valid,cached,False,
6101,RHEA:46168,encoded_general_reaction,valid,cached,False,
6102,RHEA:46172,encoded_general_reaction,valid,cached,False,
6103,RHEA:46176,encoded_general_reaction,valid,cached,False,
6104,RHEA:46180,encoded_general_reaction,valid,cached,False,
6105,RHEA:46184,encoded_general_reaction,valid,cached,False,
6106,RHEA:46188,encoded_general_reaction,valid,cached,False,
6107,RHEA:46192,encoded_general_reaction,valid,cached,False,
6108,RHEA:46196,encoded_general_reaction,valid,cached,False,
6109,RHEA:46200,encoded_general_reaction,valid,cached,False,
6110,RHEA:46204,encoded_general_reaction,valid,cached,False,
6111,RHEA:46208,encoded_general_reaction,valid,cached,False,
6112,RHEA:46212,encoded_general_reaction,valid,cached,False,
6113,RHEA:46216,encoded_general_reaction,valid,cached,False,
6114,RHEA:46220,encoded_general_reaction,valid,cached,False,
6115,RHEA:46228,encoded_general_reaction,valid,cached,False,
6116,RHEA:46236,encoded_general_reaction,valid,cached,False,
6117,RHEA:46240,encoded_general_reaction,valid,cached,False,
6118,RHEA:46252,encoded_general_reaction,valid,cached,False,
6119,RHEA:46256,encoded_general_reaction,valid,cached,False,
6120,RHEA:46260,encoded_general_reaction,valid,cached,False,
6121,RHEA:46264,encoded_general_reaction,valid,cached,False,
6122,RHEA:46268,encoded_general_reaction,valid,cached,False,
6123,RHEA:46272,encoded_general_reaction,valid,cached,False,
6124,RHEA:46276,encoded_general_reaction,valid,cached,False,
6125,RHEA:46280,encoded_general_reaction,valid,cached,False,
6126,RHEA:46284,encoded_general_reaction,valid,cached,False,
6127,RHEA:46288,encoded_general_reaction,valid,cached,False,
6128,RHEA:46296,encoded_general_reaction,valid,cached,False,
6129,RHEA:46300,encoded_general_reaction,valid,cached,False,
6130,RHEA:46304,encoded_general_reaction,valid,cached,False,
6131,RHEA:46308,encoded_general_reaction,valid,cached,False,
6132,RHEA:46312,encoded_general_reaction,valid,cached,False,
6133,RHEA:46316,encoded_general_reaction,valid,cached,False,
6134,RHEA:46320,encoded_general_reaction,valid,cached,False,
6135,RHEA:46324,encoded_general_reaction,valid,cached,False,
6136,RHEA:46328,encoded_general_reaction,valid,cached,False,
6137,RHEA:46332,encoded_general_reaction,valid,cached,False,
6138,RHEA:46336,encoded_general_reaction,valid,cached,False,
6139,RHEA:46340,encoded_general_reaction,valid,cached,False,
6140,RHEA:46344,encoded_general_reaction,valid,cached,False,
6141,RHEA:46348,encoded_general_reaction,valid,cached,False,
6142,RHEA:46352,encoded_general_reaction,valid,cached,False,
6143,RHEA:46356,encoded_general_reaction,valid,cached,False,
6144,RHEA:46360,encoded_general_reaction,valid,cached,False,
6145,RHEA:46364,encoded_general_reaction,valid,cached,False,
6146,RHEA:46368,encoded_general_reaction,valid,cached,False,
6147,RHEA:46372,encoded_general_reaction,valid,cached,False,
6148,RHEA:46376,encoded_general_reaction,valid,cached,False,
6149,RHEA:46380,encoded_general_reaction,valid,cached,False,
6150,RHEA:46384,encoded_general_reaction,valid,cached,False,
6151,RHEA:46388,encoded_general_reaction,valid,cached,False,
6152,RHEA:46392,encoded_general_reaction,valid,cached,False,
6153,RHEA:46400,encoded_general_reaction,valid,cached,False,
6154,RHEA:46404,encoded_general_reaction,valid,cached,False,
6155,RHEA:46408,encoded_general_reaction,valid,cached,False,
6156,RHEA:46412,encoded_general_reaction,valid,cached,False,
6157,RHEA:46416,encoded_general_reaction,valid,cached,False,
6158,RHEA:46420,encoded_general_reaction,valid,cached,False,
6159,RHEA:46424,encoded_general_reaction,valid,cached,False,
6160,RHEA:46428,encoded_general_reaction,valid,cached,False,
6161,RHEA:46432,encoded_general_reaction,valid,cached,False,
6162,RHEA:46436,encoded_general_reaction,valid,cached,False,
6163,RHEA:46440,encoded_general_reaction,valid,cached,False,
6164,RHEA:46444,encoded_general_reaction,valid,cached,False,
6165,RHEA:46448,encoded_general_reaction,valid,cached,False,
6166,RHEA:46452,encoded_general_reaction,valid,cached,False,
6167,RHEA:46456,encoded_general_reaction,valid,cached,False,
6168,RHEA:46460,encoded_general_reaction,valid,cached,False,
6169,RHEA:46464,encoded_general_reaction,valid,cached,False,
6170,RHEA:46468,encoded_general_reaction,valid,cached,False,
6171,RHEA:46500,encoded_general_reaction,valid,cached,False,
6172,RHEA:46504,encoded_general_reaction,valid,cached,False,
6173,RHEA:46512,encoded_general_reaction,valid,cached,False,
6174,RHEA:46520,encoded_general_reaction,valid,cached,False,
6175,RHEA:46524,encoded_general_reaction,valid,cached,False,
6176,RHEA:46528,encoded_general_reaction,valid,cached,False,
6177,RHEA:46532,encoded_general_reaction,valid,cached,False,
6178,RHEA:46536,encoded_general_reaction,valid,cached,False,
6179,RHEA:46540,encoded_general_reaction,valid,cached,False,
6180,RHEA:46544,encoded_general_reaction,valid,cached,False,
6181,RHEA:46548,encoded_general_reaction,valid,cached,False,
6182,RHEA:46552,encoded_general_reaction,valid,cached,False,
6183,RHEA:46556,encoded_general_reaction,valid,cached,False,
6184,RHEA:46560,encoded_general_reaction,valid,cached,False,
6185,RHEA:46564,encoded_general_reaction,valid,cached,False,
6186,RHEA:46580,encoded_general_reaction,valid,cached,False,
6187,RHEA:46584,encoded_general_reaction,valid,cached,False,
6188,RHEA:46588,encoded_general_reaction,valid,cached,False,
6189,RHEA:46600,encoded_general_reaction,valid,cached,False,
6190,RHEA:46604,encoded_general_reaction,valid,cached,False,
6191,RHEA:46608,encoded_general_reaction,valid,cached,False,
6192,RHEA:46612,encoded_general_reaction,valid,cached,False,
6193,RHEA:46616,encoded_general_reaction,valid,cached,False,
6194,RHEA:46620,encoded_general_reaction,valid,cached,False,
6195,RHEA:46624,encoded_general_reaction,valid,cached,False,
6196,RHEA:46628,encoded_general_reaction,valid,cached,False,
6197,RHEA:46632,encoded_general_reaction,valid,cached,False,
6198,RHEA:46636,encoded_general_reaction,valid,cached,False,
6199,RHEA:46640,encoded_general_reaction,valid,cached,False,
6200,RHEA:46644,encoded_general_reaction,valid,cached,False,
6201,RHEA:46648,encoded_general_reaction,valid,cached,False,
6202,RHEA:46652,encoded_general_reaction,valid,cached,False,
6203,RHEA:46656,encoded_general_reaction,valid,cached,False,
6204,RHEA:46660,encoded_general_reaction,valid,cached,False,
6205,RHEA:46664,encoded_general_reaction,valid,cached,False,
6206,RHEA:46668,encoded_general_reaction,valid,cached,False,
6207,RHEA:46672,encoded_general_reaction,valid,cached,False,
6208,RHEA:46676,encoded_general_reaction,valid,cached,False,
6209,RHEA:46680,encoded_general_reaction,valid,cached,False,
6210,RHEA:46684,encoded_general_reaction,valid,cached,False,
6211,RHEA:46688,encoded_general_reaction,valid,cached,False,
6212,RHEA:46692,encoded_general_reaction,valid,cached,False,
6213,RHEA:46696,encoded_general_reaction,valid,cached,False,
6214,RHEA:46700,encoded_general_reaction,valid,cached,False,
6215,RHEA:46704,encoded_general_reaction,valid,cached,False,
6216,RHEA:46708,encoded_general_reaction,valid,cached,False,
6217,RHEA:46712,encoded_general_reaction,valid,cached,False,
6218,RHEA:46716,encoded_general_reaction,valid,cached,False,
6219,RHEA:46720,encoded_general_reaction,valid,cached,False,
6220,RHEA:46724,encoded_general_reaction,valid,cached,False,
6221,RHEA:46728,encoded_general_reaction,valid,cached,False,
6222,RHEA:46732,encoded_general_reaction,valid,cached,False,
6223,RHEA:46736,encoded_general_reaction,valid,cached,False,
6224,RHEA:46740,encoded_general_reaction,valid,cached,False,
6225,RHEA:46752,encoded_general_reaction,valid,cached,False,
6226,RHEA:46756,encoded_general_reaction,valid,cached,False,
6227,RHEA:46760,encoded_general_reaction,valid,cached,False,
6228,RHEA:46764,encoded_general_reaction,valid,cached,False,
6229,RHEA:46792,encoded_general_reaction,valid,cached,False,
6230,RHEA:46796,encoded_general_reaction,valid,cached,False,
6231,RHEA:46800,encoded_general_reaction,valid,cached,False,
6232,RHEA:46804,encoded_general_reaction,valid,cached,False,
6233,RHEA:46808,encoded_general_reaction,valid,cached,False,
6234,RHEA:46812,encoded_general_reaction,valid,cached,False,
6235,RHEA:46828,encoded_general_reaction,valid,cached,False,
6236,RHEA:46832,encoded_general_reaction,valid,cached,False,
6237,RHEA:46848,encoded_general_reaction,valid,cached,False,
6238,RHEA:46852,encoded_general_reaction,valid,cached,False,
6239,RHEA:46860,encoded_general_reaction,valid,cached,False,
6240,RHEA:46864,encoded_general_reaction,valid,cached,False,
6241,RHEA:46868,encoded_general_reaction,valid,cached,False,
6242,RHEA:46872,encoded_general_reaction,valid,cached,False,
6243,RHEA:46880,encoded_general_reaction,valid,cached,False,
6244,RHEA:46884,encoded_general_reaction,valid,cached,False,
6245,RHEA:46888,encoded_general_reaction,valid,cached,False,
6246,RHEA:46892,encoded_general_reaction,valid,cached,False,
6247,RHEA:46908,encoded_general_reaction,valid,cached,False,
6248,RHEA:46912,encoded_general_reaction,valid,cached,False,
6249,RHEA:46916,encoded_general_reaction,valid,cached,False,
6250,RHEA:46920,encoded_general_reaction,valid,cached,False,
6251,RHEA:46924,encoded_general_reaction,valid,cached,False,
6252,RHEA:46928,encoded_general_reaction,valid,cached,False,
6253,RHEA:46932,encoded_general_reaction,valid,cached,False,
6254,RHEA:46936,encoded_general_reaction,valid,cached,False,
6255,RHEA:46948,encoded_general_reaction,valid,cached,False,
6256,RHEA:46956,encoded_general_reaction,valid,cached,False,
6257,RHEA:46964,encoded_general_reaction,valid,cached,False,
6258,RHEA:46968,encoded_general_reaction,valid,cached,False,
6259,RHEA:46972,encoded_general_reaction,valid,cached,False,
6260,RHEA:46976,encoded_general_reaction,valid,cached,False,
6261,RHEA:46988,encoded_general_reaction,valid,cached,False,
6262,RHEA:47004,encoded_general_reaction,valid,cached,False,
6263,RHEA:47008,encoded_general_reaction,valid,cached,False,
6264,RHEA:47020,encoded_general_reaction,valid,cached,False,
6265,RHEA:47032,encoded_general_reaction,valid,cached,False,
6266,RHEA:47036,encoded_general_reaction,valid,cached,False,
6267,RHEA:47040,encoded_general_reaction,valid,cached,False,
6268,RHEA:47048,encoded_general_reaction,valid,cached,False,
6269,RHEA:47052,copied_reference_feature,precomputed,precomputed,False,
6270,RHEA:47056,encoded_general_reaction,valid,cached,False,
6271,RHEA:47076,encoded_general_reaction,valid,cached,False,
6272,RHEA:47080,encoded_general_reaction,valid,cached,False,
6273,RHEA:47084,encoded_general_reaction,valid,cached,False,
6274,RHEA:47088,encoded_general_reaction,valid,cached,False,
6275,RHEA:47092,encoded_general_reaction,valid,cached,False,
6276,RHEA:47096,encoded_general_reaction,valid,cached,False,
6277,RHEA:47100,encoded_general_reaction,valid,cached,False,
6278,RHEA:47104,encoded_general_reaction,valid,cached,False,
6279,RHEA:47108,encoded_general_reaction,valid,cached,False,
6280,RHEA:47112,encoded_general_reaction,valid,cached,False,
6281,RHEA:47128,encoded_general_reaction,valid,cached,False,
6282,RHEA:47132,encoded_general_reaction,valid,cached,False,
6283,RHEA:47136,encoded_general_reaction,valid,cached,False,
6284,RHEA:47140,encoded_general_reaction,valid,cached,False,
6285,RHEA:47144,encoded_general_reaction,valid,cached,False,
6286,RHEA:47152,encoded_general_reaction,valid,cached,False,
6287,RHEA:47156,encoded_general_reaction,valid,cached,False,
6288,RHEA:47160,encoded_general_reaction,valid,cached,False,
6289,RHEA:47164,encoded_general_reaction,valid,cached,False,
6290,RHEA:47168,encoded_general_reaction,valid,cached,False,
6291,RHEA:47172,encoded_general_reaction,valid,cached,False,
6292,RHEA:47176,encoded_general_reaction,valid,cached,False,
6293,RHEA:47180,encoded_general_reaction,valid,cached,False,
6294,RHEA:47196,encoded_general_reaction,valid,cached,False,
6295,RHEA:47200,encoded_general_reaction,valid,cached,False,
6296,RHEA:47204,encoded_general_reaction,valid,cached,False,
6297,RHEA:47208,encoded_general_reaction,valid,cached,False,
6298,RHEA:47212,encoded_general_reaction,valid,cached,False,
6299,RHEA:47216,encoded_general_reaction,valid,cached,False,
6300,RHEA:47220,encoded_general_reaction,valid,cached,False,
6301,RHEA:47224,encoded_general_reaction,valid,cached,False,
6302,RHEA:47228,encoded_general_reaction,valid,cached,False,
6303,RHEA:47232,encoded_general_reaction,valid,cached,False,
6304,RHEA:47236,encoded_general_reaction,valid,cached,False,
6305,RHEA:47240,encoded_general_reaction,valid,cached,False,
6306,RHEA:47244,encoded_general_reaction,valid,cached,False,
6307,RHEA:47248,encoded_general_reaction,valid,cached,False,
6308,RHEA:47252,encoded_general_reaction,valid,cached,False,
6309,RHEA:47256,encoded_general_reaction,valid,cached,False,
6310,RHEA:47260,encoded_general_reaction,valid,cached,False,
6311,RHEA:47264,encoded_general_reaction,valid,cached,False,
6312,RHEA:47276,encoded_general_reaction,valid,cached,False,
6313,RHEA:47280,encoded_general_reaction,valid,cached,False,
6314,RHEA:47284,encoded_general_reaction,valid,cached,False,
6315,RHEA:47288,encoded_general_reaction,valid,cached,False,
6316,RHEA:47292,encoded_general_reaction,valid,cached,False,
6317,RHEA:47296,encoded_general_reaction,valid,cached,False,
6318,RHEA:47300,encoded_general_reaction,valid,cached,False,
6319,RHEA:47304,encoded_general_reaction,valid,cached,False,
6320,RHEA:47308,encoded_general_reaction,valid,cached,False,
6321,RHEA:47312,encoded_general_reaction,valid,cached,False,
6322,RHEA:47316,encoded_general_reaction,valid,cached,False,
6323,RHEA:47320,encoded_general_reaction,valid,cached,False,
6324,RHEA:47324,encoded_general_reaction,valid,cached,False,
6325,RHEA:47328,encoded_general_reaction,valid,cached,False,
6326,RHEA:47332,encoded_general_reaction,valid,cached,False,
6327,RHEA:47336,encoded_general_reaction,valid,cached,False,
6328,RHEA:47344,encoded_general_reaction,valid,cached,False,
6329,RHEA:47348,encoded_general_reaction,valid,cached,False,
6330,RHEA:47352,encoded_general_reaction,valid,cached,False,
6331,RHEA:47356,encoded_general_reaction,valid,cached,False,
6332,RHEA:47360,encoded_general_reaction,valid,cached,False,
6333,RHEA:47364,encoded_general_reaction,valid,cached,False,
6334,RHEA:47368,encoded_general_reaction,valid,cached,False,
6335,RHEA:47372,encoded_general_reaction,valid,cached,False,
6336,RHEA:47376,encoded_general_reaction,valid,cached,False,
6337,RHEA:47380,encoded_general_reaction,valid,cached,False,
6338,RHEA:47384,encoded_general_reaction,valid,cached,False,
6339,RHEA:47388,encoded_general_reaction,valid,cached,False,
6340,RHEA:47392,encoded_general_reaction,valid,cached,False,
6341,RHEA:47396,encoded_general_reaction,valid,cached,False,
6342,RHEA:47400,encoded_general_reaction,valid,cached,False,
6343,RHEA:47412,encoded_general_reaction,valid,cached,False,
6344,RHEA:47416,encoded_general_reaction,valid,cached,False,
6345,RHEA:47420,encoded_general_reaction,valid,cached,False,
6346,RHEA:47448,encoded_general_reaction,valid,cached,False,
6347,RHEA:47464,encoded_general_reaction,valid,cached,False,
6348,RHEA:47476,encoded_general_reaction,valid,cached,False,
6349,RHEA:47480,encoded_general_reaction,valid,cached,False,
6350,RHEA:47484,encoded_general_reaction,valid,cached,False,
6351,RHEA:47488,encoded_general_reaction,valid,cached,False,
6352,RHEA:47492,encoded_general_reaction,valid,cached,False,
6353,RHEA:47496,encoded_general_reaction,valid,cached,False,
6354,RHEA:47500,encoded_general_reaction,valid,cached,False,
6355,RHEA:47504,encoded_general_reaction,valid,cached,False,
6356,RHEA:47508,encoded_general_reaction,valid,cached,False,
6357,RHEA:47512,encoded_general_reaction,valid,cached,False,
6358,RHEA:47516,encoded_general_reaction,valid,cached,False,
6359,RHEA:47520,encoded_general_reaction,valid,cached,False,
6360,RHEA:47524,encoded_general_reaction,valid,cached,False,
6361,RHEA:47528,encoded_general_reaction,valid,cached,False,
6362,RHEA:47532,encoded_general_reaction,valid,cached,False,
6363,RHEA:47536,encoded_general_reaction,valid,cached,False,
6364,RHEA:47540,encoded_general_reaction,valid,cached,False,
6365,RHEA:47544,encoded_general_reaction,valid,cached,False,
6366,RHEA:47548,encoded_general_reaction,valid,cached,False,
6367,RHEA:47552,encoded_general_reaction,valid,cached,False,
6368,RHEA:47556,encoded_general_reaction,valid,cached,False,
6369,RHEA:47560,encoded_general_reaction,valid,cached,False,
6370,RHEA:47564,encoded_general_reaction,valid,cached,False,
6371,RHEA:47568,encoded_general_reaction,valid,cached,False,
6372,RHEA:47572,encoded_general_reaction,valid,cached,False,
6373,RHEA:47576,encoded_general_reaction,valid,cached,False,
6374,RHEA:47580,encoded_general_reaction,valid,cached,False,
6375,RHEA:47588,encoded_general_reaction,valid,cached,False,
6376,RHEA:47592,encoded_general_reaction,valid,cached,False,
6377,RHEA:47600,encoded_general_reaction,valid,cached,False,
6378,RHEA:47608,encoded_general_reaction,valid,cached,False,
6379,RHEA:47612,encoded_general_reaction,valid,cached,False,
6380,RHEA:47616,encoded_general_reaction,valid,cached,False,
6381,RHEA:47620,encoded_general_reaction,valid,cached,False,
6382,RHEA:47624,encoded_general_reaction,valid,cached,False,
6383,RHEA:47628,encoded_general_reaction,valid,cached,False,
6384,RHEA:47632,encoded_general_reaction,valid,cached,False,
6385,RHEA:47636,encoded_general_reaction,valid,cached,False,
6386,RHEA:47640,encoded_general_reaction,valid,cached,False,
6387,RHEA:47644,encoded_general_reaction,valid,cached,False,
6388,RHEA:47648,encoded_general_reaction,valid,cached,False,
6389,RHEA:47652,encoded_general_reaction,valid,cached,False,
6390,RHEA:47656,encoded_general_reaction,valid,cached,False,
6391,RHEA:47660,encoded_general_reaction,valid,cached,False,
6392,RHEA:47664,encoded_general_reaction,valid,cached,False,
6393,RHEA:47668,encoded_general_reaction,valid,cached,False,
6394,RHEA:47672,encoded_general_reaction,valid,cached,False,
6395,RHEA:47676,encoded_general_reaction,valid,cached,False,
6396,RHEA:47680,encoded_general_reaction,valid,cached,False,
6397,RHEA:47688,encoded_general_reaction,valid,cached,False,
6398,RHEA:47692,encoded_general_reaction,valid,cached,False,
6399,RHEA:47696,encoded_general_reaction,valid,cached,False,
6400,RHEA:47700,encoded_general_reaction,valid,cached,False,
6401,RHEA:47704,encoded_general_reaction,valid,cached,False,
6402,RHEA:47708,encoded_general_reaction,valid,cached,False,
6403,RHEA:47712,encoded_general_reaction,valid,cached,False,
6404,RHEA:47716,encoded_general_reaction,valid,cached,False,
6405,RHEA:47720,encoded_general_reaction,valid,cached,False,
6406,RHEA:47724,encoded_general_reaction,valid,cached,False,
6407,RHEA:47728,encoded_general_reaction,valid,cached,False,
6408,RHEA:47732,encoded_general_reaction,valid,cached,False,
6409,RHEA:47736,encoded_general_reaction,valid,cached,False,
6410,RHEA:47740,encoded_general_reaction,valid,cached,False,
6411,RHEA:47744,encoded_general_reaction,valid,cached,False,
6412,RHEA:47752,encoded_general_reaction,valid,cached,False,
6413,RHEA:47756,encoded_general_reaction,valid,cached,False,
6414,RHEA:47760,encoded_general_reaction,valid,cached,False,
6415,RHEA:47764,encoded_general_reaction,valid,cached,False,
6416,RHEA:47768,encoded_general_reaction,valid,cached,False,
6417,RHEA:47772,encoded_general_reaction,valid,cached,False,
6418,RHEA:47776,encoded_general_reaction,valid,cached,False,
6419,RHEA:47780,encoded_general_reaction,valid,cached,False,
6420,RHEA:47784,encoded_general_reaction,valid,cached,False,
6421,RHEA:47788,encoded_general_reaction,valid,cached,False,
6422,RHEA:47792,encoded_general_reaction,valid,cached,False,
6423,RHEA:47796,encoded_general_reaction,valid,cached,False,
6424,RHEA:47800,encoded_general_reaction,valid,cached,False,
6425,RHEA:47804,encoded_general_reaction,valid,cached,False,
6426,RHEA:47808,encoded_general_reaction,valid,cached,False,
6427,RHEA:47812,encoded_general_reaction,valid,cached,False,
6428,RHEA:47816,encoded_general_reaction,valid,cached,False,
6429,RHEA:47820,encoded_general_reaction,valid,cached,False,
6430,RHEA:47828,encoded_general_reaction,valid,cached,False,
6431,RHEA:47832,encoded_general_reaction,valid,cached,False,
6432,RHEA:47836,encoded_general_reaction,valid,cached,False,
6433,RHEA:47840,encoded_general_reaction,valid,cached,False,
6434,RHEA:47844,encoded_general_reaction,valid,cached,False,
6435,RHEA:47848,encoded_general_reaction,valid,cached,False,
6436,RHEA:47852,encoded_general_reaction,valid,cached,False,
6437,RHEA:47856,encoded_general_reaction,valid,cached,False,
6438,RHEA:47864,encoded_general_reaction,valid,cached,False,
6439,RHEA:47868,encoded_general_reaction,valid,cached,False,
6440,RHEA:47872,encoded_general_reaction,valid,cached,False,
6441,RHEA:47876,encoded_general_reaction,valid,cached,False,
6442,RHEA:47880,encoded_general_reaction,valid,cached,False,
6443,RHEA:47884,encoded_general_reaction,valid,cached,False,
6444,RHEA:47888,encoded_general_reaction,valid,cached,False,
6445,RHEA:47892,encoded_general_reaction,valid,cached,False,
6446,RHEA:47896,encoded_general_reaction,valid,cached,False,
6447,RHEA:47900,encoded_general_reaction,valid,cached,False,
6448,RHEA:47904,encoded_general_reaction,valid,cached,False,
6449,RHEA:47908,encoded_general_reaction,valid,cached,False,
6450,RHEA:47912,encoded_general_reaction,valid,cached,False,
6451,RHEA:47916,encoded_general_reaction,valid,cached,False,
6452,RHEA:47924,encoded_general_reaction,valid,cached,False,
6453,RHEA:47928,encoded_general_reaction,valid,cached,False,
6454,RHEA:47932,encoded_general_reaction,valid,cached,False,
6455,RHEA:47936,encoded_general_reaction,valid,cached,False,
6456,RHEA:47940,encoded_general_reaction,valid,cached,False,
6457,RHEA:47944,copied_reference_feature,precomputed,precomputed,False,
6458,RHEA:47948,encoded_general_reaction,valid,cached,False,
6459,RHEA:47952,encoded_general_reaction,valid,cached,False,
6460,RHEA:47956,encoded_general_reaction,valid,cached,False,
6461,RHEA:47960,encoded_general_reaction,valid,cached,False,
6462,RHEA:47964,encoded_general_reaction,valid,cached,False,
6463,RHEA:47968,encoded_general_reaction,valid,cached,False,
6464,RHEA:47972,encoded_general_reaction,valid,cached,False,
6465,RHEA:47984,encoded_general_reaction,valid,cached,False,
6466,RHEA:47988,encoded_general_reaction,valid,cached,False,
6467,RHEA:47992,encoded_general_reaction,valid,cached,False,
6468,RHEA:47996,encoded_general_reaction,valid,cached,False,
6469,RHEA:48000,encoded_general_reaction,valid,cached,False,
6470,RHEA:48004,encoded_general_reaction,valid,cached,False,
6471,RHEA:48008,encoded_general_reaction,valid,cached,False,
6472,RHEA:48012,encoded_general_reaction,valid,cached,False,
6473,RHEA:48016,encoded_general_reaction,valid,cached,False,
6474,RHEA:48020,encoded_general_reaction,valid,cached,False,
6475,RHEA:48024,encoded_general_reaction,valid,cached,False,
6476,RHEA:48028,encoded_general_reaction,valid,cached,False,
6477,RHEA:48064,encoded_general_reaction,valid,cached,False,
6478,RHEA:48068,encoded_general_reaction,valid,cached,False,
6479,RHEA:48072,encoded_general_reaction,valid,cached,False,
6480,RHEA:48076,encoded_general_reaction,valid,cached,False,
6481,RHEA:48080,encoded_general_reaction,valid,cached,False,
6482,RHEA:48096,encoded_general_reaction,valid,cached,False,
6483,RHEA:48100,encoded_general_reaction,valid,cached,False,
6484,RHEA:48104,encoded_general_reaction,valid,cached,False,
6485,RHEA:48108,encoded_general_reaction,valid,cached,False,
6486,RHEA:48120,encoded_general_reaction,valid,cached,False,
6487,RHEA:48124,encoded_general_reaction,valid,cached,False,
6488,RHEA:48128,encoded_general_reaction,valid,cached,False,
6489,RHEA:48132,encoded_general_reaction,valid,cached,False,
6490,RHEA:48136,encoded_general_reaction,valid,cached,False,
6491,RHEA:48140,encoded_general_reaction,valid,cached,False,
6492,RHEA:48172,encoded_general_reaction,valid,cached,False,
6493,RHEA:48176,encoded_general_reaction,valid,cached,False,
6494,RHEA:48180,encoded_general_reaction,valid,cached,False,
6495,RHEA:48184,encoded_general_reaction,valid,cached,False,
6496,RHEA:48188,encoded_general_reaction,valid,cached,False,
6497,RHEA:48192,encoded_general_reaction,valid,cached,False,
6498,RHEA:48196,encoded_general_reaction,valid,cached,False,
6499,RHEA:48200,encoded_general_reaction,valid,cached,False,
6500,RHEA:48204,encoded_general_reaction,valid,cached,False,
6501,RHEA:48208,encoded_general_reaction,valid,cached,False,
6502,RHEA:48212,encoded_general_reaction,valid,cached,False,
6503,RHEA:48216,encoded_general_reaction,valid,cached,False,
6504,RHEA:48220,encoded_general_reaction,valid,cached,False,
6505,RHEA:48224,encoded_general_reaction,valid,cached,False,
6506,RHEA:48228,encoded_general_reaction,valid,cached,False,
6507,RHEA:48232,encoded_general_reaction,valid,cached,False,
6508,RHEA:48240,encoded_general_reaction,valid,cached,False,
6509,RHEA:48244,encoded_general_reaction,valid,cached,False,
6510,RHEA:48248,encoded_general_reaction,valid,cached,False,
6511,RHEA:48256,encoded_general_reaction,valid,cached,False,
6512,RHEA:48260,encoded_general_reaction,valid,cached,False,
6513,RHEA:48272,encoded_general_reaction,valid,cached,False,
6514,RHEA:48276,encoded_general_reaction,valid,cached,False,
6515,RHEA:48280,encoded_general_reaction,valid,cached,False,
6516,RHEA:48288,encoded_general_reaction,valid,cached,False,
6517,RHEA:48292,encoded_general_reaction,valid,cached,False,
6518,RHEA:48296,encoded_general_reaction,valid,cached,False,
6519,RHEA:48300,encoded_general_reaction,valid,cached,False,
6520,RHEA:48304,encoded_general_reaction,valid,cached,False,
6521,RHEA:48308,encoded_general_reaction,valid,cached,False,
6522,RHEA:48312,encoded_general_reaction,valid,cached,False,
6523,RHEA:48316,encoded_general_reaction,valid,cached,False,
6524,RHEA:48320,encoded_general_reaction,valid,cached,False,
6525,RHEA:48324,encoded_general_reaction,valid,cached,False,
6526,RHEA:48328,encoded_general_reaction,valid,cached,False,
6527,RHEA:48332,encoded_general_reaction,valid,cached,False,
6528,RHEA:48336,encoded_general_reaction,valid,cached,False,
6529,RHEA:48340,encoded_general_reaction,valid,cached,False,
6530,RHEA:48344,encoded_general_reaction,valid,cached,False,
6531,RHEA:48348,encoded_general_reaction,valid,cached,False,
6532,RHEA:48352,encoded_general_reaction,valid,cached,False,
6533,RHEA:48356,encoded_general_reaction,valid,cached,False,
6534,RHEA:48360,encoded_general_reaction,valid,cached,False,
6535,RHEA:48364,encoded_general_reaction,valid,cached,False,
6536,RHEA:48368,encoded_general_reaction,valid,cached,False,
6537,RHEA:48372,encoded_general_reaction,valid,cached,False,
6538,RHEA:48376,encoded_general_reaction,valid,cached,False,
6539,RHEA:48380,encoded_general_reaction,valid,cached,False,
6540,RHEA:48384,encoded_general_reaction,valid,cached,False,
6541,RHEA:48388,encoded_general_reaction,valid,cached,False,
6542,RHEA:48392,encoded_general_reaction,valid,cached,False,
6543,RHEA:48396,encoded_general_reaction,valid,cached,False,
6544,RHEA:48400,encoded_general_reaction,valid,cached,False,
6545,RHEA:48404,encoded_general_reaction,valid,cached,False,
6546,RHEA:48412,encoded_general_reaction,valid,cached,False,
6547,RHEA:48424,encoded_general_reaction,valid,cached,False,
6548,RHEA:48428,encoded_general_reaction,valid,cached,False,
6549,RHEA:48432,encoded_general_reaction,valid,cached,False,
6550,RHEA:48436,encoded_general_reaction,valid,cached,False,
6551,RHEA:48480,encoded_general_reaction,valid,cached,False,
6552,RHEA:48484,encoded_general_reaction,valid,cached,False,
6553,RHEA:48488,encoded_general_reaction,valid,cached,False,
6554,RHEA:48492,encoded_general_reaction,valid,cached,False,
6555,RHEA:48496,encoded_general_reaction,valid,cached,False,
6556,RHEA:48500,encoded_general_reaction,valid,cached,False,
6557,RHEA:48504,encoded_general_reaction,valid,cached,False,
6558,RHEA:48508,encoded_general_reaction,valid,cached,False,
6559,RHEA:48512,encoded_general_reaction,valid,cached,False,
6560,RHEA:48516,encoded_general_reaction,valid,cached,False,
6561,RHEA:48520,encoded_general_reaction,valid,cached,False,
6562,RHEA:48536,encoded_general_reaction,valid,cached,False,
6563,RHEA:48540,encoded_general_reaction,valid,cached,False,
6564,RHEA:48544,encoded_general_reaction,valid,cached,False,
6565,RHEA:48548,encoded_general_reaction,valid,cached,False,
6566,RHEA:48556,encoded_general_reaction,valid,cached,False,
6567,RHEA:48560,encoded_general_reaction,valid,cached,False,
6568,RHEA:48564,encoded_general_reaction,valid,cached,False,
6569,RHEA:48568,encoded_general_reaction,valid,cached,False,
6570,RHEA:48572,encoded_general_reaction,valid,cached,False,
6571,RHEA:48576,encoded_general_reaction,valid,cached,False,
6572,RHEA:48580,encoded_general_reaction,valid,cached,False,
6573,RHEA:48584,encoded_general_reaction,valid,cached,False,
6574,RHEA:48588,encoded_general_reaction,valid,cached,False,
6575,RHEA:48592,encoded_general_reaction,valid,cached,False,
6576,RHEA:48596,encoded_general_reaction,valid,cached,False,
6577,RHEA:48600,encoded_general_reaction,valid,cached,False,
6578,RHEA:48604,encoded_general_reaction,valid,cached,False,
6579,RHEA:48608,encoded_general_reaction,valid,cached,False,
6580,RHEA:48612,encoded_general_reaction,valid,cached,False,
6581,RHEA:48616,encoded_general_reaction,valid,cached,False,
6582,RHEA:48620,encoded_general_reaction,valid,cached,False,
6583,RHEA:48624,encoded_general_reaction,valid,cached,False,
6584,RHEA:48628,encoded_general_reaction,valid,cached,False,
6585,RHEA:48632,encoded_general_reaction,valid,cached,False,
6586,RHEA:48636,encoded_general_reaction,valid,cached,False,
6587,RHEA:48640,encoded_general_reaction,valid,cached,False,
6588,RHEA:48644,encoded_general_reaction,valid,cached,False,
6589,RHEA:48648,encoded_general_reaction,valid,cached,False,
6590,RHEA:48652,encoded_general_reaction,valid,cached,False,
6591,RHEA:48656,encoded_general_reaction,valid,cached,False,
6592,RHEA:48660,encoded_general_reaction,valid,cached,False,
6593,RHEA:48664,encoded_general_reaction,valid,cached,False,
6594,RHEA:48668,encoded_general_reaction,valid,cached,False,
6595,RHEA:48672,encoded_general_reaction,valid,cached,False,
6596,RHEA:48676,encoded_general_reaction,valid,cached,False,
6597,RHEA:48680,encoded_general_reaction,valid,cached,False,
6598,RHEA:48684,encoded_general_reaction,valid,cached,False,
6599,RHEA:48688,encoded_general_reaction,valid,cached,False,
6600,RHEA:48692,encoded_general_reaction,valid,cached,False,
6601,RHEA:48696,encoded_general_reaction,valid,cached,False,
6602,RHEA:48700,encoded_general_reaction,valid,cached,False,
6603,RHEA:48704,encoded_general_reaction,valid,cached,False,
6604,RHEA:48708,encoded_general_reaction,valid,cached,False,
6605,RHEA:48712,encoded_general_reaction,valid,cached,False,
6606,RHEA:48716,encoded_general_reaction,valid,cached,False,
6607,RHEA:48720,encoded_general_reaction,valid,cached,False,
6608,RHEA:48732,encoded_general_reaction,valid,cached,False,
6609,RHEA:48736,encoded_general_reaction,valid,cached,False,
6610,RHEA:48740,encoded_general_reaction,valid,cached,False,
6611,RHEA:48744,encoded_general_reaction,valid,cached,False,
6612,RHEA:48748,encoded_general_reaction,valid,cached,False,
6613,RHEA:48752,encoded_general_reaction,valid,cached,False,
6614,RHEA:48756,encoded_general_reaction,valid,cached,False,
6615,RHEA:48760,encoded_general_reaction,valid,cached,False,
6616,RHEA:48768,encoded_general_reaction,valid,cached,False,
6617,RHEA:48776,encoded_general_reaction,valid,cached,False,
6618,RHEA:48780,encoded_general_reaction,valid,cached,False,
6619,RHEA:48784,encoded_general_reaction,valid,cached,False,
6620,RHEA:48792,encoded_general_reaction,valid,cached,False,
6621,RHEA:48796,encoded_general_reaction,valid,cached,False,
6622,RHEA:48800,encoded_general_reaction,valid,cached,False,
6623,RHEA:48804,encoded_general_reaction,valid,cached,False,
6624,RHEA:48808,encoded_general_reaction,valid,cached,False,
6625,RHEA:48812,encoded_general_reaction,valid,cached,False,
6626,RHEA:48816,encoded_general_reaction,valid,cached,False,
6627,RHEA:48820,encoded_general_reaction,valid,cached,False,
6628,RHEA:48824,encoded_general_reaction,valid,cached,False,
6629,RHEA:48828,encoded_general_reaction,valid,cached,False,
6630,RHEA:48832,encoded_general_reaction,valid,cached,False,
6631,RHEA:48836,encoded_general_reaction,valid,cached,False,
6632,RHEA:48840,encoded_general_reaction,valid,cached,False,
6633,RHEA:48844,encoded_general_reaction,valid,cached,False,
6634,RHEA:48848,encoded_general_reaction,valid,cached,False,
6635,RHEA:48852,encoded_general_reaction,valid,cached,False,
6636,RHEA:48856,encoded_general_reaction,valid,cached,False,
6637,RHEA:48860,encoded_general_reaction,valid,cached,False,
6638,RHEA:48864,encoded_general_reaction,valid,cached,False,
6639,RHEA:48868,encoded_general_reaction,valid,cached,False,
6640,RHEA:48872,encoded_general_reaction,valid,cached,False,
6641,RHEA:48876,encoded_general_reaction,valid,cached,False,
6642,RHEA:48880,encoded_general_reaction,valid,cached,False,
6643,RHEA:48884,encoded_general_reaction,valid,cached,False,
6644,RHEA:48888,encoded_general_reaction,valid,cached,False,
6645,RHEA:48892,encoded_general_reaction,valid,cached,False,
6646,RHEA:48904,encoded_general_reaction,valid,cached,False,
6647,RHEA:48908,encoded_general_reaction,valid,cached,False,
6648,RHEA:48912,encoded_general_reaction,valid,cached,False,
6649,RHEA:48916,encoded_general_reaction,valid,cached,False,
6650,RHEA:48924,encoded_general_reaction,valid,cached,False,
6651,RHEA:48928,encoded_general_reaction,valid,cached,False,
6652,RHEA:48932,encoded_general_reaction,valid,cached,False,
6653,RHEA:48936,encoded_general_reaction,valid,cached,False,
6654,RHEA:48940,encoded_general_reaction,valid,cached,False,
6655,RHEA:48944,encoded_general_reaction,valid,cached,False,
6656,RHEA:48948,encoded_general_reaction,valid,cached,False,
6657,RHEA:48952,encoded_general_reaction,valid,cached,False,
6658,RHEA:48956,encoded_general_reaction,valid,cached,False,
6659,RHEA:48960,encoded_general_reaction,valid,cached,False,
6660,RHEA:48964,encoded_general_reaction,valid,cached,False,
6661,RHEA:48968,encoded_general_reaction,valid,cached,False,
6662,RHEA:48972,encoded_general_reaction,valid,cached,False,
6663,RHEA:48976,encoded_general_reaction,valid,cached,False,
6664,RHEA:48980,encoded_general_reaction,valid,cached,False,
6665,RHEA:48984,encoded_general_reaction,valid,cached,False,
6666,RHEA:48996,encoded_general_reaction,valid,cached,False,
6667,RHEA:49000,encoded_general_reaction,valid,cached,False,
6668,RHEA:49004,encoded_general_reaction,valid,cached,False,
6669,RHEA:49024,encoded_general_reaction,valid,cached,False,
6670,RHEA:49028,encoded_general_reaction,valid,cached,False,
6671,RHEA:49032,encoded_general_reaction,valid,cached,False,
6672,RHEA:49036,encoded_general_reaction,valid,cached,False,
6673,RHEA:49040,encoded_general_reaction,valid,cached,False,
6674,RHEA:49044,encoded_general_reaction,valid,cached,False,
6675,RHEA:49048,encoded_general_reaction,valid,cached,False,
6676,RHEA:49052,encoded_general_reaction,valid,cached,False,
6677,RHEA:49056,encoded_general_reaction,valid,cached,False,
6678,RHEA:49060,encoded_general_reaction,valid,cached,False,
6679,RHEA:49064,encoded_general_reaction,valid,cached,False,
6680,RHEA:49068,encoded_general_reaction,valid,cached,False,
6681,RHEA:49072,encoded_general_reaction,valid,cached,False,
6682,RHEA:49076,encoded_general_reaction,valid,cached,False,
6683,RHEA:49080,encoded_general_reaction,valid,cached,False,
6684,RHEA:49084,encoded_general_reaction,valid,cached,False,
6685,RHEA:49088,encoded_general_reaction,valid,cached,False,
6686,RHEA:49092,encoded_general_reaction,valid,cached,False,
6687,RHEA:49096,encoded_general_reaction,valid,cached,False,
6688,RHEA:49112,encoded_general_reaction,valid,cached,False,
6689,RHEA:49116,encoded_general_reaction,valid,cached,False,
6690,RHEA:49120,encoded_general_reaction,valid,cached,False,
6691,RHEA:49124,encoded_general_reaction,valid,cached,False,
6692,RHEA:49140,encoded_general_reaction,valid,cached,False,
6693,RHEA:49144,encoded_general_reaction,valid,cached,False,
6694,RHEA:49148,encoded_general_reaction,valid,cached,False,
6695,RHEA:49160,encoded_general_reaction,valid,cached,False,
6696,RHEA:49168,encoded_general_reaction,valid,cached,False,
6697,RHEA:49172,encoded_general_reaction,valid,cached,False,
6698,RHEA:49176,encoded_general_reaction,valid,cached,False,
6699,RHEA:49180,encoded_general_reaction,valid,cached,False,
6700,RHEA:49192,encoded_general_reaction,valid,cached,False,
6701,RHEA:49196,encoded_general_reaction,valid,cached,False,
6702,RHEA:49204,encoded_general_reaction,valid,cached,False,
6703,RHEA:49208,encoded_general_reaction,valid,cached,False,
6704,RHEA:49212,encoded_general_reaction,valid,cached,False,
6705,RHEA:49216,encoded_general_reaction,valid,cached,False,
6706,RHEA:49232,encoded_general_reaction,valid,cached,False,
6707,RHEA:49240,encoded_general_reaction,valid,cached,False,
6708,RHEA:49244,encoded_general_reaction,valid,cached,False,
6709,RHEA:49248,encoded_general_reaction,valid,cached,False,
6710,RHEA:49252,encoded_general_reaction,valid,cached,False,
6711,RHEA:49260,encoded_general_reaction,valid,cached,False,
6712,RHEA:49264,encoded_general_reaction,valid,cached,False,
6713,RHEA:49268,encoded_general_reaction,valid,cached,False,
6714,RHEA:49272,encoded_general_reaction,valid,cached,False,
6715,RHEA:49276,encoded_general_reaction,valid,cached,False,
6716,RHEA:49284,encoded_general_reaction,valid,cached,False,
6717,RHEA:49288,encoded_general_reaction,valid,cached,False,
6718,RHEA:49292,encoded_general_reaction,valid,cached,False,
6719,RHEA:49296,encoded_general_reaction,valid,cached,False,
6720,RHEA:49300,encoded_general_reaction,valid,cached,False,
6721,RHEA:49304,encoded_general_reaction,valid,cached,False,
6722,RHEA:49308,encoded_general_reaction,valid,cached,False,
6723,RHEA:49312,encoded_general_reaction,valid,cached,False,
6724,RHEA:49316,encoded_general_reaction,valid,cached,False,
6725,RHEA:49320,encoded_general_reaction,valid,cached,False,
6726,RHEA:49324,encoded_general_reaction,valid,cached,False,
6727,RHEA:49372,encoded_general_reaction,valid,cached,False,
6728,RHEA:49376,encoded_general_reaction,valid,cached,False,
6729,RHEA:49380,encoded_general_reaction,valid,cached,False,
6730,RHEA:49384,encoded_general_reaction,valid,cached,False,
6731,RHEA:49388,encoded_general_reaction,valid,cached,False,
6732,RHEA:49392,encoded_general_reaction,valid,cached,False,
6733,RHEA:49396,encoded_general_reaction,valid,cached,False,
6734,RHEA:49400,encoded_general_reaction,valid,cached,False,
6735,RHEA:49404,encoded_general_reaction,valid,cached,False,
6736,RHEA:49416,encoded_general_reaction,valid,cached,False,
6737,RHEA:49420,encoded_general_reaction,valid,cached,False,
6738,RHEA:49424,encoded_general_reaction,valid,cached,False,
6739,RHEA:49428,encoded_general_reaction,valid,cached,False,
6740,RHEA:49432,encoded_general_reaction,valid,cached,False,
6741,RHEA:49436,encoded_general_reaction,valid,cached,False,
6742,RHEA:49444,encoded_general_reaction,valid,cached,False,
6743,RHEA:49452,encoded_general_reaction,valid,cached,False,
6744,RHEA:49456,encoded_general_reaction,valid,cached,False,
6745,RHEA:49460,encoded_general_reaction,valid,cached,False,
6746,RHEA:49464,encoded_general_reaction,valid,cached,False,
6747,RHEA:49468,encoded_general_reaction,valid,cached,False,
6748,RHEA:49472,encoded_general_reaction,valid,cached,False,
6749,RHEA:49488,encoded_general_reaction,valid,cached,False,
6750,RHEA:49516,encoded_general_reaction,valid,cached,False,
6751,RHEA:49520,encoded_general_reaction,valid,cached,False,
6752,RHEA:49524,encoded_general_reaction,valid,cached,False,
6753,RHEA:49532,encoded_general_reaction,valid,cached,False,
6754,RHEA:49548,encoded_general_reaction,valid,cached,False,
6755,RHEA:49552,encoded_general_reaction,valid,cached,False,
6756,RHEA:49556,encoded_general_reaction,valid,cached,False,
6757,RHEA:49560,encoded_general_reaction,valid,cached,False,
6758,RHEA:49564,encoded_general_reaction,valid,cached,False,
6759,RHEA:49568,encoded_general_reaction,valid,cached,False,
6760,RHEA:49572,encoded_general_reaction,valid,cached,False,
6761,RHEA:49576,encoded_general_reaction,valid,cached,False,
6762,RHEA:49580,encoded_general_reaction,valid,cached,False,
6763,RHEA:49584,encoded_general_reaction,valid,cached,False,
6764,RHEA:49588,encoded_general_reaction,valid,cached,False,
6765,RHEA:49592,encoded_general_reaction,valid,cached,False,
6766,RHEA:49604,encoded_general_reaction,valid,cached,False,
6767,RHEA:49608,encoded_general_reaction,valid,cached,False,
6768,RHEA:49612,encoded_general_reaction,valid,cached,False,
6769,RHEA:49616,encoded_general_reaction,valid,cached,False,
6770,RHEA:49620,encoded_general_reaction,valid,cached,False,
6771,RHEA:49624,encoded_general_reaction,valid,cached,False,
6772,RHEA:49628,copied_reference_feature,precomputed,precomputed,False,
6773,RHEA:49632,copied_reference_feature,precomputed,precomputed,False,
6774,RHEA:49636,encoded_general_reaction,valid,cached,False,
6775,RHEA:49652,encoded_general_reaction,valid,cached,False,
6776,RHEA:49668,encoded_general_reaction,valid,cached,False,
6777,RHEA:49684,encoded_general_reaction,valid,cached,False,
6778,RHEA:49708,encoded_general_reaction,valid,cached,False,
6779,RHEA:49716,encoded_general_reaction,valid,cached,False,
6780,RHEA:49772,encoded_general_reaction,valid,cached,False,
6781,RHEA:49780,encoded_general_reaction,valid,cached,False,
6782,RHEA:49784,encoded_general_reaction,valid,cached,False,
6783,RHEA:49788,encoded_general_reaction,valid,cached,False,
6784,RHEA:49792,encoded_general_reaction,valid,cached,False,
6785,RHEA:49804,encoded_general_reaction,valid,cached,False,
6786,RHEA:49808,encoded_general_reaction,valid,cached,False,
6787,RHEA:49816,encoded_general_reaction,valid,cached,False,
6788,RHEA:49828,encoded_general_reaction,valid,cached,False,
6789,RHEA:49832,encoded_general_reaction,valid,cached,False,
6790,RHEA:49852,encoded_general_reaction,valid,cached,False,
6791,RHEA:49856,encoded_general_reaction,valid,cached,False,
6792,RHEA:49860,encoded_general_reaction,valid,cached,False,
6793,RHEA:49876,encoded_general_reaction,valid,cached,False,
6794,RHEA:49880,encoded_general_reaction,valid,cached,False,
6795,RHEA:49884,encoded_general_reaction,valid,cached,False,
6796,RHEA:49888,encoded_general_reaction,valid,cached,False,
6797,RHEA:49892,encoded_general_reaction,valid,cached,False,
6798,RHEA:49928,encoded_general_reaction,valid,cached,False,
6799,RHEA:49932,encoded_general_reaction,valid,cached,False,
6800,RHEA:49936,encoded_general_reaction,valid,cached,False,
6801,RHEA:49940,encoded_general_reaction,valid,cached,False,
6802,RHEA:49948,encoded_general_reaction,valid,cached,False,
6803,RHEA:49968,encoded_general_reaction,valid,cached,False,
6804,RHEA:49972,encoded_general_reaction,valid,cached,False,
6805,RHEA:49976,encoded_general_reaction,valid,cached,False,
6806,RHEA:49980,encoded_general_reaction,valid,cached,False,
6807,RHEA:49984,encoded_general_reaction,valid,cached,False,
6808,RHEA:49988,encoded_general_reaction,valid,cached,False,
6809,RHEA:49992,encoded_general_reaction,valid,cached,False,
6810,RHEA:49996,encoded_general_reaction,valid,cached,False,
6811,RHEA:50004,encoded_general_reaction,valid,cached,False,
6812,RHEA:50008,encoded_general_reaction,valid,cached,False,
6813,RHEA:50012,encoded_general_reaction,valid,cached,False,
6814,RHEA:50016,encoded_general_reaction,valid,cached,False,
6815,RHEA:50020,encoded_general_reaction,valid,cached,False,
6816,RHEA:50024,encoded_general_reaction,valid,cached,False,
6817,RHEA:50028,encoded_general_reaction,valid,cached,False,
6818,RHEA:50032,encoded_general_reaction,valid,cached,False,
6819,RHEA:50036,encoded_general_reaction,valid,cached,False,
6820,RHEA:50040,encoded_general_reaction,valid,cached,False,
6821,RHEA:50044,encoded_general_reaction,valid,cached,False,
6822,RHEA:50048,encoded_general_reaction,valid,cached,False,
6823,RHEA:50052,encoded_general_reaction,valid,cached,False,
6824,RHEA:50056,encoded_general_reaction,valid,cached,False,
6825,RHEA:50060,encoded_general_reaction,valid,cached,False,
6826,RHEA:50064,encoded_general_reaction,valid,cached,False,
6827,RHEA:50068,encoded_general_reaction,valid,cached,False,
6828,RHEA:50072,encoded_general_reaction,valid,cached,False,
6829,RHEA:50076,encoded_general_reaction,valid,cached,False,
6830,RHEA:50080,encoded_general_reaction,valid,cached,False,
6831,RHEA:50084,encoded_general_reaction,valid,cached,False,
6832,RHEA:50088,encoded_general_reaction,valid,cached,False,
6833,RHEA:50096,encoded_general_reaction,valid,cached,False,
6834,RHEA:50100,encoded_general_reaction,valid,cached,False,
6835,RHEA:50104,encoded_general_reaction,valid,cached,False,
6836,RHEA:50108,encoded_general_reaction,valid,cached,False,
6837,RHEA:50112,encoded_general_reaction,valid,cached,False,
6838,RHEA:50116,encoded_general_reaction,valid,cached,False,
6839,RHEA:50120,encoded_general_reaction,valid,cached,False,
6840,RHEA:50124,encoded_general_reaction,valid,cached,False,
6841,RHEA:50128,encoded_general_reaction,valid,cached,False,
6842,RHEA:50132,encoded_general_reaction,valid,cached,False,
6843,RHEA:50136,encoded_general_reaction,valid,cached,False,
6844,RHEA:50140,encoded_general_reaction,valid,cached,False,
6845,RHEA:50144,encoded_general_reaction,valid,cached,False,
6846,RHEA:50148,encoded_general_reaction,valid,cached,False,
6847,RHEA:50152,encoded_general_reaction,valid,cached,False,
6848,RHEA:50156,encoded_general_reaction,valid,cached,False,
6849,RHEA:50160,encoded_general_reaction,valid,cached,False,
6850,RHEA:50164,encoded_general_reaction,valid,cached,False,
6851,RHEA:50168,encoded_general_reaction,valid,cached,False,
6852,RHEA:50172,encoded_general_reaction,valid,cached,False,
6853,RHEA:50176,encoded_general_reaction,valid,cached,False,
6854,RHEA:50180,encoded_general_reaction,valid,cached,False,
6855,RHEA:50184,encoded_general_reaction,valid,cached,False,
6856,RHEA:50188,encoded_general_reaction,valid,cached,False,
6857,RHEA:50192,encoded_general_reaction,valid,cached,False,
6858,RHEA:50196,encoded_general_reaction,valid,cached,False,
6859,RHEA:50200,encoded_general_reaction,valid,cached,False,
6860,RHEA:50204,encoded_general_reaction,valid,cached,False,
6861,RHEA:50208,encoded_general_reaction,valid,cached,False,
6862,RHEA:50212,encoded_general_reaction,valid,cached,False,
6863,RHEA:50216,encoded_general_reaction,valid,cached,False,
6864,RHEA:50228,encoded_general_reaction,valid,cached,False,
6865,RHEA:50236,encoded_general_reaction,valid,cached,False,
6866,RHEA:50244,encoded_general_reaction,valid,cached,False,
6867,RHEA:50248,encoded_general_reaction,valid,cached,False,
6868,RHEA:50256,encoded_general_reaction,valid,cached,False,
6869,RHEA:50260,encoded_general_reaction,valid,cached,False,
6870,RHEA:50264,encoded_general_reaction,valid,cached,False,
6871,RHEA:50268,encoded_general_reaction,valid,cached,False,
6872,RHEA:50272,encoded_general_reaction,valid,cached,False,
6873,RHEA:50276,encoded_general_reaction,valid,cached,False,
6874,RHEA:50280,encoded_general_reaction,valid,cached,False,
6875,RHEA:50284,encoded_general_reaction,valid,cached,False,
6876,RHEA:50288,encoded_general_reaction,valid,cached,False,
6877,RHEA:50292,encoded_general_reaction,valid,cached,False,
6878,RHEA:50296,encoded_general_reaction,valid,cached,False,
6879,RHEA:50300,encoded_general_reaction,valid,cached,False,
6880,RHEA:50304,encoded_general_reaction,valid,cached,False,
6881,RHEA:50308,encoded_general_reaction,valid,cached,False,
6882,RHEA:50312,encoded_general_reaction,valid,cached,False,
6883,RHEA:50316,encoded_general_reaction,valid,cached,False,
6884,RHEA:50320,encoded_general_reaction,valid,cached,False,
6885,RHEA:50324,encoded_general_reaction,valid,cached,False,
6886,RHEA:50328,encoded_general_reaction,valid,cached,False,
6887,RHEA:50332,encoded_general_reaction,valid,cached,False,
6888,RHEA:50336,encoded_general_reaction,valid,cached,False,
6889,RHEA:50344,encoded_general_reaction,valid,cached,False,
6890,RHEA:50352,encoded_general_reaction,valid,cached,False,
6891,RHEA:50356,encoded_general_reaction,valid,cached,False,
6892,RHEA:50364,encoded_general_reaction,valid,cached,False,
6893,RHEA:50368,encoded_general_reaction,valid,cached,False,
6894,RHEA:50380,encoded_general_reaction,valid,cached,False,
6895,RHEA:50388,encoded_general_reaction,valid,cached,False,
6896,RHEA:50396,encoded_general_reaction,valid,cached,False,
6897,RHEA:50412,encoded_general_reaction,valid,cached,False,
6898,RHEA:50416,encoded_general_reaction,valid,cached,False,
6899,RHEA:50420,encoded_general_reaction,valid,cached,False,
6900,RHEA:50424,encoded_general_reaction,valid,cached,False,
6901,RHEA:50428,encoded_general_reaction,valid,cached,False,
6902,RHEA:50432,encoded_general_reaction,valid,cached,False,
6903,RHEA:50444,encoded_general_reaction,valid,cached,False,
6904,RHEA:50448,encoded_general_reaction,valid,cached,False,
6905,RHEA:50460,encoded_general_reaction,valid,cached,False,
6906,RHEA:50472,encoded_general_reaction,valid,cached,False,
6907,RHEA:50480,encoded_general_reaction,valid,cached,False,
6908,RHEA:50484,encoded_general_reaction,valid,cached,False,
6909,RHEA:50488,encoded_general_reaction,valid,cached,False,
6910,RHEA:50492,encoded_general_reaction,valid,cached,False,
6911,RHEA:50496,encoded_general_reaction,valid,cached,False,
6912,RHEA:50500,encoded_general_reaction,valid,cached,False,
6913,RHEA:50504,encoded_general_reaction,valid,cached,False,
6914,RHEA:50508,encoded_general_reaction,valid,cached,False,
6915,RHEA:50512,encoded_general_reaction,valid,cached,False,
6916,RHEA:50516,encoded_general_reaction,valid,cached,False,
6917,RHEA:50520,encoded_general_reaction,valid,cached,False,
6918,RHEA:50524,encoded_general_reaction,valid,cached,False,
6919,RHEA:50528,encoded_general_reaction,valid,cached,False,
6920,RHEA:50532,encoded_general_reaction,valid,cached,False,
6921,RHEA:50560,encoded_general_reaction,valid,cached,False,
6922,RHEA:50564,encoded_general_reaction,valid,cached,False,
6923,RHEA:50568,encoded_general_reaction,valid,cached,False,
6924,RHEA:50572,encoded_general_reaction,valid,cached,False,
6925,RHEA:50576,encoded_general_reaction,valid,cached,False,
6926,RHEA:50580,encoded_general_reaction,valid,cached,False,
6927,RHEA:50584,encoded_general_reaction,valid,cached,False,
6928,RHEA:50588,encoded_general_reaction,valid,cached,False,
6929,RHEA:50592,encoded_general_reaction,valid,cached,False,
6930,RHEA:50596,encoded_general_reaction,valid,cached,False,
6931,RHEA:50600,encoded_general_reaction,valid,cached,False,
6932,RHEA:50604,encoded_general_reaction,valid,cached,False,
6933,RHEA:50608,encoded_general_reaction,valid,cached,False,
6934,RHEA:50612,encoded_general_reaction,valid,cached,False,
6935,RHEA:50616,encoded_general_reaction,valid,cached,False,
6936,RHEA:50648,encoded_general_reaction,valid,cached,False,
6937,RHEA:50652,encoded_general_reaction,valid,cached,False,
6938,RHEA:50656,encoded_general_reaction,valid,cached,False,
6939,RHEA:50660,encoded_general_reaction,valid,cached,False,
6940,RHEA:50664,encoded_general_reaction,valid,cached,False,
6941,RHEA:50668,encoded_general_reaction,valid,cached,False,
6942,RHEA:50676,encoded_general_reaction,valid,cached,False,
6943,RHEA:50680,encoded_general_reaction,valid,cached,False,
6944,RHEA:50692,encoded_general_reaction,valid,cached,False,
6945,RHEA:50696,encoded_general_reaction,valid,cached,False,
6946,RHEA:50700,encoded_general_reaction,valid,cached,False,
6947,RHEA:50704,encoded_general_reaction,valid,cached,False,
6948,RHEA:50708,encoded_general_reaction,valid,cached,False,
6949,RHEA:50712,encoded_general_reaction,valid,cached,False,
6950,RHEA:50716,encoded_general_reaction,valid,cached,False,
6951,RHEA:50736,encoded_general_reaction,valid,cached,False,
6952,RHEA:50740,encoded_general_reaction,valid,cached,False,
6953,RHEA:50756,encoded_general_reaction,valid,cached,False,
6954,RHEA:50760,encoded_general_reaction,valid,cached,False,
6955,RHEA:50764,encoded_general_reaction,valid,cached,False,
6956,RHEA:50768,encoded_general_reaction,valid,cached,False,
6957,RHEA:50776,encoded_general_reaction,valid,cached,False,
6958,RHEA:50780,encoded_general_reaction,valid,cached,False,
6959,RHEA:50784,encoded_general_reaction,valid,cached,False,
6960,RHEA:50788,encoded_general_reaction,valid,cached,False,
6961,RHEA:50792,encoded_general_reaction,valid,cached,False,
6962,RHEA:50796,encoded_general_reaction,valid,cached,False,
6963,RHEA:50800,encoded_general_reaction,valid,cached,False,
6964,RHEA:50804,encoded_general_reaction,valid,cached,False,
6965,RHEA:50808,encoded_general_reaction,valid,cached,False,
6966,RHEA:50816,encoded_general_reaction,valid,cached,False,
6967,RHEA:50820,encoded_general_reaction,valid,cached,False,
6968,RHEA:50824,encoded_general_reaction,valid,cached,False,
6969,RHEA:50828,encoded_general_reaction,valid,cached,False,
6970,RHEA:50832,encoded_general_reaction,valid,cached,False,
6971,RHEA:50836,encoded_general_reaction,valid,cached,False,
6972,RHEA:50840,encoded_general_reaction,valid,cached,False,
6973,RHEA:50844,encoded_general_reaction,valid,cached,False,
6974,RHEA:50848,encoded_general_reaction,valid,cached,False,
6975,RHEA:50852,encoded_general_reaction,valid,cached,False,
6976,RHEA:50856,encoded_general_reaction,valid,cached,False,
6977,RHEA:50860,encoded_general_reaction,valid,cached,False,
6978,RHEA:50864,encoded_general_reaction,valid,cached,False,
6979,RHEA:50876,encoded_general_reaction,valid,cached,False,
6980,RHEA:50880,encoded_general_reaction,valid,cached,False,
6981,RHEA:50884,encoded_general_reaction,valid,cached,False,
6982,RHEA:50896,encoded_general_reaction,valid,cached,False,
6983,RHEA:50900,encoded_general_reaction,valid,cached,False,
6984,RHEA:50904,encoded_general_reaction,valid,cached,False,
6985,RHEA:50912,encoded_general_reaction,valid,cached,False,
6986,RHEA:50916,encoded_general_reaction,valid,cached,False,
6987,RHEA:50920,encoded_general_reaction,valid,cached,False,
6988,RHEA:50924,encoded_general_reaction,valid,cached,False,
6989,RHEA:50928,encoded_general_reaction,valid,cached,False,
6990,RHEA:50932,encoded_general_reaction,valid,cached,False,
6991,RHEA:50936,encoded_general_reaction,valid,cached,False,
6992,RHEA:50940,encoded_general_reaction,valid,cached,False,
6993,RHEA:50944,encoded_general_reaction,valid,cached,False,
6994,RHEA:50948,encoded_general_reaction,valid,cached,False,
6995,RHEA:50952,encoded_general_reaction,valid,cached,False,
6996,RHEA:50956,encoded_general_reaction,valid,cached,False,
6997,RHEA:50960,encoded_general_reaction,valid,cached,False,
6998,RHEA:50964,encoded_general_reaction,valid,cached,False,
6999,RHEA:50968,encoded_general_reaction,valid,cached,False,
7000,RHEA:50972,encoded_general_reaction,valid,cached,False,
7001,RHEA:50996,encoded_general_reaction,valid,cached,False,
7002,RHEA:51000,encoded_general_reaction,valid,cached,False,
7003,RHEA:51004,encoded_general_reaction,valid,cached,False,
7004,RHEA:51016,encoded_general_reaction,valid,cached,False,
7005,RHEA:51020,encoded_general_reaction,valid,cached,False,
7006,RHEA:51024,encoded_general_reaction,valid,cached,False,
7007,RHEA:51036,encoded_general_reaction,valid,cached,False,
7008,RHEA:51048,encoded_general_reaction,valid,cached,False,
7009,RHEA:51060,encoded_general_reaction,valid,cached,False,
7010,RHEA:51064,encoded_general_reaction,valid,cached,False,
7011,RHEA:51068,encoded_general_reaction,valid,cached,False,
7012,RHEA:51072,encoded_general_reaction,valid,cached,False,
7013,RHEA:51080,encoded_general_reaction,valid,cached,False,
7014,RHEA:51084,encoded_general_reaction,valid,cached,False,
7015,RHEA:51088,encoded_general_reaction,valid,cached,False,
7016,RHEA:51092,encoded_general_reaction,valid,cached,False,
7017,RHEA:51096,encoded_general_reaction,valid,cached,False,
7018,RHEA:51100,encoded_general_reaction,valid,cached,False,
7019,RHEA:51104,encoded_general_reaction,valid,cached,False,
7020,RHEA:51108,encoded_general_reaction,valid,cached,False,
7021,RHEA:51112,encoded_general_reaction,valid,cached,False,
7022,RHEA:51116,encoded_general_reaction,valid,cached,False,
7023,RHEA:51124,encoded_general_reaction,valid,cached,False,
7024,RHEA:51128,encoded_general_reaction,valid,cached,False,
7025,RHEA:51132,encoded_general_reaction,valid,cached,False,
7026,RHEA:51148,encoded_general_reaction,valid,cached,False,
7027,RHEA:51152,encoded_general_reaction,valid,cached,False,
7028,RHEA:51156,encoded_general_reaction,valid,cached,False,
7029,RHEA:51160,encoded_general_reaction,valid,cached,False,
7030,RHEA:51164,encoded_general_reaction,valid,cached,False,
7031,RHEA:51168,encoded_general_reaction,valid,cached,False,
7032,RHEA:51172,encoded_general_reaction,valid,cached,False,
7033,RHEA:51204,encoded_general_reaction,valid,cached,False,
7034,RHEA:51208,encoded_general_reaction,valid,cached,False,
7035,RHEA:51212,encoded_general_reaction,valid,cached,False,
7036,RHEA:51216,encoded_general_reaction,valid,cached,False,
7037,RHEA:51220,encoded_general_reaction,valid,cached,False,
7038,RHEA:51224,encoded_general_reaction,valid,cached,False,
7039,RHEA:51232,encoded_general_reaction,valid,cached,False,
7040,RHEA:51240,encoded_general_reaction,valid,cached,False,
7041,RHEA:51244,encoded_general_reaction,valid,cached,False,
7042,RHEA:51248,encoded_general_reaction,valid,cached,False,
7043,RHEA:51252,encoded_general_reaction,valid,cached,False,
7044,RHEA:51256,encoded_general_reaction,valid,cached,False,
7045,RHEA:51260,encoded_general_reaction,valid,cached,False,
7046,RHEA:51264,encoded_general_reaction,valid,cached,False,
7047,RHEA:51268,encoded_general_reaction,valid,cached,False,
7048,RHEA:51272,encoded_general_reaction,valid,cached,False,
7049,RHEA:51292,encoded_general_reaction,valid,cached,False,
7050,RHEA:51296,encoded_general_reaction,valid,cached,False,
7051,RHEA:51300,encoded_general_reaction,valid,cached,False,
7052,RHEA:51308,encoded_general_reaction,valid,cached,False,
7053,RHEA:51312,encoded_general_reaction,valid,cached,False,
7054,RHEA:51316,encoded_general_reaction,valid,cached,False,
7055,RHEA:51324,encoded_general_reaction,valid,cached,False,
7056,RHEA:51328,encoded_general_reaction,valid,cached,False,
7057,RHEA:51332,encoded_general_reaction,valid,cached,False,
7058,RHEA:51340,encoded_general_reaction,valid,cached,False,
7059,RHEA:51344,encoded_general_reaction,valid,cached,False,
7060,RHEA:51348,encoded_general_reaction,valid,cached,False,
7061,RHEA:51352,encoded_general_reaction,valid,cached,False,
7062,RHEA:51356,encoded_general_reaction,valid,cached,False,
7063,RHEA:51360,encoded_general_reaction,valid,cached,False,
7064,RHEA:51364,encoded_general_reaction,valid,cached,False,
7065,RHEA:51368,encoded_general_reaction,valid,cached,False,
7066,RHEA:51372,encoded_general_reaction,valid,cached,False,
7067,RHEA:51376,encoded_general_reaction,valid,cached,False,
7068,RHEA:51380,encoded_general_reaction,valid,cached,False,
7069,RHEA:51384,encoded_general_reaction,valid,cached,False,
7070,RHEA:51388,encoded_general_reaction,valid,cached,False,
7071,RHEA:51392,encoded_general_reaction,valid,cached,False,
7072,RHEA:51396,encoded_general_reaction,valid,cached,False,
7073,RHEA:51400,encoded_general_reaction,valid,cached,False,
7074,RHEA:51404,encoded_general_reaction,valid,cached,False,
7075,RHEA:51408,encoded_general_reaction,valid,cached,False,
7076,RHEA:51412,encoded_general_reaction,valid,cached,False,
7077,RHEA:51416,encoded_general_reaction,valid,cached,False,
7078,RHEA:51420,encoded_general_reaction,valid,cached,False,
7079,RHEA:51424,encoded_general_reaction,valid,cached,False,
7080,RHEA:51428,encoded_general_reaction,valid,cached,False,
7081,RHEA:51432,encoded_general_reaction,valid,cached,False,
7082,RHEA:51436,encoded_general_reaction,valid,cached,False,
7083,RHEA:51440,encoded_general_reaction,valid,cached,False,
7084,RHEA:51448,encoded_general_reaction,valid,cached,False,
7085,RHEA:51452,encoded_general_reaction,valid,cached,False,
7086,RHEA:51468,encoded_general_reaction,valid,cached,False,
7087,RHEA:51472,encoded_general_reaction,valid,cached,False,
7088,RHEA:51476,encoded_general_reaction,valid,cached,False,
7089,RHEA:51480,encoded_general_reaction,valid,cached,False,
7090,RHEA:51484,encoded_general_reaction,valid,cached,False,
7091,RHEA:51488,encoded_general_reaction,valid,cached,False,
7092,RHEA:51492,encoded_general_reaction,valid,cached,False,
7093,RHEA:51496,encoded_general_reaction,valid,cached,False,
7094,RHEA:51500,encoded_general_reaction,valid,cached,False,
7095,RHEA:51504,encoded_general_reaction,valid,cached,False,
7096,RHEA:51508,encoded_general_reaction,valid,cached,False,
7097,RHEA:51512,encoded_general_reaction,valid,cached,False,
7098,RHEA:51516,encoded_general_reaction,valid,cached,False,
7099,RHEA:51520,encoded_general_reaction,valid,cached,False,
7100,RHEA:51524,encoded_general_reaction,valid,cached,False,
7101,RHEA:51528,encoded_general_reaction,valid,cached,False,
7102,RHEA:51532,encoded_general_reaction,valid,cached,False,
7103,RHEA:51536,encoded_general_reaction,valid,cached,False,
7104,RHEA:51540,encoded_general_reaction,valid,cached,False,
7105,RHEA:51544,encoded_general_reaction,valid,cached,False,
7106,RHEA:51548,encoded_general_reaction,valid,cached,False,
7107,RHEA:51552,encoded_general_reaction,valid,cached,False,
7108,RHEA:51556,encoded_general_reaction,valid,cached,False,
7109,RHEA:51560,encoded_general_reaction,valid,cached,False,
7110,RHEA:51564,encoded_general_reaction,valid,cached,False,
7111,RHEA:51568,encoded_general_reaction,valid,cached,False,
7112,RHEA:51572,encoded_general_reaction,valid,cached,False,
7113,RHEA:51576,encoded_general_reaction,valid,cached,False,
7114,RHEA:51584,encoded_general_reaction,valid,cached,False,
7115,RHEA:51592,encoded_general_reaction,valid,cached,False,
7116,RHEA:51596,encoded_general_reaction,valid,cached,False,
7117,RHEA:51600,encoded_general_reaction,valid,cached,False,
7118,RHEA:51608,encoded_general_reaction,valid,cached,False,
7119,RHEA:51616,encoded_general_reaction,valid,cached,False,
7120,RHEA:51620,encoded_general_reaction,valid,cached,False,
7121,RHEA:51624,encoded_general_reaction,valid,cached,False,
7122,RHEA:51628,encoded_general_reaction,valid,cached,False,
7123,RHEA:51632,encoded_general_reaction,valid,cached,False,
7124,RHEA:51640,encoded_general_reaction,valid,cached,False,
7125,RHEA:51644,encoded_general_reaction,valid,cached,False,
7126,RHEA:51648,encoded_general_reaction,valid,cached,False,
7127,RHEA:51656,encoded_general_reaction,valid,cached,False,
7128,RHEA:51664,encoded_general_reaction,valid,cached,False,
7129,RHEA:51668,encoded_general_reaction,valid,cached,False,
7130,RHEA:51672,encoded_general_reaction,valid,cached,False,
7131,RHEA:51676,encoded_general_reaction,valid,cached,False,
7132,RHEA:51680,encoded_general_reaction,valid,cached,False,
7133,RHEA:51688,encoded_general_reaction,valid,cached,False,
7134,RHEA:51692,encoded_general_reaction,valid,cached,False,
7135,RHEA:51696,encoded_general_reaction,valid,cached,False,
7136,RHEA:51700,encoded_general_reaction,valid,cached,False,
7137,RHEA:51704,encoded_general_reaction,valid,cached,False,
7138,RHEA:51708,encoded_general_reaction,valid,cached,False,
7139,RHEA:51712,encoded_general_reaction,valid,cached,False,
7140,RHEA:51724,encoded_general_reaction,valid,cached,False,
7141,RHEA:51728,encoded_general_reaction,valid,cached,False,
7142,RHEA:51732,encoded_general_reaction,valid,cached,False,
7143,RHEA:51736,encoded_general_reaction,valid,cached,False,
7144,RHEA:51752,encoded_general_reaction,valid,cached,False,
7145,RHEA:51756,encoded_general_reaction,valid,cached,False,
7146,RHEA:51760,encoded_general_reaction,valid,cached,False,
7147,RHEA:51792,encoded_general_reaction,valid,cached,False,
7148,RHEA:51848,encoded_general_reaction,valid,cached,False,
7149,RHEA:51860,encoded_general_reaction,valid,cached,False,
7150,RHEA:51864,encoded_general_reaction,valid,cached,False,
7151,RHEA:51868,encoded_general_reaction,valid,cached,False,
7152,RHEA:51876,encoded_general_reaction,valid,cached,False,
7153,RHEA:51880,encoded_general_reaction,valid,cached,False,
7154,RHEA:51884,encoded_general_reaction,valid,cached,False,
7155,RHEA:51888,encoded_general_reaction,valid,cached,False,
7156,RHEA:51892,encoded_general_reaction,valid,cached,False,
7157,RHEA:51896,encoded_general_reaction,valid,cached,False,
7158,RHEA:51900,encoded_general_reaction,valid,cached,False,
7159,RHEA:51908,encoded_general_reaction,valid,cached,False,
7160,RHEA:51916,encoded_general_reaction,valid,cached,False,
7161,RHEA:51924,encoded_general_reaction,valid,cached,False,
7162,RHEA:51928,encoded_general_reaction,valid,cached,False,
7163,RHEA:51936,encoded_general_reaction,valid,cached,False,
7164,RHEA:51944,encoded_general_reaction,valid,cached,False,
7165,RHEA:51952,encoded_general_reaction,valid,cached,False,
7166,RHEA:51968,encoded_general_reaction,valid,cached,False,
7167,RHEA:51984,encoded_general_reaction,valid,cached,False,
7168,RHEA:51988,encoded_general_reaction,valid,cached,False,
7169,RHEA:52008,encoded_general_reaction,valid,cached,False,
7170,RHEA:52012,encoded_general_reaction,valid,cached,False,
7171,RHEA:52016,encoded_general_reaction,valid,cached,False,
7172,RHEA:52028,encoded_general_reaction,valid,cached,False,
7173,RHEA:52044,encoded_general_reaction,valid,cached,False,
7174,RHEA:52048,encoded_general_reaction,valid,cached,False,
7175,RHEA:52052,encoded_general_reaction,valid,cached,False,
7176,RHEA:52056,encoded_general_reaction,valid,cached,False,
7177,RHEA:52060,encoded_general_reaction,valid,cached,False,
7178,RHEA:52064,encoded_general_reaction,valid,cached,False,
7179,RHEA:52068,encoded_general_reaction,valid,cached,False,
7180,RHEA:52072,encoded_general_reaction,valid,cached,False,
7181,RHEA:52076,encoded_general_reaction,valid,cached,False,
7182,RHEA:52080,encoded_general_reaction,valid,cached,False,
7183,RHEA:52084,encoded_general_reaction,valid,cached,False,
7184,RHEA:52088,encoded_general_reaction,valid,cached,False,
7185,RHEA:52092,encoded_general_reaction,valid,cached,False,
7186,RHEA:52096,encoded_general_reaction,valid,cached,False,
7187,RHEA:52100,encoded_general_reaction,valid,cached,False,
7188,RHEA:52104,encoded_general_reaction,valid,cached,False,
7189,RHEA:52108,encoded_general_reaction,valid,cached,False,
7190,RHEA:52112,encoded_general_reaction,valid,cached,False,
7191,RHEA:52116,encoded_general_reaction,valid,cached,False,
7192,RHEA:52120,encoded_general_reaction,valid,cached,False,
7193,RHEA:52124,encoded_general_reaction,valid,cached,False,
7194,RHEA:52128,encoded_general_reaction,valid,cached,False,
7195,RHEA:52132,encoded_general_reaction,valid,cached,False,
7196,RHEA:52140,encoded_general_reaction,valid,cached,False,
7197,RHEA:52144,encoded_general_reaction,valid,cached,False,
7198,RHEA:52152,encoded_general_reaction,valid,cached,False,
7199,RHEA:52156,encoded_general_reaction,valid,cached,False,
7200,RHEA:52164,encoded_general_reaction,valid,cached,False,
7201,RHEA:52168,encoded_general_reaction,valid,cached,False,
7202,RHEA:52172,encoded_general_reaction,valid,cached,False,
7203,RHEA:52176,encoded_general_reaction,valid,cached,False,
7204,RHEA:52180,encoded_general_reaction,valid,cached,False,
7205,RHEA:52192,encoded_general_reaction,valid,cached,False,
7206,RHEA:52204,encoded_general_reaction,valid,cached,False,
7207,RHEA:52208,encoded_general_reaction,valid,cached,False,
7208,RHEA:52212,encoded_general_reaction,valid,cached,False,
7209,RHEA:52224,encoded_general_reaction,valid,cached,False,
7210,RHEA:52228,encoded_general_reaction,valid,cached,False,
7211,RHEA:52232,encoded_general_reaction,valid,cached,False,
7212,RHEA:52236,encoded_general_reaction,valid,cached,False,
7213,RHEA:52252,encoded_general_reaction,valid,cached,False,
7214,RHEA:52264,encoded_general_reaction,valid,cached,False,
7215,RHEA:52276,encoded_general_reaction,valid,cached,False,
7216,RHEA:52280,encoded_general_reaction,valid,cached,False,
7217,RHEA:52284,encoded_general_reaction,valid,cached,False,
7218,RHEA:52288,encoded_general_reaction,valid,cached,False,
7219,RHEA:52292,encoded_general_reaction,valid,cached,False,
7220,RHEA:52296,encoded_general_reaction,valid,cached,False,
7221,RHEA:52300,encoded_general_reaction,valid,cached,False,
7222,RHEA:52304,encoded_general_reaction,valid,cached,False,
7223,RHEA:52308,encoded_general_reaction,valid,cached,False,
7224,RHEA:52316,encoded_general_reaction,valid,cached,False,
7225,RHEA:52320,encoded_general_reaction,valid,cached,False,
7226,RHEA:52324,encoded_general_reaction,valid,cached,False,
7227,RHEA:52336,encoded_general_reaction,valid,cached,False,
7228,RHEA:52340,encoded_general_reaction,valid,cached,False,
7229,RHEA:52344,encoded_general_reaction,valid,cached,False,
7230,RHEA:52348,encoded_general_reaction,valid,cached,False,
7231,RHEA:52352,encoded_general_reaction,valid,cached,False,
7232,RHEA:52356,encoded_general_reaction,valid,cached,False,
7233,RHEA:52368,encoded_general_reaction,valid,cached,False,
7234,RHEA:52372,encoded_general_reaction,valid,cached,False,
7235,RHEA:52380,encoded_general_reaction,valid,cached,False,
7236,RHEA:52384,encoded_general_reaction,valid,cached,False,
7237,RHEA:52388,encoded_general_reaction,valid,cached,False,
7238,RHEA:52392,encoded_general_reaction,valid,cached,False,
7239,RHEA:52396,encoded_general_reaction,valid,cached,False,
7240,RHEA:52404,encoded_general_reaction,valid,cached,False,
7241,RHEA:52408,encoded_general_reaction,valid,cached,False,
7242,RHEA:52416,encoded_general_reaction,valid,cached,False,
7243,RHEA:52420,encoded_general_reaction,valid,cached,False,
7244,RHEA:52424,encoded_general_reaction,valid,cached,False,
7245,RHEA:52432,encoded_general_reaction,valid,cached,False,
7246,RHEA:52436,encoded_general_reaction,valid,cached,False,
7247,RHEA:52440,encoded_general_reaction,valid,cached,False,
7248,RHEA:52444,encoded_general_reaction,valid,cached,False,
7249,RHEA:52448,encoded_general_reaction,valid,cached,False,
7250,RHEA:52452,encoded_general_reaction,valid,cached,False,
7251,RHEA:52456,encoded_general_reaction,valid,cached,False,
7252,RHEA:52460,encoded_general_reaction,valid,cached,False,
7253,RHEA:52464,encoded_general_reaction,valid,cached,False,
7254,RHEA:52468,encoded_general_reaction,valid,cached,False,
7255,RHEA:52472,encoded_general_reaction,valid,cached,False,
7256,RHEA:52476,encoded_general_reaction,valid,cached,False,
7257,RHEA:52480,encoded_general_reaction,valid,cached,False,
7258,RHEA:52484,encoded_general_reaction,valid,cached,False,
7259,RHEA:52488,encoded_general_reaction,valid,cached,False,
7260,RHEA:52492,encoded_general_reaction,valid,cached,False,
7261,RHEA:52496,encoded_general_reaction,valid,cached,False,
7262,RHEA:52500,encoded_general_reaction,valid,cached,False,
7263,RHEA:52504,encoded_general_reaction,valid,cached,False,
7264,RHEA:52508,encoded_general_reaction,valid,cached,False,
7265,RHEA:52512,encoded_general_reaction,valid,cached,False,
7266,RHEA:52520,encoded_general_reaction,valid,cached,False,
7267,RHEA:52524,encoded_general_reaction,valid,cached,False,
7268,RHEA:52528,encoded_general_reaction,valid,cached,False,
7269,RHEA:52532,encoded_general_reaction,valid,cached,False,
7270,RHEA:52536,encoded_general_reaction,valid,cached,False,
7271,RHEA:52540,encoded_general_reaction,valid,cached,False,
7272,RHEA:52544,encoded_general_reaction,valid,cached,False,
7273,RHEA:52548,encoded_general_reaction,valid,cached,False,
7274,RHEA:52552,encoded_general_reaction,valid,cached,False,
7275,RHEA:52556,encoded_general_reaction,valid,cached,False,
7276,RHEA:52560,encoded_general_reaction,valid,cached,False,
7277,RHEA:52564,encoded_general_reaction,valid,cached,False,
7278,RHEA:52568,encoded_general_reaction,valid,cached,False,
7279,RHEA:52572,encoded_general_reaction,valid,cached,False,
7280,RHEA:52576,encoded_general_reaction,valid,cached,False,
7281,RHEA:52580,encoded_general_reaction,valid,cached,False,
7282,RHEA:52584,encoded_general_reaction,valid,cached,False,
7283,RHEA:52588,encoded_general_reaction,valid,cached,False,
7284,RHEA:52592,encoded_general_reaction,valid,cached,False,
7285,RHEA:52596,encoded_general_reaction,valid,cached,False,
7286,RHEA:52600,encoded_general_reaction,valid,cached,False,
7287,RHEA:52608,encoded_general_reaction,valid,cached,False,
7288,RHEA:52612,encoded_general_reaction,valid,cached,False,
7289,RHEA:52616,encoded_general_reaction,valid,cached,False,
7290,RHEA:52620,encoded_general_reaction,valid,cached,False,
7291,RHEA:52624,encoded_general_reaction,valid,cached,False,
7292,RHEA:52632,encoded_general_reaction,valid,cached,False,
7293,RHEA:52636,encoded_general_reaction,valid,cached,False,
7294,RHEA:52644,encoded_general_reaction,valid,cached,False,
7295,RHEA:52648,encoded_general_reaction,valid,cached,False,
7296,RHEA:52652,encoded_general_reaction,valid,cached,False,
7297,RHEA:52656,encoded_general_reaction,valid,cached,False,
7298,RHEA:52660,encoded_general_reaction,valid,cached,False,
7299,RHEA:52664,encoded_general_reaction,valid,cached,False,
7300,RHEA:52668,encoded_general_reaction,valid,cached,False,
7301,RHEA:52672,encoded_general_reaction,valid,cached,False,
7302,RHEA:52676,encoded_general_reaction,valid,cached,False,
7303,RHEA:52680,encoded_general_reaction,valid,cached,False,
7304,RHEA:52684,encoded_general_reaction,valid,cached,False,
7305,RHEA:52688,encoded_general_reaction,valid,cached,False,
7306,RHEA:52692,encoded_general_reaction,valid,cached,False,
7307,RHEA:52696,encoded_general_reaction,valid,cached,False,
7308,RHEA:52704,encoded_general_reaction,valid,cached,False,
7309,RHEA:52708,encoded_general_reaction,valid,cached,False,
7310,RHEA:52712,encoded_general_reaction,valid,cached,False,
7311,RHEA:52716,encoded_general_reaction,valid,cached,False,
7312,RHEA:52720,encoded_general_reaction,valid,cached,False,
7313,RHEA:52728,encoded_general_reaction,valid,cached,False,
7314,RHEA:52736,encoded_general_reaction,valid,cached,False,
7315,RHEA:52740,encoded_general_reaction,valid,cached,False,
7316,RHEA:52752,encoded_general_reaction,valid,cached,False,
7317,RHEA:52760,encoded_general_reaction,valid,cached,False,
7318,RHEA:52764,encoded_general_reaction,valid,cached,False,
7319,RHEA:52768,encoded_general_reaction,valid,cached,False,
7320,RHEA:52776,encoded_general_reaction,valid,cached,False,
7321,RHEA:52788,encoded_general_reaction,valid,cached,False,
7322,RHEA:52792,encoded_general_reaction,valid,cached,False,
7323,RHEA:52796,encoded_general_reaction,valid,cached,False,
7324,RHEA:52800,encoded_general_reaction,valid,cached,False,
7325,RHEA:52804,copied_reference_feature,precomputed,precomputed,False,
7326,RHEA:52808,encoded_general_reaction,valid,cached,False,
7327,RHEA:52812,encoded_general_reaction,valid,cached,False,
7328,RHEA:52816,encoded_general_reaction,valid,cached,False,
7329,RHEA:52820,encoded_general_reaction,valid,cached,False,
7330,RHEA:52824,encoded_general_reaction,valid,cached,False,
7331,RHEA:52828,encoded_general_reaction,valid,cached,False,
7332,RHEA:52836,encoded_general_reaction,valid,cached,False,
7333,RHEA:52840,encoded_general_reaction,valid,cached,False,
7334,RHEA:52844,encoded_general_reaction,valid,cached,False,
7335,RHEA:52848,encoded_general_reaction,valid,cached,False,
7336,RHEA:52852,encoded_general_reaction,valid,cached,False,
7337,RHEA:52864,encoded_general_reaction,valid,cached,False,
7338,RHEA:52868,encoded_general_reaction,valid,cached,False,
7339,RHEA:52872,encoded_general_reaction,valid,cached,False,
7340,RHEA:52876,encoded_general_reaction,valid,cached,False,
7341,RHEA:52880,encoded_general_reaction,valid,cached,False,
7342,RHEA:52884,encoded_general_reaction,valid,cached,False,
7343,RHEA:52896,encoded_general_reaction,valid,cached,False,
7344,RHEA:52900,encoded_general_reaction,valid,cached,False,
7345,RHEA:52904,encoded_general_reaction,valid,cached,False,
7346,RHEA:52908,encoded_general_reaction,valid,cached,False,
7347,RHEA:52912,encoded_general_reaction,valid,cached,False,
7348,RHEA:52916,encoded_general_reaction,valid,cached,False,
7349,RHEA:52920,encoded_general_reaction,valid,cached,False,
7350,RHEA:52924,encoded_general_reaction,valid,cached,False,
7351,RHEA:52928,encoded_general_reaction,valid,cached,False,
7352,RHEA:52936,encoded_general_reaction,valid,cached,False,
7353,RHEA:52940,encoded_general_reaction,valid,cached,False,
7354,RHEA:52948,encoded_general_reaction,valid,cached,False,
7355,RHEA:52952,encoded_general_reaction,valid,cached,False,
7356,RHEA:52956,encoded_general_reaction,valid,cached,False,
7357,RHEA:52960,encoded_general_reaction,valid,cached,False,
7358,RHEA:52964,encoded_general_reaction,valid,cached,False,
7359,RHEA:52968,encoded_general_reaction,valid,cached,False,
7360,RHEA:53000,encoded_general_reaction,valid,cached,False,
7361,RHEA:53004,encoded_general_reaction,valid,cached,False,
7362,RHEA:53012,encoded_general_reaction,valid,cached,False,
7363,RHEA:53016,encoded_general_reaction,valid,cached,False,
7364,RHEA:53028,encoded_general_reaction,valid,cached,False,
7365,RHEA:53032,encoded_general_reaction,valid,cached,False,
7366,RHEA:53036,encoded_general_reaction,valid,cached,False,
7367,RHEA:53040,encoded_general_reaction,valid,cached,False,
7368,RHEA:53048,encoded_general_reaction,valid,cached,False,
7369,RHEA:53052,encoded_general_reaction,valid,cached,False,
7370,RHEA:53056,encoded_general_reaction,valid,cached,False,
7371,RHEA:53060,encoded_general_reaction,valid,cached,False,
7372,RHEA:53064,encoded_general_reaction,valid,cached,False,
7373,RHEA:53068,encoded_general_reaction,valid,cached,False,
7374,RHEA:53072,encoded_general_reaction,valid,cached,False,
7375,RHEA:53076,encoded_general_reaction,valid,cached,False,
7376,RHEA:53080,encoded_general_reaction,valid,cached,False,
7377,RHEA:53088,encoded_general_reaction,valid,cached,False,
7378,RHEA:53092,encoded_general_reaction,valid,cached,False,
7379,RHEA:53096,encoded_general_reaction,valid,cached,False,
7380,RHEA:53100,encoded_general_reaction,valid,cached,False,
7381,RHEA:53104,encoded_general_reaction,valid,cached,False,
7382,RHEA:53108,encoded_general_reaction,valid,cached,False,
7383,RHEA:53112,encoded_general_reaction,valid,cached,False,
7384,RHEA:53116,encoded_general_reaction,valid,cached,False,
7385,RHEA:53120,encoded_general_reaction,valid,cached,False,
7386,RHEA:53132,encoded_general_reaction,valid,cached,False,
7387,RHEA:53136,encoded_general_reaction,valid,cached,False,
7388,RHEA:53140,encoded_general_reaction,valid,cached,False,
7389,RHEA:53144,encoded_general_reaction,valid,cached,False,
7390,RHEA:53148,encoded_general_reaction,valid,cached,False,
7391,RHEA:53152,encoded_general_reaction,valid,cached,False,
7392,RHEA:53164,encoded_general_reaction,valid,cached,False,
7393,RHEA:53168,encoded_general_reaction,valid,cached,False,
7394,RHEA:53172,encoded_general_reaction,valid,cached,False,
7395,RHEA:53180,encoded_general_reaction,valid,cached,False,
7396,RHEA:53184,encoded_general_reaction,valid,cached,False,
7397,RHEA:53188,encoded_general_reaction,valid,cached,False,
7398,RHEA:53192,encoded_general_reaction,valid,cached,False,
7399,RHEA:53196,encoded_general_reaction,valid,cached,False,
7400,RHEA:53200,encoded_general_reaction,valid,cached,False,
7401,RHEA:53204,encoded_general_reaction,valid,cached,False,
7402,RHEA:53212,encoded_general_reaction,valid,cached,False,
7403,RHEA:53216,encoded_general_reaction,valid,cached,False,
7404,RHEA:53220,encoded_general_reaction,valid,cached,False,
7405,RHEA:53224,encoded_general_reaction,valid,cached,False,
7406,RHEA:53228,encoded_general_reaction,valid,cached,False,
7407,RHEA:53232,encoded_general_reaction,valid,cached,False,
7408,RHEA:53236,encoded_general_reaction,valid,cached,False,
7409,RHEA:53240,encoded_general_reaction,valid,cached,False,
7410,RHEA:53244,encoded_general_reaction,valid,cached,False,
7411,RHEA:53248,encoded_general_reaction,valid,cached,False,
7412,RHEA:53252,encoded_general_reaction,valid,cached,False,
7413,RHEA:53256,encoded_general_reaction,valid,cached,False,
7414,RHEA:53260,encoded_general_reaction,valid,cached,False,
7415,RHEA:53264,encoded_general_reaction,valid,cached,False,
7416,RHEA:53268,encoded_general_reaction,valid,cached,False,
7417,RHEA:53272,encoded_general_reaction,valid,cached,False,
7418,RHEA:53276,encoded_general_reaction,valid,cached,False,
7419,RHEA:53280,encoded_general_reaction,valid,cached,False,
7420,RHEA:53284,encoded_general_reaction,valid,cached,False,
7421,RHEA:53288,encoded_general_reaction,valid,cached,False,
7422,RHEA:53296,encoded_general_reaction,valid,cached,False,
7423,RHEA:53304,encoded_general_reaction,valid,cached,False,
7424,RHEA:53308,encoded_general_reaction,valid,cached,False,
7425,RHEA:53312,encoded_general_reaction,valid,cached,False,
7426,RHEA:53316,encoded_general_reaction,valid,cached,False,
7427,RHEA:53324,encoded_general_reaction,valid,cached,False,
7428,RHEA:53328,encoded_general_reaction,valid,cached,False,
7429,RHEA:53332,encoded_general_reaction,valid,cached,False,
7430,RHEA:53336,encoded_general_reaction,valid,cached,False,
7431,RHEA:53340,encoded_general_reaction,valid,cached,False,
7432,RHEA:53344,encoded_general_reaction,valid,cached,False,
7433,RHEA:53348,encoded_general_reaction,valid,cached,False,
7434,RHEA:53352,encoded_general_reaction,valid,cached,False,
7435,RHEA:53356,encoded_general_reaction,valid,cached,False,
7436,RHEA:53360,encoded_general_reaction,valid,cached,False,
7437,RHEA:53364,encoded_general_reaction,valid,cached,False,
7438,RHEA:53368,encoded_general_reaction,valid,cached,False,
7439,RHEA:53372,encoded_general_reaction,valid,cached,False,
7440,RHEA:53376,encoded_general_reaction,valid,cached,False,
7441,RHEA:53380,encoded_general_reaction,valid,cached,False,
7442,RHEA:53384,encoded_general_reaction,valid,cached,False,
7443,RHEA:53388,encoded_general_reaction,valid,cached,False,
7444,RHEA:53392,encoded_general_reaction,valid,cached,False,
7445,RHEA:53400,encoded_general_reaction,valid,cached,False,
7446,RHEA:53408,encoded_general_reaction,valid,cached,False,
7447,RHEA:53412,encoded_general_reaction,valid,cached,False,
7448,RHEA:53428,encoded_general_reaction,valid,cached,False,
7449,RHEA:53432,encoded_general_reaction,valid,cached,False,
7450,RHEA:53444,encoded_general_reaction,valid,cached,False,
7451,RHEA:53448,encoded_general_reaction,valid,cached,False,
7452,RHEA:53456,encoded_general_reaction,valid,cached,False,
7453,RHEA:53460,encoded_general_reaction,valid,cached,False,
7454,RHEA:53464,encoded_general_reaction,valid,cached,False,
7455,RHEA:53468,encoded_general_reaction,valid,cached,False,
7456,RHEA:53472,encoded_general_reaction,valid,cached,False,
7457,RHEA:53476,encoded_general_reaction,valid,cached,False,
7458,RHEA:53480,encoded_general_reaction,valid,cached,False,
7459,RHEA:53484,encoded_general_reaction,valid,cached,False,
7460,RHEA:53488,encoded_general_reaction,valid,cached,False,
7461,RHEA:53492,encoded_general_reaction,valid,cached,False,
7462,RHEA:53496,encoded_general_reaction,valid,cached,False,
7463,RHEA:53500,encoded_general_reaction,valid,cached,False,
7464,RHEA:53504,encoded_general_reaction,valid,cached,False,
7465,RHEA:53508,encoded_general_reaction,valid,cached,False,
7466,RHEA:53512,encoded_general_reaction,valid,cached,False,
7467,RHEA:53516,encoded_general_reaction,valid,cached,False,
7468,RHEA:53520,encoded_general_reaction,valid,cached,False,
7469,RHEA:53524,encoded_general_reaction,valid,cached,False,
7470,RHEA:53528,encoded_general_reaction,valid,cached,False,
7471,RHEA:53532,encoded_general_reaction,valid,cached,False,
7472,RHEA:53544,encoded_general_reaction,valid,cached,False,
7473,RHEA:53552,encoded_general_reaction,valid,cached,False,
7474,RHEA:53556,encoded_general_reaction,valid,cached,False,
7475,RHEA:53560,encoded_general_reaction,valid,cached,False,
7476,RHEA:53564,encoded_general_reaction,valid,cached,False,
7477,RHEA:53568,encoded_general_reaction,valid,cached,False,
7478,RHEA:53572,encoded_general_reaction,valid,cached,False,
7479,RHEA:53576,encoded_general_reaction,valid,cached,False,
7480,RHEA:53580,encoded_general_reaction,valid,cached,False,
7481,RHEA:53584,encoded_general_reaction,valid,cached,False,
7482,RHEA:53588,encoded_general_reaction,valid,cached,False,
7483,RHEA:53592,encoded_general_reaction,valid,cached,False,
7484,RHEA:53596,encoded_general_reaction,valid,cached,False,
7485,RHEA:53600,encoded_general_reaction,valid,cached,False,
7486,RHEA:53604,encoded_general_reaction,valid,cached,False,
7487,RHEA:53612,encoded_general_reaction,valid,cached,False,
7488,RHEA:53616,copied_reference_feature,precomputed,precomputed,False,
7489,RHEA:53620,copied_reference_feature,precomputed,precomputed,False,
7490,RHEA:53624,copied_reference_feature,precomputed,precomputed,False,
7491,RHEA:53628,copied_reference_feature,precomputed,precomputed,False,
7492,RHEA:53632,copied_reference_feature,precomputed,precomputed,False,
7493,RHEA:53636,encoded_general_reaction,valid,cached,False,
7494,RHEA:53640,copied_reference_feature,precomputed,precomputed,False,
7495,RHEA:53644,copied_reference_feature,precomputed,precomputed,False,
7496,RHEA:53648,copied_reference_feature,precomputed,precomputed,False,
7497,RHEA:53652,encoded_general_reaction,valid,cached,False,
7498,RHEA:53656,encoded_general_reaction,valid,cached,False,
7499,RHEA:53660,encoded_general_reaction,valid,cached,False,
7500,RHEA:53668,copied_reference_feature,precomputed,precomputed,False,
7501,RHEA:53676,encoded_general_reaction,valid,cached,False,
7502,RHEA:53680,encoded_general_reaction,valid,cached,False,
7503,RHEA:53684,encoded_general_reaction,valid,cached,False,
7504,RHEA:53688,encoded_general_reaction,valid,cached,False,
7505,RHEA:53692,encoded_general_reaction,valid,cached,False,
7506,RHEA:53696,encoded_general_reaction,valid,cached,False,
7507,RHEA:53700,encoded_general_reaction,valid,cached,False,
7508,RHEA:53704,encoded_general_reaction,valid,cached,False,
7509,RHEA:53708,encoded_general_reaction,valid,cached,False,
7510,RHEA:53712,encoded_general_reaction,valid,cached,False,
7511,RHEA:53716,encoded_general_reaction,valid,cached,False,
7512,RHEA:53720,encoded_general_reaction,valid,cached,False,
7513,RHEA:53724,encoded_general_reaction,valid,cached,False,
7514,RHEA:53728,encoded_general_reaction,valid,cached,False,
7515,RHEA:53732,encoded_general_reaction,valid,cached,False,
7516,RHEA:53736,encoded_general_reaction,valid,cached,False,
7517,RHEA:53740,encoded_general_reaction,valid,cached,False,
7518,RHEA:53744,encoded_general_reaction,valid,cached,False,
7519,RHEA:53748,encoded_general_reaction,valid,cached,False,
7520,RHEA:53752,encoded_general_reaction,valid,cached,False,
7521,RHEA:53756,encoded_general_reaction,valid,cached,False,
7522,RHEA:53760,encoded_general_reaction,valid,cached,False,
7523,RHEA:53764,encoded_general_reaction,valid,cached,False,
7524,RHEA:53768,encoded_general_reaction,valid,cached,False,
7525,RHEA:53772,encoded_general_reaction,valid,cached,False,
7526,RHEA:53776,encoded_general_reaction,valid,cached,False,
7527,RHEA:53780,encoded_general_reaction,valid,cached,False,
7528,RHEA:53784,encoded_general_reaction,valid,cached,False,
7529,RHEA:53788,encoded_general_reaction,valid,cached,False,
7530,RHEA:53792,encoded_general_reaction,valid,cached,False,
7531,RHEA:53796,encoded_general_reaction,valid,cached,False,
7532,RHEA:53800,encoded_general_reaction,valid,cached,False,
7533,RHEA:53804,encoded_general_reaction,valid,cached,False,
7534,RHEA:53808,encoded_general_reaction,valid,cached,False,
7535,RHEA:53812,encoded_general_reaction,valid,cached,False,
7536,RHEA:53816,encoded_general_reaction,valid,cached,False,
7537,RHEA:53820,encoded_general_reaction,valid,cached,False,
7538,RHEA:53824,encoded_general_reaction,valid,cached,False,
7539,RHEA:53828,encoded_general_reaction,valid,cached,False,
7540,RHEA:53832,encoded_general_reaction,valid,cached,False,
7541,RHEA:53836,encoded_general_reaction,valid,cached,False,
7542,RHEA:53840,encoded_general_reaction,valid,cached,False,
7543,RHEA:53844,encoded_general_reaction,valid,cached,False,
7544,RHEA:53848,encoded_general_reaction,valid,cached,False,
7545,RHEA:53852,encoded_general_reaction,valid,cached,False,
7546,RHEA:53856,encoded_general_reaction,valid,cached,False,
7547,RHEA:53860,encoded_general_reaction,valid,cached,False,
7548,RHEA:53864,encoded_general_reaction,valid,cached,False,
7549,RHEA:53868,encoded_general_reaction,valid,cached,False,
7550,RHEA:53872,encoded_general_reaction,valid,cached,False,
7551,RHEA:53876,encoded_general_reaction,valid,cached,False,
7552,RHEA:53880,encoded_general_reaction,valid,cached,False,
7553,RHEA:53884,encoded_general_reaction,valid,cached,False,
7554,RHEA:53888,encoded_general_reaction,valid,cached,False,
7555,RHEA:53896,encoded_general_reaction,valid,cached,False,
7556,RHEA:53900,encoded_general_reaction,valid,cached,False,
7557,RHEA:53904,encoded_general_reaction,valid,cached,False,
7558,RHEA:53908,encoded_general_reaction,valid,cached,False,
7559,RHEA:53912,encoded_general_reaction,valid,cached,False,
7560,RHEA:53920,encoded_general_reaction,valid,cached,False,
7561,RHEA:53924,encoded_general_reaction,valid,cached,False,
7562,RHEA:53928,encoded_general_reaction,valid,cached,False,
7563,RHEA:53932,encoded_general_reaction,valid,cached,False,
7564,RHEA:53948,encoded_general_reaction,valid,cached,False,
7565,RHEA:53952,encoded_general_reaction,valid,cached,False,
7566,RHEA:53956,encoded_general_reaction,valid,cached,False,
7567,RHEA:53960,encoded_general_reaction,valid,cached,False,
7568,RHEA:53964,encoded_general_reaction,valid,cached,False,
7569,RHEA:53972,encoded_general_reaction,valid,cached,False,
7570,RHEA:53976,encoded_general_reaction,valid,cached,False,
7571,RHEA:53980,encoded_general_reaction,valid,cached,False,
7572,RHEA:53984,encoded_general_reaction,valid,cached,False,
7573,RHEA:53988,encoded_general_reaction,valid,cached,False,
7574,RHEA:53992,encoded_general_reaction,valid,cached,False,
7575,RHEA:53996,encoded_general_reaction,valid,cached,False,
7576,RHEA:54000,encoded_general_reaction,valid,cached,False,
7577,RHEA:54004,encoded_general_reaction,valid,cached,False,
7578,RHEA:54016,encoded_general_reaction,valid,cached,False,
7579,RHEA:54020,encoded_general_reaction,valid,cached,False,
7580,RHEA:54024,encoded_general_reaction,valid,cached,False,
7581,RHEA:54028,encoded_general_reaction,valid,cached,False,
7582,RHEA:54032,encoded_general_reaction,valid,cached,False,
7583,RHEA:54036,encoded_general_reaction,valid,cached,False,
7584,RHEA:54040,copied_reference_feature,precomputed,precomputed,False,
7585,RHEA:54044,copied_reference_feature,precomputed,precomputed,False,
7586,RHEA:54048,copied_reference_feature,precomputed,precomputed,False,
7587,RHEA:54052,copied_reference_feature,precomputed,precomputed,False,
7588,RHEA:54056,copied_reference_feature,precomputed,precomputed,False,
7589,RHEA:54060,copied_reference_feature,precomputed,precomputed,False,
7590,RHEA:54064,copied_reference_feature,precomputed,precomputed,False,
7591,RHEA:54068,copied_reference_feature,precomputed,precomputed,False,
7592,RHEA:54072,copied_reference_feature,precomputed,precomputed,False,
7593,RHEA:54076,copied_reference_feature,precomputed,precomputed,False,
7594,RHEA:54080,encoded_general_reaction,valid,cached,False,
7595,RHEA:54084,encoded_general_reaction,valid,cached,False,
7596,RHEA:54088,encoded_general_reaction,valid,cached,False,
7597,RHEA:54092,encoded_general_reaction,valid,cached,False,
7598,RHEA:54096,encoded_general_reaction,valid,cached,False,
7599,RHEA:54100,encoded_general_reaction,valid,cached,False,
7600,RHEA:54104,encoded_general_reaction,valid,cached,False,
7601,RHEA:54108,copied_reference_feature,precomputed,precomputed,False,
7602,RHEA:54112,copied_reference_feature,precomputed,precomputed,False,
7603,RHEA:54116,copied_reference_feature,precomputed,precomputed,False,
7604,RHEA:54128,encoded_general_reaction,valid,cached,False,
7605,RHEA:54136,encoded_general_reaction,valid,cached,False,
7606,RHEA:54140,encoded_general_reaction,valid,cached,False,
7607,RHEA:54144,encoded_general_reaction,valid,cached,False,
7608,RHEA:54148,encoded_general_reaction,valid,cached,False,
7609,RHEA:54152,encoded_general_reaction,valid,cached,False,
7610,RHEA:54156,encoded_general_reaction,valid,cached,False,
7611,RHEA:54160,encoded_general_reaction,valid,cached,False,
7612,RHEA:54172,encoded_general_reaction,valid,cached,False,
7613,RHEA:54176,encoded_general_reaction,valid,cached,False,
7614,RHEA:54180,encoded_general_reaction,valid,cached,False,
7615,RHEA:54184,encoded_general_reaction,valid,cached,False,
7616,RHEA:54192,encoded_general_reaction,valid,cached,False,
7617,RHEA:54196,encoded_general_reaction,valid,cached,False,
7618,RHEA:54200,encoded_general_reaction,valid,cached,False,
7619,RHEA:54204,encoded_general_reaction,valid,cached,False,
7620,RHEA:54208,encoded_general_reaction,valid,cached,False,
7621,RHEA:54212,encoded_general_reaction,valid,cached,False,
7622,RHEA:54216,encoded_general_reaction,valid,cached,False,
7623,RHEA:54220,encoded_general_reaction,valid,cached,False,
7624,RHEA:54232,encoded_general_reaction,valid,cached,False,
7625,RHEA:54236,encoded_general_reaction,valid,cached,False,
7626,RHEA:54240,encoded_general_reaction,valid,cached,False,
7627,RHEA:54244,encoded_general_reaction,valid,cached,False,
7628,RHEA:54248,encoded_general_reaction,valid,cached,False,
7629,RHEA:54252,encoded_general_reaction,valid,cached,False,
7630,RHEA:54256,encoded_general_reaction,valid,cached,False,
7631,RHEA:54264,encoded_general_reaction,valid,cached,False,
7632,RHEA:54268,encoded_general_reaction,valid,cached,False,
7633,RHEA:54272,encoded_general_reaction,valid,cached,False,
7634,RHEA:54280,encoded_general_reaction,valid,cached,False,
7635,RHEA:54284,encoded_general_reaction,valid,cached,False,
7636,RHEA:54288,encoded_general_reaction,valid,cached,False,
7637,RHEA:54292,encoded_general_reaction,valid,cached,False,
7638,RHEA:54296,encoded_general_reaction,valid,cached,False,
7639,RHEA:54308,encoded_general_reaction,valid,cached,False,
7640,RHEA:54320,encoded_general_reaction,valid,cached,False,
7641,RHEA:54324,encoded_general_reaction,valid,cached,False,
7642,RHEA:54328,encoded_general_reaction,valid,cached,False,
7643,RHEA:54332,encoded_general_reaction,valid,cached,False,
7644,RHEA:54336,encoded_general_reaction,valid,cached,False,
7645,RHEA:54340,encoded_general_reaction,valid,cached,False,
7646,RHEA:54344,encoded_general_reaction,valid,cached,False,
7647,RHEA:54348,encoded_general_reaction,valid,cached,False,
7648,RHEA:54352,encoded_general_reaction,valid,cached,False,
7649,RHEA:54356,encoded_general_reaction,valid,cached,False,
7650,RHEA:54360,encoded_general_reaction,valid,cached,False,
7651,RHEA:54364,encoded_general_reaction,valid,cached,False,
7652,RHEA:54368,encoded_general_reaction,valid,cached,False,
7653,RHEA:54372,copied_reference_feature,precomputed,precomputed,False,
7654,RHEA:54376,copied_reference_feature,precomputed,precomputed,False,
7655,RHEA:54380,copied_reference_feature,precomputed,precomputed,False,
7656,RHEA:54384,encoded_general_reaction,valid,cached,False,
7657,RHEA:54388,encoded_general_reaction,valid,cached,False,
7658,RHEA:54392,encoded_general_reaction,valid,cached,False,
7659,RHEA:54396,encoded_general_reaction,valid,cached,False,
7660,RHEA:54400,encoded_general_reaction,valid,cached,False,
7661,RHEA:54404,encoded_general_reaction,valid,cached,False,
7662,RHEA:54408,encoded_general_reaction,valid,cached,False,
7663,RHEA:54416,encoded_general_reaction,valid,cached,False,
7664,RHEA:54420,encoded_general_reaction,valid,cached,False,
7665,RHEA:54424,encoded_general_reaction,valid,cached,False,
7666,RHEA:54428,encoded_general_reaction,valid,cached,False,
7667,RHEA:54432,encoded_general_reaction,valid,cached,False,
7668,RHEA:54444,encoded_general_reaction,valid,cached,False,
7669,RHEA:54448,encoded_general_reaction,valid,cached,False,
7670,RHEA:54452,encoded_general_reaction,valid,cached,False,
7671,RHEA:54456,encoded_general_reaction,valid,cached,False,
7672,RHEA:54460,encoded_general_reaction,valid,cached,False,
7673,RHEA:54464,encoded_general_reaction,valid,cached,False,
7674,RHEA:54468,encoded_general_reaction,valid,cached,False,
7675,RHEA:54472,encoded_general_reaction,valid,cached,False,
7676,RHEA:54484,encoded_general_reaction,valid,cached,False,
7677,RHEA:54488,encoded_general_reaction,valid,cached,False,
7678,RHEA:54492,encoded_general_reaction,valid,cached,False,
7679,RHEA:54496,copied_reference_feature,precomputed,precomputed,False,
7680,RHEA:54500,copied_reference_feature,precomputed,precomputed,False,
7681,RHEA:54504,copied_reference_feature,precomputed,precomputed,False,
7682,RHEA:54508,copied_reference_feature,precomputed,precomputed,False,
7683,RHEA:54512,copied_reference_feature,precomputed,precomputed,False,
7684,RHEA:54516,copied_reference_feature,precomputed,precomputed,False,
7685,RHEA:54520,copied_reference_feature,precomputed,precomputed,False,
7686,RHEA:54532,encoded_general_reaction,valid,cached,False,
7687,RHEA:54536,encoded_general_reaction,valid,cached,False,
7688,RHEA:54540,encoded_general_reaction,valid,cached,False,
7689,RHEA:54544,encoded_general_reaction,valid,cached,False,
7690,RHEA:54548,encoded_general_reaction,valid,cached,False,
7691,RHEA:54552,encoded_general_reaction,valid,cached,False,
7692,RHEA:54564,encoded_general_reaction,valid,cached,False,
7693,RHEA:54572,encoded_general_reaction,valid,cached,False,
7694,RHEA:54576,encoded_general_reaction,valid,cached,False,
7695,RHEA:54580,encoded_general_reaction,valid,cached,False,
7696,RHEA:54584,encoded_general_reaction,valid,cached,False,
7697,RHEA:54588,encoded_general_reaction,valid,cached,False,
7698,RHEA:54596,encoded_general_reaction,valid,cached,False,
7699,RHEA:54600,encoded_general_reaction,valid,cached,False,
7700,RHEA:54604,encoded_general_reaction,valid,cached,False,
7701,RHEA:54612,encoded_general_reaction,valid,cached,False,
7702,RHEA:54616,encoded_general_reaction,valid,cached,False,
7703,RHEA:54620,encoded_general_reaction,valid,cached,False,
7704,RHEA:54624,encoded_general_reaction,valid,cached,False,
7705,RHEA:54628,encoded_general_reaction,valid,cached,False,
7706,RHEA:54632,encoded_general_reaction,valid,cached,False,
7707,RHEA:54636,copied_reference_feature,precomputed,precomputed,False,
7708,RHEA:54640,copied_reference_feature,precomputed,precomputed,False,
7709,RHEA:54644,encoded_general_reaction,valid,cached,False,
7710,RHEA:54648,copied_reference_feature,precomputed,precomputed,False,
7711,RHEA:54652,copied_reference_feature,precomputed,precomputed,False,
7712,RHEA:54656,encoded_general_reaction,valid,cached,False,
7713,RHEA:54660,encoded_general_reaction,valid,cached,False,
7714,RHEA:54664,copied_reference_feature,precomputed,precomputed,False,
7715,RHEA:54668,copied_reference_feature,precomputed,precomputed,False,
7716,RHEA:54672,encoded_general_reaction,valid,cached,False,
7717,RHEA:54676,copied_reference_feature,precomputed,precomputed,False,
7718,RHEA:54684,copied_reference_feature,precomputed,precomputed,False,
7719,RHEA:54688,encoded_general_reaction,valid,cached,False,
7720,RHEA:54692,copied_reference_feature,precomputed,precomputed,False,
7721,RHEA:54696,encoded_general_reaction,valid,cached,False,
7722,RHEA:54712,encoded_general_reaction,valid,cached,False,
7723,RHEA:54724,encoded_general_reaction,valid,cached,False,
7724,RHEA:54728,encoded_general_reaction,valid,cached,False,
7725,RHEA:54736,encoded_general_reaction,valid,cached,False,
7726,RHEA:54756,encoded_general_reaction,valid,cached,False,
7727,RHEA:54784,encoded_general_reaction,valid,cached,False,
7728,RHEA:54788,encoded_general_reaction,valid,cached,False,
7729,RHEA:54792,encoded_general_reaction,valid,cached,False,
7730,RHEA:54796,encoded_general_reaction,valid,cached,False,
7731,RHEA:54800,encoded_general_reaction,valid,cached,False,
7732,RHEA:54804,encoded_general_reaction,valid,cached,False,
7733,RHEA:54808,encoded_general_reaction,valid,cached,False,
7734,RHEA:54812,encoded_general_reaction,valid,cached,False,
7735,RHEA:54816,encoded_general_reaction,valid,cached,False,
7736,RHEA:54820,encoded_general_reaction,valid,cached,False,
7737,RHEA:54824,encoded_general_reaction,valid,cached,False,
7738,RHEA:54832,encoded_general_reaction,valid,cached,False,
7739,RHEA:54836,encoded_general_reaction,valid,cached,False,
7740,RHEA:54840,encoded_general_reaction,valid,cached,False,
7741,RHEA:54844,encoded_general_reaction,valid,cached,False,
7742,RHEA:54848,encoded_general_reaction,valid,cached,False,
7743,RHEA:54852,encoded_general_reaction,valid,cached,False,
7744,RHEA:54856,encoded_general_reaction,valid,cached,False,
7745,RHEA:54860,encoded_general_reaction,valid,cached,False,
7746,RHEA:54864,encoded_general_reaction,valid,cached,False,
7747,RHEA:54868,encoded_general_reaction,valid,cached,False,
7748,RHEA:54872,encoded_general_reaction,valid,cached,False,
7749,RHEA:54888,encoded_general_reaction,valid,cached,False,
7750,RHEA:54892,encoded_general_reaction,valid,cached,False,
7751,RHEA:54896,encoded_general_reaction,valid,cached,False,
7752,RHEA:54900,encoded_general_reaction,valid,cached,False,
7753,RHEA:54904,encoded_general_reaction,valid,cached,False,
7754,RHEA:54908,encoded_general_reaction,valid,cached,False,
7755,RHEA:54912,encoded_general_reaction,valid,cached,False,
7756,RHEA:54916,encoded_general_reaction,valid,cached,False,
7757,RHEA:54920,encoded_general_reaction,valid,cached,False,
7758,RHEA:54924,encoded_general_reaction,valid,cached,False,
7759,RHEA:54928,encoded_general_reaction,valid,cached,False,
7760,RHEA:54932,encoded_general_reaction,valid,cached,False,
7761,RHEA:54936,encoded_general_reaction,valid,cached,False,
7762,RHEA:54940,encoded_general_reaction,valid,cached,False,
7763,RHEA:54952,encoded_general_reaction,valid,cached,False,
7764,RHEA:54956,encoded_general_reaction,valid,cached,False,
7765,RHEA:54960,encoded_general_reaction,valid,cached,False,
7766,RHEA:54964,encoded_general_reaction,valid,cached,False,
7767,RHEA:54968,encoded_general_reaction,valid,cached,False,
7768,RHEA:54972,encoded_general_reaction,valid,cached,False,
7769,RHEA:54976,encoded_general_reaction,valid,cached,False,
7770,RHEA:54992,encoded_general_reaction,valid,cached,False,
7771,RHEA:55004,encoded_general_reaction,valid,cached,False,
7772,RHEA:55020,encoded_general_reaction,valid,cached,False,
7773,RHEA:55024,encoded_general_reaction,valid,cached,False,
7774,RHEA:55040,encoded_general_reaction,valid,cached,False,
7775,RHEA:55044,encoded_general_reaction,valid,cached,False,
7776,RHEA:55048,encoded_general_reaction,valid,cached,False,
7777,RHEA:55052,encoded_general_reaction,valid,cached,False,
7778,RHEA:55056,encoded_general_reaction,valid,cached,False,
7779,RHEA:55064,encoded_general_reaction,valid,cached,False,
7780,RHEA:55072,encoded_general_reaction,valid,cached,False,
7781,RHEA:55076,encoded_general_reaction,valid,cached,False,
7782,RHEA:55080,encoded_general_reaction,valid,cached,False,
7783,RHEA:55084,encoded_general_reaction,valid,cached,False,
7784,RHEA:55088,encoded_general_reaction,valid,cached,False,
7785,RHEA:55096,encoded_general_reaction,valid,cached,False,
7786,RHEA:55100,encoded_general_reaction,valid,cached,False,
7787,RHEA:55104,encoded_general_reaction,valid,cached,False,
7788,RHEA:55108,encoded_general_reaction,valid,cached,False,
7789,RHEA:55112,encoded_general_reaction,valid,cached,False,
7790,RHEA:55116,encoded_general_reaction,valid,cached,False,
7791,RHEA:55120,encoded_general_reaction,valid,cached,False,
7792,RHEA:55124,encoded_general_reaction,valid,cached,False,
7793,RHEA:55128,encoded_general_reaction,valid,cached,False,
7794,RHEA:55132,encoded_general_reaction,valid,cached,False,
7795,RHEA:55144,encoded_general_reaction,valid,cached,False,
7796,RHEA:55148,encoded_general_reaction,valid,cached,False,
7797,RHEA:55152,encoded_general_reaction,valid,cached,False,
7798,RHEA:55156,encoded_general_reaction,valid,cached,False,
7799,RHEA:55160,encoded_general_reaction,valid,cached,False,
7800,RHEA:55164,encoded_general_reaction,valid,cached,False,
7801,RHEA:55168,encoded_general_reaction,valid,cached,False,
7802,RHEA:55172,encoded_general_reaction,valid,cached,False,
7803,RHEA:55176,encoded_general_reaction,valid,cached,False,
7804,RHEA:55180,encoded_general_reaction,valid,cached,False,
7805,RHEA:55184,encoded_general_reaction,valid,cached,False,
7806,RHEA:55188,encoded_general_reaction,valid,cached,False,
7807,RHEA:55192,encoded_general_reaction,valid,cached,False,
7808,RHEA:55196,encoded_general_reaction,valid,cached,False,
7809,RHEA:55200,encoded_general_reaction,valid,cached,False,
7810,RHEA:55204,encoded_general_reaction,valid,cached,False,
7811,RHEA:55208,encoded_general_reaction,valid,cached,False,
7812,RHEA:55212,encoded_general_reaction,valid,cached,False,
7813,RHEA:55216,copied_reference_feature,precomputed,precomputed,False,
7814,RHEA:55220,encoded_general_reaction,valid,cached,False,
7815,RHEA:55236,encoded_general_reaction,valid,cached,False,
7816,RHEA:55240,encoded_general_reaction,valid,cached,False,
7817,RHEA:55244,encoded_general_reaction,valid,cached,False,
7818,RHEA:55248,encoded_general_reaction,valid,cached,False,
7819,RHEA:55252,encoded_general_reaction,valid,cached,False,
7820,RHEA:55256,encoded_general_reaction,valid,cached,False,
7821,RHEA:55260,encoded_general_reaction,valid,cached,False,
7822,RHEA:55264,encoded_general_reaction,valid,cached,False,
7823,RHEA:55268,encoded_general_reaction,valid,cached,False,
7824,RHEA:55272,encoded_general_reaction,valid,cached,False,
7825,RHEA:55276,encoded_general_reaction,valid,cached,False,
7826,RHEA:55280,encoded_general_reaction,valid,cached,False,
7827,RHEA:55284,encoded_general_reaction,valid,cached,False,
7828,RHEA:55288,encoded_general_reaction,valid,cached,False,
7829,RHEA:55292,encoded_general_reaction,valid,cached,False,
7830,RHEA:55296,encoded_general_reaction,valid,cached,False,
7831,RHEA:55300,encoded_general_reaction,valid,cached,False,
7832,RHEA:55304,encoded_general_reaction,valid,cached,False,
7833,RHEA:55308,encoded_general_reaction,valid,cached,False,
7834,RHEA:55312,encoded_general_reaction,valid,cached,False,
7835,RHEA:55316,encoded_general_reaction,valid,cached,False,
7836,RHEA:55320,encoded_general_reaction,valid,cached,False,
7837,RHEA:55324,encoded_general_reaction,valid,cached,False,
7838,RHEA:55332,encoded_general_reaction,valid,cached,False,
7839,RHEA:55336,encoded_general_reaction,valid,cached,False,
7840,RHEA:55340,encoded_general_reaction,valid,cached,False,
7841,RHEA:55344,encoded_general_reaction,valid,cached,False,
7842,RHEA:55348,encoded_general_reaction,valid,cached,False,
7843,RHEA:55352,encoded_general_reaction,valid,cached,False,
7844,RHEA:55356,encoded_general_reaction,valid,cached,False,
7845,RHEA:55360,encoded_general_reaction,valid,cached,False,
7846,RHEA:55364,encoded_general_reaction,valid,cached,False,
7847,RHEA:55368,encoded_general_reaction,valid,cached,False,
7848,RHEA:55372,encoded_general_reaction,valid,cached,False,
7849,RHEA:55376,encoded_general_reaction,valid,cached,False,
7850,RHEA:55380,encoded_general_reaction,valid,cached,False,
7851,RHEA:55388,encoded_general_reaction,valid,cached,False,
7852,RHEA:55392,encoded_general_reaction,valid,cached,False,
7853,RHEA:55396,encoded_general_reaction,valid,cached,False,
7854,RHEA:55400,encoded_general_reaction,valid,cached,False,
7855,RHEA:55424,copied_reference_feature,precomputed,precomputed,False,
7856,RHEA:55428,encoded_general_reaction,valid,cached,False,
7857,RHEA:55432,encoded_general_reaction,valid,cached,False,
7858,RHEA:55436,encoded_general_reaction,valid,cached,False,
7859,RHEA:55440,encoded_general_reaction,valid,cached,False,
7860,RHEA:55444,encoded_general_reaction,valid,cached,False,
7861,RHEA:55448,encoded_general_reaction,valid,cached,False,
7862,RHEA:55452,encoded_general_reaction,valid,cached,False,
7863,RHEA:55456,encoded_general_reaction,valid,cached,False,
7864,RHEA:55460,encoded_general_reaction,valid,cached,False,
7865,RHEA:55464,encoded_general_reaction,valid,cached,False,
7866,RHEA:55468,encoded_general_reaction,valid,cached,False,
7867,RHEA:55472,encoded_general_reaction,valid,cached,False,
7868,RHEA:55476,encoded_general_reaction,valid,cached,False,
7869,RHEA:55480,encoded_general_reaction,valid,cached,False,
7870,RHEA:55504,encoded_general_reaction,valid,cached,False,
7871,RHEA:55508,encoded_general_reaction,valid,cached,False,
7872,RHEA:55512,encoded_general_reaction,valid,cached,False,
7873,RHEA:55516,encoded_general_reaction,valid,cached,False,
7874,RHEA:55520,copied_reference_feature,precomputed,precomputed,False,
7875,RHEA:55524,encoded_general_reaction,valid,cached,False,
7876,RHEA:55528,encoded_general_reaction,valid,cached,False,
7877,RHEA:55532,encoded_general_reaction,valid,cached,False,
7878,RHEA:55544,encoded_general_reaction,valid,cached,False,
7879,RHEA:55548,encoded_general_reaction,valid,cached,False,
7880,RHEA:55552,encoded_general_reaction,valid,cached,False,
7881,RHEA:55564,encoded_general_reaction,valid,cached,False,
7882,RHEA:55572,encoded_general_reaction,valid,cached,False,
7883,RHEA:55576,encoded_general_reaction,valid,cached,False,
7884,RHEA:55580,encoded_general_reaction,valid,cached,False,
7885,RHEA:55584,encoded_general_reaction,valid,cached,False,
7886,RHEA:55592,encoded_general_reaction,valid,cached,False,
7887,RHEA:55604,encoded_general_reaction,valid,cached,False,
7888,RHEA:55608,encoded_general_reaction,valid,cached,False,
7889,RHEA:55616,encoded_general_reaction,valid,cached,False,
7890,RHEA:55620,encoded_general_reaction,valid,cached,False,
7891,RHEA:55632,encoded_general_reaction,valid,cached,False,
7892,RHEA:55636,encoded_general_reaction,valid,cached,False,
7893,RHEA:55644,encoded_general_reaction,valid,cached,False,
7894,RHEA:55648,encoded_general_reaction,valid,cached,False,
7895,RHEA:55652,encoded_general_reaction,valid,cached,False,
7896,RHEA:55660,encoded_general_reaction,valid,cached,False,
7897,RHEA:55664,encoded_general_reaction,valid,cached,False,
7898,RHEA:55688,encoded_general_reaction,valid,cached,False,
7899,RHEA:55696,encoded_general_reaction,valid,cached,False,
7900,RHEA:55700,encoded_general_reaction,valid,cached,False,
7901,RHEA:55704,encoded_general_reaction,valid,cached,False,
7902,RHEA:55708,encoded_general_reaction,valid,cached,False,
7903,RHEA:55712,encoded_general_reaction,valid,cached,False,
7904,RHEA:55716,encoded_general_reaction,valid,cached,False,
7905,RHEA:55720,encoded_general_reaction,valid,cached,False,
7906,RHEA:55728,encoded_general_reaction,valid,cached,False,
7907,RHEA:55740,encoded_general_reaction,valid,cached,False,
7908,RHEA:55748,encoded_general_reaction,valid,cached,False,
7909,RHEA:55752,encoded_general_reaction,valid,cached,False,
7910,RHEA:55756,encoded_general_reaction,valid,cached,False,
7911,RHEA:55760,encoded_general_reaction,valid,cached,False,
7912,RHEA:55764,encoded_general_reaction,valid,cached,False,
7913,RHEA:55768,encoded_general_reaction,valid,cached,False,
7914,RHEA:55772,encoded_general_reaction,valid,cached,False,
7915,RHEA:55776,encoded_general_reaction,valid,cached,False,
7916,RHEA:55788,encoded_general_reaction,valid,cached,False,
7917,RHEA:55792,encoded_general_reaction,valid,cached,False,
7918,RHEA:55796,encoded_general_reaction,valid,cached,False,
7919,RHEA:55800,encoded_general_reaction,valid,cached,False,
7920,RHEA:55804,encoded_general_reaction,valid,cached,False,
7921,RHEA:55808,encoded_general_reaction,valid,cached,False,
7922,RHEA:55812,encoded_general_reaction,valid,cached,False,
7923,RHEA:55828,encoded_general_reaction,valid,cached,False,
7924,RHEA:55832,encoded_general_reaction,valid,cached,False,
7925,RHEA:55836,encoded_general_reaction,valid,cached,False,
7926,RHEA:55840,encoded_general_reaction,valid,cached,False,
7927,RHEA:55844,encoded_general_reaction,valid,cached,False,
7928,RHEA:55856,encoded_general_reaction,valid,cached,False,
7929,RHEA:55860,encoded_general_reaction,valid,cached,False,
7930,RHEA:55868,encoded_general_reaction,valid,cached,False,
7931,RHEA:55872,encoded_general_reaction,valid,cached,False,
7932,RHEA:55896,encoded_general_reaction,valid,cached,False,
7933,RHEA:55900,encoded_general_reaction,valid,cached,False,
7934,RHEA:55904,encoded_general_reaction,valid,cached,False,
7935,RHEA:55924,encoded_general_reaction,valid,cached,False,
7936,RHEA:55928,encoded_general_reaction,valid,cached,False,
7937,RHEA:55932,encoded_general_reaction,valid,cached,False,
7938,RHEA:55936,encoded_general_reaction,valid,cached,False,
7939,RHEA:55940,encoded_general_reaction,valid,cached,False,
7940,RHEA:55956,encoded_general_reaction,valid,cached,False,
7941,RHEA:55960,encoded_general_reaction,valid,cached,False,
7942,RHEA:55964,encoded_general_reaction,valid,cached,False,
7943,RHEA:55968,encoded_general_reaction,valid,cached,False,
7944,RHEA:55972,encoded_general_reaction,valid,cached,False,
7945,RHEA:55976,encoded_general_reaction,valid,cached,False,
7946,RHEA:55980,encoded_general_reaction,valid,cached,False,
7947,RHEA:55984,encoded_general_reaction,valid,cached,False,
7948,RHEA:55988,encoded_general_reaction,valid,cached,False,
7949,RHEA:55992,encoded_general_reaction,valid,cached,False,
7950,RHEA:55996,encoded_general_reaction,valid,cached,False,
7951,RHEA:56000,encoded_general_reaction,valid,cached,False,
7952,RHEA:56004,encoded_general_reaction,valid,cached,False,
7953,RHEA:56008,encoded_general_reaction,valid,cached,False,
7954,RHEA:56028,encoded_general_reaction,valid,cached,False,
7955,RHEA:56052,encoded_general_reaction,valid,cached,False,
7956,RHEA:56056,encoded_general_reaction,valid,cached,False,
7957,RHEA:56060,encoded_general_reaction,valid,cached,False,
7958,RHEA:56064,encoded_general_reaction,valid,cached,False,
7959,RHEA:56072,encoded_general_reaction,valid,cached,False,
7960,RHEA:56076,encoded_general_reaction,valid,cached,False,
7961,RHEA:56080,encoded_general_reaction,valid,cached,False,
7962,RHEA:56084,encoded_general_reaction,valid,cached,False,
7963,RHEA:56088,encoded_general_reaction,valid,cached,False,
7964,RHEA:56100,encoded_general_reaction,valid,cached,False,
7965,RHEA:56104,encoded_general_reaction,valid,cached,False,
7966,RHEA:56124,encoded_general_reaction,valid,cached,False,
7967,RHEA:56128,encoded_general_reaction,valid,cached,False,
7968,RHEA:56132,encoded_general_reaction,valid,cached,False,
7969,RHEA:56136,encoded_general_reaction,valid,cached,False,
7970,RHEA:56144,encoded_general_reaction,valid,cached,False,
7971,RHEA:56148,encoded_general_reaction,valid,cached,False,
7972,RHEA:56152,encoded_general_reaction,valid,cached,False,
7973,RHEA:56156,encoded_general_reaction,valid,cached,False,
7974,RHEA:56164,encoded_general_reaction,valid,cached,False,
7975,RHEA:56168,encoded_general_reaction,valid,cached,False,
7976,RHEA:56188,encoded_general_reaction,valid,cached,False,
7977,RHEA:56192,encoded_general_reaction,valid,cached,False,
7978,RHEA:56212,encoded_general_reaction,valid,cached,False,
7979,RHEA:56216,encoded_general_reaction,valid,cached,False,
7980,RHEA:56220,encoded_general_reaction,valid,cached,False,
7981,RHEA:56224,encoded_general_reaction,valid,cached,False,
7982,RHEA:56228,encoded_general_reaction,valid,cached,False,
7983,RHEA:56236,encoded_general_reaction,valid,cached,False,
7984,RHEA:56240,encoded_general_reaction,valid,cached,False,
7985,RHEA:56244,encoded_general_reaction,valid,cached,False,
7986,RHEA:56248,encoded_general_reaction,valid,cached,False,
7987,RHEA:56252,encoded_general_reaction,valid,cached,False,
7988,RHEA:56256,encoded_general_reaction,valid,cached,False,
7989,RHEA:56284,encoded_general_reaction,valid,cached,False,
7990,RHEA:56288,encoded_general_reaction,valid,cached,False,
7991,RHEA:56292,encoded_general_reaction,valid,cached,False,
7992,RHEA:56308,encoded_general_reaction,valid,cached,False,
7993,RHEA:56312,encoded_general_reaction,valid,cached,False,
7994,RHEA:56320,encoded_general_reaction,valid,cached,False,
7995,RHEA:56324,encoded_general_reaction,valid,cached,False,
7996,RHEA:56336,encoded_general_reaction,valid,cached,False,
7997,RHEA:56344,encoded_general_reaction,valid,cached,False,
7998,RHEA:56360,encoded_general_reaction,valid,cached,False,
7999,RHEA:56364,encoded_general_reaction,valid,cached,False,
8000,RHEA:56380,encoded_general_reaction,valid,cached,False,
8001,RHEA:56384,encoded_general_reaction,valid,cached,False,
8002,RHEA:56388,encoded_general_reaction,valid,cached,False,
8003,RHEA:56408,encoded_general_reaction,valid,cached,False,
8004,RHEA:56412,encoded_general_reaction,valid,cached,False,
8005,RHEA:56416,encoded_general_reaction,valid,cached,False,
8006,RHEA:56424,encoded_general_reaction,valid,cached,False,
8007,RHEA:56428,encoded_general_reaction,valid,cached,False,
8008,RHEA:56432,encoded_general_reaction,valid,cached,False,
8009,RHEA:56436,encoded_general_reaction,valid,cached,False,
8010,RHEA:56440,encoded_general_reaction,valid,cached,False,
8011,RHEA:56444,encoded_general_reaction,valid,cached,False,
8012,RHEA:56448,encoded_general_reaction,valid,cached,False,
8013,RHEA:56460,encoded_general_reaction,valid,cached,False,
8014,RHEA:56464,encoded_general_reaction,valid,cached,False,
8015,RHEA:56484,encoded_general_reaction,valid,cached,False,
8016,RHEA:56488,encoded_general_reaction,valid,cached,False,
8017,RHEA:56500,encoded_general_reaction,valid,cached,False,
8018,RHEA:56504,encoded_general_reaction,valid,cached,False,
8019,RHEA:56512,encoded_general_reaction,valid,cached,False,
8020,RHEA:56516,encoded_general_reaction,valid,cached,False,
8021,RHEA:56520,encoded_general_reaction,valid,cached,False,
8022,RHEA:56524,encoded_general_reaction,valid,cached,False,
8023,RHEA:56528,encoded_general_reaction,valid,cached,False,
8024,RHEA:56532,encoded_general_reaction,valid,cached,False,
8025,RHEA:56536,encoded_general_reaction,valid,cached,False,
8026,RHEA:56540,encoded_general_reaction,valid,cached,False,
8027,RHEA:56548,encoded_general_reaction,valid,cached,False,
8028,RHEA:56552,encoded_general_reaction,valid,cached,False,
8029,RHEA:56556,copied_reference_feature,precomputed,precomputed,False,
8030,RHEA:56568,encoded_general_reaction,valid,cached,False,
8031,RHEA:56580,encoded_general_reaction,valid,cached,False,
8032,RHEA:56588,encoded_general_reaction,valid,cached,False,
8033,RHEA:56592,encoded_general_reaction,valid,cached,False,
8034,RHEA:56596,encoded_general_reaction,valid,cached,False,
8035,RHEA:56608,encoded_general_reaction,valid,cached,False,
8036,RHEA:56612,encoded_general_reaction,valid,cached,False,
8037,RHEA:56632,copied_reference_feature,precomputed,precomputed,False,
8038,RHEA:56636,encoded_general_reaction,valid,cached,False,
8039,RHEA:56640,encoded_general_reaction,valid,cached,False,
8040,RHEA:56644,encoded_general_reaction,valid,cached,False,
8041,RHEA:56648,encoded_general_reaction,valid,cached,False,
8042,RHEA:56652,encoded_general_reaction,valid,cached,False,
8043,RHEA:56656,encoded_general_reaction,valid,cached,False,
8044,RHEA:56660,encoded_general_reaction,valid,cached,False,
8045,RHEA:56664,encoded_general_reaction,valid,cached,False,
8046,RHEA:56668,encoded_general_reaction,valid,cached,False,
8047,RHEA:56680,encoded_general_reaction,valid,cached,False,
8048,RHEA:56684,encoded_general_reaction,valid,cached,False,
8049,RHEA:56688,encoded_general_reaction,valid,cached,False,
8050,RHEA:56692,encoded_general_reaction,valid,cached,False,
8051,RHEA:56696,encoded_general_reaction,valid,cached,False,
8052,RHEA:56700,encoded_general_reaction,valid,cached,False,
8053,RHEA:56708,encoded_general_reaction,valid,cached,False,
8054,RHEA:56712,encoded_general_reaction,valid,cached,False,
8055,RHEA:56720,encoded_general_reaction,valid,cached,False,
8056,RHEA:56736,encoded_general_reaction,valid,cached,False,
8057,RHEA:56740,encoded_general_reaction,valid,cached,False,
8058,RHEA:56744,encoded_general_reaction,valid,cached,False,
8059,RHEA:56748,encoded_general_reaction,valid,cached,False,
8060,RHEA:56752,encoded_general_reaction,valid,cached,False,
8061,RHEA:56768,encoded_general_reaction,valid,cached,False,
8062,RHEA:56772,encoded_general_reaction,valid,cached,False,
8063,RHEA:56776,encoded_general_reaction,valid,cached,False,
8064,RHEA:56780,encoded_general_reaction,valid,cached,False,
8065,RHEA:56796,encoded_general_reaction,valid,cached,False,
8066,RHEA:56812,encoded_general_reaction,valid,cached,False,
8067,RHEA:56816,encoded_general_reaction,valid,cached,False,
8068,RHEA:56820,copied_reference_feature,precomputed,precomputed,False,
8069,RHEA:56824,copied_reference_feature,precomputed,precomputed,False,
8070,RHEA:56828,encoded_general_reaction,valid,cached,False,
8071,RHEA:56832,encoded_general_reaction,valid,cached,False,
8072,RHEA:56836,encoded_general_reaction,valid,cached,False,
8073,RHEA:56840,encoded_general_reaction,valid,cached,False,
8074,RHEA:56844,encoded_general_reaction,valid,cached,False,
8075,RHEA:56856,encoded_general_reaction,valid,cached,False,
8076,RHEA:56860,encoded_general_reaction,valid,cached,False,
8077,RHEA:56868,encoded_general_reaction,valid,cached,False,
8078,RHEA:56884,encoded_general_reaction,valid,cached,False,
8079,RHEA:56900,encoded_general_reaction,valid,cached,False,
8080,RHEA:56908,encoded_general_reaction,valid,cached,False,
8081,RHEA:56912,encoded_general_reaction,valid,cached,False,
8082,RHEA:56916,encoded_general_reaction,valid,cached,False,
8083,RHEA:56920,encoded_general_reaction,valid,cached,False,
8084,RHEA:56932,encoded_general_reaction,valid,cached,False,
8085,RHEA:56936,encoded_general_reaction,valid,cached,False,
8086,RHEA:56940,encoded_general_reaction,valid,cached,False,
8087,RHEA:56944,copied_reference_feature,precomputed,precomputed,False,
8088,RHEA:56984,copied_reference_feature,precomputed,precomputed,False,
8089,RHEA:56996,encoded_general_reaction,valid,cached,False,
8090,RHEA:57000,encoded_general_reaction,valid,cached,False,
8091,RHEA:57004,encoded_general_reaction,valid,cached,False,
8092,RHEA:57008,encoded_general_reaction,valid,cached,False,
8093,RHEA:57016,encoded_general_reaction,valid,cached,False,
8094,RHEA:57020,encoded_general_reaction,valid,cached,False,
8095,RHEA:57024,encoded_general_reaction,valid,cached,False,
8096,RHEA:57028,encoded_general_reaction,valid,cached,False,
8097,RHEA:57032,encoded_general_reaction,valid,cached,False,
8098,RHEA:57044,encoded_general_reaction,valid,cached,False,
8099,RHEA:57048,encoded_general_reaction,valid,cached,False,
8100,RHEA:57052,encoded_general_reaction,valid,cached,False,
8101,RHEA:57056,encoded_general_reaction,valid,cached,False,
8102,RHEA:57060,encoded_general_reaction,valid,cached,False,
8103,RHEA:57064,encoded_general_reaction,valid,cached,False,
8104,RHEA:57068,encoded_general_reaction,valid,cached,False,
8105,RHEA:57072,encoded_general_reaction,valid,cached,False,
8106,RHEA:57076,encoded_general_reaction,valid,cached,False,
8107,RHEA:57080,encoded_general_reaction,valid,cached,False,
8108,RHEA:57084,encoded_general_reaction,valid,cached,False,
8109,RHEA:57092,encoded_general_reaction,valid,cached,False,
8110,RHEA:57100,encoded_general_reaction,valid,cached,False,
8111,RHEA:57108,encoded_general_reaction,valid,cached,False,
8112,RHEA:57116,encoded_general_reaction,valid,cached,False,
8113,RHEA:57120,encoded_general_reaction,valid,cached,False,
8114,RHEA:57132,encoded_general_reaction,valid,cached,False,
8115,RHEA:57136,encoded_general_reaction,valid,cached,False,
8116,RHEA:57140,encoded_general_reaction,valid,cached,False,
8117,RHEA:57144,encoded_general_reaction,valid,cached,False,
8118,RHEA:57148,encoded_general_reaction,valid,cached,False,
8119,RHEA:57152,encoded_general_reaction,valid,cached,False,
8120,RHEA:57156,encoded_general_reaction,valid,cached,False,
8121,RHEA:57172,encoded_general_reaction,valid,cached,False,
8122,RHEA:57188,encoded_general_reaction,valid,cached,False,
8123,RHEA:57192,encoded_general_reaction,valid,cached,False,
8124,RHEA:57196,encoded_general_reaction,valid,cached,False,
8125,RHEA:57244,encoded_general_reaction,valid,cached,False,
8126,RHEA:57248,encoded_general_reaction,valid,cached,False,
8127,RHEA:57252,encoded_general_reaction,valid,cached,False,
8128,RHEA:57256,encoded_general_reaction,valid,cached,False,
8129,RHEA:57260,encoded_general_reaction,valid,cached,False,
8130,RHEA:57264,encoded_general_reaction,valid,cached,False,
8131,RHEA:57268,encoded_general_reaction,valid,cached,False,
8132,RHEA:57288,encoded_general_reaction,valid,cached,False,
8133,RHEA:57292,encoded_general_reaction,valid,cached,False,
8134,RHEA:57296,encoded_general_reaction,valid,cached,False,
8135,RHEA:57300,encoded_general_reaction,valid,cached,False,
8136,RHEA:57304,encoded_general_reaction,valid,cached,False,
8137,RHEA:57308,encoded_general_reaction,valid,cached,False,
8138,RHEA:57312,encoded_general_reaction,valid,cached,False,
8139,RHEA:57316,encoded_general_reaction,valid,cached,False,
8140,RHEA:57324,encoded_general_reaction,valid,cached,False,
8141,RHEA:57328,encoded_general_reaction,valid,cached,False,
8142,RHEA:57332,encoded_general_reaction,valid,cached,False,
8143,RHEA:57336,encoded_general_reaction,valid,cached,False,
8144,RHEA:57352,encoded_general_reaction,valid,cached,False,
8145,RHEA:57360,encoded_general_reaction,valid,cached,False,
8146,RHEA:57364,encoded_general_reaction,valid,cached,False,
8147,RHEA:57368,encoded_general_reaction,valid,cached,False,
8148,RHEA:57372,encoded_general_reaction,valid,cached,False,
8149,RHEA:57376,encoded_general_reaction,valid,cached,False,
8150,RHEA:57380,encoded_general_reaction,valid,cached,False,
8151,RHEA:57384,encoded_general_reaction,valid,cached,False,
8152,RHEA:57388,encoded_general_reaction,valid,cached,False,
8153,RHEA:57396,encoded_general_reaction,valid,cached,False,
8154,RHEA:57400,encoded_general_reaction,valid,cached,False,
8155,RHEA:57404,encoded_general_reaction,valid,cached,False,
8156,RHEA:57408,encoded_general_reaction,valid,cached,False,
8157,RHEA:57412,encoded_general_reaction,valid,cached,False,
8158,RHEA:57416,encoded_general_reaction,valid,cached,False,
8159,RHEA:57420,encoded_general_reaction,valid,cached,False,
8160,RHEA:57424,encoded_general_reaction,valid,cached,False,
8161,RHEA:57428,encoded_general_reaction,valid,cached,False,
8162,RHEA:57432,encoded_general_reaction,valid,cached,False,
8163,RHEA:57436,encoded_general_reaction,valid,cached,False,
8164,RHEA:57440,encoded_general_reaction,valid,cached,False,
8165,RHEA:57444,encoded_general_reaction,valid,cached,False,
8166,RHEA:57448,encoded_general_reaction,valid,cached,False,
8167,RHEA:57452,encoded_general_reaction,valid,cached,False,
8168,RHEA:57456,encoded_general_reaction,valid,cached,False,
8169,RHEA:57460,encoded_general_reaction,valid,cached,False,
8170,RHEA:57464,encoded_general_reaction,valid,cached,False,
8171,RHEA:57468,encoded_general_reaction,valid,cached,False,
8172,RHEA:57472,encoded_general_reaction,valid,cached,False,
8173,RHEA:57476,encoded_general_reaction,valid,cached,False,
8174,RHEA:57480,encoded_general_reaction,valid,cached,False,
8175,RHEA:57492,encoded_general_reaction,valid,cached,False,
8176,RHEA:57496,encoded_general_reaction,valid,cached,False,
8177,RHEA:57500,encoded_general_reaction,valid,cached,False,
8178,RHEA:57504,encoded_general_reaction,valid,cached,False,
8179,RHEA:57508,encoded_general_reaction,valid,cached,False,
8180,RHEA:57512,encoded_general_reaction,valid,cached,False,
8181,RHEA:57516,copied_reference_feature,precomputed,precomputed,False,
8182,RHEA:57520,copied_reference_feature,precomputed,precomputed,False,
8183,RHEA:57528,encoded_general_reaction,valid,cached,False,
8184,RHEA:57544,copied_reference_feature,precomputed,precomputed,False,
8185,RHEA:57560,encoded_general_reaction,valid,cached,False,
8186,RHEA:57576,encoded_general_reaction,valid,cached,False,
8187,RHEA:57580,encoded_general_reaction,valid,cached,False,
8188,RHEA:57584,encoded_general_reaction,valid,cached,False,
8189,RHEA:57588,encoded_general_reaction,valid,cached,False,
8190,RHEA:57596,encoded_general_reaction,valid,cached,False,
8191,RHEA:57600,encoded_general_reaction,valid,cached,False,
8192,RHEA:57604,encoded_general_reaction,valid,cached,False,
8193,RHEA:57608,encoded_general_reaction,valid,cached,False,
8194,RHEA:57612,encoded_general_reaction,valid,cached,False,
8195,RHEA:57616,encoded_general_reaction,valid,cached,False,
8196,RHEA:57620,encoded_general_reaction,valid,cached,False,
8197,RHEA:57632,encoded_general_reaction,valid,cached,False,
8198,RHEA:57636,encoded_general_reaction,valid,cached,False,
8199,RHEA:57648,encoded_general_reaction,valid,cached,False,
8200,RHEA:57680,encoded_general_reaction,valid,cached,False,
8201,RHEA:57704,encoded_general_reaction,valid,cached,False,
8202,RHEA:57708,encoded_general_reaction,valid,cached,False,
8203,RHEA:57712,encoded_general_reaction,valid,cached,False,
8204,RHEA:57720,encoded_general_reaction,valid,cached,False,
8205,RHEA:57724,encoded_general_reaction,valid,cached,False,
8206,RHEA:57728,encoded_general_reaction,valid,cached,False,
8207,RHEA:57744,encoded_general_reaction,valid,cached,False,
8208,RHEA:57748,encoded_general_reaction,valid,cached,False,
8209,RHEA:57752,encoded_general_reaction,valid,cached,False,
8210,RHEA:57756,encoded_general_reaction,valid,cached,False,
8211,RHEA:57760,encoded_general_reaction,valid,cached,False,
8212,RHEA:57832,encoded_general_reaction,valid,cached,False,
8213,RHEA:57836,encoded_general_reaction,valid,cached,False,
8214,RHEA:57840,encoded_general_reaction,valid,cached,False,
8215,RHEA:57844,encoded_general_reaction,valid,cached,False,
8216,RHEA:57848,encoded_general_reaction,valid,cached,False,
8217,RHEA:57852,encoded_general_reaction,valid,cached,False,
8218,RHEA:57856,encoded_general_reaction,valid,cached,False,
8219,RHEA:57860,encoded_general_reaction,valid,cached,False,
8220,RHEA:57864,encoded_general_reaction,valid,cached,False,
8221,RHEA:57868,encoded_general_reaction,valid,cached,False,
8222,RHEA:57876,encoded_general_reaction,valid,cached,False,
8223,RHEA:57880,encoded_general_reaction,valid,cached,False,
8224,RHEA:57884,encoded_general_reaction,valid,cached,False,
8225,RHEA:57888,encoded_general_reaction,valid,cached,False,
8226,RHEA:57896,encoded_general_reaction,valid,cached,False,
8227,RHEA:57900,encoded_general_reaction,valid,cached,False,
8228,RHEA:57904,encoded_general_reaction,valid,cached,False,
8229,RHEA:57928,encoded_general_reaction,valid,cached,False,
8230,RHEA:57932,encoded_general_reaction,valid,cached,False,
8231,RHEA:57940,encoded_general_reaction,valid,cached,False,
8232,RHEA:57944,encoded_general_reaction,valid,cached,False,
8233,RHEA:57952,encoded_general_reaction,valid,cached,False,
8234,RHEA:57964,encoded_general_reaction,valid,cached,False,
8235,RHEA:57968,encoded_general_reaction,valid,cached,False,
8236,RHEA:57972,encoded_general_reaction,valid,cached,False,
8237,RHEA:57976,encoded_general_reaction,valid,cached,False,
8238,RHEA:57980,encoded_general_reaction,valid,cached,False,
8239,RHEA:57984,encoded_general_reaction,valid,cached,False,
8240,RHEA:57988,encoded_general_reaction,valid,cached,False,
8241,RHEA:57992,encoded_general_reaction,valid,cached,False,
8242,RHEA:57996,encoded_general_reaction,valid,cached,False,
8243,RHEA:58000,encoded_general_reaction,valid,cached,False,
8244,RHEA:58004,encoded_general_reaction,valid,cached,False,
8245,RHEA:58008,encoded_general_reaction,valid,cached,False,
8246,RHEA:58012,encoded_general_reaction,valid,cached,False,
8247,RHEA:58024,encoded_general_reaction,valid,cached,False,
8248,RHEA:58028,encoded_general_reaction,valid,cached,False,
8249,RHEA:58032,encoded_general_reaction,valid,cached,False,
8250,RHEA:58044,encoded_general_reaction,valid,cached,False,
8251,RHEA:58056,encoded_general_reaction,valid,cached,False,
8252,RHEA:58064,encoded_general_reaction,valid,cached,False,
8253,RHEA:58068,encoded_general_reaction,valid,cached,False,
8254,RHEA:58072,encoded_general_reaction,valid,cached,False,
8255,RHEA:58108,encoded_general_reaction,valid,cached,False,
8256,RHEA:58112,encoded_general_reaction,valid,cached,False,
8257,RHEA:58116,encoded_general_reaction,valid,cached,False,
8258,RHEA:58120,encoded_general_reaction,valid,cached,False,
8259,RHEA:58124,encoded_general_reaction,valid,cached,False,
8260,RHEA:58128,encoded_general_reaction,valid,cached,False,
8261,RHEA:58132,encoded_general_reaction,valid,cached,False,
8262,RHEA:58144,encoded_general_reaction,valid,cached,False,
8263,RHEA:58148,encoded_general_reaction,valid,cached,False,
8264,RHEA:58152,encoded_general_reaction,valid,cached,False,
8265,RHEA:58156,encoded_general_reaction,valid,cached,False,
8266,RHEA:58160,copied_reference_feature,precomputed,precomputed,False,
8267,RHEA:58164,copied_reference_feature,precomputed,precomputed,False,
8268,RHEA:58168,copied_reference_feature,precomputed,precomputed,False,
8269,RHEA:58172,copied_reference_feature,precomputed,precomputed,False,
8270,RHEA:58176,encoded_general_reaction,valid,cached,False,
8271,RHEA:58188,encoded_general_reaction,valid,cached,False,
8272,RHEA:58192,encoded_general_reaction,valid,cached,False,
8273,RHEA:58196,encoded_general_reaction,valid,cached,False,
8274,RHEA:58220,encoded_general_reaction,valid,cached,False,
8275,RHEA:58224,encoded_general_reaction,valid,cached,False,
8276,RHEA:58228,encoded_general_reaction,valid,cached,False,
8277,RHEA:58232,encoded_general_reaction,valid,cached,False,
8278,RHEA:58236,encoded_general_reaction,valid,cached,False,
8279,RHEA:58248,encoded_general_reaction,valid,cached,False,
8280,RHEA:58256,encoded_general_reaction,valid,cached,False,
8281,RHEA:58264,encoded_general_reaction,valid,cached,False,
8282,RHEA:58268,encoded_general_reaction,valid,cached,False,
8283,RHEA:58276,encoded_general_reaction,valid,cached,False,
8284,RHEA:58280,encoded_general_reaction,valid,cached,False,
8285,RHEA:58284,encoded_general_reaction,valid,cached,False,
8286,RHEA:58316,encoded_general_reaction,valid,cached,False,
8287,RHEA:58324,encoded_general_reaction,valid,cached,False,
8288,RHEA:58328,encoded_general_reaction,valid,cached,False,
8289,RHEA:58332,encoded_general_reaction,valid,cached,False,
8290,RHEA:58336,encoded_general_reaction,valid,cached,False,
8291,RHEA:58340,encoded_general_reaction,valid,cached,False,
8292,RHEA:58344,encoded_general_reaction,valid,cached,False,
8293,RHEA:58348,encoded_general_reaction,valid,cached,False,
8294,RHEA:58352,encoded_general_reaction,valid,cached,False,
8295,RHEA:58360,encoded_general_reaction,valid,cached,False,
8296,RHEA:58364,encoded_general_reaction,valid,cached,False,
8297,RHEA:58368,encoded_general_reaction,valid,cached,False,
8298,RHEA:58372,encoded_general_reaction,valid,cached,False,
8299,RHEA:58376,encoded_general_reaction,valid,cached,False,
8300,RHEA:58380,encoded_general_reaction,valid,cached,False,
8301,RHEA:58384,encoded_general_reaction,valid,cached,False,
8302,RHEA:58392,encoded_general_reaction,valid,cached,False,
8303,RHEA:58396,encoded_general_reaction,valid,cached,False,
8304,RHEA:58400,encoded_general_reaction,valid,cached,False,
8305,RHEA:58404,encoded_general_reaction,valid,cached,False,
8306,RHEA:58412,encoded_general_reaction,valid,cached,False,
8307,RHEA:58416,encoded_general_reaction,valid,cached,False,
8308,RHEA:58420,encoded_general_reaction,valid,cached,False,
8309,RHEA:58424,encoded_general_reaction,valid,cached,False,
8310,RHEA:58428,encoded_general_reaction,valid,cached,False,
8311,RHEA:58432,encoded_general_reaction,valid,cached,False,
8312,RHEA:58436,encoded_general_reaction,valid,cached,False,
8313,RHEA:58440,encoded_general_reaction,valid,cached,False,
8314,RHEA:58456,encoded_general_reaction,valid,cached,False,
8315,RHEA:58460,encoded_general_reaction,valid,cached,False,
8316,RHEA:58472,encoded_general_reaction,valid,cached,False,
8317,RHEA:58476,encoded_general_reaction,valid,cached,False,
8318,RHEA:58480,encoded_general_reaction,valid,cached,False,
8319,RHEA:58484,encoded_general_reaction,valid,cached,False,
8320,RHEA:58492,encoded_general_reaction,valid,cached,False,
8321,RHEA:58504,encoded_general_reaction,valid,cached,False,
8322,RHEA:58508,encoded_general_reaction,valid,cached,False,
8323,RHEA:58512,encoded_general_reaction,valid,cached,False,
8324,RHEA:58516,encoded_general_reaction,valid,cached,False,
8325,RHEA:58520,encoded_general_reaction,valid,cached,False,
8326,RHEA:58524,encoded_general_reaction,valid,cached,False,
8327,RHEA:58528,encoded_general_reaction,valid,cached,False,
8328,RHEA:58536,encoded_general_reaction,valid,cached,False,
8329,RHEA:58540,encoded_general_reaction,valid,cached,False,
8330,RHEA:58544,encoded_general_reaction,valid,cached,False,
8331,RHEA:58548,encoded_general_reaction,valid,cached,False,
8332,RHEA:58560,encoded_general_reaction,valid,cached,False,
8333,RHEA:58564,encoded_general_reaction,valid,cached,False,
8334,RHEA:58568,encoded_general_reaction,valid,cached,False,
8335,RHEA:58572,encoded_general_reaction,valid,cached,False,
8336,RHEA:58576,encoded_general_reaction,valid,cached,False,
8337,RHEA:58580,encoded_general_reaction,valid,cached,False,
8338,RHEA:58584,encoded_general_reaction,valid,cached,False,
8339,RHEA:58588,encoded_general_reaction,valid,cached,False,
8340,RHEA:58592,encoded_general_reaction,valid,cached,False,
8341,RHEA:58600,encoded_general_reaction,valid,cached,False,
8342,RHEA:58608,encoded_general_reaction,valid,cached,False,
8343,RHEA:58612,encoded_general_reaction,valid,cached,False,
8344,RHEA:58616,encoded_general_reaction,valid,cached,False,
8345,RHEA:58620,encoded_general_reaction,valid,cached,False,
8346,RHEA:58624,encoded_general_reaction,valid,cached,False,
8347,RHEA:58632,encoded_general_reaction,valid,cached,False,
8348,RHEA:58636,encoded_general_reaction,valid,cached,False,
8349,RHEA:58640,encoded_general_reaction,valid,cached,False,
8350,RHEA:58644,encoded_general_reaction,valid,cached,False,
8351,RHEA:58656,encoded_general_reaction,valid,cached,False,
8352,RHEA:58664,encoded_general_reaction,valid,cached,False,
8353,RHEA:58668,encoded_general_reaction,valid,cached,False,
8354,RHEA:58676,encoded_general_reaction,valid,cached,False,
8355,RHEA:58688,encoded_general_reaction,valid,cached,False,
8356,RHEA:58696,encoded_general_reaction,valid,cached,False,
8357,RHEA:58712,encoded_general_reaction,valid,cached,False,
8358,RHEA:58720,encoded_general_reaction,valid,cached,False,
8359,RHEA:58724,encoded_general_reaction,valid,cached,False,
8360,RHEA:58728,encoded_general_reaction,valid,cached,False,
8361,RHEA:58732,encoded_general_reaction,valid,cached,False,
8362,RHEA:58736,encoded_general_reaction,valid,cached,False,
8363,RHEA:58740,encoded_general_reaction,valid,cached,False,
8364,RHEA:58744,encoded_general_reaction,valid,cached,False,
8365,RHEA:58748,encoded_general_reaction,valid,cached,False,
8366,RHEA:58752,encoded_general_reaction,valid,cached,False,
8367,RHEA:58756,encoded_general_reaction,valid,cached,False,
8368,RHEA:58776,encoded_general_reaction,valid,cached,False,
8369,RHEA:58780,encoded_general_reaction,valid,cached,False,
8370,RHEA:58784,encoded_general_reaction,valid,cached,False,
8371,RHEA:58796,encoded_general_reaction,valid,cached,False,
8372,RHEA:58800,encoded_general_reaction,valid,cached,False,
8373,RHEA:58804,encoded_general_reaction,valid,cached,False,
8374,RHEA:58808,encoded_general_reaction,valid,cached,False,
8375,RHEA:58812,encoded_general_reaction,valid,cached,False,
8376,RHEA:58816,encoded_general_reaction,valid,cached,False,
8377,RHEA:58832,encoded_general_reaction,valid,cached,False,
8378,RHEA:58844,encoded_general_reaction,valid,cached,False,
8379,RHEA:58848,encoded_general_reaction,valid,cached,False,
8380,RHEA:58852,encoded_general_reaction,valid,cached,False,
8381,RHEA:58856,encoded_general_reaction,valid,cached,False,
8382,RHEA:58868,encoded_general_reaction,valid,cached,False,
8383,RHEA:58884,encoded_general_reaction,valid,cached,False,
8384,RHEA:58888,encoded_general_reaction,valid,cached,False,
8385,RHEA:58892,encoded_general_reaction,valid,cached,False,
8386,RHEA:58896,encoded_general_reaction,valid,cached,False,
8387,RHEA:58900,encoded_general_reaction,valid,cached,False,
8388,RHEA:58904,encoded_general_reaction,valid,cached,False,
8389,RHEA:58908,encoded_general_reaction,valid,cached,False,
8390,RHEA:58912,encoded_general_reaction,valid,cached,False,
8391,RHEA:58916,encoded_general_reaction,valid,cached,False,
8392,RHEA:58920,encoded_general_reaction,valid,cached,False,
8393,RHEA:58924,encoded_general_reaction,valid,cached,False,
8394,RHEA:58928,encoded_general_reaction,valid,cached,False,
8395,RHEA:58952,encoded_general_reaction,valid,cached,False,
8396,RHEA:58956,encoded_general_reaction,valid,cached,False,
8397,RHEA:58960,encoded_general_reaction,valid,cached,False,
8398,RHEA:58964,encoded_general_reaction,valid,cached,False,
8399,RHEA:58968,encoded_general_reaction,valid,cached,False,
8400,RHEA:58972,encoded_general_reaction,valid,cached,False,
8401,RHEA:58976,encoded_general_reaction,valid,cached,False,
8402,RHEA:58980,encoded_general_reaction,valid,cached,False,
8403,RHEA:58984,encoded_general_reaction,valid,cached,False,
8404,RHEA:58988,encoded_general_reaction,valid,cached,False,
8405,RHEA:58992,encoded_general_reaction,valid,cached,False,
8406,RHEA:58996,encoded_general_reaction,valid,cached,False,
8407,RHEA:59000,encoded_general_reaction,valid,cached,False,
8408,RHEA:59004,encoded_general_reaction,valid,cached,False,
8409,RHEA:59008,encoded_general_reaction,valid,cached,False,
8410,RHEA:59012,encoded_general_reaction,valid,cached,False,
8411,RHEA:59016,encoded_general_reaction,valid,cached,False,
8412,RHEA:59044,encoded_general_reaction,valid,cached,False,
8413,RHEA:59048,encoded_general_reaction,valid,cached,False,
8414,RHEA:59052,encoded_general_reaction,valid,cached,False,
8415,RHEA:59072,encoded_general_reaction,valid,cached,False,
8416,RHEA:59076,encoded_general_reaction,valid,cached,False,
8417,RHEA:59080,encoded_general_reaction,valid,cached,False,
8418,RHEA:59084,encoded_general_reaction,valid,cached,False,
8419,RHEA:59088,encoded_general_reaction,valid,cached,False,
8420,RHEA:59096,encoded_general_reaction,valid,cached,False,
8421,RHEA:59100,encoded_general_reaction,valid,cached,False,
8422,RHEA:59108,encoded_general_reaction,valid,cached,False,
8423,RHEA:59112,encoded_general_reaction,valid,cached,False,
8424,RHEA:59120,encoded_general_reaction,valid,cached,False,
8425,RHEA:59124,encoded_general_reaction,valid,cached,False,
8426,RHEA:59128,encoded_general_reaction,valid,cached,False,
8427,RHEA:59132,encoded_general_reaction,valid,cached,False,
8428,RHEA:59136,encoded_general_reaction,valid,cached,False,
8429,RHEA:59140,encoded_general_reaction,valid,cached,False,
8430,RHEA:59144,encoded_general_reaction,valid,cached,False,
8431,RHEA:59148,encoded_general_reaction,valid,cached,False,
8432,RHEA:59152,encoded_general_reaction,valid,cached,False,
8433,RHEA:59156,encoded_general_reaction,valid,cached,False,
8434,RHEA:59160,encoded_general_reaction,valid,cached,False,
8435,RHEA:59164,encoded_general_reaction,valid,cached,False,
8436,RHEA:59168,encoded_general_reaction,valid,cached,False,
8437,RHEA:59176,encoded_general_reaction,valid,cached,False,
8438,RHEA:59184,encoded_general_reaction,valid,cached,False,
8439,RHEA:59188,encoded_general_reaction,valid,cached,False,
8440,RHEA:59216,encoded_general_reaction,valid,cached,False,
8441,RHEA:59220,encoded_general_reaction,valid,cached,False,
8442,RHEA:59224,copied_reference_feature,precomputed,precomputed,False,
8443,RHEA:59232,copied_reference_feature,precomputed,precomputed,False,
8444,RHEA:59236,copied_reference_feature,precomputed,precomputed,False,
8445,RHEA:59240,encoded_general_reaction,valid,cached,False,
8446,RHEA:59244,encoded_general_reaction,valid,cached,False,
8447,RHEA:59256,encoded_general_reaction,valid,cached,False,
8448,RHEA:59260,encoded_general_reaction,valid,cached,False,
8449,RHEA:59264,encoded_general_reaction,valid,cached,False,
8450,RHEA:59272,encoded_general_reaction,valid,cached,False,
8451,RHEA:59276,encoded_general_reaction,valid,cached,False,
8452,RHEA:59280,encoded_general_reaction,valid,cached,False,
8453,RHEA:59284,encoded_general_reaction,valid,cached,False,
8454,RHEA:59288,encoded_general_reaction,valid,cached,False,
8455,RHEA:59292,encoded_general_reaction,valid,cached,False,
8456,RHEA:59300,encoded_general_reaction,valid,cached,False,
8457,RHEA:59304,encoded_general_reaction,valid,cached,False,
8458,RHEA:59312,encoded_general_reaction,valid,cached,False,
8459,RHEA:59316,encoded_general_reaction,valid,cached,False,
8460,RHEA:59324,encoded_general_reaction,valid,cached,False,
8461,RHEA:59328,encoded_general_reaction,valid,cached,False,
8462,RHEA:59332,encoded_general_reaction,valid,cached,False,
8463,RHEA:59336,encoded_general_reaction,valid,cached,False,
8464,RHEA:59340,encoded_general_reaction,valid,cached,False,
8465,RHEA:59344,encoded_general_reaction,valid,cached,False,
8466,RHEA:59352,encoded_general_reaction,valid,cached,False,
8467,RHEA:59360,encoded_general_reaction,valid,cached,False,
8468,RHEA:59364,encoded_general_reaction,valid,cached,False,
8469,RHEA:59368,encoded_general_reaction,valid,cached,False,
8470,RHEA:59372,encoded_general_reaction,valid,cached,False,
8471,RHEA:59376,encoded_general_reaction,valid,cached,False,
8472,RHEA:59380,encoded_general_reaction,valid,cached,False,
8473,RHEA:59388,encoded_general_reaction,valid,cached,False,
8474,RHEA:59392,encoded_general_reaction,valid,cached,False,
8475,RHEA:59396,encoded_general_reaction,valid,cached,False,
8476,RHEA:59400,encoded_general_reaction,valid,cached,False,
8477,RHEA:59404,encoded_general_reaction,valid,cached,False,
8478,RHEA:59412,encoded_general_reaction,valid,cached,False,
8479,RHEA:59416,encoded_general_reaction,valid,cached,False,
8480,RHEA:59424,encoded_general_reaction,valid,cached,False,
8481,RHEA:59436,encoded_general_reaction,valid,cached,False,
8482,RHEA:59440,encoded_general_reaction,valid,cached,False,
8483,RHEA:59444,encoded_general_reaction,valid,cached,False,
8484,RHEA:59468,encoded_general_reaction,valid,cached,False,
8485,RHEA:59472,encoded_general_reaction,valid,cached,False,
8486,RHEA:59476,encoded_general_reaction,valid,cached,False,
8487,RHEA:59488,encoded_general_reaction,valid,cached,False,
8488,RHEA:59492,encoded_general_reaction,valid,cached,False,
8489,RHEA:59496,encoded_general_reaction,valid,cached,False,
8490,RHEA:59500,encoded_general_reaction,valid,cached,False,
8491,RHEA:59504,encoded_general_reaction,valid,cached,False,
8492,RHEA:59520,encoded_general_reaction,valid,cached,False,
8493,RHEA:59528,encoded_general_reaction,valid,cached,False,
8494,RHEA:59532,encoded_general_reaction,valid,cached,False,
8495,RHEA:59540,encoded_general_reaction,valid,cached,False,
8496,RHEA:59544,encoded_general_reaction,valid,cached,False,
8497,RHEA:59548,encoded_general_reaction,valid,cached,False,
8498,RHEA:59552,encoded_general_reaction,valid,cached,False,
8499,RHEA:59568,encoded_general_reaction,valid,cached,False,
8500,RHEA:59572,encoded_general_reaction,valid,cached,False,
8501,RHEA:59576,encoded_general_reaction,valid,cached,False,
8502,RHEA:59580,encoded_general_reaction,valid,cached,False,
8503,RHEA:59596,encoded_general_reaction,valid,cached,False,
8504,RHEA:59608,encoded_general_reaction,valid,cached,False,
8505,RHEA:59612,encoded_general_reaction,valid,cached,False,
8506,RHEA:59616,encoded_general_reaction,valid,cached,False,
8507,RHEA:59620,encoded_general_reaction,valid,cached,False,
8508,RHEA:59624,encoded_general_reaction,valid,cached,False,
8509,RHEA:59628,encoded_general_reaction,valid,cached,False,
8510,RHEA:59632,encoded_general_reaction,valid,cached,False,
8511,RHEA:59636,encoded_general_reaction,valid,cached,False,
8512,RHEA:59640,encoded_general_reaction,valid,cached,False,
8513,RHEA:59656,encoded_general_reaction,valid,cached,False,
8514,RHEA:59660,encoded_general_reaction,valid,cached,False,
8515,RHEA:59664,encoded_general_reaction,valid,cached,False,
8516,RHEA:59668,encoded_general_reaction,valid,cached,False,
8517,RHEA:59728,encoded_general_reaction,valid,cached,False,
8518,RHEA:59732,encoded_general_reaction,valid,cached,False,
8519,RHEA:59736,encoded_general_reaction,valid,cached,False,
8520,RHEA:59740,encoded_general_reaction,valid,cached,False,
8521,RHEA:59756,encoded_general_reaction,valid,cached,False,
8522,RHEA:59760,encoded_general_reaction,valid,cached,False,
8523,RHEA:59764,encoded_general_reaction,valid,cached,False,
8524,RHEA:59768,encoded_general_reaction,valid,cached,False,
8525,RHEA:59780,encoded_general_reaction,valid,cached,False,
8526,RHEA:59784,encoded_general_reaction,valid,cached,False,
8527,RHEA:59788,encoded_general_reaction,valid,cached,False,
8528,RHEA:59792,encoded_general_reaction,valid,cached,False,
8529,RHEA:59796,encoded_general_reaction,valid,cached,False,
8530,RHEA:59800,encoded_general_reaction,valid,cached,False,
8531,RHEA:59804,encoded_general_reaction,valid,cached,False,
8532,RHEA:59808,encoded_general_reaction,valid,cached,False,
8533,RHEA:59816,encoded_general_reaction,valid,cached,False,
8534,RHEA:59828,encoded_general_reaction,valid,cached,False,
8535,RHEA:59832,encoded_general_reaction,valid,cached,False,
8536,RHEA:59840,encoded_general_reaction,valid,cached,False,
8537,RHEA:59844,encoded_general_reaction,valid,cached,False,
8538,RHEA:59848,encoded_general_reaction,valid,cached,False,
8539,RHEA:59852,encoded_general_reaction,valid,cached,False,
8540,RHEA:59860,encoded_general_reaction,valid,cached,False,
8541,RHEA:59864,encoded_general_reaction,valid,cached,False,
8542,RHEA:59868,encoded_general_reaction,valid,cached,False,
8543,RHEA:59872,encoded_general_reaction,valid,cached,False,
8544,RHEA:59876,encoded_general_reaction,valid,cached,False,
8545,RHEA:59880,encoded_general_reaction,valid,cached,False,
8546,RHEA:59884,encoded_general_reaction,valid,cached,False,
8547,RHEA:59888,encoded_general_reaction,valid,cached,False,
8548,RHEA:59892,encoded_general_reaction,valid,cached,False,
8549,RHEA:59896,encoded_general_reaction,valid,cached,False,
8550,RHEA:59900,encoded_general_reaction,valid,cached,False,
8551,RHEA:59904,copied_reference_feature,precomputed,precomputed,False,
8552,RHEA:59908,encoded_general_reaction,valid,cached,False,
8553,RHEA:59912,encoded_general_reaction,valid,cached,False,
8554,RHEA:59916,encoded_general_reaction,valid,cached,False,
8555,RHEA:59920,encoded_general_reaction,valid,cached,False,
8556,RHEA:59936,encoded_general_reaction,valid,cached,False,
8557,RHEA:59940,encoded_general_reaction,valid,cached,False,
8558,RHEA:59948,encoded_general_reaction,valid,cached,False,
8559,RHEA:59952,encoded_general_reaction,valid,cached,False,
8560,RHEA:59956,encoded_general_reaction,valid,cached,False,
8561,RHEA:59960,encoded_general_reaction,valid,cached,False,
8562,RHEA:59964,encoded_general_reaction,valid,cached,False,
8563,RHEA:59972,encoded_general_reaction,valid,cached,False,
8564,RHEA:59980,encoded_general_reaction,valid,cached,False,
8565,RHEA:59984,encoded_general_reaction,valid,cached,False,
8566,RHEA:59988,encoded_general_reaction,valid,cached,False,
8567,RHEA:59992,encoded_general_reaction,valid,cached,False,
8568,RHEA:59996,encoded_general_reaction,valid,cached,False,
8569,RHEA:60000,encoded_general_reaction,valid,cached,False,
8570,RHEA:60008,encoded_general_reaction,valid,cached,False,
8571,RHEA:60012,encoded_general_reaction,valid,cached,False,
8572,RHEA:60016,copied_reference_feature,precomputed,precomputed,False,
8573,RHEA:60020,copied_reference_feature,precomputed,precomputed,False,
8574,RHEA:60024,copied_reference_feature,precomputed,precomputed,False,
8575,RHEA:60028,copied_reference_feature,precomputed,precomputed,False,
8576,RHEA:60032,encoded_general_reaction,valid,cached,False,
8577,RHEA:60036,encoded_general_reaction,valid,cached,False,
8578,RHEA:60040,encoded_general_reaction,valid,cached,False,
8579,RHEA:60044,encoded_general_reaction,valid,cached,False,
8580,RHEA:60048,encoded_general_reaction,valid,cached,False,
8581,RHEA:60052,encoded_general_reaction,valid,cached,False,
8582,RHEA:60056,encoded_general_reaction,valid,cached,False,
8583,RHEA:60064,encoded_general_reaction,valid,cached,False,
8584,RHEA:60068,encoded_general_reaction,valid,cached,False,
8585,RHEA:60072,encoded_general_reaction,valid,cached,False,
8586,RHEA:60076,encoded_general_reaction,valid,cached,False,
8587,RHEA:60080,encoded_general_reaction,valid,cached,False,
8588,RHEA:60084,encoded_general_reaction,valid,cached,False,
8589,RHEA:60088,encoded_general_reaction,valid,cached,False,
8590,RHEA:60092,encoded_general_reaction,valid,cached,False,
8591,RHEA:60096,encoded_general_reaction,valid,cached,False,
8592,RHEA:60100,encoded_general_reaction,valid,cached,False,
8593,RHEA:60104,encoded_general_reaction,valid,cached,False,
8594,RHEA:60108,encoded_general_reaction,valid,cached,False,
8595,RHEA:60112,encoded_general_reaction,valid,cached,False,
8596,RHEA:60116,encoded_general_reaction,valid,cached,False,
8597,RHEA:60128,encoded_general_reaction,valid,cached,False,
8598,RHEA:60132,encoded_general_reaction,valid,cached,False,
8599,RHEA:60136,encoded_general_reaction,valid,cached,False,
8600,RHEA:60140,encoded_general_reaction,valid,cached,False,
8601,RHEA:60144,encoded_general_reaction,valid,cached,False,
8602,RHEA:60152,encoded_general_reaction,valid,cached,False,
8603,RHEA:60156,encoded_general_reaction,valid,cached,False,
8604,RHEA:60160,encoded_general_reaction,valid,cached,False,
8605,RHEA:60172,encoded_general_reaction,valid,cached,False,
8606,RHEA:60176,encoded_general_reaction,valid,cached,False,
8607,RHEA:60180,encoded_general_reaction,valid,cached,False,
8608,RHEA:60184,encoded_general_reaction,valid,cached,False,
8609,RHEA:60188,encoded_general_reaction,valid,cached,False,
8610,RHEA:60192,encoded_general_reaction,valid,cached,False,
8611,RHEA:60196,encoded_general_reaction,valid,cached,False,
8612,RHEA:60200,encoded_general_reaction,valid,cached,False,
8613,RHEA:60208,encoded_general_reaction,valid,cached,False,
8614,RHEA:60212,encoded_general_reaction,valid,cached,False,
8615,RHEA:60216,encoded_general_reaction,valid,cached,False,
8616,RHEA:60220,encoded_general_reaction,valid,cached,False,
8617,RHEA:60224,encoded_general_reaction,valid,cached,False,
8618,RHEA:60228,encoded_general_reaction,valid,cached,False,
8619,RHEA:60232,encoded_general_reaction,valid,cached,False,
8620,RHEA:60236,encoded_general_reaction,valid,cached,False,
8621,RHEA:60244,encoded_general_reaction,valid,cached,False,
8622,RHEA:60252,encoded_general_reaction,valid,cached,False,
8623,RHEA:60256,encoded_general_reaction,valid,cached,False,
8624,RHEA:60260,encoded_general_reaction,valid,cached,False,
8625,RHEA:60264,encoded_general_reaction,valid,cached,False,
8626,RHEA:60268,encoded_general_reaction,valid,cached,False,
8627,RHEA:60272,encoded_general_reaction,valid,cached,False,
8628,RHEA:60276,encoded_general_reaction,valid,cached,False,
8629,RHEA:60280,encoded_general_reaction,valid,cached,False,
8630,RHEA:60284,encoded_general_reaction,valid,cached,False,
8631,RHEA:60288,encoded_general_reaction,valid,cached,False,
8632,RHEA:60292,encoded_general_reaction,valid,cached,False,
8633,RHEA:60296,encoded_general_reaction,valid,cached,False,
8634,RHEA:60300,encoded_general_reaction,valid,cached,False,
8635,RHEA:60308,encoded_general_reaction,valid,cached,False,
8636,RHEA:60312,encoded_general_reaction,valid,cached,False,
8637,RHEA:60316,encoded_general_reaction,valid,cached,False,
8638,RHEA:60320,encoded_general_reaction,valid,cached,False,
8639,RHEA:60324,encoded_general_reaction,valid,cached,False,
8640,RHEA:60328,encoded_general_reaction,valid,cached,False,
8641,RHEA:60344,encoded_general_reaction,valid,cached,False,
8642,RHEA:60348,encoded_general_reaction,valid,cached,False,
8643,RHEA:60352,encoded_general_reaction,valid,cached,False,
8644,RHEA:60356,encoded_general_reaction,valid,cached,False,
8645,RHEA:60360,encoded_general_reaction,valid,cached,False,
8646,RHEA:60384,encoded_general_reaction,valid,cached,False,
8647,RHEA:60388,encoded_general_reaction,valid,cached,False,
8648,RHEA:60392,encoded_general_reaction,valid,cached,False,
8649,RHEA:60396,encoded_general_reaction,valid,cached,False,
8650,RHEA:60400,encoded_general_reaction,valid,cached,False,
8651,RHEA:60404,encoded_general_reaction,valid,cached,False,
8652,RHEA:60408,encoded_general_reaction,valid,cached,False,
8653,RHEA:60412,encoded_general_reaction,valid,cached,False,
8654,RHEA:60416,encoded_general_reaction,valid,cached,False,
8655,RHEA:60420,encoded_general_reaction,valid,cached,False,
8656,RHEA:60424,copied_reference_feature,precomputed,precomputed,False,
8657,RHEA:60428,encoded_general_reaction,valid,cached,False,
8658,RHEA:60432,encoded_general_reaction,valid,cached,False,
8659,RHEA:60436,encoded_general_reaction,valid,cached,False,
8660,RHEA:60440,encoded_general_reaction,valid,cached,False,
8661,RHEA:60444,encoded_general_reaction,valid,cached,False,
8662,RHEA:60452,encoded_general_reaction,valid,cached,False,
8663,RHEA:60456,encoded_general_reaction,valid,cached,False,
8664,RHEA:60476,encoded_general_reaction,valid,cached,False,
8665,RHEA:60480,encoded_general_reaction,valid,cached,False,
8666,RHEA:60484,encoded_general_reaction,valid,cached,False,
8667,RHEA:60504,encoded_general_reaction,valid,cached,False,
8668,RHEA:60508,encoded_general_reaction,valid,cached,False,
8669,RHEA:60512,encoded_general_reaction,valid,cached,False,
8670,RHEA:60516,encoded_general_reaction,valid,cached,False,
8671,RHEA:60520,encoded_general_reaction,valid,cached,False,
8672,RHEA:60524,encoded_general_reaction,valid,cached,False,
8673,RHEA:60556,encoded_general_reaction,valid,cached,False,
8674,RHEA:60560,encoded_general_reaction,valid,cached,False,
8675,RHEA:60568,encoded_general_reaction,valid,cached,False,
8676,RHEA:60580,encoded_general_reaction,valid,cached,False,
8677,RHEA:60604,encoded_general_reaction,valid,cached,False,
8678,RHEA:60608,encoded_general_reaction,valid,cached,False,
8679,RHEA:60612,encoded_general_reaction,valid,cached,False,
8680,RHEA:60616,encoded_general_reaction,valid,cached,False,
8681,RHEA:60620,encoded_general_reaction,valid,cached,False,
8682,RHEA:60624,encoded_general_reaction,valid,cached,False,
8683,RHEA:60628,encoded_general_reaction,valid,cached,False,
8684,RHEA:60632,encoded_general_reaction,valid,cached,False,
8685,RHEA:60636,encoded_general_reaction,valid,cached,False,
8686,RHEA:60644,encoded_general_reaction,valid,cached,False,
8687,RHEA:60648,encoded_general_reaction,valid,cached,False,
8688,RHEA:60652,encoded_general_reaction,valid,cached,False,
8689,RHEA:60656,encoded_general_reaction,valid,cached,False,
8690,RHEA:60660,encoded_general_reaction,valid,cached,False,
8691,RHEA:60664,encoded_general_reaction,valid,cached,False,
8692,RHEA:60668,encoded_general_reaction,valid,cached,False,
8693,RHEA:60672,encoded_general_reaction,valid,cached,False,
8694,RHEA:60676,encoded_general_reaction,valid,cached,False,
8695,RHEA:60680,copied_reference_feature,precomputed,precomputed,False,
8696,RHEA:60684,copied_reference_feature,precomputed,precomputed,False,
8697,RHEA:60688,copied_reference_feature,precomputed,precomputed,False,
8698,RHEA:60692,copied_reference_feature,precomputed,precomputed,False,
8699,RHEA:60696,copied_reference_feature,precomputed,precomputed,False,
8700,RHEA:60700,encoded_general_reaction,valid,cached,False,
8701,RHEA:60704,encoded_general_reaction,valid,cached,False,
8702,RHEA:60708,encoded_general_reaction,valid,cached,False,
8703,RHEA:60712,encoded_general_reaction,valid,cached,False,
8704,RHEA:60716,encoded_general_reaction,valid,cached,False,
8705,RHEA:60720,encoded_general_reaction,valid,cached,False,
8706,RHEA:60724,encoded_general_reaction,valid,cached,False,
8707,RHEA:60728,encoded_general_reaction,valid,cached,False,
8708,RHEA:60732,encoded_general_reaction,valid,cached,False,
8709,RHEA:60736,encoded_general_reaction,valid,cached,False,
8710,RHEA:60740,encoded_general_reaction,valid,cached,False,
8711,RHEA:60744,copied_reference_feature,precomputed,precomputed,False,
8712,RHEA:60748,copied_reference_feature,precomputed,precomputed,False,
8713,RHEA:60752,copied_reference_feature,precomputed,precomputed,False,
8714,RHEA:60756,copied_reference_feature,precomputed,precomputed,False,
8715,RHEA:60760,copied_reference_feature,precomputed,precomputed,False,
8716,RHEA:60764,copied_reference_feature,precomputed,precomputed,False,
8717,RHEA:60768,encoded_general_reaction,valid,cached,False,
8718,RHEA:60772,encoded_general_reaction,valid,cached,False,
8719,RHEA:60776,encoded_general_reaction,valid,cached,False,
8720,RHEA:60780,encoded_general_reaction,valid,cached,False,
8721,RHEA:60796,encoded_general_reaction,valid,cached,False,
8722,RHEA:60800,encoded_general_reaction,valid,cached,False,
8723,RHEA:60820,encoded_general_reaction,valid,cached,False,
8724,RHEA:60872,encoded_general_reaction,valid,cached,False,
8725,RHEA:60876,encoded_general_reaction,valid,cached,False,
8726,RHEA:60880,encoded_general_reaction,valid,cached,False,
8727,RHEA:60892,encoded_general_reaction,valid,cached,False,
8728,RHEA:60904,encoded_general_reaction,valid,cached,False,
8729,RHEA:60912,encoded_general_reaction,valid,cached,False,
8730,RHEA:60916,encoded_general_reaction,valid,cached,False,
8731,RHEA:60920,encoded_general_reaction,valid,cached,False,
8732,RHEA:60924,encoded_general_reaction,valid,cached,False,
8733,RHEA:60928,encoded_general_reaction,valid,cached,False,
8734,RHEA:60932,encoded_general_reaction,valid,cached,False,
8735,RHEA:60936,encoded_general_reaction,valid,cached,False,
8736,RHEA:60940,encoded_general_reaction,valid,cached,False,
8737,RHEA:60944,encoded_general_reaction,valid,cached,False,
8738,RHEA:60952,encoded_general_reaction,valid,cached,False,
8739,RHEA:60956,encoded_general_reaction,valid,cached,False,
8740,RHEA:60960,encoded_general_reaction,valid,cached,False,
8741,RHEA:60964,encoded_general_reaction,valid,cached,False,
8742,RHEA:60972,encoded_general_reaction,valid,cached,False,
8743,RHEA:60976,encoded_general_reaction,valid,cached,False,
8744,RHEA:60980,encoded_general_reaction,valid,cached,False,
8745,RHEA:60984,encoded_general_reaction,valid,cached,False,
8746,RHEA:60988,encoded_general_reaction,valid,cached,False,
8747,RHEA:60996,encoded_general_reaction,valid,cached,False,
8748,RHEA:61020,encoded_general_reaction,valid,cached,False,
8749,RHEA:61032,encoded_general_reaction,valid,cached,False,
8750,RHEA:61040,encoded_general_reaction,valid,cached,False,
8751,RHEA:61044,encoded_general_reaction,valid,cached,False,
8752,RHEA:61048,encoded_general_reaction,valid,cached,False,
8753,RHEA:61052,encoded_general_reaction,valid,cached,False,
8754,RHEA:61056,encoded_general_reaction,valid,cached,False,
8755,RHEA:61068,encoded_general_reaction,valid,cached,False,
8756,RHEA:61072,encoded_general_reaction,valid,cached,False,
8757,RHEA:61076,encoded_general_reaction,valid,cached,False,
8758,RHEA:61080,encoded_general_reaction,valid,cached,False,
8759,RHEA:61084,encoded_general_reaction,valid,cached,False,
8760,RHEA:61088,encoded_general_reaction,valid,cached,False,
8761,RHEA:61092,encoded_general_reaction,valid,cached,False,
8762,RHEA:61096,copied_reference_feature,precomputed,precomputed,False,
8763,RHEA:61104,encoded_general_reaction,valid,cached,False,
8764,RHEA:61108,encoded_general_reaction,valid,cached,False,
8765,RHEA:61112,copied_reference_feature,precomputed,precomputed,False,
8766,RHEA:61120,encoded_general_reaction,valid,cached,False,
8767,RHEA:61124,copied_reference_feature,precomputed,precomputed,False,
8768,RHEA:61132,encoded_general_reaction,valid,cached,False,
8769,RHEA:61136,encoded_general_reaction,valid,cached,False,
8770,RHEA:61140,encoded_general_reaction,valid,cached,False,
8771,RHEA:61144,encoded_general_reaction,valid,cached,False,
8772,RHEA:61148,encoded_general_reaction,valid,cached,False,
8773,RHEA:61152,encoded_general_reaction,valid,cached,False,
8774,RHEA:61156,encoded_general_reaction,valid,cached,False,
8775,RHEA:61160,encoded_general_reaction,valid,cached,False,
8776,RHEA:61164,encoded_general_reaction,valid,cached,False,
8777,RHEA:61180,encoded_general_reaction,valid,cached,False,
8778,RHEA:61184,encoded_general_reaction,valid,cached,False,
8779,RHEA:61188,encoded_general_reaction,valid,cached,False,
8780,RHEA:61216,encoded_general_reaction,valid,cached,False,
8781,RHEA:61220,encoded_general_reaction,valid,cached,False,
8782,RHEA:61224,encoded_general_reaction,valid,cached,False,
8783,RHEA:61228,encoded_general_reaction,valid,cached,False,
8784,RHEA:61232,encoded_general_reaction,valid,cached,False,
8785,RHEA:61236,encoded_general_reaction,valid,cached,False,
8786,RHEA:61240,encoded_general_reaction,valid,cached,False,
8787,RHEA:61244,encoded_general_reaction,valid,cached,False,
8788,RHEA:61248,encoded_general_reaction,valid,cached,False,
8789,RHEA:61252,encoded_general_reaction,valid,cached,False,
8790,RHEA:61256,encoded_general_reaction,valid,cached,False,
8791,RHEA:61260,encoded_general_reaction,valid,cached,False,
8792,RHEA:61264,encoded_general_reaction,valid,cached,False,
8793,RHEA:61268,encoded_general_reaction,valid,cached,False,
8794,RHEA:61272,encoded_general_reaction,valid,cached,False,
8795,RHEA:61284,encoded_general_reaction,valid,cached,False,
8796,RHEA:61288,encoded_general_reaction,valid,cached,False,
8797,RHEA:61292,encoded_general_reaction,valid,cached,False,
8798,RHEA:61296,encoded_general_reaction,valid,cached,False,
8799,RHEA:61300,encoded_general_reaction,valid,cached,False,
8800,RHEA:61304,encoded_general_reaction,valid,cached,False,
8801,RHEA:61320,encoded_general_reaction,valid,cached,False,
8802,RHEA:61324,encoded_general_reaction,valid,cached,False,
8803,RHEA:61328,encoded_general_reaction,valid,cached,False,
8804,RHEA:61332,encoded_general_reaction,valid,cached,False,
8805,RHEA:61336,encoded_general_reaction,valid,cached,False,
8806,RHEA:61340,encoded_general_reaction,valid,cached,False,
8807,RHEA:61344,encoded_general_reaction,valid,cached,False,
8808,RHEA:61348,encoded_general_reaction,valid,cached,False,
8809,RHEA:61352,encoded_general_reaction,valid,cached,False,
8810,RHEA:61356,encoded_general_reaction,valid,cached,False,
8811,RHEA:61360,encoded_general_reaction,valid,cached,False,
8812,RHEA:61364,encoded_general_reaction,valid,cached,False,
8813,RHEA:61368,encoded_general_reaction,valid,cached,False,
8814,RHEA:61372,encoded_general_reaction,valid,cached,False,
8815,RHEA:61376,encoded_general_reaction,valid,cached,False,
8816,RHEA:61380,encoded_general_reaction,valid,cached,False,
8817,RHEA:61384,encoded_general_reaction,valid,cached,False,
8818,RHEA:61392,encoded_general_reaction,valid,cached,False,
8819,RHEA:61396,encoded_general_reaction,valid,cached,False,
8820,RHEA:61400,encoded_general_reaction,valid,cached,False,
8821,RHEA:61404,encoded_general_reaction,valid,cached,False,
8822,RHEA:61408,encoded_general_reaction,valid,cached,False,
8823,RHEA:61412,encoded_general_reaction,valid,cached,False,
8824,RHEA:61416,encoded_general_reaction,valid,cached,False,
8825,RHEA:61420,encoded_general_reaction,valid,cached,False,
8826,RHEA:61424,encoded_general_reaction,valid,cached,False,
8827,RHEA:61428,encoded_general_reaction,valid,cached,False,
8828,RHEA:61432,encoded_general_reaction,valid,cached,False,
8829,RHEA:61436,encoded_general_reaction,valid,cached,False,
8830,RHEA:61440,encoded_general_reaction,valid,cached,False,
8831,RHEA:61444,encoded_general_reaction,valid,cached,False,
8832,RHEA:61448,encoded_general_reaction,valid,cached,False,
8833,RHEA:61452,encoded_general_reaction,valid,cached,False,
8834,RHEA:61456,encoded_general_reaction,valid,cached,False,
8835,RHEA:61464,encoded_general_reaction,valid,cached,False,
8836,RHEA:61468,encoded_general_reaction,valid,cached,False,
8837,RHEA:61472,encoded_general_reaction,valid,cached,False,
8838,RHEA:61476,encoded_general_reaction,valid,cached,False,
8839,RHEA:61480,encoded_general_reaction,valid,cached,False,
8840,RHEA:61484,encoded_general_reaction,valid,cached,False,
8841,RHEA:61488,encoded_general_reaction,valid,cached,False,
8842,RHEA:61492,encoded_general_reaction,valid,cached,False,
8843,RHEA:61500,encoded_general_reaction,valid,cached,False,
8844,RHEA:61504,encoded_general_reaction,valid,cached,False,
8845,RHEA:61508,encoded_general_reaction,valid,cached,False,
8846,RHEA:61512,encoded_general_reaction,valid,cached,False,
8847,RHEA:61520,encoded_general_reaction,valid,cached,False,
8848,RHEA:61524,encoded_general_reaction,valid,cached,False,
8849,RHEA:61528,encoded_general_reaction,valid,cached,False,
8850,RHEA:61564,encoded_general_reaction,valid,cached,False,
8851,RHEA:61568,encoded_general_reaction,valid,cached,False,
8852,RHEA:61572,encoded_general_reaction,valid,cached,False,
8853,RHEA:61576,encoded_general_reaction,valid,cached,False,
8854,RHEA:61580,encoded_general_reaction,valid,cached,False,
8855,RHEA:61584,encoded_general_reaction,valid,cached,False,
8856,RHEA:61588,encoded_general_reaction,valid,cached,False,
8857,RHEA:61592,encoded_general_reaction,valid,cached,False,
8858,RHEA:61624,encoded_general_reaction,valid,cached,False,
8859,RHEA:61632,encoded_general_reaction,valid,cached,False,
8860,RHEA:61644,encoded_general_reaction,valid,cached,False,
8861,RHEA:61648,encoded_general_reaction,valid,cached,False,
8862,RHEA:61652,encoded_general_reaction,valid,cached,False,
8863,RHEA:61656,encoded_general_reaction,valid,cached,False,
8864,RHEA:61660,encoded_general_reaction,valid,cached,False,
8865,RHEA:61664,encoded_general_reaction,valid,cached,False,
8866,RHEA:61668,encoded_general_reaction,valid,cached,False,
8867,RHEA:61680,encoded_general_reaction,valid,cached,False,
8868,RHEA:61684,encoded_general_reaction,valid,cached,False,
8869,RHEA:61688,encoded_general_reaction,valid,cached,False,
8870,RHEA:61696,encoded_general_reaction,valid,cached,False,
8871,RHEA:61704,encoded_general_reaction,valid,cached,False,
8872,RHEA:61716,encoded_general_reaction,valid,cached,False,
8873,RHEA:61720,encoded_general_reaction,valid,cached,False,
8874,RHEA:61724,encoded_general_reaction,valid,cached,False,
8875,RHEA:61728,encoded_general_reaction,valid,cached,False,
8876,RHEA:61732,encoded_general_reaction,valid,cached,False,
8877,RHEA:61736,encoded_general_reaction,valid,cached,False,
8878,RHEA:61740,encoded_general_reaction,valid,cached,False,
8879,RHEA:61744,encoded_general_reaction,valid,cached,False,
8880,RHEA:61748,encoded_general_reaction,valid,cached,False,
8881,RHEA:61752,encoded_general_reaction,valid,cached,False,
8882,RHEA:61756,encoded_general_reaction,valid,cached,False,
8883,RHEA:61760,encoded_general_reaction,valid,cached,False,
8884,RHEA:61764,encoded_general_reaction,valid,cached,False,
8885,RHEA:61768,encoded_general_reaction,valid,cached,False,
8886,RHEA:61772,encoded_general_reaction,valid,cached,False,
8887,RHEA:61776,encoded_general_reaction,valid,cached,False,
8888,RHEA:61780,encoded_general_reaction,valid,cached,False,
8889,RHEA:61784,encoded_general_reaction,valid,cached,False,
8890,RHEA:61800,encoded_general_reaction,valid,cached,False,
8891,RHEA:61836,encoded_general_reaction,valid,cached,False,
8892,RHEA:61844,encoded_general_reaction,valid,cached,False,
8893,RHEA:61856,encoded_general_reaction,valid,cached,False,
8894,RHEA:61860,encoded_general_reaction,valid,cached,False,
8895,RHEA:61864,encoded_general_reaction,valid,cached,False,
8896,RHEA:61868,encoded_general_reaction,valid,cached,False,
8897,RHEA:61872,encoded_general_reaction,valid,cached,False,
8898,RHEA:61876,encoded_general_reaction,valid,cached,False,
8899,RHEA:61880,encoded_general_reaction,valid,cached,False,
8900,RHEA:61884,encoded_general_reaction,valid,cached,False,
8901,RHEA:61888,encoded_general_reaction,valid,cached,False,
8902,RHEA:61892,encoded_general_reaction,valid,cached,False,
8903,RHEA:61896,encoded_general_reaction,valid,cached,False,
8904,RHEA:61900,encoded_general_reaction,valid,cached,False,
8905,RHEA:61904,encoded_general_reaction,valid,cached,False,
8906,RHEA:61908,encoded_general_reaction,valid,cached,False,
8907,RHEA:61960,encoded_general_reaction,valid,cached,False,
8908,RHEA:61964,encoded_general_reaction,valid,cached,False,
8909,RHEA:61968,encoded_general_reaction,valid,cached,False,
8910,RHEA:61972,encoded_general_reaction,valid,cached,False,
8911,RHEA:61976,encoded_general_reaction,valid,cached,False,
8912,RHEA:61984,encoded_general_reaction,valid,cached,False,
8913,RHEA:61988,encoded_general_reaction,valid,cached,False,
8914,RHEA:61992,encoded_general_reaction,valid,cached,False,
8915,RHEA:61996,encoded_general_reaction,valid,cached,False,
8916,RHEA:62000,encoded_general_reaction,valid,cached,False,
8917,RHEA:62004,encoded_general_reaction,valid,cached,False,
8918,RHEA:62008,encoded_general_reaction,valid,cached,False,
8919,RHEA:62012,encoded_general_reaction,valid,cached,False,
8920,RHEA:62016,encoded_general_reaction,valid,cached,False,
8921,RHEA:62032,encoded_general_reaction,valid,cached,False,
8922,RHEA:62036,encoded_general_reaction,valid,cached,False,
8923,RHEA:62040,encoded_general_reaction,valid,cached,False,
8924,RHEA:62044,encoded_general_reaction,valid,cached,False,
8925,RHEA:62048,encoded_general_reaction,valid,cached,False,
8926,RHEA:62052,encoded_general_reaction,valid,cached,False,
8927,RHEA:62056,encoded_general_reaction,valid,cached,False,
8928,RHEA:62060,encoded_general_reaction,valid,cached,False,
8929,RHEA:62064,encoded_general_reaction,valid,cached,False,
8930,RHEA:62068,encoded_general_reaction,valid,cached,False,
8931,RHEA:62072,encoded_general_reaction,valid,cached,False,
8932,RHEA:62076,encoded_general_reaction,valid,cached,False,
8933,RHEA:62080,encoded_general_reaction,valid,cached,False,
8934,RHEA:62084,encoded_general_reaction,valid,cached,False,
8935,RHEA:62088,encoded_general_reaction,valid,cached,False,
8936,RHEA:62100,encoded_general_reaction,valid,cached,False,
8937,RHEA:62104,encoded_general_reaction,valid,cached,False,
8938,RHEA:62108,encoded_general_reaction,valid,cached,False,
8939,RHEA:62112,encoded_general_reaction,valid,cached,False,
8940,RHEA:62160,encoded_general_reaction,valid,cached,False,
8941,RHEA:62164,encoded_general_reaction,valid,cached,False,
8942,RHEA:62168,encoded_general_reaction,valid,cached,False,
8943,RHEA:62176,encoded_general_reaction,valid,cached,False,
8944,RHEA:62180,copied_reference_feature,precomputed,precomputed,False,
8945,RHEA:62184,copied_reference_feature,precomputed,precomputed,False,
8946,RHEA:62188,copied_reference_feature,precomputed,precomputed,False,
8947,RHEA:62192,encoded_general_reaction,valid,cached,False,
8948,RHEA:62196,encoded_general_reaction,valid,cached,False,
8949,RHEA:62200,encoded_general_reaction,valid,cached,False,
8950,RHEA:62204,encoded_general_reaction,valid,cached,False,
8951,RHEA:62208,encoded_general_reaction,valid,cached,False,
8952,RHEA:62212,encoded_general_reaction,valid,cached,False,
8953,RHEA:62216,encoded_general_reaction,valid,cached,False,
8954,RHEA:62220,encoded_general_reaction,valid,cached,False,
8955,RHEA:62224,encoded_general_reaction,valid,cached,False,
8956,RHEA:62228,encoded_general_reaction,valid,cached,False,
8957,RHEA:62248,encoded_general_reaction,valid,cached,False,
8958,RHEA:62268,encoded_general_reaction,valid,cached,False,
8959,RHEA:62272,encoded_general_reaction,valid,cached,False,
8960,RHEA:62276,encoded_general_reaction,valid,cached,False,
8961,RHEA:62284,encoded_general_reaction,valid,cached,False,
8962,RHEA:62288,encoded_general_reaction,valid,cached,False,
8963,RHEA:62296,encoded_general_reaction,valid,cached,False,
8964,RHEA:62300,encoded_general_reaction,valid,cached,False,
8965,RHEA:62304,encoded_general_reaction,valid,cached,False,
8966,RHEA:62308,encoded_general_reaction,valid,cached,False,
8967,RHEA:62320,encoded_general_reaction,valid,cached,False,
8968,RHEA:62324,encoded_general_reaction,valid,cached,False,
8969,RHEA:62328,encoded_general_reaction,valid,cached,False,
8970,RHEA:62340,encoded_general_reaction,valid,cached,False,
8971,RHEA:62344,encoded_general_reaction,valid,cached,False,
8972,RHEA:62348,encoded_general_reaction,valid,cached,False,
8973,RHEA:62352,encoded_general_reaction,valid,cached,False,
8974,RHEA:62356,encoded_general_reaction,valid,cached,False,
8975,RHEA:62372,encoded_general_reaction,valid,cached,False,
8976,RHEA:62392,encoded_general_reaction,valid,cached,False,
8977,RHEA:62404,encoded_general_reaction,valid,cached,False,
8978,RHEA:62408,encoded_general_reaction,valid,cached,False,
8979,RHEA:62412,encoded_general_reaction,valid,cached,False,
8980,RHEA:62416,encoded_general_reaction,valid,cached,False,
8981,RHEA:62424,encoded_general_reaction,valid,cached,False,
8982,RHEA:62428,encoded_general_reaction,valid,cached,False,
8983,RHEA:62432,encoded_general_reaction,valid,cached,False,
8984,RHEA:62444,encoded_general_reaction,valid,cached,False,
8985,RHEA:62452,encoded_general_reaction,valid,cached,False,
8986,RHEA:62460,encoded_general_reaction,valid,cached,False,
8987,RHEA:62464,encoded_general_reaction,valid,cached,False,
8988,RHEA:62468,encoded_general_reaction,valid,cached,False,
8989,RHEA:62472,encoded_general_reaction,valid,cached,False,
8990,RHEA:62476,encoded_general_reaction,valid,cached,False,
8991,RHEA:62480,encoded_general_reaction,valid,cached,False,
8992,RHEA:62484,encoded_general_reaction,valid,cached,False,
8993,RHEA:62488,encoded_general_reaction,valid,cached,False,
8994,RHEA:62492,encoded_general_reaction,valid,cached,False,
8995,RHEA:62512,encoded_general_reaction,valid,cached,False,
8996,RHEA:62516,encoded_general_reaction,valid,cached,False,
8997,RHEA:62524,encoded_general_reaction,valid,cached,False,
8998,RHEA:62528,encoded_general_reaction,valid,cached,False,
8999,RHEA:62532,encoded_general_reaction,valid,cached,False,
9000,RHEA:62536,encoded_general_reaction,valid,cached,False,
9001,RHEA:62540,encoded_general_reaction,valid,cached,False,
9002,RHEA:62544,encoded_general_reaction,valid,cached,False,
9003,RHEA:62548,encoded_general_reaction,valid,cached,False,
9004,RHEA:62552,encoded_general_reaction,valid,cached,False,
9005,RHEA:62556,encoded_general_reaction,valid,cached,False,
9006,RHEA:62568,encoded_general_reaction,valid,cached,False,
9007,RHEA:62572,encoded_general_reaction,valid,cached,False,
9008,RHEA:62576,encoded_general_reaction,valid,cached,False,
9009,RHEA:62580,encoded_general_reaction,valid,cached,False,
9010,RHEA:62584,encoded_general_reaction,valid,cached,False,
9011,RHEA:62588,encoded_general_reaction,valid,cached,False,
9012,RHEA:62592,copied_reference_feature,precomputed,precomputed,False,
9013,RHEA:62596,copied_reference_feature,precomputed,precomputed,False,
9014,RHEA:62600,encoded_general_reaction,valid,cached,False,
9015,RHEA:62608,encoded_general_reaction,valid,cached,False,
9016,RHEA:62612,encoded_general_reaction,valid,cached,False,
9017,RHEA:62616,encoded_general_reaction,valid,cached,False,
9018,RHEA:62620,encoded_general_reaction,valid,cached,False,
9019,RHEA:62624,encoded_general_reaction,valid,cached,False,
9020,RHEA:62628,encoded_general_reaction,valid,cached,False,
9021,RHEA:62632,encoded_general_reaction,valid,cached,False,
9022,RHEA:62636,encoded_general_reaction,valid,cached,False,
9023,RHEA:62640,encoded_general_reaction,valid,cached,False,
9024,RHEA:62644,encoded_general_reaction,valid,cached,False,
9025,RHEA:62648,encoded_general_reaction,valid,cached,False,
9026,RHEA:62652,encoded_general_reaction,valid,cached,False,
9027,RHEA:62656,encoded_general_reaction,valid,cached,False,
9028,RHEA:62660,encoded_general_reaction,valid,cached,False,
9029,RHEA:62664,encoded_general_reaction,valid,cached,False,
9030,RHEA:62668,encoded_general_reaction,valid,cached,False,
9031,RHEA:62672,encoded_general_reaction,valid,cached,False,
9032,RHEA:62676,encoded_general_reaction,valid,cached,False,
9033,RHEA:62680,encoded_general_reaction,valid,cached,False,
9034,RHEA:62684,encoded_general_reaction,valid,cached,False,
9035,RHEA:62688,encoded_general_reaction,valid,cached,False,
9036,RHEA:62704,encoded_general_reaction,valid,cached,False,
9037,RHEA:62708,encoded_general_reaction,valid,cached,False,
9038,RHEA:62712,encoded_general_reaction,valid,cached,False,
9039,RHEA:62716,encoded_general_reaction,valid,cached,False,
9040,RHEA:62720,encoded_general_reaction,valid,cached,False,
9041,RHEA:62724,encoded_general_reaction,valid,cached,False,
9042,RHEA:62728,encoded_general_reaction,valid,cached,False,
9043,RHEA:62732,encoded_general_reaction,valid,cached,False,
9044,RHEA:62736,encoded_general_reaction,valid,cached,False,
9045,RHEA:62744,encoded_general_reaction,valid,cached,False,
9046,RHEA:62748,encoded_general_reaction,valid,cached,False,
9047,RHEA:62752,encoded_general_reaction,valid,cached,False,
9048,RHEA:62768,encoded_general_reaction,valid,cached,False,
9049,RHEA:62772,encoded_general_reaction,valid,cached,False,
9050,RHEA:62776,encoded_general_reaction,valid,cached,False,
9051,RHEA:62780,encoded_general_reaction,valid,cached,False,
9052,RHEA:62784,encoded_general_reaction,valid,cached,False,
9053,RHEA:62788,encoded_general_reaction,valid,cached,False,
9054,RHEA:62792,encoded_general_reaction,valid,cached,False,
9055,RHEA:62796,encoded_general_reaction,valid,cached,False,
9056,RHEA:62800,encoded_general_reaction,valid,cached,False,
9057,RHEA:62804,encoded_general_reaction,valid,cached,False,
9058,RHEA:62812,encoded_general_reaction,valid,cached,False,
9059,RHEA:62816,encoded_general_reaction,valid,cached,False,
9060,RHEA:62820,encoded_general_reaction,valid,cached,False,
9061,RHEA:62824,encoded_general_reaction,valid,cached,False,
9062,RHEA:62836,encoded_general_reaction,valid,cached,False,
9063,RHEA:62844,encoded_general_reaction,valid,cached,False,
9064,RHEA:62860,encoded_general_reaction,valid,cached,False,
9065,RHEA:62864,encoded_general_reaction,valid,cached,False,
9066,RHEA:62868,encoded_general_reaction,valid,cached,False,
9067,RHEA:62872,encoded_general_reaction,valid,cached,False,
9068,RHEA:62876,encoded_general_reaction,valid,cached,False,
9069,RHEA:62880,encoded_general_reaction,valid,cached,False,
9070,RHEA:62884,encoded_general_reaction,valid,cached,False,
9071,RHEA:62888,encoded_general_reaction,valid,cached,False,
9072,RHEA:62892,encoded_general_reaction,valid,cached,False,
9073,RHEA:62896,encoded_general_reaction,valid,cached,False,
9074,RHEA:62900,encoded_general_reaction,valid,cached,False,
9075,RHEA:62904,encoded_general_reaction,valid,cached,False,
9076,RHEA:62908,encoded_general_reaction,valid,cached,False,
9077,RHEA:62912,encoded_general_reaction,valid,cached,False,
9078,RHEA:62916,encoded_general_reaction,valid,cached,False,
9079,RHEA:62932,encoded_general_reaction,valid,cached,False,
9080,RHEA:62936,encoded_general_reaction,valid,cached,False,
9081,RHEA:62940,encoded_general_reaction,valid,cached,False,
9082,RHEA:62960,encoded_general_reaction,valid,cached,False,
9083,RHEA:62964,encoded_general_reaction,valid,cached,False,
9084,RHEA:62968,encoded_general_reaction,valid,cached,False,
9085,RHEA:62972,copied_reference_feature,precomputed,precomputed,False,
9086,RHEA:62976,encoded_general_reaction,valid,cached,False,
9087,RHEA:62984,encoded_general_reaction,valid,cached,False,
9088,RHEA:62992,encoded_general_reaction,valid,cached,False,
9089,RHEA:62996,encoded_general_reaction,valid,cached,False,
9090,RHEA:63000,encoded_general_reaction,valid,cached,False,
9091,RHEA:63004,encoded_general_reaction,valid,cached,False,
9092,RHEA:63008,encoded_general_reaction,valid,cached,False,
9093,RHEA:63012,copied_reference_feature,precomputed,precomputed,False,
9094,RHEA:63016,encoded_general_reaction,valid,cached,False,
9095,RHEA:63020,encoded_general_reaction,valid,cached,False,
9096,RHEA:63028,encoded_general_reaction,valid,cached,False,
9097,RHEA:63052,encoded_general_reaction,valid,cached,False,
9098,RHEA:63056,encoded_general_reaction,valid,cached,False,
9099,RHEA:63060,encoded_general_reaction,valid,cached,False,
9100,RHEA:63064,encoded_general_reaction,valid,cached,False,
9101,RHEA:63068,copied_reference_feature,precomputed,precomputed,False,
9102,RHEA:63072,encoded_general_reaction,valid,cached,False,
9103,RHEA:63076,encoded_general_reaction,valid,cached,False,
9104,RHEA:63080,copied_reference_feature,precomputed,precomputed,False,
9105,RHEA:63084,copied_reference_feature,precomputed,precomputed,False,
9106,RHEA:63088,encoded_general_reaction,valid,cached,False,
9107,RHEA:63092,copied_reference_feature,precomputed,precomputed,False,
9108,RHEA:63096,copied_reference_feature,precomputed,precomputed,False,
9109,RHEA:63100,copied_reference_feature,precomputed,precomputed,False,
9110,RHEA:63104,copied_reference_feature,precomputed,precomputed,False,
9111,RHEA:63108,copied_reference_feature,precomputed,precomputed,False,
9112,RHEA:63112,copied_reference_feature,precomputed,precomputed,False,
9113,RHEA:63116,encoded_general_reaction,valid,cached,False,
9114,RHEA:63120,encoded_general_reaction,valid,cached,False,
9115,RHEA:63124,encoded_general_reaction,valid,cached,False,
9116,RHEA:63128,encoded_general_reaction,valid,cached,False,
9117,RHEA:63132,encoded_general_reaction,valid,cached,False,
9118,RHEA:63136,encoded_general_reaction,valid,cached,False,
9119,RHEA:63140,encoded_general_reaction,valid,cached,False,
9120,RHEA:63144,encoded_general_reaction,valid,cached,False,
9121,RHEA:63148,encoded_general_reaction,valid,cached,False,
9122,RHEA:63156,encoded_general_reaction,valid,cached,False,
9123,RHEA:63160,encoded_general_reaction,valid,cached,False,
9124,RHEA:63164,encoded_general_reaction,valid,cached,False,
9125,RHEA:63172,encoded_general_reaction,valid,cached,False,
9126,RHEA:63176,encoded_general_reaction,valid,cached,False,
9127,RHEA:63180,encoded_general_reaction,valid,cached,False,
9128,RHEA:63188,encoded_general_reaction,valid,cached,False,
9129,RHEA:63192,encoded_general_reaction,valid,cached,False,
9130,RHEA:63196,encoded_general_reaction,valid,cached,False,
9131,RHEA:63200,encoded_general_reaction,valid,cached,False,
9132,RHEA:63204,encoded_general_reaction,valid,cached,False,
9133,RHEA:63216,encoded_general_reaction,valid,cached,False,
9134,RHEA:63220,encoded_general_reaction,valid,cached,False,
9135,RHEA:63224,encoded_general_reaction,valid,cached,False,
9136,RHEA:63228,encoded_general_reaction,valid,cached,False,
9137,RHEA:63232,encoded_general_reaction,valid,cached,False,
9138,RHEA:63236,encoded_general_reaction,valid,cached,False,
9139,RHEA:63256,encoded_general_reaction,valid,cached,False,
9140,RHEA:63260,encoded_general_reaction,valid,cached,False,
9141,RHEA:63264,encoded_general_reaction,valid,cached,False,
9142,RHEA:63268,encoded_general_reaction,valid,cached,False,
9143,RHEA:63272,encoded_general_reaction,valid,cached,False,
9144,RHEA:63276,encoded_general_reaction,valid,cached,False,
9145,RHEA:63280,encoded_general_reaction,valid,cached,False,
9146,RHEA:63288,encoded_general_reaction,valid,cached,False,
9147,RHEA:63292,encoded_general_reaction,valid,cached,False,
9148,RHEA:63296,encoded_general_reaction,valid,cached,False,
9149,RHEA:63300,encoded_general_reaction,valid,cached,False,
9150,RHEA:63304,encoded_general_reaction,valid,cached,False,
9151,RHEA:63308,encoded_general_reaction,valid,cached,False,
9152,RHEA:63312,encoded_general_reaction,valid,cached,False,
9153,RHEA:63324,encoded_general_reaction,valid,cached,False,
9154,RHEA:63328,encoded_general_reaction,valid,cached,False,
9155,RHEA:63368,encoded_general_reaction,valid,cached,False,
9156,RHEA:63376,encoded_general_reaction,valid,cached,False,
9157,RHEA:63380,encoded_general_reaction,valid,cached,False,
9158,RHEA:63384,encoded_general_reaction,valid,cached,False,
9159,RHEA:63388,encoded_general_reaction,valid,cached,False,
9160,RHEA:63412,encoded_general_reaction,valid,cached,False,
9161,RHEA:63420,encoded_general_reaction,valid,cached,False,
9162,RHEA:63424,encoded_general_reaction,valid,cached,False,
9163,RHEA:63428,encoded_general_reaction,valid,cached,False,
9164,RHEA:63432,encoded_general_reaction,valid,cached,False,
9165,RHEA:63436,encoded_general_reaction,valid,cached,False,
9166,RHEA:63440,encoded_general_reaction,valid,cached,False,
9167,RHEA:63444,encoded_general_reaction,valid,cached,False,
9168,RHEA:63476,encoded_general_reaction,valid,cached,False,
9169,RHEA:63480,encoded_general_reaction,valid,cached,False,
9170,RHEA:63484,encoded_general_reaction,valid,cached,False,
9171,RHEA:63492,encoded_general_reaction,valid,cached,False,
9172,RHEA:63500,encoded_general_reaction,valid,cached,False,
9173,RHEA:63504,encoded_general_reaction,valid,cached,False,
9174,RHEA:63508,encoded_general_reaction,valid,cached,False,
9175,RHEA:63532,encoded_general_reaction,valid,cached,False,
9176,RHEA:63536,encoded_general_reaction,valid,cached,False,
9177,RHEA:63540,encoded_general_reaction,valid,cached,False,
9178,RHEA:63544,encoded_general_reaction,valid,cached,False,
9179,RHEA:63556,encoded_general_reaction,valid,cached,False,
9180,RHEA:63560,encoded_general_reaction,valid,cached,False,
9181,RHEA:63564,encoded_general_reaction,valid,cached,False,
9182,RHEA:63568,encoded_general_reaction,valid,cached,False,
9183,RHEA:63572,encoded_general_reaction,valid,cached,False,
9184,RHEA:63576,encoded_general_reaction,valid,cached,False,
9185,RHEA:63580,encoded_general_reaction,valid,cached,False,
9186,RHEA:63584,encoded_general_reaction,valid,cached,False,
9187,RHEA:63588,encoded_general_reaction,valid,cached,False,
9188,RHEA:63592,encoded_general_reaction,valid,cached,False,
9189,RHEA:63600,encoded_general_reaction,valid,cached,False,
9190,RHEA:63604,encoded_general_reaction,valid,cached,False,
9191,RHEA:63608,encoded_general_reaction,valid,cached,False,
9192,RHEA:63612,encoded_general_reaction,valid,cached,False,
9193,RHEA:63620,encoded_general_reaction,valid,cached,False,
9194,RHEA:63624,encoded_general_reaction,valid,cached,False,
9195,RHEA:63628,encoded_general_reaction,valid,cached,False,
9196,RHEA:63632,encoded_general_reaction,valid,cached,False,
9197,RHEA:63636,encoded_general_reaction,valid,cached,False,
9198,RHEA:63640,encoded_general_reaction,valid,cached,False,
9199,RHEA:63644,encoded_general_reaction,valid,cached,False,
9200,RHEA:63648,encoded_general_reaction,valid,cached,False,
9201,RHEA:63652,encoded_general_reaction,valid,cached,False,
9202,RHEA:63656,encoded_general_reaction,valid,cached,False,
9203,RHEA:63660,encoded_general_reaction,valid,cached,False,
9204,RHEA:63664,encoded_general_reaction,valid,cached,False,
9205,RHEA:63668,encoded_general_reaction,valid,cached,False,
9206,RHEA:63672,encoded_general_reaction,valid,cached,False,
9207,RHEA:63676,encoded_general_reaction,valid,cached,False,
9208,RHEA:63684,encoded_general_reaction,valid,cached,False,
9209,RHEA:63696,encoded_general_reaction,valid,cached,False,
9210,RHEA:63700,encoded_general_reaction,valid,cached,False,
9211,RHEA:63704,encoded_general_reaction,valid,cached,False,
9212,RHEA:63720,encoded_general_reaction,valid,cached,False,
9213,RHEA:63724,encoded_general_reaction,valid,cached,False,
9214,RHEA:63728,encoded_general_reaction,valid,cached,False,
9215,RHEA:63732,encoded_general_reaction,valid,cached,False,
9216,RHEA:63736,encoded_general_reaction,valid,cached,False,
9217,RHEA:63740,encoded_general_reaction,valid,cached,False,
9218,RHEA:63744,encoded_general_reaction,valid,cached,False,
9219,RHEA:63748,encoded_general_reaction,valid,cached,False,
9220,RHEA:63752,encoded_general_reaction,valid,cached,False,
9221,RHEA:63756,encoded_general_reaction,valid,cached,False,
9222,RHEA:63760,encoded_general_reaction,valid,cached,False,
9223,RHEA:63764,encoded_general_reaction,valid,cached,False,
9224,RHEA:63768,encoded_general_reaction,valid,cached,False,
9225,RHEA:63772,encoded_general_reaction,valid,cached,False,
9226,RHEA:63776,encoded_general_reaction,valid,cached,False,
9227,RHEA:63780,encoded_general_reaction,valid,cached,False,
9228,RHEA:63784,encoded_general_reaction,valid,cached,False,
9229,RHEA:63788,encoded_general_reaction,valid,cached,False,
9230,RHEA:63792,encoded_general_reaction,valid,cached,False,
9231,RHEA:63796,encoded_general_reaction,valid,cached,False,
9232,RHEA:63800,encoded_general_reaction,valid,cached,False,
9233,RHEA:63804,encoded_general_reaction,valid,cached,False,
9234,RHEA:63808,encoded_general_reaction,valid,cached,False,
9235,RHEA:63812,encoded_general_reaction,valid,cached,False,
9236,RHEA:63816,encoded_general_reaction,valid,cached,False,
9237,RHEA:63820,encoded_general_reaction,valid,cached,False,
9238,RHEA:63824,encoded_general_reaction,valid,cached,False,
9239,RHEA:63828,encoded_general_reaction,valid,cached,False,
9240,RHEA:63832,encoded_general_reaction,valid,cached,False,
9241,RHEA:63836,encoded_general_reaction,valid,cached,False,
9242,RHEA:63848,encoded_general_reaction,valid,cached,False,
9243,RHEA:63852,encoded_general_reaction,valid,cached,False,
9244,RHEA:63856,encoded_general_reaction,valid,cached,False,
9245,RHEA:63860,encoded_general_reaction,valid,cached,False,
9246,RHEA:63864,encoded_general_reaction,valid,cached,False,
9247,RHEA:63868,encoded_general_reaction,valid,cached,False,
9248,RHEA:63872,encoded_general_reaction,valid,cached,False,
9249,RHEA:63876,encoded_general_reaction,valid,cached,False,
9250,RHEA:63892,encoded_general_reaction,valid,cached,False,
9251,RHEA:63900,encoded_general_reaction,valid,cached,False,
9252,RHEA:63904,encoded_general_reaction,valid,cached,False,
9253,RHEA:63908,encoded_general_reaction,valid,cached,False,
9254,RHEA:63928,encoded_general_reaction,valid,cached,False,
9255,RHEA:63940,encoded_general_reaction,valid,cached,False,
9256,RHEA:63968,encoded_general_reaction,valid,cached,False,
9257,RHEA:63972,encoded_general_reaction,valid,cached,False,
9258,RHEA:63976,encoded_general_reaction,valid,cached,False,
9259,RHEA:63996,encoded_general_reaction,valid,cached,False,
9260,RHEA:64000,encoded_general_reaction,valid,cached,False,
9261,RHEA:64008,encoded_general_reaction,valid,cached,False,
9262,RHEA:64012,encoded_general_reaction,valid,cached,False,
9263,RHEA:64016,encoded_general_reaction,valid,cached,False,
9264,RHEA:64020,encoded_general_reaction,valid,cached,False,
9265,RHEA:64024,encoded_general_reaction,valid,cached,False,
9266,RHEA:64028,encoded_general_reaction,valid,cached,False,
9267,RHEA:64032,encoded_general_reaction,valid,cached,False,
9268,RHEA:64072,encoded_general_reaction,valid,cached,False,
9269,RHEA:64076,encoded_general_reaction,valid,cached,False,
9270,RHEA:64080,encoded_general_reaction,valid,cached,False,
9271,RHEA:64088,encoded_general_reaction,valid,cached,False,
9272,RHEA:64092,encoded_general_reaction,valid,cached,False,
9273,RHEA:64096,encoded_general_reaction,valid,cached,False,
9274,RHEA:64100,encoded_general_reaction,valid,cached,False,
9275,RHEA:64108,encoded_general_reaction,valid,cached,False,
9276,RHEA:64116,encoded_general_reaction,valid,cached,False,
9277,RHEA:64124,encoded_general_reaction,valid,cached,False,
9278,RHEA:64128,encoded_general_reaction,valid,cached,False,
9279,RHEA:64132,encoded_general_reaction,valid,cached,False,
9280,RHEA:64136,encoded_general_reaction,valid,cached,False,
9281,RHEA:64144,encoded_general_reaction,valid,cached,False,
9282,RHEA:64172,encoded_general_reaction,valid,cached,False,
9283,RHEA:64176,encoded_general_reaction,valid,cached,False,
9284,RHEA:64184,encoded_general_reaction,valid,cached,False,
9285,RHEA:64192,encoded_general_reaction,valid,cached,False,
9286,RHEA:64204,encoded_general_reaction,valid,cached,False,
9287,RHEA:64224,encoded_general_reaction,valid,cached,False,
9288,RHEA:64228,encoded_general_reaction,valid,cached,False,
9289,RHEA:64232,encoded_general_reaction,valid,cached,False,
9290,RHEA:64236,encoded_general_reaction,valid,cached,False,
9291,RHEA:64240,encoded_general_reaction,valid,cached,False,
9292,RHEA:64244,encoded_general_reaction,valid,cached,False,
9293,RHEA:64248,encoded_general_reaction,valid,cached,False,
9294,RHEA:64252,encoded_general_reaction,valid,cached,False,
9295,RHEA:64256,encoded_general_reaction,valid,cached,False,
9296,RHEA:64260,encoded_general_reaction,valid,cached,False,
9297,RHEA:64264,encoded_general_reaction,valid,cached,False,
9298,RHEA:64268,encoded_general_reaction,valid,cached,False,
9299,RHEA:64272,encoded_general_reaction,valid,cached,False,
9300,RHEA:64280,encoded_general_reaction,valid,cached,False,
9301,RHEA:64284,encoded_general_reaction,valid,cached,False,
9302,RHEA:64288,encoded_general_reaction,valid,cached,False,
9303,RHEA:64292,encoded_general_reaction,valid,cached,False,
9304,RHEA:64296,encoded_general_reaction,valid,cached,False,
9305,RHEA:64300,encoded_general_reaction,valid,cached,False,
9306,RHEA:64304,encoded_general_reaction,valid,cached,False,
9307,RHEA:64308,encoded_general_reaction,valid,cached,False,
9308,RHEA:64312,encoded_general_reaction,valid,cached,False,
9309,RHEA:64316,encoded_general_reaction,valid,cached,False,
9310,RHEA:64320,encoded_general_reaction,valid,cached,False,
9311,RHEA:64324,encoded_general_reaction,valid,cached,False,
9312,RHEA:64328,encoded_general_reaction,valid,cached,False,
9313,RHEA:64332,copied_reference_feature,precomputed,precomputed,False,
9314,RHEA:64336,copied_reference_feature,precomputed,precomputed,False,
9315,RHEA:64340,copied_reference_feature,precomputed,precomputed,False,
9316,RHEA:64344,copied_reference_feature,precomputed,precomputed,False,
9317,RHEA:64348,copied_reference_feature,precomputed,precomputed,False,
9318,RHEA:64352,encoded_general_reaction,valid,cached,False,
9319,RHEA:64356,encoded_general_reaction,valid,cached,False,
9320,RHEA:64360,encoded_general_reaction,valid,cached,False,
9321,RHEA:64364,encoded_general_reaction,valid,cached,False,
9322,RHEA:64368,encoded_general_reaction,valid,cached,False,
9323,RHEA:64372,encoded_general_reaction,valid,cached,False,
9324,RHEA:64376,encoded_general_reaction,valid,cached,False,
9325,RHEA:64380,encoded_general_reaction,valid,cached,False,
9326,RHEA:64384,encoded_general_reaction,valid,cached,False,
9327,RHEA:64388,encoded_general_reaction,valid,cached,False,
9328,RHEA:64416,encoded_general_reaction,valid,cached,False,
9329,RHEA:64444,encoded_general_reaction,valid,cached,False,
9330,RHEA:64448,encoded_general_reaction,valid,cached,False,
9331,RHEA:64452,encoded_general_reaction,valid,cached,False,
9332,RHEA:64456,encoded_general_reaction,valid,cached,False,
9333,RHEA:64476,encoded_general_reaction,valid,cached,False,
9334,RHEA:64480,encoded_general_reaction,valid,cached,False,
9335,RHEA:64484,encoded_general_reaction,valid,cached,False,
9336,RHEA:64488,encoded_general_reaction,valid,cached,False,
9337,RHEA:64492,encoded_general_reaction,valid,cached,False,
9338,RHEA:64496,encoded_general_reaction,valid,cached,False,
9339,RHEA:64500,encoded_general_reaction,valid,cached,False,
9340,RHEA:64504,encoded_general_reaction,valid,cached,False,
9341,RHEA:64508,encoded_general_reaction,valid,cached,False,
9342,RHEA:64512,encoded_general_reaction,valid,cached,False,
9343,RHEA:64516,encoded_general_reaction,valid,cached,False,
9344,RHEA:64520,encoded_general_reaction,valid,cached,False,
9345,RHEA:64524,encoded_general_reaction,valid,cached,False,
9346,RHEA:64528,encoded_general_reaction,valid,cached,False,
9347,RHEA:64536,encoded_general_reaction,valid,cached,False,
9348,RHEA:64540,encoded_general_reaction,valid,cached,False,
9349,RHEA:64544,encoded_general_reaction,valid,cached,False,
9350,RHEA:64548,encoded_general_reaction,valid,cached,False,
9351,RHEA:64552,encoded_general_reaction,valid,cached,False,
9352,RHEA:64556,encoded_general_reaction,valid,cached,False,
9353,RHEA:64560,encoded_general_reaction,valid,cached,False,
9354,RHEA:64564,encoded_general_reaction,valid,cached,False,
9355,RHEA:64568,encoded_general_reaction,valid,cached,False,
9356,RHEA:64572,copied_reference_feature,precomputed,precomputed,False,
9357,RHEA:64580,copied_reference_feature,precomputed,precomputed,False,
9358,RHEA:64596,encoded_general_reaction,valid,cached,False,
9359,RHEA:64604,encoded_general_reaction,valid,cached,False,
9360,RHEA:64608,encoded_general_reaction,valid,cached,False,
9361,RHEA:64616,encoded_general_reaction,valid,cached,False,
9362,RHEA:64620,encoded_general_reaction,valid,cached,False,
9363,RHEA:64624,encoded_general_reaction,valid,cached,False,
9364,RHEA:64628,encoded_general_reaction,valid,cached,False,
9365,RHEA:64632,encoded_general_reaction,valid,cached,False,
9366,RHEA:64636,encoded_general_reaction,valid,cached,False,
9367,RHEA:64640,encoded_general_reaction,valid,cached,False,
9368,RHEA:64644,encoded_general_reaction,valid,cached,False,
9369,RHEA:64648,encoded_general_reaction,valid,cached,False,
9370,RHEA:64652,encoded_general_reaction,valid,cached,False,
9371,RHEA:64656,encoded_general_reaction,valid,cached,False,
9372,RHEA:64660,encoded_general_reaction,valid,cached,False,
9373,RHEA:64668,encoded_general_reaction,valid,cached,False,
9374,RHEA:64672,encoded_general_reaction,valid,cached,False,
9375,RHEA:64676,encoded_general_reaction,valid,cached,False,
9376,RHEA:64680,encoded_general_reaction,valid,cached,False,
9377,RHEA:64684,encoded_general_reaction,valid,cached,False,
9378,RHEA:64688,encoded_general_reaction,valid,cached,False,
9379,RHEA:64692,encoded_general_reaction,valid,cached,False,
9380,RHEA:64696,encoded_general_reaction,valid,cached,False,
9381,RHEA:64724,encoded_general_reaction,valid,cached,False,
9382,RHEA:64728,encoded_general_reaction,valid,cached,False,
9383,RHEA:64732,encoded_general_reaction,valid,cached,False,
9384,RHEA:64736,encoded_general_reaction,valid,cached,False,
9385,RHEA:64740,encoded_general_reaction,valid,cached,False,
9386,RHEA:64744,encoded_general_reaction,valid,cached,False,
9387,RHEA:64748,encoded_general_reaction,valid,cached,False,
9388,RHEA:64752,encoded_general_reaction,valid,cached,False,
9389,RHEA:64756,encoded_general_reaction,valid,cached,False,
9390,RHEA:64760,encoded_general_reaction,valid,cached,False,
9391,RHEA:64788,encoded_general_reaction,valid,cached,False,
9392,RHEA:64804,encoded_general_reaction,valid,cached,False,
9393,RHEA:64808,encoded_general_reaction,valid,cached,False,
9394,RHEA:64812,encoded_general_reaction,valid,cached,False,
9395,RHEA:64820,encoded_general_reaction,valid,cached,False,
9396,RHEA:64824,encoded_general_reaction,valid,cached,False,
9397,RHEA:64828,encoded_general_reaction,valid,cached,False,
9398,RHEA:64832,encoded_general_reaction,valid,cached,False,
9399,RHEA:64840,encoded_general_reaction,valid,cached,False,
9400,RHEA:64844,encoded_general_reaction,valid,cached,False,
9401,RHEA:64848,encoded_general_reaction,valid,cached,False,
9402,RHEA:64852,encoded_general_reaction,valid,cached,False,
9403,RHEA:64856,copied_reference_feature,precomputed,precomputed,False,
9404,RHEA:64860,encoded_general_reaction,valid,cached,False,
9405,RHEA:64876,encoded_general_reaction,valid,cached,False,
9406,RHEA:64880,encoded_general_reaction,valid,cached,False,
9407,RHEA:64888,encoded_general_reaction,valid,cached,False,
9408,RHEA:64892,encoded_general_reaction,valid,cached,False,
9409,RHEA:64900,encoded_general_reaction,valid,cached,False,
9410,RHEA:64980,encoded_general_reaction,valid,cached,False,
9411,RHEA:64988,encoded_general_reaction,valid,cached,False,
9412,RHEA:64992,encoded_general_reaction,valid,cached,False,
9413,RHEA:64996,encoded_general_reaction,valid,cached,False,
9414,RHEA:65000,encoded_general_reaction,valid,cached,False,
9415,RHEA:65004,encoded_general_reaction,valid,cached,False,
9416,RHEA:65008,encoded_general_reaction,valid,cached,False,
9417,RHEA:65012,encoded_general_reaction,valid,cached,False,
9418,RHEA:65024,encoded_general_reaction,valid,cached,False,
9419,RHEA:65032,encoded_general_reaction,valid,cached,False,
9420,RHEA:65036,encoded_general_reaction,valid,cached,False,
9421,RHEA:65040,encoded_general_reaction,valid,cached,False,
9422,RHEA:65044,encoded_general_reaction,valid,cached,False,
9423,RHEA:65048,encoded_general_reaction,valid,cached,False,
9424,RHEA:65052,encoded_general_reaction,valid,cached,False,
9425,RHEA:65056,encoded_general_reaction,valid,cached,False,
9426,RHEA:65060,encoded_general_reaction,valid,cached,False,
9427,RHEA:65064,encoded_general_reaction,valid,cached,False,
9428,RHEA:65072,copied_reference_feature,precomputed,precomputed,False,
9429,RHEA:65076,encoded_general_reaction,valid,cached,False,
9430,RHEA:65080,encoded_general_reaction,valid,cached,False,
9431,RHEA:65084,encoded_general_reaction,valid,cached,False,
9432,RHEA:65088,encoded_general_reaction,valid,cached,False,
9433,RHEA:65092,encoded_general_reaction,valid,cached,False,
9434,RHEA:65096,encoded_general_reaction,valid,cached,False,
9435,RHEA:65100,encoded_general_reaction,valid,cached,False,
9436,RHEA:65104,encoded_general_reaction,valid,cached,False,
9437,RHEA:65108,encoded_general_reaction,valid,cached,False,
9438,RHEA:65112,copied_reference_feature,precomputed,precomputed,False,
9439,RHEA:65116,copied_reference_feature,precomputed,precomputed,False,
9440,RHEA:65120,encoded_general_reaction,valid,cached,False,
9441,RHEA:65128,encoded_general_reaction,valid,cached,False,
9442,RHEA:65132,copied_reference_feature,precomputed,precomputed,False,
9443,RHEA:65136,encoded_general_reaction,valid,cached,False,
9444,RHEA:65140,copied_reference_feature,precomputed,precomputed,False,
9445,RHEA:65144,copied_reference_feature,precomputed,precomputed,False,
9446,RHEA:65148,encoded_general_reaction,valid,cached,False,
9447,RHEA:65152,encoded_general_reaction,valid,cached,False,
9448,RHEA:65156,copied_reference_feature,precomputed,precomputed,False,
9449,RHEA:65168,copied_reference_feature,precomputed,precomputed,False,
9450,RHEA:65172,encoded_general_reaction,valid,cached,False,
9451,RHEA:65176,copied_reference_feature,precomputed,precomputed,False,
9452,RHEA:65180,copied_reference_feature,precomputed,precomputed,False,
9453,RHEA:65184,copied_reference_feature,precomputed,precomputed,False,
9454,RHEA:65188,copied_reference_feature,precomputed,precomputed,False,
9455,RHEA:65192,copied_reference_feature,precomputed,precomputed,False,
9456,RHEA:65204,encoded_general_reaction,valid,cached,False,
9457,RHEA:65208,encoded_general_reaction,valid,cached,False,
9458,RHEA:65212,encoded_general_reaction,valid,cached,False,
9459,RHEA:65216,encoded_general_reaction,valid,cached,False,
9460,RHEA:65232,encoded_general_reaction,valid,cached,False,
9461,RHEA:65236,encoded_general_reaction,valid,cached,False,
9462,RHEA:65240,encoded_general_reaction,valid,cached,False,
9463,RHEA:65248,copied_reference_feature,precomputed,precomputed,False,
9464,RHEA:65252,copied_reference_feature,precomputed,precomputed,False,
9465,RHEA:65256,copied_reference_feature,precomputed,precomputed,False,
9466,RHEA:65260,copied_reference_feature,precomputed,precomputed,False,
9467,RHEA:65264,copied_reference_feature,precomputed,precomputed,False,
9468,RHEA:65268,copied_reference_feature,precomputed,precomputed,False,
9469,RHEA:65272,copied_reference_feature,precomputed,precomputed,False,
9470,RHEA:65276,encoded_general_reaction,valid,cached,False,
9471,RHEA:65280,encoded_general_reaction,valid,cached,False,
9472,RHEA:65284,encoded_general_reaction,valid,cached,False,
9473,RHEA:65288,encoded_general_reaction,valid,cached,False,
9474,RHEA:65296,encoded_general_reaction,valid,cached,False,
9475,RHEA:65300,copied_reference_feature,precomputed,precomputed,False,
9476,RHEA:65304,copied_reference_feature,precomputed,precomputed,False,
9477,RHEA:65308,encoded_general_reaction,valid,cached,False,
9478,RHEA:65312,encoded_general_reaction,valid,cached,False,
9479,RHEA:65316,copied_reference_feature,precomputed,precomputed,False,
9480,RHEA:65320,copied_reference_feature,precomputed,precomputed,False,
9481,RHEA:65324,copied_reference_feature,precomputed,precomputed,False,
9482,RHEA:65328,copied_reference_feature,precomputed,precomputed,False,
9483,RHEA:65332,copied_reference_feature,precomputed,precomputed,False,
9484,RHEA:65336,copied_reference_feature,precomputed,precomputed,False,
9485,RHEA:65340,encoded_general_reaction,valid,cached,False,
9486,RHEA:65344,encoded_general_reaction,valid,cached,False,
9487,RHEA:65348,encoded_general_reaction,valid,cached,False,
9488,RHEA:65352,encoded_general_reaction,valid,cached,False,
9489,RHEA:65356,encoded_general_reaction,valid,cached,False,
9490,RHEA:65372,encoded_general_reaction,valid,cached,False,
9491,RHEA:65376,encoded_general_reaction,valid,cached,False,
9492,RHEA:65380,encoded_general_reaction,valid,cached,False,
9493,RHEA:65384,encoded_general_reaction,valid,cached,False,
9494,RHEA:65388,encoded_general_reaction,valid,cached,False,
9495,RHEA:65392,encoded_general_reaction,valid,cached,False,
9496,RHEA:65396,encoded_general_reaction,valid,cached,False,
9497,RHEA:65400,encoded_general_reaction,valid,cached,False,
9498,RHEA:65404,encoded_general_reaction,valid,cached,False,
9499,RHEA:65432,encoded_general_reaction,valid,cached,False,
9500,RHEA:65436,encoded_general_reaction,valid,cached,False,
9501,RHEA:65440,encoded_general_reaction,valid,cached,False,
9502,RHEA:65444,encoded_general_reaction,valid,cached,False,
9503,RHEA:65448,encoded_general_reaction,valid,cached,False,
9504,RHEA:65452,encoded_general_reaction,valid,cached,False,
9505,RHEA:65456,encoded_general_reaction,valid,cached,False,
9506,RHEA:65460,encoded_general_reaction,valid,cached,False,
9507,RHEA:65464,encoded_general_reaction,valid,cached,False,
9508,RHEA:65484,encoded_general_reaction,valid,cached,False,
9509,RHEA:65488,encoded_general_reaction,valid,cached,False,
9510,RHEA:65492,encoded_general_reaction,valid,cached,False,
9511,RHEA:65496,encoded_general_reaction,valid,cached,False,
9512,RHEA:65500,encoded_general_reaction,valid,cached,False,
9513,RHEA:65504,encoded_general_reaction,valid,cached,False,
9514,RHEA:65508,encoded_general_reaction,valid,cached,False,
9515,RHEA:65520,encoded_general_reaction,valid,cached,False,
9516,RHEA:65524,encoded_general_reaction,valid,cached,False,
9517,RHEA:65528,encoded_general_reaction,valid,cached,False,
9518,RHEA:65532,encoded_general_reaction,valid,cached,False,
9519,RHEA:65536,encoded_general_reaction,valid,cached,False,
9520,RHEA:65540,encoded_general_reaction,valid,cached,False,
9521,RHEA:65544,encoded_general_reaction,valid,cached,False,
9522,RHEA:65548,encoded_general_reaction,valid,cached,False,
9523,RHEA:65552,encoded_general_reaction,valid,cached,False,
9524,RHEA:65560,encoded_general_reaction,valid,cached,False,
9525,RHEA:65564,encoded_general_reaction,valid,cached,False,
9526,RHEA:65568,encoded_general_reaction,valid,cached,False,
9527,RHEA:65572,encoded_general_reaction,valid,cached,False,
9528,RHEA:65576,encoded_general_reaction,valid,cached,False,
9529,RHEA:65580,encoded_general_reaction,valid,cached,False,
9530,RHEA:65584,encoded_general_reaction,valid,cached,False,
9531,RHEA:65588,encoded_general_reaction,valid,cached,False,
9532,RHEA:65592,encoded_general_reaction,valid,cached,False,
9533,RHEA:65596,encoded_general_reaction,valid,cached,False,
9534,RHEA:65600,encoded_general_reaction,valid,cached,False,
9535,RHEA:65604,encoded_general_reaction,valid,cached,False,
9536,RHEA:65608,encoded_general_reaction,valid,cached,False,
9537,RHEA:65620,encoded_general_reaction,valid,cached,False,
9538,RHEA:65624,encoded_general_reaction,valid,cached,False,
9539,RHEA:65628,encoded_general_reaction,valid,cached,False,
9540,RHEA:65632,encoded_general_reaction,valid,cached,False,
9541,RHEA:65636,encoded_general_reaction,valid,cached,False,
9542,RHEA:65640,encoded_general_reaction,valid,cached,False,
9543,RHEA:65644,encoded_general_reaction,valid,cached,False,
9544,RHEA:65648,encoded_general_reaction,valid,cached,False,
9545,RHEA:65652,encoded_general_reaction,valid,cached,False,
9546,RHEA:65668,encoded_general_reaction,valid,cached,False,
9547,RHEA:65672,encoded_general_reaction,valid,cached,False,
9548,RHEA:65676,encoded_general_reaction,valid,cached,False,
9549,RHEA:65680,encoded_general_reaction,valid,cached,False,
9550,RHEA:65684,encoded_general_reaction,valid,cached,False,
9551,RHEA:65688,encoded_general_reaction,valid,cached,False,
9552,RHEA:65692,encoded_general_reaction,valid,cached,False,
9553,RHEA:65700,encoded_general_reaction,valid,cached,False,
9554,RHEA:65716,encoded_general_reaction,valid,cached,False,
9555,RHEA:65724,encoded_general_reaction,valid,cached,False,
9556,RHEA:65728,encoded_general_reaction,valid,cached,False,
9557,RHEA:65732,encoded_general_reaction,valid,cached,False,
9558,RHEA:65740,encoded_general_reaction,valid,cached,False,
9559,RHEA:65744,encoded_general_reaction,valid,cached,False,
9560,RHEA:65752,encoded_general_reaction,valid,cached,False,
9561,RHEA:65756,encoded_general_reaction,valid,cached,False,
9562,RHEA:65760,encoded_general_reaction,valid,cached,False,
9563,RHEA:65768,encoded_general_reaction,valid,cached,False,
9564,RHEA:65772,encoded_general_reaction,valid,cached,False,
9565,RHEA:65776,encoded_general_reaction,valid,cached,False,
9566,RHEA:65780,encoded_general_reaction,valid,cached,False,
9567,RHEA:65784,encoded_general_reaction,valid,cached,False,
9568,RHEA:65788,encoded_general_reaction,valid,cached,False,
9569,RHEA:65792,encoded_general_reaction,valid,cached,False,
9570,RHEA:65796,encoded_general_reaction,valid,cached,False,
9571,RHEA:65812,encoded_general_reaction,valid,cached,False,
9572,RHEA:65828,copied_reference_feature,precomputed,precomputed,False,
9573,RHEA:65896,encoded_general_reaction,valid,cached,False,
9574,RHEA:65900,encoded_general_reaction,valid,cached,False,
9575,RHEA:65908,encoded_general_reaction,valid,cached,False,
9576,RHEA:65916,encoded_general_reaction,valid,cached,False,
9577,RHEA:65924,encoded_general_reaction,valid,cached,False,
9578,RHEA:65928,encoded_general_reaction,valid,cached,False,
9579,RHEA:65932,encoded_general_reaction,valid,cached,False,
9580,RHEA:65940,encoded_general_reaction,valid,cached,False,
9581,RHEA:65944,encoded_general_reaction,valid,cached,False,
9582,RHEA:65952,encoded_general_reaction,valid,cached,False,
9583,RHEA:65956,encoded_general_reaction,valid,cached,False,
9584,RHEA:65960,encoded_general_reaction,valid,cached,False,
9585,RHEA:65964,encoded_general_reaction,valid,cached,False,
9586,RHEA:65968,encoded_general_reaction,valid,cached,False,
9587,RHEA:65996,encoded_general_reaction,valid,cached,False,
9588,RHEA:66000,encoded_general_reaction,valid,cached,False,
9589,RHEA:66008,encoded_general_reaction,valid,cached,False,
9590,RHEA:66012,encoded_general_reaction,valid,cached,False,
9591,RHEA:66016,encoded_general_reaction,valid,cached,False,
9592,RHEA:66020,encoded_general_reaction,valid,cached,False,
9593,RHEA:66024,encoded_general_reaction,valid,cached,False,
9594,RHEA:66028,encoded_general_reaction,valid,cached,False,
9595,RHEA:66036,encoded_general_reaction,valid,cached,False,
9596,RHEA:66040,encoded_general_reaction,valid,cached,False,
9597,RHEA:66044,encoded_general_reaction,valid,cached,False,
9598,RHEA:66052,encoded_general_reaction,valid,cached,False,
9599,RHEA:66060,encoded_general_reaction,valid,cached,False,
9600,RHEA:66068,encoded_general_reaction,valid,cached,False,
9601,RHEA:66076,encoded_general_reaction,valid,cached,False,
9602,RHEA:66084,encoded_general_reaction,valid,cached,False,
9603,RHEA:66092,encoded_general_reaction,valid,cached,False,
9604,RHEA:66100,encoded_general_reaction,valid,cached,False,
9605,RHEA:66108,encoded_general_reaction,valid,cached,False,
9606,RHEA:66112,encoded_general_reaction,valid,cached,False,
9607,RHEA:66116,encoded_general_reaction,valid,cached,False,
9608,RHEA:66120,encoded_general_reaction,valid,cached,False,
9609,RHEA:66124,encoded_general_reaction,valid,cached,False,
9610,RHEA:66128,encoded_general_reaction,valid,cached,False,
9611,RHEA:66132,encoded_general_reaction,valid,cached,False,
9612,RHEA:66136,encoded_general_reaction,valid,cached,False,
9613,RHEA:66140,encoded_general_reaction,valid,cached,False,
9614,RHEA:66144,encoded_general_reaction,valid,cached,False,
9615,RHEA:66148,encoded_general_reaction,valid,cached,False,
9616,RHEA:66152,encoded_general_reaction,valid,cached,False,
9617,RHEA:66156,encoded_general_reaction,valid,cached,False,
9618,RHEA:66160,encoded_general_reaction,valid,cached,False,
9619,RHEA:66164,encoded_general_reaction,valid,cached,False,
9620,RHEA:66168,encoded_general_reaction,valid,cached,False,
9621,RHEA:66176,encoded_general_reaction,valid,cached,False,
9622,RHEA:66180,encoded_general_reaction,valid,cached,False,
9623,RHEA:66184,encoded_general_reaction,valid,cached,False,
9624,RHEA:66188,encoded_general_reaction,valid,cached,False,
9625,RHEA:66192,encoded_general_reaction,valid,cached,False,
9626,RHEA:66196,encoded_general_reaction,valid,cached,False,
9627,RHEA:66200,encoded_general_reaction,valid,cached,False,
9628,RHEA:66204,encoded_general_reaction,valid,cached,False,
9629,RHEA:66208,encoded_general_reaction,valid,cached,False,
9630,RHEA:66212,encoded_general_reaction,valid,cached,False,
9631,RHEA:66216,encoded_general_reaction,valid,cached,False,
9632,RHEA:66220,encoded_general_reaction,valid,cached,False,
9633,RHEA:66224,encoded_general_reaction,valid,cached,False,
9634,RHEA:66228,encoded_general_reaction,valid,cached,False,
9635,RHEA:66232,encoded_general_reaction,valid,cached,False,
9636,RHEA:66236,encoded_general_reaction,valid,cached,False,
9637,RHEA:66240,encoded_general_reaction,valid,cached,False,
9638,RHEA:66252,encoded_general_reaction,valid,cached,False,
9639,RHEA:66272,encoded_general_reaction,valid,cached,False,
9640,RHEA:66276,encoded_general_reaction,valid,cached,False,
9641,RHEA:66280,encoded_general_reaction,valid,cached,False,
9642,RHEA:66284,encoded_general_reaction,valid,cached,False,
9643,RHEA:66340,encoded_general_reaction,valid,cached,False,
9644,RHEA:66344,encoded_general_reaction,valid,cached,False,
9645,RHEA:66348,encoded_general_reaction,valid,cached,False,
9646,RHEA:66352,encoded_general_reaction,valid,cached,False,
9647,RHEA:66356,encoded_general_reaction,valid,cached,False,
9648,RHEA:66360,encoded_general_reaction,valid,cached,False,
9649,RHEA:66364,encoded_general_reaction,valid,cached,False,
9650,RHEA:66368,encoded_general_reaction,valid,cached,False,
9651,RHEA:66372,encoded_general_reaction,valid,cached,False,
9652,RHEA:66376,encoded_general_reaction,valid,cached,False,
9653,RHEA:66380,encoded_general_reaction,valid,cached,False,
9654,RHEA:66388,encoded_general_reaction,valid,cached,False,
9655,RHEA:66392,encoded_general_reaction,valid,cached,False,
9656,RHEA:66396,encoded_general_reaction,valid,cached,False,
9657,RHEA:66400,encoded_general_reaction,valid,cached,False,
9658,RHEA:66404,encoded_general_reaction,valid,cached,False,
9659,RHEA:66408,encoded_general_reaction,valid,cached,False,
9660,RHEA:66412,encoded_general_reaction,valid,cached,False,
9661,RHEA:66416,encoded_general_reaction,valid,cached,False,
9662,RHEA:66420,encoded_general_reaction,valid,cached,False,
9663,RHEA:66424,encoded_general_reaction,valid,cached,False,
9664,RHEA:66492,encoded_general_reaction,valid,cached,False,
9665,RHEA:66496,encoded_general_reaction,valid,cached,False,
9666,RHEA:66500,encoded_general_reaction,valid,cached,False,
9667,RHEA:66524,encoded_general_reaction,valid,cached,False,
9668,RHEA:66528,encoded_general_reaction,valid,cached,False,
9669,RHEA:66532,encoded_general_reaction,valid,cached,False,
9670,RHEA:66544,encoded_general_reaction,valid,cached,False,
9671,RHEA:66548,encoded_general_reaction,valid,cached,False,
9672,RHEA:66552,encoded_general_reaction,valid,cached,False,
9673,RHEA:66556,encoded_general_reaction,valid,cached,False,
9674,RHEA:66560,encoded_general_reaction,valid,cached,False,
9675,RHEA:66564,encoded_general_reaction,valid,cached,False,
9676,RHEA:66572,encoded_general_reaction,valid,cached,False,
9677,RHEA:66576,encoded_general_reaction,valid,cached,False,
9678,RHEA:66580,encoded_general_reaction,valid,cached,False,
9679,RHEA:66588,encoded_general_reaction,valid,cached,False,
9680,RHEA:66592,encoded_general_reaction,valid,cached,False,
9681,RHEA:66596,encoded_general_reaction,valid,cached,False,
9682,RHEA:66600,encoded_general_reaction,valid,cached,False,
9683,RHEA:66604,encoded_general_reaction,valid,cached,False,
9684,RHEA:66608,encoded_general_reaction,valid,cached,False,
9685,RHEA:66612,encoded_general_reaction,valid,cached,False,
9686,RHEA:66620,encoded_general_reaction,valid,cached,False,
9687,RHEA:66624,encoded_general_reaction,valid,cached,False,
9688,RHEA:66628,encoded_general_reaction,valid,cached,False,
9689,RHEA:66632,encoded_general_reaction,valid,cached,False,
9690,RHEA:66636,copied_reference_feature,precomputed,precomputed,False,
9691,RHEA:66640,copied_reference_feature,precomputed,precomputed,False,
9692,RHEA:66644,copied_reference_feature,precomputed,precomputed,False,
9693,RHEA:66648,copied_reference_feature,precomputed,precomputed,False,
9694,RHEA:66652,copied_reference_feature,precomputed,precomputed,False,
9695,RHEA:66656,encoded_general_reaction,valid,cached,False,
9696,RHEA:66660,encoded_general_reaction,valid,cached,False,
9697,RHEA:66664,encoded_general_reaction,valid,cached,False,
9698,RHEA:66668,encoded_general_reaction,valid,cached,False,
9699,RHEA:66672,encoded_general_reaction,valid,cached,False,
9700,RHEA:66676,encoded_general_reaction,valid,cached,False,
9701,RHEA:66680,encoded_general_reaction,valid,cached,False,
9702,RHEA:66684,encoded_general_reaction,valid,cached,False,
9703,RHEA:66688,encoded_general_reaction,valid,cached,False,
9704,RHEA:66692,encoded_general_reaction,valid,cached,False,
9705,RHEA:66696,encoded_general_reaction,valid,cached,False,
9706,RHEA:66700,encoded_general_reaction,valid,cached,False,
9707,RHEA:66704,encoded_general_reaction,valid,cached,False,
9708,RHEA:66708,encoded_general_reaction,valid,cached,False,
9709,RHEA:66712,copied_reference_feature,precomputed,precomputed,False,
9710,RHEA:66716,encoded_general_reaction,valid,cached,False,
9711,RHEA:66720,encoded_general_reaction,valid,cached,False,
9712,RHEA:66724,encoded_general_reaction,valid,cached,False,
9713,RHEA:66728,encoded_general_reaction,valid,cached,False,
9714,RHEA:66732,encoded_general_reaction,valid,cached,False,
9715,RHEA:66736,encoded_general_reaction,valid,cached,False,
9716,RHEA:66740,encoded_general_reaction,valid,cached,False,
9717,RHEA:66744,encoded_general_reaction,valid,cached,False,
9718,RHEA:66752,encoded_general_reaction,valid,cached,False,
9719,RHEA:66756,encoded_general_reaction,valid,cached,False,
9720,RHEA:66760,encoded_general_reaction,valid,cached,False,
9721,RHEA:66764,encoded_general_reaction,valid,cached,False,
9722,RHEA:66768,encoded_general_reaction,valid,cached,False,
9723,RHEA:66772,encoded_general_reaction,valid,cached,False,
9724,RHEA:66776,encoded_general_reaction,valid,cached,False,
9725,RHEA:66780,encoded_general_reaction,valid,cached,False,
9726,RHEA:66784,encoded_general_reaction,valid,cached,False,
9727,RHEA:66788,encoded_general_reaction,valid,cached,False,
9728,RHEA:66792,encoded_general_reaction,valid,cached,False,
9729,RHEA:66796,encoded_general_reaction,valid,cached,False,
9730,RHEA:66800,encoded_general_reaction,valid,cached,False,
9731,RHEA:66804,encoded_general_reaction,valid,cached,False,
9732,RHEA:66808,encoded_general_reaction,valid,cached,False,
9733,RHEA:66812,encoded_general_reaction,valid,cached,False,
9734,RHEA:66820,encoded_general_reaction,valid,cached,False,
9735,RHEA:66824,encoded_general_reaction,valid,cached,False,
9736,RHEA:66828,encoded_general_reaction,valid,cached,False,
9737,RHEA:66832,copied_reference_feature,precomputed,precomputed,False,
9738,RHEA:66836,copied_reference_feature,precomputed,precomputed,False,
9739,RHEA:66840,copied_reference_feature,precomputed,precomputed,False,
9740,RHEA:66844,copied_reference_feature,precomputed,precomputed,False,
9741,RHEA:66848,encoded_general_reaction,valid,cached,False,
9742,RHEA:66852,encoded_general_reaction,valid,cached,False,
9743,RHEA:66856,encoded_general_reaction,valid,cached,False,
9744,RHEA:66860,copied_reference_feature,precomputed,precomputed,False,
9745,RHEA:66864,copied_reference_feature,precomputed,precomputed,False,
9746,RHEA:66868,copied_reference_feature,precomputed,precomputed,False,
9747,RHEA:66872,encoded_general_reaction,valid,cached,False,
9748,RHEA:66876,encoded_general_reaction,valid,cached,False,
9749,RHEA:66880,encoded_general_reaction,valid,cached,False,
9750,RHEA:66884,encoded_general_reaction,valid,cached,False,
9751,RHEA:66888,encoded_general_reaction,valid,cached,False,
9752,RHEA:66892,encoded_general_reaction,valid,cached,False,
9753,RHEA:66896,copied_reference_feature,precomputed,precomputed,False,
9754,RHEA:66900,encoded_general_reaction,valid,cached,False,
9755,RHEA:66904,encoded_general_reaction,valid,cached,False,
9756,RHEA:66908,encoded_general_reaction,valid,cached,False,
9757,RHEA:66916,encoded_general_reaction,valid,cached,False,
9758,RHEA:66920,encoded_general_reaction,valid,cached,False,
9759,RHEA:66928,encoded_general_reaction,valid,cached,False,
9760,RHEA:66932,encoded_general_reaction,valid,cached,False,
9761,RHEA:66936,encoded_general_reaction,valid,cached,False,
9762,RHEA:66940,encoded_general_reaction,valid,cached,False,
9763,RHEA:66944,encoded_general_reaction,valid,cached,False,
9764,RHEA:66980,encoded_general_reaction,valid,cached,False,
9765,RHEA:66984,encoded_general_reaction,valid,cached,False,
9766,RHEA:66988,encoded_general_reaction,valid,cached,False,
9767,RHEA:66992,encoded_general_reaction,valid,cached,False,
9768,RHEA:66996,encoded_general_reaction,valid,cached,False,
9769,RHEA:67000,encoded_general_reaction,valid,cached,False,
9770,RHEA:67004,encoded_general_reaction,valid,cached,False,
9771,RHEA:67008,encoded_general_reaction,valid,cached,False,
9772,RHEA:67012,encoded_general_reaction,valid,cached,False,
9773,RHEA:67020,encoded_general_reaction,valid,cached,False,
9774,RHEA:67024,encoded_general_reaction,valid,cached,False,
9775,RHEA:67032,encoded_general_reaction,valid,cached,False,
9776,RHEA:67036,copied_reference_feature,precomputed,precomputed,False,
9777,RHEA:67040,copied_reference_feature,precomputed,precomputed,False,
9778,RHEA:67044,copied_reference_feature,precomputed,precomputed,False,
9779,RHEA:67048,copied_reference_feature,precomputed,precomputed,False,
9780,RHEA:67052,copied_reference_feature,precomputed,precomputed,False,
9781,RHEA:67056,copied_reference_feature,precomputed,precomputed,False,
9782,RHEA:67060,copied_reference_feature,precomputed,precomputed,False,
9783,RHEA:67064,copied_reference_feature,precomputed,precomputed,False,
9784,RHEA:67068,copied_reference_feature,precomputed,precomputed,False,
9785,RHEA:67072,encoded_general_reaction,valid,cached,False,
9786,RHEA:67076,encoded_general_reaction,valid,cached,False,
9787,RHEA:67080,encoded_general_reaction,valid,cached,False,
9788,RHEA:67084,encoded_general_reaction,valid,cached,False,
9789,RHEA:67088,encoded_general_reaction,valid,cached,False,
9790,RHEA:67092,encoded_general_reaction,valid,cached,False,
9791,RHEA:67096,copied_reference_feature,precomputed,precomputed,False,
9792,RHEA:67100,copied_reference_feature,precomputed,precomputed,False,
9793,RHEA:67104,copied_reference_feature,precomputed,precomputed,False,
9794,RHEA:67112,encoded_general_reaction,valid,cached,False,
9795,RHEA:67116,encoded_general_reaction,valid,cached,False,
9796,RHEA:67120,encoded_general_reaction,valid,cached,False,
9797,RHEA:67124,encoded_general_reaction,valid,cached,False,
9798,RHEA:67128,encoded_general_reaction,valid,cached,False,
9799,RHEA:67132,encoded_general_reaction,valid,cached,False,
9800,RHEA:67136,encoded_general_reaction,valid,cached,False,
9801,RHEA:67144,encoded_general_reaction,valid,cached,False,
9802,RHEA:67156,encoded_general_reaction,valid,cached,False,
9803,RHEA:67160,encoded_general_reaction,valid,cached,False,
9804,RHEA:67164,encoded_general_reaction,valid,cached,False,
9805,RHEA:67168,encoded_general_reaction,valid,cached,False,
9806,RHEA:67172,encoded_general_reaction,valid,cached,False,
9807,RHEA:67176,encoded_general_reaction,valid,cached,False,
9808,RHEA:67180,encoded_general_reaction,valid,cached,False,
9809,RHEA:67188,encoded_general_reaction,valid,cached,False,
9810,RHEA:67192,encoded_general_reaction,valid,cached,False,
9811,RHEA:67196,encoded_general_reaction,valid,cached,False,
9812,RHEA:67200,encoded_general_reaction,valid,cached,False,
9813,RHEA:67204,encoded_general_reaction,valid,cached,False,
9814,RHEA:67208,encoded_general_reaction,valid,cached,False,
9815,RHEA:67240,encoded_general_reaction,valid,cached,False,
9816,RHEA:67244,encoded_general_reaction,valid,cached,False,
9817,RHEA:67248,encoded_general_reaction,valid,cached,False,
9818,RHEA:67252,encoded_general_reaction,valid,cached,False,
9819,RHEA:67256,encoded_general_reaction,valid,cached,False,
9820,RHEA:67264,encoded_general_reaction,valid,cached,False,
9821,RHEA:67268,encoded_general_reaction,valid,cached,False,
9822,RHEA:67272,encoded_general_reaction,valid,cached,False,
9823,RHEA:67276,encoded_general_reaction,valid,cached,False,
9824,RHEA:67288,encoded_general_reaction,valid,cached,False,
9825,RHEA:67308,encoded_general_reaction,valid,cached,False,
9826,RHEA:67312,encoded_general_reaction,valid,cached,False,
9827,RHEA:67316,encoded_general_reaction,valid,cached,False,
9828,RHEA:67320,encoded_general_reaction,valid,cached,False,
9829,RHEA:67324,encoded_general_reaction,valid,cached,False,
9830,RHEA:67328,encoded_general_reaction,valid,cached,False,
9831,RHEA:67332,encoded_general_reaction,valid,cached,False,
9832,RHEA:67336,encoded_general_reaction,valid,cached,False,
9833,RHEA:67340,encoded_general_reaction,valid,cached,False,
9834,RHEA:67344,encoded_general_reaction,valid,cached,False,
9835,RHEA:67348,encoded_general_reaction,valid,cached,False,
9836,RHEA:67352,encoded_general_reaction,valid,cached,False,
9837,RHEA:67356,encoded_general_reaction,valid,cached,False,
9838,RHEA:67360,encoded_general_reaction,valid,cached,False,
9839,RHEA:67364,encoded_general_reaction,valid,cached,False,
9840,RHEA:67368,encoded_general_reaction,valid,cached,False,
9841,RHEA:67372,encoded_general_reaction,valid,cached,False,
9842,RHEA:67376,encoded_general_reaction,valid,cached,False,
9843,RHEA:67380,encoded_general_reaction,valid,cached,False,
9844,RHEA:67384,encoded_general_reaction,valid,cached,False,
9845,RHEA:67392,encoded_general_reaction,valid,cached,False,
9846,RHEA:67396,encoded_general_reaction,valid,cached,False,
9847,RHEA:67400,copied_reference_feature,precomputed,precomputed,False,
9848,RHEA:67404,copied_reference_feature,precomputed,precomputed,False,
9849,RHEA:67408,copied_reference_feature,precomputed,precomputed,False,
9850,RHEA:67412,copied_reference_feature,precomputed,precomputed,False,
9851,RHEA:67416,copied_reference_feature,precomputed,precomputed,False,
9852,RHEA:67428,encoded_general_reaction,valid,cached,False,
9853,RHEA:67432,encoded_general_reaction,valid,cached,False,
9854,RHEA:67440,encoded_general_reaction,valid,cached,False,
9855,RHEA:67444,encoded_general_reaction,valid,cached,False,
9856,RHEA:67452,encoded_general_reaction,valid,cached,False,
9857,RHEA:67456,encoded_general_reaction,valid,cached,False,
9858,RHEA:67460,encoded_general_reaction,valid,cached,False,
9859,RHEA:67464,encoded_general_reaction,valid,cached,False,
9860,RHEA:67468,encoded_general_reaction,valid,cached,False,
9861,RHEA:67472,encoded_general_reaction,valid,cached,False,
9862,RHEA:67476,copied_reference_feature,precomputed,precomputed,False,
9863,RHEA:67480,encoded_general_reaction,valid,cached,False,
9864,RHEA:67484,encoded_general_reaction,valid,cached,False,
9865,RHEA:67488,encoded_general_reaction,valid,cached,False,
9866,RHEA:67492,encoded_general_reaction,valid,cached,False,
9867,RHEA:67496,encoded_general_reaction,valid,cached,False,
9868,RHEA:67500,encoded_general_reaction,valid,cached,False,
9869,RHEA:67504,encoded_general_reaction,valid,cached,False,
9870,RHEA:67508,encoded_general_reaction,valid,cached,False,
9871,RHEA:67516,encoded_general_reaction,valid,cached,False,
9872,RHEA:67520,encoded_general_reaction,valid,cached,False,
9873,RHEA:67524,encoded_general_reaction,valid,cached,False,
9874,RHEA:67528,encoded_general_reaction,valid,cached,False,
9875,RHEA:67532,encoded_general_reaction,valid,cached,False,
9876,RHEA:67536,encoded_general_reaction,valid,cached,False,
9877,RHEA:67540,encoded_general_reaction,valid,cached,False,
9878,RHEA:67544,encoded_general_reaction,valid,cached,False,
9879,RHEA:67548,encoded_general_reaction,valid,cached,False,
9880,RHEA:67552,encoded_general_reaction,valid,cached,False,
9881,RHEA:67556,encoded_general_reaction,valid,cached,False,
9882,RHEA:67560,encoded_general_reaction,valid,cached,False,
9883,RHEA:67564,encoded_general_reaction,valid,cached,False,
9884,RHEA:67568,encoded_general_reaction,valid,cached,False,
9885,RHEA:67572,encoded_general_reaction,valid,cached,False,
9886,RHEA:67576,encoded_general_reaction,valid,cached,False,
9887,RHEA:67584,encoded_general_reaction,valid,cached,False,
9888,RHEA:67588,encoded_general_reaction,valid,cached,False,
9889,RHEA:67592,encoded_general_reaction,valid,cached,False,
9890,RHEA:67596,encoded_general_reaction,valid,cached,False,
9891,RHEA:67600,encoded_general_reaction,valid,cached,False,
9892,RHEA:67604,encoded_general_reaction,valid,cached,False,
9893,RHEA:67608,encoded_general_reaction,valid,cached,False,
9894,RHEA:67612,encoded_general_reaction,valid,cached,False,
9895,RHEA:67616,encoded_general_reaction,valid,cached,False,
9896,RHEA:67620,encoded_general_reaction,valid,cached,False,
9897,RHEA:67624,encoded_general_reaction,valid,cached,False,
9898,RHEA:67628,encoded_general_reaction,valid,cached,False,
9899,RHEA:67636,encoded_general_reaction,valid,cached,False,
9900,RHEA:67640,encoded_general_reaction,valid,cached,False,
9901,RHEA:67644,encoded_general_reaction,valid,cached,False,
9902,RHEA:67660,encoded_general_reaction,valid,cached,False,
9903,RHEA:67664,encoded_general_reaction,valid,cached,False,
9904,RHEA:67668,encoded_general_reaction,valid,cached,False,
9905,RHEA:67672,encoded_general_reaction,valid,cached,False,
9906,RHEA:67676,encoded_general_reaction,valid,cached,False,
9907,RHEA:67680,encoded_general_reaction,valid,cached,False,
9908,RHEA:67684,encoded_general_reaction,valid,cached,False,
9909,RHEA:67688,encoded_general_reaction,valid,cached,False,
9910,RHEA:67692,encoded_general_reaction,valid,cached,False,
9911,RHEA:67696,encoded_general_reaction,valid,cached,False,
9912,RHEA:67700,encoded_general_reaction,valid,cached,False,
9913,RHEA:67704,encoded_general_reaction,valid,cached,False,
9914,RHEA:67708,encoded_general_reaction,valid,cached,False,
9915,RHEA:67712,encoded_general_reaction,valid,cached,False,
9916,RHEA:67716,encoded_general_reaction,valid,cached,False,
9917,RHEA:67732,encoded_general_reaction,valid,cached,False,
9918,RHEA:67744,encoded_general_reaction,valid,cached,False,
9919,RHEA:67748,encoded_general_reaction,valid,cached,False,
9920,RHEA:67752,encoded_general_reaction,valid,cached,False,
9921,RHEA:67756,encoded_general_reaction,valid,cached,False,
9922,RHEA:67760,encoded_general_reaction,valid,cached,False,
9923,RHEA:67764,encoded_general_reaction,valid,cached,False,
9924,RHEA:67768,encoded_general_reaction,valid,cached,False,
9925,RHEA:67780,encoded_general_reaction,valid,cached,False,
9926,RHEA:67784,encoded_general_reaction,valid,cached,False,
9927,RHEA:67788,encoded_general_reaction,valid,cached,False,
9928,RHEA:67792,encoded_general_reaction,valid,cached,False,
9929,RHEA:67796,encoded_general_reaction,valid,cached,False,
9930,RHEA:67800,encoded_general_reaction,valid,cached,False,
9931,RHEA:67804,encoded_general_reaction,valid,cached,False,
9932,RHEA:67808,encoded_general_reaction,valid,cached,False,
9933,RHEA:67812,encoded_general_reaction,valid,cached,False,
9934,RHEA:67816,encoded_general_reaction,valid,cached,False,
9935,RHEA:67820,encoded_general_reaction,valid,cached,False,
9936,RHEA:67828,encoded_general_reaction,valid,cached,False,
9937,RHEA:67836,encoded_general_reaction,valid,cached,False,
9938,RHEA:67840,encoded_general_reaction,valid,cached,False,
9939,RHEA:67848,encoded_general_reaction,valid,cached,False,
9940,RHEA:67856,encoded_general_reaction,valid,cached,False,
9941,RHEA:67860,encoded_general_reaction,valid,cached,False,
9942,RHEA:67864,encoded_general_reaction,valid,cached,False,
9943,RHEA:67868,encoded_general_reaction,valid,cached,False,
9944,RHEA:67872,encoded_general_reaction,valid,cached,False,
9945,RHEA:67876,encoded_general_reaction,valid,cached,False,
9946,RHEA:67880,encoded_general_reaction,valid,cached,False,
9947,RHEA:67884,encoded_general_reaction,valid,cached,False,
9948,RHEA:67888,encoded_general_reaction,valid,cached,False,
9949,RHEA:67892,encoded_general_reaction,valid,cached,False,
9950,RHEA:67896,encoded_general_reaction,valid,cached,False,
9951,RHEA:67900,encoded_general_reaction,valid,cached,False,
9952,RHEA:67904,encoded_general_reaction,valid,cached,False,
9953,RHEA:67908,encoded_general_reaction,valid,cached,False,
9954,RHEA:67912,encoded_general_reaction,valid,cached,False,
9955,RHEA:67916,encoded_general_reaction,valid,cached,False,
9956,RHEA:67932,encoded_general_reaction,valid,cached,False,
9957,RHEA:67940,encoded_general_reaction,valid,cached,False,
9958,RHEA:67944,encoded_general_reaction,valid,cached,False,
9959,RHEA:67948,encoded_general_reaction,valid,cached,False,
9960,RHEA:67956,encoded_general_reaction,valid,cached,False,
9961,RHEA:67960,encoded_general_reaction,valid,cached,False,
9962,RHEA:67964,encoded_general_reaction,valid,cached,False,
9963,RHEA:67968,encoded_general_reaction,valid,cached,False,
9964,RHEA:67976,encoded_general_reaction,valid,cached,False,
9965,RHEA:67980,encoded_general_reaction,valid,cached,False,
9966,RHEA:67984,encoded_general_reaction,valid,cached,False,
9967,RHEA:67988,encoded_general_reaction,valid,cached,False,
9968,RHEA:67992,encoded_general_reaction,valid,cached,False,
9969,RHEA:67996,encoded_general_reaction,valid,cached,False,
9970,RHEA:68000,encoded_general_reaction,valid,cached,False,
9971,RHEA:68004,encoded_general_reaction,valid,cached,False,
9972,RHEA:68008,encoded_general_reaction,valid,cached,False,
9973,RHEA:68016,encoded_general_reaction,valid,cached,False,
9974,RHEA:68020,encoded_general_reaction,valid,cached,False,
9975,RHEA:68024,encoded_general_reaction,valid,cached,False,
9976,RHEA:68044,encoded_general_reaction,valid,cached,False,
9977,RHEA:68052,encoded_general_reaction,valid,cached,False,
9978,RHEA:68056,encoded_general_reaction,valid,cached,False,
9979,RHEA:68060,encoded_general_reaction,valid,cached,False,
9980,RHEA:68064,encoded_general_reaction,valid,cached,False,
9981,RHEA:68068,encoded_general_reaction,valid,cached,False,
9982,RHEA:68076,encoded_general_reaction,valid,cached,False,
9983,RHEA:68080,encoded_general_reaction,valid,cached,False,
9984,RHEA:68096,encoded_general_reaction,valid,cached,False,
9985,RHEA:68100,encoded_general_reaction,valid,cached,False,
9986,RHEA:68104,encoded_general_reaction,valid,cached,False,
9987,RHEA:68116,encoded_general_reaction,valid,cached,False,
9988,RHEA:68120,encoded_general_reaction,valid,cached,False,
9989,RHEA:68124,encoded_general_reaction,valid,cached,False,
9990,RHEA:68128,encoded_general_reaction,valid,cached,False,
9991,RHEA:68132,encoded_general_reaction,valid,cached,False,
9992,RHEA:68136,encoded_general_reaction,valid,cached,False,
9993,RHEA:68140,encoded_general_reaction,valid,cached,False,
9994,RHEA:68144,encoded_general_reaction,valid,cached,False,
9995,RHEA:68148,encoded_general_reaction,valid,cached,False,
9996,RHEA:68152,encoded_general_reaction,valid,cached,False,
9997,RHEA:68156,copied_reference_feature,precomputed,precomputed,False,
9998,RHEA:68160,copied_reference_feature,precomputed,precomputed,False,
9999,RHEA:68164,copied_reference_feature,precomputed,precomputed,False,
10000,RHEA:68168,copied_reference_feature,precomputed,precomputed,False,
10001,RHEA:68172,encoded_general_reaction,valid,cached,False,
10002,RHEA:68176,encoded_general_reaction,valid,cached,False,
10003,RHEA:68184,encoded_general_reaction,valid,cached,False,
10004,RHEA:68188,encoded_general_reaction,valid,cached,False,
10005,RHEA:68192,encoded_general_reaction,valid,cached,False,
10006,RHEA:68196,encoded_general_reaction,valid,cached,False,
10007,RHEA:68200,encoded_general_reaction,valid,cached,False,
10008,RHEA:68204,encoded_general_reaction,valid,cached,False,
10009,RHEA:68208,encoded_general_reaction,valid,cached,False,
10010,RHEA:68212,encoded_general_reaction,valid,cached,False,
10011,RHEA:68216,encoded_general_reaction,valid,cached,False,
10012,RHEA:68220,encoded_general_reaction,valid,cached,False,
10013,RHEA:68224,encoded_general_reaction,valid,cached,False,
10014,RHEA:68268,encoded_general_reaction,valid,cached,False,
10015,RHEA:68272,encoded_general_reaction,valid,cached,False,
10016,RHEA:68276,encoded_general_reaction,valid,cached,False,
10017,RHEA:68280,encoded_general_reaction,valid,cached,False,
10018,RHEA:68284,encoded_general_reaction,valid,cached,False,
10019,RHEA:68288,encoded_general_reaction,valid,cached,False,
10020,RHEA:68292,encoded_general_reaction,valid,cached,False,
10021,RHEA:68296,encoded_general_reaction,valid,cached,False,
10022,RHEA:68300,encoded_general_reaction,valid,cached,False,
10023,RHEA:68308,encoded_general_reaction,valid,cached,False,
10024,RHEA:68312,encoded_general_reaction,valid,cached,False,
10025,RHEA:68316,encoded_general_reaction,valid,cached,False,
10026,RHEA:68320,encoded_general_reaction,valid,cached,False,
10027,RHEA:68324,encoded_general_reaction,valid,cached,False,
10028,RHEA:68328,encoded_general_reaction,valid,cached,False,
10029,RHEA:68332,encoded_general_reaction,valid,cached,False,
10030,RHEA:68336,encoded_general_reaction,valid,cached,False,
10031,RHEA:68340,encoded_general_reaction,valid,cached,False,
10032,RHEA:68344,encoded_general_reaction,valid,cached,False,
10033,RHEA:68360,encoded_general_reaction,valid,cached,False,
10034,RHEA:68364,encoded_general_reaction,valid,cached,False,
10035,RHEA:68372,encoded_general_reaction,valid,cached,False,
10036,RHEA:68376,encoded_general_reaction,valid,cached,False,
10037,RHEA:68380,encoded_general_reaction,valid,cached,False,
10038,RHEA:68384,encoded_general_reaction,valid,cached,False,
10039,RHEA:68388,encoded_general_reaction,valid,cached,False,
10040,RHEA:68392,encoded_general_reaction,valid,cached,False,
10041,RHEA:68396,encoded_general_reaction,valid,cached,False,
10042,RHEA:68400,copied_reference_feature,precomputed,precomputed,False,
10043,RHEA:68404,encoded_general_reaction,valid,cached,False,
10044,RHEA:68408,encoded_general_reaction,valid,cached,False,
10045,RHEA:68416,encoded_general_reaction,valid,cached,False,
10046,RHEA:68420,encoded_general_reaction,valid,cached,False,
10047,RHEA:68424,encoded_general_reaction,valid,cached,False,
10048,RHEA:68428,encoded_general_reaction,valid,cached,False,
10049,RHEA:68432,encoded_general_reaction,valid,cached,False,
10050,RHEA:68436,encoded_general_reaction,valid,cached,False,
10051,RHEA:68440,encoded_general_reaction,valid,cached,False,
10052,RHEA:68444,encoded_general_reaction,valid,cached,False,
10053,RHEA:68448,encoded_general_reaction,valid,cached,False,
10054,RHEA:68452,encoded_general_reaction,valid,cached,False,
10055,RHEA:68456,encoded_general_reaction,valid,cached,False,
10056,RHEA:68468,copied_reference_feature,precomputed,precomputed,False,
10057,RHEA:68472,copied_reference_feature,precomputed,precomputed,False,
10058,RHEA:68504,copied_reference_feature,precomputed,precomputed,False,
10059,RHEA:68508,copied_reference_feature,precomputed,precomputed,False,
10060,RHEA:68512,copied_reference_feature,precomputed,precomputed,False,
10061,RHEA:68516,copied_reference_feature,precomputed,precomputed,False,
10062,RHEA:68520,copied_reference_feature,precomputed,precomputed,False,
10063,RHEA:68524,copied_reference_feature,precomputed,precomputed,False,
10064,RHEA:68528,copied_reference_feature,precomputed,precomputed,False,
10065,RHEA:68532,copied_reference_feature,precomputed,precomputed,False,
10066,RHEA:68536,copied_reference_feature,precomputed,precomputed,False,
10067,RHEA:68540,copied_reference_feature,precomputed,precomputed,False,
10068,RHEA:68544,copied_reference_feature,precomputed,precomputed,False,
10069,RHEA:68548,encoded_general_reaction,valid,cached,False,
10070,RHEA:68564,encoded_general_reaction,valid,cached,False,
10071,RHEA:68576,encoded_general_reaction,valid,cached,False,
10072,RHEA:68580,encoded_general_reaction,valid,cached,False,
10073,RHEA:68584,encoded_general_reaction,valid,cached,False,
10074,RHEA:68588,encoded_general_reaction,valid,cached,False,
10075,RHEA:68592,encoded_general_reaction,valid,cached,False,
10076,RHEA:68596,copied_reference_feature,precomputed,precomputed,False,
10077,RHEA:68600,encoded_general_reaction,valid,cached,False,
10078,RHEA:68604,encoded_general_reaction,valid,cached,False,
10079,RHEA:68608,encoded_general_reaction,valid,cached,False,
10080,RHEA:68612,encoded_general_reaction,valid,cached,False,
10081,RHEA:68616,encoded_general_reaction,valid,cached,False,
10082,RHEA:68636,copied_reference_feature,precomputed,precomputed,False,
10083,RHEA:68640,copied_reference_feature,precomputed,precomputed,False,
10084,RHEA:68644,copied_reference_feature,precomputed,precomputed,False,
10085,RHEA:68656,encoded_general_reaction,valid,cached,False,
10086,RHEA:68660,encoded_general_reaction,valid,cached,False,
10087,RHEA:68664,encoded_general_reaction,valid,cached,False,
10088,RHEA:68668,encoded_general_reaction,valid,cached,False,
10089,RHEA:68672,encoded_general_reaction,valid,cached,False,
10090,RHEA:68676,encoded_general_reaction,valid,cached,False,
10091,RHEA:68680,encoded_general_reaction,valid,cached,False,
10092,RHEA:68684,encoded_general_reaction,valid,cached,False,
10093,RHEA:68688,encoded_general_reaction,valid,cached,False,
10094,RHEA:68692,encoded_general_reaction,valid,cached,False,
10095,RHEA:68696,encoded_general_reaction,valid,cached,False,
10096,RHEA:68700,encoded_general_reaction,valid,cached,False,
10097,RHEA:68704,encoded_general_reaction,valid,cached,False,
10098,RHEA:68708,copied_reference_feature,precomputed,precomputed,False,
10099,RHEA:68712,copied_reference_feature,precomputed,precomputed,False,
10100,RHEA:68716,copied_reference_feature,precomputed,precomputed,False,
10101,RHEA:68720,encoded_general_reaction,valid,cached,False,
10102,RHEA:68724,encoded_general_reaction,valid,cached,False,
10103,RHEA:68728,encoded_general_reaction,valid,cached,False,
10104,RHEA:68732,encoded_general_reaction,valid,cached,False,
10105,RHEA:68736,encoded_general_reaction,valid,cached,False,
10106,RHEA:68740,encoded_general_reaction,valid,cached,False,
10107,RHEA:68744,encoded_general_reaction,valid,cached,False,
10108,RHEA:68756,encoded_general_reaction,valid,cached,False,
10109,RHEA:68760,encoded_general_reaction,valid,cached,False,
10110,RHEA:68764,encoded_general_reaction,valid,cached,False,
10111,RHEA:68768,encoded_general_reaction,valid,cached,False,
10112,RHEA:68772,copied_reference_feature,precomputed,precomputed,False,
10113,RHEA:68776,copied_reference_feature,precomputed,precomputed,False,
10114,RHEA:68780,copied_reference_feature,precomputed,precomputed,False,
10115,RHEA:68784,copied_reference_feature,precomputed,precomputed,False,
10116,RHEA:68788,copied_reference_feature,precomputed,precomputed,False,
10117,RHEA:68792,encoded_general_reaction,valid,cached,False,
10118,RHEA:68796,encoded_general_reaction,valid,cached,False,
10119,RHEA:68800,encoded_general_reaction,valid,cached,False,
10120,RHEA:68804,encoded_general_reaction,valid,cached,False,
10121,RHEA:68808,encoded_general_reaction,valid,cached,False,
10122,RHEA:68824,copied_reference_feature,precomputed,precomputed,False,
10123,RHEA:68828,encoded_general_reaction,valid,cached,False,
10124,RHEA:68844,copied_reference_feature,precomputed,precomputed,False,
10125,RHEA:68852,copied_reference_feature,precomputed,precomputed,False,
10126,RHEA:68864,encoded_general_reaction,valid,cached,False,
10127,RHEA:68868,encoded_general_reaction,valid,cached,False,
10128,RHEA:68872,encoded_general_reaction,valid,cached,False,
10129,RHEA:68876,encoded_general_reaction,valid,cached,False,
10130,RHEA:68880,encoded_general_reaction,valid,cached,False,
10131,RHEA:68884,encoded_general_reaction,valid,cached,False,
10132,RHEA:68888,encoded_general_reaction,valid,cached,False,
10133,RHEA:68892,encoded_general_reaction,valid,cached,False,
10134,RHEA:68896,encoded_general_reaction,valid,cached,False,
10135,RHEA:68900,encoded_general_reaction,valid,cached,False,
10136,RHEA:68904,encoded_general_reaction,valid,cached,False,
10137,RHEA:68908,encoded_general_reaction,valid,cached,False,
10138,RHEA:68912,encoded_general_reaction,valid,cached,False,
10139,RHEA:68916,encoded_general_reaction,valid,cached,False,
10140,RHEA:68920,encoded_general_reaction,valid,cached,False,
10141,RHEA:68924,encoded_general_reaction,valid,cached,False,
10142,RHEA:68928,encoded_general_reaction,valid,cached,False,
10143,RHEA:68932,encoded_general_reaction,valid,cached,False,
10144,RHEA:68936,encoded_general_reaction,valid,cached,False,
10145,RHEA:68944,encoded_general_reaction,valid,cached,False,
10146,RHEA:68948,encoded_general_reaction,valid,cached,False,
10147,RHEA:68960,encoded_general_reaction,valid,cached,False,
10148,RHEA:68964,encoded_general_reaction,valid,cached,False,
10149,RHEA:68968,encoded_general_reaction,valid,cached,False,
10150,RHEA:68972,encoded_general_reaction,valid,cached,False,
10151,RHEA:68976,encoded_general_reaction,valid,cached,False,
10152,RHEA:68980,encoded_general_reaction,valid,cached,False,
10153,RHEA:68984,encoded_general_reaction,valid,cached,False,
10154,RHEA:68988,encoded_general_reaction,valid,cached,False,
10155,RHEA:68992,encoded_general_reaction,valid,cached,False,
10156,RHEA:68996,encoded_general_reaction,valid,cached,False,
10157,RHEA:69000,encoded_general_reaction,valid,cached,False,
10158,RHEA:69004,encoded_general_reaction,valid,cached,False,
10159,RHEA:69008,encoded_general_reaction,valid,cached,False,
10160,RHEA:69012,encoded_general_reaction,valid,cached,False,
10161,RHEA:69016,encoded_general_reaction,valid,cached,False,
10162,RHEA:69028,encoded_general_reaction,valid,cached,False,
10163,RHEA:69036,encoded_general_reaction,valid,cached,False,
10164,RHEA:69044,encoded_general_reaction,valid,cached,False,
10165,RHEA:69052,encoded_general_reaction,valid,cached,False,
10166,RHEA:69056,encoded_general_reaction,valid,cached,False,
10167,RHEA:69060,encoded_general_reaction,valid,cached,False,
10168,RHEA:69064,encoded_general_reaction,valid,cached,False,
10169,RHEA:69068,encoded_general_reaction,valid,cached,False,
10170,RHEA:69072,encoded_general_reaction,valid,cached,False,
10171,RHEA:69076,encoded_general_reaction,valid,cached,False,
10172,RHEA:69096,encoded_general_reaction,valid,cached,False,
10173,RHEA:69104,encoded_general_reaction,valid,cached,False,
10174,RHEA:69112,encoded_general_reaction,valid,cached,False,
10175,RHEA:69116,encoded_general_reaction,valid,cached,False,
10176,RHEA:69120,encoded_general_reaction,valid,cached,False,
10177,RHEA:69124,encoded_general_reaction,valid,cached,False,
10178,RHEA:69128,encoded_general_reaction,valid,cached,False,
10179,RHEA:69172,encoded_general_reaction,valid,cached,False,
10180,RHEA:69176,encoded_general_reaction,valid,cached,False,
10181,RHEA:69180,encoded_general_reaction,valid,cached,False,
10182,RHEA:69216,encoded_general_reaction,valid,cached,False,
10183,RHEA:69228,encoded_general_reaction,valid,cached,False,
10184,RHEA:69252,encoded_general_reaction,valid,cached,False,
10185,RHEA:69272,encoded_general_reaction,valid,cached,False,
10186,RHEA:69276,encoded_general_reaction,valid,cached,False,
10187,RHEA:69284,encoded_general_reaction,valid,cached,False,
10188,RHEA:69308,encoded_general_reaction,valid,cached,False,
10189,RHEA:69312,encoded_general_reaction,valid,cached,False,
10190,RHEA:69316,encoded_general_reaction,valid,cached,False,
10191,RHEA:69320,encoded_general_reaction,valid,cached,False,
10192,RHEA:69328,encoded_general_reaction,valid,cached,False,
10193,RHEA:69332,encoded_general_reaction,valid,cached,False,
10194,RHEA:69356,encoded_general_reaction,valid,cached,False,
10195,RHEA:69360,encoded_general_reaction,valid,cached,False,
10196,RHEA:69368,encoded_general_reaction,valid,cached,False,
10197,RHEA:69372,encoded_general_reaction,valid,cached,False,
10198,RHEA:69376,encoded_general_reaction,valid,cached,False,
10199,RHEA:69380,encoded_general_reaction,valid,cached,False,
10200,RHEA:69384,encoded_general_reaction,valid,cached,False,
10201,RHEA:69388,encoded_general_reaction,valid,cached,False,
10202,RHEA:69396,encoded_general_reaction,valid,cached,False,
10203,RHEA:69400,encoded_general_reaction,valid,cached,False,
10204,RHEA:69408,encoded_general_reaction,valid,cached,False,
10205,RHEA:69412,encoded_general_reaction,valid,cached,False,
10206,RHEA:69416,encoded_general_reaction,valid,cached,False,
10207,RHEA:69420,encoded_general_reaction,valid,cached,False,
10208,RHEA:69424,encoded_general_reaction,valid,cached,False,
10209,RHEA:69432,encoded_general_reaction,valid,cached,False,
10210,RHEA:69436,encoded_general_reaction,valid,cached,False,
10211,RHEA:69440,encoded_general_reaction,valid,cached,False,
10212,RHEA:69444,copied_reference_feature,precomputed,precomputed,False,
10213,RHEA:69448,copied_reference_feature,precomputed,precomputed,False,
10214,RHEA:69452,encoded_general_reaction,valid,cached,False,
10215,RHEA:69456,encoded_general_reaction,valid,cached,False,
10216,RHEA:69460,encoded_general_reaction,valid,cached,False,
10217,RHEA:69464,encoded_general_reaction,valid,cached,False,
10218,RHEA:69476,encoded_general_reaction,valid,cached,False,
10219,RHEA:69484,encoded_general_reaction,valid,cached,False,
10220,RHEA:69488,encoded_general_reaction,valid,cached,False,
10221,RHEA:69492,encoded_general_reaction,valid,cached,False,
10222,RHEA:69496,encoded_general_reaction,valid,cached,False,
10223,RHEA:69500,encoded_general_reaction,valid,cached,False,
10224,RHEA:69504,encoded_general_reaction,valid,cached,False,
10225,RHEA:69512,encoded_general_reaction,valid,cached,False,
10226,RHEA:69516,encoded_general_reaction,valid,cached,False,
10227,RHEA:69524,encoded_general_reaction,valid,cached,False,
10228,RHEA:69540,encoded_general_reaction,valid,cached,False,
10229,RHEA:69544,encoded_general_reaction,valid,cached,False,
10230,RHEA:69548,encoded_general_reaction,valid,cached,False,
10231,RHEA:69552,encoded_general_reaction,valid,cached,False,
10232,RHEA:69572,encoded_general_reaction,valid,cached,False,
10233,RHEA:69576,encoded_general_reaction,valid,cached,False,
10234,RHEA:69580,encoded_general_reaction,valid,cached,False,
10235,RHEA:69584,encoded_general_reaction,valid,cached,False,
10236,RHEA:69588,encoded_general_reaction,valid,cached,False,
10237,RHEA:69592,encoded_general_reaction,valid,cached,False,
10238,RHEA:69596,encoded_general_reaction,valid,cached,False,
10239,RHEA:69603,encoded_general_reaction,valid,cached,False,
10240,RHEA:69607,encoded_general_reaction,valid,cached,False,
10241,RHEA:69615,encoded_general_reaction,valid,cached,False,
10242,RHEA:69619,encoded_general_reaction,valid,cached,False,
10243,RHEA:69623,encoded_general_reaction,valid,cached,False,
10244,RHEA:69627,encoded_general_reaction,valid,cached,False,
10245,RHEA:69631,encoded_general_reaction,valid,cached,False,
10246,RHEA:69635,encoded_general_reaction,valid,cached,False,
10247,RHEA:69639,encoded_general_reaction,valid,cached,False,
10248,RHEA:69643,encoded_general_reaction,valid,cached,False,
10249,RHEA:69647,encoded_general_reaction,valid,cached,False,
10250,RHEA:69651,encoded_general_reaction,valid,cached,False,
10251,RHEA:69655,encoded_general_reaction,valid,cached,False,
10252,RHEA:69659,encoded_general_reaction,valid,cached,False,
10253,RHEA:69663,encoded_general_reaction,valid,cached,False,
10254,RHEA:69667,encoded_general_reaction,valid,cached,False,
10255,RHEA:69671,encoded_general_reaction,valid,cached,False,
10256,RHEA:69675,encoded_general_reaction,valid,cached,False,
10257,RHEA:69679,encoded_general_reaction,valid,cached,False,
10258,RHEA:69683,encoded_general_reaction,valid,cached,False,
10259,RHEA:69687,encoded_general_reaction,valid,cached,False,
10260,RHEA:69691,encoded_general_reaction,valid,cached,False,
10261,RHEA:69695,encoded_general_reaction,valid,cached,False,
10262,RHEA:69699,encoded_general_reaction,valid,cached,False,
10263,RHEA:69703,encoded_general_reaction,valid,cached,False,
10264,RHEA:69707,encoded_general_reaction,valid,cached,False,
10265,RHEA:69711,encoded_general_reaction,valid,cached,False,
10266,RHEA:69715,encoded_general_reaction,valid,cached,False,
10267,RHEA:69719,encoded_general_reaction,valid,cached,False,
10268,RHEA:69723,encoded_general_reaction,valid,cached,False,
10269,RHEA:69735,encoded_general_reaction,valid,cached,False,
10270,RHEA:69739,encoded_general_reaction,valid,cached,False,
10271,RHEA:69743,encoded_general_reaction,valid,cached,False,
10272,RHEA:69747,encoded_general_reaction,valid,cached,False,
10273,RHEA:69751,encoded_general_reaction,valid,cached,False,
10274,RHEA:69755,encoded_general_reaction,valid,cached,False,
10275,RHEA:69759,encoded_general_reaction,valid,cached,False,
10276,RHEA:69767,encoded_general_reaction,valid,cached,False,
10277,RHEA:69775,copied_reference_feature,precomputed,precomputed,False,
10278,RHEA:69779,encoded_general_reaction,valid,cached,False,
10279,RHEA:69783,encoded_general_reaction,valid,cached,False,
10280,RHEA:69787,encoded_general_reaction,valid,cached,False,
10281,RHEA:69811,encoded_general_reaction,valid,cached,False,
10282,RHEA:69819,encoded_general_reaction,valid,cached,False,
10283,RHEA:69831,encoded_general_reaction,valid,cached,False,
10284,RHEA:69835,encoded_general_reaction,valid,cached,False,
10285,RHEA:69839,encoded_general_reaction,valid,cached,False,
10286,RHEA:69851,encoded_general_reaction,valid,cached,False,
10287,RHEA:69855,encoded_general_reaction,valid,cached,False,
10288,RHEA:69859,encoded_general_reaction,valid,cached,False,
10289,RHEA:69863,encoded_general_reaction,valid,cached,False,
10290,RHEA:69871,encoded_general_reaction,valid,cached,False,
10291,RHEA:69875,encoded_general_reaction,valid,cached,False,
10292,RHEA:69879,encoded_general_reaction,valid,cached,False,
10293,RHEA:69923,encoded_general_reaction,valid,cached,False,
10294,RHEA:69939,encoded_general_reaction,valid,cached,False,
10295,RHEA:69943,encoded_general_reaction,valid,cached,False,
10296,RHEA:69947,encoded_general_reaction,valid,cached,False,
10297,RHEA:69951,encoded_general_reaction,valid,cached,False,
10298,RHEA:69959,encoded_general_reaction,valid,cached,False,
10299,RHEA:69963,encoded_general_reaction,valid,cached,False,
10300,RHEA:69971,encoded_general_reaction,valid,cached,False,
10301,RHEA:69975,encoded_general_reaction,valid,cached,False,
10302,RHEA:69979,encoded_general_reaction,valid,cached,False,
10303,RHEA:69983,encoded_general_reaction,valid,cached,False,
10304,RHEA:69987,encoded_general_reaction,valid,cached,False,
10305,RHEA:69991,encoded_general_reaction,valid,cached,False,
10306,RHEA:70003,encoded_general_reaction,valid,cached,False,
10307,RHEA:70015,encoded_general_reaction,valid,cached,False,
10308,RHEA:70019,encoded_general_reaction,valid,cached,False,
10309,RHEA:70027,encoded_general_reaction,valid,cached,False,
10310,RHEA:70031,encoded_general_reaction,valid,cached,False,
10311,RHEA:70035,encoded_general_reaction,valid,cached,False,
10312,RHEA:70039,encoded_general_reaction,valid,cached,False,
10313,RHEA:70043,encoded_general_reaction,valid,cached,False,
10314,RHEA:70047,encoded_general_reaction,valid,cached,False,
10315,RHEA:70051,encoded_general_reaction,valid,cached,False,
10316,RHEA:70059,encoded_general_reaction,valid,cached,False,
10317,RHEA:70063,encoded_general_reaction,valid,cached,False,
10318,RHEA:70067,encoded_general_reaction,valid,cached,False,
10319,RHEA:70071,encoded_general_reaction,valid,cached,False,
10320,RHEA:70075,encoded_general_reaction,valid,cached,False,
10321,RHEA:70079,encoded_general_reaction,valid,cached,False,
10322,RHEA:70111,encoded_general_reaction,valid,cached,False,
10323,RHEA:70115,encoded_general_reaction,valid,cached,False,
10324,RHEA:70119,encoded_general_reaction,valid,cached,False,
10325,RHEA:70123,encoded_general_reaction,valid,cached,False,
10326,RHEA:70127,encoded_general_reaction,valid,cached,False,
10327,RHEA:70131,encoded_general_reaction,valid,cached,False,
10328,RHEA:70135,encoded_general_reaction,valid,cached,False,
10329,RHEA:70139,encoded_general_reaction,valid,cached,False,
10330,RHEA:70143,encoded_general_reaction,valid,cached,False,
10331,RHEA:70147,encoded_general_reaction,valid,cached,False,
10332,RHEA:70151,encoded_general_reaction,valid,cached,False,
10333,RHEA:70155,encoded_general_reaction,valid,cached,False,
10334,RHEA:70199,encoded_general_reaction,valid,cached,False,
10335,RHEA:70211,encoded_general_reaction,valid,cached,False,
10336,RHEA:70215,encoded_general_reaction,valid,cached,False,
10337,RHEA:70219,encoded_general_reaction,valid,cached,False,
10338,RHEA:70223,encoded_general_reaction,valid,cached,False,
10339,RHEA:70227,encoded_general_reaction,valid,cached,False,
10340,RHEA:70231,encoded_general_reaction,valid,cached,False,
10341,RHEA:70235,encoded_general_reaction,valid,cached,False,
10342,RHEA:70239,encoded_general_reaction,valid,cached,False,
10343,RHEA:70243,encoded_general_reaction,valid,cached,False,
10344,RHEA:70247,encoded_general_reaction,valid,cached,False,
10345,RHEA:70251,encoded_general_reaction,valid,cached,False,
10346,RHEA:70255,encoded_general_reaction,valid,cached,False,
10347,RHEA:70263,encoded_general_reaction,valid,cached,False,
10348,RHEA:70271,encoded_general_reaction,valid,cached,False,
10349,RHEA:70275,encoded_general_reaction,valid,cached,False,
10350,RHEA:70279,encoded_general_reaction,valid,cached,False,
10351,RHEA:70283,encoded_general_reaction,valid,cached,False,
10352,RHEA:70287,encoded_general_reaction,valid,cached,False,
10353,RHEA:70295,encoded_general_reaction,valid,cached,False,
10354,RHEA:70303,encoded_general_reaction,valid,cached,False,
10355,RHEA:70307,encoded_general_reaction,valid,cached,False,
10356,RHEA:70311,encoded_general_reaction,valid,cached,False,
10357,RHEA:70315,encoded_general_reaction,valid,cached,False,
10358,RHEA:70319,encoded_general_reaction,valid,cached,False,
10359,RHEA:70339,encoded_general_reaction,valid,cached,False,
10360,RHEA:70343,encoded_general_reaction,valid,cached,False,
10361,RHEA:70347,encoded_general_reaction,valid,cached,False,
10362,RHEA:70351,encoded_general_reaction,valid,cached,False,
10363,RHEA:70359,encoded_general_reaction,valid,cached,False,
10364,RHEA:70363,encoded_general_reaction,valid,cached,False,
10365,RHEA:70367,encoded_general_reaction,valid,cached,False,
10366,RHEA:70371,encoded_general_reaction,valid,cached,False,
10367,RHEA:70375,encoded_general_reaction,valid,cached,False,
10368,RHEA:70379,encoded_general_reaction,valid,cached,False,
10369,RHEA:70383,encoded_general_reaction,valid,cached,False,
10370,RHEA:70387,encoded_general_reaction,valid,cached,False,
10371,RHEA:70391,encoded_general_reaction,valid,cached,False,
10372,RHEA:70395,encoded_general_reaction,valid,cached,False,
10373,RHEA:70399,encoded_general_reaction,valid,cached,False,
10374,RHEA:70403,encoded_general_reaction,valid,cached,False,
10375,RHEA:70407,encoded_general_reaction,valid,cached,False,
10376,RHEA:70435,encoded_general_reaction,valid,cached,False,
10377,RHEA:70439,encoded_general_reaction,valid,cached,False,
10378,RHEA:70443,encoded_general_reaction,valid,cached,False,
10379,RHEA:70447,encoded_general_reaction,valid,cached,False,
10380,RHEA:70459,encoded_general_reaction,valid,cached,False,
10381,RHEA:70463,encoded_general_reaction,valid,cached,False,
10382,RHEA:70467,encoded_general_reaction,valid,cached,False,
10383,RHEA:70471,encoded_general_reaction,valid,cached,False,
10384,RHEA:70479,encoded_general_reaction,valid,cached,False,
10385,RHEA:70487,encoded_general_reaction,valid,cached,False,
10386,RHEA:70491,encoded_general_reaction,valid,cached,False,
10387,RHEA:70503,encoded_general_reaction,valid,cached,False,
10388,RHEA:70507,encoded_general_reaction,valid,cached,False,
10389,RHEA:70511,encoded_general_reaction,valid,cached,False,
10390,RHEA:70519,encoded_general_reaction,valid,cached,False,
10391,RHEA:70527,encoded_general_reaction,valid,cached,False,
10392,RHEA:70531,encoded_general_reaction,valid,cached,False,
10393,RHEA:70563,encoded_general_reaction,valid,cached,False,
10394,RHEA:70567,encoded_general_reaction,valid,cached,False,
10395,RHEA:70575,encoded_general_reaction,valid,cached,False,
10396,RHEA:70579,encoded_general_reaction,valid,cached,False,
10397,RHEA:70583,encoded_general_reaction,valid,cached,False,
10398,RHEA:70591,encoded_general_reaction,valid,cached,False,
10399,RHEA:70595,encoded_general_reaction,valid,cached,False,
10400,RHEA:70599,encoded_general_reaction,valid,cached,False,
10401,RHEA:70603,encoded_general_reaction,valid,cached,False,
10402,RHEA:70607,encoded_general_reaction,valid,cached,False,
10403,RHEA:70611,encoded_general_reaction,valid,cached,False,
10404,RHEA:70615,encoded_general_reaction,valid,cached,False,
10405,RHEA:70619,encoded_general_reaction,valid,cached,False,
10406,RHEA:70623,encoded_general_reaction,valid,cached,False,
10407,RHEA:70631,encoded_general_reaction,valid,cached,False,
10408,RHEA:70651,encoded_general_reaction,valid,cached,False,
10409,RHEA:70667,encoded_general_reaction,valid,cached,False,
10410,RHEA:70671,encoded_general_reaction,valid,cached,False,
10411,RHEA:70675,encoded_general_reaction,valid,cached,False,
10412,RHEA:70683,encoded_general_reaction,valid,cached,False,
10413,RHEA:70707,encoded_general_reaction,valid,cached,False,
10414,RHEA:70727,encoded_general_reaction,valid,cached,False,
10415,RHEA:70739,encoded_general_reaction,valid,cached,False,
10416,RHEA:70743,encoded_general_reaction,valid,cached,False,
10417,RHEA:70747,encoded_general_reaction,valid,cached,False,
10418,RHEA:70751,encoded_general_reaction,valid,cached,False,
10419,RHEA:70755,encoded_general_reaction,valid,cached,False,
10420,RHEA:70759,encoded_general_reaction,valid,cached,False,
10421,RHEA:70763,encoded_general_reaction,valid,cached,False,
10422,RHEA:70767,encoded_general_reaction,valid,cached,False,
10423,RHEA:70771,encoded_general_reaction,valid,cached,False,
10424,RHEA:70775,encoded_general_reaction,valid,cached,False,
10425,RHEA:70779,encoded_general_reaction,valid,cached,False,
10426,RHEA:70803,encoded_general_reaction,valid,cached,False,
10427,RHEA:70807,encoded_general_reaction,valid,cached,False,
10428,RHEA:70811,encoded_general_reaction,valid,cached,False,
10429,RHEA:70895,encoded_general_reaction,valid,cached,False,
10430,RHEA:70899,encoded_general_reaction,valid,cached,False,
10431,RHEA:70903,encoded_general_reaction,valid,cached,False,
10432,RHEA:70907,encoded_general_reaction,valid,cached,False,
10433,RHEA:70911,encoded_general_reaction,valid,cached,False,
10434,RHEA:70999,encoded_general_reaction,valid,cached,False,
10435,RHEA:71015,encoded_general_reaction,valid,cached,False,
10436,RHEA:71079,encoded_general_reaction,valid,cached,False,
10437,RHEA:71115,encoded_general_reaction,valid,cached,False,
10438,RHEA:71119,encoded_general_reaction,valid,cached,False,
10439,RHEA:71123,encoded_general_reaction,valid,cached,False,
10440,RHEA:71139,encoded_general_reaction,valid,cached,False,
10441,RHEA:71143,encoded_general_reaction,valid,cached,False,
10442,RHEA:71147,encoded_general_reaction,valid,cached,False,
10443,RHEA:71155,encoded_general_reaction,valid,cached,False,
10444,RHEA:71231,encoded_general_reaction,valid,cached,False,
10445,RHEA:71251,encoded_general_reaction,valid,cached,False,
10446,RHEA:71395,encoded_general_reaction,valid,cached,False,
10447,RHEA:71399,encoded_general_reaction,valid,cached,False,
10448,RHEA:71403,encoded_general_reaction,valid,cached,False,
10449,RHEA:71407,encoded_general_reaction,valid,cached,False,
10450,RHEA:71451,encoded_general_reaction,valid,cached,False,
10451,RHEA:71455,encoded_general_reaction,valid,cached,False,
10452,RHEA:71459,encoded_general_reaction,valid,cached,False,
10453,RHEA:71463,encoded_general_reaction,valid,cached,False,
10454,RHEA:71467,encoded_general_reaction,valid,cached,False,
10455,RHEA:71471,encoded_general_reaction,valid,cached,False,
10456,RHEA:71475,encoded_general_reaction,valid,cached,False,
10457,RHEA:71479,encoded_general_reaction,valid,cached,False,
10458,RHEA:71483,encoded_general_reaction,valid,cached,False,
10459,RHEA:71487,encoded_general_reaction,valid,cached,False,
10460,RHEA:71643,encoded_general_reaction,valid,cached,False,
10461,RHEA:71651,encoded_general_reaction,valid,cached,False,
10462,RHEA:71655,encoded_general_reaction,valid,cached,False,
10463,RHEA:71735,encoded_general_reaction,valid,cached,False,
10464,RHEA:71767,encoded_general_reaction,valid,cached,False,
10465,RHEA:71771,encoded_general_reaction,valid,cached,False,
10466,RHEA:71787,encoded_general_reaction,valid,cached,False,
10467,RHEA:71807,encoded_general_reaction,valid,cached,False,
10468,RHEA:71879,encoded_general_reaction,valid,cached,False,
10469,RHEA:71883,encoded_general_reaction,valid,cached,False,
10470,RHEA:71887,encoded_general_reaction,valid,cached,False,
10471,RHEA:71891,encoded_general_reaction,valid,cached,False,
10472,RHEA:71895,encoded_general_reaction,valid,cached,False,
10473,RHEA:71899,encoded_general_reaction,valid,cached,False,
10474,RHEA:71903,encoded_general_reaction,valid,cached,False,
10475,RHEA:71907,encoded_general_reaction,valid,cached,False,
10476,RHEA:71979,copied_reference_feature,precomputed,precomputed,False,
10477,RHEA:71983,copied_reference_feature,precomputed,precomputed,False,
10478,RHEA:71987,copied_reference_feature,precomputed,precomputed,False,
10479,RHEA:71991,copied_reference_feature,precomputed,precomputed,False,
10480,RHEA:71995,copied_reference_feature,precomputed,precomputed,False,
10481,RHEA:71999,copied_reference_feature,precomputed,precomputed,False,
10482,RHEA:72015,encoded_general_reaction,valid,cached,False,
10483,RHEA:72019,encoded_general_reaction,valid,cached,False,
10484,RHEA:72031,encoded_general_reaction,valid,cached,False,
10485,RHEA:72047,encoded_general_reaction,valid,cached,False,
10486,RHEA:72067,encoded_general_reaction,valid,cached,False,
10487,RHEA:72071,encoded_general_reaction,valid,cached,False,
10488,RHEA:72075,encoded_general_reaction,valid,cached,False,
10489,RHEA:72083,encoded_general_reaction,valid,cached,False,
10490,RHEA:72143,encoded_general_reaction,valid,cached,False,
10491,RHEA:72147,encoded_general_reaction,valid,cached,False,
10492,RHEA:72191,encoded_general_reaction,valid,cached,False,
10493,RHEA:72243,encoded_general_reaction,valid,cached,False,
10494,RHEA:72419,encoded_general_reaction,valid,cached,False,
10495,RHEA:72423,encoded_general_reaction,valid,cached,False,
10496,RHEA:72431,encoded_general_reaction,valid,cached,False,
10497,RHEA:72435,encoded_general_reaction,valid,cached,False,
10498,RHEA:72439,encoded_general_reaction,valid,cached,False,
10499,RHEA:72443,encoded_general_reaction,valid,cached,False,
10500,RHEA:72463,encoded_general_reaction,valid,cached,False,
10501,RHEA:72467,encoded_general_reaction,valid,cached,False,
10502,RHEA:72519,encoded_general_reaction,valid,cached,False,
10503,RHEA:72523,encoded_general_reaction,valid,cached,False,
10504,RHEA:72527,encoded_general_reaction,valid,cached,False,
10505,RHEA:72531,encoded_general_reaction,valid,cached,False,
10506,RHEA:72535,encoded_general_reaction,valid,cached,False,
10507,RHEA:72539,encoded_general_reaction,valid,cached,False,
10508,RHEA:72575,encoded_general_reaction,valid,cached,False,
10509,RHEA:72579,encoded_general_reaction,valid,cached,False,
10510,RHEA:72583,encoded_general_reaction,valid,cached,False,
10511,RHEA:72587,encoded_general_reaction,valid,cached,False,
10512,RHEA:72603,encoded_general_reaction,valid,cached,False,
10513,RHEA:72607,encoded_general_reaction,valid,cached,False,
10514,RHEA:72635,encoded_general_reaction,valid,cached,False,
10515,RHEA:72639,encoded_general_reaction,valid,cached,False,
10516,RHEA:72643,encoded_general_reaction,valid,cached,False,
10517,RHEA:72647,encoded_general_reaction,valid,cached,False,
10518,RHEA:72651,encoded_general_reaction,valid,cached,False,
10519,RHEA:72655,encoded_general_reaction,valid,cached,False,
10520,RHEA:72659,encoded_general_reaction,valid,cached,False,
10521,RHEA:72663,encoded_general_reaction,valid,cached,False,
10522,RHEA:72667,encoded_general_reaction,valid,cached,False,
10523,RHEA:72671,encoded_general_reaction,valid,cached,False,
10524,RHEA:72679,encoded_general_reaction,valid,cached,False,
10525,RHEA:72699,encoded_general_reaction,valid,cached,False,
10526,RHEA:72715,encoded_general_reaction,valid,cached,False,
10527,RHEA:72719,encoded_general_reaction,valid,cached,False,
10528,RHEA:72751,encoded_general_reaction,valid,cached,False,
10529,RHEA:72755,encoded_general_reaction,valid,cached,False,
10530,RHEA:72759,encoded_general_reaction,valid,cached,False,
10531,RHEA:72763,encoded_general_reaction,valid,cached,False,
10532,RHEA:72767,encoded_general_reaction,valid,cached,False,
10533,RHEA:72771,encoded_general_reaction,valid,cached,False,
10534,RHEA:72775,encoded_general_reaction,valid,cached,False,
10535,RHEA:72779,encoded_general_reaction,valid,cached,False,
10536,RHEA:72871,encoded_general_reaction,valid,cached,False,
10537,RHEA:72875,encoded_general_reaction,valid,cached,False,
10538,RHEA:72879,encoded_general_reaction,valid,cached,False,
10539,RHEA:72883,encoded_general_reaction,valid,cached,False,
10540,RHEA:72887,encoded_general_reaction,valid,cached,False,
10541,RHEA:72895,encoded_general_reaction,valid,cached,False,
10542,RHEA:72899,encoded_general_reaction,valid,cached,False,
10543,RHEA:72903,encoded_general_reaction,valid,cached,False,
10544,RHEA:72919,encoded_general_reaction,valid,cached,False,
10545,RHEA:72923,encoded_general_reaction,valid,cached,False,
10546,RHEA:72927,encoded_general_reaction,valid,cached,False,
10547,RHEA:72931,encoded_general_reaction,valid,cached,False,
10548,RHEA:72975,encoded_general_reaction,valid,cached,False,
10549,RHEA:72979,encoded_general_reaction,valid,cached,False,
10550,RHEA:72983,encoded_general_reaction,valid,cached,False,
10551,RHEA:72999,encoded_general_reaction,valid,cached,False,
10552,RHEA:73003,encoded_general_reaction,valid,cached,False,
10553,RHEA:73067,encoded_general_reaction,valid,cached,False,
10554,RHEA:73071,encoded_general_reaction,valid,cached,False,
10555,RHEA:73075,encoded_general_reaction,valid,cached,False,
10556,RHEA:73079,encoded_general_reaction,valid,cached,False,
10557,RHEA:73083,encoded_general_reaction,valid,cached,False,
10558,RHEA:73103,encoded_general_reaction,valid,cached,False,
10559,RHEA:73107,encoded_general_reaction,valid,cached,False,
10560,RHEA:73111,encoded_general_reaction,valid,cached,False,
10561,RHEA:73115,encoded_general_reaction,valid,cached,False,
10562,RHEA:73119,encoded_general_reaction,valid,cached,False,
10563,RHEA:73123,encoded_general_reaction,valid,cached,False,
10564,RHEA:73127,encoded_general_reaction,valid,cached,False,
10565,RHEA:73131,encoded_general_reaction,valid,cached,False,
10566,RHEA:73135,encoded_general_reaction,valid,cached,False,
10567,RHEA:73179,encoded_general_reaction,valid,cached,False,
10568,RHEA:73187,encoded_general_reaction,valid,cached,False,
10569,RHEA:73191,encoded_general_reaction,valid,cached,False,
10570,RHEA:73231,encoded_general_reaction,valid,cached,False,
10571,RHEA:73235,encoded_general_reaction,valid,cached,False,
10572,RHEA:73239,encoded_general_reaction,valid,cached,False,
10573,RHEA:73243,encoded_general_reaction,valid,cached,False,
10574,RHEA:73247,encoded_general_reaction,valid,cached,False,
10575,RHEA:73251,encoded_general_reaction,valid,cached,False,
10576,RHEA:73255,encoded_general_reaction,valid,cached,False,
10577,RHEA:73259,encoded_general_reaction,valid,cached,False,
10578,RHEA:73263,encoded_general_reaction,valid,cached,False,
10579,RHEA:73271,encoded_general_reaction,valid,cached,False,
10580,RHEA:73275,encoded_general_reaction,valid,cached,False,
10581,RHEA:73287,encoded_general_reaction,valid,cached,False,
10582,RHEA:73295,encoded_general_reaction,valid,cached,False,
10583,RHEA:73319,encoded_general_reaction,valid,cached,False,
10584,RHEA:73323,encoded_general_reaction,valid,cached,False,
10585,RHEA:73327,encoded_general_reaction,valid,cached,False,
10586,RHEA:73331,encoded_general_reaction,valid,cached,False,
10587,RHEA:73335,encoded_general_reaction,valid,cached,False,
10588,RHEA:73339,encoded_general_reaction,valid,cached,False,
10589,RHEA:73343,encoded_general_reaction,valid,cached,False,
10590,RHEA:73347,encoded_general_reaction,valid,cached,False,
10591,RHEA:73351,encoded_general_reaction,valid,cached,False,
10592,RHEA:73355,encoded_general_reaction,valid,cached,False,
10593,RHEA:73359,encoded_general_reaction,valid,cached,False,
10594,RHEA:73363,encoded_general_reaction,valid,cached,False,
10595,RHEA:73415,encoded_general_reaction,valid,cached,False,
10596,RHEA:73427,encoded_general_reaction,valid,cached,False,
10597,RHEA:73431,encoded_general_reaction,valid,cached,False,
10598,RHEA:73435,encoded_general_reaction,valid,cached,False,
10599,RHEA:73439,encoded_general_reaction,valid,cached,False,
10600,RHEA:73443,encoded_general_reaction,valid,cached,False,
10601,RHEA:73455,encoded_general_reaction,valid,cached,False,
10602,RHEA:73459,encoded_general_reaction,valid,cached,False,
10603,RHEA:73463,encoded_general_reaction,valid,cached,False,
10604,RHEA:73467,encoded_general_reaction,valid,cached,False,
10605,RHEA:73495,encoded_general_reaction,valid,cached,False,
10606,RHEA:73499,encoded_general_reaction,valid,cached,False,
10607,RHEA:73503,encoded_general_reaction,valid,cached,False,
10608,RHEA:73507,encoded_general_reaction,valid,cached,False,
10609,RHEA:73511,encoded_general_reaction,valid,cached,False,
10610,RHEA:73555,encoded_general_reaction,valid,cached,False,
10611,RHEA:73571,encoded_general_reaction,valid,cached,False,
10612,RHEA:73575,encoded_general_reaction,valid,cached,False,
10613,RHEA:73579,encoded_general_reaction,valid,cached,False,
10614,RHEA:73655,encoded_general_reaction,valid,cached,False,
10615,RHEA:73663,encoded_general_reaction,valid,cached,False,
10616,RHEA:73667,encoded_general_reaction,valid,cached,False,
10617,RHEA:73683,encoded_general_reaction,valid,cached,False,
10618,RHEA:73723,encoded_general_reaction,valid,cached,False,
10619,RHEA:73727,encoded_general_reaction,valid,cached,False,
10620,RHEA:73731,encoded_general_reaction,valid,cached,False,
10621,RHEA:73735,encoded_general_reaction,valid,cached,False,
10622,RHEA:73759,encoded_general_reaction,valid,cached,False,
10623,RHEA:73763,encoded_general_reaction,valid,cached,False,
10624,RHEA:73767,encoded_general_reaction,valid,cached,False,
10625,RHEA:73771,encoded_general_reaction,valid,cached,False,
10626,RHEA:73775,encoded_general_reaction,valid,cached,False,
10627,RHEA:73779,encoded_general_reaction,valid,cached,False,
10628,RHEA:73783,encoded_general_reaction,valid,cached,False,
10629,RHEA:73787,encoded_general_reaction,valid,cached,False,
10630,RHEA:73791,encoded_general_reaction,valid,cached,False,
10631,RHEA:73795,encoded_general_reaction,valid,cached,False,
10632,RHEA:73799,encoded_general_reaction,valid,cached,False,
10633,RHEA:73803,encoded_general_reaction,valid,cached,False,
10634,RHEA:73815,encoded_general_reaction,valid,cached,False,
10635,RHEA:73891,encoded_general_reaction,valid,cached,False,
10636,RHEA:73895,encoded_general_reaction,valid,cached,False,
10637,RHEA:73899,encoded_general_reaction,valid,cached,False,
10638,RHEA:73903,encoded_general_reaction,valid,cached,False,
10639,RHEA:73907,encoded_general_reaction,valid,cached,False,
10640,RHEA:73911,encoded_general_reaction,valid,cached,False,
10641,RHEA:73915,encoded_general_reaction,valid,cached,False,
10642,RHEA:73923,encoded_general_reaction,valid,cached,False,
10643,RHEA:73927,encoded_general_reaction,valid,cached,False,
10644,RHEA:73931,encoded_general_reaction,valid,cached,False,
10645,RHEA:73935,encoded_general_reaction,valid,cached,False,
10646,RHEA:73939,encoded_general_reaction,valid,cached,False,
10647,RHEA:73943,encoded_general_reaction,valid,cached,False,
10648,RHEA:73951,copied_reference_feature,precomputed,precomputed,False,
10649,RHEA:73955,encoded_general_reaction,valid,cached,False,
10650,RHEA:73959,encoded_general_reaction,valid,cached,False,
10651,RHEA:73963,copied_reference_feature,precomputed,precomputed,False,
10652,RHEA:73967,encoded_general_reaction,valid,cached,False,
10653,RHEA:73971,encoded_general_reaction,valid,cached,False,
10654,RHEA:73975,encoded_general_reaction,valid,cached,False,
10655,RHEA:73979,copied_reference_feature,precomputed,precomputed,False,
10656,RHEA:73983,copied_reference_feature,precomputed,precomputed,False,
10657,RHEA:73987,copied_reference_feature,precomputed,precomputed,False,
10658,RHEA:73991,copied_reference_feature,precomputed,precomputed,False,
10659,RHEA:73995,copied_reference_feature,precomputed,precomputed,False,
10660,RHEA:73999,encoded_general_reaction,valid,cached,False,
10661,RHEA:74003,encoded_general_reaction,valid,cached,False,
10662,RHEA:74007,encoded_general_reaction,valid,cached,False,
10663,RHEA:74011,encoded_general_reaction,valid,cached,False,
10664,RHEA:74075,encoded_general_reaction,valid,cached,False,
10665,RHEA:74079,encoded_general_reaction,valid,cached,False,
10666,RHEA:74083,encoded_general_reaction,valid,cached,False,
10667,RHEA:74103,encoded_general_reaction,valid,cached,False,
10668,RHEA:74107,copied_reference_feature,precomputed,precomputed,False,
10669,RHEA:74111,encoded_general_reaction,valid,cached,False,
10670,RHEA:74115,encoded_general_reaction,valid,cached,False,
10671,RHEA:74119,encoded_general_reaction,valid,cached,False,
10672,RHEA:74123,encoded_general_reaction,valid,cached,False,
10673,RHEA:74127,encoded_general_reaction,valid,cached,False,
10674,RHEA:74131,encoded_general_reaction,valid,cached,False,
10675,RHEA:74135,encoded_general_reaction,valid,cached,False,
10676,RHEA:74139,encoded_general_reaction,valid,cached,False,
10677,RHEA:74155,encoded_general_reaction,valid,cached,False,
10678,RHEA:74159,encoded_general_reaction,valid,cached,False,
10679,RHEA:74163,encoded_general_reaction,valid,cached,False,
10680,RHEA:74167,encoded_general_reaction,valid,cached,False,
10681,RHEA:74175,encoded_general_reaction,valid,cached,False,
10682,RHEA:74179,encoded_general_reaction,valid,cached,False,
10683,RHEA:74183,encoded_general_reaction,valid,cached,False,
10684,RHEA:74187,encoded_general_reaction,valid,cached,False,
10685,RHEA:74195,encoded_general_reaction,valid,cached,False,
10686,RHEA:74199,encoded_general_reaction,valid,cached,False,
10687,RHEA:74211,encoded_general_reaction,valid,cached,False,
10688,RHEA:74215,encoded_general_reaction,valid,cached,False,
10689,RHEA:74219,encoded_general_reaction,valid,cached,False,
10690,RHEA:74223,encoded_general_reaction,valid,cached,False,
10691,RHEA:74227,encoded_general_reaction,valid,cached,False,
10692,RHEA:74231,encoded_general_reaction,valid,cached,False,
10693,RHEA:74235,encoded_general_reaction,valid,cached,False,
10694,RHEA:74247,encoded_general_reaction,valid,cached,False,
10695,RHEA:74251,encoded_general_reaction,valid,cached,False,
10696,RHEA:74255,encoded_general_reaction,valid,cached,False,
10697,RHEA:74259,encoded_general_reaction,valid,cached,False,
10698,RHEA:74271,encoded_general_reaction,valid,cached,False,
10699,RHEA:74275,encoded_general_reaction,valid,cached,False,
10700,RHEA:74279,encoded_general_reaction,valid,cached,False,
10701,RHEA:74283,encoded_general_reaction,valid,cached,False,
10702,RHEA:74287,encoded_general_reaction,valid,cached,False,
10703,RHEA:74355,encoded_general_reaction,valid,cached,False,
10704,RHEA:74463,encoded_general_reaction,valid,cached,False,
10705,RHEA:74471,encoded_general_reaction,valid,cached,False,
10706,RHEA:74475,encoded_general_reaction,valid,cached,False,
10707,RHEA:74479,encoded_general_reaction,valid,cached,False,
10708,RHEA:74483,encoded_general_reaction,valid,cached,False,
10709,RHEA:74487,encoded_general_reaction,valid,cached,False,
10710,RHEA:74491,encoded_general_reaction,valid,cached,False,
10711,RHEA:74495,encoded_general_reaction,valid,cached,False,
10712,RHEA:74499,encoded_general_reaction,valid,cached,False,
10713,RHEA:74503,encoded_general_reaction,valid,cached,False,
10714,RHEA:74507,encoded_general_reaction,valid,cached,False,
10715,RHEA:74511,encoded_general_reaction,valid,cached,False,
10716,RHEA:74515,encoded_general_reaction,valid,cached,False,
10717,RHEA:74543,copied_reference_feature,precomputed,precomputed,False,
10718,RHEA:74547,copied_reference_feature,precomputed,precomputed,False,
10719,RHEA:74551,encoded_general_reaction,valid,cached,False,
10720,RHEA:74571,encoded_general_reaction,valid,cached,False,
10721,RHEA:74575,encoded_general_reaction,valid,cached,False,
10722,RHEA:74579,encoded_general_reaction,valid,cached,False,
10723,RHEA:74583,encoded_general_reaction,valid,cached,False,
10724,RHEA:74587,copied_reference_feature,precomputed,precomputed,False,
10725,RHEA:74591,copied_reference_feature,precomputed,precomputed,False,
10726,RHEA:74627,copied_reference_feature,precomputed,precomputed,False,
10727,RHEA:74635,copied_reference_feature,precomputed,precomputed,False,
10728,RHEA:74647,encoded_general_reaction,valid,cached,False,
10729,RHEA:74651,encoded_general_reaction,valid,cached,False,
10730,RHEA:74655,encoded_general_reaction,valid,cached,False,
10731,RHEA:74659,encoded_general_reaction,valid,cached,False,
10732,RHEA:74707,copied_reference_feature,precomputed,precomputed,False,
10733,RHEA:74711,copied_reference_feature,precomputed,precomputed,False,
10734,RHEA:74715,encoded_general_reaction,valid,cached,False,
10735,RHEA:74719,encoded_general_reaction,valid,cached,False,
10736,RHEA:74723,encoded_general_reaction,valid,cached,False,
10737,RHEA:74727,copied_reference_feature,precomputed,precomputed,False,
10738,RHEA:74731,encoded_general_reaction,valid,cached,False,
10739,RHEA:74735,encoded_general_reaction,valid,cached,False,
10740,RHEA:74739,encoded_general_reaction,valid,cached,False,
10741,RHEA:74743,encoded_general_reaction,valid,cached,False,
10742,RHEA:74747,encoded_general_reaction,valid,cached,False,
10743,RHEA:74751,copied_reference_feature,precomputed,precomputed,False,
10744,RHEA:74755,encoded_general_reaction,valid,cached,False,
10745,RHEA:74759,encoded_general_reaction,valid,cached,False,
10746,RHEA:74763,encoded_general_reaction,valid,cached,False,
10747,RHEA:74767,encoded_general_reaction,valid,cached,False,
10748,RHEA:74771,encoded_general_reaction,valid,cached,False,
10749,RHEA:74775,encoded_general_reaction,valid,cached,False,
10750,RHEA:74779,encoded_general_reaction,valid,cached,False,
10751,RHEA:74799,encoded_general_reaction,valid,cached,False,
10752,RHEA:74803,encoded_general_reaction,valid,cached,False,
10753,RHEA:74807,encoded_general_reaction,valid,cached,False,
10754,RHEA:74811,encoded_general_reaction,valid,cached,False,
10755,RHEA:74815,encoded_general_reaction,valid,cached,False,
10756,RHEA:74823,encoded_general_reaction,valid,cached,False,
10757,RHEA:74847,encoded_general_reaction,valid,cached,False,
10758,RHEA:74867,encoded_general_reaction,valid,cached,False,
10759,RHEA:74887,encoded_general_reaction,valid,cached,False,
10760,RHEA:74899,encoded_general_reaction,valid,cached,False,
10761,RHEA:74903,encoded_general_reaction,valid,cached,False,
10762,RHEA:74907,encoded_general_reaction,valid,cached,False,
10763,RHEA:74911,encoded_general_reaction,valid,cached,False,
10764,RHEA:74915,encoded_general_reaction,valid,cached,False,
10765,RHEA:74919,encoded_general_reaction,valid,cached,False,
10766,RHEA:74923,encoded_general_reaction,valid,cached,False,
10767,RHEA:74927,encoded_general_reaction,valid,cached,False,
10768,RHEA:74931,encoded_general_reaction,valid,cached,False,
10769,RHEA:74935,encoded_general_reaction,valid,cached,False,
10770,RHEA:74939,encoded_general_reaction,valid,cached,False,
10771,RHEA:74943,encoded_general_reaction,valid,cached,False,
10772,RHEA:74947,encoded_general_reaction,valid,cached,False,
10773,RHEA:74951,encoded_general_reaction,valid,cached,False,
10774,RHEA:74955,encoded_general_reaction,valid,cached,False,
10775,RHEA:74959,encoded_general_reaction,valid,cached,False,
10776,RHEA:74967,encoded_general_reaction,valid,cached,False,
10777,RHEA:74975,encoded_general_reaction,valid,cached,False,
10778,RHEA:74979,encoded_general_reaction,valid,cached,False,
10779,RHEA:74983,encoded_general_reaction,valid,cached,False,
10780,RHEA:75003,encoded_general_reaction,valid,cached,False,
10781,RHEA:75011,encoded_general_reaction,valid,cached,False,
10782,RHEA:75015,encoded_general_reaction,valid,cached,False,
10783,RHEA:75019,encoded_general_reaction,valid,cached,False,
10784,RHEA:75023,encoded_general_reaction,valid,cached,False,
10785,RHEA:75027,encoded_general_reaction,valid,cached,False,
10786,RHEA:75031,encoded_general_reaction,valid,cached,False,
10787,RHEA:75035,encoded_general_reaction,valid,cached,False,
10788,RHEA:75079,encoded_general_reaction,valid,cached,False,
10789,RHEA:75083,encoded_general_reaction,valid,cached,False,
10790,RHEA:75087,encoded_general_reaction,valid,cached,False,
10791,RHEA:75103,encoded_general_reaction,valid,cached,False,
10792,RHEA:75107,encoded_general_reaction,valid,cached,False,
10793,RHEA:75111,encoded_general_reaction,valid,cached,False,
10794,RHEA:75119,encoded_general_reaction,valid,cached,False,
10795,RHEA:75123,encoded_general_reaction,valid,cached,False,
10796,RHEA:75135,encoded_general_reaction,valid,cached,False,
10797,RHEA:75139,encoded_general_reaction,valid,cached,False,
10798,RHEA:75143,encoded_general_reaction,valid,cached,False,
10799,RHEA:75147,encoded_general_reaction,valid,cached,False,
10800,RHEA:75159,encoded_general_reaction,valid,cached,False,
10801,RHEA:75163,encoded_general_reaction,valid,cached,False,
10802,RHEA:75167,encoded_general_reaction,valid,cached,False,
10803,RHEA:75171,encoded_general_reaction,valid,cached,False,
10804,RHEA:75175,encoded_general_reaction,valid,cached,False,
10805,RHEA:75199,encoded_general_reaction,valid,cached,False,
10806,RHEA:75203,encoded_general_reaction,valid,cached,False,
10807,RHEA:75215,encoded_general_reaction,valid,cached,False,
10808,RHEA:75219,encoded_general_reaction,valid,cached,False,
10809,RHEA:75223,encoded_general_reaction,valid,cached,False,
10810,RHEA:75227,encoded_general_reaction,valid,cached,False,
10811,RHEA:75231,encoded_general_reaction,valid,cached,False,
10812,RHEA:75239,encoded_general_reaction,valid,cached,False,
10813,RHEA:75243,encoded_general_reaction,valid,cached,False,
10814,RHEA:75247,encoded_general_reaction,valid,cached,False,
10815,RHEA:75267,encoded_general_reaction,valid,cached,False,
10816,RHEA:75271,encoded_general_reaction,valid,cached,False,
10817,RHEA:75279,encoded_general_reaction,valid,cached,False,
10818,RHEA:75283,encoded_general_reaction,valid,cached,False,
10819,RHEA:75299,encoded_general_reaction,valid,cached,False,
10820,RHEA:75303,encoded_general_reaction,valid,cached,False,
10821,RHEA:75351,encoded_general_reaction,valid,cached,False,
10822,RHEA:75387,encoded_general_reaction,valid,cached,False,
10823,RHEA:75407,encoded_general_reaction,valid,cached,False,
10824,RHEA:75423,encoded_general_reaction,valid,cached,False,
10825,RHEA:75427,encoded_general_reaction,valid,cached,False,
10826,RHEA:75431,encoded_general_reaction,valid,cached,False,
10827,RHEA:75435,encoded_general_reaction,valid,cached,False,
10828,RHEA:75439,encoded_general_reaction,valid,cached,False,
10829,RHEA:75447,encoded_general_reaction,valid,cached,False,
10830,RHEA:75451,encoded_general_reaction,valid,cached,False,
10831,RHEA:75455,encoded_general_reaction,valid,cached,False,
10832,RHEA:75459,encoded_general_reaction,valid,cached,False,
10833,RHEA:75511,encoded_general_reaction,valid,cached,False,
10834,RHEA:75515,encoded_general_reaction,valid,cached,False,
10835,RHEA:75519,encoded_general_reaction,valid,cached,False,
10836,RHEA:75523,encoded_general_reaction,valid,cached,False,
10837,RHEA:75527,encoded_general_reaction,valid,cached,False,
10838,RHEA:75531,encoded_general_reaction,valid,cached,False,
10839,RHEA:75535,encoded_general_reaction,valid,cached,False,
10840,RHEA:75539,encoded_general_reaction,valid,cached,False,
10841,RHEA:75543,encoded_general_reaction,valid,cached,False,
10842,RHEA:75547,encoded_general_reaction,valid,cached,False,
10843,RHEA:75551,encoded_general_reaction,valid,cached,False,
10844,RHEA:75555,encoded_general_reaction,valid,cached,False,
10845,RHEA:75559,encoded_general_reaction,valid,cached,False,
10846,RHEA:75563,encoded_general_reaction,valid,cached,False,
10847,RHEA:75567,encoded_general_reaction,valid,cached,False,
10848,RHEA:75571,encoded_general_reaction,valid,cached,False,
10849,RHEA:75575,encoded_general_reaction,valid,cached,False,
10850,RHEA:75579,encoded_general_reaction,valid,cached,False,
10851,RHEA:75583,encoded_general_reaction,valid,cached,False,
10852,RHEA:75587,encoded_general_reaction,valid,cached,False,
10853,RHEA:75591,encoded_general_reaction,valid,cached,False,
10854,RHEA:75595,encoded_general_reaction,valid,cached,False,
10855,RHEA:75599,encoded_general_reaction,valid,cached,False,
10856,RHEA:75603,encoded_general_reaction,valid,cached,False,
10857,RHEA:75607,encoded_general_reaction,valid,cached,False,
10858,RHEA:75615,encoded_general_reaction,valid,cached,False,
10859,RHEA:75619,encoded_general_reaction,valid,cached,False,
10860,RHEA:75623,encoded_general_reaction,valid,cached,False,
10861,RHEA:75627,encoded_general_reaction,valid,cached,False,
10862,RHEA:75635,encoded_general_reaction,valid,cached,False,
10863,RHEA:75639,encoded_general_reaction,valid,cached,False,
10864,RHEA:75643,encoded_general_reaction,valid,cached,False,
10865,RHEA:75647,encoded_general_reaction,valid,cached,False,
10866,RHEA:75651,encoded_general_reaction,valid,cached,False,
10867,RHEA:75655,encoded_general_reaction,valid,cached,False,
10868,RHEA:75659,encoded_general_reaction,valid,cached,False,
10869,RHEA:75663,encoded_general_reaction,valid,cached,False,
10870,RHEA:75667,encoded_general_reaction,valid,cached,False,
10871,RHEA:75671,encoded_general_reaction,valid,cached,False,
10872,RHEA:75675,encoded_general_reaction,valid,cached,False,
10873,RHEA:75679,encoded_general_reaction,valid,cached,False,
10874,RHEA:75683,encoded_general_reaction,valid,cached,False,
10875,RHEA:75703,encoded_general_reaction,valid,cached,False,
10876,RHEA:75707,encoded_general_reaction,valid,cached,False,
10877,RHEA:75715,encoded_general_reaction,valid,cached,False,
10878,RHEA:75719,encoded_general_reaction,valid,cached,False,
10879,RHEA:75723,encoded_general_reaction,valid,cached,False,
10880,RHEA:75727,encoded_general_reaction,valid,cached,False,
10881,RHEA:75731,encoded_general_reaction,valid,cached,False,
10882,RHEA:75735,encoded_general_reaction,valid,cached,False,
10883,RHEA:75739,encoded_general_reaction,valid,cached,False,
10884,RHEA:75743,encoded_general_reaction,valid,cached,False,
10885,RHEA:75747,encoded_general_reaction,valid,cached,False,
10886,RHEA:75751,encoded_general_reaction,valid,cached,False,
10887,RHEA:75755,encoded_general_reaction,valid,cached,False,
10888,RHEA:75759,encoded_general_reaction,valid,cached,False,
10889,RHEA:75763,encoded_general_reaction,valid,cached,False,
10890,RHEA:75767,encoded_general_reaction,valid,cached,False,
10891,RHEA:75771,encoded_general_reaction,valid,cached,False,
10892,RHEA:75775,encoded_general_reaction,valid,cached,False,
10893,RHEA:75779,encoded_general_reaction,valid,cached,False,
10894,RHEA:75815,encoded_general_reaction,valid,cached,False,
10895,RHEA:75847,encoded_general_reaction,valid,cached,False,
10896,RHEA:75851,encoded_general_reaction,valid,cached,False,
10897,RHEA:75855,encoded_general_reaction,valid,cached,False,
10898,RHEA:75859,encoded_general_reaction,valid,cached,False,
10899,RHEA:75863,encoded_general_reaction,valid,cached,False,
10900,RHEA:75875,encoded_general_reaction,valid,cached,False,
10901,RHEA:75879,encoded_general_reaction,valid,cached,False,
10902,RHEA:75891,encoded_general_reaction,valid,cached,False,
10903,RHEA:75895,encoded_general_reaction,valid,cached,False,
10904,RHEA:75903,encoded_general_reaction,valid,cached,False,
10905,RHEA:75907,encoded_general_reaction,valid,cached,False,
10906,RHEA:75915,encoded_general_reaction,valid,cached,False,
10907,RHEA:75919,encoded_general_reaction,valid,cached,False,
10908,RHEA:75931,encoded_general_reaction,valid,cached,False,
10909,RHEA:75935,encoded_general_reaction,valid,cached,False,
10910,RHEA:75939,encoded_general_reaction,valid,cached,False,
10911,RHEA:75943,encoded_general_reaction,valid,cached,False,
10912,RHEA:75947,encoded_general_reaction,valid,cached,False,
10913,RHEA:75951,encoded_general_reaction,valid,cached,False,
10914,RHEA:75955,encoded_general_reaction,valid,cached,False,
10915,RHEA:75959,encoded_general_reaction,valid,cached,False,
10916,RHEA:75963,encoded_general_reaction,valid,cached,False,
10917,RHEA:75971,encoded_general_reaction,valid,cached,False,
10918,RHEA:75975,encoded_general_reaction,valid,cached,False,
10919,RHEA:76007,encoded_general_reaction,valid,cached,False,
10920,RHEA:76011,encoded_general_reaction,valid,cached,False,
10921,RHEA:76015,encoded_general_reaction,valid,cached,False,
10922,RHEA:76019,encoded_general_reaction,valid,cached,False,
10923,RHEA:76023,encoded_general_reaction,valid,cached,False,
10924,RHEA:76027,encoded_general_reaction,valid,cached,False,
10925,RHEA:76035,encoded_general_reaction,valid,cached,False,
10926,RHEA:76039,encoded_general_reaction,valid,cached,False,
10927,RHEA:76043,encoded_general_reaction,valid,cached,False,
10928,RHEA:76047,encoded_general_reaction,valid,cached,False,
10929,RHEA:76051,encoded_general_reaction,valid,cached,False,
10930,RHEA:76055,encoded_general_reaction,valid,cached,False,
10931,RHEA:76059,encoded_general_reaction,valid,cached,False,
10932,RHEA:76067,encoded_general_reaction,valid,cached,False,
10933,RHEA:76111,encoded_general_reaction,valid,cached,False,
10934,RHEA:76115,encoded_general_reaction,valid,cached,False,
10935,RHEA:76143,encoded_general_reaction,valid,cached,False,
10936,RHEA:76147,encoded_general_reaction,valid,cached,False,
10937,RHEA:76151,encoded_general_reaction,valid,cached,False,
10938,RHEA:76155,encoded_general_reaction,valid,cached,False,
10939,RHEA:76163,encoded_general_reaction,valid,cached,False,
10940,RHEA:76227,encoded_general_reaction,valid,cached,False,
10941,RHEA:76235,encoded_general_reaction,valid,cached,False,
10942,RHEA:76243,encoded_general_reaction,valid,cached,False,
10943,RHEA:76247,encoded_general_reaction,valid,cached,False,
10944,RHEA:76255,encoded_general_reaction,valid,cached,False,
10945,RHEA:76407,encoded_general_reaction,valid,cached,False,
10946,RHEA:76419,encoded_general_reaction,valid,cached,False,
10947,RHEA:76423,encoded_general_reaction,valid,cached,False,
10948,RHEA:76427,encoded_general_reaction,valid,cached,False,
10949,RHEA:76435,encoded_general_reaction,valid,cached,False,
10950,RHEA:76439,encoded_general_reaction,valid,cached,False,
10951,RHEA:76447,encoded_general_reaction,valid,cached,False,
10952,RHEA:76451,encoded_general_reaction,valid,cached,False,
10953,RHEA:76455,encoded_general_reaction,valid,cached,False,
10954,RHEA:76459,encoded_general_reaction,valid,cached,False,
10955,RHEA:76463,encoded_general_reaction,valid,cached,False,
10956,RHEA:76467,encoded_general_reaction,valid,cached,False,
10957,RHEA:76483,encoded_general_reaction,valid,cached,False,
10958,RHEA:76487,encoded_general_reaction,valid,cached,False,
10959,RHEA:76491,encoded_general_reaction,valid,cached,False,
10960,RHEA:76503,encoded_general_reaction,valid,cached,False,
10961,RHEA:76507,encoded_general_reaction,valid,cached,False,
10962,RHEA:76511,encoded_general_reaction,valid,cached,False,
10963,RHEA:76515,encoded_general_reaction,valid,cached,False,
10964,RHEA:76531,encoded_general_reaction,valid,cached,False,
10965,RHEA:76543,encoded_general_reaction,valid,cached,False,
10966,RHEA:76563,encoded_general_reaction,valid,cached,False,
10967,RHEA:76599,encoded_general_reaction,valid,cached,False,
10968,RHEA:76603,encoded_general_reaction,valid,cached,False,
10969,RHEA:76607,encoded_general_reaction,valid,cached,False,
10970,RHEA:76611,encoded_general_reaction,valid,cached,False,
10971,RHEA:76615,encoded_general_reaction,valid,cached,False,
10972,RHEA:76619,encoded_general_reaction,valid,cached,False,
10973,RHEA:76623,encoded_general_reaction,valid,cached,False,
10974,RHEA:76627,encoded_general_reaction,valid,cached,False,
10975,RHEA:76679,encoded_general_reaction,valid,cached,False,
10976,RHEA:76683,encoded_general_reaction,valid,cached,False,
10977,RHEA:76719,encoded_general_reaction,valid,cached,False,
10978,RHEA:76723,encoded_general_reaction,valid,cached,False,
10979,RHEA:76727,encoded_general_reaction,valid,cached,False,
10980,RHEA:76735,encoded_general_reaction,valid,cached,False,
10981,RHEA:76739,encoded_general_reaction,valid,cached,False,
10982,RHEA:76743,encoded_general_reaction,valid,cached,False,
10983,RHEA:76747,encoded_general_reaction,valid,cached,False,
10984,RHEA:76755,encoded_general_reaction,valid,cached,False,
10985,RHEA:76759,encoded_general_reaction,valid,cached,False,
10986,RHEA:76763,encoded_general_reaction,valid,cached,False,
10987,RHEA:76767,encoded_general_reaction,valid,cached,False,
10988,RHEA:76771,encoded_general_reaction,valid,cached,False,
10989,RHEA:76775,encoded_general_reaction,valid,cached,False,
10990,RHEA:76779,encoded_general_reaction,valid,cached,False,
10991,RHEA:76783,encoded_general_reaction,valid,cached,False,
10992,RHEA:76787,encoded_general_reaction,valid,cached,False,
10993,RHEA:76791,encoded_general_reaction,valid,cached,False,
10994,RHEA:76795,encoded_general_reaction,valid,cached,False,
10995,RHEA:76799,encoded_general_reaction,valid,cached,False,
10996,RHEA:76803,encoded_general_reaction,valid,cached,False,
10997,RHEA:76807,encoded_general_reaction,valid,cached,False,
10998,RHEA:76811,encoded_general_reaction,valid,cached,False,
10999,RHEA:76815,encoded_general_reaction,valid,cached,False,
11000,RHEA:76819,encoded_general_reaction,valid,cached,False,
11001,RHEA:76823,encoded_general_reaction,valid,cached,False,
11002,RHEA:76827,encoded_general_reaction,valid,cached,False,
11003,RHEA:76831,encoded_general_reaction,valid,cached,False,
11004,RHEA:76835,encoded_general_reaction,valid,cached,False,
11005,RHEA:76839,encoded_general_reaction,valid,cached,False,
11006,RHEA:76843,encoded_general_reaction,valid,cached,False,
11007,RHEA:76847,encoded_general_reaction,valid,cached,False,
11008,RHEA:76851,encoded_general_reaction,valid,cached,False,
11009,RHEA:76855,encoded_general_reaction,valid,cached,False,
11010,RHEA:76859,encoded_general_reaction,valid,cached,False,
11011,RHEA:76863,encoded_general_reaction,valid,cached,False,
11012,RHEA:76867,encoded_general_reaction,valid,cached,False,
11013,RHEA:76871,encoded_general_reaction,valid,cached,False,
11014,RHEA:76875,encoded_general_reaction,valid,cached,False,
11015,RHEA:76879,encoded_general_reaction,valid,cached,False,
11016,RHEA:76883,encoded_general_reaction,valid,cached,False,
11017,RHEA:76887,encoded_general_reaction,valid,cached,False,
11018,RHEA:76891,encoded_general_reaction,valid,cached,False,
11019,RHEA:76971,encoded_general_reaction,valid,cached,False,
11020,RHEA:76975,encoded_general_reaction,valid,cached,False,
11021,RHEA:76979,encoded_general_reaction,valid,cached,False,
11022,RHEA:76983,encoded_general_reaction,valid,cached,False,
11023,RHEA:77007,copied_reference_feature,precomputed,precomputed,False,
11024,RHEA:77011,encoded_general_reaction,valid,cached,False,
11025,RHEA:77015,encoded_general_reaction,valid,cached,False,
11026,RHEA:77019,encoded_general_reaction,valid,cached,False,
11027,RHEA:77023,encoded_general_reaction,valid,cached,False,
11028,RHEA:77027,encoded_general_reaction,valid,cached,False,
11029,RHEA:77031,encoded_general_reaction,valid,cached,False,
11030,RHEA:77035,encoded_general_reaction,valid,cached,False,
11031,RHEA:77039,encoded_general_reaction,valid,cached,False,
11032,RHEA:77043,encoded_general_reaction,valid,cached,False,
11033,RHEA:77047,encoded_general_reaction,valid,cached,False,
11034,RHEA:77071,copied_reference_feature,precomputed,precomputed,False,
11035,RHEA:77079,copied_reference_feature,precomputed,precomputed,False,
11036,RHEA:77963,copied_reference_feature,precomputed,precomputed,False,
11037,RHEA:77967,copied_reference_feature,precomputed,precomputed,False,
11038,RHEA:77971,copied_reference_feature,precomputed,precomputed,False,
11039,RHEA:77975,copied_reference_feature,precomputed,precomputed,False,
11040,RHEA:77979,copied_reference_feature,precomputed,precomputed,False,
11041,RHEA:78275,copied_reference_feature,precomputed,precomputed,False,
11042,RHEA:78287,copied_reference_feature,precomputed,precomputed,False,
11043,RHEA:78291,copied_reference_feature,precomputed,precomputed,False,
11044,RHEA:78399,copied_reference_feature,precomputed,precomputed,False,
11045,RHEA:78403,copied_reference_feature,precomputed,precomputed,False,
11046,RHEA:78407,copied_reference_feature,precomputed,precomputed,False,
11047,RHEA:78655,copied_reference_feature,precomputed,precomputed,False,
11048,RHEA:78979,copied_reference_feature,precomputed,precomputed,False,
11049,RHEA:78983,copied_reference_feature,precomputed,precomputed,False,
11050,RHEA:78987,copied_reference_feature,precomputed,precomputed,False,
11051,RHEA:79011,copied_reference_feature,precomputed,precomputed,False,
11052,RHEA:79687,copied_reference_feature,precomputed,precomputed,False,
11053,RHEA:79691,copied_reference_feature,precomputed,precomputed,False,
11054,RHEA:80391,copied_reference_feature,precomputed,precomputed,False,
11055,RHEA:80395,copied_reference_feature,precomputed,precomputed,False,
11056,RHEA:80399,copied_reference_feature,precomputed,precomputed,False,
11057,RHEA:80403,copied_reference_feature,precomputed,precomputed,False,
11058,RHEA:80407,copied_reference_feature,precomputed,precomputed,False,
11059,RHEA:80863,copied_reference_feature,precomputed,precomputed,False,
11060,RHEA:80867,copied_reference_feature,precomputed,precomputed,False,
11061,RHEA:80871,copied_reference_feature,precomputed,precomputed,False,
11062,RHEA:80875,copied_reference_feature,precomputed,precomputed,False,
11063,RHEA:80879,copied_reference_feature,precomputed,precomputed,False,
11064,RHEA:80883,copied_reference_feature,precomputed,precomputed,False,
11065,RHEA:81103,copied_reference_feature,precomputed,precomputed,False,
11066,RHEA:81219,copied_reference_feature,precomputed,precomputed,False,
11067,RHEA:81223,copied_reference_feature,precomputed,precomputed,False,
11068,RHEA:81231,copied_reference_feature,precomputed,precomputed,False,
11069,RHEA:81463,copied_reference_feature,precomputed,precomputed,False,
11070,RHEA:81851,copied_reference_feature,precomputed,precomputed,False,
11071,RHEA:83287,copied_reference_feature,precomputed,precomputed,False,
11072,RHEA:83523,copied_reference_feature,precomputed,precomputed,False,
11073,RHEA:83527,copied_reference_feature,precomputed,precomputed,False,
11074,RHEA:83903,copied_reference_feature,precomputed,precomputed,False,
11075,RHEA:83907,copied_reference_feature,precomputed,precomputed,False,
11076,RHEA:85535,copied_reference_feature,precomputed,precomputed,False,
11077,RHEA:85615,copied_reference_feature,precomputed,precomputed,False,
11078,RHEA:85619,copied_reference_feature,precomputed,precomputed,False,
11079,RHEA:85623,copied_reference_feature,precomputed,precomputed,False,
11080,RHEA:85767,copied_reference_feature,precomputed,precomputed,False,
