row,reaction_id,mapping_success,mapping_confidence,clipzyme_graph_prerequisite,clipzyme_supported,support_status
0,MARTS_EXT_RXN_000c8b710696,True,0.2331201816780125,True,True,encoded
1,MARTS_EXT_RXN_012d56c064db,True,0.1443300404562258,False,False,clipzyme_graph_prereq_failed:unmapped_atoms
2,MARTS_EXT_RXN_0216267ce7f4,True,0.5508721168819467,False,False,clipzyme_graph_prereq_failed:unmapped_atoms
3,MARTS_EXT_RXN_029b92fe95de,True,0.3245704464623322,False,False,clipzyme_graph_prereq_failed:unmapped_atoms
4,MARTS_EXT_RXN_0304c0087056,True,0.0953194472009664,False,False,clipzyme_graph_prereq_failed:reactant_product_map_sets_differ
5,MARTS_EXT_RXN_033964ff02d8,True,0.0201503467252545,False,False,clipzyme_graph_prereq_failed:unmapped_atoms
6,MARTS_EXT_RXN_035143e0b4ac,True,0.7721146325553738,False,False,clipzyme_graph_prereq_failed:unmapped_atoms
7,MARTS_EXT_RXN_0396c90bff0f,True,0.4144296887758476,False,False,clipzyme_graph_prereq_failed:unmapped_atoms
8,MARTS_EXT_RXN_055064ae05a5,True,0.1203198743241469,False,False,clipzyme_graph_prereq_failed:unmapped_atoms
9,MARTS_EXT_RXN_0601074748a9,True,0.367846724288683,False,False,clipzyme_graph_prereq_failed:unmapped_atoms
10,MARTS_EXT_RXN_0718113ff706,True,0.5326343529039396,False,False,clipzyme_graph_prereq_failed:unmapped_atoms
11,MARTS_EXT_RXN_07865104318f,True,0.2388750687493131,False,False,clipzyme_graph_prereq_failed:unmapped_atoms
12,MARTS_EXT_RXN_08a2e34a37c3,True,0.2767226400761009,False,False,clipzyme_graph_prereq_failed:reactant_product_map_sets_differ
13,MARTS_EXT_RXN_0aa1aeb0f8d8,True,0.5118244248969898,False,False,clipzyme_graph_prereq_failed:unmapped_atoms
14,MARTS_EXT_RXN_0b0f5e083f77,True,0.5807517725877486,False,False,clipzyme_graph_prereq_failed:unmapped_atoms
15,MARTS_EXT_RXN_0bc621c08854,True,0.3460861707623907,False,False,clipzyme_graph_prereq_failed:unmapped_atoms
16,MARTS_EXT_RXN_0d75732112ff,True,0.7686681782873948,False,False,clipzyme_graph_prereq_failed:unmapped_atoms
17,MARTS_EXT_RXN_0e08d025745c,True,0.5932763843840285,False,False,clipzyme_graph_prereq_failed:unmapped_atoms
18,MARTS_EXT_RXN_0e80c1eb7cd8,True,0.3391207868492736,False,False,clipzyme_graph_prereq_failed:unmapped_atoms
19,MARTS_EXT_RXN_0fa82c3b7c55,True,0.1310490534690145,False,False,clipzyme_graph_prereq_failed:unmapped_atoms
20,MARTS_EXT_RXN_12ea76795241,True,0.5435474616335848,False,False,clipzyme_graph_prereq_failed:unmapped_atoms
21,MARTS_EXT_RXN_1428f098b24c,True,0.5303503247597587,False,False,clipzyme_graph_prereq_failed:unmapped_atoms
22,MARTS_EXT_RXN_16e609c93e52,True,0.1704750018954087,False,False,clipzyme_graph_prereq_failed:unmapped_atoms
23,MARTS_EXT_RXN_193d44981939,True,0.1104442621717255,False,False,clipzyme_graph_prereq_failed:unmapped_atoms
24,MARTS_EXT_RXN_1c2da1449873,True,0.7289928209561604,False,False,clipzyme_graph_prereq_failed:unmapped_atoms
25,MARTS_EXT_RXN_1d852b407f95,True,0.4498570045255251,False,False,clipzyme_graph_prereq_failed:unmapped_atoms
26,MARTS_EXT_RXN_1da1a2f90d9e,True,0.2187649804488883,False,False,clipzyme_graph_prereq_failed:unmapped_atoms
27,MARTS_EXT_RXN_1f7cef5e91c2,True,0.3367192288171624,True,True,encoded
28,MARTS_EXT_RXN_219616d40b4a,True,0.0265713920467643,True,True,encoded
29,MARTS_EXT_RXN_2250a8a7fe50,True,0.5093002871382648,False,False,clipzyme_graph_prereq_failed:unmapped_atoms
30,MARTS_EXT_RXN_22bda90ee992,True,0.2239418819717606,False,False,clipzyme_graph_prereq_failed:unmapped_atoms
31,MARTS_EXT_RXN_23432a8b720a,True,0.4530535786616553,False,False,clipzyme_graph_prereq_failed:unmapped_atoms
32,MARTS_EXT_RXN_237f1c153ad6,True,0.3518883374538235,False,False,clipzyme_graph_prereq_failed:unmapped_atoms
33,MARTS_EXT_RXN_23b0ccdf5255,True,0.3111647915739518,False,False,clipzyme_graph_prereq_failed:unmapped_atoms
34,MARTS_EXT_RXN_247c337c8f65,True,0.0665578073837518,False,False,clipzyme_graph_prereq_failed:unmapped_atoms
35,MARTS_EXT_RXN_2554ee320331,True,0.0227221014785478,False,False,clipzyme_graph_prereq_failed:unmapped_atoms
36,MARTS_EXT_RXN_27964350d2e0,True,0.0151858627026684,False,False,clipzyme_graph_prereq_failed:unmapped_atoms
37,MARTS_EXT_RXN_29704a84d49c,True,0.2573808435354281,False,False,clipzyme_graph_prereq_failed:unmapped_atoms
38,MARTS_EXT_RXN_29bbf964d264,True,0.5317210099694791,False,False,clipzyme_graph_prereq_failed:unmapped_atoms
39,MARTS_EXT_RXN_2a8513f7b1f9,True,0.1969739993706902,False,False,clipzyme_graph_prereq_failed:unmapped_atoms
40,MARTS_EXT_RXN_2d4d4df1341b,True,0.0418071461631804,False,False,clipzyme_graph_prereq_failed:unmapped_atoms
41,MARTS_EXT_RXN_2d848cafa6c3,True,0.3580486553470678,False,False,clipzyme_graph_prereq_failed:unmapped_atoms
42,MARTS_EXT_RXN_2e27139e482a,True,0.1448830642596988,False,False,clipzyme_graph_prereq_failed:unmapped_atoms
43,MARTS_EXT_RXN_2e59d1c7b929,True,0.4997770062148576,False,False,clipzyme_graph_prereq_failed:unmapped_atoms
44,MARTS_EXT_RXN_2e5de5bb57ab,True,0.0821927416349494,False,False,clipzyme_graph_prereq_failed:unmapped_atoms
45,MARTS_EXT_RXN_2ffb342ca060,True,0.5504710572763827,False,False,clipzyme_graph_prereq_failed:unmapped_atoms
46,MARTS_EXT_RXN_308ae5d61a8d,True,0.4862213220314195,False,False,clipzyme_graph_prereq_failed:unmapped_atoms
47,MARTS_EXT_RXN_318de1e2f880,True,0.2707939920922687,False,False,clipzyme_graph_prereq_failed:unmapped_atoms
48,MARTS_EXT_RXN_324ed07f2f6e,True,0.5651148668770851,False,False,clipzyme_graph_prereq_failed:unmapped_atoms
49,MARTS_EXT_RXN_33b3f74378db,True,0.7120943653009305,False,False,clipzyme_graph_prereq_failed:unmapped_atoms
50,MARTS_EXT_RXN_37c622385e92,True,0.363914294211109,False,False,clipzyme_graph_prereq_failed:unmapped_atoms
51,MARTS_EXT_RXN_380c83705f05,True,0.3726318855213361,False,False,clipzyme_graph_prereq_failed:unmapped_atoms
52,MARTS_EXT_RXN_38d26f0aa1b1,True,0.2251412776949712,False,False,clipzyme_graph_prereq_failed:unmapped_atoms
53,MARTS_EXT_RXN_3abc72608e40,True,0.5575084952196421,False,False,clipzyme_graph_prereq_failed:unmapped_atoms
54,MARTS_EXT_RXN_3ae1fc659b14,True,0.642341241472752,False,False,clipzyme_graph_prereq_failed:unmapped_atoms
55,MARTS_EXT_RXN_3bed24cf1ac1,True,0.2857862994774601,False,False,clipzyme_graph_prereq_failed:unmapped_atoms
56,MARTS_EXT_RXN_3d09cb5fb800,True,0.6615628983991412,False,False,clipzyme_graph_prereq_failed:unmapped_atoms
57,MARTS_EXT_RXN_3fcdccf20787,True,0.4417338134829767,False,False,clipzyme_graph_prereq_failed:unmapped_atoms
58,MARTS_EXT_RXN_4016ec72d95a,True,0.261900867080805,False,False,clipzyme_graph_prereq_failed:unmapped_atoms
59,MARTS_EXT_RXN_412a1f752827,True,0.2731453407008956,False,False,clipzyme_graph_prereq_failed:unmapped_atoms
60,MARTS_EXT_RXN_42bfdab7b6fd,True,0.3384982624498527,False,False,clipzyme_graph_prereq_failed:unmapped_atoms
61,MARTS_EXT_RXN_4356ef28995d,True,0.3278412917337689,False,False,clipzyme_graph_prereq_failed:unmapped_atoms
62,MARTS_EXT_RXN_455979525191,True,0.0890138180794759,False,False,clipzyme_graph_prereq_failed:reactant_product_map_sets_differ
63,MARTS_EXT_RXN_45be1b4caa76,True,0.3251701111680819,False,False,clipzyme_graph_prereq_failed:unmapped_atoms
64,MARTS_EXT_RXN_480dcc05c335,True,0.6732926042276616,False,False,clipzyme_graph_prereq_failed:unmapped_atoms
65,MARTS_EXT_RXN_4959109219e5,True,0.2104409738489228,False,False,clipzyme_graph_prereq_failed:unmapped_atoms
66,MARTS_EXT_RXN_4b39e8d478ce,True,0.6446752466426621,False,False,clipzyme_graph_prereq_failed:unmapped_atoms
67,MARTS_EXT_RXN_4b410b511327,True,0.3380087149758201,False,False,clipzyme_graph_prereq_failed:unmapped_atoms
68,MARTS_EXT_RXN_4c4ba4bc0549,True,0.3875498273366728,True,True,encoded
69,MARTS_EXT_RXN_4ceba15356bf,True,0.1131691857386739,False,False,clipzyme_graph_prereq_failed:unmapped_atoms
70,MARTS_EXT_RXN_4cfa7e6347ac,True,0.3565211843725632,False,False,clipzyme_graph_prereq_failed:unmapped_atoms
71,MARTS_EXT_RXN_4d9779092922,True,0.0519809419936734,False,False,clipzyme_graph_prereq_failed:unmapped_atoms
72,MARTS_EXT_RXN_4e8885af0277,True,0.9415751820759674,False,False,clipzyme_graph_prereq_failed:unmapped_atoms
73,MARTS_EXT_RXN_4f0796dda836,True,0.103296002228078,False,False,clipzyme_graph_prereq_failed:unmapped_atoms
74,MARTS_EXT_RXN_4fcf7c82c333,True,0.5002160741712448,False,False,clipzyme_graph_prereq_failed:unmapped_atoms
75,MARTS_EXT_RXN_4ffa9a18599e,True,0.6458406500748991,False,False,clipzyme_graph_prereq_failed:unmapped_atoms
76,MARTS_EXT_RXN_510852dd5fb5,True,0.3882990861745842,False,False,clipzyme_graph_prereq_failed:unmapped_atoms
77,MARTS_EXT_RXN_51c6e7c89344,True,0.1437767942857351,False,False,clipzyme_graph_prereq_failed:unmapped_atoms
78,MARTS_EXT_RXN_5298c5c71be1,True,0.0521264355685515,False,False,clipzyme_graph_prereq_failed:unmapped_atoms
79,MARTS_EXT_RXN_529b3e1ea6d5,True,0.4385029215884194,False,False,clipzyme_graph_prereq_failed:unmapped_atoms
80,MARTS_EXT_RXN_54f511ec7632,True,0.0391874348806328,False,False,clipzyme_graph_prereq_failed:unmapped_atoms
81,MARTS_EXT_RXN_55f4259a8324,True,0.2277218864961732,True,True,encoded
82,MARTS_EXT_RXN_574cd0378c5f,True,0.3091204395106031,False,False,clipzyme_graph_prereq_failed:unmapped_atoms
83,MARTS_EXT_RXN_5834b8bc5c28,True,0.1863570749182928,False,False,clipzyme_graph_prereq_failed:unmapped_atoms
84,MARTS_EXT_RXN_5904725d5317,True,0.4040242224017481,False,False,clipzyme_graph_prereq_failed:unmapped_atoms
85,MARTS_EXT_RXN_5aa1e407cf39,True,0.3536466843223218,False,False,clipzyme_graph_prereq_failed:unmapped_atoms
86,MARTS_EXT_RXN_5c2828b66ca0,True,0.0786413546969503,False,False,clipzyme_graph_prereq_failed:unmapped_atoms
87,MARTS_EXT_RXN_5d4a8a447c7e,True,0.1875871434540723,False,False,clipzyme_graph_prereq_failed:unmapped_atoms
88,MARTS_EXT_RXN_5d8d9a77365d,True,0.626724232296655,False,False,clipzyme_graph_prereq_failed:unmapped_atoms
89,MARTS_EXT_RXN_5e756bc9af81,True,0.8403524168821681,False,False,clipzyme_graph_prereq_failed:unmapped_atoms
90,MARTS_EXT_RXN_5ebefc2c5944,True,0.6735247236612424,False,False,clipzyme_graph_prereq_failed:unmapped_atoms
91,MARTS_EXT_RXN_5f7500503126,True,0.1390938253332433,False,False,clipzyme_graph_prereq_failed:unmapped_atoms
92,MARTS_EXT_RXN_6029eb5c9a03,True,0.273215888083973,False,False,clipzyme_graph_prereq_failed:unmapped_atoms
93,MARTS_EXT_RXN_605fa04e8467,True,0.5289457050230942,False,False,clipzyme_graph_prereq_failed:unmapped_atoms
94,MARTS_EXT_RXN_6290a24f780c,True,0.154625602615585,False,False,clipzyme_graph_prereq_failed:unmapped_atoms
95,MARTS_EXT_RXN_6314ab7563ea,True,0.3807743801809258,True,True,encoded
96,MARTS_EXT_RXN_6385ac1fa7a9,True,0.3864867103932841,False,False,clipzyme_graph_prereq_failed:unmapped_atoms
97,MARTS_EXT_RXN_63e6da659221,True,0.2511903206027363,False,False,clipzyme_graph_prereq_failed:unmapped_atoms
98,MARTS_EXT_RXN_66951c0e7ed9,True,0.2921612366118671,False,False,clipzyme_graph_prereq_failed:unmapped_atoms
99,MARTS_EXT_RXN_66c7e35bfd6a,True,0.1448570771664973,False,False,clipzyme_graph_prereq_failed:unmapped_atoms
100,MARTS_EXT_RXN_66d9eb264140,True,0.2287864794182953,False,False,clipzyme_graph_prereq_failed:unmapped_atoms
101,MARTS_EXT_RXN_6705f601fdae,True,0.6938727281476562,False,False,clipzyme_graph_prereq_failed:unmapped_atoms
102,MARTS_EXT_RXN_68261f5fd64c,True,0.3077164498988353,False,False,clipzyme_graph_prereq_failed:unmapped_atoms
103,MARTS_EXT_RXN_68d7c7a6b97f,True,0.8218085880831405,False,False,clipzyme_graph_prereq_failed:unmapped_atoms
104,MARTS_EXT_RXN_697ad0951949,True,0.7150773020727367,False,False,clipzyme_graph_prereq_failed:unmapped_atoms
105,MARTS_EXT_RXN_6b2dcf26c892,True,0.1984107493501588,False,False,clipzyme_graph_prereq_failed:unmapped_atoms
106,MARTS_EXT_RXN_6bd0977b42d0,True,0.4933134408873445,False,False,clipzyme_graph_prereq_failed:unmapped_atoms
107,MARTS_EXT_RXN_6c1cbb35db92,True,0.5065684539097673,False,False,clipzyme_graph_prereq_failed:unmapped_atoms
108,MARTS_EXT_RXN_6c228262ac8f,True,0.0215798788891693,True,True,encoded
109,MARTS_EXT_RXN_6c7d3c1df7ff,True,0.4687267498589375,False,False,clipzyme_graph_prereq_failed:unmapped_atoms
110,MARTS_EXT_RXN_6d6aa67d85ad,True,0.4010906949499169,False,False,clipzyme_graph_prereq_failed:reactant_product_map_sets_differ
111,MARTS_EXT_RXN_714817f4ca78,True,0.6382261639367977,False,False,clipzyme_graph_prereq_failed:unmapped_atoms
112,MARTS_EXT_RXN_7160470e8992,True,0.0874172976854898,False,False,clipzyme_graph_prereq_failed:unmapped_atoms
113,MARTS_EXT_RXN_71aa03bcb508,True,0.0727648944600633,False,False,clipzyme_graph_prereq_failed:unmapped_atoms
114,MARTS_EXT_RXN_71bb2acc38af,True,0.3775422952266378,False,False,clipzyme_graph_prereq_failed:unmapped_atoms
115,MARTS_EXT_RXN_7345bb901e40,True,0.7264838461698109,False,False,clipzyme_graph_prereq_failed:unmapped_atoms
116,MARTS_EXT_RXN_747e48195053,True,0.620122032713491,False,False,clipzyme_graph_prereq_failed:unmapped_atoms
117,MARTS_EXT_RXN_76499a11d465,True,0.2587431553953763,True,True,encoded
118,MARTS_EXT_RXN_76627c4c8e95,True,0.0960410053206788,False,False,clipzyme_graph_prereq_failed:unmapped_atoms
119,MARTS_EXT_RXN_769df5ece0f3,True,0.0360719786516118,False,False,clipzyme_graph_prereq_failed:unmapped_atoms
120,MARTS_EXT_RXN_771248cd18de,True,0.2904821376503322,False,False,clipzyme_graph_prereq_failed:unmapped_atoms
121,MARTS_EXT_RXN_781f3e745c61,True,0.3008041550416156,False,False,clipzyme_graph_prereq_failed:unmapped_atoms
122,MARTS_EXT_RXN_78399ec4fc85,True,0.6658854390565849,False,False,clipzyme_graph_prereq_failed:unmapped_atoms
123,MARTS_EXT_RXN_7844025b0372,True,0.4251467923140806,False,False,clipzyme_graph_prereq_failed:unmapped_atoms
124,MARTS_EXT_RXN_78f709de4b7c,True,0.1463101084758052,False,False,clipzyme_graph_prereq_failed:unmapped_atoms
125,MARTS_EXT_RXN_79368a2476ac,True,0.5178752096443023,False,False,clipzyme_graph_prereq_failed:unmapped_atoms
126,MARTS_EXT_RXN_7b0cfb7bb82c,True,0.4723759166551017,False,False,clipzyme_graph_prereq_failed:unmapped_atoms
127,MARTS_EXT_RXN_7c05abd7a600,True,0.3170233554303925,False,False,clipzyme_graph_prereq_failed:unmapped_atoms
128,MARTS_EXT_RXN_7c41968d1cff,True,0.5914916084160401,False,False,clipzyme_graph_prereq_failed:unmapped_atoms
129,MARTS_EXT_RXN_832dbc506db6,True,0.2478998534759632,False,False,clipzyme_graph_prereq_failed:reactant_product_map_sets_differ
130,MARTS_EXT_RXN_848e51b53c9f,True,0.3592887815677247,False,False,clipzyme_graph_prereq_failed:unmapped_atoms
131,MARTS_EXT_RXN_8551b0818261,True,0.0480978952334405,False,False,clipzyme_graph_prereq_failed:unmapped_atoms
132,MARTS_EXT_RXN_86983edabe8c,True,0.2347957383328563,False,False,clipzyme_graph_prereq_failed:unmapped_atoms
133,MARTS_EXT_RXN_86a30d47d9f4,True,0.4453991642900678,False,False,clipzyme_graph_prereq_failed:unmapped_atoms
134,MARTS_EXT_RXN_86ad65662f49,True,0.5369984656227728,False,False,clipzyme_graph_prereq_failed:unmapped_atoms
135,MARTS_EXT_RXN_86ce128d7d61,True,0.2287627205261643,False,False,clipzyme_graph_prereq_failed:unmapped_atoms
136,MARTS_EXT_RXN_87203dec8e34,True,0.4785131365843056,False,False,clipzyme_graph_prereq_failed:unmapped_atoms
137,MARTS_EXT_RXN_877408d79e1b,True,0.1612826762115234,False,False,clipzyme_graph_prereq_failed:unmapped_atoms
138,MARTS_EXT_RXN_890006655690,True,0.6716580073385895,False,False,clipzyme_graph_prereq_failed:unmapped_atoms
139,MARTS_EXT_RXN_8b03f1de5fce,True,0.0383019317321496,False,False,clipzyme_graph_prereq_failed:unmapped_atoms
140,MARTS_EXT_RXN_8c6cae136e8b,True,0.610509903983664,False,False,clipzyme_graph_prereq_failed:unmapped_atoms
141,MARTS_EXT_RXN_8d049834636c,True,0.8478004930522884,False,False,clipzyme_graph_prereq_failed:unmapped_atoms
142,MARTS_EXT_RXN_8d2492a66172,True,0.5104356643732741,False,False,clipzyme_graph_prereq_failed:unmapped_atoms
143,MARTS_EXT_RXN_8d7f7dd54117,True,0.0826695246257336,False,False,clipzyme_graph_prereq_failed:unmapped_atoms
144,MARTS_EXT_RXN_8e685e0c0b69,True,0.0787481208798,False,False,clipzyme_graph_prereq_failed:reactant_product_map_sets_differ
145,MARTS_EXT_RXN_908734b433c3,True,0.5700234804676206,False,False,clipzyme_graph_prereq_failed:unmapped_atoms
146,MARTS_EXT_RXN_90bccccecf9c,True,0.0772637346498712,False,False,clipzyme_graph_prereq_failed:unmapped_atoms
147,MARTS_EXT_RXN_9239c973f487,True,0.2095765899292716,False,False,clipzyme_graph_prereq_failed:unmapped_atoms
148,MARTS_EXT_RXN_92f6ef4d14a5,True,0.3366885617640485,False,False,clipzyme_graph_prereq_failed:reactant_product_map_sets_differ
149,MARTS_EXT_RXN_932a9e24c662,True,0.3765414584139216,False,False,clipzyme_graph_prereq_failed:unmapped_atoms
150,MARTS_EXT_RXN_95048e61f00d,True,0.1419770306907361,False,False,clipzyme_graph_prereq_failed:unmapped_atoms
151,MARTS_EXT_RXN_96ac57c79326,True,0.5144541573496796,False,False,clipzyme_graph_prereq_failed:unmapped_atoms
152,MARTS_EXT_RXN_9799d98e2a75,True,0.787919549022851,False,False,clipzyme_graph_prereq_failed:unmapped_atoms
153,MARTS_EXT_RXN_9864ce62f34c,True,0.2422359105298359,False,False,clipzyme_graph_prereq_failed:unmapped_atoms
154,MARTS_EXT_RXN_98758b30deaf,True,0.2263792702249679,False,False,clipzyme_graph_prereq_failed:unmapped_atoms
155,MARTS_EXT_RXN_9927ff5db9e4,True,0.0935279094594072,False,False,clipzyme_graph_prereq_failed:unmapped_atoms
156,MARTS_EXT_RXN_9aca0b07537d,True,0.5145818449975642,False,False,clipzyme_graph_prereq_failed:unmapped_atoms
157,MARTS_EXT_RXN_9bfd169ae97d,True,0.7570051356321731,False,False,clipzyme_graph_prereq_failed:unmapped_atoms
158,MARTS_EXT_RXN_9c359e8d58c7,True,0.1272229492099926,False,False,clipzyme_graph_prereq_failed:unmapped_atoms
159,MARTS_EXT_RXN_9c7db311ef6f,True,0.0577305213578559,False,False,clipzyme_graph_prereq_failed:unmapped_atoms
160,MARTS_EXT_RXN_9d212bb94209,True,0.2006620937639598,False,False,clipzyme_graph_prereq_failed:unmapped_atoms
161,MARTS_EXT_RXN_9e53a7397306,True,0.3435336105035512,False,False,clipzyme_graph_prereq_failed:reactant_product_map_sets_differ
162,MARTS_EXT_RXN_a034669a1e40,True,0.630879986882972,False,False,clipzyme_graph_prereq_failed:unmapped_atoms
163,MARTS_EXT_RXN_a1bdb236418d,True,0.1625870766458144,False,False,clipzyme_graph_prereq_failed:unmapped_atoms
164,MARTS_EXT_RXN_a330ce4c4099,True,0.49762995374087,False,False,clipzyme_graph_prereq_failed:unmapped_atoms
165,MARTS_EXT_RXN_a3395ba9b8c6,True,0.7444973510854749,False,False,clipzyme_graph_prereq_failed:unmapped_atoms
166,MARTS_EXT_RXN_a3e15b2ae79d,True,0.7348237492951301,False,False,clipzyme_graph_prereq_failed:unmapped_atoms
167,MARTS_EXT_RXN_a40190329c75,True,0.3151526690973931,False,False,clipzyme_graph_prereq_failed:unmapped_atoms
168,MARTS_EXT_RXN_a5374cc39ade,True,0.6019472459504074,False,False,clipzyme_graph_prereq_failed:unmapped_atoms
169,MARTS_EXT_RXN_a78f2392f8c2,True,0.6101557406049244,False,False,clipzyme_graph_prereq_failed:unmapped_atoms
170,MARTS_EXT_RXN_a835c7512bd8,True,0.7039884514029409,False,False,clipzyme_graph_prereq_failed:unmapped_atoms
171,MARTS_EXT_RXN_a9c17147ad90,True,0.1983459147940134,False,False,clipzyme_graph_prereq_failed:unmapped_atoms
172,MARTS_EXT_RXN_aaa305f17a30,True,0.4260975900675463,False,False,clipzyme_graph_prereq_failed:unmapped_atoms
173,MARTS_EXT_RXN_aaf62036b97e,True,0.2000674532111732,True,True,encoded
174,MARTS_EXT_RXN_accbb7c49b47,True,0.0760501285041128,False,False,clipzyme_graph_prereq_failed:unmapped_atoms
175,MARTS_EXT_RXN_ad8e38949c9e,True,0.3872034290286058,False,False,clipzyme_graph_prereq_failed:unmapped_atoms
176,MARTS_EXT_RXN_aecc694cdc8f,True,0.1010800753280469,True,True,encoded
177,MARTS_EXT_RXN_af6c10b22452,True,0.6513692582040124,False,False,clipzyme_graph_prereq_failed:unmapped_atoms
178,MARTS_EXT_RXN_b099e0d8d67d,True,0.4316039104239579,False,False,clipzyme_graph_prereq_failed:unmapped_atoms
179,MARTS_EXT_RXN_b1f6de0feffa,True,0.1672816421243162,False,False,clipzyme_graph_prereq_failed:unmapped_atoms
180,MARTS_EXT_RXN_b3860010df2b,True,0.3685951421312971,False,False,clipzyme_graph_prereq_failed:unmapped_atoms
181,MARTS_EXT_RXN_b3c865336ac3,True,0.6572531856788681,False,False,clipzyme_graph_prereq_failed:unmapped_atoms
182,MARTS_EXT_RXN_b44a6383dd2a,True,0.3918786334287373,False,False,clipzyme_graph_prereq_failed:unmapped_atoms
183,MARTS_EXT_RXN_b72409fe507d,True,0.2035138358622885,False,False,clipzyme_graph_prereq_failed:unmapped_atoms
184,MARTS_EXT_RXN_b89583d7f0d9,True,0.926360840344682,False,False,clipzyme_graph_prereq_failed:unmapped_atoms
185,MARTS_EXT_RXN_bac5b3b4b30d,True,0.2073209874900036,False,False,clipzyme_graph_prereq_failed:unmapped_atoms
186,MARTS_EXT_RXN_bb0c8b67ae81,True,0.6115703365801126,False,False,clipzyme_graph_prereq_failed:unmapped_atoms
187,MARTS_EXT_RXN_be324f8633fc,True,0.1767476954281041,False,False,clipzyme_graph_prereq_failed:unmapped_atoms
188,MARTS_EXT_RXN_be815318a50a,True,0.3494110716513952,False,False,clipzyme_graph_prereq_failed:unmapped_atoms
189,MARTS_EXT_RXN_bf12f5d59166,True,0.56906629887186,False,False,clipzyme_graph_prereq_failed:unmapped_atoms
190,MARTS_EXT_RXN_c0d41a7707a3,True,0.4416271255891711,False,False,clipzyme_graph_prereq_failed:unmapped_atoms
191,MARTS_EXT_RXN_c29f1cca3044,True,0.4997319225533835,False,False,clipzyme_graph_prereq_failed:unmapped_atoms
192,MARTS_EXT_RXN_c2e48d093662,True,0.5876437589796253,False,False,clipzyme_graph_prereq_failed:unmapped_atoms
193,MARTS_EXT_RXN_c33f8bcece70,True,0.3038970661848176,False,False,clipzyme_graph_prereq_failed:unmapped_atoms
194,MARTS_EXT_RXN_c38237fa511c,True,0.8741817588849115,False,False,clipzyme_graph_prereq_failed:unmapped_atoms
195,MARTS_EXT_RXN_c47716e3c171,True,0.6050683273450876,False,False,clipzyme_graph_prereq_failed:unmapped_atoms
196,MARTS_EXT_RXN_c4cfcdfee60d,True,0.7361742679884529,False,False,clipzyme_graph_prereq_failed:unmapped_atoms
197,MARTS_EXT_RXN_c7f62ba677ae,True,0.3306104597915741,False,False,clipzyme_graph_prereq_failed:unmapped_atoms
198,MARTS_EXT_RXN_c82f9ce748cd,True,0.1236090105808136,False,False,clipzyme_graph_prereq_failed:unmapped_atoms
199,MARTS_EXT_RXN_c9b279de0442,True,0.5796875016003094,False,False,clipzyme_graph_prereq_failed:unmapped_atoms
200,MARTS_EXT_RXN_cab46dc67f5d,True,0.8339541947582568,False,False,clipzyme_graph_prereq_failed:unmapped_atoms
201,MARTS_EXT_RXN_cda281fba2bd,True,0.2337604155595354,False,False,clipzyme_graph_prereq_failed:unmapped_atoms
202,MARTS_EXT_RXN_cded9fefc276,True,0.4094336318792062,False,False,clipzyme_graph_prereq_failed:unmapped_atoms
203,MARTS_EXT_RXN_cffca17c4e58,True,0.5423246120328366,False,False,clipzyme_graph_prereq_failed:unmapped_atoms
204,MARTS_EXT_RXN_d0c235775bc5,True,0.4811399212235792,False,False,clipzyme_graph_prereq_failed:unmapped_atoms
205,MARTS_EXT_RXN_d147768eaf20,True,0.6607104901013268,False,False,clipzyme_graph_prereq_failed:unmapped_atoms
206,MARTS_EXT_RXN_d1d507ef878d,True,0.629928918142721,False,False,clipzyme_graph_prereq_failed:unmapped_atoms
207,MARTS_EXT_RXN_d4bafc235050,True,0.5043166822642701,False,False,clipzyme_graph_prereq_failed:unmapped_atoms
208,MARTS_EXT_RXN_d4f733465fb3,True,0.6231694173114573,False,False,clipzyme_graph_prereq_failed:unmapped_atoms
209,MARTS_EXT_RXN_d86b1fdbc72d,True,0.4596280828541265,False,False,clipzyme_graph_prereq_failed:unmapped_atoms
210,MARTS_EXT_RXN_d91651d1ef35,True,0.4031034539874334,False,False,clipzyme_graph_prereq_failed:unmapped_atoms
211,MARTS_EXT_RXN_dbc26311dec1,True,0.3738050293214191,False,False,clipzyme_graph_prereq_failed:unmapped_atoms
212,MARTS_EXT_RXN_dd89a5b3606f,True,0.1907953637743112,False,False,clipzyme_graph_prereq_failed:unmapped_atoms
213,MARTS_EXT_RXN_de164cb3f0e1,True,0.2282055220427478,False,False,clipzyme_graph_prereq_failed:unmapped_atoms
214,MARTS_EXT_RXN_df06835b65dd,True,0.4169343610634509,False,False,clipzyme_graph_prereq_failed:unmapped_atoms
215,MARTS_EXT_RXN_df3107f9c103,True,0.276746668707614,False,False,clipzyme_graph_prereq_failed:unmapped_atoms
216,MARTS_EXT_RXN_e056c9e6d498,True,0.2638883075226515,False,False,clipzyme_graph_prereq_failed:unmapped_atoms
217,MARTS_EXT_RXN_e266d387018a,True,0.3078210413859083,False,False,clipzyme_graph_prereq_failed:unmapped_atoms
218,MARTS_EXT_RXN_e275424c414b,True,0.7233445251035824,False,False,clipzyme_graph_prereq_failed:unmapped_atoms
219,MARTS_EXT_RXN_e71ff45cbd78,True,0.3820700204826058,False,False,clipzyme_graph_prereq_failed:unmapped_atoms
220,MARTS_EXT_RXN_e7770b1f70c7,True,0.2000462219993281,True,True,encoded
221,MARTS_EXT_RXN_e778d2d951ff,True,0.1480567481802833,True,True,encoded
222,MARTS_EXT_RXN_e9ed9dc21c00,True,0.3313411627379855,True,True,encoded
223,MARTS_EXT_RXN_eba646fdd070,True,0.6460408733028511,False,False,clipzyme_graph_prereq_failed:unmapped_atoms
224,MARTS_EXT_RXN_ecb0de88d8e0,True,0.1184314032992197,False,False,clipzyme_graph_prereq_failed:unmapped_atoms
225,MARTS_EXT_RXN_ed3cf125a033,True,0.2643442491629773,False,False,clipzyme_graph_prereq_failed:unmapped_atoms
226,MARTS_EXT_RXN_ed65fc0ae861,True,0.3875306940619152,False,False,clipzyme_graph_prereq_failed:unmapped_atoms
227,MARTS_EXT_RXN_eddada43cb76,True,0.053972605640128,False,False,clipzyme_graph_prereq_failed:unmapped_atoms
228,MARTS_EXT_RXN_eec1da2d1706,True,0.3791247321009588,False,False,clipzyme_graph_prereq_failed:unmapped_atoms
229,MARTS_EXT_RXN_efd2739d909f,True,0.0847506341062706,False,False,clipzyme_graph_prereq_failed:unmapped_atoms
230,MARTS_EXT_RXN_f0fe69f8e0b7,True,0.1369630043056601,False,False,clipzyme_graph_prereq_failed:unmapped_atoms
231,MARTS_EXT_RXN_f12698751b7a,True,0.2791043333719538,False,False,clipzyme_graph_prereq_failed:unmapped_atoms
232,MARTS_EXT_RXN_f5414ceb0f1f,True,0.1429242926002356,False,False,clipzyme_graph_prereq_failed:unmapped_atoms
233,MARTS_EXT_RXN_f7cc3793e8fe,True,0.6287489945822986,False,False,clipzyme_graph_prereq_failed:unmapped_atoms
234,MARTS_EXT_RXN_fa03c166bbd7,True,0.1965599873535959,False,False,clipzyme_graph_prereq_failed:unmapped_atoms
235,MARTS_EXT_RXN_fa0e122a530f,True,0.0896078402292309,False,False,clipzyme_graph_prereq_failed:unmapped_atoms
236,MARTS_EXT_RXN_faf8834b256f,True,0.6232607380373409,False,False,clipzyme_graph_prereq_failed:unmapped_atoms
237,MARTS_EXT_RXN_fb686c0d23a3,True,0.5309650613996666,False,False,clipzyme_graph_prereq_failed:unmapped_atoms
238,MARTS_EXT_RXN_fc09735a9f8b,True,0.4494514655765344,False,False,clipzyme_graph_prereq_failed:unmapped_atoms
239,MARTS_EXT_RXN_fd49ae10b01d,True,0.5017608040035866,False,False,clipzyme_graph_prereq_failed:unmapped_atoms
240,RHEA:10008,True,0.5593925566187403,True,True,encoded
241,RHEA:10012,True,0.4678985855556651,True,True,encoded
242,RHEA:10016,True,0.3045589512254912,True,True,encoded
243,RHEA:10020,True,0.2567366693706067,True,True,encoded
244,RHEA:10024,True,0.9365918571282712,True,True,encoded
245,RHEA:10036,True,0.5661883377252802,True,True,encoded
246,RHEA:10040,True,0.2148833647454122,True,True,encoded
247,RHEA:10044,True,0.7446191794706307,True,True,encoded
248,RHEA:10048,True,0.9517721476848778,True,True,encoded
249,RHEA:10056,True,0.3063955862981601,True,True,encoded
250,RHEA:10064,True,0.8577171245443107,True,True,encoded
251,RHEA:10072,True,0.8520298176014335,True,True,encoded
252,RHEA:10076,True,0.464519581871215,True,True,encoded
253,RHEA:10080,True,0.2557351710610567,True,True,encoded
254,RHEA:10084,True,0.3671787149448219,True,True,encoded
255,RHEA:10092,True,0.4343365899559557,True,True,encoded
256,RHEA:10096,True,0.6657138140819012,True,True,encoded
257,RHEA:10100,True,0.9283494853437244,True,True,encoded
258,RHEA:10104,True,0.3001116803920715,True,True,encoded
259,RHEA:10108,True,0.451137397963527,True,True,encoded
260,RHEA:10112,True,0.9346286970168284,True,True,encoded
261,RHEA:10116,True,0.1671632462761727,True,True,encoded
262,RHEA:10120,True,0.8196553213471647,True,True,encoded
263,RHEA:10124,True,0.38499379633604,True,True,encoded
264,RHEA:10128,True,0.2915708249220352,True,True,encoded
265,RHEA:10132,True,0.027832527543662,True,True,encoded
266,RHEA:10136,True,0.4426345972532481,True,True,encoded
267,RHEA:10140,True,0.4209375797934859,True,True,encoded
268,RHEA:10144,True,0.4055815442560604,True,True,encoded
269,RHEA:10148,True,0.9394826533917036,True,True,encoded
270,RHEA:10152,True,0.1961554702041792,True,True,encoded
271,RHEA:10160,True,0.5393178457704446,True,True,encoded
272,RHEA:10164,True,0.4329909426754054,True,True,encoded
273,RHEA:10168,True,0.0586692624750886,True,True,encoded
274,RHEA:10172,True,0.7522699877266366,True,True,encoded
275,RHEA:10176,True,0.8172033122138874,True,True,encoded
276,RHEA:10180,True,0.3606420342580457,True,True,encoded
277,RHEA:10184,True,0.8279113648459321,True,True,encoded
278,RHEA:10188,True,0.0268907875457883,True,True,encoded
279,RHEA:10192,True,0.0778216787715398,True,True,encoded
280,RHEA:10196,True,0.6935084672530922,True,True,encoded
281,RHEA:10200,True,0.809715994553913,True,True,encoded
282,RHEA:10204,True,0.6183328221648009,True,True,encoded
283,RHEA:10208,True,0.86474162226224,True,True,encoded
284,RHEA:10212,True,0.7162974599614322,True,True,encoded
285,RHEA:10216,True,0.2971576147865056,True,True,encoded
286,RHEA:10220,True,0.0975321687278371,True,True,encoded
287,RHEA:10224,True,0.3287305657954183,True,True,encoded
288,RHEA:10228,True,0.7552374633610199,True,True,encoded
289,RHEA:10240,True,0.4935030766611791,True,True,encoded
290,RHEA:10244,True,0.3591795145923235,True,True,encoded
291,RHEA:10248,True,0.22093849176556,True,True,encoded
292,RHEA:10252,True,0.4806537391023993,True,True,encoded
293,RHEA:10260,True,0.4031496123577202,True,True,encoded
294,RHEA:10264,True,0.9721016329479312,True,True,encoded
295,RHEA:10268,True,0.8263127042454756,True,True,encoded
296,RHEA:10272,True,0.2398039264074311,True,True,encoded
297,RHEA:10276,True,0.0001090079031811,True,True,encoded
298,RHEA:10280,True,0.8447800037730234,True,True,encoded
299,RHEA:10288,True,0.9676809912647546,True,True,encoded
300,RHEA:10292,True,0.133854660103476,True,True,encoded
301,RHEA:10296,True,0.072904988664132,True,True,encoded
302,RHEA:10300,True,0.136995272943117,True,True,encoded
303,RHEA:10304,True,0.7163516132104878,True,True,encoded
304,RHEA:10312,True,0.2222801616934068,True,True,encoded
305,RHEA:10316,True,0.4138329005506471,True,True,encoded
306,RHEA:10320,True,0.978400039432501,True,True,encoded
307,RHEA:10332,True,0.1038469557355877,True,True,encoded
308,RHEA:10336,True,0.7331341691659429,True,True,encoded
309,RHEA:10340,True,0.0239115870086367,False,False,clipzyme_graph_prereq_failed:unmapped_atoms
310,RHEA:10344,True,0.0963284455622828,True,True,encoded
311,RHEA:10348,True,0.1633419487967228,True,True,encoded
312,RHEA:10352,True,0.9939059266038056,True,True,encoded
313,RHEA:10360,True,0.9866292116651976,True,True,encoded
314,RHEA:10368,True,0.7341194874183198,True,True,encoded
315,RHEA:10372,True,0.144669931044089,True,True,encoded
316,RHEA:10376,True,0.4107962404827679,True,True,encoded
317,RHEA:10380,True,0.0543395068544478,True,True,encoded
318,RHEA:10384,True,0.1587587382234696,True,True,encoded
319,RHEA:10388,True,0.208132595875178,True,True,encoded
320,RHEA:10392,True,0.4490291740481229,True,True,encoded
321,RHEA:10408,True,0.0201924932928959,True,True,encoded
322,RHEA:10412,True,0.3872138880904432,True,True,encoded
323,RHEA:10416,True,0.5054246057806879,True,True,encoded
324,RHEA:10420,True,0.5638905431759318,True,True,encoded
325,RHEA:10424,True,0.903732569037139,True,True,encoded
326,RHEA:10428,True,0.6024524218782722,True,True,encoded
327,RHEA:10432,True,0.5640286364217166,True,True,encoded
328,RHEA:10436,True,0.2635930498811857,True,True,encoded
329,RHEA:10440,True,0.906854784496427,True,True,encoded
330,RHEA:10444,True,0.8877603149752331,True,True,encoded
331,RHEA:10448,True,0.3213331469741427,True,True,encoded
332,RHEA:10452,True,0.4499381516639681,True,True,encoded
333,RHEA:10456,True,0.1981284118895185,True,True,encoded
334,RHEA:10468,True,0.1023975242062869,True,True,encoded
335,RHEA:10472,True,0.8738385621960181,True,True,encoded
336,RHEA:10488,True,0.3001587284561904,True,True,encoded
337,RHEA:10492,True,0.2560530953482237,True,True,encoded
338,RHEA:10508,True,0.1670748407335926,True,True,encoded
339,RHEA:10520,True,0.6577271719315995,True,True,encoded
340,RHEA:10524,True,0.4639093062153122,True,True,encoded
341,RHEA:10532,True,0.347705215083629,True,True,encoded
342,RHEA:10540,True,0.7596299024692531,True,True,encoded
343,RHEA:10552,True,0.7086671539195217,True,True,encoded
344,RHEA:10556,True,0.2052767703597283,True,True,encoded
345,RHEA:10572,True,0.3165072750919336,True,True,encoded
346,RHEA:10584,False,,False,False,mapping_unsupported
347,RHEA:10588,False,,False,False,mapping_unsupported
348,RHEA:10596,True,0.296271148561713,True,True,encoded
349,RHEA:10600,True,0.9024982249997408,True,True,encoded
350,RHEA:10604,True,0.4848301744931372,True,True,encoded
351,RHEA:10608,True,0.3190149119255394,True,True,encoded
352,RHEA:10612,True,0.1038047346061998,True,True,encoded
353,RHEA:10616,True,0.4282707445276682,True,True,encoded
354,RHEA:10620,True,0.0792615387947325,True,True,encoded
355,RHEA:10644,True,0.7542477424888688,True,True,encoded
356,RHEA:10652,True,0.836915808339552,True,True,encoded
357,RHEA:10656,True,0.8027548824172072,True,True,encoded
358,RHEA:10664,True,0.8258256821153606,True,True,encoded
359,RHEA:10668,True,0.8028856291547419,True,True,encoded
360,RHEA:10680,True,0.9621845314202868,True,True,encoded
361,RHEA:10684,True,0.4344452352133011,True,True,encoded
362,RHEA:10688,True,0.4090170406380662,True,True,encoded
363,RHEA:10692,True,0.0484885084331253,True,True,encoded
364,RHEA:10696,True,0.0783111259170867,True,True,encoded
365,RHEA:10700,True,0.9739883637874296,True,True,encoded
366,RHEA:10704,True,0.0905656269954344,True,True,encoded
367,RHEA:10712,True,0.4615164680220848,True,True,encoded
368,RHEA:10716,True,0.2959517626859271,True,True,encoded
369,RHEA:10720,True,0.4682269017511928,True,True,encoded
370,RHEA:10724,True,0.1945342327903472,True,True,encoded
371,RHEA:10728,True,0.4382964612484002,True,True,encoded
372,RHEA:10732,True,0.0741572757601358,True,True,encoded
373,RHEA:10736,True,0.807694080636617,True,True,encoded
374,RHEA:10740,True,0.5835799575999542,True,True,encoded
375,RHEA:10744,True,0.364437919946234,True,True,encoded
376,RHEA:10748,True,0.5244513776302595,True,True,encoded
377,RHEA:10756,True,0.0154584204108297,True,True,encoded
378,RHEA:10760,True,0.6751369962357491,True,True,encoded
379,RHEA:10764,True,0.467400619709003,True,True,encoded
380,RHEA:10768,True,0.4229431997882336,True,True,encoded
381,RHEA:10772,True,0.2334017928331239,True,True,encoded
382,RHEA:10776,True,0.3956244522598527,True,True,encoded
383,RHEA:10780,True,0.7308169515254139,True,True,encoded
384,RHEA:10792,True,0.4308254524610352,True,True,encoded
385,RHEA:10796,True,0.2982559845240838,True,True,encoded
386,RHEA:10800,True,0.0396194703029654,True,True,encoded
387,RHEA:10808,True,0.4535813624500859,True,True,encoded
388,RHEA:10812,True,0.6308311207646587,True,True,encoded
389,RHEA:10824,True,0.3726634894833115,True,True,encoded
390,RHEA:10828,True,0.0287158447963646,True,True,encoded
391,RHEA:10832,True,0.435828373852295,True,True,encoded
392,RHEA:10836,True,0.3751952328694756,True,True,encoded
393,RHEA:10840,True,0.2490411832506652,True,True,encoded
394,RHEA:10848,True,0.2595707111512536,True,True,encoded
395,RHEA:10868,True,0.2561286320079924,True,True,encoded
396,RHEA:10872,True,0.934030695658754,True,True,encoded
397,RHEA:10876,True,0.6297999914101586,True,True,encoded
398,RHEA:10904,True,0.4097440803808763,False,False,clipzyme_graph_prereq_failed:reactant_product_map_sets_differ
399,RHEA:10908,True,0.1383245774582256,True,True,encoded
400,RHEA:10912,True,0.106529155440259,True,True,encoded
401,RHEA:10932,True,0.1271797996947022,True,True,encoded
402,RHEA:10936,True,0.0990346694216786,True,True,encoded
403,RHEA:10940,True,0.098216824353341,True,True,encoded
404,RHEA:10944,True,0.4719055898987615,True,True,encoded
405,RHEA:10948,True,0.2874055110181572,True,True,encoded
406,RHEA:10960,True,0.9721709902786456,True,True,encoded
407,RHEA:10964,True,0.2806787148401442,True,True,encoded
408,RHEA:10980,True,0.977483470059199,True,True,encoded
409,RHEA:10992,True,0.3963613862737524,True,True,encoded
410,RHEA:11000,True,0.984531678946338,True,True,encoded
411,RHEA:11004,True,0.2228534077105285,True,True,encoded
412,RHEA:11008,True,0.1823291419427391,True,True,encoded
413,RHEA:11016,True,0.676576769694554,True,True,encoded
414,RHEA:11020,True,0.0134840822944302,True,True,encoded
415,RHEA:11028,True,0.2399672477897771,True,True,encoded
416,RHEA:11032,True,0.5603310551204578,True,True,encoded
417,RHEA:11036,True,0.0981366853723307,True,True,encoded
418,RHEA:11040,True,0.6050789781090513,True,True,encoded
419,RHEA:11044,True,0.8499833589693723,True,True,encoded
420,RHEA:11048,True,0.1898074873959081,True,True,encoded
421,RHEA:11060,True,0.1148864691739565,True,True,encoded
422,RHEA:11064,True,0.1811252836655754,True,True,encoded
423,RHEA:11068,True,0.817406700306891,True,True,encoded
424,RHEA:11072,True,0.0918602364983284,True,True,encoded
425,RHEA:11076,True,0.2218939666174194,True,True,encoded
426,RHEA:11080,True,0.5724293968816467,True,True,encoded
427,RHEA:11092,True,0.449818792867164,True,True,encoded
428,RHEA:11096,True,0.2262295240053607,True,True,encoded
429,RHEA:11112,True,0.7869158997184761,True,True,encoded
430,RHEA:11120,True,0.426108771506309,True,True,encoded
431,RHEA:11128,False,,False,False,mapping_unsupported
432,RHEA:11132,True,0.4128156496921297,True,True,encoded
433,RHEA:11136,True,0.7879568686299077,True,True,encoded
434,RHEA:11140,True,0.3964052628866793,True,True,encoded
435,RHEA:11148,True,0.1274508013560078,True,True,encoded
436,RHEA:11160,True,0.6413299147008703,True,True,encoded
437,RHEA:11164,True,0.8562618684146083,True,True,encoded
438,RHEA:11172,True,0.8732779989477525,True,True,encoded
439,RHEA:11176,True,0.1288685659460351,True,True,encoded
440,RHEA:11180,True,0.117977909845115,True,True,encoded
441,RHEA:11184,True,0.96841921891764,True,True,encoded
442,RHEA:11188,True,0.622108822065561,True,True,encoded
443,RHEA:11192,True,0.9562055091697008,True,True,encoded
444,RHEA:11196,True,0.4852596790976695,True,True,encoded
445,RHEA:11204,True,0.1340566389688652,True,True,encoded
446,RHEA:11216,True,0.1677230073701161,True,True,encoded
447,RHEA:11224,True,0.158059830825257,True,True,encoded
448,RHEA:11228,True,0.4258034646648099,True,True,encoded
449,RHEA:11236,True,0.4118930430318088,True,True,encoded
450,RHEA:11256,True,0.5676661579602695,True,True,encoded
451,RHEA:11260,True,0.2965154556085808,True,True,encoded
452,RHEA:11264,True,0.5924440595538566,True,True,encoded
453,RHEA:11268,True,0.9859771127903084,True,True,encoded
454,RHEA:11276,True,0.0154976612806915,True,True,encoded
455,RHEA:11280,True,0.4498574055836074,True,True,encoded
456,RHEA:11296,True,0.3617125045374952,True,True,encoded
457,RHEA:11304,True,0.9107094836794152,True,True,encoded
458,RHEA:11308,True,0.0161351517313546,True,True,encoded
459,RHEA:11312,True,0.6348447811809489,True,True,encoded
460,RHEA:11316,True,1.0,True,True,encoded
461,RHEA:11320,True,0.8545044401223431,True,True,encoded
462,RHEA:11328,True,0.0642337970662005,True,True,encoded
463,RHEA:11336,True,0.9125393322462948,True,True,encoded
464,RHEA:11340,True,0.6545070701153461,True,True,encoded
465,RHEA:11344,True,0.0773965786696285,True,True,encoded
466,RHEA:11348,True,0.1172303972192087,True,True,encoded
467,RHEA:11352,True,0.2370494751717706,True,True,encoded
468,RHEA:11356,True,0.8476780676236664,False,False,clipzyme_graph_prereq_failed:reactant_product_map_sets_differ
469,RHEA:11364,True,0.0697966919767911,True,True,encoded
470,RHEA:11372,True,0.1132288318534468,True,True,encoded
471,RHEA:11376,True,0.4065996803368413,True,True,encoded
472,RHEA:11380,True,0.1540046106638134,True,True,encoded
473,RHEA:11388,True,0.440119676108163,True,True,encoded
474,RHEA:11392,True,0.042275091429653,True,True,encoded
475,RHEA:11400,True,0.5437105684671009,True,True,encoded
476,RHEA:11404,True,0.7715977623820164,True,True,encoded
477,RHEA:11412,True,0.2561967381003858,True,True,encoded
478,RHEA:11420,True,0.1756848283762123,True,True,encoded
479,RHEA:11424,True,0.2971211383037697,True,True,encoded
480,RHEA:11428,True,0.7302715506243712,True,True,encoded
481,RHEA:11436,True,0.1274508013560078,True,True,encoded
482,RHEA:11440,True,0.1472673507934862,True,True,encoded
483,RHEA:11456,True,0.0426612447789571,True,True,encoded
484,RHEA:11460,True,0.2047962064134933,True,True,encoded
485,RHEA:11480,True,0.3012874929009357,True,True,encoded
486,RHEA:11484,True,0.2852423667210982,True,True,encoded
487,RHEA:11488,True,0.1619645048821936,True,True,encoded
488,RHEA:11492,True,0.3896612588460866,True,True,encoded
489,RHEA:11500,True,0.4816896975932905,True,True,encoded
490,RHEA:11504,True,0.8394086315492774,True,True,encoded
491,RHEA:11508,True,0.3948655995391054,True,True,encoded
492,RHEA:11516,True,0.3048893215619909,True,True,encoded
493,RHEA:11524,True,0.3183062116234193,True,True,encoded
494,RHEA:11528,False,,False,False,mapping_unsupported
495,RHEA:11532,True,0.6577227263252415,True,True,encoded
496,RHEA:11536,True,0.0560791527877656,True,True,encoded
497,RHEA:11540,True,0.7065486497585484,True,True,encoded
498,RHEA:11544,True,0.9624982795601992,True,True,encoded
499,RHEA:11552,True,0.9947226070728814,True,True,encoded
500,RHEA:11560,True,0.2868966692558214,True,True,encoded
501,RHEA:11564,True,0.1514863951409326,True,True,encoded
502,RHEA:11576,True,0.2313281108386423,True,True,encoded
503,RHEA:11580,True,0.12746238413609,True,True,encoded
504,RHEA:11584,True,0.9845374452066464,True,True,encoded
505,RHEA:11588,True,0.9779939328831068,False,False,clipzyme_graph_prereq_failed:reactant_product_map_sets_differ
506,RHEA:11592,True,0.7661674655280551,True,True,encoded
507,RHEA:11596,True,0.4196178769012377,True,True,encoded
508,RHEA:11600,True,0.1455742486324153,True,True,encoded
509,RHEA:11612,True,0.3931427155569051,True,True,encoded
510,RHEA:11628,True,0.7392874300114622,True,True,encoded
511,RHEA:11632,True,0.9763743411139936,False,False,clipzyme_graph_prereq_failed:unmapped_atoms
512,RHEA:11636,True,0.421387492192138,True,True,encoded
513,RHEA:11640,True,0.0851092535273813,True,True,encoded
514,RHEA:11644,True,0.0287224026312643,True,True,encoded
515,RHEA:11652,True,0.0251168104103723,True,True,encoded
516,RHEA:11656,True,0.0869911870011515,True,True,encoded
517,RHEA:11660,True,0.8131735930500769,True,True,encoded
518,RHEA:11672,True,0.8691614005568233,True,True,encoded
519,RHEA:11680,True,0.0452577547815975,True,True,encoded
520,RHEA:11684,True,0.7529815580141631,True,True,encoded
521,RHEA:11688,True,0.0939081422118958,True,True,encoded
522,RHEA:11692,True,0.2250847595646915,True,True,encoded
523,RHEA:11708,True,0.3593135094171389,True,True,encoded
524,RHEA:11712,True,0.0476099140795635,True,True,encoded
525,RHEA:11716,True,0.8319716446772708,True,True,encoded
526,RHEA:11724,True,0.0728901692435076,True,True,encoded
527,RHEA:11728,True,0.7928546241110749,True,True,encoded
528,RHEA:11740,True,0.1596905322210315,True,True,encoded
529,RHEA:11744,True,0.3199767385860843,True,True,encoded
530,RHEA:11748,True,0.6495862581993066,True,True,encoded
531,RHEA:11756,True,0.1340566389688652,True,True,encoded
532,RHEA:11768,True,0.0387391660436267,True,True,encoded
533,RHEA:11776,True,0.1947465685768604,True,True,encoded
534,RHEA:11780,True,0.6564360508122741,True,True,encoded
535,RHEA:11784,True,0.4042788713524538,True,True,encoded
536,RHEA:11788,True,0.7220421627131818,True,True,encoded
537,RHEA:11792,True,0.4204542582672436,True,True,encoded
538,RHEA:11796,True,0.4139375329206905,True,True,encoded
539,RHEA:11800,True,0.4036829590824332,True,True,encoded
540,RHEA:11808,True,0.8739064618135449,True,True,encoded
541,RHEA:11812,True,0.6238673066934344,True,True,encoded
542,RHEA:11816,True,0.3381991428685807,True,True,encoded
543,RHEA:11820,True,0.3351723305788355,True,True,encoded
544,RHEA:11824,True,0.6913278434213774,True,True,encoded
545,RHEA:11828,True,0.8067786302192894,True,True,encoded
546,RHEA:11832,True,0.7353919775970208,True,True,encoded
547,RHEA:11840,True,0.7774929742099187,True,True,encoded
548,RHEA:11844,True,0.2033817343183586,True,True,encoded
549,RHEA:11848,True,0.1403107714634277,True,True,encoded
550,RHEA:11852,True,0.1527907651146003,True,True,encoded
551,RHEA:11856,True,0.0057923422556008,True,True,encoded
552,RHEA:11864,True,0.3764958979524524,True,True,encoded
553,RHEA:11868,True,0.2726605198491166,True,True,encoded
554,RHEA:11872,True,0.3005791609867564,True,True,encoded
555,RHEA:11876,True,0.7431190672081595,True,True,encoded
556,RHEA:11880,True,0.4678984044513908,True,True,encoded
557,RHEA:11888,True,0.4334544066352954,True,True,encoded
558,RHEA:11896,True,0.5380446952321801,True,True,encoded
559,RHEA:11900,True,0.1770470819395009,True,True,encoded
560,RHEA:11908,True,0.8384042877699027,True,True,encoded
561,RHEA:11912,True,0.4029125272249586,True,True,encoded
562,RHEA:11916,True,0.7332966441895108,True,True,encoded
563,RHEA:11920,True,0.9855173711116862,True,True,encoded
564,RHEA:11924,True,0.469330549466718,True,True,encoded
565,RHEA:11936,False,,False,False,mapping_unsupported
566,RHEA:11940,True,0.9897952655014268,True,True,encoded
567,RHEA:11944,True,0.2612408499528545,True,True,encoded
568,RHEA:11948,True,0.3657871175471395,True,True,encoded
569,RHEA:11952,True,0.8616050625265704,True,True,encoded
570,RHEA:11956,True,0.6345203194510418,True,True,encoded
571,RHEA:11960,True,0.4943785112038809,True,True,encoded
572,RHEA:11964,True,0.7534701135876938,True,True,encoded
573,RHEA:11972,True,6.719723743760429e-05,True,True,encoded
574,RHEA:11976,True,0.1271160605963252,True,True,encoded
575,RHEA:11988,True,0.7844854030509837,True,True,encoded
576,RHEA:11992,True,0.5714925914544178,True,True,encoded
577,RHEA:12008,True,0.2971577326978189,True,True,encoded
578,RHEA:12012,True,0.3864611135948596,True,True,encoded
579,RHEA:12016,True,0.065237429770615,True,True,encoded
580,RHEA:12020,True,0.9997085639997372,True,True,encoded
581,RHEA:12024,True,0.4017721439315608,True,True,encoded
582,RHEA:12032,True,0.9862513328214592,True,True,encoded
583,RHEA:12044,True,0.1506854482265163,False,False,clipzyme_graph_prereq_failed:unmapped_atoms
584,RHEA:12048,True,0.0855659966105711,True,True,encoded
585,RHEA:12052,True,0.0505712652752838,True,True,encoded
586,RHEA:12056,True,0.4489958437487648,True,True,encoded
587,RHEA:12060,False,,False,False,mapping_unsupported
588,RHEA:12068,True,0.0954659034865043,True,True,encoded
589,RHEA:12076,True,0.8204473658992898,True,True,encoded
590,RHEA:12080,True,0.0654614263613004,True,True,encoded
591,RHEA:12084,True,0.5197928844605647,True,True,encoded
592,RHEA:12088,True,0.6569204751690103,True,True,encoded
593,RHEA:12096,True,0.9832318790565264,True,True,encoded
594,RHEA:12100,True,0.6052135979645046,True,True,encoded
595,RHEA:12104,True,0.4116702607641298,True,True,encoded
596,RHEA:12112,True,0.8273642809535068,True,True,encoded
597,RHEA:12116,True,0.7634554748059809,True,True,encoded
598,RHEA:12120,True,0.106665688363035,True,True,encoded
599,RHEA:12124,True,0.2449868361355139,True,True,encoded
600,RHEA:12128,True,0.1263506464561914,True,True,encoded
601,RHEA:12132,True,0.3186173998221354,True,True,encoded
602,RHEA:12136,True,0.0882102881055589,True,True,encoded
603,RHEA:12140,True,0.2885959575738465,True,True,encoded
604,RHEA:12144,True,0.607992087088051,True,True,encoded
605,RHEA:12152,True,0.692439588844894,True,True,encoded
606,RHEA:12156,True,0.1618093654310173,True,True,encoded
607,RHEA:12164,True,0.1144153840307823,True,True,encoded
608,RHEA:12168,True,0.4741139146912748,True,True,encoded
609,RHEA:12172,True,0.2795940153103411,True,True,encoded
610,RHEA:12176,True,0.9086528561773454,True,True,encoded
611,RHEA:12180,True,0.8637446490806874,True,True,encoded
612,RHEA:12184,True,0.5330079325893315,True,True,encoded
613,RHEA:12188,True,0.361022347936685,True,True,encoded
614,RHEA:12192,True,0.1877227126501811,True,True,encoded
615,RHEA:12196,True,0.0734009921232254,True,True,encoded
616,RHEA:12200,True,0.198472646684274,True,True,encoded
617,RHEA:12208,True,0.9646655917000272,True,True,encoded
618,RHEA:12212,True,0.3501382317191321,True,True,encoded
619,RHEA:12216,True,0.6232129068720861,True,True,encoded
620,RHEA:12220,True,0.6787307498155795,True,True,encoded
621,RHEA:12228,True,0.0865024943308159,True,True,encoded
622,RHEA:12232,True,0.2242443920838789,True,True,encoded
623,RHEA:12236,True,0.3120362937280521,True,True,encoded
624,RHEA:12240,True,2.015578956861536e-08,False,False,clipzyme_graph_prereq_failed:unmapped_atoms
625,RHEA:12248,True,0.1911025106936207,True,True,encoded
626,RHEA:12252,True,0.933261678091216,True,True,encoded
627,RHEA:12256,True,0.4972645071242546,True,True,encoded
628,RHEA:12260,True,0.1676999946837336,True,True,encoded
629,RHEA:12268,True,0.6302968149408011,True,True,encoded
630,RHEA:12272,True,0.78191457313401,True,True,encoded
631,RHEA:12276,True,0.1314010455068897,True,True,encoded
632,RHEA:12280,True,0.0700932211735917,True,True,encoded
633,RHEA:12284,True,0.1668506585520142,True,True,encoded
634,RHEA:12288,True,0.9469373336312984,True,True,encoded
635,RHEA:12292,True,0.1107522017066595,True,True,encoded
636,RHEA:12300,True,0.8639660517098219,True,True,encoded
637,RHEA:12304,True,0.4319146142755265,True,True,encoded
638,RHEA:12308,True,0.7928454465458945,True,True,encoded
639,RHEA:12312,True,0.1935926278076074,True,True,encoded
640,RHEA:12316,True,0.4877572573366617,True,True,encoded
641,RHEA:12332,True,0.3241405114724309,True,True,encoded
642,RHEA:12340,True,0.8149066688884239,True,True,encoded
643,RHEA:12344,True,0.2509014869081714,True,True,encoded
644,RHEA:12348,True,0.9418398851265252,True,True,encoded
645,RHEA:12356,True,0.3381991428685807,True,True,encoded
646,RHEA:12360,True,0.2673673535279116,True,True,encoded
647,RHEA:12364,True,0.486456436106534,True,True,encoded
648,RHEA:12372,True,0.7529740028400477,True,True,encoded
649,RHEA:12376,True,0.2714436558247353,True,True,encoded
650,RHEA:12388,True,0.1555447014752798,True,True,encoded
651,RHEA:12400,True,0.631515899206819,True,True,encoded
652,RHEA:12404,True,0.4720034909632191,True,True,encoded
653,RHEA:12408,True,0.7275636097544134,True,True,encoded
654,RHEA:12420,True,0.1026612570600668,True,True,encoded
655,RHEA:12424,True,0.7778416202904357,True,True,encoded
656,RHEA:12428,True,0.6464848705877195,True,True,encoded
657,RHEA:12432,True,0.4428768889393163,True,True,encoded
658,RHEA:12440,True,0.6063385060839045,True,True,encoded
659,RHEA:12452,True,0.0057923422556008,True,True,encoded
660,RHEA:12456,True,0.0739364241321097,True,True,encoded
661,RHEA:12460,True,0.7823317741052032,True,True,encoded
662,RHEA:12464,True,0.2787264396855355,True,True,encoded
663,RHEA:12472,True,0.53666841515882,True,True,encoded
664,RHEA:12476,True,0.924639446547725,True,True,encoded
665,RHEA:12484,True,0.3986018458054444,True,True,encoded
666,RHEA:12488,True,0.9134831252423132,True,True,encoded
667,RHEA:12492,True,0.988035912212537,True,True,encoded
668,RHEA:12500,True,0.4492016188758097,True,True,encoded
669,RHEA:12504,True,0.7552220866799954,True,True,encoded
670,RHEA:12508,True,0.8157501302856374,True,True,encoded
671,RHEA:12512,True,0.5214757476153091,True,True,encoded
672,RHEA:12516,True,0.035922556264486,True,True,encoded
673,RHEA:12524,True,0.4313701574736948,True,True,encoded
674,RHEA:12532,True,0.3489102661594411,True,True,encoded
675,RHEA:12536,True,0.7146940984340544,True,True,encoded
676,RHEA:12540,True,0.1335936362913291,True,True,encoded
677,RHEA:12544,False,,False,False,mapping_unsupported
678,RHEA:12548,True,0.702049611925152,True,True,encoded
679,RHEA:12552,False,,False,False,mapping_unsupported
680,RHEA:12556,True,0.4885829827692955,True,True,encoded
681,RHEA:12560,True,0.6655327943480192,True,True,encoded
682,RHEA:12568,True,0.5055106105418412,True,True,encoded
683,RHEA:12576,True,0.7125987552025339,True,True,encoded
684,RHEA:12580,True,0.4390058446926181,True,True,encoded
685,RHEA:12588,True,0.2981536092359002,True,True,encoded
686,RHEA:12593,True,0.1973991066180878,True,True,encoded
687,RHEA:12597,True,0.1904028007637039,True,True,encoded
688,RHEA:12601,True,0.4695573628202924,True,True,encoded
689,RHEA:12605,True,0.5039576800807951,False,False,clipzyme_graph_prereq_failed:unmapped_atoms
690,RHEA:12609,True,0.8433997046223075,True,True,encoded
691,RHEA:12617,True,0.3337134992777613,True,True,encoded
692,RHEA:12621,True,0.5576098664969901,True,True,encoded
693,RHEA:12625,True,0.7195791970143276,True,True,encoded
694,RHEA:12629,True,0.3634013031507867,True,True,encoded
695,RHEA:12633,True,0.2623936476875937,True,True,encoded
696,RHEA:12637,True,0.8398633012232225,True,True,encoded
697,RHEA:12641,True,0.4081576404888442,True,True,encoded
698,RHEA:12645,True,0.0434904243729614,True,True,encoded
699,RHEA:12649,True,0.7678639871561569,True,True,encoded
700,RHEA:12653,True,0.4360920703110526,True,True,encoded
701,RHEA:12657,True,0.3159962342104255,True,True,encoded
702,RHEA:12661,True,0.1091276909629782,True,True,encoded
703,RHEA:12665,True,0.2765246671581357,True,True,encoded
704,RHEA:12669,True,0.5132703734568106,True,True,encoded
705,RHEA:12673,True,1.0,True,True,encoded
706,RHEA:12685,True,0.0954637978075245,True,True,encoded
707,RHEA:12689,True,0.1562096377066073,True,True,encoded
708,RHEA:12693,True,0.9350940963017186,True,True,encoded
709,RHEA:12697,True,0.1750097586702809,True,True,encoded
710,RHEA:12701,True,0.2544946070459468,True,True,encoded
711,RHEA:12705,True,0.8941043281953927,True,True,encoded
712,RHEA:12709,True,0.2849319469288571,True,True,encoded
713,RHEA:12717,True,0.0067874151632712,True,True,encoded
714,RHEA:12721,True,0.81453888278868,True,True,encoded
715,RHEA:12729,True,0.3826057299747784,True,True,encoded
716,RHEA:12733,True,0.0435866345409131,True,True,encoded
717,RHEA:12737,True,0.879763940661569,True,True,encoded
718,RHEA:12745,True,0.9909102913723552,True,True,encoded
719,RHEA:12749,True,0.6350765199759502,True,True,encoded
720,RHEA:12753,True,0.3154038423043978,True,True,encoded
721,RHEA:12761,True,0.0840882872937645,True,True,encoded
722,RHEA:12765,True,0.0418465005459974,True,True,encoded
723,RHEA:12769,True,0.8678213140726954,False,False,clipzyme_graph_prereq_failed:reactant_product_map_sets_differ
724,RHEA:12773,True,0.2701015440141252,True,True,encoded
725,RHEA:12793,True,0.0011445097254245,True,True,encoded
726,RHEA:12801,True,0.3358210900072241,True,True,encoded
727,RHEA:12805,True,0.927333330460757,True,True,encoded
728,RHEA:12813,True,0.9432685515002708,True,True,encoded
729,RHEA:12821,True,0.1938416559691858,True,True,encoded
730,RHEA:12825,True,0.1674527924118143,True,True,encoded
731,RHEA:12829,True,0.8984664680456275,True,True,encoded
732,RHEA:12833,True,0.9208707597524208,True,True,encoded
733,RHEA:12837,True,0.1356037073394773,True,True,encoded
734,RHEA:12841,True,0.9619649512474074,True,True,encoded
735,RHEA:12849,True,0.5132703734568106,True,True,encoded
736,RHEA:12853,True,0.7993777211189699,True,True,encoded
737,RHEA:12857,True,0.9585576883041852,True,True,encoded
738,RHEA:12861,True,0.966576951449235,True,True,encoded
739,RHEA:12869,True,0.0972980365576761,True,True,encoded
740,RHEA:12873,True,0.3588243491171861,True,True,encoded
741,RHEA:12877,True,0.3281066799527178,True,True,encoded
742,RHEA:12881,True,0.279595286857412,True,True,encoded
743,RHEA:12889,True,0.6452087313564736,True,True,encoded
744,RHEA:12893,True,0.9171175384605852,True,True,encoded
745,RHEA:12897,True,0.1463184357123254,True,True,encoded
746,RHEA:12901,True,0.929289732076698,True,True,encoded
747,RHEA:12909,True,0.2287163865782458,True,True,encoded
748,RHEA:12917,True,0.929199039902642,True,True,encoded
749,RHEA:12921,True,0.2497819538391189,True,True,encoded
750,RHEA:12929,True,0.2056807615769946,True,True,encoded
751,RHEA:12933,True,0.49757113571721,True,True,encoded
752,RHEA:12937,True,0.1055437013254692,True,True,encoded
753,RHEA:12941,True,0.1060884601016277,True,True,encoded
754,RHEA:12945,True,0.5872585508655062,True,True,encoded
755,RHEA:12949,True,0.9399933949354844,True,True,encoded
756,RHEA:12957,True,0.8401691765604524,True,True,encoded
757,RHEA:12961,True,0.1746480715285373,True,True,encoded
758,RHEA:12965,True,0.231556471681367,True,True,encoded
759,RHEA:12969,True,0.7557356542527792,True,True,encoded
760,RHEA:12973,True,0.1171097060580894,True,True,encoded
761,RHEA:12977,True,0.4686306740002225,True,True,encoded
762,RHEA:12981,True,0.395132884041845,True,True,encoded
763,RHEA:12985,True,0.0712925839881949,True,True,encoded
764,RHEA:12993,True,0.212102090404088,True,True,encoded
765,RHEA:13009,True,0.9715797931163088,True,True,encoded
766,RHEA:13013,True,0.6500614194609886,True,True,encoded
767,RHEA:13017,True,0.0704891745749403,True,True,encoded
768,RHEA:13021,True,0.7106342983026477,True,True,encoded
769,RHEA:13025,True,0.1996014510622776,True,True,encoded
770,RHEA:13029,True,0.2977066899696146,True,True,encoded
771,RHEA:13033,True,0.5014850262861539,True,True,encoded
772,RHEA:13041,True,0.8741752317717848,True,True,encoded
773,RHEA:13049,True,0.916544865685807,True,True,encoded
774,RHEA:13057,True,0.5242294623526988,True,True,encoded
775,RHEA:13065,True,0.3047790771210623,True,True,encoded
776,RHEA:13069,True,0.3160459862734524,True,True,encoded
777,RHEA:13073,True,0.1369192699933453,True,True,encoded
778,RHEA:13081,True,0.9907478164089496,True,True,encoded
779,RHEA:13085,True,0.1856957753045429,True,True,encoded
780,RHEA:13089,True,0.0026681735537289,True,True,encoded
781,RHEA:13093,True,0.6569206542971185,True,True,encoded
782,RHEA:13097,True,0.6161888743441484,True,True,encoded
783,RHEA:13101,True,0.8976509472045271,True,True,encoded
784,RHEA:13117,True,0.8283816346005913,True,True,encoded
785,RHEA:13121,True,0.2313626056894792,True,True,encoded
786,RHEA:13141,True,0.2004496304292556,True,True,encoded
787,RHEA:13145,True,0.1881261949006299,True,True,encoded
788,RHEA:13149,True,0.4815495803015183,False,False,clipzyme_graph_prereq_failed:reactant_product_map_sets_differ
789,RHEA:13161,True,0.8201283563079226,True,True,encoded
790,RHEA:13169,True,0.714614544695479,True,True,encoded
791,RHEA:13173,True,0.4177853919167841,True,True,encoded
792,RHEA:13177,True,0.5113067039387967,True,True,encoded
793,RHEA:13181,True,0.1239241481996947,True,True,encoded
794,RHEA:13185,True,0.0017497589158451,True,True,encoded
795,RHEA:13189,True,0.5125497714922499,True,True,encoded
796,RHEA:13193,True,0.4676575249670947,True,True,encoded
797,RHEA:13197,True,0.479266548662349,True,True,encoded
798,RHEA:13201,True,0.8499973904958058,True,True,encoded
799,RHEA:13205,True,0.1127004450388842,True,True,encoded
800,RHEA:13213,True,0.3516317283101749,True,True,encoded
801,RHEA:13217,True,0.591615443044447,True,True,encoded
802,RHEA:13233,True,0.1825192412924577,True,True,encoded
803,RHEA:13237,True,0.5295622413583068,True,True,encoded
804,RHEA:13241,True,0.2853066819154458,True,True,encoded
805,RHEA:13245,True,0.5072855731133202,True,True,encoded
806,RHEA:13249,True,0.4607170585304145,True,True,encoded
807,RHEA:13253,True,0.0134840930257561,True,True,encoded
808,RHEA:13265,True,0.3868308688563476,True,True,encoded
809,RHEA:13269,True,0.8237156323065663,True,True,encoded
810,RHEA:13281,True,0.2061344648096394,True,True,encoded
811,RHEA:13285,True,0.2013102771605442,True,True,encoded
812,RHEA:13305,True,0.769945202746518,True,True,encoded
813,RHEA:13309,True,0.8309918411045667,True,True,encoded
814,RHEA:13313,True,0.5586520382784417,True,True,encoded
815,RHEA:13317,True,0.4589098316466146,True,True,encoded
816,RHEA:13325,True,0.0175240033502629,True,True,encoded
817,RHEA:13329,True,0.9296793480223762,False,False,clipzyme_graph_prereq_failed:reactant_product_map_sets_differ
818,RHEA:13333,True,0.2231494666920997,True,True,encoded
819,RHEA:13345,True,0.1625560882727028,True,True,encoded
820,RHEA:13349,True,0.8632198502903052,True,True,encoded
821,RHEA:13361,True,0.07236650358386,True,True,encoded
822,RHEA:13369,True,0.2151215816603999,True,True,encoded
823,RHEA:13381,True,0.2991297852298226,True,True,encoded
824,RHEA:13389,True,0.1385180277508248,True,True,encoded
825,RHEA:13405,True,0.3108187338508984,True,True,encoded
826,RHEA:13409,True,0.0361575472496918,True,True,encoded
827,RHEA:13421,True,0.2126219332915415,True,True,encoded
828,RHEA:13425,True,0.2338541267492966,True,True,encoded
829,RHEA:13429,True,0.0900744730770665,True,True,encoded
830,RHEA:13433,True,0.9952525790192592,True,True,encoded
831,RHEA:13437,True,0.655261116218022,True,True,encoded
832,RHEA:13441,True,0.4506521998158479,True,True,encoded
833,RHEA:13445,True,0.832429087005021,True,True,encoded
834,RHEA:13449,True,0.6764671423512761,True,True,encoded
835,RHEA:13453,True,0.1567326783193055,True,True,encoded
836,RHEA:13457,True,0.5239593110386749,True,True,encoded
837,RHEA:13461,True,0.0345037405115597,True,True,encoded
838,RHEA:13473,True,0.7718460068607129,True,True,encoded
839,RHEA:13481,True,0.1127138196738864,True,True,encoded
840,RHEA:13489,True,0.1887006413867278,True,True,encoded
841,RHEA:13493,True,0.4062209634855542,True,True,encoded
842,RHEA:13497,True,0.2431604832667041,True,True,encoded
843,RHEA:13501,True,0.15822581793309,True,True,encoded
844,RHEA:13509,True,0.0996515657507318,True,True,encoded
845,RHEA:13513,True,0.6622052385497282,True,True,encoded
846,RHEA:13517,True,0.1568907779119131,True,True,encoded
847,RHEA:13521,True,0.5113666020548092,True,True,encoded
848,RHEA:13525,True,0.3500381869310288,False,False,clipzyme_graph_prereq_failed:unmapped_atoms
849,RHEA:13537,True,0.3605152213399158,True,True,encoded
850,RHEA:13541,True,0.1823598005082621,True,True,encoded
851,RHEA:13545,True,0.2352713561780874,False,False,clipzyme_graph_prereq_failed:rdkit_parse_failed
852,RHEA:13549,True,0.1042373706044299,True,True,encoded
853,RHEA:13553,True,0.2158709781352806,True,True,encoded
854,RHEA:13557,True,0.221981151674972,True,True,encoded
855,RHEA:13561,True,0.3736501463378556,True,True,encoded
856,RHEA:13581,True,0.2866984373234066,True,True,encoded
857,RHEA:13585,True,0.2489027731640174,True,True,encoded
858,RHEA:13589,True,0.0112674744508078,True,True,encoded
859,RHEA:13601,True,0.7462219215563335,True,True,encoded
860,RHEA:13609,True,0.0707331613076293,True,True,encoded
861,RHEA:13613,True,0.0512856433426403,True,True,encoded
862,RHEA:13617,True,0.9547647883322072,True,True,encoded
863,RHEA:13625,True,0.7364627506454935,False,False,clipzyme_graph_prereq_failed:reactant_product_map_sets_differ
864,RHEA:13629,True,0.4629998841086989,True,True,encoded
865,RHEA:13633,True,0.1994405037971632,True,True,encoded
866,RHEA:13637,True,0.5988733224539099,True,True,encoded
867,RHEA:13641,True,0.2555407693663842,True,True,encoded
868,RHEA:13665,True,0.2162701325821684,True,True,encoded
869,RHEA:13669,True,0.8173470782951797,True,True,encoded
870,RHEA:13673,True,0.087258024755546,True,True,encoded
871,RHEA:13677,True,0.5194074693420746,True,True,encoded
872,RHEA:13681,True,0.8828547200461472,True,True,encoded
873,RHEA:13685,True,0.3090100585706345,True,True,encoded
874,RHEA:13697,True,0.2411399112655273,True,True,encoded
875,RHEA:13701,True,0.2738752174032199,True,True,encoded
876,RHEA:13717,True,0.2245481346476067,True,True,encoded
877,RHEA:13725,True,0.1267989163907044,True,True,encoded
878,RHEA:13729,True,0.4735054614002257,True,True,encoded
879,RHEA:13733,True,0.8348584672847633,True,True,encoded
880,RHEA:13737,True,0.4406020578270653,True,True,encoded
881,RHEA:13741,True,0.8188103907153168,True,True,encoded
882,RHEA:13745,True,0.8355650326992801,True,True,encoded
883,RHEA:13749,True,0.1537070367911818,True,True,encoded
884,RHEA:13753,True,0.2821158593203967,True,True,encoded
885,RHEA:13757,True,0.7023840402277632,True,True,encoded
886,RHEA:13761,True,0.8036477784845655,True,True,encoded
887,RHEA:13769,True,0.5821371858343707,True,True,encoded
888,RHEA:13773,True,0.2297418036036667,True,True,encoded
889,RHEA:13781,True,0.5412773447094896,True,True,encoded
890,RHEA:13785,True,0.368482373815744,True,True,encoded
891,RHEA:13793,True,0.9005223232209666,True,True,encoded
892,RHEA:13801,False,,False,False,mapping_unsupported
893,RHEA:13805,True,0.9254509320775332,False,False,clipzyme_graph_prereq_failed:reactant_product_map_sets_differ
894,RHEA:13809,True,0.0035993974218942,True,True,encoded
895,RHEA:13813,True,0.3988512421067167,True,True,encoded
896,RHEA:13817,True,0.5547631861735415,True,True,encoded
897,RHEA:13821,True,0.2047249364714422,True,True,encoded
898,RHEA:13825,True,0.4382963658042992,True,True,encoded
899,RHEA:13829,True,0.1945340692794209,True,True,encoded
900,RHEA:13833,True,0.7245290220406118,True,True,encoded
901,RHEA:13849,True,0.7877485755427269,True,True,encoded
902,RHEA:13861,True,0.7243846485504347,True,True,encoded
903,RHEA:13869,True,0.4661321676151813,True,True,encoded
904,RHEA:13873,True,0.1682316627676369,False,False,clipzyme_graph_prereq_failed:unmapped_atoms
905,RHEA:13877,True,0.9112096846824336,True,True,encoded
906,RHEA:13881,True,0.3373837411420022,True,True,encoded
907,RHEA:13889,True,0.590407734325712,True,True,encoded
908,RHEA:13893,True,0.3660208747306725,True,True,encoded
909,RHEA:13897,True,0.684084412761889,True,True,encoded
910,RHEA:13905,True,0.370608513770894,True,True,encoded
911,RHEA:13913,True,0.9925369842355156,True,True,encoded
912,RHEA:13929,True,0.9266913963279716,True,True,encoded
913,RHEA:13933,True,0.4686858389153926,True,True,encoded
914,RHEA:13941,True,0.3433894469142532,True,True,encoded
915,RHEA:13945,True,0.8989750158428349,True,True,encoded
916,RHEA:13949,True,0.3273111715773492,True,True,encoded
917,RHEA:13953,True,0.911623986583696,True,True,encoded
918,RHEA:13957,True,0.0015692027414222,True,True,encoded
919,RHEA:13961,True,0.1532047750386927,True,True,encoded
920,RHEA:13965,True,0.9262992788140532,True,True,encoded
921,RHEA:13969,True,0.054117233761241,True,True,encoded
922,RHEA:13973,True,0.0867708039950647,True,True,encoded
923,RHEA:13977,True,0.9897023735103464,True,True,encoded
924,RHEA:13985,True,0.320453778227242,True,True,encoded
925,RHEA:13989,True,0.2950385935317086,True,True,encoded
926,RHEA:13993,True,0.8118232389545829,True,True,encoded
927,RHEA:14001,True,0.1926788457905069,True,True,encoded
928,RHEA:14005,True,0.8349261135724715,True,True,encoded
929,RHEA:14009,True,0.4936802270181563,False,False,clipzyme_graph_prereq_failed:reactant_product_map_sets_differ
930,RHEA:14013,True,0.0860945199900824,True,True,encoded
931,RHEA:14017,True,0.2980776800537384,True,True,encoded
932,RHEA:14021,True,0.4260021748766668,False,False,clipzyme_graph_prereq_failed:unmapped_atoms
933,RHEA:14025,True,0.9830646146866052,True,True,encoded
934,RHEA:14029,True,0.6193888075984655,False,False,clipzyme_graph_prereq_failed:reactant_product_map_sets_differ
935,RHEA:14033,True,0.7286640303403294,True,True,encoded
936,RHEA:14037,True,0.4329209921583777,True,True,encoded
937,RHEA:14041,True,0.8394709576317763,True,True,encoded
938,RHEA:14045,True,0.4461795230610185,True,True,encoded
939,RHEA:14049,True,0.1859107922378683,True,True,encoded
940,RHEA:14053,True,0.1960618039354235,True,True,encoded
941,RHEA:14057,True,0.589020528963406,False,False,clipzyme_graph_prereq_failed:unmapped_atoms
942,RHEA:14065,True,0.4747922576662571,True,True,encoded
943,RHEA:14069,True,0.3346059997039017,True,True,encoded
944,RHEA:14077,True,0.9301925200408168,True,True,encoded
945,RHEA:14081,True,0.5104695407948949,True,True,encoded
946,RHEA:14085,True,0.1093768446738111,True,True,encoded
947,RHEA:14089,True,0.6754919604865913,True,True,encoded
948,RHEA:14093,True,0.6773523344270348,True,True,encoded
949,RHEA:14101,True,0.7521887949236471,False,False,clipzyme_graph_prereq_failed:unmapped_atoms
950,RHEA:14105,True,0.7494652955425002,True,True,encoded
951,RHEA:14109,True,0.4325939687562649,True,True,encoded
952,RHEA:14113,True,0.4160403349406563,True,True,encoded
953,RHEA:14129,True,0.4325773092968536,True,True,encoded
954,RHEA:14133,True,0.2558015131339501,True,True,encoded
955,RHEA:14141,True,0.1015104702268254,True,True,encoded
956,RHEA:14145,True,0.3100312554327034,True,True,encoded
957,RHEA:14157,True,0.0570463882968178,True,True,encoded
958,RHEA:14161,True,0.3217434729273576,True,True,encoded
959,RHEA:14165,True,0.2492839742712072,True,True,encoded
960,RHEA:14173,True,0.1339536996328728,True,True,encoded
961,RHEA:14177,True,0.6938328071525386,True,True,encoded
962,RHEA:14181,True,0.2039616191902242,True,True,encoded
963,RHEA:14185,True,0.806185061369355,True,True,encoded
964,RHEA:14189,True,0.7597581265996557,True,True,encoded
965,RHEA:14201,True,0.8107587887129363,True,True,encoded
966,RHEA:14205,True,0.864516982393711,True,True,encoded
967,RHEA:14213,True,0.1089353685805628,True,True,encoded
968,RHEA:14217,True,0.7856244145377156,True,True,encoded
969,RHEA:14245,True,0.2301874569694546,True,True,encoded
970,RHEA:14253,True,0.1350247510739307,True,True,encoded
971,RHEA:14257,True,0.6050502958895024,True,True,encoded
972,RHEA:14265,True,0.9417509215154536,True,True,encoded
973,RHEA:14269,True,0.0008174268613445,True,True,encoded
974,RHEA:14277,True,0.839187421094223,True,True,encoded
975,RHEA:14293,True,0.6843052521037054,True,True,encoded
976,RHEA:14297,True,0.8237156323065663,True,True,encoded
977,RHEA:14301,True,0.9931403079435795,True,True,encoded
978,RHEA:14305,True,0.0821035712507194,True,True,encoded
979,RHEA:14317,True,0.83694116722485,True,True,encoded
980,RHEA:14321,True,0.4492174947182203,True,True,encoded
981,RHEA:14329,True,0.3568594572452938,True,True,encoded
982,RHEA:14333,True,0.6706180441709103,True,True,encoded
983,RHEA:14341,True,0.5838504715280257,True,True,encoded
984,RHEA:14345,True,0.7506154664229682,True,True,encoded
985,RHEA:14349,True,0.608383453857981,True,True,encoded
986,RHEA:14353,True,0.4199327864784138,True,True,encoded
987,RHEA:14357,True,0.2754027890142336,True,True,encoded
988,RHEA:14369,True,0.3700485309794539,True,True,encoded
989,RHEA:14373,True,0.2077226845265829,True,True,encoded
990,RHEA:14381,True,0.6992464131033641,True,True,encoded
991,RHEA:14389,True,0.4975041193564593,True,True,encoded
992,RHEA:14393,True,0.412205738135812,True,True,encoded
993,RHEA:14397,True,0.6699813449928641,True,True,encoded
994,RHEA:14401,True,0.157071600342335,True,True,encoded
995,RHEA:14405,True,0.3938185575066429,True,True,encoded
996,RHEA:14409,True,0.7243478332237732,True,True,encoded
997,RHEA:14413,True,0.4703115786219546,True,True,encoded
998,RHEA:14425,True,0.1097741296999792,True,True,encoded
999,RHEA:14429,True,0.2595706403559024,True,True,encoded
1000,RHEA:14433,True,1.0886955580701638e-05,True,True,encoded
1001,RHEA:14437,True,0.3885617633977073,True,True,encoded
1002,RHEA:14441,True,0.2359142877091006,True,True,encoded
1003,RHEA:14445,True,0.4387350908378721,True,True,encoded
1004,RHEA:14465,True,0.5303675385134218,True,True,encoded
1005,RHEA:14469,True,0.7535897944253696,True,True,encoded
1006,RHEA:14473,True,0.0892635663584445,True,True,encoded
1007,RHEA:14477,True,0.1685526652915883,True,True,encoded
1008,RHEA:14481,True,0.4434431375255181,True,True,encoded
1009,RHEA:14485,True,0.0337231188045102,True,True,encoded
1010,RHEA:14489,True,0.922290377450954,True,True,encoded
1011,RHEA:14493,True,0.6177704100082526,True,True,encoded
1012,RHEA:14501,True,0.971297866436454,True,True,encoded
1013,RHEA:14509,True,0.3222351442725715,True,True,encoded
1014,RHEA:14513,True,0.1768958833402962,True,True,encoded
1015,RHEA:14517,True,0.3667034999548566,True,True,encoded
1016,RHEA:14521,True,0.3279852505843161,True,True,encoded
1017,RHEA:14525,True,0.7332745233665542,False,False,clipzyme_graph_prereq_failed:reactant_product_map_sets_differ
1018,RHEA:14533,True,0.739747103819361,True,True,encoded
1019,RHEA:14541,True,0.2447351734016304,True,True,encoded
1020,RHEA:14545,True,0.9927011398371364,True,True,encoded
1021,RHEA:14549,True,0.8477635514895128,True,True,encoded
1022,RHEA:14557,True,0.9118405435770034,True,True,encoded
1023,RHEA:14561,True,0.2277940117821651,True,True,encoded
1024,RHEA:14569,True,0.9769651937347849,True,True,encoded
1025,RHEA:14573,True,0.7734577586489975,True,True,encoded
1026,RHEA:14581,True,0.4003107109777481,True,True,encoded
1027,RHEA:14589,True,0.873968278991192,True,True,encoded
1028,RHEA:14597,True,0.160028879475247,True,True,encoded
1029,RHEA:14605,True,0.3290417614805774,True,True,encoded
1030,RHEA:14609,True,0.2303840784501029,True,True,encoded
1031,RHEA:14613,True,0.1481879868669207,True,True,encoded
1032,RHEA:14621,True,0.324892033617565,True,True,encoded
1033,RHEA:14629,True,0.2757122148799294,True,True,encoded
1034,RHEA:14633,True,0.3214655597413859,True,True,encoded
1035,RHEA:14649,True,0.5126077354656932,True,True,encoded
1036,RHEA:14653,True,0.9025045014388268,True,True,encoded
1037,RHEA:14657,True,0.4738349161513304,True,True,encoded
1038,RHEA:14665,True,0.8814693613249562,True,True,encoded
1039,RHEA:14669,True,0.2267177025563633,True,True,encoded
1040,RHEA:14673,True,0.2406473632598524,True,True,encoded
1041,RHEA:14685,True,0.999344305567654,False,False,clipzyme_graph_prereq_failed:reactant_product_map_sets_differ
1042,RHEA:14697,True,0.3080197381864833,True,True,encoded
1043,RHEA:14701,False,,False,False,mapping_unsupported
1044,RHEA:14705,False,,False,False,mapping_unsupported
1045,RHEA:14709,True,0.9709681159273592,True,True,encoded
1046,RHEA:14717,True,0.1377911951060816,True,True,encoded
1047,RHEA:14721,True,0.786869333188746,True,True,encoded
1048,RHEA:14729,True,0.0387711708327825,True,True,encoded
1049,RHEA:14733,True,0.3438661965977898,True,True,encoded
1050,RHEA:14737,True,0.2163177690445294,True,True,encoded
1051,RHEA:14749,True,0.3102718742956782,True,True,encoded
1052,RHEA:14753,True,0.2578539007743301,True,True,encoded
1053,RHEA:14761,True,0.0878125992050701,True,True,encoded
1054,RHEA:14765,True,0.7317083155588515,True,True,encoded
1055,RHEA:14777,True,0.4045258987082845,True,True,encoded
1056,RHEA:14781,True,0.0172736585081024,True,True,encoded
1057,RHEA:14789,True,0.4423827623901967,True,True,encoded
1058,RHEA:14797,True,0.250492685963845,True,True,encoded
1059,RHEA:14801,True,0.1315690643519727,True,True,encoded
1060,RHEA:14805,True,0.2375340089585976,True,True,encoded
1061,RHEA:14813,True,0.9916812715482528,True,True,encoded
1062,RHEA:14817,True,0.7365662385032542,True,True,encoded
1063,RHEA:14821,True,0.7877488494243491,True,True,encoded
1064,RHEA:14829,True,0.9492963336500746,True,True,encoded
1065,RHEA:14833,False,,False,False,mapping_unsupported
1066,RHEA:14837,True,0.5819329148121768,True,True,encoded
1067,RHEA:14841,True,0.3481413386400438,True,True,encoded
1068,RHEA:14853,True,0.3210447235379588,True,True,encoded
1069,RHEA:14857,True,0.1249627565843619,True,True,encoded
1070,RHEA:14869,True,0.8996491662960583,True,True,encoded
1071,RHEA:14873,True,0.8134619755571172,True,True,encoded
1072,RHEA:14877,True,0.3573230892782746,True,True,encoded
1073,RHEA:14885,True,0.6177702363691034,True,True,encoded
1074,RHEA:14889,True,0.4048738401262126,True,True,encoded
1075,RHEA:14893,True,0.7953947257104813,True,True,encoded
1076,RHEA:14901,True,0.0974618165509681,True,True,encoded
1077,RHEA:14905,True,0.0454629102535259,True,True,encoded
1078,RHEA:14909,True,0.3906955498848352,True,True,encoded
1079,RHEA:14921,True,0.6258419762323694,True,True,encoded
1080,RHEA:14929,True,0.6925695340804113,True,True,encoded
1081,RHEA:14937,True,0.075471703919513,True,True,encoded
1082,RHEA:14945,True,0.7917088548400742,True,True,encoded
1083,RHEA:14961,True,0.9209161584646488,True,True,encoded
1084,RHEA:14965,True,0.4847071553171397,True,True,encoded
1085,RHEA:14969,True,0.6235657989958684,True,True,encoded
1086,RHEA:14973,True,0.9294946356104562,True,True,encoded
1087,RHEA:14977,True,0.5412461440914602,True,True,encoded
1088,RHEA:14981,True,0.3635498937528986,True,True,encoded
1089,RHEA:14985,True,0.5841880432881273,True,True,encoded
1090,RHEA:14993,False,,False,False,mapping_unsupported
1091,RHEA:15005,True,0.3349805267044349,True,True,encoded
1092,RHEA:15009,True,0.387732090605055,True,True,encoded
1093,RHEA:15013,True,0.9606877295591796,True,True,encoded
1094,RHEA:15017,True,0.4308470746187695,True,True,encoded
1095,RHEA:15025,True,0.81374252621529,True,True,encoded
1096,RHEA:15029,True,0.4301404169742172,True,True,encoded
1097,RHEA:15033,True,0.5870443173956849,True,True,encoded
1098,RHEA:15037,True,0.728116699481186,True,True,encoded
1099,RHEA:15045,True,0.8000564014438151,True,True,encoded
1100,RHEA:15053,True,0.408407033510994,True,True,encoded
1101,RHEA:15057,True,0.6388332054362102,True,True,encoded
1102,RHEA:15061,True,0.5819711663495953,True,True,encoded
1103,RHEA:15081,True,0.0425832256372299,True,True,encoded
1104,RHEA:15089,True,0.9596237778260244,False,False,clipzyme_graph_prereq_failed:reactant_product_map_sets_differ
1105,RHEA:15093,True,0.6616064708634214,True,True,encoded
1106,RHEA:15097,True,0.7589320920173557,True,True,encoded
1107,RHEA:15101,True,0.5887190831726682,True,True,encoded
1108,RHEA:15105,True,0.8177798932969654,True,True,encoded
1109,RHEA:15113,True,0.7534701135876938,True,True,encoded
1110,RHEA:15117,True,0.1834720767702111,True,True,encoded
1111,RHEA:15129,True,0.2284397966449005,True,True,encoded
1112,RHEA:15133,True,0.6886466083867012,True,True,encoded
1113,RHEA:15141,True,0.1467780257377283,True,True,encoded
1114,RHEA:15145,True,0.7410239629898911,True,True,encoded
1115,RHEA:15149,True,0.2871780319981662,True,True,encoded
1116,RHEA:15153,True,0.7515181595783686,True,True,encoded
1117,RHEA:15165,True,0.5749388209485264,True,True,encoded
1118,RHEA:15169,True,0.761449865439432,True,True,encoded
1119,RHEA:15173,True,0.2863685400383935,True,True,encoded
1120,RHEA:15177,True,0.3682891492266761,True,True,encoded
1121,RHEA:15181,True,0.0390333601203129,True,True,encoded
1122,RHEA:15185,True,0.2837850756732518,True,True,encoded
1123,RHEA:15189,True,0.5122000938452413,True,True,encoded
1124,RHEA:15193,True,0.242642605293862,True,True,encoded
1125,RHEA:15197,True,0.8095720697978639,True,True,encoded
1126,RHEA:15209,True,0.6144309945421869,True,True,encoded
1127,RHEA:15213,True,0.293685639610102,True,True,encoded
1128,RHEA:15221,True,0.6138783329040597,True,True,encoded
1129,RHEA:15225,True,0.0940798996866654,True,True,encoded
1130,RHEA:15229,True,0.1029014418302844,True,True,encoded
1131,RHEA:15233,True,0.9994601712865196,True,True,encoded
1132,RHEA:15241,True,0.2179349640124183,True,True,encoded
1133,RHEA:15245,True,0.462900418087775,False,False,clipzyme_graph_prereq_failed:unmapped_atoms
1134,RHEA:15249,True,0.4921804466446262,True,True,encoded
1135,RHEA:15253,True,0.7150960205351723,True,True,encoded
1136,RHEA:15257,True,0.965763824314227,True,True,encoded
1137,RHEA:15261,True,0.2445364642394121,True,True,encoded
1138,RHEA:15265,True,0.1207333424057379,True,True,encoded
1139,RHEA:15277,True,0.2433127462685335,True,True,encoded
1140,RHEA:15281,True,0.6447506746014007,True,True,encoded
1141,RHEA:15285,True,0.050558799688574,True,True,encoded
1142,RHEA:15297,True,0.7606813683427626,True,True,encoded
1143,RHEA:15305,True,0.5049086114265197,True,True,encoded
1144,RHEA:15309,True,0.0046759314848641,True,True,encoded
1145,RHEA:15313,True,0.9865897113005772,True,True,encoded
1146,RHEA:15321,True,0.2635329103346753,True,True,encoded
1147,RHEA:15325,True,0.1243480426493668,True,True,encoded
1148,RHEA:15329,True,0.7805224886497735,True,True,encoded
1149,RHEA:15341,True,0.0297963710505294,True,True,encoded
1150,RHEA:15349,True,0.735046636100966,True,True,encoded
1151,RHEA:15353,True,0.3630027983347681,True,True,encoded
1152,RHEA:15357,True,0.5387107490329033,True,True,encoded
1153,RHEA:15373,True,0.8983350115308897,True,True,encoded
1154,RHEA:15377,True,0.3032587809921882,True,True,encoded
1155,RHEA:15381,True,0.3932351471762544,True,True,encoded
1156,RHEA:15385,True,0.9895751361619604,True,True,encoded
1157,RHEA:15389,True,0.1424549190003506,True,True,encoded
1158,RHEA:15393,True,0.8493888642994197,True,True,encoded
1159,RHEA:15397,True,0.7763959340130399,True,True,encoded
1160,RHEA:15413,True,0.7977271848447215,True,True,encoded
1161,RHEA:15417,True,0.2856120150626827,True,True,encoded
1162,RHEA:15421,True,0.0218338845455061,True,True,encoded
1163,RHEA:15425,True,0.0071332405011291,True,True,encoded
1164,RHEA:15429,False,,False,False,mapping_unsupported
1165,RHEA:15433,True,0.1045271056743943,True,True,encoded
1166,RHEA:15437,True,0.0752318507662161,True,True,encoded
1167,RHEA:15449,True,0.3491596948139997,True,True,encoded
1168,RHEA:15453,True,0.886143610934015,True,True,encoded
1169,RHEA:15457,True,0.5590206941547256,True,True,encoded
1170,RHEA:15465,True,0.1984289373409769,True,True,encoded
1171,RHEA:15469,True,0.208435107039774,True,True,encoded
1172,RHEA:15473,True,0.4994731941290799,True,True,encoded
1173,RHEA:15481,True,0.7831938721190457,True,True,encoded
1174,RHEA:15485,True,0.7799522711355749,True,True,encoded
1175,RHEA:15501,True,0.1747993634924925,True,True,encoded
1176,RHEA:15505,True,0.7488110073472801,True,True,encoded
1177,RHEA:15509,True,0.0192157475399512,True,True,encoded
1178,RHEA:15513,True,0.2800438327813134,True,True,encoded
1179,RHEA:15521,True,0.2200349698180461,True,True,encoded
1180,RHEA:15537,True,0.2359845611894086,True,True,encoded
1181,RHEA:15541,True,0.7939013729568151,True,True,encoded
1182,RHEA:15549,True,0.369173428689765,True,True,encoded
1183,RHEA:15553,True,0.1296209892028557,True,True,encoded
1184,RHEA:15557,True,0.3538596242462147,True,True,encoded
1185,RHEA:15561,True,0.8553584254785569,True,True,encoded
1186,RHEA:15565,True,0.97748061724075,True,True,encoded
1187,RHEA:15573,True,0.9297805830368971,True,True,encoded
1188,RHEA:15577,True,0.9658708366536918,True,True,encoded
1189,RHEA:15585,True,0.0039960363261951,False,False,clipzyme_graph_prereq_failed:reactant_product_map_sets_differ
1190,RHEA:15597,True,0.3241405114724309,True,True,encoded
1191,RHEA:15601,True,0.2552625891144608,True,True,encoded
1192,RHEA:15609,True,0.0595376874549357,True,True,encoded
1193,RHEA:15613,True,0.1239618269730973,True,True,encoded
1194,RHEA:15621,True,0.6970348703348558,True,True,encoded
1195,RHEA:15625,True,0.2620052611145858,True,True,encoded
1196,RHEA:15629,True,0.1587352554157854,True,True,encoded
1197,RHEA:15633,True,0.3103090890078252,True,True,encoded
1198,RHEA:15641,True,0.5399551518088539,True,True,encoded
1199,RHEA:15649,True,0.6470533796008696,True,True,encoded
1200,RHEA:15653,True,0.0957753224572782,True,True,encoded
1201,RHEA:15661,True,0.2491578512182887,True,True,encoded
1202,RHEA:15669,True,0.2887737042887102,True,True,encoded
1203,RHEA:15673,True,0.2471271564928212,True,True,encoded
1204,RHEA:15681,True,0.6075786825123313,True,True,encoded
1205,RHEA:15689,True,0.7469144505653601,True,True,encoded
1206,RHEA:15697,True,0.255753253997831,True,True,encoded
1207,RHEA:15709,True,0.6900114559840775,True,True,encoded
1208,RHEA:15713,True,0.3025707340348106,True,True,encoded
1209,RHEA:15717,True,0.2185902822586476,True,True,encoded
1210,RHEA:15725,True,0.9805439737621842,True,True,encoded
1211,RHEA:15729,True,0.5663906789569686,True,True,encoded
1212,RHEA:15733,True,0.2433959252715499,False,False,clipzyme_graph_prereq_failed:reactant_product_map_sets_differ
1213,RHEA:15737,True,0.2379707446438513,True,True,encoded
1214,RHEA:15741,True,0.5601420549087824,True,True,encoded
1215,RHEA:15749,True,0.8151258197515856,False,False,clipzyme_graph_prereq_failed:reactant_product_map_sets_differ
1216,RHEA:15753,True,0.0921019047566591,True,True,encoded
1217,RHEA:15757,True,0.8010817708933228,True,True,encoded
1218,RHEA:15761,True,0.4643189397417976,True,True,encoded
1219,RHEA:15765,True,0.0882685697784138,True,True,encoded
1220,RHEA:15769,True,0.1127708143867657,True,True,encoded
1221,RHEA:15773,True,0.2716669139838046,True,True,encoded
1222,RHEA:15781,True,0.957337142363055,True,True,encoded
1223,RHEA:15793,True,0.2800654315775077,True,True,encoded
1224,RHEA:15797,True,0.5734169494388399,True,True,encoded
1225,RHEA:15801,True,0.3704822552638001,True,True,encoded
1226,RHEA:15805,True,0.1402736695160082,True,True,encoded
1227,RHEA:15809,True,0.0582073644825329,False,False,clipzyme_graph_prereq_failed:unmapped_atoms
1228,RHEA:15817,True,0.2911233679044666,True,True,encoded
1229,RHEA:15821,True,0.4167399477498426,False,False,clipzyme_graph_prereq_failed:reactant_product_map_sets_differ
1230,RHEA:15841,True,0.2185032449215528,True,True,encoded
1231,RHEA:15853,True,0.719368037561058,True,True,encoded
1232,RHEA:15857,True,0.3714670069022275,True,True,encoded
1233,RHEA:15865,True,0.8799170624124294,False,False,clipzyme_graph_prereq_failed:unmapped_atoms
1234,RHEA:15869,True,0.7880702208695752,True,True,encoded
1235,RHEA:15881,True,0.3358211828623568,True,True,encoded
1236,RHEA:15889,True,0.9871714192178784,True,True,encoded
1237,RHEA:15893,True,0.0942631938085803,True,True,encoded
1238,RHEA:15901,True,0.4180069847484424,True,True,encoded
1239,RHEA:15909,True,0.1325675282240174,True,True,encoded
1240,RHEA:15913,True,0.2336431714013304,True,True,encoded
1241,RHEA:15917,True,0.7542566682147324,True,True,encoded
1242,RHEA:15921,True,0.4211307061304139,True,True,encoded
1243,RHEA:15933,True,0.8297949948524586,True,True,encoded
1244,RHEA:15937,True,0.4586170555141143,True,True,encoded
1245,RHEA:15941,True,0.9850649894531068,True,True,encoded
1246,RHEA:15957,True,0.863428576552975,True,True,encoded
1247,RHEA:15965,True,0.9526187613331148,True,True,encoded
1248,RHEA:15969,True,0.2528772847941852,True,True,encoded
1249,RHEA:15973,True,0.1628598851971112,True,True,encoded
1250,RHEA:15977,True,0.9672436921263192,True,True,encoded
1251,RHEA:15981,True,0.7299172316692198,True,True,encoded
1252,RHEA:15985,True,0.593513022781823,True,True,encoded
1253,RHEA:15989,False,,False,False,mapping_unsupported
1254,RHEA:16001,True,0.3948004411111389,True,True,encoded
1255,RHEA:16005,True,0.7734577586489975,True,True,encoded
1256,RHEA:16013,True,0.1249034993541139,True,True,encoded
1257,RHEA:16021,True,0.856694959862467,True,True,encoded
1258,RHEA:16025,True,0.3098446790500627,True,True,encoded
1259,RHEA:16029,True,0.8798504585356896,True,True,encoded
1260,RHEA:16037,True,0.1805324653343402,True,True,encoded
1261,RHEA:16045,True,0.4621900405682068,True,True,encoded
1262,RHEA:16049,False,,False,False,mapping_unsupported
1263,RHEA:16053,True,0.0183821765958614,True,True,encoded
1264,RHEA:16057,True,0.0180845612531152,True,True,encoded
1265,RHEA:16061,True,0.3767306997016337,True,True,encoded
1266,RHEA:16065,True,0.0650575418046143,True,True,encoded
1267,RHEA:16069,True,0.9873821333768438,True,True,encoded
1268,RHEA:16073,True,0.5708905573596497,True,True,encoded
1269,RHEA:16085,True,0.1280183577986726,True,True,encoded
1270,RHEA:16089,True,0.4527920243187414,True,True,encoded
1271,RHEA:16093,True,0.2340892482985199,True,True,encoded
1272,RHEA:16105,True,0.2693421968524788,True,True,encoded
1273,RHEA:16109,True,0.1026612570600668,True,True,encoded
1274,RHEA:16113,False,,False,False,mapping_unsupported
1275,RHEA:16117,True,0.0212067350414458,True,True,encoded
1276,RHEA:16121,True,0.9971077107957482,True,True,encoded
1277,RHEA:16125,True,0.2402553279018502,True,True,encoded
1278,RHEA:16129,True,0.4685906858761941,True,True,encoded
1279,RHEA:16137,True,0.3507012449692443,True,True,encoded
1280,RHEA:16141,True,0.6923755879075569,True,True,encoded
1281,RHEA:16145,True,0.554959211735478,True,True,encoded
1282,RHEA:16149,True,0.0515842227917853,True,True,encoded
1283,RHEA:16153,True,0.4512872050460962,True,True,encoded
1284,RHEA:16157,True,0.2478679326705475,True,True,encoded
1285,RHEA:16161,True,0.4584663640446079,True,True,encoded
1286,RHEA:16165,True,0.5894135943999195,True,True,encoded
1287,RHEA:16169,True,0.2323307987573222,True,True,encoded
1288,RHEA:16173,True,0.8231152270702823,True,True,encoded
1289,RHEA:16177,True,0.5060718056342909,True,True,encoded
1290,RHEA:16181,True,0.8846997889743294,True,True,encoded
1291,RHEA:16185,True,0.8170013244486648,True,True,encoded
1292,RHEA:16189,True,0.4908452150535753,True,True,encoded
1293,RHEA:16197,True,0.088222231985176,True,True,encoded
1294,RHEA:16201,True,0.8305705438835075,True,True,encoded
1295,RHEA:16209,True,0.0007743999048605,True,True,encoded
1296,RHEA:16217,True,0.9616229730972164,True,True,encoded
1297,RHEA:16221,True,0.4036605011876016,True,True,encoded
1298,RHEA:16225,True,0.9271758694357684,True,True,encoded
1299,RHEA:16229,True,0.1071069661357088,True,True,encoded
1300,RHEA:16233,True,0.3498412091197007,True,True,encoded
1301,RHEA:16237,True,0.9989877395097282,True,True,encoded
1302,RHEA:16241,True,0.4074670789775033,True,True,encoded
1303,RHEA:16245,True,0.1792446245567403,True,True,encoded
1304,RHEA:16249,True,0.390395267632651,True,True,encoded
1305,RHEA:16253,True,0.7319524642150036,True,True,encoded
1306,RHEA:16257,True,0.1440067364006915,True,True,encoded
1307,RHEA:16261,True,0.2584975049263649,True,True,encoded
1308,RHEA:16269,True,0.0396415322643007,True,True,encoded
1309,RHEA:16277,True,0.5635103478716148,True,True,encoded
1310,RHEA:16285,True,0.5433774958723852,True,True,encoded
1311,RHEA:16297,True,0.4311419367694397,True,True,encoded
1312,RHEA:16301,True,0.7606048439299052,True,True,encoded
1313,RHEA:16305,True,0.2377889217061589,True,True,encoded
1314,RHEA:16309,True,0.4863982509553894,True,True,encoded
1315,RHEA:16317,True,0.7837115708623558,True,True,encoded
1316,RHEA:16321,True,0.4611639539723631,True,True,encoded
1317,RHEA:16329,True,0.5778594119190845,True,True,encoded
1318,RHEA:16333,True,0.0464080446017223,True,True,encoded
1319,RHEA:16337,True,0.2092610256081254,False,False,clipzyme_graph_prereq_failed:rdkit_parse_failed
1320,RHEA:16341,True,0.2098644834372102,True,True,encoded
1321,RHEA:16345,True,0.0488875066554444,True,True,encoded
1322,RHEA:16349,True,0.4022114728489299,False,False,clipzyme_graph_prereq_failed:unmapped_atoms
1323,RHEA:16365,True,0.3970372992630466,True,True,encoded
1324,RHEA:16369,True,0.8070643447741036,True,True,encoded
1325,RHEA:16373,True,0.262781090773631,True,True,encoded
1326,RHEA:16377,True,0.2315336302395253,True,True,encoded
1327,RHEA:16381,True,0.5659216321714453,True,True,encoded
1328,RHEA:16413,True,0.9469134001063124,True,True,encoded
1329,RHEA:16417,True,0.4661130515889501,True,True,encoded
1330,RHEA:16421,True,0.4011834995723673,True,True,encoded
1331,RHEA:16425,True,0.8238541868355067,True,True,encoded
1332,RHEA:16429,True,0.1441366272469991,True,True,encoded
1333,RHEA:16437,True,0.8990882468251823,True,True,encoded
1334,RHEA:16441,True,0.997334390326013,True,True,encoded
1335,RHEA:16445,True,0.9140875046699588,True,True,encoded
1336,RHEA:16449,True,0.2222028091894813,True,True,encoded
1337,RHEA:16453,True,0.877973589880441,True,True,encoded
1338,RHEA:16457,True,0.6144305683767392,True,True,encoded
1339,RHEA:16461,True,0.2378135847822549,True,True,encoded
1340,RHEA:16469,True,0.1654303819295708,True,True,encoded
1341,RHEA:16477,True,0.7465334858870541,True,True,encoded
1342,RHEA:16481,True,0.0567137175001978,True,True,encoded
1343,RHEA:16489,True,0.9311810623960574,True,True,encoded
1344,RHEA:16497,True,0.7815846657884433,True,True,encoded
1345,RHEA:16501,True,0.3561743791244108,True,True,encoded
1346,RHEA:16505,True,0.6077000124927224,True,True,encoded
1347,RHEA:16509,True,0.5082773776567595,True,True,encoded
1348,RHEA:16513,True,0.2917198835098416,True,True,encoded
1349,RHEA:16517,True,0.8297916096476309,True,True,encoded
1350,RHEA:16521,True,0.3017726693490105,True,True,encoded
1351,RHEA:16525,True,0.250492428912068,True,True,encoded
1352,RHEA:16529,True,0.0745849849413009,True,True,encoded
1353,RHEA:16537,True,0.4550916248545125,True,True,encoded
1354,RHEA:16541,True,0.2013195839380381,True,True,encoded
1355,RHEA:16545,True,0.1485397588108113,True,True,encoded
1356,RHEA:16557,True,0.8535587992644742,True,True,encoded
1357,RHEA:16561,True,0.0960311838914876,True,True,encoded
1358,RHEA:16565,True,0.6422774750525782,True,True,encoded
1359,RHEA:16569,True,0.443880670835345,True,True,encoded
1360,RHEA:16573,True,0.3837641015740209,True,True,encoded
1361,RHEA:16577,True,0.0913517531296931,True,True,encoded
1362,RHEA:16581,True,0.4426048071128416,True,True,encoded
1363,RHEA:16585,True,0.0011565699895478,True,True,encoded
1364,RHEA:16593,True,0.831559276328655,True,True,encoded
1365,RHEA:16597,True,0.0669095610020826,True,True,encoded
1366,RHEA:16601,True,0.7328382612058532,True,True,encoded
1367,RHEA:16609,True,0.0315541102580498,True,True,encoded
1368,RHEA:16613,True,0.2861368043080964,True,True,encoded
1369,RHEA:16629,True,0.3148403258827833,True,True,encoded
1370,RHEA:16633,True,0.6629213175812291,True,True,encoded
1371,RHEA:16641,True,0.9949842244321284,True,True,encoded
1372,RHEA:16645,True,0.1801896156155464,True,True,encoded
1373,RHEA:16649,True,0.2705191320255549,True,True,encoded
1374,RHEA:16653,True,0.3650252910702308,True,True,encoded
1375,RHEA:16657,True,0.9512925531283808,True,True,encoded
1376,RHEA:16661,True,0.9362187675086868,True,True,encoded
1377,RHEA:16669,True,0.794280067955754,True,True,encoded
1378,RHEA:16673,True,0.3186043676694413,True,True,encoded
1379,RHEA:16677,True,0.8155396742527332,True,True,encoded
1380,RHEA:16689,True,0.4421766184691056,True,True,encoded
1381,RHEA:16705,True,0.4509453142812948,True,True,encoded
1382,RHEA:16709,True,0.8547753993580686,True,True,encoded
1383,RHEA:16729,True,0.29588209368745,True,True,encoded
1384,RHEA:16737,True,0.3199279248304191,True,True,encoded
1385,RHEA:16741,True,0.2297888616350746,True,True,encoded
1386,RHEA:16749,True,0.4419304253309097,True,True,encoded
1387,RHEA:16757,True,0.1238643650566448,True,True,encoded
1388,RHEA:16761,True,0.5152931877707884,True,True,encoded
1389,RHEA:16765,True,0.3130847369112579,True,True,encoded
1390,RHEA:16769,True,0.0652358282209461,True,True,encoded
1391,RHEA:16773,True,0.3353452912262867,True,True,encoded
1392,RHEA:16777,True,0.3520900242660008,True,True,encoded
1393,RHEA:16781,True,0.2554649057061374,True,True,encoded
1394,RHEA:16789,True,0.6869850152502534,True,True,encoded
1395,RHEA:16793,True,0.3652691737034705,True,True,encoded
1396,RHEA:16801,True,0.1511010458567248,True,True,encoded
1397,RHEA:16805,True,0.236374247462107,True,True,encoded
1398,RHEA:16809,True,0.6450914072859001,True,True,encoded
1399,RHEA:16813,True,0.9554417796847684,True,True,encoded
1400,RHEA:16825,True,0.2717832288724339,True,True,encoded
1401,RHEA:16829,True,0.3557618556213559,True,True,encoded
1402,RHEA:16833,True,0.3186153093933945,True,True,encoded
1403,RHEA:16841,True,0.1512850859732794,True,True,encoded
1404,RHEA:16845,True,0.2232980010647944,True,True,encoded
1405,RHEA:16853,True,0.3164032873176393,True,True,encoded
1406,RHEA:16857,True,0.8899201903257183,True,True,encoded
1407,RHEA:16861,True,0.886505285436929,True,True,encoded
1408,RHEA:16865,True,0.0099055560844161,True,True,encoded
1409,RHEA:16869,True,0.5918350586279395,True,True,encoded
1410,RHEA:16873,True,0.5826951512273586,True,True,encoded
1411,RHEA:16877,True,0.7467639402453101,True,True,encoded
1412,RHEA:16881,True,0.3457178872751883,True,True,encoded
1413,RHEA:16901,True,0.2666323821037171,True,True,encoded
1414,RHEA:16905,True,0.905845381633029,True,True,encoded
1415,RHEA:16913,True,0.5034848928100233,True,True,encoded
1416,RHEA:16917,True,0.5226598168436121,True,True,encoded
1417,RHEA:16921,False,,False,False,mapping_unsupported
1418,RHEA:16925,True,0.3173085913153005,True,True,encoded
1419,RHEA:16933,True,0.6233201196990588,True,True,encoded
1420,RHEA:16945,True,0.8671227722735289,True,True,encoded
1421,RHEA:16949,True,0.3171720695252586,True,True,encoded
1422,RHEA:16953,True,0.580714351286946,True,True,encoded
1423,RHEA:16957,True,0.919215707196089,True,True,encoded
1424,RHEA:16961,True,0.8661778553020066,True,True,encoded
1425,RHEA:16965,True,0.1024691683793872,True,True,encoded
1426,RHEA:16969,True,0.8640786081331663,True,True,encoded
1427,RHEA:16977,True,0.1448520985220233,True,True,encoded
1428,RHEA:16981,True,0.6545151530747266,True,True,encoded
1429,RHEA:16985,True,0.3403074249326666,True,True,encoded
1430,RHEA:16989,True,0.0075804870171068,True,True,encoded
1431,RHEA:17001,True,0.9330576061128282,True,True,encoded
1432,RHEA:17005,True,0.2315567491256367,True,True,encoded
1433,RHEA:17009,True,0.0158292204863977,True,True,encoded
1434,RHEA:17013,True,0.347603697008515,True,True,encoded
1435,RHEA:17017,True,0.1752331503274624,True,True,encoded
1436,RHEA:17021,True,0.5821086670802293,True,True,encoded
1437,RHEA:17025,True,0.2726605198491166,True,True,encoded
1438,RHEA:17029,True,0.8104922294058868,True,True,encoded
1439,RHEA:17033,True,0.6594530355115412,True,True,encoded
1440,RHEA:17037,True,0.4574298053691593,True,True,encoded
1441,RHEA:17041,True,0.3904249389864669,True,True,encoded
1442,RHEA:17053,True,0.0519012700332141,True,True,encoded
1443,RHEA:17061,True,0.2453631791052154,True,True,encoded
1444,RHEA:17065,True,0.2693360265030511,True,True,encoded
1445,RHEA:17077,True,0.5509135561840799,True,True,encoded
1446,RHEA:17081,True,0.9001414472319735,True,True,encoded
1447,RHEA:17085,True,0.9767922708707876,False,False,clipzyme_graph_prereq_failed:reactant_product_map_sets_differ
1448,RHEA:17089,True,0.4481196176909758,True,True,encoded
1449,RHEA:17093,True,0.480566873130448,True,True,encoded
1450,RHEA:17097,True,0.8073691583375773,True,True,encoded
1451,RHEA:17101,True,0.3188132283801937,True,True,encoded
1452,RHEA:17105,True,0.6439029788670783,True,True,encoded
1453,RHEA:17109,True,0.114979200668137,True,True,encoded
1454,RHEA:17117,True,0.2349188981096127,True,True,encoded
1455,RHEA:17125,True,0.8692708112476654,True,True,encoded
1456,RHEA:17129,True,0.0845513218924581,True,True,encoded
1457,RHEA:17137,True,0.8944550850693483,True,True,encoded
1458,RHEA:17141,True,0.699366167805449,True,True,encoded
1459,RHEA:17149,True,0.2295031515327435,False,False,clipzyme_graph_prereq_failed:unmapped_atoms
1460,RHEA:17153,True,0.6955099736015995,True,True,encoded
1461,RHEA:17157,True,0.2834062024576384,True,True,encoded
1462,RHEA:17161,True,0.6014800465759452,True,True,encoded
1463,RHEA:17169,True,0.1267989163907044,True,True,encoded
1464,RHEA:17173,True,0.6711736030638631,True,True,encoded
1465,RHEA:17177,True,0.158267724261918,True,True,encoded
1466,RHEA:17181,True,0.3214032876489981,True,True,encoded
1467,RHEA:17185,True,0.2343200890070246,True,True,encoded
1468,RHEA:17193,True,0.2039545486170631,True,True,encoded
1469,RHEA:17201,True,0.8362978185610971,True,True,encoded
1470,RHEA:17205,True,0.0810117718349629,True,True,encoded
1471,RHEA:17209,True,0.6684329250639106,True,True,encoded
1472,RHEA:17213,True,0.8433391761296667,True,True,encoded
1473,RHEA:17221,True,0.8194879401723579,True,True,encoded
1474,RHEA:17225,True,0.1738361382755258,True,True,encoded
1475,RHEA:17229,True,0.2639536880868339,True,True,encoded
1476,RHEA:17233,True,0.8907144011712562,True,True,encoded
1477,RHEA:17237,True,0.0946995314372987,True,True,encoded
1478,RHEA:17261,True,0.359725411694681,True,True,encoded
1479,RHEA:17265,True,0.8493977506211853,True,True,encoded
1480,RHEA:17269,True,0.6556214099603865,True,True,encoded
1481,RHEA:17277,True,0.4707266113768898,True,True,encoded
1482,RHEA:17281,True,0.9553326738408726,True,True,encoded
1483,RHEA:17285,True,0.7813259854155346,True,True,encoded
1484,RHEA:17289,True,0.1577558985299608,True,True,encoded
1485,RHEA:17293,True,0.1232356042936869,True,True,encoded
1486,RHEA:17297,True,0.0446695006942925,True,True,encoded
1487,RHEA:17301,True,0.3358210900072241,True,True,encoded
1488,RHEA:17305,True,0.7725361674109443,True,True,encoded
1489,RHEA:17309,True,0.8860724357052377,True,True,encoded
1490,RHEA:17313,True,0.1115093632185998,True,True,encoded
1491,RHEA:17317,True,0.0744698614852528,True,True,encoded
1492,RHEA:17321,True,0.8268042053808874,True,True,encoded
1493,RHEA:17325,True,0.1220530609673408,True,True,encoded
1494,RHEA:17329,True,0.6227240665640761,True,True,encoded
1495,RHEA:17337,True,0.5127625502801818,True,True,encoded
1496,RHEA:17341,True,0.1567846625090874,True,True,encoded
1497,RHEA:17357,True,0.264557018414895,True,True,encoded
1498,RHEA:17365,True,0.339333167681607,True,True,encoded
1499,RHEA:17373,True,0.2117279302334497,True,True,encoded
1500,RHEA:17389,True,0.5659216321714453,True,True,encoded
1501,RHEA:17393,True,0.7930636670077877,True,True,encoded
1502,RHEA:17397,True,0.289859109034293,True,True,encoded
1503,RHEA:17401,True,0.7350908095107845,True,True,encoded
1504,RHEA:17409,True,0.9282265827460942,True,True,encoded
1505,RHEA:17417,True,0.3272146645583104,True,True,encoded
1506,RHEA:17425,True,0.0355719835963659,True,True,encoded
1507,RHEA:17433,True,0.4176169355756982,False,False,clipzyme_graph_prereq_failed:reactant_product_map_sets_differ
1508,RHEA:17441,True,0.705265327846872,True,True,encoded
1509,RHEA:17445,True,0.2245526436407159,False,False,clipzyme_graph_prereq_failed:unmapped_atoms
1510,RHEA:17449,True,0.0940200871085084,True,True,encoded
1511,RHEA:17453,True,0.0826395978586433,True,True,encoded
1512,RHEA:17457,True,0.963031113130426,True,True,encoded
1513,RHEA:17461,True,0.2253544214443937,True,True,encoded
1514,RHEA:17469,True,0.282902147691864,True,True,encoded
1515,RHEA:17473,True,0.2186843910774071,True,True,encoded
1516,RHEA:17477,True,0.0163261136471542,True,True,encoded
1517,RHEA:17485,True,0.577618216879279,True,True,encoded
1518,RHEA:17489,True,0.2741101974637183,True,True,encoded
1519,RHEA:17493,True,0.6138916109825452,False,False,clipzyme_graph_prereq_failed:reactant_product_map_sets_differ
1520,RHEA:17501,True,0.930141178294307,True,True,encoded
1521,RHEA:17505,True,0.9972986534802368,True,True,encoded
1522,RHEA:17509,True,0.9942210004200274,True,True,encoded
1523,RHEA:17521,True,0.1816609745107706,True,True,encoded
1524,RHEA:17525,True,0.732713160827219,True,True,encoded
1525,RHEA:17533,True,0.8011514840205298,True,True,encoded
1526,RHEA:17545,True,0.1050495239946159,True,True,encoded
1527,RHEA:17561,True,0.3571255267258515,True,True,encoded
1528,RHEA:17569,True,0.4555826696300687,True,True,encoded
1529,RHEA:17573,True,0.7002651449991452,True,True,encoded
1530,RHEA:17577,True,0.8290157878418741,True,True,encoded
1531,RHEA:17581,True,0.9874997073087288,True,True,encoded
1532,RHEA:17593,True,0.830039466205293,True,True,encoded
1533,RHEA:17601,True,0.2806786265402414,True,True,encoded
1534,RHEA:17605,True,0.2232907568769965,True,True,encoded
1535,RHEA:17609,True,0.9584029454623068,True,True,encoded
1536,RHEA:17613,True,0.3171719004196875,True,True,encoded
1537,RHEA:17617,True,0.6633085785626628,True,True,encoded
1538,RHEA:17625,True,0.4082785997558349,True,True,encoded
1539,RHEA:17633,True,0.8032647563561163,True,True,encoded
1540,RHEA:17637,True,0.00600288983645,False,False,clipzyme_graph_prereq_failed:unmapped_atoms
1541,RHEA:17641,True,0.6478992817524034,True,True,encoded
1542,RHEA:17649,True,0.5027176653404234,True,True,encoded
1543,RHEA:17653,True,0.0417660026870193,True,True,encoded
1544,RHEA:17657,True,0.1234305170999969,True,True,encoded
1545,RHEA:17661,True,0.0290809306783822,True,True,encoded
1546,RHEA:17665,True,0.7698451594489701,True,True,encoded
1547,RHEA:17673,True,0.8730638954515421,True,True,encoded
1548,RHEA:17681,True,0.7992262792341521,True,True,encoded
1549,RHEA:17689,True,0.1082834007526374,True,True,encoded
1550,RHEA:17697,True,0.5252686860122476,True,True,encoded
1551,RHEA:17709,True,0.0150589668441914,True,True,encoded
1552,RHEA:17713,True,0.2588073600890551,True,True,encoded
1553,RHEA:17717,True,0.0107689658881744,True,True,encoded
1554,RHEA:17721,True,0.1685526652915883,True,True,encoded
1555,RHEA:17725,True,0.8285662179256824,True,True,encoded
1556,RHEA:17729,True,0.1618082578731292,True,True,encoded
1557,RHEA:17737,True,0.3842203699268214,True,True,encoded
1558,RHEA:17741,True,0.7088115598520658,True,True,encoded
1559,RHEA:17745,True,0.6756517843324835,True,True,encoded
1560,RHEA:17749,True,0.9870320860328732,False,False,clipzyme_graph_prereq_failed:reactant_product_map_sets_differ
1561,RHEA:17753,True,0.4185061640333898,True,True,encoded
1562,RHEA:17761,True,0.4884839118444073,True,True,encoded
1563,RHEA:17765,True,0.2014938627478789,True,True,encoded
1564,RHEA:17769,True,0.0971140921838099,True,True,encoded
1565,RHEA:17773,True,0.1147524796093033,True,True,encoded
1566,RHEA:17777,True,0.3408582645923148,True,True,encoded
1567,RHEA:17785,True,0.7249987808718211,True,True,encoded
1568,RHEA:17789,True,0.8886759827338376,True,True,encoded
1569,RHEA:17793,True,0.93614076214526,True,True,encoded
1570,RHEA:17801,True,0.2539121333352345,True,True,encoded
1571,RHEA:17805,True,0.9439848515602222,True,True,encoded
1572,RHEA:17809,True,0.3220909974706898,True,True,encoded
1573,RHEA:17813,True,0.5663906345710237,True,True,encoded
1574,RHEA:17817,True,0.3428719815718356,True,True,encoded
1575,RHEA:17821,True,0.9826410448254688,True,True,encoded
1576,RHEA:17825,True,0.23996753728421,True,True,encoded
1577,RHEA:17837,True,0.5013672075159313,True,True,encoded
1578,RHEA:17841,True,0.7554198000494496,True,True,encoded
1579,RHEA:17845,True,0.17924511813192,True,True,encoded
1580,RHEA:17849,True,0.1874476078525781,True,True,encoded
1581,RHEA:17857,True,0.1621784681911378,True,True,encoded
1582,RHEA:17865,True,0.4418739960124925,True,True,encoded
1583,RHEA:17869,True,0.8115829858975172,True,True,encoded
1584,RHEA:17873,True,0.0308370431931335,True,True,encoded
1585,RHEA:17877,True,0.6825604496318091,True,True,encoded
1586,RHEA:17881,True,0.7519845762398457,True,True,encoded
1587,RHEA:17885,True,0.9564072404831458,True,True,encoded
1588,RHEA:17889,True,0.3117186537166473,True,True,encoded
1589,RHEA:17901,True,0.8731980669017947,True,True,encoded
1590,RHEA:17905,True,0.6764830178132749,True,True,encoded
1591,RHEA:17913,True,0.7358784862877512,True,True,encoded
1592,RHEA:17921,True,0.5659216321714453,True,True,encoded
1593,RHEA:17925,True,0.526376266187103,True,True,encoded
1594,RHEA:17929,True,0.269793206328196,True,True,encoded
1595,RHEA:17933,True,0.6240870924856349,True,True,encoded
1596,RHEA:17937,True,0.3325608670614915,True,True,encoded
1597,RHEA:17941,True,0.8179197228428082,True,True,encoded
1598,RHEA:17945,True,0.0920553367681634,False,False,clipzyme_graph_prereq_failed:rdkit_parse_failed
1599,RHEA:17949,True,0.5517308200383425,True,True,encoded
1600,RHEA:17953,True,0.2782009165377043,True,True,encoded
1601,RHEA:17961,True,0.7386658428428696,True,True,encoded
1602,RHEA:17969,True,0.1361647929674139,True,True,encoded
1603,RHEA:17973,True,0.047788809887659,True,True,encoded
1604,RHEA:17977,True,0.2106670089565595,True,True,encoded
1605,RHEA:17985,True,0.4331331105458392,True,True,encoded
1606,RHEA:17989,True,0.3358210900072241,True,True,encoded
1607,RHEA:17997,True,0.2462001867455259,True,True,encoded
1608,RHEA:18005,True,0.3947583615085726,True,True,encoded
1609,RHEA:18009,True,0.2780946329863504,True,True,encoded
1610,RHEA:18017,True,0.8724228122245634,True,True,encoded
1611,RHEA:18021,True,0.1619018319621954,True,True,encoded
1612,RHEA:18029,True,0.0118202601609067,True,True,encoded
1613,RHEA:18033,True,0.3098545253128421,True,True,encoded
1614,RHEA:18037,True,0.9441963487006242,True,True,encoded
1615,RHEA:18041,True,0.0003695365960058,True,True,encoded
1616,RHEA:18049,True,0.7845879559165394,True,True,encoded
1617,RHEA:18061,True,0.4523986080964006,True,True,encoded
1618,RHEA:18065,True,0.0918310075998292,True,True,encoded
1619,RHEA:18069,True,0.8964181033593499,True,True,encoded
1620,RHEA:18073,True,0.9033890197439663,False,False,clipzyme_graph_prereq_failed:reactant_product_map_sets_differ
1621,RHEA:18077,True,0.5770627311440152,True,True,encoded
1622,RHEA:18081,True,0.0884483461750159,True,True,encoded
1623,RHEA:18085,True,0.1739150906036279,True,True,encoded
1624,RHEA:18089,True,0.8658885730870536,True,True,encoded
1625,RHEA:18093,True,0.4453323610103346,True,True,encoded
1626,RHEA:18105,True,0.3225260898423908,True,True,encoded
1627,RHEA:18109,True,0.0378925810244429,True,True,encoded
1628,RHEA:18113,True,0.1161702042754302,True,True,encoded
1629,RHEA:18117,True,0.6354418490882662,True,True,encoded
1630,RHEA:18121,True,0.9901225735961604,True,True,encoded
1631,RHEA:18125,True,0.9875036634507453,False,False,clipzyme_graph_prereq_failed:reactant_product_map_sets_differ
1632,RHEA:18133,True,0.0229095922439372,True,True,encoded
1633,RHEA:18145,True,0.2199155711476429,True,True,encoded
1634,RHEA:18149,True,0.5267313348036665,True,True,encoded
1635,RHEA:18157,True,0.3502258384987585,True,True,encoded
1636,RHEA:18161,True,0.0365388404068148,True,True,encoded
1637,RHEA:18165,True,0.3310603647267579,True,True,encoded
1638,RHEA:18177,True,0.1780283598664984,True,True,encoded
1639,RHEA:18181,True,0.2291544865795124,True,True,encoded
1640,RHEA:18197,True,0.910262874490382,True,True,encoded
1641,RHEA:18201,True,0.6302745156461368,True,True,encoded
1642,RHEA:18209,True,0.1844006867718097,True,True,encoded
1643,RHEA:18213,True,0.0763371506249731,True,True,encoded
1644,RHEA:18229,True,0.700446909163556,True,True,encoded
1645,RHEA:18237,True,0.4977177450947372,True,True,encoded
1646,RHEA:18241,True,0.9751009742699484,True,True,encoded
1647,RHEA:18245,True,0.1485431513278014,True,True,encoded
1648,RHEA:18253,True,0.2104176822373914,True,True,encoded
1649,RHEA:18257,True,0.0517070347440208,True,True,encoded
1650,RHEA:18261,True,0.1280733522998829,True,True,encoded
1651,RHEA:18265,True,0.1906842077279279,True,True,encoded
1652,RHEA:18273,True,0.5024799793736116,True,True,encoded
1653,RHEA:18277,True,0.926796780577708,True,True,encoded
1654,RHEA:18281,True,0.5860876308963702,True,True,encoded
1655,RHEA:18285,True,0.9340306847618944,True,True,encoded
1656,RHEA:18289,True,0.7977269665359632,True,True,encoded
1657,RHEA:18293,True,0.013739130931334,True,True,encoded
1658,RHEA:18297,True,0.9310191820397576,True,True,encoded
1659,RHEA:18309,True,0.977480577135291,True,True,encoded
1660,RHEA:18313,True,0.9716020116891544,True,True,encoded
1661,RHEA:18317,True,0.988081757854129,True,True,encoded
1662,RHEA:18321,True,0.6388712656699223,True,True,encoded
1663,RHEA:18325,True,0.1110183362528368,True,True,encoded
1664,RHEA:18337,True,0.5099111154859176,True,True,encoded
1665,RHEA:18341,True,0.961623029738441,True,True,encoded
1666,RHEA:18345,True,0.8130621305831961,True,True,encoded
1667,RHEA:18349,True,0.103722293993084,True,True,encoded
1668,RHEA:18353,True,0.3584862475870978,True,True,encoded
1669,RHEA:18357,True,0.386170199452393,True,True,encoded
1670,RHEA:18365,True,0.4360920703110526,True,True,encoded
1671,RHEA:18369,True,0.2786908472788699,True,True,encoded
1672,RHEA:18373,True,0.10977442579422,True,True,encoded
1673,RHEA:18377,True,0.1884418765640813,True,True,encoded
1674,RHEA:18381,True,0.2533328249684659,True,True,encoded
1675,RHEA:18385,True,2.6559568008772488e-05,True,True,encoded
1676,RHEA:18393,True,0.6879744694921555,True,True,encoded
1677,RHEA:18401,True,0.1674149112627432,True,True,encoded
1678,RHEA:18405,True,0.8150062290961189,True,True,encoded
1679,RHEA:18409,True,0.3546418994590339,True,True,encoded
1680,RHEA:18417,True,0.4711682548657896,True,True,encoded
1681,RHEA:18421,True,0.2030910195681952,True,True,encoded
1682,RHEA:18425,True,0.2387289197774353,True,True,encoded
1683,RHEA:18437,True,0.2208888053365928,True,True,encoded
1684,RHEA:18441,True,0.6898700891324087,True,True,encoded
1685,RHEA:18445,True,0.4088034900925445,True,True,encoded
1686,RHEA:18449,True,0.5778425129382057,False,False,clipzyme_graph_prereq_failed:reactant_product_map_sets_differ
1687,RHEA:18457,True,0.283651750897067,True,True,encoded
1688,RHEA:18461,True,0.0930761366140065,True,True,encoded
1689,RHEA:18469,True,0.2624620033749544,True,True,encoded
1690,RHEA:18473,True,0.0134799827650052,True,True,encoded
1691,RHEA:18493,True,0.3335524804624984,True,True,encoded
1692,RHEA:18497,True,0.5194074693420746,True,True,encoded
1693,RHEA:18501,True,0.363451178460688,True,True,encoded
1694,RHEA:18509,True,0.5054016193546652,True,True,encoded
1695,RHEA:18521,True,0.8576113255665935,True,True,encoded
1696,RHEA:18525,True,0.3251653616988048,True,True,encoded
1697,RHEA:18529,True,0.6177207227181787,True,True,encoded
1698,RHEA:18533,True,0.7713684120500526,True,True,encoded
1699,RHEA:18537,True,0.8032984442305092,True,True,encoded
1700,RHEA:18561,True,0.1723399062104643,True,True,encoded
1701,RHEA:18565,False,,False,False,mapping_unsupported
1702,RHEA:18577,True,0.8592190850732024,True,True,encoded
1703,RHEA:18585,True,0.3921434501127308,True,True,encoded
1704,RHEA:18589,True,0.0768874082332201,True,True,encoded
1705,RHEA:18593,True,0.2536552905115061,True,True,encoded
1706,RHEA:18597,True,0.5819711663495953,True,True,encoded
1707,RHEA:18609,True,0.3659915275573415,True,True,encoded
1708,RHEA:18613,True,0.5893023624384525,False,False,clipzyme_graph_prereq_failed:unmapped_atoms
1709,RHEA:18617,True,0.2191065126566627,True,True,encoded
1710,RHEA:18621,True,0.2905376033265853,True,True,encoded
1711,RHEA:18625,True,0.393818842136341,True,True,encoded
1712,RHEA:18629,True,0.1864930374914801,True,True,encoded
1713,RHEA:18633,True,0.0057014376337794,True,True,encoded
1714,RHEA:18637,True,0.4509366762623141,False,False,clipzyme_graph_prereq_failed:unmapped_atoms
1715,RHEA:18645,True,0.4865263087675425,True,True,encoded
1716,RHEA:18649,True,0.863428576552975,True,True,encoded
1717,RHEA:18653,True,0.8006891346359934,True,True,encoded
1718,RHEA:18657,True,0.4080771878926286,True,True,encoded
1719,RHEA:18661,True,0.4113328099003094,True,True,encoded
1720,RHEA:18669,True,0.9465775575114465,True,True,encoded
1721,RHEA:18673,True,0.3358211828623568,True,True,encoded
1722,RHEA:18681,True,0.2783516833137121,True,True,encoded
1723,RHEA:18685,True,0.057180407489468,True,True,encoded
1724,RHEA:18689,True,0.3721055328841078,True,True,encoded
1725,RHEA:18693,True,0.8598760834023926,True,True,encoded
1726,RHEA:18697,True,0.8520096392261088,True,True,encoded
1727,RHEA:18701,True,0.3769587698480375,True,True,encoded
1728,RHEA:18721,True,0.1021526353726347,True,True,encoded
1729,RHEA:18725,True,0.3519115342778123,True,True,encoded
1730,RHEA:18737,True,0.0666500933670739,True,True,encoded
1731,RHEA:18741,True,0.2286856091087368,True,True,encoded
1732,RHEA:18749,True,0.533785850639156,True,True,encoded
1733,RHEA:18753,True,0.3036086457477531,True,True,encoded
1734,RHEA:18765,True,0.2919350689907117,True,True,encoded
1735,RHEA:18769,True,0.526762840670775,True,True,encoded
1736,RHEA:18773,True,0.788866131659505,True,True,encoded
1737,RHEA:18777,True,1.0,True,True,encoded
1738,RHEA:18781,True,0.2382773043332665,True,True,encoded
1739,RHEA:18789,True,0.5701564434789137,True,True,encoded
1740,RHEA:18793,True,0.2966670355713144,True,True,encoded
1741,RHEA:18813,True,0.874869788018218,True,True,encoded
1742,RHEA:18821,True,0.1435058968808201,True,True,encoded
1743,RHEA:18829,True,0.3995919645556761,True,True,encoded
1744,RHEA:18833,True,0.2115040022260306,True,True,encoded
1745,RHEA:18841,True,0.449393697485469,True,True,encoded
1746,RHEA:18845,True,0.7678379498102765,True,True,encoded
1747,RHEA:18849,True,0.2390417530708154,True,True,encoded
1748,RHEA:18853,True,0.6144305683767392,True,True,encoded
1749,RHEA:18857,True,0.2787497195648274,True,True,encoded
1750,RHEA:18861,True,0.8850072958631385,True,True,encoded
1751,RHEA:18865,True,0.1286804870153543,True,True,encoded
1752,RHEA:18869,True,0.2806786265402414,True,True,encoded
1753,RHEA:18885,True,0.1945340692794209,True,True,encoded
1754,RHEA:18889,True,0.2668250012092033,True,True,encoded
1755,RHEA:18893,True,0.6172707392085177,True,True,encoded
1756,RHEA:18897,True,0.8954004983818957,False,False,clipzyme_graph_prereq_failed:reactant_product_map_sets_differ
1757,RHEA:18905,True,0.5497563610039774,True,True,encoded
1758,RHEA:18909,True,0.7983974074789325,True,True,encoded
1759,RHEA:18913,True,0.2659536106375104,True,True,encoded
1760,RHEA:18925,True,0.4422311625256556,True,True,encoded
1761,RHEA:18933,True,0.2996481125036654,True,True,encoded
1762,RHEA:18937,True,0.9959576357614364,True,True,encoded
1763,RHEA:18941,True,0.4485690538868968,True,True,encoded
1764,RHEA:18945,True,0.4231865897622869,True,True,encoded
1765,RHEA:18949,True,0.174322489656157,True,True,encoded
1766,RHEA:18953,True,0.444703290353479,True,True,encoded
1767,RHEA:18957,True,0.328604741033473,False,False,clipzyme_graph_prereq_failed:rdkit_parse_failed
1768,RHEA:18965,True,0.1256887285778458,True,True,encoded
1769,RHEA:18969,True,0.668554170153498,False,False,clipzyme_graph_prereq_failed:reactant_product_map_sets_differ
1770,RHEA:18973,True,0.419921821141944,True,True,encoded
1771,RHEA:18977,True,0.2010516009266762,True,True,encoded
1772,RHEA:18981,True,0.3580430682506481,True,True,encoded
1773,RHEA:18985,True,0.8275994217370921,True,True,encoded
1774,RHEA:18993,True,0.7016299618110955,True,True,encoded
1775,RHEA:18997,True,0.0542003919426193,True,True,encoded
1776,RHEA:19009,True,0.8312994554579459,True,True,encoded
1777,RHEA:19017,True,0.1869844749927373,True,True,encoded
1778,RHEA:19021,True,0.6247243237172366,True,True,encoded
1779,RHEA:19025,True,0.5214758570589623,True,True,encoded
1780,RHEA:19029,True,0.3403917033691255,True,True,encoded
1781,RHEA:19033,True,0.9829092563213868,True,True,encoded
1782,RHEA:19037,True,0.2857835857954755,True,True,encoded
1783,RHEA:19041,True,0.2481920050899041,True,True,encoded
1784,RHEA:19045,True,0.2247947175326087,True,True,encoded
1785,RHEA:19049,True,0.2949427196037806,True,True,encoded
1786,RHEA:19053,True,0.7813546336689255,True,True,encoded
1787,RHEA:19057,True,0.3146212949373057,True,True,encoded
1788,RHEA:19061,True,0.4399007496104469,True,True,encoded
1789,RHEA:19069,True,0.8951701311393403,True,True,encoded
1790,RHEA:19073,True,0.3358210900072241,True,True,encoded
1791,RHEA:19081,True,0.9928897992620104,True,True,encoded
1792,RHEA:19085,True,0.7341195436493176,True,True,encoded
1793,RHEA:19089,True,0.0383801270404204,True,True,encoded
1794,RHEA:19093,True,0.0552864962020576,True,True,encoded
1795,RHEA:19105,True,0.8444219553715414,True,True,encoded
1796,RHEA:19117,True,0.3660525476452564,True,True,encoded
1797,RHEA:19121,True,0.2895067664990495,True,True,encoded
1798,RHEA:19125,True,0.631770377509025,True,True,encoded
1799,RHEA:19129,True,0.2937663366854916,True,True,encoded
1800,RHEA:19141,True,0.7598217619814434,True,True,encoded
1801,RHEA:19149,True,0.5770624949967523,True,True,encoded
1802,RHEA:19157,True,0.8109385107519452,True,True,encoded
1803,RHEA:19165,True,0.6629730538746808,True,True,encoded
1804,RHEA:19169,True,0.9897023695571278,True,True,encoded
1805,RHEA:19173,True,0.3007052134131693,True,True,encoded
1806,RHEA:19177,True,0.9547720659009836,True,True,encoded
1807,RHEA:19181,True,0.1685525128369488,True,True,encoded
1808,RHEA:19189,True,0.7356844712877413,True,True,encoded
1809,RHEA:19193,True,0.8016195859573066,False,False,clipzyme_graph_prereq_failed:reactant_product_map_sets_differ
1810,RHEA:19197,True,0.1759806438290604,True,True,encoded
1811,RHEA:19201,True,0.2852813163065441,True,True,encoded
1812,RHEA:19205,True,0.1921104274563232,True,True,encoded
1813,RHEA:19209,True,0.4664916346288175,True,True,encoded
1814,RHEA:19213,True,0.2696859717003044,True,True,encoded
1815,RHEA:19217,True,0.1526398398475247,True,True,encoded
1816,RHEA:19221,True,0.3938067481944204,True,True,encoded
1817,RHEA:19225,True,0.421761699716881,True,True,encoded
1818,RHEA:19229,True,0.0174927808868993,True,True,encoded
1819,RHEA:19233,True,0.8180067817969511,True,True,encoded
1820,RHEA:19245,True,0.9631644864222108,True,True,encoded
1821,RHEA:19253,True,0.2860729674735222,True,True,encoded
1822,RHEA:19257,True,0.2847067796688918,True,True,encoded
1823,RHEA:19261,True,0.2182074552900785,True,True,encoded
1824,RHEA:19265,True,0.4687878758227168,True,True,encoded
1825,RHEA:19273,True,0.4884077811081391,True,True,encoded
1826,RHEA:19277,True,0.1181359709710959,True,True,encoded
1827,RHEA:19281,True,0.1854159005191371,True,True,encoded
1828,RHEA:19289,True,0.3976542357919058,True,True,encoded
1829,RHEA:19293,True,0.219814855469253,False,False,clipzyme_graph_prereq_failed:unmapped_atoms
1830,RHEA:19297,True,0.1737208043761535,True,True,encoded
1831,RHEA:19301,True,0.922392750133631,True,True,encoded
1832,RHEA:19305,False,,False,False,mapping_unsupported
1833,RHEA:19309,True,0.4712240682715675,True,True,encoded
1834,RHEA:19313,True,0.662633773762564,True,True,encoded
1835,RHEA:19317,True,0.0546014069926429,True,True,encoded
1836,RHEA:19329,True,0.7360263228240315,True,True,encoded
1837,RHEA:19333,True,0.2348316368815632,True,True,encoded
1838,RHEA:19341,True,0.2125229234590111,True,True,encoded
1839,RHEA:19345,True,0.1609835626328414,True,True,encoded
1840,RHEA:19353,True,0.9219997108199384,True,True,encoded
1841,RHEA:19361,True,0.0575814103943137,True,True,encoded
1842,RHEA:19365,True,0.1274674451901831,True,True,encoded
1843,RHEA:19369,True,0.9259907351636644,True,True,encoded
1844,RHEA:19373,True,0.3175189324627417,True,True,encoded
1845,RHEA:19377,True,0.396940259690773,True,True,encoded
1846,RHEA:19385,True,0.8029950265557507,True,True,encoded
1847,RHEA:19389,True,0.0550598276339359,True,True,encoded
1848,RHEA:19397,True,0.0548456741499849,True,True,encoded
1849,RHEA:19401,True,0.8089104151469778,True,True,encoded
1850,RHEA:19405,True,0.1385003424695357,True,True,encoded
1851,RHEA:19409,True,0.7372679687073741,True,True,encoded
1852,RHEA:19413,True,0.1060673344487081,True,True,encoded
1853,RHEA:19421,True,0.5944203815730789,True,True,encoded
1854,RHEA:19429,True,0.2971577326978189,True,True,encoded
1855,RHEA:19433,True,0.2380954670596156,True,True,encoded
1856,RHEA:19453,True,0.7880702208695752,True,True,encoded
1857,RHEA:19461,True,0.2800116263314524,True,True,encoded
1858,RHEA:19465,True,0.0293544244148094,True,True,encoded
1859,RHEA:19469,True,0.050488414107329,True,True,encoded
1860,RHEA:19473,True,0.5731592852336866,True,True,encoded
1861,RHEA:19477,True,0.300903818744136,True,True,encoded
1862,RHEA:19481,True,0.0215688715225856,True,True,encoded
1863,RHEA:19493,True,0.0991464399778193,True,True,encoded
1864,RHEA:19497,True,0.8160497906937934,True,True,encoded
1865,RHEA:19501,True,0.9013950838761482,True,True,encoded
1866,RHEA:19509,True,0.0602918214833229,True,True,encoded
1867,RHEA:19513,True,0.4361731413284508,True,True,encoded
1868,RHEA:19517,True,0.7184328171759947,True,True,encoded
1869,RHEA:19521,True,0.083130856251368,True,True,encoded
1870,RHEA:19525,True,0.0921381931612746,True,True,encoded
1871,RHEA:19533,True,0.5012084267299411,True,True,encoded
1872,RHEA:19537,True,0.4090634428963086,True,True,encoded
1873,RHEA:19541,True,0.1296565627613548,True,True,encoded
1874,RHEA:19545,True,0.3882798776362204,True,True,encoded
1875,RHEA:19553,True,0.9288228840790074,True,True,encoded
1876,RHEA:19565,True,0.0847357476113282,True,True,encoded
1877,RHEA:19569,True,0.8893943070144563,True,True,encoded
1878,RHEA:19577,True,0.7751195361540861,True,True,encoded
1879,RHEA:19585,True,0.699733660401505,True,True,encoded
1880,RHEA:19597,True,0.968838068957068,True,True,encoded
1881,RHEA:19605,True,0.6444831049673115,True,True,encoded
1882,RHEA:19609,False,,False,False,mapping_unsupported
1883,RHEA:19613,True,0.8550034438439584,True,True,encoded
1884,RHEA:19621,True,0.8860186525939571,True,True,encoded
1885,RHEA:19625,True,0.965763824314227,True,True,encoded
1886,RHEA:19629,True,0.1154286115759459,True,True,encoded
1887,RHEA:19633,True,0.7686047201991992,True,True,encoded
1888,RHEA:19637,True,0.2999855223451476,True,True,encoded
1889,RHEA:19641,True,0.0193599115137008,True,True,encoded
1890,RHEA:19645,True,0.7542566682147324,True,True,encoded
1891,RHEA:19649,True,0.103722293993084,True,True,encoded
1892,RHEA:19661,True,0.3732940808937227,True,True,encoded
1893,RHEA:19669,True,0.3051051994188316,True,True,encoded
1894,RHEA:19677,True,0.07037267733254,True,True,encoded
1895,RHEA:19685,True,0.2902206606961971,True,True,encoded
1896,RHEA:19689,True,0.4975718064165655,True,True,encoded
1897,RHEA:19693,True,0.7919387512785612,True,True,encoded
1898,RHEA:19709,True,0.1302659658225944,True,True,encoded
1899,RHEA:19713,True,0.0212000452896263,True,True,encoded
1900,RHEA:19717,True,0.8109348437117018,True,True,encoded
1901,RHEA:19721,True,0.0629025031691119,True,True,encoded
1902,RHEA:19729,True,0.6947804883671703,True,True,encoded
1903,RHEA:19737,True,0.8977553920144575,True,True,encoded
1904,RHEA:19745,True,0.8774219044624495,False,False,clipzyme_graph_prereq_failed:reactant_product_map_sets_differ
1905,RHEA:19753,True,0.0353496301313337,True,True,encoded
1906,RHEA:19765,True,0.6156384612428795,True,True,encoded
1907,RHEA:19785,True,0.2958651450193077,True,True,encoded
1908,RHEA:19797,True,0.0852816363667883,True,True,encoded
1909,RHEA:19801,True,0.0845588304347259,True,True,encoded
1910,RHEA:19805,True,0.2043459556509397,True,True,encoded
1911,RHEA:19809,True,0.8854601977055486,True,True,encoded
1912,RHEA:19813,True,0.8615038016127258,True,True,encoded
1913,RHEA:19817,True,0.304670565435952,True,True,encoded
1914,RHEA:19821,True,0.5465877264352037,True,True,encoded
1915,RHEA:19825,True,0.0334819873948541,True,True,encoded
1916,RHEA:19829,True,0.6748292141498378,True,True,encoded
1917,RHEA:19833,True,0.8680848492281923,True,True,encoded
1918,RHEA:19837,True,0.3732940808937227,True,True,encoded
1919,RHEA:19841,True,0.147905622861553,True,True,encoded
1920,RHEA:19845,True,0.7877799899631981,True,True,encoded
1921,RHEA:19849,True,0.4007918494372944,True,True,encoded
1922,RHEA:19865,True,0.000335442062968,True,True,encoded
1923,RHEA:19869,True,0.25328077002066,True,True,encoded
1924,RHEA:19873,True,0.4438217197352405,True,True,encoded
1925,RHEA:19877,True,0.301232695241505,True,True,encoded
1926,RHEA:19885,True,0.5335425299078748,True,True,encoded
1927,RHEA:19889,True,0.1461094774595704,True,True,encoded
1928,RHEA:19893,True,0.1954291892436166,True,True,encoded
1929,RHEA:19897,False,,False,False,mapping_unsupported
1930,RHEA:19909,True,0.5113666020548092,True,True,encoded
1931,RHEA:19913,True,0.566309854440742,True,True,encoded
1932,RHEA:19921,True,0.2218264856129205,True,True,encoded
1933,RHEA:19933,True,0.4561323333084942,True,True,encoded
1934,RHEA:19937,True,0.8823087270545108,True,True,encoded
1935,RHEA:19941,True,0.7685862295161292,True,True,encoded
1936,RHEA:19945,False,,False,False,mapping_unsupported
1937,RHEA:19949,True,0.1494994575433615,True,True,encoded
1938,RHEA:19961,True,0.4214143796026349,True,True,encoded
1939,RHEA:19965,True,0.6631217396201139,True,True,encoded
1940,RHEA:19973,True,0.728249562533201,True,True,encoded
1941,RHEA:19981,True,0.4126784189484772,True,True,encoded
1942,RHEA:19985,True,0.7563030676781106,True,True,encoded
1943,RHEA:19989,True,0.5728443333414072,True,True,encoded
1944,RHEA:19993,True,0.8471556850894468,True,True,encoded
1945,RHEA:19997,True,0.4386505990052553,True,True,encoded
1946,RHEA:20001,True,0.8074594085403541,True,True,encoded
1947,RHEA:20005,True,0.8713671132843674,True,True,encoded
1948,RHEA:20009,True,0.5838947118296477,True,True,encoded
1949,RHEA:20013,True,0.4743431653136351,True,True,encoded
1950,RHEA:20017,True,0.8452893292827837,False,False,clipzyme_graph_prereq_failed:unmapped_atoms
1951,RHEA:20021,True,0.3203605305134572,True,True,encoded
1952,RHEA:20033,True,0.905013713201238,True,True,encoded
1953,RHEA:20037,True,0.2268377835098429,True,True,encoded
1954,RHEA:20049,True,0.1784866767726164,True,True,encoded
1955,RHEA:20053,True,0.5659214599922285,True,True,encoded
1956,RHEA:20057,True,0.9502930559075444,True,True,encoded
1957,RHEA:20061,True,0.2412586288315296,True,True,encoded
1958,RHEA:20065,True,0.3014831639217322,True,True,encoded
1959,RHEA:20069,True,0.9544787547854984,True,True,encoded
1960,RHEA:20073,True,0.965763824314227,True,True,encoded
1961,RHEA:20077,True,0.8108468543348086,True,True,encoded
1962,RHEA:20085,True,0.2759932605711421,True,True,encoded
1963,RHEA:20093,True,0.7528431031934532,True,True,encoded
1964,RHEA:20097,True,0.863428576552975,True,True,encoded
1965,RHEA:20101,True,0.0940160620074576,True,True,encoded
1966,RHEA:20105,True,0.1245799836080671,True,True,encoded
1967,RHEA:20109,True,0.0635865410091411,True,True,encoded
1968,RHEA:20113,True,0.3964052628866793,True,True,encoded
1969,RHEA:20117,True,0.2714436558247353,True,True,encoded
1970,RHEA:20121,True,0.1114873165336047,True,True,encoded
1971,RHEA:20125,True,0.1515755934516043,True,True,encoded
1972,RHEA:20129,True,0.3285240469964055,True,True,encoded
1973,RHEA:20133,True,0.7472623671245914,True,True,encoded
1974,RHEA:20137,True,0.141385877732346,True,True,encoded
1975,RHEA:20141,True,0.9858461354082048,True,True,encoded
1976,RHEA:20149,True,0.2671942142435846,True,True,encoded
1977,RHEA:20153,True,0.2117171660616109,True,True,encoded
1978,RHEA:20161,True,0.1985247212231427,True,True,encoded
1979,RHEA:20189,True,0.7630263834466106,True,True,encoded
1980,RHEA:20193,True,0.4410697397280198,True,True,encoded
1981,RHEA:20201,True,0.142105785943572,True,True,encoded
1982,RHEA:20213,True,0.9390231487706504,True,True,encoded
1983,RHEA:20217,True,0.6443844950873354,True,True,encoded
1984,RHEA:20221,True,0.2272184996986962,True,True,encoded
1985,RHEA:20225,True,0.8009112109687241,True,True,encoded
1986,RHEA:20233,True,0.4363839374405501,True,True,encoded
1987,RHEA:20241,True,0.872238854037587,True,True,encoded
1988,RHEA:20245,True,0.0984154389499299,True,True,encoded
1989,RHEA:20249,True,0.99104979650811,True,True,encoded
1990,RHEA:20253,True,0.8007563896333788,True,True,encoded
1991,RHEA:20261,True,0.2027592779676242,True,True,encoded
1992,RHEA:20265,True,0.281656973619415,True,True,encoded
1993,RHEA:20269,True,0.4301931969741799,True,True,encoded
1994,RHEA:20273,True,0.8486167931582906,True,True,encoded
1995,RHEA:20277,True,0.2691219475195797,True,True,encoded
1996,RHEA:20281,True,0.1348537277222325,True,True,encoded
1997,RHEA:20285,True,0.1858275902018597,True,True,encoded
1998,RHEA:20289,True,0.2610397622206903,True,True,encoded
1999,RHEA:20297,True,0.949807177673281,True,True,encoded
2000,RHEA:20301,True,0.1117485651802698,True,True,encoded
2001,RHEA:20305,True,0.8060475172211228,True,True,encoded
2002,RHEA:20309,True,0.1697276904586143,True,True,encoded
2003,RHEA:20313,True,0.002105337973136,True,True,encoded
2004,RHEA:20317,True,0.4260367022961707,True,True,encoded
2005,RHEA:20321,True,0.7594743275517297,True,True,encoded
2006,RHEA:20333,True,0.3358210900072241,True,True,encoded
2007,RHEA:20345,True,0.3036086457477531,True,True,encoded
2008,RHEA:20353,True,0.4898108953459504,False,False,clipzyme_graph_prereq_failed:reactant_product_map_sets_differ
2009,RHEA:20357,True,0.1587655793220692,True,True,encoded
2010,RHEA:20361,True,0.1028928073590249,True,True,encoded
2011,RHEA:20365,True,0.5258319108671552,True,True,encoded
2012,RHEA:20373,True,0.0544875668694087,True,True,encoded
2013,RHEA:20377,True,0.4117568235873363,True,True,encoded
2014,RHEA:20381,True,0.7843841843213126,True,True,encoded
2015,RHEA:20397,True,0.6776375045335534,True,True,encoded
2016,RHEA:20401,True,0.9826146485444208,True,True,encoded
2017,RHEA:20405,True,0.778526631114423,True,True,encoded
2018,RHEA:20417,True,0.7420910533805959,True,True,encoded
2019,RHEA:20421,True,0.2334024819983788,True,True,encoded
2020,RHEA:20425,True,0.0706558996114181,True,True,encoded
2021,RHEA:20429,True,0.8161967526889676,True,True,encoded
2022,RHEA:20433,True,0.5659216321714453,True,True,encoded
2023,RHEA:20441,True,0.8733129240934265,True,True,encoded
2024,RHEA:20445,True,0.6285570165687475,True,True,encoded
2025,RHEA:20453,True,0.8275015476688,True,True,encoded
2026,RHEA:20457,True,0.526376266187103,True,True,encoded
2027,RHEA:20461,True,0.0256936324165253,True,True,encoded
2028,RHEA:20469,True,0.2248049781459271,True,True,encoded
2029,RHEA:20473,True,0.4219800962862888,True,True,encoded
2030,RHEA:20485,True,0.2430558495391896,True,True,encoded
2031,RHEA:20493,True,0.6915366214936577,True,True,encoded
2032,RHEA:20497,True,0.2728818741602555,True,True,encoded
2033,RHEA:20505,True,0.8751343322413938,True,True,encoded
2034,RHEA:20509,True,0.2750296017075744,True,True,encoded
2035,RHEA:20513,True,0.4991981499341821,True,True,encoded
2036,RHEA:20517,True,0.8433391761296667,True,True,encoded
2037,RHEA:20521,True,0.7711504971731236,True,True,encoded
2038,RHEA:20525,True,0.2288011563999626,True,True,encoded
2039,RHEA:20529,True,0.3425109661102876,True,True,encoded
2040,RHEA:20533,True,0.3942009975684813,True,True,encoded
2041,RHEA:20537,True,0.5652985305152547,True,True,encoded
2042,RHEA:20545,True,0.2461862068181279,True,True,encoded
2043,RHEA:20549,True,0.1092449086993081,True,True,encoded
2044,RHEA:20553,True,0.3193121952077178,True,True,encoded
2045,RHEA:20557,True,0.6962685356478405,True,True,encoded
2046,RHEA:20565,True,0.0969294090419524,True,True,encoded
2047,RHEA:20569,True,0.929289732076698,True,True,encoded
2048,RHEA:20573,True,0.1229924341705203,True,True,encoded
2049,RHEA:20577,True,0.9827828491605964,True,True,encoded
2050,RHEA:20585,True,0.2501204001550369,True,True,encoded
2051,RHEA:20605,True,0.9836577738702124,True,True,encoded
2052,RHEA:20609,True,0.7072703938065898,True,True,encoded
2053,RHEA:20613,True,0.093716272482578,True,True,encoded
2054,RHEA:20617,True,0.5082799955502985,True,True,encoded
2055,RHEA:20621,True,0.4229817441678418,True,True,encoded
2056,RHEA:20625,True,0.5134076874923764,False,False,clipzyme_graph_prereq_failed:unmapped_atoms
2057,RHEA:20629,True,0.5132707506686733,True,True,encoded
2058,RHEA:20633,True,0.8040473444948759,True,True,encoded
2059,RHEA:20637,True,0.2180869736215941,True,True,encoded
2060,RHEA:20641,True,0.1682388990336368,True,True,encoded
2061,RHEA:20657,True,0.6152300964044193,True,True,encoded
2062,RHEA:20661,True,0.8147324639260536,True,True,encoded
2063,RHEA:20665,True,0.4269578993043641,True,True,encoded
2064,RHEA:20681,True,0.8008889779448978,True,True,encoded
2065,RHEA:20685,True,0.5393180430406003,True,True,encoded
2066,RHEA:20689,True,0.6476461703036529,True,True,encoded
2067,RHEA:20696,True,0.3567450375501447,True,True,encoded
2068,RHEA:20700,True,0.0252457951393373,True,True,encoded
2069,RHEA:20704,True,0.2718019310721186,True,True,encoded
2070,RHEA:20716,True,0.946545883503268,True,True,encoded
2071,RHEA:20720,True,0.3121602248893239,True,True,encoded
2072,RHEA:20724,True,0.3019949290308333,True,True,encoded
2073,RHEA:20728,True,0.4622698270391955,True,True,encoded
2074,RHEA:20736,True,0.252694442474888,True,True,encoded
2075,RHEA:20744,True,0.3932754580532478,True,True,encoded
2076,RHEA:20748,True,0.2003385265017299,True,True,encoded
2077,RHEA:20752,False,,False,False,mapping_unsupported
2078,RHEA:20764,True,0.2052992763050508,True,True,encoded
2079,RHEA:20768,True,0.4705778811594411,True,True,encoded
2080,RHEA:20772,True,0.273768324329152,True,True,encoded
2081,RHEA:20776,True,0.1905356999467409,True,True,encoded
2082,RHEA:20780,True,0.1427676595278866,True,True,encoded
2083,RHEA:20788,True,0.1129510800890953,True,True,encoded
2084,RHEA:20792,True,0.1147058375782286,True,True,encoded
2085,RHEA:20800,True,0.2620731164996184,True,True,encoded
2086,RHEA:20804,True,0.1477574761564717,True,True,encoded
2087,RHEA:20808,True,0.2232882351247893,True,True,encoded
2088,RHEA:20812,True,0.2653485045271076,True,True,encoded
2089,RHEA:20820,True,0.1895791587812957,True,True,encoded
2090,RHEA:20824,True,0.1652959213779752,True,True,encoded
2091,RHEA:20828,True,0.5832512151367043,True,True,encoded
2092,RHEA:20832,True,0.280392154737743,True,True,encoded
2093,RHEA:20840,True,0.9008991378168748,True,True,encoded
2094,RHEA:20844,True,0.0761403020994007,True,True,encoded
2095,RHEA:20848,True,0.0699204833504842,True,True,encoded
2096,RHEA:20852,True,0.3047791979187784,True,True,encoded
2097,RHEA:20856,True,0.788497350732218,True,True,encoded
2098,RHEA:20860,True,0.8237828467937519,True,True,encoded
2099,RHEA:20864,True,0.0825865150064516,True,True,encoded
2100,RHEA:20876,True,0.180840910240099,True,True,encoded
2101,RHEA:20880,True,0.6813264097140631,True,True,encoded
2102,RHEA:20884,True,0.7763412892190589,True,True,encoded
2103,RHEA:20888,True,0.3017479162881467,True,True,encoded
2104,RHEA:20892,True,0.0872450965055258,True,True,encoded
2105,RHEA:20896,True,0.0818962029242807,True,True,encoded
2106,RHEA:20904,True,0.5944203815730789,True,True,encoded
2107,RHEA:20912,True,0.014979764719805,True,True,encoded
2108,RHEA:20920,True,0.2612046861219674,True,True,encoded
2109,RHEA:20924,True,0.9833528998087608,True,True,encoded
2110,RHEA:20940,True,0.0035969488119252,True,True,encoded
2111,RHEA:20944,True,0.8660379136437071,True,True,encoded
2112,RHEA:20948,True,0.5330446294076476,True,True,encoded
2113,RHEA:20956,True,0.0259090462069514,True,True,encoded
2114,RHEA:20960,True,0.0075804870171068,True,True,encoded
2115,RHEA:20964,True,0.7478138362886733,True,True,encoded
2116,RHEA:20968,True,0.8109385107519452,True,True,encoded
2117,RHEA:20976,True,0.3365957034336689,True,True,encoded
2118,RHEA:20980,True,0.1386071504609917,True,True,encoded
2119,RHEA:20984,True,0.3513155701843579,True,True,encoded
2120,RHEA:20992,True,0.9180845163032708,True,True,encoded
2121,RHEA:20996,True,0.7803916556112231,True,True,encoded
2122,RHEA:21000,True,0.3431687426238541,True,True,encoded
2123,RHEA:21016,True,0.9861673815781204,True,True,encoded
2124,RHEA:21020,True,0.3527427616189844,True,True,encoded
2125,RHEA:21028,True,0.2638503260981541,True,True,encoded
2126,RHEA:21032,True,0.6342351858088835,False,False,clipzyme_graph_prereq_failed:unmapped_atoms
2127,RHEA:21036,True,0.0334451586088299,True,True,encoded
2128,RHEA:21040,True,0.271682848838429,True,True,encoded
2129,RHEA:21044,True,0.5942586022472103,True,True,encoded
2130,RHEA:21048,True,0.2012555747634651,True,True,encoded
2131,RHEA:21052,True,0.4607175253660533,True,True,encoded
2132,RHEA:21064,True,0.1492583773222038,True,True,encoded
2133,RHEA:21080,True,0.0660643530511094,True,True,encoded
2134,RHEA:21088,True,0.2942930729838918,True,True,encoded
2135,RHEA:21096,True,0.8633587524083737,True,True,encoded
2136,RHEA:21104,True,0.5760869578282951,False,False,clipzyme_graph_prereq_failed:unmapped_atoms
2137,RHEA:21108,True,0.5640289265491774,True,True,encoded
2138,RHEA:21112,True,0.5388344714067234,True,True,encoded
2139,RHEA:21116,True,0.0991464399778193,True,True,encoded
2140,RHEA:21124,True,0.8268152340566117,True,True,encoded
2141,RHEA:21128,True,0.6735270946249481,True,True,encoded
2142,RHEA:21132,True,0.5172269965637738,True,True,encoded
2143,RHEA:21136,True,0.1417760658448624,True,True,encoded
2144,RHEA:21140,True,0.2570826386111809,True,True,encoded
2145,RHEA:21152,True,0.9644106548931106,True,True,encoded
2146,RHEA:21160,True,0.0229802563532585,True,True,encoded
2147,RHEA:21164,True,0.9594103675566904,True,True,encoded
2148,RHEA:21172,True,0.5663906789569686,True,True,encoded
2149,RHEA:21176,True,0.2568480531390931,True,True,encoded
2150,RHEA:21188,True,0.0827294891104793,True,True,encoded
2151,RHEA:21196,True,0.6428068989108184,True,True,encoded
2152,RHEA:21200,True,0.5330556959974889,True,True,encoded
2153,RHEA:21204,True,0.2905414291157921,True,True,encoded
2154,RHEA:21208,True,0.514462634760811,True,True,encoded
2155,RHEA:21220,True,0.5089593074362351,True,True,encoded
2156,RHEA:21228,True,0.9149260896054344,True,True,encoded
2157,RHEA:21232,True,0.9365890766014248,True,True,encoded
2158,RHEA:21240,True,0.1483036149198973,True,True,encoded
2159,RHEA:21252,True,0.8803858577186328,False,False,clipzyme_graph_prereq_failed:reactant_product_map_sets_differ
2160,RHEA:21256,True,0.164977783141504,True,True,encoded
2161,RHEA:21260,True,0.8471556850894468,True,True,encoded
2162,RHEA:21264,True,0.8193197648197242,False,False,clipzyme_graph_prereq_failed:reactant_product_map_sets_differ
2163,RHEA:21272,True,0.2168929615012464,True,True,encoded
2164,RHEA:21276,True,0.2726605198491166,True,True,encoded
2165,RHEA:21284,True,0.5353888621929667,True,True,encoded
2166,RHEA:21292,True,0.0331516641907382,True,True,encoded
2167,RHEA:21296,True,0.6743601835415359,True,True,encoded
2168,RHEA:21300,True,0.361545382817539,True,True,encoded
2169,RHEA:21308,True,0.1455110800884052,True,True,encoded
2170,RHEA:21324,True,0.6282014164443762,True,True,encoded
2171,RHEA:21336,True,0.8180154786897538,True,True,encoded
2172,RHEA:21340,True,0.5274586635891065,True,True,encoded
2173,RHEA:21348,False,,False,False,mapping_unsupported
2174,RHEA:21352,True,0.7743476469383903,True,True,encoded
2175,RHEA:21360,True,0.1215760732797673,True,True,encoded
2176,RHEA:21364,True,0.7160568243301483,True,True,encoded
2177,RHEA:21368,True,0.301702102448893,True,True,encoded
2178,RHEA:21376,True,0.4434945601264214,True,True,encoded
2179,RHEA:21380,True,0.0250272746254662,True,True,encoded
2180,RHEA:21384,True,0.8977289027154005,True,True,encoded
2181,RHEA:21392,True,0.7970793083501369,True,True,encoded
2182,RHEA:21396,True,0.2623492382846126,True,True,encoded
2183,RHEA:21404,True,0.955046654838578,True,True,encoded
2184,RHEA:21408,True,0.7641471035855375,True,True,encoded
2185,RHEA:21412,True,0.449818792867164,True,True,encoded
2186,RHEA:21416,True,0.2262295240053607,True,True,encoded
2187,RHEA:21428,True,0.460557343591898,True,True,encoded
2188,RHEA:21432,True,0.7013144967366561,True,True,encoded
2189,RHEA:21436,True,0.2971577326978189,True,True,encoded
2190,RHEA:21440,True,0.0277603347906749,False,False,clipzyme_graph_prereq_failed:reactant_product_map_sets_differ
2191,RHEA:21448,False,,False,False,mapping_unsupported
2192,RHEA:21452,True,0.2522135178525581,True,True,encoded
2193,RHEA:21456,True,0.233933149148126,True,True,encoded
2194,RHEA:21460,True,0.6425841156975457,True,True,encoded
2195,RHEA:21464,True,1.0,True,True,encoded
2196,RHEA:21468,True,0.5964474834765311,True,True,encoded
2197,RHEA:21492,True,0.707253374943305,True,True,encoded
2198,RHEA:21500,True,0.680641910369117,True,True,encoded
2199,RHEA:21512,True,0.8184533514911465,True,True,encoded
2200,RHEA:21524,True,0.2011917151723247,True,True,encoded
2201,RHEA:21532,True,0.1551139413332606,True,True,encoded
2202,RHEA:21536,True,0.1878661191300204,True,True,encoded
2203,RHEA:21540,True,0.4364612240700695,True,True,encoded
2204,RHEA:21548,True,0.9856759313634468,True,True,encoded
2205,RHEA:21556,True,0.9365918227500952,True,True,encoded
2206,RHEA:21564,True,0.0394809691873268,True,True,encoded
2207,RHEA:21568,True,0.4590805108779318,True,True,encoded
2208,RHEA:21572,True,0.5804686011496369,True,True,encoded
2209,RHEA:21580,True,0.470760152043624,True,True,encoded
2210,RHEA:21588,True,0.1345394758399767,True,True,encoded
2211,RHEA:21592,True,0.7827098640763857,True,True,encoded
2212,RHEA:21600,True,0.3502574259272956,True,True,encoded
2213,RHEA:21604,True,0.7689329143982049,True,True,encoded
2214,RHEA:21608,True,0.8635538783313952,True,True,encoded
2215,RHEA:21612,True,0.863428576552975,True,True,encoded
2216,RHEA:21616,True,0.6905785785961472,True,True,encoded
2217,RHEA:21620,True,0.5130898309900024,True,True,encoded
2218,RHEA:21624,True,0.2470844719612674,True,True,encoded
2219,RHEA:21632,True,0.1220014874898079,True,True,encoded
2220,RHEA:21636,True,0.7116455122321906,True,True,encoded
2221,RHEA:21640,True,0.2539445555032831,True,True,encoded
2222,RHEA:21644,True,0.2389479718446595,True,True,encoded
2223,RHEA:21648,True,0.4829879270510647,True,True,encoded
2224,RHEA:21656,True,0.879558150150683,True,True,encoded
2225,RHEA:21660,True,0.4518286155202716,True,True,encoded
2226,RHEA:21664,True,0.4056904433347793,True,True,encoded
2227,RHEA:21668,True,0.0938065672169109,True,True,encoded
2228,RHEA:21672,True,0.6465361347852573,True,True,encoded
2229,RHEA:21676,True,0.0213769992773728,True,True,encoded
2230,RHEA:21692,True,0.5457278101118822,True,True,encoded
2231,RHEA:21696,True,0.9252970306398776,True,True,encoded
2232,RHEA:21700,True,0.4477264884281529,True,True,encoded
2233,RHEA:21704,True,0.8594690753603857,True,True,encoded
2234,RHEA:21708,True,0.9736026945829244,True,True,encoded
2235,RHEA:21720,True,1.0,True,True,encoded
2236,RHEA:21724,True,0.724166854141878,True,True,encoded
2237,RHEA:21728,True,0.0046586256127849,True,True,encoded
2238,RHEA:21732,True,0.4845218063706635,True,True,encoded
2239,RHEA:21736,True,0.7784448838189092,True,True,encoded
2240,RHEA:21740,True,0.7462348740098493,True,True,encoded
2241,RHEA:21744,True,0.9445926043524696,True,True,encoded
2242,RHEA:21748,True,0.4341280901516158,True,True,encoded
2243,RHEA:21752,True,0.4423514191010225,True,True,encoded
2244,RHEA:21760,True,0.3003341818602362,True,True,encoded
2245,RHEA:21764,False,,False,False,mapping_unsupported
2246,RHEA:21768,True,0.4363548328454119,True,True,encoded
2247,RHEA:21772,True,0.8929949829737249,True,True,encoded
2248,RHEA:21788,True,0.2830303402992577,True,True,encoded
2249,RHEA:21792,True,0.3742520926491891,True,True,encoded
2250,RHEA:21796,True,0.3148754272530368,True,True,encoded
2251,RHEA:21800,True,0.3584031663696989,True,True,encoded
2252,RHEA:21804,True,0.119733563468651,True,True,encoded
2253,RHEA:21812,True,0.210699565494329,True,True,encoded
2254,RHEA:21816,True,0.5412773447094896,True,True,encoded
2255,RHEA:21824,True,0.6681437101704465,True,True,encoded
2256,RHEA:21828,True,0.3660494048666998,True,True,encoded
2257,RHEA:21836,True,0.8109385107519452,True,True,encoded
2258,RHEA:21852,True,0.7855540996721564,True,True,encoded
2259,RHEA:21856,True,0.3470713725416122,True,True,encoded
2260,RHEA:21864,True,0.9144060700333554,True,True,encoded
2261,RHEA:21868,True,0.3844806970771074,True,True,encoded
2262,RHEA:21880,True,0.2920402262820779,True,True,encoded
2263,RHEA:21888,True,0.3950821989759711,True,True,encoded
2264,RHEA:21892,True,0.3366905140051314,True,True,encoded
2265,RHEA:21908,True,0.387270290553402,True,True,encoded
2266,RHEA:21916,True,0.5748511462202852,True,True,encoded
2267,RHEA:21920,True,0.0044543456559477,True,True,encoded
2268,RHEA:21924,True,0.6793762521155169,True,True,encoded
2269,RHEA:21928,True,0.3576823528079987,True,True,encoded
2270,RHEA:21932,True,0.9125979260956176,True,True,encoded
2271,RHEA:21936,True,0.3651272197565373,True,True,encoded
2272,RHEA:21944,True,0.2339371086024364,True,True,encoded
2273,RHEA:21948,True,0.9992210531199897,True,True,encoded
2274,RHEA:21952,True,0.413847354535005,True,True,encoded
2275,RHEA:21964,True,0.3711100058720379,True,True,encoded
2276,RHEA:21968,True,0.2576757353297949,True,True,encoded
2277,RHEA:21972,True,0.2151202143029862,True,True,encoded
2278,RHEA:21976,True,0.1688765379382552,True,True,encoded
2279,RHEA:21988,True,0.1401165166185165,True,True,encoded
2280,RHEA:21992,True,0.2433127462685335,True,True,encoded
2281,RHEA:22000,True,0.4110051568005953,True,True,encoded
2282,RHEA:22004,True,0.3358211828623568,True,True,encoded
2283,RHEA:22008,True,0.3486507874239658,True,True,encoded
2284,RHEA:22012,True,0.2875947360107013,True,True,encoded
2285,RHEA:22016,True,0.1555440791351214,True,True,encoded
2286,RHEA:22020,True,0.0752596311783887,True,True,encoded
2287,RHEA:22028,True,0.2000163460071453,True,True,encoded
2288,RHEA:22044,True,0.3520900363525597,True,True,encoded
2289,RHEA:22048,True,0.0882769036311434,True,True,encoded
2290,RHEA:22052,True,1.0,False,False,clipzyme_graph_prereq_failed:reactant_product_map_sets_differ
2291,RHEA:22060,True,0.0507640320407972,False,False,clipzyme_graph_prereq_failed:reactant_product_map_sets_differ
2292,RHEA:22068,True,0.287447143063957,True,True,encoded
2293,RHEA:22072,True,0.2806787148401442,True,True,encoded
2294,RHEA:22084,True,0.9436628292661252,True,True,encoded
2295,RHEA:22088,True,0.0404064130975598,True,True,encoded
2296,RHEA:22092,True,0.0350037025840644,True,True,encoded
2297,RHEA:22104,True,0.6434661535383855,True,True,encoded
2298,RHEA:22108,True,0.9259210449436812,True,True,encoded
2299,RHEA:22120,True,0.0322308904420271,True,True,encoded
2300,RHEA:22124,True,0.9615946953434956,True,True,encoded
2301,RHEA:22132,True,0.2155715128550504,True,True,encoded
2302,RHEA:22144,True,0.3472471979981517,True,True,encoded
2303,RHEA:22156,True,0.3547407196225368,True,True,encoded
2304,RHEA:22164,True,0.2517393588696052,True,True,encoded
2305,RHEA:22168,True,0.8572895035541209,True,True,encoded
2306,RHEA:22172,True,0.2027589638739015,True,True,encoded
2307,RHEA:22176,True,0.285332768304444,True,True,encoded
2308,RHEA:22180,True,0.8975839041044866,True,True,encoded
2309,RHEA:22188,True,0.963161347739682,True,True,encoded
2310,RHEA:22192,True,0.4436546928309208,True,True,encoded
2311,RHEA:22200,True,0.5834202266346638,True,True,encoded
2312,RHEA:22204,True,0.2735907309576836,True,True,encoded
2313,RHEA:22208,True,0.4662460568728321,True,True,encoded
2314,RHEA:22220,True,0.0981569224147676,True,True,encoded
2315,RHEA:22224,False,,False,False,mapping_unsupported
2316,RHEA:22228,True,0.319211887078291,False,False,clipzyme_graph_prereq_failed:unmapped_atoms
2317,RHEA:22232,True,0.1367897070660181,False,False,clipzyme_graph_prereq_failed:unmapped_atoms
2318,RHEA:22236,True,0.406708625928412,True,True,encoded
2319,RHEA:22252,True,0.3279119304015407,True,True,encoded
2320,RHEA:22256,True,0.0083896204685568,True,True,encoded
2321,RHEA:22268,True,0.2516641203537595,True,True,encoded
2322,RHEA:22272,True,0.1981132194558104,True,True,encoded
2323,RHEA:22280,True,0.6576038522401236,True,True,encoded
2324,RHEA:22284,True,0.8909609180873462,True,True,encoded
2325,RHEA:22288,True,0.9769805780260712,True,True,encoded
2326,RHEA:22292,False,,False,False,mapping_unsupported
2327,RHEA:22300,True,0.7373560342351494,True,True,encoded
2328,RHEA:22308,True,0.344013889544822,True,True,encoded
2329,RHEA:22312,True,0.2879591600810676,True,True,encoded
2330,RHEA:22324,True,0.6352496601619961,True,True,encoded
2331,RHEA:22328,True,0.0698612922920741,True,True,encoded
2332,RHEA:22332,True,0.9527798274170836,True,True,encoded
2333,RHEA:22336,True,0.4025132895394522,True,True,encoded
2334,RHEA:22344,True,0.2845909858547703,True,True,encoded
2335,RHEA:22352,True,0.6339077781354788,True,True,encoded
2336,RHEA:22356,True,0.062186786463166,True,True,encoded
2337,RHEA:22360,True,0.7455977330637592,True,True,encoded
2338,RHEA:22364,True,0.4187327058768845,True,True,encoded
2339,RHEA:22368,True,0.5194074693420746,True,True,encoded
2340,RHEA:22376,True,0.0377340117510395,True,True,encoded
2341,RHEA:22384,True,0.0030009261944576,True,True,encoded
2342,RHEA:22388,True,0.2515178579542189,True,True,encoded
2343,RHEA:22396,True,0.4698651115933298,True,True,encoded
2344,RHEA:22400,True,0.7978066836172724,True,True,encoded
2345,RHEA:22404,True,0.6359210803390066,True,True,encoded
2346,RHEA:22408,True,0.0418023218816988,True,True,encoded
2347,RHEA:22416,True,0.7466771280390604,True,True,encoded
2348,RHEA:22428,True,0.5792288746213768,True,True,encoded
2349,RHEA:22432,True,0.1167369651561835,True,True,encoded
2350,RHEA:22436,True,0.0753822586946134,True,True,encoded
2351,RHEA:22444,True,0.4704631940503519,True,True,encoded
2352,RHEA:22448,True,0.2689924621747763,True,True,encoded
2353,RHEA:22456,True,0.9149996930009052,True,True,encoded
2354,RHEA:22468,True,0.0193545229121886,True,True,encoded
2355,RHEA:22480,True,0.1694102730685681,True,True,encoded
2356,RHEA:22484,True,0.3850603817073653,True,True,encoded
2357,RHEA:22488,True,0.9389410677874704,True,True,encoded
2358,RHEA:22492,True,0.9251309068824304,True,True,encoded
2359,RHEA:22500,True,0.045790843421947,True,True,encoded
2360,RHEA:22512,True,0.0183940641848886,True,True,encoded
2361,RHEA:22516,True,0.1597391434194013,True,True,encoded
2362,RHEA:22520,True,0.2299192248382127,True,True,encoded
2363,RHEA:22524,True,0.3466294729985955,False,False,clipzyme_graph_prereq_failed:reactant_product_map_sets_differ
2364,RHEA:22528,True,0.5639298183744444,True,True,encoded
2365,RHEA:22532,True,0.3446177380467964,True,True,encoded
2366,RHEA:22536,True,0.9003655849036616,True,True,encoded
2367,RHEA:22544,True,0.3872280994356137,True,True,encoded
2368,RHEA:22548,True,0.3378295126288353,True,True,encoded
2369,RHEA:22552,True,0.1289944143195502,True,True,encoded
2370,RHEA:22560,True,0.4423434365904834,True,True,encoded
2371,RHEA:22564,True,0.2658402640165973,True,True,encoded
2372,RHEA:22576,True,0.9976239603574336,True,True,encoded
2373,RHEA:22580,True,0.9180135880949016,True,True,encoded
2374,RHEA:22584,True,0.5233536800082902,True,True,encoded
2375,RHEA:22592,True,0.8054869647292219,True,True,encoded
2376,RHEA:22596,True,0.8996034699740435,True,True,encoded
2377,RHEA:22600,True,0.942430997618414,True,True,encoded
2378,RHEA:22604,True,0.9522957391255814,True,True,encoded
2379,RHEA:22608,True,0.6522614143498675,True,True,encoded
2380,RHEA:22612,True,0.3464384589066544,True,True,encoded
2381,RHEA:22624,True,0.8233986895128936,True,True,encoded
2382,RHEA:22628,True,0.0762879631432623,True,True,encoded
2383,RHEA:22636,True,0.2388128688111561,True,True,encoded
2384,RHEA:22640,True,0.278724498325883,True,True,encoded
2385,RHEA:22644,True,0.1898059723636418,True,True,encoded
2386,RHEA:22648,True,0.1559579533626031,True,True,encoded
2387,RHEA:22652,True,0.5324793903450802,True,True,encoded
2388,RHEA:22664,True,0.3846043728449315,True,True,encoded
2389,RHEA:22668,True,0.0232962885448926,True,True,encoded
2390,RHEA:22672,True,0.414310932690069,False,False,clipzyme_graph_prereq_failed:reactant_product_map_sets_differ
2391,RHEA:22680,True,0.4287241463634954,True,True,encoded
2392,RHEA:22684,True,0.5657194619127969,False,False,clipzyme_graph_prereq_failed:unmapped_atoms
2393,RHEA:22688,True,0.5114071468599454,True,True,encoded
2394,RHEA:22692,True,0.5060234119731447,True,True,encoded
2395,RHEA:22712,True,0.0191846457646754,True,True,encoded
2396,RHEA:22716,True,0.20260223756124,True,True,encoded
2397,RHEA:22724,True,0.7716585297030445,True,True,encoded
2398,RHEA:22728,True,0.2708058163873731,True,True,encoded
2399,RHEA:22732,True,0.775131002373933,True,True,encoded
2400,RHEA:22736,True,0.8618186464328298,True,True,encoded
2401,RHEA:22744,True,0.6250595701356652,True,True,encoded
2402,RHEA:22748,True,0.549885128590009,True,True,encoded
2403,RHEA:22756,True,0.587917900279541,True,True,encoded
2404,RHEA:22760,True,0.5169041017395679,True,True,encoded
2405,RHEA:22764,True,0.1980976886544429,True,True,encoded
2406,RHEA:22772,True,0.9399933558199176,True,True,encoded
2407,RHEA:22776,True,0.4294372436086494,True,True,encoded
2408,RHEA:22780,True,0.688034494585516,True,True,encoded
2409,RHEA:22784,True,0.2237224593893838,True,True,encoded
2410,RHEA:22792,True,0.8714964985241782,True,True,encoded
2411,RHEA:22800,True,0.8281973525809516,True,True,encoded
2412,RHEA:22812,True,0.363450112205498,True,True,encoded
2413,RHEA:22816,True,0.756932721467241,True,True,encoded
2414,RHEA:22820,True,0.6647444549727712,True,True,encoded
2415,RHEA:22824,True,0.239952504922624,True,True,encoded
2416,RHEA:22828,True,0.0890285742249819,True,True,encoded
2417,RHEA:22832,True,0.93885542719236,True,True,encoded
2418,RHEA:22836,True,0.2929923109844049,True,True,encoded
2419,RHEA:22848,True,0.1863710378573621,True,True,encoded
2420,RHEA:22852,True,0.7193043834059186,True,True,encoded
2421,RHEA:22856,True,0.2468939675157461,True,True,encoded
2422,RHEA:22860,True,0.0989585470517658,True,True,encoded
2423,RHEA:22864,True,0.9822220239642824,True,True,encoded
2424,RHEA:22868,True,0.940888538490767,True,True,encoded
2425,RHEA:22872,True,0.4239281853428119,True,True,encoded
2426,RHEA:22876,True,0.9671447329457064,True,True,encoded
2427,RHEA:22880,True,0.6564866352004359,True,True,encoded
2428,RHEA:22884,True,0.9146661621150646,True,True,encoded
2429,RHEA:22888,True,0.2597405243603131,True,True,encoded
2430,RHEA:22892,True,0.7269922870938421,True,True,encoded
2431,RHEA:22896,False,,False,False,mapping_unsupported
2432,RHEA:22900,True,0.7425716121836909,True,True,encoded
2433,RHEA:22908,True,0.9196152426911428,True,True,encoded
2434,RHEA:22912,True,0.7764211330481384,True,True,encoded
2435,RHEA:22916,True,0.327678203075787,True,True,encoded
2436,RHEA:22920,True,0.3256626910404068,True,True,encoded
2437,RHEA:22924,True,0.4759575349137647,True,True,encoded
2438,RHEA:22932,True,0.7739682521844865,True,True,encoded
2439,RHEA:22936,True,0.5267315917325087,True,True,encoded
2440,RHEA:22940,True,0.2263741426609037,True,True,encoded
2441,RHEA:22944,True,0.4324360506526676,True,True,encoded
2442,RHEA:22948,True,0.0387711708327825,True,True,encoded
2443,RHEA:22956,True,0.3288112021361652,True,True,encoded
2444,RHEA:22960,True,0.2259281144352771,True,True,encoded
2445,RHEA:22964,True,0.6155131812903014,True,True,encoded
2446,RHEA:22976,True,0.0313649559813144,True,True,encoded
2447,RHEA:22996,True,0.6732619354261052,True,True,encoded
2448,RHEA:23004,True,0.2002850406032142,True,True,encoded
2449,RHEA:23008,True,0.3747221341553425,True,True,encoded
2450,RHEA:23012,True,0.8471251634991028,True,True,encoded
2451,RHEA:23028,True,0.6748869910774482,True,True,encoded
2452,RHEA:23032,True,0.1254689178326581,True,True,encoded
2453,RHEA:23048,True,0.7297652273004982,True,True,encoded
2454,RHEA:23052,True,0.3358211828623568,True,True,encoded
2455,RHEA:23056,True,0.8277347732977063,True,True,encoded
2456,RHEA:23060,True,0.1753381056164604,True,True,encoded
2457,RHEA:23064,True,0.0967437633245806,True,True,encoded
2458,RHEA:23068,False,,False,False,mapping_unsupported
2459,RHEA:23080,True,0.9399933558199176,True,True,encoded
2460,RHEA:23084,True,0.2388634562095928,True,True,encoded
2461,RHEA:23092,True,0.7171051516483948,True,True,encoded
2462,RHEA:23096,True,0.3367360809783033,True,True,encoded
2463,RHEA:23104,True,0.4738349161513304,True,True,encoded
2464,RHEA:23108,True,0.961623029738441,True,True,encoded
2465,RHEA:23112,True,0.7532801376571732,False,False,clipzyme_graph_prereq_failed:unmapped_atoms
2466,RHEA:23116,True,0.0251974381557421,True,True,encoded
2467,RHEA:23120,True,0.2431079798997864,True,True,encoded
2468,RHEA:23124,True,0.0606175463327905,True,True,encoded
2469,RHEA:23128,True,0.0183709218653665,True,True,encoded
2470,RHEA:23132,True,5.039486389746782e-05,True,True,encoded
2471,RHEA:23136,True,0.9158355821205708,True,True,encoded
2472,RHEA:23148,True,0.2496183790739207,True,True,encoded
2473,RHEA:23156,True,0.9943784583889098,True,True,encoded
2474,RHEA:23160,True,0.8907144167473753,True,True,encoded
2475,RHEA:23164,True,0.7948536938241423,True,True,encoded
2476,RHEA:23172,True,0.3358211828623568,True,True,encoded
2477,RHEA:23176,True,0.0220605290516843,True,True,encoded
2478,RHEA:23184,True,0.0980672340596671,True,True,encoded
2479,RHEA:23188,True,0.6768042899403598,True,True,encoded
2480,RHEA:23192,False,,False,False,mapping_unsupported
2481,RHEA:23196,True,9.29035667145366e-07,True,True,encoded
2482,RHEA:23208,True,0.1497572450310749,True,True,encoded
2483,RHEA:23220,True,0.0252311254047162,True,True,encoded
2484,RHEA:23224,True,0.8008889779448978,True,True,encoded
2485,RHEA:23228,True,0.2967929492475428,True,True,encoded
2486,RHEA:23232,True,0.0401988628473227,True,True,encoded
2487,RHEA:23236,True,0.9940808843141126,True,True,encoded
2488,RHEA:23240,True,0.751976996217797,True,True,encoded
2489,RHEA:23244,True,0.8071744740790783,True,True,encoded
2490,RHEA:23248,True,0.2913322260401165,True,True,encoded
2491,RHEA:23252,True,0.3049579106607805,True,True,encoded
2492,RHEA:23260,True,0.6715801713124211,True,True,encoded
2493,RHEA:23284,True,0.3410752147678076,True,True,encoded
2494,RHEA:23288,True,0.2056590965127725,True,True,encoded
2495,RHEA:23292,True,0.234860874405363,True,True,encoded
2496,RHEA:23296,True,0.8751321064478489,True,True,encoded
2497,RHEA:23300,True,0.0399492783349869,True,True,encoded
2498,RHEA:23304,True,0.8580415360343329,True,True,encoded
2499,RHEA:23312,True,0.3686776409000178,True,True,encoded
2500,RHEA:23324,True,0.273937732182143,True,True,encoded
2501,RHEA:23328,True,0.3963389481655575,True,True,encoded
2502,RHEA:23336,True,0.6328675321758199,True,True,encoded
2503,RHEA:23344,True,0.9497545879076954,True,True,encoded
2504,RHEA:23348,True,0.8829586821571909,True,True,encoded
2505,RHEA:23352,True,0.6776948784156616,True,True,encoded
2506,RHEA:23356,True,0.3358211828623568,True,True,encoded
2507,RHEA:23360,True,0.7800693613052256,True,True,encoded
2508,RHEA:23368,True,0.8042456700484546,True,True,encoded
2509,RHEA:23372,True,0.1694885623346456,True,True,encoded
2510,RHEA:23384,True,0.9149260896054344,True,True,encoded
2511,RHEA:23388,True,0.2855624402106488,True,True,encoded
2512,RHEA:23396,True,0.472935538558939,True,True,encoded
2513,RHEA:23404,True,0.0470147059288815,True,True,encoded
2514,RHEA:23408,True,0.0841905858925029,True,True,encoded
2515,RHEA:23412,True,0.9467599717510378,True,True,encoded
2516,RHEA:23416,True,0.2127544241902611,True,True,encoded
2517,RHEA:23420,True,0.5255923406893686,True,True,encoded
2518,RHEA:23424,True,0.5389653741496333,True,True,encoded
2519,RHEA:23428,True,0.1942656714998135,True,True,encoded
2520,RHEA:23432,True,0.237979436391728,True,True,encoded
2521,RHEA:23436,True,0.2511622914666574,True,True,encoded
2522,RHEA:23444,True,0.8070645224756504,True,True,encoded
2523,RHEA:23448,True,0.1454286950198003,True,True,encoded
2524,RHEA:23452,True,0.2747440307242697,True,True,encoded
2525,RHEA:23464,True,0.403660667826079,True,True,encoded
2526,RHEA:23468,True,0.2836192049051844,True,True,encoded
2527,RHEA:23472,True,0.0075357725293212,True,True,encoded
2528,RHEA:23476,True,0.3890843392412784,True,True,encoded
2529,RHEA:23480,True,0.8564792002380184,True,True,encoded
2530,RHEA:23484,True,0.8606158113229577,False,False,clipzyme_graph_prereq_failed:reactant_product_map_sets_differ
2531,RHEA:23488,True,0.2414447235339194,True,True,encoded
2532,RHEA:23500,True,0.7973565212902656,True,True,encoded
2533,RHEA:23504,True,0.6174515598959784,True,True,encoded
2534,RHEA:23508,True,0.7143399624756526,True,True,encoded
2535,RHEA:23512,True,0.1440070313338594,True,True,encoded
2536,RHEA:23516,True,0.2738794567405224,True,True,encoded
2537,RHEA:23520,True,0.2493864755104465,True,True,encoded
2538,RHEA:23532,True,0.0200020644232352,True,True,encoded
2539,RHEA:23536,True,0.3964052628866793,True,True,encoded
2540,RHEA:23540,True,0.1018739225736325,True,True,encoded
2541,RHEA:23548,True,0.8046259638175254,True,True,encoded
2542,RHEA:23552,True,0.5037864394854443,True,True,encoded
2543,RHEA:23560,False,,False,False,mapping_unsupported
2544,RHEA:23568,True,0.7066907360625859,True,True,encoded
2545,RHEA:23572,False,,False,False,mapping_unsupported
2546,RHEA:23576,True,0.1321110408703789,True,True,encoded
2547,RHEA:23580,True,0.8049821571337495,True,True,encoded
2548,RHEA:23584,True,0.1516001694203304,True,True,encoded
2549,RHEA:23592,True,0.4078403408918123,True,True,encoded
2550,RHEA:23596,True,0.0012290594979789,True,True,encoded
2551,RHEA:23604,True,0.7927905484049602,True,True,encoded
2552,RHEA:23608,True,0.5282055774053656,True,True,encoded
2553,RHEA:23620,True,0.0952671103946463,True,True,encoded
2554,RHEA:23624,True,0.381847660411054,True,True,encoded
2555,RHEA:23628,True,0.585914407922184,True,True,encoded
2556,RHEA:23632,True,0.2075078287216147,True,True,encoded
2557,RHEA:23640,True,0.2584175517009053,True,True,encoded
2558,RHEA:23644,True,0.2787493476924482,True,True,encoded
2559,RHEA:23648,True,0.3148754272530368,True,True,encoded
2560,RHEA:23652,True,0.7993980445944057,True,True,encoded
2561,RHEA:23656,True,0.6070616095036825,True,True,encoded
2562,RHEA:23660,True,0.966953117813879,True,True,encoded
2563,RHEA:23664,True,0.980641202455784,False,False,clipzyme_graph_prereq_failed:reactant_product_map_sets_differ
2564,RHEA:23668,True,0.1340566389688652,True,True,encoded
2565,RHEA:23672,True,0.2171809665871555,True,True,encoded
2566,RHEA:23676,True,0.0796826636265005,True,True,encoded
2567,RHEA:23680,True,0.1868347538997736,True,True,encoded
2568,RHEA:23684,True,0.2809082985666624,True,True,encoded
2569,RHEA:23688,True,0.7658248348782108,True,True,encoded
2570,RHEA:23692,True,0.7823317741052032,True,True,encoded
2571,RHEA:23696,True,0.2133770832348309,True,True,encoded
2572,RHEA:23700,True,0.869276351441596,True,True,encoded
2573,RHEA:23704,True,0.0104508353567316,True,True,encoded
2574,RHEA:23720,True,0.028807538345899,True,True,encoded
2575,RHEA:23728,True,0.1715128521645302,False,False,clipzyme_graph_prereq_failed:unmapped_atoms
2576,RHEA:23732,True,0.0919703966337258,True,True,encoded
2577,RHEA:23736,True,0.8788058970696745,True,True,encoded
2578,RHEA:23744,True,0.4390318037981973,True,True,encoded
2579,RHEA:23756,True,0.5688366378120832,True,True,encoded
2580,RHEA:23768,True,0.2223062800597517,True,True,encoded
2581,RHEA:23772,True,0.6507732949735963,True,True,encoded
2582,RHEA:23776,True,0.3923115677702357,True,True,encoded
2583,RHEA:23780,True,0.1866685764580301,True,True,encoded
2584,RHEA:23784,True,0.4075290155250062,True,True,encoded
2585,RHEA:23788,True,0.0827317468346755,True,True,encoded
2586,RHEA:23796,True,0.9719529415335318,True,True,encoded
2587,RHEA:23800,True,0.9801719411189864,True,True,encoded
2588,RHEA:23804,True,0.5277516503237825,True,True,encoded
2589,RHEA:23808,True,0.910584113953578,True,True,encoded
2590,RHEA:23812,True,0.3273201011609462,True,True,encoded
2591,RHEA:23820,True,0.7203413841982288,True,True,encoded
2592,RHEA:23824,True,0.7006803226845189,True,True,encoded
2593,RHEA:23828,True,0.3306497290389179,True,True,encoded
2594,RHEA:23832,True,0.3186609428647182,True,True,encoded
2595,RHEA:23840,True,0.3795795993335461,True,True,encoded
2596,RHEA:23844,True,0.2619070011933289,True,True,encoded
2597,RHEA:23852,True,0.3118518558175719,True,True,encoded
2598,RHEA:23856,True,0.4624276418610215,True,True,encoded
2599,RHEA:23860,True,0.2082653594670703,True,True,encoded
2600,RHEA:23864,True,0.2294699122499805,True,True,encoded
2601,RHEA:23872,True,0.8297949948524586,True,True,encoded
2602,RHEA:23880,True,0.4334921123049923,True,True,encoded
2603,RHEA:23884,True,0.9169578452488092,True,True,encoded
2604,RHEA:23896,True,0.7970100002081224,True,True,encoded
2605,RHEA:23900,True,0.4139979920267088,True,True,encoded
2606,RHEA:23904,True,0.8714579399838663,True,True,encoded
2607,RHEA:23908,False,,False,False,mapping_unsupported
2608,RHEA:23916,True,0.5934515597867753,True,True,encoded
2609,RHEA:23920,True,0.4249231019591161,True,True,encoded
2610,RHEA:23928,True,0.8284609799384736,True,True,encoded
2611,RHEA:23932,True,0.4726842316731208,True,True,encoded
2612,RHEA:23936,True,0.2568480531390931,True,True,encoded
2613,RHEA:23940,True,0.5663906789569686,True,True,encoded
2614,RHEA:23944,True,0.8053815907234027,True,True,encoded
2615,RHEA:23948,True,0.7679968921514649,True,True,encoded
2616,RHEA:23956,True,0.7699271791079073,True,True,encoded
2617,RHEA:23964,True,0.4766672755884424,True,True,encoded
2618,RHEA:23968,True,0.8407776019041585,True,True,encoded
2619,RHEA:23972,True,0.2240807579878716,True,True,encoded
2620,RHEA:23976,True,0.0542311373442966,True,True,encoded
2621,RHEA:23984,True,0.3286608050377436,True,True,encoded
2622,RHEA:23988,True,0.2892680668391653,True,True,encoded
2623,RHEA:23996,True,0.1431828805218201,True,True,encoded
2624,RHEA:24000,True,0.9140082100415,True,True,encoded
2625,RHEA:24004,True,0.1654995197993833,True,True,encoded
2626,RHEA:24012,True,0.5592467437451213,True,True,encoded
2627,RHEA:24016,True,0.2022688403395654,True,True,encoded
2628,RHEA:24020,True,0.6901925276943343,True,True,encoded
2629,RHEA:24028,True,0.1261762878105954,True,True,encoded
2630,RHEA:24036,True,0.145274487404502,True,True,encoded
2631,RHEA:24040,False,,False,False,mapping_unsupported
2632,RHEA:24044,True,0.2432753824781878,True,True,encoded
2633,RHEA:24048,True,0.0778034444818817,True,True,encoded
2634,RHEA:24064,True,0.5548880023910266,True,True,encoded
2635,RHEA:24068,True,0.2111271091627796,True,True,encoded
2636,RHEA:24076,True,0.8082761460247142,True,True,encoded
2637,RHEA:24080,True,0.1044508640375468,True,True,encoded
2638,RHEA:24084,True,0.1426742369098971,True,True,encoded
2639,RHEA:24100,True,0.536937723863827,True,True,encoded
2640,RHEA:24104,True,0.764504986786544,True,True,encoded
2641,RHEA:24116,True,0.1530487386010433,False,False,clipzyme_graph_prereq_failed:unmapped_atoms
2642,RHEA:24132,True,0.7314993348341786,True,True,encoded
2643,RHEA:24136,True,0.1566575580385736,True,True,encoded
2644,RHEA:24140,True,0.8108468543348086,True,True,encoded
2645,RHEA:24148,True,0.1198406059396166,True,True,encoded
2646,RHEA:24152,True,0.0974555354667912,True,True,encoded
2647,RHEA:24160,True,0.5108020372676322,True,True,encoded
2648,RHEA:24164,True,0.7856241940385896,True,True,encoded
2649,RHEA:24168,True,0.5434191211717929,True,True,encoded
2650,RHEA:24176,True,0.0239438682504776,True,True,encoded
2651,RHEA:24180,True,0.1199550691762742,True,True,encoded
2652,RHEA:24184,True,0.6359614396564706,True,True,encoded
2653,RHEA:24188,True,0.7270154476808673,True,True,encoded
2654,RHEA:24192,True,0.3375876848461012,True,True,encoded
2655,RHEA:24196,True,0.8061676893689298,True,True,encoded
2656,RHEA:24204,True,0.204430023501256,True,True,encoded
2657,RHEA:24208,True,0.4269578993043641,True,True,encoded
2658,RHEA:24212,True,0.2827488104305929,True,True,encoded
2659,RHEA:24216,True,0.5313209951286214,True,True,encoded
2660,RHEA:24232,True,0.7534554986670458,True,True,encoded
2661,RHEA:24236,True,0.191120692539245,True,True,encoded
2662,RHEA:24240,True,0.2042598898097684,False,False,clipzyme_graph_prereq_failed:reactant_product_map_sets_differ
2663,RHEA:24244,True,0.386170199452393,True,True,encoded
2664,RHEA:24248,True,0.8823512804378398,True,True,encoded
2665,RHEA:24252,True,0.2960874587247879,True,True,encoded
2666,RHEA:24256,True,0.286682186536648,True,True,encoded
2667,RHEA:24260,True,0.7024027203801897,True,True,encoded
2668,RHEA:24264,True,0.4837187686029657,True,True,encoded
2669,RHEA:24284,True,0.1116958423259116,True,True,encoded
2670,RHEA:24292,True,0.2392243417043466,True,True,encoded
2671,RHEA:24296,True,0.92079461172928,True,True,encoded
2672,RHEA:24304,True,0.8264995871162962,True,True,encoded
2673,RHEA:24308,True,0.1911211207656337,True,True,encoded
2674,RHEA:24312,True,0.9365918227500952,True,True,encoded
2675,RHEA:24316,True,0.3301696147605639,True,True,encoded
2676,RHEA:24336,True,0.0213676815489089,True,True,encoded
2677,RHEA:24340,True,0.5330079325893315,True,True,encoded
2678,RHEA:24360,True,0.1810448241242982,True,True,encoded
2679,RHEA:24364,True,0.4688345938763877,True,True,encoded
2680,RHEA:24368,True,0.9382936315086516,True,True,encoded
2681,RHEA:24372,True,0.7292636665262628,True,True,encoded
2682,RHEA:24376,True,0.1340566389688652,True,True,encoded
2683,RHEA:24380,True,0.8565598623103728,True,True,encoded
2684,RHEA:24384,True,0.0284727325552954,True,True,encoded
2685,RHEA:24388,True,0.2542187321424667,True,True,encoded
2686,RHEA:24392,True,0.1809047379500414,True,True,encoded
2687,RHEA:24396,True,0.8541969579523789,True,True,encoded
2688,RHEA:24400,True,0.1615719017166572,True,True,encoded
2689,RHEA:24404,True,0.2670920420848972,True,True,encoded
2690,RHEA:24408,True,0.9528426128302232,True,True,encoded
2691,RHEA:24412,True,0.5737848638970341,True,True,encoded
2692,RHEA:24420,True,0.9878626112990624,True,True,encoded
2693,RHEA:24424,True,0.438505486685147,True,True,encoded
2694,RHEA:24432,True,0.5918218052316921,True,True,encoded
2695,RHEA:24436,True,0.5995907658437244,False,False,clipzyme_graph_prereq_failed:unmapped_atoms
2696,RHEA:24440,True,0.0599478316972658,True,True,encoded
2697,RHEA:24444,True,0.0690834302677479,True,True,encoded
2698,RHEA:24448,True,0.5539675195776111,True,True,encoded
2699,RHEA:24452,True,0.8931639317747588,True,True,encoded
2700,RHEA:24456,True,0.5357976369337444,True,True,encoded
2701,RHEA:24460,True,0.4944463731396161,True,True,encoded
2702,RHEA:24464,True,0.4481196176909758,True,True,encoded
2703,RHEA:24468,True,0.2535847837250511,True,True,encoded
2704,RHEA:24488,True,0.0994671312795301,True,True,encoded
2705,RHEA:24496,True,0.2384958939661883,True,True,encoded
2706,RHEA:24504,True,0.6495771319277855,True,True,encoded
2707,RHEA:24508,True,0.4192364644583922,True,True,encoded
2708,RHEA:24512,True,0.9344849080062668,True,True,encoded
2709,RHEA:24516,True,0.2241571805215413,True,True,encoded
2710,RHEA:24520,True,0.6985965905939484,True,True,encoded
2711,RHEA:24524,True,0.2010962156924464,True,True,encoded
2712,RHEA:24528,True,0.827045302861654,True,True,encoded
2713,RHEA:24536,True,0.7597580908721416,True,True,encoded
2714,RHEA:24540,True,0.9178057451388502,False,False,clipzyme_graph_prereq_failed:reactant_product_map_sets_differ
2715,RHEA:24544,True,0.3560241105522549,True,True,encoded
2716,RHEA:24560,True,0.2746723995927631,True,True,encoded
2717,RHEA:24564,True,0.1542203871035846,True,True,encoded
2718,RHEA:24568,True,0.3516338252233567,True,True,encoded
2719,RHEA:24576,True,0.0867709123376843,True,True,encoded
2720,RHEA:24580,True,0.4090634428963086,True,True,encoded
2721,RHEA:24592,True,0.1387401405315366,True,True,encoded
2722,RHEA:24596,True,0.268948087862925,True,True,encoded
2723,RHEA:24600,True,0.362135912258691,True,True,encoded
2724,RHEA:24604,True,0.8917956552031266,True,True,encoded
2725,RHEA:24608,True,0.5125680007186547,True,True,encoded
2726,RHEA:24612,True,0.8389174704034708,True,True,encoded
2727,RHEA:24616,True,0.4509457053488639,True,True,encoded
2728,RHEA:24620,True,0.7790801629543107,True,True,encoded
2729,RHEA:24624,True,0.1190519947854543,True,True,encoded
2730,RHEA:24628,True,0.0018976193773609,True,True,encoded
2731,RHEA:24632,False,,False,False,mapping_unsupported
2732,RHEA:24636,True,0.817658827094856,False,False,clipzyme_graph_prereq_failed:unmapped_atoms
2733,RHEA:24640,True,0.6990847857237952,True,True,encoded
2734,RHEA:24670,True,0.6229454262696177,True,True,encoded
2735,RHEA:24674,True,0.3063221743176904,True,True,encoded
2736,RHEA:24678,True,0.8098861666610642,True,True,encoded
2737,RHEA:24682,True,0.3541845219917029,True,True,encoded
2738,RHEA:24686,True,0.6414115248191549,True,True,encoded
2739,RHEA:24690,True,0.4485936265951277,True,True,encoded
2740,RHEA:24694,True,0.4485577764322168,True,True,encoded
2741,RHEA:24698,False,,False,False,mapping_unsupported
2742,RHEA:24702,True,0.3977365290576115,True,True,encoded
2743,RHEA:24706,True,0.7026210318989228,True,True,encoded
2744,RHEA:24710,True,0.6579262405734296,True,True,encoded
2745,RHEA:24726,True,0.930405705337635,True,True,encoded
2746,RHEA:24734,True,0.6781608777986081,True,True,encoded
2747,RHEA:24752,True,0.2352805536524553,True,True,encoded
2748,RHEA:24764,True,0.7818723042833622,True,True,encoded
2749,RHEA:24768,True,0.7719614817798619,True,True,encoded
2750,RHEA:24772,True,0.4249485020465229,True,True,encoded
2751,RHEA:24785,True,0.4952294137001739,True,True,encoded
2752,RHEA:24793,True,0.1448377170135659,True,True,encoded
2753,RHEA:24801,True,0.7485502199603625,True,True,encoded
2754,RHEA:24809,True,0.744051642783515,True,True,encoded
2755,RHEA:24813,True,0.6482946829945205,True,True,encoded
2756,RHEA:24825,True,0.1075416989421969,True,True,encoded
2757,RHEA:24829,True,0.0850813846372555,True,True,encoded
2758,RHEA:24836,True,0.0523180806861457,True,True,encoded
2759,RHEA:24840,True,0.2344903126815548,True,True,encoded
2760,RHEA:24844,True,0.1477904887346455,True,True,encoded
2761,RHEA:24848,True,0.8456926218481694,True,True,encoded
2762,RHEA:24869,True,0.1782584365020267,True,True,encoded
2763,RHEA:24873,True,0.5144617768329429,True,True,encoded
2764,RHEA:24878,True,0.7936157393464384,False,False,clipzyme_graph_prereq_failed:reactant_product_map_sets_differ
2765,RHEA:24898,True,0.0005735586194024,True,True,encoded
2766,RHEA:24902,True,0.8725915413322449,True,True,encoded
2767,RHEA:24906,True,0.892634939952096,True,True,encoded
2768,RHEA:24923,True,0.9896994236580864,True,True,encoded
2769,RHEA:24927,True,0.7898158195293388,True,True,encoded
2770,RHEA:24931,True,0.9859771169768892,True,True,encoded
2771,RHEA:24952,True,0.3004345037682982,True,True,encoded
2772,RHEA:24964,True,0.1212064381555232,True,True,encoded
2773,RHEA:24968,True,0.1637392323847765,True,True,encoded
2774,RHEA:24972,True,0.1624116610378825,True,True,encoded
2775,RHEA:24976,True,0.1725463042118768,True,True,encoded
2776,RHEA:24980,True,0.1862021752491709,True,True,encoded
2777,RHEA:24984,True,0.2668652063355518,True,True,encoded
2778,RHEA:24988,True,0.2895396989389165,True,True,encoded
2779,RHEA:25017,True,0.0603717942237172,True,True,encoded
2780,RHEA:25021,True,0.2813500235400725,True,True,encoded
2781,RHEA:25025,True,0.9785476265151072,True,True,encoded
2782,RHEA:25029,True,0.4273113707500264,True,True,encoded
2783,RHEA:25033,True,0.2632299584508225,True,True,encoded
2784,RHEA:25037,True,0.2468060787312232,True,True,encoded
2785,RHEA:25041,True,0.0362398696100402,True,True,encoded
2786,RHEA:25054,True,0.3918258898127288,True,True,encoded
2787,RHEA:25058,True,0.1545628004417704,True,True,encoded
2788,RHEA:25062,True,0.7041138438263704,True,True,encoded
2789,RHEA:25066,True,0.6450823316217058,True,True,encoded
2790,RHEA:25070,True,0.0247266130733497,True,True,encoded
2791,RHEA:25074,True,0.7717447130253798,True,True,encoded
2792,RHEA:25094,True,0.1841143787358382,True,True,encoded
2793,RHEA:25098,True,0.1061368860858293,True,True,encoded
2794,RHEA:25104,True,0.3385880136324263,True,True,encoded
2795,RHEA:25108,True,0.3238120313383303,True,True,encoded
2796,RHEA:25112,True,0.441623282558286,True,True,encoded
2797,RHEA:25135,True,0.2392032893878524,True,True,encoded
2798,RHEA:25143,True,0.9576901152821647,True,True,encoded
2799,RHEA:25156,True,0.0453322263536639,True,True,encoded
2800,RHEA:25160,True,0.5850574480272341,True,True,encoded
2801,RHEA:25173,True,0.9832915118491864,True,True,encoded
2802,RHEA:25185,True,0.7115219640171704,True,True,encoded
2803,RHEA:25189,True,0.8973423056904151,True,True,encoded
2804,RHEA:25193,True,0.7816777951610506,True,True,encoded
2805,RHEA:25197,True,0.6252704101982159,True,True,encoded
2806,RHEA:25201,True,0.5272572222425264,True,True,encoded
2807,RHEA:25213,True,0.3023733540701608,True,True,encoded
2808,RHEA:25217,True,0.2806866650099432,True,True,encoded
2809,RHEA:25221,True,0.4059477867669386,True,True,encoded
2810,RHEA:25233,True,0.9479807535128382,True,True,encoded
2811,RHEA:25241,True,0.9834145401224276,True,True,encoded
2812,RHEA:25245,True,0.914428421065808,True,True,encoded
2813,RHEA:25249,True,0.1679224186950869,True,True,encoded
2814,RHEA:25253,True,0.3202024967190687,True,True,encoded
2815,RHEA:25265,True,0.6099391244512822,True,True,encoded
2816,RHEA:25269,True,0.9189661359048756,True,True,encoded
2817,RHEA:25273,True,0.1425721227195317,True,True,encoded
2818,RHEA:25277,True,0.9032009227468444,True,True,encoded
2819,RHEA:25282,True,0.1498404051740259,False,False,clipzyme_graph_prereq_failed:rdkit_parse_failed
2820,RHEA:25286,True,1.441401193620722e-05,True,True,encoded
2821,RHEA:25290,True,0.8164909666501208,True,True,encoded
2822,RHEA:25294,True,0.8359928295367133,True,True,encoded
2823,RHEA:25298,True,0.4938663400806365,True,True,encoded
2824,RHEA:25302,True,0.241422623749663,True,True,encoded
2825,RHEA:25311,True,0.6497334735411372,True,True,encoded
2826,RHEA:25315,True,0.6662217362352257,True,True,encoded
2827,RHEA:25321,True,0.5307417149378987,True,True,encoded
2828,RHEA:25325,True,0.5348305180624396,True,True,encoded
2829,RHEA:25347,True,0.9265650520413756,True,True,encoded
2830,RHEA:25355,True,0.185683468529087,True,True,encoded
2831,RHEA:25359,True,0.0033891434168395,True,True,encoded
2832,RHEA:25363,True,0.7630205999856019,True,True,encoded
2833,RHEA:25367,True,0.4034489152258607,True,True,encoded
2834,RHEA:25371,True,0.3907034444279892,True,True,encoded
2835,RHEA:25375,True,0.2713416049036198,True,True,encoded
2836,RHEA:25379,True,0.2192113288731919,True,True,encoded
2837,RHEA:25391,True,0.0827001772607074,True,True,encoded
2838,RHEA:25395,True,0.710136985230695,True,True,encoded
2839,RHEA:25399,True,0.765299772054132,True,True,encoded
2840,RHEA:25420,True,0.0006573419970013,False,False,clipzyme_graph_prereq_failed:unmapped_atoms
2841,RHEA:25424,True,0.0517222949541685,True,True,encoded
2842,RHEA:25428,True,0.3337134436705719,True,True,encoded
2843,RHEA:25432,True,0.9196552321885216,True,True,encoded
2844,RHEA:25436,True,0.0935215552613071,True,True,encoded
2845,RHEA:25440,True,0.0699004028448383,True,True,encoded
2846,RHEA:25444,True,0.1035635680485037,True,True,encoded
2847,RHEA:25448,True,0.0594872098768801,True,True,encoded
2848,RHEA:25452,True,0.0535721498568122,True,True,encoded
2849,RHEA:25456,True,0.1134146666539956,True,True,encoded
2850,RHEA:25460,True,0.045832029412671,True,True,encoded
2851,RHEA:25464,True,0.0889056905473121,True,True,encoded
2852,RHEA:25468,True,0.1271875096130726,False,False,clipzyme_graph_prereq_failed:reactant_product_map_sets_differ
2853,RHEA:25472,True,0.0817786579415723,True,True,encoded
2854,RHEA:25476,True,0.0832695372075133,True,True,encoded
2855,RHEA:25480,True,0.1512659129161404,True,True,encoded
2856,RHEA:25484,True,0.043861005313877,False,False,clipzyme_graph_prereq_failed:rdkit_parse_failed
2857,RHEA:25488,True,0.160624594846255,True,True,encoded
2858,RHEA:25492,True,0.1869569367021521,False,False,clipzyme_graph_prereq_failed:rdkit_parse_failed
2859,RHEA:25496,True,0.1285142175268025,True,True,encoded
2860,RHEA:25500,True,0.1729105477730504,True,True,encoded
2861,RHEA:25504,True,0.17191303937384,True,True,encoded
2862,RHEA:25508,True,0.1436816824126753,True,True,encoded
2863,RHEA:25512,True,0.7526605071620507,True,True,encoded
2864,RHEA:25524,True,0.3374852370754065,True,True,encoded
2865,RHEA:25528,True,0.0603717942237172,True,True,encoded
2866,RHEA:25532,True,0.0534198035807714,True,True,encoded
2867,RHEA:25536,True,0.1052990647572214,True,True,encoded
2868,RHEA:25540,True,0.1022471332268445,True,True,encoded
2869,RHEA:25544,True,0.0715756416775373,True,True,encoded
2870,RHEA:25548,True,0.1651521715530622,False,False,clipzyme_graph_prereq_failed:unmapped_atoms
2871,RHEA:25552,True,0.1403534118392383,True,True,encoded
2872,RHEA:25556,True,0.0821424791727,True,True,encoded
2873,RHEA:25560,True,0.1533660714005973,True,True,encoded
2874,RHEA:25564,True,0.9378399434234932,True,True,encoded
2875,RHEA:25568,True,0.282803008731744,True,True,encoded
2876,RHEA:25576,True,0.032487517437366,True,True,encoded
2877,RHEA:25580,True,0.9762112771627384,True,True,encoded
2878,RHEA:25584,True,0.9762112771627384,True,True,encoded
2879,RHEA:25593,True,0.4613223192166626,True,True,encoded
2880,RHEA:25597,True,0.6774873681086037,True,True,encoded
2881,RHEA:25609,True,0.944225578016268,True,True,encoded
2882,RHEA:25613,True,0.1760944687064562,True,True,encoded
2883,RHEA:25617,True,0.2076246331918546,True,True,encoded
2884,RHEA:25621,True,0.0173378552400136,False,False,clipzyme_graph_prereq_failed:unmapped_atoms
2885,RHEA:25625,True,0.6468101264701143,True,True,encoded
2886,RHEA:25629,True,0.7053374965931122,True,True,encoded
2887,RHEA:25633,True,0.834809912838867,True,True,encoded
2888,RHEA:25637,True,0.4556479276964388,True,True,encoded
2889,RHEA:25641,True,0.4685882240517376,False,False,clipzyme_graph_prereq_failed:unmapped_atoms
2890,RHEA:25645,True,0.4679378393662886,False,False,clipzyme_graph_prereq_failed:unmapped_atoms
2891,RHEA:25649,True,0.4746451330410378,False,False,clipzyme_graph_prereq_failed:unmapped_atoms
2892,RHEA:25658,True,0.2243672460494608,True,True,encoded
2893,RHEA:25662,True,0.1171397973380943,True,True,encoded
2894,RHEA:25666,True,0.1351973101723026,True,True,encoded
2895,RHEA:25674,True,0.2039548099670373,True,True,encoded
2896,RHEA:25678,True,0.0465138436001679,True,True,encoded
2897,RHEA:25686,True,0.242197759839823,True,True,encoded
2898,RHEA:25690,True,0.0232194450867494,True,True,encoded
2899,RHEA:25694,True,0.041687012186077,True,True,encoded
2900,RHEA:25759,True,0.0646131675430423,True,True,encoded
2901,RHEA:25772,True,0.3874631627623074,True,True,encoded
2902,RHEA:25776,True,0.6417935601269738,True,True,encoded
2903,RHEA:25780,True,0.0175240033502629,True,True,encoded
2904,RHEA:25784,True,0.9204895824200556,True,True,encoded
2905,RHEA:25788,True,0.8514375165875068,True,True,encoded
2906,RHEA:25792,True,0.3279614635263724,True,True,encoded
2907,RHEA:25800,True,0.3500053232881468,True,True,encoded
2908,RHEA:25804,True,0.3746710642156552,True,True,encoded
2909,RHEA:25808,True,0.2453729982831175,True,True,encoded
2910,RHEA:25812,True,0.3639898105628936,True,True,encoded
2911,RHEA:25816,True,0.379757949448134,True,True,encoded
2912,RHEA:25820,True,0.3781426821202787,True,True,encoded
2913,RHEA:25824,True,0.2726502917609734,True,True,encoded
2914,RHEA:25832,True,0.3171719004196875,True,True,encoded
2915,RHEA:25836,True,0.6800876101268366,True,True,encoded
2916,RHEA:25840,True,0.8439122994781695,True,True,encoded
2917,RHEA:25844,True,0.8076603877858772,True,True,encoded
2918,RHEA:25848,True,0.8076603877858772,True,True,encoded
2919,RHEA:25852,True,0.0970269603879808,True,True,encoded
2920,RHEA:25856,True,0.0712560098742838,True,True,encoded
2921,RHEA:25860,True,0.0962300093062749,True,True,encoded
2922,RHEA:25868,True,0.2728109887814581,True,True,encoded
2923,RHEA:25876,True,0.6518459808038274,True,True,encoded
2924,RHEA:25884,True,0.3758912192021105,True,True,encoded
2925,RHEA:25888,True,0.1959775081562113,True,True,encoded
2926,RHEA:25900,True,0.3320964235394666,True,True,encoded
2927,RHEA:25904,True,0.8986784969121748,True,True,encoded
2928,RHEA:25948,True,0.2849832785320151,True,True,encoded
2929,RHEA:25952,True,0.5506735128778205,True,True,encoded
2930,RHEA:25956,True,0.760160990558164,True,True,encoded
2931,RHEA:25968,True,0.3357137019498795,True,True,encoded
2932,RHEA:25972,True,0.3969932550233388,True,True,encoded
2933,RHEA:25976,True,0.6227449920342812,False,False,clipzyme_graph_prereq_failed:unmapped_atoms
2934,RHEA:25980,True,0.5072910688680583,False,False,clipzyme_graph_prereq_failed:unmapped_atoms
2935,RHEA:25984,True,0.6113789867498881,False,False,clipzyme_graph_prereq_failed:unmapped_atoms
2936,RHEA:25988,True,0.4957226878666237,False,False,clipzyme_graph_prereq_failed:unmapped_atoms
2937,RHEA:25992,True,0.0394126983084838,True,True,encoded
2938,RHEA:25996,True,0.3722518443092021,True,True,encoded
2939,RHEA:26002,True,0.4368182415570807,True,True,encoded
2940,RHEA:26006,True,0.0075655623221383,True,True,encoded
2941,RHEA:26019,True,0.3976539127777286,True,True,encoded
2942,RHEA:26031,True,0.1008297208610738,True,True,encoded
2943,RHEA:26035,True,0.0755680257015293,True,True,encoded
2944,RHEA:26039,True,0.341633401957453,True,True,encoded
2945,RHEA:26043,True,0.2201946678257439,True,True,encoded
2946,RHEA:26055,True,0.1461211944443978,True,True,encoded
2947,RHEA:26059,True,1.0,True,True,encoded
2948,RHEA:26064,True,0.3294542936367736,True,True,encoded
2949,RHEA:26068,True,0.2002096425794957,True,True,encoded
2950,RHEA:26077,True,0.2337545533600611,True,True,encoded
2951,RHEA:26081,True,0.094952626872862,True,True,encoded
2952,RHEA:26085,True,0.213009212635608,True,True,encoded
2953,RHEA:26089,True,0.5356846666155978,True,True,encoded
2954,RHEA:26093,True,0.5356846666155978,True,True,encoded
2955,RHEA:26097,True,0.213009212635608,True,True,encoded
2956,RHEA:26101,True,0.7451250497014356,True,True,encoded
2957,RHEA:26111,True,0.8084305861851632,True,True,encoded
2958,RHEA:26115,True,0.0650611683552381,True,True,encoded
2959,RHEA:26119,True,0.0922866350023744,True,True,encoded
2960,RHEA:26128,True,0.1711807364658964,False,False,clipzyme_graph_prereq_failed:unmapped_atoms
2961,RHEA:26132,True,0.5454912341599573,True,True,encoded
2962,RHEA:26136,True,0.8072354634230281,True,True,encoded
2963,RHEA:26152,True,0.2679400069301045,True,True,encoded
2964,RHEA:26160,True,0.2420034650893956,True,True,encoded
2965,RHEA:26168,True,0.4955980659194958,True,True,encoded
2966,RHEA:26172,True,0.1947082688622949,True,True,encoded
2967,RHEA:26176,True,0.0944838149738309,True,True,encoded
2968,RHEA:26180,True,0.8287494344346897,True,True,encoded
2969,RHEA:26188,True,0.1863634755720532,True,True,encoded
2970,RHEA:26193,True,0.0420679186921558,True,True,encoded
2971,RHEA:26197,True,0.4959927690389423,True,True,encoded
2972,RHEA:26201,True,0.7127090086699697,True,True,encoded
2973,RHEA:26205,True,0.2299894500130852,True,True,encoded
2974,RHEA:26209,True,0.965763824314227,True,True,encoded
2975,RHEA:26213,True,0.0077565415231123,False,False,clipzyme_graph_prereq_failed:unmapped_atoms
2976,RHEA:26221,True,0.0161480011502552,True,True,encoded
2977,RHEA:26229,False,,False,False,mapping_unsupported
2978,RHEA:26245,True,0.1039086758375277,True,True,encoded
2979,RHEA:26277,True,0.3410985356035323,True,True,encoded
2980,RHEA:26281,True,0.0598934439942106,True,True,encoded
2981,RHEA:26285,True,0.2957143603914677,True,True,encoded
2982,RHEA:26289,False,,False,False,mapping_unsupported
2983,RHEA:26297,True,0.2961395706519859,True,True,encoded
2984,RHEA:26301,True,0.7550473101741801,True,True,encoded
2985,RHEA:26305,True,0.4470731758135629,True,True,encoded
2986,RHEA:26309,True,0.2473920030353549,True,True,encoded
2987,RHEA:26313,True,0.4858886387940162,True,True,encoded
2988,RHEA:26317,True,0.1767980619202566,True,True,encoded
2989,RHEA:26321,True,0.8293433756478531,True,True,encoded
2990,RHEA:26325,True,0.559212147479154,True,True,encoded
2991,RHEA:26329,True,0.8919423023788433,True,True,encoded
2992,RHEA:26333,True,0.2585109344043174,True,True,encoded
2993,RHEA:26337,True,0.7409809872253397,True,True,encoded
2994,RHEA:26341,True,0.8529178132518952,True,True,encoded
2995,RHEA:26345,True,0.3906955498848352,True,True,encoded
2996,RHEA:26349,True,0.4561323333084942,True,True,encoded
2997,RHEA:26361,True,0.2354536579444319,True,True,encoded
2998,RHEA:26373,True,0.8182498092748637,True,True,encoded
2999,RHEA:26381,True,0.4362091823609453,True,True,encoded
3000,RHEA:26385,True,0.3509128621733252,True,True,encoded
3001,RHEA:26389,True,0.1853140598073583,True,True,encoded
3002,RHEA:26393,True,0.0267171191963371,True,True,encoded
3003,RHEA:26397,True,0.0010333511428844,True,True,encoded
3004,RHEA:26401,True,0.443211277181623,True,True,encoded
3005,RHEA:26410,True,0.4682057425707173,True,True,encoded
3006,RHEA:26414,True,0.4683762391433166,True,True,encoded
3007,RHEA:26422,True,0.112074803948145,True,True,encoded
3008,RHEA:26426,True,0.0442087470047687,True,True,encoded
3009,RHEA:26430,True,0.1505743158646564,False,False,clipzyme_graph_prereq_failed:unmapped_atoms
3010,RHEA:26438,True,0.4350696553431957,True,True,encoded
3011,RHEA:26446,True,0.078610048481197,True,True,encoded
3012,RHEA:26450,True,0.0634225662429872,True,True,encoded
3013,RHEA:26454,True,0.0865116661297931,True,True,encoded
3014,RHEA:26470,True,0.1378403705290767,True,True,encoded
3015,RHEA:26474,True,0.1436722575806232,True,True,encoded
3016,RHEA:26482,True,0.1314692994048968,True,True,encoded
3017,RHEA:26486,True,0.215403384597271,True,True,encoded
3018,RHEA:26490,True,0.3918234618206676,True,True,encoded
3019,RHEA:26494,True,0.6250125754867796,True,True,encoded
3020,RHEA:26506,True,0.8874044927897587,True,True,encoded
3021,RHEA:26510,True,0.9984539835077652,True,True,encoded
3022,RHEA:26514,True,0.6921960391517985,True,True,encoded
3023,RHEA:26518,True,0.2876776528244875,True,True,encoded
3024,RHEA:26522,True,0.8285662179256824,True,True,encoded
3025,RHEA:26526,True,0.2693418312010548,True,True,encoded
3026,RHEA:26530,True,0.2442057235251431,True,True,encoded
3027,RHEA:26534,True,0.0229735173311283,True,True,encoded
3028,RHEA:26542,True,0.9944411932556672,True,True,encoded
3029,RHEA:26546,True,0.9987417250725796,True,True,encoded
3030,RHEA:26550,True,0.9944411932556672,True,True,encoded
3031,RHEA:26554,True,0.541712957623288,True,True,encoded
3032,RHEA:26558,True,0.1874476078525781,True,True,encoded
3033,RHEA:26562,True,0.1950258462366695,True,True,encoded
3034,RHEA:27270,True,0.0495064148026226,True,True,encoded
3035,RHEA:27274,True,0.4017336682270025,True,True,encoded
3036,RHEA:27278,True,0.185997954769482,True,True,encoded
3037,RHEA:27282,True,0.3238572582166152,True,True,encoded
3038,RHEA:27286,True,0.7425719865182699,True,True,encoded
3039,RHEA:27290,True,0.922524304647036,False,False,clipzyme_graph_prereq_failed:reactant_product_map_sets_differ
3040,RHEA:27298,True,0.7147411999619613,True,True,encoded
3041,RHEA:27302,True,0.670018210586807,True,True,encoded
3042,RHEA:27306,True,0.8968611912614014,False,False,clipzyme_graph_prereq_failed:reactant_product_map_sets_differ
3043,RHEA:27310,True,0.6217039135714711,True,True,encoded
3044,RHEA:27321,True,0.209052076014074,True,True,encoded
3045,RHEA:27325,True,0.222645686781499,True,True,encoded
3046,RHEA:27329,True,0.3983986719776343,True,True,encoded
3047,RHEA:27333,True,0.271605531079487,True,True,encoded
3048,RHEA:27337,True,0.1571755929320051,True,True,encoded
3049,RHEA:27341,True,0.7782780391869886,False,False,clipzyme_graph_prereq_failed:unmapped_atoms
3050,RHEA:27345,True,0.193824928454109,True,True,encoded
3051,RHEA:27349,True,0.3452137671760129,True,True,encoded
3052,RHEA:27353,True,0.655337788407627,True,True,encoded
3053,RHEA:27377,True,0.2707350671833259,True,True,encoded
3054,RHEA:27381,True,0.2257805932151383,True,True,encoded
3055,RHEA:27385,True,0.8490461397117179,True,True,encoded
3056,RHEA:27389,True,0.8804155516171392,True,True,encoded
3057,RHEA:27393,True,0.2172032668111705,True,True,encoded
3058,RHEA:27397,True,0.7762420226727423,True,True,encoded
3059,RHEA:27401,True,0.8282492034549802,True,True,encoded
3060,RHEA:27413,True,0.3197163030474703,True,True,encoded
3061,RHEA:27417,True,0.5107481088679867,True,True,encoded
3062,RHEA:27421,True,0.0871510900771474,True,True,encoded
3063,RHEA:27425,True,0.1161219265669785,True,True,encoded
3064,RHEA:27429,True,0.4289724333639942,True,True,encoded
3065,RHEA:27433,True,0.2624289575429701,True,True,encoded
3066,RHEA:27437,True,0.483758232082815,True,True,encoded
3067,RHEA:27441,True,0.2643690655987558,True,True,encoded
3068,RHEA:27445,True,0.1596281539146533,True,True,encoded
3069,RHEA:27449,True,0.3091581105987288,True,True,encoded
3070,RHEA:27453,True,0.446640168573545,True,True,encoded
3071,RHEA:27457,True,0.4734576996857331,True,True,encoded
3072,RHEA:27461,True,0.1482943946057185,True,True,encoded
3073,RHEA:27465,True,0.1552950223100367,True,True,encoded
3074,RHEA:27469,True,0.3824474023748759,True,True,encoded
3075,RHEA:27473,True,0.1174182770869975,True,True,encoded
3076,RHEA:27477,True,0.3139056964863161,True,True,encoded
3077,RHEA:27481,True,0.2199958870742898,True,True,encoded
3078,RHEA:27485,True,0.6324307924780457,True,True,encoded
3079,RHEA:27489,True,0.0469585128497086,True,True,encoded
3080,RHEA:27493,True,0.7511120300726314,True,True,encoded
3081,RHEA:27506,True,0.9292822997350678,True,True,encoded
3082,RHEA:27510,True,0.5053319891025694,True,True,encoded
3083,RHEA:27514,True,0.4017628202335834,True,True,encoded
3084,RHEA:27518,True,0.3851833206842986,True,True,encoded
3085,RHEA:27522,True,0.5122226287878381,True,True,encoded
3086,RHEA:27526,True,0.2171724452813931,True,True,encoded
3087,RHEA:27530,True,0.217590731903681,True,True,encoded
3088,RHEA:27534,True,0.2233001593743946,True,True,encoded
3089,RHEA:27546,True,0.4475853041733831,True,True,encoded
3090,RHEA:27551,False,,False,False,mapping_unsupported
3091,RHEA:27555,True,0.0017008602471617,True,True,encoded
3092,RHEA:27559,True,5.1701180604461886e-05,True,True,encoded
3093,RHEA:27563,True,6.403510353644984e-18,True,True,encoded
3094,RHEA:27570,True,0.1174182770869975,True,True,encoded
3095,RHEA:27586,True,0.7788423336985038,True,True,encoded
3096,RHEA:27594,True,1.4467518019640384e-09,True,True,encoded
3097,RHEA:27602,False,,False,False,mapping_unsupported
3098,RHEA:27606,True,0.8551224531746777,True,True,encoded
3099,RHEA:27614,False,,False,False,mapping_unsupported
3100,RHEA:27618,False,,False,False,mapping_unsupported
3101,RHEA:27622,True,1.8838801224158453e-18,True,True,encoded
3102,RHEA:27638,True,0.2553026663171931,True,True,encoded
3103,RHEA:27642,True,0.1567904602114497,True,True,encoded
3104,RHEA:27646,True,0.205703980196441,True,True,encoded
3105,RHEA:27654,True,0.5804083790797054,True,True,encoded
3106,RHEA:27658,True,0.3272712257923235,True,True,encoded
3107,RHEA:27662,True,0.6490310069485463,True,True,encoded
3108,RHEA:27666,True,0.2304120742492209,True,True,encoded
3109,RHEA:27670,True,0.1514436030358421,True,True,encoded
3110,RHEA:27682,True,0.1462175799574757,True,True,encoded
3111,RHEA:27686,True,0.1163328131541394,True,True,encoded
3112,RHEA:27690,True,0.1321184640176466,True,True,encoded
3113,RHEA:27694,True,0.951685420755084,True,True,encoded
3114,RHEA:27698,True,0.0843884952717583,True,True,encoded
3115,RHEA:27702,True,0.6653209975814753,True,True,encoded
3116,RHEA:27710,True,0.2915518545064605,True,True,encoded
3117,RHEA:27714,True,0.5377985022656953,True,True,encoded
3118,RHEA:27718,True,0.4263808117421265,True,True,encoded
3119,RHEA:27722,True,0.0234876546913485,True,True,encoded
3120,RHEA:27726,True,0.826312752153027,True,True,encoded
3121,RHEA:27734,True,0.0772803851207803,True,True,encoded
3122,RHEA:27738,True,0.1763723759096773,True,True,encoded
3123,RHEA:27742,True,0.1440459116865612,True,True,encoded
3124,RHEA:27746,True,0.789158253468478,True,True,encoded
3125,RHEA:27750,True,0.2470133216702106,True,True,encoded
3126,RHEA:27754,True,0.9136752907748776,True,True,encoded
3127,RHEA:27762,True,0.1997504932581631,True,True,encoded
3128,RHEA:27782,True,0.0241852748996917,True,True,encoded
3129,RHEA:27790,True,0.0304443792645217,True,True,encoded
3130,RHEA:27794,True,3.87004683466623e-07,True,True,encoded
3131,RHEA:27798,True,6.093038173680138e-10,True,True,encoded
3132,RHEA:27802,True,4.564783265116387e-17,True,True,encoded
3133,RHEA:27806,True,0.1983841893439051,True,True,encoded
3134,RHEA:27810,True,0.000826155755808,True,True,encoded
3135,RHEA:27818,True,0.6553609597475466,True,True,encoded
3136,RHEA:27822,True,0.9304233984315332,True,True,encoded
3137,RHEA:27826,True,0.7507611146508146,True,True,encoded
3138,RHEA:27830,True,0.1074438578795996,True,True,encoded
3139,RHEA:27838,True,0.5173905939743894,True,True,encoded
3140,RHEA:27842,True,0.259938050959823,True,True,encoded
3141,RHEA:27846,True,0.4805104688034704,True,True,encoded
3142,RHEA:27850,True,0.3655979425603933,True,True,encoded
3143,RHEA:27854,True,0.0892079620859232,True,True,encoded
3144,RHEA:27858,True,0.9324637575849836,True,True,encoded
3145,RHEA:27866,True,0.3184047177699144,True,True,encoded
3146,RHEA:27870,True,0.881797367964907,True,True,encoded
3147,RHEA:27874,True,0.6695399676906855,True,True,encoded
3148,RHEA:27886,True,0.9371241237988338,True,True,encoded
3149,RHEA:27894,True,0.5249033820156175,True,True,encoded
3150,RHEA:27898,True,0.4692538277768355,True,True,encoded
3151,RHEA:27906,True,0.0853113395943152,True,True,encoded
3152,RHEA:27914,True,0.2897363895288118,True,True,encoded
3153,RHEA:27918,True,0.4427344997261662,True,True,encoded
3154,RHEA:27930,True,0.0583389096151399,True,True,encoded
3155,RHEA:27934,True,0.939501698696633,True,True,encoded
3156,RHEA:27938,True,0.939501698696633,True,True,encoded
3157,RHEA:27942,True,0.7778411166002256,True,True,encoded
3158,RHEA:27946,True,0.5997062747003554,True,True,encoded
3159,RHEA:27954,True,0.0371706229022296,True,True,encoded
3160,RHEA:27958,True,0.9540423215976324,True,True,encoded
3161,RHEA:27966,True,0.144801697652252,True,True,encoded
3162,RHEA:27970,True,0.5679745007306585,True,True,encoded
3163,RHEA:27974,True,0.971486311748831,True,True,encoded
3164,RHEA:27978,True,0.5799890342528259,True,True,encoded
3165,RHEA:27982,True,0.228121836952885,True,True,encoded
3166,RHEA:27986,True,0.4423827293286298,True,True,encoded
3167,RHEA:27990,True,0.2984382066442038,True,True,encoded
3168,RHEA:27994,True,0.9586811395416422,True,True,encoded
3169,RHEA:27998,True,0.3692081987431395,True,True,encoded
3170,RHEA:28002,True,0.2761014801832598,True,True,encoded
3171,RHEA:28006,True,0.4975529366496368,True,True,encoded
3172,RHEA:28010,True,0.1783182523656971,True,True,encoded
3173,RHEA:28014,True,0.9155819305564384,True,True,encoded
3174,RHEA:28022,True,0.0458338885207443,True,True,encoded
3175,RHEA:28038,True,0.3005481417915785,True,True,encoded
3176,RHEA:28046,True,0.0927795444760111,True,True,encoded
3177,RHEA:28050,True,0.5040516139161801,True,True,encoded
3178,RHEA:28054,True,0.3123719688832864,True,True,encoded
3179,RHEA:28058,True,0.7877485755427269,True,True,encoded
3180,RHEA:28062,True,0.0004499276688172,True,True,encoded
3181,RHEA:28066,True,0.0377765255536858,True,True,encoded
3182,RHEA:28070,True,0.0631874575381822,True,True,encoded
3183,RHEA:28074,True,0.1203901102268899,True,True,encoded
3184,RHEA:28078,True,0.4610946110179426,True,True,encoded
3185,RHEA:28082,True,0.0565891005201714,True,True,encoded
3186,RHEA:28086,True,0.000444928758978,True,True,encoded
3187,RHEA:28090,True,0.0311951879324246,True,True,encoded
3188,RHEA:28094,True,0.0256021613848104,True,True,encoded
3189,RHEA:28098,True,0.0428469386230053,True,True,encoded
3190,RHEA:28102,True,0.7843655034178769,True,True,encoded
3191,RHEA:28106,True,0.4110615854591133,True,True,encoded
3192,RHEA:28110,True,0.9402917621660808,True,True,encoded
3193,RHEA:28118,True,0.0207204255999746,True,True,encoded
3194,RHEA:28122,True,0.0132513038078215,True,True,encoded
3195,RHEA:28126,True,0.0251167897316329,True,True,encoded
3196,RHEA:28130,True,0.822442525161624,True,True,encoded
3197,RHEA:28138,True,0.9684399712773276,True,True,encoded
3198,RHEA:28146,True,0.2030304564477534,True,True,encoded
3199,RHEA:28150,True,0.1211803052441743,True,True,encoded
3200,RHEA:28154,False,,False,False,mapping_unsupported
3201,RHEA:28158,False,,False,False,mapping_unsupported
3202,RHEA:28166,True,0.9413315070906466,True,True,encoded
3203,RHEA:28170,True,0.994649941023404,True,True,encoded
3204,RHEA:28174,True,0.7451841991760044,True,True,encoded
3205,RHEA:28182,True,0.9117930881464704,True,True,encoded
3206,RHEA:28190,True,0.97704539182499,True,True,encoded
3207,RHEA:28194,True,0.4644422738380889,True,True,encoded
3208,RHEA:28198,True,0.8082857452509994,True,True,encoded
3209,RHEA:28202,True,1.9670569100218606e-06,True,True,encoded
3210,RHEA:28206,True,0.2810646077978405,True,True,encoded
3211,RHEA:28210,True,0.2618971491327177,True,True,encoded
3212,RHEA:28214,True,0.5692142395517742,True,True,encoded
3213,RHEA:28218,True,0.7139539706271254,True,True,encoded
3214,RHEA:28222,True,0.2439294125947009,True,True,encoded
3215,RHEA:28226,True,0.0138315902133979,True,True,encoded
3216,RHEA:28230,True,0.1661696810223,True,True,encoded
3217,RHEA:28246,True,0.2275021846315343,True,True,encoded
3218,RHEA:28250,True,0.0289128440502402,True,True,encoded
3219,RHEA:28254,True,0.2534189115119522,True,True,encoded
3220,RHEA:28258,True,0.4738046119417677,True,True,encoded
3221,RHEA:28262,True,0.3828413824366044,True,True,encoded
3222,RHEA:28266,True,0.1187587746815636,True,True,encoded
3223,RHEA:28270,True,0.2348372497656307,True,True,encoded
3224,RHEA:28278,True,0.9241900342554106,True,True,encoded
3225,RHEA:28282,True,0.6909873040935258,True,True,encoded
3226,RHEA:28290,True,0.2146473800287262,True,True,encoded
3227,RHEA:28294,True,0.0494239096569638,True,True,encoded
3228,RHEA:28298,True,0.0831327426777352,True,True,encoded
3229,RHEA:28302,True,0.0649165503933716,True,True,encoded
3230,RHEA:28306,False,,False,False,mapping_unsupported
3231,RHEA:28310,True,0.0292914995465782,True,True,encoded
3232,RHEA:28314,True,0.5941506754634195,True,True,encoded
3233,RHEA:28330,True,0.3196501239792524,True,True,encoded
3234,RHEA:28334,True,0.2263129421587112,True,True,encoded
3235,RHEA:28338,True,0.1643151242436687,True,True,encoded
3236,RHEA:28342,True,0.1925794268123663,True,True,encoded
3237,RHEA:28346,True,0.4328256143088954,True,True,encoded
3238,RHEA:28350,True,0.8488806256283981,True,True,encoded
3239,RHEA:28362,True,0.2517766744548109,True,True,encoded
3240,RHEA:28366,True,0.0197096297653442,True,True,encoded
3241,RHEA:28370,True,0.1256428571121821,True,True,encoded
3242,RHEA:28374,True,0.1134101060726903,True,True,encoded
3243,RHEA:28378,True,0.2654511986375804,True,True,encoded
3244,RHEA:28382,True,0.2963318597752737,True,True,encoded
3245,RHEA:28386,True,0.0003603962538701,True,True,encoded
3246,RHEA:28390,True,0.9684146111115156,True,True,encoded
3247,RHEA:28394,True,0.9306394932992268,True,True,encoded
3248,RHEA:28398,True,0.8737847703973055,True,True,encoded
3249,RHEA:28406,True,0.3171771622008659,True,True,encoded
3250,RHEA:28410,True,0.439265137610019,True,True,encoded
3251,RHEA:28414,True,0.3152000705746483,True,True,encoded
3252,RHEA:28418,True,0.0788389388998131,True,True,encoded
3253,RHEA:28422,True,0.2107539275306951,True,True,encoded
3254,RHEA:28426,True,0.5697191358618341,True,True,encoded
3255,RHEA:28430,True,0.5014849984197279,True,True,encoded
3256,RHEA:28434,False,,False,False,mapping_unsupported
3257,RHEA:28438,False,,False,False,mapping_unsupported
3258,RHEA:28442,False,,False,False,mapping_unsupported
3259,RHEA:28502,True,0.6103790554017673,True,True,encoded
3260,RHEA:28514,True,0.0219560675827743,True,True,encoded
3261,RHEA:28518,True,0.2189448233522284,True,True,encoded
3262,RHEA:28522,True,0.2189448233522284,True,True,encoded
3263,RHEA:28526,True,0.0683550887732527,True,True,encoded
3264,RHEA:28530,True,0.4199994521030881,True,True,encoded
3265,RHEA:28534,True,0.2217339625671373,True,True,encoded
3266,RHEA:28542,True,0.3984964201697883,True,True,encoded
3267,RHEA:28602,True,0.0141583517640801,True,True,encoded
3268,RHEA:28606,True,0.0108849233327422,True,True,encoded
3269,RHEA:28610,True,0.1849059670048734,True,True,encoded
3270,RHEA:28635,True,0.0338953204292436,True,True,encoded
3271,RHEA:28639,True,0.0274556651377113,True,True,encoded
3272,RHEA:28643,True,0.1119172961319201,True,True,encoded
3273,RHEA:28647,True,0.0034280135864736,True,True,encoded
3274,RHEA:28663,True,0.4673422434281751,True,True,encoded
3275,RHEA:28667,True,0.8691060488214264,True,True,encoded
3276,RHEA:28671,False,,False,False,mapping_unsupported
3277,RHEA:28675,True,0.9721015704815644,True,True,encoded
3278,RHEA:28759,True,0.0172014929827933,True,True,encoded
3279,RHEA:28775,True,0.6188673301083828,True,True,encoded
3280,RHEA:28783,True,0.9661551396602382,True,True,encoded
3281,RHEA:28791,True,0.8042899916986986,True,True,encoded
3282,RHEA:28795,True,0.3273107397976958,True,True,encoded
3283,RHEA:28803,True,0.4936854730763061,True,True,encoded
3284,RHEA:28807,True,0.9322802967680311,True,True,encoded
3285,RHEA:28927,True,0.2113687513655344,True,True,encoded
3286,RHEA:28931,True,0.8054946941954403,True,True,encoded
3287,RHEA:28935,True,0.5798405491312362,True,True,encoded
3288,RHEA:29035,True,0.2528836521471326,True,True,encoded
3289,RHEA:29039,True,0.266015113775113,True,True,encoded
3290,RHEA:29043,True,0.1296411017297159,True,True,encoded
3291,RHEA:29107,True,0.1241076584041326,True,True,encoded
3292,RHEA:29291,True,0.0292219467110839,True,True,encoded
3293,RHEA:29315,True,0.4561323333084942,True,True,encoded
3294,RHEA:29319,True,0.8718796037326039,True,True,encoded
3295,RHEA:29355,True,0.4732511958755812,True,True,encoded
3296,RHEA:29359,True,0.4914702269947426,True,True,encoded
3297,RHEA:29363,True,0.5636878437451058,True,True,encoded
3298,RHEA:29367,True,0.5561763951468608,True,True,encoded
3299,RHEA:29371,True,0.4914202306578167,True,True,encoded
3300,RHEA:29375,True,0.4613849093479394,True,True,encoded
3301,RHEA:29379,True,0.5681562260746538,True,True,encoded
3302,RHEA:29383,True,0.4313207477190468,True,True,encoded
3303,RHEA:29387,True,0.3292713928626801,True,True,encoded
3304,RHEA:29391,True,0.2317914904103451,True,True,encoded
3305,RHEA:29395,True,0.1738201086587046,True,True,encoded
3306,RHEA:29399,True,0.1924770476816832,True,True,encoded
3307,RHEA:29483,True,0.0241474163402316,True,True,encoded
3308,RHEA:29487,True,0.0382199797605018,False,False,clipzyme_graph_prereq_failed:reactant_product_map_sets_differ
3309,RHEA:29491,True,0.0642674916204535,True,True,encoded
3310,RHEA:29495,True,0.0457505505682351,True,True,encoded
3311,RHEA:29499,True,0.0234390845357085,True,True,encoded
3312,RHEA:29503,True,0.1469559040953495,False,False,clipzyme_graph_prereq_failed:reactant_product_map_sets_differ
3313,RHEA:29507,True,0.0254694009874404,True,True,encoded
3314,RHEA:29511,True,0.0319431195504885,True,True,encoded
3315,RHEA:29563,True,0.1062508636835783,True,True,encoded
3316,RHEA:29587,True,0.2544094716622634,True,True,encoded
3317,RHEA:29591,True,0.3167568183402349,True,True,encoded
3318,RHEA:29595,True,0.0539366371038024,True,True,encoded
3319,RHEA:29599,True,0.2627147262277286,True,True,encoded
3320,RHEA:29603,True,0.0529939210286176,True,True,encoded
3321,RHEA:29607,True,0.5779804924211988,True,True,encoded
3322,RHEA:29611,True,0.258826868945205,True,True,encoded
3323,RHEA:29631,True,0.4428024649031955,True,True,encoded
3324,RHEA:29635,True,0.402634372123162,True,True,encoded
3325,RHEA:29639,True,0.2883731464658689,True,True,encoded
3326,RHEA:29643,True,0.2227232708322224,True,True,encoded
3327,RHEA:29671,True,1.0,True,True,encoded
3328,RHEA:29767,True,0.2570453929536914,True,True,encoded
3329,RHEA:29779,True,0.2570453929536914,True,True,encoded
3330,RHEA:29783,True,0.2550210699178038,True,True,encoded
3331,RHEA:29787,True,0.2629102635605486,True,True,encoded
3332,RHEA:29791,True,0.2629102635605486,True,True,encoded
3333,RHEA:29795,True,0.4229817441678418,True,True,encoded
3334,RHEA:29799,True,0.2237183431293958,True,True,encoded
3335,RHEA:29811,True,0.3478115276766891,True,True,encoded
3336,RHEA:29839,True,0.3650249872433024,True,True,encoded
3337,RHEA:29847,True,0.2366391270067112,True,True,encoded
3338,RHEA:29859,True,0.9658397323904332,True,True,encoded
3339,RHEA:29863,True,0.1462546522753111,True,True,encoded
3340,RHEA:29871,True,0.1493493874682222,True,True,encoded
3341,RHEA:29879,True,0.2734258454290515,True,True,encoded
3342,RHEA:29883,True,0.2511269221851007,True,True,encoded
3343,RHEA:29887,True,0.2596766381550845,True,True,encoded
3344,RHEA:29891,True,0.2548589395344373,True,True,encoded
3345,RHEA:29899,True,0.2306096877523578,True,True,encoded
3346,RHEA:29903,True,0.2263214150048473,True,True,encoded
3347,RHEA:29995,True,0.2366987698665678,True,True,encoded
3348,RHEA:29999,True,0.2582408154510254,True,True,encoded
3349,RHEA:30007,True,0.2306096877523578,True,True,encoded
3350,RHEA:30031,True,0.7000488076175079,True,True,encoded
3351,RHEA:30043,True,0.6699627718796116,True,True,encoded
3352,RHEA:30051,True,0.9249529920183212,True,True,encoded
3353,RHEA:30055,True,0.4430177404473791,True,True,encoded
3354,RHEA:30059,True,0.6084284132289329,True,True,encoded
3355,RHEA:30067,True,0.2778825131462487,True,True,encoded
3356,RHEA:30071,True,0.276407669962379,True,True,encoded
3357,RHEA:30075,True,0.3949686807471511,True,True,encoded
3358,RHEA:30079,True,0.0235738220254044,True,True,encoded
3359,RHEA:30083,True,0.0668313565623384,True,True,encoded
3360,RHEA:30111,True,0.0550961170433762,True,True,encoded
3361,RHEA:30115,True,0.7119160288084507,True,True,encoded
3362,RHEA:30119,True,0.6765572819912599,True,True,encoded
3363,RHEA:30123,True,0.6370225088178816,True,True,encoded
3364,RHEA:30131,True,0.7149278925736523,True,True,encoded
3365,RHEA:30135,True,0.2567900897760966,True,True,encoded
3366,RHEA:30139,True,0.1316756847844613,True,True,encoded
3367,RHEA:30143,True,0.2795044442285212,True,True,encoded
3368,RHEA:30147,True,0.3777833378864459,True,True,encoded
3369,RHEA:30151,True,0.1966817240961003,True,True,encoded
3370,RHEA:30167,True,0.2394057453762823,True,True,encoded
3371,RHEA:30179,True,0.1131466424997264,True,True,encoded
3372,RHEA:30183,True,0.5663906789569686,True,True,encoded
3373,RHEA:30187,True,0.4639003307468665,True,True,encoded
3374,RHEA:30199,False,,False,False,mapping_unsupported
3375,RHEA:30207,True,0.6937723721899323,True,True,encoded
3376,RHEA:30211,True,0.521849981307286,True,True,encoded
3377,RHEA:30223,True,0.6121831958275314,True,True,encoded
3378,RHEA:30227,True,0.4453219363469224,True,True,encoded
3379,RHEA:30231,True,0.2327797006554816,True,True,encoded
3380,RHEA:30235,True,0.7963167493652027,True,True,encoded
3381,RHEA:30239,True,1.2638237172930918e-07,True,True,encoded
3382,RHEA:30243,True,0.0161443283750147,True,True,encoded
3383,RHEA:30271,True,0.3557269895058988,True,True,encoded
3384,RHEA:30275,True,0.7345235713866609,False,False,clipzyme_graph_prereq_failed:unmapped_atoms
3385,RHEA:30279,True,0.2305867994038381,False,False,clipzyme_graph_prereq_failed:unmapped_atoms
3386,RHEA:30283,True,0.5237777155173982,True,True,encoded
3387,RHEA:30291,True,0.7165228474204693,True,True,encoded
3388,RHEA:30299,True,0.3385918349042371,False,False,clipzyme_graph_prereq_failed:reactant_product_map_sets_differ
3389,RHEA:30303,True,6.137627539749965e-05,True,True,encoded
3390,RHEA:30307,True,0.3290786165428087,True,True,encoded
3391,RHEA:30311,True,0.6183371072879698,True,True,encoded
3392,RHEA:30315,True,0.5510229305222257,True,True,encoded
3393,RHEA:30319,True,0.6365077418698776,True,True,encoded
3394,RHEA:30323,True,0.088903001660813,True,True,encoded
3395,RHEA:30327,True,0.1025515540932099,True,True,encoded
3396,RHEA:30331,True,0.0010485834839387,True,True,encoded
3397,RHEA:30339,True,0.838534037162359,True,True,encoded
3398,RHEA:30351,True,0.4457291422751997,True,True,encoded
3399,RHEA:30355,True,0.4289503979130344,True,True,encoded
3400,RHEA:30359,False,,False,False,mapping_unsupported
3401,RHEA:30363,True,0.2242318625147975,True,True,encoded
3402,RHEA:30367,True,0.290385158926721,True,True,encoded
3403,RHEA:30371,True,0.2801359537974733,True,True,encoded
3404,RHEA:30375,True,0.0744321564504822,True,True,encoded
3405,RHEA:30379,True,0.0807512807351027,True,True,encoded
3406,RHEA:30383,True,0.0698527804085574,True,True,encoded
3407,RHEA:30387,True,0.0843884952717583,True,True,encoded
3408,RHEA:30391,True,0.8090456213283935,True,True,encoded
3409,RHEA:30399,True,0.0750095900136106,True,True,encoded
3410,RHEA:30403,True,0.9752038364072786,True,True,encoded
3411,RHEA:30407,True,0.56317629835862,True,True,encoded
3412,RHEA:30411,True,0.3733832378204873,True,True,encoded
3413,RHEA:30423,True,0.0784088844704673,True,True,encoded
3414,RHEA:30427,True,0.0673978910724815,True,True,encoded
3415,RHEA:30431,True,0.0025870078935573,False,False,clipzyme_graph_prereq_failed:unmapped_atoms
3416,RHEA:30435,False,,False,False,mapping_unsupported
3417,RHEA:30439,False,,False,False,mapping_unsupported
3418,RHEA:30443,False,,False,False,mapping_unsupported
3419,RHEA:30447,True,0.6738343360764506,True,True,encoded
3420,RHEA:30451,True,0.109218348001079,True,True,encoded
3421,RHEA:30463,True,0.1515535822095337,True,True,encoded
3422,RHEA:30467,True,0.1291243045183353,True,True,encoded
3423,RHEA:30471,True,0.1224329917279008,True,True,encoded
3424,RHEA:30515,True,0.5634758655867861,True,True,encoded
3425,RHEA:30519,True,0.1030437370395485,True,True,encoded
3426,RHEA:30523,True,0.1662489060340709,True,True,encoded
3427,RHEA:30527,True,0.2622747224292814,True,True,encoded
3428,RHEA:30547,True,0.3178047409855866,True,True,encoded
3429,RHEA:30555,True,0.2200954371841707,True,True,encoded
3430,RHEA:30563,True,0.1258936976006187,True,True,encoded
3431,RHEA:30567,True,0.1811693279839039,True,True,encoded
3432,RHEA:30571,False,,False,False,mapping_unsupported
3433,RHEA:30591,True,0.5650947957325394,True,True,encoded
3434,RHEA:30595,True,0.4206103380354709,True,True,encoded
3435,RHEA:30599,True,0.0500925302331533,False,False,clipzyme_graph_prereq_failed:reactant_product_map_sets_differ
3436,RHEA:30603,True,0.2613054630722304,False,False,clipzyme_graph_prereq_failed:reactant_product_map_sets_differ
3437,RHEA:30607,True,0.1940057080698405,False,False,clipzyme_graph_prereq_failed:reactant_product_map_sets_differ
3438,RHEA:30611,True,0.2382012709739293,False,False,clipzyme_graph_prereq_failed:reactant_product_map_sets_differ
3439,RHEA:30615,True,0.1121223411954604,False,False,clipzyme_graph_prereq_failed:reactant_product_map_sets_differ
3440,RHEA:30619,True,0.0425448932150556,False,False,clipzyme_graph_prereq_failed:reactant_product_map_sets_differ
3441,RHEA:30623,True,0.1511115202921401,False,False,clipzyme_graph_prereq_failed:reactant_product_map_sets_differ
3442,RHEA:30627,True,0.5506455193479914,True,True,encoded
3443,RHEA:30631,True,0.0010505991107966,True,True,encoded
3444,RHEA:30639,True,0.7296524201402218,True,True,encoded
3445,RHEA:30643,True,0.1677038564424243,True,True,encoded
3446,RHEA:30647,True,0.1224153155431249,True,True,encoded
3447,RHEA:30675,True,0.0031009417287263,True,True,encoded
3448,RHEA:30679,True,0.4645193205638716,True,True,encoded
3449,RHEA:30683,True,0.5174015703255282,True,True,encoded
3450,RHEA:30687,True,0.6655620931074672,True,True,encoded
3451,RHEA:30695,True,0.8477179426646366,True,True,encoded
3452,RHEA:30703,True,0.8391016070829419,True,True,encoded
3453,RHEA:30707,True,0.8786133045499985,True,True,encoded
3454,RHEA:30711,True,0.9031620246988108,True,True,encoded
3455,RHEA:30715,True,0.6989691601407024,True,True,encoded
3456,RHEA:30719,True,0.0247599740040615,True,True,encoded
3457,RHEA:30739,True,0.1514436030358421,True,True,encoded
3458,RHEA:30751,True,0.0126314731571819,True,True,encoded
3459,RHEA:30755,True,0.3225403679982538,True,True,encoded
3460,RHEA:30763,True,0.6842183037985745,True,True,encoded
3461,RHEA:30771,True,0.9403204963521568,True,True,encoded
3462,RHEA:30799,True,0.1823589804306381,True,True,encoded
3463,RHEA:30807,True,0.7337554428713426,True,True,encoded
3464,RHEA:30823,True,0.8084305861851632,True,True,encoded
3465,RHEA:30835,True,0.2488151684331136,True,True,encoded
3466,RHEA:30843,True,0.9307101375666572,True,True,encoded
3467,RHEA:30851,True,0.1641327916574328,True,True,encoded
3468,RHEA:30855,True,0.0712485951341032,True,True,encoded
3469,RHEA:30871,True,0.2580194794637097,True,True,encoded
3470,RHEA:30891,True,0.5926580411535255,True,True,encoded
3471,RHEA:30899,True,0.3005188247226028,True,True,encoded
3472,RHEA:30903,True,0.1390729157023704,True,True,encoded
3473,RHEA:30919,True,0.2560674449152839,False,False,clipzyme_graph_prereq_failed:reactant_product_map_sets_differ
3474,RHEA:30923,True,0.7013772868401408,True,True,encoded
3475,RHEA:30927,True,0.8266249310245788,True,True,encoded
3476,RHEA:30931,True,0.8588938026607116,True,True,encoded
3477,RHEA:30947,True,0.0086761642837772,False,False,clipzyme_graph_prereq_failed:rdkit_parse_failed
3478,RHEA:30951,True,0.0684347468643304,True,True,encoded
3479,RHEA:30955,True,0.0077497876255496,True,True,encoded
3480,RHEA:30967,True,0.3206918918145162,True,True,encoded
3481,RHEA:30971,True,0.2348360465442719,True,True,encoded
3482,RHEA:30975,True,0.0010413813269171,False,False,clipzyme_graph_prereq_failed:reactant_product_map_sets_differ
3483,RHEA:30979,True,0.1832134129173862,False,False,clipzyme_graph_prereq_failed:reactant_product_map_sets_differ
3484,RHEA:30983,True,0.914749908890438,True,True,encoded
3485,RHEA:30987,True,0.2132386691771027,True,True,encoded
3486,RHEA:30991,True,0.2499561773300954,True,True,encoded
3487,RHEA:30995,True,0.2916077919104605,True,True,encoded
3488,RHEA:30999,True,0.1100685484030725,True,True,encoded
3489,RHEA:31003,True,0.086547281321317,True,True,encoded
3490,RHEA:31007,True,0.072252838932064,True,True,encoded
3491,RHEA:31011,True,0.3508229466209877,True,True,encoded
3492,RHEA:31019,True,4.437270704423907e-06,False,False,clipzyme_graph_prereq_failed:unmapped_atoms
3493,RHEA:31023,True,0.180047344096787,True,True,encoded
3494,RHEA:31031,True,0.5727558544819733,True,True,encoded
3495,RHEA:31035,True,0.5711249007478759,False,False,clipzyme_graph_prereq_failed:unmapped_atoms
3496,RHEA:31055,True,0.4909005928129708,True,True,encoded
3497,RHEA:31075,True,0.207263066578274,True,True,encoded
3498,RHEA:31079,True,0.3125368459062381,True,True,encoded
3499,RHEA:31087,True,0.0311589412253622,True,True,encoded
3500,RHEA:31091,True,0.0261422953585548,True,True,encoded
3501,RHEA:31111,True,0.0367418272364348,True,True,encoded
3502,RHEA:31115,True,0.1760680713412657,True,True,encoded
3503,RHEA:31119,True,0.36055249064212,True,True,encoded
3504,RHEA:31143,True,0.1912524507904157,True,True,encoded
3505,RHEA:31151,True,0.7418219313518509,True,True,encoded
3506,RHEA:31159,True,0.1195406806172121,True,True,encoded
3507,RHEA:31163,True,0.2037086572329036,True,True,encoded
3508,RHEA:31167,True,0.1493110986279222,True,True,encoded
3509,RHEA:31171,True,0.2211556398711353,True,True,encoded
3510,RHEA:31175,True,0.3010910359498375,True,True,encoded
3511,RHEA:31179,True,0.1916238335151882,True,True,encoded
3512,RHEA:31183,True,0.0435283472770356,True,True,encoded
3513,RHEA:31187,True,0.2134164156752609,True,True,encoded
3514,RHEA:31191,True,0.2837357450353046,True,True,encoded
3515,RHEA:31195,True,0.207986133674663,True,True,encoded
3516,RHEA:31199,True,0.3306068206954836,True,True,encoded
3517,RHEA:31203,True,0.0375639281610921,True,True,encoded
3518,RHEA:31227,False,,False,False,mapping_unsupported
3519,RHEA:31239,True,0.0008778016788491,True,True,encoded
3520,RHEA:31287,True,0.1743938398867816,True,True,encoded
3521,RHEA:31303,True,0.7063225887351418,True,True,encoded
3522,RHEA:31311,True,0.3124778424384329,True,True,encoded
3523,RHEA:31315,True,0.3605152213399158,True,True,encoded
3524,RHEA:31319,True,0.4070009291244418,True,True,encoded
3525,RHEA:31323,True,0.2208641882586102,True,True,encoded
3526,RHEA:31327,True,0.0539464686770181,True,True,encoded
3527,RHEA:31331,True,0.0963801390978242,True,True,encoded
3528,RHEA:31335,True,0.1074181408642389,True,True,encoded
3529,RHEA:31339,True,0.0796537319058393,True,True,encoded
3530,RHEA:31343,True,0.4712240682715675,True,True,encoded
3531,RHEA:31347,True,0.7485890853534081,True,True,encoded
3532,RHEA:31351,True,0.0010992167264002,True,True,encoded
3533,RHEA:31355,True,0.4235689978563561,True,True,encoded
3534,RHEA:31359,True,0.1015452456618028,True,True,encoded
3535,RHEA:31367,True,0.090789650893063,True,True,encoded
3536,RHEA:31371,True,0.7571269894505473,True,True,encoded
3537,RHEA:31375,True,0.7745844512699256,True,True,encoded
3538,RHEA:31379,True,0.8940986846574801,True,True,encoded
3539,RHEA:31383,True,0.136715331714668,True,True,encoded
3540,RHEA:31387,True,0.0076131666097523,True,True,encoded
3541,RHEA:31391,False,,False,False,mapping_unsupported
3542,RHEA:31415,True,0.0523558312007539,True,True,encoded
3543,RHEA:31419,True,0.1816459814181372,False,False,clipzyme_graph_prereq_failed:unmapped_atoms
3544,RHEA:31423,True,0.0990398106652699,True,True,encoded
3545,RHEA:31427,True,0.0760338994851561,True,True,encoded
3546,RHEA:31431,True,0.1078059570484554,True,True,encoded
3547,RHEA:31435,True,0.1013865567713744,True,True,encoded
3548,RHEA:31439,True,0.1648648477919065,False,False,clipzyme_graph_prereq_failed:reactant_product_map_sets_differ
3549,RHEA:31443,True,0.109277357515847,True,True,encoded
3550,RHEA:31451,True,0.232242303782928,True,True,encoded
3551,RHEA:31455,True,0.7236822728812327,True,True,encoded
3552,RHEA:31459,True,0.4492228295477776,True,True,encoded
3553,RHEA:31463,True,0.4378642193987331,True,True,encoded
3554,RHEA:31467,True,0.425844593469751,True,True,encoded
3555,RHEA:31471,True,0.4664107071468557,True,True,encoded
3556,RHEA:31487,True,0.57101828515445,True,True,encoded
3557,RHEA:31491,True,0.2113915054668806,True,True,encoded
3558,RHEA:31495,True,0.5920399245806944,True,True,encoded
3559,RHEA:31499,True,0.40262890623803,True,True,encoded
3560,RHEA:31507,True,0.0313525735407441,True,True,encoded
3561,RHEA:31511,True,0.2244514535617562,True,True,encoded
3562,RHEA:31515,True,0.3242323034226375,True,True,encoded
3563,RHEA:31519,True,0.1648983301085469,True,True,encoded
3564,RHEA:31523,True,0.0594661054406527,True,True,encoded
3565,RHEA:31535,True,0.2472027802178868,True,True,encoded
3566,RHEA:31539,True,0.8801751846789081,True,True,encoded
3567,RHEA:31543,True,0.0444949126985321,True,True,encoded
3568,RHEA:31547,True,0.0025215222929529,True,True,encoded
3569,RHEA:31555,True,0.2387565736684993,True,True,encoded
3570,RHEA:31559,True,0.6743601835415359,True,True,encoded
3571,RHEA:31563,True,0.6689301384713168,True,True,encoded
3572,RHEA:31575,True,0.2465542203422016,True,True,encoded
3573,RHEA:31579,True,0.8979545849899158,True,True,encoded
3574,RHEA:31583,True,0.242861415071528,True,True,encoded
3575,RHEA:31587,True,0.3285519466310594,True,True,encoded
3576,RHEA:31599,True,0.1754513143591108,True,True,encoded
3577,RHEA:31603,True,0.963900306865852,True,True,encoded
3578,RHEA:31607,True,0.2088570774503007,True,True,encoded
3579,RHEA:31611,True,0.1580026220381193,True,True,encoded
3580,RHEA:31619,True,0.7340460637720755,True,True,encoded
3581,RHEA:31623,True,0.7736023320191799,True,True,encoded
3582,RHEA:31627,True,0.5870233380082667,True,True,encoded
3583,RHEA:31631,True,0.4631810302041246,True,True,encoded
3584,RHEA:31635,True,0.6907378146768582,True,True,encoded
3585,RHEA:31639,True,0.5620894531955303,True,True,encoded
3586,RHEA:31643,True,0.6018484128401339,True,True,encoded
3587,RHEA:31647,True,0.4216461989511794,True,True,encoded
3588,RHEA:31663,True,0.7120699710317842,True,True,encoded
3589,RHEA:31671,True,0.1944247783037652,True,True,encoded
3590,RHEA:31675,True,0.3938206192947562,True,True,encoded
3591,RHEA:31679,True,0.5893264850601055,True,True,encoded
3592,RHEA:31683,True,0.8472980470029973,True,True,encoded
3593,RHEA:31687,True,0.6569705838250751,True,True,encoded
3594,RHEA:31695,True,0.5546551626524466,True,True,encoded
3595,RHEA:31699,True,0.1487261183535909,False,False,clipzyme_graph_prereq_failed:unmapped_atoms
3596,RHEA:31711,True,0.0100689057367874,True,True,encoded
3597,RHEA:31715,True,0.2303395927009507,True,True,encoded
3598,RHEA:31719,True,0.1945580214943552,True,True,encoded
3599,RHEA:31723,True,0.3384802978550863,True,True,encoded
3600,RHEA:31727,True,0.3326867152769004,True,True,encoded
3601,RHEA:31731,True,0.3527663630966626,True,True,encoded
3602,RHEA:31735,True,0.1585565546390904,True,True,encoded
3603,RHEA:31739,True,0.7708453165444983,True,True,encoded
3604,RHEA:31743,True,0.8143473944740677,True,True,encoded
3605,RHEA:31747,True,0.0938183455942849,True,True,encoded
3606,RHEA:31755,True,0.2916392697957569,True,True,encoded
3607,RHEA:31759,True,0.1847138410638538,True,True,encoded
3608,RHEA:31763,True,0.8966285566695329,True,True,encoded
3609,RHEA:31767,True,0.7120699710317842,True,True,encoded
3610,RHEA:31771,True,0.7308908018386346,True,True,encoded
3611,RHEA:31775,True,0.4686858389153926,True,True,encoded
3612,RHEA:31779,True,0.7308908018386346,True,True,encoded
3613,RHEA:31783,True,0.1986390279085459,True,True,encoded
3614,RHEA:31787,True,0.1204725565379439,True,True,encoded
3615,RHEA:31791,True,0.1204725565379439,True,True,encoded
3616,RHEA:31795,True,0.7673104552865316,True,True,encoded
3617,RHEA:31799,True,0.998188479479102,True,True,encoded
3618,RHEA:31803,True,0.7934942316101726,True,True,encoded
3619,RHEA:31807,True,0.0524633989485107,True,True,encoded
3620,RHEA:31811,True,0.1154073026423101,True,True,encoded
3621,RHEA:31815,True,0.0816378128622644,True,True,encoded
3622,RHEA:31819,True,0.0260106941342557,False,False,clipzyme_graph_prereq_failed:unmapped_atoms
3623,RHEA:31823,True,0.0589747360368409,True,True,encoded
3624,RHEA:31827,True,0.0113913231229455,False,False,clipzyme_graph_prereq_failed:unmapped_atoms
3625,RHEA:31831,True,0.0219344241133967,False,False,clipzyme_graph_prereq_failed:rdkit_parse_failed
3626,RHEA:31835,True,0.7537015893883494,True,True,encoded
3627,RHEA:31843,True,0.3297262482022288,True,True,encoded
3628,RHEA:31847,True,0.0081063287368823,True,True,encoded
3629,RHEA:31851,True,0.2052563830922903,True,True,encoded
3630,RHEA:31855,True,0.0705414485153545,False,False,clipzyme_graph_prereq_failed:unmapped_atoms
3631,RHEA:31859,True,0.0057279017720835,True,True,encoded
3632,RHEA:31863,True,0.0054384360787099,False,False,clipzyme_graph_prereq_failed:unmapped_atoms
3633,RHEA:31867,True,0.1358910326744323,True,True,encoded
3634,RHEA:31871,True,0.047787781574073,True,True,encoded
3635,RHEA:31875,True,0.3072210961687305,True,True,encoded
3636,RHEA:31879,True,0.0165739774413987,True,True,encoded
3637,RHEA:31883,True,0.0555361954392793,True,True,encoded
3638,RHEA:31887,True,0.0845089096256521,True,True,encoded
3639,RHEA:31895,True,0.052085364946777,True,True,encoded
3640,RHEA:31899,True,0.3491438444141492,True,True,encoded
3641,RHEA:31907,True,0.768586264037836,True,True,encoded
3642,RHEA:31911,True,0.2167710483464793,True,True,encoded
3643,RHEA:31915,True,0.2069375135752698,True,True,encoded
3644,RHEA:31919,True,0.3558646622300793,True,True,encoded
3645,RHEA:31927,True,0.2694605247886021,True,True,encoded
3646,RHEA:31943,True,0.204519125756537,True,True,encoded
3647,RHEA:31951,True,8.209444201904406e-05,True,True,encoded
3648,RHEA:31967,True,0.1801942640766488,True,True,encoded
3649,RHEA:31971,True,0.230213850103865,True,True,encoded
3650,RHEA:31975,True,0.2208576761808112,True,True,encoded
3651,RHEA:31979,True,0.1758299815355929,True,True,encoded
3652,RHEA:31987,True,0.0490922345598936,True,True,encoded
3653,RHEA:31991,True,0.0862600626032198,True,True,encoded
3654,RHEA:31995,True,0.1026109328161294,True,True,encoded
3655,RHEA:31999,True,0.06425208203899,True,True,encoded
3656,RHEA:32003,True,0.1708803202846461,False,False,clipzyme_graph_prereq_failed:unmapped_atoms
3657,RHEA:32011,True,0.0874451652399678,True,True,encoded
3658,RHEA:32015,True,0.0225513711895029,True,True,encoded
3659,RHEA:32019,True,0.07436184445109,True,True,encoded
3660,RHEA:32023,True,0.0959044682872241,True,True,encoded
3661,RHEA:32027,True,0.0997841562912876,True,True,encoded
3662,RHEA:32031,True,0.1237952327941186,True,True,encoded
3663,RHEA:32035,True,0.869825001648008,True,True,encoded
3664,RHEA:32039,True,0.3549523055978335,True,True,encoded
3665,RHEA:32043,True,0.2153327671850183,True,True,encoded
3666,RHEA:32047,True,0.2048237510134598,True,True,encoded
3667,RHEA:32051,True,0.2642266761872454,True,True,encoded
3668,RHEA:32059,True,0.8333467234945751,True,True,encoded
3669,RHEA:32063,True,0.3567742440017158,True,True,encoded
3670,RHEA:32067,True,0.736648956604538,True,True,encoded
3671,RHEA:32075,True,0.0486649591418572,False,False,clipzyme_graph_prereq_failed:unmapped_atoms
3672,RHEA:32083,True,0.0897255949670687,True,True,encoded
3673,RHEA:32091,True,0.5320909143184123,True,True,encoded
3674,RHEA:32095,True,0.1483882918606907,True,True,encoded
3675,RHEA:32099,True,0.8349556109525592,True,True,encoded
3676,RHEA:32103,True,0.0762503845419767,True,True,encoded
3677,RHEA:32111,True,0.5654573413020813,True,True,encoded
3678,RHEA:32115,True,0.3837754814084488,True,True,encoded
3679,RHEA:32119,True,0.234212628675926,True,True,encoded
3680,RHEA:32123,True,0.8597554975680824,True,True,encoded
3681,RHEA:32127,True,0.4767095801710072,True,True,encoded
3682,RHEA:32131,True,0.2608131015460248,True,True,encoded
3683,RHEA:32139,True,0.0181577480418032,True,True,encoded
3684,RHEA:32151,True,0.1523538942753663,True,True,encoded
3685,RHEA:32155,True,0.5186050535437868,True,True,encoded
3686,RHEA:32159,True,0.4856120606953468,False,False,clipzyme_graph_prereq_failed:unmapped_atoms
3687,RHEA:32163,True,0.0603493002595894,True,True,encoded
3688,RHEA:32167,True,0.085580658817208,True,True,encoded
3689,RHEA:32171,True,0.050028541759244,True,True,encoded
3690,RHEA:32175,True,0.2356218125427383,True,True,encoded
3691,RHEA:32183,True,0.3968202170259642,True,True,encoded
3692,RHEA:32187,True,0.7429334573820401,True,True,encoded
3693,RHEA:32199,True,0.2388640361466964,True,True,encoded
3694,RHEA:32215,True,0.8119811843065844,True,True,encoded
3695,RHEA:32219,True,0.2118869161239013,True,True,encoded
3696,RHEA:32223,True,0.2371866780244416,True,True,encoded
3697,RHEA:32227,True,0.4506088665943771,True,True,encoded
3698,RHEA:32231,True,0.0926538668418347,True,True,encoded
3699,RHEA:32235,True,0.1093011392389209,True,True,encoded
3700,RHEA:32239,True,0.2764068242184368,True,True,encoded
3701,RHEA:32243,True,0.3050807456455305,True,True,encoded
3702,RHEA:32259,True,0.3604773256525862,True,True,encoded
3703,RHEA:32263,True,0.8995615632495848,True,True,encoded
3704,RHEA:32267,True,0.8651518222817041,True,True,encoded
3705,RHEA:32271,True,0.5966669017103369,True,True,encoded
3706,RHEA:32275,True,0.3096748730076145,True,True,encoded
3707,RHEA:32287,True,0.7742773901217718,True,True,encoded
3708,RHEA:32295,True,0.1417765601166415,False,False,clipzyme_graph_prereq_failed:unmapped_atoms
3709,RHEA:32299,True,0.2373496454974284,False,False,clipzyme_graph_prereq_failed:unmapped_atoms
3710,RHEA:32303,True,0.8088842733341365,True,True,encoded
3711,RHEA:32307,True,0.3786041567702958,True,True,encoded
3712,RHEA:32311,True,0.0113660159163218,True,True,encoded
3713,RHEA:32323,True,6.795282891367079e-05,True,True,encoded
3714,RHEA:32327,True,0.7755426072329998,False,False,clipzyme_graph_prereq_failed:unmapped_atoms
3715,RHEA:32347,True,0.1792018203603553,True,True,encoded
3716,RHEA:32351,True,0.0201037072423991,True,True,encoded
3717,RHEA:32359,True,0.0008968322376208,True,True,encoded
3718,RHEA:32363,True,0.5082803666728692,True,True,encoded
3719,RHEA:32367,True,0.0509362209384104,True,True,encoded
3720,RHEA:32371,True,0.1143665118485262,True,True,encoded
3721,RHEA:32431,True,0.2566148720936184,True,True,encoded
3722,RHEA:32439,True,0.6006160193226537,False,False,clipzyme_graph_prereq_failed:unmapped_atoms
3723,RHEA:32443,True,0.0009674568591036,True,True,encoded
3724,RHEA:32455,True,0.01409369294644,True,True,encoded
3725,RHEA:32459,True,0.0016524906709589,True,True,encoded
3726,RHEA:32463,True,0.243212368524973,True,True,encoded
3727,RHEA:32467,True,0.2357316159017344,True,True,encoded
3728,RHEA:32479,True,0.0166904936100297,True,True,encoded
3729,RHEA:32483,True,0.9017428723137124,True,True,encoded
3730,RHEA:32487,True,0.284968698352071,True,True,encoded
3731,RHEA:32491,True,0.1035394444406986,True,True,encoded
3732,RHEA:32495,True,0.237842109858383,True,True,encoded
3733,RHEA:32507,True,0.9955258256793164,True,True,encoded
3734,RHEA:32519,True,0.3286424893172389,True,True,encoded
3735,RHEA:32523,True,0.0937776418381636,True,True,encoded
3736,RHEA:32527,True,0.1089543645647289,True,True,encoded
3737,RHEA:32531,True,0.0991462998126346,True,True,encoded
3738,RHEA:32535,True,0.898147578665232,True,True,encoded
3739,RHEA:32539,True,0.1087237842394281,False,False,clipzyme_graph_prereq_failed:unmapped_atoms
3740,RHEA:32543,True,0.1003847289136298,True,True,encoded
3741,RHEA:32547,True,0.1326515136807997,True,True,encoded
3742,RHEA:32551,True,0.1603632062724739,False,False,clipzyme_graph_prereq_failed:rdkit_parse_failed
3743,RHEA:32555,True,0.0496191684575188,False,False,clipzyme_graph_prereq_failed:unmapped_atoms
3744,RHEA:32559,True,0.1422843498296349,True,True,encoded
3745,RHEA:32563,True,0.2749166951461833,False,False,clipzyme_graph_prereq_failed:reactant_product_map_sets_differ
3746,RHEA:32567,True,0.3117611547067774,False,False,clipzyme_graph_prereq_failed:unmapped_atoms
3747,RHEA:32571,True,0.116278110602278,True,True,encoded
3748,RHEA:32575,True,0.1657396604439311,True,True,encoded
3749,RHEA:32579,True,0.1242183322035768,True,True,encoded
3750,RHEA:32595,True,0.719912152785567,True,True,encoded
3751,RHEA:32619,True,0.444703290353479,True,True,encoded
3752,RHEA:32623,True,0.0590237967753353,True,True,encoded
3753,RHEA:32627,True,0.060487068802851,True,True,encoded
3754,RHEA:32631,True,0.1340649188991447,True,True,encoded
3755,RHEA:32635,True,0.0104493514164239,True,True,encoded
3756,RHEA:32643,True,0.5022116132855778,True,True,encoded
3757,RHEA:32647,True,0.5048124672304206,True,True,encoded
3758,RHEA:32651,True,0.4426037009918931,True,True,encoded
3759,RHEA:32655,True,0.4569150638345355,True,True,encoded
3760,RHEA:32659,True,0.0645505222969775,True,True,encoded
3761,RHEA:32663,True,0.6079429260155165,True,True,encoded
3762,RHEA:32667,True,0.4043058056221127,True,True,encoded
3763,RHEA:32671,True,0.2137622478429933,True,True,encoded
3764,RHEA:32675,True,0.4541334254536912,True,True,encoded
3765,RHEA:32679,True,0.2430747104053293,True,True,encoded
3766,RHEA:32683,True,0.0093435954886046,True,True,encoded
3767,RHEA:32687,True,0.1277578916481781,True,True,encoded
3768,RHEA:32691,True,0.1120192556062501,False,False,clipzyme_graph_prereq_failed:reactant_product_map_sets_differ
3769,RHEA:32699,True,0.109598498111466,True,True,encoded
3770,RHEA:32703,True,0.1802591221198365,True,True,encoded
3771,RHEA:32711,True,0.1167369423928918,True,True,encoded
3772,RHEA:32715,True,0.6152007775047114,True,True,encoded
3773,RHEA:32719,True,0.0111967678303634,True,True,encoded
3774,RHEA:32723,True,0.0047250603992024,True,True,encoded
3775,RHEA:32727,True,0.0318956176260735,True,True,encoded
3776,RHEA:32731,True,0.9472503250028428,False,False,clipzyme_graph_prereq_failed:reactant_product_map_sets_differ
3777,RHEA:32735,True,0.8364711080530127,True,True,encoded
3778,RHEA:32739,True,0.5907997432230895,True,True,encoded
3779,RHEA:32743,True,0.9115175396063372,True,True,encoded
3780,RHEA:32759,True,0.8721154818586481,True,True,encoded
3781,RHEA:32763,True,0.2723835625281471,True,True,encoded
3782,RHEA:32767,True,0.8432775636037694,True,True,encoded
3783,RHEA:32779,True,0.34099546707179,True,True,encoded
3784,RHEA:32783,True,0.1575608544168966,True,True,encoded
3785,RHEA:32859,True,0.3443141437367236,True,True,encoded
3786,RHEA:32879,True,0.6632914489996954,True,True,encoded
3787,RHEA:32883,True,0.4809834007354502,True,True,encoded
3788,RHEA:32887,True,0.1439930668816941,True,True,encoded
3789,RHEA:32895,True,0.176364035274954,True,True,encoded
3790,RHEA:32899,True,0.176364035274954,True,True,encoded
3791,RHEA:32903,True,0.1730354964430405,True,True,encoded
3792,RHEA:32907,True,0.270205443217273,True,True,encoded
3793,RHEA:32919,True,0.9864422639348054,True,True,encoded
3794,RHEA:32927,True,0.8271752239722178,True,True,encoded
3795,RHEA:32931,True,0.111059684350912,True,True,encoded
3796,RHEA:32935,True,0.6009252167304924,True,True,encoded
3797,RHEA:32939,True,0.1874641169932584,True,True,encoded
3798,RHEA:32943,True,0.3455118814508684,True,True,encoded
3799,RHEA:32947,True,0.2297888616350746,True,True,encoded
3800,RHEA:32955,True,0.2014290630370137,True,True,encoded
3801,RHEA:32963,True,0.9314947224140044,True,True,encoded
3802,RHEA:32967,True,0.754761152585366,True,True,encoded
3803,RHEA:32975,True,0.3401124048417471,True,True,encoded
3804,RHEA:32979,True,0.8405953396927679,True,True,encoded
3805,RHEA:32983,True,0.3053970724796712,True,True,encoded
3806,RHEA:32987,True,0.6955978439111538,True,True,encoded
3807,RHEA:32995,True,0.2400754378218103,True,True,encoded
3808,RHEA:32999,True,6.33925361811197e-05,True,True,encoded
3809,RHEA:33015,True,0.0434762105207506,True,True,encoded
3810,RHEA:33019,True,0.2431372904498723,True,True,encoded
3811,RHEA:33023,True,0.3300991246598664,True,True,encoded
3812,RHEA:33027,True,0.0006561620404117,True,True,encoded
3813,RHEA:33031,True,0.6124051256523225,True,True,encoded
3814,RHEA:33035,True,0.0003959638473611,True,True,encoded
3815,RHEA:33039,True,0.0004040532512248,True,True,encoded
3816,RHEA:33051,True,0.3736899024476315,True,True,encoded
3817,RHEA:33063,True,0.3017726693490105,True,True,encoded
3818,RHEA:33067,True,0.4095870212202801,True,True,encoded
3819,RHEA:33071,True,0.115333880293649,True,True,encoded
3820,RHEA:33075,True,0.6860082439173228,True,True,encoded
3821,RHEA:33079,True,0.8462605465875247,True,True,encoded
3822,RHEA:33083,True,0.7927279716908889,True,True,encoded
3823,RHEA:33099,True,0.1666271167039665,True,True,encoded
3824,RHEA:33103,True,0.0434391419747414,True,True,encoded
3825,RHEA:33107,True,0.0608162228645509,True,True,encoded
3826,RHEA:33111,True,0.0109026633631693,True,True,encoded
3827,RHEA:33119,True,0.0457238124040601,True,True,encoded
3828,RHEA:33123,True,0.0531910622227282,True,True,encoded
3829,RHEA:33147,True,0.2932780418244549,True,True,encoded
3830,RHEA:33155,True,0.4471336924440978,True,True,encoded
3831,RHEA:33159,True,0.8715233034498449,True,True,encoded
3832,RHEA:33179,True,0.1549523393058805,True,True,encoded
3833,RHEA:33187,True,0.0246533358980057,True,True,encoded
3834,RHEA:33191,True,0.1505011215110926,True,True,encoded
3835,RHEA:33195,True,0.1128820070754628,True,True,encoded
3836,RHEA:33199,True,0.8227425022555764,True,True,encoded
3837,RHEA:33203,True,0.147483918078137,True,True,encoded
3838,RHEA:33219,True,2.704912102122681e-05,True,True,encoded
3839,RHEA:33227,True,0.7556114559387915,True,True,encoded
3840,RHEA:33235,False,,False,False,mapping_unsupported
3841,RHEA:33263,True,0.0089240684195598,True,True,encoded
3842,RHEA:33275,True,0.7737877272477782,True,True,encoded
3843,RHEA:33279,True,0.0110418550161,True,True,encoded
3844,RHEA:33291,True,0.0039028339410816,True,True,encoded
3845,RHEA:33295,True,0.0089706920744528,True,True,encoded
3846,RHEA:33299,True,0.6519681507700722,True,True,encoded
3847,RHEA:33307,True,0.3750655945208551,True,True,encoded
3848,RHEA:33315,True,0.0596993444488343,True,True,encoded
3849,RHEA:33335,True,0.2095390157144659,True,True,encoded
3850,RHEA:33339,True,0.0102538766578074,True,True,encoded
3851,RHEA:33351,True,0.0071448018895551,True,True,encoded
3852,RHEA:33359,True,0.0743731560614421,True,True,encoded
3853,RHEA:33363,True,0.4306509189612129,True,True,encoded
3854,RHEA:33367,True,0.444877671693461,True,True,encoded
3855,RHEA:33371,True,0.3181313378542944,True,True,encoded
3856,RHEA:33375,True,0.2260567779777717,True,True,encoded
3857,RHEA:33383,True,0.6652392196774859,True,True,encoded
3858,RHEA:33387,True,0.66624374112,True,True,encoded
3859,RHEA:33399,True,0.3865244324015326,True,True,encoded
3860,RHEA:33411,True,0.8661113125688344,True,True,encoded
3861,RHEA:33415,True,0.7448822311652854,True,True,encoded
3862,RHEA:33423,True,0.4014357284657913,True,True,encoded
3863,RHEA:33431,True,0.8907744443999204,True,True,encoded
3864,RHEA:33435,True,0.8299069645377829,True,True,encoded
3865,RHEA:33439,True,0.2742796236652233,True,True,encoded
3866,RHEA:33447,True,0.1913854636151254,True,True,encoded
3867,RHEA:33455,True,0.1840931746058069,True,True,encoded
3868,RHEA:33459,True,0.3217023316159879,True,True,encoded
3869,RHEA:33467,True,0.1820776103582583,True,True,encoded
3870,RHEA:33475,True,0.5807754882212055,True,True,encoded
3871,RHEA:33479,True,0.1433375838409747,True,True,encoded
3872,RHEA:33483,True,0.1824310618575454,True,True,encoded
3873,RHEA:33495,True,0.0370811189654943,True,True,encoded
3874,RHEA:33499,True,0.7668605866982433,True,True,encoded
3875,RHEA:33507,True,0.2455868580594403,True,True,encoded
3876,RHEA:33519,True,0.2661226786857585,True,True,encoded
3877,RHEA:33551,True,0.7863071734148399,True,True,encoded
3878,RHEA:33555,True,0.8375239028903045,True,True,encoded
3879,RHEA:33559,True,0.088802463223431,True,True,encoded
3880,RHEA:33563,True,0.2233592671300288,True,True,encoded
3881,RHEA:33567,True,0.9989567671965682,False,False,clipzyme_graph_prereq_failed:reactant_product_map_sets_differ
3882,RHEA:33571,True,1.0,False,False,clipzyme_graph_prereq_failed:reactant_product_map_sets_differ
3883,RHEA:33579,True,0.4483945328653871,True,True,encoded
3884,RHEA:33583,True,0.586226115645821,True,True,encoded
3885,RHEA:33587,True,0.1400303891884751,True,True,encoded
3886,RHEA:33591,True,0.013438280012585,True,True,encoded
3887,RHEA:33595,True,0.0106523368369337,True,True,encoded
3888,RHEA:33607,True,0.0192583146255443,True,True,encoded
3889,RHEA:33611,True,0.9770823633594192,True,True,encoded
3890,RHEA:33615,True,0.013140200613041,True,True,encoded
3891,RHEA:33619,True,0.0156315491571208,True,True,encoded
3892,RHEA:33623,True,0.0224822993663476,True,True,encoded
3893,RHEA:33627,True,0.0228249883423468,True,True,encoded
3894,RHEA:33631,True,0.0212963721512198,True,True,encoded
3895,RHEA:33639,True,0.0074768787343839,True,True,encoded
3896,RHEA:33643,True,0.0177231168917069,True,True,encoded
3897,RHEA:33647,True,0.0184799438879176,True,True,encoded
3898,RHEA:33651,True,0.0204641938739575,True,True,encoded
3899,RHEA:33655,True,0.8119085255385059,True,True,encoded
3900,RHEA:33663,True,0.0940179722806656,True,True,encoded
3901,RHEA:33683,True,0.0614076521162787,True,True,encoded
3902,RHEA:33687,True,0.2402863687936295,True,True,encoded
3903,RHEA:33707,True,0.3409581879202072,True,True,encoded
3904,RHEA:33711,True,0.4392089711867356,True,True,encoded
3905,RHEA:33731,True,0.1998670017895772,True,True,encoded
3906,RHEA:33739,True,0.2873975210538598,True,True,encoded
3907,RHEA:33743,True,0.4631328632814489,True,True,encoded
3908,RHEA:33747,True,0.317462686009033,True,True,encoded
3909,RHEA:33751,True,0.5521770114657671,True,True,encoded
3910,RHEA:33755,True,0.5334960188379556,True,True,encoded
3911,RHEA:33763,True,0.0995577610925946,True,True,encoded
3912,RHEA:33771,True,0.4773568096436534,True,True,encoded
3913,RHEA:33775,True,0.3637094153027193,True,True,encoded
3914,RHEA:33807,True,0.6998686246749255,True,True,encoded
3915,RHEA:33815,True,0.0189504464181056,True,True,encoded
3916,RHEA:33819,True,0.8495786059116333,True,True,encoded
3917,RHEA:33839,True,0.1006295377298822,True,True,encoded
3918,RHEA:33859,True,0.6170449775350584,True,True,encoded
3919,RHEA:33867,True,0.9061878420536577,True,True,encoded
3920,RHEA:33875,True,0.5006160550315367,True,True,encoded
3921,RHEA:33879,True,0.4518743064633936,True,True,encoded
3922,RHEA:33883,True,0.7795959371372934,True,True,encoded
3923,RHEA:33887,True,0.0356940376262532,True,True,encoded
3924,RHEA:33891,True,0.8325834161768328,True,True,encoded
3925,RHEA:33895,True,0.0645914702496926,True,True,encoded
3926,RHEA:33899,True,0.0545693649143575,True,True,encoded
3927,RHEA:33907,True,0.554216549504056,True,True,encoded
3928,RHEA:33915,True,0.5127065486020558,True,True,encoded
3929,RHEA:33919,True,0.2066633062543638,True,True,encoded
3930,RHEA:33927,True,0.1195162396748543,True,True,encoded
3931,RHEA:33931,True,0.1585359448820536,True,True,encoded
3932,RHEA:33947,True,0.3818746990293363,True,True,encoded
3933,RHEA:33951,True,0.2953600409823941,True,True,encoded
3934,RHEA:33955,True,0.8215988583861857,True,True,encoded
3935,RHEA:33959,True,0.3135409757889086,True,True,encoded
3936,RHEA:33963,True,0.1699549760808201,True,True,encoded
3937,RHEA:33967,True,0.9103395913177612,True,True,encoded
3938,RHEA:33971,True,0.4748390428685553,True,True,encoded
3939,RHEA:33975,True,0.9363957573310632,True,True,encoded
3940,RHEA:33979,True,0.9251466818720928,True,True,encoded
3941,RHEA:33983,True,0.1726890123870597,False,False,clipzyme_graph_prereq_failed:unmapped_atoms
3942,RHEA:33987,True,0.1651942481323192,False,False,clipzyme_graph_prereq_failed:unmapped_atoms
3943,RHEA:33991,True,0.0246210912252858,True,True,encoded
3944,RHEA:33995,True,0.7824242540706106,True,True,encoded
3945,RHEA:33999,True,0.6934632381673409,True,True,encoded
3946,RHEA:34019,True,0.9568414265246188,True,True,encoded
3947,RHEA:34023,True,0.3217340842648797,True,True,encoded
3948,RHEA:34027,True,0.2173060868847163,True,True,encoded
3949,RHEA:34031,True,0.907345365093462,True,True,encoded
3950,RHEA:34035,True,0.7368349212103149,True,True,encoded
3951,RHEA:34039,True,0.7662042121616159,True,True,encoded
3952,RHEA:34043,True,0.1052945832732873,True,True,encoded
3953,RHEA:34047,True,0.6393161751254826,True,True,encoded
3954,RHEA:34051,True,0.3010045460882978,True,True,encoded
3955,RHEA:34055,True,0.8272241193732947,True,True,encoded
3956,RHEA:34059,True,0.4507631088436516,True,True,encoded
3957,RHEA:34063,True,0.7229767152076129,True,True,encoded
3958,RHEA:34067,True,0.0083296453499922,True,True,encoded
3959,RHEA:34071,True,0.0491232302262339,True,True,encoded
3960,RHEA:34075,True,0.096189703891986,True,True,encoded
3961,RHEA:34091,True,0.4326293248498328,True,True,encoded
3962,RHEA:34095,True,0.5420641556489427,True,True,encoded
3963,RHEA:34099,True,0.5909539715527973,True,True,encoded
3964,RHEA:34103,True,0.086717884661536,True,True,encoded
3965,RHEA:34111,True,0.3225097835727502,True,True,encoded
3966,RHEA:34115,True,0.3104841411564797,True,True,encoded
3967,RHEA:34119,False,,False,False,mapping_unsupported
3968,RHEA:34123,True,0.2206000037261165,True,True,encoded
3969,RHEA:34127,True,0.1869165573457593,True,True,encoded
3970,RHEA:34135,True,0.3422642093530633,True,True,encoded
3971,RHEA:34147,True,0.8333646586938237,True,True,encoded
3972,RHEA:34151,True,0.8938192311165571,True,True,encoded
3973,RHEA:34155,True,0.1147885387158413,True,True,encoded
3974,RHEA:34159,True,0.1147885387158413,True,True,encoded
3975,RHEA:34163,True,0.2676474862350534,True,True,encoded
3976,RHEA:34167,True,0.7306605838048739,True,True,encoded
3977,RHEA:34171,True,0.8360382878042975,True,True,encoded
3978,RHEA:34175,True,0.0212817882003732,True,True,encoded
3979,RHEA:34179,True,0.8557575274669461,True,True,encoded
3980,RHEA:34183,True,0.0115966072875652,True,True,encoded
3981,RHEA:34187,True,0.6617367248422454,True,True,encoded
3982,RHEA:34191,True,0.6423471715097232,True,True,encoded
3983,RHEA:34195,True,0.1982394150242537,True,True,encoded
3984,RHEA:34199,True,0.6646550859630331,True,True,encoded
3985,RHEA:34203,True,0.5919820213269652,True,True,encoded
3986,RHEA:34207,True,0.1466962608793398,True,True,encoded
3987,RHEA:34211,True,0.4149014918191558,True,True,encoded
3988,RHEA:34215,True,0.4475197155781591,True,True,encoded
3989,RHEA:34219,True,0.7256262552770314,True,True,encoded
3990,RHEA:34223,True,0.9975928157250068,False,False,clipzyme_graph_prereq_failed:reactant_product_map_sets_differ
3991,RHEA:34227,True,0.4879852084545504,True,True,encoded
3992,RHEA:34239,True,0.8991577725237123,True,True,encoded
3993,RHEA:34243,True,0.0811168031269285,True,True,encoded
3994,RHEA:34255,True,0.0351118501394605,True,True,encoded
3995,RHEA:34259,True,0.6227536925565256,False,False,clipzyme_graph_prereq_failed:unmapped_atoms
3996,RHEA:34263,True,0.1884253363390169,True,True,encoded
3997,RHEA:34267,True,0.3518603626104818,True,True,encoded
3998,RHEA:34271,True,0.8546574076198648,True,True,encoded
3999,RHEA:34275,True,0.901596781218588,True,True,encoded
4000,RHEA:34287,True,0.1580264562501759,True,True,encoded
4001,RHEA:34291,True,0.7217499506224776,True,True,encoded
4002,RHEA:34295,True,0.7154804889019611,True,True,encoded
4003,RHEA:34299,True,0.7453392746141237,True,True,encoded
4004,RHEA:34303,True,0.929762562529186,True,True,encoded
4005,RHEA:34307,True,0.1592154232871333,True,True,encoded
4006,RHEA:34311,True,0.3590935582889845,True,True,encoded
4007,RHEA:34327,True,0.1927407827504469,True,True,encoded
4008,RHEA:34331,True,0.1853068055684007,True,True,encoded
4009,RHEA:34335,True,0.1872266742769968,True,True,encoded
4010,RHEA:34339,True,0.2044876429750148,True,True,encoded
4011,RHEA:34343,True,0.1149384517635175,True,True,encoded
4012,RHEA:34347,True,0.6043945372577983,True,True,encoded
4013,RHEA:34351,True,0.5317422864365061,True,True,encoded
4014,RHEA:34363,True,0.0996515657507318,True,True,encoded
4015,RHEA:34371,True,0.99297379325787,True,True,encoded
4016,RHEA:34379,False,,False,False,mapping_unsupported
4017,RHEA:34391,False,,False,False,mapping_unsupported
4018,RHEA:34395,True,0.8727659477015326,True,True,encoded
4019,RHEA:34399,True,0.1853140598073583,True,True,encoded
4020,RHEA:34403,True,0.0593577818300955,True,True,encoded
4021,RHEA:34407,True,0.000500814244135,True,True,encoded
4022,RHEA:34411,True,0.4643524145822022,True,True,encoded
4023,RHEA:34415,True,0.1849139924973928,True,True,encoded
4024,RHEA:34419,True,0.4180351865844046,True,True,encoded
4025,RHEA:34423,True,0.364095121221767,True,True,encoded
4026,RHEA:34427,True,0.4180351865844046,True,True,encoded
4027,RHEA:34431,True,0.364095121221767,True,True,encoded
4028,RHEA:34435,True,0.6606007570086173,True,True,encoded
4029,RHEA:34443,True,0.1531660588142124,True,True,encoded
4030,RHEA:34447,True,0.5036844228408759,True,True,encoded
4031,RHEA:34451,True,0.8572725329113573,True,True,encoded
4032,RHEA:34455,True,0.3280476626021554,True,True,encoded
4033,RHEA:34459,True,0.2140860673101959,True,True,encoded
4034,RHEA:34463,True,0.1633495680228582,True,True,encoded
4035,RHEA:34467,True,0.0528763307384614,True,True,encoded
4036,RHEA:34471,True,0.1727763794530976,True,True,encoded
4037,RHEA:34475,True,0.0017365696584876,True,True,encoded
4038,RHEA:34483,True,0.0161254170852819,True,True,encoded
4039,RHEA:34487,True,0.0559627697345087,True,True,encoded
4040,RHEA:34491,True,0.7934943386733782,True,True,encoded
4041,RHEA:34495,True,0.6194901508761671,True,True,encoded
4042,RHEA:34499,True,0.1693108310921899,True,True,encoded
4043,RHEA:34503,True,0.1843425542966319,True,True,encoded
4044,RHEA:34507,True,0.4631810302041246,True,True,encoded
4045,RHEA:34511,True,0.0779776475628731,True,True,encoded
4046,RHEA:34515,True,0.0260503629445831,True,True,encoded
4047,RHEA:34519,False,,False,False,mapping_unsupported
4048,RHEA:34523,False,,False,False,mapping_unsupported
4049,RHEA:34531,True,0.1531660588142124,True,True,encoded
4050,RHEA:34539,True,0.5061521230872215,True,True,encoded
4051,RHEA:34543,True,0.0015854235043075,True,True,encoded
4052,RHEA:34555,True,0.7716048611772457,True,True,encoded
4053,RHEA:34559,True,0.6759265824515865,True,True,encoded
4054,RHEA:34563,True,0.2662285120667378,True,True,encoded
4055,RHEA:34567,True,0.2662285120667378,True,True,encoded
4056,RHEA:34571,True,0.0159677474232526,True,True,encoded
4057,RHEA:34575,True,0.2452280532712467,True,True,encoded
4058,RHEA:34579,True,0.0058057900511464,True,True,encoded
4059,RHEA:34591,True,0.2042790523154607,True,True,encoded
4060,RHEA:34603,True,0.1853534886872459,True,True,encoded
4061,RHEA:34607,True,0.2308419912770783,True,True,encoded
4062,RHEA:34611,True,0.518579493353706,True,True,encoded
4063,RHEA:34615,True,0.3280529648760715,True,True,encoded
4064,RHEA:34619,True,0.2134803425961847,True,True,encoded
4065,RHEA:34627,True,0.1589713966135329,True,True,encoded
4066,RHEA:34631,True,8.33322552458244e-06,True,True,encoded
4067,RHEA:34635,True,0.2495160602059357,True,True,encoded
4068,RHEA:34639,True,0.2858775220891293,True,True,encoded
4069,RHEA:34643,True,0.0758481309333667,True,True,encoded
4070,RHEA:34655,True,0.1392556500999312,True,True,encoded
4071,RHEA:34675,True,0.0897256272987297,True,True,encoded
4072,RHEA:34679,True,0.3581345823521737,True,True,encoded
4073,RHEA:34683,True,0.1576564383473127,True,True,encoded
4074,RHEA:34691,True,0.1881636401112963,True,True,encoded
4075,RHEA:34695,True,0.0537726394894453,True,True,encoded
4076,RHEA:34699,True,0.0299372612397479,True,True,encoded
4077,RHEA:34703,True,0.0927045469145808,True,True,encoded
4078,RHEA:34707,True,0.2411939933996687,False,False,clipzyme_graph_prereq_failed:unmapped_atoms
4079,RHEA:34719,True,0.3640057869952566,True,True,encoded
4080,RHEA:34735,True,0.2147009138070413,True,True,encoded
4081,RHEA:34739,True,0.2861853336379242,True,True,encoded
4082,RHEA:34743,True,0.324440981121764,True,True,encoded
4083,RHEA:34759,True,0.072070955779513,True,True,encoded
4084,RHEA:34767,True,0.871735910069775,True,True,encoded
4085,RHEA:34771,True,0.2782505270913029,True,True,encoded
4086,RHEA:34775,True,0.5146981433820544,True,True,encoded
4087,RHEA:34779,True,0.8091994629120334,True,True,encoded
4088,RHEA:34783,True,0.4373128093779974,True,True,encoded
4089,RHEA:34787,True,0.4373128093779974,True,True,encoded
4090,RHEA:34791,True,0.3989118830730068,True,True,encoded
4091,RHEA:34795,True,0.3398532885065801,True,True,encoded
4092,RHEA:34799,True,0.0241311602256254,True,True,encoded
4093,RHEA:34803,False,,False,False,mapping_unsupported
4094,RHEA:34807,True,0.2869472711787865,True,True,encoded
4095,RHEA:34811,True,0.4053129951060882,True,True,encoded
4096,RHEA:34815,True,0.0196513167092996,True,True,encoded
4097,RHEA:34819,True,0.3764488004774057,True,True,encoded
4098,RHEA:34823,True,0.0084170899601176,True,True,encoded
4099,RHEA:34839,False,,False,False,mapping_unsupported
4100,RHEA:34847,True,0.4763198379144425,True,True,encoded
4101,RHEA:34851,True,0.2050606054674855,True,True,encoded
4102,RHEA:34935,True,0.0447892306035651,True,True,encoded
4103,RHEA:34947,True,0.9745790919563004,True,True,encoded
4104,RHEA:35027,True,0.0750089131252664,True,True,encoded
4105,RHEA:35047,True,0.111402099457979,True,True,encoded
4106,RHEA:35055,True,0.5210607558115438,True,True,encoded
4107,RHEA:35063,True,0.9943324355987776,True,True,encoded
4108,RHEA:35083,True,0.2602906339544551,True,True,encoded
4109,RHEA:35091,True,0.0003234192604924,True,True,encoded
4110,RHEA:35095,True,0.4730583433377479,True,True,encoded
4111,RHEA:35111,True,0.3306497290389179,True,True,encoded
4112,RHEA:35115,True,0.0245746965259947,True,True,encoded
4113,RHEA:35119,True,0.0140121025715175,True,True,encoded
4114,RHEA:35139,True,0.0228695947371667,True,True,encoded
4115,RHEA:35143,False,,False,False,mapping_unsupported
4116,RHEA:35179,False,,False,False,mapping_unsupported
4117,RHEA:35191,True,0.6759134255040626,True,True,encoded
4118,RHEA:35207,True,0.2315646898772655,True,True,encoded
4119,RHEA:35211,True,0.2774865289837651,True,True,encoded
4120,RHEA:35263,True,0.7992829007634757,True,True,encoded
4121,RHEA:35271,True,0.1081258128671814,True,True,encoded
4122,RHEA:35279,True,0.0230419324603115,True,True,encoded
4123,RHEA:35291,True,0.0249689141715743,True,True,encoded
4124,RHEA:35307,True,0.4225662936541898,True,True,encoded
4125,RHEA:35315,True,0.0139165934988627,True,True,encoded
4126,RHEA:35319,True,0.0143026457749533,True,True,encoded
4127,RHEA:35323,True,0.6622561897475739,True,True,encoded
4128,RHEA:35327,True,0.0093568875178817,True,True,encoded
4129,RHEA:35331,True,0.3279672484907247,True,True,encoded
4130,RHEA:35335,True,0.0198329031290604,True,True,encoded
4131,RHEA:35351,True,0.0287911366475047,True,True,encoded
4132,RHEA:35379,True,0.0215117236034956,True,True,encoded
4133,RHEA:35391,True,0.020190181364566,True,True,encoded
4134,RHEA:35411,True,0.3441561376921329,True,True,encoded
4135,RHEA:35419,True,0.7089975227560164,True,True,encoded
4136,RHEA:35423,True,0.6790502724045362,True,True,encoded
4137,RHEA:35427,True,0.5699800207229028,True,True,encoded
4138,RHEA:35431,True,0.7292195473087965,True,True,encoded
4139,RHEA:35435,True,0.7352530419306118,True,True,encoded
4140,RHEA:35439,True,0.1105077320382557,True,True,encoded
4141,RHEA:35443,True,0.7171180488140512,True,True,encoded
4142,RHEA:35447,True,0.4516112091109979,True,True,encoded
4143,RHEA:35459,True,0.6303451927267073,True,True,encoded
4144,RHEA:35463,True,0.6254516619350704,True,True,encoded
4145,RHEA:35467,True,0.6488040993237781,True,True,encoded
4146,RHEA:35471,True,0.8755645380172576,True,True,encoded
4147,RHEA:35475,True,0.7555751306142489,True,True,encoded
4148,RHEA:35479,True,0.7501622168365563,True,True,encoded
4149,RHEA:35483,True,0.7079017787785207,True,True,encoded
4150,RHEA:35487,True,0.360111751687229,True,True,encoded
4151,RHEA:35499,True,1.8659943606253656e-06,True,True,encoded
4152,RHEA:35503,True,0.168999520661964,True,True,encoded
4153,RHEA:35507,True,0.2238930110880611,True,True,encoded
4154,RHEA:35511,True,0.2278172506781739,True,True,encoded
4155,RHEA:35515,True,0.1895642527695082,True,True,encoded
4156,RHEA:35519,True,0.7498097732653302,True,True,encoded
4157,RHEA:35523,True,0.3650801601110779,True,True,encoded
4158,RHEA:35531,True,0.2178383659738312,True,True,encoded
4159,RHEA:35547,True,0.0696564497769195,True,True,encoded
4160,RHEA:35555,True,2.560699349234855e-06,True,True,encoded
4161,RHEA:35563,True,0.9129238664254488,True,True,encoded
4162,RHEA:35567,True,0.9089451143510412,True,True,encoded
4163,RHEA:35571,True,0.2986627517580484,True,True,encoded
4164,RHEA:35575,True,0.2872245554118631,True,True,encoded
4165,RHEA:35583,True,0.6618755097286608,True,True,encoded
4166,RHEA:35587,True,0.5513914009906032,True,True,encoded
4167,RHEA:35591,True,0.025555436522213,False,False,clipzyme_graph_prereq_failed:unmapped_atoms
4168,RHEA:35595,True,0.3929771220865014,True,True,encoded
4169,RHEA:35603,True,0.4297151567967024,True,True,encoded
4170,RHEA:35607,True,0.4234147630275514,True,True,encoded
4171,RHEA:35611,True,0.2174525264970036,True,True,encoded
4172,RHEA:35615,True,0.8282048409370799,True,True,encoded
4173,RHEA:35627,True,0.4009516461431747,True,True,encoded
4174,RHEA:35631,True,0.752318157439238,True,True,encoded
4175,RHEA:35639,True,0.6655624263282898,True,True,encoded
4176,RHEA:35647,True,0.0011302837914665,True,True,encoded
4177,RHEA:35651,True,0.1974774708863854,True,True,encoded
4178,RHEA:35655,True,0.0006413878680299,True,True,encoded
4179,RHEA:35671,True,0.6556656226170853,True,True,encoded
4180,RHEA:35675,True,0.1116675763033926,True,True,encoded
4181,RHEA:35679,True,0.1319574792370124,True,True,encoded
4182,RHEA:35691,True,0.3982741070902928,True,True,encoded
4183,RHEA:35695,True,0.3673135305433749,True,True,encoded
4184,RHEA:35699,True,0.3803660967208329,True,True,encoded
4185,RHEA:35711,True,0.1863127766230326,True,True,encoded
4186,RHEA:35715,True,0.9237241370233062,True,True,encoded
4187,RHEA:35719,True,0.9073819279087468,True,True,encoded
4188,RHEA:35723,True,0.0853647160258025,True,True,encoded
4189,RHEA:35727,True,0.1137936165618831,True,True,encoded
4190,RHEA:35735,True,0.4250005775183025,True,True,encoded
4191,RHEA:35739,True,9.951201388063667e-06,True,True,encoded
4192,RHEA:35743,True,0.255734997523069,True,True,encoded
4193,RHEA:35751,True,0.2893958969092419,True,True,encoded
4194,RHEA:35755,True,0.4254369075914139,True,True,encoded
4195,RHEA:35759,True,0.0047610173553086,True,True,encoded
4196,RHEA:35763,True,0.0074658840645576,True,True,encoded
4197,RHEA:35767,True,0.8883547540452736,True,True,encoded
4198,RHEA:35771,True,0.8146247420297956,True,True,encoded
4199,RHEA:35775,True,0.8138335414824375,True,True,encoded
4200,RHEA:35783,True,0.634616798087193,True,True,encoded
4201,RHEA:35787,True,0.2394789164637736,True,True,encoded
4202,RHEA:35791,True,0.5181287548288367,True,True,encoded
4203,RHEA:35795,True,0.625215692495318,True,True,encoded
4204,RHEA:35799,True,0.9649302601970594,True,True,encoded
4205,RHEA:35803,True,0.9596704521099392,True,True,encoded
4206,RHEA:35807,True,0.8362977261271514,True,True,encoded
4207,RHEA:35811,True,0.7873152795416938,True,True,encoded
4208,RHEA:35815,True,0.0663719734869474,True,True,encoded
4209,RHEA:35819,True,0.2924279041134802,True,True,encoded
4210,RHEA:35823,True,0.5790676109555647,True,True,encoded
4211,RHEA:35827,True,0.8178216053938364,True,True,encoded
4212,RHEA:35831,True,0.3486660461890284,True,True,encoded
4213,RHEA:35835,True,0.3988457318570007,True,True,encoded
4214,RHEA:35843,True,0.4425479672304645,True,True,encoded
4215,RHEA:35847,True,0.2041522222982104,True,True,encoded
4216,RHEA:35851,True,0.0405539363112035,True,True,encoded
4217,RHEA:35855,True,0.0333394087725078,True,True,encoded
4218,RHEA:35859,True,0.0411555607406781,True,True,encoded
4219,RHEA:35863,True,0.0468700689935071,True,True,encoded
4220,RHEA:35867,True,0.0701724081224997,True,True,encoded
4221,RHEA:35871,True,0.0288039436074994,True,True,encoded
4222,RHEA:35875,True,0.0240250206606335,True,True,encoded
4223,RHEA:35879,True,0.0362235099426677,True,True,encoded
4224,RHEA:35883,True,0.0681289408994814,True,True,encoded
4225,RHEA:35887,True,0.0141909339953266,True,True,encoded
4226,RHEA:35891,True,0.0432731342362578,True,True,encoded
4227,RHEA:35895,True,0.074176949548566,True,True,encoded
4228,RHEA:35899,True,0.0328346465433561,True,True,encoded
4229,RHEA:35903,True,0.0131036074732359,True,True,encoded
4230,RHEA:35907,True,0.008392349661564,True,True,encoded
4231,RHEA:35915,True,0.0507530760421482,True,True,encoded
4232,RHEA:35935,True,0.0012528622358806,True,True,encoded
4233,RHEA:35939,True,0.1151818870639775,True,True,encoded
4234,RHEA:35943,True,0.1622470223344872,True,True,encoded
4235,RHEA:35947,True,0.4417510355418887,True,True,encoded
4236,RHEA:35951,True,0.1300634322080883,True,True,encoded
4237,RHEA:35955,True,0.2693536545865287,True,True,encoded
4238,RHEA:35963,True,0.1957911719671196,True,True,encoded
4239,RHEA:35967,True,0.0080207815072485,True,True,encoded
4240,RHEA:35971,True,0.1084524329165871,True,True,encoded
4241,RHEA:35975,True,0.0939845489797965,False,False,clipzyme_graph_prereq_failed:unmapped_atoms
4242,RHEA:35979,True,0.1177577343995851,True,True,encoded
4243,RHEA:35983,True,0.0224963588553197,True,True,encoded
4244,RHEA:35987,True,0.0094216947147216,True,True,encoded
4245,RHEA:35991,True,0.0247319043405779,True,True,encoded
4246,RHEA:35995,True,0.0336288886808994,True,True,encoded
4247,RHEA:35999,True,0.0504923995594783,True,True,encoded
4248,RHEA:36003,True,0.8986303941689645,True,True,encoded
4249,RHEA:36015,True,0.0601144824539917,True,True,encoded
4250,RHEA:36019,True,0.0858368717504644,True,True,encoded
4251,RHEA:36023,True,0.0799831596072944,True,True,encoded
4252,RHEA:36027,True,0.1853607677392554,True,True,encoded
4253,RHEA:36035,False,,False,False,mapping_unsupported
4254,RHEA:36039,False,,False,False,mapping_unsupported
4255,RHEA:36043,True,0.3757563660534009,True,True,encoded
4256,RHEA:36047,True,0.974284707988208,False,False,clipzyme_graph_prereq_failed:reactant_product_map_sets_differ
4257,RHEA:36051,True,0.559133934811634,True,True,encoded
4258,RHEA:36055,True,0.8829630634411598,True,True,encoded
4259,RHEA:36059,True,0.8701617129577226,False,False,clipzyme_graph_prereq_failed:reactant_product_map_sets_differ
4260,RHEA:36063,True,0.2004613979876739,True,True,encoded
4261,RHEA:36067,True,0.2003561514517074,True,True,encoded
4262,RHEA:36071,True,0.95035860797148,True,True,encoded
4263,RHEA:36079,True,0.7480362489220602,True,True,encoded
4264,RHEA:36083,True,0.4246321418575128,True,True,encoded
4265,RHEA:36087,True,0.2643188602149829,True,True,encoded
4266,RHEA:36095,True,0.7919146688516973,True,True,encoded
4267,RHEA:36099,True,0.8384739030435869,True,True,encoded
4268,RHEA:36103,True,0.8533544585641804,True,True,encoded
4269,RHEA:36107,True,0.9058188596514124,True,True,encoded
4270,RHEA:36119,True,0.8957195422790314,True,True,encoded
4271,RHEA:36131,True,0.8481199610998648,True,True,encoded
4272,RHEA:36135,True,0.4678424608817504,True,True,encoded
4273,RHEA:36139,True,0.0156391533164847,True,True,encoded
4274,RHEA:36143,True,0.0436064917297039,True,True,encoded
4275,RHEA:36147,True,0.2444515925744588,True,True,encoded
4276,RHEA:36151,True,0.2572497238880539,True,True,encoded
4277,RHEA:36155,True,0.1382393234822903,False,False,clipzyme_graph_prereq_failed:unmapped_atoms
4278,RHEA:36159,False,,False,False,mapping_unsupported
4279,RHEA:36163,True,0.0073396353386567,True,True,encoded
4280,RHEA:36167,True,0.4595776827410805,True,True,encoded
4281,RHEA:36171,True,0.4472484922989032,True,True,encoded
4282,RHEA:36179,True,0.2307725859306113,True,True,encoded
4283,RHEA:36227,True,0.1736997027751769,True,True,encoded
4284,RHEA:36247,True,0.9162904111248572,True,True,encoded
4285,RHEA:36251,True,0.0274840834693711,True,True,encoded
4286,RHEA:36255,True,0.6003419596733925,True,True,encoded
4287,RHEA:36263,True,0.9365916505241672,True,True,encoded
4288,RHEA:36267,True,0.6843349477546452,True,True,encoded
4289,RHEA:36271,True,0.3038063778623562,True,True,encoded
4290,RHEA:36275,True,0.2749969530073327,True,True,encoded
4291,RHEA:36279,True,0.6053156365130276,True,True,encoded
4292,RHEA:36283,True,0.276111933791465,True,True,encoded
4293,RHEA:36287,True,0.3093943086971541,True,True,encoded
4294,RHEA:36291,True,0.3213276300899171,True,True,encoded
4295,RHEA:36295,True,0.5566590613014604,True,True,encoded
4296,RHEA:36299,True,0.0231234705673909,True,True,encoded
4297,RHEA:36307,True,0.2790616907309065,True,True,encoded
4298,RHEA:36311,True,0.815839167885056,True,True,encoded
4299,RHEA:36315,False,,False,False,mapping_unsupported
4300,RHEA:36319,False,,False,False,mapping_unsupported
4301,RHEA:36323,False,,False,False,mapping_unsupported
4302,RHEA:36327,True,0.0635660503651163,True,True,encoded
4303,RHEA:36331,True,0.0668316121176762,True,True,encoded
4304,RHEA:36339,True,0.3728004918082445,False,False,clipzyme_graph_prereq_failed:unmapped_atoms
4305,RHEA:36347,True,0.5863263328691444,True,True,encoded
4306,RHEA:36355,True,0.807473456888567,True,True,encoded
4307,RHEA:36363,False,,False,False,mapping_unsupported
4308,RHEA:36375,True,0.0163389963233965,True,True,encoded
4309,RHEA:36379,True,0.2510734452658991,True,True,encoded
4310,RHEA:36383,True,0.4372233969472593,True,True,encoded
4311,RHEA:36387,True,0.267189142477021,True,True,encoded
4312,RHEA:36391,True,0.3079550060916235,True,True,encoded
4313,RHEA:36399,True,0.3431691615415437,True,True,encoded
4314,RHEA:36403,True,0.5486255553654993,True,True,encoded
4315,RHEA:36407,True,0.1673144337418658,True,True,encoded
4316,RHEA:36415,True,0.0285116208580909,True,True,encoded
4317,RHEA:36431,True,0.194194186834066,True,True,encoded
4318,RHEA:36439,True,0.199038833695286,True,True,encoded
4319,RHEA:36475,True,0.0178270592152561,True,True,encoded
4320,RHEA:36479,True,0.0122759998212198,True,True,encoded
4321,RHEA:36483,True,0.0178312376791863,True,True,encoded
4322,RHEA:36487,True,0.7203712872434068,True,True,encoded
4323,RHEA:36491,True,0.0183479767900316,True,True,encoded
4324,RHEA:36499,True,0.7860327081801225,True,True,encoded
4325,RHEA:36503,True,0.0183265693512066,True,True,encoded
4326,RHEA:36507,True,0.0071327203055266,True,True,encoded
4327,RHEA:36511,True,0.0204216084594041,True,True,encoded
4328,RHEA:36515,True,0.0083472987525964,True,True,encoded
4329,RHEA:36519,True,0.0023015594864768,True,True,encoded
4330,RHEA:36523,True,0.0228958968991243,True,True,encoded
4331,RHEA:36527,True,0.0091897604721021,True,True,encoded
4332,RHEA:36531,True,0.0084485192225396,True,True,encoded
4333,RHEA:36535,True,0.0157742204754312,True,True,encoded
4334,RHEA:36539,True,0.0349178769020942,True,True,encoded
4335,RHEA:36543,True,0.8474414271484311,True,True,encoded
4336,RHEA:36547,True,0.0321159826834064,True,True,encoded
4337,RHEA:36551,True,0.2316962559390235,True,True,encoded
4338,RHEA:36555,True,0.022375639223522,True,True,encoded
4339,RHEA:36563,True,0.27249625585554,True,True,encoded
4340,RHEA:36567,True,0.4461020335147733,True,True,encoded
4341,RHEA:36571,True,0.1203837059415247,True,True,encoded
4342,RHEA:36575,True,0.0865265163108515,True,True,encoded
4343,RHEA:36579,True,0.5036844228408759,True,True,encoded
4344,RHEA:36583,True,0.3148754272530368,True,True,encoded
4345,RHEA:36587,True,0.4163031294057751,True,True,encoded
4346,RHEA:36591,True,0.4392646615882088,True,True,encoded
4347,RHEA:36595,True,0.4648616108254521,True,True,encoded
4348,RHEA:36599,True,0.8381278096324216,True,True,encoded
4349,RHEA:36603,True,0.4195697624119147,True,True,encoded
4350,RHEA:36607,True,0.3018924323228467,True,True,encoded
4351,RHEA:36611,True,0.3906584766221511,True,True,encoded
4352,RHEA:36615,True,0.041461623045822,True,True,encoded
4353,RHEA:36619,True,0.0201863317491185,True,True,encoded
4354,RHEA:36623,True,0.7772377776115048,True,True,encoded
4355,RHEA:36627,True,0.0088076073463274,True,True,encoded
4356,RHEA:36631,True,0.1181866869944598,True,True,encoded
4357,RHEA:36635,True,0.8031712040760719,True,True,encoded
4358,RHEA:36643,True,0.7880373923640154,True,True,encoded
4359,RHEA:36647,True,0.0872492987021937,True,True,encoded
4360,RHEA:36651,True,0.6612198383085178,True,True,encoded
4361,RHEA:36655,True,0.5425462806830071,True,True,encoded
4362,RHEA:36659,True,0.2092044413676965,True,True,encoded
4363,RHEA:36663,True,0.1139845963534619,True,True,encoded
4364,RHEA:36667,True,0.034195115252265,True,True,encoded
4365,RHEA:36675,True,0.0060435008908669,True,True,encoded
4366,RHEA:36679,True,0.5036844228408759,True,True,encoded
4367,RHEA:36683,True,0.1474643185163695,True,True,encoded
4368,RHEA:36687,True,0.0712805513311845,True,True,encoded
4369,RHEA:36691,True,0.0605324302867431,True,True,encoded
4370,RHEA:36695,True,0.5242170838167602,True,True,encoded
4371,RHEA:36699,True,0.0813731216963839,True,True,encoded
4372,RHEA:36703,True,0.1079887274471313,True,True,encoded
4373,RHEA:36707,True,0.9898711353154992,True,True,encoded
4374,RHEA:36711,True,0.1422491108581108,True,True,encoded
4375,RHEA:36715,True,0.2017810815611361,True,True,encoded
4376,RHEA:36719,True,0.2017810815611361,True,True,encoded
4377,RHEA:36739,True,0.048768761966215,True,True,encoded
4378,RHEA:36747,True,0.0284603442064253,True,True,encoded
4379,RHEA:36751,True,0.0316406950746609,True,True,encoded
4380,RHEA:36755,True,0.0284603442064253,True,True,encoded
4381,RHEA:36759,True,0.0207194473390225,True,True,encoded
4382,RHEA:36763,True,0.0263205369552902,True,True,encoded
4383,RHEA:36767,True,0.1668163035379793,False,False,clipzyme_graph_prereq_failed:unmapped_atoms
4384,RHEA:36771,True,2.4810564980692054e-05,True,True,encoded
4385,RHEA:36775,False,,False,False,mapping_unsupported
4386,RHEA:36779,True,0.6674461725217252,True,True,encoded
4387,RHEA:36783,True,0.9634586572200652,True,True,encoded
4388,RHEA:36787,True,0.0311951666776089,True,True,encoded
4389,RHEA:36791,True,0.973746179392986,True,True,encoded
4390,RHEA:36795,True,0.0911160376637821,True,True,encoded
4391,RHEA:36799,True,0.3425749325060017,True,True,encoded
4392,RHEA:36803,True,0.9109568436774832,True,True,encoded
4393,RHEA:36807,True,0.0013029589720856,True,True,encoded
4394,RHEA:36811,True,0.1302548434106705,True,True,encoded
4395,RHEA:36815,True,0.8237325595639181,True,True,encoded
4396,RHEA:36819,True,0.0099883723362078,True,True,encoded
4397,RHEA:36823,True,0.0219492633935812,True,True,encoded
4398,RHEA:36835,True,0.0482644294494479,True,True,encoded
4399,RHEA:36839,True,0.0465609890173382,True,True,encoded
4400,RHEA:36843,True,0.0136251836337276,True,True,encoded
4401,RHEA:36847,True,0.3782815387024233,True,True,encoded
4402,RHEA:36851,True,0.006286297728582,True,True,encoded
4403,RHEA:36855,True,0.9730143614381154,True,True,encoded
4404,RHEA:36859,True,0.0112036674433178,True,True,encoded
4405,RHEA:36863,True,0.1251611368095627,False,False,clipzyme_graph_prereq_failed:unmapped_atoms
4406,RHEA:36867,True,0.077024338354348,True,True,encoded
4407,RHEA:36871,True,0.0037556014658881,True,True,encoded
4408,RHEA:36875,True,0.0019675234887045,True,True,encoded
4409,RHEA:36883,True,0.0926633033362026,True,True,encoded
4410,RHEA:36899,True,0.8101424818473196,True,True,encoded
4411,RHEA:36903,True,0.7940675622590705,True,True,encoded
4412,RHEA:36907,True,0.0095157088588003,True,True,encoded
4413,RHEA:36911,True,0.0109565747019861,True,True,encoded
4414,RHEA:36915,True,0.0114727079012226,True,True,encoded
4415,RHEA:36919,True,0.0094275731448372,True,True,encoded
4416,RHEA:36923,True,0.0038249712548522,True,True,encoded
4417,RHEA:36927,True,0.0014600330901639,True,True,encoded
4418,RHEA:36931,True,0.0644185694601953,True,True,encoded
4419,RHEA:36935,True,0.0733481101716161,True,True,encoded
4420,RHEA:36939,True,0.1004931328901616,True,True,encoded
4421,RHEA:36943,True,0.0101344114311146,True,True,encoded
4422,RHEA:36947,True,0.0103645262089519,True,True,encoded
4423,RHEA:36951,True,0.0656888288221596,True,True,encoded
4424,RHEA:36955,True,0.0911356191716659,True,True,encoded
4425,RHEA:36963,True,0.0131635618559343,True,True,encoded
4426,RHEA:36967,True,0.0135258134758955,True,True,encoded
4427,RHEA:36971,True,0.86407857464426,True,True,encoded
4428,RHEA:36975,True,0.0632893088347699,True,True,encoded
4429,RHEA:36979,True,0.0127405309501507,True,True,encoded
4430,RHEA:36983,True,0.0046990294102937,True,True,encoded
4431,RHEA:36987,True,0.0729728085723984,True,True,encoded
4432,RHEA:36991,True,0.0624663064595045,True,True,encoded
4433,RHEA:36995,True,0.0027952873125812,True,True,encoded
4434,RHEA:36999,True,0.077514571936792,True,True,encoded
4435,RHEA:37011,True,0.1021657412522036,True,True,encoded
4436,RHEA:37015,True,0.1069996888849222,True,True,encoded
4437,RHEA:37023,True,0.066082771374626,True,True,encoded
4438,RHEA:37039,True,3.2909808616063467e-06,False,False,clipzyme_graph_prereq_failed:unmapped_atoms
4439,RHEA:37051,True,0.0491184392503819,True,True,encoded
4440,RHEA:37055,True,0.1071765692366966,True,True,encoded
4441,RHEA:37059,True,0.4665219514419343,True,True,encoded
4442,RHEA:37063,True,0.5565628200404799,True,True,encoded
4443,RHEA:37067,True,0.1604372361830317,False,False,clipzyme_graph_prereq_failed:unmapped_atoms
4444,RHEA:37075,True,0.211918532541339,False,False,clipzyme_graph_prereq_failed:unmapped_atoms
4445,RHEA:37087,True,0.1548530815117008,False,False,clipzyme_graph_prereq_failed:unmapped_atoms
4446,RHEA:37107,True,0.6564778999695468,True,True,encoded
4447,RHEA:37115,True,0.0269393175498751,True,True,encoded
4448,RHEA:37119,True,0.6624102668488512,True,True,encoded
4449,RHEA:37123,True,0.202742423112986,True,True,encoded
4450,RHEA:37131,True,0.0249542573658019,True,True,encoded
4451,RHEA:37135,True,0.027511550272222,True,True,encoded
4452,RHEA:37139,True,0.0339100004504333,True,True,encoded
4453,RHEA:37143,True,0.0251360876077325,True,True,encoded
4454,RHEA:37147,True,0.0221888226645096,True,True,encoded
4455,RHEA:37151,True,0.0241332661453248,True,True,encoded
4456,RHEA:37155,True,0.0395799939393971,True,True,encoded
4457,RHEA:37159,True,0.0334121952996802,True,True,encoded
4458,RHEA:37163,True,0.0234239677995303,True,True,encoded
4459,RHEA:37167,True,0.5738537222934339,True,True,encoded
4460,RHEA:37171,True,0.0255150504637886,True,True,encoded
4461,RHEA:37175,True,0.0257052328234047,True,True,encoded
4462,RHEA:37179,True,0.0451509021947795,True,True,encoded
4463,RHEA:37183,True,0.0178681479772208,True,True,encoded
4464,RHEA:37187,True,0.0317675883437087,True,True,encoded
4465,RHEA:37191,True,0.943217217280626,True,True,encoded
4466,RHEA:37195,True,0.0742278669992025,True,True,encoded
4467,RHEA:37199,True,0.0912249984378151,True,True,encoded
4468,RHEA:37203,True,0.0979041988348784,True,True,encoded
4469,RHEA:37207,True,0.0326925782956825,True,True,encoded
4470,RHEA:37211,True,0.935643021298274,True,True,encoded
4471,RHEA:37223,True,0.0343781526669958,True,True,encoded
4472,RHEA:37239,True,0.9293172019148604,True,True,encoded
4473,RHEA:37243,True,0.0147638652446061,True,True,encoded
4474,RHEA:37283,True,0.9698754524982528,True,True,encoded
4475,RHEA:37339,True,0.9807908985712912,True,True,encoded
4476,RHEA:37343,True,0.5049108000014396,True,True,encoded
4477,RHEA:37347,True,0.2295332578131289,True,True,encoded
4478,RHEA:37363,True,3.0748571699028333e-06,False,False,clipzyme_graph_prereq_failed:unmapped_atoms
4479,RHEA:37367,True,0.0468671377103111,True,True,encoded
4480,RHEA:37375,True,0.0722575581550274,True,True,encoded
4481,RHEA:37379,True,0.0916024579490882,True,True,encoded
4482,RHEA:37383,True,0.028507800986064,True,True,encoded
4483,RHEA:37387,True,0.0187241790557128,True,True,encoded
4484,RHEA:37391,True,0.0410530847895198,True,True,encoded
4485,RHEA:37395,True,0.0511846422000322,True,True,encoded
4486,RHEA:37399,True,0.0465619776841274,True,True,encoded
4487,RHEA:37403,True,0.0373250137703702,True,True,encoded
4488,RHEA:37407,True,0.0292767877251119,True,True,encoded
4489,RHEA:37411,True,0.4417189160829187,True,True,encoded
4490,RHEA:37415,True,0.0523026090636145,True,True,encoded
4491,RHEA:37419,True,0.0636219040093871,True,True,encoded
4492,RHEA:37423,True,0.4669206323483037,True,True,encoded
4493,RHEA:37427,True,0.0590595539996616,True,True,encoded
4494,RHEA:37431,True,0.0097951187426812,False,False,clipzyme_graph_prereq_failed:unmapped_atoms
4495,RHEA:37443,True,0.0533154292002567,True,True,encoded
4496,RHEA:37447,True,0.7011529840805116,True,True,encoded
4497,RHEA:37451,True,0.0162171593642326,True,True,encoded
4498,RHEA:37455,True,0.0390828128137339,True,True,encoded
4499,RHEA:37459,True,0.0011445097254245,True,True,encoded
4500,RHEA:37463,True,0.1016211032585168,True,True,encoded
4501,RHEA:37467,True,0.0001090079031811,True,True,encoded
4502,RHEA:37471,True,0.1830262089547286,True,True,encoded
4503,RHEA:37475,True,0.0311831601477485,True,True,encoded
4504,RHEA:37479,True,0.0380349053729126,True,True,encoded
4505,RHEA:37483,True,0.0708108821615099,True,True,encoded
4506,RHEA:37487,True,0.0329657873570527,True,True,encoded
4507,RHEA:37491,True,0.3050823983719983,True,True,encoded
4508,RHEA:37495,True,0.1050225866811348,True,True,encoded
4509,RHEA:37499,True,0.0570474903985582,True,True,encoded
4510,RHEA:37503,True,0.0563944964371829,True,True,encoded
4511,RHEA:37511,True,0.0233632468789297,True,True,encoded
4512,RHEA:37515,True,0.0451773499317617,True,True,encoded
4513,RHEA:37519,True,0.0187006892502942,True,True,encoded
4514,RHEA:37523,True,0.0391406654298756,True,True,encoded
4515,RHEA:37527,True,0.0190657572375796,True,True,encoded
4516,RHEA:37531,True,0.0410527473614843,True,True,encoded
4517,RHEA:37535,True,0.0727644671660137,True,True,encoded
4518,RHEA:37539,True,0.0915819467481068,True,True,encoded
4519,RHEA:37543,True,0.6249908540673565,True,True,encoded
4520,RHEA:37547,True,0.3978812340931573,True,True,encoded
4521,RHEA:37551,True,0.3388055396449543,True,True,encoded
4522,RHEA:37555,True,0.3949869544815091,True,True,encoded
4523,RHEA:37559,True,0.0673305748260656,True,True,encoded
4524,RHEA:37563,True,0.0855708134161202,True,True,encoded
4525,RHEA:37567,True,0.1075097045068561,True,True,encoded
4526,RHEA:37571,True,0.1297988842286325,True,True,encoded
4527,RHEA:37575,True,0.1377491022572421,True,True,encoded
4528,RHEA:37579,True,0.1461264635855796,True,True,encoded
4529,RHEA:37591,True,0.030770588200747,True,True,encoded
4530,RHEA:37595,True,0.0200838823054913,True,True,encoded
4531,RHEA:37599,True,0.1524875871695135,False,False,clipzyme_graph_prereq_failed:unmapped_atoms
4532,RHEA:37603,True,0.0194220803150107,True,True,encoded
4533,RHEA:37607,True,0.0262073137408094,True,True,encoded
4534,RHEA:37611,True,0.0684416251914706,True,True,encoded
4535,RHEA:37615,True,0.0469074474935035,True,True,encoded
4536,RHEA:37619,True,0.136553431857553,True,True,encoded
4537,RHEA:37623,True,0.0947477491222274,True,True,encoded
4538,RHEA:37627,True,0.0533462940207088,True,True,encoded
4539,RHEA:37631,True,0.1031637280233552,True,True,encoded
4540,RHEA:37635,True,0.1396997400297794,True,True,encoded
4541,RHEA:37639,True,0.08479217229956,True,True,encoded
4542,RHEA:37643,True,0.0591975055623485,True,True,encoded
4543,RHEA:37647,True,0.0258889764871725,True,True,encoded
4544,RHEA:37651,True,0.0437553060734722,True,True,encoded
4545,RHEA:37655,True,0.0160049134166973,True,True,encoded
4546,RHEA:37659,True,0.3540760278663128,True,True,encoded
4547,RHEA:37663,True,0.6523228134100073,True,True,encoded
4548,RHEA:37667,True,0.5196126071642309,True,True,encoded
4549,RHEA:37675,True,0.0822092633666326,True,True,encoded
4550,RHEA:37679,True,0.1071621612334717,True,True,encoded
4551,RHEA:37683,True,0.0456331283249118,True,True,encoded
4552,RHEA:37687,True,0.0458165903442491,True,True,encoded
4553,RHEA:37691,True,0.0795023948224966,True,True,encoded
4554,RHEA:37695,True,0.0386716098849058,True,True,encoded
4555,RHEA:37699,True,0.0470077102047828,True,True,encoded
4556,RHEA:37703,True,0.0671505708851526,True,True,encoded
4557,RHEA:37707,True,0.0542732902317624,True,True,encoded
4558,RHEA:37711,True,0.097334245096881,True,True,encoded
4559,RHEA:37719,True,0.0579044031778526,True,True,encoded
4560,RHEA:37731,True,0.0645554435674222,True,True,encoded
4561,RHEA:37743,True,0.1049066234352232,True,True,encoded
4562,RHEA:37747,True,0.0399349041563815,True,True,encoded
4563,RHEA:37751,True,0.8080884918577305,True,True,encoded
4564,RHEA:37755,True,0.1148715136882358,True,True,encoded
4565,RHEA:37759,True,0.0796015859019928,True,True,encoded
4566,RHEA:37763,True,0.2045131355792472,True,True,encoded
4567,RHEA:37767,True,0.1179350047735152,True,True,encoded
4568,RHEA:37771,True,0.1012083721732061,True,True,encoded
4569,RHEA:37775,True,0.2133461271083832,True,True,encoded
4570,RHEA:37779,True,0.0739523711062909,True,True,encoded
4571,RHEA:37783,True,0.0339687077932174,True,True,encoded
4572,RHEA:37787,True,0.0405826926630542,True,True,encoded
4573,RHEA:37791,True,0.4626212045631864,True,True,encoded
4574,RHEA:37795,True,0.0292334615697736,True,True,encoded
4575,RHEA:37799,True,0.1479966342496601,True,True,encoded
4576,RHEA:37803,True,0.0590153084873044,True,True,encoded
4577,RHEA:37807,True,0.0870705301776937,True,True,encoded
4578,RHEA:37811,True,0.0239145773346429,True,True,encoded
4579,RHEA:37815,True,0.2404436700008109,True,True,encoded
4580,RHEA:37819,True,0.0479158880855206,True,True,encoded
4581,RHEA:37823,True,0.32534997616966,True,True,encoded
4582,RHEA:37827,True,0.32534997616966,True,True,encoded
4583,RHEA:37831,True,0.2404436700008109,True,True,encoded
4584,RHEA:37835,True,0.2232270350619776,True,True,encoded
4585,RHEA:37839,True,0.018799537249434,True,True,encoded
4586,RHEA:37843,True,0.0142934047170932,True,True,encoded
4587,RHEA:37847,True,0.211090977268485,True,True,encoded
4588,RHEA:37851,True,0.2252938425049576,True,True,encoded
4589,RHEA:37855,True,0.0585368480137626,True,True,encoded
4590,RHEA:37859,True,0.0535846099763672,True,True,encoded
4591,RHEA:37863,True,0.0571266364344793,True,True,encoded
4592,RHEA:37867,True,0.0347912370517873,True,True,encoded
4593,RHEA:37871,True,0.5249039074730908,True,True,encoded
4594,RHEA:37875,True,0.7846253585369533,True,True,encoded
4595,RHEA:37879,True,0.9497323388657204,True,True,encoded
4596,RHEA:37883,True,0.0944610703921556,True,True,encoded
4597,RHEA:37887,True,0.8474705997657184,True,True,encoded
4598,RHEA:37891,True,0.6990546097054505,True,True,encoded
4599,RHEA:37895,True,0.6741267892912449,True,True,encoded
4600,RHEA:37899,True,0.3463100007804178,True,True,encoded
4601,RHEA:37903,True,0.7656853985138002,True,True,encoded
4602,RHEA:37907,True,0.6104739025158326,True,True,encoded
4603,RHEA:37911,True,0.0313623066829198,True,True,encoded
4604,RHEA:37915,True,0.0448042062027808,True,True,encoded
4605,RHEA:37919,True,0.5546551626524466,True,True,encoded
4606,RHEA:37923,True,0.6067527435546165,True,True,encoded
4607,RHEA:37927,True,0.8209439920226019,True,True,encoded
4608,RHEA:37931,True,0.8103391693119111,True,True,encoded
4609,RHEA:37935,True,0.8209439920226019,True,True,encoded
4610,RHEA:37939,True,0.6843100428031296,True,True,encoded
4611,RHEA:37943,True,0.7559778106391593,True,True,encoded
4612,RHEA:37947,True,0.7559778106391593,True,True,encoded
4613,RHEA:37951,True,0.7000148104311439,True,True,encoded
4614,RHEA:37955,True,0.6843100428031296,True,True,encoded
4615,RHEA:37959,True,0.6890176449388484,True,True,encoded
4616,RHEA:37971,True,0.0257703370828794,True,True,encoded
4617,RHEA:37975,True,0.0504795256411635,True,True,encoded
4618,RHEA:37979,True,0.5991947500595809,True,True,encoded
4619,RHEA:37983,True,0.6307354985035848,True,True,encoded
4620,RHEA:37987,True,0.6829948782102041,True,True,encoded
4621,RHEA:37991,True,0.6606869046886115,True,True,encoded
4622,RHEA:37995,True,0.012558634444877,True,True,encoded
4623,RHEA:37999,True,0.1063750078358708,True,True,encoded
4624,RHEA:38003,True,0.0517817799116569,True,True,encoded
4625,RHEA:38007,True,0.5180370809536727,True,True,encoded
4626,RHEA:38011,True,0.5197311945457415,True,True,encoded
4627,RHEA:38015,True,0.7255589920807601,True,True,encoded
4628,RHEA:38019,True,0.1388728674460765,True,True,encoded
4629,RHEA:38023,True,0.7296897985829848,True,True,encoded
4630,RHEA:38027,True,0.1693743022843819,True,True,encoded
4631,RHEA:38039,True,0.3370716377877329,True,True,encoded
4632,RHEA:38043,True,0.203157172265019,True,True,encoded
4633,RHEA:38047,True,0.351066126314883,True,True,encoded
4634,RHEA:38051,True,0.1418237520284224,True,True,encoded
4635,RHEA:38055,True,0.2342513144012948,True,True,encoded
4636,RHEA:38059,True,0.1216022467546151,True,True,encoded
4637,RHEA:38063,True,0.0797494304073648,True,True,encoded
4638,RHEA:38067,True,0.0706118857421271,True,True,encoded
4639,RHEA:38071,True,0.0633341036674362,True,True,encoded
4640,RHEA:38075,True,0.0653436337101905,True,True,encoded
4641,RHEA:38079,True,0.0406255305665629,True,True,encoded
4642,RHEA:38083,True,0.0484586417165376,True,True,encoded
4643,RHEA:38087,True,0.0894818595827477,True,True,encoded
4644,RHEA:38091,True,0.5292304259430727,True,True,encoded
4645,RHEA:38095,True,0.4404429935811397,True,True,encoded
4646,RHEA:38099,True,0.0812030524638419,True,True,encoded
4647,RHEA:38103,True,0.8634285212110765,True,True,encoded
4648,RHEA:38107,True,0.6618755097286608,True,True,encoded
4649,RHEA:38111,True,0.4078402872489138,True,True,encoded
4650,RHEA:38115,True,0.1185531272276433,True,True,encoded
4651,RHEA:38119,True,0.0790907491921577,True,True,encoded
4652,RHEA:38123,True,0.0592296398305494,True,True,encoded
4653,RHEA:38127,True,0.0433377199045554,True,True,encoded
4654,RHEA:38131,True,0.0706727243786897,True,True,encoded
4655,RHEA:38135,True,0.0468938119770009,True,True,encoded
4656,RHEA:38139,True,0.0895756564441091,True,True,encoded
4657,RHEA:38143,True,0.4504869518857278,True,True,encoded
4658,RHEA:38151,True,0.9990734453001026,True,True,encoded
4659,RHEA:38155,True,0.1747303046580866,True,True,encoded
4660,RHEA:38159,True,0.7040881164997916,True,True,encoded
4661,RHEA:38163,True,0.0295436125350812,True,True,encoded
4662,RHEA:38167,True,0.0614988782450676,True,True,encoded
4663,RHEA:38171,True,0.0360816753223369,True,True,encoded
4664,RHEA:38175,True,0.071115816885955,True,True,encoded
4665,RHEA:38191,True,3.155255361233374e-05,True,True,encoded
4666,RHEA:38195,True,4.575478371089568e-05,True,True,encoded
4667,RHEA:38199,True,0.2862392036996408,True,True,encoded
4668,RHEA:38203,True,0.2544295141123492,True,True,encoded
4669,RHEA:38207,True,0.2421594909443393,True,True,encoded
4670,RHEA:38211,True,5.606965803475044e-11,True,True,encoded
4671,RHEA:38215,True,0.4151299659786888,True,True,encoded
4672,RHEA:38219,True,0.0126521290252128,True,True,encoded
4673,RHEA:38223,True,0.1289296736802469,True,True,encoded
4674,RHEA:38227,True,0.0785730057967696,True,True,encoded
4675,RHEA:38231,True,0.0763036481643035,True,True,encoded
4676,RHEA:38235,True,0.0547866687636761,True,True,encoded
4677,RHEA:38239,True,0.0644815019730654,True,True,encoded
4678,RHEA:38243,True,0.0410922498405342,True,True,encoded
4679,RHEA:38247,True,0.1038780725720765,True,True,encoded
4680,RHEA:38251,True,0.0263338843587741,True,True,encoded
4681,RHEA:38255,True,0.1355724684542177,True,True,encoded
4682,RHEA:38259,True,0.2963690405949198,True,True,encoded
4683,RHEA:38263,True,0.2902791368879018,True,True,encoded
4684,RHEA:38267,True,0.21498319897743,True,True,encoded
4685,RHEA:38271,True,0.2708539392544454,True,True,encoded
4686,RHEA:38275,True,0.3464385191713119,True,True,encoded
4687,RHEA:38279,True,0.1924018748403843,True,True,encoded
4688,RHEA:38287,True,0.1924018748403843,True,True,encoded
4689,RHEA:38291,True,0.3423414175566127,True,True,encoded
4690,RHEA:38295,True,0.8803857783460655,False,False,clipzyme_graph_prereq_failed:reactant_product_map_sets_differ
4691,RHEA:38299,True,0.0419499115970204,True,True,encoded
4692,RHEA:38303,True,0.3475634292468505,True,True,encoded
4693,RHEA:38307,True,0.0487175191252714,True,True,encoded
4694,RHEA:38311,True,0.7890140847650494,True,True,encoded
4695,RHEA:38315,True,0.5355085338308612,True,True,encoded
4696,RHEA:38319,True,0.7241253871403077,True,True,encoded
4697,RHEA:38323,True,0.3250125177182629,True,True,encoded
4698,RHEA:38327,True,0.2116071405830795,True,True,encoded
4699,RHEA:38331,True,0.0412953664929025,True,True,encoded
4700,RHEA:38347,True,0.4816480489158957,True,True,encoded
4701,RHEA:38351,True,0.748207150107131,True,True,encoded
4702,RHEA:38355,True,0.2986821631308166,True,True,encoded
4703,RHEA:38359,True,0.0721844400037828,True,True,encoded
4704,RHEA:38363,True,0.5228642227670277,True,True,encoded
4705,RHEA:38375,True,0.0778651637988731,True,True,encoded
4706,RHEA:38379,True,0.208198926222301,True,True,encoded
4707,RHEA:38383,True,0.319318048708391,True,True,encoded
4708,RHEA:38387,True,0.0873668512698417,True,True,encoded
4709,RHEA:38391,True,0.111370392020847,True,True,encoded
4710,RHEA:38395,True,0.3279502629942383,True,True,encoded
4711,RHEA:38399,True,0.3563572063606939,True,True,encoded
4712,RHEA:38403,True,0.2229597404131735,True,True,encoded
4713,RHEA:38407,True,0.2548815234295092,True,True,encoded
4714,RHEA:38411,True,0.1924702982198264,True,True,encoded
4715,RHEA:38415,True,0.2145147405674076,True,True,encoded
4716,RHEA:38419,True,0.0908754219575172,True,True,encoded
4717,RHEA:38423,True,0.2179358798325409,True,True,encoded
4718,RHEA:38427,True,0.310160358339106,True,True,encoded
4719,RHEA:38431,True,0.1950157577651626,True,True,encoded
4720,RHEA:38435,True,0.0062866993343111,True,True,encoded
4721,RHEA:38439,True,0.0126521290252128,True,True,encoded
4722,RHEA:38443,True,0.2810500300748864,True,True,encoded
4723,RHEA:38447,True,0.6193401201161209,True,True,encoded
4724,RHEA:38451,True,0.0021779683976508,True,True,encoded
4725,RHEA:38455,True,0.2418464867150014,False,False,clipzyme_graph_prereq_failed:unmapped_atoms
4726,RHEA:38459,True,0.1315452517096655,True,True,encoded
4727,RHEA:38471,True,0.017417595912234,True,True,encoded
4728,RHEA:38487,True,0.7869047937681853,True,True,encoded
4729,RHEA:38491,True,0.4799241990492931,True,True,encoded
4730,RHEA:38499,True,0.8630427683018314,True,True,encoded
4731,RHEA:38507,True,0.5118249573633981,True,True,encoded
4732,RHEA:38511,True,0.319318048708391,True,True,encoded
4733,RHEA:38515,True,0.5382786039559935,True,True,encoded
4734,RHEA:38519,True,0.4049129768741025,True,True,encoded
4735,RHEA:38523,True,0.5553409425822182,True,True,encoded
4736,RHEA:38527,True,0.5125934534738105,True,True,encoded
4737,RHEA:38551,True,0.2908793250927711,True,True,encoded
4738,RHEA:38559,True,0.1336524315899906,True,True,encoded
4739,RHEA:38563,True,0.6307438230434916,True,True,encoded
4740,RHEA:38567,True,0.228581371782173,True,True,encoded
4741,RHEA:38571,True,0.3572724171652102,True,True,encoded
4742,RHEA:38575,True,0.0894846257373599,False,False,clipzyme_graph_prereq_failed:unmapped_atoms
4743,RHEA:38579,True,0.155799652591031,True,True,encoded
4744,RHEA:38583,True,0.0997088823401843,True,True,encoded
4745,RHEA:38587,True,0.4994035997522381,True,True,encoded
4746,RHEA:38591,True,0.3195562836745953,True,True,encoded
4747,RHEA:38599,True,0.2154537163329933,True,True,encoded
4748,RHEA:38603,True,0.4428238423144949,True,True,encoded
4749,RHEA:38607,True,0.319122979596885,True,True,encoded
4750,RHEA:38611,True,0.7664331989831208,True,True,encoded
4751,RHEA:38615,True,0.7127602136455455,True,True,encoded
4752,RHEA:38623,True,0.1153786017662676,True,True,encoded
4753,RHEA:38627,True,0.054350527917813,True,True,encoded
4754,RHEA:38631,True,0.0679894268059957,True,True,encoded
4755,RHEA:38635,True,0.0746890283271974,True,True,encoded
4756,RHEA:38639,True,0.0501991328496091,True,True,encoded
4757,RHEA:38643,True,0.1092939128228668,True,True,encoded
4758,RHEA:38647,True,0.2179358798325409,True,True,encoded
4759,RHEA:38651,True,0.3081814311286763,True,True,encoded
4760,RHEA:38655,True,0.916265919484312,True,True,encoded
4761,RHEA:38659,True,0.319318048708391,True,True,encoded
4762,RHEA:38663,True,0.9354750259590434,True,True,encoded
4763,RHEA:38675,True,0.5841881873000639,True,True,encoded
4764,RHEA:38695,True,0.7675892574191235,True,True,encoded
4765,RHEA:38699,True,0.0641518757774742,False,False,clipzyme_graph_prereq_failed:unmapped_atoms
4766,RHEA:38703,True,0.0466139961651139,True,True,encoded
4767,RHEA:38707,True,0.0203341428550805,False,False,clipzyme_graph_prereq_failed:unmapped_atoms
4768,RHEA:38711,True,0.0351136575430284,False,False,clipzyme_graph_prereq_failed:unmapped_atoms
4769,RHEA:38723,True,0.0256993521921728,False,False,clipzyme_graph_prereq_failed:unmapped_atoms
4770,RHEA:38727,True,1.1307880084005717e-05,False,False,clipzyme_graph_prereq_failed:unmapped_atoms
4771,RHEA:38731,True,1.1307880084005717e-05,False,False,clipzyme_graph_prereq_failed:unmapped_atoms
4772,RHEA:38735,True,0.037959814730257,False,False,clipzyme_graph_prereq_failed:unmapped_atoms
4773,RHEA:38739,True,0.024882319784926,False,False,clipzyme_graph_prereq_failed:unmapped_atoms
4774,RHEA:38743,True,0.024882319784926,False,False,clipzyme_graph_prereq_failed:unmapped_atoms
4775,RHEA:38747,True,0.047354758802829,False,False,clipzyme_graph_prereq_failed:unmapped_atoms
4776,RHEA:38751,True,0.0666457079927005,False,False,clipzyme_graph_prereq_failed:unmapped_atoms
4777,RHEA:38755,True,0.0647050174717048,True,True,encoded
4778,RHEA:38759,True,0.0656374089191664,True,True,encoded
4779,RHEA:38763,True,0.0839368855150825,True,True,encoded
4780,RHEA:38767,True,0.0796394351436289,True,True,encoded
4781,RHEA:38771,True,0.0639032504863574,True,True,encoded
4782,RHEA:38775,True,0.09249278523228,True,True,encoded
4783,RHEA:38779,True,0.1695271717655115,True,True,encoded
4784,RHEA:38783,True,0.2083341501997481,True,True,encoded
4785,RHEA:38787,True,0.1607014760902417,True,True,encoded
4786,RHEA:38791,True,0.0487105810152001,True,True,encoded
4787,RHEA:38795,True,0.0405654871791216,True,True,encoded
4788,RHEA:38799,True,0.0536760428347631,True,True,encoded
4789,RHEA:38803,True,0.0578990676675817,True,True,encoded
4790,RHEA:38807,True,0.0874073489108959,True,True,encoded
4791,RHEA:38811,True,0.097448274234142,True,True,encoded
4792,RHEA:38815,True,0.0900073082242055,True,True,encoded
4793,RHEA:38819,True,0.0520637549436171,True,True,encoded
4794,RHEA:38823,True,0.1702421503900125,True,True,encoded
4795,RHEA:38827,True,0.2662592581423768,True,True,encoded
4796,RHEA:38831,True,0.4060027096125573,True,True,encoded
4797,RHEA:38835,True,0.2820164974719319,True,True,encoded
4798,RHEA:38839,True,0.2458313707620061,True,True,encoded
4799,RHEA:38843,True,0.3631947575646513,True,True,encoded
4800,RHEA:38851,True,0.9237534916261286,True,True,encoded
4801,RHEA:38855,True,0.3799953598100323,True,True,encoded
4802,RHEA:38859,True,0.1693857157597819,True,True,encoded
4803,RHEA:38863,True,0.0749371116046938,True,True,encoded
4804,RHEA:38867,True,0.8345622480620145,True,True,encoded
4805,RHEA:38871,True,0.8345622480620145,True,True,encoded
4806,RHEA:38875,True,0.8345622480620145,True,True,encoded
4807,RHEA:38879,True,0.8266392910043225,True,True,encoded
4808,RHEA:38883,True,0.0218339070254036,True,True,encoded
4809,RHEA:38887,True,0.6591834048751767,True,True,encoded
4810,RHEA:38891,True,0.3950886026814582,True,True,encoded
4811,RHEA:38895,True,0.9765031162457312,True,True,encoded
4812,RHEA:38903,True,0.1020800358476444,True,True,encoded
4813,RHEA:38907,True,0.8877603023071038,True,True,encoded
4814,RHEA:38911,True,0.5067969347052891,True,True,encoded
4815,RHEA:38915,True,0.3114591345287684,True,True,encoded
4816,RHEA:38919,True,0.2997034992722929,True,True,encoded
4817,RHEA:38927,True,0.7516257558999071,True,True,encoded
4818,RHEA:38931,True,0.7303003527525105,True,True,encoded
4819,RHEA:38935,True,0.2042577442465236,True,True,encoded
4820,RHEA:38943,True,0.2292171755505335,True,True,encoded
4821,RHEA:38947,True,0.2542341596197452,True,True,encoded
4822,RHEA:38951,True,0.0741907151128771,True,True,encoded
4823,RHEA:38959,True,0.1970662300423516,True,True,encoded
4824,RHEA:38963,True,0.2191288083186056,True,True,encoded
4825,RHEA:38971,True,0.0774271943397254,True,True,encoded
4826,RHEA:38975,True,0.2583048327289272,True,True,encoded
4827,RHEA:38979,True,0.2079792233926376,True,True,encoded
4828,RHEA:38983,True,0.3568849526411752,True,True,encoded
4829,RHEA:38987,True,0.1729311031581746,True,True,encoded
4830,RHEA:38991,True,0.3429792523004549,True,True,encoded
4831,RHEA:39015,True,0.2410397533022147,True,True,encoded
4832,RHEA:39019,True,0.2014290630370137,True,True,encoded
4833,RHEA:39027,True,0.5337004412054481,True,True,encoded
4834,RHEA:39031,True,0.6421215477039711,True,True,encoded
4835,RHEA:39043,True,0.1038336025627854,True,True,encoded
4836,RHEA:39047,True,0.0756043803190857,True,True,encoded
4837,RHEA:39051,True,0.2043904237633253,True,True,encoded
4838,RHEA:39055,True,0.1099681471768769,True,True,encoded
4839,RHEA:39059,True,0.0726364027879838,True,True,encoded
4840,RHEA:39063,True,0.1734718037867995,True,True,encoded
4841,RHEA:39075,True,0.330730852727964,True,True,encoded
4842,RHEA:39079,True,0.129003228295346,True,True,encoded
4843,RHEA:39091,True,0.3336668693127462,True,True,encoded
4844,RHEA:39095,True,0.149911537789984,True,True,encoded
4845,RHEA:39103,True,0.1855000706494681,True,True,encoded
4846,RHEA:39107,True,0.7741555008703094,True,True,encoded
4847,RHEA:39111,True,0.3907681372963907,True,True,encoded
4848,RHEA:39119,True,0.0859494886393336,True,True,encoded
4849,RHEA:39131,True,0.0154576084771347,True,True,encoded
4850,RHEA:39151,True,0.0471410792149501,True,True,encoded
4851,RHEA:39155,True,0.1716382265577427,True,True,encoded
4852,RHEA:39159,True,0.2037086932155574,True,True,encoded
4853,RHEA:39167,True,0.0190718690685321,True,True,encoded
4854,RHEA:39171,True,0.043045397148405,True,True,encoded
4855,RHEA:39175,True,0.1339944140274537,True,True,encoded
4856,RHEA:39179,True,0.0369463650769031,True,True,encoded
4857,RHEA:39183,True,0.0363676015923833,True,True,encoded
4858,RHEA:39187,True,0.1230976896172741,True,True,encoded
4859,RHEA:39191,True,0.0231367780416124,True,True,encoded
4860,RHEA:39195,True,0.0242420428382577,True,True,encoded
4861,RHEA:39199,True,0.0792123172436897,True,True,encoded
4862,RHEA:39203,True,0.0207259707071248,True,True,encoded
4863,RHEA:39207,True,0.0190337128576408,True,True,encoded
4864,RHEA:39211,True,0.0529315424739224,True,True,encoded
4865,RHEA:39215,True,0.0174435314172027,True,True,encoded
4866,RHEA:39287,True,0.5658437642267304,True,True,encoded
4867,RHEA:39311,True,0.0750461191531714,True,True,encoded
4868,RHEA:39319,True,0.0543862723434013,True,True,encoded
4869,RHEA:39323,True,0.0604930612580909,True,True,encoded
4870,RHEA:39331,True,0.0625960234452839,True,True,encoded
4871,RHEA:39459,True,0.0542667425534102,True,True,encoded
4872,RHEA:39467,True,0.0510335729559293,True,True,encoded
4873,RHEA:39567,True,0.0749261676522136,True,True,encoded
4874,RHEA:39571,True,0.0827624632490891,True,True,encoded
4875,RHEA:39647,True,0.7752159390592861,False,False,clipzyme_graph_prereq_failed:unmapped_atoms
4876,RHEA:39651,True,0.2096837705288325,True,True,encoded
4877,RHEA:39671,True,0.0875399981136123,False,False,clipzyme_graph_prereq_failed:unmapped_atoms
4878,RHEA:39675,True,0.019269836773127,True,True,encoded
4879,RHEA:39679,True,0.0221220733895403,True,True,encoded
4880,RHEA:39719,True,0.0433839849442824,True,True,encoded
4881,RHEA:39731,True,0.2181452302327888,True,True,encoded
4882,RHEA:39735,True,0.1417527554759389,True,True,encoded
4883,RHEA:39751,True,0.2174708074512649,True,True,encoded
4884,RHEA:39755,True,0.1353331213720497,True,True,encoded
4885,RHEA:39759,True,0.2047817744331986,True,True,encoded
4886,RHEA:39767,True,0.2258787414499358,True,True,encoded
4887,RHEA:39771,True,0.0233128553856976,True,True,encoded
4888,RHEA:39779,True,0.1679674979599528,True,True,encoded
4889,RHEA:39783,True,0.1679674979599528,True,True,encoded
4890,RHEA:39787,True,0.1647292815550211,True,True,encoded
4891,RHEA:39791,True,0.172220338121618,True,True,encoded
4892,RHEA:39795,True,0.2099125280739353,True,True,encoded
4893,RHEA:39799,True,0.5771952591930083,True,True,encoded
4894,RHEA:39803,True,0.0426309820717918,True,True,encoded
4895,RHEA:39811,True,0.2121841442844601,True,True,encoded
4896,RHEA:39815,True,0.2728339100381005,True,True,encoded
4897,RHEA:39819,True,0.1628950685596414,True,True,encoded
4898,RHEA:39835,True,0.3674865676688566,True,True,encoded
4899,RHEA:39867,True,0.1481722568042639,True,True,encoded
4900,RHEA:39883,True,0.3148751750639681,True,True,encoded
4901,RHEA:39887,True,0.1557303421731424,True,True,encoded
4902,RHEA:39891,True,0.281393421737483,True,True,encoded
4903,RHEA:39895,True,0.773656659916279,True,True,encoded
4904,RHEA:39899,True,0.7795326424485072,True,True,encoded
4905,RHEA:39907,True,0.7071188467123428,True,True,encoded
4906,RHEA:39911,True,0.7548043814629015,True,True,encoded
4907,RHEA:39923,True,0.2080085453136059,True,True,encoded
4908,RHEA:39927,True,0.4176617599691971,True,True,encoded
4909,RHEA:39931,True,0.111370392020847,True,True,encoded
4910,RHEA:39935,True,0.2418464867150014,False,False,clipzyme_graph_prereq_failed:unmapped_atoms
4911,RHEA:39939,True,0.2149504542633147,False,False,clipzyme_graph_prereq_failed:unmapped_atoms
4912,RHEA:39951,True,0.0313623066829198,True,True,encoded
4913,RHEA:39955,True,0.8643511944312632,False,False,clipzyme_graph_prereq_failed:unmapped_atoms
4914,RHEA:39959,True,0.6549844288698681,True,True,encoded
4915,RHEA:39963,True,0.3647809753049919,True,True,encoded
4916,RHEA:39975,True,0.9706547544864522,True,True,encoded
4917,RHEA:39979,True,0.8820561731085729,True,True,encoded
4918,RHEA:39987,True,0.0568942384114865,False,False,clipzyme_graph_prereq_failed:unmapped_atoms
4919,RHEA:40007,True,0.2671591595882211,True,True,encoded
4920,RHEA:40011,True,0.1464191090060781,True,True,encoded
4921,RHEA:40015,True,0.1464191090060781,True,True,encoded
4922,RHEA:40019,True,0.2671591595882211,True,True,encoded
4923,RHEA:40023,True,0.2671591595882211,True,True,encoded
4924,RHEA:40027,True,0.1347249616017171,True,True,encoded
4925,RHEA:40031,True,0.1464191090060781,True,True,encoded
4926,RHEA:40035,True,0.1801546176851552,True,True,encoded
4927,RHEA:40039,True,0.0014369385900818,True,True,encoded
4928,RHEA:40043,True,0.1117338987982957,True,True,encoded
4929,RHEA:40047,True,0.7245864565775922,True,True,encoded
4930,RHEA:40051,True,0.8910105468372479,True,True,encoded
4931,RHEA:40059,True,0.289369519043768,True,True,encoded
4932,RHEA:40075,True,0.8605110013294642,True,True,encoded
4933,RHEA:40079,True,0.0615852365068719,True,True,encoded
4934,RHEA:40083,True,0.0611667114090205,True,True,encoded
4935,RHEA:40099,True,0.0800588813626262,True,True,encoded
4936,RHEA:40103,True,0.2743435220600048,True,True,encoded
4937,RHEA:40107,True,0.0864928280694866,True,True,encoded
4938,RHEA:40111,True,0.3024194212295467,True,True,encoded
4939,RHEA:40115,True,0.3008038725247336,True,True,encoded
4940,RHEA:40119,True,0.2246461329021734,True,True,encoded
4941,RHEA:40131,True,0.2259772217661726,True,True,encoded
4942,RHEA:40135,True,0.266505970741602,True,True,encoded
4943,RHEA:40139,True,0.2019085949551651,True,True,encoded
4944,RHEA:40143,True,0.2419537773281032,True,True,encoded
4945,RHEA:40147,True,0.1072399123683822,True,True,encoded
4946,RHEA:40151,True,0.222272053047733,True,True,encoded
4947,RHEA:40155,True,0.1550001889368493,True,True,encoded
4948,RHEA:40159,True,0.5554703085252604,True,True,encoded
4949,RHEA:40163,True,0.4744526680496241,True,True,encoded
4950,RHEA:40167,True,0.1072540544371092,True,True,encoded
4951,RHEA:40171,True,0.1587677867708243,True,True,encoded
4952,RHEA:40175,True,0.1860540235580466,True,True,encoded
4953,RHEA:40179,True,0.1637843193349752,True,True,encoded
4954,RHEA:40183,True,0.1161104301907893,True,True,encoded
4955,RHEA:40187,True,0.3703338454595149,True,True,encoded
4956,RHEA:40191,True,0.2079860985503758,True,True,encoded
4957,RHEA:40195,True,0.0222230194709339,True,True,encoded
4958,RHEA:40199,True,0.1928582930612317,True,True,encoded
4959,RHEA:40203,True,0.229446050770595,True,True,encoded
4960,RHEA:40207,True,0.3068125073785234,True,True,encoded
4961,RHEA:40211,True,0.1365639804767092,True,True,encoded
4962,RHEA:40219,True,0.3220119941663283,True,True,encoded
4963,RHEA:40223,True,0.2664956550689358,True,True,encoded
4964,RHEA:40227,True,0.1024274178138409,True,True,encoded
4965,RHEA:40231,True,0.176676361717088,True,True,encoded
4966,RHEA:40235,True,0.2068851430269354,True,True,encoded
4967,RHEA:40243,True,0.119540869374332,True,True,encoded
4968,RHEA:40247,True,0.9643148781515192,True,True,encoded
4969,RHEA:40251,True,0.96416500784996,True,True,encoded
4970,RHEA:40255,True,0.282438845174619,True,True,encoded
4971,RHEA:40259,True,0.282438845174619,True,True,encoded
4972,RHEA:40263,True,0.1398321658863831,True,True,encoded
4973,RHEA:40267,True,0.1398321658863831,True,True,encoded
4974,RHEA:40275,True,0.1408585959353813,True,True,encoded
4975,RHEA:40279,True,0.1560027536021504,True,True,encoded
4976,RHEA:40299,True,0.1903740363614589,True,True,encoded
4977,RHEA:40311,True,0.1742310495362341,True,True,encoded
4978,RHEA:40315,True,0.1822579744227734,True,True,encoded
4979,RHEA:40319,True,0.0422868551090137,True,True,encoded
4980,RHEA:40323,True,0.1582494816672077,True,True,encoded
4981,RHEA:40327,True,0.0939874650595442,True,True,encoded
4982,RHEA:40331,True,0.1080413774728951,True,True,encoded
4983,RHEA:40335,True,0.1692634929323127,True,True,encoded
4984,RHEA:40339,True,0.1517484242056752,True,True,encoded
4985,RHEA:40343,True,0.0409763701720028,True,True,encoded
4986,RHEA:40351,True,0.1284673573391022,True,True,encoded
4987,RHEA:40355,True,0.1189272561814439,True,True,encoded
4988,RHEA:40359,True,0.108594597164313,True,True,encoded
4989,RHEA:40363,True,0.0272106693694146,True,True,encoded
4990,RHEA:40367,True,0.0360230217146759,True,True,encoded
4991,RHEA:40375,True,0.1266428798922758,True,True,encoded
4992,RHEA:40379,True,0.1239089799384285,True,True,encoded
4993,RHEA:40383,True,0.1389542448269926,True,True,encoded
4994,RHEA:40387,True,0.1151431611554877,True,True,encoded
4995,RHEA:40395,True,0.5692790644380012,True,True,encoded
4996,RHEA:40399,True,0.3119111726381621,True,True,encoded
4997,RHEA:40403,True,0.1518087120291212,True,True,encoded
4998,RHEA:40407,True,0.1409692534465725,True,True,encoded
4999,RHEA:40411,True,0.030372332076337,True,True,encoded
5000,RHEA:40415,True,0.2055674368112898,True,True,encoded
5001,RHEA:40419,True,0.1805228884215554,True,True,encoded
5002,RHEA:40423,True,0.0799929999698284,True,True,encoded
5003,RHEA:40427,True,0.1835037263021269,True,True,encoded
5004,RHEA:40431,True,0.5409277676444537,True,True,encoded
5005,RHEA:40435,True,0.2084473825086576,True,True,encoded
5006,RHEA:40439,True,0.6976895687967314,True,True,encoded
5007,RHEA:40443,True,0.1525396961551681,True,True,encoded
5008,RHEA:40447,True,0.1936940969771554,True,True,encoded
5009,RHEA:40451,True,0.2409301732162109,True,True,encoded
5010,RHEA:40455,True,0.2822080417807066,True,True,encoded
5011,RHEA:40459,True,0.123922171647934,True,True,encoded
5012,RHEA:40463,True,9.278692906842824e-05,True,True,encoded
5013,RHEA:40467,True,0.0134398239319956,True,True,encoded
5014,RHEA:40475,True,0.4293408097222628,False,False,clipzyme_graph_prereq_failed:unmapped_atoms
5015,RHEA:40479,True,0.18807276793956,True,True,encoded
5016,RHEA:40483,True,0.2400490203002072,True,True,encoded
5017,RHEA:40487,True,0.1486848978225292,True,True,encoded
5018,RHEA:40491,True,0.168821708976617,True,True,encoded
5019,RHEA:40495,True,0.5324336767232282,True,True,encoded
5020,RHEA:40499,True,0.6329759872775303,True,True,encoded
5021,RHEA:40503,True,0.2536848755976674,True,True,encoded
5022,RHEA:40511,True,0.5846369672102226,True,True,encoded
5023,RHEA:40515,True,0.2272775158132114,True,True,encoded
5024,RHEA:40519,True,0.1458537925895551,True,True,encoded
5025,RHEA:40523,True,0.3095343713725713,True,True,encoded
5026,RHEA:40531,True,0.167631540544897,True,True,encoded
5027,RHEA:40535,True,0.002776050634103,True,True,encoded
5028,RHEA:40539,True,0.2132861782585788,True,True,encoded
5029,RHEA:40543,True,0.2079468506064684,True,True,encoded
5030,RHEA:40547,True,0.0016426228635973,True,True,encoded
5031,RHEA:40551,True,0.6011747313011105,True,True,encoded
5032,RHEA:40555,True,0.000398401604551,True,True,encoded
5033,RHEA:40559,True,0.2569495237361223,True,True,encoded
5034,RHEA:40563,True,0.1878287978691987,True,True,encoded
5035,RHEA:40571,True,0.1795081951565727,True,True,encoded
5036,RHEA:40575,True,0.2992308018064783,True,True,encoded
5037,RHEA:40579,True,0.1852084210691118,True,True,encoded
5038,RHEA:40583,True,0.2624192509716426,True,True,encoded
5039,RHEA:40587,True,0.2316855749575193,True,True,encoded
5040,RHEA:40591,True,0.2234659616570882,True,True,encoded
5041,RHEA:40595,True,0.224017249878826,True,True,encoded
5042,RHEA:40639,True,0.8313196498207324,True,True,encoded
5043,RHEA:40643,True,0.3053141428217091,True,True,encoded
5044,RHEA:40647,True,0.7251747541270824,True,True,encoded
5045,RHEA:40651,True,0.2579834448565886,True,True,encoded
5046,RHEA:40655,True,0.1355724684542177,True,True,encoded
5047,RHEA:40659,True,0.0997350751526342,True,True,encoded
5048,RHEA:40671,True,0.9658319384058583,True,True,encoded
5049,RHEA:40715,True,0.0812130231832388,True,True,encoded
5050,RHEA:40719,True,0.1074961593678928,True,True,encoded
5051,RHEA:40723,True,0.2019085949551651,True,True,encoded
5052,RHEA:40727,True,0.3491811722052184,True,True,encoded
5053,RHEA:40747,True,0.2412858929992168,True,True,encoded
5054,RHEA:40783,True,0.0931520364935695,True,True,encoded
5055,RHEA:40787,True,0.06849482492324,True,True,encoded
5056,RHEA:40791,True,0.0523185743260187,True,True,encoded
5057,RHEA:40795,True,0.4375734546617821,True,True,encoded
5058,RHEA:40799,True,0.2793782800357947,True,True,encoded
5059,RHEA:40803,True,0.230850152853093,True,True,encoded
5060,RHEA:40807,True,0.2322969032079425,True,True,encoded
5061,RHEA:40811,True,0.1875812702809386,True,True,encoded
5062,RHEA:40815,True,0.552087408956114,True,True,encoded
5063,RHEA:40819,True,0.1269082386962507,True,True,encoded
5064,RHEA:40823,True,0.1592982499878857,True,True,encoded
5065,RHEA:40827,True,0.2681975112057939,True,True,encoded
5066,RHEA:40831,True,0.2615460695060858,True,True,encoded
5067,RHEA:40879,True,0.0227084106211986,True,True,encoded
5068,RHEA:40887,True,0.1700809415821365,True,True,encoded
5069,RHEA:40891,True,0.5744085974711313,True,True,encoded
5070,RHEA:40895,True,0.670577548928146,True,True,encoded
5071,RHEA:40899,True,0.0528173190679973,True,True,encoded
5072,RHEA:40903,True,0.224687037411073,True,True,encoded
5073,RHEA:40907,True,0.0125898448260895,True,True,encoded
5074,RHEA:40911,True,0.4641645725560103,True,True,encoded
5075,RHEA:40915,True,0.2110051209965134,True,True,encoded
5076,RHEA:40919,True,0.3536424405801143,True,True,encoded
5077,RHEA:40923,True,0.2064175635243793,True,True,encoded
5078,RHEA:40927,True,0.5627662213018132,True,True,encoded
5079,RHEA:40931,True,0.257457915898046,True,True,encoded
5080,RHEA:40943,True,0.3095745054795129,True,True,encoded
5081,RHEA:40951,True,0.9888090372718537,True,True,encoded
5082,RHEA:40955,True,0.0959300878204296,True,True,encoded
5083,RHEA:40959,True,0.0317428297079693,True,True,encoded
5084,RHEA:40963,True,0.0003104124602197,True,True,encoded
5085,RHEA:40967,True,0.3580079293602211,True,True,encoded
5086,RHEA:40971,True,0.2161142900514891,True,True,encoded
5087,RHEA:40975,True,0.0231922154424605,True,True,encoded
5088,RHEA:40979,True,0.3034668365876536,True,True,encoded
5089,RHEA:40983,True,0.1934511634075963,True,True,encoded
5090,RHEA:40991,True,0.3600376183534143,True,True,encoded
5091,RHEA:40995,True,0.3358553642143533,True,True,encoded
5092,RHEA:40999,True,0.3427565223843041,True,True,encoded
5093,RHEA:41003,True,0.2981970729415927,True,True,encoded
5094,RHEA:41007,True,0.0943992812174644,True,True,encoded
5095,RHEA:41063,True,0.1543415363003009,True,True,encoded
5096,RHEA:41067,True,0.177006068585143,True,True,encoded
5097,RHEA:41071,True,0.2208599529825386,True,True,encoded
5098,RHEA:41075,True,0.1843430168566016,True,True,encoded
5099,RHEA:41079,True,0.1980665115035509,True,True,encoded
5100,RHEA:41087,True,0.11495713732391,True,True,encoded
5101,RHEA:41091,True,0.3142231540967121,True,True,encoded
5102,RHEA:41095,True,0.3334493287236101,True,True,encoded
5103,RHEA:41099,True,0.1287302406209452,True,True,encoded
5104,RHEA:41103,True,0.0397804436281052,True,True,encoded
5105,RHEA:41107,True,0.2354532229948637,True,True,encoded
5106,RHEA:41111,True,0.0370004243879204,True,True,encoded
5107,RHEA:41115,True,0.3384077200603411,True,True,encoded
5108,RHEA:41119,True,0.2486011156352736,True,True,encoded
5109,RHEA:41123,True,0.4629123304569745,True,True,encoded
5110,RHEA:41127,True,0.3657682875431045,True,True,encoded
5111,RHEA:41131,True,0.3385729020255413,True,True,encoded
5112,RHEA:41135,True,0.3524383763202829,True,True,encoded
5113,RHEA:41139,True,0.3095984339783523,True,True,encoded
5114,RHEA:41143,True,0.2497952350715829,True,True,encoded
5115,RHEA:41147,True,0.4877578940047657,True,True,encoded
5116,RHEA:41151,True,0.2254891468708185,True,True,encoded
5117,RHEA:41155,True,0.2296620963558947,True,True,encoded
5118,RHEA:41159,True,0.1968680217510258,True,True,encoded
5119,RHEA:41163,True,0.1682369929455394,True,True,encoded
5120,RHEA:41175,True,0.689810665800351,True,True,encoded
5121,RHEA:41179,True,0.2423974263199628,True,True,encoded
5122,RHEA:41183,True,0.1629870526931958,True,True,encoded
5123,RHEA:41187,True,0.4915496322073779,True,True,encoded
5124,RHEA:41191,True,0.256028774130781,True,True,encoded
5125,RHEA:41195,True,0.2506495796990556,True,True,encoded
5126,RHEA:41199,True,0.2399097997214352,True,True,encoded
5127,RHEA:41203,True,0.220839480067659,True,True,encoded
5128,RHEA:41211,True,0.4637389650194479,True,True,encoded
5129,RHEA:41215,True,0.3225523328103261,True,True,encoded
5130,RHEA:41219,True,0.3580079293602211,True,True,encoded
5131,RHEA:41223,True,0.1379858567618065,True,True,encoded
5132,RHEA:41227,True,0.5441821858229776,True,True,encoded
5133,RHEA:41231,True,0.1370874182806585,True,True,encoded
5134,RHEA:41239,True,0.5854079685169186,True,True,encoded
5135,RHEA:41243,True,0.5079480189242849,True,True,encoded
5136,RHEA:41251,True,0.7556085175305839,True,True,encoded
5137,RHEA:41255,True,0.2805348883980193,True,True,encoded
5138,RHEA:41263,True,0.7287661079723096,True,True,encoded
5139,RHEA:41267,True,0.2531837412455732,True,True,encoded
5140,RHEA:41271,True,0.2061874296059727,True,True,encoded
5141,RHEA:41275,True,0.3051508394318453,True,True,encoded
5142,RHEA:41279,True,0.329050252958538,True,True,encoded
5143,RHEA:41283,True,0.1783907729679527,True,True,encoded
5144,RHEA:41287,True,0.516386370280209,True,True,encoded
5145,RHEA:41291,True,0.5228994362680283,True,True,encoded
5146,RHEA:41295,True,0.6523812415754096,True,True,encoded
5147,RHEA:41299,True,0.474974508534027,True,True,encoded
5148,RHEA:41303,True,0.5638334930417773,True,True,encoded
5149,RHEA:41307,True,0.1570530075994212,True,True,encoded
5150,RHEA:41311,True,0.6620554086138031,True,True,encoded
5151,RHEA:41315,True,0.6620554086138031,True,True,encoded
5152,RHEA:41320,True,0.2973621516225546,True,True,encoded
5153,RHEA:41324,True,0.5737745107170343,True,True,encoded
5154,RHEA:41328,True,0.5477861020675234,True,True,encoded
5155,RHEA:41332,True,0.6007667613719753,True,True,encoded
5156,RHEA:41336,True,0.6024526501685012,True,True,encoded
5157,RHEA:41340,True,0.605347819673275,True,True,encoded
5158,RHEA:41344,True,0.6095745050092399,True,True,encoded
5159,RHEA:41348,True,0.5305693861992293,True,True,encoded
5160,RHEA:41352,True,0.1805454013528943,True,True,encoded
5161,RHEA:41360,True,0.0042129277586618,False,False,clipzyme_graph_prereq_failed:unmapped_atoms
5162,RHEA:41364,True,0.0166876931144949,True,True,encoded
5163,RHEA:41368,True,0.2448449936155154,True,True,encoded
5164,RHEA:41372,True,0.2705590662887687,True,True,encoded
5165,RHEA:41376,True,0.3330744455346471,True,True,encoded
5166,RHEA:41380,True,0.4991365789449887,True,True,encoded
5167,RHEA:41384,True,0.0491728225441812,False,False,clipzyme_graph_prereq_failed:unmapped_atoms
5168,RHEA:41388,True,0.192955157243826,True,True,encoded
5169,RHEA:41396,True,0.1216526774933475,True,True,encoded
5170,RHEA:41400,True,0.398618880886828,True,True,encoded
5171,RHEA:41408,True,0.1036258747893501,True,True,encoded
5172,RHEA:41412,True,0.3490287246736783,True,True,encoded
5173,RHEA:41416,True,0.4096656879557142,True,True,encoded
5174,RHEA:41420,True,0.0218073839109553,True,True,encoded
5175,RHEA:41424,True,0.0471802243499029,True,True,encoded
5176,RHEA:41428,True,0.5370996444814914,True,True,encoded
5177,RHEA:41432,True,0.8489605695802007,True,True,encoded
5178,RHEA:41436,True,0.1250630435674515,True,True,encoded
5179,RHEA:41440,True,0.2567953975655831,True,True,encoded
5180,RHEA:41444,True,0.308709738577632,True,True,encoded
5181,RHEA:41448,True,0.2768204757657957,True,True,encoded
5182,RHEA:41452,True,0.2708795588434216,True,True,encoded
5183,RHEA:41464,True,0.2307577762988441,True,True,encoded
5184,RHEA:41468,True,0.2199376327218622,True,True,encoded
5185,RHEA:41472,True,0.2395933960455525,True,True,encoded
5186,RHEA:41476,True,0.1418081880457365,True,True,encoded
5187,RHEA:41484,True,0.5010003749809352,True,True,encoded
5188,RHEA:41488,True,0.4405963482500686,True,True,encoded
5189,RHEA:41492,True,0.3413977797896038,True,True,encoded
5190,RHEA:41496,True,0.4025995362216161,True,True,encoded
5191,RHEA:41500,True,0.4777379396383875,True,True,encoded
5192,RHEA:41508,True,0.3081711555865078,True,True,encoded
5193,RHEA:41512,True,0.6717851693978467,True,True,encoded
5194,RHEA:41516,True,0.13321862187873,True,True,encoded
5195,RHEA:41520,True,0.1907669615479012,True,True,encoded
5196,RHEA:41524,False,,False,False,mapping_unsupported
5197,RHEA:41528,True,0.5664284257462179,True,True,encoded
5198,RHEA:41532,True,0.794678952893389,True,True,encoded
5199,RHEA:41536,True,0.8479031109380255,True,True,encoded
5200,RHEA:41540,True,0.8031558253911419,True,True,encoded
5201,RHEA:41544,True,0.8200372098327682,True,True,encoded
5202,RHEA:41548,True,0.8219618046341814,True,True,encoded
5203,RHEA:41552,True,0.0233397562439908,True,True,encoded
5204,RHEA:41556,True,0.3208642868112651,True,True,encoded
5205,RHEA:41560,True,0.6184685468838594,True,True,encoded
5206,RHEA:41564,True,0.6735005504552388,True,True,encoded
5207,RHEA:41568,True,0.5698206391739719,True,True,encoded
5208,RHEA:41572,True,0.6441125965499196,True,True,encoded
5209,RHEA:41576,True,0.7592765227402388,True,True,encoded
5210,RHEA:41580,True,0.1106537988757912,True,True,encoded
5211,RHEA:41584,True,0.1252701549175324,True,True,encoded
5212,RHEA:41588,True,0.3867498164763957,True,True,encoded
5213,RHEA:41592,True,0.6296542895470266,True,True,encoded
5214,RHEA:41596,True,0.6901809294408323,True,True,encoded
5215,RHEA:41600,True,0.4711861416427341,True,True,encoded
5216,RHEA:41604,True,0.4432392113861348,True,True,encoded
5217,RHEA:41608,True,0.0969761476288023,True,True,encoded
5218,RHEA:41612,True,0.3663263311161198,True,True,encoded
5219,RHEA:41616,True,0.1785905924582297,True,True,encoded
5220,RHEA:41624,True,0.3002910204449552,True,True,encoded
5221,RHEA:41628,True,0.0417508012911663,True,True,encoded
5222,RHEA:41640,True,0.0245762000170646,True,True,encoded
5223,RHEA:41644,True,0.0232237857757051,True,True,encoded
5224,RHEA:41648,True,0.1785568184800321,True,True,encoded
5225,RHEA:41656,True,0.3635032075738925,True,True,encoded
5226,RHEA:41660,True,0.7108033484359008,True,True,encoded
5227,RHEA:41664,True,0.6091051281722295,True,True,encoded
5228,RHEA:41668,True,0.4012021308320615,True,True,encoded
5229,RHEA:41672,True,0.1556242928969942,True,True,encoded
5230,RHEA:41676,True,0.1409756475860232,True,True,encoded
5231,RHEA:41684,True,0.3354589983133981,True,True,encoded
5232,RHEA:41688,True,0.1902174925088793,True,True,encoded
5233,RHEA:41692,True,0.2094313071851217,True,True,encoded
5234,RHEA:41696,True,0.1794977785228162,True,True,encoded
5235,RHEA:41700,True,0.1780795979177454,True,True,encoded
5236,RHEA:41704,True,0.2763044315993446,True,True,encoded
5237,RHEA:41708,True,0.5624325880243288,True,True,encoded
5238,RHEA:41712,True,0.4102155320615335,True,True,encoded
5239,RHEA:41716,True,0.9088438644122604,True,True,encoded
5240,RHEA:41720,True,0.3229980828840646,True,True,encoded
5241,RHEA:41724,True,0.2174702562111366,True,True,encoded
5242,RHEA:41728,True,0.2161251639267012,True,True,encoded
5243,RHEA:41736,True,0.0863985225080696,True,True,encoded
5244,RHEA:41740,True,0.0604559911448026,True,True,encoded
5245,RHEA:41744,True,0.1089911293874071,True,True,encoded
5246,RHEA:41748,True,0.1189928556178871,True,True,encoded
5247,RHEA:41752,True,0.4009131661409454,True,True,encoded
5248,RHEA:41756,True,0.6753737355383331,True,True,encoded
5249,RHEA:41760,True,0.3352350271063364,True,True,encoded
5250,RHEA:41764,True,0.1528698265427813,True,True,encoded
5251,RHEA:41768,False,,False,False,mapping_unsupported
5252,RHEA:41772,False,,False,False,mapping_unsupported
5253,RHEA:41776,True,0.1070388609742265,True,True,encoded
5254,RHEA:41780,True,0.7745780823592631,True,True,encoded
5255,RHEA:41784,True,0.0952450489215347,True,True,encoded
5256,RHEA:41788,True,0.0756820980367434,True,True,encoded
5257,RHEA:41792,True,0.1617125912673858,True,True,encoded
5258,RHEA:41796,True,0.1504875969228591,True,True,encoded
5259,RHEA:41800,True,0.14084664164417,True,True,encoded
5260,RHEA:41804,True,0.2761581462272849,True,True,encoded
5261,RHEA:41808,True,0.7163768747044298,True,True,encoded
5262,RHEA:41812,True,0.3338270707964496,True,True,encoded
5263,RHEA:41816,True,0.1442341290938693,True,True,encoded
5264,RHEA:41820,True,0.2270276243685931,True,True,encoded
5265,RHEA:41824,True,0.2839288398797472,True,True,encoded
5266,RHEA:41828,True,0.7257281998828871,True,True,encoded
5267,RHEA:41832,True,0.2953368222467384,True,True,encoded
5268,RHEA:41836,True,0.1839015364188404,True,True,encoded
5269,RHEA:41840,True,0.2706586918228318,True,True,encoded
5270,RHEA:41844,True,0.7207981914359406,True,True,encoded
5271,RHEA:41848,True,0.2716458394192408,True,True,encoded
5272,RHEA:41852,True,0.1829878817538184,True,True,encoded
5273,RHEA:41856,True,0.2979638492908503,True,True,encoded
5274,RHEA:41860,True,0.7057785090785617,True,True,encoded
5275,RHEA:41864,True,0.2710070166084616,True,True,encoded
5276,RHEA:41868,True,0.1508928784111106,True,True,encoded
5277,RHEA:41872,True,0.2295872097864952,True,True,encoded
5278,RHEA:41876,True,0.6568609582393435,True,True,encoded
5279,RHEA:41880,True,0.2665325777865412,True,True,encoded
5280,RHEA:41884,True,0.1590059163542776,True,True,encoded
5281,RHEA:41888,True,0.2071661832983382,True,True,encoded
5282,RHEA:41892,True,0.618198805255583,True,True,encoded
5283,RHEA:41896,True,0.241714977950608,True,True,encoded
5284,RHEA:41900,True,0.1537145170334684,True,True,encoded
5285,RHEA:41904,True,0.2168215798202293,True,True,encoded
5286,RHEA:41908,True,0.617593398782528,True,True,encoded
5287,RHEA:41912,True,0.2053898367861608,True,True,encoded
5288,RHEA:41916,True,0.1156191708065288,True,True,encoded
5289,RHEA:41920,True,0.1979901210706058,True,True,encoded
5290,RHEA:41924,True,0.5369665919043423,True,True,encoded
5291,RHEA:41928,True,0.1837497149429463,True,True,encoded
5292,RHEA:41932,True,0.6051212115083354,True,True,encoded
5293,RHEA:41936,True,0.2198145292632543,True,True,encoded
5294,RHEA:41940,True,0.2011060262462006,True,True,encoded
5295,RHEA:41944,True,0.2477753835482542,True,True,encoded
5296,RHEA:41948,True,0.1074105906574239,True,True,encoded
5297,RHEA:41952,True,0.7617543642571406,True,True,encoded
5298,RHEA:41956,True,0.9234408545053692,True,True,encoded
5299,RHEA:41960,True,0.4326199344330649,True,True,encoded
5300,RHEA:41964,True,0.1617274786513765,True,True,encoded
5301,RHEA:41968,True,0.1496458641219234,True,True,encoded
5302,RHEA:41972,False,,False,False,mapping_unsupported
5303,RHEA:41976,False,,False,False,mapping_unsupported
5304,RHEA:41980,True,0.7677771020461993,True,True,encoded
5305,RHEA:41984,True,0.6628200536798639,True,True,encoded
5306,RHEA:41988,True,0.7677771020461993,True,True,encoded
5307,RHEA:41992,True,0.8157344331020472,True,True,encoded
5308,RHEA:41996,True,0.3036626484272284,True,True,encoded
5309,RHEA:42000,True,0.4766254244281526,True,True,encoded
5310,RHEA:42004,True,0.7978066836172724,True,True,encoded
5311,RHEA:42008,True,0.7537692668648713,True,True,encoded
5312,RHEA:42012,True,0.7698672654840305,True,True,encoded
5313,RHEA:42016,True,0.7578623907618738,True,True,encoded
5314,RHEA:42020,True,0.7787996204115777,True,True,encoded
5315,RHEA:42024,True,0.7488290803279201,True,True,encoded
5316,RHEA:42028,True,0.7488290803279201,True,True,encoded
5317,RHEA:42032,True,0.0056865091879614,True,True,encoded
5318,RHEA:42036,True,0.7488290803279201,True,True,encoded
5319,RHEA:42040,True,0.1515061775514114,True,True,encoded
5320,RHEA:42044,True,0.1608458438058202,True,True,encoded
5321,RHEA:42048,True,0.1823587910994312,True,True,encoded
5322,RHEA:42052,True,0.5353884789299935,True,True,encoded
5323,RHEA:42056,True,0.5353884789299935,True,True,encoded
5324,RHEA:42060,True,0.5353884789299935,True,True,encoded
5325,RHEA:42064,True,0.0012107226201581,True,True,encoded
5326,RHEA:42072,True,0.8766848136229317,True,True,encoded
5327,RHEA:42080,True,0.5060718056342909,True,True,encoded
5328,RHEA:42084,True,0.5060718056342909,True,True,encoded
5329,RHEA:42088,True,0.2073651038530848,True,True,encoded
5330,RHEA:42092,True,0.1640148688622849,True,True,encoded
5331,RHEA:42096,True,0.0271517486112028,True,True,encoded
5332,RHEA:42100,True,0.0240591305013486,True,True,encoded
5333,RHEA:42108,True,0.7224611960259143,True,True,encoded
5334,RHEA:42112,True,0.400753715775161,True,True,encoded
5335,RHEA:42116,True,0.4311419367694397,True,True,encoded
5336,RHEA:42120,True,0.4237768305525308,True,True,encoded
5337,RHEA:42124,True,0.824636022934822,True,True,encoded
5338,RHEA:42128,True,0.4245163303258706,True,True,encoded
5339,RHEA:42132,True,0.9086144423561466,True,True,encoded
5340,RHEA:42136,True,0.7480186775804414,True,True,encoded
5341,RHEA:42140,True,0.1755497468986105,True,True,encoded
5342,RHEA:42144,True,0.4371686809880006,True,True,encoded
5343,RHEA:42148,True,0.7809933466366056,True,True,encoded
5344,RHEA:42156,True,0.4270551527514025,True,True,encoded
5345,RHEA:42160,True,0.096146678351819,False,False,clipzyme_graph_prereq_failed:unmapped_atoms
5346,RHEA:42164,True,0.0721344390814136,False,False,clipzyme_graph_prereq_failed:unmapped_atoms
5347,RHEA:42168,True,0.4306569322061178,True,True,encoded
5348,RHEA:42176,True,0.1199660077218892,True,True,encoded
5349,RHEA:42180,True,0.0892445964057013,True,True,encoded
5350,RHEA:42184,True,0.7978066284985518,True,True,encoded
5351,RHEA:42188,True,0.7843841843213126,True,True,encoded
5352,RHEA:42192,True,0.086981375820515,True,True,encoded
5353,RHEA:42196,True,0.078068562406675,True,True,encoded
5354,RHEA:42200,True,0.4207595961874423,True,True,encoded
5355,RHEA:42204,True,0.7766866799621567,True,True,encoded
5356,RHEA:42212,True,0.9099846536253962,True,True,encoded
5357,RHEA:42216,True,0.0579811249148252,True,True,encoded
5358,RHEA:42220,True,0.0436498209177008,True,True,encoded
5359,RHEA:42232,True,0.0513978768763264,True,True,encoded
5360,RHEA:42236,True,0.0823142262986969,True,True,encoded
5361,RHEA:42240,True,0.0972033437191558,True,True,encoded
5362,RHEA:42244,True,0.0822843328011229,True,True,encoded
5363,RHEA:42248,True,0.0918817613386418,True,True,encoded
5364,RHEA:42252,True,0.0584323128783884,True,True,encoded
5365,RHEA:42256,True,0.0875718344988218,True,True,encoded
5366,RHEA:42260,True,0.0552553201029207,True,True,encoded
5367,RHEA:42264,True,0.0559738048501737,True,True,encoded
5368,RHEA:42268,True,0.0417805102951962,True,True,encoded
5369,RHEA:42272,True,0.0538368304107867,True,True,encoded
5370,RHEA:42276,True,0.0689126825852614,True,True,encoded
5371,RHEA:42280,True,0.6106558502664037,True,True,encoded
5372,RHEA:42284,True,0.5918352093786647,True,True,encoded
5373,RHEA:42288,True,0.5319221344270116,True,True,encoded
5374,RHEA:42292,True,0.3087075408671847,True,True,encoded
5375,RHEA:42296,True,0.3582470267025842,True,True,encoded
5376,RHEA:42300,True,0.3743187366760368,True,True,encoded
5377,RHEA:42304,True,0.2581216303240106,True,True,encoded
5378,RHEA:42308,True,0.4027777664450856,True,True,encoded
5379,RHEA:42312,True,0.1515755165317831,True,True,encoded
5380,RHEA:42316,True,0.0806273492501291,True,True,encoded
5381,RHEA:42320,True,0.4217561484737426,True,True,encoded
5382,RHEA:42328,True,0.4027777664450856,True,True,encoded
5383,RHEA:42332,True,0.1300957531450633,True,True,encoded
5384,RHEA:42336,True,0.2351223991804615,True,True,encoded
5385,RHEA:42340,True,0.7708691242668533,True,True,encoded
5386,RHEA:42344,True,0.3435484117615956,True,True,encoded
5387,RHEA:42348,True,0.0367265474976047,True,True,encoded
5388,RHEA:42356,True,0.0234266423514352,True,True,encoded
5389,RHEA:42360,True,0.974410578585309,True,True,encoded
5390,RHEA:42368,True,0.2426914596733893,True,True,encoded
5391,RHEA:42380,True,0.127895768600698,False,False,clipzyme_graph_prereq_failed:reactant_product_map_sets_differ
5392,RHEA:42384,True,0.3393198905444227,True,True,encoded
5393,RHEA:42388,True,0.4550982888875516,True,True,encoded
5394,RHEA:42396,True,0.209596348829165,True,True,encoded
5395,RHEA:42400,True,0.3212695757075858,True,True,encoded
5396,RHEA:42408,True,0.099163772249738,True,True,encoded
5397,RHEA:42412,True,0.0170569274744408,True,True,encoded
5398,RHEA:42420,True,0.2292640600184314,True,True,encoded
5399,RHEA:42424,True,0.848764365466458,True,True,encoded
5400,RHEA:42436,True,0.4462529931673613,True,True,encoded
5401,RHEA:42440,True,0.7534283853870372,True,True,encoded
5402,RHEA:42448,True,0.2750570295908579,True,True,encoded
5403,RHEA:42484,True,0.4306509968227364,True,True,encoded
5404,RHEA:42488,True,0.1420775220962768,True,True,encoded
5405,RHEA:42520,True,0.8345622480620145,True,True,encoded
5406,RHEA:42524,True,0.0377339976417159,True,True,encoded
5407,RHEA:42528,True,0.0377339976417159,True,True,encoded
5408,RHEA:42532,True,0.8345622480620145,True,True,encoded
5409,RHEA:42536,True,0.8345622480620145,True,True,encoded
5410,RHEA:42540,True,0.8345622480620145,True,True,encoded
5411,RHEA:42544,True,0.8345622480620145,True,True,encoded
5412,RHEA:42548,True,0.8345622480620145,True,True,encoded
5413,RHEA:42552,True,0.8345622480620145,True,True,encoded
5414,RHEA:42556,True,0.8345622480620145,True,True,encoded
5415,RHEA:42560,True,0.3435237582698002,True,True,encoded
5416,RHEA:42564,True,0.3435237582698002,True,True,encoded
5417,RHEA:42580,True,0.1107521033300764,True,True,encoded
5418,RHEA:42584,True,0.4877090408360462,True,True,encoded
5419,RHEA:42588,True,0.0374054789134654,True,True,encoded
5420,RHEA:42592,True,0.0076037845681547,True,True,encoded
5421,RHEA:42596,True,0.2942318888867967,True,True,encoded
5422,RHEA:42600,True,0.7880112507560919,False,False,clipzyme_graph_prereq_failed:unmapped_atoms
5423,RHEA:42604,True,0.3580079293602211,True,True,encoded
5424,RHEA:42620,True,0.973696784049346,True,True,encoded
5425,RHEA:42624,True,0.9504387072905492,True,True,encoded
5426,RHEA:42628,True,0.8278342292749687,True,True,encoded
5427,RHEA:42632,True,0.1339676298111397,True,True,encoded
5428,RHEA:42636,True,0.3380467204399395,False,False,clipzyme_graph_prereq_failed:unmapped_atoms
5429,RHEA:42644,True,0.0464080446017223,True,True,encoded
5430,RHEA:42652,True,0.0016413129512875,True,True,encoded
5431,RHEA:42656,True,0.4411108327104363,True,True,encoded
5432,RHEA:42660,True,0.4783871194359828,True,True,encoded
5433,RHEA:42664,True,0.3366899517188039,True,True,encoded
5434,RHEA:42668,True,0.4306006953620548,True,True,encoded
5435,RHEA:42672,True,0.320944524183856,True,True,encoded
5436,RHEA:42684,True,0.4258896417946705,True,True,encoded
5437,RHEA:42688,True,0.5814199013833777,False,False,clipzyme_graph_prereq_failed:unmapped_atoms
5438,RHEA:42700,True,0.733166158895825,True,True,encoded
5439,RHEA:42704,True,0.4151867171504499,True,True,encoded
5440,RHEA:42708,True,0.821106632402232,True,True,encoded
5441,RHEA:42712,True,0.827834454268909,True,True,encoded
5442,RHEA:42716,True,0.0360597109218304,True,True,encoded
5443,RHEA:42720,True,0.840624608791701,True,True,encoded
5444,RHEA:42724,True,0.8108468543348086,True,True,encoded
5445,RHEA:42728,True,0.840624608791701,True,True,encoded
5446,RHEA:42732,True,0.821106632402232,True,True,encoded
5447,RHEA:42736,True,0.8046259638175254,True,True,encoded
5448,RHEA:42740,True,0.8046259638175254,True,True,encoded
5449,RHEA:42744,True,0.8046259638175254,True,True,encoded
5450,RHEA:42748,True,0.8268152340566117,True,True,encoded
5451,RHEA:42752,True,0.8233185109881268,True,True,encoded
5452,RHEA:42756,True,0.8268152340566117,True,True,encoded
5453,RHEA:42760,True,0.4516194779095955,True,True,encoded
5454,RHEA:42768,True,0.4474741058847896,True,True,encoded
5455,RHEA:42772,True,0.821106632402232,True,True,encoded
5456,RHEA:42776,True,0.7705925625638744,True,True,encoded
5457,RHEA:42780,False,,False,False,mapping_unsupported
5458,RHEA:42784,True,0.1690772898003797,True,True,encoded
5459,RHEA:42788,True,0.8432775406914738,True,True,encoded
5460,RHEA:42792,True,0.134254815749282,True,True,encoded
5461,RHEA:42796,True,0.1635549038553951,True,True,encoded
5462,RHEA:42800,False,,False,False,mapping_unsupported
5463,RHEA:42804,True,0.863367889585596,False,False,clipzyme_graph_prereq_failed:reactant_product_map_sets_differ
5464,RHEA:42812,True,0.0968880496690695,True,True,encoded
5465,RHEA:42816,True,0.1585983176084455,True,True,encoded
5466,RHEA:42820,True,0.0006295532476801,True,True,encoded
5467,RHEA:42828,True,0.2679054332366552,True,True,encoded
5468,RHEA:42832,True,0.633222755582853,True,True,encoded
5469,RHEA:42836,False,,False,False,mapping_unsupported
5470,RHEA:42840,False,,False,False,mapping_unsupported
5471,RHEA:42844,False,,False,False,mapping_unsupported
5472,RHEA:42848,True,0.7654334641519506,True,True,encoded
5473,RHEA:42852,False,,False,False,mapping_unsupported
5474,RHEA:42856,True,0.2335285621903422,True,True,encoded
5475,RHEA:42860,True,0.4824402890070068,True,True,encoded
5476,RHEA:42864,True,0.729698475149888,True,True,encoded
5477,RHEA:42868,True,0.458353772965735,True,True,encoded
5478,RHEA:42884,True,0.2829471490685969,True,True,encoded
5479,RHEA:42888,True,0.1353331007492702,True,True,encoded
5480,RHEA:42892,True,0.9767989342408908,True,True,encoded
5481,RHEA:42896,True,0.9198564655494644,True,True,encoded
5482,RHEA:42900,True,0.8101424818473196,True,True,encoded
5483,RHEA:42904,True,0.8101424818473196,True,True,encoded
5484,RHEA:42908,True,0.827834454268909,True,True,encoded
5485,RHEA:42912,True,0.8268152340566117,True,True,encoded
5486,RHEA:42916,True,0.1426192719521335,True,True,encoded
5487,RHEA:42920,True,0.8418497896442383,True,True,encoded
5488,RHEA:42924,True,0.8432775406914738,True,True,encoded
5489,RHEA:42928,True,0.8486510573236933,True,True,encoded
5490,RHEA:42932,True,0.8432775406914738,True,True,encoded
5491,RHEA:42936,True,0.840624608791701,True,True,encoded
5492,RHEA:42940,True,0.8268152340566117,True,True,encoded
5493,RHEA:42944,True,0.8268152340566117,True,True,encoded
5494,RHEA:42948,True,0.8268152340566117,True,True,encoded
5495,RHEA:42952,True,0.8268152340566117,True,True,encoded
5496,RHEA:42956,True,0.8268152340566117,True,True,encoded
5497,RHEA:42960,True,0.5819711663495953,True,True,encoded
5498,RHEA:42968,True,0.8432775406914738,True,True,encoded
5499,RHEA:42972,True,0.6242620424472957,True,True,encoded
5500,RHEA:42984,True,0.1713581141396034,False,False,clipzyme_graph_prereq_failed:unmapped_atoms
5501,RHEA:42988,True,0.057883440544884,True,True,encoded
5502,RHEA:42992,True,0.0285435529131132,True,True,encoded
5503,RHEA:42996,True,0.0127743646772819,True,True,encoded
5504,RHEA:43000,True,0.0705296157419096,True,True,encoded
5505,RHEA:43040,True,0.0569061818185976,True,True,encoded
5506,RHEA:43044,True,0.0384730001945875,True,True,encoded
5507,RHEA:43048,True,0.9744106208973606,True,True,encoded
5508,RHEA:43052,True,0.0231627569505523,True,True,encoded
5509,RHEA:43056,False,,False,False,mapping_unsupported
5510,RHEA:43060,True,0.1372799873734829,True,True,encoded
5511,RHEA:43064,True,0.6911979682536806,True,True,encoded
5512,RHEA:43068,True,2.1151060106996173e-06,True,True,encoded
5513,RHEA:43072,True,0.2213905475544801,True,True,encoded
5514,RHEA:43076,True,0.2073676385620493,True,True,encoded
5515,RHEA:43080,True,0.2221603371111346,True,True,encoded
5516,RHEA:43084,True,0.8432775406914738,True,True,encoded
5517,RHEA:43088,True,0.8294066784003908,True,True,encoded
5518,RHEA:43092,True,0.840624608791701,True,True,encoded
5519,RHEA:43096,True,0.8101424818473196,True,True,encoded
5520,RHEA:43100,True,0.840624608791701,True,True,encoded
5521,RHEA:43108,True,0.4411909797443014,True,True,encoded
5522,RHEA:43116,True,0.228471499020065,True,True,encoded
5523,RHEA:43120,True,0.2825148177164912,True,True,encoded
5524,RHEA:43124,True,0.2107888529885486,True,True,encoded
5525,RHEA:43128,True,0.8046259638175254,True,True,encoded
5526,RHEA:43136,False,,False,False,mapping_unsupported
5527,RHEA:43140,True,0.2107888529885486,True,True,encoded
5528,RHEA:43144,True,0.7705925625638744,True,True,encoded
5529,RHEA:43148,True,0.7705925625638744,True,True,encoded
5530,RHEA:43152,True,0.7705925625638744,True,True,encoded
5531,RHEA:43156,True,0.8101424818473196,True,True,encoded
5532,RHEA:43160,True,0.7815844982471682,True,True,encoded
5533,RHEA:43164,True,0.7432446232894343,True,True,encoded
5534,RHEA:43168,True,0.8196551836064623,True,True,encoded
5535,RHEA:43172,True,0.821106632402232,True,True,encoded
5536,RHEA:43176,True,0.8268152340566117,True,True,encoded
5537,RHEA:43180,True,0.8268152340566117,True,True,encoded
5538,RHEA:43184,True,0.8418497896442383,True,True,encoded
5539,RHEA:43188,True,0.8418497896442383,True,True,encoded
5540,RHEA:43192,True,0.8432775406914738,True,True,encoded
5541,RHEA:43196,True,0.7857327576484368,True,True,encoded
5542,RHEA:43200,True,0.8432775406914738,True,True,encoded
5543,RHEA:43204,True,0.8432775406914738,True,True,encoded
5544,RHEA:43208,True,0.7096027573920755,True,True,encoded
5545,RHEA:43212,True,0.7857327576484368,True,True,encoded
5546,RHEA:43216,True,0.1388068340072552,True,True,encoded
5547,RHEA:43220,True,0.8046259638175254,True,True,encoded
5548,RHEA:43224,True,0.1891373438778904,True,True,encoded
5549,RHEA:43232,True,0.96208758300375,True,True,encoded
5550,RHEA:43236,True,0.2820692814569822,True,True,encoded
5551,RHEA:43240,True,0.3079619887688821,True,True,encoded
5552,RHEA:43244,True,0.2891650691916818,True,True,encoded
5553,RHEA:43248,True,0.2589482973282733,True,True,encoded
5554,RHEA:43252,True,0.179675977234404,True,True,encoded
5555,RHEA:43256,True,0.3276200269601271,True,True,encoded
5556,RHEA:43260,True,0.28662717532985,True,True,encoded
5557,RHEA:43264,True,0.009046049082679,True,True,encoded
5558,RHEA:43268,True,0.5525674709800859,True,True,encoded
5559,RHEA:43272,True,0.4505116135190761,True,True,encoded
5560,RHEA:43276,True,0.0026400466315545,True,True,encoded
5561,RHEA:43280,True,0.2353955087174087,True,True,encoded
5562,RHEA:43284,True,0.2509362519339582,True,True,encoded
5563,RHEA:43288,True,0.2806264396107059,True,True,encoded
5564,RHEA:43292,True,0.2733544654898493,True,True,encoded
5565,RHEA:43296,True,0.1937896928460754,True,True,encoded
5566,RHEA:43300,True,0.3866123339169059,True,True,encoded
5567,RHEA:43304,True,0.1401616096522171,True,True,encoded
5568,RHEA:43308,True,0.2126827080282721,True,True,encoded
5569,RHEA:43312,True,0.1960677468694752,True,True,encoded
5570,RHEA:43316,True,0.2071619832577906,True,True,encoded
5571,RHEA:43320,True,0.2137976076141127,True,True,encoded
5572,RHEA:43324,True,0.0760992615627904,True,True,encoded
5573,RHEA:43328,True,0.2400623536778452,True,True,encoded
5574,RHEA:43332,True,0.1426192719521335,True,True,encoded
5575,RHEA:43336,True,0.012518148917214,True,True,encoded
5576,RHEA:43340,True,0.4980386725680251,False,False,clipzyme_graph_prereq_failed:unmapped_atoms
5577,RHEA:43344,True,0.1966954886139771,True,True,encoded
5578,RHEA:43368,False,,False,False,mapping_unsupported
5579,RHEA:43380,True,0.4951841873865192,True,True,encoded
5580,RHEA:43384,True,0.2158915473487719,True,True,encoded
5581,RHEA:43388,True,0.0984775156291639,True,True,encoded
5582,RHEA:43392,True,0.0867791742648185,True,True,encoded
5583,RHEA:43396,True,0.0182842028504678,True,True,encoded
5584,RHEA:43400,True,0.4972311718664887,True,True,encoded
5585,RHEA:43404,True,0.4624714855526676,True,True,encoded
5586,RHEA:43412,True,0.9231079415580792,True,True,encoded
5587,RHEA:43416,True,0.1028478370518214,True,True,encoded
5588,RHEA:43420,True,0.1545446952774871,True,True,encoded
5589,RHEA:43424,True,0.111287919255577,True,True,encoded
5590,RHEA:43428,True,0.2461462928707275,True,True,encoded
5591,RHEA:43432,True,0.5519521849519469,True,True,encoded
5592,RHEA:43436,True,0.0124616859467613,True,True,encoded
5593,RHEA:43440,True,0.4063535504701327,True,True,encoded
5594,RHEA:43444,True,0.1197672589016366,True,True,encoded
5595,RHEA:43448,True,0.103114807065258,True,True,encoded
5596,RHEA:43452,False,,False,False,mapping_unsupported
5597,RHEA:43456,True,0.1778573279534505,True,True,encoded
5598,RHEA:43460,False,,False,False,mapping_unsupported
5599,RHEA:43464,True,0.1575231140874525,True,True,encoded
5600,RHEA:43468,True,0.5477858876012678,True,True,encoded
5601,RHEA:43472,True,0.6007666109245668,True,True,encoded
5602,RHEA:43476,True,0.6053481098049528,True,True,encoded
5603,RHEA:43480,True,0.681898066790206,True,True,encoded
5604,RHEA:43484,True,0.7217131999601282,True,True,encoded
5605,RHEA:43500,True,0.6359210803390066,True,True,encoded
5606,RHEA:43524,True,0.3216039061312987,True,True,encoded
5607,RHEA:43532,True,0.3055902244680517,True,True,encoded
5608,RHEA:43536,True,0.0407854281284488,True,True,encoded
5609,RHEA:43540,True,0.3358211828623568,True,True,encoded
5610,RHEA:43544,True,0.1826419871348771,True,True,encoded
5611,RHEA:43548,True,0.0540555787941067,True,True,encoded
5612,RHEA:43552,True,0.0540555787941067,True,True,encoded
5613,RHEA:43556,True,0.0283878421530616,True,True,encoded
5614,RHEA:43560,True,0.0283878421530616,True,True,encoded
5615,RHEA:43564,True,0.4584718014383691,True,True,encoded
5616,RHEA:43568,True,0.38384384661258,True,True,encoded
5617,RHEA:43572,True,0.8694248562651635,False,False,clipzyme_graph_prereq_failed:reactant_product_map_sets_differ
5618,RHEA:43604,True,0.1823940272070575,True,True,encoded
5619,RHEA:43608,True,0.0579882115492648,True,True,encoded
5620,RHEA:43612,True,0.827834454268909,True,True,encoded
5621,RHEA:43616,True,0.1966954886139771,True,True,encoded
5622,RHEA:43620,True,0.22614078641124,True,True,encoded
5623,RHEA:43628,True,0.4450764927329182,True,True,encoded
5624,RHEA:43632,True,0.939059323390712,True,True,encoded
5625,RHEA:43636,True,0.8017019380771414,True,True,encoded
5626,RHEA:43640,True,0.0572738214151632,True,True,encoded
5627,RHEA:43644,True,0.0411422660313185,True,True,encoded
5628,RHEA:43648,True,0.0334538924336071,True,True,encoded
5629,RHEA:43652,True,0.075657416993497,True,True,encoded
5630,RHEA:43656,True,0.09839002613387,True,True,encoded
5631,RHEA:43672,True,7.651092699914976e-05,True,True,encoded
5632,RHEA:43676,True,6.561641468975521e-05,True,True,encoded
5633,RHEA:43680,True,1.5187608173123574e-06,True,True,encoded
5634,RHEA:43692,True,0.1080624362716563,True,True,encoded
5635,RHEA:43696,True,0.0487929747461625,True,True,encoded
5636,RHEA:43700,True,0.6910686365866656,True,True,encoded
5637,RHEA:43704,True,0.1233164377403326,True,True,encoded
5638,RHEA:43708,True,0.09817812109529,True,True,encoded
5639,RHEA:43712,True,0.132076005000156,True,True,encoded
5640,RHEA:43716,True,0.1922219413940922,True,True,encoded
5641,RHEA:43720,True,0.716557503260607,True,True,encoded
5642,RHEA:43724,True,0.2001422957544896,True,True,encoded
5643,RHEA:43728,True,0.2232213825353984,True,True,encoded
5644,RHEA:43732,True,0.8863400127982549,True,True,encoded
5645,RHEA:43736,True,0.7815846657884433,True,True,encoded
5646,RHEA:43740,True,0.0183726836865958,True,True,encoded
5647,RHEA:43744,True,0.1378833654787316,True,True,encoded
5648,RHEA:43748,True,0.0060126863051526,True,True,encoded
5649,RHEA:43752,True,0.2659796474001845,True,True,encoded
5650,RHEA:43756,True,0.2659796474001845,True,True,encoded
5651,RHEA:43760,True,0.2536129614795877,True,True,encoded
5652,RHEA:43764,True,0.0171183069760907,True,True,encoded
5653,RHEA:43772,True,0.8046259701188913,True,True,encoded
5654,RHEA:43780,True,0.1727773342938233,True,True,encoded
5655,RHEA:43784,True,0.7705927411621938,True,True,encoded
5656,RHEA:43788,True,0.0354601322997783,True,True,encoded
5657,RHEA:43792,True,0.7705927411621938,True,True,encoded
5658,RHEA:43796,True,0.0021665299093493,True,True,encoded
5659,RHEA:43800,True,0.0027945584227702,True,True,encoded
5660,RHEA:43804,True,6.345519118391357e-12,True,True,encoded
5661,RHEA:43808,True,0.0024272631658904,True,True,encoded
5662,RHEA:43812,True,0.0003618115844131,True,True,encoded
5663,RHEA:43816,True,0.0017176677403876,True,True,encoded
5664,RHEA:43820,True,0.1164199700031715,True,True,encoded
5665,RHEA:43824,True,0.0801799362515519,True,True,encoded
5666,RHEA:43828,True,0.1113947129731304,True,True,encoded
5667,RHEA:43832,True,0.024748751807896,True,True,encoded
5668,RHEA:43836,True,0.1877401860322542,True,True,encoded
5669,RHEA:43840,True,0.2690992197574234,True,True,encoded
5670,RHEA:43844,True,0.2263619985653841,True,True,encoded
5671,RHEA:43848,True,0.156245276008929,True,True,encoded
5672,RHEA:43852,True,0.0014865814984368,True,True,encoded
5673,RHEA:43872,True,0.0287325669397609,True,True,encoded
5674,RHEA:43876,True,0.0265461022422459,True,True,encoded
5675,RHEA:43880,True,0.0287423439833442,True,True,encoded
5676,RHEA:43884,True,0.1613331416384988,True,True,encoded
5677,RHEA:43892,True,0.9830842721496964,False,False,clipzyme_graph_prereq_failed:unmapped_atoms
5678,RHEA:43896,True,0.3274011552477059,True,True,encoded
5679,RHEA:43904,True,0.0419962364567682,False,False,clipzyme_graph_prereq_failed:unmapped_atoms
5680,RHEA:43908,True,0.6403362594576576,True,True,encoded
5681,RHEA:43912,True,0.204519125756537,True,True,encoded
5682,RHEA:43916,True,0.3117558570206906,True,True,encoded
5683,RHEA:43920,True,0.2739870737291385,True,True,encoded
5684,RHEA:43924,True,0.7764287936429337,True,True,encoded
5685,RHEA:43928,True,0.9644658036370944,True,True,encoded
5686,RHEA:43932,True,0.8056021293207636,True,True,encoded
5687,RHEA:43936,True,0.969633634009714,True,True,encoded
5688,RHEA:43952,True,0.1391839328270001,True,True,encoded
5689,RHEA:43956,True,0.147170206779323,True,True,encoded
5690,RHEA:43960,True,0.0789111923293854,True,True,encoded
5691,RHEA:43964,True,0.0759975099012502,True,True,encoded
5692,RHEA:43968,True,0.4970823131381158,True,True,encoded
5693,RHEA:43984,True,0.1991606500371289,True,True,encoded
5694,RHEA:43988,True,0.05697074034977,True,True,encoded
5695,RHEA:43992,True,0.1457251623043537,True,True,encoded
5696,RHEA:44000,True,0.0852567764352673,True,True,encoded
5697,RHEA:44012,False,,False,False,mapping_unsupported
5698,RHEA:44016,True,0.5617045676293696,True,True,encoded
5699,RHEA:44020,True,0.4179200447238692,True,True,encoded
5700,RHEA:44024,True,0.207263066578274,True,True,encoded
5701,RHEA:44028,True,0.7734577586489975,True,True,encoded
5702,RHEA:44032,True,0.8716406231127456,True,True,encoded
5703,RHEA:44036,True,0.8122869331426883,True,True,encoded
5704,RHEA:44040,True,0.7180230216728326,True,True,encoded
5705,RHEA:44044,True,0.8013589737429125,True,True,encoded
5706,RHEA:44048,True,0.7852469941254658,True,True,encoded
5707,RHEA:44052,True,0.1000237014030011,True,True,encoded
5708,RHEA:44056,True,0.0357013443713903,True,True,encoded
5709,RHEA:44060,True,0.0631990903481162,True,True,encoded
5710,RHEA:44064,True,0.1347781946799158,True,True,encoded
5711,RHEA:44068,True,0.335072518171371,True,True,encoded
5712,RHEA:44072,True,0.2566586581465716,True,True,encoded
5713,RHEA:44076,True,0.0136025519052564,True,True,encoded
5714,RHEA:44080,True,0.0225874616887267,True,True,encoded
5715,RHEA:44084,True,0.0128556851596184,True,True,encoded
5716,RHEA:44088,True,0.0202906548306209,True,True,encoded
5717,RHEA:44092,True,0.0117096387945987,True,True,encoded
5718,RHEA:44096,True,0.0987756903111088,True,True,encoded
5719,RHEA:44100,True,0.7586516683363705,True,True,encoded
5720,RHEA:44104,True,0.7343638626349475,True,True,encoded
5721,RHEA:44108,True,0.7738829055951971,True,True,encoded
5722,RHEA:44112,True,0.1190552317685144,True,True,encoded
5723,RHEA:44116,True,0.0358785414054803,True,True,encoded
5724,RHEA:44120,True,0.0470337439754855,True,True,encoded
5725,RHEA:44124,True,0.0394439734291351,True,True,encoded
5726,RHEA:44128,True,0.0785730500391935,True,True,encoded
5727,RHEA:44132,True,0.2477580252033475,True,True,encoded
5728,RHEA:44136,True,0.111330168505697,True,True,encoded
5729,RHEA:44140,True,0.0642735169437191,True,True,encoded
5730,RHEA:44144,True,0.270439975847412,True,True,encoded
5731,RHEA:44148,True,0.9547720659009836,True,True,encoded
5732,RHEA:44164,True,0.2391258196753966,True,True,encoded
5733,RHEA:44168,True,0.4716050606548564,True,True,encoded
5734,RHEA:44172,True,0.6039902733766771,True,True,encoded
5735,RHEA:44180,True,0.1349095274849261,True,True,encoded
5736,RHEA:44184,True,0.4363414044663659,True,True,encoded
5737,RHEA:44188,True,0.1026333164746143,True,True,encoded
5738,RHEA:44192,True,0.0196660177211396,True,True,encoded
5739,RHEA:44196,True,0.0202372884731519,True,True,encoded
5740,RHEA:44200,True,0.0212079201420708,True,True,encoded
5741,RHEA:44204,True,0.0207369726911713,True,True,encoded
5742,RHEA:44208,True,0.0167879540132934,True,True,encoded
5743,RHEA:44212,True,0.0224007356071061,True,True,encoded
5744,RHEA:44216,True,0.0218429822994716,True,True,encoded
5745,RHEA:44220,True,0.0115896731448102,True,True,encoded
5746,RHEA:44224,True,0.0116428856849558,True,True,encoded
5747,RHEA:44228,True,0.0191436803471096,True,True,encoded
5748,RHEA:44232,True,0.0192958144677023,True,True,encoded
5749,RHEA:44236,True,0.0074736856780622,True,True,encoded
5750,RHEA:44240,True,0.1084453463086569,False,False,clipzyme_graph_prereq_failed:unmapped_atoms
5751,RHEA:44244,True,0.0079240441292325,True,True,encoded
5752,RHEA:44248,True,0.0431330600628843,True,True,encoded
5753,RHEA:44252,True,0.0179909406732011,True,True,encoded
5754,RHEA:44256,True,8.991439623987195e-05,True,True,encoded
5755,RHEA:44260,False,,False,False,mapping_unsupported
5756,RHEA:44264,False,,False,False,mapping_unsupported
5757,RHEA:44268,False,,False,False,mapping_unsupported
5758,RHEA:44272,False,,False,False,mapping_unsupported
5759,RHEA:44276,False,,False,False,mapping_unsupported
5760,RHEA:44280,False,,False,False,mapping_unsupported
5761,RHEA:44284,False,,False,False,mapping_unsupported
5762,RHEA:44288,True,0.0541737587258286,True,True,encoded
5763,RHEA:44292,True,0.1399693865675773,True,True,encoded
5764,RHEA:44296,False,,False,False,mapping_unsupported
5765,RHEA:44300,False,,False,False,mapping_unsupported
5766,RHEA:44308,True,0.0654682671186376,True,True,encoded
5767,RHEA:44312,True,0.7416475904043806,True,True,encoded
5768,RHEA:44316,True,0.8496596194112898,True,True,encoded
5769,RHEA:44320,True,0.8949427199200388,True,True,encoded
5770,RHEA:44324,True,0.9412396188527552,True,True,encoded
5771,RHEA:44328,True,0.9406172420044816,True,True,encoded
5772,RHEA:44332,True,0.2453584866368555,True,True,encoded
5773,RHEA:44336,True,0.1949884477545279,True,True,encoded
5774,RHEA:44340,True,0.0717340740069445,True,True,encoded
5775,RHEA:44344,True,0.1816223291855154,True,True,encoded
5776,RHEA:44348,True,0.2224701960108536,True,True,encoded
5777,RHEA:44352,True,0.186119539789061,True,True,encoded
5778,RHEA:44356,True,0.9560213780552174,True,True,encoded
5779,RHEA:44360,True,0.4662976097685112,True,True,encoded
5780,RHEA:44364,True,0.2720341877886307,True,True,encoded
5781,RHEA:44368,True,0.0395565104596005,True,True,encoded
5782,RHEA:44372,True,0.1683990831613901,True,True,encoded
5783,RHEA:44384,True,0.0444142343774328,True,True,encoded
5784,RHEA:44388,True,0.0254154870386913,True,True,encoded
5785,RHEA:44392,True,0.0095897091479436,True,True,encoded
5786,RHEA:44396,True,0.0169981055761965,True,True,encoded
5787,RHEA:44408,True,0.909895553236487,True,True,encoded
5788,RHEA:44420,True,0.5143516856112316,True,True,encoded
5789,RHEA:44432,True,0.5621282393447007,True,True,encoded
5790,RHEA:44436,True,0.729639653791189,True,True,encoded
5791,RHEA:44440,True,0.6031523005026938,True,True,encoded
5792,RHEA:44448,True,0.0748329864669508,True,True,encoded
5793,RHEA:44500,True,0.4314246138764531,True,True,encoded
5794,RHEA:44516,True,0.3959815688961426,True,True,encoded
5795,RHEA:44520,True,0.1681221255260831,True,True,encoded
5796,RHEA:44524,True,0.3536425972337252,True,True,encoded
5797,RHEA:44528,True,0.3191711084505309,True,True,encoded
5798,RHEA:44540,True,0.5172526120307556,True,True,encoded
5799,RHEA:44552,True,0.4983031199540975,True,True,encoded
5800,RHEA:44564,True,0.0071170653813284,True,True,encoded
5801,RHEA:44584,True,0.4462341430753505,True,True,encoded
5802,RHEA:44588,True,0.4877254656986411,True,True,encoded
5803,RHEA:44604,True,0.9557187243512228,True,True,encoded
5804,RHEA:44620,True,0.2792034846953019,True,True,encoded
5805,RHEA:44624,True,0.3597937469455854,True,True,encoded
5806,RHEA:44628,True,0.7894645266680772,True,True,encoded
5807,RHEA:44632,True,0.2554343998840138,True,True,encoded
5808,RHEA:44636,True,0.9060563285057724,True,True,encoded
5809,RHEA:44640,True,0.1211218471018112,True,True,encoded
5810,RHEA:44644,True,0.1639804462839791,True,True,encoded
5811,RHEA:44648,True,0.5056314764169925,True,True,encoded
5812,RHEA:44664,True,0.181269161986756,False,False,clipzyme_graph_prereq_failed:unmapped_atoms
5813,RHEA:44672,True,0.9152365876891412,True,True,encoded
5814,RHEA:44676,True,0.2800014331984132,False,False,clipzyme_graph_prereq_failed:unmapped_atoms
5815,RHEA:44680,True,0.2849320594624712,True,True,encoded
5816,RHEA:44704,True,0.2234079407774854,True,True,encoded
5817,RHEA:44716,True,0.4607226567664175,False,False,clipzyme_graph_prereq_failed:reactant_product_map_sets_differ
5818,RHEA:44720,True,0.428316038415605,True,True,encoded
5819,RHEA:44728,True,0.7030564020193584,True,True,encoded
5820,RHEA:44732,True,0.5476619531999097,True,True,encoded
5821,RHEA:44736,True,0.1150070004834794,True,True,encoded
5822,RHEA:44740,True,0.7348440376418598,True,True,encoded
5823,RHEA:44744,False,,False,False,mapping_unsupported
5824,RHEA:44748,True,0.3057597255541239,True,True,encoded
5825,RHEA:44828,True,0.171637565421467,True,True,encoded
5826,RHEA:44832,True,0.1268853926449068,True,True,encoded
5827,RHEA:44840,True,0.0895400494658601,True,True,encoded
5828,RHEA:44844,True,0.0844027942262815,True,True,encoded
5829,RHEA:44848,True,0.1447698879569904,True,True,encoded
5830,RHEA:44852,True,0.1523662929982958,True,True,encoded
5831,RHEA:44856,True,0.131330380199458,True,True,encoded
5832,RHEA:44860,True,0.1513584745832335,True,True,encoded
5833,RHEA:44864,True,0.8630427683018314,True,True,encoded
5834,RHEA:44868,True,0.4185635422202384,True,True,encoded
5835,RHEA:44872,True,0.2109637971447226,True,True,encoded
5836,RHEA:44880,True,0.2971208820620566,True,True,encoded
5837,RHEA:44884,True,0.608131476027325,True,True,encoded
5838,RHEA:44912,True,0.0916220855372388,True,True,encoded
5839,RHEA:44916,True,0.0715246630474401,True,True,encoded
5840,RHEA:44920,True,0.0381623251166955,True,True,encoded
5841,RHEA:44924,True,0.2150000972112113,True,True,encoded
5842,RHEA:44928,True,0.2113695392759405,True,True,encoded
5843,RHEA:44932,True,0.0161522309897301,True,True,encoded
5844,RHEA:44936,True,0.0224114516304951,True,True,encoded
5845,RHEA:44952,True,0.0871128071506685,True,True,encoded
5846,RHEA:44956,True,0.0944172456198134,True,True,encoded
5847,RHEA:44960,True,0.0701676178329286,True,True,encoded
5848,RHEA:44964,True,0.0730481091798474,True,True,encoded
5849,RHEA:44968,True,0.0601464377054039,True,True,encoded
5850,RHEA:44972,True,0.1674634289081078,True,True,encoded
5851,RHEA:44976,True,0.192906354923137,True,True,encoded
5852,RHEA:44980,True,0.184196951313052,True,True,encoded
5853,RHEA:44984,True,0.1504716179154891,True,True,encoded
5854,RHEA:44988,True,0.163640917556195,True,True,encoded
5855,RHEA:44992,True,0.1659237397034526,True,True,encoded
5856,RHEA:44996,True,0.1390083572678941,True,True,encoded
5857,RHEA:45000,True,0.167095925105421,True,True,encoded
5858,RHEA:45004,True,0.1726258476681253,True,True,encoded
5859,RHEA:45008,True,0.4368964045489569,True,True,encoded
5860,RHEA:45020,True,0.9198565340531808,True,True,encoded
5861,RHEA:45024,True,0.1828637533371596,True,True,encoded
5862,RHEA:45028,True,0.1799780990221985,True,True,encoded
5863,RHEA:45032,True,0.0591648024843033,True,True,encoded
5864,RHEA:45036,True,0.2462561480124725,True,True,encoded
5865,RHEA:45048,True,0.9986576772724556,True,True,encoded
5866,RHEA:45056,True,0.7256505249412716,True,True,encoded
5867,RHEA:45060,True,0.835169171195464,True,True,encoded
5868,RHEA:45064,True,0.7101924817507786,True,True,encoded
5869,RHEA:45072,True,0.0516143533613812,True,True,encoded
5870,RHEA:45076,True,0.059186960275183,True,True,encoded
5871,RHEA:45080,True,0.1664354403648131,True,True,encoded
5872,RHEA:45084,True,0.2625220790377486,True,True,encoded
5873,RHEA:45088,True,0.3947541273462383,True,True,encoded
5874,RHEA:45092,True,0.6453057987148925,True,True,encoded
5875,RHEA:45096,True,0.0931711850652798,True,True,encoded
5876,RHEA:45100,True,0.8197568905886252,True,True,encoded
5877,RHEA:45104,True,0.8031272449154034,True,True,encoded
5878,RHEA:45108,True,0.1371232296470474,True,True,encoded
5879,RHEA:45112,True,0.1912009674955797,True,True,encoded
5880,RHEA:45116,True,0.4255353255215799,True,True,encoded
5881,RHEA:45120,True,0.7125335807218237,True,True,encoded
5882,RHEA:45124,True,0.1661673690539279,True,True,encoded
5883,RHEA:45128,True,0.2001805434792266,True,True,encoded
5884,RHEA:45132,True,0.5215568625874726,True,True,encoded
5885,RHEA:45140,True,0.2832784097333172,True,True,encoded
5886,RHEA:45144,True,0.1419636052267331,True,True,encoded
5887,RHEA:45148,True,0.3310565975768846,True,True,encoded
5888,RHEA:45152,True,0.2472771029866681,True,True,encoded
5889,RHEA:45156,True,0.3763852115029836,True,True,encoded
5890,RHEA:45160,True,0.7127131062820015,True,True,encoded
5891,RHEA:45164,True,0.5936033675633902,True,True,encoded
5892,RHEA:45168,True,0.0005293212415257,True,True,encoded
5893,RHEA:45172,True,0.0010876493753596,True,True,encoded
5894,RHEA:45176,True,0.0102160817871153,True,True,encoded
5895,RHEA:45180,True,0.0127571809198745,True,True,encoded
5896,RHEA:45188,True,0.293554881725074,True,True,encoded
5897,RHEA:45192,True,0.2868758678164639,True,True,encoded
5898,RHEA:45196,True,0.7670191207586996,True,True,encoded
5899,RHEA:45200,True,0.877483632965997,True,True,encoded
5900,RHEA:45204,True,0.679824414329413,True,True,encoded
5901,RHEA:45208,True,0.3662757532103863,True,True,encoded
5902,RHEA:45212,True,0.2018737205368085,True,True,encoded
5903,RHEA:45224,True,0.202608112236882,True,True,encoded
5904,RHEA:45228,True,0.2844211721796541,True,True,encoded
5905,RHEA:45232,True,0.0924894493407359,True,True,encoded
5906,RHEA:45236,True,0.3178885279408271,True,True,encoded
5907,RHEA:45240,True,0.3313364732207116,True,True,encoded
5908,RHEA:45244,True,0.3243538286626092,True,True,encoded
5909,RHEA:45256,True,0.7207196405782877,True,True,encoded
5910,RHEA:45264,True,0.8393536852986374,True,True,encoded
5911,RHEA:45272,True,0.4304523134222853,True,True,encoded
5912,RHEA:45276,True,0.4304523134222853,True,True,encoded
5913,RHEA:45280,True,0.3905060076724274,True,True,encoded
5914,RHEA:45284,True,0.0594114908420507,True,True,encoded
5915,RHEA:45288,True,0.1576616922714462,True,True,encoded
5916,RHEA:45292,True,0.8121822758879337,False,False,clipzyme_graph_prereq_failed:unmapped_atoms
5917,RHEA:45296,True,0.4473014624197333,True,True,encoded
5918,RHEA:45300,True,0.426990092129179,True,True,encoded
5919,RHEA:45304,True,0.2265562594756515,True,True,encoded
5920,RHEA:45308,True,0.4483659908601863,True,True,encoded
5921,RHEA:45312,True,0.4394893485905694,True,True,encoded
5922,RHEA:45316,True,0.4246016418881717,True,True,encoded
5923,RHEA:45320,True,0.175215193385958,True,True,encoded
5924,RHEA:45324,True,0.1211564370693309,True,True,encoded
5925,RHEA:45328,True,0.9967237559913138,True,True,encoded
5926,RHEA:45332,True,0.3277184303865585,True,True,encoded
5927,RHEA:45336,True,0.179129069528899,True,True,encoded
5928,RHEA:45340,True,0.9091679410691044,True,True,encoded
5929,RHEA:45348,True,0.6062911952723645,True,True,encoded
5930,RHEA:45352,True,0.8213016721947318,True,True,encoded
5931,RHEA:45356,True,0.3310434499919238,True,True,encoded
5932,RHEA:45360,True,0.3494449566118011,True,True,encoded
5933,RHEA:45364,True,0.3811315340138732,True,True,encoded
5934,RHEA:45368,True,0.4947478408068275,True,True,encoded
5935,RHEA:45372,True,0.48771122288032,True,True,encoded
5936,RHEA:45376,True,0.6151138523150554,True,True,encoded
5937,RHEA:45380,True,0.6053554488529463,True,True,encoded
5938,RHEA:45384,True,0.3946392718351288,True,True,encoded
5939,RHEA:45388,True,0.3191092791013767,True,True,encoded
5940,RHEA:45392,True,0.2469935746064149,True,True,encoded
5941,RHEA:45396,True,0.3414566417688049,True,True,encoded
5942,RHEA:45400,True,0.5101389437845989,True,True,encoded
5943,RHEA:45404,True,0.0586214949825648,True,True,encoded
5944,RHEA:45408,True,0.1735331273605964,True,True,encoded
5945,RHEA:45412,True,0.7778846220595278,True,True,encoded
5946,RHEA:45416,True,0.5159055555413743,True,True,encoded
5947,RHEA:45420,True,0.8902693219428183,True,True,encoded
5948,RHEA:45424,True,0.2470236221032291,True,True,encoded
5949,RHEA:45428,True,0.685868665676652,True,True,encoded
5950,RHEA:45432,True,0.7031990663461564,True,True,encoded
5951,RHEA:45436,True,0.6012897684831662,True,True,encoded
5952,RHEA:45440,True,0.3786768425997386,True,True,encoded
5953,RHEA:45444,True,0.5860009242359927,True,True,encoded
5954,RHEA:45448,True,0.5110330556036028,True,True,encoded
5955,RHEA:45452,True,0.8489119853416205,True,True,encoded
5956,RHEA:45456,True,0.901957398500288,True,True,encoded
5957,RHEA:45460,True,0.9286027251540424,True,True,encoded
5958,RHEA:45464,True,0.0522627580564559,True,True,encoded
5959,RHEA:45468,False,,False,False,mapping_unsupported
5960,RHEA:45472,True,0.228146009564743,True,True,encoded
5961,RHEA:45476,True,0.0002416281940243,True,True,encoded
5962,RHEA:45480,True,0.2250435045294718,True,True,encoded
5963,RHEA:45484,True,0.6795915588561847,True,True,encoded
5964,RHEA:45528,True,0.3735307400500274,True,True,encoded
5965,RHEA:45532,True,0.065908898541838,True,True,encoded
5966,RHEA:45536,True,0.1910127963259015,True,True,encoded
5967,RHEA:45540,True,0.2365128646101057,True,True,encoded
5968,RHEA:45544,True,0.5273989953727879,True,True,encoded
5969,RHEA:45552,True,0.2833830662640839,True,True,encoded
5970,RHEA:45556,True,0.3590045932686304,True,True,encoded
5971,RHEA:45560,True,0.9884526998258756,True,True,encoded
5972,RHEA:45564,True,0.9819042899510544,True,True,encoded
5973,RHEA:45576,True,0.3170205772648352,True,True,encoded
5974,RHEA:45580,True,0.9164763758852612,True,True,encoded
5975,RHEA:45584,True,0.1874479423783927,True,True,encoded
5976,RHEA:45588,True,0.0783111259170867,True,True,encoded
5977,RHEA:45592,True,0.1895845807662268,True,True,encoded
5978,RHEA:45596,True,0.2280276680711645,True,True,encoded
5979,RHEA:45600,True,0.8159537459220897,True,True,encoded
5980,RHEA:45604,True,0.8159537459220897,True,True,encoded
5981,RHEA:45608,True,0.4884723965537712,True,True,encoded
5982,RHEA:45612,True,0.5234163804150507,True,True,encoded
5983,RHEA:45616,True,0.5908385052234681,True,True,encoded
5984,RHEA:45620,True,0.6085086694587283,True,True,encoded
5985,RHEA:45624,True,0.1128020367609198,True,True,encoded
5986,RHEA:45628,True,0.4940783110198086,True,True,encoded
5987,RHEA:45632,True,0.1958367502732575,True,True,encoded
5988,RHEA:45636,True,0.0890407239388587,True,True,encoded
5989,RHEA:45640,True,0.218208878233733,True,True,encoded
5990,RHEA:45644,True,0.2728043944894958,True,True,encoded
5991,RHEA:45648,True,0.0325537724569907,True,True,encoded
5992,RHEA:45652,True,0.0492716769589163,True,True,encoded
5993,RHEA:45656,True,0.0294366781958488,True,True,encoded
5994,RHEA:45660,True,0.0398725904695801,True,True,encoded
5995,RHEA:45664,True,0.0354191840658106,True,True,encoded
5996,RHEA:45668,True,0.0353532787506368,True,True,encoded
5997,RHEA:45672,True,0.0572767046592511,True,True,encoded
5998,RHEA:45676,True,0.0337884125433409,True,True,encoded
5999,RHEA:45700,True,0.2863279544954988,True,True,encoded
6000,RHEA:45704,True,0.4272622405764795,True,True,encoded
6001,RHEA:45724,True,0.4446289090199432,True,True,encoded
6002,RHEA:45728,True,0.432837791170894,True,True,encoded
6003,RHEA:45732,True,0.2103150368670797,True,True,encoded
6004,RHEA:45736,True,0.2830060434751397,True,True,encoded
6005,RHEA:45740,True,0.4383750286592051,True,True,encoded
6006,RHEA:45744,True,0.7629388806504723,True,True,encoded
6007,RHEA:45748,True,0.2830060434751397,True,True,encoded
6008,RHEA:45752,True,0.3059615755863438,True,True,encoded
6009,RHEA:45756,True,0.3434947495736842,True,True,encoded
6010,RHEA:45760,True,0.8210723521974602,True,True,encoded
6011,RHEA:45764,True,0.7875326494354047,True,True,encoded
6012,RHEA:45768,True,0.9785583729516668,True,True,encoded
6013,RHEA:45776,True,0.7136783120077258,True,True,encoded
6014,RHEA:45780,True,0.094929993367862,False,False,clipzyme_graph_prereq_failed:unmapped_atoms
6015,RHEA:45784,True,0.6004049173645192,True,True,encoded
6016,RHEA:45796,True,0.0882222043267819,True,True,encoded
6017,RHEA:45800,True,0.3618989946707233,False,False,clipzyme_graph_prereq_failed:unmapped_atoms
6018,RHEA:45804,True,0.2356530001312805,True,True,encoded
6019,RHEA:45808,True,0.7734577586489975,True,True,encoded
6020,RHEA:45812,True,0.2069213688651706,True,True,encoded
6021,RHEA:45816,True,0.9596237778260244,False,False,clipzyme_graph_prereq_failed:reactant_product_map_sets_differ
6022,RHEA:45820,True,0.1004777288513759,True,True,encoded
6023,RHEA:45824,True,0.7687959685204313,True,True,encoded
6024,RHEA:45828,True,0.1912524507904157,True,True,encoded
6025,RHEA:45832,True,0.2134164156752609,True,True,encoded
6026,RHEA:45836,True,0.4304164089137579,True,True,encoded
6027,RHEA:45844,True,0.0885072192119882,True,True,encoded
6028,RHEA:45848,True,0.0831559699876885,True,True,encoded
6029,RHEA:45852,True,0.2017974406732319,True,True,encoded
6030,RHEA:45856,False,,False,False,mapping_unsupported
6031,RHEA:45860,False,,False,False,mapping_unsupported
6032,RHEA:45864,False,,False,False,mapping_unsupported
6033,RHEA:45868,False,,False,False,mapping_unsupported
6034,RHEA:45872,False,,False,False,mapping_unsupported
6035,RHEA:45876,False,,False,False,mapping_unsupported
6036,RHEA:45880,False,,False,False,mapping_unsupported
6037,RHEA:45884,False,,False,False,mapping_unsupported
6038,RHEA:45888,False,,False,False,mapping_unsupported
6039,RHEA:45892,True,0.487565785142144,True,True,encoded
6040,RHEA:45896,True,0.5673048649331097,True,True,encoded
6041,RHEA:45900,True,0.2844208947968235,True,True,encoded
6042,RHEA:45904,True,0.2813933921214901,True,True,encoded
6043,RHEA:45908,True,0.0018221330541861,True,True,encoded
6044,RHEA:45912,True,0.0934817196443667,True,True,encoded
6045,RHEA:45916,False,,False,False,mapping_unsupported
6046,RHEA:45920,False,,False,False,mapping_unsupported
6047,RHEA:45924,False,,False,False,mapping_unsupported
6048,RHEA:45928,False,,False,False,mapping_unsupported
6049,RHEA:45932,False,,False,False,mapping_unsupported
6050,RHEA:45936,False,,False,False,mapping_unsupported
6051,RHEA:45940,False,,False,False,mapping_unsupported
6052,RHEA:45944,False,,False,False,mapping_unsupported
6053,RHEA:45948,True,0.2433127462685335,True,True,encoded
6054,RHEA:45952,True,0.7913632905370859,True,True,encoded
6055,RHEA:45960,True,1.6539282077660114e-05,True,True,encoded
6056,RHEA:45964,True,0.0391654582334275,True,True,encoded
6057,RHEA:45968,True,0.4557280808365062,True,True,encoded
6058,RHEA:45972,True,0.4350847337612882,True,True,encoded
6059,RHEA:45976,True,0.4573335044682923,True,True,encoded
6060,RHEA:45980,True,0.0943643000816131,True,True,encoded
6061,RHEA:45984,True,0.082636772988595,True,True,encoded
6062,RHEA:45988,True,0.3492223702702972,True,True,encoded
6063,RHEA:45992,True,0.2837357450353046,True,True,encoded
6064,RHEA:45996,True,0.3753824786957583,True,True,encoded
6065,RHEA:46000,True,0.104066902595458,True,True,encoded
6066,RHEA:46012,True,0.4638195391310123,True,True,encoded
6067,RHEA:46016,True,0.7224609342339706,True,True,encoded
6068,RHEA:46020,True,0.2636830921665012,True,True,encoded
6069,RHEA:46024,True,0.6369893979654654,True,True,encoded
6070,RHEA:46028,True,0.6974483340691467,True,True,encoded
6071,RHEA:46032,True,0.6974483340691467,True,True,encoded
6072,RHEA:46040,True,0.3153763057380773,True,True,encoded
6073,RHEA:46044,True,0.3157747807161999,True,True,encoded
6074,RHEA:46048,True,0.4872300277148794,True,True,encoded
6075,RHEA:46052,True,0.6946065121479786,True,True,encoded
6076,RHEA:46056,True,0.0710247046869414,True,True,encoded
6077,RHEA:46060,True,0.0714394587907887,True,True,encoded
6078,RHEA:46064,True,0.0715832985489604,True,True,encoded
6079,RHEA:46068,True,0.326174298490415,True,True,encoded
6080,RHEA:46072,True,0.1021116159538974,True,True,encoded
6081,RHEA:46076,True,0.060876840284241,True,True,encoded
6082,RHEA:46080,True,0.033979632613213,True,True,encoded
6083,RHEA:46084,True,0.4249044821230612,True,True,encoded
6084,RHEA:46092,True,0.2690992389678272,True,True,encoded
6085,RHEA:46096,False,,False,False,mapping_unsupported
6086,RHEA:46100,True,0.3796255275623927,True,True,encoded
6087,RHEA:46104,True,0.2560707517761199,True,True,encoded
6088,RHEA:46108,True,0.0013831333843607,True,True,encoded
6089,RHEA:46112,True,0.2671399426379185,True,True,encoded
6090,RHEA:46116,True,0.6618751116313796,True,True,encoded
6091,RHEA:46120,True,0.1748132918247164,True,True,encoded
6092,RHEA:46124,True,0.2340892482985199,True,True,encoded
6093,RHEA:46128,True,0.1720927530496385,True,True,encoded
6094,RHEA:46132,True,0.1638768261321102,True,True,encoded
6095,RHEA:46136,True,0.0889400947222659,True,True,encoded
6096,RHEA:46140,True,0.208001394017078,True,True,encoded
6097,RHEA:46144,True,0.20260223756124,True,True,encoded
6098,RHEA:46148,True,0.2630278943372231,True,True,encoded
6099,RHEA:46160,True,0.373855180457627,True,True,encoded
6100,RHEA:46164,True,0.0986161402542244,True,True,encoded
6101,RHEA:46168,True,0.0214470962247643,True,True,encoded
6102,RHEA:46172,True,0.0415787334156834,True,True,encoded
6103,RHEA:46176,True,0.0207080521209542,True,True,encoded
6104,RHEA:46180,True,0.024703313046986,True,True,encoded
6105,RHEA:46184,True,0.020282149042097,True,True,encoded
6106,RHEA:46188,True,0.724166854141878,True,True,encoded
6107,RHEA:46192,True,0.2903084971874419,True,True,encoded
6108,RHEA:46196,True,0.2630668263499705,True,True,encoded
6109,RHEA:46200,True,0.2698950109407643,True,True,encoded
6110,RHEA:46204,True,0.2933017074340968,True,True,encoded
6111,RHEA:46208,True,0.0090665556941847,True,True,encoded
6112,RHEA:46212,True,0.9887895080265092,True,True,encoded
6113,RHEA:46216,True,0.4459723801093606,True,True,encoded
6114,RHEA:46220,True,0.6032494439116929,True,True,encoded
6115,RHEA:46228,True,0.0954659034865043,True,True,encoded
6116,RHEA:46236,True,0.3135843783186774,True,True,encoded
6117,RHEA:46240,True,0.4012313310599338,True,True,encoded
6118,RHEA:46252,True,0.256521334022926,True,True,encoded
6119,RHEA:46256,True,0.2878716093233086,True,True,encoded
6120,RHEA:46260,True,0.3378423432678434,True,True,encoded
6121,RHEA:46264,True,0.281458141445062,True,True,encoded
6122,RHEA:46268,True,0.4245078408816672,True,True,encoded
6123,RHEA:46272,True,0.4245078408816672,True,True,encoded
6124,RHEA:46276,True,0.776280925595578,True,True,encoded
6125,RHEA:46280,True,0.4091129425826738,True,True,encoded
6126,RHEA:46284,True,0.3108813706428413,True,True,encoded
6127,RHEA:46288,True,0.3405059365683339,True,True,encoded
6128,RHEA:46296,True,0.2947067672699114,True,True,encoded
6129,RHEA:46300,True,0.251118422390264,True,True,encoded
6130,RHEA:46304,True,0.2608559202997999,True,True,encoded
6131,RHEA:46308,True,0.2465083092005068,True,True,encoded
6132,RHEA:46312,True,0.0139541010936574,True,True,encoded
6133,RHEA:46316,True,0.8064977731941531,True,True,encoded
6134,RHEA:46320,True,0.2706486363950163,False,False,clipzyme_graph_prereq_failed:reactant_product_map_sets_differ
6135,RHEA:46324,True,0.2720393036843999,False,False,clipzyme_graph_prereq_failed:reactant_product_map_sets_differ
6136,RHEA:46328,True,0.8792691462348994,True,True,encoded
6137,RHEA:46332,True,0.3510661836735024,True,True,encoded
6138,RHEA:46336,True,0.2994674400167529,True,True,encoded
6139,RHEA:46340,True,0.1229895901321442,True,True,encoded
6140,RHEA:46344,True,0.0216638544236622,True,True,encoded
6141,RHEA:46348,True,0.3703341643010264,True,True,encoded
6142,RHEA:46352,True,0.3501892900765562,True,True,encoded
6143,RHEA:46356,True,0.160945137025361,True,True,encoded
6144,RHEA:46360,True,0.1691941740105179,True,True,encoded
6145,RHEA:46364,True,0.4153154886512114,True,True,encoded
6146,RHEA:46368,True,0.3274428996396386,True,True,encoded
6147,RHEA:46372,True,0.3158858467330194,True,True,encoded
6148,RHEA:46376,True,0.2049896780563063,True,True,encoded
6149,RHEA:46380,True,0.1868238054819811,True,True,encoded
6150,RHEA:46384,True,0.2720087761756438,True,True,encoded
6151,RHEA:46388,True,0.2323151685912484,True,True,encoded
6152,RHEA:46392,True,0.1811127479291536,True,True,encoded
6153,RHEA:46400,True,0.219264621706881,True,True,encoded
6154,RHEA:46404,True,0.3373036664219543,True,True,encoded
6155,RHEA:46408,True,0.200885917325344,True,True,encoded
6156,RHEA:46412,True,0.2586796070879354,True,True,encoded
6157,RHEA:46416,True,0.2331798766210209,True,True,encoded
6158,RHEA:46420,True,0.0768536190069092,True,True,encoded
6159,RHEA:46424,True,0.0851989739856622,True,True,encoded
6160,RHEA:46428,True,0.1602125940570787,True,True,encoded
6161,RHEA:46432,True,0.2736410284369789,True,True,encoded
6162,RHEA:46436,True,0.2853707856196821,True,True,encoded
6163,RHEA:46440,True,0.5275289861403967,False,False,clipzyme_graph_prereq_failed:unmapped_atoms
6164,RHEA:46444,True,0.0696890928817838,False,False,clipzyme_graph_prereq_failed:unmapped_atoms
6165,RHEA:46448,True,0.3051180540058597,True,True,encoded
6166,RHEA:46452,True,0.1994948936314296,True,True,encoded
6167,RHEA:46456,True,0.3470267485556254,True,True,encoded
6168,RHEA:46460,True,0.2206606748431792,True,True,encoded
6169,RHEA:46464,True,0.2490261802180914,True,True,encoded
6170,RHEA:46468,True,0.1127301306983797,True,True,encoded
6171,RHEA:46500,True,0.1371528912737828,True,True,encoded
6172,RHEA:46504,True,0.3502496855595816,True,True,encoded
6173,RHEA:46512,True,0.419243658848954,True,True,encoded
6174,RHEA:46520,True,0.4025504340683408,True,True,encoded
6175,RHEA:46524,True,0.0719756013831147,True,True,encoded
6176,RHEA:46528,True,0.0785330328587587,True,True,encoded
6177,RHEA:46532,True,0.3274428996396386,True,True,encoded
6178,RHEA:46536,True,0.3562523603146946,True,True,encoded
6179,RHEA:46540,True,0.3526578022209488,True,True,encoded
6180,RHEA:46544,True,0.3628746828231102,True,True,encoded
6181,RHEA:46548,True,0.435590734065284,True,True,encoded
6182,RHEA:46552,True,0.3253896821970781,True,True,encoded
6183,RHEA:46556,True,0.3430125570010576,True,True,encoded
6184,RHEA:46560,True,0.3051617024864094,True,True,encoded
6185,RHEA:46564,True,0.0956854996750795,True,True,encoded
6186,RHEA:46580,True,0.2001856401829157,True,True,encoded
6187,RHEA:46584,True,0.2431098410178341,True,True,encoded
6188,RHEA:46588,True,0.1820990572417504,True,True,encoded
6189,RHEA:46600,True,0.3358210900072241,True,True,encoded
6190,RHEA:46604,True,0.099074468010949,True,True,encoded
6191,RHEA:46608,True,0.2971208820620566,True,True,encoded
6192,RHEA:46612,True,0.1456468931111856,True,True,encoded
6193,RHEA:46616,True,0.1702883564486941,True,True,encoded
6194,RHEA:46620,True,0.1823355073265446,True,True,encoded
6195,RHEA:46624,True,0.9950574369905244,True,True,encoded
6196,RHEA:46628,True,0.4125099096473388,True,True,encoded
6197,RHEA:46632,True,0.2814580473337583,True,True,encoded
6198,RHEA:46636,True,0.3514533335275014,True,True,encoded
6199,RHEA:46640,True,0.3508427895624919,True,True,encoded
6200,RHEA:46644,True,0.4165039186762093,True,True,encoded
6201,RHEA:46648,True,0.2482502199371173,True,True,encoded
6202,RHEA:46652,True,0.3872402648742573,True,True,encoded
6203,RHEA:46656,True,0.415884182905638,True,True,encoded
6204,RHEA:46660,True,0.4447316685672616,True,True,encoded
6205,RHEA:46664,True,0.3661036874626204,True,True,encoded
6206,RHEA:46668,True,0.4118440591136312,True,True,encoded
6207,RHEA:46672,True,0.4800132378888022,True,True,encoded
6208,RHEA:46676,True,0.6020869131688494,True,True,encoded
6209,RHEA:46680,True,0.4584661976250881,True,True,encoded
6210,RHEA:46684,True,0.2752602484116906,False,False,clipzyme_graph_prereq_failed:reactant_product_map_sets_differ
6211,RHEA:46688,True,0.2679329642174853,False,False,clipzyme_graph_prereq_failed:reactant_product_map_sets_differ
6212,RHEA:46692,True,0.1374873113767733,True,True,encoded
6213,RHEA:46696,True,0.8368495286994406,True,True,encoded
6214,RHEA:46700,True,0.1472671641821507,True,True,encoded
6215,RHEA:46704,True,0.0837467181464254,True,True,encoded
6216,RHEA:46708,True,0.243936303406116,True,True,encoded
6217,RHEA:46712,True,0.8368495286994406,True,True,encoded
6218,RHEA:46716,True,0.8368495286994406,True,True,encoded
6219,RHEA:46720,True,0.3178047409855866,True,True,encoded
6220,RHEA:46724,True,0.2384103854184288,True,True,encoded
6221,RHEA:46728,True,0.165144287381583,True,True,encoded
6222,RHEA:46732,True,0.2494332657016096,True,True,encoded
6223,RHEA:46736,True,0.4680973937797963,False,False,clipzyme_graph_prereq_failed:reactant_product_map_sets_differ
6224,RHEA:46740,True,0.2888482759511281,True,True,encoded
6225,RHEA:46752,True,0.2322436817891002,True,True,encoded
6226,RHEA:46756,True,0.2152188701392596,True,True,encoded
6227,RHEA:46760,True,0.3739401039087559,True,True,encoded
6228,RHEA:46764,True,0.2042836174121383,True,True,encoded
6229,RHEA:46792,True,0.344054279504949,True,True,encoded
6230,RHEA:46796,True,0.303610713262369,True,True,encoded
6231,RHEA:46800,True,0.3121626222901908,True,True,encoded
6232,RHEA:46804,True,0.8776887577938302,True,True,encoded
6233,RHEA:46808,True,0.9274679111523614,True,True,encoded
6234,RHEA:46812,True,0.1970615071248391,True,True,encoded
6235,RHEA:46828,True,0.1981314600582404,True,True,encoded
6236,RHEA:46832,True,0.3020576069137406,True,True,encoded
6237,RHEA:46848,True,0.1695087121954173,True,True,encoded
6238,RHEA:46852,True,0.3549005344073495,True,True,encoded
6239,RHEA:46860,True,0.0849696573918002,True,True,encoded
6240,RHEA:46864,True,8.222661133596076e-07,True,True,encoded
6241,RHEA:46868,True,0.0020821886720908,True,True,encoded
6242,RHEA:46872,True,0.0065534459752025,True,True,encoded
6243,RHEA:46880,True,0.6151771615271276,True,True,encoded
6244,RHEA:46884,True,0.6421806346245734,True,True,encoded
6245,RHEA:46888,True,0.5714614649375503,True,True,encoded
6246,RHEA:46892,True,0.7957609595358968,True,True,encoded
6247,RHEA:46908,True,0.0069231080645799,True,True,encoded
6248,RHEA:46912,True,0.8087260954832576,True,True,encoded
6249,RHEA:46916,True,0.9889328143180662,True,True,encoded
6250,RHEA:46920,True,0.6746696025814232,True,True,encoded
6251,RHEA:46924,True,0.2968721040963208,True,True,encoded
6252,RHEA:46928,True,0.9666506969579426,True,True,encoded
6253,RHEA:46932,True,0.5258709717661438,True,True,encoded
6254,RHEA:46936,True,0.0071365619614369,True,True,encoded
6255,RHEA:46948,True,0.3309725266425292,True,True,encoded
6256,RHEA:46956,False,,False,False,mapping_unsupported
6257,RHEA:46964,True,0.0403171815583017,True,True,encoded
6258,RHEA:46968,True,0.1774514528087025,False,False,clipzyme_graph_prereq_failed:reactant_product_map_sets_differ
6259,RHEA:46972,True,0.1975072201821271,False,False,clipzyme_graph_prereq_failed:reactant_product_map_sets_differ
6260,RHEA:46976,True,0.5989402761670984,True,True,encoded
6261,RHEA:46988,True,0.5989402761670984,True,True,encoded
6262,RHEA:47004,True,0.4568621069332702,True,True,encoded
6263,RHEA:47008,True,0.100624772430128,False,False,clipzyme_graph_prereq_failed:reactant_product_map_sets_differ
6264,RHEA:47020,True,0.0201102332931971,False,False,clipzyme_graph_prereq_failed:reactant_product_map_sets_differ
6265,RHEA:47032,True,0.120390350155327,False,False,clipzyme_graph_prereq_failed:unmapped_atoms
6266,RHEA:47036,True,0.8345624763824371,True,True,encoded
6267,RHEA:47040,True,0.0530168904621471,False,False,clipzyme_graph_prereq_failed:unmapped_atoms
6268,RHEA:47048,True,0.3497178800518883,True,True,encoded
6269,RHEA:47052,True,0.0885172481545754,False,False,clipzyme_graph_prereq_failed:reactant_product_map_sets_differ
6270,RHEA:47056,True,5.464385514923403e-05,True,True,encoded
6271,RHEA:47076,True,0.418654604956409,True,True,encoded
6272,RHEA:47080,True,0.4185679184100948,True,True,encoded
6273,RHEA:47084,True,0.7249905907412368,True,True,encoded
6274,RHEA:47088,True,0.1496604657973482,True,True,encoded
6275,RHEA:47092,True,0.2205376686840884,True,True,encoded
6276,RHEA:47096,True,4.564792747994255e-17,True,True,encoded
6277,RHEA:47100,True,0.1634859900140652,True,True,encoded
6278,RHEA:47104,True,0.7730825720312344,True,True,encoded
6279,RHEA:47108,True,0.4523660456269195,True,True,encoded
6280,RHEA:47112,True,0.8112665333875035,True,True,encoded
6281,RHEA:47128,True,0.0190699897586872,True,True,encoded
6282,RHEA:47132,True,0.5060718056342909,True,True,encoded
6283,RHEA:47136,True,0.0209225713590197,True,True,encoded
6284,RHEA:47140,True,0.09657814067263,True,True,encoded
6285,RHEA:47144,True,0.0814955318106671,True,True,encoded
6286,RHEA:47152,True,0.6342443855643807,True,True,encoded
6287,RHEA:47156,True,0.4732514508286317,True,True,encoded
6288,RHEA:47160,True,0.3761529120477694,True,True,encoded
6289,RHEA:47164,True,0.3728392721339147,True,True,encoded
6290,RHEA:47168,True,0.3403141379898932,True,True,encoded
6291,RHEA:47172,True,0.3361389558304078,True,True,encoded
6292,RHEA:47176,True,0.3011965832156776,True,True,encoded
6293,RHEA:47180,True,0.7067624722229937,True,True,encoded
6294,RHEA:47196,True,0.1685526652915883,True,True,encoded
6295,RHEA:47200,True,0.5090342020311912,True,True,encoded
6296,RHEA:47204,True,0.2449821827087961,True,True,encoded
6297,RHEA:47208,True,0.2632896168727197,True,True,encoded
6298,RHEA:47212,True,0.2048376275141557,True,True,encoded
6299,RHEA:47216,True,0.2684071520226156,True,True,encoded
6300,RHEA:47220,True,0.3140708368506401,True,True,encoded
6301,RHEA:47224,True,0.1740636938063348,True,True,encoded
6302,RHEA:47228,True,0.0491300686003509,True,True,encoded
6303,RHEA:47232,True,0.0421713387712898,True,True,encoded
6304,RHEA:47236,True,0.0689461049346824,True,True,encoded
6305,RHEA:47240,True,0.0919644771916391,True,True,encoded
6306,RHEA:47244,True,0.3394802784089505,True,True,encoded
6307,RHEA:47248,True,0.5633400485290025,True,True,encoded
6308,RHEA:47252,True,0.2562270735334452,True,True,encoded
6309,RHEA:47256,True,0.2857047015241594,True,True,encoded
6310,RHEA:47260,True,0.2664807014083261,True,True,encoded
6311,RHEA:47264,True,0.0248117828225671,True,True,encoded
6312,RHEA:47276,True,0.276113803286905,True,True,encoded
6313,RHEA:47280,True,0.2926502253106486,True,True,encoded
6314,RHEA:47284,True,0.2684071520226156,True,True,encoded
6315,RHEA:47288,True,0.2695113984633333,True,True,encoded
6316,RHEA:47292,True,0.2625705524397116,True,True,encoded
6317,RHEA:47296,True,0.150950522920688,True,True,encoded
6318,RHEA:47300,True,0.0947091433103526,True,True,encoded
6319,RHEA:47304,True,0.1110302927501808,True,True,encoded
6320,RHEA:47308,True,0.2626212948685858,True,True,encoded
6321,RHEA:47312,True,0.2631339509014703,True,True,encoded
6322,RHEA:47316,True,0.1023832397863973,True,True,encoded
6323,RHEA:47320,True,0.7341344282712111,True,True,encoded
6324,RHEA:47324,True,0.84259158382503,True,True,encoded
6325,RHEA:47328,True,0.4494380167069065,True,True,encoded
6326,RHEA:47332,True,0.2607188801505971,True,True,encoded
6327,RHEA:47336,True,0.2607188801505971,True,True,encoded
6328,RHEA:47344,True,0.1724161886139324,True,True,encoded
6329,RHEA:47348,True,0.98742811108884,True,True,encoded
6330,RHEA:47352,True,0.9741332578299122,True,True,encoded
6331,RHEA:47356,True,0.9663884099162108,True,True,encoded
6332,RHEA:47360,True,0.9418555806718404,True,True,encoded
6333,RHEA:47364,True,0.9120693574397956,True,True,encoded
6334,RHEA:47368,True,0.5253100011110567,True,True,encoded
6335,RHEA:47372,True,0.4653286047139822,True,True,encoded
6336,RHEA:47376,True,0.2382314964589713,True,True,encoded
6337,RHEA:47380,True,0.2019769696060055,True,True,encoded
6338,RHEA:47384,True,0.7985111683531901,True,True,encoded
6339,RHEA:47388,True,0.889437445902983,True,True,encoded
6340,RHEA:47392,True,0.8341317187724627,True,True,encoded
6341,RHEA:47396,True,0.7449092269718882,True,True,encoded
6342,RHEA:47400,True,0.0465934623470234,True,True,encoded
6343,RHEA:47412,True,0.1151238200269347,True,True,encoded
6344,RHEA:47416,True,0.679487821875223,True,True,encoded
6345,RHEA:47420,True,0.2810040064921463,False,False,clipzyme_graph_prereq_failed:reactant_product_map_sets_differ
6346,RHEA:47448,True,0.1289637489984571,True,True,encoded
6347,RHEA:47464,True,0.2539545859801047,True,True,encoded
6348,RHEA:47476,True,0.2269956865242286,True,True,encoded
6349,RHEA:47480,True,0.4245074651055177,True,True,encoded
6350,RHEA:47484,True,0.7450433620927698,True,True,encoded
6351,RHEA:47488,True,0.4061977733994789,True,True,encoded
6352,RHEA:47492,True,0.7531080840737155,True,True,encoded
6353,RHEA:47496,True,0.3594587359449044,True,True,encoded
6354,RHEA:47500,True,0.4271788412811119,True,True,encoded
6355,RHEA:47504,True,0.424510875532138,True,True,encoded
6356,RHEA:47508,True,0.7322828096321163,True,True,encoded
6357,RHEA:47512,True,0.7720805897029078,True,True,encoded
6358,RHEA:47516,True,0.749668707643426,True,True,encoded
6359,RHEA:47520,True,0.3517361887057663,True,True,encoded
6360,RHEA:47524,True,0.7390237496640848,True,True,encoded
6361,RHEA:47528,True,0.4083841213823612,True,True,encoded
6362,RHEA:47532,True,0.7353898914431967,True,True,encoded
6363,RHEA:47536,True,0.4018209316385124,True,True,encoded
6364,RHEA:47540,True,0.4160308382231302,True,True,encoded
6365,RHEA:47544,True,0.8777486745506963,True,True,encoded
6366,RHEA:47548,True,0.7939454883406002,True,True,encoded
6367,RHEA:47552,True,0.918432386944106,True,True,encoded
6368,RHEA:47556,True,0.5043941802187889,True,True,encoded
6369,RHEA:47560,True,0.3159181830815607,True,True,encoded
6370,RHEA:47564,True,0.3848272792119673,True,True,encoded
6371,RHEA:47568,True,0.0296946296737206,True,True,encoded
6372,RHEA:47572,False,,False,False,mapping_unsupported
6373,RHEA:47576,True,0.1051732063604207,True,True,encoded
6374,RHEA:47580,False,,False,False,mapping_unsupported
6375,RHEA:47588,False,,False,False,mapping_unsupported
6376,RHEA:47592,False,,False,False,mapping_unsupported
6377,RHEA:47600,True,0.6481467771862354,True,True,encoded
6378,RHEA:47608,False,,False,False,mapping_unsupported
6379,RHEA:47612,True,0.7813260264349192,True,True,encoded
6380,RHEA:47616,True,0.276987101879541,True,True,encoded
6381,RHEA:47620,True,0.0932283017929919,True,True,encoded
6382,RHEA:47624,True,0.9784000517615488,True,True,encoded
6383,RHEA:47628,True,0.1976261084753346,True,True,encoded
6384,RHEA:47632,True,0.7575730778093464,True,True,encoded
6385,RHEA:47636,True,0.4165480011478075,True,True,encoded
6386,RHEA:47640,False,,False,False,mapping_unsupported
6387,RHEA:47644,False,,False,False,mapping_unsupported
6388,RHEA:47648,True,0.402351894332331,True,True,encoded
6389,RHEA:47652,True,0.402351894332331,True,True,encoded
6390,RHEA:47656,True,0.1215685371748143,True,True,encoded
6391,RHEA:47660,True,0.2150961363160156,True,True,encoded
6392,RHEA:47664,True,0.6607995552555751,True,True,encoded
6393,RHEA:47668,True,0.687292512087014,True,True,encoded
6394,RHEA:47672,True,0.6897299357055883,True,True,encoded
6395,RHEA:47676,True,0.327214553490941,True,True,encoded
6396,RHEA:47680,True,0.2784288836087416,True,True,encoded
6397,RHEA:47688,True,0.417646089696057,True,True,encoded
6398,RHEA:47692,True,0.7114337763589125,False,False,clipzyme_graph_prereq_failed:unmapped_atoms
6399,RHEA:47696,True,0.4093065523342805,True,True,encoded
6400,RHEA:47700,True,0.2411793425758117,True,True,encoded
6401,RHEA:47704,True,0.2610642110168545,True,True,encoded
6402,RHEA:47708,True,0.1889839426622746,True,True,encoded
6403,RHEA:47712,True,0.966557086212581,True,True,encoded
6404,RHEA:47716,True,0.7690864249491367,True,True,encoded
6405,RHEA:47720,True,0.847857358619472,True,True,encoded
6406,RHEA:47724,True,0.9232048597907746,True,True,encoded
6407,RHEA:47728,True,0.5361070279745589,True,True,encoded
6408,RHEA:47732,True,0.8268152340566117,True,True,encoded
6409,RHEA:47736,True,0.8268152340566117,True,True,encoded
6410,RHEA:47740,True,0.0582148963535132,True,True,encoded
6411,RHEA:47744,True,0.279728882225246,True,True,encoded
6412,RHEA:47752,True,0.7970229756213816,True,True,encoded
6413,RHEA:47756,True,0.8108468543348086,True,True,encoded
6414,RHEA:47760,True,0.840624608791701,True,True,encoded
6415,RHEA:47764,True,0.840624608791701,True,True,encoded
6416,RHEA:47768,True,0.8108468543348086,True,True,encoded
6417,RHEA:47772,True,0.8108468543348086,True,True,encoded
6418,RHEA:47776,True,0.8108468543348086,True,True,encoded
6419,RHEA:47780,True,0.8268152340566117,True,True,encoded
6420,RHEA:47784,True,0.8268152340566117,True,True,encoded
6421,RHEA:47788,True,0.8268152340566117,True,True,encoded
6422,RHEA:47792,True,0.8268152340566117,True,True,encoded
6423,RHEA:47796,True,0.7903214736142593,True,True,encoded
6424,RHEA:47800,True,0.8931964142817236,True,True,encoded
6425,RHEA:47804,True,0.2092422284325351,True,True,encoded
6426,RHEA:47808,True,0.1895384889685067,True,True,encoded
6427,RHEA:47812,True,0.1155537691837165,True,True,encoded
6428,RHEA:47816,True,0.0939218431030591,True,True,encoded
6429,RHEA:47820,True,0.0565223055870067,True,True,encoded
6430,RHEA:47828,True,0.1624804696072298,True,True,encoded
6431,RHEA:47832,True,0.3607291680157157,True,True,encoded
6432,RHEA:47836,True,0.1817158516081847,True,True,encoded
6433,RHEA:47840,True,0.2285183149824247,True,True,encoded
6434,RHEA:47844,True,0.0676944053014187,True,True,encoded
6435,RHEA:47848,True,0.0733216410146418,True,True,encoded
6436,RHEA:47852,True,0.4289361742911173,True,True,encoded
6437,RHEA:47856,True,0.1804815056037901,True,True,encoded
6438,RHEA:47864,True,0.446517315604575,False,False,clipzyme_graph_prereq_failed:unmapped_atoms
6439,RHEA:47868,True,0.8311600097787346,True,True,encoded
6440,RHEA:47872,True,0.6562589233490814,True,True,encoded
6441,RHEA:47876,True,0.4169029618797875,True,True,encoded
6442,RHEA:47880,True,0.9792176711503172,True,True,encoded
6443,RHEA:47884,True,0.1850840142100355,True,True,encoded
6444,RHEA:47888,True,0.1236934256727384,True,True,encoded
6445,RHEA:47892,False,,False,False,mapping_unsupported
6446,RHEA:47896,True,0.5472310021599474,True,True,encoded
6447,RHEA:47900,True,0.5805395525813126,True,True,encoded
6448,RHEA:47904,True,0.199903075404993,True,True,encoded
6449,RHEA:47908,True,0.3918375611247781,True,True,encoded
6450,RHEA:47912,True,0.5388568417809493,True,True,encoded
6451,RHEA:47916,True,0.2180059650001908,True,True,encoded
6452,RHEA:47924,True,0.5224011695028747,True,True,encoded
6453,RHEA:47928,True,0.2601629912885838,True,True,encoded
6454,RHEA:47932,True,0.4752637916624973,True,True,encoded
6455,RHEA:47936,True,0.4459990279919061,True,True,encoded
6456,RHEA:47940,True,0.4555803470543887,True,True,encoded
6457,RHEA:47944,True,0.2339304983270461,True,True,encoded
6458,RHEA:47948,True,0.5687437237039086,True,True,encoded
6459,RHEA:47952,True,0.9796566297747544,True,True,encoded
6460,RHEA:47956,True,0.4955980659194958,True,True,encoded
6461,RHEA:47960,True,0.527834289600141,True,True,encoded
6462,RHEA:47964,True,0.4585043381376581,True,True,encoded
6463,RHEA:47968,True,0.6854501762474763,True,True,encoded
6464,RHEA:47972,True,0.8307944736878334,True,True,encoded
6465,RHEA:47984,True,0.0486916343762761,True,True,encoded
6466,RHEA:47988,True,0.7534554986670458,True,True,encoded
6467,RHEA:47992,True,0.2250847595646915,True,True,encoded
6468,RHEA:47996,True,0.5967417241838919,True,True,encoded
6469,RHEA:48000,True,0.3021819041032966,True,True,encoded
6470,RHEA:48004,True,0.4481197396126251,True,True,encoded
6471,RHEA:48008,True,0.1163735467725978,True,True,encoded
6472,RHEA:48012,True,0.2095502710802918,True,True,encoded
6473,RHEA:48016,True,0.4264795674498596,True,True,encoded
6474,RHEA:48020,True,0.6713860225335094,True,True,encoded
6475,RHEA:48024,True,0.3002652274967476,False,False,clipzyme_graph_prereq_failed:unmapped_atoms
6476,RHEA:48028,True,0.1946527435368771,False,False,clipzyme_graph_prereq_failed:unmapped_atoms
6477,RHEA:48064,True,0.2333347626042956,True,True,encoded
6478,RHEA:48068,True,0.5524163367214918,True,True,encoded
6479,RHEA:48072,True,0.4079479525086536,True,True,encoded
6480,RHEA:48076,True,0.9136789863744542,True,True,encoded
6481,RHEA:48080,True,0.140447980860236,True,True,encoded
6482,RHEA:48096,True,0.3197960141775134,True,True,encoded
6483,RHEA:48100,True,0.7421140779863372,True,True,encoded
6484,RHEA:48104,True,0.9332486783101276,True,True,encoded
6485,RHEA:48108,True,0.2631328508566126,True,True,encoded
6486,RHEA:48120,True,0.5408730803075326,True,True,encoded
6487,RHEA:48124,True,0.3317604296082236,True,True,encoded
6488,RHEA:48128,True,0.2047229697655113,True,True,encoded
6489,RHEA:48132,True,0.3885604121058818,True,True,encoded
6490,RHEA:48136,True,0.8438755028498095,True,True,encoded
6491,RHEA:48140,True,0.2111559907707097,True,True,encoded
6492,RHEA:48172,True,0.7569725818132393,True,True,encoded
6493,RHEA:48176,True,0.146685154131755,True,True,encoded
6494,RHEA:48180,True,0.1478347141973605,True,True,encoded
6495,RHEA:48184,True,0.0844282275489002,True,True,encoded
6496,RHEA:48188,True,0.1212605399301008,True,True,encoded
6497,RHEA:48192,True,0.0947091341225623,True,True,encoded
6498,RHEA:48196,True,0.089214914832822,True,True,encoded
6499,RHEA:48200,True,0.1485616951740663,True,True,encoded
6500,RHEA:48204,True,0.1041380127833136,True,True,encoded
6501,RHEA:48208,True,0.1409695134900839,True,True,encoded
6502,RHEA:48212,True,0.2887684418105836,True,True,encoded
6503,RHEA:48216,True,0.0306630348255545,True,True,encoded
6504,RHEA:48220,True,0.0466267644504225,True,True,encoded
6505,RHEA:48224,True,0.3669352420460869,True,True,encoded
6506,RHEA:48228,True,0.7285230158761677,True,True,encoded
6507,RHEA:48232,True,0.2382552921547692,True,True,encoded
6508,RHEA:48240,False,,False,False,mapping_unsupported
6509,RHEA:48244,True,0.3349788140617575,True,True,encoded
6510,RHEA:48248,True,0.0118174943718661,True,True,encoded
6511,RHEA:48256,True,0.1727773386693291,True,True,encoded
6512,RHEA:48260,True,0.3872383609023492,True,True,encoded
6513,RHEA:48272,True,0.1517982314256987,True,True,encoded
6514,RHEA:48276,True,0.3894839752618079,True,True,encoded
6515,RHEA:48280,True,0.5185926957078172,True,True,encoded
6516,RHEA:48288,True,0.502737321270785,True,True,encoded
6517,RHEA:48292,True,0.4268099694814898,True,True,encoded
6518,RHEA:48296,True,0.797939193053112,True,True,encoded
6519,RHEA:48300,True,0.7903813233565129,True,True,encoded
6520,RHEA:48304,True,0.2085264887922055,True,True,encoded
6521,RHEA:48308,True,0.1957936195935578,True,True,encoded
6522,RHEA:48312,True,0.0452913865946475,True,True,encoded
6523,RHEA:48316,True,0.4234775314433406,True,True,encoded
6524,RHEA:48320,True,0.4017361838257836,True,True,encoded
6525,RHEA:48324,True,0.0260651864287873,True,True,encoded
6526,RHEA:48328,True,0.2822898342837341,True,True,encoded
6527,RHEA:48332,True,0.2214792654470626,True,True,encoded
6528,RHEA:48336,True,0.0852271831449994,True,True,encoded
6529,RHEA:48340,True,0.0218338845455061,True,True,encoded
6530,RHEA:48344,True,0.8085569566614973,True,True,encoded
6531,RHEA:48348,True,0.8345624763824371,True,True,encoded
6532,RHEA:48352,False,,False,False,mapping_unsupported
6533,RHEA:48356,False,,False,False,mapping_unsupported
6534,RHEA:48360,True,0.7106463019177436,True,True,encoded
6535,RHEA:48364,True,0.2598836218119019,True,True,encoded
6536,RHEA:48368,True,0.2553606496629617,True,True,encoded
6537,RHEA:48372,True,0.4547086886485958,False,False,clipzyme_graph_prereq_failed:unmapped_atoms
6538,RHEA:48376,True,0.423325020011991,True,True,encoded
6539,RHEA:48380,True,0.3418161067211737,True,True,encoded
6540,RHEA:48384,True,0.6533899455669954,True,True,encoded
6541,RHEA:48388,False,,False,False,mapping_unsupported
6542,RHEA:48392,True,0.4554342543657107,True,True,encoded
6543,RHEA:48396,True,0.8216898372615564,True,True,encoded
6544,RHEA:48400,True,0.4231863696299034,True,True,encoded
6545,RHEA:48404,True,0.0954659034865043,True,True,encoded
6546,RHEA:48412,True,0.4323279504765825,True,True,encoded
6547,RHEA:48424,True,0.3786169599908224,True,True,encoded
6548,RHEA:48428,True,0.8586877005932159,True,True,encoded
6549,RHEA:48432,True,0.2686325621952505,True,True,encoded
6550,RHEA:48436,True,0.9792449518839992,True,True,encoded
6551,RHEA:48480,True,0.2055152176956132,True,True,encoded
6552,RHEA:48484,True,0.9878596699299936,True,True,encoded
6553,RHEA:48488,True,0.5740691848129554,True,True,encoded
6554,RHEA:48492,True,0.3211652369810403,True,True,encoded
6555,RHEA:48496,True,0.3871644614726232,True,True,encoded
6556,RHEA:48500,True,0.8905226540973838,False,False,clipzyme_graph_prereq_failed:unmapped_atoms
6557,RHEA:48504,True,0.2189448233522284,True,True,encoded
6558,RHEA:48508,True,0.428775637180033,True,True,encoded
6559,RHEA:48512,True,0.1944919771737061,True,True,encoded
6560,RHEA:48516,True,0.290378864663374,False,False,clipzyme_graph_prereq_failed:unmapped_atoms
6561,RHEA:48520,True,0.736586579846288,True,True,encoded
6562,RHEA:48536,True,0.3326732917740627,False,False,clipzyme_graph_prereq_failed:unmapped_atoms
6563,RHEA:48540,True,0.2715882031864194,False,False,clipzyme_graph_prereq_failed:unmapped_atoms
6564,RHEA:48544,True,0.6352438560205623,True,True,encoded
6565,RHEA:48548,True,0.9244835155994324,True,True,encoded
6566,RHEA:48556,True,0.0442375346539608,True,True,encoded
6567,RHEA:48560,True,0.2601770803172337,True,True,encoded
6568,RHEA:48564,True,0.263646895210436,True,True,encoded
6569,RHEA:48568,True,0.4968638496078312,True,True,encoded
6570,RHEA:48572,True,0.4360514449141095,True,True,encoded
6571,RHEA:48576,True,0.459813373167681,True,True,encoded
6572,RHEA:48580,True,0.1224013017449243,True,True,encoded
6573,RHEA:48584,True,0.0491199404920495,True,True,encoded
6574,RHEA:48588,True,0.0028989978579773,True,True,encoded
6575,RHEA:48592,True,0.4902734312870437,True,True,encoded
6576,RHEA:48596,True,0.3579301110633424,False,False,clipzyme_graph_prereq_failed:unmapped_atoms
6577,RHEA:48600,True,0.9332060108031868,True,True,encoded
6578,RHEA:48604,True,0.2477092116021355,True,True,encoded
6579,RHEA:48608,True,0.2891500325718213,False,False,clipzyme_graph_prereq_failed:reactant_product_map_sets_differ
6580,RHEA:48612,True,0.4980386725680251,False,False,clipzyme_graph_prereq_failed:unmapped_atoms
6581,RHEA:48616,True,0.7605664473384197,True,True,encoded
6582,RHEA:48620,True,0.2983741732703751,True,True,encoded
6583,RHEA:48624,True,0.6392718858517389,True,True,encoded
6584,RHEA:48628,True,0.8509154029338181,True,True,encoded
6585,RHEA:48632,True,0.7548901103648962,True,True,encoded
6586,RHEA:48636,True,0.7428315466331455,True,True,encoded
6587,RHEA:48640,True,0.7181639590761726,True,True,encoded
6588,RHEA:48644,True,0.607646563067935,True,True,encoded
6589,RHEA:48648,True,0.2236663292075727,True,True,encoded
6590,RHEA:48652,True,0.2217403379162447,True,True,encoded
6591,RHEA:48656,True,0.211876462839983,True,True,encoded
6592,RHEA:48660,True,0.2349076874140417,True,True,encoded
6593,RHEA:48664,True,0.2394203518016627,True,True,encoded
6594,RHEA:48668,True,0.2404268844103309,True,True,encoded
6595,RHEA:48672,True,0.2535136339205424,True,True,encoded
6596,RHEA:48676,True,0.285332768304444,True,True,encoded
6597,RHEA:48680,True,0.0866442671160011,True,True,encoded
6598,RHEA:48684,True,0.937673666722212,True,True,encoded
6599,RHEA:48688,True,0.6193205690438034,True,True,encoded
6600,RHEA:48692,True,0.2816895554190277,False,False,clipzyme_graph_prereq_failed:unmapped_atoms
6601,RHEA:48696,True,0.3309286491574492,False,False,clipzyme_graph_prereq_failed:unmapped_atoms
6602,RHEA:48700,True,0.3919728565922541,False,False,clipzyme_graph_prereq_failed:unmapped_atoms
6603,RHEA:48704,True,0.6095744439134653,True,True,encoded
6604,RHEA:48708,True,0.4547086886485958,False,False,clipzyme_graph_prereq_failed:unmapped_atoms
6605,RHEA:48712,True,0.4426051461198337,True,True,encoded
6606,RHEA:48716,True,0.7984853659292416,True,True,encoded
6607,RHEA:48720,True,0.5530810062262534,True,True,encoded
6608,RHEA:48732,True,0.9626620628526488,True,True,encoded
6609,RHEA:48736,True,0.2121845284948067,True,True,encoded
6610,RHEA:48740,True,0.4219326255054277,True,True,encoded
6611,RHEA:48744,True,0.2911120171261075,True,True,encoded
6612,RHEA:48748,True,0.6913717510295043,True,True,encoded
6613,RHEA:48752,True,0.359270612817266,True,True,encoded
6614,RHEA:48756,True,0.6913717510295043,True,True,encoded
6615,RHEA:48760,True,0.6913717510295043,True,True,encoded
6616,RHEA:48768,True,0.2882720397938658,True,True,encoded
6617,RHEA:48776,True,0.3268752704032875,True,True,encoded
6618,RHEA:48780,True,0.3149563777170576,True,True,encoded
6619,RHEA:48784,True,0.4619808420435067,True,True,encoded
6620,RHEA:48792,True,0.3811255026639528,True,True,encoded
6621,RHEA:48796,True,0.3287169772381764,True,True,encoded
6622,RHEA:48800,True,0.3991116927910015,True,True,encoded
6623,RHEA:48804,True,0.5731946984171474,False,False,clipzyme_graph_prereq_failed:unmapped_atoms
6624,RHEA:48808,True,0.5550896322350772,False,False,clipzyme_graph_prereq_failed:unmapped_atoms
6625,RHEA:48812,True,0.5550896322350772,False,False,clipzyme_graph_prereq_failed:unmapped_atoms
6626,RHEA:48816,True,0.4474721034138945,False,False,clipzyme_graph_prereq_failed:unmapped_atoms
6627,RHEA:48820,True,0.4557232220791267,False,False,clipzyme_graph_prereq_failed:unmapped_atoms
6628,RHEA:48824,True,0.4951863405830894,True,True,encoded
6629,RHEA:48828,True,0.2093514616060092,True,True,encoded
6630,RHEA:48832,True,0.5918350586279395,True,True,encoded
6631,RHEA:48836,True,0.4733072188310759,False,False,clipzyme_graph_prereq_failed:unmapped_atoms
6632,RHEA:48840,True,0.4649226127963564,False,False,clipzyme_graph_prereq_failed:unmapped_atoms
6633,RHEA:48844,True,0.5776178957561245,True,True,encoded
6634,RHEA:48848,True,0.688034494585516,True,True,encoded
6635,RHEA:48852,True,0.4758158791643254,False,False,clipzyme_graph_prereq_failed:unmapped_atoms
6636,RHEA:48856,True,0.8064452841122227,False,False,clipzyme_graph_prereq_failed:unmapped_atoms
6637,RHEA:48860,True,0.6035175647688642,True,True,encoded
6638,RHEA:48864,True,0.5535701018050135,True,True,encoded
6639,RHEA:48868,True,0.5527487466543836,True,True,encoded
6640,RHEA:48872,True,0.2634991988362632,True,True,encoded
6641,RHEA:48876,True,0.9753309216360456,True,True,encoded
6642,RHEA:48880,True,0.1410352343853121,True,True,encoded
6643,RHEA:48884,True,0.2956465918425363,True,True,encoded
6644,RHEA:48888,True,0.251467331670593,True,True,encoded
6645,RHEA:48892,True,0.979065366305215,True,True,encoded
6646,RHEA:48904,True,0.7699271791079073,True,True,encoded
6647,RHEA:48908,True,0.745197529325243,True,True,encoded
6648,RHEA:48912,False,,False,False,mapping_unsupported
6649,RHEA:48916,True,0.3203622594804937,True,True,encoded
6650,RHEA:48924,True,0.4258778842726335,True,True,encoded
6651,RHEA:48928,True,0.5651423455772735,True,True,encoded
6652,RHEA:48932,False,,False,False,mapping_unsupported
6653,RHEA:48936,True,0.4231863696299034,True,True,encoded
6654,RHEA:48940,True,0.8463495914145003,True,True,encoded
6655,RHEA:48944,True,0.0468750759223707,True,True,encoded
6656,RHEA:48948,True,0.0472438077114369,True,True,encoded
6657,RHEA:48952,True,0.5574680293286113,True,True,encoded
6658,RHEA:48956,True,0.6310634347888586,True,True,encoded
6659,RHEA:48960,True,0.6633841492721887,True,True,encoded
6660,RHEA:48964,True,0.2609971202722394,True,True,encoded
6661,RHEA:48968,True,0.4625769858510659,True,True,encoded
6662,RHEA:48972,True,0.1057803796935667,True,True,encoded
6663,RHEA:48976,True,0.3415787199956443,True,True,encoded
6664,RHEA:48980,True,0.549040320105246,True,True,encoded
6665,RHEA:48984,True,0.226876340442694,True,True,encoded
6666,RHEA:48996,True,0.5917423036443588,True,True,encoded
6667,RHEA:49000,True,0.2486348411164525,True,True,encoded
6668,RHEA:49004,True,0.1166247904126458,True,True,encoded
6669,RHEA:49024,True,0.6927379960513224,True,True,encoded
6670,RHEA:49028,True,0.1089753174789676,True,True,encoded
6671,RHEA:49032,True,0.2777028241114305,True,True,encoded
6672,RHEA:49036,True,0.88614400805102,True,True,encoded
6673,RHEA:49040,True,0.857721589977692,True,True,encoded
6674,RHEA:49044,True,0.3154180228717777,True,True,encoded
6675,RHEA:49048,True,0.1253031168303691,True,True,encoded
6676,RHEA:49052,True,0.2770245605744501,True,True,encoded
6677,RHEA:49056,True,0.1396609001086889,True,True,encoded
6678,RHEA:49060,True,0.2295032701382333,False,False,clipzyme_graph_prereq_failed:unmapped_atoms
6679,RHEA:49064,True,0.1106341816454822,True,True,encoded
6680,RHEA:49068,True,0.1325903056116311,True,True,encoded
6681,RHEA:49072,True,0.008726468416103,True,True,encoded
6682,RHEA:49076,True,0.2200989400464264,True,True,encoded
6683,RHEA:49080,True,0.245817272807844,True,True,encoded
6684,RHEA:49084,True,0.1538305781732787,True,True,encoded
6685,RHEA:49088,True,0.1789372673733375,True,True,encoded
6686,RHEA:49092,True,0.1843678604088176,True,True,encoded
6687,RHEA:49096,True,0.0008915874549346,True,True,encoded
6688,RHEA:49112,True,0.8371414010809085,True,True,encoded
6689,RHEA:49116,True,0.2216395206911326,True,True,encoded
6690,RHEA:49120,True,0.2397021407670277,True,True,encoded
6691,RHEA:49124,True,0.2227612459220782,True,True,encoded
6692,RHEA:49140,True,0.2153841991205218,True,True,encoded
6693,RHEA:49144,True,0.6539121001897459,True,True,encoded
6694,RHEA:49148,True,0.1781757682352508,True,True,encoded
6695,RHEA:49160,True,0.2038439726034389,True,True,encoded
6696,RHEA:49168,True,0.8588405500178156,True,True,encoded
6697,RHEA:49172,True,0.8796208137505613,True,True,encoded
6698,RHEA:49176,True,0.8387426737155527,True,True,encoded
6699,RHEA:49180,True,0.7835175988421492,True,True,encoded
6700,RHEA:49192,True,0.1262440404385143,True,True,encoded
6701,RHEA:49196,True,0.1395038410901275,True,True,encoded
6702,RHEA:49204,True,0.1779534666955962,True,True,encoded
6703,RHEA:49208,True,0.1779534666955962,True,True,encoded
6704,RHEA:49212,True,0.2053401724040407,True,True,encoded
6705,RHEA:49216,True,0.4728537724399299,True,True,encoded
6706,RHEA:49232,True,0.4448769360589333,True,True,encoded
6707,RHEA:49240,True,0.4381041053595326,True,True,encoded
6708,RHEA:49244,True,0.6450122657811012,True,True,encoded
6709,RHEA:49248,True,0.4306509968227364,True,True,encoded
6710,RHEA:49252,True,0.4449610118743911,True,True,encoded
6711,RHEA:49260,True,0.4448769360589333,True,True,encoded
6712,RHEA:49264,True,0.7895764184431462,True,True,encoded
6713,RHEA:49268,True,0.1746388373504096,True,True,encoded
6714,RHEA:49272,True,0.2494389779479195,True,True,encoded
6715,RHEA:49276,True,0.1043463347053837,True,True,encoded
6716,RHEA:49284,True,0.178764080947094,True,True,encoded
6717,RHEA:49288,True,0.0714556084612336,True,True,encoded
6718,RHEA:49292,True,0.3212695757075858,True,True,encoded
6719,RHEA:49296,True,0.3901795563563871,True,True,encoded
6720,RHEA:49300,True,0.3212695757075858,True,True,encoded
6721,RHEA:49304,True,0.3094548318189177,True,True,encoded
6722,RHEA:49308,True,0.3737500447329831,True,True,encoded
6723,RHEA:49312,True,0.702049209836479,True,True,encoded
6724,RHEA:49316,True,0.1119839739818209,True,True,encoded
6725,RHEA:49320,True,0.4126945080999377,True,True,encoded
6726,RHEA:49324,True,0.4218473110153175,True,True,encoded
6727,RHEA:49372,True,0.4455897140830757,True,True,encoded
6728,RHEA:49376,True,0.1565205739274403,True,True,encoded
6729,RHEA:49380,True,0.2058688412925265,True,True,encoded
6730,RHEA:49384,True,0.1974213696102468,True,True,encoded
6731,RHEA:49388,True,0.6854793900263859,True,True,encoded
6732,RHEA:49392,True,0.1810936397860552,True,True,encoded
6733,RHEA:49396,True,0.1735589750643827,True,True,encoded
6734,RHEA:49400,True,0.3937861050481116,True,True,encoded
6735,RHEA:49404,True,0.128869037061371,True,True,encoded
6736,RHEA:49416,True,0.1197310875834064,True,True,encoded
6737,RHEA:49420,True,0.2747097079338118,True,True,encoded
6738,RHEA:49424,True,0.274478930920461,True,True,encoded
6739,RHEA:49428,True,0.0819248435414758,True,True,encoded
6740,RHEA:49432,True,0.0877363520535516,True,True,encoded
6741,RHEA:49436,True,0.1137320083659644,True,True,encoded
6742,RHEA:49444,True,0.3614503642758641,True,True,encoded
6743,RHEA:49452,True,0.491984849888297,True,True,encoded
6744,RHEA:49456,True,0.9014965416527808,True,True,encoded
6745,RHEA:49460,True,0.818080525226855,True,True,encoded
6746,RHEA:49464,True,0.5667897492671681,True,True,encoded
6747,RHEA:49468,True,0.3208273809738156,True,True,encoded
6748,RHEA:49472,True,0.8246143884028186,True,True,encoded
6749,RHEA:49488,True,0.6871838314247128,True,True,encoded
6750,RHEA:49516,True,0.2431200703605105,True,True,encoded
6751,RHEA:49520,True,0.2718449115702924,True,True,encoded
6752,RHEA:49524,True,0.2866989543787867,True,True,encoded
6753,RHEA:49532,True,0.763566283825914,True,True,encoded
6754,RHEA:49548,True,0.7761021542027688,True,True,encoded
6755,RHEA:49552,True,0.779679760845959,True,True,encoded
6756,RHEA:49556,True,0.5727798348357878,True,True,encoded
6757,RHEA:49560,True,0.2962517919900431,True,True,encoded
6758,RHEA:49564,True,0.4363419324884718,True,True,encoded
6759,RHEA:49568,True,0.9370376936864048,True,True,encoded
6760,RHEA:49572,True,0.5356979640434517,True,True,encoded
6761,RHEA:49576,True,0.3861800113976684,False,False,clipzyme_graph_prereq_failed:unmapped_atoms
6762,RHEA:49580,True,0.1892316890573051,True,True,encoded
6763,RHEA:49584,True,0.5068582685778323,True,True,encoded
6764,RHEA:49588,True,0.4573350629548724,True,True,encoded
6765,RHEA:49592,True,0.315262434953182,True,True,encoded
6766,RHEA:49604,True,0.7038152516323032,True,True,encoded
6767,RHEA:49608,True,0.6672918636513958,True,True,encoded
6768,RHEA:49612,True,0.6764670976152586,True,True,encoded
6769,RHEA:49616,True,0.5571043592137548,True,True,encoded
6770,RHEA:49620,True,0.2357905787780435,True,True,encoded
6771,RHEA:49624,True,0.2233520565700883,True,True,encoded
6772,RHEA:49628,True,8.343267589528045e-06,False,False,clipzyme_graph_prereq_failed:rdkit_parse_failed
6773,RHEA:49632,True,0.1079329690446113,True,True,encoded
6774,RHEA:49636,True,0.5245768694144533,True,True,encoded
6775,RHEA:49652,True,0.4426936607603835,True,True,encoded
6776,RHEA:49668,True,0.4564284569343472,True,True,encoded
6777,RHEA:49684,True,0.460485333930162,True,True,encoded
6778,RHEA:49708,True,0.806149241449368,True,True,encoded
6779,RHEA:49716,True,0.3085926946588341,True,True,encoded
6780,RHEA:49772,True,0.0642875034032958,True,True,encoded
6781,RHEA:49780,True,0.1006717187371511,True,True,encoded
6782,RHEA:49784,True,0.1523028263390008,True,True,encoded
6783,RHEA:49788,True,0.1982353981292706,True,True,encoded
6784,RHEA:49792,True,0.1120658548679317,True,True,encoded
6785,RHEA:49804,True,0.2751355259560116,True,True,encoded
6786,RHEA:49808,True,0.7297291028365689,True,True,encoded
6787,RHEA:49816,True,0.1779187618100457,True,True,encoded
6788,RHEA:49828,True,0.1289637354160903,True,True,encoded
6789,RHEA:49832,True,0.8369157185157429,True,True,encoded
6790,RHEA:49852,True,0.3157746550316443,True,True,encoded
6791,RHEA:49856,True,0.1746695726189955,True,True,encoded
6792,RHEA:49860,True,0.1746695726189955,True,True,encoded
6793,RHEA:49876,True,0.1967020639505509,True,True,encoded
6794,RHEA:49880,True,0.1967020639505509,True,True,encoded
6795,RHEA:49884,True,0.2066677241034342,True,True,encoded
6796,RHEA:49888,True,0.6815131925147985,True,True,encoded
6797,RHEA:49892,True,0.567011630536912,True,True,encoded
6798,RHEA:49928,True,0.2066677241034342,True,True,encoded
6799,RHEA:49932,True,0.3330610715180241,True,True,encoded
6800,RHEA:49936,True,0.2200658428890442,True,True,encoded
6801,RHEA:49940,True,0.6100729313399325,True,True,encoded
6802,RHEA:49948,True,0.531619948057759,True,True,encoded
6803,RHEA:49968,True,0.2142656288551544,True,True,encoded
6804,RHEA:49972,True,0.1955968432678381,True,True,encoded
6805,RHEA:49976,True,0.1729412795225885,True,True,encoded
6806,RHEA:49980,True,0.1571251504749609,True,True,encoded
6807,RHEA:49984,True,0.3163799750999475,True,True,encoded
6808,RHEA:49988,True,0.1577182796068567,True,True,encoded
6809,RHEA:49992,True,0.3994597103660985,True,True,encoded
6810,RHEA:49996,True,4.552597544865638e-06,True,True,encoded
6811,RHEA:50004,True,0.2075631730526938,True,True,encoded
6812,RHEA:50008,True,0.2572943434287555,True,True,encoded
6813,RHEA:50012,True,0.1025673893661347,True,True,encoded
6814,RHEA:50016,True,0.1567654350750257,True,True,encoded
6815,RHEA:50020,True,0.158484755572452,True,True,encoded
6816,RHEA:50024,True,0.1465852186521494,True,True,encoded
6817,RHEA:50028,True,0.0947624958570347,True,True,encoded
6818,RHEA:50032,True,0.0884830244041965,True,True,encoded
6819,RHEA:50036,True,0.1235070314148556,True,True,encoded
6820,RHEA:50040,True,0.1330734495202129,True,True,encoded
6821,RHEA:50044,True,0.1721897043947678,True,True,encoded
6822,RHEA:50048,True,0.2266663498883293,True,True,encoded
6823,RHEA:50052,True,0.1814264503553542,True,True,encoded
6824,RHEA:50056,True,0.2411037327313611,True,True,encoded
6825,RHEA:50060,True,0.2731085717143218,True,True,encoded
6826,RHEA:50064,True,0.148150197036724,True,True,encoded
6827,RHEA:50068,True,0.2731085717143218,True,True,encoded
6828,RHEA:50072,True,0.148150197036724,True,True,encoded
6829,RHEA:50076,True,0.2232301715622816,True,True,encoded
6830,RHEA:50080,True,0.1435010831898582,True,True,encoded
6831,RHEA:50084,True,0.06839806432458,True,True,encoded
6832,RHEA:50088,True,0.1668162488766225,True,True,encoded
6833,RHEA:50096,True,0.1809346950146287,True,True,encoded
6834,RHEA:50100,True,0.1422605605684241,True,True,encoded
6835,RHEA:50104,True,0.1273500096881111,True,True,encoded
6836,RHEA:50108,True,0.0970301885876046,True,True,encoded
6837,RHEA:50112,True,0.0736849378083746,True,True,encoded
6838,RHEA:50116,True,0.0604102496977133,True,True,encoded
6839,RHEA:50120,True,0.0667925493708409,True,True,encoded
6840,RHEA:50124,True,0.5931088236832793,True,True,encoded
6841,RHEA:50128,True,0.5970019896469216,True,True,encoded
6842,RHEA:50132,True,0.6883468402858449,True,True,encoded
6843,RHEA:50136,True,0.8534532965986396,True,True,encoded
6844,RHEA:50140,True,0.749806701745532,True,True,encoded
6845,RHEA:50144,True,0.9158385107399892,True,True,encoded
6846,RHEA:50148,True,0.9934562756222026,True,True,encoded
6847,RHEA:50152,True,0.7428315432082065,True,True,encoded
6848,RHEA:50156,True,0.3989547800078272,True,True,encoded
6849,RHEA:50160,True,0.4090774969823667,True,True,encoded
6850,RHEA:50164,True,0.1572767507063244,True,True,encoded
6851,RHEA:50168,True,0.5901047608850023,True,True,encoded
6852,RHEA:50172,True,0.5939416160938517,True,True,encoded
6853,RHEA:50176,True,0.6059484474076948,True,True,encoded
6854,RHEA:50180,True,0.6242030861610177,True,True,encoded
6855,RHEA:50184,True,0.6001337209710653,True,True,encoded
6856,RHEA:50188,True,0.6148170003901388,True,True,encoded
6857,RHEA:50192,True,0.8099267096521282,True,True,encoded
6858,RHEA:50196,True,0.4649226127963564,False,False,clipzyme_graph_prereq_failed:unmapped_atoms
6859,RHEA:50200,True,0.4733072188310759,False,False,clipzyme_graph_prereq_failed:unmapped_atoms
6860,RHEA:50204,True,0.6035175647688642,True,True,encoded
6861,RHEA:50208,True,0.7647823116526091,True,True,encoded
6862,RHEA:50212,True,0.7352729935305935,True,True,encoded
6863,RHEA:50216,True,0.684309699199888,True,True,encoded
6864,RHEA:50228,True,0.5090954281304287,True,True,encoded
6865,RHEA:50236,True,0.2601065710825697,True,True,encoded
6866,RHEA:50244,True,0.2443909039491338,True,True,encoded
6867,RHEA:50248,True,0.0690192223145596,True,True,encoded
6868,RHEA:50256,True,0.2223301777843231,True,True,encoded
6869,RHEA:50260,True,0.7937092141775371,True,True,encoded
6870,RHEA:50264,True,0.2319958852818578,True,True,encoded
6871,RHEA:50268,True,0.7741555340191191,True,True,encoded
6872,RHEA:50272,True,0.6735031441679784,True,True,encoded
6873,RHEA:50276,True,0.588539705533123,True,True,encoded
6874,RHEA:50280,True,0.6019520134505567,True,True,encoded
6875,RHEA:50284,True,0.588539705533123,True,True,encoded
6876,RHEA:50288,True,0.6091411781719445,True,True,encoded
6877,RHEA:50292,True,0.1923673854428257,True,True,encoded
6878,RHEA:50296,True,0.248709762253366,True,True,encoded
6879,RHEA:50300,True,0.2390364065903011,True,True,encoded
6880,RHEA:50304,True,0.2198392867669011,True,True,encoded
6881,RHEA:50308,True,0.2196575132740102,True,True,encoded
6882,RHEA:50312,True,0.7041804058112254,True,True,encoded
6883,RHEA:50316,True,0.5664885291304531,True,True,encoded
6884,RHEA:50320,True,0.081717760230259,True,True,encoded
6885,RHEA:50324,True,0.081717760230259,True,True,encoded
6886,RHEA:50328,True,0.083993800058446,True,True,encoded
6887,RHEA:50332,True,0.0821022553540746,True,True,encoded
6888,RHEA:50336,True,0.0206173271951938,True,True,encoded
6889,RHEA:50344,False,,False,False,mapping_unsupported
6890,RHEA:50352,False,,False,False,mapping_unsupported
6891,RHEA:50356,True,0.1429768459270269,True,True,encoded
6892,RHEA:50364,True,0.2430487312512015,True,True,encoded
6893,RHEA:50368,True,0.1826840860678784,True,True,encoded
6894,RHEA:50380,False,,False,False,mapping_unsupported
6895,RHEA:50388,True,0.2088679070837869,True,True,encoded
6896,RHEA:50396,True,0.1241565897010531,True,True,encoded
6897,RHEA:50412,True,0.7228392961820557,True,True,encoded
6898,RHEA:50416,True,0.6548953974218045,True,True,encoded
6899,RHEA:50420,True,0.7140701109470223,True,True,encoded
6900,RHEA:50424,True,0.2552397500488537,True,True,encoded
6901,RHEA:50428,True,0.9173789559915666,True,True,encoded
6902,RHEA:50432,True,0.9136484046017092,False,False,clipzyme_graph_prereq_failed:unmapped_atoms
6903,RHEA:50444,True,0.3106139232619456,True,True,encoded
6904,RHEA:50448,True,0.7952485311507449,False,False,clipzyme_graph_prereq_failed:unmapped_atoms
6905,RHEA:50460,True,0.0783111259170867,True,True,encoded
6906,RHEA:50472,True,0.0232000809897313,True,True,encoded
6907,RHEA:50480,True,0.2220839427683913,True,True,encoded
6908,RHEA:50484,True,0.2344275867865405,True,True,encoded
6909,RHEA:50488,True,0.233017637745705,True,True,encoded
6910,RHEA:50492,True,0.2496796911191329,True,True,encoded
6911,RHEA:50496,True,0.3129685906165613,True,True,encoded
6912,RHEA:50500,True,0.2659796474001845,True,True,encoded
6913,RHEA:50504,True,0.2536129614795877,True,True,encoded
6914,RHEA:50508,True,0.1808235488096445,True,True,encoded
6915,RHEA:50512,True,0.2555812035409447,True,True,encoded
6916,RHEA:50516,True,0.2413009684045163,True,True,encoded
6917,RHEA:50520,True,0.1558678794266494,True,True,encoded
6918,RHEA:50524,True,0.2319917602425238,True,True,encoded
6919,RHEA:50528,True,0.2249923343779335,True,True,encoded
6920,RHEA:50532,True,0.2091369882552212,True,True,encoded
6921,RHEA:50560,True,0.2291651949649142,True,True,encoded
6922,RHEA:50564,True,0.2107304142789638,True,True,encoded
6923,RHEA:50568,True,0.2230303618164396,True,True,encoded
6924,RHEA:50572,True,0.212159162851953,True,True,encoded
6925,RHEA:50576,True,0.2439744264420041,True,True,encoded
6926,RHEA:50580,True,0.2434501854780224,True,True,encoded
6927,RHEA:50584,True,0.423224017688796,True,True,encoded
6928,RHEA:50588,True,0.4138158413853942,True,True,encoded
6929,RHEA:50592,True,0.4113901682930449,True,True,encoded
6930,RHEA:50596,True,0.2536129614795877,True,True,encoded
6931,RHEA:50600,True,0.2536129614795877,True,True,encoded
6932,RHEA:50604,True,0.2251543377489052,True,True,encoded
6933,RHEA:50608,True,0.3383360333046233,True,True,encoded
6934,RHEA:50612,True,0.4067548502059378,True,True,encoded
6935,RHEA:50616,True,0.4330123013274705,True,True,encoded
6936,RHEA:50648,True,0.9321230008348812,True,True,encoded
6937,RHEA:50652,True,0.9152484830568648,True,True,encoded
6938,RHEA:50656,True,0.9080114924603906,True,True,encoded
6939,RHEA:50660,True,0.895043972328775,True,True,encoded
6940,RHEA:50664,True,0.5241694340656383,True,True,encoded
6941,RHEA:50668,True,0.5251761712866561,True,True,encoded
6942,RHEA:50676,True,0.9787772981794316,True,True,encoded
6943,RHEA:50680,True,0.9979983636530996,True,True,encoded
6944,RHEA:50692,True,0.2860238847009665,True,True,encoded
6945,RHEA:50696,True,0.1820990572417504,True,True,encoded
6946,RHEA:50700,True,0.1229923389805063,True,True,encoded
6947,RHEA:50704,True,0.8289340294842724,True,True,encoded
6948,RHEA:50708,True,0.2073770202051863,True,True,encoded
6949,RHEA:50712,True,0.3895373145315028,True,True,encoded
6950,RHEA:50716,True,0.0928831352279532,True,True,encoded
6951,RHEA:50736,True,0.2237974472094192,True,True,encoded
6952,RHEA:50740,True,0.6918428282810802,True,True,encoded
6953,RHEA:50756,True,0.2470843400986731,True,True,encoded
6954,RHEA:50760,True,0.236312323999826,True,True,encoded
6955,RHEA:50764,True,0.8447313424108491,True,True,encoded
6956,RHEA:50768,True,0.8200597704731906,True,True,encoded
6957,RHEA:50776,True,0.4192222398259924,True,True,encoded
6958,RHEA:50780,True,0.4213943616487341,True,True,encoded
6959,RHEA:50784,True,0.3608721969810743,True,True,encoded
6960,RHEA:50788,True,0.4375164789843979,True,True,encoded
6961,RHEA:50792,True,0.3199779241607324,True,True,encoded
6962,RHEA:50796,True,0.7967794984445006,True,True,encoded
6963,RHEA:50800,True,0.7967794984445006,True,True,encoded
6964,RHEA:50804,True,0.7833435153760355,True,True,encoded
6965,RHEA:50808,True,0.7833435153760355,True,True,encoded
6966,RHEA:50816,True,0.415884182905638,True,True,encoded
6967,RHEA:50820,True,0.3514533335275014,True,True,encoded
6968,RHEA:50824,True,0.60277804179665,True,True,encoded
6969,RHEA:50828,True,0.5765398966749694,True,True,encoded
6970,RHEA:50832,True,0.5915570501979505,True,True,encoded
6971,RHEA:50836,True,0.6041715119229905,True,True,encoded
6972,RHEA:50840,True,0.5729934674458996,True,True,encoded
6973,RHEA:50844,True,0.7741555008703094,True,True,encoded
6974,RHEA:50848,True,0.4387136900849728,False,False,clipzyme_graph_prereq_failed:unmapped_atoms
6975,RHEA:50852,True,0.4857411064307162,False,False,clipzyme_graph_prereq_failed:unmapped_atoms
6976,RHEA:50856,True,0.5033539342972491,False,False,clipzyme_graph_prereq_failed:unmapped_atoms
6977,RHEA:50860,True,0.5236439920025684,False,False,clipzyme_graph_prereq_failed:unmapped_atoms
6978,RHEA:50864,True,0.5622231543826645,False,False,clipzyme_graph_prereq_failed:unmapped_atoms
6979,RHEA:50876,True,0.290688529526336,True,True,encoded
6980,RHEA:50880,True,0.0105808371401878,True,True,encoded
6981,RHEA:50884,True,0.4743546389543065,True,True,encoded
6982,RHEA:50896,True,0.8460788194826129,True,True,encoded
6983,RHEA:50900,True,0.794967842290226,True,True,encoded
6984,RHEA:50904,True,0.9198565340531808,True,True,encoded
6985,RHEA:50912,True,0.0038269137170748,True,True,encoded
6986,RHEA:50916,True,0.026947615226438,True,True,encoded
6987,RHEA:50920,True,0.4260882655383035,True,True,encoded
6988,RHEA:50924,True,0.2511856574555166,True,True,encoded
6989,RHEA:50928,True,0.2627222223487092,True,True,encoded
6990,RHEA:50932,True,0.7077197180421557,True,True,encoded
6991,RHEA:50936,True,0.2588405558575453,True,True,encoded
6992,RHEA:50940,True,0.334269272540225,True,True,encoded
6993,RHEA:50944,True,0.7127654542675432,True,True,encoded
6994,RHEA:50948,True,0.9658647220264716,True,True,encoded
6995,RHEA:50952,True,0.7082884761888173,False,False,clipzyme_graph_prereq_failed:unmapped_atoms
6996,RHEA:50956,True,0.8298745765293492,True,True,encoded
6997,RHEA:50960,True,0.8298745765293492,True,True,encoded
6998,RHEA:50964,True,0.8929946001382025,True,True,encoded
6999,RHEA:50968,True,0.8196553213471647,True,True,encoded
7000,RHEA:50972,True,0.5189762321419207,True,True,encoded
7001,RHEA:50996,True,0.0327183631700399,True,True,encoded
7002,RHEA:51000,True,0.0327183631700399,True,True,encoded
7003,RHEA:51004,True,0.564601669221231,True,True,encoded
7004,RHEA:51016,True,0.5103250526265386,True,True,encoded
7005,RHEA:51020,True,0.564601669221231,True,True,encoded
7006,RHEA:51024,True,0.18107366996267,True,True,encoded
7007,RHEA:51036,True,0.4225404971747185,True,True,encoded
7008,RHEA:51048,True,0.9597980641476764,False,False,clipzyme_graph_prereq_failed:reactant_product_map_sets_differ
7009,RHEA:51060,True,0.832941297952159,False,False,clipzyme_graph_prereq_failed:reactant_product_map_sets_differ
7010,RHEA:51064,True,0.1269499848180426,True,True,encoded
7011,RHEA:51068,True,0.7953364829315602,True,True,encoded
7012,RHEA:51072,True,0.3622549620571544,True,True,encoded
7013,RHEA:51080,True,0.1468061770116243,True,True,encoded
7014,RHEA:51084,True,0.1638178500511454,True,True,encoded
7015,RHEA:51088,True,0.1628483881130829,True,True,encoded
7016,RHEA:51092,True,0.1571638013981806,True,True,encoded
7017,RHEA:51096,True,0.142619468608048,True,True,encoded
7018,RHEA:51100,True,0.1937164444090587,True,True,encoded
7019,RHEA:51104,True,0.1894868938140352,True,True,encoded
7020,RHEA:51108,True,0.1931159118098039,True,True,encoded
7021,RHEA:51112,True,0.1968160904339402,True,True,encoded
7022,RHEA:51116,True,0.8046259701188913,True,True,encoded
7023,RHEA:51124,True,0.8345622480620145,True,True,encoded
7024,RHEA:51128,True,0.9987412715065264,False,False,clipzyme_graph_prereq_failed:reactant_product_map_sets_differ
7025,RHEA:51132,True,0.3250411258116402,True,True,encoded
7026,RHEA:51148,True,0.8025913801312798,True,True,encoded
7027,RHEA:51152,True,0.4033236837685874,True,True,encoded
7028,RHEA:51156,True,0.1018738273499628,True,True,encoded
7029,RHEA:51160,True,0.8268151165863223,True,True,encoded
7030,RHEA:51164,True,0.8268151165863223,True,True,encoded
7031,RHEA:51168,True,0.6497274588894252,True,True,encoded
7032,RHEA:51172,True,0.8268151165863223,True,True,encoded
7033,RHEA:51204,True,0.3383360333046233,True,True,encoded
7034,RHEA:51208,True,0.3544974687947528,True,True,encoded
7035,RHEA:51212,True,0.3383360333046233,True,True,encoded
7036,RHEA:51216,True,0.1615847587115275,True,True,encoded
7037,RHEA:51220,True,0.8415163592833048,True,True,encoded
7038,RHEA:51224,True,0.2639500919545487,True,True,encoded
7039,RHEA:51232,True,0.8489654419590067,True,True,encoded
7040,RHEA:51240,True,0.688034494585516,True,True,encoded
7041,RHEA:51244,True,0.6194901508761671,True,True,encoded
7042,RHEA:51248,True,0.6569708198184145,True,True,encoded
7043,RHEA:51252,True,0.6488808251653053,True,True,encoded
7044,RHEA:51256,True,0.7147948773466941,True,True,encoded
7045,RHEA:51260,True,0.1408984573233472,True,True,encoded
7046,RHEA:51264,True,0.1408984573233472,True,True,encoded
7047,RHEA:51268,True,0.8141719210189649,True,True,encoded
7048,RHEA:51272,True,0.1967769433340679,True,True,encoded
7049,RHEA:51292,True,0.3365259663941437,True,True,encoded
7050,RHEA:51296,True,0.3365259663941437,True,True,encoded
7051,RHEA:51300,True,0.6365699680393615,True,True,encoded
7052,RHEA:51308,True,0.3236278274996945,True,True,encoded
7053,RHEA:51312,True,0.6455697103440116,True,True,encoded
7054,RHEA:51316,True,0.6425486557759291,True,True,encoded
7055,RHEA:51324,True,0.5974719759293979,True,True,encoded
7056,RHEA:51328,True,0.6299026966161996,True,True,encoded
7057,RHEA:51332,True,0.6199613760023496,True,True,encoded
7058,RHEA:51340,True,0.586426975240932,True,True,encoded
7059,RHEA:51344,True,0.8545120658324437,True,True,encoded
7060,RHEA:51348,False,,False,False,mapping_unsupported
7061,RHEA:51352,True,0.7659169490371276,True,True,encoded
7062,RHEA:51356,True,0.7572787486035621,True,True,encoded
7063,RHEA:51360,True,0.6582995240547026,True,True,encoded
7064,RHEA:51364,True,0.2160743103877787,True,True,encoded
7065,RHEA:51368,True,0.1330030056471706,True,True,encoded
7066,RHEA:51372,True,0.2345513579449502,True,True,encoded
7067,RHEA:51376,True,0.1690722418000481,True,True,encoded
7068,RHEA:51380,True,0.2032664141889826,True,True,encoded
7069,RHEA:51384,True,0.1766186371986994,True,True,encoded
7070,RHEA:51388,True,0.2805167375364211,True,True,encoded
7071,RHEA:51392,True,0.1940214944303214,True,True,encoded
7072,RHEA:51396,True,0.2407402190283293,True,True,encoded
7073,RHEA:51400,True,0.1462874138674903,True,True,encoded
7074,RHEA:51404,True,0.497532476179949,True,True,encoded
7075,RHEA:51408,True,0.0655824011524349,True,True,encoded
7076,RHEA:51412,True,0.5957567648657633,True,True,encoded
7077,RHEA:51416,True,0.0287224026312643,True,True,encoded
7078,RHEA:51420,True,0.0287224026312643,True,True,encoded
7079,RHEA:51424,True,0.0354600960583784,True,True,encoded
7080,RHEA:51428,True,0.1408564864716361,True,True,encoded
7081,RHEA:51432,True,0.1300363440450247,True,True,encoded
7082,RHEA:51436,True,0.2648326653489313,True,True,encoded
7083,RHEA:51440,True,0.6488808251653053,True,True,encoded
7084,RHEA:51448,True,0.2548687849374714,True,True,encoded
7085,RHEA:51452,True,0.2548687849374714,True,True,encoded
7086,RHEA:51468,True,0.6389046287253963,True,True,encoded
7087,RHEA:51472,True,0.1746695311152552,True,True,encoded
7088,RHEA:51476,True,0.2916581929514135,True,True,encoded
7089,RHEA:51480,True,0.1967018047685943,True,True,encoded
7090,RHEA:51484,True,0.2146006935042434,True,True,encoded
7091,RHEA:51488,True,0.2633952214239941,True,True,encoded
7092,RHEA:51492,True,0.1174785941082265,True,True,encoded
7093,RHEA:51496,True,0.3049024440040496,True,True,encoded
7094,RHEA:51500,True,0.3018138878519565,True,True,encoded
7095,RHEA:51504,True,0.4269088641040232,True,True,encoded
7096,RHEA:51508,True,0.4767092309151667,True,True,encoded
7097,RHEA:51512,True,0.9087441239390728,True,True,encoded
7098,RHEA:51516,True,0.8923668248789247,True,True,encoded
7099,RHEA:51520,True,0.8923668248789247,True,True,encoded
7100,RHEA:51524,True,0.9199822798663636,True,True,encoded
7101,RHEA:51528,True,0.7491110359855239,True,True,encoded
7102,RHEA:51532,True,0.1517597519440122,True,True,encoded
7103,RHEA:51536,True,0.7214144975684453,True,True,encoded
7104,RHEA:51540,True,0.265756707899799,True,True,encoded
7105,RHEA:51544,True,0.9807985409401804,True,True,encoded
7106,RHEA:51548,True,0.8230303700513633,True,True,encoded
7107,RHEA:51552,True,0.2167737768032953,True,True,encoded
7108,RHEA:51556,True,0.8849524146840638,True,True,encoded
7109,RHEA:51560,True,0.9192946702763292,True,True,encoded
7110,RHEA:51564,True,4.552597544865638e-06,True,True,encoded
7111,RHEA:51568,True,0.3117558570206906,True,True,encoded
7112,RHEA:51572,True,0.2739870737291385,True,True,encoded
7113,RHEA:51576,True,0.6896925869627788,True,True,encoded
7114,RHEA:51584,True,0.1123541959627957,True,True,encoded
7115,RHEA:51592,True,0.2257931445753417,True,True,encoded
7116,RHEA:51596,True,0.1448386031881247,True,True,encoded
7117,RHEA:51600,True,0.1823448414479741,True,True,encoded
7118,RHEA:51608,True,0.659521106356642,True,True,encoded
7119,RHEA:51616,True,0.2810478388462888,True,True,encoded
7120,RHEA:51620,True,0.3074625207480578,True,True,encoded
7121,RHEA:51624,True,0.1549624695752496,True,True,encoded
7122,RHEA:51628,True,0.3403575422088533,True,True,encoded
7123,RHEA:51632,True,0.2515438275224417,True,True,encoded
7124,RHEA:51640,True,0.7016299618110955,True,True,encoded
7125,RHEA:51644,True,0.3750739867110938,True,True,encoded
7126,RHEA:51648,True,0.5607599037552731,True,True,encoded
7127,RHEA:51656,True,0.9163563993030276,True,True,encoded
7128,RHEA:51664,True,0.963554333667604,True,True,encoded
7129,RHEA:51668,True,0.2908881479235941,True,True,encoded
7130,RHEA:51672,True,0.8160205263006733,True,True,encoded
7131,RHEA:51676,True,0.1006246976572868,False,False,clipzyme_graph_prereq_failed:reactant_product_map_sets_differ
7132,RHEA:51680,True,0.2035151231793519,True,True,encoded
7133,RHEA:51688,True,0.5393178457704446,True,True,encoded
7134,RHEA:51692,True,0.5464186745888637,True,True,encoded
7135,RHEA:51696,True,0.6847204395265205,True,True,encoded
7136,RHEA:51700,True,0.6249121442243006,True,True,encoded
7137,RHEA:51704,True,0.645305410526667,True,True,encoded
7138,RHEA:51708,True,0.5393178457704446,True,True,encoded
7139,RHEA:51712,True,0.5697193045293881,True,True,encoded
7140,RHEA:51724,True,0.2200264033044219,True,True,encoded
7141,RHEA:51728,True,0.3844989599448968,True,True,encoded
7142,RHEA:51732,True,0.6860461239750655,True,True,encoded
7143,RHEA:51736,True,0.9365918571282712,True,True,encoded
7144,RHEA:51752,True,0.099568547627166,True,True,encoded
7145,RHEA:51756,True,0.1203473937613485,True,True,encoded
7146,RHEA:51760,True,0.0637708861765258,True,True,encoded
7147,RHEA:51792,True,0.5440412443849754,True,True,encoded
7148,RHEA:51848,True,0.2859475382704512,True,True,encoded
7149,RHEA:51860,True,0.1099536192168519,True,True,encoded
7150,RHEA:51864,True,0.1088323592306097,True,True,encoded
7151,RHEA:51868,True,0.116609207886814,True,True,encoded
7152,RHEA:51876,True,0.0917821334549563,True,True,encoded
7153,RHEA:51880,True,0.4390148819561194,True,True,encoded
7154,RHEA:51884,True,0.9191567293276618,True,True,encoded
7155,RHEA:51888,True,0.2484600000978079,True,True,encoded
7156,RHEA:51892,True,0.8581354747111023,True,True,encoded
7157,RHEA:51896,True,0.7139206642530028,True,True,encoded
7158,RHEA:51900,True,0.5677656268572379,True,True,encoded
7159,RHEA:51908,True,0.2852299071226376,True,True,encoded
7160,RHEA:51916,True,0.9557153815104772,True,True,encoded
7161,RHEA:51924,True,0.1431732620059312,False,False,clipzyme_graph_prereq_failed:unmapped_atoms
7162,RHEA:51928,True,0.6483458678518303,True,True,encoded
7163,RHEA:51936,True,0.424814808284417,True,True,encoded
7164,RHEA:51944,True,0.2136967390263749,True,True,encoded
7165,RHEA:51952,True,0.162646711112215,True,True,encoded
7166,RHEA:51968,True,0.603517462746594,True,True,encoded
7167,RHEA:51984,True,0.1174784970398792,True,True,encoded
7168,RHEA:51988,True,0.6735032253059384,True,True,encoded
7169,RHEA:52008,True,0.0236068628337716,True,True,encoded
7170,RHEA:52012,True,0.022686587992058,True,True,encoded
7171,RHEA:52016,True,0.0202202060619733,True,True,encoded
7172,RHEA:52028,True,0.9668757274550184,True,True,encoded
7173,RHEA:52044,True,0.4667791603986885,True,True,encoded
7174,RHEA:52048,True,0.4532644569274103,True,True,encoded
7175,RHEA:52052,True,0.4616462374423843,True,True,encoded
7176,RHEA:52056,True,0.5105901228191688,True,True,encoded
7177,RHEA:52060,True,0.4977825601038324,True,True,encoded
7178,RHEA:52064,True,0.5325463526144204,True,True,encoded
7179,RHEA:52068,True,0.5605154163675263,True,True,encoded
7180,RHEA:52072,True,0.5440133350696601,True,True,encoded
7181,RHEA:52076,True,0.6044070004393048,True,True,encoded
7182,RHEA:52080,True,0.4041493811295578,True,True,encoded
7183,RHEA:52084,True,0.4293908227683717,True,True,encoded
7184,RHEA:52088,True,0.0217969558793897,True,True,encoded
7185,RHEA:52092,True,0.648236561890179,True,True,encoded
7186,RHEA:52096,True,0.3803893578502891,True,True,encoded
7187,RHEA:52100,True,0.5449024539279292,True,True,encoded
7188,RHEA:52104,True,0.771851309670675,True,True,encoded
7189,RHEA:52108,True,0.0229613537989991,True,True,encoded
7190,RHEA:52112,True,0.023426780793738,True,True,encoded
7191,RHEA:52116,True,0.0214727157425681,True,True,encoded
7192,RHEA:52120,True,0.1468061770116243,True,True,encoded
7193,RHEA:52124,True,0.1468061770116243,True,True,encoded
7194,RHEA:52128,True,0.4447110050428382,True,True,encoded
7195,RHEA:52132,True,0.3872352098049628,True,True,encoded
7196,RHEA:52140,True,0.443740947087664,True,True,encoded
7197,RHEA:52144,True,0.1414015126473213,True,True,encoded
7198,RHEA:52152,True,0.7531841702422754,True,True,encoded
7199,RHEA:52156,True,0.2077074120377466,True,True,encoded
7200,RHEA:52164,True,0.2639718804940959,True,True,encoded
7201,RHEA:52168,True,0.1665568512962557,True,True,encoded
7202,RHEA:52172,True,0.1787503668378091,True,True,encoded
7203,RHEA:52176,True,0.163825430783278,True,True,encoded
7204,RHEA:52180,True,0.3022685107771187,True,True,encoded
7205,RHEA:52192,True,0.3255884290744195,True,True,encoded
7206,RHEA:52204,True,0.130544665256304,True,True,encoded
7207,RHEA:52208,True,0.1207924893325875,True,True,encoded
7208,RHEA:52212,True,0.2095845030452204,True,True,encoded
7209,RHEA:52224,True,0.0011255872898304,False,False,clipzyme_graph_prereq_failed:unmapped_atoms
7210,RHEA:52228,True,0.0011083315464428,False,False,clipzyme_graph_prereq_failed:unmapped_atoms
7211,RHEA:52232,True,0.0004952773484818,False,False,clipzyme_graph_prereq_failed:unmapped_atoms
7212,RHEA:52236,True,0.0010900444926881,False,False,clipzyme_graph_prereq_failed:unmapped_atoms
7213,RHEA:52252,True,0.2110722518726636,True,True,encoded
7214,RHEA:52264,True,0.2472344244333214,True,True,encoded
7215,RHEA:52276,True,0.7198253494786103,True,True,encoded
7216,RHEA:52280,True,0.5886734736509679,True,True,encoded
7217,RHEA:52284,True,0.2438423840082538,True,True,encoded
7218,RHEA:52288,True,0.1979399971009517,True,True,encoded
7219,RHEA:52292,True,0.1848783878157509,True,True,encoded
7220,RHEA:52296,True,0.2057091672404198,True,True,encoded
7221,RHEA:52300,True,0.2146008202373873,True,True,encoded
7222,RHEA:52304,True,0.9882646605764616,True,True,encoded
7223,RHEA:52308,True,0.3499534447222107,True,True,encoded
7224,RHEA:52316,True,0.7129387959515209,True,True,encoded
7225,RHEA:52320,True,0.4495512784290334,True,True,encoded
7226,RHEA:52324,True,4.97610202743372e-07,True,True,encoded
7227,RHEA:52336,True,0.1917503016044175,True,True,encoded
7228,RHEA:52340,True,0.3313612625380702,True,True,encoded
7229,RHEA:52344,True,0.1072073046439291,True,True,encoded
7230,RHEA:52348,True,0.1095731629540612,True,True,encoded
7231,RHEA:52352,True,0.058503908211833,True,True,encoded
7232,RHEA:52356,True,0.133609717588471,True,True,encoded
7233,RHEA:52368,True,0.0985850108202497,True,True,encoded
7234,RHEA:52372,True,0.1547612536595032,True,True,encoded
7235,RHEA:52380,True,0.6905784533723879,True,True,encoded
7236,RHEA:52384,True,0.356824971730611,True,True,encoded
7237,RHEA:52388,True,0.2524612691659353,True,True,encoded
7238,RHEA:52392,True,0.2524612691659353,True,True,encoded
7239,RHEA:52396,True,0.2787883117125124,True,True,encoded
7240,RHEA:52404,True,0.3355079098237013,True,True,encoded
7241,RHEA:52408,True,0.2787883117125124,True,True,encoded
7242,RHEA:52416,True,0.3355079098237013,True,True,encoded
7243,RHEA:52420,True,0.3089373017735143,True,True,encoded
7244,RHEA:52424,True,0.7451974034204846,True,True,encoded
7245,RHEA:52432,True,0.94366268803506,True,True,encoded
7246,RHEA:52436,True,0.0970993490774736,True,True,encoded
7247,RHEA:52440,True,0.4231916706196086,True,True,encoded
7248,RHEA:52444,True,0.4070266283250093,True,True,encoded
7249,RHEA:52448,True,0.6366339621010859,True,True,encoded
7250,RHEA:52452,True,0.617598233073612,True,True,encoded
7251,RHEA:52456,True,0.611752360718385,True,True,encoded
7252,RHEA:52460,True,0.6347055411726793,True,True,encoded
7253,RHEA:52464,True,0.6149658714746181,True,True,encoded
7254,RHEA:52468,True,0.6294534074910481,True,True,encoded
7255,RHEA:52472,True,0.6306575369534497,True,True,encoded
7256,RHEA:52476,True,0.6314808099692085,True,True,encoded
7257,RHEA:52480,True,0.4259633706061473,True,True,encoded
7258,RHEA:52484,True,0.9886216731989732,False,False,clipzyme_graph_prereq_failed:reactant_product_map_sets_differ
7259,RHEA:52488,True,0.2844079059528079,True,True,encoded
7260,RHEA:52492,True,0.2088494293001843,True,True,encoded
7261,RHEA:52496,True,0.1891185412075737,True,True,encoded
7262,RHEA:52500,True,0.2273459849786227,True,True,encoded
7263,RHEA:52504,True,0.2408260996341695,True,True,encoded
7264,RHEA:52508,True,0.1848783878157509,True,True,encoded
7265,RHEA:52512,True,0.3844468575346342,True,True,encoded
7266,RHEA:52520,True,0.3158103354700891,True,True,encoded
7267,RHEA:52524,True,0.2983208647937497,True,True,encoded
7268,RHEA:52528,True,0.7808724534354536,True,True,encoded
7269,RHEA:52532,True,0.2461291681015313,True,True,encoded
7270,RHEA:52536,True,0.2863837485544281,True,True,encoded
7271,RHEA:52540,True,0.18241597740867,True,True,encoded
7272,RHEA:52544,True,0.6935250215394098,True,True,encoded
7273,RHEA:52548,True,0.6935250215394098,True,True,encoded
7274,RHEA:52552,True,0.248122875472381,True,True,encoded
7275,RHEA:52556,True,0.248122875472381,True,True,encoded
7276,RHEA:52560,True,0.8156056162791724,True,True,encoded
7277,RHEA:52564,True,0.8156056162791724,True,True,encoded
7278,RHEA:52568,True,0.611752360718385,True,True,encoded
7279,RHEA:52572,True,0.1845271095683804,True,True,encoded
7280,RHEA:52576,True,0.1749467391427968,True,True,encoded
7281,RHEA:52580,True,0.3779993401994966,True,True,encoded
7282,RHEA:52584,True,0.1393742363268609,True,True,encoded
7283,RHEA:52588,True,0.1449836325354014,True,True,encoded
7284,RHEA:52592,True,0.1395279623669614,True,True,encoded
7285,RHEA:52596,True,0.1468914067148323,True,True,encoded
7286,RHEA:52600,True,0.2963770545609667,True,True,encoded
7287,RHEA:52608,True,0.4478276604004939,True,True,encoded
7288,RHEA:52612,True,0.174554356316521,True,True,encoded
7289,RHEA:52616,True,0.2445744407798222,True,True,encoded
7290,RHEA:52620,True,0.1596891941523479,True,True,encoded
7291,RHEA:52624,True,0.1932650995760947,True,True,encoded
7292,RHEA:52632,True,0.2289412517695732,True,True,encoded
7293,RHEA:52636,True,0.3301243432441862,True,True,encoded
7294,RHEA:52644,True,0.5068460029846855,True,True,encoded
7295,RHEA:52648,True,0.5068460029846855,True,True,encoded
7296,RHEA:52652,True,0.4912230482970451,True,True,encoded
7297,RHEA:52656,True,0.1853371166990135,True,True,encoded
7298,RHEA:52660,True,0.0708611075884685,True,True,encoded
7299,RHEA:52664,True,0.2069213688651706,True,True,encoded
7300,RHEA:52668,True,0.1102509888973582,True,True,encoded
7301,RHEA:52672,True,0.7401358135058652,True,True,encoded
7302,RHEA:52676,True,0.9312330728932616,True,True,encoded
7303,RHEA:52680,True,0.2729319604867332,True,True,encoded
7304,RHEA:52684,True,0.8399854903672677,True,True,encoded
7305,RHEA:52688,True,0.7482073442598908,True,True,encoded
7306,RHEA:52692,True,0.3973294028943149,True,True,encoded
7307,RHEA:52696,True,0.6629730538746808,True,True,encoded
7308,RHEA:52704,True,0.2700775914702847,True,True,encoded
7309,RHEA:52708,True,0.2706430369397753,True,True,encoded
7310,RHEA:52712,True,0.4075745046124739,True,True,encoded
7311,RHEA:52716,False,,False,False,mapping_unsupported
7312,RHEA:52720,True,0.1155795948095451,True,True,encoded
7313,RHEA:52728,True,0.1189039688783391,True,True,encoded
7314,RHEA:52736,True,0.1529550096870766,True,True,encoded
7315,RHEA:52740,True,0.2853102246574615,True,True,encoded
7316,RHEA:52752,True,0.4673422434281751,True,True,encoded
7317,RHEA:52760,True,0.8675273208757661,True,True,encoded
7318,RHEA:52764,True,0.9243451824623984,True,True,encoded
7319,RHEA:52768,True,0.9189179033752988,True,True,encoded
7320,RHEA:52776,True,0.0079163940414829,True,True,encoded
7321,RHEA:52788,True,0.6288249440836042,True,True,encoded
7322,RHEA:52792,True,0.7688186198540564,True,True,encoded
7323,RHEA:52796,True,0.094635640872643,True,True,encoded
7324,RHEA:52800,True,0.0201185045183876,True,True,encoded
7325,RHEA:52804,True,0.0214720041037164,False,False,clipzyme_graph_prereq_failed:unmapped_atoms
7326,RHEA:52808,True,0.7815844982471682,True,True,encoded
7327,RHEA:52812,True,0.0118941286906625,True,True,encoded
7328,RHEA:52816,True,0.6915364452836804,True,True,encoded
7329,RHEA:52820,True,0.3624588156130541,True,True,encoded
7330,RHEA:52824,True,0.2753805206800749,True,True,encoded
7331,RHEA:52828,True,0.2812236815540191,True,True,encoded
7332,RHEA:52836,True,0.6275115332943995,True,True,encoded
7333,RHEA:52840,True,0.7594958832067692,True,True,encoded
7334,RHEA:52844,True,0.6127856054507916,True,True,encoded
7335,RHEA:52848,True,0.8032016117967624,True,True,encoded
7336,RHEA:52852,True,0.001094531814251,True,True,encoded
7337,RHEA:52864,True,0.317070452573011,True,True,encoded
7338,RHEA:52868,True,0.6347056980561764,True,True,encoded
7339,RHEA:52872,True,0.6149659114520591,True,True,encoded
7340,RHEA:52876,True,0.6294535210197107,True,True,encoded
7341,RHEA:52880,True,0.6306575986616562,True,True,encoded
7342,RHEA:52884,True,0.0491657832419635,True,True,encoded
7343,RHEA:52896,False,,False,False,mapping_unsupported
7344,RHEA:52900,True,0.0051340965217639,False,False,clipzyme_graph_prereq_failed:unmapped_atoms
7345,RHEA:52904,True,0.1302526150276902,True,True,encoded
7346,RHEA:52908,True,0.416542674131133,True,True,encoded
7347,RHEA:52912,True,0.3168919026406878,True,True,encoded
7348,RHEA:52916,True,0.6145672985566739,True,True,encoded
7349,RHEA:52920,True,0.6306575986616562,True,True,encoded
7350,RHEA:52924,True,0.6294535210197107,True,True,encoded
7351,RHEA:52928,True,0.3398132866064379,True,True,encoded
7352,RHEA:52936,True,0.1905039747919716,True,True,encoded
7353,RHEA:52940,True,0.5467163595769733,True,True,encoded
7354,RHEA:52948,True,0.535667871976758,True,True,encoded
7355,RHEA:52952,True,0.5208986673707161,True,True,encoded
7356,RHEA:52956,True,0.5386181882488827,True,True,encoded
7357,RHEA:52960,True,0.5053084201246736,True,True,encoded
7358,RHEA:52964,True,0.5860612642158803,True,True,encoded
7359,RHEA:52968,True,0.6101818471732692,True,True,encoded
7360,RHEA:53000,True,0.5021661158540114,True,True,encoded
7361,RHEA:53004,True,0.6472272617165357,True,True,encoded
7362,RHEA:53012,True,0.4180765148302918,True,True,encoded
7363,RHEA:53016,True,0.3795271400735416,True,True,encoded
7364,RHEA:53028,True,0.5310644641091995,True,True,encoded
7365,RHEA:53032,True,0.6510860813978944,True,True,encoded
7366,RHEA:53036,True,0.6448814621702071,True,True,encoded
7367,RHEA:53040,True,0.6469704798172276,True,True,encoded
7368,RHEA:53048,True,0.6531781114327939,True,True,encoded
7369,RHEA:53052,True,0.6510712759785686,True,True,encoded
7370,RHEA:53056,True,0.7994506685888563,True,True,encoded
7371,RHEA:53060,True,0.6548440223686545,True,True,encoded
7372,RHEA:53064,True,0.6492247221420103,True,True,encoded
7373,RHEA:53068,True,0.659142631773836,True,True,encoded
7374,RHEA:53072,True,0.666362486271613,True,True,encoded
7375,RHEA:53076,True,0.8268152340566117,True,True,encoded
7376,RHEA:53080,True,0.5937274294758508,True,True,encoded
7377,RHEA:53088,True,0.7852275612894649,True,True,encoded
7378,RHEA:53092,True,0.773325917999,True,True,encoded
7379,RHEA:53096,True,0.786782991254337,True,True,encoded
7380,RHEA:53100,True,0.8272042677573909,True,True,encoded
7381,RHEA:53104,True,0.849453310390499,True,True,encoded
7382,RHEA:53108,True,0.845388095134376,True,True,encoded
7383,RHEA:53112,True,0.3976061408804707,True,True,encoded
7384,RHEA:53116,True,0.8131732153107065,True,True,encoded
7385,RHEA:53120,True,0.1744275328659839,True,True,encoded
7386,RHEA:53132,True,0.930463737119943,False,False,clipzyme_graph_prereq_failed:reactant_product_map_sets_differ
7387,RHEA:53136,True,0.1744275328659839,True,True,encoded
7388,RHEA:53140,True,0.2398136057623638,True,True,encoded
7389,RHEA:53144,True,0.22497949097968,True,True,encoded
7390,RHEA:53148,True,0.2219221379977893,True,True,encoded
7391,RHEA:53152,True,0.185997373456053,True,True,encoded
7392,RHEA:53164,True,0.8863381997039558,True,True,encoded
7393,RHEA:53168,True,0.4586439625272875,True,True,encoded
7394,RHEA:53172,True,0.6323135109705744,True,True,encoded
7395,RHEA:53180,True,0.7957765454682031,True,True,encoded
7396,RHEA:53184,True,0.3796521994791,True,True,encoded
7397,RHEA:53188,True,0.4596621929184379,True,True,encoded
7398,RHEA:53192,True,0.5159763763927783,True,True,encoded
7399,RHEA:53196,True,0.2608559202997999,True,True,encoded
7400,RHEA:53200,True,0.1950229238120287,True,True,encoded
7401,RHEA:53204,True,0.2375165050054533,True,True,encoded
7402,RHEA:53212,True,0.2818615939597072,True,True,encoded
7403,RHEA:53216,True,0.2849589047008922,True,True,encoded
7404,RHEA:53220,True,0.2329284250143354,True,True,encoded
7405,RHEA:53224,True,0.2666486002336564,True,True,encoded
7406,RHEA:53228,True,0.2419705023005378,True,True,encoded
7407,RHEA:53232,True,0.2290728805430134,True,True,encoded
7408,RHEA:53236,True,0.2077419332821168,True,True,encoded
7409,RHEA:53240,True,0.1456811841490271,True,True,encoded
7410,RHEA:53244,True,0.1968152110053694,True,True,encoded
7411,RHEA:53248,True,0.2103780446588183,True,True,encoded
7412,RHEA:53252,True,0.2229776178642992,True,True,encoded
7413,RHEA:53256,True,0.2170785111964436,True,True,encoded
7414,RHEA:53260,True,0.1458847160051317,True,True,encoded
7415,RHEA:53264,True,0.251118422390264,True,True,encoded
7416,RHEA:53268,True,0.9807985476173324,True,True,encoded
7417,RHEA:53272,True,0.916356317193108,True,True,encoded
7418,RHEA:53276,True,0.2421637078261977,True,True,encoded
7419,RHEA:53280,True,0.7957765454682031,True,True,encoded
7420,RHEA:53284,True,0.3754180270600062,True,True,encoded
7421,RHEA:53288,True,0.5945699517502387,True,True,encoded
7422,RHEA:53296,True,0.0844736187798067,True,True,encoded
7423,RHEA:53304,False,,False,False,mapping_unsupported
7424,RHEA:53308,True,0.1955968432678381,True,True,encoded
7425,RHEA:53312,True,0.1955968432678381,True,True,encoded
7426,RHEA:53316,True,0.0384766981085424,True,True,encoded
7427,RHEA:53324,True,0.842389876073189,True,True,encoded
7428,RHEA:53328,True,0.4800913823342706,True,True,encoded
7429,RHEA:53332,True,0.477714483094396,True,True,encoded
7430,RHEA:53336,True,0.3818478921906976,True,True,encoded
7431,RHEA:53340,True,0.7054014593361074,True,True,encoded
7432,RHEA:53344,True,0.3818478921906976,True,True,encoded
7433,RHEA:53348,True,0.7054014593361074,True,True,encoded
7434,RHEA:53352,True,0.7054014593361074,True,True,encoded
7435,RHEA:53356,True,0.3818478921906976,True,True,encoded
7436,RHEA:53360,True,0.3818478921906976,True,True,encoded
7437,RHEA:53364,True,0.7054014593361074,True,True,encoded
7438,RHEA:53368,True,0.3818478921906976,True,True,encoded
7439,RHEA:53372,True,0.7054014593361074,True,True,encoded
7440,RHEA:53376,True,0.3818478921906976,True,True,encoded
7441,RHEA:53380,True,0.7054014593361074,True,True,encoded
7442,RHEA:53384,True,0.609255621582943,True,True,encoded
7443,RHEA:53388,True,0.4694643753869796,True,True,encoded
7444,RHEA:53392,True,0.3269539120232441,True,True,encoded
7445,RHEA:53400,True,0.6890176449388484,True,True,encoded
7446,RHEA:53408,True,0.4227653811554697,True,True,encoded
7447,RHEA:53412,True,0.4227653811554697,True,True,encoded
7448,RHEA:53428,True,0.9232898649063782,True,True,encoded
7449,RHEA:53432,True,0.7765070729914613,True,True,encoded
7450,RHEA:53444,True,0.2709040983926067,True,True,encoded
7451,RHEA:53448,True,0.1375667751375525,True,True,encoded
7452,RHEA:53456,True,0.1044014963958671,True,True,encoded
7453,RHEA:53460,True,0.1415462751568346,True,True,encoded
7454,RHEA:53464,True,0.1457234314797733,True,True,encoded
7455,RHEA:53468,True,0.1320761233964386,True,True,encoded
7456,RHEA:53472,True,0.1525009200417434,True,True,encoded
7457,RHEA:53476,True,0.1578186803598198,True,True,encoded
7458,RHEA:53480,True,0.4270551527514025,True,True,encoded
7459,RHEA:53484,True,0.3926529207899313,True,True,encoded
7460,RHEA:53488,True,0.4003386899771307,True,True,encoded
7461,RHEA:53492,True,0.3504811606452381,True,True,encoded
7462,RHEA:53496,True,0.385294021640254,True,True,encoded
7463,RHEA:53500,True,0.3770388348750354,True,True,encoded
7464,RHEA:53504,True,0.1721454499371852,False,False,clipzyme_graph_prereq_failed:unmapped_atoms
7465,RHEA:53508,True,0.6937646070784328,True,True,encoded
7466,RHEA:53512,True,0.695251097673141,True,True,encoded
7467,RHEA:53516,True,0.1287495894808963,True,True,encoded
7468,RHEA:53520,True,0.1524703617342883,True,True,encoded
7469,RHEA:53524,True,0.0033556380494397,True,True,encoded
7470,RHEA:53528,True,0.0019904966299414,True,True,encoded
7471,RHEA:53532,True,0.6928803012290281,True,True,encoded
7472,RHEA:53544,True,0.2598838436975779,True,True,encoded
7473,RHEA:53552,True,0.1831852146076829,True,True,encoded
7474,RHEA:53556,True,0.1831852146076829,True,True,encoded
7475,RHEA:53560,True,0.1831852146076829,True,True,encoded
7476,RHEA:53564,True,0.1789106433394675,True,True,encoded
7477,RHEA:53568,True,0.1800074552950743,True,True,encoded
7478,RHEA:53572,True,0.2496209918215406,True,True,encoded
7479,RHEA:53576,True,0.2446812191850309,True,True,encoded
7480,RHEA:53580,True,0.1474646028196605,True,True,encoded
7481,RHEA:53584,True,0.5830261870212832,True,True,encoded
7482,RHEA:53588,True,0.6139236299129861,True,True,encoded
7483,RHEA:53592,True,0.3999857076918454,True,True,encoded
7484,RHEA:53596,True,0.254938726592777,True,True,encoded
7485,RHEA:53600,True,0.3688890570632908,True,True,encoded
7486,RHEA:53604,True,0.3493845971920061,True,True,encoded
7487,RHEA:53612,True,0.0945882928977194,True,True,encoded
7488,RHEA:53616,True,0.0561130702840879,True,True,encoded
7489,RHEA:53620,True,0.0216413703953512,True,True,encoded
7490,RHEA:53624,True,0.0263064366396518,True,True,encoded
7491,RHEA:53628,True,0.0301433504473337,True,True,encoded
7492,RHEA:53632,True,0.0874207658025104,True,True,encoded
7493,RHEA:53636,True,0.0748516810153646,True,True,encoded
7494,RHEA:53640,True,0.0152027390834457,True,True,encoded
7495,RHEA:53644,True,0.0189890883899013,True,True,encoded
7496,RHEA:53648,True,0.0533338891324292,True,True,encoded
7497,RHEA:53652,True,0.6181925842709862,True,True,encoded
7498,RHEA:53656,True,0.5853353373768777,True,True,encoded
7499,RHEA:53660,True,0.5987065839205234,True,True,encoded
7500,RHEA:53668,True,0.0585358913298525,True,True,encoded
7501,RHEA:53676,True,0.2241213396486918,False,False,clipzyme_graph_prereq_failed:unmapped_atoms
7502,RHEA:53680,True,0.2129120302746318,False,False,clipzyme_graph_prereq_failed:unmapped_atoms
7503,RHEA:53684,True,0.2129120302746318,False,False,clipzyme_graph_prereq_failed:unmapped_atoms
7504,RHEA:53688,True,0.3129336609144423,True,True,encoded
7505,RHEA:53692,True,0.3546906277250652,True,True,encoded
7506,RHEA:53696,True,0.2934759029120282,True,True,encoded
7507,RHEA:53700,True,0.2934759029120282,True,True,encoded
7508,RHEA:53704,True,0.9126990319059736,True,True,encoded
7509,RHEA:53708,True,0.0844737157184318,True,True,encoded
7510,RHEA:53712,True,0.1066770652889032,True,True,encoded
7511,RHEA:53716,True,0.1904423230784809,True,True,encoded
7512,RHEA:53720,True,0.2875340673705731,True,True,encoded
7513,RHEA:53724,True,0.3337134436705719,True,True,encoded
7514,RHEA:53728,True,0.5075498630469928,True,True,encoded
7515,RHEA:53732,True,0.1583970682589624,True,True,encoded
7516,RHEA:53736,True,0.2982413947646061,True,True,encoded
7517,RHEA:53740,True,0.9113730468740886,True,True,encoded
7518,RHEA:53744,True,0.955147173677174,True,True,encoded
7519,RHEA:53748,True,0.6391487752058838,True,True,encoded
7520,RHEA:53752,True,0.6391487752058838,True,True,encoded
7521,RHEA:53756,True,0.1137320083659644,True,True,encoded
7522,RHEA:53760,True,0.1137320083659644,True,True,encoded
7523,RHEA:53764,True,0.0877363520535516,True,True,encoded
7524,RHEA:53768,True,0.1137320083659644,True,True,encoded
7525,RHEA:53772,True,0.1507970655986467,True,True,encoded
7526,RHEA:53776,True,0.7032692735684024,True,True,encoded
7527,RHEA:53780,True,0.0870169927598387,True,True,encoded
7528,RHEA:53784,True,0.0538074206562143,True,True,encoded
7529,RHEA:53788,True,0.0538074206562143,True,True,encoded
7530,RHEA:53792,True,0.7122320390141301,True,True,encoded
7531,RHEA:53796,True,0.1103973800299847,True,True,encoded
7532,RHEA:53800,True,0.1507970655986467,True,True,encoded
7533,RHEA:53804,True,0.1103973800299847,True,True,encoded
7534,RHEA:53808,True,0.2144759633296641,True,True,encoded
7535,RHEA:53812,True,0.2397651283013898,True,True,encoded
7536,RHEA:53816,True,0.7301292477796549,True,True,encoded
7537,RHEA:53820,True,0.4298618640047061,True,True,encoded
7538,RHEA:53824,True,0.4883766425204751,True,True,encoded
7539,RHEA:53828,True,0.3821100705642788,True,True,encoded
7540,RHEA:53832,True,0.3390280160389519,True,True,encoded
7541,RHEA:53836,True,0.541874156581741,True,True,encoded
7542,RHEA:53840,True,0.4137275582077344,True,True,encoded
7543,RHEA:53844,True,0.7360199241489076,True,True,encoded
7544,RHEA:53848,True,0.4590123345484031,True,True,encoded
7545,RHEA:53852,True,0.7387661713587242,True,True,encoded
7546,RHEA:53856,True,0.4287755636400068,True,True,encoded
7547,RHEA:53860,True,0.3724251798083802,True,True,encoded
7548,RHEA:53864,True,0.4137275582077344,True,True,encoded
7549,RHEA:53868,True,0.2792956774279008,True,True,encoded
7550,RHEA:53872,True,0.0739964898212501,True,True,encoded
7551,RHEA:53876,True,0.0354601322997783,True,True,encoded
7552,RHEA:53880,True,0.31212564948272,True,True,encoded
7553,RHEA:53884,True,0.3382395399147558,True,True,encoded
7554,RHEA:53888,True,0.3106798234497264,True,True,encoded
7555,RHEA:53896,True,0.3428531808242264,True,True,encoded
7556,RHEA:53900,True,0.2971208820620566,True,True,encoded
7557,RHEA:53904,True,0.2971208820620566,True,True,encoded
7558,RHEA:53908,True,0.2587483843328374,True,True,encoded
7559,RHEA:53912,True,0.2698784065653299,True,True,encoded
7560,RHEA:53920,True,0.2971208820620566,True,True,encoded
7561,RHEA:53924,True,0.7338824933221023,True,True,encoded
7562,RHEA:53928,True,0.3182993853358012,True,True,encoded
7563,RHEA:53932,True,0.3062628992115888,True,True,encoded
7564,RHEA:53948,True,0.1985808293333881,True,True,encoded
7565,RHEA:53952,True,0.1568697748133959,True,True,encoded
7566,RHEA:53956,True,0.5123104878722831,True,True,encoded
7567,RHEA:53960,True,0.2014461542347657,True,True,encoded
7568,RHEA:53964,True,0.6582084818538058,True,True,encoded
7569,RHEA:53972,True,0.7852469715162821,True,True,encoded
7570,RHEA:53976,True,0.7180228979827752,True,True,encoded
7571,RHEA:53980,True,0.8013592696255754,True,True,encoded
7572,RHEA:53984,True,0.8013592696255754,True,True,encoded
7573,RHEA:53988,True,0.4568621825833899,True,True,encoded
7574,RHEA:53992,True,0.7180228979827752,True,True,encoded
7575,RHEA:53996,True,0.7180228979827752,True,True,encoded
7576,RHEA:54000,True,0.8013592696255754,True,True,encoded
7577,RHEA:54004,True,0.8013592696255754,True,True,encoded
7578,RHEA:54016,True,0.7852469715162821,True,True,encoded
7579,RHEA:54020,True,0.2623269312330529,True,True,encoded
7580,RHEA:54024,True,0.4427090177295391,True,True,encoded
7581,RHEA:54028,True,3.2381766595776e-05,True,True,encoded
7582,RHEA:54032,True,0.7393438254223191,True,True,encoded
7583,RHEA:54036,True,0.3446220498137662,True,True,encoded
7584,RHEA:54040,True,0.0484266113259623,True,True,encoded
7585,RHEA:54044,True,0.0552062129361947,True,True,encoded
7586,RHEA:54048,True,0.2312995777929335,False,False,clipzyme_graph_prereq_failed:reactant_product_map_sets_differ
7587,RHEA:54052,True,0.095818951864751,True,True,encoded
7588,RHEA:54056,True,0.0247647422322815,True,True,encoded
7589,RHEA:54060,True,0.0936386607746921,True,True,encoded
7590,RHEA:54064,True,0.0912308994585751,True,True,encoded
7591,RHEA:54068,True,0.0042916446040455,True,True,encoded
7592,RHEA:54072,True,0.0914068118589883,True,True,encoded
7593,RHEA:54076,True,0.0618352678593936,True,True,encoded
7594,RHEA:54080,True,0.7306900780634273,True,True,encoded
7595,RHEA:54084,True,0.8984627676416982,True,True,encoded
7596,RHEA:54088,True,0.4202774667554434,True,True,encoded
7597,RHEA:54092,True,0.2797499359222917,True,True,encoded
7598,RHEA:54096,True,0.9213865739339596,True,True,encoded
7599,RHEA:54100,True,0.905833001658602,True,True,encoded
7600,RHEA:54104,True,0.9244236766084664,True,True,encoded
7601,RHEA:54108,True,0.0751724187181138,True,True,encoded
7602,RHEA:54112,True,0.0416438797476986,True,True,encoded
7603,RHEA:54116,True,0.0497342362185278,True,True,encoded
7604,RHEA:54128,True,0.6476816853395884,True,True,encoded
7605,RHEA:54136,True,0.8268151165863223,True,True,encoded
7606,RHEA:54140,True,0.8268151165863223,True,True,encoded
7607,RHEA:54144,True,0.0049378460108188,True,True,encoded
7608,RHEA:54148,True,0.0365367218269578,True,True,encoded
7609,RHEA:54152,True,0.8406245262361499,True,True,encoded
7610,RHEA:54156,True,0.4239281876103623,True,True,encoded
7611,RHEA:54160,True,0.427918941630237,True,True,encoded
7612,RHEA:54172,True,0.8208238248374142,True,True,encoded
7613,RHEA:54176,True,0.3035497392351865,True,True,encoded
7614,RHEA:54180,True,0.5405483990240554,True,True,encoded
7615,RHEA:54184,True,0.9709379625587564,True,True,encoded
7616,RHEA:54192,True,0.0327184287986626,True,True,encoded
7617,RHEA:54196,True,0.9252970306398776,True,True,encoded
7618,RHEA:54200,True,0.6698327511970487,True,True,encoded
7619,RHEA:54204,True,0.1149048798663687,True,True,encoded
7620,RHEA:54208,True,0.9287362726496584,False,False,clipzyme_graph_prereq_failed:unmapped_atoms
7621,RHEA:54212,True,0.0517388091882374,True,True,encoded
7622,RHEA:54216,True,0.3864263425375574,False,False,clipzyme_graph_prereq_failed:unmapped_atoms
7623,RHEA:54220,True,0.1011929075518398,True,True,encoded
7624,RHEA:54232,True,0.2183530495578432,True,True,encoded
7625,RHEA:54236,True,0.1359447593036235,True,True,encoded
7626,RHEA:54240,True,0.0541737587258286,True,True,encoded
7627,RHEA:54244,True,0.0859923561990202,True,True,encoded
7628,RHEA:54248,True,0.1399693865675773,True,True,encoded
7629,RHEA:54252,True,0.3932563918335827,True,True,encoded
7630,RHEA:54256,True,0.4427092194549312,True,True,encoded
7631,RHEA:54264,True,0.4427092194549312,True,True,encoded
7632,RHEA:54268,True,0.4126377235279451,True,True,encoded
7633,RHEA:54272,True,0.4126377235279451,True,True,encoded
7634,RHEA:54280,True,0.3948655995391054,True,True,encoded
7635,RHEA:54284,True,0.2446977327826996,True,True,encoded
7636,RHEA:54288,True,0.0768874082332201,True,True,encoded
7637,RHEA:54292,True,0.0966139473139719,True,True,encoded
7638,RHEA:54296,True,0.0907342763795558,True,True,encoded
7639,RHEA:54308,True,0.8368495286994406,True,True,encoded
7640,RHEA:54320,True,0.4424795231646461,True,True,encoded
7641,RHEA:54324,False,,False,False,mapping_unsupported
7642,RHEA:54328,True,0.0003133551439338,True,True,encoded
7643,RHEA:54332,True,0.0901628953170109,True,True,encoded
7644,RHEA:54336,True,0.1291457526376127,True,True,encoded
7645,RHEA:54340,True,0.280485951451829,True,True,encoded
7646,RHEA:54344,True,0.0931513132286209,True,True,encoded
7647,RHEA:54348,True,0.1567126468303446,True,True,encoded
7648,RHEA:54352,True,0.2262230777844318,True,True,encoded
7649,RHEA:54356,True,0.4649275790300964,True,True,encoded
7650,RHEA:54360,True,0.4462194160449551,True,True,encoded
7651,RHEA:54364,True,0.5589495355930467,True,True,encoded
7652,RHEA:54368,True,0.4093284558136735,True,True,encoded
7653,RHEA:54372,True,0.1553146982803115,True,True,encoded
7654,RHEA:54376,True,0.1501724793704145,False,False,clipzyme_graph_prereq_failed:unmapped_atoms
7655,RHEA:54380,True,0.0584009407189652,True,True,encoded
7656,RHEA:54384,True,0.4144422062449441,True,True,encoded
7657,RHEA:54388,True,0.2700414332213297,True,True,encoded
7658,RHEA:54392,True,0.2113779361452115,True,True,encoded
7659,RHEA:54396,True,0.2061170537150951,True,True,encoded
7660,RHEA:54400,True,0.1686629005504773,True,True,encoded
7661,RHEA:54404,True,0.1978633933488647,True,True,encoded
7662,RHEA:54408,True,0.1902926959660882,True,True,encoded
7663,RHEA:54416,True,0.3692835389071126,True,True,encoded
7664,RHEA:54420,True,0.836740708441102,True,True,encoded
7665,RHEA:54424,True,0.8014452353327057,True,True,encoded
7666,RHEA:54428,True,0.6814824933062154,True,True,encoded
7667,RHEA:54432,True,0.2002973257853947,True,True,encoded
7668,RHEA:54444,True,0.317034932016699,True,True,encoded
7669,RHEA:54448,True,0.896736231755719,True,True,encoded
7670,RHEA:54452,True,0.7054014563515842,True,True,encoded
7671,RHEA:54456,True,0.1694893876820402,True,True,encoded
7672,RHEA:54460,True,0.1975193953345355,True,True,encoded
7673,RHEA:54464,True,0.2119848395496572,True,True,encoded
7674,RHEA:54468,True,0.1995833275696357,True,True,encoded
7675,RHEA:54472,True,0.1978569098163011,True,True,encoded
7676,RHEA:54484,True,0.0290115181723028,True,True,encoded
7677,RHEA:54488,True,0.0031781275386162,True,True,encoded
7678,RHEA:54492,True,0.0772582858230857,True,True,encoded
7679,RHEA:54496,True,0.0798575304097622,True,True,encoded
7680,RHEA:54500,True,0.0681112296696137,True,True,encoded
7681,RHEA:54504,True,0.015835586354595,False,False,clipzyme_graph_prereq_failed:unmapped_atoms
7682,RHEA:54508,True,0.0314301619128153,True,True,encoded
7683,RHEA:54512,True,0.1478750668378607,True,True,encoded
7684,RHEA:54516,True,0.0617960882031428,True,True,encoded
7685,RHEA:54520,True,0.0869930289094851,True,True,encoded
7686,RHEA:54532,True,0.880260410057979,True,True,encoded
7687,RHEA:54536,True,0.0218338845455061,True,True,encoded
7688,RHEA:54540,True,0.8994029523774598,True,True,encoded
7689,RHEA:54544,True,0.2377034387627712,False,False,clipzyme_graph_prereq_failed:unmapped_atoms
7690,RHEA:54548,True,0.2552528772592159,True,True,encoded
7691,RHEA:54552,True,0.1591588031203667,True,True,encoded
7692,RHEA:54564,True,0.0007956633439741,True,True,encoded
7693,RHEA:54572,True,0.8345624763824371,True,True,encoded
7694,RHEA:54576,True,0.2431201024745522,True,True,encoded
7695,RHEA:54580,True,0.2740373940103063,True,True,encoded
7696,RHEA:54584,True,0.821106632402232,True,True,encoded
7697,RHEA:54588,True,0.8418497896442383,True,True,encoded
7698,RHEA:54596,True,0.0632667342708819,True,True,encoded
7699,RHEA:54600,True,0.0948840364854765,True,True,encoded
7700,RHEA:54604,True,0.0689120007088941,True,True,encoded
7701,RHEA:54612,True,0.0661932957030466,True,True,encoded
7702,RHEA:54616,True,0.0521517245535133,True,True,encoded
7703,RHEA:54620,True,0.0280277770672635,True,True,encoded
7704,RHEA:54624,True,0.0535650320111407,True,True,encoded
7705,RHEA:54628,True,0.0354745798325134,True,True,encoded
7706,RHEA:54632,True,0.0539926047748822,True,True,encoded
7707,RHEA:54636,True,0.1470651869389304,True,True,encoded
7708,RHEA:54640,True,0.176621484541166,False,False,clipzyme_graph_prereq_failed:unmapped_atoms
7709,RHEA:54644,True,0.9546464807999496,True,True,encoded
7710,RHEA:54648,True,0.2310799470310053,True,True,encoded
7711,RHEA:54652,True,0.3272024688950742,True,True,encoded
7712,RHEA:54656,True,0.7735845790232231,True,True,encoded
7713,RHEA:54660,True,0.9998386498563926,True,True,encoded
7714,RHEA:54664,True,0.2538526824890758,True,True,encoded
7715,RHEA:54668,True,0.4685656328149216,True,True,encoded
7716,RHEA:54672,True,0.1627631779742039,True,True,encoded
7717,RHEA:54676,True,0.1662265387032941,True,True,encoded
7718,RHEA:54684,True,0.1746355326632663,True,True,encoded
7719,RHEA:54688,True,0.9718785765950892,True,True,encoded
7720,RHEA:54692,True,0.3319965962832137,True,True,encoded
7721,RHEA:54696,True,0.0638882525252531,True,True,encoded
7722,RHEA:54712,True,0.0416717091831371,True,True,encoded
7723,RHEA:54724,True,0.0431003991812961,True,True,encoded
7724,RHEA:54728,True,0.1657776786208921,True,True,encoded
7725,RHEA:54736,True,0.233106590710364,True,True,encoded
7726,RHEA:54756,True,0.2158613579961868,True,True,encoded
7727,RHEA:54784,True,0.4399994493262481,True,True,encoded
7728,RHEA:54788,True,0.0389357495332964,True,True,encoded
7729,RHEA:54792,True,0.1730529390674268,True,True,encoded
7730,RHEA:54796,True,0.4227890107582961,True,True,encoded
7731,RHEA:54800,True,0.4131187324414262,True,True,encoded
7732,RHEA:54804,True,0.4580673915052683,True,True,encoded
7733,RHEA:54808,True,0.1691521246903958,True,True,encoded
7734,RHEA:54812,True,0.105524236465346,True,True,encoded
7735,RHEA:54816,True,0.8503808453689425,True,True,encoded
7736,RHEA:54820,True,0.3862588259935161,True,True,encoded
7737,RHEA:54824,False,,False,False,mapping_unsupported
7738,RHEA:54832,True,0.1634118955914161,True,True,encoded
7739,RHEA:54836,True,0.2521791177604902,True,True,encoded
7740,RHEA:54840,True,0.2652205241542295,True,True,encoded
7741,RHEA:54844,True,0.2759827377419172,True,True,encoded
7742,RHEA:54848,True,0.2470236924985402,True,True,encoded
7743,RHEA:54852,True,0.2349820883084281,True,True,encoded
7744,RHEA:54856,True,0.3530507045868895,True,True,encoded
7745,RHEA:54860,True,0.1928082339048664,True,True,encoded
7746,RHEA:54864,True,0.2533731819019917,True,True,encoded
7747,RHEA:54868,True,0.5953912149219572,True,True,encoded
7748,RHEA:54872,True,0.2566147826101048,True,True,encoded
7749,RHEA:54888,True,0.0231065192046339,True,True,encoded
7750,RHEA:54892,True,0.0338299803364152,True,True,encoded
7751,RHEA:54896,True,0.0206732377259941,True,True,encoded
7752,RHEA:54900,True,0.4560617919878203,True,True,encoded
7753,RHEA:54904,True,0.5036488699075853,True,True,encoded
7754,RHEA:54908,True,0.0937102181331743,True,True,encoded
7755,RHEA:54912,True,0.2632299333197218,True,True,encoded
7756,RHEA:54916,True,0.2632299333197218,True,True,encoded
7757,RHEA:54920,True,0.2632299333197218,True,True,encoded
7758,RHEA:54924,True,0.1639959762959075,True,True,encoded
7759,RHEA:54928,True,0.244541527117705,True,True,encoded
7760,RHEA:54932,True,0.6368785844154369,True,True,encoded
7761,RHEA:54936,True,0.5157140939809379,True,True,encoded
7762,RHEA:54940,True,0.1544742313438065,True,True,encoded
7763,RHEA:54952,True,0.0217972166580573,True,True,encoded
7764,RHEA:54956,True,0.0235908068447067,True,True,encoded
7765,RHEA:54960,True,0.0255012986001052,True,True,encoded
7766,RHEA:54964,True,0.1817980312455836,True,True,encoded
7767,RHEA:54968,True,0.1342447132344892,True,True,encoded
7768,RHEA:54972,True,0.1864203473024634,True,True,encoded
7769,RHEA:54976,True,0.2446084954995481,True,True,encoded
7770,RHEA:54992,True,0.0529101344416232,False,False,clipzyme_graph_prereq_failed:reactant_product_map_sets_differ
7771,RHEA:55004,True,0.2576882070800153,True,True,encoded
7772,RHEA:55020,True,0.2053359599689395,True,True,encoded
7773,RHEA:55024,True,0.4164138292605429,True,True,encoded
7774,RHEA:55040,True,0.1441725276837266,True,True,encoded
7775,RHEA:55044,True,0.2593116163285214,True,True,encoded
7776,RHEA:55048,True,0.2778201946712902,True,True,encoded
7777,RHEA:55052,True,0.3087877334311176,True,True,encoded
7778,RHEA:55056,True,0.0178697347469911,True,True,encoded
7779,RHEA:55064,True,0.2601125591180698,True,True,encoded
7780,RHEA:55072,True,0.6766516983579262,True,True,encoded
7781,RHEA:55076,True,0.7825952936167725,True,True,encoded
7782,RHEA:55080,True,0.4525414519780018,True,True,encoded
7783,RHEA:55084,True,0.2843237520743882,True,True,encoded
7784,RHEA:55088,True,0.4198288638638514,True,True,encoded
7785,RHEA:55096,True,0.2843237520743882,True,True,encoded
7786,RHEA:55100,True,0.2827827272456611,True,True,encoded
7787,RHEA:55104,True,0.2828846770531837,True,True,encoded
7788,RHEA:55108,True,0.287553803568609,True,True,encoded
7789,RHEA:55112,True,0.2144111323203477,True,True,encoded
7790,RHEA:55116,True,0.2194746755773054,True,True,encoded
7791,RHEA:55120,True,0.295759040898291,True,True,encoded
7792,RHEA:55124,True,0.4181579699705409,True,True,encoded
7793,RHEA:55128,True,0.6323825115445663,True,True,encoded
7794,RHEA:55132,True,0.0856778354992272,True,True,encoded
7795,RHEA:55144,True,0.1804526801280315,True,True,encoded
7796,RHEA:55148,True,0.23690506912665,True,True,encoded
7797,RHEA:55152,False,,False,False,mapping_unsupported
7798,RHEA:55156,True,0.5782635775119914,True,True,encoded
7799,RHEA:55160,True,0.1274526576488112,True,True,encoded
7800,RHEA:55164,True,0.1691521246903958,True,True,encoded
7801,RHEA:55168,True,0.1966954886139771,True,True,encoded
7802,RHEA:55172,True,0.0790213491274085,True,True,encoded
7803,RHEA:55176,True,0.0861258059381658,True,True,encoded
7804,RHEA:55180,True,0.0712176384010322,True,True,encoded
7805,RHEA:55184,True,0.0787367794657978,True,True,encoded
7806,RHEA:55188,True,0.1423405582927931,True,True,encoded
7807,RHEA:55192,True,0.1104721139278068,True,True,encoded
7808,RHEA:55196,True,0.1660122473316345,True,True,encoded
7809,RHEA:55200,True,0.7983791700949306,True,True,encoded
7810,RHEA:55204,True,0.7048778746203943,True,True,encoded
7811,RHEA:55208,True,0.3919151771303177,True,True,encoded
7812,RHEA:55212,True,0.1865097392383963,True,True,encoded
7813,RHEA:55216,True,0.0446428842293987,True,True,encoded
7814,RHEA:55220,True,4.646681693933132e-05,True,True,encoded
7815,RHEA:55236,True,0.1916701531322063,True,True,encoded
7816,RHEA:55240,True,0.2094119130471582,True,True,encoded
7817,RHEA:55244,True,3.1914409767807644e-05,True,True,encoded
7818,RHEA:55248,True,0.0071410665518798,True,True,encoded
7819,RHEA:55252,True,0.0117137583290299,True,True,encoded
7820,RHEA:55256,True,0.0052068652884212,True,True,encoded
7821,RHEA:55260,True,0.0004944604720199,True,True,encoded
7822,RHEA:55264,True,1.723870661115328e-05,False,False,clipzyme_graph_prereq_failed:unmapped_atoms
7823,RHEA:55268,True,0.1760969694931929,True,True,encoded
7824,RHEA:55272,True,0.1020581377575552,True,True,encoded
7825,RHEA:55276,True,0.1020581377575552,True,True,encoded
7826,RHEA:55280,True,0.1020581377575552,True,True,encoded
7827,RHEA:55284,True,0.1020581377575552,True,True,encoded
7828,RHEA:55288,True,0.1129846507422196,True,True,encoded
7829,RHEA:55292,True,0.836849519041264,True,True,encoded
7830,RHEA:55296,True,0.071115816885955,True,True,encoded
7831,RHEA:55300,True,0.0406793016140923,True,True,encoded
7832,RHEA:55304,True,0.0374620574186116,True,True,encoded
7833,RHEA:55308,True,0.0282772771367188,True,True,encoded
7834,RHEA:55312,True,0.0341521364006137,True,True,encoded
7835,RHEA:55316,True,0.0002571074789457,True,True,encoded
7836,RHEA:55320,True,0.221675074656143,True,True,encoded
7837,RHEA:55324,True,0.071115816885955,True,True,encoded
7838,RHEA:55332,True,0.8693039317818579,True,True,encoded
7839,RHEA:55336,True,0.8045817880429161,True,True,encoded
7840,RHEA:55340,True,0.0439686118518928,False,False,clipzyme_graph_prereq_failed:unmapped_atoms
7841,RHEA:55344,True,0.0660698423962515,False,False,clipzyme_graph_prereq_failed:unmapped_atoms
7842,RHEA:55348,True,0.7598214360093696,True,True,encoded
7843,RHEA:55352,True,0.7598214360093696,True,True,encoded
7844,RHEA:55356,True,0.7598214360093696,True,True,encoded
7845,RHEA:55360,True,0.7598214360093696,True,True,encoded
7846,RHEA:55364,True,4.994302432440567e-13,True,True,encoded
7847,RHEA:55368,True,0.0972071659052356,True,True,encoded
7848,RHEA:55372,True,0.979556212101822,True,True,encoded
7849,RHEA:55376,True,0.2016294542687751,True,True,encoded
7850,RHEA:55380,True,0.1468914067148323,True,True,encoded
7851,RHEA:55388,True,0.9508518973289596,False,False,clipzyme_graph_prereq_failed:reactant_product_map_sets_differ
7852,RHEA:55392,True,0.7705927411621938,True,True,encoded
7853,RHEA:55396,True,0.2365077046953863,True,True,encoded
7854,RHEA:55400,True,0.9523824862875933,True,True,encoded
7855,RHEA:55424,True,0.2078819401670508,False,False,clipzyme_graph_prereq_failed:rdkit_parse_failed
7856,RHEA:55428,True,0.1429982480879233,True,True,encoded
7857,RHEA:55432,True,3.465136422249325e-05,True,True,encoded
7858,RHEA:55436,True,0.215919561980991,True,True,encoded
7859,RHEA:55440,True,0.1919577412176623,True,True,encoded
7860,RHEA:55444,True,0.1741846206849052,True,True,encoded
7861,RHEA:55448,True,0.0053581382469217,True,True,encoded
7862,RHEA:55452,True,0.2313549135662623,True,True,encoded
7863,RHEA:55456,True,0.007334425651933,True,True,encoded
7864,RHEA:55460,True,0.0104247237373865,True,True,encoded
7865,RHEA:55464,True,0.1957470083788934,True,True,encoded
7866,RHEA:55468,True,0.1651596392023855,True,True,encoded
7867,RHEA:55472,True,0.1457669544548404,True,True,encoded
7868,RHEA:55476,True,0.3970409772626357,True,True,encoded
7869,RHEA:55480,True,5.669642005684029e-05,True,True,encoded
7870,RHEA:55504,True,0.197339661348553,True,True,encoded
7871,RHEA:55508,True,0.0043621919625572,True,True,encoded
7872,RHEA:55512,True,0.1779747435937323,True,True,encoded
7873,RHEA:55516,True,0.1495216902919051,True,True,encoded
7874,RHEA:55520,True,0.0891475636812548,False,False,clipzyme_graph_prereq_failed:reactant_product_map_sets_differ
7875,RHEA:55524,True,0.3084038788828731,True,True,encoded
7876,RHEA:55528,True,0.3080612180606621,True,True,encoded
7877,RHEA:55532,True,0.2864497736890876,True,True,encoded
7878,RHEA:55544,True,0.9365918571282712,True,True,encoded
7879,RHEA:55548,True,0.9252969540321068,True,True,encoded
7880,RHEA:55552,True,0.6698324011947533,True,True,encoded
7881,RHEA:55564,True,0.309005245355142,True,True,encoded
7882,RHEA:55572,True,0.4941636959490675,True,True,encoded
7883,RHEA:55576,True,0.5248696952262285,True,True,encoded
7884,RHEA:55580,True,0.0883780900951262,True,True,encoded
7885,RHEA:55584,True,0.7815846657884433,True,True,encoded
7886,RHEA:55592,True,0.1559828441326262,True,True,encoded
7887,RHEA:55604,True,0.4376600667586289,True,True,encoded
7888,RHEA:55608,True,0.3747439468632075,True,True,encoded
7889,RHEA:55616,True,0.6974709865939334,True,True,encoded
7890,RHEA:55620,True,0.7028681850639814,True,True,encoded
7891,RHEA:55632,True,0.0416511137092059,True,True,encoded
7892,RHEA:55636,True,0.01913259181272,True,True,encoded
7893,RHEA:55644,True,0.2208200460839207,True,True,encoded
7894,RHEA:55648,True,0.4180424061552688,True,True,encoded
7895,RHEA:55652,True,0.4664514548786173,True,True,encoded
7896,RHEA:55660,True,0.0164248199101747,False,False,clipzyme_graph_prereq_failed:unmapped_atoms
7897,RHEA:55664,True,0.0232410823554666,False,False,clipzyme_graph_prereq_failed:unmapped_atoms
7898,RHEA:55688,True,0.6473505492385913,True,True,encoded
7899,RHEA:55696,True,0.8376512186445287,True,True,encoded
7900,RHEA:55700,True,0.4217467784511978,True,True,encoded
7901,RHEA:55704,True,0.207940104333997,True,True,encoded
7902,RHEA:55708,True,0.2070740345372226,True,True,encoded
7903,RHEA:55712,True,0.3599520536290573,True,True,encoded
7904,RHEA:55716,True,0.417727920938315,True,True,encoded
7905,RHEA:55720,True,0.0347278607972762,True,True,encoded
7906,RHEA:55728,True,0.0325970650882192,True,True,encoded
7907,RHEA:55740,True,0.9240087173555288,True,True,encoded
7908,RHEA:55748,True,0.0682448101224309,False,False,clipzyme_graph_prereq_failed:reactant_product_map_sets_differ
7909,RHEA:55752,True,0.0331067008633234,True,True,encoded
7910,RHEA:55756,True,0.3324777745119237,True,True,encoded
7911,RHEA:55760,True,0.7016390058714557,True,True,encoded
7912,RHEA:55764,True,0.6101895717804099,True,True,encoded
7913,RHEA:55768,True,0.454950453130617,True,True,encoded
7914,RHEA:55772,True,0.1220468902961982,True,True,encoded
7915,RHEA:55776,True,0.4617222926160436,True,True,encoded
7916,RHEA:55788,True,0.3736110019905396,True,True,encoded
7917,RHEA:55792,True,0.6496643024908199,True,True,encoded
7918,RHEA:55796,True,0.4426345087027353,True,True,encoded
7919,RHEA:55800,True,0.3046862283301781,True,True,encoded
7920,RHEA:55804,True,0.417727920938315,True,True,encoded
7921,RHEA:55808,True,0.3866876468469867,True,True,encoded
7922,RHEA:55812,True,0.2615097913321433,True,True,encoded
7923,RHEA:55828,True,0.3111632202255273,True,True,encoded
7924,RHEA:55832,True,0.2655525288167252,True,True,encoded
7925,RHEA:55836,True,0.4482406884030084,True,True,encoded
7926,RHEA:55840,True,0.4370583151936559,True,True,encoded
7927,RHEA:55844,True,0.412345211467729,True,True,encoded
7928,RHEA:55856,True,0.1733239473542232,True,True,encoded
7929,RHEA:55860,True,0.162104100518987,True,True,encoded
7930,RHEA:55868,True,0.6053302111531462,True,True,encoded
7931,RHEA:55872,True,0.0935517772945522,True,True,encoded
7932,RHEA:55896,True,0.618671150456979,True,True,encoded
7933,RHEA:55900,True,0.6183032428361143,True,True,encoded
7934,RHEA:55904,True,0.6159079957513953,True,True,encoded
7935,RHEA:55924,True,0.3408565882510161,True,True,encoded
7936,RHEA:55928,True,0.2971025386502692,True,True,encoded
7937,RHEA:55932,True,0.9246173842077228,True,True,encoded
7938,RHEA:55936,True,0.5766282706941007,True,True,encoded
7939,RHEA:55940,True,0.5206977585734289,True,True,encoded
7940,RHEA:55956,True,0.5216396799127628,False,False,clipzyme_graph_prereq_failed:unmapped_atoms
7941,RHEA:55960,True,0.0209950678584355,True,True,encoded
7942,RHEA:55964,True,0.0302592051928726,True,True,encoded
7943,RHEA:55968,True,0.8975623357537448,True,True,encoded
7944,RHEA:55972,True,0.2520268232357083,True,True,encoded
7945,RHEA:55976,True,0.526262308721552,True,True,encoded
7946,RHEA:55980,True,0.0169745589941619,True,True,encoded
7947,RHEA:55984,True,0.8035608336597821,True,True,encoded
7948,RHEA:55988,False,,False,False,mapping_unsupported
7949,RHEA:55992,True,0.0342093164929847,True,True,encoded
7950,RHEA:55996,False,,False,False,mapping_unsupported
7951,RHEA:56000,False,,False,False,mapping_unsupported
7952,RHEA:56004,True,0.0097854694874306,True,True,encoded
7953,RHEA:56008,True,4.854233239354575e-09,True,True,encoded
7954,RHEA:56028,True,0.0026632056156972,True,True,encoded
7955,RHEA:56052,True,0.0297220932924311,True,True,encoded
7956,RHEA:56056,True,0.7667994350000092,True,True,encoded
7957,RHEA:56060,True,0.2720443789406054,True,True,encoded
7958,RHEA:56064,True,0.7481729471249504,True,True,encoded
7959,RHEA:56072,True,0.8055663551869905,True,True,encoded
7960,RHEA:56076,True,0.6357184478986964,True,True,encoded
7961,RHEA:56080,True,0.1914290895221594,True,True,encoded
7962,RHEA:56084,True,0.4579787743228393,True,True,encoded
7963,RHEA:56088,True,0.1254752447352542,True,True,encoded
7964,RHEA:56100,True,0.1966954886139771,True,True,encoded
7965,RHEA:56104,True,0.0141951936430531,False,False,clipzyme_graph_prereq_failed:unmapped_atoms
7966,RHEA:56124,True,0.0262969562367981,False,False,clipzyme_graph_prereq_failed:reactant_product_map_sets_differ
7967,RHEA:56128,True,0.0644226111739908,False,False,clipzyme_graph_prereq_failed:reactant_product_map_sets_differ
7968,RHEA:56132,True,0.7016610233523176,True,True,encoded
7969,RHEA:56136,True,0.3321117113402986,True,True,encoded
7970,RHEA:56144,True,0.1011035509234568,True,True,encoded
7971,RHEA:56148,True,0.1625929667468843,False,False,clipzyme_graph_prereq_failed:unmapped_atoms
7972,RHEA:56152,True,0.1280152072909025,False,False,clipzyme_graph_prereq_failed:unmapped_atoms
7973,RHEA:56156,True,0.1380557931437691,False,False,clipzyme_graph_prereq_failed:unmapped_atoms
7974,RHEA:56164,True,0.1424104516624846,False,False,clipzyme_graph_prereq_failed:unmapped_atoms
7975,RHEA:56168,True,0.133094983675364,False,False,clipzyme_graph_prereq_failed:unmapped_atoms
7976,RHEA:56188,True,0.5515510708065965,True,True,encoded
7977,RHEA:56192,True,0.5426349442652244,True,True,encoded
7978,RHEA:56212,True,0.6037293366385427,True,True,encoded
7979,RHEA:56216,True,0.584984519143324,True,True,encoded
7980,RHEA:56220,True,0.3986723968822639,True,True,encoded
7981,RHEA:56224,True,0.4128780055369324,True,True,encoded
7982,RHEA:56228,True,0.1182740755140461,False,False,clipzyme_graph_prereq_failed:unmapped_atoms
7983,RHEA:56236,True,0.4348048333161945,False,False,clipzyme_graph_prereq_failed:unmapped_atoms
7984,RHEA:56240,True,0.1950809373724363,True,True,encoded
7985,RHEA:56244,True,0.0461838798021287,True,True,encoded
7986,RHEA:56248,True,0.1289264887355059,True,True,encoded
7987,RHEA:56252,True,0.4978832920397095,True,True,encoded
7988,RHEA:56256,True,0.4850588853659113,True,True,encoded
7989,RHEA:56284,True,0.2997773503745639,True,True,encoded
7990,RHEA:56288,True,0.2533440100757732,True,True,encoded
7991,RHEA:56292,True,0.1839412886919444,True,True,encoded
7992,RHEA:56308,True,0.262413596089709,True,True,encoded
7993,RHEA:56312,True,0.0020679088649724,True,True,encoded
7994,RHEA:56320,True,0.7526614234216085,True,True,encoded
7995,RHEA:56324,True,0.9796588214034936,True,True,encoded
7996,RHEA:56336,True,0.0079128081938672,True,True,encoded
7997,RHEA:56344,True,0.6145652003624762,True,True,encoded
7998,RHEA:56360,True,0.214788088371257,True,True,encoded
7999,RHEA:56364,True,0.21994511766925,True,True,encoded
8000,RHEA:56380,False,,False,False,mapping_unsupported
8001,RHEA:56384,True,0.3764703495303488,True,True,encoded
8002,RHEA:56388,True,0.3152589706008116,True,True,encoded
8003,RHEA:56408,True,0.0561693487526521,True,True,encoded
8004,RHEA:56412,True,9.569629421345002e-05,True,True,encoded
8005,RHEA:56416,True,0.1372799873734829,True,True,encoded
8006,RHEA:56424,True,0.1919985058356196,True,True,encoded
8007,RHEA:56428,True,0.2266265363827544,True,True,encoded
8008,RHEA:56432,True,0.1400895690570638,True,True,encoded
8009,RHEA:56436,True,0.1276890277792899,True,True,encoded
8010,RHEA:56440,True,0.1120401627593345,True,True,encoded
8011,RHEA:56444,True,0.1050990286026056,True,True,encoded
8012,RHEA:56448,True,0.0884515901408323,True,True,encoded
8013,RHEA:56460,True,0.2586112839257619,True,True,encoded
8014,RHEA:56464,True,0.1958230397583149,True,True,encoded
8015,RHEA:56484,True,2.1472026715472773e-06,True,True,encoded
8016,RHEA:56488,True,0.1927089718387332,True,True,encoded
8017,RHEA:56500,True,0.0937813098574084,True,True,encoded
8018,RHEA:56504,True,0.0036289030111561,True,True,encoded
8019,RHEA:56512,True,0.432531022284829,True,True,encoded
8020,RHEA:56516,True,0.0041962001552365,True,True,encoded
8021,RHEA:56520,True,0.0124144091374163,True,True,encoded
8022,RHEA:56524,True,0.2839884892389532,False,False,clipzyme_graph_prereq_failed:reactant_product_map_sets_differ
8023,RHEA:56528,True,0.6183033049603704,True,True,encoded
8024,RHEA:56532,True,0.376966611516986,True,True,encoded
8025,RHEA:56536,True,0.0628463158478226,True,True,encoded
8026,RHEA:56540,True,0.1156781751053317,True,True,encoded
8027,RHEA:56548,True,0.7112001406843862,True,True,encoded
8028,RHEA:56552,True,0.2971211383037697,True,True,encoded
8029,RHEA:56556,True,0.1028937766686589,True,True,encoded
8030,RHEA:56568,True,0.4235170678516984,True,True,encoded
8031,RHEA:56580,True,0.8751103357008568,True,True,encoded
8032,RHEA:56588,True,0.9998155767820448,True,True,encoded
8033,RHEA:56592,True,0.5701049451982425,True,True,encoded
8034,RHEA:56596,True,0.1849139924973928,True,True,encoded
8035,RHEA:56608,True,0.8370471322188795,True,True,encoded
8036,RHEA:56612,True,0.8445288009378382,True,True,encoded
8037,RHEA:56632,True,0.1524312312788345,True,True,encoded
8038,RHEA:56636,True,0.1833300496240311,True,True,encoded
8039,RHEA:56640,True,0.127619612447974,True,True,encoded
8040,RHEA:56644,True,0.8345624763824371,True,True,encoded
8041,RHEA:56648,True,0.1515894137865068,True,True,encoded
8042,RHEA:56652,True,0.1349754928661694,True,True,encoded
8043,RHEA:56656,True,0.1460826988506258,True,True,encoded
8044,RHEA:56660,True,0.1314887107914637,True,True,encoded
8045,RHEA:56664,True,0.146006160763213,True,True,encoded
8046,RHEA:56668,True,0.1314887107914637,True,True,encoded
8047,RHEA:56680,True,0.0565476368600114,True,True,encoded
8048,RHEA:56684,True,0.3002150569608627,True,True,encoded
8049,RHEA:56688,True,0.3811202566395174,True,True,encoded
8050,RHEA:56692,True,0.1879683024753992,True,True,encoded
8051,RHEA:56696,True,0.2195424544678683,True,True,encoded
8052,RHEA:56700,True,0.2092563052396453,True,True,encoded
8053,RHEA:56708,True,0.1919574147343006,True,True,encoded
8054,RHEA:56712,True,0.6809553440168087,True,True,encoded
8055,RHEA:56720,True,0.2501619233803991,True,True,encoded
8056,RHEA:56736,True,0.2299192248382127,True,True,encoded
8057,RHEA:56740,True,0.444547779314902,True,True,encoded
8058,RHEA:56744,True,0.3208642868112651,True,True,encoded
8059,RHEA:56748,True,0.2804533624824106,True,True,encoded
8060,RHEA:56752,True,1.662715544439024e-05,True,True,encoded
8061,RHEA:56768,True,0.0281806862213961,False,False,clipzyme_graph_prereq_failed:unmapped_atoms
8062,RHEA:56772,True,0.0228459016891036,False,False,clipzyme_graph_prereq_failed:unmapped_atoms
8063,RHEA:56776,True,0.1831848240788864,True,True,encoded
8064,RHEA:56780,True,0.2380141472818752,True,True,encoded
8065,RHEA:56796,False,,False,False,mapping_unsupported
8066,RHEA:56812,True,0.3184686224588432,True,True,encoded
8067,RHEA:56816,True,0.9150804823904696,True,True,encoded
8068,RHEA:56820,True,0.4200822769554794,False,False,clipzyme_graph_prereq_failed:reactant_product_map_sets_differ
8069,RHEA:56824,True,0.4497152266591343,False,False,clipzyme_graph_prereq_failed:reactant_product_map_sets_differ
8070,RHEA:56828,True,0.3834214881971872,True,True,encoded
8071,RHEA:56832,True,0.409155601773435,True,True,encoded
8072,RHEA:56836,True,0.5575237394359225,True,True,encoded
8073,RHEA:56840,True,0.5408121899371753,True,True,encoded
8074,RHEA:56844,True,0.7711334644336513,True,True,encoded
8075,RHEA:56856,True,0.9988394448645008,False,False,clipzyme_graph_prereq_failed:reactant_product_map_sets_differ
8076,RHEA:56860,True,0.4094065062447477,True,True,encoded
8077,RHEA:56868,True,0.1732065570246156,True,True,encoded
8078,RHEA:56884,True,0.7857327576484368,True,True,encoded
8079,RHEA:56900,True,0.3663631132474693,True,True,encoded
8080,RHEA:56908,True,0.9044898536991072,True,True,encoded
8081,RHEA:56912,True,0.7186299299129908,True,True,encoded
8082,RHEA:56916,True,0.4117567469504318,True,True,encoded
8083,RHEA:56920,True,0.1917504717000229,True,True,encoded
8084,RHEA:56932,True,0.7996408397013841,True,True,encoded
8085,RHEA:56936,True,0.9779669385389944,True,True,encoded
8086,RHEA:56940,True,0.5696345541849414,True,True,encoded
8087,RHEA:56944,True,0.3869310006038107,False,False,clipzyme_graph_prereq_failed:reactant_product_map_sets_differ
8088,RHEA:56984,True,0.2066105616497315,True,True,encoded
8089,RHEA:56996,True,0.4688874524347136,True,True,encoded
8090,RHEA:57000,True,0.2574569311365514,True,True,encoded
8091,RHEA:57004,True,0.2129584966203313,True,True,encoded
8092,RHEA:57008,True,0.4737166578215926,True,True,encoded
8093,RHEA:57016,True,0.2653437313779065,True,True,encoded
8094,RHEA:57020,True,0.1862431251249523,True,True,encoded
8095,RHEA:57024,True,0.1687449953738413,True,True,encoded
8096,RHEA:57028,True,0.1492261946460443,True,True,encoded
8097,RHEA:57032,True,0.4398289945564335,True,True,encoded
8098,RHEA:57044,True,0.3708249942888267,True,True,encoded
8099,RHEA:57048,True,0.1337242224654806,False,False,clipzyme_graph_prereq_failed:unmapped_atoms
8100,RHEA:57052,True,0.5575915899821842,True,True,encoded
8101,RHEA:57056,True,0.7723664263248651,True,True,encoded
8102,RHEA:57060,True,0.7084766406351711,True,True,encoded
8103,RHEA:57064,True,0.9472455446438176,True,True,encoded
8104,RHEA:57068,True,0.2428929960102813,True,True,encoded
8105,RHEA:57072,True,0.4677733211816761,True,True,encoded
8106,RHEA:57076,True,0.3270155646139751,True,True,encoded
8107,RHEA:57080,True,0.4749098421468846,True,True,encoded
8108,RHEA:57084,True,0.5177817530731073,False,False,clipzyme_graph_prereq_failed:unmapped_atoms
8109,RHEA:57092,True,0.92525567476494,False,False,clipzyme_graph_prereq_failed:unmapped_atoms
8110,RHEA:57100,True,0.4730174643202559,True,True,encoded
8111,RHEA:57108,True,0.0556362935835464,True,True,encoded
8112,RHEA:57116,True,0.0442926820913268,True,True,encoded
8113,RHEA:57120,True,0.0813045369024616,True,True,encoded
8114,RHEA:57132,True,0.5662644352083449,True,True,encoded
8115,RHEA:57136,True,0.1014859294806686,True,True,encoded
8116,RHEA:57140,True,0.1977347672063516,True,True,encoded
8117,RHEA:57144,True,0.2546899774751451,True,True,encoded
8118,RHEA:57148,True,0.1525391034655557,True,True,encoded
8119,RHEA:57152,True,0.4550590412463409,True,True,encoded
8120,RHEA:57156,True,0.4409879758994283,True,True,encoded
8121,RHEA:57172,True,0.6764671423512761,True,True,encoded
8122,RHEA:57188,True,0.6530411985112118,True,True,encoded
8123,RHEA:57192,True,0.8680321438851171,True,True,encoded
8124,RHEA:57196,True,0.7102442641999842,True,True,encoded
8125,RHEA:57244,True,0.3501618016436351,True,True,encoded
8126,RHEA:57248,True,0.3418485852299864,True,True,encoded
8127,RHEA:57252,True,0.3084671454020234,True,True,encoded
8128,RHEA:57256,True,0.3418077692536302,True,True,encoded
8129,RHEA:57260,True,0.3750656801345733,True,True,encoded
8130,RHEA:57264,True,0.3486652711587963,True,True,encoded
8131,RHEA:57268,True,0.3066700498551526,True,True,encoded
8132,RHEA:57288,True,0.767295345991668,True,True,encoded
8133,RHEA:57292,True,0.7341697948360398,True,True,encoded
8134,RHEA:57296,True,0.7775541178879003,True,True,encoded
8135,RHEA:57300,True,0.8820434943159234,True,True,encoded
8136,RHEA:57304,True,0.3558957333298704,True,True,encoded
8137,RHEA:57308,True,0.1223983742702221,True,True,encoded
8138,RHEA:57312,True,0.8605969645478064,True,True,encoded
8139,RHEA:57316,True,0.2029946072482654,True,True,encoded
8140,RHEA:57324,True,0.1596933693832465,True,True,encoded
8141,RHEA:57328,True,0.1380680785286603,True,True,encoded
8142,RHEA:57332,True,0.0001091999811444,True,True,encoded
8143,RHEA:57336,True,0.0503253368550285,True,True,encoded
8144,RHEA:57352,True,0.1294306608942244,True,True,encoded
8145,RHEA:57360,True,0.7838358885876269,True,True,encoded
8146,RHEA:57364,True,0.7838358885876269,True,True,encoded
8147,RHEA:57368,True,0.4264442811580652,True,True,encoded
8148,RHEA:57372,True,0.4264442811580652,True,True,encoded
8149,RHEA:57376,True,0.270775193324389,True,True,encoded
8150,RHEA:57380,True,0.2691119926440846,True,True,encoded
8151,RHEA:57384,True,0.2351701345340601,True,True,encoded
8152,RHEA:57388,True,0.2896283882399852,True,True,encoded
8153,RHEA:57396,True,0.9017298966150016,True,True,encoded
8154,RHEA:57400,True,0.9294931474553152,True,True,encoded
8155,RHEA:57404,True,0.8093365402990804,True,True,encoded
8156,RHEA:57408,True,0.7199517110149021,True,True,encoded
8157,RHEA:57412,True,0.0094954773850816,True,True,encoded
8158,RHEA:57416,True,0.9950446549341596,True,True,encoded
8159,RHEA:57420,False,,False,False,mapping_unsupported
8160,RHEA:57424,True,0.6708842843923706,True,True,encoded
8161,RHEA:57428,True,0.6605483243167046,True,True,encoded
8162,RHEA:57432,True,0.7070653642729549,True,True,encoded
8163,RHEA:57436,True,0.5453312455337361,True,True,encoded
8164,RHEA:57440,True,0.6287153019002811,True,True,encoded
8165,RHEA:57444,True,0.7361474826181547,True,True,encoded
8166,RHEA:57448,True,0.0975320672511955,True,True,encoded
8167,RHEA:57452,True,0.9198564655494644,True,True,encoded
8168,RHEA:57456,True,0.7447048287023116,True,True,encoded
8169,RHEA:57460,True,0.7893752628260191,True,True,encoded
8170,RHEA:57464,True,0.6773201372412859,True,True,encoded
8171,RHEA:57468,True,0.778052376957308,True,True,encoded
8172,RHEA:57472,True,0.663561043379763,True,True,encoded
8173,RHEA:57476,True,0.6788272993034303,True,True,encoded
8174,RHEA:57480,True,0.6944524689372746,True,True,encoded
8175,RHEA:57492,True,0.1866685764580301,True,True,encoded
8176,RHEA:57496,True,0.8285661450126751,True,True,encoded
8177,RHEA:57500,True,0.8179195570236387,True,True,encoded
8178,RHEA:57504,True,0.6450916852092732,True,True,encoded
8179,RHEA:57508,True,0.3945957755519414,True,True,encoded
8180,RHEA:57512,True,0.3921199913163827,True,True,encoded
8181,RHEA:57516,True,0.1122349541472535,False,False,clipzyme_graph_prereq_failed:rdkit_parse_failed
8182,RHEA:57520,True,0.234257049341432,False,False,clipzyme_graph_prereq_failed:rdkit_parse_failed
8183,RHEA:57528,True,0.0010776139126828,True,True,encoded
8184,RHEA:57544,True,0.2547779680723827,False,False,clipzyme_graph_prereq_failed:rdkit_parse_failed
8185,RHEA:57560,True,0.0001089830076738,True,True,encoded
8186,RHEA:57576,True,0.3016850125038537,True,True,encoded
8187,RHEA:57580,True,0.4730174643202559,True,True,encoded
8188,RHEA:57584,True,0.2561635613071608,True,True,encoded
8189,RHEA:57588,True,0.3531350817098584,True,True,encoded
8190,RHEA:57596,True,0.3168374375174885,True,True,encoded
8191,RHEA:57600,True,0.1834645342498664,True,True,encoded
8192,RHEA:57604,True,0.1797650976578106,True,True,encoded
8193,RHEA:57608,True,0.7469937068743207,True,True,encoded
8194,RHEA:57612,False,,False,False,mapping_unsupported
8195,RHEA:57616,True,0.7386884334759904,True,True,encoded
8196,RHEA:57620,True,0.2447148547087813,True,True,encoded
8197,RHEA:57632,True,0.2506919706117058,True,True,encoded
8198,RHEA:57636,True,0.6785837721539671,True,True,encoded
8199,RHEA:57648,True,0.884159319334335,True,True,encoded
8200,RHEA:57680,True,0.2182553209351876,True,True,encoded
8201,RHEA:57704,True,0.3908184833853863,True,True,encoded
8202,RHEA:57708,True,0.8139849719582407,True,True,encoded
8203,RHEA:57712,True,0.7823401177259094,True,True,encoded
8204,RHEA:57720,True,0.3047791979187784,True,True,encoded
8205,RHEA:57724,True,0.4038785637891282,True,True,encoded
8206,RHEA:57728,True,0.7150960205351723,True,True,encoded
8207,RHEA:57744,True,0.5363757683230341,True,True,encoded
8208,RHEA:57748,False,,False,False,mapping_unsupported
8209,RHEA:57752,False,,False,False,mapping_unsupported
8210,RHEA:57756,False,,False,False,mapping_unsupported
8211,RHEA:57760,False,,False,False,mapping_unsupported
8212,RHEA:57832,True,0.3879700248825254,True,True,encoded
8213,RHEA:57836,True,0.2623520475298583,True,True,encoded
8214,RHEA:57840,True,0.1102997764002342,True,True,encoded
8215,RHEA:57844,True,0.2762670199130262,True,True,encoded
8216,RHEA:57848,True,0.3049342300812449,True,True,encoded
8217,RHEA:57852,True,0.3444002382293205,True,True,encoded
8218,RHEA:57856,True,0.1156141791741936,True,True,encoded
8219,RHEA:57860,True,0.2949245070327992,True,True,encoded
8220,RHEA:57864,True,0.3639394631917783,True,True,encoded
8221,RHEA:57868,True,0.1293812004857939,True,True,encoded
8222,RHEA:57876,True,0.8345624763824371,True,True,encoded
8223,RHEA:57880,True,0.2297578552003424,True,True,encoded
8224,RHEA:57884,True,0.0613095150706272,True,True,encoded
8225,RHEA:57888,True,0.373855180457627,True,True,encoded
8226,RHEA:57896,True,0.2373210759563749,True,True,encoded
8227,RHEA:57900,True,0.271844465607418,True,True,encoded
8228,RHEA:57904,True,0.2373210759563749,True,True,encoded
8229,RHEA:57928,False,,False,False,mapping_unsupported
8230,RHEA:57932,True,0.007817547080628,True,True,encoded
8231,RHEA:57940,True,0.1986308791428371,True,True,encoded
8232,RHEA:57944,True,0.2164528247257685,True,True,encoded
8233,RHEA:57952,True,0.5080853589470328,True,True,encoded
8234,RHEA:57964,True,0.2366252337402259,True,True,encoded
8235,RHEA:57968,True,0.2007420889550795,True,True,encoded
8236,RHEA:57972,True,0.1898328418315584,True,True,encoded
8237,RHEA:57976,True,0.3728312998884511,True,True,encoded
8238,RHEA:57980,True,0.4218810800037558,True,True,encoded
8239,RHEA:57984,True,0.2914273800275864,True,True,encoded
8240,RHEA:57988,True,0.3274016166879611,True,True,encoded
8241,RHEA:57992,True,0.2775717302637541,True,True,encoded
8242,RHEA:57996,True,0.4023709351196738,True,True,encoded
8243,RHEA:58000,True,0.3512231844399389,True,True,encoded
8244,RHEA:58004,True,0.2333875593803369,True,True,encoded
8245,RHEA:58008,True,0.3212335462354859,True,True,encoded
8246,RHEA:58012,True,0.0913951803586555,True,True,encoded
8247,RHEA:58024,True,0.442519405215791,True,True,encoded
8248,RHEA:58028,False,,False,False,mapping_unsupported
8249,RHEA:58032,True,0.2366252337402259,True,True,encoded
8250,RHEA:58044,True,0.1601807264848532,True,True,encoded
8251,RHEA:58056,True,0.92229509465671,True,True,encoded
8252,RHEA:58064,True,0.2963000621450942,True,True,encoded
8253,RHEA:58068,True,0.5954661489749732,True,True,encoded
8254,RHEA:58072,True,0.437470954425307,True,True,encoded
8255,RHEA:58108,True,0.9856759313634468,True,True,encoded
8256,RHEA:58112,True,0.7385924495952026,True,True,encoded
8257,RHEA:58116,True,0.8154218163924131,True,True,encoded
8258,RHEA:58120,True,0.1524610065728533,True,True,encoded
8259,RHEA:58124,True,0.2461422528174587,True,True,encoded
8260,RHEA:58128,True,0.2875366937104065,False,False,clipzyme_graph_prereq_failed:reactant_product_map_sets_differ
8261,RHEA:58132,True,0.2875366937104065,False,False,clipzyme_graph_prereq_failed:reactant_product_map_sets_differ
8262,RHEA:58144,True,0.0973873163011778,True,True,encoded
8263,RHEA:58148,True,0.9926464865449393,True,True,encoded
8264,RHEA:58152,True,0.5835852886540862,True,True,encoded
8265,RHEA:58156,True,0.0229600467185058,True,True,encoded
8266,RHEA:58160,True,0.1292610984759876,False,False,clipzyme_graph_prereq_failed:unmapped_atoms
8267,RHEA:58164,True,0.0461050323839462,False,False,clipzyme_graph_prereq_failed:reactant_product_map_sets_differ
8268,RHEA:58168,True,0.0225085313774106,True,True,encoded
8269,RHEA:58172,True,0.0024243427010476,False,False,clipzyme_graph_prereq_failed:unmapped_atoms
8270,RHEA:58176,True,0.0005715137352928,True,True,encoded
8271,RHEA:58188,True,0.0125642329742723,True,True,encoded
8272,RHEA:58192,True,0.0112762705891268,True,True,encoded
8273,RHEA:58196,True,0.9856759313634468,True,True,encoded
8274,RHEA:58220,True,0.8503715738920856,True,True,encoded
8275,RHEA:58224,True,0.7968261026419259,True,True,encoded
8276,RHEA:58228,True,0.8533041158327173,True,True,encoded
8277,RHEA:58232,True,0.8449144162015465,True,True,encoded
8278,RHEA:58236,True,0.8225742105780319,True,True,encoded
8279,RHEA:58248,True,0.6569097445546199,True,True,encoded
8280,RHEA:58256,True,0.7605811232300295,True,True,encoded
8281,RHEA:58264,True,0.5130515198698571,True,True,encoded
8282,RHEA:58268,True,0.7412440324425236,True,True,encoded
8283,RHEA:58276,False,,False,False,mapping_unsupported
8284,RHEA:58280,True,1.5077503441974958e-08,True,True,encoded
8285,RHEA:58284,True,0.4309297828153481,True,True,encoded
8286,RHEA:58316,True,0.3295573484371424,True,True,encoded
8287,RHEA:58324,True,0.4314333816212419,True,True,encoded
8288,RHEA:58328,True,0.4509836255077209,True,True,encoded
8289,RHEA:58332,True,0.4414798211162136,True,True,encoded
8290,RHEA:58336,True,0.4029591240537247,False,False,clipzyme_graph_prereq_failed:reactant_product_map_sets_differ
8291,RHEA:58340,True,0.8219378182173884,True,True,encoded
8292,RHEA:58344,True,0.8257306537255287,True,True,encoded
8293,RHEA:58348,True,0.0024230827889459,True,True,encoded
8294,RHEA:58352,True,0.2054545613907471,True,True,encoded
8295,RHEA:58360,True,0.4438807724141899,True,True,encoded
8296,RHEA:58364,True,0.4884839931323115,True,True,encoded
8297,RHEA:58368,True,0.4453056073147054,True,True,encoded
8298,RHEA:58372,True,0.4201925857953337,True,True,encoded
8299,RHEA:58376,True,0.4173594567025821,True,True,encoded
8300,RHEA:58380,True,0.4150180919511593,True,True,encoded
8301,RHEA:58384,True,0.4037142860073104,True,True,encoded
8302,RHEA:58392,True,0.101764914961475,True,True,encoded
8303,RHEA:58396,True,0.0062443023599229,True,True,encoded
8304,RHEA:58400,True,0.4079681682629155,True,True,encoded
8305,RHEA:58404,True,0.4035462645854635,True,True,encoded
8306,RHEA:58412,True,0.2561130377585297,True,True,encoded
8307,RHEA:58416,True,0.428112308810769,True,True,encoded
8308,RHEA:58420,True,0.3262274419483826,True,True,encoded
8309,RHEA:58424,True,0.4152146691419207,True,True,encoded
8310,RHEA:58428,True,0.425106906004127,True,True,encoded
8311,RHEA:58432,True,0.4316750720646936,True,True,encoded
8312,RHEA:58436,True,0.3354859537820989,True,True,encoded
8313,RHEA:58440,True,0.0344260992859775,True,True,encoded
8314,RHEA:58456,True,0.8333469005146145,True,True,encoded
8315,RHEA:58460,True,0.1396833675050467,False,False,clipzyme_graph_prereq_failed:unmapped_atoms
8316,RHEA:58472,True,0.3531301613103206,True,True,encoded
8317,RHEA:58476,True,0.1361342106002392,True,True,encoded
8318,RHEA:58480,True,0.0354600960583784,True,True,encoded
8319,RHEA:58484,True,0.6882661096798474,True,True,encoded
8320,RHEA:58492,True,0.2771302993093072,True,True,encoded
8321,RHEA:58504,True,0.8312375751168585,True,True,encoded
8322,RHEA:58508,True,0.8379019929284106,True,True,encoded
8323,RHEA:58512,True,0.101920882008682,True,True,encoded
8324,RHEA:58516,True,0.2482177852479206,True,True,encoded
8325,RHEA:58520,True,0.2895961077610088,True,True,encoded
8326,RHEA:58524,True,0.3445653299453462,True,True,encoded
8327,RHEA:58528,True,0.3445653299453462,True,True,encoded
8328,RHEA:58536,True,0.1895082077409856,True,True,encoded
8329,RHEA:58540,True,0.2831819021314823,True,True,encoded
8330,RHEA:58544,True,0.222116461065388,True,True,encoded
8331,RHEA:58548,True,0.3202918548490515,True,True,encoded
8332,RHEA:58560,True,0.3803304425247369,True,True,encoded
8333,RHEA:58564,True,0.3971423645656582,True,True,encoded
8334,RHEA:58568,True,0.2498792742718938,True,True,encoded
8335,RHEA:58572,True,0.7355221661614739,True,True,encoded
8336,RHEA:58576,True,0.4636967785225022,True,True,encoded
8337,RHEA:58580,True,0.90990371656777,True,True,encoded
8338,RHEA:58584,True,0.8644990079436508,True,True,encoded
8339,RHEA:58588,True,0.3792499711435559,True,True,encoded
8340,RHEA:58592,True,0.0839627046674571,True,True,encoded
8341,RHEA:58600,True,0.2465192302801467,True,True,encoded
8342,RHEA:58608,True,0.2739496108945686,True,True,encoded
8343,RHEA:58612,True,0.2551942176597788,True,True,encoded
8344,RHEA:58616,True,0.9493609194728192,True,True,encoded
8345,RHEA:58620,True,0.9044016559459792,True,True,encoded
8346,RHEA:58624,True,0.8521549437551753,True,True,encoded
8347,RHEA:58632,True,0.7845134629254666,True,True,encoded
8348,RHEA:58636,True,0.7815357771259491,True,True,encoded
8349,RHEA:58640,True,0.1790968390536942,True,True,encoded
8350,RHEA:58644,True,0.8259720838194603,True,True,encoded
8351,RHEA:58656,True,0.5298740078367976,True,True,encoded
8352,RHEA:58664,True,0.3880801964525197,True,True,encoded
8353,RHEA:58668,True,0.4544124666722949,True,True,encoded
8354,RHEA:58676,True,0.1776273178929152,True,True,encoded
8355,RHEA:58688,True,0.3362336855610832,True,True,encoded
8356,RHEA:58696,True,0.2264928540822552,True,True,encoded
8357,RHEA:58712,True,0.3396674944500247,True,True,encoded
8358,RHEA:58720,True,0.3186597544689943,True,True,encoded
8359,RHEA:58724,True,0.7815846657884433,True,True,encoded
8360,RHEA:58728,True,0.7815846657884433,True,True,encoded
8361,RHEA:58732,True,0.188920765651075,True,True,encoded
8362,RHEA:58736,True,0.1892296460969565,True,True,encoded
8363,RHEA:58740,True,0.1770551974261417,True,True,encoded
8364,RHEA:58744,True,0.133124940931924,True,True,encoded
8365,RHEA:58748,True,0.9254877284261324,True,True,encoded
8366,RHEA:58752,True,0.1057907395471451,True,True,encoded
8367,RHEA:58756,True,0.2266862845424347,True,True,encoded
8368,RHEA:58776,True,0.4591287774338569,True,True,encoded
8369,RHEA:58780,True,0.3502902116363323,True,True,encoded
8370,RHEA:58784,True,0.1752836797290136,True,True,encoded
8371,RHEA:58796,True,0.2375933277391343,True,True,encoded
8372,RHEA:58800,True,0.8508533658608065,True,True,encoded
8373,RHEA:58804,True,0.5840715899898095,True,True,encoded
8374,RHEA:58808,True,0.4330696757034327,True,True,encoded
8375,RHEA:58812,True,0.119733894480243,True,True,encoded
8376,RHEA:58816,True,0.1441366272469991,True,True,encoded
8377,RHEA:58832,True,4.316298838578083e-05,True,True,encoded
8378,RHEA:58844,True,0.8162408953103123,True,True,encoded
8379,RHEA:58848,True,0.8330400623433669,True,True,encoded
8380,RHEA:58852,True,0.8118971752989081,True,True,encoded
8381,RHEA:58856,True,0.82198253305258,True,True,encoded
8382,RHEA:58868,True,4.01581671325381e-05,True,True,encoded
8383,RHEA:58884,True,0.0868228457835776,False,False,clipzyme_graph_prereq_failed:unmapped_atoms
8384,RHEA:58888,True,0.0977901431053619,False,False,clipzyme_graph_prereq_failed:unmapped_atoms
8385,RHEA:58892,True,0.0315296740511368,True,True,encoded
8386,RHEA:58896,True,0.0378829193688556,True,True,encoded
8387,RHEA:58900,True,0.8221561874953092,True,True,encoded
8388,RHEA:58904,False,,False,False,mapping_unsupported
8389,RHEA:58908,False,,False,False,mapping_unsupported
8390,RHEA:58912,True,0.3173143102061851,True,True,encoded
8391,RHEA:58916,True,0.2306143700485595,True,True,encoded
8392,RHEA:58920,True,0.7873152856623667,True,True,encoded
8393,RHEA:58924,True,0.8236178642046738,True,True,encoded
8394,RHEA:58928,True,0.7176236337539074,True,True,encoded
8395,RHEA:58952,True,0.431977829037565,True,True,encoded
8396,RHEA:58956,True,0.8509154029338181,True,True,encoded
8397,RHEA:58960,True,0.5453017461752822,True,True,encoded
8398,RHEA:58964,True,0.4478498789311521,True,True,encoded
8399,RHEA:58968,True,0.5289807061039036,True,True,encoded
8400,RHEA:58972,True,0.2444424344427821,True,True,encoded
8401,RHEA:58976,True,0.3390811879411068,True,True,encoded
8402,RHEA:58980,True,0.163537106056387,True,True,encoded
8403,RHEA:58984,True,0.3086758947012857,True,True,encoded
8404,RHEA:58988,True,0.4588519924478095,True,True,encoded
8405,RHEA:58992,True,0.5226425849281481,True,True,encoded
8406,RHEA:58996,True,0.5993664012638067,True,True,encoded
8407,RHEA:59000,True,0.4532669348097409,True,True,encoded
8408,RHEA:59004,True,0.419237684780825,True,True,encoded
8409,RHEA:59008,True,0.4827000086100859,True,True,encoded
8410,RHEA:59012,True,0.4725818882203408,True,True,encoded
8411,RHEA:59016,True,0.5420380448842046,True,True,encoded
8412,RHEA:59044,True,0.3392498921668979,True,True,encoded
8413,RHEA:59048,True,0.6155131812903014,True,True,encoded
8414,RHEA:59052,True,0.6339077781354788,True,True,encoded
8415,RHEA:59072,True,0.2462203736773359,False,False,clipzyme_graph_prereq_failed:unmapped_atoms
8416,RHEA:59076,True,0.0093636124842785,True,True,encoded
8417,RHEA:59080,True,0.2065103783943516,True,True,encoded
8418,RHEA:59084,True,0.1402076885076154,True,True,encoded
8419,RHEA:59088,True,0.9426486577021124,True,True,encoded
8420,RHEA:59096,True,0.5286972099320504,True,True,encoded
8421,RHEA:59100,True,0.3634943703744521,True,True,encoded
8422,RHEA:59108,True,0.7868252891978063,True,True,encoded
8423,RHEA:59112,True,0.3337244670022059,True,True,encoded
8424,RHEA:59120,True,0.7256261462047557,True,True,encoded
8425,RHEA:59124,True,0.1159214607948829,True,True,encoded
8426,RHEA:59128,True,0.1307368503366639,True,True,encoded
8427,RHEA:59132,True,0.0902247395741039,True,True,encoded
8428,RHEA:59136,True,0.093646805347569,True,True,encoded
8429,RHEA:59140,True,0.0374321384927969,True,True,encoded
8430,RHEA:59144,True,0.4341813106133849,True,True,encoded
8431,RHEA:59148,True,0.0282791623288973,True,True,encoded
8432,RHEA:59152,True,0.0334924493031451,True,True,encoded
8433,RHEA:59156,True,0.0267864379549282,True,True,encoded
8434,RHEA:59160,True,0.018834963672057,True,True,encoded
8435,RHEA:59164,True,0.0299605720297994,True,True,encoded
8436,RHEA:59168,True,0.0419399727487867,True,True,encoded
8437,RHEA:59176,True,0.2401464152794049,True,True,encoded
8438,RHEA:59184,True,0.7740462224748226,True,True,encoded
8439,RHEA:59188,True,0.97885975951291,True,True,encoded
8440,RHEA:59216,True,0.671431140571292,True,True,encoded
8441,RHEA:59220,True,0.8795872937565121,True,True,encoded
8442,RHEA:59224,True,0.000419048357967,False,False,clipzyme_graph_prereq_failed:unmapped_atoms
8443,RHEA:59232,True,0.009115976884091,True,True,encoded
8444,RHEA:59236,True,0.0990920547082394,True,True,encoded
8445,RHEA:59240,True,0.429645899310814,True,True,encoded
8446,RHEA:59244,True,0.7243402302220678,True,True,encoded
8447,RHEA:59256,True,0.8432401508550325,True,True,encoded
8448,RHEA:59260,True,0.6601355173536634,True,True,encoded
8449,RHEA:59264,True,0.7311726617773879,True,True,encoded
8450,RHEA:59272,True,0.983524293410116,True,True,encoded
8451,RHEA:59276,True,0.9731703906219408,True,True,encoded
8452,RHEA:59280,True,0.9836619529533512,True,True,encoded
8453,RHEA:59284,True,0.4945579263216509,True,True,encoded
8454,RHEA:59288,True,0.6403363096553741,True,True,encoded
8455,RHEA:59292,True,0.4945579263216509,True,True,encoded
8456,RHEA:59300,True,0.1368788366298255,True,True,encoded
8457,RHEA:59304,True,0.1368788366298255,True,True,encoded
8458,RHEA:59312,True,0.7302715506243712,True,True,encoded
8459,RHEA:59316,True,0.5934033038480784,True,True,encoded
8460,RHEA:59324,True,0.4475196346325781,True,True,encoded
8461,RHEA:59328,True,0.9573246873669948,True,True,encoded
8462,RHEA:59332,True,0.2834025352648682,False,False,clipzyme_graph_prereq_failed:reactant_product_map_sets_differ
8463,RHEA:59336,True,0.3043998779364057,False,False,clipzyme_graph_prereq_failed:reactant_product_map_sets_differ
8464,RHEA:59340,True,0.2337515390714928,False,False,clipzyme_graph_prereq_failed:reactant_product_map_sets_differ
8465,RHEA:59344,True,0.5934033038480784,True,True,encoded
8466,RHEA:59352,True,0.5934033038480784,True,True,encoded
8467,RHEA:59360,True,0.970124439797509,True,True,encoded
8468,RHEA:59364,True,0.4190846366613699,True,True,encoded
8469,RHEA:59368,True,0.3029373244330125,True,True,encoded
8470,RHEA:59372,True,0.3865022749379503,True,True,encoded
8471,RHEA:59376,True,0.8232663671397175,True,True,encoded
8472,RHEA:59380,True,0.4516665228086194,True,True,encoded
8473,RHEA:59388,True,0.9305221403507437,True,True,encoded
8474,RHEA:59392,True,0.2361367687846101,True,True,encoded
8475,RHEA:59396,True,0.9150978386586952,True,True,encoded
8476,RHEA:59400,True,0.9830537706728064,True,True,encoded
8477,RHEA:59404,True,0.97755374446273,True,True,encoded
8478,RHEA:59412,True,0.950337520825218,True,True,encoded
8479,RHEA:59416,True,0.587844465855584,True,True,encoded
8480,RHEA:59424,True,0.6078824976622688,True,True,encoded
8481,RHEA:59436,True,0.0779018021689882,True,True,encoded
8482,RHEA:59440,True,0.4612137821932818,True,True,encoded
8483,RHEA:59444,True,0.2210641791523547,False,False,clipzyme_graph_prereq_failed:reactant_product_map_sets_differ
8484,RHEA:59468,True,0.9093103294747822,True,True,encoded
8485,RHEA:59472,True,0.8241901545726452,True,True,encoded
8486,RHEA:59476,True,0.0002078106705318,False,False,clipzyme_graph_prereq_failed:unmapped_atoms
8487,RHEA:59488,False,,False,False,mapping_unsupported
8488,RHEA:59492,True,0.1297214553731575,True,True,encoded
8489,RHEA:59496,True,0.1359450421714262,True,True,encoded
8490,RHEA:59500,True,0.0085258574066654,True,True,encoded
8491,RHEA:59504,True,0.8117998658338865,True,True,encoded
8492,RHEA:59520,True,0.0244214101339821,True,True,encoded
8493,RHEA:59528,True,0.1399076067099622,True,True,encoded
8494,RHEA:59532,True,0.9046688341996696,True,True,encoded
8495,RHEA:59540,True,0.260813450719391,True,True,encoded
8496,RHEA:59544,True,0.5575315758188057,True,True,encoded
8497,RHEA:59548,True,0.4942991169735761,True,True,encoded
8498,RHEA:59552,True,0.3926318316944246,True,True,encoded
8499,RHEA:59568,True,0.1751523600245635,True,True,encoded
8500,RHEA:59572,True,0.9650839101188192,True,True,encoded
8501,RHEA:59576,True,0.9818806087607332,True,True,encoded
8502,RHEA:59580,True,0.1009059965898676,True,True,encoded
8503,RHEA:59596,True,0.3179346224392535,True,True,encoded
8504,RHEA:59608,True,0.9725169361692846,True,True,encoded
8505,RHEA:59612,True,0.9732393012356833,True,True,encoded
8506,RHEA:59616,True,0.8920543513842797,True,True,encoded
8507,RHEA:59620,True,0.9701858344585896,True,True,encoded
8508,RHEA:59624,True,0.96693233133277,True,True,encoded
8509,RHEA:59628,True,0.8725346783906258,True,True,encoded
8510,RHEA:59632,True,0.5282042629436846,True,True,encoded
8511,RHEA:59636,True,0.5466456725459147,True,True,encoded
8512,RHEA:59640,True,0.4393761236575321,True,True,encoded
8513,RHEA:59656,True,0.4879826913780853,True,True,encoded
8514,RHEA:59660,True,0.2768029398473495,True,True,encoded
8515,RHEA:59664,True,0.1546767660341798,True,True,encoded
8516,RHEA:59668,True,0.0404213020341277,True,True,encoded
8517,RHEA:59728,True,0.3189492902207075,True,True,encoded
8518,RHEA:59732,True,0.4877235590443777,True,True,encoded
8519,RHEA:59736,True,0.1819494252337572,True,True,encoded
8520,RHEA:59740,True,0.1061888247238855,True,True,encoded
8521,RHEA:59756,True,0.5987235990067887,True,True,encoded
8522,RHEA:59760,True,0.7559344692035251,True,True,encoded
8523,RHEA:59764,True,0.0770900660789696,True,True,encoded
8524,RHEA:59768,True,0.0988193750003096,True,True,encoded
8525,RHEA:59780,True,0.9426486321737392,True,True,encoded
8526,RHEA:59784,True,0.182133690736957,True,True,encoded
8527,RHEA:59788,True,0.5768383908231821,True,True,encoded
8528,RHEA:59792,True,0.3945955332491693,True,True,encoded
8529,RHEA:59796,True,0.1270521471081955,True,True,encoded
8530,RHEA:59800,True,0.1082430277049913,True,True,encoded
8531,RHEA:59804,True,0.9513468255210552,True,True,encoded
8532,RHEA:59808,True,0.97944604680079,True,True,encoded
8533,RHEA:59816,True,0.2266726582440084,True,True,encoded
8534,RHEA:59828,True,0.971512952529936,True,True,encoded
8535,RHEA:59832,True,0.2971487759004909,True,True,encoded
8536,RHEA:59840,True,0.7438374126229557,True,True,encoded
8537,RHEA:59844,True,0.4612137198227791,True,True,encoded
8538,RHEA:59848,True,0.4378647396225593,True,True,encoded
8539,RHEA:59852,True,0.4378647396225593,True,True,encoded
8540,RHEA:59860,True,0.6130065062633306,True,True,encoded
8541,RHEA:59864,True,0.1221056867292495,True,True,encoded
8542,RHEA:59868,True,0.1240822825307049,True,True,encoded
8543,RHEA:59872,True,0.769927197405957,True,True,encoded
8544,RHEA:59876,True,0.121531441333755,True,True,encoded
8545,RHEA:59880,True,0.2912888760651924,True,True,encoded
8546,RHEA:59884,True,0.288751845006548,True,True,encoded
8547,RHEA:59888,True,0.8810927138176947,False,False,clipzyme_graph_prereq_failed:unmapped_atoms
8548,RHEA:59892,True,0.9940811955407204,True,True,encoded
8549,RHEA:59896,True,0.2581702835200373,True,True,encoded
8550,RHEA:59900,True,0.2253331495871742,True,True,encoded
8551,RHEA:59904,True,0.3921491323605265,False,False,clipzyme_graph_prereq_failed:unmapped_atoms
8552,RHEA:59908,True,0.4133120653072539,True,True,encoded
8553,RHEA:59912,True,0.4406366480506397,True,True,encoded
8554,RHEA:59916,True,0.4142896854440085,True,True,encoded
8555,RHEA:59920,True,0.7263672590656589,True,True,encoded
8556,RHEA:59936,True,0.200713004031307,True,True,encoded
8557,RHEA:59940,True,0.1638616965734894,True,True,encoded
8558,RHEA:59948,True,0.2543795693611051,True,True,encoded
8559,RHEA:59952,True,0.2756389830762817,True,True,encoded
8560,RHEA:59956,True,0.4864753066883704,True,True,encoded
8561,RHEA:59960,True,0.9574918900202932,True,True,encoded
8562,RHEA:59964,True,0.2519556586166622,True,True,encoded
8563,RHEA:59972,True,0.2094678520305131,True,True,encoded
8564,RHEA:59980,True,0.3190537505750676,True,True,encoded
8565,RHEA:59984,True,0.9689227120543514,True,True,encoded
8566,RHEA:59988,True,0.0765861102032143,True,True,encoded
8567,RHEA:59992,True,0.6272898027661843,True,True,encoded
8568,RHEA:59996,True,0.6373362118003132,True,True,encoded
8569,RHEA:60000,True,0.3949756397066129,True,True,encoded
8570,RHEA:60008,True,0.0009965733187362,True,True,encoded
8571,RHEA:60012,True,0.0405858373084235,True,True,encoded
8572,RHEA:60016,True,0.1468572605442436,True,True,encoded
8573,RHEA:60020,True,0.1480132445247008,True,True,encoded
8574,RHEA:60024,True,0.0546089905481991,False,False,clipzyme_graph_prereq_failed:rdkit_parse_failed
8575,RHEA:60028,True,0.082258925642666,True,True,encoded
8576,RHEA:60032,True,0.3104664842308203,True,True,encoded
8577,RHEA:60036,True,0.9560839829178378,True,True,encoded
8578,RHEA:60040,True,0.9540351085929464,True,True,encoded
8579,RHEA:60044,True,0.7197017578336192,True,True,encoded
8580,RHEA:60048,False,,False,False,mapping_unsupported
8581,RHEA:60052,True,0.4108072181316108,True,True,encoded
8582,RHEA:60056,True,0.4219675407740709,True,True,encoded
8583,RHEA:60064,True,0.4936514664025775,True,True,encoded
8584,RHEA:60068,False,,False,False,mapping_unsupported
8585,RHEA:60072,True,0.2824025215584312,True,True,encoded
8586,RHEA:60076,True,0.2951613392030432,True,True,encoded
8587,RHEA:60080,True,0.3346435978522047,True,True,encoded
8588,RHEA:60084,True,0.5397039847848325,True,True,encoded
8589,RHEA:60088,True,0.278018534941309,True,True,encoded
8590,RHEA:60092,True,0.376152839270883,True,True,encoded
8591,RHEA:60096,True,0.1913854636151254,True,True,encoded
8592,RHEA:60100,True,0.7523182453814908,True,True,encoded
8593,RHEA:60104,True,0.6449945712024343,True,True,encoded
8594,RHEA:60108,True,0.315435616900272,True,True,encoded
8595,RHEA:60112,True,0.3321749821904199,True,True,encoded
8596,RHEA:60116,True,0.1106750882690159,True,True,encoded
8597,RHEA:60128,True,0.2492475941020161,True,True,encoded
8598,RHEA:60132,True,0.4519084321213882,True,True,encoded
8599,RHEA:60136,True,0.4519084321213882,True,True,encoded
8600,RHEA:60140,True,0.0205099397652186,True,True,encoded
8601,RHEA:60144,True,0.1897566087948567,True,True,encoded
8602,RHEA:60152,True,0.9039783307302964,True,True,encoded
8603,RHEA:60156,True,0.2068249715414314,True,True,encoded
8604,RHEA:60160,True,0.2889333846677671,True,True,encoded
8605,RHEA:60172,True,0.1958068438842951,True,True,encoded
8606,RHEA:60176,True,0.5096873222636774,True,True,encoded
8607,RHEA:60180,True,0.2112225735384097,True,True,encoded
8608,RHEA:60184,True,0.2068249715414314,True,True,encoded
8609,RHEA:60188,True,0.005686520636892,True,True,encoded
8610,RHEA:60192,True,0.2830303402992577,True,True,encoded
8611,RHEA:60196,True,0.3475836966948383,True,True,encoded
8612,RHEA:60200,True,0.0012851793975242,True,True,encoded
8613,RHEA:60208,True,1.18165996398237e-06,True,True,encoded
8614,RHEA:60212,True,0.1388130910002858,True,True,encoded
8615,RHEA:60216,True,0.2830303402992577,True,True,encoded
8616,RHEA:60220,True,0.3475836966948383,True,True,encoded
8617,RHEA:60224,True,0.0012851793975242,True,True,encoded
8618,RHEA:60228,True,0.1388130910002858,True,True,encoded
8619,RHEA:60232,True,0.2830303402992577,True,True,encoded
8620,RHEA:60236,True,0.0012851793975242,True,True,encoded
8621,RHEA:60244,True,0.2480336062169204,False,False,clipzyme_graph_prereq_failed:reactant_product_map_sets_differ
8622,RHEA:60252,True,0.0547737102442212,True,True,encoded
8623,RHEA:60256,True,0.9970059778650904,False,False,clipzyme_graph_prereq_failed:reactant_product_map_sets_differ
8624,RHEA:60260,True,0.0327184287986626,True,True,encoded
8625,RHEA:60264,True,0.9365918227500952,True,True,encoded
8626,RHEA:60268,True,0.9252970306398776,True,True,encoded
8627,RHEA:60272,True,0.6698327511970487,True,True,encoded
8628,RHEA:60276,True,0.0327184287986626,True,True,encoded
8629,RHEA:60280,True,0.9365918227500952,True,True,encoded
8630,RHEA:60284,True,0.9252970306398776,True,True,encoded
8631,RHEA:60288,True,0.6698327511970487,True,True,encoded
8632,RHEA:60292,True,0.0327184287986626,True,True,encoded
8633,RHEA:60296,True,0.9365918227500952,True,True,encoded
8634,RHEA:60300,True,0.9252970306398776,True,True,encoded
8635,RHEA:60308,True,0.2872249033872103,True,True,encoded
8636,RHEA:60312,True,0.9365918227500952,True,True,encoded
8637,RHEA:60316,True,0.9252970306398776,True,True,encoded
8638,RHEA:60320,True,0.6698327511970487,True,True,encoded
8639,RHEA:60324,True,0.0327184287986626,True,True,encoded
8640,RHEA:60328,True,0.0327184287986626,True,True,encoded
8641,RHEA:60344,True,0.9365918227500952,True,True,encoded
8642,RHEA:60348,True,0.9252970306398776,True,True,encoded
8643,RHEA:60352,True,0.3892025341342312,True,True,encoded
8644,RHEA:60356,True,0.9175104606266355,True,True,encoded
8645,RHEA:60360,True,0.3769294404310698,True,True,encoded
8646,RHEA:60384,True,0.7414633488535762,True,True,encoded
8647,RHEA:60388,True,0.2165831078357797,True,True,encoded
8648,RHEA:60392,True,0.2632396392109434,True,True,encoded
8649,RHEA:60396,True,0.3251455160742948,True,True,encoded
8650,RHEA:60400,True,0.4524102760401762,True,True,encoded
8651,RHEA:60404,True,0.6510570191961111,True,True,encoded
8652,RHEA:60408,True,0.525102685126771,True,True,encoded
8653,RHEA:60412,True,0.5368555051661527,True,True,encoded
8654,RHEA:60416,True,0.4335261043433172,True,True,encoded
8655,RHEA:60420,True,0.4417699538089961,True,True,encoded
8656,RHEA:60424,True,0.0645788142683099,True,True,encoded
8657,RHEA:60428,True,0.9147387867297532,True,True,encoded
8658,RHEA:60432,True,0.7300387201593402,False,False,clipzyme_graph_prereq_failed:reactant_product_map_sets_differ
8659,RHEA:60436,True,0.6989942231661705,True,True,encoded
8660,RHEA:60440,True,0.97935776285592,True,True,encoded
8661,RHEA:60444,True,0.9673711832364936,True,True,encoded
8662,RHEA:60452,True,0.5067732500559592,True,True,encoded
8663,RHEA:60456,True,0.0016956570854813,True,True,encoded
8664,RHEA:60476,True,3.054124788370088e-05,True,True,encoded
8665,RHEA:60480,True,0.0004832996113487,True,True,encoded
8666,RHEA:60484,True,0.0040062522391283,True,True,encoded
8667,RHEA:60504,True,0.0547271366214051,True,True,encoded
8668,RHEA:60508,True,0.821106632402232,True,True,encoded
8669,RHEA:60512,True,0.821106632402232,True,True,encoded
8670,RHEA:60516,True,0.9685345358916256,True,True,encoded
8671,RHEA:60520,True,0.295465546919284,True,True,encoded
8672,RHEA:60524,True,0.8243272248732298,True,True,encoded
8673,RHEA:60556,True,0.8345624763824371,True,True,encoded
8674,RHEA:60560,True,0.9184833449824028,True,True,encoded
8675,RHEA:60568,True,0.9381440731308252,True,True,encoded
8676,RHEA:60580,True,0.1862404301197035,True,True,encoded
8677,RHEA:60604,True,0.3263021028659941,True,True,encoded
8678,RHEA:60608,True,0.6851770397489785,True,True,encoded
8679,RHEA:60612,True,0.3346800180608105,True,True,encoded
8680,RHEA:60616,True,0.6384521680765607,True,True,encoded
8681,RHEA:60620,True,0.3135310992762282,True,True,encoded
8682,RHEA:60624,True,0.1616613497850265,True,True,encoded
8683,RHEA:60628,True,0.3576624781254532,False,False,clipzyme_graph_prereq_failed:unmapped_atoms
8684,RHEA:60632,True,0.5861348634786809,True,True,encoded
8685,RHEA:60636,True,0.2744771319879528,True,True,encoded
8686,RHEA:60644,True,0.1614912080024049,True,True,encoded
8687,RHEA:60648,True,0.9087925118290204,True,True,encoded
8688,RHEA:60652,True,0.438666855671449,True,True,encoded
8689,RHEA:60656,True,0.2523189129423744,True,True,encoded
8690,RHEA:60660,True,0.4354000742119422,True,True,encoded
8691,RHEA:60664,True,0.4514209567270933,True,True,encoded
8692,RHEA:60668,True,0.5043900295095843,True,True,encoded
8693,RHEA:60672,True,0.6043945372577983,True,True,encoded
8694,RHEA:60676,True,0.5951390911571893,True,True,encoded
8695,RHEA:60680,False,,False,False,mapping_unsupported
8696,RHEA:60684,True,0.4532215620975821,False,False,clipzyme_graph_prereq_failed:unmapped_atoms
8697,RHEA:60688,True,0.7665202038649831,False,False,clipzyme_graph_prereq_failed:unmapped_atoms
8698,RHEA:60692,True,0.4619036618447333,False,False,clipzyme_graph_prereq_failed:unmapped_atoms
8699,RHEA:60696,True,0.2210600709617089,True,True,encoded
8700,RHEA:60700,True,0.3971807281231564,True,True,encoded
8701,RHEA:60704,True,0.9163075813735668,True,True,encoded
8702,RHEA:60708,True,0.5425500069071104,True,True,encoded
8703,RHEA:60712,True,0.8021108356042153,True,True,encoded
8704,RHEA:60716,True,0.26512499442373,True,True,encoded
8705,RHEA:60720,True,0.4152966263468913,True,True,encoded
8706,RHEA:60724,True,0.3655659447526971,True,True,encoded
8707,RHEA:60728,True,0.3117844063212294,True,True,encoded
8708,RHEA:60732,True,0.4414879647821293,True,True,encoded
8709,RHEA:60736,True,0.2895235211387287,True,True,encoded
8710,RHEA:60740,True,0.3719895431302121,True,True,encoded
8711,RHEA:60744,True,0.1489461761328579,True,True,encoded
8712,RHEA:60748,True,0.1881298432276025,True,True,encoded
8713,RHEA:60752,True,0.1570018096097979,True,True,encoded
8714,RHEA:60756,True,0.0026304295681069,False,False,clipzyme_graph_prereq_failed:unmapped_atoms
8715,RHEA:60760,True,0.1900626130072758,True,True,encoded
8716,RHEA:60764,True,0.0067871274016618,False,False,clipzyme_graph_prereq_failed:unmapped_atoms
8717,RHEA:60768,True,1.8328609439992445e-06,True,True,encoded
8718,RHEA:60772,True,0.000140250923013,True,True,encoded
8719,RHEA:60776,True,0.2893117977769298,True,True,encoded
8720,RHEA:60780,True,0.2698086186354134,True,True,encoded
8721,RHEA:60796,True,0.0001611619649456,True,True,encoded
8722,RHEA:60800,True,0.282601196381689,True,True,encoded
8723,RHEA:60820,True,0.1878804837425709,True,True,encoded
8724,RHEA:60872,True,0.5757131908890911,True,True,encoded
8725,RHEA:60876,True,0.2925695948803569,True,True,encoded
8726,RHEA:60880,True,0.6345962203789646,True,True,encoded
8727,RHEA:60892,True,0.6345962203789646,True,True,encoded
8728,RHEA:60904,True,0.6194899343319303,True,True,encoded
8729,RHEA:60912,True,0.8298745765293492,True,True,encoded
8730,RHEA:60916,True,0.8298745765293492,True,True,encoded
8731,RHEA:60920,True,0.2427949735661721,True,True,encoded
8732,RHEA:60924,True,0.347583698669011,True,True,encoded
8733,RHEA:60928,True,0.2077511693547235,True,True,encoded
8734,RHEA:60932,True,0.2338043849284254,True,True,encoded
8735,RHEA:60936,True,0.2333533533840095,True,True,encoded
8736,RHEA:60940,True,0.1821249297369254,True,True,encoded
8737,RHEA:60944,True,0.8818142153674701,True,True,encoded
8738,RHEA:60952,True,0.8315201955508731,True,True,encoded
8739,RHEA:60956,True,0.5854522629673319,True,True,encoded
8740,RHEA:60960,True,0.4777375220106822,True,True,encoded
8741,RHEA:60964,True,0.5174819396360025,True,True,encoded
8742,RHEA:60972,True,0.7890953549358709,True,True,encoded
8743,RHEA:60976,True,0.8131183513451685,True,True,encoded
8744,RHEA:60980,True,0.6575904695224783,True,True,encoded
8745,RHEA:60984,True,0.4860839711454865,True,True,encoded
8746,RHEA:60988,True,0.7982725917947188,True,True,encoded
8747,RHEA:60996,True,0.3176946861990978,True,True,encoded
8748,RHEA:61020,True,0.1393907907778778,True,True,encoded
8749,RHEA:61032,True,0.9004960662285316,True,True,encoded
8750,RHEA:61040,True,0.2959465600377642,True,True,encoded
8751,RHEA:61044,True,0.2292222432377982,True,True,encoded
8752,RHEA:61048,True,0.2857190348346698,True,True,encoded
8753,RHEA:61052,True,0.2959465600377642,True,True,encoded
8754,RHEA:61056,True,0.2665449927548932,True,True,encoded
8755,RHEA:61068,True,0.2025784868821157,True,True,encoded
8756,RHEA:61072,True,0.2101852214495004,True,True,encoded
8757,RHEA:61076,True,0.2056677197158495,True,True,encoded
8758,RHEA:61080,True,0.2056677197158495,True,True,encoded
8759,RHEA:61084,True,0.4201400147700168,True,True,encoded
8760,RHEA:61088,True,0.342794565810172,True,True,encoded
8761,RHEA:61092,True,0.970863397463526,True,True,encoded
8762,RHEA:61096,True,0.3469969263850583,False,False,clipzyme_graph_prereq_failed:rdkit_parse_failed
8763,RHEA:61104,True,0.0151812642706905,True,True,encoded
8764,RHEA:61108,True,0.0101958986607057,True,True,encoded
8765,RHEA:61112,True,0.3146427836914418,False,False,clipzyme_graph_prereq_failed:rdkit_parse_failed
8766,RHEA:61120,True,0.0114174905315627,True,True,encoded
8767,RHEA:61124,True,0.0283761311071705,False,False,clipzyme_graph_prereq_failed:rdkit_parse_failed
8768,RHEA:61132,True,0.4215339254328805,True,True,encoded
8769,RHEA:61136,True,0.4517405788464839,True,True,encoded
8770,RHEA:61140,True,0.3884315380701265,True,True,encoded
8771,RHEA:61144,True,0.6587585233575115,True,True,encoded
8772,RHEA:61148,True,0.7057674089983362,True,True,encoded
8773,RHEA:61152,True,0.2624039117924322,True,True,encoded
8774,RHEA:61156,True,0.1712271549849798,True,True,encoded
8775,RHEA:61160,True,0.7220303087145697,True,True,encoded
8776,RHEA:61164,True,0.6738857628664248,True,True,encoded
8777,RHEA:61180,True,0.7873194988733861,True,True,encoded
8778,RHEA:61184,True,0.5409668288147452,True,True,encoded
8779,RHEA:61188,True,0.6176563047032307,True,True,encoded
8780,RHEA:61216,True,0.061240823299115,True,True,encoded
8781,RHEA:61220,True,0.0440567463162965,True,True,encoded
8782,RHEA:61224,True,0.4515755633705018,True,True,encoded
8783,RHEA:61228,True,0.479673540790981,True,True,encoded
8784,RHEA:61232,True,0.4476214858792788,True,True,encoded
8785,RHEA:61236,True,0.4768275825434159,True,True,encoded
8786,RHEA:61240,True,0.4961891518656904,True,True,encoded
8787,RHEA:61244,True,0.4139886522981363,True,True,encoded
8788,RHEA:61248,True,0.5181522708556748,True,True,encoded
8789,RHEA:61252,True,0.3174641069491996,True,True,encoded
8790,RHEA:61256,True,0.4942387275879129,True,True,encoded
8791,RHEA:61260,True,0.4534172441046356,True,True,encoded
8792,RHEA:61264,True,0.5114071468599454,True,True,encoded
8793,RHEA:61268,True,0.3975784097600264,True,True,encoded
8794,RHEA:61272,True,0.3652370837331843,True,True,encoded
8795,RHEA:61284,True,0.4381747317740221,True,True,encoded
8796,RHEA:61288,True,0.3067679425429367,True,True,encoded
8797,RHEA:61292,True,0.6196617441689164,True,True,encoded
8798,RHEA:61296,True,0.4851820509669066,True,True,encoded
8799,RHEA:61300,True,0.311028144151837,True,True,encoded
8800,RHEA:61304,False,,False,False,mapping_unsupported
8801,RHEA:61320,True,0.2642347264722215,True,True,encoded
8802,RHEA:61324,True,0.2725156885807142,True,True,encoded
8803,RHEA:61328,True,0.1954875957722183,True,True,encoded
8804,RHEA:61332,True,0.1433579750977291,True,True,encoded
8805,RHEA:61336,True,0.2153061964243647,True,True,encoded
8806,RHEA:61340,True,0.2304120742492209,True,True,encoded
8807,RHEA:61344,True,0.5284374313974524,True,True,encoded
8808,RHEA:61348,True,0.1182436401320197,True,True,encoded
8809,RHEA:61352,True,0.2571933667184404,True,True,encoded
8810,RHEA:61356,True,0.2525971154622743,True,True,encoded
8811,RHEA:61360,True,0.2503597819278303,True,True,encoded
8812,RHEA:61364,True,0.131167855833286,True,True,encoded
8813,RHEA:61368,True,0.1161419679158484,True,True,encoded
8814,RHEA:61372,True,0.2306697401544041,True,True,encoded
8815,RHEA:61376,True,0.1282440443242865,True,True,encoded
8816,RHEA:61380,True,0.3041729227911408,True,True,encoded
8817,RHEA:61384,True,0.2720914370118957,True,True,encoded
8818,RHEA:61392,True,0.2971486913762244,True,True,encoded
8819,RHEA:61396,True,0.3006821066552723,True,True,encoded
8820,RHEA:61400,True,0.278920885083777,True,True,encoded
8821,RHEA:61404,True,0.2962864723098236,True,True,encoded
8822,RHEA:61408,True,0.2838931904279289,True,True,encoded
8823,RHEA:61412,True,0.2980567195717306,True,True,encoded
8824,RHEA:61416,True,0.9172572179598376,True,True,encoded
8825,RHEA:61420,True,0.9172572179598376,True,True,encoded
8826,RHEA:61424,True,0.7871448135757739,True,True,encoded
8827,RHEA:61428,True,0.7871448135757739,True,True,encoded
8828,RHEA:61432,True,0.4323130164266205,True,True,encoded
8829,RHEA:61436,True,0.2781364288297772,True,True,encoded
8830,RHEA:61440,True,0.2022614707381283,True,True,encoded
8831,RHEA:61444,True,0.1253869633676793,True,True,encoded
8832,RHEA:61448,True,0.0906297997598679,True,True,encoded
8833,RHEA:61452,True,0.1686696440472923,True,True,encoded
8834,RHEA:61456,True,0.1553143468222916,True,True,encoded
8835,RHEA:61464,True,0.8268152340566117,True,True,encoded
8836,RHEA:61468,True,0.8268152340566117,True,True,encoded
8837,RHEA:61472,True,0.1698270729393172,True,True,encoded
8838,RHEA:61476,True,0.117914992005258,True,True,encoded
8839,RHEA:61480,True,0.305474080473941,True,True,encoded
8840,RHEA:61484,True,0.8268152340566117,True,True,encoded
8841,RHEA:61488,True,0.8268152340566117,True,True,encoded
8842,RHEA:61492,True,0.305474080473941,True,True,encoded
8843,RHEA:61500,True,0.7247048266529494,True,True,encoded
8844,RHEA:61504,True,0.7692914417902995,True,True,encoded
8845,RHEA:61508,True,0.7800938364197061,True,True,encoded
8846,RHEA:61512,True,0.7411299117683051,True,True,encoded
8847,RHEA:61520,True,0.97289313812276,False,False,clipzyme_graph_prereq_failed:unmapped_atoms
8848,RHEA:61524,True,0.5988363858229908,True,True,encoded
8849,RHEA:61528,True,0.3648081192508882,False,False,clipzyme_graph_prereq_failed:unmapped_atoms
8850,RHEA:61564,True,0.0747924635605454,True,True,encoded
8851,RHEA:61568,True,0.7361227738653396,True,True,encoded
8852,RHEA:61572,True,0.6038399948472701,True,True,encoded
8853,RHEA:61576,True,0.0296072726612141,True,True,encoded
8854,RHEA:61580,True,0.0872587157926554,True,True,encoded
8855,RHEA:61584,True,0.8268152340566117,True,True,encoded
8856,RHEA:61588,True,0.2328302802661424,True,True,encoded
8857,RHEA:61592,True,0.9582425106167244,True,True,encoded
8858,RHEA:61624,True,0.7262786054623275,True,True,encoded
8859,RHEA:61632,True,0.8318654071097049,True,True,encoded
8860,RHEA:61644,True,0.499931653190407,True,True,encoded
8861,RHEA:61648,True,0.0585977115824775,True,True,encoded
8862,RHEA:61652,True,0.0633251424014384,True,True,encoded
8863,RHEA:61656,True,0.2238493584205566,True,True,encoded
8864,RHEA:61660,True,0.2271755039451831,True,True,encoded
8865,RHEA:61664,True,0.1946645798079247,True,True,encoded
8866,RHEA:61668,True,0.0207308686836252,True,True,encoded
8867,RHEA:61680,True,0.0875903979861282,True,True,encoded
8868,RHEA:61684,True,0.2243138371799582,True,True,encoded
8869,RHEA:61688,True,0.044865982904506,True,True,encoded
8870,RHEA:61696,True,0.1024182770958308,True,True,encoded
8871,RHEA:61704,True,0.0874182924722358,True,True,encoded
8872,RHEA:61716,True,0.2438198035215973,True,True,encoded
8873,RHEA:61720,True,0.7775485457091167,True,True,encoded
8874,RHEA:61724,True,0.7775485457091167,True,True,encoded
8875,RHEA:61728,True,0.9923401081982088,True,True,encoded
8876,RHEA:61732,True,0.7379889824435445,True,True,encoded
8877,RHEA:61736,True,0.645084346944065,True,True,encoded
8878,RHEA:61740,True,0.6131192758596241,True,True,encoded
8879,RHEA:61744,True,0.5074318989067715,True,True,encoded
8880,RHEA:61748,True,0.5138033065160619,True,True,encoded
8881,RHEA:61752,True,0.5306986778943246,True,True,encoded
8882,RHEA:61756,True,0.4572365428502981,True,True,encoded
8883,RHEA:61760,True,0.3242076497374011,True,True,encoded
8884,RHEA:61764,True,0.3876473610870571,True,True,encoded
8885,RHEA:61768,True,0.272952850504486,True,True,encoded
8886,RHEA:61772,True,0.3296001417633037,True,True,encoded
8887,RHEA:61776,True,0.2622609686676038,True,True,encoded
8888,RHEA:61780,True,0.9744106208973606,True,True,encoded
8889,RHEA:61784,True,0.9744106208973606,True,True,encoded
8890,RHEA:61800,True,0.0856778354992272,True,True,encoded
8891,RHEA:61836,True,0.573925949379034,True,True,encoded
8892,RHEA:61844,True,0.772537434632322,True,True,encoded
8893,RHEA:61856,False,,False,False,mapping_unsupported
8894,RHEA:61860,True,0.2052272531392682,True,True,encoded
8895,RHEA:61864,True,0.9440069569431884,False,False,clipzyme_graph_prereq_failed:unmapped_atoms
8896,RHEA:61868,True,0.681898066790206,True,True,encoded
8897,RHEA:61872,True,0.7222827207669323,True,True,encoded
8898,RHEA:61876,True,0.6489326798333981,True,True,encoded
8899,RHEA:61880,True,0.6292990464147917,True,True,encoded
8900,RHEA:61884,True,0.6359236510921508,True,True,encoded
8901,RHEA:61888,True,0.7447762482126937,True,True,encoded
8902,RHEA:61892,True,0.0934817196443667,True,True,encoded
8903,RHEA:61896,True,0.963933065193854,True,True,encoded
8904,RHEA:61900,True,0.9682058804818704,False,False,clipzyme_graph_prereq_failed:unmapped_atoms
8905,RHEA:61904,True,0.2257983896041741,True,True,encoded
8906,RHEA:61908,True,0.0009405781211737,True,True,encoded
8907,RHEA:61960,True,0.378075509507672,True,True,encoded
8908,RHEA:61964,True,0.3125908410749446,True,True,encoded
8909,RHEA:61968,True,0.3596509457262138,True,True,encoded
8910,RHEA:61972,True,0.1389878767945047,True,True,encoded
8911,RHEA:61976,True,0.421761699716881,True,True,encoded
8912,RHEA:61984,True,0.1399144487149432,True,True,encoded
8913,RHEA:61988,True,0.8268152340566117,True,True,encoded
8914,RHEA:61992,True,0.6698327511970487,True,True,encoded
8915,RHEA:61996,True,0.2513947867205472,True,True,encoded
8916,RHEA:62000,True,0.1084653432034727,False,False,clipzyme_graph_prereq_failed:reactant_product_map_sets_differ
8917,RHEA:62004,True,0.2972081781442566,True,True,encoded
8918,RHEA:62008,True,0.1827367487722752,True,True,encoded
8919,RHEA:62012,True,0.8268152340566117,True,True,encoded
8920,RHEA:62016,True,0.8099267096521282,True,True,encoded
8921,RHEA:62032,True,0.8889980116259327,True,True,encoded
8922,RHEA:62036,True,0.3093643451374969,True,True,encoded
8923,RHEA:62040,True,0.3603743938576798,True,True,encoded
8924,RHEA:62044,True,0.7778056357596747,True,True,encoded
8925,RHEA:62048,True,0.5102765156111896,True,True,encoded
8926,RHEA:62052,True,0.4091850298822168,True,True,encoded
8927,RHEA:62056,True,0.0349207484718266,True,True,encoded
8928,RHEA:62060,False,,False,False,mapping_unsupported
8929,RHEA:62064,True,0.4283338441745314,True,True,encoded
8930,RHEA:62068,True,0.2279036937551916,True,True,encoded
8931,RHEA:62072,True,0.2185032449215528,True,True,encoded
8932,RHEA:62076,True,0.4151299393150819,True,True,encoded
8933,RHEA:62080,True,0.3127830922032852,True,True,encoded
8934,RHEA:62084,True,0.2377960817195807,True,True,encoded
8935,RHEA:62088,True,0.2527745777716933,True,True,encoded
8936,RHEA:62100,True,0.2830014598337956,True,True,encoded
8937,RHEA:62104,True,0.2202373101916708,False,False,clipzyme_graph_prereq_failed:unmapped_atoms
8938,RHEA:62108,True,0.2595560190656601,False,False,clipzyme_graph_prereq_failed:unmapped_atoms
8939,RHEA:62112,True,0.9183386231956028,True,True,encoded
8940,RHEA:62160,True,0.4274916083033211,True,True,encoded
8941,RHEA:62164,True,0.8106615216938554,True,True,encoded
8942,RHEA:62168,True,0.8938699041645228,True,True,encoded
8943,RHEA:62176,True,0.5799888636190591,True,True,encoded
8944,RHEA:62180,True,0.2203702195414884,True,True,encoded
8945,RHEA:62184,True,0.1335335677625448,True,True,encoded
8946,RHEA:62188,True,0.1532909773897678,True,True,encoded
8947,RHEA:62192,True,0.1516074105892226,True,True,encoded
8948,RHEA:62196,True,0.3689385875410709,True,True,encoded
8949,RHEA:62200,True,0.575586921522585,True,True,encoded
8950,RHEA:62204,True,0.5755643145761301,True,True,encoded
8951,RHEA:62208,True,0.3950107713975901,True,True,encoded
8952,RHEA:62212,True,0.3507016812166028,True,True,encoded
8953,RHEA:62216,True,0.3724598481642034,True,True,encoded
8954,RHEA:62220,True,0.719482154944366,True,True,encoded
8955,RHEA:62224,True,0.4178585655221933,True,True,encoded
8956,RHEA:62228,True,0.834202772107706,False,False,clipzyme_graph_prereq_failed:reactant_product_map_sets_differ
8957,RHEA:62248,True,0.441372091083749,True,True,encoded
8958,RHEA:62268,True,0.3752394069736542,True,True,encoded
8959,RHEA:62272,False,,False,False,mapping_unsupported
8960,RHEA:62276,False,,False,False,mapping_unsupported
8961,RHEA:62284,True,2.5958574485005183e-06,True,True,encoded
8962,RHEA:62288,True,0.1723270193581149,True,True,encoded
8963,RHEA:62296,True,0.0649272747681277,True,True,encoded
8964,RHEA:62300,True,0.3439517632834104,True,True,encoded
8965,RHEA:62304,True,0.7685659315991008,True,True,encoded
8966,RHEA:62308,True,0.6864253188932193,True,True,encoded
8967,RHEA:62320,True,0.6805711249685268,True,True,encoded
8968,RHEA:62324,True,0.7133492594120705,True,True,encoded
8969,RHEA:62328,True,0.7158447364012707,True,True,encoded
8970,RHEA:62340,True,0.6910401652950271,True,True,encoded
8971,RHEA:62344,True,0.1522181246939221,True,True,encoded
8972,RHEA:62348,True,0.1493253457688483,True,True,encoded
8973,RHEA:62352,True,0.122312537468574,True,True,encoded
8974,RHEA:62356,True,0.3187277905484229,True,True,encoded
8975,RHEA:62372,True,0.2681808706802042,True,True,encoded
8976,RHEA:62392,True,0.7167685787331948,True,True,encoded
8977,RHEA:62404,True,0.2609141706073374,True,True,encoded
8978,RHEA:62408,True,0.6534365785039421,True,True,encoded
8979,RHEA:62412,True,0.3420012987796896,True,True,encoded
8980,RHEA:62416,True,0.2715718867407024,True,True,encoded
8981,RHEA:62424,True,0.3828550859468884,True,True,encoded
8982,RHEA:62428,True,0.3303013345444976,True,True,encoded
8983,RHEA:62432,True,0.8639660517098219,True,True,encoded
8984,RHEA:62444,True,0.7123111868696098,True,True,encoded
8985,RHEA:62452,True,0.0429065051996375,True,True,encoded
8986,RHEA:62460,True,0.0646107103897906,True,True,encoded
8987,RHEA:62464,True,0.2072587570436203,True,True,encoded
8988,RHEA:62468,True,0.0636001845463246,True,True,encoded
8989,RHEA:62472,True,0.0958680781452338,True,True,encoded
8990,RHEA:62476,True,0.2035365579934468,True,True,encoded
8991,RHEA:62480,True,0.213325065646999,True,True,encoded
8992,RHEA:62484,True,0.193569131681934,True,True,encoded
8993,RHEA:62488,True,0.2239251851992529,True,True,encoded
8994,RHEA:62492,True,0.0923799337794455,True,True,encoded
8995,RHEA:62512,True,0.35767206338334,True,True,encoded
8996,RHEA:62516,True,0.5575016018424455,True,True,encoded
8997,RHEA:62524,True,0.8486510573236933,True,True,encoded
8998,RHEA:62528,True,0.6559754194136063,True,True,encoded
8999,RHEA:62532,True,0.7031462740686961,True,True,encoded
9000,RHEA:62536,True,0.7079574933543626,True,True,encoded
9001,RHEA:62540,True,0.6919350368826316,True,True,encoded
9002,RHEA:62544,True,0.6143655959571973,True,True,encoded
9003,RHEA:62548,True,0.2640944256519277,True,True,encoded
9004,RHEA:62552,True,0.7280025133235096,True,True,encoded
9005,RHEA:62556,True,0.8843509757788101,True,True,encoded
9006,RHEA:62568,True,0.9307405361712832,True,True,encoded
9007,RHEA:62572,True,0.9638309449165932,True,True,encoded
9008,RHEA:62576,True,0.216515845769057,True,True,encoded
9009,RHEA:62580,True,0.216515845769057,True,True,encoded
9010,RHEA:62584,True,0.257558411554224,True,True,encoded
9011,RHEA:62588,True,0.845860568657972,True,True,encoded
9012,RHEA:62592,True,0.39927537675751,False,False,clipzyme_graph_prereq_failed:unmapped_atoms
9013,RHEA:62596,True,0.8238159455294971,False,False,clipzyme_graph_prereq_failed:unmapped_atoms
9014,RHEA:62600,True,0.5723001762054853,True,True,encoded
9015,RHEA:62608,True,0.1315197386492727,True,True,encoded
9016,RHEA:62612,True,0.7815844982471682,True,True,encoded
9017,RHEA:62616,True,0.2790749457995763,True,True,encoded
9018,RHEA:62620,True,0.5593923173625632,True,True,encoded
9019,RHEA:62624,True,0.5593923173625632,True,True,encoded
9020,RHEA:62628,True,0.8139912859351265,True,True,encoded
9021,RHEA:62632,True,0.45195928350414,True,True,encoded
9022,RHEA:62636,True,0.963868806379786,True,True,encoded
9023,RHEA:62640,True,0.5593923173625632,True,True,encoded
9024,RHEA:62644,True,0.601708225214918,True,True,encoded
9025,RHEA:62648,True,0.6444672798325013,True,True,encoded
9026,RHEA:62652,False,,False,False,mapping_unsupported
9027,RHEA:62656,True,0.1252301034593838,True,True,encoded
9028,RHEA:62660,True,0.7570526585386603,True,True,encoded
9029,RHEA:62664,True,0.5975091120994278,True,True,encoded
9030,RHEA:62668,True,0.053470052003893,True,True,encoded
9031,RHEA:62672,True,0.7859699634051389,True,True,encoded
9032,RHEA:62676,True,0.3527859742378106,True,True,encoded
9033,RHEA:62680,True,0.915150817993046,True,True,encoded
9034,RHEA:62684,True,0.8614013828755296,True,True,encoded
9035,RHEA:62688,True,0.0327983693267203,True,True,encoded
9036,RHEA:62704,True,0.9640740445758832,True,True,encoded
9037,RHEA:62708,True,0.5362879344229177,True,True,encoded
9038,RHEA:62712,True,0.2462550344335236,True,True,encoded
9039,RHEA:62716,True,0.9624946168566242,True,True,encoded
9040,RHEA:62720,False,,False,False,mapping_unsupported
9041,RHEA:62724,True,0.6839703536829044,True,True,encoded
9042,RHEA:62728,True,0.7194937515440527,True,True,encoded
9043,RHEA:62732,True,0.7231314310002903,True,True,encoded
9044,RHEA:62736,True,0.0987673566757164,True,True,encoded
9045,RHEA:62744,True,0.965849789560951,True,True,encoded
9046,RHEA:62748,True,0.9614538279594446,True,True,encoded
9047,RHEA:62752,True,0.964753451522096,True,True,encoded
9048,RHEA:62768,True,3.481225694032158e-05,True,True,encoded
9049,RHEA:62772,True,0.8991456731839749,True,True,encoded
9050,RHEA:62776,True,2.845239438881306e-05,True,True,encoded
9051,RHEA:62780,True,3.063869229371549e-05,True,True,encoded
9052,RHEA:62784,True,0.1216721201060659,True,True,encoded
9053,RHEA:62788,True,0.0792308398837473,True,True,encoded
9054,RHEA:62792,True,0.0953366555376272,True,True,encoded
9055,RHEA:62796,True,0.0871984185964624,True,True,encoded
9056,RHEA:62800,True,0.1209582772025123,True,True,encoded
9057,RHEA:62804,True,0.1245199897210718,True,True,encoded
9058,RHEA:62812,True,0.0068695902832296,True,True,encoded
9059,RHEA:62816,True,0.0069820025611641,True,True,encoded
9060,RHEA:62820,True,0.309851364408743,True,True,encoded
9061,RHEA:62824,True,0.5067990861108345,True,True,encoded
9062,RHEA:62836,True,0.2831243775111246,True,True,encoded
9063,RHEA:62844,True,0.4831131557566904,True,True,encoded
9064,RHEA:62860,False,,False,False,mapping_unsupported
9065,RHEA:62864,True,0.8862383221602546,True,True,encoded
9066,RHEA:62868,True,0.2529496140280532,True,True,encoded
9067,RHEA:62872,True,0.2295838823103348,True,True,encoded
9068,RHEA:62876,True,0.9630854047229316,False,False,clipzyme_graph_prereq_failed:unmapped_atoms
9069,RHEA:62880,True,0.9702448843326232,False,False,clipzyme_graph_prereq_failed:unmapped_atoms
9070,RHEA:62884,True,0.0732468972060139,True,True,encoded
9071,RHEA:62888,True,0.3030305842594426,True,True,encoded
9072,RHEA:62892,False,,False,False,mapping_unsupported
9073,RHEA:62896,True,0.441031126384833,True,True,encoded
9074,RHEA:62900,True,0.4290030301097889,True,True,encoded
9075,RHEA:62904,True,0.5703949238271294,True,True,encoded
9076,RHEA:62908,True,0.8872338318873274,True,True,encoded
9077,RHEA:62912,True,0.4683973995244259,True,True,encoded
9078,RHEA:62916,True,0.0385147344135153,True,True,encoded
9079,RHEA:62932,True,0.9905750190034788,True,True,encoded
9080,RHEA:62936,True,0.9963933738513292,True,True,encoded
9081,RHEA:62940,True,0.993270439401324,True,True,encoded
9082,RHEA:62960,True,0.7529547073748288,True,True,encoded
9083,RHEA:62964,True,0.4727649733252999,True,True,encoded
9084,RHEA:62968,True,0.4635650103444415,True,True,encoded
9085,RHEA:62972,True,0.0634157710000543,False,False,clipzyme_graph_prereq_failed:unmapped_atoms
9086,RHEA:62976,True,0.8873829057587298,True,True,encoded
9087,RHEA:62984,True,0.7957461284928521,True,True,encoded
9088,RHEA:62992,True,0.8866943082324935,True,True,encoded
9089,RHEA:62996,True,0.8445656478340732,True,True,encoded
9090,RHEA:63000,True,0.8066041566072424,True,True,encoded
9091,RHEA:63004,True,0.8690754901932641,True,True,encoded
9092,RHEA:63008,True,0.8607227933324021,True,True,encoded
9093,RHEA:63012,True,0.1527676118112889,True,True,encoded
9094,RHEA:63016,True,0.8225113750271338,True,True,encoded
9095,RHEA:63020,True,0.9213341937194256,True,True,encoded
9096,RHEA:63028,True,0.6411567387593272,True,True,encoded
9097,RHEA:63052,True,0.8015677574174401,True,True,encoded
9098,RHEA:63056,False,,False,False,mapping_unsupported
9099,RHEA:63060,True,0.0403792427261493,True,True,encoded
9100,RHEA:63064,False,,False,False,mapping_unsupported
9101,RHEA:63068,True,0.0642775014776954,False,False,clipzyme_graph_prereq_failed:unmapped_atoms
9102,RHEA:63072,False,,False,False,mapping_unsupported
9103,RHEA:63076,False,,False,False,mapping_unsupported
9104,RHEA:63080,True,0.0669994400408319,False,False,clipzyme_graph_prereq_failed:unmapped_atoms
9105,RHEA:63084,True,0.0074542782270713,False,False,clipzyme_graph_prereq_failed:rdkit_parse_failed
9106,RHEA:63088,True,0.8509154029338181,True,True,encoded
9107,RHEA:63092,True,0.2298525221517743,False,False,clipzyme_graph_prereq_failed:unmapped_atoms
9108,RHEA:63096,True,0.8525015114202489,True,True,encoded
9109,RHEA:63100,True,0.3162678847571782,False,False,clipzyme_graph_prereq_failed:unmapped_atoms
9110,RHEA:63104,True,0.2654949600963213,False,False,clipzyme_graph_prereq_failed:unmapped_atoms
9111,RHEA:63108,True,0.6130877282262049,True,True,encoded
9112,RHEA:63112,True,0.6772070760578858,False,False,clipzyme_graph_prereq_failed:reactant_product_map_sets_differ
9113,RHEA:63116,True,0.9083201473184866,True,True,encoded
9114,RHEA:63120,True,0.820515044900058,True,True,encoded
9115,RHEA:63124,True,0.5973485006150576,True,True,encoded
9116,RHEA:63128,True,0.4023478014340054,True,True,encoded
9117,RHEA:63132,True,0.367470028669262,True,True,encoded
9118,RHEA:63136,False,,False,False,mapping_unsupported
9119,RHEA:63140,True,0.1789041546492249,True,True,encoded
9120,RHEA:63144,True,0.6183658192038632,True,True,encoded
9121,RHEA:63148,True,0.4362868258322007,True,True,encoded
9122,RHEA:63156,True,0.1948694089303317,True,True,encoded
9123,RHEA:63160,True,0.3576610015748536,True,True,encoded
9124,RHEA:63164,True,0.1840336660583776,True,True,encoded
9125,RHEA:63172,True,0.2468877947850054,True,True,encoded
9126,RHEA:63176,True,0.2594807972639302,True,True,encoded
9127,RHEA:63180,True,0.1492503439234331,True,True,encoded
9128,RHEA:63188,True,0.8709818755637984,False,False,clipzyme_graph_prereq_failed:unmapped_atoms
9129,RHEA:63192,True,0.2915622198339401,True,True,encoded
9130,RHEA:63196,True,0.4507248244554563,True,True,encoded
9131,RHEA:63200,True,0.4507248244554563,True,True,encoded
9132,RHEA:63204,True,0.5071255541237651,True,True,encoded
9133,RHEA:63216,True,0.9156392486175206,True,True,encoded
9134,RHEA:63220,True,0.6658818353126854,True,True,encoded
9135,RHEA:63224,True,0.4672302518196091,True,True,encoded
9136,RHEA:63228,True,0.1631550669426949,True,True,encoded
9137,RHEA:63232,True,0.1779752302967403,True,True,encoded
9138,RHEA:63236,True,0.0493786436581128,True,True,encoded
9139,RHEA:63256,True,0.4413526617703369,True,True,encoded
9140,RHEA:63260,True,0.7873264076415739,True,True,encoded
9141,RHEA:63264,True,0.1141679280698035,True,True,encoded
9142,RHEA:63268,True,0.3626521124679758,True,True,encoded
9143,RHEA:63272,True,0.2007152645775238,True,True,encoded
9144,RHEA:63276,True,0.5350011043231121,True,True,encoded
9145,RHEA:63280,True,0.6197389867502336,True,True,encoded
9146,RHEA:63288,True,0.6121296075482736,True,True,encoded
9147,RHEA:63292,True,0.8564219747931845,True,True,encoded
9148,RHEA:63296,True,0.8564219747931845,True,True,encoded
9149,RHEA:63300,True,0.8564219747931845,True,True,encoded
9150,RHEA:63304,True,0.0935627276499271,True,True,encoded
9151,RHEA:63308,True,0.6106560429476636,True,True,encoded
9152,RHEA:63312,True,0.5988363858229908,True,True,encoded
9153,RHEA:63324,True,0.1110150383631586,True,True,encoded
9154,RHEA:63328,True,0.1531108940815199,True,True,encoded
9155,RHEA:63368,True,0.2063204590185973,True,True,encoded
9156,RHEA:63376,True,0.2804533624824106,True,True,encoded
9157,RHEA:63380,True,0.4078466457901299,True,True,encoded
9158,RHEA:63384,True,0.2118353550846419,True,True,encoded
9159,RHEA:63388,False,,False,False,mapping_unsupported
9160,RHEA:63412,True,0.2232591834875432,True,True,encoded
9161,RHEA:63420,True,0.0453201618963644,True,True,encoded
9162,RHEA:63424,True,0.0515813874997998,True,True,encoded
9163,RHEA:63428,True,0.1426546724470739,True,True,encoded
9164,RHEA:63432,True,0.1110450098688741,False,False,clipzyme_graph_prereq_failed:unmapped_atoms
9165,RHEA:63436,True,0.0827959353797964,False,False,clipzyme_graph_prereq_failed:unmapped_atoms
9166,RHEA:63440,True,0.0748648272201597,True,True,encoded
9167,RHEA:63444,True,0.2942643994245396,True,True,encoded
9168,RHEA:63476,True,0.4072605900180813,True,True,encoded
9169,RHEA:63480,True,0.4223108825096321,True,True,encoded
9170,RHEA:63484,True,0.4231863696299034,True,True,encoded
9171,RHEA:63492,True,0.4848250339105699,True,True,encoded
9172,RHEA:63500,True,0.3582031738124587,True,True,encoded
9173,RHEA:63504,True,0.3606740024483741,True,True,encoded
9174,RHEA:63508,True,0.5085960011077642,True,True,encoded
9175,RHEA:63532,True,0.3055931850393478,True,True,encoded
9176,RHEA:63536,True,0.5647367293856781,True,True,encoded
9177,RHEA:63540,True,0.1099041738639739,True,True,encoded
9178,RHEA:63544,True,0.2430839183195315,True,True,encoded
9179,RHEA:63556,True,0.1102515134993296,True,True,encoded
9180,RHEA:63560,True,0.2654555673390232,True,True,encoded
9181,RHEA:63564,True,0.2522913798664044,True,True,encoded
9182,RHEA:63568,True,0.5559484404184981,True,True,encoded
9183,RHEA:63572,True,0.517687531871998,True,True,encoded
9184,RHEA:63576,True,0.2635218656491337,True,True,encoded
9185,RHEA:63580,True,0.3598585815920553,True,True,encoded
9186,RHEA:63584,True,0.2898962486177811,True,True,encoded
9187,RHEA:63588,True,0.6020393510606462,True,True,encoded
9188,RHEA:63592,True,0.0073993868349206,True,True,encoded
9189,RHEA:63600,True,0.5921828753134424,True,True,encoded
9190,RHEA:63604,True,0.2580223424451615,True,True,encoded
9191,RHEA:63608,False,,False,False,mapping_unsupported
9192,RHEA:63612,True,0.6757813217243432,True,True,encoded
9193,RHEA:63620,True,0.0528292127084794,True,True,encoded
9194,RHEA:63624,True,0.2452910772460701,True,True,encoded
9195,RHEA:63628,True,0.0299605720297994,True,True,encoded
9196,RHEA:63632,True,0.3313608934075241,True,True,encoded
9197,RHEA:63636,True,0.3313608934075241,True,True,encoded
9198,RHEA:63640,True,0.473567691451258,True,True,encoded
9199,RHEA:63644,True,0.6723083752572381,True,True,encoded
9200,RHEA:63648,True,0.0786718646256756,True,True,encoded
9201,RHEA:63652,True,0.0665843660526535,True,True,encoded
9202,RHEA:63656,True,0.0274681262190298,True,True,encoded
9203,RHEA:63660,True,0.7220659523493994,True,True,encoded
9204,RHEA:63664,True,0.2821622328455579,True,True,encoded
9205,RHEA:63668,True,0.2996885847335601,True,True,encoded
9206,RHEA:63672,True,0.7434576990075388,True,True,encoded
9207,RHEA:63676,True,0.5825487715518705,True,True,encoded
9208,RHEA:63684,True,0.2293041698132868,True,True,encoded
9209,RHEA:63696,True,0.6239118605227859,True,True,encoded
9210,RHEA:63700,True,0.5457564199180686,True,True,encoded
9211,RHEA:63704,True,0.5988879219335856,True,True,encoded
9212,RHEA:63720,True,0.5248544925683641,True,True,encoded
9213,RHEA:63724,True,0.5349780450505407,True,True,encoded
9214,RHEA:63728,True,0.5203309559441667,True,True,encoded
9215,RHEA:63732,True,0.541327533406623,True,True,encoded
9216,RHEA:63736,True,0.4458216578754036,True,True,encoded
9217,RHEA:63740,True,0.8049534610424189,True,True,encoded
9218,RHEA:63744,True,0.6642132712226115,True,True,encoded
9219,RHEA:63748,True,0.5464028509403149,True,True,encoded
9220,RHEA:63752,True,0.7137317651010049,True,True,encoded
9221,RHEA:63756,True,0.71119213897433,True,True,encoded
9222,RHEA:63760,True,0.0785641344201328,True,True,encoded
9223,RHEA:63764,True,0.0946037096843391,True,True,encoded
9224,RHEA:63768,True,0.1479239959081373,True,True,encoded
9225,RHEA:63772,True,0.21822916555141,True,True,encoded
9226,RHEA:63776,True,0.0511743748601099,True,True,encoded
9227,RHEA:63780,True,0.1864100249041561,True,True,encoded
9228,RHEA:63784,True,0.2086860856020101,True,True,encoded
9229,RHEA:63788,True,0.0304309507930343,True,True,encoded
9230,RHEA:63792,True,0.8088247712268595,True,True,encoded
9231,RHEA:63796,True,0.9018101335597976,True,True,encoded
9232,RHEA:63800,True,0.82369980705871,True,True,encoded
9233,RHEA:63804,True,0.82369980705871,True,True,encoded
9234,RHEA:63808,True,0.0667194338008476,True,True,encoded
9235,RHEA:63812,True,0.0954020733106835,True,True,encoded
9236,RHEA:63816,True,0.0715815666306626,True,True,encoded
9237,RHEA:63820,True,0.1633009703739779,True,True,encoded
9238,RHEA:63824,True,0.3204374489150891,False,False,clipzyme_graph_prereq_failed:unmapped_atoms
9239,RHEA:63828,True,0.9720124376317568,True,True,encoded
9240,RHEA:63832,True,0.289582714520388,True,True,encoded
9241,RHEA:63836,True,0.4720560822405586,True,True,encoded
9242,RHEA:63848,True,0.2669007363407134,True,True,encoded
9243,RHEA:63852,True,0.5652370512829371,True,True,encoded
9244,RHEA:63856,True,0.5617113078989778,True,True,encoded
9245,RHEA:63860,True,0.5911190589224591,True,True,encoded
9246,RHEA:63864,True,0.4405103987734807,True,True,encoded
9247,RHEA:63868,True,0.5662586905950353,True,True,encoded
9248,RHEA:63872,True,0.4963513266533428,True,True,encoded
9249,RHEA:63876,True,0.4480254059894353,True,True,encoded
9250,RHEA:63892,True,0.1431032216670351,True,True,encoded
9251,RHEA:63900,True,0.4969738974775796,True,True,encoded
9252,RHEA:63904,True,0.3809553026233784,True,True,encoded
9253,RHEA:63908,True,0.267432947321558,True,True,encoded
9254,RHEA:63928,True,0.4096554696792837,True,True,encoded
9255,RHEA:63940,True,0.2388629390641313,True,True,encoded
9256,RHEA:63968,True,0.2612938939833896,True,True,encoded
9257,RHEA:63972,True,0.9792018276005257,False,False,clipzyme_graph_prereq_failed:reactant_product_map_sets_differ
9258,RHEA:63976,True,0.9769755231199798,False,False,clipzyme_graph_prereq_failed:reactant_product_map_sets_differ
9259,RHEA:63996,True,0.2655086634417106,True,True,encoded
9260,RHEA:64000,True,0.0432274246178373,True,True,encoded
9261,RHEA:64008,True,0.0621511402420105,True,True,encoded
9262,RHEA:64012,False,,False,False,mapping_unsupported
9263,RHEA:64016,True,0.288428324670443,True,True,encoded
9264,RHEA:64020,True,0.3051187527694127,True,True,encoded
9265,RHEA:64024,True,0.5007452616336908,True,True,encoded
9266,RHEA:64028,True,0.5367054156863997,True,True,encoded
9267,RHEA:64032,True,0.3296683452637955,True,True,encoded
9268,RHEA:64072,False,,False,False,mapping_unsupported
9269,RHEA:64076,True,0.1755384510007938,True,True,encoded
9270,RHEA:64080,True,0.6797319609795116,True,True,encoded
9271,RHEA:64088,False,,False,False,mapping_unsupported
9272,RHEA:64092,True,0.1486178368329192,True,True,encoded
9273,RHEA:64096,True,0.7083290608891049,True,True,encoded
9274,RHEA:64100,True,0.8222852208218332,True,True,encoded
9275,RHEA:64108,True,0.7793707277634156,True,True,encoded
9276,RHEA:64116,True,0.7809932195357884,True,True,encoded
9277,RHEA:64124,True,0.6332167080892891,True,True,encoded
9278,RHEA:64128,True,0.5365060149918838,True,True,encoded
9279,RHEA:64132,True,0.6176784147780506,True,True,encoded
9280,RHEA:64136,True,0.761981215681142,True,True,encoded
9281,RHEA:64144,True,0.7382423061025484,True,True,encoded
9282,RHEA:64172,True,0.8829834754401686,True,True,encoded
9283,RHEA:64176,True,0.752647270240543,True,True,encoded
9284,RHEA:64184,True,0.735683943803496,True,True,encoded
9285,RHEA:64192,True,0.7290942692510304,True,True,encoded
9286,RHEA:64204,True,0.1048841588838662,True,True,encoded
9287,RHEA:64224,True,0.7028316036972239,False,False,clipzyme_graph_prereq_failed:unmapped_atoms
9288,RHEA:64228,True,0.0767282114550137,True,True,encoded
9289,RHEA:64232,False,,False,False,mapping_unsupported
9290,RHEA:64236,True,0.7466681622529184,True,True,encoded
9291,RHEA:64240,True,0.2915679106725027,True,True,encoded
9292,RHEA:64244,True,0.2580322904647426,True,True,encoded
9293,RHEA:64248,True,0.3141189915609513,True,True,encoded
9294,RHEA:64252,True,0.2306046092936728,True,True,encoded
9295,RHEA:64256,True,0.261870463780938,True,True,encoded
9296,RHEA:64260,True,0.2262955462182978,True,True,encoded
9297,RHEA:64264,True,0.7183719855557301,True,True,encoded
9298,RHEA:64268,True,0.6650750301819982,True,True,encoded
9299,RHEA:64272,True,0.941120258053312,True,True,encoded
9300,RHEA:64280,True,0.8173038765549314,True,True,encoded
9301,RHEA:64284,True,0.9380290990624004,True,True,encoded
9302,RHEA:64288,True,0.0960176412621558,True,True,encoded
9303,RHEA:64292,True,0.4357044010756748,True,True,encoded
9304,RHEA:64296,True,0.3884030814952212,True,True,encoded
9305,RHEA:64300,True,0.946063681677222,True,True,encoded
9306,RHEA:64304,True,0.9200290447108174,True,True,encoded
9307,RHEA:64308,True,0.6915224950386092,True,True,encoded
9308,RHEA:64312,True,0.0004616681792797,True,True,encoded
9309,RHEA:64316,True,0.0704351274379219,True,True,encoded
9310,RHEA:64320,True,0.15140537027063,True,True,encoded
9311,RHEA:64324,True,0.1185607682845252,True,True,encoded
9312,RHEA:64328,True,0.1460431150888995,True,True,encoded
9313,RHEA:64332,True,0.0192643897282535,True,True,encoded
9314,RHEA:64336,True,0.0074578260813541,False,False,clipzyme_graph_prereq_failed:unmapped_atoms
9315,RHEA:64340,True,0.1515856981792222,True,True,encoded
9316,RHEA:64344,True,0.2133441800446295,False,False,clipzyme_graph_prereq_failed:unmapped_atoms
9317,RHEA:64348,True,0.7245604259364894,True,True,encoded
9318,RHEA:64352,False,,False,False,mapping_unsupported
9319,RHEA:64356,True,0.3152074560418256,True,True,encoded
9320,RHEA:64360,True,0.3987748069430264,True,True,encoded
9321,RHEA:64364,True,0.9055432714046784,True,True,encoded
9322,RHEA:64368,True,2.2135592003685417e-05,False,False,clipzyme_graph_prereq_failed:reactant_product_map_sets_differ
9323,RHEA:64372,True,0.0024756487914198,True,True,encoded
9324,RHEA:64376,True,6.526148220539781e-05,False,False,clipzyme_graph_prereq_failed:reactant_product_map_sets_differ
9325,RHEA:64380,True,0.0597792743350738,False,False,clipzyme_graph_prereq_failed:reactant_product_map_sets_differ
9326,RHEA:64384,True,0.1056639591521639,True,True,encoded
9327,RHEA:64388,True,0.0350850062081651,False,False,clipzyme_graph_prereq_failed:reactant_product_map_sets_differ
9328,RHEA:64416,True,0.438375394897843,True,True,encoded
9329,RHEA:64444,True,0.2872249033872103,True,True,encoded
9330,RHEA:64448,True,0.2872249033872103,True,True,encoded
9331,RHEA:64452,True,0.2872249033872103,True,True,encoded
9332,RHEA:64456,True,0.0327184287986626,True,True,encoded
9333,RHEA:64476,True,0.7783975594985549,True,True,encoded
9334,RHEA:64480,True,0.8850846344907735,True,True,encoded
9335,RHEA:64484,False,,False,False,mapping_unsupported
9336,RHEA:64488,False,,False,False,mapping_unsupported
9337,RHEA:64492,True,0.4872729567528072,True,True,encoded
9338,RHEA:64496,True,0.5382540004244591,True,True,encoded
9339,RHEA:64500,False,,False,False,mapping_unsupported
9340,RHEA:64504,False,,False,False,mapping_unsupported
9341,RHEA:64508,False,,False,False,mapping_unsupported
9342,RHEA:64512,False,,False,False,mapping_unsupported
9343,RHEA:64516,True,0.5273587909616829,True,True,encoded
9344,RHEA:64520,False,,False,False,mapping_unsupported
9345,RHEA:64524,False,,False,False,mapping_unsupported
9346,RHEA:64528,False,,False,False,mapping_unsupported
9347,RHEA:64536,True,0.7868242010129051,True,True,encoded
9348,RHEA:64540,True,0.374743949848174,True,True,encoded
9349,RHEA:64544,False,,False,False,mapping_unsupported
9350,RHEA:64548,True,0.6015293158411916,True,True,encoded
9351,RHEA:64552,True,0.2130932156916831,True,True,encoded
9352,RHEA:64556,True,0.8199053806445095,True,True,encoded
9353,RHEA:64560,True,0.8255000025118854,True,True,encoded
9354,RHEA:64564,True,0.9500968078402712,True,True,encoded
9355,RHEA:64568,True,0.8199053806445095,True,True,encoded
9356,RHEA:64572,True,0.0495173327181949,True,True,encoded
9357,RHEA:64580,True,0.0251311931106963,True,True,encoded
9358,RHEA:64596,True,0.5624890018013604,True,True,encoded
9359,RHEA:64604,True,0.1233160004616865,True,True,encoded
9360,RHEA:64608,True,0.1412521899309673,True,True,encoded
9361,RHEA:64616,True,0.2638360342690101,True,True,encoded
9362,RHEA:64620,True,0.2779541477339391,True,True,encoded
9363,RHEA:64624,True,0.1782724957432644,True,True,encoded
9364,RHEA:64628,True,0.2503593312537358,True,True,encoded
9365,RHEA:64632,True,0.2693145227162171,True,True,encoded
9366,RHEA:64636,True,0.3398757679635901,True,True,encoded
9367,RHEA:64640,True,0.7374261422995435,True,True,encoded
9368,RHEA:64644,True,0.2881355800599703,True,True,encoded
9369,RHEA:64648,True,0.0951538317196407,True,True,encoded
9370,RHEA:64652,True,0.0953347435401616,True,True,encoded
9371,RHEA:64656,True,0.0978971687499678,True,True,encoded
9372,RHEA:64660,True,0.0783111259170867,True,True,encoded
9373,RHEA:64668,True,0.5489082314235735,True,True,encoded
9374,RHEA:64672,True,0.2987018475104669,True,True,encoded
9375,RHEA:64676,True,0.2790879913484421,True,True,encoded
9376,RHEA:64680,True,0.3540619624456412,True,True,encoded
9377,RHEA:64684,True,0.8050319389292496,True,True,encoded
9378,RHEA:64688,True,0.745197529325243,True,True,encoded
9379,RHEA:64692,True,0.5884130566885764,True,True,encoded
9380,RHEA:64696,True,0.7991676755229717,True,True,encoded
9381,RHEA:64724,True,0.6013212872173027,True,True,encoded
9382,RHEA:64728,True,0.6473275881578193,True,True,encoded
9383,RHEA:64732,True,0.593693344967039,True,True,encoded
9384,RHEA:64736,True,0.4220960518549874,True,True,encoded
9385,RHEA:64740,True,0.9822466841056824,True,True,encoded
9386,RHEA:64744,True,0.9813330425384108,True,True,encoded
9387,RHEA:64748,True,0.91514642305878,True,True,encoded
9388,RHEA:64752,True,0.978064735996901,True,True,encoded
9389,RHEA:64756,True,0.9640510905523056,True,True,encoded
9390,RHEA:64760,True,0.9853696699532118,True,True,encoded
9391,RHEA:64788,True,0.02231465747471,True,True,encoded
9392,RHEA:64804,True,0.2496078091221252,True,True,encoded
9393,RHEA:64808,True,0.2556422490897477,True,True,encoded
9394,RHEA:64812,True,0.2603148266939452,True,True,encoded
9395,RHEA:64820,True,0.976646150951265,True,True,encoded
9396,RHEA:64824,True,0.9907781957096992,True,True,encoded
9397,RHEA:64828,True,0.2767191001541288,True,True,encoded
9398,RHEA:64832,True,0.3721569393441213,True,True,encoded
9399,RHEA:64840,True,0.3729857373361557,True,True,encoded
9400,RHEA:64844,True,0.2709105732900401,True,True,encoded
9401,RHEA:64848,True,0.3624470060079927,True,True,encoded
9402,RHEA:64852,True,0.367378818897792,True,True,encoded
9403,RHEA:64856,True,0.0008684063600939,False,False,clipzyme_graph_prereq_failed:unmapped_atoms
9404,RHEA:64860,True,0.2874664930120741,True,True,encoded
9405,RHEA:64876,True,0.2447929510770276,True,True,encoded
9406,RHEA:64880,True,0.3219515257333103,True,True,encoded
9407,RHEA:64888,True,0.0674853609692454,True,True,encoded
9408,RHEA:64892,True,0.270653505078523,True,True,encoded
9409,RHEA:64900,True,0.326948981440331,True,True,encoded
9410,RHEA:64980,True,0.213121495554935,True,True,encoded
9411,RHEA:64988,True,0.1826159726774176,True,True,encoded
9412,RHEA:64992,True,0.1942136608957563,True,True,encoded
9413,RHEA:64996,True,0.1824447228383814,True,True,encoded
9414,RHEA:65000,True,0.3722490294277423,True,True,encoded
9415,RHEA:65004,True,0.0438817262295513,True,True,encoded
9416,RHEA:65008,True,0.160382583153386,True,True,encoded
9417,RHEA:65012,True,0.3673550447348295,True,True,encoded
9418,RHEA:65024,True,0.3724251798083802,True,True,encoded
9419,RHEA:65032,True,0.0037330772331833,True,True,encoded
9420,RHEA:65036,True,0.0109477836771068,True,True,encoded
9421,RHEA:65040,True,0.0046461168304238,False,False,clipzyme_graph_prereq_failed:unmapped_atoms
9422,RHEA:65044,True,0.8066466210321548,True,True,encoded
9423,RHEA:65048,True,0.823638002999062,True,True,encoded
9424,RHEA:65052,True,0.2176136290308038,True,True,encoded
9425,RHEA:65056,True,0.3754098380908083,True,True,encoded
9426,RHEA:65060,True,0.2310332138286377,True,True,encoded
9427,RHEA:65064,True,0.1559817181283386,True,True,encoded
9428,RHEA:65072,True,0.0923356200303256,True,True,encoded
9429,RHEA:65076,True,6.14553815103328e-05,True,True,encoded
9430,RHEA:65080,True,0.2584728859950278,True,True,encoded
9431,RHEA:65084,True,0.0069683150552851,True,True,encoded
9432,RHEA:65088,True,0.3106003670341856,True,True,encoded
9433,RHEA:65092,True,0.1493222756544251,True,True,encoded
9434,RHEA:65096,True,0.1218013435017483,True,True,encoded
9435,RHEA:65100,True,0.2554656849120357,False,False,clipzyme_graph_prereq_failed:unmapped_atoms
9436,RHEA:65104,True,0.7929486060940952,True,True,encoded
9437,RHEA:65108,True,0.7739406670875998,True,True,encoded
9438,RHEA:65112,True,0.2277227099990307,True,True,encoded
9439,RHEA:65116,True,0.2712560709183583,True,True,encoded
9440,RHEA:65120,True,0.5656859564687642,True,True,encoded
9441,RHEA:65128,True,0.0858016958339007,True,True,encoded
9442,RHEA:65132,True,0.0017976438669976,False,False,clipzyme_graph_prereq_failed:unmapped_atoms
9443,RHEA:65136,True,0.057093865438191,True,True,encoded
9444,RHEA:65140,True,0.4280178785798814,False,False,clipzyme_graph_prereq_failed:reactant_product_map_sets_differ
9445,RHEA:65144,True,0.2349308555733763,True,True,encoded
9446,RHEA:65148,True,0.7510396694992745,True,True,encoded
9447,RHEA:65152,True,0.7833416162339017,True,True,encoded
9448,RHEA:65156,True,0.1809547506005061,False,False,clipzyme_graph_prereq_failed:unmapped_atoms
9449,RHEA:65168,True,0.3528957237614271,False,False,clipzyme_graph_prereq_failed:reactant_product_map_sets_differ
9450,RHEA:65172,True,0.2778200074048312,True,True,encoded
9451,RHEA:65176,True,0.7900573943102157,False,False,clipzyme_graph_prereq_failed:reactant_product_map_sets_differ
9452,RHEA:65180,True,0.4237734595682978,False,False,clipzyme_graph_prereq_failed:reactant_product_map_sets_differ
9453,RHEA:65184,True,0.1259710306934297,True,True,encoded
9454,RHEA:65188,True,0.176701128037778,True,True,encoded
9455,RHEA:65192,True,0.2361199980671994,False,False,clipzyme_graph_prereq_failed:reactant_product_map_sets_differ
9456,RHEA:65204,True,0.2964862230284695,True,True,encoded
9457,RHEA:65208,True,0.2964862230284695,True,True,encoded
9458,RHEA:65212,True,0.2666506061621164,True,True,encoded
9459,RHEA:65216,True,0.2374895490340159,True,True,encoded
9460,RHEA:65232,True,0.2887613564586445,True,True,encoded
9461,RHEA:65236,True,0.200767136463257,True,True,encoded
9462,RHEA:65240,True,0.1926629484079412,True,True,encoded
9463,RHEA:65248,True,0.0908078109117346,False,False,clipzyme_graph_prereq_failed:unmapped_atoms
9464,RHEA:65252,True,0.127267745635341,True,True,encoded
9465,RHEA:65256,True,0.5431637971691852,False,False,clipzyme_graph_prereq_failed:reactant_product_map_sets_differ
9466,RHEA:65260,True,0.5586551554162021,True,True,encoded
9467,RHEA:65264,True,0.7039501477881002,False,False,clipzyme_graph_prereq_failed:reactant_product_map_sets_differ
9468,RHEA:65268,True,0.097477632290192,False,False,clipzyme_graph_prereq_failed:unmapped_atoms
9469,RHEA:65272,True,0.1220217333977316,False,False,clipzyme_graph_prereq_failed:unmapped_atoms
9470,RHEA:65276,True,0.2511183514730523,True,True,encoded
9471,RHEA:65280,True,0.2509399976309449,True,True,encoded
9472,RHEA:65284,True,0.4049248662810198,True,True,encoded
9473,RHEA:65288,True,0.3506003140647327,True,True,encoded
9474,RHEA:65296,True,0.1731791597457496,True,True,encoded
9475,RHEA:65300,True,0.2413964393045408,True,True,encoded
9476,RHEA:65304,True,0.2977677344487406,True,True,encoded
9477,RHEA:65308,True,0.2929923109844049,True,True,encoded
9478,RHEA:65312,True,0.2929923109844049,True,True,encoded
9479,RHEA:65316,True,0.2779665172127454,True,True,encoded
9480,RHEA:65320,True,0.2937808703622858,True,True,encoded
9481,RHEA:65324,True,0.1739765147261424,True,True,encoded
9482,RHEA:65328,True,0.7568539991327561,False,False,clipzyme_graph_prereq_failed:reactant_product_map_sets_differ
9483,RHEA:65332,True,0.0171246554638768,False,False,clipzyme_graph_prereq_failed:unmapped_atoms
9484,RHEA:65336,True,0.1098709314977071,False,False,clipzyme_graph_prereq_failed:unmapped_atoms
9485,RHEA:65340,True,0.2521403658127455,True,True,encoded
9486,RHEA:65344,True,0.1508601715492157,True,True,encoded
9487,RHEA:65348,True,0.1754868111484971,True,True,encoded
9488,RHEA:65352,True,0.8727848059713806,True,True,encoded
9489,RHEA:65356,True,0.0290325022116164,True,True,encoded
9490,RHEA:65372,True,0.3733412137710917,True,True,encoded
9491,RHEA:65376,False,,False,False,mapping_unsupported
9492,RHEA:65380,False,,False,False,mapping_unsupported
9493,RHEA:65384,True,0.3467002344406957,True,True,encoded
9494,RHEA:65388,True,0.5166291360953752,True,True,encoded
9495,RHEA:65392,False,,False,False,mapping_unsupported
9496,RHEA:65396,True,0.2218822191043535,True,True,encoded
9497,RHEA:65400,True,0.2778430707275277,True,True,encoded
9498,RHEA:65404,True,0.2522513963500971,True,True,encoded
9499,RHEA:65432,True,0.4931797923835653,True,True,encoded
9500,RHEA:65436,True,0.008721209566013,True,True,encoded
9501,RHEA:65440,False,,False,False,mapping_unsupported
9502,RHEA:65444,True,0.2771748952209259,True,True,encoded
9503,RHEA:65448,True,0.2842617047712084,True,True,encoded
9504,RHEA:65452,True,0.2557366031554136,True,True,encoded
9505,RHEA:65456,True,0.2770887729503015,True,True,encoded
9506,RHEA:65460,True,0.2582518047099036,True,True,encoded
9507,RHEA:65464,True,0.3341233952776306,True,True,encoded
9508,RHEA:65484,True,0.263772257076685,True,True,encoded
9509,RHEA:65488,True,7.397574738341725e-06,True,True,encoded
9510,RHEA:65492,True,0.6600217047634581,True,True,encoded
9511,RHEA:65496,True,0.4399640130285759,True,True,encoded
9512,RHEA:65500,True,0.7460313445191488,False,False,clipzyme_graph_prereq_failed:unmapped_atoms
9513,RHEA:65504,True,0.7087569852232746,True,True,encoded
9514,RHEA:65508,True,0.2339368547529222,True,True,encoded
9515,RHEA:65520,True,0.26580496287973,True,True,encoded
9516,RHEA:65524,True,0.2073648712461657,True,True,encoded
9517,RHEA:65528,True,0.2440730881262706,True,True,encoded
9518,RHEA:65532,True,0.3004857677987401,True,True,encoded
9519,RHEA:65536,True,0.7342499287452552,True,True,encoded
9520,RHEA:65540,True,0.715125747192474,True,True,encoded
9521,RHEA:65544,True,0.4751510622371715,True,True,encoded
9522,RHEA:65548,True,0.3533437353272533,True,True,encoded
9523,RHEA:65552,True,0.8270614116379629,True,True,encoded
9524,RHEA:65560,True,0.5912798346861595,True,True,encoded
9525,RHEA:65564,True,0.1231178663716583,True,True,encoded
9526,RHEA:65568,True,0.1516108421710244,True,True,encoded
9527,RHEA:65572,True,0.3259741191812373,True,True,encoded
9528,RHEA:65576,True,0.3502463825016012,True,True,encoded
9529,RHEA:65580,True,0.3149870397817093,True,True,encoded
9530,RHEA:65584,True,0.1241401809915449,True,True,encoded
9531,RHEA:65588,True,0.1901259695685674,True,True,encoded
9532,RHEA:65592,True,0.1557877802127246,True,True,encoded
9533,RHEA:65596,True,0.1517080562234681,True,True,encoded
9534,RHEA:65600,True,0.1160203890057949,True,True,encoded
9535,RHEA:65604,True,0.0275769127592192,True,True,encoded
9536,RHEA:65608,True,0.0186275196251602,True,True,encoded
9537,RHEA:65620,True,0.104644205023979,True,True,encoded
9538,RHEA:65624,True,0.104644205023979,True,True,encoded
9539,RHEA:65628,True,0.0522422310846297,True,True,encoded
9540,RHEA:65632,True,0.0510290117582403,True,True,encoded
9541,RHEA:65636,True,0.0522422310846297,True,True,encoded
9542,RHEA:65640,True,0.0366378410978047,True,True,encoded
9543,RHEA:65644,True,0.0366378410978047,True,True,encoded
9544,RHEA:65648,True,0.0184591829754381,False,False,clipzyme_graph_prereq_failed:unmapped_atoms
9545,RHEA:65652,True,0.0072295888180947,False,False,clipzyme_graph_prereq_failed:unmapped_atoms
9546,RHEA:65668,True,0.1720321097671417,False,False,clipzyme_graph_prereq_failed:unmapped_atoms
9547,RHEA:65672,True,0.1720321097671417,False,False,clipzyme_graph_prereq_failed:unmapped_atoms
9548,RHEA:65676,True,0.1720321097671417,False,False,clipzyme_graph_prereq_failed:unmapped_atoms
9549,RHEA:65680,True,0.1720321097671417,False,False,clipzyme_graph_prereq_failed:unmapped_atoms
9550,RHEA:65684,True,0.1720321097671417,False,False,clipzyme_graph_prereq_failed:unmapped_atoms
9551,RHEA:65688,True,0.1720321097671417,False,False,clipzyme_graph_prereq_failed:unmapped_atoms
9552,RHEA:65692,True,0.2062431571987362,False,False,clipzyme_graph_prereq_failed:unmapped_atoms
9553,RHEA:65700,True,0.2569652744788797,True,True,encoded
9554,RHEA:65716,True,0.1026126262945008,True,True,encoded
9555,RHEA:65724,True,0.1092533541252966,True,True,encoded
9556,RHEA:65728,True,0.0552275172186969,True,True,encoded
9557,RHEA:65732,True,0.0721517507594596,True,True,encoded
9558,RHEA:65740,True,0.0535364585511003,True,True,encoded
9559,RHEA:65744,True,0.0530399987660961,True,True,encoded
9560,RHEA:65752,True,0.2616033931373807,True,True,encoded
9561,RHEA:65756,True,0.0106936687153031,True,True,encoded
9562,RHEA:65760,True,0.2460009129446294,True,True,encoded
9563,RHEA:65768,True,0.1957382115119292,True,True,encoded
9564,RHEA:65772,True,0.0863774526824063,True,True,encoded
9565,RHEA:65776,True,0.1780687299907444,True,True,encoded
9566,RHEA:65780,True,0.1619291231972895,True,True,encoded
9567,RHEA:65784,True,0.1583779440109489,True,True,encoded
9568,RHEA:65788,True,0.2280425231746625,True,True,encoded
9569,RHEA:65792,True,0.0578773737077348,True,True,encoded
9570,RHEA:65796,True,0.1838205206049347,True,True,encoded
9571,RHEA:65812,True,0.6270207592275341,False,False,clipzyme_graph_prereq_failed:unmapped_atoms
9572,RHEA:65828,True,0.2523243203824727,True,True,encoded
9573,RHEA:65896,True,0.8165915750833076,True,True,encoded
9574,RHEA:65900,True,0.8551877334161654,True,True,encoded
9575,RHEA:65908,True,0.7649225335046486,True,True,encoded
9576,RHEA:65916,True,0.7624107508988481,True,True,encoded
9577,RHEA:65924,True,0.9082329322042512,True,True,encoded
9578,RHEA:65928,True,0.9152340610134014,True,True,encoded
9579,RHEA:65932,True,0.7611460809648125,True,True,encoded
9580,RHEA:65940,True,0.7296526218755637,True,True,encoded
9581,RHEA:65944,True,0.3381985549582309,False,False,clipzyme_graph_prereq_failed:unmapped_atoms
9582,RHEA:65952,True,0.0436281803777706,True,True,encoded
9583,RHEA:65956,True,0.1182437475489017,True,True,encoded
9584,RHEA:65960,True,0.2191288083186056,True,True,encoded
9585,RHEA:65964,True,0.1814264503553542,True,True,encoded
9586,RHEA:65968,True,0.2492478034791306,True,True,encoded
9587,RHEA:65996,True,0.4311745251928341,True,True,encoded
9588,RHEA:66000,True,0.877483632965997,True,True,encoded
9589,RHEA:66008,True,0.5450383190645098,True,True,encoded
9590,RHEA:66012,True,0.9575805692140268,True,True,encoded
9591,RHEA:66016,True,0.8229906192678019,True,True,encoded
9592,RHEA:66020,True,0.5886117932156819,True,True,encoded
9593,RHEA:66024,True,0.9402378308842384,True,True,encoded
9594,RHEA:66028,True,0.3681197762077049,False,False,clipzyme_graph_prereq_failed:unmapped_atoms
9595,RHEA:66036,True,0.2292171755505335,True,True,encoded
9596,RHEA:66040,True,0.0971652907232215,True,True,encoded
9597,RHEA:66044,True,0.7633219371490703,True,True,encoded
9598,RHEA:66052,True,0.7967361579309304,True,True,encoded
9599,RHEA:66060,True,0.7466437155270167,True,True,encoded
9600,RHEA:66068,True,0.5482793021269844,True,True,encoded
9601,RHEA:66076,True,0.7586109212291142,True,True,encoded
9602,RHEA:66084,True,0.5875378036640516,True,True,encoded
9603,RHEA:66092,True,0.746693009922395,True,True,encoded
9604,RHEA:66100,True,0.7863574794742468,True,True,encoded
9605,RHEA:66108,True,0.7493631853653838,True,True,encoded
9606,RHEA:66112,True,0.8125572661061662,True,True,encoded
9607,RHEA:66116,True,0.8655069319726396,True,True,encoded
9608,RHEA:66120,True,0.8826219489558478,True,True,encoded
9609,RHEA:66124,True,0.8541139669895876,True,True,encoded
9610,RHEA:66128,True,0.7009622128558588,True,True,encoded
9611,RHEA:66132,True,0.1990391363935027,True,True,encoded
9612,RHEA:66136,True,0.2772034510003101,True,True,encoded
9613,RHEA:66140,True,0.2803597568242001,True,True,encoded
9614,RHEA:66144,True,0.2925935133895763,True,True,encoded
9615,RHEA:66148,True,0.2675101850702116,True,True,encoded
9616,RHEA:66152,True,0.2760336472730983,True,True,encoded
9617,RHEA:66156,True,0.3122052293325188,True,True,encoded
9618,RHEA:66160,True,0.2755729195638685,True,True,encoded
9619,RHEA:66164,True,0.3077472557749025,True,True,encoded
9620,RHEA:66168,True,0.2450029570801915,True,True,encoded
9621,RHEA:66176,True,0.0677938588225044,True,True,encoded
9622,RHEA:66180,True,0.2109539495717882,True,True,encoded
9623,RHEA:66184,True,0.1798098005267959,True,True,encoded
9624,RHEA:66188,True,0.2210393831768928,True,True,encoded
9625,RHEA:66192,True,0.1731388599648084,True,True,encoded
9626,RHEA:66196,True,0.268218844579786,True,True,encoded
9627,RHEA:66200,True,0.1640676044266552,True,True,encoded
9628,RHEA:66204,True,0.1866161339450188,True,True,encoded
9629,RHEA:66208,True,0.1819501197782868,True,True,encoded
9630,RHEA:66212,True,0.189059033202163,True,True,encoded
9631,RHEA:66216,True,0.1720105804213981,True,True,encoded
9632,RHEA:66220,True,0.1433830549778488,True,True,encoded
9633,RHEA:66224,True,0.1900663675246809,True,True,encoded
9634,RHEA:66228,True,0.1466000523380195,True,True,encoded
9635,RHEA:66232,True,0.161055188983618,True,True,encoded
9636,RHEA:66236,True,0.1977693695931826,True,True,encoded
9637,RHEA:66240,True,0.0244008058876557,True,True,encoded
9638,RHEA:66252,True,0.0172512850412338,True,True,encoded
9639,RHEA:66272,True,0.0997088823401843,True,True,encoded
9640,RHEA:66276,True,0.735868666819033,True,True,encoded
9641,RHEA:66280,True,0.7751889042824469,True,True,encoded
9642,RHEA:66284,True,0.7651389959273075,True,True,encoded
9643,RHEA:66340,True,0.0427033031597267,True,True,encoded
9644,RHEA:66344,True,0.2391367484898584,True,True,encoded
9645,RHEA:66348,True,0.3075073764554234,False,False,clipzyme_graph_prereq_failed:reactant_product_map_sets_differ
9646,RHEA:66352,True,0.1395343283733333,True,True,encoded
9647,RHEA:66356,True,0.1824093336476557,True,True,encoded
9648,RHEA:66360,True,0.3523814798743935,True,True,encoded
9649,RHEA:66364,True,0.2609074485122691,True,True,encoded
9650,RHEA:66368,True,0.0393375885155554,True,True,encoded
9651,RHEA:66372,True,0.4249042115386866,True,True,encoded
9652,RHEA:66376,True,0.4158138024997526,True,True,encoded
9653,RHEA:66380,True,0.1851782158034076,True,True,encoded
9654,RHEA:66388,True,0.2310990812721552,True,True,encoded
9655,RHEA:66392,True,0.2719375929761029,True,True,encoded
9656,RHEA:66396,True,0.1881613829711761,True,True,encoded
9657,RHEA:66400,True,0.1876993928578033,True,True,encoded
9658,RHEA:66404,True,0.1224577451545561,True,True,encoded
9659,RHEA:66408,True,0.1894341535280621,True,True,encoded
9660,RHEA:66412,True,0.1151296273031139,True,True,encoded
9661,RHEA:66416,True,0.1894341535280621,True,True,encoded
9662,RHEA:66420,True,0.1151296273031139,True,True,encoded
9663,RHEA:66424,True,0.259199730732025,True,True,encoded
9664,RHEA:66492,True,0.0384766981085424,True,True,encoded
9665,RHEA:66496,True,0.036900713112132,True,True,encoded
9666,RHEA:66500,True,0.036900713112132,True,True,encoded
9667,RHEA:66524,True,0.9096040491741796,True,True,encoded
9668,RHEA:66528,True,0.0618791010317791,True,True,encoded
9669,RHEA:66532,True,0.0874664934753748,True,True,encoded
9670,RHEA:66544,True,0.9274678807747188,True,True,encoded
9671,RHEA:66548,True,0.1295819134343067,True,True,encoded
9672,RHEA:66552,True,0.9790459446233508,True,True,encoded
9673,RHEA:66556,True,0.9810403184037044,True,True,encoded
9674,RHEA:66560,True,0.9644721915603498,True,True,encoded
9675,RHEA:66564,True,0.9251221841184748,True,True,encoded
9676,RHEA:66572,True,0.1305011801653194,True,True,encoded
9677,RHEA:66576,True,0.107163179772418,True,True,encoded
9678,RHEA:66580,True,0.0765255303729189,True,True,encoded
9679,RHEA:66588,True,0.8268151165863223,True,True,encoded
9680,RHEA:66592,True,0.5219830298879109,True,True,encoded
9681,RHEA:66596,True,0.3094812915785356,True,True,encoded
9682,RHEA:66600,True,0.1678821995254287,True,True,encoded
9683,RHEA:66604,True,0.9658647220264716,True,True,encoded
9684,RHEA:66608,True,0.2269148842351947,True,True,encoded
9685,RHEA:66612,True,0.2099560969298556,True,True,encoded
9686,RHEA:66620,True,1.0497549727228151e-05,True,True,encoded
9687,RHEA:66624,True,9.27986181435146e-06,True,True,encoded
9688,RHEA:66628,True,0.4613144618991658,True,True,encoded
9689,RHEA:66632,True,0.5271473716900897,True,True,encoded
9690,RHEA:66636,True,0.0716633708645973,True,True,encoded
9691,RHEA:66640,True,0.0715248542814625,True,True,encoded
9692,RHEA:66644,True,0.1039438882440908,True,True,encoded
9693,RHEA:66648,True,0.1114400063857303,False,False,clipzyme_graph_prereq_failed:unmapped_atoms
9694,RHEA:66652,True,0.0640227692791633,True,True,encoded
9695,RHEA:66656,True,0.9756958908314204,True,True,encoded
9696,RHEA:66660,True,0.3114984484277141,True,True,encoded
9697,RHEA:66664,True,0.1930033050095544,True,True,encoded
9698,RHEA:66668,True,0.2807995796810697,True,True,encoded
9699,RHEA:66672,True,0.699256263162855,True,True,encoded
9700,RHEA:66676,True,0.0847040428456658,True,True,encoded
9701,RHEA:66680,True,0.173401584894829,True,True,encoded
9702,RHEA:66684,True,0.9425414889648364,True,True,encoded
9703,RHEA:66688,True,0.149903882051432,False,False,clipzyme_graph_prereq_failed:unmapped_atoms
9704,RHEA:66692,True,0.4730033743121838,True,True,encoded
9705,RHEA:66696,True,0.8361700318195768,True,True,encoded
9706,RHEA:66700,True,0.0246672055302832,True,True,encoded
9707,RHEA:66704,True,0.2465136868042574,True,True,encoded
9708,RHEA:66708,True,0.1761464903064054,True,True,encoded
9709,RHEA:66712,True,0.2473601878207134,False,False,clipzyme_graph_prereq_failed:rdkit_parse_failed
9710,RHEA:66716,True,0.2507599237770795,True,True,encoded
9711,RHEA:66720,True,0.3313630461872645,True,True,encoded
9712,RHEA:66724,True,0.8802459830783064,True,True,encoded
9713,RHEA:66728,True,0.2181596764517749,True,True,encoded
9714,RHEA:66732,True,0.1701517668315573,True,True,encoded
9715,RHEA:66736,True,0.1349528563328879,True,True,encoded
9716,RHEA:66740,True,0.2601338266662542,True,True,encoded
9717,RHEA:66744,True,0.257023046953633,True,True,encoded
9718,RHEA:66752,True,0.2366451024782659,True,True,encoded
9719,RHEA:66756,True,0.2088228468774486,True,True,encoded
9720,RHEA:66760,True,0.2821371772370548,True,True,encoded
9721,RHEA:66764,True,0.2532554331577993,True,True,encoded
9722,RHEA:66768,True,0.1826826856729904,True,True,encoded
9723,RHEA:66772,True,0.0711126394794102,True,True,encoded
9724,RHEA:66776,True,0.0743521549569629,True,True,encoded
9725,RHEA:66780,True,0.4049776735809187,True,True,encoded
9726,RHEA:66784,True,0.4070510426454811,True,True,encoded
9727,RHEA:66788,True,0.5487867890995153,True,True,encoded
9728,RHEA:66792,True,0.5487869877031071,True,True,encoded
9729,RHEA:66796,True,0.0074696488666771,True,True,encoded
9730,RHEA:66800,True,0.0069323263404117,True,True,encoded
9731,RHEA:66804,True,8.175995259344317e-05,True,True,encoded
9732,RHEA:66808,False,,False,False,mapping_unsupported
9733,RHEA:66812,False,,False,False,mapping_unsupported
9734,RHEA:66820,True,0.3393330141557366,True,True,encoded
9735,RHEA:66824,False,,False,False,mapping_unsupported
9736,RHEA:66828,False,,False,False,mapping_unsupported
9737,RHEA:66832,True,0.0601568976074667,True,True,encoded
9738,RHEA:66836,True,0.2584647391801051,False,False,clipzyme_graph_prereq_failed:rdkit_parse_failed
9739,RHEA:66840,True,0.2278031429401391,False,False,clipzyme_graph_prereq_failed:rdkit_parse_failed
9740,RHEA:66844,True,0.2121873360502654,False,False,clipzyme_graph_prereq_failed:rdkit_parse_failed
9741,RHEA:66848,True,0.5579145995315461,True,True,encoded
9742,RHEA:66852,True,0.0018024968655841,True,True,encoded
9743,RHEA:66856,True,5.025684418667291e-05,True,True,encoded
9744,RHEA:66860,True,0.0670608958149108,False,False,clipzyme_graph_prereq_failed:reactant_product_map_sets_differ
9745,RHEA:66864,True,0.0092570269276463,True,True,encoded
9746,RHEA:66868,True,0.2093437114034002,False,False,clipzyme_graph_prereq_failed:rdkit_parse_failed
9747,RHEA:66872,True,0.215204082252282,True,True,encoded
9748,RHEA:66876,True,0.1877152684027581,True,True,encoded
9749,RHEA:66880,True,0.2003843605052691,True,True,encoded
9750,RHEA:66884,True,0.1808272956720873,True,True,encoded
9751,RHEA:66888,True,0.2454940634882154,True,True,encoded
9752,RHEA:66892,True,0.2384142860086153,True,True,encoded
9753,RHEA:66896,True,0.2433928015665107,False,False,clipzyme_graph_prereq_failed:rdkit_parse_failed
9754,RHEA:66900,True,0.0038065423545143,True,True,encoded
9755,RHEA:66904,True,0.7300387201593402,False,False,clipzyme_graph_prereq_failed:reactant_product_map_sets_differ
9756,RHEA:66908,False,,False,False,mapping_unsupported
9757,RHEA:66916,True,0.2154675897027811,True,True,encoded
9758,RHEA:66920,True,0.2646667470871284,True,True,encoded
9759,RHEA:66928,True,0.6038063502175406,True,True,encoded
9760,RHEA:66932,True,0.3381732893307719,True,True,encoded
9761,RHEA:66936,True,0.3376917167797743,True,True,encoded
9762,RHEA:66940,False,,False,False,mapping_unsupported
9763,RHEA:66944,True,0.0001339330376717,True,True,encoded
9764,RHEA:66980,True,0.2848662383732255,True,True,encoded
9765,RHEA:66984,True,0.2597340548960621,True,True,encoded
9766,RHEA:66988,True,0.0211184238754641,True,True,encoded
9767,RHEA:66992,True,0.0262088523893824,True,True,encoded
9768,RHEA:66996,True,0.0262964094577259,True,True,encoded
9769,RHEA:67000,False,,False,False,mapping_unsupported
9770,RHEA:67004,True,0.1823291419427391,True,True,encoded
9771,RHEA:67008,True,0.6633626915551752,True,True,encoded
9772,RHEA:67012,True,0.084697079018981,True,True,encoded
9773,RHEA:67020,True,0.7160006081754023,True,True,encoded
9774,RHEA:67024,True,0.6048617520282786,True,True,encoded
9775,RHEA:67032,True,0.1746769410491669,True,True,encoded
9776,RHEA:67036,True,0.1723007013350785,True,True,encoded
9777,RHEA:67040,True,0.1365222485283655,True,True,encoded
9778,RHEA:67044,True,0.7596345014928715,False,False,clipzyme_graph_prereq_failed:reactant_product_map_sets_differ
9779,RHEA:67048,True,0.4976935270793002,False,False,clipzyme_graph_prereq_failed:reactant_product_map_sets_differ
9780,RHEA:67052,True,0.044886016721239,False,False,clipzyme_graph_prereq_failed:rdkit_parse_failed
9781,RHEA:67056,True,0.4275733175111778,False,False,clipzyme_graph_prereq_failed:rdkit_parse_failed
9782,RHEA:67060,True,0.3917914067523071,False,False,clipzyme_graph_prereq_failed:rdkit_parse_failed
9783,RHEA:67064,True,0.7244251580062862,False,False,clipzyme_graph_prereq_failed:unmapped_atoms
9784,RHEA:67068,True,0.0144932483631927,False,False,clipzyme_graph_prereq_failed:rdkit_parse_failed
9785,RHEA:67072,True,0.2554648780303444,True,True,encoded
9786,RHEA:67076,True,0.9211034912635016,True,True,encoded
9787,RHEA:67080,True,0.2116632747925377,True,True,encoded
9788,RHEA:67084,True,0.0559617342193776,True,True,encoded
9789,RHEA:67088,True,0.0848163970462462,True,True,encoded
9790,RHEA:67092,True,0.1109972764078207,True,True,encoded
9791,RHEA:67096,True,0.3150888197253415,False,False,clipzyme_graph_prereq_failed:reactant_product_map_sets_differ
9792,RHEA:67100,True,0.717957994015278,True,True,encoded
9793,RHEA:67104,True,0.1702569840257899,True,True,encoded
9794,RHEA:67112,True,0.9365918227500952,True,True,encoded
9795,RHEA:67116,True,0.9252970306398776,True,True,encoded
9796,RHEA:67120,True,0.6698327511970487,True,True,encoded
9797,RHEA:67124,True,0.9931629043209736,True,True,encoded
9798,RHEA:67128,False,,False,False,mapping_unsupported
9799,RHEA:67132,False,,False,False,mapping_unsupported
9800,RHEA:67136,True,0.0432071509662329,True,True,encoded
9801,RHEA:67144,True,0.3155304768922911,True,True,encoded
9802,RHEA:67156,True,0.1941892410195515,True,True,encoded
9803,RHEA:67160,True,0.2907416624002284,True,True,encoded
9804,RHEA:67164,True,0.2741507615637268,True,True,encoded
9805,RHEA:67168,True,0.6964493853209216,True,True,encoded
9806,RHEA:67172,True,0.2167439371876534,True,True,encoded
9807,RHEA:67176,True,0.9177642591022576,True,True,encoded
9808,RHEA:67180,True,0.2093649793362091,True,True,encoded
9809,RHEA:67188,True,0.1836115632355346,True,True,encoded
9810,RHEA:67192,True,0.1836115632355346,True,True,encoded
9811,RHEA:67196,True,0.996029903076496,True,True,encoded
9812,RHEA:67200,True,0.9717995470512718,True,True,encoded
9813,RHEA:67204,True,0.9921708786773624,True,True,encoded
9814,RHEA:67208,True,0.995105529886697,True,True,encoded
9815,RHEA:67240,True,0.9455085532462152,True,True,encoded
9816,RHEA:67244,True,0.8133539298712079,True,True,encoded
9817,RHEA:67248,True,0.7934313988226075,True,True,encoded
9818,RHEA:67252,True,0.6703973002282826,True,True,encoded
9819,RHEA:67256,True,0.8033174521130269,True,True,encoded
9820,RHEA:67264,False,,False,False,mapping_unsupported
9821,RHEA:67268,True,0.8668454732414547,True,True,encoded
9822,RHEA:67272,True,0.3883836865494544,True,True,encoded
9823,RHEA:67276,True,0.800115671099656,True,True,encoded
9824,RHEA:67288,False,,False,False,mapping_unsupported
9825,RHEA:67308,True,0.6648773713885633,True,True,encoded
9826,RHEA:67312,True,0.6820004836197117,True,True,encoded
9827,RHEA:67316,False,,False,False,mapping_unsupported
9828,RHEA:67320,True,0.8668454732414547,True,True,encoded
9829,RHEA:67324,False,,False,False,mapping_unsupported
9830,RHEA:67328,True,0.8627730739358427,True,True,encoded
9831,RHEA:67332,True,0.5060722905460983,True,True,encoded
9832,RHEA:67336,True,0.2059479588327905,True,True,encoded
9833,RHEA:67340,True,0.2282822147000535,True,True,encoded
9834,RHEA:67344,True,0.2041105285475014,True,True,encoded
9835,RHEA:67348,True,0.2075029338469727,True,True,encoded
9836,RHEA:67352,True,0.2931610080482237,True,True,encoded
9837,RHEA:67356,True,0.2182331549330902,True,True,encoded
9838,RHEA:67360,True,0.7721952804940648,True,True,encoded
9839,RHEA:67364,True,0.9707936433629064,True,True,encoded
9840,RHEA:67368,True,0.9663202561608624,True,True,encoded
9841,RHEA:67372,True,0.9543295571712728,True,True,encoded
9842,RHEA:67376,True,0.9828347370111168,True,True,encoded
9843,RHEA:67380,True,0.983634650984722,True,True,encoded
9844,RHEA:67384,True,0.2264064633252331,True,True,encoded
9845,RHEA:67392,True,0.233210420163839,True,True,encoded
9846,RHEA:67396,True,0.1730654063831141,True,True,encoded
9847,RHEA:67400,True,0.0462364203348883,True,True,encoded
9848,RHEA:67404,True,0.1774592560954742,False,False,clipzyme_graph_prereq_failed:rdkit_parse_failed
9849,RHEA:67408,True,0.1585754060937235,False,False,clipzyme_graph_prereq_failed:rdkit_parse_failed
9850,RHEA:67412,True,0.0273302202906693,False,False,clipzyme_graph_prereq_failed:rdkit_parse_failed
9851,RHEA:67416,True,0.3361056433072145,False,False,clipzyme_graph_prereq_failed:rdkit_parse_failed
9852,RHEA:67428,True,0.8818994584945917,True,True,encoded
9853,RHEA:67432,True,0.0053459448846657,True,True,encoded
9854,RHEA:67440,True,0.9768654165004432,True,True,encoded
9855,RHEA:67444,True,0.2337220348635839,True,True,encoded
9856,RHEA:67452,True,0.962371935818406,True,True,encoded
9857,RHEA:67456,True,0.0005189526986755,True,True,encoded
9858,RHEA:67460,True,0.8800474168416781,False,False,clipzyme_graph_prereq_failed:reactant_product_map_sets_differ
9859,RHEA:67464,True,0.1990533201220992,True,True,encoded
9860,RHEA:67468,True,0.1437208769988902,True,True,encoded
9861,RHEA:67472,True,0.1404148111697495,True,True,encoded
9862,RHEA:67476,True,0.1208303255528391,True,True,encoded
9863,RHEA:67480,True,0.1807674682751635,True,True,encoded
9864,RHEA:67484,True,0.5778636325136409,True,True,encoded
9865,RHEA:67488,True,2.4273488914431885e-05,True,True,encoded
9866,RHEA:67492,True,0.5384130685326348,True,True,encoded
9867,RHEA:67496,True,0.4114011877127814,True,True,encoded
9868,RHEA:67500,True,0.0063131378593981,True,True,encoded
9869,RHEA:67504,True,0.0054781651331679,True,True,encoded
9870,RHEA:67508,True,0.0001523460031958,True,True,encoded
9871,RHEA:67516,True,0.0006741770878403,True,True,encoded
9872,RHEA:67520,True,4.324141267135265e-07,True,True,encoded
9873,RHEA:67524,True,0.1062711109123854,True,True,encoded
9874,RHEA:67528,True,0.1581228475235803,True,True,encoded
9875,RHEA:67532,True,0.145393577909466,True,True,encoded
9876,RHEA:67536,True,0.1486125325630105,True,True,encoded
9877,RHEA:67540,True,0.1155883470389875,True,True,encoded
9878,RHEA:67544,True,0.1191717079865899,True,True,encoded
9879,RHEA:67548,True,0.8694783136817051,True,True,encoded
9880,RHEA:67552,True,0.1230730619327165,True,True,encoded
9881,RHEA:67556,True,0.1320948561693958,True,True,encoded
9882,RHEA:67560,True,0.07460597752682,True,True,encoded
9883,RHEA:67564,True,0.1391029217871662,True,True,encoded
9884,RHEA:67568,True,0.079348341656872,True,True,encoded
9885,RHEA:67572,True,0.1232026990514417,True,True,encoded
9886,RHEA:67576,True,0.8590347602909087,True,True,encoded
9887,RHEA:67584,True,0.0219975121952911,True,True,encoded
9888,RHEA:67588,True,0.4589364827780485,True,True,encoded
9889,RHEA:67592,True,0.2563376399935964,True,True,encoded
9890,RHEA:67596,True,0.0650558888730237,True,True,encoded
9891,RHEA:67600,True,0.215220027666942,True,True,encoded
9892,RHEA:67604,True,0.2284916858649597,True,True,encoded
9893,RHEA:67608,True,0.2129289488944743,True,True,encoded
9894,RHEA:67612,True,0.4046874916047854,True,True,encoded
9895,RHEA:67616,True,0.2237532017768681,True,True,encoded
9896,RHEA:67620,True,0.711836290827871,True,True,encoded
9897,RHEA:67624,True,0.7207656693130182,True,True,encoded
9898,RHEA:67628,True,0.0941080652596847,True,True,encoded
9899,RHEA:67636,True,0.3954092142405967,True,True,encoded
9900,RHEA:67640,True,0.141921407203031,True,True,encoded
9901,RHEA:67644,True,0.1268975098121952,True,True,encoded
9902,RHEA:67660,True,0.2941226699831729,True,True,encoded
9903,RHEA:67664,True,0.8947189051859614,True,True,encoded
9904,RHEA:67668,True,0.2787208314175429,True,True,encoded
9905,RHEA:67672,True,0.1004292525447807,True,True,encoded
9906,RHEA:67676,True,0.2656629020811774,True,True,encoded
9907,RHEA:67680,True,0.2554649057061374,True,True,encoded
9908,RHEA:67684,True,0.2116636045046268,True,True,encoded
9909,RHEA:67688,True,0.1833789197128507,True,True,encoded
9910,RHEA:67692,True,0.1261508285226754,True,True,encoded
9911,RHEA:67696,True,0.1804135045583605,True,True,encoded
9912,RHEA:67700,True,0.1230611398889792,True,True,encoded
9913,RHEA:67704,True,0.1718474721849039,True,True,encoded
9914,RHEA:67708,True,0.2283368713298612,True,True,encoded
9915,RHEA:67712,True,0.1801630080190606,True,True,encoded
9916,RHEA:67716,True,0.1478450845482901,True,True,encoded
9917,RHEA:67732,True,0.6148817516588112,True,True,encoded
9918,RHEA:67744,True,0.4600960991114698,True,True,encoded
9919,RHEA:67748,True,0.2044788498813183,True,True,encoded
9920,RHEA:67752,True,0.0073710744393422,True,True,encoded
9921,RHEA:67756,True,3.8440293177399314e-08,True,True,encoded
9922,RHEA:67760,True,2.9367782352642128e-05,True,True,encoded
9923,RHEA:67764,True,2.0372789166565003e-05,True,True,encoded
9924,RHEA:67768,True,2.0765124411125043e-05,True,True,encoded
9925,RHEA:67780,True,5.3436229089461385e-05,True,True,encoded
9926,RHEA:67784,True,1.763202390334228e-07,True,True,encoded
9927,RHEA:67788,True,0.0459130843829302,True,True,encoded
9928,RHEA:67792,True,0.7361901079352543,True,True,encoded
9929,RHEA:67796,True,0.757532358473553,True,True,encoded
9930,RHEA:67800,True,0.0056865091879614,True,True,encoded
9931,RHEA:67804,True,0.347583698669011,True,True,encoded
9932,RHEA:67808,True,0.9365918571282712,True,True,encoded
9933,RHEA:67812,True,0.6337684899201586,True,True,encoded
9934,RHEA:67816,True,0.8132380084646867,True,True,encoded
9935,RHEA:67820,True,3.063978148468457e-06,True,True,encoded
9936,RHEA:67828,True,0.1497179715291196,True,True,encoded
9937,RHEA:67836,True,7.913373059632952e-05,True,True,encoded
9938,RHEA:67840,True,0.1082737537727174,True,True,encoded
9939,RHEA:67848,True,0.0163059983655737,True,True,encoded
9940,RHEA:67856,True,0.1195692275444944,True,True,encoded
9941,RHEA:67860,True,0.1271978204276569,True,True,encoded
9942,RHEA:67864,True,0.1280916479114935,True,True,encoded
9943,RHEA:67868,True,0.1113319382625845,True,True,encoded
9944,RHEA:67872,True,0.2326909172357067,True,True,encoded
9945,RHEA:67876,True,0.1522236689646894,True,True,encoded
9946,RHEA:67880,True,0.123699450905166,True,True,encoded
9947,RHEA:67884,True,0.145974569713964,True,True,encoded
9948,RHEA:67888,True,0.1570867183234066,True,True,encoded
9949,RHEA:67892,True,0.1597885592492704,True,True,encoded
9950,RHEA:67896,True,0.7441772169990316,True,True,encoded
9951,RHEA:67900,True,0.1285478625705806,True,True,encoded
9952,RHEA:67904,True,0.0831250278560104,True,True,encoded
9953,RHEA:67908,True,0.4476985945724756,True,True,encoded
9954,RHEA:67912,True,0.8496895923050133,True,True,encoded
9955,RHEA:67916,True,0.94805183262005,True,True,encoded
9956,RHEA:67932,True,0.1988205800599093,True,True,encoded
9957,RHEA:67940,True,0.6050015440728835,True,True,encoded
9958,RHEA:67944,True,0.5375210248802427,True,True,encoded
9959,RHEA:67948,True,0.2321616347620389,True,True,encoded
9960,RHEA:67956,True,0.9794288964706076,True,True,encoded
9961,RHEA:67960,True,0.8450152634062612,True,True,encoded
9962,RHEA:67964,True,0.8612214995067252,True,True,encoded
9963,RHEA:67968,True,0.1487206798422719,True,True,encoded
9964,RHEA:67976,True,0.0586231609633288,True,True,encoded
9965,RHEA:67980,True,0.2025396981580875,True,True,encoded
9966,RHEA:67984,True,0.7882971022311318,True,True,encoded
9967,RHEA:67988,True,0.935334477359108,True,True,encoded
9968,RHEA:67992,True,0.3613831159652766,False,False,clipzyme_graph_prereq_failed:unmapped_atoms
9969,RHEA:67996,True,0.7112736449186666,False,False,clipzyme_graph_prereq_failed:unmapped_atoms
9970,RHEA:68000,True,0.6725633404412432,False,False,clipzyme_graph_prereq_failed:unmapped_atoms
9971,RHEA:68004,True,0.8956957885371492,False,False,clipzyme_graph_prereq_failed:unmapped_atoms
9972,RHEA:68008,True,0.2165949247336065,True,True,encoded
9973,RHEA:68016,True,0.3341400076315636,True,True,encoded
9974,RHEA:68020,True,0.3408377076284473,True,True,encoded
9975,RHEA:68024,True,0.2578739470784189,True,True,encoded
9976,RHEA:68044,True,0.4299960252482622,True,True,encoded
9977,RHEA:68052,True,0.8077074911959874,True,True,encoded
9978,RHEA:68056,True,0.8106916096491118,True,True,encoded
9979,RHEA:68060,True,0.2609149879814714,True,True,encoded
9980,RHEA:68064,True,0.2394446129866949,True,True,encoded
9981,RHEA:68068,True,0.2349502091075469,True,True,encoded
9982,RHEA:68076,True,0.0414522961238807,True,True,encoded
9983,RHEA:68080,True,0.099584986181393,True,True,encoded
9984,RHEA:68096,True,0.7723590747167356,True,True,encoded
9985,RHEA:68100,True,0.5659216321714453,True,True,encoded
9986,RHEA:68104,True,0.2181645134115475,True,True,encoded
9987,RHEA:68116,True,0.5424694757036982,False,False,clipzyme_graph_prereq_failed:unmapped_atoms
9988,RHEA:68120,True,0.2363767156761421,True,True,encoded
9989,RHEA:68124,True,0.6376188199973776,True,True,encoded
9990,RHEA:68128,True,0.1952478266444068,True,True,encoded
9991,RHEA:68132,True,0.1031549646806721,True,True,encoded
9992,RHEA:68136,True,0.4640549402686876,True,True,encoded
9993,RHEA:68140,True,0.0609760170920263,True,True,encoded
9994,RHEA:68144,True,0.4601770036820478,True,True,encoded
9995,RHEA:68148,True,0.4665595530182965,True,True,encoded
9996,RHEA:68152,True,0.2476064607681648,True,True,encoded
9997,RHEA:68156,True,0.0931025006744321,True,True,encoded
9998,RHEA:68160,True,0.2394873512348169,False,False,clipzyme_graph_prereq_failed:rdkit_parse_failed
9999,RHEA:68164,True,0.3026674571319266,False,False,clipzyme_graph_prereq_failed:rdkit_parse_failed
10000,RHEA:68168,True,0.2631822772037391,False,False,clipzyme_graph_prereq_failed:rdkit_parse_failed
10001,RHEA:68172,True,0.2345816038118383,True,True,encoded
10002,RHEA:68176,True,0.1812484017890566,True,True,encoded
10003,RHEA:68184,True,0.2554649057061374,True,True,encoded
10004,RHEA:68188,True,0.1091255842246627,True,True,encoded
10005,RHEA:68192,True,0.1261859529780243,True,True,encoded
10006,RHEA:68196,True,0.1089622393499986,True,True,encoded
10007,RHEA:68200,True,0.0906305209393368,True,True,encoded
10008,RHEA:68204,True,0.0719485636974012,True,True,encoded
10009,RHEA:68208,True,0.1393534658210466,True,True,encoded
10010,RHEA:68212,True,0.1156781553648166,True,True,encoded
10011,RHEA:68216,True,0.1314212568874313,True,True,encoded
10012,RHEA:68220,True,0.1192487440432695,True,True,encoded
10013,RHEA:68224,True,0.0807511142119462,True,True,encoded
10014,RHEA:68268,True,0.1916337416380024,True,True,encoded
10015,RHEA:68272,True,0.2708905602792594,True,True,encoded
10016,RHEA:68276,True,0.2105245026066226,True,True,encoded
10017,RHEA:68280,True,0.2370995034280595,True,True,encoded
10018,RHEA:68284,True,0.2608528317275094,True,True,encoded
10019,RHEA:68288,True,0.2657245385992876,True,True,encoded
10020,RHEA:68292,True,0.2510870968625865,True,True,encoded
10021,RHEA:68296,True,0.1862692249427676,True,True,encoded
10022,RHEA:68300,True,0.1825618478800926,True,True,encoded
10023,RHEA:68308,True,0.0075805023114695,True,True,encoded
10024,RHEA:68312,True,0.0190338150453368,True,True,encoded
10025,RHEA:68316,True,0.035116680462489,True,True,encoded
10026,RHEA:68320,True,0.0852813897217326,True,True,encoded
10027,RHEA:68324,True,0.1296209120780256,True,True,encoded
10028,RHEA:68328,True,0.4776539071542715,True,True,encoded
10029,RHEA:68332,True,0.4567265226704108,True,True,encoded
10030,RHEA:68336,True,0.2099919908785953,True,True,encoded
10031,RHEA:68340,True,0.2197193835695586,True,True,encoded
10032,RHEA:68344,True,0.0013271545097867,True,True,encoded
10033,RHEA:68360,True,0.5688358577034636,True,True,encoded
10034,RHEA:68364,True,0.2702466968786139,True,True,encoded
10035,RHEA:68372,True,0.8740152205268334,True,True,encoded
10036,RHEA:68376,True,0.9192266937827672,True,True,encoded
10037,RHEA:68380,True,0.8425621530461412,True,True,encoded
10038,RHEA:68384,True,0.1253663909542506,True,True,encoded
10039,RHEA:68388,True,0.2138730982816348,True,True,encoded
10040,RHEA:68392,True,0.8289147984995673,True,True,encoded
10041,RHEA:68396,True,0.8189547094703353,True,True,encoded
10042,RHEA:68400,True,0.0462128435074906,True,True,encoded
10043,RHEA:68404,True,0.1909900149514584,True,True,encoded
10044,RHEA:68408,True,0.1864542556678442,True,True,encoded
10045,RHEA:68416,True,0.7475621776622325,True,True,encoded
10046,RHEA:68420,True,0.7416498019223386,True,True,encoded
10047,RHEA:68424,True,0.490305552403882,True,True,encoded
10048,RHEA:68428,True,0.1125377778365582,True,True,encoded
10049,RHEA:68432,True,0.275789640224889,True,True,encoded
10050,RHEA:68436,True,0.5114720961705292,True,True,encoded
10051,RHEA:68440,True,0.1419696679698877,True,True,encoded
10052,RHEA:68444,True,0.1150142999060634,True,True,encoded
10053,RHEA:68448,True,0.1150142999060634,True,True,encoded
10054,RHEA:68452,True,0.4418355117259996,True,True,encoded
10055,RHEA:68456,True,0.3349943702769256,True,True,encoded
10056,RHEA:68468,True,0.0915142987815413,True,True,encoded
10057,RHEA:68472,True,0.0909677962578103,True,True,encoded
10058,RHEA:68504,True,0.1324355722134904,True,True,encoded
10059,RHEA:68508,True,0.0992873144478467,True,True,encoded
10060,RHEA:68512,True,0.1228021699420522,True,True,encoded
10061,RHEA:68516,True,0.1202084036947919,True,True,encoded
10062,RHEA:68520,True,0.0185089133614103,True,True,encoded
10063,RHEA:68524,True,0.2028771897947091,False,False,clipzyme_graph_prereq_failed:unmapped_atoms
10064,RHEA:68528,True,0.1547463605908328,False,False,clipzyme_graph_prereq_failed:unmapped_atoms
10065,RHEA:68532,True,0.0684435507463885,True,True,encoded
10066,RHEA:68536,True,0.043872442748944,True,True,encoded
10067,RHEA:68540,True,0.0357114295775746,True,True,encoded
10068,RHEA:68544,True,0.1359801690671294,True,True,encoded
10069,RHEA:68548,True,0.3410180666470344,True,True,encoded
10070,RHEA:68564,True,0.2440156592648409,True,True,encoded
10071,RHEA:68576,True,0.206840643439591,True,True,encoded
10072,RHEA:68580,True,0.2944610873796526,True,True,encoded
10073,RHEA:68584,True,0.2383643802468007,True,True,encoded
10074,RHEA:68588,True,0.6984057661152864,True,True,encoded
10075,RHEA:68592,True,0.2781639962510936,True,True,encoded
10076,RHEA:68596,True,0.0599131124399243,True,True,encoded
10077,RHEA:68600,True,0.5250316937249722,True,True,encoded
10078,RHEA:68604,True,0.4982042409873076,True,True,encoded
10079,RHEA:68608,True,0.4271683408959151,True,True,encoded
10080,RHEA:68612,True,0.4314335748669303,True,True,encoded
10081,RHEA:68616,True,0.4408068637297612,True,True,encoded
10082,RHEA:68636,True,0.0870058753409164,True,True,encoded
10083,RHEA:68640,True,0.1159893414813224,True,True,encoded
10084,RHEA:68644,True,0.2769148079063535,False,False,clipzyme_graph_prereq_failed:reactant_product_map_sets_differ
10085,RHEA:68656,True,0.3795378814463779,True,True,encoded
10086,RHEA:68660,True,0.0626435842797043,True,True,encoded
10087,RHEA:68664,True,0.1150966150492602,True,True,encoded
10088,RHEA:68668,True,0.1054338095306728,True,True,encoded
10089,RHEA:68672,True,0.1264791578591101,True,True,encoded
10090,RHEA:68676,True,0.0930135745309702,True,True,encoded
10091,RHEA:68680,True,0.1334174329852266,True,True,encoded
10092,RHEA:68684,True,0.1121670786223662,True,True,encoded
10093,RHEA:68688,True,0.1620273712493214,True,True,encoded
10094,RHEA:68692,True,0.1348242144164496,True,True,encoded
10095,RHEA:68696,True,0.0992761918917504,True,True,encoded
10096,RHEA:68700,True,0.1328292562726702,True,True,encoded
10097,RHEA:68704,True,0.1403669805980369,True,True,encoded
10098,RHEA:68708,True,0.1480906965478516,True,True,encoded
10099,RHEA:68712,True,0.0867744673623795,True,True,encoded
10100,RHEA:68716,True,0.0885750787438449,True,True,encoded
10101,RHEA:68720,True,0.223335130283374,True,True,encoded
10102,RHEA:68724,True,0.1749478497697573,True,True,encoded
10103,RHEA:68728,True,0.235241670968703,True,True,encoded
10104,RHEA:68732,True,0.2369900921639446,True,True,encoded
10105,RHEA:68736,True,0.2970420705144933,True,True,encoded
10106,RHEA:68740,True,0.3795378814463779,True,True,encoded
10107,RHEA:68744,False,,False,False,mapping_unsupported
10108,RHEA:68756,False,,False,False,mapping_unsupported
10109,RHEA:68760,False,,False,False,mapping_unsupported
10110,RHEA:68764,False,,False,False,mapping_unsupported
10111,RHEA:68768,False,,False,False,mapping_unsupported
10112,RHEA:68772,True,0.0905933607313219,True,True,encoded
10113,RHEA:68776,True,0.0386920127736556,True,True,encoded
10114,RHEA:68780,True,0.0767229056373186,True,True,encoded
10115,RHEA:68784,True,0.0933155999547165,True,True,encoded
10116,RHEA:68788,True,0.109848435001303,True,True,encoded
10117,RHEA:68792,True,0.7606048869516525,True,True,encoded
10118,RHEA:68796,True,0.4645193205638716,True,True,encoded
10119,RHEA:68800,True,0.4802221252989533,True,True,encoded
10120,RHEA:68804,True,0.4767908501473921,True,True,encoded
10121,RHEA:68808,True,0.8930021068137834,True,True,encoded
10122,RHEA:68824,True,0.1056242306742503,True,True,encoded
10123,RHEA:68828,True,0.6227240384937698,True,True,encoded
10124,RHEA:68844,True,0.0952636004016554,True,True,encoded
10125,RHEA:68852,True,0.2217522401493742,True,True,encoded
10126,RHEA:68864,True,0.4673422434281751,True,True,encoded
10127,RHEA:68868,True,0.0241125729380267,True,True,encoded
10128,RHEA:68872,True,0.0235786242781576,True,True,encoded
10129,RHEA:68876,True,0.023501051015191,True,True,encoded
10130,RHEA:68880,True,0.0261750727503199,True,True,encoded
10131,RHEA:68884,True,0.0245906837607031,True,True,encoded
10132,RHEA:68888,True,0.0453130455211382,True,True,encoded
10133,RHEA:68892,True,0.0398653503423115,True,True,encoded
10134,RHEA:68896,True,0.0225347662970833,True,True,encoded
10135,RHEA:68900,True,0.0390627797872728,True,True,encoded
10136,RHEA:68904,True,0.0293261336008036,True,True,encoded
10137,RHEA:68908,True,0.0266522142206604,True,True,encoded
10138,RHEA:68912,True,0.0197152696879644,True,True,encoded
10139,RHEA:68916,True,0.0205715083136465,True,True,encoded
10140,RHEA:68920,True,0.0329947837450375,True,True,encoded
10141,RHEA:68924,True,0.0357602359540459,True,True,encoded
10142,RHEA:68928,True,0.0261737366879325,True,True,encoded
10143,RHEA:68932,True,0.025494175162196,True,True,encoded
10144,RHEA:68936,True,0.0257521123935987,True,True,encoded
10145,RHEA:68944,True,0.901965495985732,True,True,encoded
10146,RHEA:68948,True,0.8532072941964753,True,True,encoded
10147,RHEA:68960,True,0.9178607857609744,True,True,encoded
10148,RHEA:68964,True,0.4705762385335975,True,True,encoded
10149,RHEA:68968,True,0.5708273547997559,True,True,encoded
10150,RHEA:68972,True,0.4464119096970893,False,False,clipzyme_graph_prereq_failed:reactant_product_map_sets_differ
10151,RHEA:68976,True,0.3754097170665671,True,True,encoded
10152,RHEA:68980,True,0.2310327702292583,True,True,encoded
10153,RHEA:68984,True,0.120489112596209,True,True,encoded
10154,RHEA:68988,True,0.0291712986340772,True,True,encoded
10155,RHEA:68992,True,0.2213175848249316,True,True,encoded
10156,RHEA:68996,True,0.3320454686901248,True,True,encoded
10157,RHEA:69000,True,0.8529240931727535,True,True,encoded
10158,RHEA:69004,True,0.095012806895846,True,True,encoded
10159,RHEA:69008,False,,False,False,mapping_unsupported
10160,RHEA:69012,True,0.4164701410495056,True,True,encoded
10161,RHEA:69016,True,0.4324360506526676,True,True,encoded
10162,RHEA:69028,True,0.4164701410495056,True,True,encoded
10163,RHEA:69036,True,0.4059072003302237,True,True,encoded
10164,RHEA:69044,True,0.6172091603505568,True,True,encoded
10165,RHEA:69052,True,0.0145066235434413,True,True,encoded
10166,RHEA:69056,True,0.5959576855446761,True,True,encoded
10167,RHEA:69060,True,0.7726081457348623,True,True,encoded
10168,RHEA:69064,True,0.628408490771012,True,True,encoded
10169,RHEA:69068,True,0.2615916614139963,False,False,clipzyme_graph_prereq_failed:unmapped_atoms
10170,RHEA:69072,True,0.5196588519149848,True,True,encoded
10171,RHEA:69076,True,0.4904839574564904,True,True,encoded
10172,RHEA:69096,True,0.7573438798508415,True,True,encoded
10173,RHEA:69104,True,0.7429334717242982,True,True,encoded
10174,RHEA:69112,True,0.6300188217157874,True,True,encoded
10175,RHEA:69116,True,0.8318279823581992,True,True,encoded
10176,RHEA:69120,True,0.7875993578502605,True,True,encoded
10177,RHEA:69124,True,0.8878476927294576,True,True,encoded
10178,RHEA:69128,True,0.8340044073734703,True,True,encoded
10179,RHEA:69172,True,0.9938799397867928,True,True,encoded
10180,RHEA:69176,True,0.6519652343319997,True,True,encoded
10181,RHEA:69180,True,0.2119355131534208,True,True,encoded
10182,RHEA:69216,True,0.0727954013579434,True,True,encoded
10183,RHEA:69228,True,0.445238268552723,True,True,encoded
10184,RHEA:69252,True,0.4576175961863791,True,True,encoded
10185,RHEA:69272,True,0.417343654620983,True,True,encoded
10186,RHEA:69276,True,0.4945795932118318,True,True,encoded
10187,RHEA:69284,True,0.3844872984777935,True,True,encoded
10188,RHEA:69308,True,0.7289516659376067,True,True,encoded
10189,RHEA:69312,True,0.7248317019234867,True,True,encoded
10190,RHEA:69316,True,0.4354738060097061,True,True,encoded
10191,RHEA:69320,True,0.4588950825495695,True,True,encoded
10192,RHEA:69328,True,0.4894246353251651,True,True,encoded
10193,RHEA:69332,True,0.7888905685488053,True,True,encoded
10194,RHEA:69356,True,0.9241160312942658,True,True,encoded
10195,RHEA:69360,True,0.6344152091721815,True,True,encoded
10196,RHEA:69368,True,0.7749216102590893,True,True,encoded
10197,RHEA:69372,True,0.5447118024854887,True,True,encoded
10198,RHEA:69376,True,0.5229408071730125,True,True,encoded
10199,RHEA:69380,True,0.4915102049052522,True,True,encoded
10200,RHEA:69384,True,0.367021912033549,True,True,encoded
10201,RHEA:69388,True,0.4045840967482427,True,True,encoded
10202,RHEA:69396,True,0.0674856756372516,True,True,encoded
10203,RHEA:69400,True,0.1094362543962894,True,True,encoded
10204,RHEA:69408,True,0.7681727138868782,True,True,encoded
10205,RHEA:69412,True,0.1698062337312552,True,True,encoded
10206,RHEA:69416,True,0.7803576090202757,True,True,encoded
10207,RHEA:69420,True,0.77091138603287,True,True,encoded
10208,RHEA:69424,True,0.219451780593146,True,True,encoded
10209,RHEA:69432,False,,False,False,mapping_unsupported
10210,RHEA:69436,True,0.4165982802385619,True,True,encoded
10211,RHEA:69440,True,0.4611452334555311,True,True,encoded
10212,RHEA:69444,True,0.0157746816461327,True,True,encoded
10213,RHEA:69448,True,0.0938927690050432,True,True,encoded
10214,RHEA:69452,True,0.4520940569400271,True,True,encoded
10215,RHEA:69456,True,0.4624857221297008,True,True,encoded
10216,RHEA:69460,True,0.0148470451743489,True,True,encoded
10217,RHEA:69464,False,,False,False,mapping_unsupported
10218,RHEA:69476,True,0.2554776441673915,True,True,encoded
10219,RHEA:69484,True,0.4163173582784452,True,True,encoded
10220,RHEA:69488,True,0.381462306662412,True,True,encoded
10221,RHEA:69492,True,0.4497487293192758,True,True,encoded
10222,RHEA:69496,True,0.5087876411733602,True,True,encoded
10223,RHEA:69500,True,0.6394040969243775,True,True,encoded
10224,RHEA:69504,True,0.6099137904084343,True,True,encoded
10225,RHEA:69512,True,0.297707736741904,True,True,encoded
10226,RHEA:69516,True,0.6099137904084343,True,True,encoded
10227,RHEA:69524,True,0.4280428254011666,True,True,encoded
10228,RHEA:69540,True,0.0898685985990084,True,True,encoded
10229,RHEA:69544,True,0.0487565273511371,True,True,encoded
10230,RHEA:69548,True,0.4597522662911253,True,True,encoded
10231,RHEA:69552,True,0.3526987416602988,True,True,encoded
10232,RHEA:69572,True,0.3435893938438489,True,True,encoded
10233,RHEA:69576,True,0.4523145119158576,True,True,encoded
10234,RHEA:69580,True,0.4547997600469973,True,True,encoded
10235,RHEA:69584,True,0.2824898591832874,True,True,encoded
10236,RHEA:69588,True,0.469451258136985,True,True,encoded
10237,RHEA:69592,True,0.4332498578648732,True,True,encoded
10238,RHEA:69596,True,0.3199150566161599,True,True,encoded
10239,RHEA:69603,True,0.1102740377354362,True,True,encoded
10240,RHEA:69607,True,0.2251546514652045,True,True,encoded
10241,RHEA:69615,True,0.135087922220969,True,True,encoded
10242,RHEA:69619,False,,False,False,mapping_unsupported
10243,RHEA:69623,False,,False,False,mapping_unsupported
10244,RHEA:69627,False,,False,False,mapping_unsupported
10245,RHEA:69631,False,,False,False,mapping_unsupported
10246,RHEA:69635,True,0.3219851675246484,True,True,encoded
10247,RHEA:69639,True,0.7858511304888784,True,True,encoded
10248,RHEA:69643,True,0.103889347299856,True,True,encoded
10249,RHEA:69647,True,0.8913560391238394,True,True,encoded
10250,RHEA:69651,True,0.2918882661488552,True,True,encoded
10251,RHEA:69655,True,0.9275477288383024,True,True,encoded
10252,RHEA:69659,True,0.9243632770932128,True,True,encoded
10253,RHEA:69663,True,0.9198897027865612,True,True,encoded
10254,RHEA:69667,True,0.9231080844363532,True,True,encoded
10255,RHEA:69671,True,0.8996806700227812,True,True,encoded
10256,RHEA:69675,True,0.9290660854740188,True,True,encoded
10257,RHEA:69679,True,0.8905857082918033,True,True,encoded
10258,RHEA:69683,True,0.9047011023029468,True,True,encoded
10259,RHEA:69687,True,0.907928886479005,True,True,encoded
10260,RHEA:69691,True,0.422428812889348,True,True,encoded
10261,RHEA:69695,True,0.8049857756815941,True,True,encoded
10262,RHEA:69699,True,0.5396020715922759,True,True,encoded
10263,RHEA:69703,True,0.5396020715922759,True,True,encoded
10264,RHEA:69707,True,0.499280471816908,True,True,encoded
10265,RHEA:69711,True,0.499280471816908,True,True,encoded
10266,RHEA:69715,True,0.0245256782784249,True,True,encoded
10267,RHEA:69719,True,0.0637064264313639,True,True,encoded
10268,RHEA:69723,True,0.1508351898152327,True,True,encoded
10269,RHEA:69735,True,0.1829738276481089,True,True,encoded
10270,RHEA:69739,True,0.2344916275861578,True,True,encoded
10271,RHEA:69743,True,0.1654303482871561,True,True,encoded
10272,RHEA:69747,True,0.1211660242597017,True,True,encoded
10273,RHEA:69751,True,0.1138313003900756,True,True,encoded
10274,RHEA:69755,True,0.1354397627516207,True,True,encoded
10275,RHEA:69759,True,0.7444545629157492,True,True,encoded
10276,RHEA:69767,True,0.7038008075571538,True,True,encoded
10277,RHEA:69775,True,0.0779692034287766,True,True,encoded
10278,RHEA:69779,True,0.1867580393792642,True,True,encoded
10279,RHEA:69783,True,0.2514729123149435,True,True,encoded
10280,RHEA:69787,True,0.230848404708346,True,True,encoded
10281,RHEA:69811,True,0.2090517575185816,True,True,encoded
10282,RHEA:69819,True,0.3694298836778186,True,True,encoded
10283,RHEA:69831,True,0.2442008260190531,True,True,encoded
10284,RHEA:69835,True,0.2499875961188382,True,True,encoded
10285,RHEA:69839,True,0.208001394017078,True,True,encoded
10286,RHEA:69851,True,0.7054014563515842,True,True,encoded
10287,RHEA:69855,True,0.381847660411054,True,True,encoded
10288,RHEA:69859,True,0.827834454268909,True,True,encoded
10289,RHEA:69863,True,0.827834454268909,True,True,encoded
10290,RHEA:69871,True,0.2204718034293664,True,True,encoded
10291,RHEA:69875,True,0.270985699199951,True,True,encoded
10292,RHEA:69879,True,0.192151055725159,True,True,encoded
10293,RHEA:69923,True,0.2242059038589559,True,True,encoded
10294,RHEA:69939,True,0.2374738987650393,True,True,encoded
10295,RHEA:69943,True,0.2032418321978108,True,True,encoded
10296,RHEA:69947,True,0.2555218564720633,True,True,encoded
10297,RHEA:69951,True,0.2137334987737231,True,True,encoded
10298,RHEA:69959,True,0.2374738987650393,True,True,encoded
10299,RHEA:69963,True,0.2032418321978108,True,True,encoded
10300,RHEA:69971,True,0.2050151549973554,True,True,encoded
10301,RHEA:69975,True,0.1930774144549985,True,True,encoded
10302,RHEA:69979,True,0.1807038624773254,True,True,encoded
10303,RHEA:69983,True,0.2054416477810903,True,True,encoded
10304,RHEA:69987,True,0.3120421311791444,True,True,encoded
10305,RHEA:69991,True,0.3120334539946693,True,True,encoded
10306,RHEA:70003,True,0.2460356661706082,True,True,encoded
10307,RHEA:70015,True,0.2452563601798339,True,True,encoded
10308,RHEA:70019,True,0.2452563601798339,True,True,encoded
10309,RHEA:70027,True,0.7828904778673603,True,True,encoded
10310,RHEA:70031,True,0.0089644999718975,True,True,encoded
10311,RHEA:70035,True,0.0070961509883843,True,True,encoded
10312,RHEA:70039,True,0.0051089301332718,True,True,encoded
10313,RHEA:70043,True,0.0070961509883843,True,True,encoded
10314,RHEA:70047,True,0.6070164257686238,True,True,encoded
10315,RHEA:70051,True,0.7504491961595046,True,True,encoded
10316,RHEA:70059,True,0.18989563125886,True,True,encoded
10317,RHEA:70063,True,0.2240171330872447,True,True,encoded
10318,RHEA:70067,True,0.2445967497878485,True,True,encoded
10319,RHEA:70071,True,0.2316873697894682,True,True,encoded
10320,RHEA:70075,False,,False,False,mapping_unsupported
10321,RHEA:70079,True,0.4376169340435927,True,True,encoded
10322,RHEA:70111,True,0.0064553861966513,True,True,encoded
10323,RHEA:70115,True,0.2649433074881913,True,True,encoded
10324,RHEA:70119,True,0.1875899812382859,True,True,encoded
10325,RHEA:70123,True,0.0066338294762524,True,True,encoded
10326,RHEA:70127,True,0.2462475365977955,True,True,encoded
10327,RHEA:70131,True,0.1816998042738865,True,True,encoded
10328,RHEA:70135,True,0.0064553861966513,True,True,encoded
10329,RHEA:70139,True,0.2649433074881913,True,True,encoded
10330,RHEA:70143,True,0.1875899812382859,True,True,encoded
10331,RHEA:70147,True,0.0066929279648712,True,True,encoded
10332,RHEA:70151,True,0.2170334439994487,True,True,encoded
10333,RHEA:70155,True,0.1928203574885141,True,True,encoded
10334,RHEA:70199,True,0.9653135125532168,True,True,encoded
10335,RHEA:70211,True,0.6459615435599034,True,True,encoded
10336,RHEA:70215,True,0.4129610790429502,True,True,encoded
10337,RHEA:70219,True,0.4454169408435188,True,True,encoded
10338,RHEA:70223,True,0.7430934750747346,True,True,encoded
10339,RHEA:70227,True,0.2834969782403089,True,True,encoded
10340,RHEA:70231,True,0.1656033810464771,True,True,encoded
10341,RHEA:70235,True,0.5130515198698571,True,True,encoded
10342,RHEA:70239,True,0.6083045027747783,True,True,encoded
10343,RHEA:70243,True,0.6860355550015373,True,True,encoded
10344,RHEA:70247,True,0.4236383291943604,True,True,encoded
10345,RHEA:70251,True,0.4097032802872289,True,True,encoded
10346,RHEA:70255,True,0.4419646041237707,True,True,encoded
10347,RHEA:70263,True,0.0002284548826545,True,True,encoded
10348,RHEA:70271,True,0.0004833526465875,True,True,encoded
10349,RHEA:70275,True,0.5881311253743073,True,True,encoded
10350,RHEA:70279,True,0.5279917760360746,True,True,encoded
10351,RHEA:70283,True,0.3972211005805648,True,True,encoded
10352,RHEA:70287,True,0.0035969488119252,True,True,encoded
10353,RHEA:70295,True,0.7014140625173098,True,True,encoded
10354,RHEA:70303,True,0.5926785805728205,True,True,encoded
10355,RHEA:70307,True,0.4419646041237707,True,True,encoded
10356,RHEA:70311,True,0.276202852763147,True,True,encoded
10357,RHEA:70315,True,0.1940400906816719,True,True,encoded
10358,RHEA:70319,True,0.0330610832539994,True,True,encoded
10359,RHEA:70339,True,0.5463650478297006,True,True,encoded
10360,RHEA:70343,True,0.4529558067558867,True,True,encoded
10361,RHEA:70347,True,0.4555759702280678,True,True,encoded
10362,RHEA:70351,True,0.3107575878413598,True,True,encoded
10363,RHEA:70359,True,0.1840616447420747,True,True,encoded
10364,RHEA:70363,True,0.2900229324102648,True,True,encoded
10365,RHEA:70367,True,0.1585531495361518,True,True,encoded
10366,RHEA:70371,True,0.1702264226292573,True,True,encoded
10367,RHEA:70375,True,0.1373285833078796,True,True,encoded
10368,RHEA:70379,True,0.0976921876354643,True,True,encoded
10369,RHEA:70383,True,0.0420897292646561,True,True,encoded
10370,RHEA:70387,True,0.0275251215454899,True,True,encoded
10371,RHEA:70391,True,0.0191786038217315,True,True,encoded
10372,RHEA:70395,True,0.0157687994734248,True,True,encoded
10373,RHEA:70399,True,0.009137574631137,True,True,encoded
10374,RHEA:70403,True,0.0909755051278178,True,True,encoded
10375,RHEA:70407,True,0.3274361061308328,True,True,encoded
10376,RHEA:70435,True,0.3077835940108998,True,True,encoded
10377,RHEA:70439,True,0.3077835940108998,True,True,encoded
10378,RHEA:70443,True,0.3035785336546404,True,True,encoded
10379,RHEA:70447,True,0.3035785336546404,True,True,encoded
10380,RHEA:70459,True,0.1216304439552752,True,True,encoded
10381,RHEA:70463,True,0.1216304439552752,True,True,encoded
10382,RHEA:70467,True,0.1007182934281623,True,True,encoded
10383,RHEA:70471,True,0.1007182934281623,True,True,encoded
10384,RHEA:70479,True,0.4521926096772811,True,True,encoded
10385,RHEA:70487,True,0.1758427712946731,True,True,encoded
10386,RHEA:70491,True,0.6775744717162565,True,True,encoded
10387,RHEA:70503,True,0.2726082148852813,True,True,encoded
10388,RHEA:70507,True,0.2329312475670114,True,True,encoded
10389,RHEA:70511,True,0.7066225266153219,True,True,encoded
10390,RHEA:70519,True,0.91935547738927,True,True,encoded
10391,RHEA:70527,True,0.6677988440860964,True,True,encoded
10392,RHEA:70531,True,0.6884808897708579,True,True,encoded
10393,RHEA:70563,True,0.4682453563954381,True,True,encoded
10394,RHEA:70567,True,0.590513979752971,True,True,encoded
10395,RHEA:70575,True,0.925061684453821,True,True,encoded
10396,RHEA:70579,True,0.0351704093237243,True,True,encoded
10397,RHEA:70583,True,0.0854859391609124,True,True,encoded
10398,RHEA:70591,True,0.0695062862404804,True,True,encoded
10399,RHEA:70595,True,0.1103250724017335,True,True,encoded
10400,RHEA:70599,True,0.2377423533612133,True,True,encoded
10401,RHEA:70603,True,0.8302473058147659,True,True,encoded
10402,RHEA:70607,True,0.1195631080277548,True,True,encoded
10403,RHEA:70611,True,0.6869532624545327,True,True,encoded
10404,RHEA:70615,True,0.593508738161011,True,True,encoded
10405,RHEA:70619,True,0.3519841702506732,True,True,encoded
10406,RHEA:70623,True,0.258569149693897,True,True,encoded
10407,RHEA:70631,True,0.7322231531690164,True,True,encoded
10408,RHEA:70651,True,0.6913966237886782,True,True,encoded
10409,RHEA:70667,True,0.7637066460701358,True,True,encoded
10410,RHEA:70671,True,0.1767802624213937,True,True,encoded
10411,RHEA:70675,True,0.6265219527857214,True,True,encoded
10412,RHEA:70683,True,0.914910161512678,True,True,encoded
10413,RHEA:70707,True,0.6784569118483311,True,True,encoded
10414,RHEA:70727,True,0.6455196256659572,True,True,encoded
10415,RHEA:70739,True,0.4407264510726735,True,True,encoded
10416,RHEA:70743,True,0.4141798030110049,True,True,encoded
10417,RHEA:70747,True,0.3147548818677835,True,True,encoded
10418,RHEA:70751,True,0.430070896326758,True,True,encoded
10419,RHEA:70755,True,0.3696440296672021,True,True,encoded
10420,RHEA:70759,True,0.2628719930940568,True,True,encoded
10421,RHEA:70763,True,0.3633957285013704,True,True,encoded
10422,RHEA:70767,True,0.3722500596069371,True,True,encoded
10423,RHEA:70771,True,0.21890502842454,True,True,encoded
10424,RHEA:70775,True,0.1348927217107895,True,True,encoded
10425,RHEA:70779,True,0.4464587844807385,True,True,encoded
10426,RHEA:70803,True,0.2606247103592264,True,True,encoded
10427,RHEA:70807,True,0.5818212210180453,True,True,encoded
10428,RHEA:70811,True,0.3459626430543769,True,True,encoded
10429,RHEA:70895,True,0.5503220729659696,True,True,encoded
10430,RHEA:70899,True,0.0809531531733184,True,True,encoded
10431,RHEA:70903,True,0.0994311044996875,True,True,encoded
10432,RHEA:70907,True,0.06523575718174,True,True,encoded
10433,RHEA:70911,True,0.0716420752547661,True,True,encoded
10434,RHEA:70999,True,0.3625456743238168,True,True,encoded
10435,RHEA:71015,True,0.4170352305847789,True,True,encoded
10436,RHEA:71079,True,0.2017897580181029,True,True,encoded
10437,RHEA:71115,True,0.5945712963968293,True,True,encoded
10438,RHEA:71119,True,0.3114884771361922,True,True,encoded
10439,RHEA:71123,False,,False,False,mapping_unsupported
10440,RHEA:71139,False,,False,False,mapping_unsupported
10441,RHEA:71143,True,0.515111843983879,True,True,encoded
10442,RHEA:71147,True,0.5618899290334315,True,True,encoded
10443,RHEA:71155,True,0.911346447389168,True,True,encoded
10444,RHEA:71231,True,0.2993110880285823,True,True,encoded
10445,RHEA:71251,True,0.7877488494243491,True,True,encoded
10446,RHEA:71395,True,0.7762538766272693,True,True,encoded
10447,RHEA:71399,True,0.1788592299439541,True,True,encoded
10448,RHEA:71403,True,0.1923285221223184,True,True,encoded
10449,RHEA:71407,True,0.204965997035587,True,True,encoded
10450,RHEA:71451,True,0.3532378128420625,True,True,encoded
10451,RHEA:71455,True,0.8706913646109392,True,True,encoded
10452,RHEA:71459,True,0.2070361009076389,True,True,encoded
10453,RHEA:71463,True,0.204414694579169,True,True,encoded
10454,RHEA:71467,True,0.215585342416418,True,True,encoded
10455,RHEA:71471,True,0.2405111653321079,True,True,encoded
10456,RHEA:71475,True,0.0470862714585273,True,True,encoded
10457,RHEA:71479,True,0.0546928893702599,True,True,encoded
10458,RHEA:71483,True,0.8580967790920045,True,True,encoded
10459,RHEA:71487,True,0.7505550130401368,True,True,encoded
10460,RHEA:71643,True,0.4927246892467369,True,True,encoded
10461,RHEA:71651,True,0.8128498977147434,True,True,encoded
10462,RHEA:71655,True,0.6660054137980697,True,True,encoded
10463,RHEA:71735,True,0.1432835446531314,True,True,encoded
10464,RHEA:71767,True,0.3273107397976958,True,True,encoded
10465,RHEA:71771,True,0.2602954889664929,True,True,encoded
10466,RHEA:71787,True,0.5328983653639332,True,True,encoded
10467,RHEA:71807,True,0.8014298118404065,True,True,encoded
10468,RHEA:71879,True,0.7716480864813904,True,True,encoded
10469,RHEA:71883,True,0.3617255094721803,True,True,encoded
10470,RHEA:71887,True,0.2158964997368606,True,True,encoded
10471,RHEA:71891,True,0.4180549674693884,True,True,encoded
10472,RHEA:71895,True,0.2480015503432602,True,True,encoded
10473,RHEA:71899,True,0.6275807166276498,True,True,encoded
10474,RHEA:71903,True,0.4167097461742316,True,True,encoded
10475,RHEA:71907,True,0.2782835771662747,True,True,encoded
10476,RHEA:71979,True,0.0312545412798365,True,True,encoded
10477,RHEA:71983,True,0.0065458794540185,True,True,encoded
10478,RHEA:71987,True,0.0204362763851058,True,True,encoded
10479,RHEA:71991,True,0.0127364153347871,True,True,encoded
10480,RHEA:71995,True,0.0060807690932139,True,True,encoded
10481,RHEA:71999,True,0.2016299317078635,False,False,clipzyme_graph_prereq_failed:rdkit_parse_failed
10482,RHEA:72015,False,,False,False,mapping_unsupported
10483,RHEA:72019,True,0.1250594131327834,True,True,encoded
10484,RHEA:72031,True,0.5872738727464297,True,True,encoded
10485,RHEA:72047,True,0.0001009941109369,False,False,clipzyme_graph_prereq_failed:reactant_product_map_sets_differ
10486,RHEA:72067,True,0.2253250717363126,True,True,encoded
10487,RHEA:72071,True,0.8616400335287032,True,True,encoded
10488,RHEA:72075,True,0.2579886917488826,True,True,encoded
10489,RHEA:72083,True,0.7317688124644176,True,True,encoded
10490,RHEA:72143,True,0.3196966162161951,False,False,clipzyme_graph_prereq_failed:unmapped_atoms
10491,RHEA:72147,True,0.3643166054173423,False,False,clipzyme_graph_prereq_failed:unmapped_atoms
10492,RHEA:72191,True,0.0119754348597829,True,True,encoded
10493,RHEA:72243,True,0.8026278859465183,True,True,encoded
10494,RHEA:72419,True,0.0763690749025006,True,True,encoded
10495,RHEA:72423,True,0.1456715343373349,True,True,encoded
10496,RHEA:72431,True,0.1522197020529648,True,True,encoded
10497,RHEA:72435,True,0.1540049992285424,True,True,encoded
10498,RHEA:72439,True,0.1908369361121196,True,True,encoded
10499,RHEA:72443,True,0.1176333864425257,True,True,encoded
10500,RHEA:72463,True,0.8503168125964048,True,True,encoded
10501,RHEA:72467,False,,False,False,mapping_unsupported
10502,RHEA:72519,True,0.3401756224605791,True,True,encoded
10503,RHEA:72523,True,0.8197222827422093,True,True,encoded
10504,RHEA:72527,True,0.8925608987793417,True,True,encoded
10505,RHEA:72531,True,0.2623276187826405,True,True,encoded
10506,RHEA:72535,True,0.4679803750034941,True,True,encoded
10507,RHEA:72539,True,0.4506188744281078,True,True,encoded
10508,RHEA:72575,True,0.2811668528509128,True,True,encoded
10509,RHEA:72579,True,0.2811668528509128,True,True,encoded
10510,RHEA:72583,True,0.1611644705422376,True,True,encoded
10511,RHEA:72587,True,0.0327032631023692,True,True,encoded
10512,RHEA:72603,True,0.170427785005309,True,True,encoded
10513,RHEA:72607,True,0.1727729822956137,True,True,encoded
10514,RHEA:72635,True,0.8834091564075544,True,True,encoded
10515,RHEA:72639,True,0.7808077858244354,True,True,encoded
10516,RHEA:72643,True,0.8364724716847364,True,True,encoded
10517,RHEA:72647,True,0.3188541774993034,True,True,encoded
10518,RHEA:72651,True,0.3072407695100543,True,True,encoded
10519,RHEA:72655,True,0.2531020988529124,True,True,encoded
10520,RHEA:72659,True,0.2320848354799006,True,True,encoded
10521,RHEA:72663,True,0.7209843585862118,True,True,encoded
10522,RHEA:72667,True,0.3057425364614073,True,True,encoded
10523,RHEA:72671,True,0.3699636727212218,True,True,encoded
10524,RHEA:72679,True,0.1104134405952824,True,True,encoded
10525,RHEA:72699,True,0.8327098556744261,True,True,encoded
10526,RHEA:72715,True,0.1393130336153535,True,True,encoded
10527,RHEA:72719,True,0.4390602229537109,True,True,encoded
10528,RHEA:72751,True,0.9491593535143766,True,True,encoded
10529,RHEA:72755,True,3.539938147318848e-05,True,True,encoded
10530,RHEA:72759,True,0.0249780487957916,True,True,encoded
10531,RHEA:72763,True,0.0083729580604101,True,True,encoded
10532,RHEA:72767,False,,False,False,mapping_unsupported
10533,RHEA:72771,True,8.727858895465466e-05,True,True,encoded
10534,RHEA:72775,True,0.1940958018147064,True,True,encoded
10535,RHEA:72779,True,0.4283530299275958,True,True,encoded
10536,RHEA:72871,True,0.1095226390774127,True,True,encoded
10537,RHEA:72875,True,0.1389403590577411,True,True,encoded
10538,RHEA:72879,True,0.630304825426765,True,True,encoded
10539,RHEA:72883,True,0.0005693456807476,True,True,encoded
10540,RHEA:72887,True,0.339116867530151,True,True,encoded
10541,RHEA:72895,False,,False,False,mapping_unsupported
10542,RHEA:72899,True,0.7933830789129619,True,True,encoded
10543,RHEA:72903,True,0.1622179146101083,True,True,encoded
10544,RHEA:72919,True,0.1809978327056467,True,True,encoded
10545,RHEA:72923,True,0.2390105068893074,True,True,encoded
10546,RHEA:72927,True,0.178676306472964,True,True,encoded
10547,RHEA:72931,True,0.2349612861134343,True,True,encoded
10548,RHEA:72975,True,0.0009256507335115,True,True,encoded
10549,RHEA:72979,True,0.106303739596492,True,True,encoded
10550,RHEA:72983,True,0.118474329548864,True,True,encoded
10551,RHEA:72999,True,0.968949827866552,True,True,encoded
10552,RHEA:73003,True,0.0005393968942726,True,True,encoded
10553,RHEA:73067,True,0.666460736951935,True,True,encoded
10554,RHEA:73071,True,0.8743350200061789,True,True,encoded
10555,RHEA:73075,True,0.8866626053686006,True,True,encoded
10556,RHEA:73079,True,0.8771037657581282,True,True,encoded
10557,RHEA:73083,True,0.8928875055518208,True,True,encoded
10558,RHEA:73103,True,0.9000251356236025,True,True,encoded
10559,RHEA:73107,True,0.8343010757701278,True,True,encoded
10560,RHEA:73111,True,0.8738716531628158,True,True,encoded
10561,RHEA:73115,True,0.8860703754783062,True,True,encoded
10562,RHEA:73119,True,0.892193194630921,True,True,encoded
10563,RHEA:73123,True,0.8670315840060508,True,True,encoded
10564,RHEA:73127,True,0.8953711678507992,True,True,encoded
10565,RHEA:73131,True,0.8902290301564502,True,True,encoded
10566,RHEA:73135,True,0.8076931110772707,True,True,encoded
10567,RHEA:73179,True,0.8317170598976336,True,True,encoded
10568,RHEA:73187,True,0.0844476819915919,True,True,encoded
10569,RHEA:73191,True,0.1372326022618359,True,True,encoded
10570,RHEA:73231,True,0.1257681931512737,True,True,encoded
10571,RHEA:73235,True,0.7034913338514124,True,True,encoded
10572,RHEA:73239,True,0.8830070514355381,True,True,encoded
10573,RHEA:73243,True,0.8995994613019034,True,True,encoded
10574,RHEA:73247,True,0.85695408187188,True,True,encoded
10575,RHEA:73251,True,0.8772165181971803,True,True,encoded
10576,RHEA:73255,True,0.8432422853365864,True,True,encoded
10577,RHEA:73259,True,0.8826596026366877,True,True,encoded
10578,RHEA:73263,True,0.8423992558229804,True,True,encoded
10579,RHEA:73271,True,0.913521234729342,True,True,encoded
10580,RHEA:73275,True,0.8738138585723811,True,True,encoded
10581,RHEA:73287,True,0.8351671137573561,True,True,encoded
10582,RHEA:73295,True,0.8241977325540667,True,True,encoded
10583,RHEA:73319,True,0.2366529973950296,True,True,encoded
10584,RHEA:73323,True,0.229778078521278,True,True,encoded
10585,RHEA:73327,True,0.1812352353930966,True,True,encoded
10586,RHEA:73331,True,0.1916239316922224,True,True,encoded
10587,RHEA:73335,True,0.1077980282343081,True,True,encoded
10588,RHEA:73339,True,0.2243255306312999,True,True,encoded
10589,RHEA:73343,True,0.3721525059507953,True,True,encoded
10590,RHEA:73347,True,0.7840199088931075,True,True,encoded
10591,RHEA:73351,True,0.1151470734505824,True,True,encoded
10592,RHEA:73355,True,0.7911859195328115,True,True,encoded
10593,RHEA:73359,True,0.1104981084290358,True,True,encoded
10594,RHEA:73363,True,0.811751995056221,True,True,encoded
10595,RHEA:73415,True,0.8563344479677362,True,True,encoded
10596,RHEA:73427,True,0.2729729672100512,True,True,encoded
10597,RHEA:73431,True,0.2689621682962526,True,True,encoded
10598,RHEA:73435,True,0.2678528199522202,True,True,encoded
10599,RHEA:73439,True,0.2652038219857128,True,True,encoded
10600,RHEA:73443,True,0.2583429372757189,True,True,encoded
10601,RHEA:73455,True,0.2408509056572328,True,True,encoded
10602,RHEA:73459,True,0.0037671474224857,True,True,encoded
10603,RHEA:73463,True,0.99396652681384,True,True,encoded
10604,RHEA:73467,True,0.9896367224378584,True,True,encoded
10605,RHEA:73495,True,0.8276468128865544,True,True,encoded
10606,RHEA:73499,True,0.8862821076138149,True,True,encoded
10607,RHEA:73503,True,0.8966492484391305,True,True,encoded
10608,RHEA:73507,True,0.8728788848624376,True,True,encoded
10609,RHEA:73511,True,0.2716113364991089,True,True,encoded
10610,RHEA:73555,True,0.2979599854089917,True,True,encoded
10611,RHEA:73571,True,0.0208575342650565,True,True,encoded
10612,RHEA:73575,True,0.1648540962225866,True,True,encoded
10613,RHEA:73579,True,0.1706799553552496,True,True,encoded
10614,RHEA:73655,True,0.6171574161020885,True,True,encoded
10615,RHEA:73663,True,0.1811958456081328,True,True,encoded
10616,RHEA:73667,True,0.3040561214955399,True,True,encoded
10617,RHEA:73683,True,0.6137097205797709,True,True,encoded
10618,RHEA:73723,True,0.0844476819915919,True,True,encoded
10619,RHEA:73727,True,0.0844476819915919,True,True,encoded
10620,RHEA:73731,True,0.0844476819915919,True,True,encoded
10621,RHEA:73735,True,0.2444635580643455,True,True,encoded
10622,RHEA:73759,True,0.8108467269936549,True,True,encoded
10623,RHEA:73763,True,0.0049250981420004,True,True,encoded
10624,RHEA:73767,True,0.1646937985461441,True,True,encoded
10625,RHEA:73771,True,0.1892786079406407,True,True,encoded
10626,RHEA:73775,True,0.1088049644168046,True,True,encoded
10627,RHEA:73779,True,0.1210447100932756,True,True,encoded
10628,RHEA:73783,True,0.0909296609518476,True,True,encoded
10629,RHEA:73787,True,0.0896721141069111,True,True,encoded
10630,RHEA:73791,True,0.1032591229594921,True,True,encoded
10631,RHEA:73795,True,0.1155683480578643,True,True,encoded
10632,RHEA:73799,True,0.0802916839743349,True,True,encoded
10633,RHEA:73803,True,0.1061401796892615,True,True,encoded
10634,RHEA:73815,True,0.3453421152585786,True,True,encoded
10635,RHEA:73891,True,0.1424261046111571,True,True,encoded
10636,RHEA:73895,True,0.1527802493776942,True,True,encoded
10637,RHEA:73899,True,0.1670857989531295,True,True,encoded
10638,RHEA:73903,True,0.2118462707581117,True,True,encoded
10639,RHEA:73907,True,0.1561574286186432,True,True,encoded
10640,RHEA:73911,True,0.2627303736561949,True,True,encoded
10641,RHEA:73915,False,,False,False,mapping_unsupported
10642,RHEA:73923,True,0.620200593456798,True,True,encoded
10643,RHEA:73927,True,0.6969985220192726,True,True,encoded
10644,RHEA:73931,True,0.3784040461396907,True,True,encoded
10645,RHEA:73935,True,0.1590492871324467,True,True,encoded
10646,RHEA:73939,True,0.9040936631858676,True,True,encoded
10647,RHEA:73943,True,0.4071268812104399,True,True,encoded
10648,RHEA:73951,True,0.0161166540845583,True,True,encoded
10649,RHEA:73955,True,0.8287760623085034,True,True,encoded
10650,RHEA:73959,True,0.8392022571732267,True,True,encoded
10651,RHEA:73963,True,0.0147297043821695,True,True,encoded
10652,RHEA:73967,True,0.3625186146674773,True,True,encoded
10653,RHEA:73971,True,0.5853438304474903,True,True,encoded
10654,RHEA:73975,True,0.3423098523314228,True,True,encoded
10655,RHEA:73979,True,0.0664254390210183,True,True,encoded
10656,RHEA:73983,True,0.0191130679049238,True,True,encoded
10657,RHEA:73987,True,0.0424748029988044,True,True,encoded
10658,RHEA:73991,True,0.084100323561048,True,True,encoded
10659,RHEA:73995,True,0.055739855168696,True,True,encoded
10660,RHEA:73999,True,0.211241483322614,True,True,encoded
10661,RHEA:74003,True,0.8212144602110207,False,False,clipzyme_graph_prereq_failed:reactant_product_map_sets_differ
10662,RHEA:74007,True,0.1119196170503896,True,True,encoded
10663,RHEA:74011,True,0.2510144617138343,True,True,encoded
10664,RHEA:74075,True,0.5224446563457751,True,True,encoded
10665,RHEA:74079,True,0.3479261150156652,True,True,encoded
10666,RHEA:74083,True,0.0803219764506426,True,True,encoded
10667,RHEA:74103,True,0.4548498726784448,True,True,encoded
10668,RHEA:74107,True,0.2578395257165823,False,False,clipzyme_graph_prereq_failed:rdkit_parse_failed
10669,RHEA:74111,True,0.7271324713478946,True,True,encoded
10670,RHEA:74115,True,0.7476576249227489,True,True,encoded
10671,RHEA:74119,True,0.7002994074438564,True,True,encoded
10672,RHEA:74123,True,0.7692914417902995,True,True,encoded
10673,RHEA:74127,True,0.7800938364197061,True,True,encoded
10674,RHEA:74131,True,0.7238714074093539,True,True,encoded
10675,RHEA:74135,True,0.7729903942966018,True,True,encoded
10676,RHEA:74139,True,0.7729903942966018,True,True,encoded
10677,RHEA:74155,True,0.2149279263686979,True,True,encoded
10678,RHEA:74159,True,0.1024313771196484,True,True,encoded
10679,RHEA:74163,True,0.2039334295164528,True,True,encoded
10680,RHEA:74167,True,0.3017192992268509,True,True,encoded
10681,RHEA:74175,True,0.6989646330854105,True,True,encoded
10682,RHEA:74179,True,0.2171916154326538,True,True,encoded
10683,RHEA:74183,True,0.8643011198553048,True,True,encoded
10684,RHEA:74187,True,0.8720401713362598,True,True,encoded
10685,RHEA:74195,True,0.4208983464338492,True,True,encoded
10686,RHEA:74199,True,0.302231150956633,True,True,encoded
10687,RHEA:74211,True,0.9387465270182588,True,True,encoded
10688,RHEA:74215,True,0.9377770104567088,True,True,encoded
10689,RHEA:74219,True,0.9377770104567088,True,True,encoded
10690,RHEA:74223,True,0.9377770104567088,True,True,encoded
10691,RHEA:74227,True,0.9387465270182588,True,True,encoded
10692,RHEA:74231,True,0.9387465270182588,True,True,encoded
10693,RHEA:74235,True,0.9387465270182588,True,True,encoded
10694,RHEA:74247,True,0.2561402335713263,True,True,encoded
10695,RHEA:74251,True,0.6917589492801872,True,True,encoded
10696,RHEA:74255,True,0.9509375748897688,True,True,encoded
10697,RHEA:74259,True,0.9509375748897688,True,True,encoded
10698,RHEA:74271,True,0.0359573734863362,True,True,encoded
10699,RHEA:74275,True,0.0492015581973521,True,True,encoded
10700,RHEA:74279,True,0.0877279227651153,True,True,encoded
10701,RHEA:74283,True,0.1716941047120286,True,True,encoded
10702,RHEA:74287,True,0.0674856756372516,True,True,encoded
10703,RHEA:74355,True,0.8929949829737249,True,True,encoded
10704,RHEA:74463,True,0.8926510701697192,True,True,encoded
10705,RHEA:74471,True,0.2892289907236298,True,True,encoded
10706,RHEA:74475,True,0.3910275944808604,True,True,encoded
10707,RHEA:74479,True,0.2582100262811567,True,True,encoded
10708,RHEA:74483,True,0.3945759908620136,True,True,encoded
10709,RHEA:74487,True,0.0002580303178555,True,True,encoded
10710,RHEA:74491,True,0.7624091581684976,True,True,encoded
10711,RHEA:74495,True,0.5708983808944782,True,True,encoded
10712,RHEA:74499,True,0.2700322667015751,True,True,encoded
10713,RHEA:74503,True,0.2700322667015751,True,True,encoded
10714,RHEA:74507,True,0.822378929985454,True,True,encoded
10715,RHEA:74511,True,0.7930575393032737,True,True,encoded
10716,RHEA:74515,True,0.7930575393032737,True,True,encoded
10717,RHEA:74543,True,0.0867421994138193,True,True,encoded
10718,RHEA:74547,True,0.0321713595526427,True,True,encoded
10719,RHEA:74551,True,0.9377770104567088,True,True,encoded
10720,RHEA:74571,True,0.9372768838120012,True,True,encoded
10721,RHEA:74575,True,0.9261015266435642,True,True,encoded
10722,RHEA:74579,True,0.9461881710113256,True,True,encoded
10723,RHEA:74583,True,0.947706621838252,True,True,encoded
10724,RHEA:74587,True,0.1276888542117404,True,True,encoded
10725,RHEA:74591,True,0.2380131756042491,False,False,clipzyme_graph_prereq_failed:rdkit_parse_failed
10726,RHEA:74627,True,0.2481915477524688,False,False,clipzyme_graph_prereq_failed:reactant_product_map_sets_differ
10727,RHEA:74635,True,0.2801715028125524,True,True,encoded
10728,RHEA:74647,True,0.3330939719882207,True,True,encoded
10729,RHEA:74651,True,0.3176039478530917,True,True,encoded
10730,RHEA:74655,True,0.3291199092732202,True,True,encoded
10731,RHEA:74659,True,0.3032434468227478,True,True,encoded
10732,RHEA:74707,True,0.4485753132845531,False,False,clipzyme_graph_prereq_failed:unmapped_atoms
10733,RHEA:74711,True,0.1836722653845535,False,False,clipzyme_graph_prereq_failed:rdkit_parse_failed
10734,RHEA:74715,True,0.8861034041519827,True,True,encoded
10735,RHEA:74719,True,0.8345453295489096,True,True,encoded
10736,RHEA:74723,True,0.877335943417145,True,True,encoded
10737,RHEA:74727,False,,False,False,mapping_unsupported
10738,RHEA:74731,True,0.91145500798495,True,True,encoded
10739,RHEA:74735,True,0.7365619685264463,True,True,encoded
10740,RHEA:74739,True,0.6828962941106036,True,True,encoded
10741,RHEA:74743,True,0.8702363798757722,True,True,encoded
10742,RHEA:74747,True,0.8356749498396464,True,True,encoded
10743,RHEA:74751,True,0.4549722320994138,True,True,encoded
10744,RHEA:74755,True,0.832458978745476,True,True,encoded
10745,RHEA:74759,True,0.8961060761894951,True,True,encoded
10746,RHEA:74763,True,0.9173049510046648,True,True,encoded
10747,RHEA:74767,True,0.8206719301894859,True,True,encoded
10748,RHEA:74771,True,0.7584933316943334,True,True,encoded
10749,RHEA:74775,True,0.870714445303095,True,True,encoded
10750,RHEA:74779,True,0.8137756984573589,True,True,encoded
10751,RHEA:74799,True,0.0195006442776363,True,True,encoded
10752,RHEA:74803,True,0.0220938333402873,True,True,encoded
10753,RHEA:74807,True,0.0332191103569416,True,True,encoded
10754,RHEA:74811,True,0.0256213984040562,True,True,encoded
10755,RHEA:74815,True,0.0463736929351824,True,True,encoded
10756,RHEA:74823,True,0.0378966657127875,True,True,encoded
10757,RHEA:74847,True,0.0039558141546325,True,True,encoded
10758,RHEA:74867,True,0.0877621260081694,True,True,encoded
10759,RHEA:74887,True,0.2163870589201635,True,True,encoded
10760,RHEA:74899,True,0.0876408506770259,True,True,encoded
10761,RHEA:74903,True,0.1920269427757433,True,True,encoded
10762,RHEA:74907,True,0.4369954307737728,True,True,encoded
10763,RHEA:74911,True,0.0726030544389199,True,True,encoded
10764,RHEA:74915,True,0.1850051053555045,True,True,encoded
10765,RHEA:74919,True,0.3451727175935533,True,True,encoded
10766,RHEA:74923,True,0.6376643442812668,True,True,encoded
10767,RHEA:74927,True,0.6430679274392125,True,True,encoded
10768,RHEA:74931,True,0.001443503920262,True,True,encoded
10769,RHEA:74935,True,0.0020893675043245,True,True,encoded
10770,RHEA:74939,True,0.2616185925669316,True,True,encoded
10771,RHEA:74943,True,0.2400326685923422,True,True,encoded
10772,RHEA:74947,True,0.2700378765424832,True,True,encoded
10773,RHEA:74951,True,0.2297069081530818,True,True,encoded
10774,RHEA:74955,True,0.0861924952875302,True,True,encoded
10775,RHEA:74959,True,0.0958129647462406,True,True,encoded
10776,RHEA:74967,True,0.2097924004638175,True,True,encoded
10777,RHEA:74975,True,0.3749105371149535,True,True,encoded
10778,RHEA:74979,True,0.2141278767301587,True,True,encoded
10779,RHEA:74983,True,0.4410655857563944,True,True,encoded
10780,RHEA:75003,True,0.0138695682217899,True,True,encoded
10781,RHEA:75011,True,0.0007370073142713,False,False,clipzyme_graph_prereq_failed:unmapped_atoms
10782,RHEA:75015,True,0.1043633339362062,True,True,encoded
10783,RHEA:75019,True,0.0034569164467633,False,False,clipzyme_graph_prereq_failed:unmapped_atoms
10784,RHEA:75023,True,0.0054055716207743,False,False,clipzyme_graph_prereq_failed:unmapped_atoms
10785,RHEA:75027,True,0.0087245065789066,False,False,clipzyme_graph_prereq_failed:unmapped_atoms
10786,RHEA:75031,True,0.1902939778572094,False,False,clipzyme_graph_prereq_failed:unmapped_atoms
10787,RHEA:75035,True,0.0792265725080199,False,False,clipzyme_graph_prereq_failed:unmapped_atoms
10788,RHEA:75079,True,0.1949656958020102,True,True,encoded
10789,RHEA:75083,True,0.1473546326227303,True,True,encoded
10790,RHEA:75087,True,0.170543798453945,True,True,encoded
10791,RHEA:75103,True,0.1922624982278242,True,True,encoded
10792,RHEA:75107,True,0.1525365693805292,True,True,encoded
10793,RHEA:75111,True,0.1403459905542729,True,True,encoded
10794,RHEA:75119,True,0.6234735663673597,True,True,encoded
10795,RHEA:75123,True,0.1574506802648675,True,True,encoded
10796,RHEA:75135,True,0.4749861478418737,True,True,encoded
10797,RHEA:75139,True,0.3373133651012849,True,True,encoded
10798,RHEA:75143,True,0.8472980470029973,True,True,encoded
10799,RHEA:75147,True,0.1069435427352808,True,True,encoded
10800,RHEA:75159,True,0.1892164749558282,True,True,encoded
10801,RHEA:75163,True,0.2319548988159938,True,True,encoded
10802,RHEA:75167,True,0.2186354928733753,True,True,encoded
10803,RHEA:75171,True,0.2139200342227361,True,True,encoded
10804,RHEA:75175,True,0.2227309087043517,True,True,encoded
10805,RHEA:75199,True,0.5708494559502142,True,True,encoded
10806,RHEA:75203,True,0.2016147500638058,True,True,encoded
10807,RHEA:75215,True,0.4205059389541226,True,True,encoded
10808,RHEA:75219,True,0.9531364620534132,True,True,encoded
10809,RHEA:75223,True,0.9676809912647546,True,True,encoded
10810,RHEA:75227,True,0.9616229730972164,True,True,encoded
10811,RHEA:75231,True,0.932132677850518,True,True,encoded
10812,RHEA:75239,True,0.2251543377489052,True,True,encoded
10813,RHEA:75243,True,0.1820943749680062,True,True,encoded
10814,RHEA:75247,True,0.2543931460896975,True,True,encoded
10815,RHEA:75267,True,0.4110049679955538,True,True,encoded
10816,RHEA:75271,True,0.9135271477039194,True,True,encoded
10817,RHEA:75279,True,0.2804533624824106,True,True,encoded
10818,RHEA:75283,True,0.256662309853395,True,True,encoded
10819,RHEA:75299,True,0.7394803132344908,True,True,encoded
10820,RHEA:75303,True,0.7711461294508317,True,True,encoded
10821,RHEA:75351,True,0.6314449765644571,True,True,encoded
10822,RHEA:75387,True,0.3032980949998483,True,True,encoded
10823,RHEA:75407,True,0.4353988608241254,True,True,encoded
10824,RHEA:75423,True,0.5330079325893315,True,True,encoded
10825,RHEA:75427,True,0.1706047006427629,True,True,encoded
10826,RHEA:75431,True,0.1377840613018548,True,True,encoded
10827,RHEA:75435,True,0.1825779983449025,True,True,encoded
10828,RHEA:75439,True,1.3056112403763845e-05,True,True,encoded
10829,RHEA:75447,True,0.5622235555272171,False,False,clipzyme_graph_prereq_failed:unmapped_atoms
10830,RHEA:75451,True,0.5236438179401707,False,False,clipzyme_graph_prereq_failed:unmapped_atoms
10831,RHEA:75455,True,0.5236438179401707,False,False,clipzyme_graph_prereq_failed:unmapped_atoms
10832,RHEA:75459,True,0.5622235555272171,False,False,clipzyme_graph_prereq_failed:unmapped_atoms
10833,RHEA:75511,True,0.2197555264279247,True,True,encoded
10834,RHEA:75515,True,0.98164445259627,True,True,encoded
10835,RHEA:75519,True,0.2837981580085993,True,True,encoded
10836,RHEA:75523,True,0.2705397538941371,True,True,encoded
10837,RHEA:75527,True,0.2503734995218835,True,True,encoded
10838,RHEA:75531,True,0.9722436452808276,False,False,clipzyme_graph_prereq_failed:unmapped_atoms
10839,RHEA:75535,True,0.2021739340799832,True,True,encoded
10840,RHEA:75539,True,0.0553269733061646,True,True,encoded
10841,RHEA:75543,True,0.6074142124515568,True,True,encoded
10842,RHEA:75547,False,,False,False,mapping_unsupported
10843,RHEA:75551,False,,False,False,mapping_unsupported
10844,RHEA:75555,True,0.1840428177397354,True,True,encoded
10845,RHEA:75559,True,0.1631221838159915,True,True,encoded
10846,RHEA:75563,True,0.2279914068679333,True,True,encoded
10847,RHEA:75567,True,0.2101969486565741,True,True,encoded
10848,RHEA:75571,True,0.1954072496389502,True,True,encoded
10849,RHEA:75575,True,0.7298404105092893,False,False,clipzyme_graph_prereq_failed:reactant_product_map_sets_differ
10850,RHEA:75579,True,0.8908768515063751,False,False,clipzyme_graph_prereq_failed:reactant_product_map_sets_differ
10851,RHEA:75583,True,0.6286850644033791,True,True,encoded
10852,RHEA:75587,True,0.6400578189156539,True,True,encoded
10853,RHEA:75591,True,0.840562679554824,True,True,encoded
10854,RHEA:75595,True,0.7352729935305935,True,True,encoded
10855,RHEA:75599,True,0.6085648499773465,True,True,encoded
10856,RHEA:75603,True,0.6944889452201937,True,True,encoded
10857,RHEA:75607,True,0.6651057561839613,True,True,encoded
10858,RHEA:75615,True,0.6940564758342733,True,True,encoded
10859,RHEA:75619,True,0.6411354986694464,True,True,encoded
10860,RHEA:75623,True,0.7220687949420431,True,True,encoded
10861,RHEA:75627,True,0.5048903526752391,True,True,encoded
10862,RHEA:75635,True,0.6104736833821833,True,True,encoded
10863,RHEA:75639,True,0.8411056702119108,True,True,encoded
10864,RHEA:75643,True,0.606752699234651,True,True,encoded
10865,RHEA:75647,True,0.6583817382182114,True,True,encoded
10866,RHEA:75651,True,0.8324440270192455,True,True,encoded
10867,RHEA:75655,True,0.6590177502836437,True,True,encoded
10868,RHEA:75659,True,0.5350249924836654,True,True,encoded
10869,RHEA:75663,True,0.7089155912162902,True,True,encoded
10870,RHEA:75667,True,0.5413226654247831,True,True,encoded
10871,RHEA:75671,True,0.7992304007255184,True,True,encoded
10872,RHEA:75675,True,0.7352729935305935,True,True,encoded
10873,RHEA:75679,True,0.7352729935305935,True,True,encoded
10874,RHEA:75683,True,0.5843888442472414,True,True,encoded
10875,RHEA:75703,True,0.7903336777775339,True,True,encoded
10876,RHEA:75707,True,0.7636341623560507,True,True,encoded
10877,RHEA:75715,True,0.1826158535014873,True,True,encoded
10878,RHEA:75719,True,0.0280813352888399,True,True,encoded
10879,RHEA:75723,True,0.8193093246656766,True,True,encoded
10880,RHEA:75727,True,0.7956325378130819,True,True,encoded
10881,RHEA:75731,True,0.7412886463736945,True,True,encoded
10882,RHEA:75735,True,0.8304618647630554,True,True,encoded
10883,RHEA:75739,True,0.6298048253529321,True,True,encoded
10884,RHEA:75743,True,0.695177962269289,True,True,encoded
10885,RHEA:75747,True,0.5930935484428101,True,True,encoded
10886,RHEA:75751,True,0.8024741917656897,True,True,encoded
10887,RHEA:75755,True,0.7704048054967861,True,True,encoded
10888,RHEA:75759,True,0.8021255312697729,True,True,encoded
10889,RHEA:75763,True,0.8021255312697729,True,True,encoded
10890,RHEA:75767,True,0.8589435067326427,True,True,encoded
10891,RHEA:75771,True,0.797880615328362,True,True,encoded
10892,RHEA:75775,True,0.7759393408044514,True,True,encoded
10893,RHEA:75779,True,0.7207479919257073,True,True,encoded
10894,RHEA:75815,True,0.3520900363525597,True,True,encoded
10895,RHEA:75847,True,0.1174785941082265,True,True,encoded
10896,RHEA:75851,True,0.1920085466160856,True,True,encoded
10897,RHEA:75855,True,0.1920085466160856,True,True,encoded
10898,RHEA:75859,True,0.2014565194078054,True,True,encoded
10899,RHEA:75863,True,0.1427102584111247,True,True,encoded
10900,RHEA:75875,True,0.8774837125310089,True,True,encoded
10901,RHEA:75879,True,0.766037554692108,True,True,encoded
10902,RHEA:75891,True,0.2442909620073078,True,True,encoded
10903,RHEA:75895,True,0.2401081152170629,True,True,encoded
10904,RHEA:75903,True,0.7954863082732806,True,True,encoded
10905,RHEA:75907,True,0.7954863082732806,True,True,encoded
10906,RHEA:75915,True,0.5907193129327172,True,True,encoded
10907,RHEA:75919,True,0.358926098012559,True,True,encoded
10908,RHEA:75931,True,0.5125388588606966,True,True,encoded
10909,RHEA:75935,True,0.2776241177239719,True,True,encoded
10910,RHEA:75939,True,0.7134479497643399,True,True,encoded
10911,RHEA:75943,True,0.7906881967383794,True,True,encoded
10912,RHEA:75947,True,0.4803224401021299,True,True,encoded
10913,RHEA:75951,True,0.3138727247486835,True,True,encoded
10914,RHEA:75955,True,0.3696822373730714,True,True,encoded
10915,RHEA:75959,True,0.3260371972963246,True,True,encoded
10916,RHEA:75963,True,0.7798921815663976,True,True,encoded
10917,RHEA:75971,True,0.4734198431196733,True,True,encoded
10918,RHEA:75975,True,0.5280868109578006,True,True,encoded
10919,RHEA:76007,True,0.6282430933197534,True,True,encoded
10920,RHEA:76011,True,0.7522563033642838,True,True,encoded
10921,RHEA:76015,True,0.8409765519126061,True,True,encoded
10922,RHEA:76019,True,0.3960768119680559,True,True,encoded
10923,RHEA:76023,True,0.2884003415280444,True,True,encoded
10924,RHEA:76027,True,0.2821745712662775,True,True,encoded
10925,RHEA:76035,True,0.3187892660433486,True,True,encoded
10926,RHEA:76039,True,0.2637435141377794,True,True,encoded
10927,RHEA:76043,True,0.3416570163621886,True,True,encoded
10928,RHEA:76047,True,0.9070071871843473,True,True,encoded
10929,RHEA:76051,True,0.9307618777868996,True,True,encoded
10930,RHEA:76055,True,0.9026879557189692,True,True,encoded
10931,RHEA:76059,True,0.9323264074690168,True,True,encoded
10932,RHEA:76067,True,0.9135935834455868,True,True,encoded
10933,RHEA:76111,True,0.8541162048573505,True,True,encoded
10934,RHEA:76115,True,0.2831439819690132,True,True,encoded
10935,RHEA:76143,True,0.9185157562978814,True,True,encoded
10936,RHEA:76147,True,0.91991417564008,True,True,encoded
10937,RHEA:76151,True,0.2391776897676777,True,True,encoded
10938,RHEA:76155,True,0.2759699448735554,True,True,encoded
10939,RHEA:76163,True,0.3781373030114948,True,True,encoded
10940,RHEA:76227,True,0.7526976565875669,True,True,encoded
10941,RHEA:76235,False,,False,False,mapping_unsupported
10942,RHEA:76243,True,0.9897007997774564,True,True,encoded
10943,RHEA:76247,True,0.1533697906955025,True,True,encoded
10944,RHEA:76255,True,0.2840070637385342,True,True,encoded
10945,RHEA:76407,True,0.9432737098479278,True,True,encoded
10946,RHEA:76419,True,0.3176150695378363,True,True,encoded
10947,RHEA:76423,True,0.1439896643188415,True,True,encoded
10948,RHEA:76427,True,0.6600066125225479,False,False,clipzyme_graph_prereq_failed:reactant_product_map_sets_differ
10949,RHEA:76435,True,0.4916038593772945,False,False,clipzyme_graph_prereq_failed:reactant_product_map_sets_differ
10950,RHEA:76439,True,0.2408231207399395,True,True,encoded
10951,RHEA:76447,True,0.2588540410027139,True,True,encoded
10952,RHEA:76451,True,0.95587623198002,False,False,clipzyme_graph_prereq_failed:reactant_product_map_sets_differ
10953,RHEA:76455,True,0.989243676390428,False,False,clipzyme_graph_prereq_failed:reactant_product_map_sets_differ
10954,RHEA:76459,True,0.9489692085527076,False,False,clipzyme_graph_prereq_failed:reactant_product_map_sets_differ
10955,RHEA:76463,True,0.9674300712225764,False,False,clipzyme_graph_prereq_failed:reactant_product_map_sets_differ
10956,RHEA:76467,True,0.0003009125685531,True,True,encoded
10957,RHEA:76483,True,0.3174172715527539,True,True,encoded
10958,RHEA:76487,True,0.3434313089973762,True,True,encoded
10959,RHEA:76491,True,0.9084146502568196,True,True,encoded
10960,RHEA:76503,True,0.8463631708706749,True,True,encoded
10961,RHEA:76507,True,0.9455285560221732,True,True,encoded
10962,RHEA:76511,True,0.7160056693214877,True,True,encoded
10963,RHEA:76515,True,0.6854901257210463,True,True,encoded
10964,RHEA:76531,True,0.501707644843084,True,True,encoded
10965,RHEA:76543,True,0.7363723611554414,True,True,encoded
10966,RHEA:76563,True,0.4013900948426955,True,True,encoded
10967,RHEA:76599,True,0.8193091702172668,True,True,encoded
10968,RHEA:76603,True,0.8005639087867371,True,True,encoded
10969,RHEA:76607,True,0.7978804567344279,True,True,encoded
10970,RHEA:76611,True,0.477406627579813,True,True,encoded
10971,RHEA:76615,True,0.1539859552947654,True,True,encoded
10972,RHEA:76619,True,0.2646114595796432,True,True,encoded
10973,RHEA:76623,True,0.1477575726428913,True,True,encoded
10974,RHEA:76627,True,0.1477575726428913,True,True,encoded
10975,RHEA:76679,True,0.1249706415581863,True,True,encoded
10976,RHEA:76683,True,0.0256271597724852,True,True,encoded
10977,RHEA:76719,True,0.2120984688430938,True,True,encoded
10978,RHEA:76723,True,0.261222497630835,True,True,encoded
10979,RHEA:76727,True,0.2174805748362075,True,True,encoded
10980,RHEA:76735,True,0.1216297001505471,True,True,encoded
10981,RHEA:76739,True,0.1693024965878411,True,True,encoded
10982,RHEA:76743,True,0.1838449156799858,True,True,encoded
10983,RHEA:76747,True,0.1471233325508402,True,True,encoded
10984,RHEA:76755,True,0.240422398157024,True,True,encoded
10985,RHEA:76759,True,0.2899050478715961,True,True,encoded
10986,RHEA:76763,True,0.2757006309566764,True,True,encoded
10987,RHEA:76767,True,0.6767981828872262,True,True,encoded
10988,RHEA:76771,True,0.2504733892125742,True,True,encoded
10989,RHEA:76775,True,0.2736682838490842,True,True,encoded
10990,RHEA:76779,True,0.2946350829959665,True,True,encoded
10991,RHEA:76783,True,0.2749437286769255,True,True,encoded
10992,RHEA:76787,True,0.2670804381073852,True,True,encoded
10993,RHEA:76791,True,0.1918407447190985,True,True,encoded
10994,RHEA:76795,True,0.8384293850912753,True,True,encoded
10995,RHEA:76799,True,0.8523463172361707,True,True,encoded
10996,RHEA:76803,True,0.8523488467842193,True,True,encoded
10997,RHEA:76807,True,0.8249238319900859,True,True,encoded
10998,RHEA:76811,True,0.8411433357030397,True,True,encoded
10999,RHEA:76815,True,0.8150061561569919,True,True,encoded
11000,RHEA:76819,True,0.7220422049709545,True,True,encoded
11001,RHEA:76823,True,0.8337694627579336,True,True,encoded
11002,RHEA:76827,True,0.8062862305960266,True,True,encoded
11003,RHEA:76831,True,0.7039241916637774,True,True,encoded
11004,RHEA:76835,True,0.8340559988681128,True,True,encoded
11005,RHEA:76839,True,0.8512940146064469,True,True,encoded
11006,RHEA:76843,True,0.6979458911140136,True,True,encoded
11007,RHEA:76847,True,0.8392480173494734,True,True,encoded
11008,RHEA:76851,True,0.8392480173494734,True,True,encoded
11009,RHEA:76855,True,0.8469486130529275,True,True,encoded
11010,RHEA:76859,True,0.7717808854549119,True,True,encoded
11011,RHEA:76863,True,0.8123738866019484,True,True,encoded
11012,RHEA:76867,True,0.820449721755715,True,True,encoded
11013,RHEA:76871,True,0.820449721755715,True,True,encoded
11014,RHEA:76875,True,0.8368619530088371,True,True,encoded
11015,RHEA:76879,True,0.8267964451997458,True,True,encoded
11016,RHEA:76883,True,0.8545569033798197,True,True,encoded
11017,RHEA:76887,True,0.8590472741528596,True,True,encoded
11018,RHEA:76891,True,0.812688966055077,True,True,encoded
11019,RHEA:76971,True,0.3362989662689132,True,True,encoded
11020,RHEA:76975,True,0.3959255113496934,True,True,encoded
11021,RHEA:76979,True,0.0874692547986431,True,True,encoded
11022,RHEA:76983,True,0.3601376929404334,True,True,encoded
11023,RHEA:77007,True,0.0622091992899742,True,True,encoded
11024,RHEA:77011,True,0.7285052814991712,True,True,encoded
11025,RHEA:77015,True,0.6942502258695971,True,True,encoded
11026,RHEA:77019,True,0.808537104853127,True,True,encoded
11027,RHEA:77023,True,0.6886470292659017,True,True,encoded
11028,RHEA:77027,True,0.7763413974307409,True,True,encoded
11029,RHEA:77031,True,0.8150538239352985,True,True,encoded
11030,RHEA:77035,True,0.8150538239352985,True,True,encoded
11031,RHEA:77039,True,0.8127453811710805,True,True,encoded
11032,RHEA:77043,True,0.8038245950395522,True,True,encoded
11033,RHEA:77047,True,0.8234096029990079,True,True,encoded
11034,RHEA:77071,True,0.0165383071644401,True,True,encoded
11035,RHEA:77079,True,0.5804203733057817,True,True,encoded
11036,RHEA:77963,True,0.0745541492158772,True,True,encoded
11037,RHEA:77967,True,0.0163904463990209,True,True,encoded
11038,RHEA:77971,True,0.0428705233596274,True,True,encoded
11039,RHEA:77975,True,0.0194473969106072,False,False,clipzyme_graph_prereq_failed:reactant_product_map_sets_differ
11040,RHEA:77979,True,0.0239099336552978,True,True,encoded
11041,RHEA:78275,True,0.0939939909167638,True,True,encoded
11042,RHEA:78287,True,0.0063728336188725,True,True,encoded
11043,RHEA:78291,True,0.0002170398750761,True,True,encoded
11044,RHEA:78399,True,0.0266969595762022,True,True,encoded
11045,RHEA:78403,True,0.0096697877072759,True,True,encoded
11046,RHEA:78407,True,0.1028023694777684,False,False,clipzyme_graph_prereq_failed:rdkit_parse_failed
11047,RHEA:78655,True,0.0087290393507167,True,True,encoded
11048,RHEA:78979,True,0.1272722436788819,True,True,encoded
11049,RHEA:78983,True,0.0415319867620775,True,True,encoded
11050,RHEA:78987,True,0.0330389267317815,True,True,encoded
11051,RHEA:79011,True,0.0992978024196049,True,True,encoded
11052,RHEA:79687,True,0.0357665135602716,True,True,encoded
11053,RHEA:79691,True,0.2387313872141931,False,False,clipzyme_graph_prereq_failed:rdkit_parse_failed
11054,RHEA:80391,True,0.3464231147139178,False,False,clipzyme_graph_prereq_failed:reactant_product_map_sets_differ
11055,RHEA:80395,True,0.1803238503907477,True,True,encoded
11056,RHEA:80399,True,0.0988132753216083,True,True,encoded
11057,RHEA:80403,True,0.0234007911984157,True,True,encoded
11058,RHEA:80407,True,0.0448387298345754,True,True,encoded
11059,RHEA:80863,True,0.1342659687814783,True,True,encoded
11060,RHEA:80867,True,0.3362570412448772,False,False,clipzyme_graph_prereq_failed:reactant_product_map_sets_differ
11061,RHEA:80871,True,0.4079352640921428,True,True,encoded
11062,RHEA:80875,True,0.7089451940201238,True,True,encoded
11063,RHEA:80879,True,0.1566785213047151,True,True,encoded
11064,RHEA:80883,True,0.139056069463422,True,True,encoded
11065,RHEA:81103,True,0.3124430056196902,True,True,encoded
11066,RHEA:81219,True,0.081285684341619,True,True,encoded
11067,RHEA:81223,True,0.1550284229980079,True,True,encoded
11068,RHEA:81231,True,0.1012927692686242,True,True,encoded
11069,RHEA:81463,True,0.0225409229683786,True,True,encoded
11070,RHEA:81851,True,0.1516195655533512,True,True,encoded
11071,RHEA:83287,True,0.0348660020857265,False,False,clipzyme_graph_prereq_failed:unmapped_atoms
11072,RHEA:83523,True,0.1662119672685667,True,True,encoded
11073,RHEA:83527,True,0.1918999725582575,True,True,encoded
11074,RHEA:83903,True,0.0265328941871784,False,False,clipzyme_graph_prereq_failed:rdkit_parse_failed
11075,RHEA:83907,True,0.1980439476614227,True,True,encoded
11076,RHEA:85535,True,0.1046833050256871,True,True,encoded
11077,RHEA:85615,True,0.0798286284639934,True,True,encoded
11078,RHEA:85619,True,0.0282202188132221,True,True,encoded
11079,RHEA:85623,True,0.0299373195523619,True,True,encoded
11080,RHEA:85767,True,0.1579895417854921,False,False,clipzyme_graph_prereq_failed:reactant_product_map_sets_differ
