partition,direction,objective,query_id,positive_ids,candidate_id,is_positive,forward_rank,forward_score,forward_route_id,query_applicability_score,query_applicability_tier,cycle_evaluated,reverse_rank,reverse_route_id,cycle_consistency_score
development,enzyme_to_reaction,top3,B5GTQ6,MARTS_EXT_RXN_877408d79e1b,MARTS_EXT_RXN_63e6da659221,False,1,0.9813829660415649,e2r-external-top3-neighbor-v1,0.7994750079363799,near_domain,True,11.0,r2e-external-top20-v1,0.7619047619047619
development,enzyme_to_reaction,top3,B5GTQ6,MARTS_EXT_RXN_877408d79e1b,RHEA:66652,False,2,0.9647606611251831,e2r-external-top3-neighbor-v1,0.7994750079363799,near_domain,True,15.0,r2e-current-top20-v1,0.6783333333333332
development,enzyme_to_reaction,top3,B5GTQ6,MARTS_EXT_RXN_877408d79e1b,RHEA:66648,False,3,0.9597739577293396,e2r-external-top3-neighbor-v1,0.7994750079363799,near_domain,True,29.0,r2e-current-top20-v1,0.5641025641025641
development,enzyme_to_reaction,top3,B5GTQ6,MARTS_EXT_RXN_877408d79e1b,RHEA:54372,False,4,0.957446813583374,e2r-external-top3-neighbor-v1,0.7994750079363799,near_domain,True,10.0,r2e-current-top20-v1,0.6678571428571428
development,enzyme_to_reaction,top3,B5GTQ6,MARTS_EXT_RXN_877408d79e1b,MARTS_EXT_RXN_5aa1e407cf39,False,5,0.9504654407501221,e2r-external-top3-neighbor-v1,0.7994750079363799,near_domain,True,37.0,r2e-external-top20-v1,0.4836879432624113
development,enzyme_to_reaction,top3,B5GTQ6,MARTS_EXT_RXN_877408d79e1b,MARTS_EXT_RXN_a5374cc39ade,False,6,0.9448138475418091,e2r-external-top3-neighbor-v1,0.7994750079363799,near_domain,True,,r2e-external-top20-v1,0.0
development,enzyme_to_reaction,top3,B5GTQ6,MARTS_EXT_RXN_877408d79e1b,RHEA:28294,False,7,0.9438164830207825,e2r-external-top3-neighbor-v1,0.7994750079363799,near_domain,True,,r2e-current-top20-v1,0.0
development,enzyme_to_reaction,top3,B5GTQ6,MARTS_EXT_RXN_877408d79e1b,RHEA:31815,False,8,0.9438164830207825,e2r-external-top3-neighbor-v1,0.7994750079363799,near_domain,True,,r2e-current-top20-v1,0.0
development,enzyme_to_reaction,top3,B5GTQ6,MARTS_EXT_RXN_877408d79e1b,RHEA:34703,False,9,0.9438164830207825,e2r-external-top3-neighbor-v1,0.7994750079363799,near_domain,True,,r2e-current-top20-v1,0.0
development,enzyme_to_reaction,top3,B5GTQ6,MARTS_EXT_RXN_877408d79e1b,RHEA:54380,False,10,0.9345079660415649,e2r-external-top3-neighbor-v1,0.7994750079363799,near_domain,True,7.0,r2e-current-top20-v1,0.5985294117647059
development,enzyme_to_reaction,top3,B5GTQ6,MARTS_EXT_RXN_877408d79e1b,MARTS_EXT_RXN_dd89a5b3606f,False,11,0.9325133562088013,e2r-external-top3-neighbor-v1,0.7994750079363799,near_domain,True,,r2e-external-top20-v1,0.0
development,enzyme_to_reaction,top3,B5GTQ6,MARTS_EXT_RXN_877408d79e1b,MARTS_EXT_RXN_8c6cae136e8b,False,12,0.9301861524581909,e2r-external-top3-neighbor-v1,0.7994750079363799,near_domain,True,,r2e-external-top20-v1,0.0
development,enzyme_to_reaction,top3,B5GTQ6,MARTS_EXT_RXN_877408d79e1b,MARTS_EXT_RXN_8d7f7dd54117,False,13,0.9301861524581909,e2r-external-top3-neighbor-v1,0.7994750079363799,near_domain,True,,r2e-external-top20-v1,0.0
development,enzyme_to_reaction,top3,B5GTQ6,MARTS_EXT_RXN_877408d79e1b,MARTS_EXT_RXN_c0d41a7707a3,False,14,0.9281914830207825,e2r-external-top3-neighbor-v1,0.7994750079363799,near_domain,True,,r2e-external-top20-v1,0.0
development,enzyme_to_reaction,top3,B5GTQ6,MARTS_EXT_RXN_877408d79e1b,RHEA:32543,False,15,0.9255319237709045,e2r-external-top3-neighbor-v1,0.7994750079363799,near_domain,True,,r2e-current-top20-v1,0.0
development,enzyme_to_reaction,top3,B5GTQ6,MARTS_EXT_RXN_877408d79e1b,RHEA:56632,False,16,0.9255319237709045,e2r-external-top3-neighbor-v1,0.7994750079363799,near_domain,True,,r2e-current-top20-v1,0.0
development,enzyme_to_reaction,top3,B5GTQ6,MARTS_EXT_RXN_877408d79e1b,RHEA:29507,False,17,0.9228723049163818,e2r-external-top3-neighbor-v1,0.7994750079363799,near_domain,True,12.0,r2e-current-top20-v1,0.45370370370370366
development,enzyme_to_reaction,top3,B5GTQ6,MARTS_EXT_RXN_877408d79e1b,MARTS_EXT_RXN_af6c10b22452,False,18,0.9172207117080688,e2r-external-top3-neighbor-v1,0.7994750079363799,near_domain,True,,r2e-external-top20-v1,0.0
development,enzyme_to_reaction,top3,B5GTQ6,MARTS_EXT_RXN_877408d79e1b,MARTS_EXT_RXN_a78f2392f8c2,False,19,0.9128988981246948,e2r-external-top3-neighbor-v1,0.7994750079363799,near_domain,True,,r2e-external-top20-v1,0.0
development,enzyme_to_reaction,top3,B5GTQ6,MARTS_EXT_RXN_877408d79e1b,MARTS_EXT_RXN_accbb7c49b47,False,20,0.9122340679168701,e2r-external-top3-neighbor-v1,0.7994750079363799,near_domain,True,,r2e-external-top20-v1,0.0
development,enzyme_to_reaction,top10,B5GTQ6,MARTS_EXT_RXN_877408d79e1b,MARTS_EXT_RXN_63e6da659221,False,1,0.015555555000901222,e2r-external-top10-neural-rrf-v1,0.6954345238504509,near_domain,True,11.0,r2e-external-top20-v1,0.7619047619047619
development,enzyme_to_reaction,top10,B5GTQ6,MARTS_EXT_RXN_877408d79e1b,RHEA:66652,False,2,0.015439197421073914,e2r-external-top10-neural-rrf-v1,0.6954345238504509,near_domain,True,15.0,r2e-current-top20-v1,0.6783333333333332
development,enzyme_to_reaction,top10,B5GTQ6,MARTS_EXT_RXN_877408d79e1b,RHEA:66648,False,3,0.015203984454274178,e2r-external-top10-neural-rrf-v1,0.6954345238504509,near_domain,True,29.0,r2e-current-top20-v1,0.5641025641025641
development,enzyme_to_reaction,top10,B5GTQ6,MARTS_EXT_RXN_877408d79e1b,RHEA:54372,False,4,0.01484848465770483,e2r-external-top10-neural-rrf-v1,0.6954345238504509,near_domain,True,10.0,r2e-current-top20-v1,0.6678571428571428
development,enzyme_to_reaction,top10,B5GTQ6,MARTS_EXT_RXN_877408d79e1b,MARTS_EXT_RXN_0601074748a9,False,5,0.013501111418008804,e2r-external-top10-neural-rrf-v1,0.6954345238504509,near_domain,True,27.0,r2e-external-top20-v1,0.5153153153153153
development,enzyme_to_reaction,top10,B5GTQ6,MARTS_EXT_RXN_877408d79e1b,RHEA:28294,False,6,0.013215940445661545,e2r-external-top10-neural-rrf-v1,0.6954345238504509,near_domain,True,,r2e-current-top20-v1,0.0
development,enzyme_to_reaction,top10,B5GTQ6,MARTS_EXT_RXN_877408d79e1b,MARTS_EXT_RXN_b1f6de0feffa,False,7,0.013147702440619469,e2r-external-top10-neural-rrf-v1,0.6954345238504509,near_domain,True,3.0,r2e-external-top20-v1,0.7466063348416291
development,enzyme_to_reaction,top10,B5GTQ6,MARTS_EXT_RXN_877408d79e1b,MARTS_EXT_RXN_908734b433c3,False,8,0.013104500249028206,e2r-external-top10-neural-rrf-v1,0.6954345238504509,near_domain,True,,r2e-external-top20-v1,0.0
development,enzyme_to_reaction,top10,B5GTQ6,MARTS_EXT_RXN_877408d79e1b,RHEA:31815,False,9,0.013041125610470772,e2r-external-top10-neural-rrf-v1,0.6954345238504509,near_domain,True,,r2e-current-top20-v1,0.0
development,enzyme_to_reaction,top10,B5GTQ6,MARTS_EXT_RXN_877408d79e1b,MARTS_EXT_RXN_a5374cc39ade,False,10,0.012919520027935505,e2r-external-top10-neural-rrf-v1,0.6954345238504509,near_domain,True,,r2e-external-top20-v1,0.0
development,enzyme_to_reaction,top10,B5GTQ6,MARTS_EXT_RXN_877408d79e1b,RHEA:34703,False,11,0.012870939448475838,e2r-external-top10-neural-rrf-v1,0.6954345238504509,near_domain,True,,r2e-current-top20-v1,0.0
development,enzyme_to_reaction,top10,B5GTQ6,MARTS_EXT_RXN_877408d79e1b,RHEA:30951,False,12,0.012690282426774502,e2r-external-top10-neural-rrf-v1,0.6954345238504509,near_domain,True,42.0,r2e-current-top20-v1,0.3557692307692308
development,enzyme_to_reaction,top10,B5GTQ6,MARTS_EXT_RXN_877408d79e1b,RHEA:32023,False,13,0.012622399255633354,e2r-external-top10-neural-rrf-v1,0.6954345238504509,near_domain,True,25.0,r2e-current-top20-v1,0.3962732919254658
development,enzyme_to_reaction,top10,B5GTQ6,MARTS_EXT_RXN_877408d79e1b,RHEA:54044,False,14,0.012527776882052422,e2r-external-top10-neural-rrf-v1,0.6954345238504509,near_domain,True,42.0,r2e-current-top20-v1,0.3349358974358974
development,enzyme_to_reaction,top10,B5GTQ6,MARTS_EXT_RXN_877408d79e1b,RHEA:54380,False,15,0.012464546598494053,e2r-external-top10-neural-rrf-v1,0.6954345238504509,near_domain,True,7.0,r2e-current-top20-v1,0.5435294117647058
development,enzyme_to_reaction,top10,B5GTQ6,MARTS_EXT_RXN_877408d79e1b,RHEA:29507,False,16,0.012369455769658089,e2r-external-top10-neural-rrf-v1,0.6954345238504509,near_domain,True,12.0,r2e-current-top20-v1,0.46153846153846156
development,enzyme_to_reaction,top10,B5GTQ6,MARTS_EXT_RXN_877408d79e1b,MARTS_EXT_RXN_6c7d3c1df7ff,False,17,0.012246646918356419,e2r-external-top10-neural-rrf-v1,0.6954345238504509,near_domain,True,14.0,r2e-external-top20-v1,0.4328703703703703
development,enzyme_to_reaction,top10,B5GTQ6,MARTS_EXT_RXN_877408d79e1b,RHEA:32543,False,18,0.01224155817180872,e2r-external-top10-neural-rrf-v1,0.6954345238504509,near_domain,True,,r2e-current-top20-v1,0.0
development,enzyme_to_reaction,top10,B5GTQ6,MARTS_EXT_RXN_877408d79e1b,MARTS_EXT_RXN_012d56c064db,False,19,0.012226889841258526,e2r-external-top10-neural-rrf-v1,0.6954345238504509,near_domain,True,24.0,r2e-external-top20-v1,0.351419878296146
development,enzyme_to_reaction,top10,B5GTQ6,MARTS_EXT_RXN_877408d79e1b,RHEA:56632,False,20,0.012093495577573776,e2r-external-top10-neural-rrf-v1,0.6954345238504509,near_domain,True,,r2e-current-top20-v1,0.0
development,enzyme_to_reaction,top20,B5GTQ6,MARTS_EXT_RXN_877408d79e1b,MARTS_EXT_RXN_accbb7c49b47,False,1,0.013365384191274643,e2r-external-top20-dual-kernel-rrf-v1,0.6487741404666002,near_domain,True,,r2e-external-top20-v1,0.0
development,enzyme_to_reaction,top20,B5GTQ6,MARTS_EXT_RXN_877408d79e1b,RHEA:28294,False,2,0.013200054876506329,e2r-external-top20-dual-kernel-rrf-v1,0.6487741404666002,near_domain,True,,r2e-current-top20-v1,0.0
development,enzyme_to_reaction,top20,B5GTQ6,MARTS_EXT_RXN_877408d79e1b,RHEA:31815,False,3,0.013021389953792095,e2r-external-top20-dual-kernel-rrf-v1,0.6487741404666002,near_domain,True,,r2e-current-top20-v1,0.0
development,enzyme_to_reaction,top20,B5GTQ6,MARTS_EXT_RXN_877408d79e1b,RHEA:34703,False,4,0.012847630307078362,e2r-external-top20-dual-kernel-rrf-v1,0.6487741404666002,near_domain,True,,r2e-current-top20-v1,0.0
development,enzyme_to_reaction,top20,B5GTQ6,MARTS_EXT_RXN_877408d79e1b,MARTS_EXT_RXN_63e6da659221,False,5,0.012430823408067226,e2r-external-top20-dual-kernel-rrf-v1,0.6487741404666002,near_domain,True,11.0,r2e-external-top20-v1,0.6285714285714286
development,enzyme_to_reaction,top20,B5GTQ6,MARTS_EXT_RXN_877408d79e1b,MARTS_EXT_RXN_a5374cc39ade,False,6,0.011916104704141617,e2r-external-top20-dual-kernel-rrf-v1,0.6487741404666002,near_domain,True,,r2e-external-top20-v1,0.0
development,enzyme_to_reaction,top20,B5GTQ6,MARTS_EXT_RXN_877408d79e1b,RHEA:66652,False,7,0.011702977120876312,e2r-external-top20-dual-kernel-rrf-v1,0.6487741404666002,near_domain,True,15.0,r2e-current-top20-v1,0.5435294117647058
development,enzyme_to_reaction,top20,B5GTQ6,MARTS_EXT_RXN_877408d79e1b,RHEA:66648,False,8,0.01152433454990387,e2r-external-top20-dual-kernel-rrf-v1,0.6487741404666002,near_domain,True,29.0,r2e-current-top20-v1,0.4465811965811965
development,enzyme_to_reaction,top20,B5GTQ6,MARTS_EXT_RXN_877408d79e1b,MARTS_EXT_RXN_5aa1e407cf39,False,9,0.011451048776507378,e2r-external-top20-dual-kernel-rrf-v1,0.6487741404666002,near_domain,True,37.0,r2e-external-top20-v1,0.406494960806271
development,enzyme_to_reaction,top20,B5GTQ6,MARTS_EXT_RXN_877408d79e1b,RHEA:54372,False,10,0.011394817382097244,e2r-external-top20-dual-kernel-rrf-v1,0.6487741404666002,near_domain,True,10.0,r2e-current-top20-v1,0.55
development,enzyme_to_reaction,top20,B5GTQ6,MARTS_EXT_RXN_877408d79e1b,RHEA:54380,False,11,0.011086956597864628,e2r-external-top20-dual-kernel-rrf-v1,0.6487741404666002,near_domain,True,7.0,r2e-current-top20-v1,0.5854341736694677
development,enzyme_to_reaction,top20,B5GTQ6,MARTS_EXT_RXN_877408d79e1b,MARTS_EXT_RXN_c0d41a7707a3,False,12,0.01095199678093195,e2r-external-top20-dual-kernel-rrf-v1,0.6487741404666002,near_domain,True,,r2e-external-top20-v1,0.0
development,enzyme_to_reaction,top20,B5GTQ6,MARTS_EXT_RXN_877408d79e1b,MARTS_EXT_RXN_dd89a5b3606f,False,13,0.010793734341859818,e2r-external-top20-dual-kernel-rrf-v1,0.6487741404666002,near_domain,True,,r2e-external-top20-v1,0.0
development,enzyme_to_reaction,top20,B5GTQ6,MARTS_EXT_RXN_877408d79e1b,MARTS_EXT_RXN_8d7f7dd54117,False,14,0.010619968175888062,e2r-external-top20-dual-kernel-rrf-v1,0.6487741404666002,near_domain,True,,r2e-external-top20-v1,0.0
development,enzyme_to_reaction,top20,B5GTQ6,MARTS_EXT_RXN_877408d79e1b,MARTS_EXT_RXN_a78f2392f8c2,False,15,0.01036829687654972,e2r-external-top20-dual-kernel-rrf-v1,0.6487741404666002,near_domain,True,,r2e-external-top20-v1,0.0
development,enzyme_to_reaction,top20,B5GTQ6,MARTS_EXT_RXN_877408d79e1b,MARTS_EXT_RXN_8c6cae136e8b,False,16,0.01036188006401062,e2r-external-top20-dual-kernel-rrf-v1,0.6487741404666002,near_domain,True,,r2e-external-top20-v1,0.0
development,enzyme_to_reaction,top20,B5GTQ6,MARTS_EXT_RXN_877408d79e1b,RHEA:32543,False,17,0.010228855535387993,e2r-external-top20-dual-kernel-rrf-v1,0.6487741404666002,near_domain,True,,r2e-current-top20-v1,0.0
development,enzyme_to_reaction,top20,B5GTQ6,MARTS_EXT_RXN_877408d79e1b,MARTS_EXT_RXN_5298c5c71be1,False,18,0.010138280689716339,e2r-external-top20-dual-kernel-rrf-v1,0.6487741404666002,near_domain,True,,r2e-external-top20-v1,0.0
development,enzyme_to_reaction,top20,B5GTQ6,MARTS_EXT_RXN_877408d79e1b,RHEA:56632,False,19,0.010103383101522923,e2r-external-top20-dual-kernel-rrf-v1,0.6487741404666002,near_domain,True,,r2e-current-top20-v1,0.0
development,enzyme_to_reaction,top20,B5GTQ6,MARTS_EXT_RXN_877408d79e1b,RHEA:29507,False,20,0.009609043598175049,e2r-external-top20-dual-kernel-rrf-v1,0.6487741404666002,near_domain,True,12.0,r2e-current-top20-v1,0.43333333333333335
development,enzyme_to_reaction,top3,A0A7L7SES4,RHEA:32543;RHEA:56632,RHEA:16965,False,1,1.0,e2r-external-top3-neighbor-v1,0.8798601861917185,in_domain,True,31.0,r2e-current-top20-v1,0.6341463414634146
development,enzyme_to_reaction,top3,A0A7L7SES4,RHEA:32543;RHEA:56632,RHEA:32543,True,2,0.9948470592498779,e2r-external-top3-neighbor-v1,0.8798601861917185,in_domain,True,19.0,r2e-current-top20-v1,0.6479885057471264
development,enzyme_to_reaction,top3,A0A7L7SES4,RHEA:32543;RHEA:56632,RHEA:56632,True,3,0.9948470592498779,e2r-external-top3-neighbor-v1,0.8798601861917185,in_domain,True,19.0,r2e-current-top20-v1,0.6127320954907162
development,enzyme_to_reaction,top3,A0A7L7SES4,RHEA:32543;RHEA:56632,RHEA:32559,False,4,0.9926861524581909,e2r-external-top3-neighbor-v1,0.8798601861917185,in_domain,True,28.0,r2e-current-top20-v1,0.537593984962406
development,enzyme_to_reaction,top3,A0A7L7SES4,RHEA:32543;RHEA:56632,RHEA:25484,False,5,0.991356372833252,e2r-external-top3-neighbor-v1,0.8798601861917185,in_domain,True,,r2e-current-top20-v1,0.0
development,enzyme_to_reaction,top3,A0A7L7SES4,RHEA:32543;RHEA:56632,RHEA:25492,False,6,0.991356372833252,e2r-external-top3-neighbor-v1,0.8798601861917185,in_domain,True,,r2e-current-top20-v1,0.0
development,enzyme_to_reaction,top3,A0A7L7SES4,RHEA:32543;RHEA:56632,RHEA:32551,False,7,0.991356372833252,e2r-external-top3-neighbor-v1,0.8798601861917185,in_domain,True,,r2e-current-top20-v1,0.0
development,enzyme_to_reaction,top3,A0A7L7SES4,RHEA:32543;RHEA:56632,RHEA:25496,False,8,0.9893616437911987,e2r-external-top3-neighbor-v1,0.8798601861917185,in_domain,True,43.0,r2e-current-top20-v1,0.4093291404612159
development,enzyme_to_reaction,top3,A0A7L7SES4,RHEA:32543;RHEA:56632,RHEA:25666,False,9,0.9893616437911987,e2r-external-top3-neighbor-v1,0.8798601861917185,in_domain,True,43.0,r2e-current-top20-v1,0.3932472691161866
development,enzyme_to_reaction,top3,A0A7L7SES4,RHEA:32543;RHEA:56632,RHEA:32579,False,10,0.9893616437911987,e2r-external-top3-neighbor-v1,0.8798601861917185,in_domain,True,43.0,r2e-current-top20-v1,0.3787735849056604
development,enzyme_to_reaction,top3,A0A7L7SES4,RHEA:32543;RHEA:56632,RHEA:25488,False,11,0.9803856015205383,e2r-external-top3-neighbor-v1,0.8798601861917185,in_domain,True,,r2e-current-top20-v1,0.0
development,enzyme_to_reaction,top3,A0A7L7SES4,RHEA:32543;RHEA:56632,RHEA:25662,False,12,0.9803856015205383,e2r-external-top3-neighbor-v1,0.8798601861917185,in_domain,True,,r2e-current-top20-v1,0.0
development,enzyme_to_reaction,top3,A0A7L7SES4,RHEA:32543;RHEA:56632,RHEA:32575,False,13,0.9803856015205383,e2r-external-top3-neighbor-v1,0.8798601861917185,in_domain,True,,r2e-current-top20-v1,0.0
development,enzyme_to_reaction,top3,A0A7L7SES4,RHEA:32543;RHEA:56632,RHEA:80395,False,14,0.978723406791687,e2r-external-top3-neighbor-v1,0.8798601861917185,in_domain,True,37.0,r2e-current-top20-v1,0.3461879432624113
development,enzyme_to_reaction,top3,A0A7L7SES4,RHEA:32543;RHEA:56632,RHEA:80391,False,15,0.9777260422706604,e2r-external-top3-neighbor-v1,0.8798601861917185,in_domain,True,,r2e-current-top20-v1,0.0
development,enzyme_to_reaction,top3,A0A7L7SES4,RHEA:32543;RHEA:56632,RHEA:25508,False,16,0.974401593208313,e2r-external-top3-neighbor-v1,0.8798601861917185,in_domain,True,,r2e-current-top20-v1,0.0
development,enzyme_to_reaction,top3,A0A7L7SES4,RHEA:32543;RHEA:56632,RHEA:32547,False,17,0.974401593208313,e2r-external-top3-neighbor-v1,0.8798601861917185,in_domain,True,,r2e-current-top20-v1,0.0
development,enzyme_to_reaction,top3,A0A7L7SES4,RHEA:32543;RHEA:56632,RHEA:68636,False,18,0.974401593208313,e2r-external-top3-neighbor-v1,0.8798601861917185,in_domain,True,,r2e-current-top20-v1,0.0
development,enzyme_to_reaction,top3,A0A7L7SES4,RHEA:32543;RHEA:56632,RHEA:32691,False,19,0.9724069237709045,e2r-external-top3-neighbor-v1,0.8798601861917185,in_domain,True,,r2e-current-top20-v1,0.0
development,enzyme_to_reaction,top3,A0A7L7SES4,RHEA:32543;RHEA:56632,RHEA:19565,False,20,0.9720744490623474,e2r-external-top3-neighbor-v1,0.8798601861917185,in_domain,True,,r2e-current-top20-v1,0.0
development,enzyme_to_reaction,top10,A0A7L7SES4,RHEA:32543;RHEA:56632,RHEA:16965,False,1,0.016393441706895828,e2r-external-top10-neural-rrf-v1,0.8710533180508919,in_domain,True,31.0,r2e-current-top20-v1,0.6341463414634146
development,enzyme_to_reaction,top10,A0A7L7SES4,RHEA:32543;RHEA:56632,RHEA:32543,True,2,0.015786901116371155,e2r-external-top10-neural-rrf-v1,0.8710533180508919,in_domain,True,19.0,r2e-current-top20-v1,0.6479885057471264
development,enzyme_to_reaction,top10,A0A7L7SES4,RHEA:32543;RHEA:56632,RHEA:56632,True,3,0.015541340224444866,e2r-external-top10-neural-rrf-v1,0.8710533180508919,in_domain,True,19.0,r2e-current-top20-v1,0.6127320954907162
development,enzyme_to_reaction,top10,A0A7L7SES4,RHEA:32543;RHEA:56632,RHEA:32559,False,4,0.015540864318609238,e2r-external-top10-neural-rrf-v1,0.8710533180508919,in_domain,True,28.0,r2e-current-top20-v1,0.537593984962406
development,enzyme_to_reaction,top10,A0A7L7SES4,RHEA:32543;RHEA:56632,RHEA:25496,False,5,0.015147058293223381,e2r-external-top10-neural-rrf-v1,0.8710533180508919,in_domain,True,43.0,r2e-current-top20-v1,0.470440251572327
development,enzyme_to_reaction,top10,A0A7L7SES4,RHEA:32543;RHEA:56632,RHEA:25666,False,6,0.014920948073267937,e2r-external-top10-neural-rrf-v1,0.8710533180508919,in_domain,True,43.0,r2e-current-top20-v1,0.44752358490566035
development,enzyme_to_reaction,top10,A0A7L7SES4,RHEA:32543;RHEA:56632,RHEA:32579,False,7,0.01470149215310812,e2r-external-top10-neural-rrf-v1,0.8710533180508919,in_domain,True,43.0,r2e-current-top20-v1,0.4273029966703662
development,enzyme_to_reaction,top10,A0A7L7SES4,RHEA:32543;RHEA:56632,RHEA:25488,False,8,0.013713361695408821,e2r-external-top10-neural-rrf-v1,0.8710533180508919,in_domain,True,,r2e-current-top20-v1,0.0
development,enzyme_to_reaction,top10,A0A7L7SES4,RHEA:32543;RHEA:56632,RHEA:25662,False,9,0.013527777045965195,e2r-external-top10-neural-rrf-v1,0.8710533180508919,in_domain,True,,r2e-current-top20-v1,0.0
development,enzyme_to_reaction,top10,A0A7L7SES4,RHEA:32543;RHEA:56632,RHEA:32575,False,10,0.013347151689231396,e2r-external-top10-neural-rrf-v1,0.8710533180508919,in_domain,True,,r2e-current-top20-v1,0.0
development,enzyme_to_reaction,top10,A0A7L7SES4,RHEA:32543;RHEA:56632,RHEA:25484,False,11,0.013292219489812851,e2r-external-top10-neural-rrf-v1,0.8710533180508919,in_domain,True,,r2e-current-top20-v1,0.0
development,enzyme_to_reaction,top10,A0A7L7SES4,RHEA:32543;RHEA:56632,RHEA:25492,False,12,0.01311369426548481,e2r-external-top10-neural-rrf-v1,0.8710533180508919,in_domain,True,,r2e-current-top20-v1,0.0
development,enzyme_to_reaction,top10,A0A7L7SES4,RHEA:32543;RHEA:56632,MARTS_EXT_RXN_e275424c414b,False,13,0.013049154542386532,e2r-external-top10-neural-rrf-v1,0.8710533180508919,in_domain,True,23.0,r2e-external-top20-v1,0.40579710144927533
development,enzyme_to_reaction,top10,A0A7L7SES4,RHEA:32543;RHEA:56632,RHEA:25504,False,14,0.01299019530415535,e2r-external-top10-neural-rrf-v1,0.8710533180508919,in_domain,True,,r2e-current-top20-v1,0.0
development,enzyme_to_reaction,top10,A0A7L7SES4,RHEA:32543;RHEA:56632,RHEA:32551,False,15,0.012940013781189919,e2r-external-top10-neural-rrf-v1,0.8710533180508919,in_domain,True,,r2e-current-top20-v1,0.0
development,enzyme_to_reaction,top10,A0A7L7SES4,RHEA:32543;RHEA:56632,RHEA:80395,False,16,0.012878786772489548,e2r-external-top10-neural-rrf-v1,0.8710533180508919,in_domain,True,37.0,r2e-current-top20-v1,0.32855973813420625
development,enzyme_to_reaction,top10,A0A7L7SES4,RHEA:32543;RHEA:56632,RHEA:27830,False,17,0.012818347662687302,e2r-external-top10-neural-rrf-v1,0.8710533180508919,in_domain,True,46.0,r2e-current-top20-v1,0.3019179894179894
development,enzyme_to_reaction,top10,A0A7L7SES4,RHEA:32543;RHEA:56632,RHEA:10940,False,18,0.012548835016787052,e2r-external-top10-neural-rrf-v1,0.8710533180508919,in_domain,True,,r2e-current-top20-v1,0.0
development,enzyme_to_reaction,top10,A0A7L7SES4,RHEA:32543;RHEA:56632,MARTS_EXT_RXN_96ac57c79326,False,19,0.012464546598494053,e2r-external-top10-neural-rrf-v1,0.8710533180508919,in_domain,True,,r2e-external-top20-v1,0.0
development,enzyme_to_reaction,top10,A0A7L7SES4,RHEA:32543;RHEA:56632,RHEA:12869,False,20,0.012393292039632797,e2r-external-top10-neural-rrf-v1,0.8710533180508919,in_domain,True,,r2e-current-top20-v1,0.0
development,enzyme_to_reaction,top20,A0A7L7SES4,RHEA:32543;RHEA:56632,RHEA:16965,False,1,0.015761123970150948,e2r-external-top20-dual-kernel-rrf-v1,0.8213666500763311,in_domain,True,31.0,r2e-current-top20-v1,0.6341463414634146
development,enzyme_to_reaction,top20,A0A7L7SES4,RHEA:32543;RHEA:56632,RHEA:32551,False,2,0.015286470763385296,e2r-external-top20-dual-kernel-rrf-v1,0.8213666500763311,in_domain,True,,r2e-current-top20-v1,0.0
development,enzyme_to_reaction,top20,A0A7L7SES4,RHEA:32543;RHEA:56632,RHEA:25488,False,3,0.014546655118465424,e2r-external-top20-dual-kernel-rrf-v1,0.8213666500763311,in_domain,True,,r2e-current-top20-v1,0.0
development,enzyme_to_reaction,top20,A0A7L7SES4,RHEA:32543;RHEA:56632,RHEA:25496,False,4,0.014519469812512398,e2r-external-top20-dual-kernel-rrf-v1,0.8213666500763311,in_domain,True,43.0,r2e-current-top20-v1,0.4966307277628032
development,enzyme_to_reaction,top20,A0A7L7SES4,RHEA:32543;RHEA:56632,RHEA:32559,False,5,0.014466911554336548,e2r-external-top20-dual-kernel-rrf-v1,0.8213666500763311,in_domain,True,28.0,r2e-current-top20-v1,0.5114035087719297
development,enzyme_to_reaction,top20,A0A7L7SES4,RHEA:32543;RHEA:56632,RHEA:25484,False,6,0.014427767135202885,e2r-external-top20-dual-kernel-rrf-v1,0.8213666500763311,in_domain,True,,r2e-current-top20-v1,0.0
development,enzyme_to_reaction,top20,A0A7L7SES4,RHEA:32543;RHEA:56632,RHEA:25662,False,7,0.014337606728076935,e2r-external-top20-dual-kernel-rrf-v1,0.8213666500763311,in_domain,True,,r2e-current-top20-v1,0.0
development,enzyme_to_reaction,top20,A0A7L7SES4,RHEA:32543;RHEA:56632,RHEA:25666,False,8,0.014311594888567924,e2r-external-top20-dual-kernel-rrf-v1,0.8213666500763311,in_domain,True,43.0,r2e-current-top20-v1,0.4093291404612159
development,enzyme_to_reaction,top20,A0A7L7SES4,RHEA:32543;RHEA:56632,RHEA:32543,True,9,0.014290321618318558,e2r-external-top20-dual-kernel-rrf-v1,0.8213666500763311,in_domain,True,19.0,r2e-current-top20-v1,0.47912885662431937
development,enzyme_to_reaction,top20,A0A7L7SES4,RHEA:32543;RHEA:56632,RHEA:25492,False,10,0.014220518991351128,e2r-external-top20-dual-kernel-rrf-v1,0.8213666500763311,in_domain,True,,r2e-current-top20-v1,0.0
development,enzyme_to_reaction,top20,A0A7L7SES4,RHEA:32543;RHEA:56632,RHEA:32575,False,11,0.01413449551910162,e2r-external-top20-dual-kernel-rrf-v1,0.8213666500763311,in_domain,True,,r2e-current-top20-v1,0.0
development,enzyme_to_reaction,top20,A0A7L7SES4,RHEA:32543;RHEA:56632,RHEA:32579,False,12,0.014109589159488678,e2r-external-top20-dual-kernel-rrf-v1,0.8213666500763311,in_domain,True,43.0,r2e-current-top20-v1,0.35377358490566035
development,enzyme_to_reaction,top20,A0A7L7SES4,RHEA:32543;RHEA:56632,RHEA:56632,True,13,0.014081408269703388,e2r-external-top20-dual-kernel-rrf-v1,0.8213666500763311,in_domain,True,19.0,r2e-current-top20-v1,0.4287856071964018
development,enzyme_to_reaction,top20,A0A7L7SES4,RHEA:32543;RHEA:56632,RHEA:25508,False,14,0.013688137754797935,e2r-external-top20-dual-kernel-rrf-v1,0.8213666500763311,in_domain,True,,r2e-current-top20-v1,0.0
development,enzyme_to_reaction,top20,A0A7L7SES4,RHEA:32543;RHEA:56632,MARTS_EXT_RXN_96ac57c79326,False,15,0.013560008257627487,e2r-external-top20-dual-kernel-rrf-v1,0.8213666500763311,in_domain,True,,r2e-external-top20-v1,0.0
development,enzyme_to_reaction,top20,A0A7L7SES4,RHEA:32543;RHEA:56632,RHEA:32547,False,16,0.013502674177289009,e2r-external-top20-dual-kernel-rrf-v1,0.8213666500763311,in_domain,True,,r2e-current-top20-v1,0.0
development,enzyme_to_reaction,top20,A0A7L7SES4,RHEA:32543;RHEA:56632,RHEA:68636,False,17,0.013322184793651104,e2r-external-top20-dual-kernel-rrf-v1,0.8213666500763311,in_domain,True,,r2e-current-top20-v1,0.0
development,enzyme_to_reaction,top20,A0A7L7SES4,RHEA:32543;RHEA:56632,RHEA:80395,False,18,0.01294783130288124,e2r-external-top20-dual-kernel-rrf-v1,0.8213666500763311,in_domain,True,37.0,r2e-current-top20-v1,0.3134498480243161
development,enzyme_to_reaction,top20,A0A7L7SES4,RHEA:32543;RHEA:56632,RHEA:10940,False,19,0.012487789615988731,e2r-external-top20-dual-kernel-rrf-v1,0.8213666500763311,in_domain,True,,r2e-current-top20-v1,0.0
development,enzyme_to_reaction,top20,A0A7L7SES4,RHEA:32543;RHEA:56632,RHEA:12869,False,20,0.012333333492279053,e2r-external-top20-dual-kernel-rrf-v1,0.8213666500763311,in_domain,True,,r2e-current-top20-v1,0.0
development,enzyme_to_reaction,top3,A0A650A7I8,RHEA:27425;RHEA:28266;RHEA:32699;RHEA:68504;RHEA:68508;RHEA:68544,RHEA:28266,True,1,0.9978391528129578,e2r-external-top3-neighbor-v1,0.8864430846497602,in_domain,True,9.0,r2e-current-top20-v1,0.7894736842105263
development,enzyme_to_reaction,top3,A0A650A7I8,RHEA:27425;RHEA:28266;RHEA:32699;RHEA:68504;RHEA:68508;RHEA:68544,RHEA:32699,True,2,0.9973404407501221,e2r-external-top3-neighbor-v1,0.8864430846497602,in_domain,True,3.0,r2e-current-top20-v1,0.8814102564102563
development,enzyme_to_reaction,top3,A0A650A7I8,RHEA:27425;RHEA:28266;RHEA:32699;RHEA:68504;RHEA:68508;RHEA:68544,RHEA:28282,False,3,0.9968417882919312,e2r-external-top3-neighbor-v1,0.8864430846497602,in_domain,True,8.0,r2e-current-top20-v1,0.7286324786324786
development,enzyme_to_reaction,top3,A0A650A7I8,RHEA:27425;RHEA:28266;RHEA:32699;RHEA:68504;RHEA:68508;RHEA:68544,RHEA:28643,False,4,0.9940159320831299,e2r-external-top3-neighbor-v1,0.8864430846497602,in_domain,True,,r2e-current-top20-v1,0.0
development,enzyme_to_reaction,top3,A0A650A7I8,RHEA:27425;RHEA:28266;RHEA:32699;RHEA:68504;RHEA:68508;RHEA:68544,RHEA:31895,False,5,0.9850399494171143,e2r-external-top3-neighbor-v1,0.8864430846497602,in_domain,True,,r2e-current-top20-v1,0.0
development,enzyme_to_reaction,top3,A0A650A7I8,RHEA:27425;RHEA:28266;RHEA:32699;RHEA:68504;RHEA:68508;RHEA:68544,RHEA:68780,False,6,0.9850399494171143,e2r-external-top3-neighbor-v1,0.8864430846497602,in_domain,True,,r2e-current-top20-v1,0.0
development,enzyme_to_reaction,top3,A0A650A7I8,RHEA:27425;RHEA:28266;RHEA:32699;RHEA:68504;RHEA:68508;RHEA:68544,RHEA:30471,False,7,0.9793882966041565,e2r-external-top3-neighbor-v1,0.8864430846497602,in_domain,True,25.0,r2e-current-top20-v1,0.480672268907563
development,enzyme_to_reaction,top3,A0A650A7I8,RHEA:27425;RHEA:28266;RHEA:32699;RHEA:68504;RHEA:68508;RHEA:68544,RHEA:31427,False,8,0.9793882966041565,e2r-external-top3-neighbor-v1,0.8864430846497602,in_domain,True,25.0,r2e-current-top20-v1,0.46269841269841266
development,enzyme_to_reaction,top3,A0A650A7I8,RHEA:27425;RHEA:28266;RHEA:32699;RHEA:68504;RHEA:68508;RHEA:68544,RHEA:29495,False,9,0.9750664830207825,e2r-external-top3-neighbor-v1,0.8864430846497602,in_domain,True,,r2e-current-top20-v1,0.0
development,enzyme_to_reaction,top3,A0A650A7I8,RHEA:27425;RHEA:28266;RHEA:32699;RHEA:68504;RHEA:68508;RHEA:68544,MARTS_EXT_RXN_d1d507ef878d,False,10,0.9694148898124695,e2r-external-top3-neighbor-v1,0.8864430846497602,in_domain,True,,r2e-external-top20-v1,0.0
development,enzyme_to_reaction,top3,A0A650A7I8,RHEA:27425;RHEA:28266;RHEA:32699;RHEA:68504;RHEA:68508;RHEA:68544,MARTS_EXT_RXN_2ffb342ca060,False,11,0.9660904407501221,e2r-external-top3-neighbor-v1,0.8864430846497602,in_domain,True,6.0,r2e-external-top20-v1,0.6056547619047619
development,enzyme_to_reaction,top3,A0A650A7I8,RHEA:27425;RHEA:28266;RHEA:32699;RHEA:68504;RHEA:68508;RHEA:68544,RHEA:31419,False,12,0.9660904407501221,e2r-external-top3-neighbor-v1,0.8864430846497602,in_domain,True,,r2e-current-top20-v1,0.0
development,enzyme_to_reaction,top3,A0A650A7I8,RHEA:27425;RHEA:28266;RHEA:32699;RHEA:68504;RHEA:68508;RHEA:68544,RHEA:30379,False,13,0.9654255509376526,e2r-external-top3-neighbor-v1,0.8864430846497602,in_domain,True,,r2e-current-top20-v1,0.0
development,enzyme_to_reaction,top3,A0A650A7I8,RHEA:27425;RHEA:28266;RHEA:32699;RHEA:68504;RHEA:68508;RHEA:68544,RHEA:30375,False,14,0.9597739577293396,e2r-external-top3-neighbor-v1,0.8864430846497602,in_domain,True,,r2e-current-top20-v1,0.0
development,enzyme_to_reaction,top3,A0A650A7I8,RHEA:27425;RHEA:28266;RHEA:32699;RHEA:68504;RHEA:68508;RHEA:68544,RHEA:29499,False,15,0.9581117033958435,e2r-external-top3-neighbor-v1,0.8864430846497602,in_domain,True,,r2e-current-top20-v1,0.0
development,enzyme_to_reaction,top3,A0A650A7I8,RHEA:27425;RHEA:28266;RHEA:32699;RHEA:68504;RHEA:68508;RHEA:68544,RHEA:32027,False,16,0.9571143984794617,e2r-external-top3-neighbor-v1,0.8864430846497602,in_domain,True,,r2e-current-top20-v1,0.0
development,enzyme_to_reaction,top3,A0A650A7I8,RHEA:27425;RHEA:28266;RHEA:32699;RHEA:68504;RHEA:68508;RHEA:68544,RHEA:32011,False,17,0.9537898898124695,e2r-external-top3-neighbor-v1,0.8864430846497602,in_domain,True,,r2e-current-top20-v1,0.0
development,enzyme_to_reaction,top3,A0A650A7I8,RHEA:27425;RHEA:28266;RHEA:32699;RHEA:68504;RHEA:68508;RHEA:68544,RHEA:54052,False,18,0.9537898898124695,e2r-external-top3-neighbor-v1,0.8864430846497602,in_domain,True,,r2e-current-top20-v1,0.0
development,enzyme_to_reaction,top3,A0A650A7I8,RHEA:27425;RHEA:28266;RHEA:32699;RHEA:68504;RHEA:68508;RHEA:68544,RHEA:69448,False,19,0.9537898898124695,e2r-external-top3-neighbor-v1,0.8864430846497602,in_domain,True,,r2e-current-top20-v1,0.0
development,enzyme_to_reaction,top3,A0A650A7I8,RHEA:27425;RHEA:28266;RHEA:32699;RHEA:68504;RHEA:68508;RHEA:68544,RHEA:27425,True,20,0.953125,e2r-external-top3-neighbor-v1,0.8864430846497602,in_domain,True,,r2e-current-top20-v1,0.0
development,enzyme_to_reaction,top10,A0A650A7I8,RHEA:27425;RHEA:28266;RHEA:32699;RHEA:68504;RHEA:68508;RHEA:68544,RHEA:28266,True,1,0.016393441706895828,e2r-external-top10-neural-rrf-v1,0.8921716379176371,in_domain,True,9.0,r2e-current-top20-v1,0.7894736842105263
development,enzyme_to_reaction,top10,A0A650A7I8,RHEA:27425;RHEA:28266;RHEA:32699;RHEA:68504;RHEA:68508;RHEA:68544,RHEA:32699,True,2,0.016039425507187843,e2r-external-top10-neural-rrf-v1,0.8921716379176371,in_domain,True,3.0,r2e-current-top20-v1,0.8814102564102563
development,enzyme_to_reaction,top10,A0A650A7I8,RHEA:27425;RHEA:28266;RHEA:32699;RHEA:68504;RHEA:68508;RHEA:68544,RHEA:28282,False,3,0.015962621197104454,e2r-external-top10-neural-rrf-v1,0.8921716379176371,in_domain,True,8.0,r2e-current-top20-v1,0.7286324786324786
development,enzyme_to_reaction,top10,A0A650A7I8,RHEA:27425;RHEA:28266;RHEA:32699;RHEA:68504;RHEA:68508;RHEA:68544,RHEA:30471,False,4,0.015085827559232712,e2r-external-top10-neural-rrf-v1,0.8921716379176371,in_domain,True,25.0,r2e-current-top20-v1,0.5499999999999999
development,enzyme_to_reaction,top10,A0A650A7I8,RHEA:27425;RHEA:28266;RHEA:32699;RHEA:68504;RHEA:68508;RHEA:68544,RHEA:31427,False,5,0.014861110597848892,e2r-external-top10-neural-rrf-v1,0.8921716379176371,in_domain,True,25.0,r2e-current-top20-v1,0.5238095238095237
development,enzyme_to_reaction,top10,A0A650A7I8,RHEA:27425;RHEA:28266;RHEA:32699;RHEA:68504;RHEA:68508;RHEA:68544,RHEA:28643,False,6,0.014623679220676422,e2r-external-top10-neural-rrf-v1,0.8921716379176371,in_domain,True,,r2e-current-top20-v1,0.0
development,enzyme_to_reaction,top10,A0A650A7I8,RHEA:27425;RHEA:28266;RHEA:32699;RHEA:68504;RHEA:68508;RHEA:68544,MARTS_EXT_RXN_2ffb342ca060,False,7,0.014432772062718868,e2r-external-top10-neural-rrf-v1,0.8921716379176371,in_domain,True,6.0,r2e-external-top20-v1,0.6672794117647058
development,enzyme_to_reaction,top10,A0A650A7I8,RHEA:27425;RHEA:28266;RHEA:32699;RHEA:68504;RHEA:68508;RHEA:68544,RHEA:27425,True,8,0.013871473260223866,e2r-external-top10-neural-rrf-v1,0.8921716379176371,in_domain,True,,r2e-current-top20-v1,0.0
development,enzyme_to_reaction,top10,A0A650A7I8,RHEA:27425;RHEA:28266;RHEA:32699;RHEA:68504;RHEA:68508;RHEA:68544,RHEA:31895,False,9,0.013826172798871994,e2r-external-top10-neural-rrf-v1,0.8921716379176371,in_domain,True,,r2e-current-top20-v1,0.0
development,enzyme_to_reaction,top10,A0A650A7I8,RHEA:27425;RHEA:28266;RHEA:32699;RHEA:68504;RHEA:68508;RHEA:68544,RHEA:68504,True,10,0.013678764924407005,e2r-external-top10-neural-rrf-v1,0.8921716379176371,in_domain,True,,r2e-current-top20-v1,0.0
development,enzyme_to_reaction,top10,A0A650A7I8,RHEA:27425;RHEA:28266;RHEA:32699;RHEA:68504;RHEA:68508;RHEA:68544,RHEA:68780,False,11,0.013636363670229912,e2r-external-top10-neural-rrf-v1,0.8921716379176371,in_domain,True,,r2e-current-top20-v1,0.0
development,enzyme_to_reaction,top10,A0A650A7I8,RHEA:27425;RHEA:28266;RHEA:32699;RHEA:68504;RHEA:68508;RHEA:68544,RHEA:68508,True,12,0.013491407036781311,e2r-external-top10-neural-rrf-v1,0.8921716379176371,in_domain,True,,r2e-current-top20-v1,0.0
development,enzyme_to_reaction,top10,A0A650A7I8,RHEA:27425;RHEA:28266;RHEA:32699;RHEA:68504;RHEA:68508;RHEA:68544,RHEA:68544,True,13,0.013309178873896599,e2r-external-top10-neural-rrf-v1,0.8921716379176371,in_domain,True,,r2e-current-top20-v1,0.0
development,enzyme_to_reaction,top10,A0A650A7I8,RHEA:27425;RHEA:28266;RHEA:32699;RHEA:68504;RHEA:68508;RHEA:68544,MARTS_EXT_RXN_d1d507ef878d,False,14,0.012961975298821926,e2r-external-top10-neural-rrf-v1,0.8921716379176371,in_domain,True,,r2e-external-top20-v1,0.0
development,enzyme_to_reaction,top10,A0A650A7I8,RHEA:27425;RHEA:28266;RHEA:32699;RHEA:68504;RHEA:68508;RHEA:68544,RHEA:29495,False,15,0.012215320020914078,e2r-external-top10-neural-rrf-v1,0.8921716379176371,in_domain,True,,r2e-current-top20-v1,0.0
development,enzyme_to_reaction,top10,A0A650A7I8,RHEA:27425;RHEA:28266;RHEA:32699;RHEA:68504;RHEA:68508;RHEA:68544,RHEA:31419,False,16,0.012194767594337463,e2r-external-top10-neural-rrf-v1,0.8921716379176371,in_domain,True,,r2e-current-top20-v1,0.0
development,enzyme_to_reaction,top10,A0A650A7I8,RHEA:27425;RHEA:28266;RHEA:32699;RHEA:68504;RHEA:68508;RHEA:68544,RHEA:12516,False,17,0.011933138594031334,e2r-external-top10-neural-rrf-v1,0.8921716379176371,in_domain,True,,r2e-current-top20-v1,0.0
development,enzyme_to_reaction,top10,A0A650A7I8,RHEA:27425;RHEA:28266;RHEA:32699;RHEA:68504;RHEA:68508;RHEA:68544,RHEA:25452,False,18,0.011792251840233803,e2r-external-top10-neural-rrf-v1,0.8921716379176371,in_domain,True,,r2e-current-top20-v1,0.0
development,enzyme_to_reaction,top10,A0A650A7I8,RHEA:27425;RHEA:28266;RHEA:32699;RHEA:68504;RHEA:68508;RHEA:68544,RHEA:26081,False,19,0.011720084585249424,e2r-external-top10-neural-rrf-v1,0.8921716379176371,in_domain,True,,r2e-current-top20-v1,0.0
development,enzyme_to_reaction,top10,A0A650A7I8,RHEA:27425;RHEA:28266;RHEA:32699;RHEA:68504;RHEA:68508;RHEA:68544,RHEA:29499,False,20,0.01170940138399601,e2r-external-top10-neural-rrf-v1,0.8921716379176371,in_domain,True,,r2e-current-top20-v1,0.0
development,enzyme_to_reaction,top20,A0A650A7I8,RHEA:27425;RHEA:28266;RHEA:32699;RHEA:68504;RHEA:68508;RHEA:68544,RHEA:32699,True,1,0.016208354383707047,e2r-external-top20-dual-kernel-rrf-v1,0.8995717289381854,in_domain,True,3.0,r2e-current-top20-v1,0.9230769230769231
development,enzyme_to_reaction,top20,A0A650A7I8,RHEA:27425;RHEA:28266;RHEA:32699;RHEA:68504;RHEA:68508;RHEA:68544,RHEA:28266,True,2,0.01616290956735611,e2r-external-top20-dual-kernel-rrf-v1,0.8995717289381854,in_domain,True,9.0,r2e-current-top20-v1,0.7478070175438595
development,enzyme_to_reaction,top20,A0A650A7I8,RHEA:27425;RHEA:28266;RHEA:32699;RHEA:68504;RHEA:68508;RHEA:68544,RHEA:28282,False,3,0.01594982109963894,e2r-external-top20-dual-kernel-rrf-v1,0.8995717289381854,in_domain,True,8.0,r2e-current-top20-v1,0.7286324786324786
development,enzyme_to_reaction,top20,A0A650A7I8,RHEA:27425;RHEA:28266;RHEA:32699;RHEA:68504;RHEA:68508;RHEA:68544,RHEA:28643,False,4,0.01510416716337204,e2r-external-top20-dual-kernel-rrf-v1,0.8995717289381854,in_domain,True,,r2e-current-top20-v1,0.0
development,enzyme_to_reaction,top20,A0A650A7I8,RHEA:27425;RHEA:28266;RHEA:32699;RHEA:68504;RHEA:68508;RHEA:68544,RHEA:31895,False,5,0.015054944902658463,e2r-external-top20-dual-kernel-rrf-v1,0.8995717289381854,in_domain,True,,r2e-current-top20-v1,0.0
development,enzyme_to_reaction,top20,A0A650A7I8,RHEA:27425;RHEA:28266;RHEA:32699;RHEA:68504;RHEA:68508;RHEA:68544,RHEA:68780,False,6,0.014831412583589554,e2r-external-top20-dual-kernel-rrf-v1,0.8995717289381854,in_domain,True,,r2e-current-top20-v1,0.0
development,enzyme_to_reaction,top20,A0A650A7I8,RHEA:27425;RHEA:28266;RHEA:32699;RHEA:68504;RHEA:68508;RHEA:68544,MARTS_EXT_RXN_2ffb342ca060,False,7,0.014621060341596603,e2r-external-top20-dual-kernel-rrf-v1,0.8995717289381854,in_domain,True,6.0,r2e-external-top20-v1,0.6672794117647058
development,enzyme_to_reaction,top20,A0A650A7I8,RHEA:27425;RHEA:28266;RHEA:32699;RHEA:68504;RHEA:68508;RHEA:68544,RHEA:27425,True,8,0.013295454904437065,e2r-external-top20-dual-kernel-rrf-v1,0.8995717289381854,in_domain,True,,r2e-current-top20-v1,0.0
development,enzyme_to_reaction,top20,A0A650A7I8,RHEA:27425;RHEA:28266;RHEA:32699;RHEA:68504;RHEA:68508;RHEA:68544,RHEA:68504,True,9,0.013119587674736977,e2r-external-top20-dual-kernel-rrf-v1,0.8995717289381854,in_domain,True,,r2e-current-top20-v1,0.0
development,enzyme_to_reaction,top20,A0A650A7I8,RHEA:27425;RHEA:28266;RHEA:32699;RHEA:68504;RHEA:68508;RHEA:68544,RHEA:68508,True,10,0.012948350980877876,e2r-external-top20-dual-kernel-rrf-v1,0.8995717289381854,in_domain,True,,r2e-current-top20-v1,0.0
development,enzyme_to_reaction,top20,A0A650A7I8,RHEA:27425;RHEA:28266;RHEA:32699;RHEA:68504;RHEA:68508;RHEA:68544,RHEA:68544,True,11,0.012781561352312565,e2r-external-top20-dual-kernel-rrf-v1,0.8995717289381854,in_domain,True,,r2e-current-top20-v1,0.0
development,enzyme_to_reaction,top20,A0A650A7I8,RHEA:27425;RHEA:28266;RHEA:32699;RHEA:68504;RHEA:68508;RHEA:68544,RHEA:30379,False,12,0.01229174342006445,e2r-external-top20-dual-kernel-rrf-v1,0.8995717289381854,in_domain,True,,r2e-current-top20-v1,0.0
development,enzyme_to_reaction,top20,A0A650A7I8,RHEA:27425;RHEA:28266;RHEA:32699;RHEA:68504;RHEA:68508;RHEA:68544,RHEA:30471,False,13,0.012202147394418716,e2r-external-top20-dual-kernel-rrf-v1,0.8995717289381854,in_domain,True,25.0,r2e-current-top20-v1,0.3962732919254658
development,enzyme_to_reaction,top20,A0A650A7I8,RHEA:27425;RHEA:28266;RHEA:32699;RHEA:68504;RHEA:68508;RHEA:68544,RHEA:31427,False,14,0.012038303539156914,e2r-external-top20-dual-kernel-rrf-v1,0.8995717289381854,in_domain,True,25.0,r2e-current-top20-v1,0.3863095238095238
development,enzyme_to_reaction,top20,A0A650A7I8,RHEA:27425;RHEA:28266;RHEA:32699;RHEA:68504;RHEA:68508;RHEA:68544,RHEA:27421,False,15,0.011849752627313137,e2r-external-top20-dual-kernel-rrf-v1,0.8995717289381854,in_domain,True,,r2e-current-top20-v1,0.0
development,enzyme_to_reaction,top20,A0A650A7I8,RHEA:27425;RHEA:28266;RHEA:32699;RHEA:68504;RHEA:68508;RHEA:68544,RHEA:32027,False,16,0.011554276570677757,e2r-external-top20-dual-kernel-rrf-v1,0.8995717289381854,in_domain,True,,r2e-current-top20-v1,0.0
development,enzyme_to_reaction,top20,A0A650A7I8,RHEA:27425;RHEA:28266;RHEA:32699;RHEA:68504;RHEA:68508;RHEA:68544,RHEA:12516,False,17,0.011203872039914131,e2r-external-top20-dual-kernel-rrf-v1,0.8995717289381854,in_domain,True,,r2e-current-top20-v1,0.0
development,enzyme_to_reaction,top20,A0A650A7I8,RHEA:27425;RHEA:28266;RHEA:32699;RHEA:68504;RHEA:68508;RHEA:68544,MARTS_EXT_RXN_d1d507ef878d,False,18,0.011102940887212753,e2r-external-top20-dual-kernel-rrf-v1,0.8995717289381854,in_domain,True,,r2e-external-top20-v1,0.0
development,enzyme_to_reaction,top20,A0A650A7I8,RHEA:27425;RHEA:28266;RHEA:32699;RHEA:68504;RHEA:68508;RHEA:68544,RHEA:25452,False,19,0.011079545132815838,e2r-external-top20-dual-kernel-rrf-v1,0.8995717289381854,in_domain,True,,r2e-current-top20-v1,0.0
development,enzyme_to_reaction,top20,A0A650A7I8,RHEA:27425;RHEA:28266;RHEA:32699;RHEA:68504;RHEA:68508;RHEA:68544,RHEA:68776,False,20,0.010957951657474041,e2r-external-top20-dual-kernel-rrf-v1,0.8995717289381854,in_domain,True,,r2e-current-top20-v1,0.0
confirmation,enzyme_to_reaction,top3,Q6IWA3,RHEA:31007,RHEA:21308,False,1,1.0,e2r-external-top3-neighbor-v1,0.839346650200586,in_domain,True,20.0,r2e-current-top20-v1,0.6833333333333332
confirmation,enzyme_to_reaction,top3,Q6IWA3,RHEA:31007,RHEA:31007,True,2,0.998670220375061,e2r-external-top3-neighbor-v1,0.839346650200586,in_domain,True,37.0,r2e-current-top20-v1,0.5753546099290779
confirmation,enzyme_to_reaction,top3,Q6IWA3,RHEA:31007,RHEA:31383,False,3,0.9970079660415649,e2r-external-top3-neighbor-v1,0.839346650200586,in_domain,True,,r2e-current-top20-v1,0.0
confirmation,enzyme_to_reaction,top3,Q6IWA3,RHEA:31007,RHEA:30999,False,4,0.9950132966041565,e2r-external-top3-neighbor-v1,0.839346650200586,in_domain,True,48.0,r2e-current-top20-v1,0.4876847290640394
confirmation,enzyme_to_reaction,top3,Q6IWA3,RHEA:31007,RHEA:14621,False,5,0.9923536777496338,e2r-external-top3-neighbor-v1,0.839346650200586,in_domain,True,,r2e-current-top20-v1,0.0
confirmation,enzyme_to_reaction,top3,Q6IWA3,RHEA:31007,RHEA:33991,False,6,0.9906914830207825,e2r-external-top3-neighbor-v1,0.839346650200586,in_domain,True,,r2e-current-top20-v1,0.0
confirmation,enzyme_to_reaction,top3,Q6IWA3,RHEA:31007,RHEA:30431,False,7,0.9890292882919312,e2r-external-top3-neighbor-v1,0.839346650200586,in_domain,True,,r2e-current-top20-v1,0.0
confirmation,enzyme_to_reaction,top3,Q6IWA3,RHEA:31007,RHEA:25282,False,8,0.9890292286872864,e2r-external-top3-neighbor-v1,0.839346650200586,in_domain,True,,r2e-current-top20-v1,0.0
confirmation,enzyme_to_reaction,top3,Q6IWA3,RHEA:31007,RHEA:31011,False,9,0.9817154407501221,e2r-external-top3-neighbor-v1,0.839346650200586,in_domain,True,,r2e-current-top20-v1,0.0
confirmation,enzyme_to_reaction,top3,Q6IWA3,RHEA:31007,RHEA:19825,False,10,0.9813829660415649,e2r-external-top3-neighbor-v1,0.839346650200586,in_domain,True,,r2e-current-top20-v1,0.0
confirmation,enzyme_to_reaction,top3,Q6IWA3,RHEA:31007,RHEA:28635,False,11,0.9813829660415649,e2r-external-top3-neighbor-v1,0.839346650200586,in_domain,True,,r2e-current-top20-v1,0.0
confirmation,enzyme_to_reaction,top3,Q6IWA3,RHEA:31007,RHEA:63092,False,12,0.9803856015205383,e2r-external-top3-neighbor-v1,0.839346650200586,in_domain,True,,r2e-current-top20-v1,0.0
confirmation,enzyme_to_reaction,top3,Q6IWA3,RHEA:31007,RHEA:27530,False,13,0.9793883562088013,e2r-external-top3-neighbor-v1,0.839346650200586,in_domain,True,,r2e-current-top20-v1,0.0
confirmation,enzyme_to_reaction,top3,Q6IWA3,RHEA:31007,RHEA:27534,False,14,0.9793883562088013,e2r-external-top3-neighbor-v1,0.839346650200586,in_domain,True,,r2e-current-top20-v1,0.0
confirmation,enzyme_to_reaction,top3,Q6IWA3,RHEA:31007,RHEA:56984,False,15,0.9793883562088013,e2r-external-top3-neighbor-v1,0.839346650200586,in_domain,True,,r2e-current-top20-v1,0.0
confirmation,enzyme_to_reaction,top3,Q6IWA3,RHEA:31007,RHEA:34695,False,16,0.978723406791687,e2r-external-top3-neighbor-v1,0.839346650200586,in_domain,True,,r2e-current-top20-v1,0.0
confirmation,enzyme_to_reaction,top3,Q6IWA3,RHEA:31007,RHEA:63084,False,17,0.9734042286872864,e2r-external-top3-neighbor-v1,0.839346650200586,in_domain,True,,r2e-current-top20-v1,0.0
confirmation,enzyme_to_reaction,top3,Q6IWA3,RHEA:31007,RHEA:81851,False,18,0.9717419743537903,e2r-external-top3-neighbor-v1,0.839346650200586,in_domain,True,,r2e-current-top20-v1,0.0
confirmation,enzyme_to_reaction,top3,Q6IWA3,RHEA:31007,RHEA:14841,False,19,0.9710770845413208,e2r-external-top3-neighbor-v1,0.839346650200586,in_domain,True,,r2e-current-top20-v1,0.0
confirmation,enzyme_to_reaction,top3,Q6IWA3,RHEA:31007,RHEA:24316,False,20,0.9710770845413208,e2r-external-top3-neighbor-v1,0.839346650200586,in_domain,True,,r2e-current-top20-v1,0.0
confirmation,enzyme_to_reaction,top10,Q6IWA3,RHEA:31007,RHEA:21308,False,1,0.016393441706895828,e2r-external-top10-neural-rrf-v1,0.8926539220012716,in_domain,True,20.0,r2e-current-top20-v1,0.6833333333333332
confirmation,enzyme_to_reaction,top10,Q6IWA3,RHEA:31007,RHEA:31007,True,2,0.016129031777381897,e2r-external-top10-neural-rrf-v1,0.8926539220012716,in_domain,True,37.0,r2e-current-top20-v1,0.5753546099290779
confirmation,enzyme_to_reaction,top10,Q6IWA3,RHEA:31007,RHEA:30999,False,3,0.01578621007502079,e2r-external-top10-neural-rrf-v1,0.8926539220012716,in_domain,True,48.0,r2e-current-top20-v1,0.5179045092838197
confirmation,enzyme_to_reaction,top10,Q6IWA3,RHEA:31007,RHEA:31383,False,4,0.015555555000901222,e2r-external-top10-neural-rrf-v1,0.8926539220012716,in_domain,True,,r2e-current-top20-v1,0.0
confirmation,enzyme_to_reaction,top10,Q6IWA3,RHEA:31007,RHEA:14621,False,5,0.015540864318609238,e2r-external-top10-neural-rrf-v1,0.8926539220012716,in_domain,True,,r2e-current-top20-v1,0.0
confirmation,enzyme_to_reaction,top10,Q6IWA3,RHEA:31007,RHEA:33991,False,6,0.01515151560306549,e2r-external-top10-neural-rrf-v1,0.8926539220012716,in_domain,True,,r2e-current-top20-v1,0.0
confirmation,enzyme_to_reaction,top10,Q6IWA3,RHEA:31007,RHEA:19825,False,7,0.014368158765137196,e2r-external-top10-neural-rrf-v1,0.8926539220012716,in_domain,True,,r2e-current-top20-v1,0.0
confirmation,enzyme_to_reaction,top10,Q6IWA3,RHEA:31007,RHEA:27530,False,8,0.01428571343421936,e2r-external-top10-neural-rrf-v1,0.8926539220012716,in_domain,True,,r2e-current-top20-v1,0.0
confirmation,enzyme_to_reaction,top10,Q6IWA3,RHEA:31007,RHEA:28635,False,9,0.014164086431264877,e2r-external-top10-neural-rrf-v1,0.8926539220012716,in_domain,True,,r2e-current-top20-v1,0.0
confirmation,enzyme_to_reaction,top10,Q6IWA3,RHEA:31007,RHEA:27534,False,10,0.014084506779909134,e2r-external-top10-neural-rrf-v1,0.8926539220012716,in_domain,True,,r2e-current-top20-v1,0.0
confirmation,enzyme_to_reaction,top10,Q6IWA3,RHEA:31007,RHEA:25282,False,11,0.013976573944091797,e2r-external-top10-neural-rrf-v1,0.8926539220012716,in_domain,True,,r2e-current-top20-v1,0.0
confirmation,enzyme_to_reaction,top10,Q6IWA3,RHEA:31007,RHEA:56984,False,12,0.0138888880610466,e2r-external-top10-neural-rrf-v1,0.8926539220012716,in_domain,True,,r2e-current-top20-v1,0.0
confirmation,enzyme_to_reaction,top10,Q6IWA3,RHEA:31007,RHEA:63084,False,13,0.013397562317550182,e2r-external-top10-neural-rrf-v1,0.8926539220012716,in_domain,True,,r2e-current-top20-v1,0.0
confirmation,enzyme_to_reaction,top10,Q6IWA3,RHEA:31007,RHEA:34695,False,14,0.013127853162586689,e2r-external-top10-neural-rrf-v1,0.8926539220012716,in_domain,True,,r2e-current-top20-v1,0.0
confirmation,enzyme_to_reaction,top10,Q6IWA3,RHEA:31007,RHEA:58164,False,15,0.013000651262700558,e2r-external-top10-neural-rrf-v1,0.8926539220012716,in_domain,True,,r2e-current-top20-v1,0.0
confirmation,enzyme_to_reaction,top10,Q6IWA3,RHEA:31007,RHEA:81851,False,16,0.012820923700928688,e2r-external-top10-neural-rrf-v1,0.8926539220012716,in_domain,True,,r2e-current-top20-v1,0.0
confirmation,enzyme_to_reaction,top10,Q6IWA3,RHEA:31007,RHEA:12605,False,17,0.012736434116959572,e2r-external-top10-neural-rrf-v1,0.8926539220012716,in_domain,True,,r2e-current-top20-v1,0.0
confirmation,enzyme_to_reaction,top10,Q6IWA3,RHEA:31007,RHEA:31011,False,18,0.01253342255949974,e2r-external-top10-neural-rrf-v1,0.8926539220012716,in_domain,True,,r2e-current-top20-v1,0.0
confirmation,enzyme_to_reaction,top10,Q6IWA3,RHEA:31007,RHEA:32539,False,19,0.012250836007297039,e2r-external-top10-neural-rrf-v1,0.8926539220012716,in_domain,True,,r2e-current-top20-v1,0.0
confirmation,enzyme_to_reaction,top10,Q6IWA3,RHEA:31007,RHEA:63092,False,20,0.012103592976927757,e2r-external-top10-neural-rrf-v1,0.8926539220012716,in_domain,True,,r2e-current-top20-v1,0.0
confirmation,enzyme_to_reaction,top20,Q6IWA3,RHEA:31007,RHEA:21308,False,1,0.016393441706895828,e2r-external-top20-dual-kernel-rrf-v1,0.8534231673497886,in_domain,True,20.0,r2e-current-top20-v1,0.6833333333333332
confirmation,enzyme_to_reaction,top20,Q6IWA3,RHEA:31007,RHEA:30999,False,2,0.015552883967757225,e2r-external-top20-dual-kernel-rrf-v1,0.8534231673497886,in_domain,True,48.0,r2e-current-top20-v1,0.5531609195402298
confirmation,enzyme_to_reaction,top20,Q6IWA3,RHEA:31007,RHEA:14621,False,3,0.015531135722994804,e2r-external-top20-dual-kernel-rrf-v1,0.8534231673497886,in_domain,True,,r2e-current-top20-v1,0.0
confirmation,enzyme_to_reaction,top20,Q6IWA3,RHEA:31007,RHEA:31383,False,4,0.015396825969219208,e2r-external-top20-dual-kernel-rrf-v1,0.8534231673497886,in_domain,True,,r2e-current-top20-v1,0.0
confirmation,enzyme_to_reaction,top20,Q6IWA3,RHEA:31007,RHEA:31007,True,5,0.0151364766061306,e2r-external-top20-dual-kernel-rrf-v1,0.8534231673497886,in_domain,True,37.0,r2e-current-top20-v1,0.4836879432624113
confirmation,enzyme_to_reaction,top20,Q6IWA3,RHEA:31007,RHEA:30431,False,6,0.01363925077021122,e2r-external-top20-dual-kernel-rrf-v1,0.8534231673497886,in_domain,True,,r2e-current-top20-v1,0.0
confirmation,enzyme_to_reaction,top20,Q6IWA3,RHEA:31007,RHEA:31011,False,7,0.013441630639135838,e2r-external-top20-dual-kernel-rrf-v1,0.8534231673497886,in_domain,True,,r2e-current-top20-v1,0.0
confirmation,enzyme_to_reaction,top20,Q6IWA3,RHEA:31007,RHEA:31887,False,8,0.013121235184371471,e2r-external-top20-dual-kernel-rrf-v1,0.8534231673497886,in_domain,True,,r2e-current-top20-v1,0.0
confirmation,enzyme_to_reaction,top20,Q6IWA3,RHEA:31007,RHEA:81851,False,9,0.01263289526104927,e2r-external-top20-dual-kernel-rrf-v1,0.8534231673497886,in_domain,True,,r2e-current-top20-v1,0.0
confirmation,enzyme_to_reaction,top20,Q6IWA3,RHEA:31007,MARTS_EXT_RXN_6c228262ac8f,False,10,0.012590639293193817,e2r-external-top20-dual-kernel-rrf-v1,0.8534231673497886,in_domain,True,,r2e-external-top20-v1,0.0
confirmation,enzyme_to_reaction,top20,Q6IWA3,RHEA:31007,RHEA:31851,False,11,0.01213037595152855,e2r-external-top20-dual-kernel-rrf-v1,0.8534231673497886,in_domain,True,,r2e-current-top20-v1,0.0
confirmation,enzyme_to_reaction,top20,Q6IWA3,RHEA:31007,RHEA:31883,False,12,0.011938998475670815,e2r-external-top20-dual-kernel-rrf-v1,0.8534231673497886,in_domain,True,,r2e-current-top20-v1,0.0
confirmation,enzyme_to_reaction,top20,Q6IWA3,RHEA:31007,RHEA:33991,False,13,0.011180773377418518,e2r-external-top20-dual-kernel-rrf-v1,0.8534231673497886,in_domain,True,,r2e-current-top20-v1,0.0
confirmation,enzyme_to_reaction,top20,Q6IWA3,RHEA:31007,RHEA:25282,False,14,0.011085674166679382,e2r-external-top20-dual-kernel-rrf-v1,0.8534231673497886,in_domain,True,,r2e-current-top20-v1,0.0
confirmation,enzyme_to_reaction,top20,Q6IWA3,RHEA:31007,RHEA:19825,False,15,0.01081743836402893,e2r-external-top20-dual-kernel-rrf-v1,0.8534231673497886,in_domain,True,,r2e-current-top20-v1,0.0
confirmation,enzyme_to_reaction,top20,Q6IWA3,RHEA:31007,MARTS_EXT_RXN_455979525191,False,16,0.010770440101623535,e2r-external-top20-dual-kernel-rrf-v1,0.8534231673497886,in_domain,True,,r2e-external-top20-v1,0.0
confirmation,enzyme_to_reaction,top20,Q6IWA3,RHEA:31007,RHEA:28635,False,17,0.010539427399635315,e2r-external-top20-dual-kernel-rrf-v1,0.8534231673497886,in_domain,True,,r2e-current-top20-v1,0.0
confirmation,enzyme_to_reaction,top20,Q6IWA3,RHEA:31007,RHEA:27530,False,18,0.010285096243023872,e2r-external-top20-dual-kernel-rrf-v1,0.8534231673497886,in_domain,True,,r2e-current-top20-v1,0.0
confirmation,enzyme_to_reaction,top20,Q6IWA3,RHEA:31007,RHEA:63092,False,19,0.010195408016443253,e2r-external-top20-dual-kernel-rrf-v1,0.8534231673497886,in_domain,True,,r2e-current-top20-v1,0.0
confirmation,enzyme_to_reaction,top20,Q6IWA3,RHEA:31007,RHEA:27534,False,20,0.010153903625905514,e2r-external-top20-dual-kernel-rrf-v1,0.8534231673497886,in_domain,True,,r2e-current-top20-v1,0.0
confirmation,enzyme_to_reaction,top3,B1PLH3,RHEA:14621;RHEA:31007,RHEA:21308,False,1,1.0,e2r-external-top3-neighbor-v1,0.7319976686429653,near_domain,True,23.0,r2e-current-top20-v1,0.6666666666666666
confirmation,enzyme_to_reaction,top3,B1PLH3,RHEA:14621;RHEA:31007,RHEA:31007,True,2,0.998670220375061,e2r-external-top3-neighbor-v1,0.7319976686429653,near_domain,True,20.0,r2e-current-top20-v1,0.6416666666666666
confirmation,enzyme_to_reaction,top3,B1PLH3,RHEA:14621;RHEA:31007,RHEA:30999,False,3,0.9960106611251831,e2r-external-top3-neighbor-v1,0.7319976686429653,near_domain,True,15.0,r2e-current-top20-v1,0.6430769230769231
confirmation,enzyme_to_reaction,top3,B1PLH3,RHEA:14621;RHEA:31007,RHEA:81851,False,4,0.990026593208313,e2r-external-top3-neighbor-v1,0.7319976686429653,near_domain,True,38.0,r2e-current-top20-v1,0.5074404761904762
confirmation,enzyme_to_reaction,top3,B1PLH3,RHEA:14621;RHEA:31007,RHEA:33991,False,5,0.9893617033958435,e2r-external-top3-neighbor-v1,0.7319976686429653,near_domain,True,,r2e-current-top20-v1,0.0
confirmation,enzyme_to_reaction,top3,B1PLH3,RHEA:14621;RHEA:31007,RHEA:14621,True,6,0.9873669743537903,e2r-external-top3-neighbor-v1,0.7319976686429653,near_domain,True,,r2e-current-top20-v1,0.0
confirmation,enzyme_to_reaction,top3,B1PLH3,RHEA:14621;RHEA:31007,RHEA:31383,False,7,0.9847074747085571,e2r-external-top3-neighbor-v1,0.7319976686429653,near_domain,True,,r2e-current-top20-v1,0.0
confirmation,enzyme_to_reaction,top3,B1PLH3,RHEA:14621;RHEA:31007,RHEA:25282,False,8,0.980053186416626,e2r-external-top3-neighbor-v1,0.7319976686429653,near_domain,True,,r2e-current-top20-v1,0.0
confirmation,enzyme_to_reaction,top3,B1PLH3,RHEA:14621;RHEA:31007,RHEA:33123,False,9,0.9760638475418091,e2r-external-top3-neighbor-v1,0.7319976686429653,near_domain,True,,r2e-current-top20-v1,0.0
confirmation,enzyme_to_reaction,top3,B1PLH3,RHEA:14621;RHEA:31007,RHEA:22220,False,10,0.9750664830207825,e2r-external-top3-neighbor-v1,0.7319976686429653,near_domain,True,,r2e-current-top20-v1,0.0
confirmation,enzyme_to_reaction,top3,B1PLH3,RHEA:14621;RHEA:31007,RHEA:49628,False,11,0.973071813583374,e2r-external-top3-neighbor-v1,0.7319976686429653,near_domain,True,,r2e-current-top20-v1,0.0
confirmation,enzyme_to_reaction,top3,B1PLH3,RHEA:14621;RHEA:31007,RHEA:14841,False,12,0.9727393388748169,e2r-external-top3-neighbor-v1,0.7319976686429653,near_domain,True,,r2e-current-top20-v1,0.0
confirmation,enzyme_to_reaction,top3,B1PLH3,RHEA:14621;RHEA:31007,RHEA:24316,False,13,0.9727393388748169,e2r-external-top3-neighbor-v1,0.7319976686429653,near_domain,True,,r2e-current-top20-v1,0.0
confirmation,enzyme_to_reaction,top3,B1PLH3,RHEA:14621;RHEA:31007,RHEA:25524,False,14,0.9727393388748169,e2r-external-top3-neighbor-v1,0.7319976686429653,near_domain,True,,r2e-current-top20-v1,0.0
confirmation,enzyme_to_reaction,top3,B1PLH3,RHEA:14621;RHEA:31007,RHEA:19825,False,15,0.9707447290420532,e2r-external-top3-neighbor-v1,0.7319976686429653,near_domain,True,,r2e-current-top20-v1,0.0
confirmation,enzyme_to_reaction,top3,B1PLH3,RHEA:14621;RHEA:31007,RHEA:28635,False,16,0.9707447290420532,e2r-external-top3-neighbor-v1,0.7319976686429653,near_domain,True,,r2e-current-top20-v1,0.0
confirmation,enzyme_to_reaction,top3,B1PLH3,RHEA:14621;RHEA:31007,RHEA:27530,False,17,0.9704121947288513,e2r-external-top3-neighbor-v1,0.7319976686429653,near_domain,True,,r2e-current-top20-v1,0.0
confirmation,enzyme_to_reaction,top3,B1PLH3,RHEA:14621;RHEA:31007,RHEA:27534,False,18,0.9704121947288513,e2r-external-top3-neighbor-v1,0.7319976686429653,near_domain,True,,r2e-current-top20-v1,0.0
confirmation,enzyme_to_reaction,top3,B1PLH3,RHEA:14621;RHEA:31007,RHEA:56984,False,19,0.9704121947288513,e2r-external-top3-neighbor-v1,0.7319976686429653,near_domain,True,,r2e-current-top20-v1,0.0
confirmation,enzyme_to_reaction,top3,B1PLH3,RHEA:14621;RHEA:31007,RHEA:31011,False,20,0.970079779624939,e2r-external-top3-neighbor-v1,0.7319976686429653,near_domain,True,,r2e-current-top20-v1,0.0
confirmation,enzyme_to_reaction,top10,B1PLH3,RHEA:14621;RHEA:31007,RHEA:31007,True,1,0.016300898045301437,e2r-external-top10-neural-rrf-v1,0.8570426924374226,in_domain,True,20.0,r2e-current-top20-v1,0.6833333333333332
confirmation,enzyme_to_reaction,top10,B1PLH3,RHEA:14621;RHEA:31007,RHEA:21308,False,2,0.016221575438976288,e2r-external-top10-neural-rrf-v1,0.8570426924374226,in_domain,True,23.0,r2e-current-top20-v1,0.625
confirmation,enzyme_to_reaction,top10,B1PLH3,RHEA:14621;RHEA:31007,RHEA:30999,False,3,0.0158730149269104,e2r-external-top10-neural-rrf-v1,0.8570426924374226,in_domain,True,15.0,r2e-current-top20-v1,0.6430769230769231
confirmation,enzyme_to_reaction,top10,B1PLH3,RHEA:14621;RHEA:31007,RHEA:14621,True,4,0.015625,e2r-external-top10-neural-rrf-v1,0.8570426924374226,in_domain,True,,r2e-current-top20-v1,0.0
confirmation,enzyme_to_reaction,top10,B1PLH3,RHEA:14621;RHEA:31007,RHEA:81851,False,5,0.01515151560306549,e2r-external-top10-neural-rrf-v1,0.8570426924374226,in_domain,True,38.0,r2e-current-top20-v1,0.48124999999999996
confirmation,enzyme_to_reaction,top10,B1PLH3,RHEA:14621;RHEA:31007,RHEA:27530,False,6,0.014848550781607628,e2r-external-top10-neural-rrf-v1,0.8570426924374226,in_domain,True,,r2e-current-top20-v1,0.0
confirmation,enzyme_to_reaction,top10,B1PLH3,RHEA:14621;RHEA:31007,RHEA:33991,False,7,0.014670329168438911,e2r-external-top10-neural-rrf-v1,0.8570426924374226,in_domain,True,,r2e-current-top20-v1,0.0
confirmation,enzyme_to_reaction,top10,B1PLH3,RHEA:14621;RHEA:31007,RHEA:31383,False,8,0.014666666276752949,e2r-external-top10-neural-rrf-v1,0.8570426924374226,in_domain,True,,r2e-current-top20-v1,0.0
confirmation,enzyme_to_reaction,top10,B1PLH3,RHEA:14621;RHEA:31007,RHEA:27534,False,9,0.014631286263465881,e2r-external-top10-neural-rrf-v1,0.8570426924374226,in_domain,True,,r2e-current-top20-v1,0.0
confirmation,enzyme_to_reaction,top10,B1PLH3,RHEA:14621;RHEA:31007,RHEA:56984,False,10,0.014420289546251297,e2r-external-top10-neural-rrf-v1,0.8570426924374226,in_domain,True,,r2e-current-top20-v1,0.0
confirmation,enzyme_to_reaction,top10,B1PLH3,RHEA:14621;RHEA:31007,RHEA:19825,False,11,0.014016039669513702,e2r-external-top10-neural-rrf-v1,0.8570426924374226,in_domain,True,,r2e-current-top20-v1,0.0
confirmation,enzyme_to_reaction,top10,B1PLH3,RHEA:14621;RHEA:31007,RHEA:33123,False,12,0.013833686709403992,e2r-external-top10-neural-rrf-v1,0.8570426924374226,in_domain,True,,r2e-current-top20-v1,0.0
confirmation,enzyme_to_reaction,top10,B1PLH3,RHEA:14621;RHEA:31007,RHEA:28635,False,13,0.013822297565639019,e2r-external-top10-neural-rrf-v1,0.8570426924374226,in_domain,True,,r2e-current-top20-v1,0.0
confirmation,enzyme_to_reaction,top10,B1PLH3,RHEA:14621;RHEA:31007,RHEA:31011,False,14,0.013214163482189178,e2r-external-top10-neural-rrf-v1,0.8570426924374226,in_domain,True,,r2e-current-top20-v1,0.0
confirmation,enzyme_to_reaction,top10,B1PLH3,RHEA:14621;RHEA:31007,RHEA:49628,False,15,0.013171287253499031,e2r-external-top10-neural-rrf-v1,0.8570426924374226,in_domain,True,,r2e-current-top20-v1,0.0
confirmation,enzyme_to_reaction,top10,B1PLH3,RHEA:14621;RHEA:31007,RHEA:22220,False,16,0.01271502673625946,e2r-external-top10-neural-rrf-v1,0.8570426924374226,in_domain,True,,r2e-current-top20-v1,0.0
confirmation,enzyme_to_reaction,top10,B1PLH3,RHEA:14621;RHEA:31007,RHEA:31851,False,17,0.012529904022812843,e2r-external-top10-neural-rrf-v1,0.8570426924374226,in_domain,True,,r2e-current-top20-v1,0.0
confirmation,enzyme_to_reaction,top10,B1PLH3,RHEA:14621;RHEA:31007,RHEA:25282,False,18,0.012366737239062786,e2r-external-top10-neural-rrf-v1,0.8570426924374226,in_domain,True,,r2e-current-top20-v1,0.0
confirmation,enzyme_to_reaction,top10,B1PLH3,RHEA:14621;RHEA:31007,RHEA:17653,False,19,0.01225232146680355,e2r-external-top10-neural-rrf-v1,0.8570426924374226,in_domain,True,,r2e-current-top20-v1,0.0
confirmation,enzyme_to_reaction,top10,B1PLH3,RHEA:14621;RHEA:31007,RHEA:64580,False,20,0.012103592976927757,e2r-external-top10-neural-rrf-v1,0.8570426924374226,in_domain,True,,r2e-current-top20-v1,0.0
confirmation,enzyme_to_reaction,top20,B1PLH3,RHEA:14621;RHEA:31007,RHEA:21308,False,1,0.016393441706895828,e2r-external-top20-dual-kernel-rrf-v1,0.7139278494179216,near_domain,True,23.0,r2e-current-top20-v1,0.6666666666666666
confirmation,enzyme_to_reaction,top20,B1PLH3,RHEA:14621;RHEA:31007,RHEA:31007,True,2,0.016129031777381897,e2r-external-top20-dual-kernel-rrf-v1,0.7139278494179216,near_domain,True,20.0,r2e-current-top20-v1,0.6416666666666666
confirmation,enzyme_to_reaction,top20,B1PLH3,RHEA:14621;RHEA:31007,RHEA:30999,False,3,0.015588723123073578,e2r-external-top20-dual-kernel-rrf-v1,0.7139278494179216,near_domain,True,15.0,r2e-current-top20-v1,0.6430769230769231
confirmation,enzyme_to_reaction,top20,B1PLH3,RHEA:14621;RHEA:31007,RHEA:14621,True,4,0.015367966145277023,e2r-external-top20-dual-kernel-rrf-v1,0.7139278494179216,near_domain,True,,r2e-current-top20-v1,0.0
confirmation,enzyme_to_reaction,top20,B1PLH3,RHEA:14621;RHEA:31007,RHEA:81851,False,5,0.01434659119695425,e2r-external-top20-dual-kernel-rrf-v1,0.7139278494179216,near_domain,True,38.0,r2e-current-top20-v1,0.48124999999999996
confirmation,enzyme_to_reaction,top20,B1PLH3,RHEA:14621;RHEA:31007,RHEA:31383,False,6,0.014293914660811424,e2r-external-top20-dual-kernel-rrf-v1,0.7139278494179216,near_domain,True,,r2e-current-top20-v1,0.0
confirmation,enzyme_to_reaction,top20,B1PLH3,RHEA:14621;RHEA:31007,RHEA:31011,False,7,0.01204670313745737,e2r-external-top20-dual-kernel-rrf-v1,0.7139278494179216,near_domain,True,,r2e-current-top20-v1,0.0
confirmation,enzyme_to_reaction,top20,B1PLH3,RHEA:14621;RHEA:31007,RHEA:33991,False,8,0.011342843994498253,e2r-external-top20-dual-kernel-rrf-v1,0.7139278494179216,near_domain,True,,r2e-current-top20-v1,0.0
confirmation,enzyme_to_reaction,top20,B1PLH3,RHEA:14621;RHEA:31007,RHEA:31851,False,9,0.011282050982117653,e2r-external-top20-dual-kernel-rrf-v1,0.7139278494179216,near_domain,True,,r2e-current-top20-v1,0.0
confirmation,enzyme_to_reaction,top20,B1PLH3,RHEA:14621;RHEA:31007,RHEA:25282,False,10,0.011083590798079967,e2r-external-top20-dual-kernel-rrf-v1,0.7139278494179216,near_domain,True,,r2e-current-top20-v1,0.0
confirmation,enzyme_to_reaction,top20,B1PLH3,RHEA:14621;RHEA:31007,RHEA:22220,False,11,0.010808625258505344,e2r-external-top20-dual-kernel-rrf-v1,0.7139278494179216,near_domain,True,,r2e-current-top20-v1,0.0
confirmation,enzyme_to_reaction,top20,B1PLH3,RHEA:14621;RHEA:31007,RHEA:33123,False,12,0.010721850208938122,e2r-external-top20-dual-kernel-rrf-v1,0.7139278494179216,near_domain,True,,r2e-current-top20-v1,0.0
confirmation,enzyme_to_reaction,top20,B1PLH3,RHEA:14621;RHEA:31007,RHEA:14841,False,13,0.010574494488537312,e2r-external-top20-dual-kernel-rrf-v1,0.7139278494179216,near_domain,True,,r2e-current-top20-v1,0.0
confirmation,enzyme_to_reaction,top20,B1PLH3,RHEA:14621;RHEA:31007,RHEA:49628,False,14,0.010410625487565994,e2r-external-top20-dual-kernel-rrf-v1,0.7139278494179216,near_domain,True,,r2e-current-top20-v1,0.0
confirmation,enzyme_to_reaction,top20,B1PLH3,RHEA:14621;RHEA:31007,RHEA:24316,False,15,0.010380597785115242,e2r-external-top20-dual-kernel-rrf-v1,0.7139278494179216,near_domain,True,,r2e-current-top20-v1,0.0
confirmation,enzyme_to_reaction,top20,B1PLH3,RHEA:14621;RHEA:31007,RHEA:25524,False,16,0.010211339220404625,e2r-external-top20-dual-kernel-rrf-v1,0.7139278494179216,near_domain,True,,r2e-current-top20-v1,0.0
confirmation,enzyme_to_reaction,top20,B1PLH3,RHEA:14621;RHEA:31007,RHEA:19825,False,17,0.010148550383746624,e2r-external-top20-dual-kernel-rrf-v1,0.7139278494179216,near_domain,True,,r2e-current-top20-v1,0.0
confirmation,enzyme_to_reaction,top20,B1PLH3,RHEA:14621;RHEA:31007,RHEA:28635,False,18,0.00988925900310278,e2r-external-top20-dual-kernel-rrf-v1,0.7139278494179216,near_domain,True,,r2e-current-top20-v1,0.0
confirmation,enzyme_to_reaction,top20,B1PLH3,RHEA:14621;RHEA:31007,RHEA:27530,False,19,0.00978535320609808,e2r-external-top20-dual-kernel-rrf-v1,0.7139278494179216,near_domain,True,,r2e-current-top20-v1,0.0
confirmation,enzyme_to_reaction,top20,B1PLH3,RHEA:14621;RHEA:31007,MARTS_EXT_RXN_6c228262ac8f,False,20,0.009732905775308609,e2r-external-top20-dual-kernel-rrf-v1,0.7139278494179216,near_domain,True,,r2e-external-top20-v1,0.0
confirmation,enzyme_to_reaction,top3,Q941S0,RHEA:21308,RHEA:21308,True,1,1.0,e2r-external-top3-neighbor-v1,0.8535273952634587,in_domain,True,25.0,r2e-current-top20-v1,0.6571428571428571
confirmation,enzyme_to_reaction,top3,Q941S0,RHEA:21308,RHEA:31007,False,2,0.998670220375061,e2r-external-top3-neighbor-v1,0.8535273952634587,in_domain,True,,r2e-current-top20-v1,0.0
confirmation,enzyme_to_reaction,top3,Q941S0,RHEA:21308,RHEA:30999,False,3,0.9960106611251831,e2r-external-top3-neighbor-v1,0.8535273952634587,in_domain,True,6.0,r2e-current-top20-v1,0.7668269230769231
confirmation,enzyme_to_reaction,top3,Q941S0,RHEA:21308,RHEA:81851,False,4,0.9920212626457214,e2r-external-top3-neighbor-v1,0.8535273952634587,in_domain,True,24.0,r2e-current-top20-v1,0.5546218487394958
confirmation,enzyme_to_reaction,top3,Q941S0,RHEA:21308,RHEA:33991,False,5,0.991356372833252,e2r-external-top3-neighbor-v1,0.8535273952634587,in_domain,True,,r2e-current-top20-v1,0.0
confirmation,enzyme_to_reaction,top3,Q941S0,RHEA:21308,RHEA:31383,False,6,0.9847074747085571,e2r-external-top3-neighbor-v1,0.8535273952634587,in_domain,True,,r2e-current-top20-v1,0.0
confirmation,enzyme_to_reaction,top3,Q941S0,RHEA:21308,RHEA:25282,False,7,0.9840425252914429,e2r-external-top3-neighbor-v1,0.8535273952634587,in_domain,True,,r2e-current-top20-v1,0.0
confirmation,enzyme_to_reaction,top3,Q941S0,RHEA:21308,RHEA:63092,False,8,0.9837101101875305,e2r-external-top3-neighbor-v1,0.8535273952634587,in_domain,True,,r2e-current-top20-v1,0.0
confirmation,enzyme_to_reaction,top3,Q941S0,RHEA:21308,RHEA:27530,False,9,0.9833776354789734,e2r-external-top3-neighbor-v1,0.8535273952634587,in_domain,True,,r2e-current-top20-v1,0.0
confirmation,enzyme_to_reaction,top3,Q941S0,RHEA:21308,RHEA:27534,False,10,0.9833776354789734,e2r-external-top3-neighbor-v1,0.8535273952634587,in_domain,True,,r2e-current-top20-v1,0.0
confirmation,enzyme_to_reaction,top3,Q941S0,RHEA:21308,RHEA:56984,False,11,0.9833776354789734,e2r-external-top3-neighbor-v1,0.8535273952634587,in_domain,True,,r2e-current-top20-v1,0.0
confirmation,enzyme_to_reaction,top3,Q941S0,RHEA:21308,RHEA:31851,False,12,0.9807180762290955,e2r-external-top3-neighbor-v1,0.8535273952634587,in_domain,True,30.0,r2e-current-top20-v1,0.38750000000000007
confirmation,enzyme_to_reaction,top3,Q941S0,RHEA:21308,RHEA:22436,False,13,0.9783909916877747,e2r-external-top3-neighbor-v1,0.8535273952634587,in_domain,True,,r2e-current-top20-v1,0.0
confirmation,enzyme_to_reaction,top3,Q941S0,RHEA:21308,RHEA:19825,False,14,0.9747340679168701,e2r-external-top3-neighbor-v1,0.8535273952634587,in_domain,True,,r2e-current-top20-v1,0.0
confirmation,enzyme_to_reaction,top3,Q941S0,RHEA:21308,RHEA:28635,False,15,0.9747340679168701,e2r-external-top3-neighbor-v1,0.8535273952634587,in_domain,True,,r2e-current-top20-v1,0.0
confirmation,enzyme_to_reaction,top3,Q941S0,RHEA:21308,RHEA:14621,False,16,0.974401593208313,e2r-external-top3-neighbor-v1,0.8535273952634587,in_domain,True,,r2e-current-top20-v1,0.0
confirmation,enzyme_to_reaction,top3,Q941S0,RHEA:21308,RHEA:33123,False,17,0.9690824747085571,e2r-external-top3-neighbor-v1,0.8535273952634587,in_domain,True,,r2e-current-top20-v1,0.0
confirmation,enzyme_to_reaction,top3,Q941S0,RHEA:21308,RHEA:58164,False,18,0.9627659320831299,e2r-external-top3-neighbor-v1,0.8535273952634587,in_domain,True,,r2e-current-top20-v1,0.0
confirmation,enzyme_to_reaction,top3,Q941S0,RHEA:21308,RHEA:31011,False,19,0.960106372833252,e2r-external-top3-neighbor-v1,0.8535273952634587,in_domain,True,,r2e-current-top20-v1,0.0
confirmation,enzyme_to_reaction,top3,Q941S0,RHEA:21308,RHEA:31855,False,20,0.9597740173339844,e2r-external-top3-neighbor-v1,0.8535273952634587,in_domain,True,,r2e-current-top20-v1,0.0
confirmation,enzyme_to_reaction,top10,Q941S0,RHEA:21308,RHEA:21308,True,1,0.016393441706895828,e2r-external-top10-neural-rrf-v1,0.8128042659134254,in_domain,True,25.0,r2e-current-top20-v1,0.6571428571428571
confirmation,enzyme_to_reaction,top10,Q941S0,RHEA:21308,RHEA:31007,False,2,0.016129031777381897,e2r-external-top10-neural-rrf-v1,0.8128042659134254,in_domain,True,,r2e-current-top20-v1,0.0
confirmation,enzyme_to_reaction,top10,Q941S0,RHEA:21308,RHEA:30999,False,3,0.0158730149269104,e2r-external-top10-neural-rrf-v1,0.8128042659134254,in_domain,True,6.0,r2e-current-top20-v1,0.7668269230769231
confirmation,enzyme_to_reaction,top10,Q941S0,RHEA:21308,RHEA:81851,False,4,0.015540864318609238,e2r-external-top10-neural-rrf-v1,0.8128042659134254,in_domain,True,24.0,r2e-current-top20-v1,0.5546218487394958
confirmation,enzyme_to_reaction,top10,Q941S0,RHEA:21308,RHEA:31851,False,5,0.01484848465770483,e2r-external-top10-neural-rrf-v1,0.8128042659134254,in_domain,True,30.0,r2e-current-top20-v1,0.5041666666666667
confirmation,enzyme_to_reaction,top10,Q941S0,RHEA:21308,RHEA:14621,False,6,0.01463107019662857,e2r-external-top10-neural-rrf-v1,0.8128042659134254,in_domain,True,,r2e-current-top20-v1,0.0
confirmation,enzyme_to_reaction,top10,Q941S0,RHEA:21308,RHEA:33991,False,7,0.014623679220676422,e2r-external-top10-neural-rrf-v1,0.8128042659134254,in_domain,True,,r2e-current-top20-v1,0.0
confirmation,enzyme_to_reaction,top10,Q941S0,RHEA:21308,RHEA:31383,False,8,0.014605263248085976,e2r-external-top10-neural-rrf-v1,0.8128042659134254,in_domain,True,,r2e-current-top20-v1,0.0
confirmation,enzyme_to_reaction,top10,Q941S0,RHEA:21308,RHEA:19825,False,9,0.014353343285620213,e2r-external-top10-neural-rrf-v1,0.8128042659134254,in_domain,True,,r2e-current-top20-v1,0.0
confirmation,enzyme_to_reaction,top10,Q941S0,RHEA:21308,RHEA:27530,False,10,0.014207139611244202,e2r-external-top10-neural-rrf-v1,0.8128042659134254,in_domain,True,,r2e-current-top20-v1,0.0
confirmation,enzyme_to_reaction,top10,Q941S0,RHEA:21308,RHEA:28635,False,11,0.014150019735097885,e2r-external-top10-neural-rrf-v1,0.8128042659134254,in_domain,True,,r2e-current-top20-v1,0.0
confirmation,enzyme_to_reaction,top10,Q941S0,RHEA:21308,RHEA:27534,False,12,0.014007664285600185,e2r-external-top10-neural-rrf-v1,0.8128042659134254,in_domain,True,,r2e-current-top20-v1,0.0
confirmation,enzyme_to_reaction,top10,Q941S0,RHEA:21308,RHEA:56984,False,13,0.013813724741339684,e2r-external-top10-neural-rrf-v1,0.8128042659134254,in_domain,True,,r2e-current-top20-v1,0.0
confirmation,enzyme_to_reaction,top10,Q941S0,RHEA:21308,RHEA:63092,False,14,0.013405796140432358,e2r-external-top10-neural-rrf-v1,0.8128042659134254,in_domain,True,,r2e-current-top20-v1,0.0
confirmation,enzyme_to_reaction,top10,Q941S0,RHEA:21308,RHEA:22436,False,15,0.013098085299134254,e2r-external-top10-neural-rrf-v1,0.8128042659134254,in_domain,True,,r2e-current-top20-v1,0.0
confirmation,enzyme_to_reaction,top10,Q941S0,RHEA:21308,RHEA:33123,False,16,0.012791666202247143,e2r-external-top10-neural-rrf-v1,0.8128042659134254,in_domain,True,,r2e-current-top20-v1,0.0
confirmation,enzyme_to_reaction,top10,Q941S0,RHEA:21308,RHEA:12605,False,17,0.012658227235078812,e2r-external-top10-neural-rrf-v1,0.8128042659134254,in_domain,True,,r2e-current-top20-v1,0.0
confirmation,enzyme_to_reaction,top10,Q941S0,RHEA:21308,RHEA:58164,False,18,0.012464546598494053,e2r-external-top10-neural-rrf-v1,0.8128042659134254,in_domain,True,,r2e-current-top20-v1,0.0
confirmation,enzyme_to_reaction,top10,Q941S0,RHEA:21308,RHEA:25282,False,19,0.01241924986243248,e2r-external-top10-neural-rrf-v1,0.8128042659134254,in_domain,True,,r2e-current-top20-v1,0.0
confirmation,enzyme_to_reaction,top10,Q941S0,RHEA:21308,RHEA:63084,False,20,0.012195121496915817,e2r-external-top10-neural-rrf-v1,0.8128042659134254,in_domain,True,,r2e-current-top20-v1,0.0
confirmation,enzyme_to_reaction,top20,Q941S0,RHEA:21308,RHEA:21308,True,1,0.016393441706895828,e2r-external-top20-dual-kernel-rrf-v1,0.8908800406489319,in_domain,True,25.0,r2e-current-top20-v1,0.6571428571428571
confirmation,enzyme_to_reaction,top20,Q941S0,RHEA:21308,RHEA:31007,False,2,0.016129031777381897,e2r-external-top20-dual-kernel-rrf-v1,0.8908800406489319,in_domain,True,,r2e-current-top20-v1,0.0
confirmation,enzyme_to_reaction,top20,Q941S0,RHEA:21308,RHEA:30999,False,3,0.015588723123073578,e2r-external-top20-dual-kernel-rrf-v1,0.8908800406489319,in_domain,True,6.0,r2e-current-top20-v1,0.7668269230769231
confirmation,enzyme_to_reaction,top20,Q941S0,RHEA:21308,RHEA:31383,False,4,0.014502164907753468,e2r-external-top20-dual-kernel-rrf-v1,0.8908800406489319,in_domain,True,,r2e-current-top20-v1,0.0
confirmation,enzyme_to_reaction,top20,Q941S0,RHEA:21308,RHEA:31851,False,5,0.014409721828997135,e2r-external-top20-dual-kernel-rrf-v1,0.8908800406489319,in_domain,True,30.0,r2e-current-top20-v1,0.5041666666666667
confirmation,enzyme_to_reaction,top20,Q941S0,RHEA:21308,RHEA:81851,False,6,0.01434659119695425,e2r-external-top20-dual-kernel-rrf-v1,0.8908800406489319,in_domain,True,24.0,r2e-current-top20-v1,0.5055147058823529
confirmation,enzyme_to_reaction,top20,Q941S0,RHEA:21308,RHEA:14621,False,7,0.013972431421279907,e2r-external-top20-dual-kernel-rrf-v1,0.8908800406489319,in_domain,True,,r2e-current-top20-v1,0.0
confirmation,enzyme_to_reaction,top20,Q941S0,RHEA:21308,RHEA:31011,False,8,0.012157462537288666,e2r-external-top20-dual-kernel-rrf-v1,0.8908800406489319,in_domain,True,,r2e-current-top20-v1,0.0
confirmation,enzyme_to_reaction,top20,Q941S0,RHEA:21308,RHEA:31855,False,9,0.011907895095646381,e2r-external-top20-dual-kernel-rrf-v1,0.8908800406489319,in_domain,True,,r2e-current-top20-v1,0.0
confirmation,enzyme_to_reaction,top20,Q941S0,RHEA:21308,MARTS_EXT_RXN_6c228262ac8f,False,10,0.011481481604278088,e2r-external-top20-dual-kernel-rrf-v1,0.8908800406489319,in_domain,True,,r2e-external-top20-v1,0.0
confirmation,enzyme_to_reaction,top20,Q941S0,RHEA:21308,RHEA:33991,False,11,0.011342843994498253,e2r-external-top20-dual-kernel-rrf-v1,0.8908800406489319,in_domain,True,,r2e-current-top20-v1,0.0
confirmation,enzyme_to_reaction,top20,Q941S0,RHEA:21308,RHEA:25282,False,12,0.011237234808504581,e2r-external-top20-dual-kernel-rrf-v1,0.8908800406489319,in_domain,True,,r2e-current-top20-v1,0.0
confirmation,enzyme_to_reaction,top20,Q941S0,RHEA:21308,RHEA:27530,False,13,0.0108393719419837,e2r-external-top20-dual-kernel-rrf-v1,0.8908800406489319,in_domain,True,,r2e-current-top20-v1,0.0
confirmation,enzyme_to_reaction,top20,Q941S0,RHEA:21308,RHEA:63092,False,14,0.010766558349132538,e2r-external-top20-dual-kernel-rrf-v1,0.8908800406489319,in_domain,True,,r2e-current-top20-v1,0.0
confirmation,enzyme_to_reaction,top20,Q941S0,RHEA:21308,RHEA:27534,False,15,0.010692840442061424,e2r-external-top20-dual-kernel-rrf-v1,0.8908800406489319,in_domain,True,,r2e-current-top20-v1,0.0
confirmation,enzyme_to_reaction,top20,Q941S0,RHEA:21308,MARTS_EXT_RXN_455979525191,False,16,0.010464134626090527,e2r-external-top20-dual-kernel-rrf-v1,0.8908800406489319,in_domain,True,,r2e-external-top20-v1,0.0
confirmation,enzyme_to_reaction,top20,Q941S0,RHEA:21308,RHEA:22436,False,17,0.010389041155576706,e2r-external-top20-dual-kernel-rrf-v1,0.8908800406489319,in_domain,True,,r2e-current-top20-v1,0.0
confirmation,enzyme_to_reaction,top20,Q941S0,RHEA:21308,RHEA:56984,False,18,0.010364205576479435,e2r-external-top20-dual-kernel-rrf-v1,0.8908800406489319,in_domain,True,,r2e-current-top20-v1,0.0
confirmation,enzyme_to_reaction,top20,Q941S0,RHEA:21308,RHEA:19825,False,19,0.010274676606059074,e2r-external-top20-dual-kernel-rrf-v1,0.8908800406489319,in_domain,True,,r2e-current-top20-v1,0.0
confirmation,enzyme_to_reaction,top20,Q941S0,RHEA:21308,RHEA:28635,False,20,0.0100120659917593,e2r-external-top20-dual-kernel-rrf-v1,0.8908800406489319,in_domain,True,,r2e-current-top20-v1,0.0
development,reaction_to_enzyme,top3,MARTS_EXT_RXN_6c1cbb35db92,D5SK09,D5SK09,True,1,0.8193899989128113,r2e-external-top3-v1,0.6862761868467885,near_domain,True,10.0,e2r-current-top20-v1,0.7750000000000001
development,reaction_to_enzyme,top3,MARTS_EXT_RXN_6c1cbb35db92,D5SK09,B5GRC8,False,2,0.3733014166355133,r2e-external-top3-v1,0.6862761868467885,near_domain,True,,e2r-current-top20-v1,0.0
development,reaction_to_enzyme,top3,MARTS_EXT_RXN_6c1cbb35db92,D5SK09,A0A2T0LNX7,False,3,0.33997008204460144,r2e-external-top3-v1,0.6862761868467885,near_domain,True,46.0,e2r-external-top20-dual-kernel-rrf-v1,0.5212912087912087
development,reaction_to_enzyme,top3,MARTS_EXT_RXN_6c1cbb35db92,D5SK09,A0A1G9UQQ0,False,4,0.33871281147003174,r2e-external-top3-v1,0.6862761868467885,near_domain,True,34.0,e2r-current-top20-v1,0.5178571428571429
development,reaction_to_enzyme,top3,MARTS_EXT_RXN_6c1cbb35db92,D5SK09,WP_091046421.1,False,5,0.3385293483734131,r2e-external-top3-v1,0.6862761868467885,near_domain,True,21.0,e2r-external-top20-dual-kernel-rrf-v1,0.5440860215053763
development,reaction_to_enzyme,top3,MARTS_EXT_RXN_6c1cbb35db92,D5SK09,A0A101T124,False,6,0.32975533604621887,r2e-external-top3-v1,0.6862761868467885,near_domain,True,35.0,e2r-external-top20-dual-kernel-rrf-v1,0.46597222222222223
development,reaction_to_enzyme,top3,MARTS_EXT_RXN_6c1cbb35db92,D5SK09,A0A097ZQD0,False,7,0.3271670341491699,r2e-external-top3-v1,0.6862761868467885,near_domain,True,,e2r-external-top20-dual-kernel-rrf-v1,0.0
development,reaction_to_enzyme,top3,MARTS_EXT_RXN_6c1cbb35db92,D5SK09,I2N045,False,8,0.3250541388988495,r2e-external-top3-v1,0.6862761868467885,near_domain,True,,e2r-current-top20-v1,0.0
development,reaction_to_enzyme,top3,MARTS_EXT_RXN_6c1cbb35db92,D5SK09,A0A0U5CNN8,False,9,0.31664690375328064,r2e-external-top3-v1,0.6862761868467885,near_domain,True,34.0,e2r-current-top20-v1,0.4144736842105263
development,reaction_to_enzyme,top3,MARTS_EXT_RXN_6c1cbb35db92,D5SK09,A0A2A3HMH3,False,10,0.3065701425075531,r2e-external-top3-v1,0.6862761868467885,near_domain,True,,e2r-external-top20-dual-kernel-rrf-v1,0.0
development,reaction_to_enzyme,top3,MARTS_EXT_RXN_6c1cbb35db92,D5SK09,A0A1Q5GJH1,False,11,0.29912737011909485,r2e-external-top3-v1,0.6862761868467885,near_domain,True,,e2r-external-top20-dual-kernel-rrf-v1,0.0
development,reaction_to_enzyme,top3,MARTS_EXT_RXN_6c1cbb35db92,D5SK09,A0A6I2FRA3,False,12,0.2977202236652374,r2e-external-top3-v1,0.6862761868467885,near_domain,True,,e2r-external-top20-dual-kernel-rrf-v1,0.0
development,reaction_to_enzyme,top3,MARTS_EXT_RXN_6c1cbb35db92,D5SK09,G0Y288,False,13,0.2884683907032013,r2e-external-top3-v1,0.6862761868467885,near_domain,True,,e2r-external-top20-dual-kernel-rrf-v1,0.0
development,reaction_to_enzyme,top3,MARTS_EXT_RXN_6c1cbb35db92,D5SK09,A0A0N9I8A9,False,14,0.2873392403125763,r2e-external-top3-v1,0.6862761868467885,near_domain,True,,e2r-external-top20-dual-kernel-rrf-v1,0.0
development,reaction_to_enzyme,top3,MARTS_EXT_RXN_6c1cbb35db92,D5SK09,B5H135,False,15,0.2873252332210541,r2e-external-top3-v1,0.6862761868467885,near_domain,True,,e2r-external-top20-dual-kernel-rrf-v1,0.0
development,reaction_to_enzyme,top3,MARTS_EXT_RXN_6c1cbb35db92,D5SK09,M4I1C6,False,16,0.2861246168613434,r2e-external-top3-v1,0.6862761868467885,near_domain,True,2.0,e2r-current-top20-v1,0.6698717948717948
development,reaction_to_enzyme,top3,MARTS_EXT_RXN_6c1cbb35db92,D5SK09,A0A7S5GI43,False,17,0.28371021151542664,r2e-external-top3-v1,0.6862761868467885,near_domain,True,39.0,e2r-external-top20-dual-kernel-rrf-v1,0.31594860166288735
development,reaction_to_enzyme,top3,MARTS_EXT_RXN_6c1cbb35db92,D5SK09,A0A0H5BN61,False,18,0.28356727957725525,r2e-external-top3-v1,0.6862761868467885,near_domain,True,,e2r-current-top20-v1,0.0
development,reaction_to_enzyme,top3,MARTS_EXT_RXN_6c1cbb35db92,D5SK09,Q9LVP7,False,19,0.28187862038612366,r2e-external-top3-v1,0.6862761868467885,near_domain,True,,e2r-current-top20-v1,0.0
development,reaction_to_enzyme,top3,MARTS_EXT_RXN_6c1cbb35db92,D5SK09,D5SL78,False,20,0.2756308317184448,r2e-external-top3-v1,0.6862761868467885,near_domain,True,46.0,e2r-current-top20-v1,0.28154761904761905
development,reaction_to_enzyme,top10,MARTS_EXT_RXN_6c1cbb35db92,D5SK09,D5SK09,True,1,0.7559488415718079,r2e-external-top10-v1,0.6940520276765649,near_domain,True,10.0,e2r-current-top20-v1,0.7750000000000001
development,reaction_to_enzyme,top10,MARTS_EXT_RXN_6c1cbb35db92,D5SK09,B5GRC8,False,2,0.41490939259529114,r2e-external-top10-v1,0.6940520276765649,near_domain,True,,e2r-current-top20-v1,0.0
development,reaction_to_enzyme,top10,MARTS_EXT_RXN_6c1cbb35db92,D5SK09,A0A1G9UQQ0,False,3,0.4079573452472687,r2e-external-top10-v1,0.6940520276765649,near_domain,True,34.0,e2r-current-top20-v1,0.5480769230769231
development,reaction_to_enzyme,top10,MARTS_EXT_RXN_6c1cbb35db92,D5SK09,WP_091046421.1,False,4,0.40666019916534424,r2e-external-top10-v1,0.6940520276765649,near_domain,True,21.0,e2r-external-top20-dual-kernel-rrf-v1,0.5702764976958525
development,reaction_to_enzyme,top10,MARTS_EXT_RXN_6c1cbb35db92,D5SK09,A0A2T0LNX7,False,5,0.3765619993209839,r2e-external-top10-v1,0.6940520276765649,near_domain,True,46.0,e2r-external-top20-dual-kernel-rrf-v1,0.4648809523809524
development,reaction_to_enzyme,top10,MARTS_EXT_RXN_6c1cbb35db92,D5SK09,B5H135,False,6,0.37375199794769287,r2e-external-top10-v1,0.6940520276765649,near_domain,True,,e2r-external-top20-dual-kernel-rrf-v1,0.0
development,reaction_to_enzyme,top10,MARTS_EXT_RXN_6c1cbb35db92,D5SK09,A0A101T124,False,7,0.3680625855922699,r2e-external-top10-v1,0.6940520276765649,near_domain,True,35.0,e2r-external-top20-dual-kernel-rrf-v1,0.44575163398692813
development,reaction_to_enzyme,top10,MARTS_EXT_RXN_6c1cbb35db92,D5SK09,D5SL78,False,8,0.34757113456726074,r2e-external-top10-v1,0.6940520276765649,near_domain,True,46.0,e2r-current-top20-v1,0.4037698412698412
development,reaction_to_enzyme,top10,MARTS_EXT_RXN_6c1cbb35db92,D5SK09,A0A3M8F3X6,False,9,0.3404810130596161,r2e-external-top10-v1,0.6940520276765649,near_domain,True,6.0,e2r-external-top20-dual-kernel-rrf-v1,0.6332236842105263
development,reaction_to_enzyme,top10,MARTS_EXT_RXN_6c1cbb35db92,D5SK09,A0A348B782,False,10,0.33785149455070496,r2e-external-top10-v1,0.6940520276765649,near_domain,True,4.0,e2r-current-top20-v1,0.6678571428571428
development,reaction_to_enzyme,top10,MARTS_EXT_RXN_6c1cbb35db92,D5SK09,D9XDR8,False,11,0.3376014232635498,r2e-external-top10-v1,0.6940520276765649,near_domain,True,14.0,e2r-current-top20-v1,0.4910714285714285
development,reaction_to_enzyme,top10,MARTS_EXT_RXN_6c1cbb35db92,D5SK09,A0A2A3HMH3,False,12,0.33146241307258606,r2e-external-top10-v1,0.6940520276765649,near_domain,True,,e2r-external-top20-dual-kernel-rrf-v1,0.0
development,reaction_to_enzyme,top10,MARTS_EXT_RXN_6c1cbb35db92,D5SK09,A0A495JMV3,False,13,0.32095301151275635,r2e-external-top10-v1,0.6940520276765649,near_domain,True,13.0,e2r-external-top20-dual-kernel-rrf-v1,0.47826086956521735
development,reaction_to_enzyme,top10,MARTS_EXT_RXN_6c1cbb35db92,D5SK09,A0A1Q5GJH1,False,14,0.31531643867492676,r2e-external-top10-v1,0.6940520276765649,near_domain,True,,e2r-external-top20-dual-kernel-rrf-v1,0.0
development,reaction_to_enzyme,top10,MARTS_EXT_RXN_6c1cbb35db92,D5SK09,WP_205789436,False,15,0.31159043312072754,r2e-external-top10-v1,0.6940520276765649,near_domain,True,41.0,e2r-external-top20-dual-kernel-rrf-v1,0.32784313725490194
development,reaction_to_enzyme,top10,MARTS_EXT_RXN_6c1cbb35db92,D5SK09,B5GS26,False,16,0.30083879828453064,r2e-external-top10-v1,0.6940520276765649,near_domain,True,4.0,e2r-current-top20-v1,0.6043956043956044
development,reaction_to_enzyme,top10,MARTS_EXT_RXN_6c1cbb35db92,D5SK09,G0Y288,False,17,0.299780011177063,r2e-external-top10-v1,0.6940520276765649,near_domain,True,,e2r-external-top20-dual-kernel-rrf-v1,0.0
development,reaction_to_enzyme,top10,MARTS_EXT_RXN_6c1cbb35db92,D5SK09,M4I1C6,False,18,0.29943960905075073,r2e-external-top10-v1,0.6940520276765649,near_domain,True,2.0,e2r-current-top20-v1,0.6547619047619047
development,reaction_to_enzyme,top10,MARTS_EXT_RXN_6c1cbb35db92,D5SK09,I2N045,False,19,0.29565802216529846,r2e-external-top10-v1,0.6940520276765649,near_domain,True,,e2r-current-top20-v1,0.0
development,reaction_to_enzyme,top10,MARTS_EXT_RXN_6c1cbb35db92,D5SK09,A0A0H5BN61,False,20,0.29505589604377747,r2e-external-top10-v1,0.6940520276765649,near_domain,True,,e2r-current-top20-v1,0.0
development,reaction_to_enzyme,top20,MARTS_EXT_RXN_6c1cbb35db92,D5SK09,D5SK09,True,1,0.7559488415718079,r2e-external-top20-v1,0.6940520276765649,near_domain,True,10.0,e2r-current-top20-v1,0.7750000000000001
development,reaction_to_enzyme,top20,MARTS_EXT_RXN_6c1cbb35db92,D5SK09,B5GRC8,False,2,0.41490939259529114,r2e-external-top20-v1,0.6940520276765649,near_domain,True,,e2r-current-top20-v1,0.0
development,reaction_to_enzyme,top20,MARTS_EXT_RXN_6c1cbb35db92,D5SK09,A0A1G9UQQ0,False,3,0.4079573452472687,r2e-external-top20-v1,0.6940520276765649,near_domain,True,34.0,e2r-current-top20-v1,0.5480769230769231
development,reaction_to_enzyme,top20,MARTS_EXT_RXN_6c1cbb35db92,D5SK09,WP_091046421.1,False,4,0.40666019916534424,r2e-external-top20-v1,0.6940520276765649,near_domain,True,21.0,e2r-external-top20-dual-kernel-rrf-v1,0.5702764976958525
development,reaction_to_enzyme,top20,MARTS_EXT_RXN_6c1cbb35db92,D5SK09,A0A2T0LNX7,False,5,0.3765619993209839,r2e-external-top20-v1,0.6940520276765649,near_domain,True,46.0,e2r-external-top20-dual-kernel-rrf-v1,0.4648809523809524
development,reaction_to_enzyme,top20,MARTS_EXT_RXN_6c1cbb35db92,D5SK09,B5H135,False,6,0.37375199794769287,r2e-external-top20-v1,0.6940520276765649,near_domain,True,,e2r-external-top20-dual-kernel-rrf-v1,0.0
development,reaction_to_enzyme,top20,MARTS_EXT_RXN_6c1cbb35db92,D5SK09,A0A101T124,False,7,0.3680625855922699,r2e-external-top20-v1,0.6940520276765649,near_domain,True,35.0,e2r-external-top20-dual-kernel-rrf-v1,0.44575163398692813
development,reaction_to_enzyme,top20,MARTS_EXT_RXN_6c1cbb35db92,D5SK09,D5SL78,False,8,0.34757113456726074,r2e-external-top20-v1,0.6940520276765649,near_domain,True,46.0,e2r-current-top20-v1,0.4037698412698412
development,reaction_to_enzyme,top20,MARTS_EXT_RXN_6c1cbb35db92,D5SK09,A0A3M8F3X6,False,9,0.3404810130596161,r2e-external-top20-v1,0.6940520276765649,near_domain,True,6.0,e2r-external-top20-dual-kernel-rrf-v1,0.6332236842105263
development,reaction_to_enzyme,top20,MARTS_EXT_RXN_6c1cbb35db92,D5SK09,A0A348B782,False,10,0.33785149455070496,r2e-external-top20-v1,0.6940520276765649,near_domain,True,4.0,e2r-current-top20-v1,0.6678571428571428
development,reaction_to_enzyme,top20,MARTS_EXT_RXN_6c1cbb35db92,D5SK09,D9XDR8,False,11,0.3376014232635498,r2e-external-top20-v1,0.6940520276765649,near_domain,True,14.0,e2r-current-top20-v1,0.4910714285714285
development,reaction_to_enzyme,top20,MARTS_EXT_RXN_6c1cbb35db92,D5SK09,A0A2A3HMH3,False,12,0.33146241307258606,r2e-external-top20-v1,0.6940520276765649,near_domain,True,,e2r-external-top20-dual-kernel-rrf-v1,0.0
development,reaction_to_enzyme,top20,MARTS_EXT_RXN_6c1cbb35db92,D5SK09,A0A495JMV3,False,13,0.32095301151275635,r2e-external-top20-v1,0.6940520276765649,near_domain,True,13.0,e2r-external-top20-dual-kernel-rrf-v1,0.47826086956521735
development,reaction_to_enzyme,top20,MARTS_EXT_RXN_6c1cbb35db92,D5SK09,A0A1Q5GJH1,False,14,0.31531643867492676,r2e-external-top20-v1,0.6940520276765649,near_domain,True,,e2r-external-top20-dual-kernel-rrf-v1,0.0
development,reaction_to_enzyme,top20,MARTS_EXT_RXN_6c1cbb35db92,D5SK09,WP_205789436,False,15,0.31159043312072754,r2e-external-top20-v1,0.6940520276765649,near_domain,True,41.0,e2r-external-top20-dual-kernel-rrf-v1,0.32784313725490194
development,reaction_to_enzyme,top20,MARTS_EXT_RXN_6c1cbb35db92,D5SK09,B5GS26,False,16,0.30083879828453064,r2e-external-top20-v1,0.6940520276765649,near_domain,True,4.0,e2r-current-top20-v1,0.6043956043956044
development,reaction_to_enzyme,top20,MARTS_EXT_RXN_6c1cbb35db92,D5SK09,G0Y288,False,17,0.299780011177063,r2e-external-top20-v1,0.6940520276765649,near_domain,True,,e2r-external-top20-dual-kernel-rrf-v1,0.0
development,reaction_to_enzyme,top20,MARTS_EXT_RXN_6c1cbb35db92,D5SK09,M4I1C6,False,18,0.29943960905075073,r2e-external-top20-v1,0.6940520276765649,near_domain,True,2.0,e2r-current-top20-v1,0.6547619047619047
development,reaction_to_enzyme,top20,MARTS_EXT_RXN_6c1cbb35db92,D5SK09,I2N045,False,19,0.29565802216529846,r2e-external-top20-v1,0.6940520276765649,near_domain,True,,e2r-current-top20-v1,0.0
development,reaction_to_enzyme,top20,MARTS_EXT_RXN_6c1cbb35db92,D5SK09,A0A0H5BN61,False,20,0.29505589604377747,r2e-external-top20-v1,0.6940520276765649,near_domain,True,,e2r-current-top20-v1,0.0
development,reaction_to_enzyme,top3,MARTS_EXT_RXN_877408d79e1b,B5GTQ6,B5GTQ6,True,1,0.8329586982727051,r2e-external-top3-v1,0.6420304641368375,near_domain,True,,e2r-external-top20-dual-kernel-rrf-v1,0.0
development,reaction_to_enzyme,top3,MARTS_EXT_RXN_877408d79e1b,B5GTQ6,C9Z4F7,False,2,0.5245350003242493,r2e-external-top3-v1,0.6420304641368375,near_domain,True,28.0,e2r-external-top20-dual-kernel-rrf-v1,0.6030701754385964
development,reaction_to_enzyme,top3,MARTS_EXT_RXN_877408d79e1b,B5GTQ6,A0A5P1ZG13,False,3,0.36713576316833496,r2e-external-top3-v1,0.6420304641368375,near_domain,True,10.0,e2r-external-top20-dual-kernel-rrf-v1,0.698076923076923
development,reaction_to_enzyme,top3,MARTS_EXT_RXN_877408d79e1b,B5GTQ6,Q6WP50,False,4,0.3657538890838623,r2e-external-top3-v1,0.6420304641368375,near_domain,True,,e2r-current-top20-v1,0.0
development,reaction_to_enzyme,top3,MARTS_EXT_RXN_877408d79e1b,B5GTQ6,O05572,False,5,0.35579976439476013,r2e-external-top3-v1,0.6420304641368375,near_domain,True,,e2r-external-top20-dual-kernel-rrf-v1,0.0
development,reaction_to_enzyme,top3,MARTS_EXT_RXN_877408d79e1b,B5GTQ6,D5SLU6,False,6,0.34001803398132324,r2e-external-top3-v1,0.6420304641368375,near_domain,True,34.0,e2r-external-top20-dual-kernel-rrf-v1,0.46875000000000006
development,reaction_to_enzyme,top3,MARTS_EXT_RXN_877408d79e1b,B5GTQ6,A0A1I1IX82,False,7,0.3309765160083771,r2e-external-top3-v1,0.6420304641368375,near_domain,True,42.0,e2r-external-top20-dual-kernel-rrf-v1,0.4292986425339366
development,reaction_to_enzyme,top3,MARTS_EXT_RXN_877408d79e1b,B5GTQ6,A0A0M9VUG7,False,8,0.3200511634349823,r2e-external-top3-v1,0.6420304641368375,near_domain,True,,e2r-current-top20-v1,0.0
development,reaction_to_enzyme,top3,MARTS_EXT_RXN_877408d79e1b,B5GTQ6,B1W019,False,9,0.31862208247184753,r2e-external-top3-v1,0.6420304641368375,near_domain,True,,e2r-current-top20-v1,0.0
development,reaction_to_enzyme,top3,MARTS_EXT_RXN_877408d79e1b,B5GTQ6,Q82IY4,False,10,0.3121684491634369,r2e-external-top3-v1,0.6420304641368375,near_domain,True,36.0,e2r-current-top20-v1,0.39456521739130435
development,reaction_to_enzyme,top3,MARTS_EXT_RXN_877408d79e1b,B5GTQ6,K0K750,False,11,0.3043203353881836,r2e-external-top3-v1,0.6420304641368375,near_domain,True,,e2r-current-top20-v1,0.0
development,reaction_to_enzyme,top3,MARTS_EXT_RXN_877408d79e1b,B5GTQ6,Q55012,False,12,0.3007919490337372,r2e-external-top3-v1,0.6420304641368375,near_domain,True,,e2r-current-top20-v1,0.0
development,reaction_to_enzyme,top3,MARTS_EXT_RXN_877408d79e1b,B5GTQ6,D1MX87,False,13,0.2958832085132599,r2e-external-top3-v1,0.6420304641368375,near_domain,True,,e2r-current-top20-v1,0.0
development,reaction_to_enzyme,top3,MARTS_EXT_RXN_877408d79e1b,B5GTQ6,A0A7M3M6K6,False,14,0.29536041617393494,r2e-external-top3-v1,0.6420304641368375,near_domain,True,,e2r-external-top20-dual-kernel-rrf-v1,0.0
development,reaction_to_enzyme,top3,MARTS_EXT_RXN_877408d79e1b,B5GTQ6,D9XD61,False,15,0.2886652648448944,r2e-external-top3-v1,0.6420304641368375,near_domain,True,,e2r-current-top20-v1,0.0
development,reaction_to_enzyme,top3,MARTS_EXT_RXN_877408d79e1b,B5GTQ6,A0A0B4G3Q7,False,16,0.28844478726387024,r2e-external-top3-v1,0.6420304641368375,near_domain,True,9.0,e2r-current-top20-v1,0.5010121457489878
development,reaction_to_enzyme,top3,MARTS_EXT_RXN_877408d79e1b,B5GTQ6,B5H7H3,False,17,0.2853597104549408,r2e-external-top3-v1,0.6420304641368375,near_domain,True,38.0,e2r-current-top20-v1,0.318287037037037
development,reaction_to_enzyme,top3,MARTS_EXT_RXN_877408d79e1b,B5GTQ6,Q948R6,False,18,0.2844015061855316,r2e-external-top3-v1,0.6420304641368375,near_domain,True,,e2r-current-top20-v1,0.0
development,reaction_to_enzyme,top3,MARTS_EXT_RXN_877408d79e1b,B5GTQ6,A0A1B4XBG5,False,19,0.28416237235069275,r2e-external-top3-v1,0.6420304641368375,near_domain,True,,e2r-current-top20-v1,0.0
development,reaction_to_enzyme,top3,MARTS_EXT_RXN_877408d79e1b,B5GTQ6,A0A1L5YKS7,False,20,0.2778955101966858,r2e-external-top3-v1,0.6420304641368375,near_domain,True,,e2r-current-top20-v1,0.0
development,reaction_to_enzyme,top10,MARTS_EXT_RXN_877408d79e1b,B5GTQ6,B5GTQ6,True,1,0.771651029586792,r2e-external-top10-v1,0.6498062872948861,near_domain,True,,e2r-external-top20-dual-kernel-rrf-v1,0.0
development,reaction_to_enzyme,top10,MARTS_EXT_RXN_877408d79e1b,B5GTQ6,C9Z4F7,False,2,0.5472294688224792,r2e-external-top10-v1,0.6498062872948861,near_domain,True,28.0,e2r-external-top20-dual-kernel-rrf-v1,0.6030701754385964
development,reaction_to_enzyme,top10,MARTS_EXT_RXN_877408d79e1b,B5GTQ6,A0A5P1ZG13,False,3,0.37896454334259033,r2e-external-top10-v1,0.6498062872948861,near_domain,True,10.0,e2r-external-top20-dual-kernel-rrf-v1,0.698076923076923
development,reaction_to_enzyme,top10,MARTS_EXT_RXN_877408d79e1b,B5GTQ6,Q6WP50,False,4,0.3464972972869873,r2e-external-top10-v1,0.6498062872948861,near_domain,True,,e2r-current-top20-v1,0.0
development,reaction_to_enzyme,top10,MARTS_EXT_RXN_877408d79e1b,B5GTQ6,D5SLU6,False,5,0.3451228439807892,r2e-external-top10-v1,0.6498062872948861,near_domain,True,34.0,e2r-external-top20-dual-kernel-rrf-v1,0.49166666666666664
development,reaction_to_enzyme,top10,MARTS_EXT_RXN_877408d79e1b,B5GTQ6,B1W019,False,6,0.34363508224487305,r2e-external-top10-v1,0.6498062872948861,near_domain,True,,e2r-current-top20-v1,0.0
development,reaction_to_enzyme,top10,MARTS_EXT_RXN_877408d79e1b,B5GTQ6,A0A1I1IX82,False,7,0.33880481123924255,r2e-external-top10-v1,0.6498062872948861,near_domain,True,42.0,e2r-external-top20-dual-kernel-rrf-v1,0.4292986425339366
development,reaction_to_enzyme,top10,MARTS_EXT_RXN_877408d79e1b,B5GTQ6,O05572,False,8,0.3360406458377838,r2e-external-top10-v1,0.6498062872948861,near_domain,True,,e2r-external-top20-dual-kernel-rrf-v1,0.0
development,reaction_to_enzyme,top10,MARTS_EXT_RXN_877408d79e1b,B5GTQ6,A0A7M3M6K6,False,9,0.32084140181541443,r2e-external-top10-v1,0.6498062872948861,near_domain,True,,e2r-external-top20-dual-kernel-rrf-v1,0.0
development,reaction_to_enzyme,top10,MARTS_EXT_RXN_877408d79e1b,B5GTQ6,K0K750,False,10,0.3169949948787689,r2e-external-top10-v1,0.6498062872948861,near_domain,True,,e2r-current-top20-v1,0.0
development,reaction_to_enzyme,top10,MARTS_EXT_RXN_877408d79e1b,B5GTQ6,A0A0B4G3Q7,False,11,0.3147020637989044,r2e-external-top10-v1,0.6498062872948861,near_domain,True,9.0,e2r-current-top20-v1,0.5513784461152882
development,reaction_to_enzyme,top10,MARTS_EXT_RXN_877408d79e1b,B5GTQ6,A0A1L5YKS7,False,12,0.3099319040775299,r2e-external-top10-v1,0.6498062872948861,near_domain,True,,e2r-current-top20-v1,0.0
development,reaction_to_enzyme,top10,MARTS_EXT_RXN_877408d79e1b,B5GTQ6,Q82IY4,False,13,0.30917835235595703,r2e-external-top10-v1,0.6498062872948861,near_domain,True,36.0,e2r-current-top20-v1,0.358695652173913
development,reaction_to_enzyme,top10,MARTS_EXT_RXN_877408d79e1b,B5GTQ6,Q55012,False,14,0.2998310923576355,r2e-external-top10-v1,0.6498062872948861,near_domain,True,,e2r-current-top20-v1,0.0
development,reaction_to_enzyme,top10,MARTS_EXT_RXN_877408d79e1b,B5GTQ6,D9XD61,False,15,0.29223284125328064,r2e-external-top10-v1,0.6498062872948861,near_domain,True,,e2r-current-top20-v1,0.0
development,reaction_to_enzyme,top10,MARTS_EXT_RXN_877408d79e1b,B5GTQ6,B5H7H3,False,16,0.2868795096874237,r2e-external-top10-v1,0.6498062872948861,near_domain,True,38.0,e2r-current-top20-v1,0.3261217948717948
development,reaction_to_enzyme,top10,MARTS_EXT_RXN_877408d79e1b,B5GTQ6,A0A1V0QSG6,False,17,0.28593286871910095,r2e-external-top10-v1,0.6498062872948861,near_domain,True,,e2r-current-top20-v1,0.0
development,reaction_to_enzyme,top10,MARTS_EXT_RXN_877408d79e1b,B5GTQ6,A0A0M9VUG7,False,18,0.2761044502258301,r2e-external-top10-v1,0.6498062872948861,near_domain,True,,e2r-current-top20-v1,0.0
development,reaction_to_enzyme,top10,MARTS_EXT_RXN_877408d79e1b,B5GTQ6,S0ENM8,False,19,0.2713961899280548,r2e-external-top10-v1,0.6498062872948861,near_domain,True,,e2r-current-top20-v1,0.0
development,reaction_to_enzyme,top10,MARTS_EXT_RXN_877408d79e1b,B5GTQ6,A0A1B4XBG5,False,20,0.2637140452861786,r2e-external-top10-v1,0.6498062872948861,near_domain,True,,e2r-current-top20-v1,0.0
development,reaction_to_enzyme,top20,MARTS_EXT_RXN_877408d79e1b,B5GTQ6,B5GTQ6,True,1,0.771651029586792,r2e-external-top20-v1,0.6498062872948861,near_domain,True,,e2r-external-top20-dual-kernel-rrf-v1,0.0
development,reaction_to_enzyme,top20,MARTS_EXT_RXN_877408d79e1b,B5GTQ6,C9Z4F7,False,2,0.5472294688224792,r2e-external-top20-v1,0.6498062872948861,near_domain,True,28.0,e2r-external-top20-dual-kernel-rrf-v1,0.6030701754385964
development,reaction_to_enzyme,top20,MARTS_EXT_RXN_877408d79e1b,B5GTQ6,A0A5P1ZG13,False,3,0.37896454334259033,r2e-external-top20-v1,0.6498062872948861,near_domain,True,10.0,e2r-external-top20-dual-kernel-rrf-v1,0.698076923076923
development,reaction_to_enzyme,top20,MARTS_EXT_RXN_877408d79e1b,B5GTQ6,Q6WP50,False,4,0.3464972972869873,r2e-external-top20-v1,0.6498062872948861,near_domain,True,,e2r-current-top20-v1,0.0
development,reaction_to_enzyme,top20,MARTS_EXT_RXN_877408d79e1b,B5GTQ6,D5SLU6,False,5,0.3451228439807892,r2e-external-top20-v1,0.6498062872948861,near_domain,True,34.0,e2r-external-top20-dual-kernel-rrf-v1,0.49166666666666664
development,reaction_to_enzyme,top20,MARTS_EXT_RXN_877408d79e1b,B5GTQ6,B1W019,False,6,0.34363508224487305,r2e-external-top20-v1,0.6498062872948861,near_domain,True,,e2r-current-top20-v1,0.0
development,reaction_to_enzyme,top20,MARTS_EXT_RXN_877408d79e1b,B5GTQ6,A0A1I1IX82,False,7,0.33880481123924255,r2e-external-top20-v1,0.6498062872948861,near_domain,True,42.0,e2r-external-top20-dual-kernel-rrf-v1,0.4292986425339366
development,reaction_to_enzyme,top20,MARTS_EXT_RXN_877408d79e1b,B5GTQ6,O05572,False,8,0.3360406458377838,r2e-external-top20-v1,0.6498062872948861,near_domain,True,,e2r-external-top20-dual-kernel-rrf-v1,0.0
development,reaction_to_enzyme,top20,MARTS_EXT_RXN_877408d79e1b,B5GTQ6,A0A7M3M6K6,False,9,0.32084140181541443,r2e-external-top20-v1,0.6498062872948861,near_domain,True,,e2r-external-top20-dual-kernel-rrf-v1,0.0
development,reaction_to_enzyme,top20,MARTS_EXT_RXN_877408d79e1b,B5GTQ6,K0K750,False,10,0.3169949948787689,r2e-external-top20-v1,0.6498062872948861,near_domain,True,,e2r-current-top20-v1,0.0
development,reaction_to_enzyme,top20,MARTS_EXT_RXN_877408d79e1b,B5GTQ6,A0A0B4G3Q7,False,11,0.3147020637989044,r2e-external-top20-v1,0.6498062872948861,near_domain,True,9.0,e2r-current-top20-v1,0.5513784461152882
development,reaction_to_enzyme,top20,MARTS_EXT_RXN_877408d79e1b,B5GTQ6,A0A1L5YKS7,False,12,0.3099319040775299,r2e-external-top20-v1,0.6498062872948861,near_domain,True,,e2r-current-top20-v1,0.0
development,reaction_to_enzyme,top20,MARTS_EXT_RXN_877408d79e1b,B5GTQ6,Q82IY4,False,13,0.30917835235595703,r2e-external-top20-v1,0.6498062872948861,near_domain,True,36.0,e2r-current-top20-v1,0.358695652173913
development,reaction_to_enzyme,top20,MARTS_EXT_RXN_877408d79e1b,B5GTQ6,Q55012,False,14,0.2998310923576355,r2e-external-top20-v1,0.6498062872948861,near_domain,True,,e2r-current-top20-v1,0.0
development,reaction_to_enzyme,top20,MARTS_EXT_RXN_877408d79e1b,B5GTQ6,D9XD61,False,15,0.29223284125328064,r2e-external-top20-v1,0.6498062872948861,near_domain,True,,e2r-current-top20-v1,0.0
development,reaction_to_enzyme,top20,MARTS_EXT_RXN_877408d79e1b,B5GTQ6,B5H7H3,False,16,0.2868795096874237,r2e-external-top20-v1,0.6498062872948861,near_domain,True,38.0,e2r-current-top20-v1,0.3261217948717948
development,reaction_to_enzyme,top20,MARTS_EXT_RXN_877408d79e1b,B5GTQ6,A0A1V0QSG6,False,17,0.28593286871910095,r2e-external-top20-v1,0.6498062872948861,near_domain,True,,e2r-current-top20-v1,0.0
development,reaction_to_enzyme,top20,MARTS_EXT_RXN_877408d79e1b,B5GTQ6,A0A0M9VUG7,False,18,0.2761044502258301,r2e-external-top20-v1,0.6498062872948861,near_domain,True,,e2r-current-top20-v1,0.0
development,reaction_to_enzyme,top20,MARTS_EXT_RXN_877408d79e1b,B5GTQ6,S0ENM8,False,19,0.2713961899280548,r2e-external-top20-v1,0.6498062872948861,near_domain,True,,e2r-current-top20-v1,0.0
development,reaction_to_enzyme,top20,MARTS_EXT_RXN_877408d79e1b,B5GTQ6,A0A1B4XBG5,False,20,0.2637140452861786,r2e-external-top20-v1,0.6498062872948861,near_domain,True,,e2r-current-top20-v1,0.0
development,reaction_to_enzyme,top3,MARTS_EXT_RXN_c0d41a7707a3,marts_E00628,marts_E00628,True,1,0.7952715754508972,r2e-external-top3-v1,0.7103159549821588,near_domain,True,16.0,e2r-external-top20-dual-kernel-rrf-v1,0.7115384615384616
development,reaction_to_enzyme,top3,MARTS_EXT_RXN_c0d41a7707a3,marts_E00628,A0A348B788,False,2,0.5450218915939331,r2e-external-top3-v1,0.7103159549821588,near_domain,True,10.0,e2r-current-top20-v1,0.7333333333333333
development,reaction_to_enzyme,top3,MARTS_EXT_RXN_c0d41a7707a3,marts_E00628,A0A8H7XQ49,False,3,0.49286267161369324,r2e-external-top3-v1,0.7103159549821588,near_domain,True,4.0,e2r-current-top20-v1,0.8159340659340659
development,reaction_to_enzyme,top3,MARTS_EXT_RXN_c0d41a7707a3,marts_E00628,A0A5Q0QNH9,False,4,0.4741877019405365,r2e-external-top3-v1,0.7103159549821588,near_domain,True,42.0,e2r-current-top20-v1,0.4986263736263736
development,reaction_to_enzyme,top3,MARTS_EXT_RXN_c0d41a7707a3,marts_E00628,A0A8H8CFI5,False,5,0.4719412326812744,r2e-external-top3-v1,0.7103159549821588,near_domain,True,4.0,e2r-current-top20-v1,0.7595238095238096
development,reaction_to_enzyme,top3,MARTS_EXT_RXN_c0d41a7707a3,marts_E00628,A0A8H7XMX0,False,6,0.44626951217651367,r2e-external-top3-v1,0.7103159549821588,near_domain,True,27.0,e2r-current-top20-v1,0.49239864864864863
development,reaction_to_enzyme,top3,MARTS_EXT_RXN_c0d41a7707a3,marts_E00628,A0A4S8MAF3,False,7,0.4323723316192627,r2e-external-top3-v1,0.7103159549821588,near_domain,True,26.0,e2r-current-top20-v1,0.47630718954248363
development,reaction_to_enzyme,top3,MARTS_EXT_RXN_c0d41a7707a3,marts_E00628,A0A067N7X3,False,8,0.3989393711090088,r2e-external-top3-v1,0.7103159549821588,near_domain,True,28.0,e2r-external-top20-dual-kernel-rrf-v1,0.4502923976608187
development,reaction_to_enzyme,top3,MARTS_EXT_RXN_c0d41a7707a3,marts_E00628,A0A348B785,False,9,0.3915831744670868,r2e-external-top3-v1,0.7103159549821588,near_domain,True,20.0,e2r-current-top20-v1,0.47280701754385956
development,reaction_to_enzyme,top3,MARTS_EXT_RXN_c0d41a7707a3,marts_E00628,BDI63087.1,False,10,0.38874855637550354,r2e-external-top3-v1,0.7103159549821588,near_domain,True,27.0,e2r-external-top20-dual-kernel-rrf-v1,0.42364864864864865
development,reaction_to_enzyme,top3,MARTS_EXT_RXN_c0d41a7707a3,marts_E00628,A0A117RG81,False,11,0.38860270380973816,r2e-external-top3-v1,0.7103159549821588,near_domain,True,10.0,e2r-external-top20-dual-kernel-rrf-v1,0.5369047619047619
development,reaction_to_enzyme,top3,MARTS_EXT_RXN_c0d41a7707a3,marts_E00628,E3VWJ0,False,12,0.37660670280456543,r2e-external-top3-v1,0.7103159549821588,near_domain,True,49.0,e2r-current-top20-v1,0.3432203389830508
development,reaction_to_enzyme,top3,MARTS_EXT_RXN_c0d41a7707a3,marts_E00628,Q55012,False,13,0.3754369020462036,r2e-external-top3-v1,0.7103159549821588,near_domain,True,45.0,e2r-current-top20-v1,0.3391304347826087
development,reaction_to_enzyme,top3,MARTS_EXT_RXN_c0d41a7707a3,marts_E00628,L0MXX3,False,14,0.370882123708725,r2e-external-top3-v1,0.7103159549821588,near_domain,True,,e2r-current-top20-v1,0.0
development,reaction_to_enzyme,top3,MARTS_EXT_RXN_c0d41a7707a3,marts_E00628,P9WEW0,False,15,0.3703780174255371,r2e-external-top3-v1,0.7103159549821588,near_domain,True,41.0,e2r-current-top20-v1,0.32784313725490194
development,reaction_to_enzyme,top3,MARTS_EXT_RXN_c0d41a7707a3,marts_E00628,Q82IY4,False,16,0.36912378668785095,r2e-external-top3-v1,0.7103159549821588,near_domain,True,29.0,e2r-current-top20-v1,0.35256410256410253
development,reaction_to_enzyme,top3,MARTS_EXT_RXN_c0d41a7707a3,marts_E00628,W4JX79,False,17,0.35590171813964844,r2e-external-top3-v1,0.7103159549821588,near_domain,True,,e2r-current-top20-v1,0.0
development,reaction_to_enzyme,top3,MARTS_EXT_RXN_c0d41a7707a3,marts_E00628,BDI63111.1,False,18,0.35500144958496094,r2e-external-top3-v1,0.7103159549821588,near_domain,True,39.0,e2r-external-top20-dual-kernel-rrf-v1,0.30867346938775503
development,reaction_to_enzyme,top3,MARTS_EXT_RXN_c0d41a7707a3,marts_E00628,BDO24661.1,False,19,0.34273743629455566,r2e-external-top3-v1,0.7103159549821588,near_domain,True,24.0,e2r-external-top20-dual-kernel-rrf-v1,0.351419878296146
development,reaction_to_enzyme,top3,MARTS_EXT_RXN_c0d41a7707a3,marts_E00628,A0A3G9GR23,False,20,0.3401101529598236,r2e-external-top3-v1,0.7103159549821588,near_domain,True,,e2r-current-top20-v1,0.0
development,reaction_to_enzyme,top10,MARTS_EXT_RXN_c0d41a7707a3,marts_E00628,marts_E00628,True,1,0.7422096729278564,r2e-external-top10-v1,0.7066989196982696,near_domain,True,16.0,e2r-external-top20-dual-kernel-rrf-v1,0.7115384615384616
development,reaction_to_enzyme,top10,MARTS_EXT_RXN_c0d41a7707a3,marts_E00628,A0A348B788,False,2,0.5566460490226746,r2e-external-top10-v1,0.7066989196982696,near_domain,True,10.0,e2r-current-top20-v1,0.7333333333333333
development,reaction_to_enzyme,top10,MARTS_EXT_RXN_c0d41a7707a3,marts_E00628,A0A8H7XQ49,False,3,0.5533680319786072,r2e-external-top10-v1,0.7066989196982696,near_domain,True,4.0,e2r-current-top20-v1,0.8159340659340659
development,reaction_to_enzyme,top10,MARTS_EXT_RXN_c0d41a7707a3,marts_E00628,A0A8H8CFI5,False,4,0.5375681519508362,r2e-external-top10-v1,0.7066989196982696,near_domain,True,4.0,e2r-current-top20-v1,0.7857142857142857
development,reaction_to_enzyme,top10,MARTS_EXT_RXN_c0d41a7707a3,marts_E00628,A0A5Q0QNH9,False,5,0.4858989715576172,r2e-external-top10-v1,0.7066989196982696,near_domain,True,42.0,e2r-current-top20-v1,0.4724358974358974
development,reaction_to_enzyme,top10,MARTS_EXT_RXN_c0d41a7707a3,marts_E00628,A0A8H7XMX0,False,6,0.4801446497440338,r2e-external-top10-v1,0.7066989196982696,near_domain,True,27.0,e2r-current-top20-v1,0.49239864864864863
development,reaction_to_enzyme,top10,MARTS_EXT_RXN_c0d41a7707a3,marts_E00628,A0A348B785,False,7,0.4521544873714447,r2e-external-top10-v1,0.7066989196982696,near_domain,True,20.0,e2r-current-top20-v1,0.5068627450980392
development,reaction_to_enzyme,top10,MARTS_EXT_RXN_c0d41a7707a3,marts_E00628,A0A4S8MAF3,False,8,0.44973015785217285,r2e-external-top10-v1,0.7066989196982696,near_domain,True,26.0,e2r-current-top20-v1,0.4583333333333333
development,reaction_to_enzyme,top10,MARTS_EXT_RXN_c0d41a7707a3,marts_E00628,A0A067N7X3,False,9,0.4470483958721161,r2e-external-top10-v1,0.7066989196982696,near_domain,True,28.0,e2r-external-top20-dual-kernel-rrf-v1,0.43421052631578944
development,reaction_to_enzyme,top10,MARTS_EXT_RXN_c0d41a7707a3,marts_E00628,A0A117RG81,False,10,0.4372938871383667,r2e-external-top10-v1,0.7066989196982696,near_domain,True,10.0,e2r-external-top20-dual-kernel-rrf-v1,0.55
development,reaction_to_enzyme,top10,MARTS_EXT_RXN_c0d41a7707a3,marts_E00628,BDI63087.1,False,11,0.4348663091659546,r2e-external-top10-v1,0.7066989196982696,near_domain,True,27.0,e2r-external-top20-dual-kernel-rrf-v1,0.41055341055341055
development,reaction_to_enzyme,top10,MARTS_EXT_RXN_c0d41a7707a3,marts_E00628,E3VWJ0,False,12,0.42202237248420715,r2e-external-top10-v1,0.7066989196982696,near_domain,True,49.0,e2r-current-top20-v1,0.3432203389830508
development,reaction_to_enzyme,top10,MARTS_EXT_RXN_c0d41a7707a3,marts_E00628,BDI63111.1,False,13,0.421105295419693,r2e-external-top10-v1,0.7066989196982696,near_domain,True,39.0,e2r-external-top20-dual-kernel-rrf-v1,0.35137533274179233
development,reaction_to_enzyme,top10,MARTS_EXT_RXN_c0d41a7707a3,marts_E00628,Q55012,False,14,0.41171956062316895,r2e-external-top10-v1,0.7066989196982696,near_domain,True,45.0,e2r-current-top20-v1,0.32916666666666666
development,reaction_to_enzyme,top10,MARTS_EXT_RXN_c0d41a7707a3,marts_E00628,P9WEW0,False,15,0.40417635440826416,r2e-external-top10-v1,0.7066989196982696,near_domain,True,41.0,e2r-current-top20-v1,0.32784313725490194
development,reaction_to_enzyme,top10,MARTS_EXT_RXN_c0d41a7707a3,marts_E00628,BDO24661.1,False,16,0.4018717110157013,r2e-external-top10-v1,0.7066989196982696,near_domain,True,24.0,e2r-external-top20-dual-kernel-rrf-v1,0.37330316742081454
development,reaction_to_enzyme,top10,MARTS_EXT_RXN_c0d41a7707a3,marts_E00628,Q82IY4,False,17,0.39370620250701904,r2e-external-top10-v1,0.7066989196982696,near_domain,True,29.0,e2r-current-top20-v1,0.3447293447293447
development,reaction_to_enzyme,top10,MARTS_EXT_RXN_c0d41a7707a3,marts_E00628,marts_E01335,False,18,0.3823312819004059,r2e-external-top10-v1,0.7066989196982696,near_domain,True,10.0,e2r-external-top20-dual-kernel-rrf-v1,0.4714285714285714
development,reaction_to_enzyme,top10,MARTS_EXT_RXN_c0d41a7707a3,marts_E00628,W4JX79,False,19,0.3805556297302246,r2e-external-top10-v1,0.7066989196982696,near_domain,True,,e2r-current-top20-v1,0.0
development,reaction_to_enzyme,top10,MARTS_EXT_RXN_c0d41a7707a3,marts_E00628,P9WEW2,False,20,0.37365150451660156,r2e-external-top10-v1,0.7066989196982696,near_domain,True,39.0,e2r-current-top20-v1,0.295578231292517
development,reaction_to_enzyme,top20,MARTS_EXT_RXN_c0d41a7707a3,marts_E00628,marts_E00628,True,1,0.7422096729278564,r2e-external-top20-v1,0.7066989196982696,near_domain,True,16.0,e2r-external-top20-dual-kernel-rrf-v1,0.7115384615384616
development,reaction_to_enzyme,top20,MARTS_EXT_RXN_c0d41a7707a3,marts_E00628,A0A348B788,False,2,0.5566460490226746,r2e-external-top20-v1,0.7066989196982696,near_domain,True,10.0,e2r-current-top20-v1,0.7333333333333333
development,reaction_to_enzyme,top20,MARTS_EXT_RXN_c0d41a7707a3,marts_E00628,A0A8H7XQ49,False,3,0.5533680319786072,r2e-external-top20-v1,0.7066989196982696,near_domain,True,4.0,e2r-current-top20-v1,0.8159340659340659
development,reaction_to_enzyme,top20,MARTS_EXT_RXN_c0d41a7707a3,marts_E00628,A0A8H8CFI5,False,4,0.5375681519508362,r2e-external-top20-v1,0.7066989196982696,near_domain,True,4.0,e2r-current-top20-v1,0.7857142857142857
development,reaction_to_enzyme,top20,MARTS_EXT_RXN_c0d41a7707a3,marts_E00628,A0A5Q0QNH9,False,5,0.4858989715576172,r2e-external-top20-v1,0.7066989196982696,near_domain,True,42.0,e2r-current-top20-v1,0.4724358974358974
development,reaction_to_enzyme,top20,MARTS_EXT_RXN_c0d41a7707a3,marts_E00628,A0A8H7XMX0,False,6,0.4801446497440338,r2e-external-top20-v1,0.7066989196982696,near_domain,True,27.0,e2r-current-top20-v1,0.49239864864864863
development,reaction_to_enzyme,top20,MARTS_EXT_RXN_c0d41a7707a3,marts_E00628,A0A348B785,False,7,0.4521544873714447,r2e-external-top20-v1,0.7066989196982696,near_domain,True,20.0,e2r-current-top20-v1,0.5068627450980392
development,reaction_to_enzyme,top20,MARTS_EXT_RXN_c0d41a7707a3,marts_E00628,A0A4S8MAF3,False,8,0.44973015785217285,r2e-external-top20-v1,0.7066989196982696,near_domain,True,26.0,e2r-current-top20-v1,0.4583333333333333
development,reaction_to_enzyme,top20,MARTS_EXT_RXN_c0d41a7707a3,marts_E00628,A0A067N7X3,False,9,0.4470483958721161,r2e-external-top20-v1,0.7066989196982696,near_domain,True,28.0,e2r-external-top20-dual-kernel-rrf-v1,0.43421052631578944
development,reaction_to_enzyme,top20,MARTS_EXT_RXN_c0d41a7707a3,marts_E00628,A0A117RG81,False,10,0.4372938871383667,r2e-external-top20-v1,0.7066989196982696,near_domain,True,10.0,e2r-external-top20-dual-kernel-rrf-v1,0.55
development,reaction_to_enzyme,top20,MARTS_EXT_RXN_c0d41a7707a3,marts_E00628,BDI63087.1,False,11,0.4348663091659546,r2e-external-top20-v1,0.7066989196982696,near_domain,True,27.0,e2r-external-top20-dual-kernel-rrf-v1,0.41055341055341055
development,reaction_to_enzyme,top20,MARTS_EXT_RXN_c0d41a7707a3,marts_E00628,E3VWJ0,False,12,0.42202237248420715,r2e-external-top20-v1,0.7066989196982696,near_domain,True,49.0,e2r-current-top20-v1,0.3432203389830508
development,reaction_to_enzyme,top20,MARTS_EXT_RXN_c0d41a7707a3,marts_E00628,BDI63111.1,False,13,0.421105295419693,r2e-external-top20-v1,0.7066989196982696,near_domain,True,39.0,e2r-external-top20-dual-kernel-rrf-v1,0.35137533274179233
development,reaction_to_enzyme,top20,MARTS_EXT_RXN_c0d41a7707a3,marts_E00628,Q55012,False,14,0.41171956062316895,r2e-external-top20-v1,0.7066989196982696,near_domain,True,45.0,e2r-current-top20-v1,0.32916666666666666
development,reaction_to_enzyme,top20,MARTS_EXT_RXN_c0d41a7707a3,marts_E00628,P9WEW0,False,15,0.40417635440826416,r2e-external-top20-v1,0.7066989196982696,near_domain,True,41.0,e2r-current-top20-v1,0.32784313725490194
development,reaction_to_enzyme,top20,MARTS_EXT_RXN_c0d41a7707a3,marts_E00628,BDO24661.1,False,16,0.4018717110157013,r2e-external-top20-v1,0.7066989196982696,near_domain,True,24.0,e2r-external-top20-dual-kernel-rrf-v1,0.37330316742081454
development,reaction_to_enzyme,top20,MARTS_EXT_RXN_c0d41a7707a3,marts_E00628,Q82IY4,False,17,0.39370620250701904,r2e-external-top20-v1,0.7066989196982696,near_domain,True,29.0,e2r-current-top20-v1,0.3447293447293447
development,reaction_to_enzyme,top20,MARTS_EXT_RXN_c0d41a7707a3,marts_E00628,marts_E01335,False,18,0.3823312819004059,r2e-external-top20-v1,0.7066989196982696,near_domain,True,10.0,e2r-external-top20-dual-kernel-rrf-v1,0.4714285714285714
development,reaction_to_enzyme,top20,MARTS_EXT_RXN_c0d41a7707a3,marts_E00628,W4JX79,False,19,0.3805556297302246,r2e-external-top20-v1,0.7066989196982696,near_domain,True,,e2r-current-top20-v1,0.0
development,reaction_to_enzyme,top20,MARTS_EXT_RXN_c0d41a7707a3,marts_E00628,P9WEW2,False,20,0.37365150451660156,r2e-external-top20-v1,0.7066989196982696,near_domain,True,39.0,e2r-current-top20-v1,0.295578231292517
confirmation,reaction_to_enzyme,top3,MARTS_EXT_RXN_90bccccecf9c,A0A5N5W9J0,A0A5N5W9J0,True,1,0.8347146511077881,r2e-external-top3-v1,0.7148659318791308,near_domain,True,,e2r-external-top20-dual-kernel-rrf-v1,0.0
confirmation,reaction_to_enzyme,top3,MARTS_EXT_RXN_90bccccecf9c,A0A5N5W9J0,M1V9Q0,False,2,0.4271170198917389,r2e-external-top3-v1,0.7148659318791308,near_domain,True,45.0,e2r-current-top20-v1,0.5583333333333332
confirmation,reaction_to_enzyme,top3,MARTS_EXT_RXN_90bccccecf9c,A0A5N5W9J0,A0A7W5F0P0,False,3,0.4212181568145752,r2e-external-top3-v1,0.7148659318791308,near_domain,True,,e2r-external-top20-dual-kernel-rrf-v1,0.0
confirmation,reaction_to_enzyme,top3,MARTS_EXT_RXN_90bccccecf9c,A0A5N5W9J0,A0A401VY17,False,4,0.4139159023761749,r2e-external-top3-v1,0.7148659318791308,near_domain,True,,e2r-external-top20-dual-kernel-rrf-v1,0.0
confirmation,reaction_to_enzyme,top3,MARTS_EXT_RXN_90bccccecf9c,A0A5N5W9J0,I2N045,False,5,0.4131966531276703,r2e-external-top3-v1,0.7148659318791308,near_domain,True,14.0,e2r-current-top20-v1,0.5958333333333333
confirmation,reaction_to_enzyme,top3,MARTS_EXT_RXN_90bccccecf9c,A0A5N5W9J0,WP_150521282,False,6,0.4044063091278076,r2e-external-top3-v1,0.7148659318791308,near_domain,True,48.0,e2r-external-top20-dual-kernel-rrf-v1,0.4385775862068966
confirmation,reaction_to_enzyme,top3,MARTS_EXT_RXN_90bccccecf9c,A0A5N5W9J0,B5GMG2,False,7,0.39108946919441223,r2e-external-top3-v1,0.7148659318791308,near_domain,True,49.0,e2r-current-top20-v1,0.4167497507477567
confirmation,reaction_to_enzyme,top3,MARTS_EXT_RXN_90bccccecf9c,A0A5N5W9J0,WKM69310.1,False,8,0.37435832619667053,r2e-external-top3-v1,0.7148659318791308,near_domain,True,16.0,e2r-external-top20-dual-kernel-rrf-v1,0.517094017094017
confirmation,reaction_to_enzyme,top3,MARTS_EXT_RXN_90bccccecf9c,A0A5N5W9J0,A0A1H1T2Q7,False,9,0.3571620285511017,r2e-external-top3-v1,0.7148659318791308,near_domain,True,24.0,e2r-external-top20-dual-kernel-rrf-v1,0.45123839009287925
confirmation,reaction_to_enzyme,top3,MARTS_EXT_RXN_90bccccecf9c,A0A5N5W9J0,P9WEV2,False,10,0.3271723687648773,r2e-external-top3-v1,0.7148659318791308,near_domain,True,20.0,e2r-current-top20-v1,0.45833333333333337
confirmation,reaction_to_enzyme,top3,MARTS_EXT_RXN_90bccccecf9c,A0A5N5W9J0,Q0CRW6,False,11,0.3207625448703766,r2e-external-top3-v1,0.7148659318791308,near_domain,True,14.0,e2r-current-top20-v1,0.4910714285714285
confirmation,reaction_to_enzyme,top3,MARTS_EXT_RXN_90bccccecf9c,A0A5N5W9J0,P9WPN3,False,12,0.3068605661392212,r2e-external-top3-v1,0.7148659318791308,near_domain,True,,e2r-current-top20-v1,0.0
confirmation,reaction_to_enzyme,top3,MARTS_EXT_RXN_90bccccecf9c,A0A5N5W9J0,P59954,False,13,0.30382320284843445,r2e-external-top3-v1,0.7148659318791308,near_domain,True,,e2r-current-top20-v1,0.0
confirmation,reaction_to_enzyme,top3,MARTS_EXT_RXN_90bccccecf9c,A0A5N5W9J0,P9WPN2,False,14,0.30382320284843445,r2e-external-top3-v1,0.7148659318791308,near_domain,True,,e2r-current-top20-v1,0.0
confirmation,reaction_to_enzyme,top3,MARTS_EXT_RXN_90bccccecf9c,A0A5N5W9J0,A0A386ZKV4,False,15,0.29110971093177795,r2e-external-top3-v1,0.7148659318791308,near_domain,True,,e2r-external-top20-dual-kernel-rrf-v1,0.0
confirmation,reaction_to_enzyme,top3,MARTS_EXT_RXN_90bccccecf9c,A0A5N5W9J0,AGO55049.1,False,16,0.28741273283958435,r2e-external-top3-v1,0.7148659318791308,near_domain,True,,e2r-external-top20-dual-kernel-rrf-v1,0.0
confirmation,reaction_to_enzyme,top3,MARTS_EXT_RXN_90bccccecf9c,A0A5N5W9J0,P9WEP1,False,17,0.28667452931404114,r2e-external-top3-v1,0.7148659318791308,near_domain,True,,e2r-current-top20-v1,0.0
confirmation,reaction_to_enzyme,top3,MARTS_EXT_RXN_90bccccecf9c,A0A5N5W9J0,A0A2Z4HPY0,False,18,0.2805829346179962,r2e-external-top3-v1,0.7148659318791308,near_domain,True,,e2r-current-top20-v1,0.0
confirmation,reaction_to_enzyme,top3,MARTS_EXT_RXN_90bccccecf9c,A0A5N5W9J0,WP_109642681,False,19,0.27674052119255066,r2e-external-top3-v1,0.7148659318791308,near_domain,True,,e2r-external-top20-dual-kernel-rrf-v1,0.0
confirmation,reaction_to_enzyme,top3,MARTS_EXT_RXN_90bccccecf9c,A0A5N5W9J0,A0A0H5BN61,False,20,0.2755664587020874,r2e-external-top3-v1,0.7148659318791308,near_domain,True,29.0,e2r-current-top20-v1,0.3243589743589743
confirmation,reaction_to_enzyme,top10,MARTS_EXT_RXN_90bccccecf9c,A0A5N5W9J0,A0A5N5W9J0,True,1,0.7845284938812256,r2e-external-top10-v1,0.7095299361182574,near_domain,True,,e2r-external-top20-dual-kernel-rrf-v1,0.0
confirmation,reaction_to_enzyme,top10,MARTS_EXT_RXN_90bccccecf9c,A0A5N5W9J0,I2N045,False,2,0.4672282636165619,r2e-external-top10-v1,0.7095299361182574,near_domain,True,14.0,e2r-current-top20-v1,0.6875
confirmation,reaction_to_enzyme,top10,MARTS_EXT_RXN_90bccccecf9c,A0A5N5W9J0,A0A7W5F0P0,False,3,0.46592721343040466,r2e-external-top10-v1,0.7095299361182574,near_domain,True,,e2r-external-top20-dual-kernel-rrf-v1,0.0
confirmation,reaction_to_enzyme,top10,MARTS_EXT_RXN_90bccccecf9c,A0A5N5W9J0,M1V9Q0,False,4,0.45629796385765076,r2e-external-top10-v1,0.7095299361182574,near_domain,True,45.0,e2r-current-top20-v1,0.4928571428571429
confirmation,reaction_to_enzyme,top10,MARTS_EXT_RXN_90bccccecf9c,A0A5N5W9J0,A0A401VY17,False,5,0.4368325471878052,r2e-external-top10-v1,0.7095299361182574,near_domain,True,,e2r-external-top20-dual-kernel-rrf-v1,0.0
confirmation,reaction_to_enzyme,top10,MARTS_EXT_RXN_90bccccecf9c,A0A5N5W9J0,WP_150521282,False,6,0.42661044001579285,r2e-external-top10-v1,0.7095299361182574,near_domain,True,48.0,e2r-external-top20-dual-kernel-rrf-v1,0.4385775862068966
confirmation,reaction_to_enzyme,top10,MARTS_EXT_RXN_90bccccecf9c,A0A5N5W9J0,A0A1H1T2Q7,False,7,0.42360976338386536,r2e-external-top10-v1,0.7095299361182574,near_domain,True,24.0,e2r-external-top20-dual-kernel-rrf-v1,0.48529411764705876
confirmation,reaction_to_enzyme,top10,MARTS_EXT_RXN_90bccccecf9c,A0A5N5W9J0,WKM69310.1,False,8,0.39612987637519836,r2e-external-top10-v1,0.7095299361182574,near_domain,True,16.0,e2r-external-top20-dual-kernel-rrf-v1,0.517094017094017
confirmation,reaction_to_enzyme,top10,MARTS_EXT_RXN_90bccccecf9c,A0A5N5W9J0,B5GMG2,False,9,0.39197206497192383,r2e-external-top10-v1,0.7095299361182574,near_domain,True,49.0,e2r-current-top20-v1,0.3826940231935771
confirmation,reaction_to_enzyme,top10,MARTS_EXT_RXN_90bccccecf9c,A0A5N5W9J0,P9WEV2,False,10,0.3489689826965332,r2e-external-top10-v1,0.7095299361182574,near_domain,True,20.0,e2r-current-top20-v1,0.45833333333333337
confirmation,reaction_to_enzyme,top10,MARTS_EXT_RXN_90bccccecf9c,A0A5N5W9J0,A0A386ZKV4,False,11,0.34123075008392334,r2e-external-top10-v1,0.7095299361182574,near_domain,True,,e2r-external-top20-dual-kernel-rrf-v1,0.0
confirmation,reaction_to_enzyme,top10,MARTS_EXT_RXN_90bccccecf9c,A0A5N5W9J0,Q0CRW6,False,12,0.33748307824134827,r2e-external-top10-v1,0.7095299361182574,near_domain,True,14.0,e2r-current-top20-v1,0.4791666666666667
confirmation,reaction_to_enzyme,top10,MARTS_EXT_RXN_90bccccecf9c,A0A5N5W9J0,WP_109642681,False,13,0.3307296931743622,r2e-external-top10-v1,0.7095299361182574,near_domain,True,,e2r-external-top20-dual-kernel-rrf-v1,0.0
confirmation,reaction_to_enzyme,top10,MARTS_EXT_RXN_90bccccecf9c,A0A5N5W9J0,P9WPN3,False,14,0.3031103312969208,r2e-external-top10-v1,0.7095299361182574,near_domain,True,,e2r-current-top20-v1,0.0
confirmation,reaction_to_enzyme,top10,MARTS_EXT_RXN_90bccccecf9c,A0A5N5W9J0,A0A1G9VRW7,False,15,0.30090346932411194,r2e-external-top10-v1,0.7095299361182574,near_domain,True,,e2r-current-top20-v1,0.0
confirmation,reaction_to_enzyme,top10,MARTS_EXT_RXN_90bccccecf9c,A0A5N5W9J0,P59954,False,16,0.3005908727645874,r2e-external-top10-v1,0.7095299361182574,near_domain,True,,e2r-current-top20-v1,0.0
confirmation,reaction_to_enzyme,top10,MARTS_EXT_RXN_90bccccecf9c,A0A5N5W9J0,P9WPN2,False,17,0.3005908727645874,r2e-external-top10-v1,0.7095299361182574,near_domain,True,,e2r-current-top20-v1,0.0
confirmation,reaction_to_enzyme,top10,MARTS_EXT_RXN_90bccccecf9c,A0A5N5W9J0,A0A0H5BN61,False,18,0.2976242005825043,r2e-external-top10-v1,0.7095299361182574,near_domain,True,29.0,e2r-current-top20-v1,0.3374542124542124
confirmation,reaction_to_enzyme,top10,MARTS_EXT_RXN_90bccccecf9c,A0A5N5W9J0,A0A0N9I8A9,False,19,0.29588139057159424,r2e-external-top10-v1,0.7095299361182574,near_domain,True,,e2r-external-top20-dual-kernel-rrf-v1,0.0
confirmation,reaction_to_enzyme,top10,MARTS_EXT_RXN_90bccccecf9c,A0A5N5W9J0,WP_030431358.1,False,20,0.29021918773651123,r2e-external-top10-v1,0.7095299361182574,near_domain,True,,e2r-external-top20-dual-kernel-rrf-v1,0.0
confirmation,reaction_to_enzyme,top20,MARTS_EXT_RXN_90bccccecf9c,A0A5N5W9J0,A0A5N5W9J0,True,1,0.7845284938812256,r2e-external-top20-v1,0.7095299361182574,near_domain,True,,e2r-external-top20-dual-kernel-rrf-v1,0.0
confirmation,reaction_to_enzyme,top20,MARTS_EXT_RXN_90bccccecf9c,A0A5N5W9J0,I2N045,False,2,0.4672282636165619,r2e-external-top20-v1,0.7095299361182574,near_domain,True,14.0,e2r-current-top20-v1,0.6875
confirmation,reaction_to_enzyme,top20,MARTS_EXT_RXN_90bccccecf9c,A0A5N5W9J0,A0A7W5F0P0,False,3,0.46592721343040466,r2e-external-top20-v1,0.7095299361182574,near_domain,True,,e2r-external-top20-dual-kernel-rrf-v1,0.0
confirmation,reaction_to_enzyme,top20,MARTS_EXT_RXN_90bccccecf9c,A0A5N5W9J0,M1V9Q0,False,4,0.45629796385765076,r2e-external-top20-v1,0.7095299361182574,near_domain,True,45.0,e2r-current-top20-v1,0.4928571428571429
confirmation,reaction_to_enzyme,top20,MARTS_EXT_RXN_90bccccecf9c,A0A5N5W9J0,A0A401VY17,False,5,0.4368325471878052,r2e-external-top20-v1,0.7095299361182574,near_domain,True,,e2r-external-top20-dual-kernel-rrf-v1,0.0
confirmation,reaction_to_enzyme,top20,MARTS_EXT_RXN_90bccccecf9c,A0A5N5W9J0,WP_150521282,False,6,0.42661044001579285,r2e-external-top20-v1,0.7095299361182574,near_domain,True,48.0,e2r-external-top20-dual-kernel-rrf-v1,0.4385775862068966
confirmation,reaction_to_enzyme,top20,MARTS_EXT_RXN_90bccccecf9c,A0A5N5W9J0,A0A1H1T2Q7,False,7,0.42360976338386536,r2e-external-top20-v1,0.7095299361182574,near_domain,True,24.0,e2r-external-top20-dual-kernel-rrf-v1,0.48529411764705876
confirmation,reaction_to_enzyme,top20,MARTS_EXT_RXN_90bccccecf9c,A0A5N5W9J0,WKM69310.1,False,8,0.39612987637519836,r2e-external-top20-v1,0.7095299361182574,near_domain,True,16.0,e2r-external-top20-dual-kernel-rrf-v1,0.517094017094017
confirmation,reaction_to_enzyme,top20,MARTS_EXT_RXN_90bccccecf9c,A0A5N5W9J0,B5GMG2,False,9,0.39197206497192383,r2e-external-top20-v1,0.7095299361182574,near_domain,True,49.0,e2r-current-top20-v1,0.3826940231935771
confirmation,reaction_to_enzyme,top20,MARTS_EXT_RXN_90bccccecf9c,A0A5N5W9J0,P9WEV2,False,10,0.3489689826965332,r2e-external-top20-v1,0.7095299361182574,near_domain,True,20.0,e2r-current-top20-v1,0.45833333333333337
confirmation,reaction_to_enzyme,top20,MARTS_EXT_RXN_90bccccecf9c,A0A5N5W9J0,A0A386ZKV4,False,11,0.34123075008392334,r2e-external-top20-v1,0.7095299361182574,near_domain,True,,e2r-external-top20-dual-kernel-rrf-v1,0.0
confirmation,reaction_to_enzyme,top20,MARTS_EXT_RXN_90bccccecf9c,A0A5N5W9J0,Q0CRW6,False,12,0.33748307824134827,r2e-external-top20-v1,0.7095299361182574,near_domain,True,14.0,e2r-current-top20-v1,0.4791666666666667
confirmation,reaction_to_enzyme,top20,MARTS_EXT_RXN_90bccccecf9c,A0A5N5W9J0,WP_109642681,False,13,0.3307296931743622,r2e-external-top20-v1,0.7095299361182574,near_domain,True,,e2r-external-top20-dual-kernel-rrf-v1,0.0
confirmation,reaction_to_enzyme,top20,MARTS_EXT_RXN_90bccccecf9c,A0A5N5W9J0,P9WPN3,False,14,0.3031103312969208,r2e-external-top20-v1,0.7095299361182574,near_domain,True,,e2r-current-top20-v1,0.0
confirmation,reaction_to_enzyme,top20,MARTS_EXT_RXN_90bccccecf9c,A0A5N5W9J0,A0A1G9VRW7,False,15,0.30090346932411194,r2e-external-top20-v1,0.7095299361182574,near_domain,True,,e2r-current-top20-v1,0.0
confirmation,reaction_to_enzyme,top20,MARTS_EXT_RXN_90bccccecf9c,A0A5N5W9J0,P59954,False,16,0.3005908727645874,r2e-external-top20-v1,0.7095299361182574,near_domain,True,,e2r-current-top20-v1,0.0
confirmation,reaction_to_enzyme,top20,MARTS_EXT_RXN_90bccccecf9c,A0A5N5W9J0,P9WPN2,False,17,0.3005908727645874,r2e-external-top20-v1,0.7095299361182574,near_domain,True,,e2r-current-top20-v1,0.0
confirmation,reaction_to_enzyme,top20,MARTS_EXT_RXN_90bccccecf9c,A0A5N5W9J0,A0A0H5BN61,False,18,0.2976242005825043,r2e-external-top20-v1,0.7095299361182574,near_domain,True,29.0,e2r-current-top20-v1,0.3374542124542124
confirmation,reaction_to_enzyme,top20,MARTS_EXT_RXN_90bccccecf9c,A0A5N5W9J0,A0A0N9I8A9,False,19,0.29588139057159424,r2e-external-top20-v1,0.7095299361182574,near_domain,True,,e2r-external-top20-dual-kernel-rrf-v1,0.0
confirmation,reaction_to_enzyme,top20,MARTS_EXT_RXN_90bccccecf9c,A0A5N5W9J0,WP_030431358.1,False,20,0.29021918773651123,r2e-external-top20-v1,0.7095299361182574,near_domain,True,,e2r-external-top20-dual-kernel-rrf-v1,0.0
confirmation,reaction_to_enzyme,top3,MARTS_EXT_RXN_b1f6de0feffa,C9Z4F7,C9Z4F7,True,1,0.8259942531585693,r2e-external-top3-v1,0.6435928335916501,near_domain,True,36.0,e2r-external-top20-dual-kernel-rrf-v1,0.6195652173913043
confirmation,reaction_to_enzyme,top3,MARTS_EXT_RXN_b1f6de0feffa,C9Z4F7,B5GTQ6,False,2,0.4341471195220947,r2e-external-top3-v1,0.6435928335916501,near_domain,True,22.0,e2r-external-top20-dual-kernel-rrf-v1,0.6302083333333333
confirmation,reaction_to_enzyme,top3,MARTS_EXT_RXN_b1f6de0feffa,C9Z4F7,A0A5P1ZG13,False,3,0.43174776434898376,r2e-external-top3-v1,0.6435928335916501,near_domain,True,22.0,e2r-external-top20-dual-kernel-rrf-v1,0.5949519230769231
confirmation,reaction_to_enzyme,top3,MARTS_EXT_RXN_b1f6de0feffa,C9Z4F7,S0ECT9,False,4,0.3891967833042145,r2e-external-top3-v1,0.6435928335916501,near_domain,True,6.0,e2r-current-top20-v1,0.7366071428571428
confirmation,reaction_to_enzyme,top3,MARTS_EXT_RXN_b1f6de0feffa,C9Z4F7,A0A0U5GRB4,False,5,0.35380902886390686,r2e-external-top3-v1,0.6435928335916501,near_domain,True,,e2r-current-top20-v1,0.0
confirmation,reaction_to_enzyme,top3,MARTS_EXT_RXN_b1f6de0feffa,C9Z4F7,B5H7H3,False,6,0.34973207116127014,r2e-external-top3-v1,0.6435928335916501,near_domain,True,19.0,e2r-current-top20-v1,0.533405172413793
confirmation,reaction_to_enzyme,top3,MARTS_EXT_RXN_b1f6de0feffa,C9Z4F7,Q82RR7,False,7,0.3060014545917511,r2e-external-top3-v1,0.6435928335916501,near_domain,True,11.0,e2r-current-top20-v1,0.5854341736694677
confirmation,reaction_to_enzyme,top3,MARTS_EXT_RXN_b1f6de0feffa,C9Z4F7,D9XDR8,False,8,0.3037371337413788,r2e-external-top3-v1,0.6435928335916501,near_domain,True,,e2r-current-top20-v1,0.0
confirmation,reaction_to_enzyme,top3,MARTS_EXT_RXN_b1f6de0feffa,C9Z4F7,A0A2P1DP94,False,9,0.29575932025909424,r2e-external-top3-v1,0.6435928335916501,near_domain,True,,e2r-current-top20-v1,0.0
confirmation,reaction_to_enzyme,top3,MARTS_EXT_RXN_b1f6de0feffa,C9Z4F7,A0A1L5YKS7,False,10,0.29268136620521545,r2e-external-top3-v1,0.6435928335916501,near_domain,True,32.0,e2r-current-top20-v1,0.40595238095238095
confirmation,reaction_to_enzyme,top3,MARTS_EXT_RXN_b1f6de0feffa,C9Z4F7,D1MX89,False,11,0.2892186939716339,r2e-external-top3-v1,0.6435928335916501,near_domain,True,,e2r-current-top20-v1,0.0
confirmation,reaction_to_enzyme,top3,MARTS_EXT_RXN_b1f6de0feffa,C9Z4F7,A0A250IBE0,False,12,0.27329185605049133,r2e-external-top3-v1,0.6435928335916501,near_domain,True,27.0,e2r-external-top20-dual-kernel-rrf-v1,0.39864864864864863
confirmation,reaction_to_enzyme,top3,MARTS_EXT_RXN_b1f6de0feffa,C9Z4F7,A0A385AJN0,False,13,0.270022988319397,r2e-external-top3-v1,0.6435928335916501,near_domain,True,18.0,e2r-current-top20-v1,0.4355590062111801
confirmation,reaction_to_enzyme,top3,MARTS_EXT_RXN_b1f6de0feffa,C9Z4F7,B2J4A4,False,14,0.26619476079940796,r2e-external-top3-v1,0.6435928335916501,near_domain,True,,e2r-current-top20-v1,0.0
confirmation,reaction_to_enzyme,top3,MARTS_EXT_RXN_b1f6de0feffa,C9Z4F7,S0ENM8,False,15,0.26079198718070984,r2e-external-top3-v1,0.6435928335916501,near_domain,True,19.0,e2r-current-top20-v1,0.40965517241379307
confirmation,reaction_to_enzyme,top3,MARTS_EXT_RXN_b1f6de0feffa,C9Z4F7,Q9FJV8,False,16,0.2603563368320465,r2e-external-top3-v1,0.6435928335916501,near_domain,True,33.0,e2r-current-top20-v1,0.33944543828264756
confirmation,reaction_to_enzyme,top3,MARTS_EXT_RXN_b1f6de0feffa,C9Z4F7,Q6WP50,False,17,0.2560988664627075,r2e-external-top3-v1,0.6435928335916501,near_domain,True,22.0,e2r-current-top20-v1,0.37557870370370366
confirmation,reaction_to_enzyme,top3,MARTS_EXT_RXN_b1f6de0feffa,C9Z4F7,G2P5T1,False,18,0.2548430562019348,r2e-external-top3-v1,0.6435928335916501,near_domain,True,16.0,e2r-current-top20-v1,0.40796703296703296
confirmation,reaction_to_enzyme,top3,MARTS_EXT_RXN_b1f6de0feffa,C9Z4F7,A0A5S9I252,False,19,0.25404512882232666,r2e-external-top3-v1,0.6435928335916501,near_domain,True,38.0,e2r-current-top20-v1,0.3042385057471264
confirmation,reaction_to_enzyme,top3,MARTS_EXT_RXN_b1f6de0feffa,C9Z4F7,A0A678QA10,False,20,0.2528180778026581,r2e-external-top3-v1,0.6435928335916501,near_domain,True,,e2r-external-top20-dual-kernel-rrf-v1,0.0
confirmation,reaction_to_enzyme,top10,MARTS_EXT_RXN_b1f6de0feffa,C9Z4F7,C9Z4F7,True,1,0.7788844704627991,r2e-external-top10-v1,0.6394823974280215,near_domain,True,36.0,e2r-external-top20-dual-kernel-rrf-v1,0.6195652173913043
confirmation,reaction_to_enzyme,top10,MARTS_EXT_RXN_b1f6de0feffa,C9Z4F7,A0A5P1ZG13,False,2,0.4183211028575897,r2e-external-top10-v1,0.6394823974280215,near_domain,True,22.0,e2r-external-top20-dual-kernel-rrf-v1,0.6302083333333333
confirmation,reaction_to_enzyme,top10,MARTS_EXT_RXN_b1f6de0feffa,C9Z4F7,B5GTQ6,False,3,0.4075285494327545,r2e-external-top10-v1,0.6394823974280215,near_domain,True,22.0,e2r-external-top20-dual-kernel-rrf-v1,0.5949519230769231
confirmation,reaction_to_enzyme,top10,MARTS_EXT_RXN_b1f6de0feffa,C9Z4F7,S0ECT9,False,4,0.3965418040752411,r2e-external-top10-v1,0.6394823974280215,near_domain,True,6.0,e2r-current-top20-v1,0.7366071428571428
confirmation,reaction_to_enzyme,top10,MARTS_EXT_RXN_b1f6de0feffa,C9Z4F7,B5H7H3,False,5,0.36031627655029297,r2e-external-top10-v1,0.6394823974280215,near_domain,True,19.0,e2r-current-top20-v1,0.5563218390804597
confirmation,reaction_to_enzyme,top10,MARTS_EXT_RXN_b1f6de0feffa,C9Z4F7,Q82RR7,False,6,0.3539625406265259,r2e-external-top10-v1,0.6394823974280215,near_domain,True,11.0,e2r-current-top20-v1,0.6056547619047619
confirmation,reaction_to_enzyme,top10,MARTS_EXT_RXN_b1f6de0feffa,C9Z4F7,D9XDR8,False,7,0.3435697853565216,r2e-external-top10-v1,0.6394823974280215,near_domain,True,,e2r-current-top20-v1,0.0
confirmation,reaction_to_enzyme,top10,MARTS_EXT_RXN_b1f6de0feffa,C9Z4F7,A0A097ZQA4,False,8,0.3104734718799591,r2e-external-top10-v1,0.6394823974280215,near_domain,True,,e2r-external-top20-dual-kernel-rrf-v1,0.0
confirmation,reaction_to_enzyme,top10,MARTS_EXT_RXN_b1f6de0feffa,C9Z4F7,A0A0U5GRB4,False,9,0.3040498197078705,r2e-external-top10-v1,0.6394823974280215,near_domain,True,,e2r-current-top20-v1,0.0
confirmation,reaction_to_enzyme,top10,MARTS_EXT_RXN_b1f6de0feffa,C9Z4F7,A0A385AJN0,False,10,0.2896457612514496,r2e-external-top10-v1,0.6394823974280215,near_domain,True,18.0,e2r-current-top20-v1,0.4714285714285714
confirmation,reaction_to_enzyme,top10,MARTS_EXT_RXN_b1f6de0feffa,C9Z4F7,A0A067SEC9,False,11,0.2813624441623688,r2e-external-top10-v1,0.6394823974280215,near_domain,True,46.0,e2r-current-top20-v1,0.36011904761904756
confirmation,reaction_to_enzyme,top10,MARTS_EXT_RXN_b1f6de0feffa,C9Z4F7,A0A0C9VD04,False,12,0.27501118183135986,r2e-external-top10-v1,0.6394823974280215,near_domain,True,43.0,e2r-current-top20-v1,0.35377358490566035
confirmation,reaction_to_enzyme,top10,MARTS_EXT_RXN_b1f6de0feffa,C9Z4F7,A0A8H7XP09,False,13,0.26509568095207214,r2e-external-top10-v1,0.6394823974280215,near_domain,True,16.0,e2r-current-top20-v1,0.4506688963210702
confirmation,reaction_to_enzyme,top10,MARTS_EXT_RXN_b1f6de0feffa,C9Z4F7,G2P5T1,False,14,0.26203951239585876,r2e-external-top10-v1,0.6394823974280215,near_domain,True,16.0,e2r-current-top20-v1,0.44070512820512814
confirmation,reaction_to_enzyme,top10,MARTS_EXT_RXN_b1f6de0feffa,C9Z4F7,A0A5S9I252,False,15,0.2593512237071991,r2e-external-top10-v1,0.6394823974280215,near_domain,True,38.0,e2r-current-top20-v1,0.33458333333333334
confirmation,reaction_to_enzyme,top10,MARTS_EXT_RXN_b1f6de0feffa,C9Z4F7,A0A1L5YKS7,False,16,0.25885942578315735,r2e-external-top10-v1,0.6394823974280215,near_domain,True,32.0,e2r-current-top20-v1,0.3424908424908425
confirmation,reaction_to_enzyme,top10,MARTS_EXT_RXN_b1f6de0feffa,C9Z4F7,Q86II4,False,17,0.25342321395874023,r2e-external-top10-v1,0.6394823974280215,near_domain,True,12.0,e2r-current-top20-v1,0.45370370370370366
confirmation,reaction_to_enzyme,top10,MARTS_EXT_RXN_b1f6de0feffa,C9Z4F7,J7LH11,False,18,0.250925749540329,r2e-external-top10-v1,0.6394823974280215,near_domain,True,,e2r-current-top20-v1,0.0
confirmation,reaction_to_enzyme,top10,MARTS_EXT_RXN_b1f6de0feffa,C9Z4F7,Q9FJV8,False,19,0.2503850758075714,r2e-external-top10-v1,0.6394823974280215,near_domain,True,33.0,e2r-current-top20-v1,0.31756214915797915
confirmation,reaction_to_enzyme,top10,MARTS_EXT_RXN_b1f6de0feffa,C9Z4F7,A0A1I1IX82,False,20,0.2493114024400711,r2e-external-top10-v1,0.6394823974280215,near_domain,True,,e2r-external-top20-dual-kernel-rrf-v1,0.0
confirmation,reaction_to_enzyme,top20,MARTS_EXT_RXN_b1f6de0feffa,C9Z4F7,C9Z4F7,True,1,0.7788844704627991,r2e-external-top20-v1,0.6394823974280215,near_domain,True,36.0,e2r-external-top20-dual-kernel-rrf-v1,0.6195652173913043
confirmation,reaction_to_enzyme,top20,MARTS_EXT_RXN_b1f6de0feffa,C9Z4F7,A0A5P1ZG13,False,2,0.4183211028575897,r2e-external-top20-v1,0.6394823974280215,near_domain,True,22.0,e2r-external-top20-dual-kernel-rrf-v1,0.6302083333333333
confirmation,reaction_to_enzyme,top20,MARTS_EXT_RXN_b1f6de0feffa,C9Z4F7,B5GTQ6,False,3,0.4075285494327545,r2e-external-top20-v1,0.6394823974280215,near_domain,True,22.0,e2r-external-top20-dual-kernel-rrf-v1,0.5949519230769231
confirmation,reaction_to_enzyme,top20,MARTS_EXT_RXN_b1f6de0feffa,C9Z4F7,S0ECT9,False,4,0.3965418040752411,r2e-external-top20-v1,0.6394823974280215,near_domain,True,6.0,e2r-current-top20-v1,0.7366071428571428
confirmation,reaction_to_enzyme,top20,MARTS_EXT_RXN_b1f6de0feffa,C9Z4F7,B5H7H3,False,5,0.36031627655029297,r2e-external-top20-v1,0.6394823974280215,near_domain,True,19.0,e2r-current-top20-v1,0.5563218390804597
confirmation,reaction_to_enzyme,top20,MARTS_EXT_RXN_b1f6de0feffa,C9Z4F7,Q82RR7,False,6,0.3539625406265259,r2e-external-top20-v1,0.6394823974280215,near_domain,True,11.0,e2r-current-top20-v1,0.6056547619047619
confirmation,reaction_to_enzyme,top20,MARTS_EXT_RXN_b1f6de0feffa,C9Z4F7,D9XDR8,False,7,0.3435697853565216,r2e-external-top20-v1,0.6394823974280215,near_domain,True,,e2r-current-top20-v1,0.0
confirmation,reaction_to_enzyme,top20,MARTS_EXT_RXN_b1f6de0feffa,C9Z4F7,A0A097ZQA4,False,8,0.3104734718799591,r2e-external-top20-v1,0.6394823974280215,near_domain,True,,e2r-external-top20-dual-kernel-rrf-v1,0.0
confirmation,reaction_to_enzyme,top20,MARTS_EXT_RXN_b1f6de0feffa,C9Z4F7,A0A0U5GRB4,False,9,0.3040498197078705,r2e-external-top20-v1,0.6394823974280215,near_domain,True,,e2r-current-top20-v1,0.0
confirmation,reaction_to_enzyme,top20,MARTS_EXT_RXN_b1f6de0feffa,C9Z4F7,A0A385AJN0,False,10,0.2896457612514496,r2e-external-top20-v1,0.6394823974280215,near_domain,True,18.0,e2r-current-top20-v1,0.4714285714285714
confirmation,reaction_to_enzyme,top20,MARTS_EXT_RXN_b1f6de0feffa,C9Z4F7,A0A067SEC9,False,11,0.2813624441623688,r2e-external-top20-v1,0.6394823974280215,near_domain,True,46.0,e2r-current-top20-v1,0.36011904761904756
confirmation,reaction_to_enzyme,top20,MARTS_EXT_RXN_b1f6de0feffa,C9Z4F7,A0A0C9VD04,False,12,0.27501118183135986,r2e-external-top20-v1,0.6394823974280215,near_domain,True,43.0,e2r-current-top20-v1,0.35377358490566035
confirmation,reaction_to_enzyme,top20,MARTS_EXT_RXN_b1f6de0feffa,C9Z4F7,A0A8H7XP09,False,13,0.26509568095207214,r2e-external-top20-v1,0.6394823974280215,near_domain,True,16.0,e2r-current-top20-v1,0.4506688963210702
confirmation,reaction_to_enzyme,top20,MARTS_EXT_RXN_b1f6de0feffa,C9Z4F7,G2P5T1,False,14,0.26203951239585876,r2e-external-top20-v1,0.6394823974280215,near_domain,True,16.0,e2r-current-top20-v1,0.44070512820512814
confirmation,reaction_to_enzyme,top20,MARTS_EXT_RXN_b1f6de0feffa,C9Z4F7,A0A5S9I252,False,15,0.2593512237071991,r2e-external-top20-v1,0.6394823974280215,near_domain,True,38.0,e2r-current-top20-v1,0.33458333333333334
confirmation,reaction_to_enzyme,top20,MARTS_EXT_RXN_b1f6de0feffa,C9Z4F7,A0A1L5YKS7,False,16,0.25885942578315735,r2e-external-top20-v1,0.6394823974280215,near_domain,True,32.0,e2r-current-top20-v1,0.3424908424908425
confirmation,reaction_to_enzyme,top20,MARTS_EXT_RXN_b1f6de0feffa,C9Z4F7,Q86II4,False,17,0.25342321395874023,r2e-external-top20-v1,0.6394823974280215,near_domain,True,12.0,e2r-current-top20-v1,0.45370370370370366
confirmation,reaction_to_enzyme,top20,MARTS_EXT_RXN_b1f6de0feffa,C9Z4F7,J7LH11,False,18,0.250925749540329,r2e-external-top20-v1,0.6394823974280215,near_domain,True,,e2r-current-top20-v1,0.0
confirmation,reaction_to_enzyme,top20,MARTS_EXT_RXN_b1f6de0feffa,C9Z4F7,Q9FJV8,False,19,0.2503850758075714,r2e-external-top20-v1,0.6394823974280215,near_domain,True,33.0,e2r-current-top20-v1,0.31756214915797915
confirmation,reaction_to_enzyme,top20,MARTS_EXT_RXN_b1f6de0feffa,C9Z4F7,A0A1I1IX82,False,20,0.2493114024400711,r2e-external-top20-v1,0.6394823974280215,near_domain,True,,e2r-external-top20-dual-kernel-rrf-v1,0.0
confirmation,reaction_to_enzyme,top3,MARTS_EXT_RXN_de164cb3f0e1,D5KXJ0;P17060;P21684;P37269;P37272,P37269,True,1,0.790645182132721,r2e-external-top3-v1,0.6358224881360299,near_domain,True,4.0,e2r-external-top20-dual-kernel-rrf-v1,0.8928571428571428
confirmation,reaction_to_enzyme,top3,MARTS_EXT_RXN_de164cb3f0e1,D5KXJ0;P17060;P21684;P37269;P37272,O07333,False,2,0.7330425381660461,r2e-external-top3-v1,0.6358224881360299,near_domain,True,1.0,e2r-external-top20-dual-kernel-rrf-v1,0.9583333333333334
confirmation,reaction_to_enzyme,top3,MARTS_EXT_RXN_de164cb3f0e1,D5KXJ0;P17060;P21684;P37269;P37272,P37294,False,3,0.6737279295921326,r2e-external-top3-v1,0.6358224881360299,near_domain,True,1.0,e2r-external-top20-dual-kernel-rrf-v1,0.9230769230769231
confirmation,reaction_to_enzyme,top3,MARTS_EXT_RXN_de164cb3f0e1,D5KXJ0;P17060;P21684;P37269;P37272,P37273,False,4,0.6507661938667297,r2e-external-top3-v1,0.6358224881360299,near_domain,True,1.0,e2r-external-top20-dual-kernel-rrf-v1,0.8928571428571428
confirmation,reaction_to_enzyme,top3,MARTS_EXT_RXN_de164cb3f0e1,D5KXJ0;P17060;P21684;P37269;P37272,D5KXJ0,True,5,0.6460387706756592,r2e-external-top3-v1,0.6358224881360299,near_domain,True,1.0,e2r-external-top20-dual-kernel-rrf-v1,0.8666666666666667
confirmation,reaction_to_enzyme,top3,MARTS_EXT_RXN_de164cb3f0e1,D5KXJ0;P17060;P21684;P37269;P37272,P21684,True,6,0.627032458782196,r2e-external-top3-v1,0.6358224881360299,near_domain,True,2.0,e2r-external-top20-dual-kernel-rrf-v1,0.8020833333333333
confirmation,reaction_to_enzyme,top3,MARTS_EXT_RXN_de164cb3f0e1,D5KXJ0;P17060;P21684;P37269;P37272,P21683,False,7,0.611875593662262,r2e-external-top3-v1,0.6358224881360299,near_domain,True,1.0,e2r-external-top20-dual-kernel-rrf-v1,0.8235294117647058
confirmation,reaction_to_enzyme,top3,MARTS_EXT_RXN_de164cb3f0e1,D5KXJ0;P17060;P21684;P37269;P37272,P22873,False,8,0.5812868475914001,r2e-external-top3-v1,0.6358224881360299,near_domain,True,3.0,e2r-external-top20-dual-kernel-rrf-v1,0.7286324786324786
confirmation,reaction_to_enzyme,top3,MARTS_EXT_RXN_de164cb3f0e1,D5KXJ0;P17060;P21684;P37269;P37272,Q52QW5,False,9,0.5604035258293152,r2e-external-top3-v1,0.6358224881360299,near_domain,True,1.0,e2r-external-top20-dual-kernel-rrf-v1,0.7894736842105263
confirmation,reaction_to_enzyme,top3,MARTS_EXT_RXN_de164cb3f0e1,D5KXJ0;P17060;P21684;P37269;P37272,P17060,True,10,0.5577370524406433,r2e-external-top3-v1,0.6358224881360299,near_domain,True,1.0,e2r-external-top20-dual-kernel-rrf-v1,0.7750000000000001
confirmation,reaction_to_enzyme,top3,MARTS_EXT_RXN_de164cb3f0e1,D5KXJ0;P17060;P21684;P37269;P37272,P54976,False,11,0.5515971779823303,r2e-external-top3-v1,0.6358224881360299,near_domain,True,1.0,e2r-external-top20-dual-kernel-rrf-v1,0.7619047619047619
confirmation,reaction_to_enzyme,top3,MARTS_EXT_RXN_de164cb3f0e1,D5KXJ0;P17060;P21684;P37269;P37272,P08196,False,12,0.5447012782096863,r2e-external-top3-v1,0.6358224881360299,near_domain,True,1.0,e2r-external-top20-dual-kernel-rrf-v1,0.7499999999999999
confirmation,reaction_to_enzyme,top3,MARTS_EXT_RXN_de164cb3f0e1,D5KXJ0;P17060;P21684;P37269;P37272,P37272,True,13,0.540520966053009,r2e-external-top3-v1,0.6358224881360299,near_domain,True,1.0,e2r-external-top20-dual-kernel-rrf-v1,0.7391304347826086
confirmation,reaction_to_enzyme,top3,MARTS_EXT_RXN_de164cb3f0e1,D5KXJ0;P17060;P21684;P37269;P37272,P22939,False,14,0.5356398224830627,r2e-external-top3-v1,0.6358224881360299,near_domain,True,1.0,e2r-external-top20-dual-kernel-rrf-v1,0.7291666666666666
confirmation,reaction_to_enzyme,top3,MARTS_EXT_RXN_de164cb3f0e1,D5KXJ0;P17060;P21684;P37269;P37272,P49085,False,15,0.5343758463859558,r2e-external-top3-v1,0.6358224881360299,near_domain,True,2.0,e2r-external-top20-dual-kernel-rrf-v1,0.6783333333333332
confirmation,reaction_to_enzyme,top3,MARTS_EXT_RXN_de164cb3f0e1,D5KXJ0;P17060;P21684;P37269;P37272,P54975,False,16,0.5148879885673523,r2e-external-top3-v1,0.6358224881360299,near_domain,True,1.0,e2r-external-top20-dual-kernel-rrf-v1,0.7115384615384616
confirmation,reaction_to_enzyme,top3,MARTS_EXT_RXN_de164cb3f0e1,D5KXJ0;P17060;P21684;P37269;P37272,P45204,False,17,0.5138506293296814,r2e-external-top3-v1,0.6358224881360299,near_domain,True,4.0,e2r-external-top20-dual-kernel-rrf-v1,0.5965608465608465
confirmation,reaction_to_enzyme,top3,MARTS_EXT_RXN_de164cb3f0e1,D5KXJ0;P17060;P21684;P37269;P37272,P37271,False,18,0.5077295899391174,r2e-external-top3-v1,0.6358224881360299,near_domain,True,1.0,e2r-external-top20-dual-kernel-rrf-v1,0.6964285714285715
confirmation,reaction_to_enzyme,top3,MARTS_EXT_RXN_de164cb3f0e1,D5KXJ0;P17060;P21684;P37269;P37272,Q9SSU8,False,19,0.4944729804992676,r2e-external-top3-v1,0.6358224881360299,near_domain,True,1.0,e2r-external-top20-dual-kernel-rrf-v1,0.689655172413793
confirmation,reaction_to_enzyme,top3,MARTS_EXT_RXN_de164cb3f0e1,D5KXJ0;P17060;P21684;P37269;P37272,Q8S948,False,20,0.4858500063419342,r2e-external-top3-v1,0.6358224881360299,near_domain,True,1.0,e2r-external-top20-dual-kernel-rrf-v1,0.6833333333333332
confirmation,reaction_to_enzyme,top10,MARTS_EXT_RXN_de164cb3f0e1,D5KXJ0;P17060;P21684;P37269;P37272,P37269,True,1,0.7883574366569519,r2e-external-top10-v1,0.6249540359798982,near_domain,True,4.0,e2r-external-top20-dual-kernel-rrf-v1,0.8928571428571428
confirmation,reaction_to_enzyme,top10,MARTS_EXT_RXN_de164cb3f0e1,D5KXJ0;P17060;P21684;P37269;P37272,O07333,False,2,0.7498567700386047,r2e-external-top10-v1,0.6249540359798982,near_domain,True,1.0,e2r-external-top20-dual-kernel-rrf-v1,0.9583333333333334
confirmation,reaction_to_enzyme,top10,MARTS_EXT_RXN_de164cb3f0e1,D5KXJ0;P17060;P21684;P37269;P37272,P37294,False,3,0.7030037045478821,r2e-external-top10-v1,0.6249540359798982,near_domain,True,1.0,e2r-external-top20-dual-kernel-rrf-v1,0.9230769230769231
confirmation,reaction_to_enzyme,top10,MARTS_EXT_RXN_de164cb3f0e1,D5KXJ0;P17060;P21684;P37269;P37272,P37273,False,4,0.6591930389404297,r2e-external-top10-v1,0.6249540359798982,near_domain,True,1.0,e2r-external-top20-dual-kernel-rrf-v1,0.8928571428571428
confirmation,reaction_to_enzyme,top10,MARTS_EXT_RXN_de164cb3f0e1,D5KXJ0;P17060;P21684;P37269;P37272,D5KXJ0,True,5,0.5862008929252625,r2e-external-top10-v1,0.6249540359798982,near_domain,True,1.0,e2r-external-top20-dual-kernel-rrf-v1,0.8666666666666667
confirmation,reaction_to_enzyme,top10,MARTS_EXT_RXN_de164cb3f0e1,D5KXJ0;P17060;P21684;P37269;P37272,P21683,False,6,0.5605709552764893,r2e-external-top10-v1,0.6249540359798982,near_domain,True,1.0,e2r-external-top20-dual-kernel-rrf-v1,0.84375
confirmation,reaction_to_enzyme,top10,MARTS_EXT_RXN_de164cb3f0e1,D5KXJ0;P17060;P21684;P37269;P37272,P21684,True,7,0.5177273750305176,r2e-external-top10-v1,0.6249540359798982,near_domain,True,2.0,e2r-external-top20-dual-kernel-rrf-v1,0.7818627450980392
confirmation,reaction_to_enzyme,top10,MARTS_EXT_RXN_de164cb3f0e1,D5KXJ0;P17060;P21684;P37269;P37272,P33990,False,8,0.5103306174278259,r2e-external-top10-v1,0.6249540359798982,near_domain,True,5.0,e2r-current-top20-v1,0.6722222222222222
confirmation,reaction_to_enzyme,top10,MARTS_EXT_RXN_de164cb3f0e1,D5KXJ0;P17060;P21684;P37269;P37272,P54975,False,9,0.5037136673927307,r2e-external-top10-v1,0.6249540359798982,near_domain,True,1.0,e2r-external-top20-dual-kernel-rrf-v1,0.7894736842105263
confirmation,reaction_to_enzyme,top10,MARTS_EXT_RXN_de164cb3f0e1,D5KXJ0;P17060;P21684;P37269;P37272,P22873,False,10,0.499399334192276,r2e-external-top10-v1,0.6249540359798982,near_domain,True,3.0,e2r-external-top20-dual-kernel-rrf-v1,0.698076923076923
confirmation,reaction_to_enzyme,top10,MARTS_EXT_RXN_de164cb3f0e1,D5KXJ0;P17060;P21684;P37269;P37272,Q52QW5,False,11,0.49876126646995544,r2e-external-top10-v1,0.6249540359798982,near_domain,True,1.0,e2r-external-top20-dual-kernel-rrf-v1,0.7619047619047619
confirmation,reaction_to_enzyme,top10,MARTS_EXT_RXN_de164cb3f0e1,D5KXJ0;P17060;P21684;P37269;P37272,P22939,False,12,0.4979245662689209,r2e-external-top10-v1,0.6249540359798982,near_domain,True,1.0,e2r-external-top20-dual-kernel-rrf-v1,0.7499999999999999
confirmation,reaction_to_enzyme,top10,MARTS_EXT_RXN_de164cb3f0e1,D5KXJ0;P17060;P21684;P37269;P37272,Q8WMY2,False,13,0.4914776384830475,r2e-external-top10-v1,0.6249540359798982,near_domain,True,15.0,e2r-external-top20-dual-kernel-rrf-v1,0.45913043478260873
confirmation,reaction_to_enzyme,top10,MARTS_EXT_RXN_de164cb3f0e1,D5KXJ0;P17060;P21684;P37269;P37272,H2VFR7,False,14,0.49011942744255066,r2e-external-top10-v1,0.6249540359798982,near_domain,True,23.0,e2r-external-top20-dual-kernel-rrf-v1,0.39583333333333326
confirmation,reaction_to_enzyme,top10,MARTS_EXT_RXN_de164cb3f0e1,D5KXJ0;P17060;P21684;P37269;P37272,P49085,False,15,0.48930421471595764,r2e-external-top10-v1,0.6249540359798982,near_domain,True,2.0,e2r-external-top20-dual-kernel-rrf-v1,0.6783333333333332
confirmation,reaction_to_enzyme,top10,MARTS_EXT_RXN_de164cb3f0e1,D5KXJ0;P17060;P21684;P37269;P37272,D7PHZ0,False,16,0.48855748772621155,r2e-external-top10-v1,0.6249540359798982,near_domain,True,2.0,e2r-current-top20-v1,0.6698717948717948
confirmation,reaction_to_enzyme,top10,MARTS_EXT_RXN_de164cb3f0e1,D5KXJ0;P17060;P21684;P37269;P37272,Q920E5,False,17,0.4885168969631195,r2e-external-top10-v1,0.6249540359798982,near_domain,True,15.0,e2r-external-top20-dual-kernel-rrf-v1,0.42370370370370375
confirmation,reaction_to_enzyme,top10,MARTS_EXT_RXN_de164cb3f0e1,D5KXJ0;P17060;P21684;P37269;P37272,P08196,False,18,0.4862891733646393,r2e-external-top10-v1,0.6249540359798982,near_domain,True,1.0,e2r-external-top20-dual-kernel-rrf-v1,0.6964285714285715
confirmation,reaction_to_enzyme,top10,MARTS_EXT_RXN_de164cb3f0e1,D5KXJ0;P17060;P21684;P37269;P37272,B1XJV9,False,19,0.48168203234672546,r2e-external-top10-v1,0.6249540359798982,near_domain,True,3.0,e2r-external-top20-dual-kernel-rrf-v1,0.6127320954907162
confirmation,reaction_to_enzyme,top10,MARTS_EXT_RXN_de164cb3f0e1,D5KXJ0;P17060;P21684;P37269;P37272,P45204,False,20,0.4771614074707031,r2e-external-top10-v1,0.6249540359798982,near_domain,True,4.0,e2r-external-top20-dual-kernel-rrf-v1,0.5761904761904761
confirmation,reaction_to_enzyme,top20,MARTS_EXT_RXN_de164cb3f0e1,D5KXJ0;P17060;P21684;P37269;P37272,P37269,True,1,0.7883574366569519,r2e-external-top20-v1,0.6249540359798982,near_domain,True,4.0,e2r-external-top20-dual-kernel-rrf-v1,0.8928571428571428
confirmation,reaction_to_enzyme,top20,MARTS_EXT_RXN_de164cb3f0e1,D5KXJ0;P17060;P21684;P37269;P37272,O07333,False,2,0.7498567700386047,r2e-external-top20-v1,0.6249540359798982,near_domain,True,1.0,e2r-external-top20-dual-kernel-rrf-v1,0.9583333333333334
confirmation,reaction_to_enzyme,top20,MARTS_EXT_RXN_de164cb3f0e1,D5KXJ0;P17060;P21684;P37269;P37272,P37294,False,3,0.7030037045478821,r2e-external-top20-v1,0.6249540359798982,near_domain,True,1.0,e2r-external-top20-dual-kernel-rrf-v1,0.9230769230769231
confirmation,reaction_to_enzyme,top20,MARTS_EXT_RXN_de164cb3f0e1,D5KXJ0;P17060;P21684;P37269;P37272,P37273,False,4,0.6591930389404297,r2e-external-top20-v1,0.6249540359798982,near_domain,True,1.0,e2r-external-top20-dual-kernel-rrf-v1,0.8928571428571428
confirmation,reaction_to_enzyme,top20,MARTS_EXT_RXN_de164cb3f0e1,D5KXJ0;P17060;P21684;P37269;P37272,D5KXJ0,True,5,0.5862008929252625,r2e-external-top20-v1,0.6249540359798982,near_domain,True,1.0,e2r-external-top20-dual-kernel-rrf-v1,0.8666666666666667
confirmation,reaction_to_enzyme,top20,MARTS_EXT_RXN_de164cb3f0e1,D5KXJ0;P17060;P21684;P37269;P37272,P21683,False,6,0.5605709552764893,r2e-external-top20-v1,0.6249540359798982,near_domain,True,1.0,e2r-external-top20-dual-kernel-rrf-v1,0.84375
confirmation,reaction_to_enzyme,top20,MARTS_EXT_RXN_de164cb3f0e1,D5KXJ0;P17060;P21684;P37269;P37272,P21684,True,7,0.5177273750305176,r2e-external-top20-v1,0.6249540359798982,near_domain,True,2.0,e2r-external-top20-dual-kernel-rrf-v1,0.7818627450980392
confirmation,reaction_to_enzyme,top20,MARTS_EXT_RXN_de164cb3f0e1,D5KXJ0;P17060;P21684;P37269;P37272,P33990,False,8,0.5103306174278259,r2e-external-top20-v1,0.6249540359798982,near_domain,True,5.0,e2r-current-top20-v1,0.6722222222222222
confirmation,reaction_to_enzyme,top20,MARTS_EXT_RXN_de164cb3f0e1,D5KXJ0;P17060;P21684;P37269;P37272,P54975,False,9,0.5037136673927307,r2e-external-top20-v1,0.6249540359798982,near_domain,True,1.0,e2r-external-top20-dual-kernel-rrf-v1,0.7894736842105263
confirmation,reaction_to_enzyme,top20,MARTS_EXT_RXN_de164cb3f0e1,D5KXJ0;P17060;P21684;P37269;P37272,P22873,False,10,0.499399334192276,r2e-external-top20-v1,0.6249540359798982,near_domain,True,3.0,e2r-external-top20-dual-kernel-rrf-v1,0.698076923076923
confirmation,reaction_to_enzyme,top20,MARTS_EXT_RXN_de164cb3f0e1,D5KXJ0;P17060;P21684;P37269;P37272,Q52QW5,False,11,0.49876126646995544,r2e-external-top20-v1,0.6249540359798982,near_domain,True,1.0,e2r-external-top20-dual-kernel-rrf-v1,0.7619047619047619
confirmation,reaction_to_enzyme,top20,MARTS_EXT_RXN_de164cb3f0e1,D5KXJ0;P17060;P21684;P37269;P37272,P22939,False,12,0.4979245662689209,r2e-external-top20-v1,0.6249540359798982,near_domain,True,1.0,e2r-external-top20-dual-kernel-rrf-v1,0.7499999999999999
confirmation,reaction_to_enzyme,top20,MARTS_EXT_RXN_de164cb3f0e1,D5KXJ0;P17060;P21684;P37269;P37272,Q8WMY2,False,13,0.4914776384830475,r2e-external-top20-v1,0.6249540359798982,near_domain,True,15.0,e2r-external-top20-dual-kernel-rrf-v1,0.45913043478260873
confirmation,reaction_to_enzyme,top20,MARTS_EXT_RXN_de164cb3f0e1,D5KXJ0;P17060;P21684;P37269;P37272,H2VFR7,False,14,0.49011942744255066,r2e-external-top20-v1,0.6249540359798982,near_domain,True,23.0,e2r-external-top20-dual-kernel-rrf-v1,0.39583333333333326
confirmation,reaction_to_enzyme,top20,MARTS_EXT_RXN_de164cb3f0e1,D5KXJ0;P17060;P21684;P37269;P37272,P49085,False,15,0.48930421471595764,r2e-external-top20-v1,0.6249540359798982,near_domain,True,2.0,e2r-external-top20-dual-kernel-rrf-v1,0.6783333333333332
confirmation,reaction_to_enzyme,top20,MARTS_EXT_RXN_de164cb3f0e1,D5KXJ0;P17060;P21684;P37269;P37272,D7PHZ0,False,16,0.48855748772621155,r2e-external-top20-v1,0.6249540359798982,near_domain,True,2.0,e2r-current-top20-v1,0.6698717948717948
confirmation,reaction_to_enzyme,top20,MARTS_EXT_RXN_de164cb3f0e1,D5KXJ0;P17060;P21684;P37269;P37272,Q920E5,False,17,0.4885168969631195,r2e-external-top20-v1,0.6249540359798982,near_domain,True,15.0,e2r-external-top20-dual-kernel-rrf-v1,0.42370370370370375
confirmation,reaction_to_enzyme,top20,MARTS_EXT_RXN_de164cb3f0e1,D5KXJ0;P17060;P21684;P37269;P37272,P08196,False,18,0.4862891733646393,r2e-external-top20-v1,0.6249540359798982,near_domain,True,1.0,e2r-external-top20-dual-kernel-rrf-v1,0.6964285714285715
confirmation,reaction_to_enzyme,top20,MARTS_EXT_RXN_de164cb3f0e1,D5KXJ0;P17060;P21684;P37269;P37272,B1XJV9,False,19,0.48168203234672546,r2e-external-top20-v1,0.6249540359798982,near_domain,True,3.0,e2r-external-top20-dual-kernel-rrf-v1,0.6127320954907162
confirmation,reaction_to_enzyme,top20,MARTS_EXT_RXN_de164cb3f0e1,D5KXJ0;P17060;P21684;P37269;P37272,P45204,False,20,0.4771614074707031,r2e-external-top20-v1,0.6249540359798982,near_domain,True,4.0,e2r-external-top20-dual-kernel-rrf-v1,0.5761904761904761
