reaction_id,reaction_signature,reaction_smiles,reaction_seen,cluster_id
MARTS_RXN_a01ec6b926871a43,C=C(C)C(CC=C(C)C)COP(=O)([O-])OP(=O)([O-])[O-]>>C=C(C)C(CO)CC=C(C)C,C=C(C)[C@@H](CC=C(C)C)COP(=O)([O-])OP(=O)([O-])[O-]>>C=C(C)[C@H](CO)CC=C(C)C,True,C10_GPP_like::MARTS_RXN_a01ec6b926871a43
MARTS_RXN_6705f601fdae1316,C=C(C)C12CCCC1C(C)(CCC(C)=CCOP(=O)([O-])OP(=O)([O-])[O-])C(C)CC2>>C=CC1(C)CC(C)C23CCCC2C(C)(C(C)CC3)C(O)C1,C=C(C)[C@]12CCCC1[C@](C)(CC/C(C)=C/COP(=O)([O-])OP(=O)([O-])[O-])[C@H](C)CC2>>C=C[C@]1(C)C[C@@H](O)[C@]2(C)C(C)CC[C@]3(CCC[C@H]32)[C@@H](C)C1,False,C20_GGPP_like::MARTS_RXN_6705f601fdae1316
MARTS_RXN_18c5284114d254b8,C=C1CCC2C(C)(C)C(O)CCC2(C)C1CCC=C(C)CCC=C(C)CCC1OC1(C)C>>C=C1CCC2C(C)(C)C(O)CCC2(C)C1CCC1C(=C)CCC2C(C)(C)C(O)CCC12C,C=C1CC[C@H]2C(C)(C)[C@@H](O)CC[C@]2(C)[C@H]1CC/C=C(\C)CC/C=C(\C)CC[C@@H]1OC1(C)C>>C=C1CC[C@H]2C(C)(C)[C@@H](O)CC[C@]2(C)[C@H]1CC[C@H]1C(=C)CC[C@H]2C(C)(C)[C@@H](O)CC[C@]12C,True,C30_long_prenyl_like::MARTS_RXN_18c5284114d254b8
MARTS_RXN_6340c14d4e7c6736,C=C1CCC2C(C)(C)CCCC2(C)C1CCC(C)=CCOP(=O)([O-])OP(=O)([O-])[O-]>>C=C1CC23CCC1CC2C1(C)CCCC(C)(C)C1CC3,C=C1CC[C@@H]2C(C)(C)CCC[C@@]2(C)[C@@H]1CC/C(C)=C/COP(=O)([O-])OP(=O)([O-])[O-]>>C=C1C[C@]23CC[C@H]1C[C@H]2[C@]1(C)CCCC(C)(C)[C@H]1CC3,True,C20_GGPP_like::MARTS_RXN_2f18d5d70489a2db
MARTS_RXN_2f18d5d70489a2db,C=C1CCC2C(C)(C)CCCC2(C)C1CCC(C)=CCOP(=O)([O-])OP(=O)([O-])[O-]>>C=C1CC23CCC4C(C)(C)CCCC4(C)C2CCC1C3,C=C1CC[C@@H]2C(C)(C)CCC[C@@]2(C)[C@@H]1CC/C(C)=C/COP(=O)([O-])OP(=O)([O-])[O-]>>C=C1C[C@@]23CC[C@@H]4C(C)(C)CCC[C@@]4(C)[C@@H]2CC[C@@H]1C3,True,C20_GGPP_like::MARTS_RXN_2f18d5d70489a2db
MARTS_RXN_9710b471174e59ab,C=C1CCC2C(C)(C)CCCC2(C)C1CCC(C)=CCOP(=O)([O-])OP(=O)([O-])[O-]>>C=C1CCC23CC1CC2CCC1C(C)(C)CCCC13C,C=C1CC[C@H]2C(C)(C)CCC[C@]2(C)[C@@H]1CC/C(C)=C/COP(=O)([O-])OP(=O)([O-])[O-]>>C=C1CC[C@@]23C[C@@H]1C[C@@H]2CC[C@H]1C(C)(C)CCC[C@@]13C,True,C20_GGPP_like::MARTS_RXN_9710b471174e59ab
MARTS_RXN_035143e0b4ac708f,C=C1CCC2C(C)(C)CCCC2(C)C1CCC(C)=CCOP(=O)([O-])OP(=O)([O-])[O-]>>C=C1CCC2C(C)(C)CCCC2(C)C1CCC(C)=CCO,C=C1CC[C@H]2C(C)(C)CCC[C@]2(C)[C@H]1CC/C(C)=C/COP(=O)([O-])OP(=O)([O-])[O-]>>C=C1CC[C@H]2C(C)(C)CCC[C@]2(C)[C@H]1CC/C(C)=C/CO,False,C20_GGPP_like::MARTS_RXN_035143e0b4ac708f
MARTS_RXN_527c95b7d526f626,C=C1CCC2C(C)(C)CCCC2(C)C1CCC(C)=CCOP(=O)([O-])OP(=O)([O-])[O-]>>C=CC(C)(O)CCC1C(=C)CCC2C(C)(C)CCCC12C,C=C1CC[C@H]2C(C)(C)CCC[C@]2(C)[C@H]1CC/C(C)=C/COP(=O)([O-])OP(=O)([O-])[O-]>>C=C[C@](C)(O)CC[C@H]1C(=C)CC[C@H]2C(C)(C)CCC[C@]12C,True,C20_GGPP_like::MARTS_RXN_29704a84d49c8b3b
MARTS_RXN_f46d2670946d0647,C=C1CCC2C(C)(C)CCCC2(C)C1CCC(C)=CCOP(=O)([O-])OP(=O)([O-])[O-]>>C=CC(C)=CCC1C(=C)CCC2C(C)(C)CCCC12C,C=C1CC[C@H]2C(C)(C)CCC[C@]2(C)[C@@H]1CC/C(C)=C/COP(=O)([O-])OP(=O)([O-])[O-]>>C=C/C(C)=C/C[C@@H]1C(=C)CC[C@H]2C(C)(C)CCC[C@]12C,True,C20_GGPP_like::MARTS_RXN_035143e0b4ac708f
MARTS_RXN_81d5aee1c089bc90,C=C1CCC2C(C)(C)CCCC2(C)C1CCC(C)=CCOP(=O)([O-])OP(=O)([O-])[O-]>>C=CC1(C)C=C2CCC3C(C)(C)CCCC3(C)C2CC1,C=C1CC[C@H]2C(C)(C)CCC[C@]2(C)[C@H]1CC/C(C)=C/COP(=O)([O-])OP(=O)([O-])[O-]>>C=C[C@]1(C)C=C2CC[C@H]3C(C)(C)CCC[C@]3(C)[C@H]2CC1,True,C20_GGPP_like::MARTS_RXN_78399ec4fc85c2fe
MARTS_RXN_d3c3b5b936c0676b,C=C1CCC2C(C)(C)CCCC2(C)C1CCC(C)=CCOP(=O)([O-])OP(=O)([O-])[O-]>>C=CC1(C)CC=C2C(CCC3C(C)(C)CCCC23C)C1,C=C1CC[C@@H]2C(C)(C)CCC[C@@]2(C)[C@@H]1CC/C(C)=C/COP(=O)([O-])OP(=O)([O-])[O-]>>C=C[C@@]1(C)CC=C2[C@@H](CC[C@@H]3C(C)(C)CCC[C@@]23C)C1,True,C20_GGPP_like::MARTS_RXN_d3c3b5b936c0676b
MARTS_RXN_6029eb5c9a034ccf,C=C1CCC2C(C)(C)CCCC2(C)C1CCC(C)=CCOP(=O)([O-])OP(=O)([O-])[O-]>>C=CC1(C)CCC2(C)C(CCC3(C)C(=C)CCCC32)C1,C=C1CC[C@@H]2C(C)(C)CCC[C@@]2(C)[C@@H]1CC/C(C)=C/COP(=O)([O-])OP(=O)([O-])[O-]>>C=C[C@@]1(C)CC[C@]2(C)[C@H](CC[C@]3(C)C(=C)CCC[C@@H]23)C1,False,C20_GGPP_like::MARTS_RXN_6029eb5c9a034ccf
MARTS_RXN_7c41968d1cff8894,C=C1CCC2C(C)(C)CCCC2(C)C1CCC(C)=CCOP(=O)([O-])OP(=O)([O-])[O-]>>C=CC1(C)CCC2(O)C(CCC3C(C)(C)CCCC32C)C1,C=C1CC[C@H]2C(C)(C)CCC[C@]2(C)[C@@H]1CC/C(C)=C/COP(=O)([O-])OP(=O)([O-])[O-]>>C=C[C@@]1(C)CC[C@]2(O)C(CC[C@H]3C(C)(C)CCC[C@@]32C)C1,False,C20_GGPP_like::MARTS_RXN_7c41968d1cff8894
MARTS_RXN_d72149a152c41322,C=C1CCC2C(C)(C)CCCC2(C)C1CCC(C)=CCOP(=O)([O-])OP(=O)([O-])[O-]>>C=CC1(C)CCC2C(=CCC3C(C)(C)CCCC23C)C1,C=C1CC[C@H]2C(C)(C)CCC[C@]2(C)[C@H]1CC/C(C)=C/COP(=O)([O-])OP(=O)([O-])[O-]>>C=C[C@@]1(C)CC[C@H]2C(=CC[C@H]3C(C)(C)CCC[C@]23C)C1,True,C20_GGPP_like::MARTS_RXN_78399ec4fc85c2fe
MARTS_RXN_480dcc05c3350db6,C=C1CCC2C(C)(C)CCCC2(C)C1CCC(C)=CCOP(=O)([O-])OP(=O)([O-])[O-]>>C=CC1(C)CCC2C(O)(CCC3C(C)(C)CCCC32C)C1,C=C1CC[C@H]2C(C)(C)CCC[C@]2(C)[C@H]1CC/C(C)=C/COP(=O)([O-])OP(=O)([O-])[O-]>>C=C[C@@]1(C)CC[C@H]2[C@@](O)(CC[C@H]3C(C)(C)CCC[C@@]32C)C1,False,C20_GGPP_like::MARTS_RXN_480dcc05c3350db6
MARTS_RXN_1c7381e699705583,C=C1CCC2C(C)(C)CCCC2(C)C1CCC(C)=CCOP(=O)([O-])OP(=O)([O-])[O-]>>C=CC1=CCC2C(CCC3C(C)(C)CCCC23C)C1C,C=C1CC[C@@H]2C(C)(C)CCC[C@@]2(C)[C@@H]1CC/C(C)=C/COP(=O)([O-])OP(=O)([O-])[O-]>>C=CC1=CC[C@@H]2[C@H](CC[C@@H]3C(C)(C)CCC[C@@]23C)[C@@H]1C,True,C20_GGPP_like::MARTS_RXN_1c7381e699705583
MARTS_RXN_0216267ce7f463bf,C=C1CCC2C(C)(C)CCCC2(C)C1CCC(C)=CCOP(=O)([O-])OP(=O)([O-])[O-]>>CC(C)=C1C=C2CCC3C(C)(C)CCCC3(C)C2CC1,C=C1CC[C@H]2C(C)(C)CCC[C@]2(C)[C@H]1CC/C(C)=C/COP(=O)([O-])OP(=O)([O-])[O-]>>CC(C)=C1C=C2CC[C@H]3C(C)(C)CCC[C@]3(C)[C@H]2CC1,False,C20_GGPP_like::MARTS_RXN_0216267ce7f463bf
MARTS_RXN_79368a2476ac3bf7,C=C1CCC2C(C)(C)CCCC2(C)C1CCC(C)=CCOP(=O)([O-])OP(=O)([O-])[O-]>>CC(C)C1(O)C=C2CCC3C(C)(C)CCCC3(C)C2CC1,C=C1CC[C@@H]2C(C)(C)CCC[C@@]2(C)[C@@H]1CC/C(C)=C/COP(=O)([O-])OP(=O)([O-])[O-]>>CC(C)C1(O)C=C2CC[C@@H]3C(C)(C)CCC[C@@]3(C)C2CC1,False,C20_GGPP_like::MARTS_RXN_0216267ce7f463bf
MARTS_RXN_29bbf964d264af82,C=C1CCC2C(C)(C)CCCC2(C)C1CCC(C)=CCOP(=O)([O-])OP(=O)([O-])[O-]>>CC(C)C1=CC2=C(CC1)C1(C)CCCC(C)(C)C1CC2,C=C1CC[C@H]2C(C)(C)CCC[C@]2(C)[C@H]1CC/C(C)=C/COP(=O)([O-])OP(=O)([O-])[O-]>>CC(C)C1=CC2=C(CC1)[C@@]1(C)CCCC(C)(C)[C@@H]1CC2,False,C20_GGPP_like::MARTS_RXN_29bbf964d264af82
MARTS_RXN_4fcf7c82c3339eec,C=C1CCC2C(C)(C)CCCC2(C)C1CCC(C)=CCOP(=O)([O-])OP(=O)([O-])[O-]>>CC(C)C1=CC2=CCC3C(C)(C)CCCC3(C)C2CC1,C=C1CC[C@H]2C(C)(C)CCC[C@]2(C)[C@H]1CC/C(C)=C/COP(=O)([O-])OP(=O)([O-])[O-]>>CC(C)C1=CC2=CC[C@H]3C(C)(C)CCC[C@]3(C)[C@H]2CC1,False,C20_GGPP_like::MARTS_RXN_0216267ce7f463bf
MARTS_RXN_23b0ccdf525591f4,C=C1CCC2C(C)(C)CCCC2(C)C1CCC(C)=CCOP(=O)([O-])OP(=O)([O-])[O-]>>CC(C)C1=CC=C2C(CCC3C(C)(C)CCCC23C)C1,C=C1CC[C@@H]2C(C)(C)CCC[C@@]2(C)[C@@H]1CC/C(C)=C/COP(=O)([O-])OP(=O)([O-])[O-]>>CC(C)C1=CC=C2[C@@H](CC[C@@H]3C(C)(C)CCC[C@@]23C)C1,False,C20_GGPP_like::MARTS_RXN_23b0ccdf525591f4
MARTS_RXN_7b0cfb7bb82c4ca3,C=C1CCC2C(C)(C)CCCC2(C)C1CCC(C)=CCOP(=O)([O-])OP(=O)([O-])[O-]>>CC(C)C1=CCC2=C(CCC3C(C)(C)CCCC23C)C1,C=C1CC[C@H]2C(C)(C)CCC[C@]2(C)[C@H]1CC/C(C)=C/COP(=O)([O-])OP(=O)([O-])[O-]>>CC(C)C1=CCC2=C(CC[C@H]3C(C)(C)CCC[C@]23C)C1,False,C20_GGPP_like::MARTS_RXN_29bbf964d264af82
MARTS_RXN_3abc72608e40ec3b,C=C1CCC2C(C)(C)CCCC2(C)C1CCC(C)=CCOP(=O)([O-])OP(=O)([O-])[O-]>>CC(C)C1=CCC2C(=C1)CCC1C(C)(C)CCCC21C,C=C1CC[C@H]2C(C)(C)CCC[C@]2(C)[C@H]1CC/C(C)=C/COP(=O)([O-])OP(=O)([O-])[O-]>>CC(C)C1=CC[C@H]2C(=C1)CC[C@H]1C(C)(C)CCC[C@]21C,False,C20_GGPP_like::MARTS_RXN_0216267ce7f463bf
MARTS_RXN_6f6c259f1e28cb80,C=C1CCC2C(C)(C)CCCC2(C)C1CCC(C)=CCOP(=O)([O-])OP(=O)([O-])[O-]>>CC1(C)CCCC2(C)C1CCC13CC(CCC12)C(C)(O)C3,C=C1CC[C@H]2C(C)(C)CCC[C@]2(C)[C@H]1CC/C(C)=C/COP(=O)([O-])OP(=O)([O-])[O-]>>CC1(C)CCC[C@@]2(C)[C@H]1CC[C@]13CC(CC[C@@H]12)[C@](C)(O)C3,True,C20_GGPP_like::MARTS_RXN_2f18d5d70489a2db
MARTS_RXN_dbc26311dec1c4a3,C=C1CCC2C(C)(C)CCCC2(C)C1CCC(C)=CCOP(=O)([O-])OP(=O)([O-])[O-]>>CC1(C)CCCC2(C)C1CCC1CC3CC12CCC3(C)O,C=C1CC[C@H]2C(C)(C)CCC[C@]2(C)[C@@H]1CC/C(C)=C/COP(=O)([O-])OP(=O)([O-])[O-]>>CC1(C)CCC[C@@]2(C)[C@H]1CC[C@H]1C[C@@H]3C[C@@]12CC[C@@]3(C)O,False,C20_GGPP_like::MARTS_RXN_9710b471174e59ab
MARTS_RXN_9f7a5b7e54860109,C=C1CCC2C(C)(C)CCCC2(C)C1CCC(C)=CCOP(=O)([O-])OP(=O)([O-])[O-]>>CC1=CC23CCC4C(C)(C)CCCC4(C)C2CCC1C3,C=C1CC[C@@H]2C(C)(C)CCC[C@@]2(C)[C@@H]1CC/C(C)=C/COP(=O)([O-])OP(=O)([O-])[O-]>>CC1=C[C@@]23CC[C@@H]4C(C)(C)CCC[C@@]4(C)[C@@H]2CC[C@@H]1C3,True,C20_GGPP_like::MARTS_RXN_0e08d025745c0527
MARTS_RXN_adce19f1dd817e77,C=C1CCC2C(C)(C)CCCC2(C)C1CCC(C)=CCOP(=O)([O-])OP(=O)([O-])[O-]>>CC1=CC2CCC3C(C)(C)CCCC3(C)C23CCC1C3,C=C1CC[C@H]2C(C)(C)CCC[C@]2(C)[C@@H]1CC/C(C)=C/COP(=O)([O-])OP(=O)([O-])[O-]>>CC1=C[C@@H]2CC[C@H]3C(C)(C)CCC[C@]3(C)[C@@]23CC[C@@H]1C3,True,C20_GGPP_like::MARTS_RXN_adce19f1dd817e77
MARTS_RXN_78399ec4fc85c2fe,C=C1CCC2C(C)(C)CCCC2(C)C1CCC(C)=CCOP(=O)([O-])OP(=O)([O-])[O-]>>CC1CC2=CCC3C(C)(C)CCCC3(C)C2CCC1(C)O,C=C1CC[C@H]2C(C)(C)CCC[C@]2(C)[C@@H]1CC/C(C)=C/COP(=O)([O-])OP(=O)([O-])[O-]>>C[C@@H]1CC2=CC[C@H]3C(C)(C)CCC[C@]3(C)[C@@H]2CC[C@@]1(C)O,False,C20_GGPP_like::MARTS_RXN_78399ec4fc85c2fe
MARTS_RXN_99de587742ff006a,CC(=CCCC=C(C)CCC=C(C)CCC1OC1(C)C)CCC=C(C)CCC1OC1(C)C>>C=C1CCC2C(C)(C)C(O)CCC2(C)C1CCC=C(C)CCC=C(C)CCC1OC1(C)C,C/C(=C\CC/C=C(\C)CC/C=C(\C)CC[C@@H]1OC1(C)C)CC/C=C(\C)CC[C@@H]1OC1(C)C>>C=C1CC[C@H]2C(C)(C)[C@@H](O)CC[C@]2(C)[C@H]1CC/C=C(\C)CC/C=C(\C)CC[C@@H]1OC1(C)C,True,C30_long_prenyl_like::MARTS_RXN_4c4ba4bc054979a2
MARTS_RXN_c4cfcdfee60d6644,CC(=CCOP(=O)([O-])OP(=O)([O-])[O-])CCC1(C)C(C)=C(C)C(C)C1C>>C=C1C(C)C2(C)C(C)=C(C)C(C)(C1C)C2C,CC1=C(C)[C@@](C)(CC/C(C)=C/COP(=O)([O-])OP(=O)([O-])[O-])[C@H](C)[C@H]1C>>C=C1[C@@H](C)[C@]2(C)C(C)=C(C)[C@@](C)([C@H]2C)[C@H]1C,False,C15_FPP_like::MARTS_RXN_c4cfcdfee60d6644
MARTS_RXN_8fcc21e7d25a0888,CC(=CCOP(=O)([O-])OP(=O)([O-])[O-])CCC1(C)C(C)CCC2(C)C(C)=CCCC21>>C=CC(=C)CCC1(C)C(C)CCC2(C)C(C)=CCCC21,CC1=CCC[C@H]2[C@](C)(CC/C(C)=C/COP(=O)([O-])OP(=O)([O-])[O-])[C@H](C)CC[C@]12C>>C=CC(=C)CC[C@]1(C)[C@H](C)CC[C@]2(C)C(C)=CCC[C@@H]12,True,C20_GGPP_like::MARTS_RXN_5e756bc9af8160fa
MARTS_RXN_5e756bc9af8160fa,CC(=CCOP(=O)([O-])OP(=O)([O-])[O-])CCC1(C)C(C)CCC2(C)C(C)=CCCC21>>C=CC(C)(O)CCC1(C)C(C)CCC2(C)C(C)=CCCC21,CC1=CCC[C@H]2[C@](C)(CC/C(C)=C/COP(=O)([O-])OP(=O)([O-])[O-])[C@H](C)CC[C@@]12C>>C=CC(C)(O)CC[C@]1(C)[C@H](C)CC[C@@]2(C)C(C)=CCC[C@@H]12,False,C20_GGPP_like::MARTS_RXN_5e756bc9af8160fa
MARTS_RXN_57376f32fc6f0917,CC(=CCOP(=O)([O-])OP(=O)([O-])[O-])CCC1(O)C(C)CCC2C(C)(C)CCCC21C>>C=CC(=C)CCC1(O)C(C)CCC2C(C)(C)CCCC21C,C/C(=C\COP(=O)([O-])OP(=O)([O-])[O-])CC[C@@]1(O)[C@H](C)CC[C@H]2C(C)(C)CCC[C@@]21C>>C=CC(=C)CC[C@@]1(O)[C@H](C)CC[C@H]2C(C)(C)CCC[C@@]21C,True,C20_GGPP_like::MARTS_RXN_57376f32fc6f0917
MARTS_RXN_780334b3fd258727,CC(=CCOP(=O)([O-])OP(=O)([O-])[O-])CCC1(O)C(C)CCC2C(C)(C)CCCC21C>>C=CC(C)(O)CCC1(O)C(C)CCC2C(C)(C)CCCC21C,C/C(=C\COP(=O)([O-])OP(=O)([O-])[O-])CC[C@@]1(O)[C@H](C)CC[C@H]2C(C)(C)CCC[C@@]21C>>C=CC(C)(O)CC[C@@]1(O)[C@H](C)CC[C@H]2C(C)(C)CCC[C@@]21C,True,C20_GGPP_like::MARTS_RXN_29704a84d49c8b3b
MARTS_RXN_69100385edd07ec4,CC(=CCOP(=O)([O-])OP(=O)([O-])[O-])CCC1(O)C(C)CCC2C(C)(C)CCCC21C>>C=CC1(C)CCC2(O1)C(C)CCC1C(C)(C)CCCC12C,C/C(=C\COP(=O)([O-])OP(=O)([O-])[O-])CC[C@@]1(O)[C@H](C)CC[C@H]2C(C)(C)CCC[C@@]21C>>C=C[C@@]1(C)CC[C@@]2(O1)[C@H](C)CC[C@H]1C(C)(C)CCC[C@@]12C,True,C20_GGPP_like::MARTS_RXN_69100385edd07ec4
MARTS_RXN_3656de9bcbb16208,CC(=CCOP(=O)([O-])OP(=O)([O-])[O-])CCC1C(C)(O)CCC2C(C)(C)CCCC21C>>C=CC(C)(O)CCC1C(C)(O)CCC2C(C)(C)CCCC21C,C/C(=C\COP(=O)([O-])OP(=O)([O-])[O-])CC[C@@H]1[C@@]2(C)CCCC(C)(C)[C@@H]2CC[C@@]1(C)O>>C=C[C@](C)(O)CC[C@@H]1[C@@]2(C)CCCC(C)(C)[C@@H]2CC[C@@]1(C)O,True,C20_GGPP_like::MARTS_RXN_29704a84d49c8b3b
MARTS_RXN_4ce3a310c2be76cb,CC(=CCOP(=O)([O-])OP(=O)([O-])[O-])CCC1C(C)(O)CCC2C(C)(C)CCCC21C>>C=CC(C)=CCC1C(C)(O)CCC2C(C)(C)CCCC21C,C/C(=C\COP(=O)([O-])OP(=O)([O-])[O-])CC[C@@H]1[C@@]2(C)CCCC(C)(C)[C@@H]2CC[C@@]1(C)O>>C=C/C(C)=C\C[C@@H]1[C@@]2(C)CCCC(C)(C)[C@@H]2CC[C@@]1(C)O,True,C20_GGPP_like::MARTS_RXN_29704a84d49c8b3b
MARTS_RXN_ca54c73f0f6a6fc0,CC(=CCOP(=O)([O-])OP(=O)([O-])[O-])CCC1C(C)(O)CCC2C(C)(C)CCCC21C>>C=CC1(C)CCC2C(C)(CCC3C(C)(C)CCCC32C)O1,C/C(=C\COP(=O)([O-])OP(=O)([O-])[O-])CC[C@@H]1[C@@]2(C)CCCC(C)(C)[C@@H]2CC[C@@]1(C)O>>C=C[C@@]1(C)CC[C@H]2[C@@]3(C)CCCC(C)(C)[C@@H]3CC[C@@]2(C)O1,True,C20_GGPP_like::MARTS_RXN_ca54c73f0f6a6fc0
MARTS_RXN_1ec0e0c1ca7b6259,CC(=CCOP(=O)([O-])OP(=O)([O-])[O-])CCC1C(C)=CCC2C(C)(C)CCCC12C>>C=CC(=C)CCC1C(C)=CCC2C(C)(C)CCCC12C,CC1=CC[C@H]2C(C)(C)CCC[C@]2(C)[C@H]1CC/C(C)=C/COP(=O)([O-])OP(=O)([O-])[O-]>>C=CC(=C)CC[C@H]1C(C)=CC[C@H]2C(C)(C)CCC[C@]12C,True,C20_GGPP_like::MARTS_RXN_00588b0f0a754835
MARTS_RXN_b89583d7f0d90b88,CC(=CCOP(=O)([O-])OP(=O)([O-])[O-])CCCC(C)CCCC(C)CCCC(C)C>>CC(=CCCC=C(C)CCCC(C)CCCC(C)CCCC(C)C)CCCC(C)CCCC(C)CCCC(C)C,C/C(=C\COP(=O)([O-])OP(=O)([O-])[O-])CCC[C@H](C)CCC[C@H](C)CCCC(C)C>>C/C(=C\CC/C=C(\C)CCC[C@H](C)CCC[C@H](C)CCCC(C)C)CCC[C@H](C)CCC[C@H](C)CCCC(C)C,False,C20_GGPP_like::MARTS_RXN_b89583d7f0d90b88
MARTS_RXN_8900066556908bc8,CC(C)=CC1C(COP(=O)([O-])OP(=O)([O-])[O-])C1(C)C>>CC(C)=CC1C(CO)C1(C)C,CC(C)=C[C@@H]1[C@@H](COP(=O)([O-])OP(=O)([O-])[O-])C1(C)C>>CC(C)=C[C@@H]1[C@@H](CO)C1(C)C,False,C10_GPP_like::MARTS_RXN_8900066556908bc8
MARTS_RXN_10ad51343f41913b,CC(C)=CCCC(C)=C(C)COP(=O)([O-])OP(=O)([O-])[O-]>>CC1(O)CC2CCC1(C)C2(C)C,CC(C)=CCC/C(C)=C(\C)COP(=O)([O-])OP(=O)([O-])[O-]>>CC1(C)[C@@H]2CC[C@@]1(C)[C@](C)(O)C2,True,C10_GPP_like::MARTS_RXN_10ad51343f41913b
MARTS_RXN_55f4259a8324fd93,CC(C)=CCCC(C)=CC=CC(C)=CC=CC(C)=CC=CC=C(C)C=CC=C(C)C=CC1=C(C)CCCC1(C)C>>CC(C=CC=C(C)C=CC1=C(C)CCCC1(C)C)=CC=CC=C(C)C=CC=C(C)C=CC1=C(C)CCCC1(C)C,CC(C)=CCC/C(C)=C/C=C/C(C)=C/C=C/C(C)=C/C=C/C=C(C)/C=C/C=C(C)/C=C/C1=C(C)CCCC1(C)C>>CC1=C(/C=C/C(C)=C/C=C/C(C)=C/C=C/C=C(C)/C=C/C=C(C)/C=C/C2=C(C)CCCC2(C)C)C(C)(C)CCC1,False,C40_long_prenyl_like::MARTS_RXN_55f4259a8324fd93
MARTS_RXN_e7770b1f70c76223,CC(C)=CCCC(C)=CC=CC(C)=CC=CC(C)=CC=CC=C(C)C=CC=C(C)C=CC=C(C)CCC=C(C)C>>CC(C)=CCCC(C)=CC=CC(C)=CC=CC(C)=CC=CC=C(C)C=CC=C(C)C=CC1=C(C)CCCC1(C)C,CC(C)=CCC/C(C)=C/C=C/C(C)=C/C=C/C(C)=C/C=C/C=C(C)/C=C/C=C(C)/C=C/C=C(\C)CCC=C(C)C>>CC(C)=CCC/C(C)=C/C=C/C(C)=C/C=C/C(C)=C/C=C/C=C(C)/C=C/C=C(C)/C=C/C1=C(C)CCCC1(C)C,False,C40_long_prenyl_like::MARTS_RXN_55f4259a8324fd93
MARTS_RXN_df06835b65dd8073,CC(C)=CCCC(C)=CCCC(C)=CC1C(COP(=O)([O-])OP(=O)([O-])[O-])C1(C)CCC=C(C)CCC=C(C)C>>C=CC(C)(C=CC(C)CCC=C(C)CCC=C(C)C)CCC=C(C)CCC=C(C)C,CC(C)=CCC/C(C)=C/CC/C(C)=C/[C@H]1[C@H](COP(=O)([O-])OP(=O)([O-])[O-])[C@@]1(C)CC/C=C(\C)CCC=C(C)C>>C=C[C@@](C)(/C=C/[C@H](C)CC/C=C(\C)CCC=C(C)C)CC/C=C(\C)CCC=C(C)C,False,C30_long_prenyl_like::MARTS_RXN_df06835b65dd8073
MARTS_RXN_87203dec8e34c9ec,CC(C)=CCCC(C)=CCCC(C)=CC1C(COP(=O)([O-])OP(=O)([O-])[O-])C1(C)CCC=C(C)CCC=C(C)C>>CC(C)=CCCC(C)=CCCC(C)=CC1C(CO)C1(C)CCC=C(C)CCC=C(C)C,CC(C)=CCC/C(C)=C/CC/C(C)=C/[C@H]1[C@H](COP(=O)([O-])OP(=O)([O-])[O-])[C@@]1(C)CC/C=C(\C)CCC=C(C)C>>CC(C)=CCC/C(C)=C/CC/C(C)=C/[C@H]1[C@H](CO)[C@@]1(C)CC/C=C(\C)CCC=C(C)C,False,C30_long_prenyl_like::MARTS_RXN_87203dec8e34c9ec
MARTS_RXN_412a1f752827b429,CC(C)=CCCC(C)=CCCC(C)=CC1C(COP(=O)([O-])OP(=O)([O-])[O-])C1(C)CCC=C(C)CCC=C(C)C>>CC(C)=CCCC(C)=CCCC(C)=CCCC=C(C)CCC=C(C)CCC=C(C)C,CC(C)=CCC/C(C)=C/CC/C(C)=C/[C@H]1[C@H](COP(=O)([O-])OP(=O)([O-])[O-])[C@@]1(C)CC/C=C(\C)CCC=C(C)C>>CC(C)=CCC/C(C)=C/CC/C(C)=C/CC/C=C(\C)CC/C=C(\C)CCC=C(C)C,False,C30_long_prenyl_like::MARTS_RXN_23432a8b720a855c
MARTS_RXN_78f709de4b7cf2ac,CC(C)=CCCC(C)=CCCC(C)=CC1C(COP(=O)([O-])OP(=O)([O-])[O-])C1(C)CCC=C(C)CCC=C(C)C>>CC(C)=CCCC(C)=CCCC(C)=CCOCC=C(C)CCC=C(C)CCC=C(C)C,CC(C)=CCC/C(C)=C/CC/C(C)=C/[C@H]1[C@H](COP(=O)([O-])OP(=O)([O-])[O-])[C@@]1(C)CC/C=C(\C)CCC=C(C)C>>CC(C)=CCC/C(C)=C/CC/C(C)=C/COC/C=C(\C)CC/C=C(\C)CCC=C(C)C,False,C30_long_prenyl_like::MARTS_RXN_23432a8b720a855c
MARTS_RXN_de164cb3f0e10ea4,CC(C)=CCCC(C)=CCCC(C)=CCCC(C)=CC1C(COP(=O)(O)OP(=O)(O)O)C1(C)CCC=C(C)CCC=C(C)CCC=C(C)C>>CC(C)=CCCC(C)=CCCC(C)=CCCC(C)=CC=CC=C(C)CCC=C(C)CCC=C(C)CCC=C(C)C,CC(C)=CCC/C(C)=C/CC/C(C)=C/CC/C(C)=C/C1C(COP(=O)(O)OP(=O)(O)O)C1(C)CC/C=C(\C)CC/C=C(\C)CCC=C(C)C>>CC(C)=CCC/C(C)=C/CC/C(C)=C/CC/C(C)=C/C=C\C=C(/C)CC/C=C(\C)CC/C=C(\C)CCC=C(C)C,False,C40_long_prenyl_like::MARTS_RXN_de164cb3f0e10ea4
MARTS_RXN_01575cdc595e4696,CC(C)=CCCC(C)=CCCC(C)=CCCC(C)=CCCC(C)=CCCC(C)=CCCC(C)=CCOP(=O)([O-])OP(=O)([O-])[O-]>>C=CC(=C)CCC=C(C)CCC=C(C)CCC=C(C)CCC=C(C)CCC=C(C)CCC=C(C)C,CC(C)=CCC/C(C)=C/CC/C(C)=C/CC/C(C)=C/CC/C(C)=C/CC/C(C)=C/CC/C(C)=C/COP(=O)([O-])OP(=O)([O-])[O-]>>C=CC(=C)CC/C=C(\C)CC/C=C(\C)CC/C=C(\C)CC/C=C(\C)CC/C=C(\C)CCC=C(C)C,True,C35_long_prenyl_like::MARTS_RXN_01575cdc595e4696
MARTS_RXN_3c1616b3dda5ea0d,CC(C)=CCCC(C)=CCCC(C)=CCCC(C)=CCCC(C)=CCCC(C)=CCCC(C)=CCOP(=O)([O-])OP(=O)([O-])[O-]>>CC(C)=CCCC(C)=CCCC(C)=CCCC(C)=CCCC(C)=CCCC(C)C1=CCC(C)=CC1,CC(C)=CCC/C(C)=C/CC/C(C)=C/CC/C(C)=C/CC/C(C)=C/CC/C(C)=C/CC/C(C)=C/COP(=O)([O-])OP(=O)([O-])[O-]>>CC(C)=CCC/C(C)=C/CC/C(C)=C/CC/C(C)=C/CC/C(C)=C/CC[C@@H](C)C1=CCC(C)=CC1,True,C35_long_prenyl_like::MARTS_RXN_3c1616b3dda5ea0d
MARTS_RXN_23432a8b720a855c,CC(C)=CCCC(C)=CCCC(C)=CCCC(C)=CCCC(C)=CCCC(C)=CCOP(=O)([O-])OP(=O)([O-])[O-]>>C=CC(=C)CCC=C(C)CCC=C(C)CCC=C(C)CCC=C(C)CCC=C(C)C,CC(C)=CCC/C(C)=C/CC/C(C)=C/CC/C(C)=C/CC/C(C)=C/CC/C(C)=C/COP(=O)([O-])OP(=O)([O-])[O-]>>C=CC(=C)CC/C=C(\C)CC/C=C(\C)CC/C=C(\C)CC/C=C(\C)CCC=C(C)C,False,C30_long_prenyl_like::MARTS_RXN_23432a8b720a855c
MARTS_RXN_5d0b82c829ed8a97,CC(C)=CCCC(C)=CCCC(C)=CCCC(C)=CCCC(C)=CCCC(C)=CCOP(=O)([O-])OP(=O)([O-])[O-]>>CC(C)=CCCC(C)=CCCC(C)(O)C1CC=C(C)CCC=C(C)CCC=C(C)CC1,CC(C)=CCC/C(C)=C/CC/C(C)=C/CC/C(C)=C/CC/C(C)=C/CC/C(C)=C/COP(=O)([O-])OP(=O)([O-])[O-]>>CC(C)=CCC/C(C)=C/CC[C@](C)(O)[C@H]1C/C=C(\C)CC/C=C(\C)CC/C=C(\C)CC1,True,C30_long_prenyl_like::MARTS_RXN_5d0b82c829ed8a97
MARTS_RXN_75ed7768b60ccdf3,CC(C)=CCCC(C)=CCCC(C)=CCCC(C)=CCCC(C)=CCCC(C)=CCOP(=O)([O-])OP(=O)([O-])[O-]>>CC(C)=CCCC(C)=CCCC(C)C1=CCC2(C)CC=C(C)CCC=C(C)CCC12,CC(C)=CCC/C(C)=C/CC/C(C)=C/CC/C(C)=C/CC/C(C)=C/CC/C(C)=C/COP(=O)([O-])OP(=O)([O-])[O-]>>CC(C)=CCC/C(C)=C/CCC(C)C1=CCC2(C)C/C=C(\C)CC/C=C(\C)CCC12,True,C30_long_prenyl_like::MARTS_RXN_75ed7768b60ccdf3
MARTS_RXN_be6b5f072ef7529c,CC(C)=CCCC(C)=CCCC(C)=CCCC(C)=CCCC(C)=CCCC(C)=CCOP(=O)([O-])OP(=O)([O-])[O-]>>CC1=CCCC(C)=CCCC(C)=CC2C(CCC(C)=CCCC(C)=CCC1)C2(C)C,CC(C)=CCC/C(C)=C/CC/C(C)=C/CC/C(C)=C/CC/C(C)=C/CC/C(C)=C/COP(=O)([O-])OP(=O)([O-])[O-]>>C/C1=C\CC/C(C)=C/CC/C(C)=C/[C@@H]2[C@@H](CC/C(C)=C/CC/C(C)=C/CC1)C2(C)C,True,C30_long_prenyl_like::MARTS_RXN_be6b5f072ef7529c
MARTS_RXN_92f6ef4d14a56943,CC(C)=CCCC(C)=CCCC(C)=CCCC(C)=CCCC(C)=CCCC(C)C1=CCC(C)=CC1>>CC1=CCC(C(C)CCC2C(C)(O)CCC3C2(C)CCC2C4(C)CCCC(C)(C)C4CCC23C)=CC1,CC(C)=CCC/C(C)=C/CC/C(C)=C/CC/C(C)=C/CC/C(C)=C/CC[C@@H](C)C1=CCC(C)=CC1>>CC1=CCC([C@H](C)CC[C@@H]2[C@@]3(C)CC[C@H]4[C@@](C)(CC[C@H]5C(C)(C)CCC[C@]45C)[C@@H]3CC[C@@]2(C)O)=CC1,False,C35_long_prenyl_like::MARTS_RXN_92f6ef4d14a56943
MARTS_RXN_fdb89d6b0d0dd89f,CC(C)=CCCC(C)=CCCC(C)=CCCC(C)=CCCC(C)=CCOP(=O)([O-])OP(=O)([O-])[O-]>>C=C(C)C1CCC2(C)C1CCC1(C)CC=C(C)CCC=C(C)CCC12,CC(C)=CCC/C(C)=C/CC/C(C)=C/CC/C(C)=C/CC/C(C)=C/COP(=O)([O-])OP(=O)([O-])[O-]>>C=C(C)[C@H]1CC[C@]2(C)[C@@H]1CC[C@]1(C)C/C=C(\C)CC/C=C(\C)CC[C@H]12,True,C25_GFPP_like::MARTS_RXN_2554ee320331a2bb
MARTS_RXN_2554ee320331a2bb,CC(C)=CCCC(C)=CCCC(C)=CCCC(C)=CCCC(C)=CCOP(=O)([O-])OP(=O)([O-])[O-]>>C=C(C)C1CCC2(C)CC=C(C)CCC=C(C)CCC=C(C)CCC12,CC(C)=CCC/C(C)=C/CC/C(C)=C/CC/C(C)=C/CC/C(C)=C/COP(=O)([O-])OP(=O)([O-])[O-]>>C=C(C)[C@H]1CC[C@]2(C)C/C=C(\C)CC/C=C(\C)CC/C=C(\C)CC[C@@H]12,False,C25_GFPP_like::MARTS_RXN_2554ee320331a2bb
MARTS_RXN_280ce4f33ee48fa8,CC(C)=CCCC(C)=CCCC(C)=CCCC(C)=CCCC(C)=CCOP(=O)([O-])OP(=O)([O-])[O-]>>C=C(C)C1CCC2(C)CCC3(C)CC4CC(C)(CC=C3C12)CCC4C,CC(C)=CCC/C(C)=C/CC/C(C)=C/CC/C(C)=C/CC/C(C)=C/COP(=O)([O-])OP(=O)([O-])[O-]>>C=C(C)[C@H]1CC[C@@]2(C)CC[C@]3(C)C[C@@H]4C[C@](C)(C/C=C\3[C@H]12)CC[C@@H]4C,True,C25_GFPP_like::MARTS_RXN_280ce4f33ee48fa8
MARTS_RXN_2a8513f7b1f9b3aa,CC(C)=CCCC(C)=CCCC(C)=CCCC(C)=CCCC(C)=CCOP(=O)([O-])OP(=O)([O-])[O-]>>C=C(CCC=C(C)CCC=C(C)C)C1C2C(C)CCC2C2(C)CCC12,CC(C)=CCC/C(C)=C/CC/C(C)=C/CC/C(C)=C/CC/C(C)=C/COP(=O)([O-])OP(=O)([O-])[O-]>>C=C(CC/C=C(\C)CCC=C(C)C)[C@@H]1[C@@H]2[C@@H](CC[C@@H]2C)[C@]2(C)CC[C@H]12,False,C25_GFPP_like::MARTS_RXN_2a8513f7b1f9b3aa
MARTS_RXN_a40190329c758c7f,CC(C)=CCCC(C)=CCCC(C)=CCCC(C)=CCCC(C)=CCOP(=O)([O-])OP(=O)([O-])[O-]>>C=C(CCC=C(C)CCC=C(C)C)C1CCC2(C)C3CCC(C)C3C12,CC(C)=CCC/C(C)=C/CC/C(C)=C/CC/C(C)=C/CC/C(C)=C/COP(=O)([O-])OP(=O)([O-])[O-]>>C=C(CC/C=C(\C)CCC=C(C)C)[C@H]1CCC2(C)[C@H]1[C@@H]1[C@H]2CC[C@@H]1C,False,C25_GFPP_like::MARTS_RXN_2a8513f7b1f9b3aa
MARTS_RXN_eddada43cb766fb4,CC(C)=CCCC(C)=CCCC(C)=CCCC(C)=CCCC(C)=CCOP(=O)([O-])OP(=O)([O-])[O-]>>C=C1C2(C)CCCC13CC1(C)CCC4(C)CCC(C(C)C)C4C1C3C2,CC(C)=CCC/C(C)=C/CC/C(C)=C/CC/C(C)=C/CC/C(C)=C/COP(=O)([O-])OP(=O)([O-])[O-]>>C=C1C2(C)CCCC13C[C@@]1(C)CC[C@]4(C)CC[C@H](C(C)C)[C@H]4[C@@H]1[C@H]3C2,False,C25_GFPP_like::MARTS_RXN_eddada43cb766fb4
MARTS_RXN_f3ed30187499b84b,CC(C)=CCCC(C)=CCCC(C)=CCCC(C)=CCCC(C)=CCOP(=O)([O-])OP(=O)([O-])[O-]>>C=C1C23CCC(C)C4CC5(C)CCC(C(C)C)C5CC14C2CCC3C,CC(C)=CCC/C(C)=C/CC/C(C)=C/CC/C(C)=C/CC/C(C)=C/COP(=O)([O-])OP(=O)([O-])[O-]>>C=C1[C@@]23CC[C@@H](C)[C@@H]4C[C@]5(C)CC[C@@H](C(C)C)[C@H]5C[C@@]14[C@H]2CC[C@H]3C,True,C25_GFPP_like::MARTS_RXN_6cb73ebd30231f0f
MARTS_RXN_247c337c8f6561fa,CC(C)=CCCC(C)=CCCC(C)=CCCC(C)=CCCC(C)=CCOP(=O)([O-])OP(=O)([O-])[O-]>>C=C1C2=C(CC3(C)CCC(C(C)C)C3C2)C(C)CCC2C(C)CCC12,CC(C)=CCC/C(C)=C/CC/C(C)=C/CC/C(C)=C/CC/C(C)=C/COP(=O)([O-])OP(=O)([O-])[O-]>>C=C1C2=C(C[C@@]3(C)CC[C@@H](C(C)C)[C@@H]3C2)[C@@H](C)CC[C@@H]2[C@@H]1CC[C@@H]2C,False,C25_GFPP_like::MARTS_RXN_247c337c8f6561fa
MARTS_RXN_0e80c1eb7cd88556,CC(C)=CCCC(C)=CCCC(C)=CCCC(C)=CCCC(C)=CCOP(=O)([O-])OP(=O)([O-])[O-]>>C=C1C2CCC1(C)CC1C2CC2(C)CCC3(C)CCC(C(C)C)C3C12,CC(C)=CCC/C(C)=C/CC/C(C)=C/CC/C(C)=C/CC/C(C)=C/COP(=O)([O-])OP(=O)([O-])[O-]>>C=C1[C@@H]2CC[C@@]1(C)C[C@H]1[C@@H]2C[C@@]2(C)CC[C@]3(C)CC[C@H](C(C)C)[C@H]3[C@H]12,False,C25_GFPP_like::MARTS_RXN_0e80c1eb7cd88556
MARTS_RXN_b3860010df2b771f,CC(C)=CCCC(C)=CCCC(C)=CCCC(C)=CCCC(C)=CCOP(=O)([O-])OP(=O)([O-])[O-]>>C=C1C2CCC3(C)C2CCC(C)C2CC4(C)CCC(C(C)C)C4CC123,CC(C)=CCC/C(C)=C/CC/C(C)=C/CC/C(C)=C/CC/C(C)=C/COP(=O)([O-])OP(=O)([O-])[O-]>>C=C1[C@@H]2CC[C@@]3(C)[C@@H]2CC[C@H](C)[C@H]2C[C@@]4(C)CC[C@@H](C(C)C)[C@@H]4C[C@@]123,False,C25_GFPP_like::MARTS_RXN_b3860010df2b771f
MARTS_RXN_3fcdccf20787302c,CC(C)=CCCC(C)=CCCC(C)=CCCC(C)=CCCC(C)=CCOP(=O)([O-])OP(=O)([O-])[O-]>>C=C1C=CC2(C)CCC(C(C)C)C2CCC(C)=CCCC(C)=CCC1,CC(C)=CCC/C(C)=C/CC/C(C)=C/CC/C(C)=C/CC/C(C)=C/COP(=O)([O-])OP(=O)([O-])[O-]>>C=C1/C=C/[C@@]2(C)CC[C@H](C(C)C)[C@@H]2CC/C(C)=C/CC/C(C)=C/CC1,False,C25_GFPP_like::MARTS_RXN_3fcdccf20787302c
MARTS_RXN_7160470e8992848a,CC(C)=CCCC(C)=CCCC(C)=CCCC(C)=CCCC(C)=CCOP(=O)([O-])OP(=O)([O-])[O-]>>C=C1C=CC2C(C(C)C)CCC2(C)CC=C(C)CCC=C(C)CCC1,CC(C)=CCC/C(C)=C/CC/C(C)=C/CC/C(C)=C/CC/C(C)=C/COP(=O)([O-])OP(=O)([O-])[O-]>>C=C1/C=C/[C@H]2[C@@H](C(C)C)CC[C@]2(C)C/C=C(\C)CC/C=C(\C)CCC1,False,C25_GFPP_like::MARTS_RXN_033964ff02d82d4e
MARTS_RXN_5e033dc8337a67f2,CC(C)=CCCC(C)=CCCC(C)=CCCC(C)=CCCC(C)=CCOP(=O)([O-])OP(=O)([O-])[O-]>>C=C1CCC23C(C)CCC2C3(C)C2CC3C(C(C)C)CCC3(C)CC12,CC(C)=CCC/C(C)=C/CC/C(C)=C/CC/C(C)=C/CC/C(C)=C/COP(=O)([O-])OP(=O)([O-])[O-]>>C=C1CC[C@@]23[C@H](C)CC[C@@H]2[C@@]3(C)[C@@H]2C[C@@H]3[C@H](C(C)C)CC[C@@]3(C)C[C@@H]12,True,C25_GFPP_like::MARTS_RXN_3bed24cf1ac1aa2f
MARTS_RXN_c33f8bcece70aea3,CC(C)=CCCC(C)=CCCC(C)=CCCC(C)=CCCC(C)=CCOP(=O)([O-])OP(=O)([O-])[O-]>>C=C1CCC2C(=C(C)C3CC4C(C(C)C)CCC4(C)CC13)CCC2C,CC(C)=CCC/C(C)=C/CC/C(C)=C/CC/C(C)=C/CC/C(C)=C/COP(=O)([O-])OP(=O)([O-])[O-]>>C=C1CC[C@@H]2C(=C(C)[C@H]3C[C@H]4[C@H](C(C)C)CC[C@]4(C)C[C@H]13)CC[C@@H]2C,False,C25_GFPP_like::MARTS_RXN_3bed24cf1ac1aa2f
MARTS_RXN_9c359e8d58c70d61,CC(C)=CCCC(C)=CCCC(C)=CCCC(C)=CCCC(C)=CCOP(=O)([O-])OP(=O)([O-])[O-]>>C=C1CCC2C(C)=CCC3C(C(C)C)CCC3(C)CC=C(C)CCC12,CC(C)=CCC/C(C)=C/CC/C(C)=C/CC/C(C)=C/CC/C(C)=C/COP(=O)([O-])OP(=O)([O-])[O-]>>C=C1CCC2C(C)=CCC3[C@H](C(C)C)CC[C@]3(C)CC=C(C)CCC12,False,C25_GFPP_like::MARTS_RXN_033964ff02d82d4e
MARTS_RXN_bac5b3b4b30df15d,CC(C)=CCCC(C)=CCCC(C)=CCCC(C)=CCCC(C)=CCOP(=O)([O-])OP(=O)([O-])[O-]>>C=C1CCC2C3CCC2(C)C2(CC4C(C(C)C)CCC4(C)CC12)C3C,CC(C)=CCC/C(C)=C/CC/C(C)=C/CC/C(C)=C/CC/C(C)=C/COP(=O)([O-])OP(=O)([O-])[O-]>>C=C1CC[C@@H]2[C@H]3CC[C@]2(C)[C@]2(C[C@H]4[C@H](C(C)C)CC[C@]4(C)C[C@H]12)[C@H]3C,False,C25_GFPP_like::MARTS_RXN_8b03f1de5fceaefb
MARTS_RXN_8b03f1de5fceaefb,CC(C)=CCCC(C)=CCCC(C)=CCCC(C)=CCCC(C)=CCOP(=O)([O-])OP(=O)([O-])[O-]>>C=C1CCC2C3CCC4(CC5C(C(C)C)CCC5(C)CC1C24C)C3C,CC(C)=CCC/C(C)=C/CC/C(C)=C/CC/C(C)=C/CC/C(C)=C/COP(=O)([O-])OP(=O)([O-])[O-]>>C=C1CC[C@@H]2[C@H]3CC[C@]4(C[C@H]5[C@H](C(C)C)CC[C@]5(C)C[C@H]1[C@]24C)C3C,False,C25_GFPP_like::MARTS_RXN_8b03f1de5fceaefb
MARTS_RXN_9927ff5db9e4a239,CC(C)=CCCC(C)=CCCC(C)=CCCC(C)=CCCC(C)=CCOP(=O)([O-])OP(=O)([O-])[O-]>>C=C1CCC2CC3C4C5C(C(C)C)CCC5(C)CCC4(C)CC3C12C,CC(C)=CCC/C(C)=C/CC/C(C)=C/CC/C(C)=C/CC/C(C)=C/COP(=O)([O-])OP(=O)([O-])[O-]>>C=C1CCC2C[C@@H]3[C@H]4[C@@H]5[C@@H](C(C)C)CC[C@@]5(C)CC[C@]4(C)C[C@@H]3[C@@]12C,False,C25_GFPP_like::MARTS_RXN_76627c4c8e958b6b
MARTS_RXN_8c6cae136e8be45f,CC(C)=CCCC(C)=CCCC(C)=CCCC(C)=CCCC(C)=CCOP(=O)([O-])OP(=O)([O-])[O-]>>C=C1CCC=C(C)CCC2C1CC2(C)CCC=C(C)CCC=C(C)C,CC(C)=CCC/C(C)=C/CC/C(C)=C/CC/C(C)=C/CC/C(C)=C/COP(=O)([O-])OP(=O)([O-])[O-]>>C=C1CC/C=C(\C)CC[C@@H]2[C@@H]1C[C@@]2(C)CC/C=C(\C)CCC=C(C)C,False,C25_GFPP_like::MARTS_RXN_66c7e35bfd6ad52c
MARTS_RXN_3bed24cf1ac1aa2f,CC(C)=CCCC(C)=CCCC(C)=CCCC(C)=CCCC(C)=CCOP(=O)([O-])OP(=O)([O-])[O-]>>C=C1CCC=C(C)CCC=C(C)C2CC3C(C(C)C)CCC3(C)CC12,CC(C)=CCC/C(C)=C/CC/C(C)=C/CC/C(C)=C/CC/C(C)=C/COP(=O)([O-])OP(=O)([O-])[O-]>>C=C1CC/C=C(\C)CC/C=C(\C)[C@H]2C[C@H]3[C@@H](C(C)C)CC[C@]3(C)C[C@H]12,False,C25_GFPP_like::MARTS_RXN_3bed24cf1ac1aa2f
MARTS_RXN_5c2828b66ca05388,CC(C)=CCCC(C)=CCCC(C)=CCCC(C)=CCCC(C)=CCOP(=O)([O-])OP(=O)([O-])[O-]>>C=C1CCC=C(C)CCC=C(C)C=CC2C(C(C)C)CCC2(C)CC1,CC(C)=CCC/C(C)=C/CC/C(C)=C/CC/C(C)=C/CC/C(C)=C/COP(=O)([O-])OP(=O)([O-])[O-]>>C=C1CC/C=C(\C)CC/C=C(C)/C=C/[C@H]2[C@@H](C(C)C)CC[C@]2(C)CC1,False,C25_GFPP_like::MARTS_RXN_5c2828b66ca05388
MARTS_RXN_babe193a9f21e23b,CC(C)=CCCC(C)=CCCC(C)=CCCC(C)=CCCC(C)=CCOP(=O)([O-])OP(=O)([O-])[O-]>>C=CC(=C)CCC=C(C)CCC=C(C)CCC=C(C)CCC=C(C)C,CC(C)=CCC/C(C)=C/CC/C(C)=C/CC/C(C)=C/CC/C(C)=C/COP(=O)([O-])OP(=O)([O-])[O-]>>C=CC(=C)CC/C=C(\C)CC/C=C(\C)CC/C=C(\C)CCC=C(C)C,True,C25_GFPP_like::MARTS_RXN_babe193a9f21e23b
MARTS_RXN_c9b279de04421c5d,CC(C)=CCCC(C)=CCCC(C)=CCCC(C)=CCCC(C)=CCOP(=O)([O-])OP(=O)([O-])[O-]>>CC(C)=CCCC(C)=CCCC(C)=CCCC(C)=CCCC(C)=CCO,CC(C)=CCC/C(C)=C/CC/C(C)=C/CC/C(C)=C/CC/C(C)=C/COP(=O)([O-])OP(=O)([O-])[O-]>>CC(C)=CCC/C(C)=C/CC/C(C)=C/CC/C(C)=C/CC/C(C)=C/CO,False,C25_GFPP_like::MARTS_RXN_babe193a9f21e23b
MARTS_RXN_66c7e35bfd6ad52c,CC(C)=CCCC(C)=CCCC(C)=CCCC(C)=CCCC(C)=CCOP(=O)([O-])OP(=O)([O-])[O-]>>CC(C)=CCCC(C)=CCCC1(C)C2C=C(C)CCC=C(C)CCC21,CC(C)=CCC/C(C)=C/CC/C(C)=C/CC/C(C)=C/CC/C(C)=C/COP(=O)([O-])OP(=O)([O-])[O-]>>CC(C)=CCC/C(C)=C/CC[C@@]1(C)[C@@H]2/C=C(\C)CC/C=C(\C)CC[C@@H]21,False,C25_GFPP_like::MARTS_RXN_66c7e35bfd6ad52c
MARTS_RXN_4abf2f089372495a,CC(C)=CCCC(C)=CCCC(C)=CCCC(C)=CCCC(C)=CCOP(=O)([O-])OP(=O)([O-])[O-]>>CC(C)=CCCC(C)C1CCC2(C)CC3C(CCC3(C)O)C(C)=CCC12,CC(C)=CCC/C(C)=C/CC/C(C)=C/CC/C(C)=C/CC/C(C)=C/COP(=O)([O-])OP(=O)([O-])[O-]>>CC(C)=CCC[C@H](C)[C@H]1CC[C@]2(C)C[C@H]3[C@H](CC[C@@]3(C)O)/C(C)=C\C[C@@H]12,True,C25_GFPP_like::MARTS_RXN_4abf2f089372495a
MARTS_RXN_8551b0818261b1a3,CC(C)=CCCC(C)=CCCC(C)=CCCC(C)=CCCC(C)=CCOP(=O)([O-])OP(=O)([O-])[O-]>>CC(C)C1CC=C2CC34C(C)CCC5C(C)CCC5(C3C)C4CC21C,CC(C)=CCC/C(C)=C/CC/C(C)=C/CC/C(C)=C/CC/C(C)=C/COP(=O)([O-])OP(=O)([O-])[O-]>>CC(C)[C@H]1CC=C2CC34C(C)C5(CC[C@H](C)[C@@H]5CC[C@@H]3C)[C@@H]4C[C@@]21C,False,C25_GFPP_like::MARTS_RXN_055064ae05a5ffc0
MARTS_RXN_90bccccecf9cfb07,CC(C)=CCCC(C)=CCCC(C)=CCCC(C)=CCCC(C)=CCOP(=O)([O-])OP(=O)([O-])[O-]>>CC(C)C1CCC2(C)CC(C)C3(O)CCC4C5CCC4(C)C(CC12)C53C,CC(C)=CCC/C(C)=C/CC/C(C)=C/CC/C(C)=C/CC/C(C)=C/COP(=O)([O-])OP(=O)([O-])[O-]>>CC(C)[C@@H]1CC[C@]2(C)C[C@H](C)[C@@]3(O)CC[C@@H]4[C@H]5CC[C@]4(C)[C@H](C[C@@H]12)[C@]53C,False,C25_GFPP_like::MARTS_RXN_90bccccecf9cfb07
MARTS_RXN_6cb73ebd30231f0f,CC(C)=CCCC(C)=CCCC(C)=CCCC(C)=CCCC(C)=CCOP(=O)([O-])OP(=O)([O-])[O-]>>CC(C)C1CCC2(C)CC3C(C)CCC45C(C)CCC4C5(C)C3(O)CC12,CC(C)=CCC/C(C)=C/CC/C(C)=C/CC/C(C)=C/CC/C(C)=C/COP(=O)([O-])OP(=O)([O-])[O-]>>CC(C)[C@H]1CC[C@]2(C)C[C@@H]3[C@@H](C)CC[C@@]45[C@@H](CC[C@@H]4C)[C@]5(C)[C@@]3(O)C[C@@H]12,True,C25_GFPP_like::MARTS_RXN_6cb73ebd30231f0f
MARTS_RXN_4ceba15356bf3b90,CC(C)=CCCC(C)=CCCC(C)=CCCC(C)=CCCC(C)=CCOP(=O)([O-])OP(=O)([O-])[O-]>>CC(C)C1CCC2(C)CCC3(C)C=C4C(CC5(C)CCCC45C)C3C12,CC(C)=CCC/C(C)=C/CC/C(C)=C/CC/C(C)=C/CC/C(C)=C/COP(=O)([O-])OP(=O)([O-])[O-]>>CC(C)[C@H]1CC[C@@]2(C)CC[C@]3(C)C=C4[C@H](C[C@]5(C)CCC[C@]45C)[C@H]3[C@H]12,False,C25_GFPP_like::MARTS_RXN_4ceba15356bf3b90
MARTS_RXN_fa0e122a530ffc89,CC(C)=CCCC(C)=CCCC(C)=CCCC(C)=CCCC(C)=CCOP(=O)([O-])OP(=O)([O-])[O-]>>CC(C)C1CCC2(C)CCC3(C)CC4C(CC5(C)C6CC6C45C)C3C12,CC(C)=CCC/C(C)=C/CC/C(C)=C/CC/C(C)=C/CC/C(C)=C/COP(=O)([O-])OP(=O)([O-])[O-]>>CC(C)[C@H]1CC[C@@]2(C)CC[C@]3(C)C[C@H]4[C@H](C[C@]5(C)[C@H]6C[C@H]6[C@]45C)[C@H]3[C@H]12,False,C25_GFPP_like::MARTS_RXN_76627c4c8e958b6b
MARTS_RXN_76627c4c8e958b6b,CC(C)=CCCC(C)=CCCC(C)=CCCC(C)=CCCC(C)=CCOP(=O)([O-])OP(=O)([O-])[O-]>>CC(C)C1CCC2(C)CCC3(C)CC4C(CC5(C)C=CCC45C)C3C12,CC(C)=CCC/C(C)=C/CC/C(C)=C/CC/C(C)=C/CC/C(C)=C/COP(=O)([O-])OP(=O)([O-])[O-]>>CC(C)[C@H]1CC[C@@]2(C)CC[C@]3(C)C[C@H]4[C@H](C[C@]5(C)C=CC[C@]45C)[C@H]3[C@H]12,False,C25_GFPP_like::MARTS_RXN_76627c4c8e958b6b
MARTS_RXN_54f511ec76329856,CC(C)=CCCC(C)=CCCC(C)=CCCC(C)=CCCC(C)=CCOP(=O)([O-])OP(=O)([O-])[O-]>>CC(C)C1CCC2(C)CCC3(C)CC4C5=CCC(C)(C)C5CC4C3C12,CC(C)=CCC/C(C)=C/CC/C(C)=C/CC/C(C)=C/CC/C(C)=C/COP(=O)([O-])OP(=O)([O-])[O-]>>CC(C)[C@H]1CC[C@@]2(C)CC[C@]3(C)C[C@@H]4C5=CCC(C)(C)C5C[C@@H]4[C@H]3[C@H]12,False,C25_GFPP_like::MARTS_RXN_54f511ec76329856
MARTS_RXN_27964350d2e04d49,CC(C)=CCCC(C)=CCCC(C)=CCCC(C)=CCCC(C)=CCOP(=O)([O-])OP(=O)([O-])[O-]>>CC(C)C1CCC2(C)CCC3(C)CC4C5=CCC(C)C5(C)CC4C3C12,CC(C)=CCC/C(C)=C/CC/C(C)=C/CC/C(C)=C/CC/C(C)=C/COP(=O)([O-])OP(=O)([O-])[O-]>>CC(C)[C@H]1CC[C@@]2(C)CC[C@]3(C)C[C@@H]4C5=CC[C@H](C)[C@@]5(C)C[C@@H]4[C@H]3[C@H]12,False,C25_GFPP_like::MARTS_RXN_0e80c1eb7cd88556
MARTS_RXN_a1bdb236418d6df7,CC(C)=CCCC(C)=CCCC(C)=CCCC(C)=CCCC(C)=CCOP(=O)([O-])OP(=O)([O-])[O-]>>CC(C)C1CCC2(C)CCC3(C)CCC4C5CCC4(C)C(=CC12)C53C,CC(C)=CCC/C(C)=C/CC/C(C)=C/CC/C(C)=C/CC/C(C)=C/COP(=O)([O-])OP(=O)([O-])[O-]>>CC(C)[C@@H]1CC[C@]2(C)CCC3(C)CC[C@@H]4[C@H]5CC[C@]4(C)C(=C[C@@H]12)[C@]53C,False,C25_GFPP_like::MARTS_RXN_a1bdb236418d6df7
MARTS_RXN_055064ae05a5ffc0,CC(C)=CCCC(C)=CCCC(C)=CCCC(C)=CCCC(C)=CCOP(=O)([O-])OP(=O)([O-])[O-]>>CC(C)C1CCC2=CC34C(C)CCC5C(C)CCC5(C3C)C4CC21C,CC(C)=CCC/C(C)=C/CC/C(C)=C/CC/C(C)=C/CC/C(C)=C/COP(=O)([O-])OP(=O)([O-])[O-]>>CC(C)[C@H]1CCC2=CC34C(C)C5(CC[C@H](C)[C@@H]5CC[C@@H]3C)[C@@H]4C[C@@]21C,False,C25_GFPP_like::MARTS_RXN_055064ae05a5ffc0
MARTS_RXN_f12698751b7a845b,CC(C)=CCCC(C)=CCCC(C)=CCCC(C)=CCCC(C)=CCOP(=O)([O-])OP(=O)([O-])[O-]>>CC1=C2CC3(C)CCC(C(C)C)C3CC2=C(C)C2CCC(C)C2CC1,CC(C)=CCC/C(C)=C/CC/C(C)=C/CC/C(C)=C/CC/C(C)=C/COP(=O)([O-])OP(=O)([O-])[O-]>>C/C1=C2\C[C@@]3(C)CC[C@H](C(C)C)[C@@H]3C\C2=C(/C)[C@@H]2CC[C@H](C)[C@H]2CC1,False,C25_GFPP_like::MARTS_RXN_247c337c8f6561fa
MARTS_RXN_aaa305f17a3010cd,CC(C)=CCCC(C)=CCCC(C)=CCCC(C)=CCCC(C)=CCOP(=O)([O-])OP(=O)([O-])[O-]>>CC1=C2CC3(C)CCC(C(C)C)C3CC2C(C)=C2CCC(C)C2CC1,CC(C)=CCC/C(C)=C/CC/C(C)=C/CC/C(C)=C/CC/C(C)=C/COP(=O)([O-])OP(=O)([O-])[O-]>>C/C1=C2\C[C@@]3(C)CC[C@H](C(C)C)[C@@H]3C[C@H]2/C(C)=C2/CC[C@H](C)[C@@H]2CC1,False,C25_GFPP_like::MARTS_RXN_3bed24cf1ac1aa2f
MARTS_RXN_6cb70f33ff8f2598,CC(C)=CCCC(C)=CCCC(C)=CCCC(C)=CCCC(C)=CCOP(=O)([O-])OP(=O)([O-])[O-]>>CC1=C2CC3(C)CCC(C(C)C)C3CC2C23CCC(C)C2CCC13C,CC(C)=CCC/C(C)=C/CC/C(C)=C/CC/C(C)=C/CC/C(C)=C/COP(=O)([O-])OP(=O)([O-])[O-]>>CC1=C2C[C@]3(C)CC[C@@H](C(C)C)[C@H]3C[C@@H]2[C@@]23CC[C@@H](C)[C@@H]2CC[C@@]13C,True,C25_GFPP_like::MARTS_RXN_6cb70f33ff8f2598
MARTS_RXN_847847d0fdd7c666,CC(C)=CCCC(C)=CCCC(C)=CCCC(C)=CCCC(C)=CCOP(=O)([O-])OP(=O)([O-])[O-]>>CC1=C2CC3(C)CCC4(C)CCC(C(C)C)C4C3C3CC3(C)C2CC1,CC(C)=CCC/C(C)=C/CC/C(C)=C/CC/C(C)=C/CC/C(C)=C/COP(=O)([O-])OP(=O)([O-])[O-]>>CC1=C2C[C@@]3(C)CC[C@]4(C)CC[C@H](C(C)C)[C@H]4[C@@H]3[C@H]3C[C@@]3(C)[C@@H]2CC1,True,C25_GFPP_like::MARTS_RXN_847847d0fdd7c666
MARTS_RXN_95048e61f00d66c0,CC(C)=CCCC(C)=CCCC(C)=CCCC(C)=CCCC(C)=CCOP(=O)([O-])OP(=O)([O-])[O-]>>CC1=C2CC3C(C(C)C)CCC3(C)CC2C2(C)CCC3C(C)CCC132,CC(C)=CCC/C(C)=C/CC/C(C)=C/CC/C(C)=C/CC/C(C)=C/COP(=O)([O-])OP(=O)([O-])[O-]>>CC1=C2C[C@H]3[C@@H](C(C)C)CC[C@]3(C)C[C@@H]2[C@]2(C)CC[C@H]3[C@H](C)CC[C@]132,False,C25_GFPP_like::MARTS_RXN_95048e61f00d66c0
MARTS_RXN_d91651d1ef35b667,CC(C)=CCCC(C)=CCCC(C)=CCCC(C)=CCCC(C)=CCOP(=O)([O-])OP(=O)([O-])[O-]>>CC1=C2CCC(C)C2CCC(C)C2=CC3(C)CCC(C(C)C)C3CC21,CC(C)=CCC/C(C)=C/CC/C(C)=C/CC/C(C)=C/CC/C(C)=C/COP(=O)([O-])OP(=O)([O-])[O-]>>CC1=C2CC[C@H](C)[C@@H]2CC[C@@H](C)C2=C[C@@]3(C)CC[C@@H](C(C)C)[C@@H]3C[C@@H]21,False,C25_GFPP_like::MARTS_RXN_d91651d1ef35b667
MARTS_RXN_8b23f9ebbcd45812,CC(C)=CCCC(C)=CCCC(C)=CCCC(C)=CCCC(C)=CCOP(=O)([O-])OP(=O)([O-])[O-]>>CC1=C2CCC(C)C2CCC(C)C2CC3(C)CCC(C(C)C)C3CC12O,CC(C)=CCC/C(C)=C/CC/C(C)=C/CC/C(C)=C/CC/C(C)=C/COP(=O)([O-])OP(=O)([O-])[O-]>>C/C1=C2\CC[C@@H](C)[C@@H]2CC[C@H](C)[C@H]2C[C@@]3(C)CC[C@H](C(C)C)[C@@H]3C[C@]12O,True,C25_GFPP_like::MARTS_RXN_3bed24cf1ac1aa2f
MARTS_RXN_71aa03bcb508917c,CC(C)=CCCC(C)=CCCC(C)=CCCC(C)=CCCC(C)=CCOP(=O)([O-])OP(=O)([O-])[O-]>>CC1=CC2C3C(C(C)C)CCC3(C)CCC2(C)CCC2C1=CCC2C,CC(C)=CCC/C(C)=C/CC/C(C)=C/CC/C(C)=C/CC/C(C)=C/COP(=O)([O-])OP(=O)([O-])[O-]>>C/C1=C/[C@@H]2[C@H]3[C@@H](C(C)C)CC[C@]3(C)CC[C@@]2(C)CC[C@H]2C1=CC[C@H]2C,False,C25_GFPP_like::MARTS_RXN_71aa03bcb508917c
MARTS_RXN_5834b8bc5c28c360,CC(C)=CCCC(C)=CCCC(C)=CCCC(C)=CCCC(C)=CCOP(=O)([O-])OP(=O)([O-])[O-]>>CC1=CCC2(C)CCC(C(C)C)C2C=CC(C)=C2CCC(C)C2CC1,CC(C)=CCC/C(C)=C/CC/C(C)=C/CC/C(C)=C/CC/C(C)=C/COP(=O)([O-])OP(=O)([O-])[O-]>>C/C1=C\C[C@@]2(C)CC[C@H](C(C)C)[C@@H]2/C=C/C(C)=C2\CC[C@@H](C)[C@H]2CC1,False,C25_GFPP_like::MARTS_RXN_5834b8bc5c28c360
MARTS_RXN_ecb0de88d8e06b4c,CC(C)=CCCC(C)=CCCC(C)=CCCC(C)=CCCC(C)=CCOP(=O)([O-])OP(=O)([O-])[O-]>>CC1=CCC2(C)CCC(C(C)C)C2CC=C(C)C(O)CCC(C)=CCC1,CC(C)=CCC/C(C)=C/CC/C(C)=C/CC/C(C)=C/CC/C(C)=C/COP(=O)([O-])OP(=O)([O-])[O-]>>C/C1=C\C[C@]2(C)CC[C@@H](C(C)C)[C@H]2C/C=C(\C)[C@@H](O)CC/C(C)=C/CC1,False,C25_GFPP_like::MARTS_RXN_033964ff02d82d4e
MARTS_RXN_86983edabe8ca28b,CC(C)=CCCC(C)=CCCC(C)=CCCC(C)=CCCC(C)=CCOP(=O)([O-])OP(=O)([O-])[O-]>>CC1=CCC2(C)CCC(C(C)C)C2CC=C(C)C2=C(CC1)C(C)CC2,CC(C)=CCC/C(C)=C/CC/C(C)=C/CC/C(C)=C/CC/C(C)=C/COP(=O)([O-])OP(=O)([O-])[O-]>>C/C1=C\C[C@@]2(C)CC[C@H](C(C)C)[C@@H]2C/C=C(\C)C2=C(CC1)[C@H](C)CC2,False,C25_GFPP_like::MARTS_RXN_033964ff02d82d4e
MARTS_RXN_033964ff02d82d4e,CC(C)=CCCC(C)=CCCC(C)=CCCC(C)=CCCC(C)=CCOP(=O)([O-])OP(=O)([O-])[O-]>>CC1=CCC2(C)CCC(C(C)C)C2CC=C(C)C2=CCC(C)C2CC1,CC(C)=CCC/C(C)=C/CC/C(C)=C/CC/C(C)=C/CC/C(C)=C/COP(=O)([O-])OP(=O)([O-])[O-]>>C/C1=C/C[C@H]2[C@@H](C(C)C)CC[C@]2(C)C/C=C(\C)CC[C@H]2C1=CC[C@H]2C,False,C25_GFPP_like::MARTS_RXN_033964ff02d82d4e
MARTS_RXN_eec1da2d17062901,CC(C)=CCCC(C)=CCCC(C)=CCCC(C)=CCCC(C)=CCOP(=O)([O-])OP(=O)([O-])[O-]>>CC1=CCC2(C)CCC(C(C)C)C2CC=C(C)C2CCC(C)=C2CC1,CC(C)=CCC/C(C)=C/CC/C(C)=C/CC/C(C)=C/CC/C(C)=C/COP(=O)([O-])OP(=O)([O-])[O-]>>CC1=C2CC/C(C)=C/C[C@@]3(C)CC[C@@H](C(C)C)[C@@H]3C/C=C(\C)[C@@H]2CC1,False,C25_GFPP_like::MARTS_RXN_033964ff02d82d4e
MARTS_RXN_90222bd6d2549cad,CC(C)=CCCC(C)=CCCC(C)=CCCC(C)=CCCC(C)=CCOP(=O)([O-])OP(=O)([O-])[O-]>>CC1=CCC2(C)CCC(C(C)C)C2CC=C(C)C2CCC(C)C2=CC1,CC(C)=CCC/C(C)=C/CC/C(C)=C/CC/C(C)=C/CC/C(C)=C/COP(=O)([O-])OP(=O)([O-])[O-]>>C/C1=C/C[C@@H]2[C@H](C(C)C)CC[C@@]2(C)C/C=C(\C)C/C=C2\[C@@H](C)CC[C@@H]12,True,C25_GFPP_like::MARTS_RXN_033964ff02d82d4e
MARTS_RXN_4016ec72d95af8ca,CC(C)=CCCC(C)=CCCC(C)=CCCC(C)=CCCC(C)=CCOP(=O)([O-])OP(=O)([O-])[O-]>>CC1=CCC2C(=C(C)C3CC4C(C(C)C)CCC4(C)CC13)CCC2C,CC(C)=CCC/C(C)=C/CC/C(C)=C/CC/C(C)=C/CC/C(C)=C/COP(=O)([O-])OP(=O)([O-])[O-]>>CC1=CC[C@@H]2C(=C(C)[C@H]3C[C@H]4[C@H](C(C)C)CC[C@]4(C)C[C@H]13)CC[C@@H]2C,False,C25_GFPP_like::MARTS_RXN_3bed24cf1ac1aa2f
MARTS_RXN_c82f9ce748cd25cd,CC(C)=CCCC(C)=CCCC(C)=CCCC(C)=CCCC(C)=CCOP(=O)([O-])OP(=O)([O-])[O-]>>CC1=CCC2C(C(C)C)CCC2(C)CC=C(C)CCC=C(C)CC=C1,CC(C)=CCC/C(C)=C/CC/C(C)=C/CC/C(C)=C/CC/C(C)=C/COP(=O)([O-])OP(=O)([O-])[O-]>>CC1=CCC2[C@H](C(C)C)CC[C@@]2(C)CC=C(C)CCC=C(C)CC=C1,False,C25_GFPP_like::MARTS_RXN_033964ff02d82d4e
MARTS_RXN_16e609c93e52c631,CC(C)=CCCC(C)=CCCC(C)=CCCC(C)=CCCC(C)=CCOP(=O)([O-])OP(=O)([O-])[O-]>>CC1=CCC2C3CC4(C)CCC5(C)CCC(C(C)C)C5C4C3CC12C,CC(C)=CCC/C(C)=C/CC/C(C)=C/CC/C(C)=C/CC/C(C)=C/COP(=O)([O-])OP(=O)([O-])[O-]>>CC1=CCC2[C@H]3C[C@@]4(C)CC[C@]5(C)CC[C@H](C(C)C)[C@H]5[C@@H]4[C@H]3C[C@]12C,False,C25_GFPP_like::MARTS_RXN_0e80c1eb7cd88556
MARTS_RXN_b72409fe507d2e20,CC(C)=CCCC(C)=CCCC(C)=CCCC(C)=CCCC(C)=CCOP(=O)([O-])OP(=O)([O-])[O-]>>CC1=CCCC(C)C12CCC(C)C1CC3(C)CCC(C(C)C)=C3CC12,CC(C)=CCC/C(C)=C/CC/C(C)=C/CC/C(C)=C/CC/C(C)=C/COP(=O)([O-])OP(=O)([O-])[O-]>>CC1=CCC[C@H](C)[C@@]12CC[C@H](C)[C@H]1C[C@@]3(C)CCC(C(C)C)=C3CC12,False,C25_GFPP_like::MARTS_RXN_2d4d4df1341bbfa9
MARTS_RXN_2d4d4df1341bbfa9,CC(C)=CCCC(C)=CCCC(C)=CCCC(C)=CCCC(C)=CCOP(=O)([O-])OP(=O)([O-])[O-]>>CC1=CCCC(C)C12CCC(C)C1CC3(C)CCC(C(C)C)C3=CC12,CC(C)=CCC/C(C)=C/CC/C(C)=C/CC/C(C)=C/CC/C(C)=C/COP(=O)([O-])OP(=O)([O-])[O-]>>CC1=CCC[C@H](C)[C@@]12CC[C@H](C)[C@H]1C[C@@]3(C)CC[C@H](C(C)C)C3=CC12,False,C25_GFPP_like::MARTS_RXN_2d4d4df1341bbfa9
MARTS_RXN_66d9eb264140e204,CC(C)=CCCC(C)=CCCC(C)=CCCC(C)=CCCC(C)=CCOP(=O)([O-])OP(=O)([O-])[O-]>>CC1=CCCC(C)C12CCC(C)C1CC3(C)CCC(C(C)C)C3C=C12,CC(C)=CCC/C(C)=C/CC/C(C)=C/CC/C(C)=C/CC/C(C)=C/COP(=O)([O-])OP(=O)([O-])[O-]>>CC1=CCC[C@H](C)[C@@]12CC[C@H](C)[C@H]1C[C@@]3(C)CC[C@H](C(C)C)[C@@H]3C=C12,False,C25_GFPP_like::MARTS_RXN_66d9eb264140e204
MARTS_RXN_adaa04b0745b6675,CC(C)=CCCC(C)=CCCC(C)=CCCC(C)=CCCC(C)=CCOP(=O)([O-])OP(=O)([O-])[O-]>>CC1CCC23C(C)CCC2C3(C)C2=C1CC1(C)CCC(C(C)C)C1C2,CC(C)=CCC/C(C)=C/CC/C(C)=C/CC/C(C)=C/CC/C(C)=C/COP(=O)([O-])OP(=O)([O-])[O-]>>CC(C)[C@@H]1CC[C@@]2(C)CC3=C(C[C@H]12)[C@]1(C)[C@H]2CC[C@@H](C)[C@]21CC[C@H]3C,True,C25_GFPP_like::MARTS_RXN_adaa04b0745b6675
MARTS_RXN_e778d2d951ff1345,CC(C)=CCCC(C)=CCCC(C)=CCCC(C)=CCOP(=O)([O-])OP(=O)([O-])[O-]>>C=C(C)C12CCCC1C(C)(CCC(C)=CCOP(=O)([O-])OP(=O)([O-])[O-])C(C)CC2,CC(C)=CCC/C(C)=C/CC/C(C)=C/CC/C(C)=C/COP(=O)([O-])OP(=O)([O-])[O-]>>C=C(C)[C@]12CCCC1[C@](C)(CC/C(C)=C/COP(=O)([O-])OP(=O)([O-])[O-])[C@H](C)CC2,False,C20_GGPP_like::MARTS_RXN_e778d2d951ff1345
MARTS_RXN_380c83705f05e5c5,CC(C)=CCCC(C)=CCCC(C)=CCCC(C)=CCOP(=O)([O-])OP(=O)([O-])[O-]>>C=C(C)C1=CCC(C)=CCCC(C)=CCCC(C)=CC1,CC(C)=CCC/C(C)=C/CC/C(C)=C/CC/C(C)=C/COP(=O)([O-])OP(=O)([O-])[O-]>>C=C(C)/C1=C\C/C(C)=C/CC/C(C)=C/CC/C(C)=C/C1,False,C20_GGPP_like::MARTS_RXN_0d6dcf3090a1cf2e
MARTS_RXN_baa96a7e0621b577,CC(C)=CCCC(C)=CCCC(C)=CCCC(C)=CCOP(=O)([O-])OP(=O)([O-])[O-]>>C=C(C)C1CC=C(C)CCC=C(C)CCC=C(C)CC1,CC(C)=CCC/C(C)=C/CC/C(C)=C/CC/C(C)=C/COP(=O)([O-])OP(=O)([O-])[O-]>>C=C(C)C1C/C=C(\C)CC/C=C(\C)CC/C=C(\C)CC1,True,C20_GGPP_like::MARTS_RXN_56f1be1c880d5e55
MARTS_RXN_df3107f9c1032e3d,CC(C)=CCCC(C)=CCCC(C)=CCCC(C)=CCOP(=O)([O-])OP(=O)([O-])[O-]>>C=C(C)C1CCC(C)C2CCC(=C)C3CCC3(C)CC12,CC(C)=CCC/C(C)=C/CC/C(C)=C/CC/C(C)=C/COP(=O)([O-])OP(=O)([O-])[O-]>>C=C(C)C1CCC(C)C2CCC(=C)C3CCC3(C)CC12,False,C20_GGPP_like::MARTS_RXN_df3107f9c1032e3d
MARTS_RXN_c29f1cca3044ee37,CC(C)=CCCC(C)=CCCC(C)=CCCC(C)=CCOP(=O)([O-])OP(=O)([O-])[O-]>>C=C(C)C1CCC(C)C2CCC(C)=CCCC(C)=CC12,CC(C)=CCC/C(C)=C/CC/C(C)=C/CC/C(C)=C/COP(=O)([O-])OP(=O)([O-])[O-]>>C=C(C)[C@@H]1CC[C@H](C)[C@H]2CC/C(C)=C/CC/C(C)=C/[C@H]21,False,C20_GGPP_like::MARTS_RXN_c29f1cca3044ee37
MARTS_RXN_4f0796dda836bdc5,CC(C)=CCCC(C)=CCCC(C)=CCCC(C)=CCOP(=O)([O-])OP(=O)([O-])[O-]>>C=C(C)C1CCC2(C)CC3C(=C)CCCC3(C)CCC12,CC(C)=CCC/C(C)=C/CC/C(C)=C/CC/C(C)=C/COP(=O)([O-])OP(=O)([O-])[O-]>>C=C(C)[C@@H]1CC[C@@]2(C)C[C@H]3C(=C)CCC[C@]3(C)CC[C@H]12,False,C20_GGPP_like::MARTS_RXN_4f0796dda836bdc5
MARTS_RXN_efd2739d909f2991,CC(C)=CCCC(C)=CCCC(C)=CCCC(C)=CCOP(=O)([O-])OP(=O)([O-])[O-]>>C=C(C)C1CCC2(C)CC=C(C)CCC=C(C)CC=C12,CC(C)=CCC/C(C)=C/CC/C(C)=C/CC/C(C)=C/COP(=O)([O-])OP(=O)([O-])[O-]>>C=C(C)[C@@H]1CC[C@@]2(C)CC=C(C)CCC=C(C)C/C=C\12,False,C20_GGPP_like::MARTS_RXN_4fba5e08211844e3
MARTS_RXN_769df5ece0f33f46,CC(C)=CCCC(C)=CCCC(C)=CCCC(C)=CCOP(=O)([O-])OP(=O)([O-])[O-]>>C=C(C)C1CCC2(C)CC=C(C)CCC=C(C)CCC12,CC(C)=CCC/C(C)=C/CC/C(C)=C/CC/C(C)=C/COP(=O)([O-])OP(=O)([O-])[O-]>>C=C(C)[C@H]1CC[C@]2(C)C/C=C(\C)CC/C=C(\C)CC[C@@H]12,False,C20_GGPP_like::MARTS_RXN_4fba5e08211844e3
MARTS_RXN_66951c0e7ed9196f,CC(C)=CCCC(C)=CCCC(C)=CCCC(C)=CCOP(=O)([O-])OP(=O)([O-])[O-]>>C=C(C)C1CCC2(C)CCC(C)=CCCC(C)=CCC12,CC(C)=CCC/C(C)=C/CC/C(C)=C/CC/C(C)=C/COP(=O)([O-])OP(=O)([O-])[O-]>>C=C(C)[C@@H]1CC[C@]2(C)CC/C(C)=C/CC/C(C)=C/C[C@@H]12,False,C20_GGPP_like::MARTS_RXN_4fba5e08211844e3
MARTS_RXN_70b365bf61f0e7ea,CC(C)=CCCC(C)=CCCC(C)=CCCC(C)=CCOP(=O)([O-])OP(=O)([O-])[O-]>>C=C(C)C1CCC2(C)CCC(C)C3(CC=C(C)CC3)C12,CC(C)=CCC/C(C)=C/CC/C(C)=C/CC/C(C)=C/COP(=O)([O-])OP(=O)([O-])[O-]>>C=C(C)[C@H]1CC[C@]2(C)CC[C@@H](C)[C@]3(CC=C(C)CC3)[C@@H]12,True,C20_GGPP_like::MARTS_RXN_4fba5e08211844e3
MARTS_RXN_4959109219e54711,CC(C)=CCCC(C)=CCCC(C)=CCCC(C)=CCOP(=O)([O-])OP(=O)([O-])[O-]>>C=C(CCC=C(C)C)C1C2C(C)CCC2C2(C)CCC12,CC(C)=CCC/C(C)=C/CC/C(C)=C/CC/C(C)=C/COP(=O)([O-])OP(=O)([O-])[O-]>>C=C(CCC=C(C)C)[C@@H]1[C@@H]2[C@@H](CC[C@@H]2C)[C@]2(C)CC[C@H]12,False,C20_GGPP_like::MARTS_RXN_4959109219e54711
MARTS_RXN_318de1e2f8806642,CC(C)=CCCC(C)=CCCC(C)=CCCC(C)=CCOP(=O)([O-])OP(=O)([O-])[O-]>>C=C(CCC=C(C)C)C1CC=C(C)CCC=C(C)CC1,CC(C)=CCC/C(C)=C/CC/C(C)=C/CC/C(C)=C/COP(=O)([O-])OP(=O)([O-])[O-]>>C=C(CCC=C(C)C)C1C/C=C(\C)CC/C=C(\C)CC1,False,C20_GGPP_like::MARTS_RXN_318de1e2f8806642
MARTS_RXN_fd49ae10b01dfae9,CC(C)=CCCC(C)=CCCC(C)=CCCC(C)=CCOP(=O)([O-])OP(=O)([O-])[O-]>>C=C(CCC=C(C)C)C1CCC2(C)C3CCC(C)C3C12,CC(C)=CCC/C(C)=C/CC/C(C)=C/CC/C(C)=C/COP(=O)([O-])OP(=O)([O-])[O-]>>C=C(CCC=C(C)C)[C@H]1CC[C@]2(C)[C@H]1[C@@H]1[C@H]2CC[C@@H]1C,False,C20_GGPP_like::MARTS_RXN_4959109219e54711
MARTS_RXN_cda281fba2bde3f9,CC(C)=CCCC(C)=CCCC(C)=CCCC(C)=CCOP(=O)([O-])OP(=O)([O-])[O-]>>C=C(CCC=C(C)C)C1CCC2(C)CCCC(=C)C2C1,CC(C)=CCC/C(C)=C/CC/C(C)=C/CC/C(C)=C/COP(=O)([O-])OP(=O)([O-])[O-]>>C=C(CCC=C(C)C)[C@H]1CC[C@]2(C)CCCC(=C)[C@H]2C1,False,C20_GGPP_like::MARTS_RXN_193d44981939312b
MARTS_RXN_193d44981939312b,CC(C)=CCCC(C)=CCCC(C)=CCCC(C)=CCOP(=O)([O-])OP(=O)([O-])[O-]>>C=C(CCC=C(C)C)C1CCC2(C)CCCC(C)=C2C1,CC(C)=CCC/C(C)=C/CC/C(C)=C/CC/C(C)=C/COP(=O)([O-])OP(=O)([O-])[O-]>>C=C(CCC=C(C)C)[C@@H]1CC[C@@]2(C)CCCC(C)=C2C1,False,C20_GGPP_like::MARTS_RXN_193d44981939312b
MARTS_RXN_bf12f5d59166518d,CC(C)=CCCC(C)=CCCC(C)=CCCC(C)=CCOP(=O)([O-])OP(=O)([O-])[O-]>>C=C(CCC=C(C)CCC=C(C)C)C1CC=C(C)CC1,CC(C)=CCC/C(C)=C\CC/C(C)=C\CC/C(C)=C\COP(=O)([O-])OP(=O)([O-])[O-]>>C=C(CC/C=C(/C)CCC=C(C)C)C1CC=C(C)CC1,False,C20_GGPP_like::MARTS_RXN_1d852b407f95b2b1
MARTS_RXN_a3e15b2ae79d1153,CC(C)=CCCC(C)=CCCC(C)=CCCC(C)=CCOP(=O)([O-])OP(=O)([O-])[O-]>>C=C1C=C2C(CC1)C(C)CCC2C(C)CCC=C(C)C,CC(C)=CCC/C(C)=C/CC/C(C)=C/CC/C(C)=C/COP(=O)([O-])OP(=O)([O-])[O-]>>C=C1C=C2[C@H](CC1)[C@@H](C)CC[C@@H]2[C@@H](C)CCC=C(C)C,False,C20_GGPP_like::MARTS_RXN_a330ce4c40995688
MARTS_RXN_d1d507ef878dbc29,CC(C)=CCCC(C)=CCCC(C)=CCCC(C)=CCOP(=O)([O-])OP(=O)([O-])[O-]>>C=C1C=CC(C(C)CCC=C(C)CCC=C(C)C)CC1,CC(C)=CCC/C(C)=C/CC/C(C)=C/CC/C(C)=C/COP(=O)([O-])OP(=O)([O-])[O-]>>C=C1C=CC(C(C)CC/C=C(\C)CCC=C(C)C)CC1,False,C20_GGPP_like::MARTS_RXN_d1d507ef878dbc29
MARTS_RXN_accbb7c49b4731b0,CC(C)=CCCC(C)=CCCC(C)=CCCC(C)=CCOP(=O)([O-])OP(=O)([O-])[O-]>>C=C1CC2(C)CCCC3(C)CCC4C(C)CCC1C4C32,CC(C)=CCC/C(C)=C/CC/C(C)=C/CC/C(C)=C/COP(=O)([O-])OP(=O)([O-])[O-]>>C=C1C[C@@]2(C)CCC[C@@]3(C)CC[C@@H]4[C@H]([C@@H]32)[C@H]1CC[C@H]4C,False,C20_GGPP_like::MARTS_RXN_561d9f61c555bf15
MARTS_RXN_324ed07f2f6e2223,CC(C)=CCCC(C)=CCCC(C)=CCCC(C)=CCOP(=O)([O-])OP(=O)([O-])[O-]>>C=C1CC23CCC4C(C)(C)CCCC4(C)C2CCC1C3,CC(C)=CCC/C(C)=C/CC/C(C)=C/CC/C(C)=C/COP(=O)([O-])OP(=O)([O-])[O-]>>C=C1C[C@@]23CC[C@@H]4C(C)(C)CCC[C@@]4(C)[C@@H]2CC[C@@H]1C3,False,C20_GGPP_like::MARTS_RXN_2f18d5d70489a2db
MARTS_RXN_2d848cafa6c3ce23,CC(C)=CCCC(C)=CCCC(C)=CCCC(C)=CCOP(=O)([O-])OP(=O)([O-])[O-]>>C=C1CCC(C(C)C)C12CCC1(C)C3CCC(C)C3C12,CC(C)=CCC/C(C)=C/CC/C(C)=C/CC/C(C)=C/COP(=O)([O-])OP(=O)([O-])[O-]>>C=C1CCC(C(C)C)[C@@]12CCC1(C)C3CCC(C)C3C12,False,C20_GGPP_like::MARTS_RXN_2d848cafa6c3ce23
MARTS_RXN_029b92fe95def7ba,CC(C)=CCCC(C)=CCCC(C)=CCCC(C)=CCOP(=O)([O-])OP(=O)([O-])[O-]>>C=C1CCC(C(C)C)C2C=C(C)CCC=C(C)CCC12,CC(C)=CCC/C(C)=C/CC/C(C)=C/CC/C(C)=C/COP(=O)([O-])OP(=O)([O-])[O-]>>C=C1CC[C@@H](C(C)C)[C@H]2/C=C(/C)CC/C=C(\C)CC[C@H]12,False,C20_GGPP_like::MARTS_RXN_029b92fe95def7ba
MARTS_RXN_0429f79d54e93205,CC(C)=CCCC(C)=CCCC(C)=CCCC(C)=CCOP(=O)([O-])OP(=O)([O-])[O-]>>C=C1CCC2=C(C(C)C)CCC2(C)CC2C(C)CCC12,CC(C)=CCC/C(C)=C/CC/C(C)=C/CC/C(C)=C/COP(=O)([O-])OP(=O)([O-])[O-]>>C=C1CCC2=C(C(C)C)CC[C@@]2(C)C[C@@H]2[C@H](C)CC[C@@H]12,True,C20_GGPP_like::MARTS_RXN_0429f79d54e93205
MARTS_RXN_bbce0c9a00867f6f,CC(C)=CCCC(C)=CCCC(C)=CCCC(C)=CCOP(=O)([O-])OP(=O)([O-])[O-]>>C=C1CCC2C(C)(C)CCCC2(C)C1CCC(C)=CCOP(=O)([O-])OP(=O)([O-])[O-],CC(C)=CCC/C(C)=C/CC/C(C)=C/CC/C(C)=C/COP(=O)([O-])OP(=O)([O-])[O-]>>C=C1CC[C@@H]2C(C)(C)CCC[C@@]2(C)[C@@H]1CC/C(C)=C/COP(=O)([O-])OP(=O)([O-])[O-],True,C20_GGPP_like::MARTS_RXN_00588b0f0a754835
MARTS_RXN_0fa82c3b7c55ea30,CC(C)=CCCC(C)=CCCC(C)=CCCC(C)=CCOP(=O)([O-])OP(=O)([O-])[O-]>>C=C1CCC2C(C)CCC(C(=C)C)C2C2C(C)CCC12,CC(C)=CCC/C(C)=C/CC/C(C)=C/CC/C(C)=C/COP(=O)([O-])OP(=O)([O-])[O-]>>C=C(C)[C@@H]1CC[C@@H](C)[C@@H]2CCC(=C)[C@@H]3CC[C@H](C)[C@@H]3[C@H]21,False,C20_GGPP_like::MARTS_RXN_0fa82c3b7c55ea30
MARTS_RXN_9864ce62f34c27cb,CC(C)=CCCC(C)=CCCC(C)=CCCC(C)=CCOP(=O)([O-])OP(=O)([O-])[O-]>>C=C1CCC=C(C)CC=C2C(C(C)C)CCC2(C)CC1,CC(C)=CCC/C(C)=C/CC/C(C)=C/CC/C(C)=C/COP(=O)([O-])OP(=O)([O-])[O-]>>C=C1CC/C=C(\C)C/C=C2\[C@@H](C(C)C)CC[C@]2(C)CC1,False,C20_GGPP_like::MARTS_RXN_9864ce62f34c27cb
MARTS_RXN_c7f62ba677aef5ac,CC(C)=CCCC(C)=CCCC(C)=CCCC(C)=CCOP(=O)([O-])OP(=O)([O-])[O-]>>C=C1CCC=C(C)CCC(C)(CCC=C(C)C)C2CC12,CC(C)=CCC/C(C)=C/CC/C(C)=C/CC/C(C)=C/COP(=O)([O-])OP(=O)([O-])[O-]>>C=C1CC/C=C(\C)CC[C@@](C)(CCC=C(C)C)[C@@H]2C[C@@H]12,False,C20_GGPP_like::MARTS_RXN_6b2dcf26c8922a57
MARTS_RXN_be324f8633fc718b,CC(C)=CCCC(C)=CCCC(C)=CCCC(C)=CCOP(=O)([O-])OP(=O)([O-])[O-]>>C=C1CCC=C(C)CCC2C1CC1(C)CCC(C)(C)C21,CC(C)=CCC/C(C)=C/CC/C(C)=C/CC/C(C)=C/COP(=O)([O-])OP(=O)([O-])[O-]>>C=C1CC/C=C(\C)CC[C@@H]2C1C[C@@]1(C)CCC(C)(C)[C@@H]21,False,C20_GGPP_like::MARTS_RXN_0feaca316b3fb310
MARTS_RXN_a78f2392f8c21c04,CC(C)=CCCC(C)=CCCC(C)=CCCC(C)=CCOP(=O)([O-])OP(=O)([O-])[O-]>>C=C1CCC=C(C)CCC2C1CC2(C)CCC=C(C)C,CC(C)=CCC/C(C)=C/CC/C(C)=C/CC/C(C)=C/COP(=O)([O-])OP(=O)([O-])[O-]>>C=C1CCC=C(C)CC[C@H]2[C@H]1C[C@]2(C)CCC=C(C)C,False,C20_GGPP_like::MARTS_RXN_6b2dcf26c8922a57
MARTS_RXN_86ce128d7d61cd1d,CC(C)=CCCC(C)=CCCC(C)=CCCC(C)=CCOP(=O)([O-])OP(=O)([O-])[O-]>>C=C1CCCC(C)=CCC2CCC(C)=C(CC1)C2(C)C,CC(C)=CCC/C(C)=C/CC/C(C)=C/CC/C(C)=C/COP(=O)([O-])OP(=O)([O-])[O-]>>C=C1CCC/C(C)=C/C[C@@H]2CCC(C)=C(CC1)C2(C)C,False,C20_GGPP_like::MARTS_RXN_0b0f5e083f773cac
MARTS_RXN_4d9779092922e63a,CC(C)=CCCC(C)=CCCC(C)=CCCC(C)=CCOP(=O)([O-])OP(=O)([O-])[O-]>>C=C1CCCC2(C)CCC3(C)C(C)CCC4CC1C2C43,CC(C)=CCC/C(C)=C/CC/C(C)=C/CC/C(C)=C/COP(=O)([O-])OP(=O)([O-])[O-]>>C=C1CCC[C@@]2(C)CC[C@]3(C)[C@H]4[C@@H](CC[C@H]3C)C[C@H]1[C@H]42,False,C20_GGPP_like::MARTS_RXN_4d9779092922e63a
MARTS_RXN_8d7f7dd54117072a,CC(C)=CCCC(C)=CCCC(C)=CCCC(C)=CCOP(=O)([O-])OP(=O)([O-])[O-]>>C=C1CCCC2(C)CCC3(C)CCC(C(C)(C)O)C3CC12,CC(C)=CCC/C(C)=C/CC/C(C)=C/CC/C(C)=C/COP(=O)([O-])OP(=O)([O-])[O-]>>C=C1CCC[C@]2(C)CC[C@@]3(C)CC[C@@H](C(C)(C)O)[C@@H]3C[C@@H]12,False,C20_GGPP_like::MARTS_RXN_8d7f7dd54117072a
MARTS_RXN_3e20a5676626288a,CC(C)=CCCC(C)=CCCC(C)=CCCC(C)=CCOP(=O)([O-])OP(=O)([O-])[O-]>>C=C1CCCC2(C)CCC3=C(C(C)C)CCC3(C)CC12,CC(C)=CCC/C(C)=C/CC/C(C)=C/CC/C(C)=C/COP(=O)([O-])OP(=O)([O-])[O-]>>C=C1CCC[C@]2(C)CCC3=C(C(C)C)CC[C@]3(C)C[C@@H]12,True,C20_GGPP_like::MARTS_RXN_3e20a5676626288a
MARTS_RXN_f7cc3793e8fe05f4,CC(C)=CCCC(C)=CCCC(C)=CCCC(C)=CCOP(=O)([O-])OP(=O)([O-])[O-]>>C=CC(=C)CCC=C(C)CCC=C(C)CCC=C(C)C,CC(C)=CCC/C(C)=C/CC/C(C)=C/CC/C(C)=C/COP(=O)([O-])OP(=O)([O-])[O-]>>C=CC(=C)CC/C=C(\C)CC/C=C(\C)CCC=C(C)C,False,C20_GGPP_like::MARTS_RXN_618cb8d5f98f8d39
MARTS_RXN_618cb8d5f98f8d39,CC(C)=CCCC(C)=CCCC(C)=CCCC(C)=CCOP(=O)([O-])OP(=O)([O-])[O-]>>C=CC(C)(O)CCC=C(C)CCC=C(C)CCC=C(C)C,CC(C)=CCC/C(C)=C/CC/C(C)=C/CC/C(C)=C/COP(=O)([O-])OP(=O)([O-])[O-]>>C=CC(C)(O)CC/C=C(\C)CC/C=C(\C)CCC=C(C)C,True,C20_GGPP_like::MARTS_RXN_618cb8d5f98f8d39
MARTS_RXN_adb450f93ec6df77,CC(C)=CCCC(C)=CCCC(C)=CCCC(C)=CCOP(=O)([O-])OP(=O)([O-])[O-]>>C=CC(C)=CCC=C(C)CCC=C(C)CCC=C(C)C,CC(C)=CCC/C(C)=C/CC/C(C)=C/CC/C(C)=C/COP(=O)([O-])OP(=O)([O-])[O-]>>C=C/C(C)=C/C/C=C(\C)CC/C=C(\C)CCC=C(C)C,True,C20_GGPP_like::MARTS_RXN_618cb8d5f98f8d39
MARTS_RXN_29704a84d49c8b3b,CC(C)=CCCC(C)=CCCC(C)=CCCC(C)=CCOP(=O)([O-])OP(=O)([O-])[O-]>>CC(=CCO)CCC1C(C)(O)CCC2C(C)(C)CCCC21C,CC(C)=CCC/C(C)=C/CC/C(C)=C/CC/C(C)=C/COP(=O)([O-])OP(=O)([O-])[O-]>>C/C(=C\CO)CC[C@@H]1[C@@]2(C)CCCC(C)(C)[C@@H]2CC[C@@]1(C)O,False,C20_GGPP_like::MARTS_RXN_29704a84d49c8b3b
MARTS_RXN_5d8d9a77365d75b5,CC(C)=CCCC(C)=CCCC(C)=CCCC(C)=CCOP(=O)([O-])OP(=O)([O-])[O-]>>CC(=CCO)CCC1C(C)=CCC2C(C)(C)CCCC12C,CC(C)=CCC/C(C)=C/CC/C(C)=C/CC/C(C)=C/COP(=O)([O-])OP(=O)([O-])[O-]>>CC1=CC[C@H]2C(C)(C)CCC[C@]2(C)[C@H]1CC/C(C)=C/CO,False,C20_GGPP_like::MARTS_RXN_00588b0f0a754835
MARTS_RXN_76499a11d46582b6,CC(C)=CCCC(C)=CCCC(C)=CCCC(C)=CCOP(=O)([O-])OP(=O)([O-])[O-]>>CC(=CCOP(=O)([O-])OP(=O)([O-])[O-])CCC1(C)C(C)CC=C2C1CCCC2(C)C,CC(C)=CCC/C(C)=C/CC/C(C)=C/CC/C(C)=C/COP(=O)([O-])OP(=O)([O-])[O-]>>C/C(=C\COP(=O)([O-])OP(=O)([O-])[O-])CC[C@@]1(C)[C@@H]2CCCC(C)(C)C2=CC[C@@H]1C,False,C20_GGPP_like::MARTS_RXN_00588b0f0a754835
MARTS_RXN_9557d9c04ed3543b,CC(C)=CCCC(C)=CCCC(C)=CCCC(C)=CCOP(=O)([O-])OP(=O)([O-])[O-]>>CC(=CCOP(=O)([O-])OP(=O)([O-])[O-])CCC1(C)C(C)CCC2(C)C(C)=CCCC21,CC(C)=CCC/C(C)=C/CC/C(C)=C/CC/C(C)=C/COP(=O)([O-])OP(=O)([O-])[O-]>>CC1=CCC[C@H]2[C@](C)(CC/C(C)=C/COP(=O)([O-])OP(=O)([O-])[O-])[C@H](C)CC[C@]12C,True,C20_GGPP_like::MARTS_RXN_00588b0f0a754835
MARTS_RXN_9e53a73973061d2f,CC(C)=CCCC(C)=CCCC(C)=CCCC(C)=CCOP(=O)([O-])OP(=O)([O-])[O-]>>CC(=CCOP(=O)([O-])OP(=O)([O-])[O-])CCC1(O)C(C)CCC2C(C)(C)CCCC21C,CC(C)=CCC/C(C)=C/CC/C(C)=C/CC/C(C)=C/COP(=O)([O-])OP(=O)([O-])[O-]>>C/C(=C\COP(=O)([O-])OP(=O)([O-])[O-])CC[C@@]1(O)[C@H](C)CC[C@H]2C(C)(C)CCC[C@@]21C,False,C20_GGPP_like::MARTS_RXN_00588b0f0a754835
MARTS_RXN_e9ed9dc21c00f52b,CC(C)=CCCC(C)=CCCC(C)=CCCC(C)=CCOP(=O)([O-])OP(=O)([O-])[O-]>>CC(=CCOP(=O)([O-])OP(=O)([O-])[O-])CCC1=C(C)CCC2C(C)(C)CCCC12C,CC(C)=CCC/C(C)=C/CC/C(C)=C/CC/C(C)=C/COP(=O)([O-])OP(=O)([O-])[O-]>>CC1=C(CC/C(C)=C/COP(=O)([O-])OP(=O)([O-])[O-])[C@@]2(C)CCCC(C)(C)C2CC1,False,C20_GGPP_like::MARTS_RXN_00588b0f0a754835
MARTS_RXN_00588b0f0a754835,CC(C)=CCCC(C)=CCCC(C)=CCCC(C)=CCOP(=O)([O-])OP(=O)([O-])[O-]>>CC(=CCOP(=O)([O-])OP(=O)([O-])[O-])CCC1C(C)(O)CCC2C(C)(C)CCCC21C,CC(C)=CCC/C(C)=C/CC/C(C)=C/CC/C(C)=C/COP(=O)([O-])OP(=O)([O-])[O-]>>C/C(=C\COP(=O)([O-])OP(=O)([O-])[O-])CC[C@@H]1[C@@]2(C)CCCC(C)(C)[C@@H]2CC[C@@]1(C)O,True,C20_GGPP_like::MARTS_RXN_00588b0f0a754835
MARTS_RXN_ffdf938f67fac694,CC(C)=CCCC(C)=CCCC(C)=CCCC(C)=CCOP(=O)([O-])OP(=O)([O-])[O-]>>CC(=CCOP(=O)([O-])OP(=O)([O-])[O-])CCC1C(C)=CCC2C(C)(C)CCCC12C,CC(C)=CCC/C(C)=C/CC/C(C)=C/CC/C(C)=C/COP(=O)([O-])OP(=O)([O-])[O-]>>CC1=CC[C@H]2C(C)(C)CCC[C@]2(C)[C@H]1CC/C(C)=C/COP(=O)([O-])OP(=O)([O-])[O-],True,C20_GGPP_like::MARTS_RXN_00588b0f0a754835
MARTS_RXN_f5414ceb0f1f5ab4,CC(C)=CCCC(C)=CCCC(C)=CCCC(C)=CCOP(=O)([O-])OP(=O)([O-])[O-]>>CC(C)=C1CCC(C)C2CCC(C)C3=C(C(C)CC3)C12,CC(C)=CCC/C(C)=C/CC/C(C)=C/CC/C(C)=C/COP(=O)([O-])OP(=O)([O-])[O-]>>CC(C)=C1CCC(C)[C@H]2CCC(C)C3=C(C(C)CC3)[C@@H]12,False,C20_GGPP_like::MARTS_RXN_a5374cc39ade96ae
MARTS_RXN_a5374cc39ade96ae,CC(C)=CCCC(C)=CCCC(C)=CCCC(C)=CCOP(=O)([O-])OP(=O)([O-])[O-]>>CC(C)=C1CCC(C)C2CCC(C)C3CCC(C)=C3C12,CC(C)=CCC/C(C)=C/CC/C(C)=C/CC/C(C)=C/COP(=O)([O-])OP(=O)([O-])[O-]>>CC(C)=C1CCC(C)[C@H]2CCC(C)[C@@H]3CCC(C)=C3[C@@H]12,False,C20_GGPP_like::MARTS_RXN_a5374cc39ade96ae
MARTS_RXN_fa03c166bbd74319,CC(C)=CCCC(C)=CCCC(C)=CCCC(C)=CCOP(=O)([O-])OP(=O)([O-])[O-]>>CC(C)=C1CCC(C)C2CCC3(C)C(O)CCC(C)C3C12,CC(C)=CCC/C(C)=C/CC/C(C)=C/CC/C(C)=C/COP(=O)([O-])OP(=O)([O-])[O-]>>CC(C)=C1CCC(C)[C@H]2CC[C@]3(C)[C@@H]([C@@H]12)[C@H](C)CC[C@H]3O,False,C20_GGPP_like::MARTS_RXN_fa03c166bbd74319
MARTS_RXN_4fba5e08211844e3,CC(C)=CCCC(C)=CCCC(C)=CCCC(C)=CCOP(=O)([O-])OP(=O)([O-])[O-]>>CC(C)=CCC=C(C)C1CCC2(C)CC=C(C)CCC12,CC(C)=CCC/C(C)=C/CC/C(C)=C/CC/C(C)=C/COP(=O)([O-])OP(=O)([O-])[O-]>>CC(C)=CC/C=C(/C)[C@@H]1CC[C@@]2(C)CC=C(C)CC[C@H]12,True,C20_GGPP_like::MARTS_RXN_4fba5e08211844e3
MARTS_RXN_9239c973f487b019,CC(C)=CCCC(C)=CCCC(C)=CCCC(C)=CCOP(=O)([O-])OP(=O)([O-])[O-]>>CC(C)=CCCC(C)=C1C=C2C(C)CCCC2(C)CC1,CC(C)=CCC/C(C)=C/CC/C(C)=C/CC/C(C)=C/COP(=O)([O-])OP(=O)([O-])[O-]>>CC(C)=CCC/C(C)=C1/C=C2[C@@H](C)CCC[C@]2(C)CC1,False,C20_GGPP_like::MARTS_RXN_9239c973f487b019
MARTS_RXN_932a9e24c66214c5,CC(C)=CCCC(C)=CCCC(C)=CCCC(C)=CCOP(=O)([O-])OP(=O)([O-])[O-]>>CC(C)=CCCC(C)=C1CC=C(C)CCC=C(C)CC1,CC(C)=CCC/C(C)=C/CC/C(C)=C/CC/C(C)=C/COP(=O)([O-])OP(=O)([O-])[O-]>>CC(C)=CCC/C(C)=C1/C/C=C(\C)CC/C=C(\C)CC1,False,C20_GGPP_like::MARTS_RXN_1d852b407f95b2b1
MARTS_RXN_1d852b407f95b2b1,CC(C)=CCCC(C)=CCCC(C)=CCCC(C)=CCOP(=O)([O-])OP(=O)([O-])[O-]>>CC(C)=CCCC(C)=CCCC(C)=C1CC=C(C)CC1,CC(C)=CCC/C(C)=C\CC/C(C)=C\CC/C(C)=C\COP(=O)([O-])OP(=O)([O-])[O-]>>CC(C)=CCC/C(C)=C\CC/C(C)=C1\CC=C(C)CC1,False,C20_GGPP_like::MARTS_RXN_1d852b407f95b2b1
MARTS_RXN_6d6aa67d85ada1bf,CC(C)=CCCC(C)=CCCC(C)=CCCC(C)=CCOP(=O)([O-])OP(=O)([O-])[O-]>>CC(C)=CCCC(C)=CCCC(C)=CCCC(C)=CC1C(COP(=O)(O)OP(=O)(O)O)C1(C)CCC=C(C)CCC=C(C)CCC=C(C)C,CC(C)=CCC/C(C)=C/CC/C(C)=C/CC/C(C)=C/COP(=O)([O-])OP(=O)([O-])[O-]>>CC(C)=CCC/C(C)=C/CC/C(C)=C/CC/C(C)=C/C1C(COP(=O)(O)OP(=O)(O)O)C1(C)CC/C=C(\C)CC/C=C(\C)CCC=C(C)C,False,C20_GGPP_like::MARTS_RXN_6d6aa67d85ada1bf
MARTS_RXN_9bfd169ae97ddf61,CC(C)=CCCC(C)=CCCC(C)=CCCC(C)=CCOP(=O)([O-])OP(=O)([O-])[O-]>>CC(C)=CCCC(C)=CCCC(C)=CCCC(C)=CC=CC=C(C)CCC=C(C)CCC=C(C)CCC=C(C)C,CC(C)=CCC/C(C)=C/CC/C(C)=C/CC/C(C)=C/COP(=O)([O-])OP(=O)([O-])[O-]>>CC(C)=CCC/C(C)=C/CC/C(C)=C/CC/C(C)=C/C=C\C=C(/C)CC/C=C(\C)CC/C=C(\C)CCC=C(C)C,False,C20_GGPP_like::MARTS_RXN_618cb8d5f98f8d39
MARTS_RXN_a3395ba9b8c61185,CC(C)=CCCC(C)=CCCC(C)=CCCC(C)=CCOP(=O)([O-])OP(=O)([O-])[O-]>>CC(C)=CCCC(C)=CCCC(C)=CCCC(C)=CCCC=C(C)CCC=C(C)CCC=C(C)CCC=C(C)C,CC(C)=CCC/C(C)=C/CC/C(C)=C/CC/C(C)=C/COP(=O)([O-])OP(=O)([O-])[O-]>>CC(C)=CCC/C(C)=C/CC/C(C)=C/CC/C(C)=C/CC/C=C(\C)CC/C=C(\C)CC/C=C(\C)CCC=C(C)C,False,C20_GGPP_like::MARTS_RXN_618cb8d5f98f8d39
MARTS_RXN_b3c865336ac365fa,CC(C)=CCCC(C)=CCCC(C)=CCCC(C)=CCOP(=O)([O-])OP(=O)([O-])[O-]>>CC(C)=CCCC(C)=CCCC(C)=CCCC(C)=CCO,CC(C)=CCC/C(C)=C/CC/C(C)=C/CC/C(C)=C/COP(=O)([O-])OP(=O)([O-])[O-]>>CC(C)=CCCC(C)=CCCC(C)=CCCC(C)=CCO,False,C20_GGPP_like::MARTS_RXN_618cb8d5f98f8d39
MARTS_RXN_ad8e38949c9e302b,CC(C)=CCCC(C)=CCCC(C)=CCCC(C)=CCOP(=O)([O-])OP(=O)([O-])[O-]>>CC(C)=CCCC(C)=CCCC(C)C1=CCC(C)=CC1,CC(C)=CCC/C(C)=C/CC/C(C)=C/CC/C(C)=C/COP(=O)([O-])OP(=O)([O-])[O-]>>CC(C)=CCC/C(C)=C/CC[C@H](C)C1=CCC(C)=CC1,False,C20_GGPP_like::MARTS_RXN_1d852b407f95b2b1
MARTS_RXN_22bda90ee992550a,CC(C)=CCCC(C)=CCCC(C)=CCCC(C)=CCOP(=O)([O-])OP(=O)([O-])[O-]>>CC(C)=CCCC(C)=CCCC1(C)C2CC3C(C2)C31C,CC(C)=CCC/C(C)=C\CC/C(C)=C\CC/C(C)=C\COP(=O)([O-])OP(=O)([O-])[O-]>>CC(C)=CCC/C(C)=C\CCC1(C)C2CC3C(C2)C31C,False,C20_GGPP_like::MARTS_RXN_22bda90ee992550a
MARTS_RXN_6c1cbb35db925c2f,CC(C)=CCCC(C)=CCCC(C)=CCCC(C)=CCOP(=O)([O-])OP(=O)([O-])[O-]>>CC(C)=CCCC(C)C1CCC(C)=C2CCC(C)=CC21,CC(C)=CCC/C(C)=C/CC/C(C)=C/CC/C(C)=C/COP(=O)([O-])OP(=O)([O-])[O-]>>CC(C)=CCCC(C)C1CCC(C)=C2CCC(C)=CC21,False,C20_GGPP_like::MARTS_RXN_2e59d1c7b929f7af
MARTS_RXN_ff0c2ddf47874579,CC(C)=CCCC(C)=CCCC(C)=CCCC(C)=CCOP(=O)([O-])OP(=O)([O-])[O-]>>CC(C)=CCCC(C)C1CCC(C)C2=C1C=C(C)CC2,CC(C)=CCC/C(C)=C/CC/C(C)=C/CC/C(C)=C/COP(=O)([O-])OP(=O)([O-])[O-]>>CC(C)=CCC[C@@H](C)[C@@H]1CC[C@@H](C)C2=C1C=C(C)CC2,True,C20_GGPP_like::MARTS_RXN_2e59d1c7b929f7af
MARTS_RXN_a330ce4c40995688,CC(C)=CCCC(C)=CCCC(C)=CCCC(C)=CCOP(=O)([O-])OP(=O)([O-])[O-]>>CC(C)=CCCC(C)C1CCC(C)C2CC=C(C)C=C21,CC(C)=CCC/C(C)=C\CC/C(C)=C\CC/C(C)=C\COP(=O)([O-])OP(=O)([O-])[O-]>>CC(C)=CCC[C@H](C)[C@@H]1CC[C@@H](C)[C@H]2CC=C(C)C=C12,False,C20_GGPP_like::MARTS_RXN_a330ce4c40995688
MARTS_RXN_2e59d1c7b929f7af,CC(C)=CCCC(C)=CCCC(C)=CCCC(C)=CCOP(=O)([O-])OP(=O)([O-])[O-]>>CC(C)=CCCC(C)C1CCC(C)c2ccc(C)cc21,CC(C)=CCC/C(C)=C\CC/C(C)=C\CC/C(C)=C\COP(=O)([O-])OP(=O)([O-])[O-]>>CC(C)=CCC[C@H](C)[C@@H]1CC[C@@H](C)c2ccc(C)cc21,False,C20_GGPP_like::MARTS_RXN_2e59d1c7b929f7af
MARTS_RXN_6b2dcf26c8922a57,CC(C)=CCCC(C)=CCCC(C)=CCCC(C)=CCOP(=O)([O-])OP(=O)([O-])[O-]>>CC(C)=CCCC1(C)C2C=C(C)CCC=C(C)CCC21,CC(C)=CCC/C(C)=C/CC/C(C)=C/CC/C(C)=C/COP(=O)([O-])OP(=O)([O-])[O-]>>CC(C)=CCC[C@@]1(C)[C@@H]2/C=C(\C)CC/C=C(\C)CC[C@@H]21,False,C20_GGPP_like::MARTS_RXN_6b2dcf26c8922a57
MARTS_RXN_9aca0b07537d223f,CC(C)=CCCC(C)=CCCC(C)=CCCC(C)=CCOP(=O)([O-])OP(=O)([O-])[O-]>>CC(C)=CCCC1(C)CCC(C)=CCCC(C)(O)C2CC21,CC(C)=CCC/C(C)=C/CC/C(C)=C/CC/C(C)=C/COP(=O)([O-])OP(=O)([O-])[O-]>>CC(C)=CCC[C@]1(C)CC/C(C)=C/CC[C@@](C)(O)[C@@H]2C[C@H]21,False,C20_GGPP_like::MARTS_RXN_6b2dcf26c8922a57
MARTS_RXN_4356ef28995dc307,CC(C)=CCCC(C)=CCCC(C)=CCCC(C)=CCOP(=O)([O-])OP(=O)([O-])[O-]>>CC(C)C1=CC23C(O)C(C)CCC2(C)CCC3C(C)CC1,CC(C)=CCC/C(C)=C/CC/C(C)=C/CC/C(C)=C/COP(=O)([O-])OP(=O)([O-])[O-]>>CC(C)C1=C[C@@]23[C@H](CC[C@]2(C)CC[C@H](C)[C@@H]3O)[C@@H](C)CC1,False,C20_GGPP_like::MARTS_RXN_4356ef28995dc307
MARTS_RXN_31029ac2a5b7a0fa,CC(C)=CCCC(C)=CCCC(C)=CCCC(C)=CCOP(=O)([O-])OP(=O)([O-])[O-]>>CC(C)C1CCC2(C)CC3C(C)CCC3C(C)(O)CC=C12,CC(C)=CCC/C(C)=C/CC/C(C)=C/CC/C(C)=C/COP(=O)([O-])OP(=O)([O-])[O-]>>CC(C)[C@H]1CC[C@]2(C)C[C@@H]3[C@H](C)CC[C@H]3[C@@](C)(O)C/C=C/12,True,C20_GGPP_like::MARTS_RXN_31029ac2a5b7a0fa
MARTS_RXN_e266d387018a41d7,CC(C)=CCCC(C)=CCCC(C)=CCCC(C)=CCOP(=O)([O-])OP(=O)([O-])[O-]>>CC(C)C1CCC23C4C(O)C(C)CCC42C(C)CCC13C,CC(C)=CCC/C(C)=C/CC/C(C)=C/CC/C(C)=C/COP(=O)([O-])OP(=O)([O-])[O-]>>CC(C)[C@@H]1CC[C@@]23[C@H]4[C@H](O)[C@@H](C)CC[C@]42[C@H](C)CC[C@@]13C,False,C20_GGPP_like::MARTS_RXN_e266d387018a41d7
MARTS_RXN_9d212bb942092d78,CC(C)=CCCC(C)=CCCC(C)=CCCC(C)=CCOP(=O)([O-])OP(=O)([O-])[O-]>>CC1=C2C=C3CCC(C(C)C)C3(C)CCC2(C)CCC1,CC(C)=CCC/C(C)=C/CC/C(C)=C/CC/C(C)=C/COP(=O)([O-])OP(=O)([O-])[O-]>>CC1=C2C=C3CC[C@H](C(C)C)[C@@]3(C)CC[C@]2(C)CCC1,False,C20_GGPP_like::MARTS_RXN_9d212bb942092d78
MARTS_RXN_2176351dca9cd5fc,CC(C)=CCCC(C)=CCCC(C)=CCCC(C)=CCOP(=O)([O-])OP(=O)([O-])[O-]>>CC1=C2CC3(C)CCC(C(C)C)=C3CCC(C)C2CC1,CC(C)=CCC/C(C)=C/CC/C(C)=C/CC/C(C)=C/COP(=O)([O-])OP(=O)([O-])[O-]>>CC1=C2C[C@@]3(C)CCC(C(C)C)=C3CC[C@H](C)[C@@H]2CC1,True,C20_GGPP_like::MARTS_RXN_2176351dca9cd5fc
MARTS_RXN_7b0c8670d1ee5632,CC(C)=CCCC(C)=CCCC(C)=CCCC(C)=CCOP(=O)([O-])OP(=O)([O-])[O-]>>CC1=C2CC3(C)CCC(C)(C)C3C3CCC(C)C23CC1,CC(C)=CCC/C(C)=C/CC/C(C)=C/CC/C(C)=C/COP(=O)([O-])OP(=O)([O-])[O-]>>CC1=C2C[C@@]3(C)CCC(C)(C)[C@H]3[C@@H]3CC[C@H](C)[C@]23CC1,True,C20_GGPP_like::MARTS_RXN_51c6e7c89344a669
MARTS_RXN_51c6e7c89344a669,CC(C)=CCCC(C)=CCCC(C)=CCCC(C)=CCOP(=O)([O-])OP(=O)([O-])[O-]>>CC1=C2CCC(C)C23CC2(C)CCC(C)(C)C2C3CC1,CC(C)=CCC/C(C)=C/CC/C(C)=C/CC/C(C)=C/COP(=O)([O-])OP(=O)([O-])[O-]>>CC1=C2CC[C@H](C)[C@]23C[C@@]2(C)CCC(C)(C)[C@H]2[C@@H]3CC1,False,C20_GGPP_like::MARTS_RXN_51c6e7c89344a669
MARTS_RXN_5904725d5317baab,CC(C)=CCCC(C)=CCCC(C)=CCCC(C)=CCOP(=O)([O-])OP(=O)([O-])[O-]>>CC1=C2CCC(C)C2C23CCC(C(C)C)C2(C)CCC13,CC(C)=CCC/C(C)=C/CC/C(C)=C/CC/C(C)=C/COP(=O)([O-])OP(=O)([O-])[O-]>>CC1=C2CC[C@H](C)[C@@H]2[C@@]23CC[C@@H](C(C)C)[C@]2(C)CC[C@@H]13,False,C20_GGPP_like::MARTS_RXN_5904725d5317baab
MARTS_RXN_1c2da1449873c23c,CC(C)=CCCC(C)=CCCC(C)=CCCC(C)=CCOP(=O)([O-])OP(=O)([O-])[O-]>>CC1=C2CCC3(C)C2C2C(CC1)C(C)CCC2C3(C)C,CC(C)=CCC/C(C)=C/CC/C(C)=C/CC/C(C)=C/COP(=O)([O-])OP(=O)([O-])[O-]>>CC1=C2CC[C@]3(C)[C@@H]2[C@@H]2[C@@H](CC1)[C@H](C)CC[C@@H]2C3(C)C,False,C20_GGPP_like::MARTS_RXN_1c2da1449873c23c
MARTS_RXN_0e08d025745c0527,CC(C)=CCCC(C)=CCCC(C)=CCCC(C)=CCOP(=O)([O-])OP(=O)([O-])[O-]>>CC1=CC23CCC4C(C)(C)CCCC4(C)C2CCC1C3,CC(C)=CCC/C(C)=C/CC/C(C)=C/CC/C(C)=C/COP(=O)([O-])OP(=O)([O-])[O-]>>CC1=C[C@@]23CC[C@@H]4C(C)(C)CCC[C@@]4(C)[C@@H]2CC[C@@H]1C3,False,C20_GGPP_like::MARTS_RXN_0e08d025745c0527
MARTS_RXN_be815318a50a29dc,CC(C)=CCCC(C)=CCCC(C)=CCCC(C)=CCOP(=O)([O-])OP(=O)([O-])[O-]>>CC1=CC2C(C(C)C)CCC(C)(O)C2CCC(C)=CCC1,CC(C)=CCC/C(C)=C/CC/C(C)=C/CC/C(C)=C/COP(=O)([O-])OP(=O)([O-])[O-]>>C/C1=C/[C@@H]2[C@@H](C(C)C)CC[C@@](C)(O)[C@@H]2CC/C(C)=C/CC1,False,C20_GGPP_like::MARTS_RXN_029b92fe95def7ba
MARTS_RXN_f062a1f7997d101a,CC(C)=CCCC(C)=CCCC(C)=CCCC(C)=CCOP(=O)([O-])OP(=O)([O-])[O-]>>CC1=CC2C(C(C)C)CCC(C)=C3CCC(C)C32CC1,CC(C)=CCC/C(C)=C/CC/C(C)=C/CC/C(C)=C/COP(=O)([O-])OP(=O)([O-])[O-]>>CC1=C[C@@H]2[C@H](C(C)C)CCC(C)=C3CC[C@H](C)[C@]32CC1,True,C20_GGPP_like::MARTS_RXN_f062a1f7997d101a
MARTS_RXN_e71ff45cbd78c666,CC(C)=CCCC(C)=CCCC(C)=CCCC(C)=CCOP(=O)([O-])OP(=O)([O-])[O-]>>CC1=CC2C(C(C)C)CCC(C)C23CCC(C)C3=CC1,CC(C)=CCC/C(C)=C/CC/C(C)=C/CC/C(C)=C/COP(=O)([O-])OP(=O)([O-])[O-]>>CC1=C[C@@H]2[C@H](C(C)C)CC[C@@H](C)[C@@]23CC[C@H](C)C3=CC1,False,C20_GGPP_like::MARTS_RXN_e71ff45cbd78c666
MARTS_RXN_237f1c153ad64a02,CC(C)=CCCC(C)=CCCC(C)=CCCC(C)=CCOP(=O)([O-])OP(=O)([O-])[O-]>>CC1=CC2C(CCC(C)=CCC1)C(C)CCC2(O)C(C)C,CC(C)=CCC/C(C)=C/CC/C(C)=C/CC/C(C)=C/COP(=O)([O-])OP(=O)([O-])[O-]>>C/C1=C\[C@@H]2[C@H](CC/C(C)=C/CC1)[C@@H](C)CC[C@]2(O)C(C)C,False,C20_GGPP_like::MARTS_RXN_237f1c153ad64a02
MARTS_RXN_714817f4ca78ea2c,CC(C)=CCCC(C)=CCCC(C)=CCCC(C)=CCOP(=O)([O-])OP(=O)([O-])[O-]>>CC1=CC2C3(C)CCC(C(C)C)C23CCC(C)=CCC1,CC(C)=CCC/C(C)=C/CC/C(C)=C/CC/C(C)=C/COP(=O)([O-])OP(=O)([O-])[O-]>>C/C1=C\C2C3(C)CCC(C(C)C)C23CC/C(C)=C/CC1,False,C20_GGPP_like::MARTS_RXN_714817f4ca78ea2c
MARTS_RXN_71bb2acc38afd616,CC(C)=CCCC(C)=CCCC(C)=CCCC(C)=CCOP(=O)([O-])OP(=O)([O-])[O-]>>CC1=CC2C3(CC1)C(C)CCC1(C)C(C(C)C)CCC213,CC(C)=CCC/C(C)=C/CC/C(C)=C/CC/C(C)=C/COP(=O)([O-])OP(=O)([O-])[O-]>>CC1=C[C@H]2[C@]3(CC1)[C@H](C)CC[C@@]1(C)[C@H](C(C)C)CC[C@@]231,False,C20_GGPP_like::MARTS_RXN_714817f4ca78ea2c
MARTS_RXN_86ad65662f492c15,CC(C)=CCCC(C)=CCCC(C)=CCCC(C)=CCOP(=O)([O-])OP(=O)([O-])[O-]>>CC1=CC=C(C(C)C)CCC(C)=CCCC(C)=CCC1,CC(C)=CCC/C(C)=C/CC/C(C)=C/CC/C(C)=C/COP(=O)([O-])OP(=O)([O-])[O-]>>C/C1=C/C=C(/C(C)C)CC/C(C)=C/CC/C(C)=C/CC1,False,C20_GGPP_like::MARTS_RXN_86ad65662f492c15
MARTS_RXN_6385ac1fa7a9794c,CC(C)=CCCC(C)=CCCC(C)=CCCC(C)=CCOP(=O)([O-])OP(=O)([O-])[O-]>>CC1=CCC(C(C)C)C12CCC1(C)C3CCC(C)C3C12,CC(C)=CCC/C(C)=C/CC/C(C)=C/CC/C(C)=C/COP(=O)([O-])OP(=O)([O-])[O-]>>CC1=CCC(C(C)C)[C@@]12CCC1(C)C3CCC(C)C3C12,False,C20_GGPP_like::MARTS_RXN_2d848cafa6c3ce23
MARTS_RXN_e056c9e6d498412e,CC(C)=CCCC(C)=CCCC(C)=CCCC(C)=CCOP(=O)([O-])OP(=O)([O-])[O-]>>CC1=CCC2(C)C(CCC2C(C)C)CC2C1=CCC2C,CC(C)=CCC/C(C)=C/CC/C(C)=C/CC/C(C)=C/COP(=O)([O-])OP(=O)([O-])[O-]>>C/C1=C/C[C@@]2(C)[C@@H](CC[C@@H]2C(C)C)C[C@H]2C1=CC[C@H]2C,False,C20_GGPP_like::MARTS_RXN_e056c9e6d498412e
MARTS_RXN_eba646fdd0707683,CC(C)=CCCC(C)=CCCC(C)=CCCC(C)=CCOP(=O)([O-])OP(=O)([O-])[O-]>>CC1=CCC2(C)CC=C(C(C)C)C2CCC(C)=CCC1,CC(C)=CCC/C(C)=C/CC/C(C)=C/CC/C(C)=C/COP(=O)([O-])OP(=O)([O-])[O-]>>C/C1=C\C[C@@]2(C)CC=C(C(C)C)[C@@H]2CC/C(C)=C/CC1,False,C20_GGPP_like::MARTS_RXN_eba646fdd0707683
MARTS_RXN_f965f9c2d3cbc1e8,CC(C)=CCCC(C)=CCCC(C)=CCCC(C)=CCOP(=O)([O-])OP(=O)([O-])[O-]>>CC1=CCC2(C)CCC(C(C)(C)O)C2CCC(C)=CCC1,CC(C)=CCC/C(C)=C/CC/C(C)=C/CC/C(C)=C/COP(=O)([O-])OP(=O)([O-])[O-]>>C/C1=C\C[C@@]2(C)CC[C@@H](C(C)(C)O)[C@@H]2CC/C(C)=C/CC1,True,C20_GGPP_like::MARTS_RXN_4fba5e08211844e3
MARTS_RXN_cbab60db5c926010,CC(C)=CCCC(C)=CCCC(C)=CCCC(C)=CCOP(=O)([O-])OP(=O)([O-])[O-]>>CC1=CCC2(C)CCC(C(C)C)=C2CCC(C)=CCC1,CC(C)=CCC/C(C)=C/CC/C(C)=C/CC/C(C)=C/COP(=O)([O-])OP(=O)([O-])[O-]>>C/C1=C\C[C@@]2(C)CCC(C(C)C)=C2CC/C(C)=C/CC1,True,C20_GGPP_like::MARTS_RXN_3121b4ab4cb12631
MARTS_RXN_3121b4ab4cb12631,CC(C)=CCCC(C)=CCCC(C)=CCCC(C)=CCOP(=O)([O-])OP(=O)([O-])[O-]>>CC1=CCC2(C)CCC(C)(C)C=C2CCC(C)=CCC1,CC(C)=CCC/C(C)=C/CC/C(C)=C/CC/C(C)=C/COP(=O)([O-])OP(=O)([O-])[O-]>>C/C1=C\CC2(C)CCC(C)(C)C=C2CC/C(C)=C/CC1,True,C20_GGPP_like::MARTS_RXN_3121b4ab4cb12631
MARTS_RXN_68261f5fd64cc84a,CC(C)=CCCC(C)=CCCC(C)=CCCC(C)=CCOP(=O)([O-])OP(=O)([O-])[O-]>>CC1=CCC2=C(C(C)C)CCC2(C)CC2C(C)CCC12,CC(C)=CCC/C(C)=C/CC/C(C)=C/CC/C(C)=C/COP(=O)([O-])OP(=O)([O-])[O-]>>C/C1=C/CC2=C(C(C)C)CC[C@]2(C)C[C@H]2[C@@H](C)CC[C@@H]12,False,C20_GGPP_like::MARTS_RXN_0429f79d54e93205
MARTS_RXN_a9c17147ad90cb93,CC(C)=CCCC(C)=CCCC(C)=CCCC(C)=CCOP(=O)([O-])OP(=O)([O-])[O-]>>CC1=CCC2=C(C)C(C)(CCC(C)=CCC1)C(C)CC2,CC(C)=CCC/C(C)=C/CC/C(C)=C/CC/C(C)=C/COP(=O)([O-])OP(=O)([O-])[O-]>>CC1=C2C/C=C(\C)CC/C=C(\C)CC[C@@]1(C)[C@H](C)CC2,False,C20_GGPP_like::MARTS_RXN_a9c17147ad90cb93
MARTS_RXN_605fa04e84674359,CC(C)=CCCC(C)=CCCC(C)=CCCC(C)=CCOP(=O)([O-])OP(=O)([O-])[O-]>>CC1=CCC2=C(C)CCC(CC=C(C)CCC1)C2(C)C,CC(C)=CCC/C(C)=C/CC/C(C)=C/CC/C(C)=C/COP(=O)([O-])OP(=O)([O-])[O-]>>CC1=C2C/C=C(/C)CCC/C(C)=C/CC(CC1)C2(C)C,False,C20_GGPP_like::MARTS_RXN_0b0f5e083f773cac
MARTS_RXN_c46a27e03090d09d,CC(C)=CCCC(C)=CCCC(C)=CCCC(C)=CCOP(=O)([O-])OP(=O)([O-])[O-]>>CC1=CCC2=CC(C)(C)CCC2(C)CC2C(C)CCC12,CC(C)=CCC/C(C)=C/CC/C(C)=C/CC/C(C)=C/COP(=O)([O-])OP(=O)([O-])[O-]>>C/C1=C/CC2=CC(C)(C)CC[C@]2(C)C[C@H]2[C@@H](C)CC[C@@H]12,True,C20_GGPP_like::MARTS_RXN_0429f79d54e93205
MARTS_RXN_f0fe69f8e0b7d8e9,CC(C)=CCCC(C)=CCCC(C)=CCCC(C)=CCOP(=O)([O-])OP(=O)([O-])[O-]>>CC1=CCC2C(C(C)(C)O)CCC2(C)CCC(C)=CCC1,CC(C)=CCC/C(C)=C/CC/C(C)=C/CC/C(C)=C/COP(=O)([O-])OP(=O)([O-])[O-]>>C/C1=C\C[C@H]2[C@H](C(C)(C)O)CC[C@]2(C)CC/C(C)=C/CC1,False,C20_GGPP_like::MARTS_RXN_56f1be1c880d5e55
MARTS_RXN_d4bafc235050ff51,CC(C)=CCCC(C)=CCCC(C)=CCCC(C)=CCOP(=O)([O-])OP(=O)([O-])[O-]>>CC1=CCC2C(C(C)C)CCC2(C)CC2=C1CCC2C,CC(C)=CCC/C(C)=C/CC/C(C)=C/CC/C(C)=C/COP(=O)([O-])OP(=O)([O-])[O-]>>CC1=CC[C@H]2[C@H](C(C)C)CC[C@]2(C)CC2=C1CC[C@H]2C,False,C20_GGPP_like::MARTS_RXN_d4bafc235050ff51
MARTS_RXN_7b8aab66c453410b,CC(C)=CCCC(C)=CCCC(C)=CCCC(C)=CCOP(=O)([O-])OP(=O)([O-])[O-]>>CC1=CCC2C(C)(C)CCC2(C)C=C2C(C)CCC2C1,CC(C)=CCC/C(C)=C/CC/C(C)=C/CC/C(C)=C/COP(=O)([O-])OP(=O)([O-])[O-]>>C/C1=C/C[C@H]2C(C)(C)CC[C@]2(C)/C=C2\[C@@H](CC[C@@H]2C)C1,True,C20_GGPP_like::MARTS_RXN_7b8aab66c453410b
MARTS_RXN_86a30d47d9f48e4c,CC(C)=CCCC(C)=CCCC(C)=CCCC(C)=CCOP(=O)([O-])OP(=O)([O-])[O-]>>CC1=CCC2C3C(C(C)C)CCC(C)C34CCC2(C)C14,CC(C)=CCC/C(C)=C/CC/C(C)=C/CC/C(C)=C/COP(=O)([O-])OP(=O)([O-])[O-]>>CC1=CCC2C3C(C(C)C)CCC(C)C34CCC2(C)C14,False,C20_GGPP_like::MARTS_RXN_86a30d47d9f48e4c
MARTS_RXN_0b0f5e083f773cac,CC(C)=CCCC(C)=CCCC(C)=CCCC(C)=CCOP(=O)([O-])OP(=O)([O-])[O-]>>CC1=CCC2CC=C(C)C(CCC(C)=CCC1)C2(C)C,CC(C)=CCC/C(C)=C/CC/C(C)=C/CC/C(C)=C/COP(=O)([O-])OP(=O)([O-])[O-]>>CC1=CC[C@H]2C/C=C(\C)CC/C=C(\C)CC[C@H]1C2(C)C,False,C20_GGPP_like::MARTS_RXN_0b0f5e083f773cac
MARTS_RXN_9799d98e2a755a35,CC(C)=CCCC(C)=CCCC(C)=CCCC(C)=CCOP(=O)([O-])OP(=O)([O-])[O-]>>CC1=CCC2CCC(C)=C(CCC(C)=CCC1)C2(C)C,CC(C)=CCC/C(C)=C/CC/C(C)=C/CC/C(C)=C/COP(=O)([O-])OP(=O)([O-])[O-]>>CC1=C2CC/C(C)=C/CC/C(C)=C/C[C@H](CC1)C2(C)C,False,C20_GGPP_like::MARTS_RXN_0b0f5e083f773cac
MARTS_RXN_fb686c0d23a3ed03,CC(C)=CCCC(C)=CCCC(C)=CCCC(C)=CCOP(=O)([O-])OP(=O)([O-])[O-]>>CC1=CCCC(C)(O)C=CC(C(C)C)CCC(C)=CCC1,CC(C)=CCC/C(C)=C/CC/C(C)=C/CC/C(C)=C/COP(=O)([O-])OP(=O)([O-])[O-]>>C/C1=C\CC[C@@](C)(O)/C=C/C(C(C)C)CC/C(C)=C/CC1,False,C20_GGPP_like::MARTS_RXN_0718113ff7068076
MARTS_RXN_0718113ff7068076,CC(C)=CCCC(C)=CCCC(C)=CCCC(C)=CCOP(=O)([O-])OP(=O)([O-])[O-]>>CC1=CCCC(C)(O)C=CC(C)(C)CCCC(C)=CCC1,CC(C)=CCC/C(C)=C/CC/C(C)=C/CC/C(C)=C/COP(=O)([O-])OP(=O)([O-])[O-]>>C/C1=C\CC[C@](C)(O)/C=C/C(C)(C)CCC/C(C)=C/CC1,False,C20_GGPP_like::MARTS_RXN_0718113ff7068076
MARTS_RXN_3b6183e9f8724d46,CC(C)=CCCC(C)=CCCC(C)=CCCC(C)=CCOP(=O)([O-])OP(=O)([O-])[O-]>>CC1=CCCC(C)=C2CC3(C)CCC(C)(C)C3C2CC1,CC(C)=CCC/C(C)=C/CC/C(C)=C/CC/C(C)=C/COP(=O)([O-])OP(=O)([O-])[O-]>>C/C1=C2\C[C@@]3(C)CCC(C)(C)[C@H]3[C@@H]2CC/C(C)=C/CC1,True,C20_GGPP_like::MARTS_RXN_0feaca316b3fb310
MARTS_RXN_4b410b511327a71c,CC(C)=CCCC(C)=CCCC(C)=CCCC(C)=CCOP(=O)([O-])OP(=O)([O-])[O-]>>CC1=CCCC(C)=CC2C(C(C)C)CCC2(C)C=CC1,CC(C)=CCC/C(C)=C/CC/C(C)=C/CC/C(C)=C/COP(=O)([O-])OP(=O)([O-])[O-]>>C/C1=C\CC/C(C)=C/[C@@H]2[C@@H](C(C)C)CC[C@]2(C)/C=C/C1,False,C20_GGPP_like::MARTS_RXN_4b410b511327a71c
MARTS_RXN_7f776e922bfd97ee,CC(C)=CCCC(C)=CCCC(C)=CCCC(C)=CCOP(=O)([O-])OP(=O)([O-])[O-]>>CC1=CCCC(C)=CC2C(CCC(C)=CCC1)C2(C)C,CC(C)=CCC/C(C)=C/CC/C(C)=C/CC/C(C)=C/COP(=O)([O-])OP(=O)([O-])[O-]>>C/C1=C\CC/C(C)=C/C2C(CC/C(C)=C/CC1)C2(C)C,True,C20_GGPP_like::MARTS_RXN_7f776e922bfd97ee
MARTS_RXN_0d6dcf3090a1cf2e,CC(C)=CCCC(C)=CCCC(C)=CCCC(C)=CCOP(=O)([O-])OP(=O)([O-])[O-]>>CC1=CCCC(C)=CCC(=C(C)C)CCC(C)=CCC1,CC(C)=CCC/C(C)=C/CC/C(C)=C/CC/C(C)=C/COP(=O)([O-])OP(=O)([O-])[O-]>>CC(C)=C1C/C=C(\C)CC/C=C(\C)CC/C=C(\C)CC1,True,C20_GGPP_like::MARTS_RXN_0d6dcf3090a1cf2e
MARTS_RXN_56f1be1c880d5e55,CC(C)=CCCC(C)=CCCC(C)=CCCC(C)=CCOP(=O)([O-])OP(=O)([O-])[O-]>>CC1=CCCC(C)=CCC(C(C)(C)O)CCC(C)=CCC1,CC(C)=CCC/C(C)=C/CC/C(C)=C/CC/C(C)=C/COP(=O)([O-])OP(=O)([O-])[O-]>>C/C1=C\CC/C(C)=C/C[C@@H](C(C)(C)O)CC/C(C)=C/CC1,True,C20_GGPP_like::MARTS_RXN_56f1be1c880d5e55
MARTS_RXN_9c7db311ef6f788e,CC(C)=CCCC(C)=CCCC(C)=CCCC(C)=CCOP(=O)([O-])OP(=O)([O-])[O-]>>CC1=CCCC2(C)CCC3(C)C(C)CCC4CC1C2C43,CC(C)=CCC/C(C)=C/CC/C(C)=C/CC/C(C)=C/COP(=O)([O-])OP(=O)([O-])[O-]>>CC1=CCC[C@@]2(C)CC[C@]3(C)[C@H]4[C@@H](CC[C@H]3C)C[C@H]1[C@H]42,False,C20_GGPP_like::MARTS_RXN_4d9779092922e63a
MARTS_RXN_2cbcde3fbcd9119c,CC(C)=CCCC(C)=CCCC(C)=CCCC(C)=CCOP(=O)([O-])OP(=O)([O-])[O-]>>CC1=CCCC2(C)CCC3=C(C)CCC(CC12)C3(C)C,CC(C)=CCC/C(C)=C/CC/C(C)=C/CC/C(C)=C/COP(=O)([O-])OP(=O)([O-])[O-]>>CC1=CCC[C@@]2(C)CCC3=C(C)CC[C@@H](C[C@H]12)C3(C)C,True,C20_GGPP_like::MARTS_RXN_2cbcde3fbcd9119c
MARTS_RXN_45fc9f67efee5bba,CC(C)=CCCC(C)=CCCC(C)=CCCC(C)=CCOP(=O)([O-])OP(=O)([O-])[O-]>>CC1CCC(C)C12CCC1C2=CC2(C)CCC(C)(C)C12,CC(C)=CCC/C(C)=C/CC/C(C)=C/CC/C(C)=C/COP(=O)([O-])OP(=O)([O-])[O-]>>C[C@@H]1CC[C@H](C)[C@@]12CC[C@@H]1C2=C[C@@]2(C)CCC(C)(C)[C@@H]12,True,C20_GGPP_like::MARTS_RXN_45fc9f67efee5bba
MARTS_RXN_300234cd00168cf7,CC(C)=CCCC(C)=CCCC(C)=CCCC(C)=CCOP(=O)([O-])OP(=O)([O-])[O-]>>CC1CCC(O)C2(C)CCC3C4C(C)(C)CCC4(C)CC132,CC(C)=CCC/C(C)=C/CC/C(C)=C/CC/C(C)=C/COP(=O)([O-])OP(=O)([O-])[O-]>>C[C@H]1CC[C@@H](O)[C@]2(C)CC[C@H]3[C@@H]4C(C)(C)CC[C@]4(C)C[C@]132,True,C20_GGPP_like::MARTS_RXN_300234cd00168cf7
MARTS_RXN_0feaca316b3fb310,CC(C)=CCCC(C)=CCCC(C)=CCCC(C)=CCOP(=O)([O-])OP(=O)([O-])[O-]>>CC1CCC2=C3CC4(C)CCC(C)(C)C4C3CCC21C,CC(C)=CCC/C(C)=C/CC/C(C)=C/CC/C(C)=C/COP(=O)([O-])OP(=O)([O-])[O-]>>C[C@@H]1CCC2=C3C[C@@]4(C)CCC(C)(C)[C@H]4[C@@H]3CC[C@]21C,True,C20_GGPP_like::MARTS_RXN_0feaca316b3fb310
MARTS_RXN_0601074748a9cf41,CC(C)=CCCC(C)=CCCC(C)=CCCC(C)=CCOP(=O)([O-])OP(=O)([O-])[O-]>>CC1CCC2C(C)CCC3C2C2=C1CCC2(C)C3(C)C,CC(C)=CCC/C(C)=C/CC/C(C)=C/CC/C(C)=C/COP(=O)([O-])OP(=O)([O-])[O-]>>C[C@@H]1CC[C@H]2[C@@H]3C4=C(CC[C@@]4(C)C2(C)C)[C@@H](C)CC[C@H]31,False,C20_GGPP_like::MARTS_RXN_0601074748a9cf41
MARTS_RXN_561d9f61c555bf15,CC(C)=CCCC(C)=CCCC(C)=CCCC(C)=CCOP(=O)([O-])OP(=O)([O-])[O-]>>CC1CCC2C3C1CCC1(C)CCCC(C)(CC2(C)O)C31,CC(C)=CCC/C(C)=C/CC/C(C)=C/CC/C(C)=C/COP(=O)([O-])OP(=O)([O-])[O-]>>C[C@@H]1CC[C@@H]2[C@@H]3[C@H]1CC[C@]1(C)CCC[C@](C)(C[C@]2(C)O)[C@@H]31,True,C20_GGPP_like::MARTS_RXN_561d9f61c555bf15
MARTS_RXN_b6b1bb9e464ef7af,CC(C)=CCCC(C)=CCCC(C)=CCCC=C(C)CCC=C(C)CCC1OC1(C)C>>C=C(C)C1CCC2(C)CCC3(C)C(CCC4C5(C)CCC(O)C(C)(C)C5CCC43C)C12,CC(C)=CCC/C(C)=C/CC/C(C)=C/CC/C=C(\C)CC/C=C(\C)CC[C@@H]1OC1(C)C>>C=C(C)[C@@H]1CC[C@]2(C)CC[C@]3(C)[C@H](CC[C@@H]4[C@@]5(C)CC[C@H](O)C(C)(C)[C@@H]5CC[C@]43C)[C@@H]12,True,C30_long_prenyl_like::MARTS_RXN_0304c008705652f9
MARTS_RXN_aaf62036b97e051b,CC(C)=CCCC(C)=CCCC(C)=CCCC=C(C)CCC=C(C)CCC1OC1(C)C>>C=C1CCC(O)C(C)(C)C1CCC(C)=CCCC1=C(C)CCC2(C)CCC(C)(C)CC12,CC(C)=CCC/C(C)=C/CC/C(C)=C/CC/C=C(\C)CC/C=C(\C)CC[C@@H]1OC1(C)C>>C=C1CC[C@H](O)C(C)(C)[C@@H]1CC/C(C)=C/CCC1=C(C)CC[C@@]2(C)CCC(C)(C)C[C@@H]12,False,C30_long_prenyl_like::MARTS_RXN_4c4ba4bc054979a2
MARTS_RXN_4c4ba4bc054979a2,CC(C)=CCCC(C)=CCCC(C)=CCCC=C(C)CCC=C(C)CCC1OC1(C)C>>C=C1CCC(O)C(C)(C)C1CCC(C)=CCCC=C(C)CCC=C(C)CCC=C(C)C,CC(C)=CCC/C(C)=C/CC/C(C)=C/CC/C=C(\C)CC/C=C(\C)CC[C@@H]1OC1(C)C>>C=C1CC[C@H](O)C(C)(C)[C@@H]1CC/C(C)=C/CC/C=C(\C)CC/C=C(\C)CCC=C(C)C,False,C30_long_prenyl_like::MARTS_RXN_4c4ba4bc054979a2
MARTS_RXN_6c228262ac8f23c7,CC(C)=CCCC(C)=CCCC(C)=CCCC=C(C)CCC=C(C)CCC1OC1(C)C>>C=C1CCC2(C)CCC3(C)C(CCC4C5(C)CCC(O)C(C)(C)C5CCC43C)C2C1C,CC(C)=CCC/C(C)=C/CC/C(C)=C/CC/C=C(\C)CC/C=C(\C)CC[C@@H]1OC1(C)C>>C=C1CC[C@]2(C)CC[C@]3(C)[C@H](CC[C@@H]4[C@@]5(C)CC[C@H](O)C(C)(C)[C@@H]5CC[C@]43C)[C@H]2[C@@H]1C,False,C30_long_prenyl_like::MARTS_RXN_6c228262ac8f23c7
MARTS_RXN_0304c008705652f9,CC(C)=CCCC(C)=CCCC(C)=CCCC=C(C)CCC=C(C)CCC1OC1(C)C>>CC(C)(O)C1CCC2(C)C1CCC1(C)C2CCC2C3(C)CCC(O)C(C)(C)C3CCC21C,CC(C)=CCC/C(C)=C/CC/C(C)=C/CC/C=C(\C)CC/C=C(\C)CC[C@@H]1OC1(C)C>>CC(C)(O)[C@H]1CC[C@]2(C)[C@H]3CC[C@@H]4[C@@]5(C)CC[C@H](O)C(C)(C)[C@@H]5CC[C@@]4(C)[C@]3(C)CC[C@@H]12,False,C30_long_prenyl_like::MARTS_RXN_0304c008705652f9
MARTS_RXN_4559795251910cf6,CC(C)=CCCC(C)=CCCC(C)=CCCC=C(C)CCC=C(C)CCC1OC1(C)C>>CC(C)(O)C1CCC2(C)CCC3(C)C(CCC4C5(C)CCC(O)C(C)(C)C5CCC43C)C12,CC(C)=CCC/C(C)=C/CC/C(C)=C/CC/C=C(\C)CC/C=C(\C)CC[C@@H]1OC1(C)C>>CC(C)(O)[C@@H]1CC[C@]2(C)CC[C@]3(C)[C@H](CC[C@@H]4[C@@]5(C)CC[C@H](O)C(C)(C)[C@@H]5CC[C@]43C)[C@@H]12,False,C30_long_prenyl_like::MARTS_RXN_0304c008705652f9
MARTS_RXN_832dbc506db6cc7c,CC(C)=CCCC(C)=CCCC(C)=CCCC=C(C)CCC=C(C)CCC1OC1(C)C>>CC(C)=CCCC(C)(O)C1CCC2(C)C1CCC1C3(C)CCC(O)C(C)(C)C3CCC12C,CC(C)=CCC/C(C)=C/CC/C(C)=C/CC/C=C(\C)CC/C=C(\C)CC[C@@H]1OC1(C)C>>CC(C)=CCC[C@](C)(O)[C@H]1CC[C@]2(C)[C@@H]1CC[C@@H]1[C@@]3(C)CC[C@H](O)C(C)(C)[C@@H]3CC[C@]12C,False,C30_long_prenyl_like::MARTS_RXN_0304c008705652f9
MARTS_RXN_0d0c4cf767f1e407,CC(C)=CCCC(C)=CCCC(C)=CCCC=C(C)CCC=C(C)CCC1OC1(C)C>>CC(C)=CCCC(C)=C1CCC2(C)C1CCC1C3(C)CCC(O)C(C)(C)C3CCC12C,CC(C)=CCC/C(C)=C/CC/C(C)=C/CC/C=C(\C)CC/C=C(\C)CC[C@@H]1OC1(C)C>>CC(C)=CCC/C(C)=C1/CC[C@@]2(C)[C@H]1CC[C@H]1[C@@]3(C)CC[C@H](O)C(C)(C)[C@@H]3CC[C@@]12C,True,C30_long_prenyl_like::MARTS_RXN_0304c008705652f9
MARTS_RXN_8e685e0c0b697e5d,CC(C)=CCCC(C)=CCCC(C)=CCCC=C(C)CCC=C(C)CCC1OC1(C)C>>CC(C)=CCCC(C)=CCCC(C)(O)C1CCC2C1(C)CCC1C(C)(C)C(O)CCC12C,CC(C)=CCC/C(C)=C/CC/C(C)=C/CC/C=C(\C)CC/C=C(\C)CC[C@@H]1OC1(C)C>>CC(C)=CCC/C(C)=C/CC[C@@](C)(O)[C@@H]1CC[C@H]2[C@@]1(C)CC[C@H]1C(C)(C)[C@@H](O)CC[C@]21C,False,C30_long_prenyl_like::MARTS_RXN_0304c008705652f9
MARTS_RXN_0924823aff1cb84d,CC(C)=CCCC(C)=CCCC(C)=CCCC=C(C)CCC=C(C)CCC1OC1(C)C>>CC(C)=CCCC(C)=CCCC(C)=CCCC1(C)C(C)CCC(=C(C)C)C1CCC=O,CC(C)=CCC/C(C)=C/CC/C(C)=C/CC/C=C(\C)CC/C=C(\C)CC[C@@H]1OC1(C)C>>CC(C)=CCC/C(C)=C/CC/C(C)=C/CC[C@]1(C)[C@H](C)CCC(=C(C)C)[C@H]1CCC=O,True,C30_long_prenyl_like::MARTS_RXN_0924823aff1cb84d
MARTS_RXN_623d8533ef097f62,CC(C)=CCCC(C)=CCCC(C)=CCCC=C(C)CCC=C(C)CCC1OC1(C)C>>CC(C)=CCCC(C)=CCCC(C)=CCCC=C(C)CCC1C(C)=CCC(O)C1(C)C,CC(C)=CCC/C(C)=C/CC/C(C)=C/CC/C=C(\C)CC/C=C(\C)CC[C@@H]1OC1(C)C>>CC(C)=CCC/C(C)=C/CC/C(C)=C/CC/C=C(\C)CC[C@@H]1C(C)=CC[C@H](O)C1(C)C,True,C30_long_prenyl_like::MARTS_RXN_4c4ba4bc054979a2
MARTS_RXN_954e6f7526561bdc,CC(C)=CCCC(C)=CCCC(C)=CCCC=C(C)CCC=C(C)CCC1OC1(C)C>>CC(C)=CCCC(C)=CCCC(C)C1(C)CCC2=C1CCC1C2(C)CCC(O)C1(C)C,CC(C)=CCC/C(C)=C/CC/C(C)=C/CC/C=C(\C)CC/C=C(\C)CC[C@@H]1OC1(C)C>>CC(C)=CCC/C(C)=C/CC[C@@H](C)[C@@]1(C)CCC2=C1CC[C@H]1C(C)(C)[C@@H](O)CC[C@]21C,True,C30_long_prenyl_like::MARTS_RXN_954e6f7526561bdc
MARTS_RXN_54f9295f8233f1ff,CC(C)=CCCC(C)=CCCC(C)=CCCC=C(C)CCC=C(C)CCC1OC1(C)C>>CC(C)=CCCC(C)C1CCC2(C)C3=C(CCC12C)C1(C)CCC(O)C(C)(C)C1CC3,CC(C)=CCC/C(C)=C/CC/C(C)=C/CC/C=C(\C)CC/C=C(\C)CC[C@@H]1OC1(C)C>>CC(C)=CCC[C@@H](C)[C@H]1CC[C@@]2(C)C3=C(CC[C@]12C)[C@@]1(C)CC[C@H](O)C(C)(C)[C@@H]1CC3,True,C30_long_prenyl_like::MARTS_RXN_534c9b024fd41f1d
MARTS_RXN_37bf66f566f8481d,CC(C)=CCCC(C)=CCCC(C)=CCCC=C(C)CCC=C(C)CCC1OC1(C)C>>CC(C)=CCCC(C)C1CCC2(C)C3=CCC4C(C)(C)C(O)CCC4(C)C3CCC12C,CC(C)=CCC/C(C)=C/CC/C(C)=C/CC/C=C(\C)CC/C=C(\C)CC[C@@H]1OC1(C)C>>CC(C)=CCC[C@H](C)[C@@H]1CC[C@]2(C)C3=CC[C@H]4C(C)(C)[C@@H](O)CC[C@]4(C)[C@H]3CC[C@@]12C,True,C30_long_prenyl_like::MARTS_RXN_0fc1278d92cea627
MARTS_RXN_e9868487450315e1,CC(C)=CCCC(C)=CCCC(C)=CCCC=C(C)CCC=C(C)CCC1OC1(C)C>>CC(C)=CCCC(C)C1CCC2(C)C3CC=C4C(CCC(O)C4(C)C)C3(C)CCC12C,CC(C)=CCC/C(C)=C/CC/C(C)=C/CC/C=C(\C)CC/C=C(\C)CC[C@@H]1OC1(C)C>>CC(C)=CCC[C@@H](C)[C@H]1CC[C@@]2(C)[C@@H]3CC=C4[C@@H](CC[C@H](O)C4(C)C)[C@]3(C)CC[C@]12C,True,C30_long_prenyl_like::MARTS_RXN_0fc1278d92cea627
MARTS_RXN_c9bd9d79a4994f2b,CC(C)=CCCC(C)=CCCC(C)=CCCC=C(C)CCC=C(C)CCC1OC1(C)C>>CC(C)=CCCC(C)C1CCC2(C)C3CCC4C(C)(C)C(O)CCC45CC35CCC12C,CC(C)=CCC/C(C)=C/CC/C(C)=C/CC/C=C(\C)CC/C=C(\C)CC[C@@H]1OC1(C)C>>CC(C)=CCC[C@@H](C)[C@H]1CC[C@@]2(C)[C@@H]3CC[C@H]4C(C)(C)[C@@H](O)CC[C@@]45C[C@@]35CC[C@]12C,True,C30_long_prenyl_like::MARTS_RXN_0fc1278d92cea627
MARTS_RXN_0fc1278d92cea627,CC(C)=CCCC(C)=CCCC(C)=CCCC=C(C)CCC=C(C)CCC1OC1(C)C>>CC(C)=CCCC(C)C1CCC2(C)C3CCC4C(C)(CCC(O)C4(C)C)C3=CCC12C,CC(C)=CCC/C(C)=C/CC/C(C)=C/CC/C=C(\C)CC/C=C(\C)CC[C@@H]1OC1(C)C>>CC(C)=CCC[C@@H](C)[C@H]1CC[C@@]2(C)[C@@H]3CC[C@H]4C(C)(C)[C@@H](O)CC[C@]4(C)C3=CC[C@]12C,True,C30_long_prenyl_like::MARTS_RXN_0fc1278d92cea627
MARTS_RXN_2749d45a62475aee,CC(C)=CCCC(C)=CCCC(C)=CCCC=C(C)CCC=C(C)CCC1OC1(C)C>>CC(C)=CCCC1(C)CCC2(C)C3CC=C4C(CCC(O)C4(C)C)C3(C)CCC2(C)C1,CC(C)=CCC/C(C)=C/CC/C(C)=C/CC/C=C(\C)CC/C=C(\C)CC[C@@H]1OC1(C)C>>CC(C)=CCC[C@]1(C)CC[C@]2(C)[C@H]3CC=C4[C@@H](CC[C@H](O)C4(C)C)[C@]3(C)CC[C@@]2(C)C1,True,C30_long_prenyl_like::MARTS_RXN_0fc1278d92cea627
MARTS_RXN_0b1cfad8cd17424d,CC(C)=CCCC(C)=CCCC(C)=CCCC=C(C)CCC=C(C)CCC1OC1(C)C>>CC(C)=CCCC1(C)CCC2(C)C3CCC4(C)C(C)C(=O)CCC4C3(C)CCC2(C)C1,CC(C)=CCC/C(C)=C/CC/C(C)=C/CC/C=C(\C)CC/C=C(\C)CC[C@@H]1OC1(C)C>>CC(C)=CCC[C@]1(C)CC[C@]2(C)[C@H]3CC[C@@]4(C)[C@@H](CCC(=O)[C@@H]4C)[C@]3(C)CC[C@@]2(C)C1,True,C30_long_prenyl_like::MARTS_RXN_0b1cfad8cd17424d
MARTS_RXN_011b6221b71a06c1,CC(C)=CCCC(C)=CCCC(C)=CCCC=C(C)CCC=C(C)CCC1OC1(C)C>>CC(C)=CCCC1(C)CCC2(C)C3CCC4C(C)(C)C5CCC4(O5)C3(C)CCC2(C)C1,CC(C)=CCC/C(C)=C/CC/C(C)=C/CC/C=C(\C)CC/C=C(\C)CC[C@@H]1OC1(C)C>>CC(C)=CCC[C@]1(C)CC[C@]2(C)[C@H]3CC[C@H]4C(C)(C)[C@@H]5CC[C@]4(O5)[C@]3(C)CC[C@@]2(C)C1,True,C30_long_prenyl_like::MARTS_RXN_011b6221b71a06c1
MARTS_RXN_143697885ccd8371,CC(C)=CCCC(C)=CCCC(C)=CCCC=C(C)CCC=C(C)CCC1OC1(C)C>>CC1(C)C=C2C3CCC4C5(C)CCC(O)C(C)(C)C5CCC4(C)C3(C)CCC2(C)CC1,CC(C)=CCC/C(C)=C/CC/C(C)=C/CC/C=C(\C)CC/C=C(\C)CC[C@@H]1OC1(C)C>>CC1(C)C=C2[C@H]3CC[C@@H]4[C@@]5(C)CC[C@H](O)C(C)(C)[C@@H]5CC[C@@]4(C)[C@]3(C)CC[C@@]2(C)CC1,True,C30_long_prenyl_like::MARTS_RXN_143697885ccd8371
MARTS_RXN_aecc694cdc8fc5ad,CC(C)=CCCC(C)=CCCC(C)=CCCC=C(C)CCC=C(C)CCC1OC1(C)C>>CC1(C)CCC2(C)CC=C3C(C)(CCC4C3(C)CCC3C(C)(C)C(O)CCC43C)C2C1,CC(C)=CCC/C(C)=C/CC/C(C)=C/CC/C=C(\C)CC/C=C(\C)CC[C@@H]1OC1(C)C>>CC1(C)CC[C@]2(C)CC=C3[C@]4(C)CC[C@H]5C(C)(C)[C@@H](O)CC[C@]5(C)[C@H]4CC[C@@]3(C)[C@@H]2C1,False,C30_long_prenyl_like::MARTS_RXN_53b95bb128cc8604
MARTS_RXN_895bc6cfde4cde23,CC(C)=CCCC(C)=CCCC(C)=CCCC=C(C)CCC=C(C)CCC1OC1(C)C>>CC1(C)CCC2(C)CCC3(C)C(=C2C1)CCC1C2(C)CCC(O)C(C)(C)C2CCC13C,CC(C)=CCC/C(C)=C/CC/C(C)=C/CC/C=C(\C)CC/C=C(\C)CC[C@@H]1OC1(C)C>>CC1(C)CC[C@]2(C)CC[C@]3(C)C(=C2C1)CC[C@@H]1[C@@]2(C)CC[C@H](O)C(C)(C)[C@@H]2CC[C@]13C,True,C30_long_prenyl_like::MARTS_RXN_534c9b024fd41f1d
MARTS_RXN_e426458f43f2a858,CC(C)=CCCC(C)=CCCC(C)=CCCC=C(C)CCC=C(C)CCC1OC1(C)C>>CC1(C)CCC2(C)CCC3(C)C(=CCC4C5(C)CCC(O)C(C)(C)C5CCC43C)C2C1,CC(C)=CCC/C(C)=C/CC/C(C)=C/CC/C=C(\C)CC/C=C(\C)CC[C@@H]1OC1(C)C>>CC1(C)CC[C@]2(C)CC[C@]3(C)C(=CC[C@@H]4[C@@]5(C)CC[C@H](O)C(C)(C)[C@@H]5CC[C@]43C)[C@@H]2C1,True,C30_long_prenyl_like::MARTS_RXN_53b95bb128cc8604
MARTS_RXN_534c9b024fd41f1d,CC(C)=CCCC(C)=CCCC(C)=CCCC=C(C)CCC=C(C)CCC1OC1(C)C>>CC1(C)CCC2(C)CCC3(C)C4=C(CCC3(C)C2C1)C1(C)CCC(O)C(C)(C)C1CC4,CC(C)=CCC/C(C)=C/CC/C(C)=C/CC/C=C(\C)CC/C=C(\C)CC[C@@H]1OC1(C)C>>CC1(C)CC[C@]2(C)CC[C@]3(C)C4=C(CC[C@@]3(C)[C@@H]2C1)[C@@]1(C)CC[C@H](O)C(C)(C)[C@@H]1CC4,True,C30_long_prenyl_like::MARTS_RXN_534c9b024fd41f1d
MARTS_RXN_cf93aab35986b1b1,CC(C)=CCCC(C)=CCCC(C)=CCCC=C(C)CCC=C(C)CCC1OC1(C)C>>CC1(C)CCC2(C)CCC3(C)C4CC=C5C(CCC(O)C5(C)C)C4(C)CCC3(C)C2C1,CC(C)=CCC/C(C)=C/CC/C(C)=C/CC/C=C(\C)CC/C=C(\C)CC[C@@H]1OC1(C)C>>CC1(C)CC[C@]2(C)CC[C@]3(C)[C@H]4CC=C5[C@@H](CC[C@H](O)C5(C)C)[C@]4(C)CC[C@@]3(C)[C@@H]2C1,True,C30_long_prenyl_like::MARTS_RXN_0fc1278d92cea627
MARTS_RXN_4ca33e7ceaa5eb2d,CC(C)=CCCC(C)=CCCC(C)=CCCC=C(C)CCC=C(C)CCC1OC1(C)C>>CC1=CCC2C(C)(C)C(O)CCC2(C)C1CCC1=C(C)CCC2(C)CCC(C)(C)CC12,CC(C)=CCC/C(C)=C/CC/C(C)=C/CC/C=C(\C)CC/C=C(\C)CC[C@@H]1OC1(C)C>>CC1=CC[C@H]2C(C)(C)[C@@H](O)CC[C@]2(C)[C@H]1CCC1=C(C)CC[C@@]2(C)CCC(C)(C)C[C@@H]12,True,C30_long_prenyl_like::MARTS_RXN_02d5c740a9bcdd93
MARTS_RXN_02d5c740a9bcdd93,CC(C)=CCCC(C)=CCCC(C)=CCCC=C(C)CCC=C(C)CCC1OC1(C)C>>CC1=CCC2C(C)(C)C(O)CCC2(C)C1CCC1=C(C)CCC2(C)CCC(C)C(C)C12,CC(C)=CCC/C(C)=C/CC/C(C)=C/CC/C=C(\C)CC/C=C(\C)CC[C@@H]1OC1(C)C>>CC1=CC[C@H]2C(C)(C)[C@@H](O)CC[C@]2(C)[C@H]1CCC1=C(C)CC[C@@]2(C)CC[C@@H](C)[C@H](C)[C@@H]12,True,C30_long_prenyl_like::MARTS_RXN_02d5c740a9bcdd93
MARTS_RXN_219616d40b4a474d,CC(C)=CCCC(C)=CCCC(C)=CCCC=C(C)CCC=C(C)CCC1OC1(C)C>>CC1C(=O)CCC2C1(C)CCC1C2(C)CCC2(C)C3CC(C)(C)CCC3(C)CCC12C,CC(C)=CCC/C(C)=C/CC/C(C)=C/CC/C=C(\C)CC/C=C(\C)CC[C@@H]1OC1(C)C>>C[C@H]1C(=O)CC[C@@H]2[C@]1(C)CC[C@H]1[C@@]2(C)CC[C@@]2(C)[C@@H]3CC(C)(C)CC[C@]3(C)CC[C@]12C,False,C30_long_prenyl_like::MARTS_RXN_0b1cfad8cd17424d
MARTS_RXN_53b95bb128cc8604,CC(C)=CCCC(C)=CCCC(C)=CCCC=C(C)CCC=C(C)CCC1OC1(C)C>>CC1CCC2(C)CCC3(C)C(=CCC4C5(C)CCC(O)C(C)(C)C5CCC43C)C2C1C,CC(C)=CCC/C(C)=C/CC/C(C)=C/CC/C=C(\C)CC/C=C(\C)CC[C@@H]1OC1(C)C>>C[C@H]1[C@H](C)CC[C@]2(C)CC[C@]3(C)C(=CC[C@@H]4[C@@]5(C)CC[C@H](O)C(C)(C)[C@@H]5CC[C@]43C)[C@H]12,True,C30_long_prenyl_like::MARTS_RXN_53b95bb128cc8604
MARTS_RXN_000c8b710696a6c3,CC(C)=CCCC(C)=CCCC(C)=CCCC=C(C)CCC=C(C)CCC=C(C)C>>C=C(C)C1CCC2(C)C1CCC1(C)C2CCC2C3(C)CCCC(C)(C)C3CCC21C,CC(C)=CCC/C(C)=C/CC/C(C)=C/CC/C=C(\C)CC/C=C(\C)CCC=C(C)C>>C=C(C)[C@H]1CC[C@]2(C)[C@H]3CC[C@@H]4[C@@]5(C)CCCC(C)(C)[C@@H]5CC[C@@]4(C)[C@]3(C)CC[C@@H]12,False,C30_long_prenyl_like::MARTS_RXN_000c8b710696a6c3
MARTS_RXN_7ff536380ca796be,CC(C)=CCCC(C)=CCCC(C)=CCCC=C(C)CCC=C(C)CCC=C(C)C>>C=C(CCC=C(C)C)C1CCC2(C)C1CCC1C3(C)CCCC(C)(C)C3CCC12C,CC(C)=CCC/C(C)=C/CC/C(C)=C/CC/C=C(\C)CC/C=C(\C)CCC=C(C)C>>C=C(CCC=C(C)C)[C@H]1CC[C@]2(C)[C@@H]1CC[C@@H]1[C@@]3(C)CCCC(C)(C)[C@@H]3CC[C@]12C,True,C30_long_prenyl_like::MARTS_RXN_000c8b710696a6c3
MARTS_RXN_e1f4a20918db2c43,CC(C)=CCCC(C)=CCCC(C)=CCCC=C(C)CCC=C(C)CCC=C(C)C>>CC(C)(O)C1CCC2(C)C1CCC1(C)C2CCC2C3(C)CCCC(C)(C)C3CCC21C,CC(C)=CCC/C(C)=C/CC/C(C)=C/CC/C=C(\C)CC/C=C(\C)CCC=C(C)C>>CC(C)(O)[C@H]1CC[C@]2(C)[C@H]3CC[C@@H]4[C@@]5(C)CCCC(C)(C)[C@@H]5CC[C@@]4(C)[C@]3(C)CC[C@@H]12,True,C30_long_prenyl_like::MARTS_RXN_000c8b710696a6c3
MARTS_RXN_6e2469281324cc27,CC(C)=CCCC(C)=CCCC(C)=CCOP(=O)([O-])OP(=O)([O-])[O-]>>C=C(C)C1C=C2C(C)CCC2C(C)CC1,CC(C)=CCC/C(C)=C/CC/C(C)=C/COP(=O)([O-])OP(=O)([O-])[O-]>>C=C(C)C1C=C2C(C)CCC2C(C)CC1,True,C15_FPP_like::MARTS_RXN_6e2469281324cc27
MARTS_RXN_2f66322fcd3079e5,CC(C)=CCCC(C)=CCCC(C)=CCOP(=O)([O-])OP(=O)([O-])[O-]>>C=C(C)C1CC=C(C)CCC=C(C)CC1,CC(C)=CCC/C(C)=C/CC/C(C)=C/COP(=O)([O-])OP(=O)([O-])[O-]>>C=C(C)[C@@H]1C/C=C(\C)CC/C=C(\C)CC1,True,C15_FPP_like::MARTS_RXN_2f66322fcd3079e5
MARTS_RXN_445d3ade582cd4d9,CC(C)=CCCC(C)=CCCC(C)=CCOP(=O)([O-])OP(=O)([O-])[O-]>>C=C(C)C1CC=C2CCCC(C)C2(C)C1,CC(C)=CCC/C(C)=C/CC/C(C)=C/COP(=O)([O-])OP(=O)([O-])[O-]>>C=C(C)[C@H]1CC=C2CCC[C@H](C)[C@@]2(C)C1,True,C15_FPP_like::MARTS_RXN_12ea767952411492
MARTS_RXN_1da1a2f90d9e4a78,CC(C)=CCCC(C)=CCCC(C)=CCOP(=O)([O-])OP(=O)([O-])[O-]>>C=C(C)C1CCC(C)(O)C2CCC(C)C2C1,CC(C)=CCC/C(C)=C/CC/C(C)=C/COP(=O)([O-])OP(=O)([O-])[O-]>>C=C(C)[C@@H]1CC[C@](C)(O)[C@@H]2CC[C@H](C)[C@@H]2C1,False,C15_FPP_like::MARTS_RXN_1da1a2f90d9e4a78
MARTS_RXN_ed65fc0ae86103c3,CC(C)=CCCC(C)=CCCC(C)=CCOP(=O)([O-])OP(=O)([O-])[O-]>>C=C(C)C1CCC(C)=C2CCC(C)C2C1,CC(C)=CCC/C(C)=C/CC/C(C)=C/COP(=O)([O-])OP(=O)([O-])[O-]>>C=C(C)[C@@H]1CCC(C)=C2CC[C@H](C)[C@@H]2C1,False,C15_FPP_like::MARTS_RXN_ed65fc0ae86103c3
MARTS_RXN_ff929cfe081f4057,CC(C)=CCCC(C)=CCCC(C)=CCOP(=O)([O-])OP(=O)([O-])[O-]>>C=C(C)C1CCC(C)C12CC=C(C)CC2,CC(C)=CCC/C(C)=C/CC/C(C)=C/COP(=O)([O-])OP(=O)([O-])[O-]>>C=C(C)[C@@H]1CC[C@@H](C)[C@@]12CC=C(C)CC2,True,C15_FPP_like::MARTS_RXN_f3ae22de5b08f4aa
MARTS_RXN_f2690fb4e1d62b13,CC(C)=CCCC(C)=CCCC(C)=CCOP(=O)([O-])OP(=O)([O-])[O-]>>C=C(C)C1CCC(C)C2=C(C1)C(C)CC2,CC(C)=CCC/C(C)=C/CC/C(C)=C/COP(=O)([O-])OP(=O)([O-])[O-]>>C=C(C)[C@@H]1CC[C@H](C)C2=C(C1)[C@@H](C)CC2,True,C15_FPP_like::MARTS_RXN_f2690fb4e1d62b13
MARTS_RXN_848e51b53c9f935b,CC(C)=CCCC(C)=CCCC(C)=CCOP(=O)([O-])OP(=O)([O-])[O-]>>C=C(C)C1CCC(C)C2=C1CC(C)(C)C2,CC(C)=CCC/C(C)=C/CC/C(C)=C/COP(=O)([O-])OP(=O)([O-])[O-]>>C=C(C)[C@H]1CC[C@@H](C)C2=C1CC(C)(C)C2,False,C15_FPP_like::MARTS_RXN_848e51b53c9f935b
MARTS_RXN_7f2bc36bf81b2ed7,CC(C)=CCCC(C)=CCCC(C)=CCOP(=O)([O-])OP(=O)([O-])[O-]>>C=C(C)C1CCC(C)C2CCC(C)=CC12,CC(C)=CCC/C(C)=C/CC/C(C)=C/COP(=O)([O-])OP(=O)([O-])[O-]>>C=C(C)[C@@H]1CC[C@@H](C)[C@@H]2CCC(C)=C[C@@H]21,True,C15_FPP_like::MARTS_RXN_7f2bc36bf81b2ed7
MARTS_RXN_5f75005031269547,CC(C)=CCCC(C)=CCCC(C)=CCOP(=O)([O-])OP(=O)([O-])[O-]>>C=C(C)C1CCC2(C)C3CCC(C)C3C12,CC(C)=CCC/C(C)=C/CC/C(C)=C/COP(=O)([O-])OP(=O)([O-])[O-]>>C=C(C)[C@H]1CC[C@]2(C)[C@H]1[C@@H]1[C@H]2CC[C@@H]1C,False,C15_FPP_like::MARTS_RXN_5f75005031269547
MARTS_RXN_ed21a7eee84cf790,CC(C)=CCCC(C)=CCCC(C)=CCOP(=O)([O-])OP(=O)([O-])[O-]>>C=C(C)C1CCC2(C)CCC=C(C)C2C1,CC(C)=CCC/C(C)=C/CC/C(C)=C/COP(=O)([O-])OP(=O)([O-])[O-]>>C=C(C)[C@H]1CC[C@@]2(C)CCC=C(C)[C@@H]2C1,True,C15_FPP_like::MARTS_RXN_577afee79e2cab7f
MARTS_RXN_e534dc4a16ad7354,CC(C)=CCCC(C)=CCCC(C)=CCOP(=O)([O-])OP(=O)([O-])[O-]>>C=C(C)C1CCC2(C)CCCC(=C)C2C1,CC(C)=CCC/C(C)=C/CC/C(C)=C/COP(=O)([O-])OP(=O)([O-])[O-]>>C=C(C)[C@@H]1CC[C@@]2(C)CCCC(=C)[C@@H]2C1,True,C15_FPP_like::MARTS_RXN_577afee79e2cab7f
MARTS_RXN_877408d79e1b5e00,CC(C)=CCCC(C)=CCCC(C)=CCOP(=O)([O-])OP(=O)([O-])[O-]>>C=C(C)C1CCC2(C)CCCC(C)(O)C2C1,CC(C)=CCC/C(C)=C/CC/C(C)=C/COP(=O)([O-])OP(=O)([O-])[O-]>>C=C(C)[C@@H]1CC[C@]2(C)CCC[C@](C)(O)[C@H]2C1,False,C15_FPP_like::MARTS_RXN_577afee79e2cab7f
MARTS_RXN_12ea767952411492,CC(C)=CCCC(C)=CCCC(C)=CCOP(=O)([O-])OP(=O)([O-])[O-]>>C=C(C)C1CCC2(C1)C(C)=CCCC2C,CC(C)=CCC/C(C)=C/CC/C(C)=C/COP(=O)([O-])OP(=O)([O-])[O-]>>C=C(C)[C@@H]1CC[C@@]2(C1)C(C)=CCC[C@H]2C,False,C15_FPP_like::MARTS_RXN_12ea767952411492
MARTS_RXN_6701a8c266660d4b,CC(C)=CCCC(C)=CCCC(C)=CCOP(=O)([O-])OP(=O)([O-])[O-]>>C=C(C)C1CCC2=CCCC(C)C2(C)C1,CC(C)=CCC/C(C)=C/CC/C(C)=C/COP(=O)([O-])OP(=O)([O-])[O-]>>C=C(C)[C@H]1CCC2=CCC[C@@H](C)[C@]2(C)C1,True,C15_FPP_like::MARTS_RXN_12ea767952411492
MARTS_RXN_e7e4baa8593b105a,CC(C)=CCCC(C)=CCCC(C)=CCOP(=O)([O-])OP(=O)([O-])[O-]>>C=C(CCC=C(C)C)C1CC=C(C)CC1,CC(C)=CCC/C(C)=C/CC/C(C)=C/COP(=O)([O-])OP(=O)([O-])[O-]>>C=C(CCC=C(C)C)[C@@H]1CC=C(C)CC1,True,C15_FPP_like::MARTS_RXN_2f66322fcd3079e5
MARTS_RXN_67805eaea5cd75f4,CC(C)=CCCC(C)=CCCC(C)=CCOP(=O)([O-])OP(=O)([O-])[O-]>>C=C1C2CCC(C2)C1(C)CCC=C(C)C,CC(C)=CCC/C(C)=C/CC/C(C)=C/COP(=O)([O-])OP(=O)([O-])[O-]>>C=C1[C@@H]2CC[C@@H](C2)[C@@]1(C)CCC=C(C)C,True,C15_FPP_like::MARTS_RXN_67805eaea5cd75f4
MARTS_RXN_5d4a8a447c7ef94b,CC(C)=CCCC(C)=CCCC(C)=CCOP(=O)([O-])OP(=O)([O-])[O-]>>C=C1C2CCC3(C)C(C2)C(C)CCC13C,CC(C)=CCC/C(C)=C/CC/C(C)=C/COP(=O)([O-])OP(=O)([O-])[O-]>>C=C1[C@@H]2CC[C@@]3(C)[C@@H](C2)[C@@H](C)CC[C@@]13C,False,C15_FPP_like::MARTS_RXN_5d4a8a447c7ef94b
MARTS_RXN_2553bd9296f451ae,CC(C)=CCCC(C)=CCCC(C)=CCOP(=O)([O-])OP(=O)([O-])[O-]>>C=C1C2CCC3C2C(C(C)C)CCC13C,CC(C)=CCC/C(C)=C/CC/C(C)=C/COP(=O)([O-])OP(=O)([O-])[O-]>>C=C1[C@@H]2CC[C@H]3[C@@H]2[C@@H](C(C)C)CC[C@@]13C,True,C15_FPP_like::MARTS_RXN_2553bd9296f451ae
MARTS_RXN_363a7d5a8012bceb,CC(C)=CCCC(C)=CCCC(C)=CCOP(=O)([O-])OP(=O)([O-])[O-]>>C=C1C2CCC3C2C(C)(C)CCCC13C,CC(C)=CCC/C(C)=C/CC/C(C)=C/COP(=O)([O-])OP(=O)([O-])[O-]>>C=C1C2CCC3C2C(C)(C)CCCC13C,True,C15_FPP_like::MARTS_RXN_363a7d5a8012bceb
MARTS_RXN_273d945266e1a548,CC(C)=CCCC(C)=CCCC(C)=CCOP(=O)([O-])OP(=O)([O-])[O-]>>C=C1C=C2C(C(C)C)CCC(C)C2CC1,CC(C)=CCC/C(C)=C/CC/C(C)=C/COP(=O)([O-])OP(=O)([O-])[O-]>>C=C1C=C2[C@@H](CC1)[C@H](C)CC[C@@H]2C(C)C,True,C15_FPP_like::MARTS_RXN_1428f098b24c82b2
MARTS_RXN_3d09cb5fb80099ee,CC(C)=CCCC(C)=CCCC(C)=CCOP(=O)([O-])OP(=O)([O-])[O-]>>C=C1C=C2C(CC1)C(C)CCCC2(C)C,CC(C)=CCC/C(C)=C/CC/C(C)=C\COP(=O)([O-])OP(=O)([O-])[O-]>>C=C1C=C2[C@@H](CC1)[C@H](C)CCCC2(C)C,False,C15_FPP_like::MARTS_RXN_3d09cb5fb80099ee
MARTS_RXN_a9dae59672a6db7a,CC(C)=CCCC(C)=CCCC(C)=CCOP(=O)([O-])OP(=O)([O-])[O-]>>C=C1C=CC(C(C)C)CCC(C)=CCC1,CC(C)=CCC/C(C)=C/CC/C(C)=C/COP(=O)([O-])OP(=O)([O-])[O-]>>C=C1/C=C/[C@H](C(C)C)CC/C(C)=C/CC1,True,C15_FPP_like::MARTS_RXN_a9dae59672a6db7a
MARTS_RXN_e7b4ed13dce41111,CC(C)=CCCC(C)=CCCC(C)=CCOP(=O)([O-])OP(=O)([O-])[O-]>>C=C1C=CC(C(C)CCC=C(C)C)CC1,CC(C)=CCC/C(C)=C/CC/C(C)=C/COP(=O)([O-])OP(=O)([O-])[O-]>>C=C1C=C[C@@H]([C@@H](C)CCC=C(C)C)CC1,True,C15_FPP_like::MARTS_RXN_4ea065b2a78469c4
MARTS_RXN_0f583a4fa8e06eb8,CC(C)=CCCC(C)=CCCC(C)=CCOP(=O)([O-])OP(=O)([O-])[O-]>>C=C1C=CC(C)(C)CCCC(C)=CCC1,CC(C)=CCC/C(C)=C/CC/C(C)=C/COP(=O)([O-])OP(=O)([O-])[O-]>>C=C1/C=C/C(C)(C)CCC/C(C)=C/CC1,True,C15_FPP_like::MARTS_RXN_0f583a4fa8e06eb8
MARTS_RXN_20e1b5e4c86aa80d,CC(C)=CCCC(C)=CCCC(C)=CCOP(=O)([O-])OP(=O)([O-])[O-]>>C=C1CCC(C(C)C)=CC2C(C)CCC12,CC(C)=CCC/C(C)=C/CC/C(C)=C/COP(=O)([O-])OP(=O)([O-])[O-]>>C=C1CCC(C(C)C)=C[C@@H]2[C@H](C)CC[C@@H]12,True,C15_FPP_like::MARTS_RXN_0d73bf3c23ca2234
MARTS_RXN_37c622385e922d2e,CC(C)=CCCC(C)=CCCC(C)=CCOP(=O)([O-])OP(=O)([O-])[O-]>>C=C1CCC(C(C)C)C12CC=C(C)CC2,CC(C)=CCC/C(C)=C/CC/C(C)=C/COP(=O)([O-])OP(=O)([O-])[O-]>>C=C1CC[C@@H](C(C)C)C12CC=C(C)CC2,False,C15_FPP_like::MARTS_RXN_37c622385e922d2e
MARTS_RXN_484a249db6f91749,CC(C)=CCCC(C)=CCCC(C)=CCOP(=O)([O-])OP(=O)([O-])[O-]>>C=C1CCC(C(C)C)C2C=C(C)CCC12,CC(C)=CCC/C(C)=C/CC/C(C)=C/COP(=O)([O-])OP(=O)([O-])[O-]>>C=C1CC[C@@H](C(C)C)[C@@H]2C=C(C)CC[C@@H]12,True,C15_FPP_like::MARTS_RXN_484a249db6f91749
MARTS_RXN_d285caca89e1ff23,CC(C)=CCCC(C)=CCCC(C)=CCOP(=O)([O-])OP(=O)([O-])[O-]>>C=C1CCC2(C(C)CCC=C(C)C)CC12,CC(C)=CCC/C(C)=C/CC/C(C)=C/COP(=O)([O-])OP(=O)([O-])[O-]>>C=C1CC[C@]2([C@H](C)CCC=C(C)C)C[C@H]12,True,C15_FPP_like::MARTS_RXN_d285caca89e1ff23
MARTS_RXN_e46dc8f06a5009ad,CC(C)=CCCC(C)=CCCC(C)=CCOP(=O)([O-])OP(=O)([O-])[O-]>>C=C1CCC2(C)CC1C1(C)CCCC21C,CC(C)=CCC/C(C)=C/CC/C(C)=C/COP(=O)([O-])OP(=O)([O-])[O-]>>C=C1CC[C@]2(C)C[C@H]1[C@]1(C)CCC[C@]21C,True,C15_FPP_like::MARTS_RXN_3a4f24000917253d
MARTS_RXN_e2930242d2ecb089,CC(C)=CCCC(C)=CCCC(C)=CCOP(=O)([O-])OP(=O)([O-])[O-]>>C=C1CCC23C(C)CCC(C(C)C)C2C13,CC(C)=CCC/C(C)=C/CC/C(C)=C/COP(=O)([O-])OP(=O)([O-])[O-]>>C=C1CC[C@@]23[C@@H]([C@@H]12)[C@H](C(C)C)CC[C@H]3C,True,C15_FPP_like::MARTS_RXN_3ae1fc659b1448c6
MARTS_RXN_af6c10b224526fc4,CC(C)=CCCC(C)=CCCC(C)=CCOP(=O)([O-])OP(=O)([O-])[O-]>>C=C1CCC2C(C)CCC3C(C12)C3(C)C,CC(C)=CCC/C(C)=C/CC/C(C)=C/COP(=O)([O-])OP(=O)([O-])[O-]>>C=C1CC[C@H]2[C@@H]1[C@H]1[C@@H](CC[C@H]2C)C1(C)C,False,C15_FPP_like::MARTS_RXN_1b487b81876e118b
MARTS_RXN_1b487b81876e118b,CC(C)=CCCC(C)=CCCC(C)=CCOP(=O)([O-])OP(=O)([O-])[O-]>>C=C1CCC2C(C3C(C)CCC13)C2(C)C,CC(C)=CCC/C(C)=C/CC/C(C)=C/COP(=O)([O-])OP(=O)([O-])[O-]>>C=C1CC[C@H]2[C@@H]([C@H]3[C@@H](C)CC[C@@H]13)C2(C)C,True,C15_FPP_like::MARTS_RXN_1b487b81876e118b
MARTS_RXN_aa08b38a4b890e6d,CC(C)=CCCC(C)=CCCC(C)=CCOP(=O)([O-])OP(=O)([O-])[O-]>>C=C1CCC2C3C(C(C)C)CCC2(C)C13,CC(C)=CCC/C(C)=C/CC/C(C)=C/COP(=O)([O-])OP(=O)([O-])[O-]>>C=C1CC[C@H]2[C@H]3C1[C@@]2(C)CC[C@H]3C(C)C,True,C15_FPP_like::MARTS_RXN_aa08b38a4b890e6d
MARTS_RXN_697ad09519496911,CC(C)=CCCC(C)=CCCC(C)=CCOP(=O)([O-])OP(=O)([O-])[O-]>>C=C1CCC2C3C1C2(C)CCCC3(C)C,CC(C)=CCC/C(C)=C/CC/C(C)=C/COP(=O)([O-])OP(=O)([O-])[O-]>>C=C1CCC2C3C1C2(C)CCCC3(C)C,False,C15_FPP_like::MARTS_RXN_697ad09519496911
MARTS_RXN_efb5de73536ca75d,CC(C)=CCCC(C)=CCCC(C)=CCOP(=O)([O-])OP(=O)([O-])[O-]>>C=C1CCC2CC1C2(C)CCC=C(C)C,CC(C)=CCC/C(C)=C/CC/C(C)=C/COP(=O)([O-])OP(=O)([O-])[O-]>>C=C1CC[C@H]2C[C@@H]1[C@@]2(C)CCC=C(C)C,True,C15_FPP_like::MARTS_RXN_67805eaea5cd75f4
MARTS_RXN_45be1b4caa766730,CC(C)=CCCC(C)=CCCC(C)=CCOP(=O)([O-])OP(=O)([O-])[O-]>>C=C1CCC2CC3(C)CCC(C)(C)C3C12,CC(C)=CCC/C(C)=C/CC/C(C)=C/COP(=O)([O-])OP(=O)([O-])[O-]>>C=C1CC[C@H]2C[C@]3(C)CCC(C)(C)[C@@H]3[C@@H]12,False,C15_FPP_like::MARTS_RXN_45be1b4caa766730
MARTS_RXN_574cd0378c5f164d,CC(C)=CCCC(C)=CCCC(C)=CCOP(=O)([O-])OP(=O)([O-])[O-]>>C=C1CCC2CC3CC(C)(C)CC3C12C,CC(C)=CCC/C(C)=C/CC/C(C)=C/COP(=O)([O-])OP(=O)([O-])[O-]>>C=C1CC[C@@H]2C[C@H]3CC(C)(C)C[C@H]3[C@]12C,False,C15_FPP_like::MARTS_RXN_574cd0378c5f164d
MARTS_RXN_b0d6adf0f8f25e7b,CC(C)=CCCC(C)=CCCC(C)=CCOP(=O)([O-])OP(=O)([O-])[O-]>>C=C1CCC=C(C)CCC2C1CC2(C)C,CC(C)=CCC/C(C)=C/CC/C(C)=C/COP(=O)([O-])OP(=O)([O-])[O-]>>C=C1CC/C=C(\C)CC[C@H]2[C@H]1CC2(C)C,True,C15_FPP_like::MARTS_RXN_b0d6adf0f8f25e7b
MARTS_RXN_1e265ed0245aab34,CC(C)=CCCC(C)=CCCC(C)=CCOP(=O)([O-])OP(=O)([O-])[O-]>>C=C1CCCC(C)(C)C12CC=C(C)CC2,CC(C)=CCC/C(C)=C/CC/C(C)=C/COP(=O)([O-])OP(=O)([O-])[O-]>>C=C1CCCC(C)(C)[C@]12CC=C(C)CC2,True,C15_FPP_like::MARTS_RXN_1e265ed0245aab34
MARTS_RXN_82dc7487f6ef8ea3,CC(C)=CCCC(C)=CCCC(C)=CCOP(=O)([O-])OP(=O)([O-])[O-]>>C=C1CCCC(C)(C)C2C=C(C)CCC12,CC(C)=CCC/C(C)=C/CC/C(C)=C/COP(=O)([O-])OP(=O)([O-])[O-]>>C=C1CCCC(C)(C)C2C=C(C)CCC12,True,C15_FPP_like::MARTS_RXN_7e7a4dec11c772f2
MARTS_RXN_2642b09ac3c03635,CC(C)=CCCC(C)=CCCC(C)=CCOP(=O)([O-])OP(=O)([O-])[O-]>>C=C1CCCC1(C)C1(C)CC=C(C)CC1,CC(C)=CCC/C(C)=C/CC/C(C)=C/COP(=O)([O-])OP(=O)([O-])[O-]>>C=C1CCC[C@]1(C)[C@]1(C)CC=C(C)CC1,True,C15_FPP_like::MARTS_RXN_1e265ed0245aab34
MARTS_RXN_38d26f0aa1b1f071,CC(C)=CCCC(C)=CCCC(C)=CCOP(=O)([O-])OP(=O)([O-])[O-]>>C=C1CCCC2(C)C3CCC12CC3(C)C,CC(C)=CCC/C(C)=C/CC/C(C)=C/COP(=O)([O-])OP(=O)([O-])[O-]>>C=C1CCCC2(C)C3CCC12CC3(C)C,False,C15_FPP_like::MARTS_RXN_38d26f0aa1b1f071
MARTS_RXN_577afee79e2cab7f,CC(C)=CCCC(C)=CCCC(C)=CCOP(=O)([O-])OP(=O)([O-])[O-]>>C=C1CCCC2(C)CCC(=C(C)C)CC12,CC(C)=CCC/C(C)=C/CC/C(C)=C/COP(=O)([O-])OP(=O)([O-])[O-]>>C=C1CCC[C@]2(C)CCC(=C(C)C)C[C@@H]12,True,C15_FPP_like::MARTS_RXN_577afee79e2cab7f
MARTS_RXN_e97dbd3ee1e19b8f,CC(C)=CCCC(C)=CCCC(C)=CCOP(=O)([O-])OP(=O)([O-])[O-]>>C=C1CCCC2(C)CCC(C(C)(C)O)CC12,CC(C)=CCC/C(C)=C/CC/C(C)=C/COP(=O)([O-])OP(=O)([O-])[O-]>>C=C1CCC[C@]2(C)CC[C@@H](C(C)(C)O)C[C@@H]12,True,C15_FPP_like::MARTS_RXN_577afee79e2cab7f
MARTS_RXN_0f70e41209369141,CC(C)=CCCC(C)=CCCC(C)=CCOP(=O)([O-])OP(=O)([O-])[O-]>>C=C1CCCC2(C)CCC(C(C)C)=CC12,CC(C)=CCC/C(C)=C/CC/C(C)=C/COP(=O)([O-])OP(=O)([O-])[O-]>>C=C1CCCC2(C)CCC(C(C)C)=CC12,True,C15_FPP_like::MARTS_RXN_0f70e41209369141
MARTS_RXN_c16bf87bd5f1509c,CC(C)=CCCC(C)=CCCC(C)=CCOP(=O)([O-])OP(=O)([O-])[O-]>>C=C1CCCC2(C)CCC(C(C)C)C(O)C12,CC(C)=CCC/C(C)=C/CC/C(C)=C/COP(=O)([O-])OP(=O)([O-])[O-]>>C=C1CCC[C@@]2(C)CC[C@@H](C(C)C)[C@H](O)[C@@H]12,True,C15_FPP_like::MARTS_RXN_c16bf87bd5f1509c
MARTS_RXN_91d7d339e1488bd0,CC(C)=CCCC(C)=CCCC(C)=CCOP(=O)([O-])OP(=O)([O-])[O-]>>C=CC(=C)CCC=C(C)CCC=C(C)C,CC(C)=CCC/C(C)=C/CC/C(C)=C/COP(=O)([O-])OP(=O)([O-])[O-]>>C=CC(=C)CC/C=C(\C)CCC=C(C)C,True,C15_FPP_like::MARTS_RXN_4e8885af0277ca69
MARTS_RXN_8f56554fbb1e0d18,CC(C)=CCCC(C)=CCCC(C)=CCOP(=O)([O-])OP(=O)([O-])[O-]>>C=CC(C)(O)CCC=C(C)CCC=C(C)C,CC(C)=CCC/C(C)=C/CC/C(C)=C/COP(=O)([O-])OP(=O)([O-])[O-]>>C=CC(C)(O)CC/C=C(\C)CCC=C(C)C,True,C15_FPP_like::MARTS_RXN_4e8885af0277ca69
MARTS_RXN_a0be9c90f829e36d,CC(C)=CCCC(C)=CCCC(C)=CCOP(=O)([O-])OP(=O)([O-])[O-]>>C=CC(C)=CCC=C(C)CCC=C(C)C,CC(C)=CCC/C(C)=C/CC/C(C)=C/COP(=O)([O-])OP(=O)([O-])[O-]>>C=C/C(C)=C\C/C=C(\C)CCC=C(C)C,True,C15_FPP_like::MARTS_RXN_4e8885af0277ca69
MARTS_RXN_e5945b3aed7e026a,CC(C)=CCCC(C)=CCCC(C)=CCOP(=O)([O-])OP(=O)([O-])[O-]>>C=CC1(C)CCC(C(=C)C)CC1C(=C)C,CC(C)=CCC/C(C)=C/CC/C(C)=C/COP(=O)([O-])OP(=O)([O-])[O-]>>C=C[C@]1(C)CC[C@@H](C(=C)C)C[C@H]1C(=C)C,True,C15_FPP_like::MARTS_RXN_2e27139e482a6dfd
MARTS_RXN_2e27139e482a6dfd,CC(C)=CCCC(C)=CCCC(C)=CCOP(=O)([O-])OP(=O)([O-])[O-]>>C=CC1(C)CCC(C(C)(C)O)CC1C(=C)C,CC(C)=CCC/C(C)=C/CC/C(C)=C/COP(=O)([O-])OP(=O)([O-])[O-]>>C=C[C@]1(C)CC[C@@H](C(C)(C)O)C[C@H]1C(=C)C,False,C15_FPP_like::MARTS_RXN_2e27139e482a6dfd
MARTS_RXN_529b3e1ea6d5d85a,CC(C)=CCCC(C)=CCCC(C)=CCOP(=O)([O-])OP(=O)([O-])[O-]>>C=CC1(C)CCC(C(C)C)=CC1C(=C)C,CC(C)=CCC/C(C)=C/CC/C(C)=C/COP(=O)([O-])OP(=O)([O-])[O-]>>C=C[C@@]1(C)CCC(C(C)C)=C[C@@H]1C(=C)C,False,C15_FPP_like::MARTS_RXN_529b3e1ea6d5d85a
MARTS_RXN_07865104318f5787,CC(C)=CCCC(C)=CCCC(C)=CCOP(=O)([O-])OP(=O)([O-])[O-]>>C=CC1(C)CCC(C(C)C)C(O)C1C(=C)C,CC(C)=CCC/C(C)=C/CC/C(C)=C/COP(=O)([O-])OP(=O)([O-])[O-]>>C=CC1(C)CCC(C(C)C)C(O)C1C(=C)C,False,C15_FPP_like::MARTS_RXN_07865104318f5787
MARTS_RXN_d4f733465fb3692b,CC(C)=CCCC(C)=CCCC(C)=CCOP(=O)([O-])OP(=O)([O-])[O-]>>C=CC1(C)CCC2C(C1C(=C)C)C2(C)C,CC(C)=CCC/C(C)=C/CC/C(C)=C/COP(=O)([O-])OP(=O)([O-])[O-]>>C=C[C@]1(C)CC[C@@H]2[C@H]([C@@H]1C(=C)C)C2(C)C,False,C15_FPP_like::MARTS_RXN_07865104318f5787
MARTS_RXN_c10979d29e2cb6a7,CC(C)=CCCC(C)=CCCC(C)=CCOP(=O)([O-])OP(=O)([O-])[O-]>>CC(C)=CC1CCC(C)C2CCC(C)=C12,CC(C)=CCC/C(C)=C/CC/C(C)=C/COP(=O)([O-])OP(=O)([O-])[O-]>>CC(C)=C[C@@H]1CC[C@@H](C)[C@H]2CCC(C)=C12,True,C15_FPP_like::MARTS_RXN_c10979d29e2cb6a7
MARTS_RXN_9063c0c9ffabebd5,CC(C)=CCCC(C)=CCCC(C)=CCOP(=O)([O-])OP(=O)([O-])[O-]>>CC(C)=CCC=C(C)C1CC=C(C)CC1,CC(C)=CCC/C(C)=C/CC/C(C)=C/COP(=O)([O-])OP(=O)([O-])[O-]>>CC(C)=CC/C=C(/C)C1CC=C(C)CC1,True,C15_FPP_like::MARTS_RXN_2f66322fcd3079e5
MARTS_RXN_784e9972f718f138,CC(C)=CCCC(C)=CCCC(C)=CCOP(=O)([O-])OP(=O)([O-])[O-]>>CC(C)=CCCC(C)(O)C1CC=C(C)CC1,CC(C)=CCC/C(C)=C/CC/C(C)=C/COP(=O)([O-])OP(=O)([O-])[O-]>>CC(C)=CCCC(C)(O)C1CC=C(C)CC1,True,C15_FPP_like::MARTS_RXN_2f66322fcd3079e5
MARTS_RXN_6d4b93a57332c8e7,CC(C)=CCCC(C)=CCCC(C)=CCOP(=O)([O-])OP(=O)([O-])[O-]>>CC(C)=CCCC(C)=C1CC=C(C)CC1,CC(C)=CCC/C(C)=C/CC/C(C)=C/COP(=O)([O-])OP(=O)([O-])[O-]>>CC(C)=CCC/C(C)=C1\CC=C(C)CC1,True,C15_FPP_like::MARTS_RXN_6d4b93a57332c8e7
MARTS_RXN_8d049834636c4bf1,CC(C)=CCCC(C)=CCCC(C)=CCOP(=O)([O-])OP(=O)([O-])[O-]>>CC(C)=CCCC(C)=CCCC(C)=CC1C(CO)C1(C)CCC=C(C)CCC=C(C)C,CC(C)=CCC/C(C)=C/CC/C(C)=C/COP(=O)([O-])OP(=O)([O-])[O-]>>CC(C)=CCC/C(C)=C/CC/C(C)=C/[C@H]1[C@H](CO)[C@@]1(C)CC/C=C(\C)CCC=C(C)C,False,C15_FPP_like::MARTS_RXN_8d049834636c4bf1
MARTS_RXN_df155569071abbaf,CC(C)=CCCC(C)=CCCC(C)=CCOP(=O)([O-])OP(=O)([O-])[O-]>>CC(C)=CCCC(C)=CCCC(C)=CC1C(COP(=O)([O-])OP(=O)([O-])[O-])C1(C)CCC=C(C)CCC=C(C)C,CC(C)=CCC/C(C)=C/CC/C(C)=C/COP(=O)([O-])OP(=O)([O-])[O-]>>CC(C)=CCC/C(C)=C/CC/C(C)=C/[C@H]1[C@H](COP(=O)([O-])OP(=O)([O-])[O-])[C@@]1(C)CC/C=C(\C)CCC=C(C)C,True,C15_FPP_like::MARTS_RXN_8d049834636c4bf1
MARTS_RXN_c38237fa511c255a,CC(C)=CCCC(C)=CCCC(C)=CCOP(=O)([O-])OP(=O)([O-])[O-]>>CC(C)=CCCC(C)=CCCC(C)=CC=CC=C(C)CCC=C(C)CCC=C(C)C,CC(C)=CCC/C(C)=C/CC/C(C)=C/COP(=O)([O-])OP(=O)([O-])[O-]>>CC(C)=CCC/C(C)=C/CC/C(C)=C/C=C\C=C(/C)CC/C=C(\C)CCC=C(C)C,False,C15_FPP_like::MARTS_RXN_4e8885af0277ca69
MARTS_RXN_c30abce3ed2d10fa,CC(C)=CCCC(C)=CCCC(C)=CCOP(=O)([O-])OP(=O)([O-])[O-]>>CC(C)=CCCC(C)=CCCC(C)=CCCC(C)=CCOP(=O)([O-])OP(=O)([O-])[O-],CC(C)=CCC/C(C)=C/CC/C(C)=C/COP(=O)([O-])OP(=O)([O-])[O-]>>CC(C)=CCC/C(C)=C/CC/C(C)=C/CC/C(C)=C/COP(=O)([O-])OP(=O)([O-])[O-],True,C15_FPP_like::MARTS_RXN_8d049834636c4bf1
MARTS_RXN_68d7c7a6b97fc6da,CC(C)=CCCC(C)=CCCC(C)=CCOP(=O)([O-])OP(=O)([O-])[O-]>>CC(C)=CCCC(C)=CCCC(C)=CCCC=C(C)CCC=C(C)CCC=C(C)C,CC(C)=CCC/C(C)=C/CC/C(C)=C/COP(=O)([O-])OP(=O)([O-])[O-]>>CC(C)=CCC/C(C)=C/CC/C(C)=C/CC/C=C(\C)CC/C=C(\C)CCC=C(C)C,False,C15_FPP_like::MARTS_RXN_4e8885af0277ca69
MARTS_RXN_f7bbe0adf8b8ddb5,CC(C)=CCCC(C)=CCCC(C)=CCOP(=O)([O-])OP(=O)([O-])[O-]>>CC(C)=CCCC(C)=CCCC(C)=CCO,CC(C)=CCC/C(C)=C/CC/C(C)=C/COP(=O)([O-])OP(=O)([O-])[O-]>>CC(C)=CCC/C(C)=C/CC/C(C)=C/CO,True,C15_FPP_like::MARTS_RXN_4e8885af0277ca69
MARTS_RXN_4e8885af0277ca69,CC(C)=CCCC(C)=CCCC(C)=CCOP(=O)([O-])OP(=O)([O-])[O-]>>CC(C)=CCCC(C)=CCCC(C)=CCOCC=C(C)CCC=C(C)CCC=C(C)C,CC(C)=CCC/C(C)=C/CC/C(C)=C/COP(=O)([O-])OP(=O)([O-])[O-]>>CC(C)=CCC/C(C)=C/CC/C(C)=C/COC/C=C(\C)CC/C=C(\C)CCC=C(C)C,False,C15_FPP_like::MARTS_RXN_4e8885af0277ca69
MARTS_RXN_e51c77fbe5d6e84c,CC(C)=CCCC(C)=CCCC(C)=CCOP(=O)([O-])OP(=O)([O-])[O-]>>CC(C)=CCCC(C)C12CC=C(C)C1C2,CC(C)=CCC/C(C)=C/CC/C(C)=C/COP(=O)([O-])OP(=O)([O-])[O-]>>CC(C)=CCC[C@@H](C)[C@@]12CC=C(C)[C@@H]1C2,True,C15_FPP_like::MARTS_RXN_d285caca89e1ff23
MARTS_RXN_01511fe455cdde25,CC(C)=CCCC(C)=CCCC(C)=CCOP(=O)([O-])OP(=O)([O-])[O-]>>CC(C)=CCCC(C)C1=CC=C(C)CC1,CC(C)=CCC/C(C)=C/CC/C(C)=C/COP(=O)([O-])OP(=O)([O-])[O-]>>CC(C)=CCC[C@@H](C)C1=CC=C(C)CC1,True,C15_FPP_like::MARTS_RXN_01511fe455cdde25
MARTS_RXN_cffca17c4e58c2b9,CC(C)=CCCC(C)=CCCC(C)=CCOP(=O)([O-])OP(=O)([O-])[O-]>>CC(C)=CCCC(C)C1=CCC(C)=CC1,CC(C)=CCC/C(C)=C/CC/C(C)=C/COP(=O)([O-])OP(=O)([O-])[O-]>>CC(C)=CCC[C@@H](C)C1=CCC(C)=CC1,False,C15_FPP_like::MARTS_RXN_01511fe455cdde25
MARTS_RXN_4ea065b2a78469c4,CC(C)=CCCC(C)=CCCC(C)=CCOP(=O)([O-])OP(=O)([O-])[O-]>>CC(C)=CCCC(C)C1C=CC(C)=CC1,CC(C)=CCC/C(C)=C/CC/C(C)=C/COP(=O)([O-])OP(=O)([O-])[O-]>>CC(C)=CCC[C@H](C)[C@@H]1C=CC(C)=CC1,True,C15_FPP_like::MARTS_RXN_4ea065b2a78469c4
MARTS_RXN_ba7b0f03f6da410b,CC(C)=CCCC(C)=CCCC(C)=CCOP(=O)([O-])OP(=O)([O-])[O-]>>CC(C)=CCCC(C)C1CCC(C)=CC1O,CC(C)=CCC/C(C)=C/CC/C(C)=C/COP(=O)([O-])OP(=O)([O-])[O-]>>CC(C)=CCCC(C)C1CCC(C)=CC1O,True,C15_FPP_like::MARTS_RXN_ba7b0f03f6da410b
MARTS_RXN_6bd0977b42d0b28e,CC(C)=CCCC(C)=CCCC(C)=CCOP(=O)([O-])OP(=O)([O-])[O-]>>CC(C)=CCCC(C)c1ccc(C)cc1,CC(C)=CCC/C(C)=C/CC/C(C)=C/COP(=O)([O-])OP(=O)([O-])[O-]>>CC(C)=CCCC(C)c1ccc(C)cc1,False,C15_FPP_like::MARTS_RXN_6bd0977b42d0b28e
MARTS_RXN_96dd0e42f0581580,CC(C)=CCCC(C)=CCCC(C)=CCOP(=O)([O-])OP(=O)([O-])[O-]>>CC(C)=CCCC1(C)C2CC3C(C2)C31C,CC(C)=CCC/C(C)=C/CC/C(C)=C/COP(=O)([O-])OP(=O)([O-])[O-]>>CC(C)=CCC[C@]1(C)[C@H]2C[C@@H]3[C@@H](C2)[C@@]31C,True,C15_FPP_like::MARTS_RXN_96dd0e42f0581580
MARTS_RXN_f0b6b1822fec7bbf,CC(C)=CCCC(C)=CCCC(C)=CCOP(=O)([O-])OP(=O)([O-])[O-]>>CC(C)=CCCC1(C)C2CC=C(C)C1C2,CC(C)=CCC/C(C)=C/CC/C(C)=C/COP(=O)([O-])OP(=O)([O-])[O-]>>CC(C)=CCCC1(C)C2CC=C(C)C1C2,True,C15_FPP_like::MARTS_RXN_67805eaea5cd75f4
MARTS_RXN_c47716e3c171dcec,CC(C)=CCCC(C)=CCCC(C)=CCOP(=O)([O-])OP(=O)([O-])[O-]>>CC(C)C1=CC2=C(CCC2C)C(C)CC1,CC(C)=CCC/C(C)=C/CC/C(C)=C/COP(=O)([O-])OP(=O)([O-])[O-]>>CC(C)C1=CC2=C(CC[C@@H]2C)[C@@H](C)CC1,False,C15_FPP_like::MARTS_RXN_747e481950538f21
MARTS_RXN_4961eab77935b533,CC(C)=CCCC(C)=CCCC(C)=CCOP(=O)([O-])OP(=O)([O-])[O-]>>CC(C)C1CCC(C)C23CCC(C)(O)C2C13,CC(C)=CCC/C(C)=C/CC/C(C)=C/COP(=O)([O-])OP(=O)([O-])[O-]>>CC(C)[C@H]1CC[C@H](C)[C@]23CC[C@](C)(O)[C@H]2[C@H]13,True,C15_FPP_like::MARTS_RXN_4961eab77935b533
MARTS_RXN_42bfdab7b6fdc232,CC(C)=CCCC(C)=CCCC(C)=CCOP(=O)([O-])OP(=O)([O-])[O-]>>CC(C)C1CCC2(C)C3CC4C(C13)C42C,CC(C)=CCC/C(C)=C/CC/C(C)=C/COP(=O)([O-])OP(=O)([O-])[O-]>>CC(C)[C@H]1CCC2(C)C3CC4C(C31)C42C,False,C15_FPP_like::MARTS_RXN_42bfdab7b6fdc232
MARTS_RXN_33427cd75be07ac8,CC(C)=CCCC(C)=CCCC(C)=CCOP(=O)([O-])OP(=O)([O-])[O-]>>CC(C)C1OC2(C)CCC3C(C)CCC31C2,CC(C)=CCC/C(C)=C/CC/C(C)=C/COP(=O)([O-])OP(=O)([O-])[O-]>>CC(C)[C@@H]1O[C@]2(C)CC[C@@H]3[C@@H](C)CC[C@@]31C2,True,C15_FPP_like::MARTS_RXN_33427cd75be07ac8
MARTS_RXN_404fc9ed6f1950fa,CC(C)=CCCC(C)=CCCC(C)=CCOP(=O)([O-])OP(=O)([O-])[O-]>>CC(CO)=C1CC(C)(C)CC2C(C)CCC12,CC(C)=CCC/C(C)=C/CC/C(C)=C/COP(=O)([O-])OP(=O)([O-])[O-]>>C/C(CO)=C1/CC(C)(C)C[C@@H]2[C@@H]1CC[C@@H]2C,True,C15_FPP_like::MARTS_RXN_404fc9ed6f1950fa
MARTS_RXN_b1f6de0feffa6a5e,CC(C)=CCCC(C)=CCCC(C)=CCOP(=O)([O-])OP(=O)([O-])[O-]>>CC1(C)C2CCC3(C)CCCC3(C)C(O)C21,CC(C)=CCC/C(C)=C/CC/C(C)=C/COP(=O)([O-])OP(=O)([O-])[O-]>>CC1(C)[C@@H]2[C@H]1CC[C@]1(C)CCC[C@]1(C)[C@H]2O,False,C15_FPP_like::MARTS_RXN_458f0538d21fa0df
MARTS_RXN_d976b8fff242e480,CC(C)=CCCC(C)=CCCC(C)=CCOP(=O)([O-])OP(=O)([O-])[O-]>>CC1(C)CC2C1CCC(C)(O)C1CCC21C,CC(C)=CCC/C(C)=C/CC/C(C)=C/COP(=O)([O-])OP(=O)([O-])[O-]>>CC1(C)C[C@H]2[C@@H]1CC[C@](C)(O)[C@H]1CC[C@]21C,True,C15_FPP_like::MARTS_RXN_d976b8fff242e480
MARTS_RXN_308ae5d61a8d303e,CC(C)=CCCC(C)=CCCC(C)=CCOP(=O)([O-])OP(=O)([O-])[O-]>>CC1(C)CCCC2(C)C3CC4C(C31)C42C,CC(C)=CCC/C(C)=C/CC/C(C)=C/COP(=O)([O-])OP(=O)([O-])[O-]>>CC1(C)CCC[C@@]2(C)[C@H]3CC4C([C@@H]31)C42C,False,C15_FPP_like::MARTS_RXN_308ae5d61a8d303e
MARTS_RXN_458f0538d21fa0df,CC(C)=CCCC(C)=CCCC(C)=CCOP(=O)([O-])OP(=O)([O-])[O-]>>CC1(C)CCCC2(C)C3CCC2(C)C(O)C31,CC(C)=CCC/C(C)=C/CC/C(C)=C/COP(=O)([O-])OP(=O)([O-])[O-]>>CC1(C)CCCC2(C)C3CCC2(C)[C@@H](O)C31,True,C15_FPP_like::MARTS_RXN_458f0538d21fa0df
MARTS_RXN_63e6da6592215ec8,CC(C)=CCCC(C)=CCCC(C)=CCOP(=O)([O-])OP(=O)([O-])[O-]>>CC12CCCC(O)(C1)C1CC(C)(C)C1CC2,CC(C)=CCC/C(C)=C/CC/C(C)=C/COP(=O)([O-])OP(=O)([O-])[O-]>>CC1(C)C[C@@H]2[C@@H]1CC[C@@]1(C)CCC[C@]2(O)C1,False,C15_FPP_like::MARTS_RXN_63e6da6592215ec8
MARTS_RXN_511719bb8614820e,CC(C)=CCCC(C)=CCCC(C)=CCOP(=O)([O-])OP(=O)([O-])[O-]>>CC1=C2C(CC1)C(C)CCC1C2C1(C)C,CC(C)=CCC/C(C)=C/CC/C(C)=C/COP(=O)([O-])OP(=O)([O-])[O-]>>CC1=C2[C@H](CC1)[C@H](C)CC[C@@H]1[C@H]2C1(C)C,True,C15_FPP_like::MARTS_RXN_511719bb8614820e
MARTS_RXN_f1b5e1eb6087705f,CC(C)=CCCC(C)=CCCC(C)=CCOP(=O)([O-])OP(=O)([O-])[O-]>>CC1=C2C=C(C(C)C)CCC(C)C2CC1,CC(C)=CCC/C(C)=C/CC/C(C)=C/COP(=O)([O-])OP(=O)([O-])[O-]>>CC1=C2C=C(C(C)C)CCC(C)C2CC1,True,C15_FPP_like::MARTS_RXN_747e481950538f21
MARTS_RXN_951f2d0a07d7f072,CC(C)=CCCC(C)=CCCC(C)=CCOP(=O)([O-])OP(=O)([O-])[O-]>>CC1=C2C=C(C(C)C)CCC2(C)CCC1,CC(C)=CCC/C(C)=C/CC/C(C)=C/COP(=O)([O-])OP(=O)([O-])[O-]>>CC1=C2C=C(C(C)C)CC[C@@]2(C)CCC1,True,C15_FPP_like::MARTS_RXN_951f2d0a07d7f072
MARTS_RXN_f6678ba7c00ddd11,CC(C)=CCCC(C)=CCCC(C)=CCOP(=O)([O-])OP(=O)([O-])[O-]>>CC1=C2CC(C(C)(C)O)CCC2(C)CCC1,CC(C)=CCC/C(C)=C/CC/C(C)=C/COP(=O)([O-])OP(=O)([O-])[O-]>>CC1=C2C[C@H](C(C)(C)O)CC[C@]2(C)CCC1,True,C15_FPP_like::MARTS_RXN_f6678ba7c00ddd11
MARTS_RXN_a835c7512bd8dffd,CC(C)=CCCC(C)=CCCC(C)=CCOP(=O)([O-])OP(=O)([O-])[O-]>>CC1=C2CC(C)(C)C3CCC(C)C23CC1,CC(C)=CCC/C(C)=C/CC/C(C)=C/COP(=O)([O-])OP(=O)([O-])[O-]>>CC1=C2CC(C)(C)[C@@H]3CC[C@@H](C)[C@]23CC1,False,C15_FPP_like::MARTS_RXN_a835c7512bd8dffd
MARTS_RXN_c0d41a7707a36816,CC(C)=CCCC(C)=CCCC(C)=CCOP(=O)([O-])OP(=O)([O-])[O-]>>CC1=C2CC(C)(C)CC2C(C)CCC1CO,CC(C)=CCC/C(C)=C/CC/C(C)=C/COP(=O)([O-])OP(=O)([O-])[O-]>>CC1=C2CC(C)(C)C[C@@H]2[C@H](C)CC[C@H]1CO,False,C15_FPP_like::MARTS_RXN_c0d41a7707a36816
MARTS_RXN_908734b433c369e2,CC(C)=CCCC(C)=CCCC(C)=CCOP(=O)([O-])OP(=O)([O-])[O-]>>CC1=C2CC3CCC(C)C2(CC1)C3(C)C,CC(C)=CCC/C(C)=C/CC/C(C)=C/COP(=O)([O-])OP(=O)([O-])[O-]>>CC1=C2C[C@H]3CC[C@@H](C)[C@]2(CC1)C3(C)C,False,C15_FPP_like::MARTS_RXN_908734b433c369e2
MARTS_RXN_410c0512e374e696,CC(C)=CCCC(C)=CCCC(C)=CCOP(=O)([O-])OP(=O)([O-])[O-]>>CC1=C2CCC(C)C23CCC(C3)C1(C)C,CC(C)=CCC/C(C)=C/CC/C(C)=C/COP(=O)([O-])OP(=O)([O-])[O-]>>CC1=C2CC[C@H](C)[C@]23CC[C@@H](C3)C1(C)C,True,C15_FPP_like::MARTS_RXN_410c0512e374e696
MARTS_RXN_42004072f4db1451,CC(C)=CCCC(C)=CCCC(C)=CCOP(=O)([O-])OP(=O)([O-])[O-]>>CC1=C2CCC(C)C2C2C(CC1)C2(C)C,CC(C)=CCC/C(C)=C/CC/C(C)=C/COP(=O)([O-])OP(=O)([O-])[O-]>>CC1=C2CC[C@@H](C)[C@H]2[C@H]2[C@@H](CC1)C2(C)C,True,C15_FPP_like::MARTS_RXN_42004072f4db1451
MARTS_RXN_4581d9186380d33c,CC(C)=CCCC(C)=CCCC(C)=CCOP(=O)([O-])OP(=O)([O-])[O-]>>CC1=C2CCC(C)C2CC(C)(C)CC(O)C1,CC(C)=CCC/C(C)=C/CC/C(C)=C/COP(=O)([O-])OP(=O)([O-])[O-]>>C/C1=C2\CC[C@@H](C)[C@@H]2CC(C)(C)C[C@@H](O)C1,True,C15_FPP_like::MARTS_RXN_4581d9186380d33c
MARTS_RXN_bca813a0b5f35b09,CC(C)=CCCC(C)=CCCC(C)=CCOP(=O)([O-])OP(=O)([O-])[O-]>>CC1=C2CCC2(C)C2CC(C)(C)CC2C1,CC(C)=CCC/C(C)=C/CC/C(C)=C/COP(=O)([O-])OP(=O)([O-])[O-]>>CC1=C2CC[C@]2(C)[C@H]2CC(C)(C)C[C@H]2C1,True,C15_FPP_like::MARTS_RXN_bca813a0b5f35b09
MARTS_RXN_bfae5825c0b4a71c,CC(C)=CCCC(C)=CCCC(C)=CCOP(=O)([O-])OP(=O)([O-])[O-]>>CC1=CC(O)C(C(C)C)CCC(C)=CCC1,CC(C)=CCC/C(C)=C/CC/C(C)=C/COP(=O)([O-])OP(=O)([O-])[O-]>>C/C1=C\[C@H](O)[C@@H](C(C)C)CC/C(C)=C/CC1,True,C15_FPP_like::MARTS_RXN_bfae5825c0b4a71c
MARTS_RXN_7844025b037230bb,CC(C)=CCCC(C)=CCCC(C)=CCOP(=O)([O-])OP(=O)([O-])[O-]>>CC1=CC2(C(C)C)CCC(C)C(CC1)C2O,CC(C)=CCC/C(C)=C/CC/C(C)=C/COP(=O)([O-])OP(=O)([O-])[O-]>>CC1=C[C@]2(C(C)C)CC[C@@H](C)[C@H](CC1)[C@H]2O,False,C15_FPP_like::MARTS_RXN_7844025b037230bb
MARTS_RXN_b7bd3b75310cb60f,CC(C)=CCCC(C)=CCCC(C)=CCOP(=O)([O-])OP(=O)([O-])[O-]>>CC1=CC2(C)CCCC23C(C)CCC13C,CC(C)=CCC/C(C)=C/CC/C(C)=C/COP(=O)([O-])OP(=O)([O-])[O-]>>CC1=C[C@]2(C)CCC[C@@]23[C@H](C)CC[C@@]13C,True,C15_FPP_like::MARTS_RXN_b7bd3b75310cb60f
MARTS_RXN_6290a24f780c8fab,CC(C)=CCCC(C)=CCCC(C)=CCOP(=O)([O-])OP(=O)([O-])[O-]>>CC1=CC23CCCC(C)C2(C)CC1CC3,CC(C)=CCC/C(C)=C/CC/C(C)=C/COP(=O)([O-])OP(=O)([O-])[O-]>>CC1=C[C@@]23CCC[C@@H](C)[C@]2(C)C[C@@H]1CC3,False,C15_FPP_like::MARTS_RXN_6290a24f780c8fab
MARTS_RXN_747e481950538f21,CC(C)=CCCC(C)=CCCC(C)=CCOP(=O)([O-])OP(=O)([O-])[O-]>>CC1=CC2=C(C(C)C)CCC(C)C2CC1,CC(C)=CCC/C(C)=C/CC/C(C)=C/COP(=O)([O-])OP(=O)([O-])[O-]>>CC1=CC2=C(C(C)C)CC[C@@H](C)[C@@H]2CC1,False,C15_FPP_like::MARTS_RXN_747e481950538f21
MARTS_RXN_0d75732112ff40fa,CC(C)=CCCC(C)=CCCC(C)=CCOP(=O)([O-])OP(=O)([O-])[O-]>>CC1=CC2=C(CC1)C(C)CCC2C(C)C,CC(C)=CCC/C(C)=C/CC/C(C)=C/COP(=O)([O-])OP(=O)([O-])[O-]>>CC1=CC2=C(CC1)[C@@H](C)CC[C@@H]2C(C)C,False,C15_FPP_like::MARTS_RXN_0d75732112ff40fa
MARTS_RXN_c1dd43a147d429c7,CC(C)=CCCC(C)=CCCC(C)=CCOP(=O)([O-])OP(=O)([O-])[O-]>>CC1=CC2C(=C(C)CCC2C(C)C)CC1,CC(C)=CCC/C(C)=C/CC/C(C)=C/COP(=O)([O-])OP(=O)([O-])[O-]>>CC1=C[C@@H]2C(=C(C)CC[C@H]2C(C)C)CC1,True,C15_FPP_like::MARTS_RXN_c1dd43a147d429c7
MARTS_RXN_7345bb901e40f13b,CC(C)=CCCC(C)=CCCC(C)=CCOP(=O)([O-])OP(=O)([O-])[O-]>>CC1=CC2C(=C(C)CCCC2(C)C)CC1,CC(C)=CCC/C(C)=C/CC/C(C)=C/COP(=O)([O-])OP(=O)([O-])[O-]>>CC1=CC2C(=C(C)CCCC2(C)C)CC1,False,C15_FPP_like::MARTS_RXN_7345bb901e40f13b
MARTS_RXN_5ebefc2c594480ea,CC(C)=CCCC(C)=CCCC(C)=CCOP(=O)([O-])OP(=O)([O-])[O-]>>CC1=CC2C(=CC1)C(C)CCC2C(C)C,CC(C)=CCC/C(C)=C/CC/C(C)=C/COP(=O)([O-])OP(=O)([O-])[O-]>>CC1=C[C@@H]2C(=CC1)[C@@H](C)CC[C@H]2C(C)C,False,C15_FPP_like::MARTS_RXN_5ebefc2c594480ea
MARTS_RXN_524236d5871c8779,CC(C)=CCCC(C)=CCCC(C)=CCOP(=O)([O-])OP(=O)([O-])[O-]>>CC1=CC2C(C(C)C)CCC(C)(O)C2CC1,CC(C)=CCC/C(C)=C/CC/C(C)=C/COP(=O)([O-])OP(=O)([O-])[O-]>>CC1=C[C@@H]2[C@@H](CC1)[C@@](C)(O)CC[C@H]2C(C)C,True,C15_FPP_like::MARTS_RXN_524236d5871c8779
MARTS_RXN_0aa1aeb0f8d8f23a,CC(C)=CCCC(C)=CCCC(C)=CCOP(=O)([O-])OP(=O)([O-])[O-]>>CC1=CC2C(C(C)C)CCC(C)C2(O)CC1,CC(C)=CCC/C(C)=C/CC/C(C)=C/COP(=O)([O-])OP(=O)([O-])[O-]>>CC1=C[C@H]2[C@@H](C(C)C)CC[C@@H](C)[C@]2(O)CC1,False,C15_FPP_like::MARTS_RXN_0aa1aeb0f8d8f23a
MARTS_RXN_bb0c8b67ae81b96c,CC(C)=CCCC(C)=CCCC(C)=CCOP(=O)([O-])OP(=O)([O-])[O-]>>CC1=CC2C(C)(C)C3CCC(C)C23CC1,CC(C)=CCC/C(C)=C/CC/C(C)=C/COP(=O)([O-])OP(=O)([O-])[O-]>>CC1=C[C@@H]2C(C)(C)[C@H]3CC[C@@H](C)[C@@]23CC1,False,C15_FPP_like::MARTS_RXN_bb0c8b67ae81b96c
MARTS_RXN_c039ce9df6e875e8,CC(C)=CCCC(C)=CCCC(C)=CCOP(=O)([O-])OP(=O)([O-])[O-]>>CC1=CC2C(CC1)C(C)=CCC2C(C)C,CC(C)=CCC/C(C)=C/CC/C(C)=C/COP(=O)([O-])OP(=O)([O-])[O-]>>CC1=C[C@@H]2[C@@H](C(C)C)CC=C(C)[C@@H]2CC1,True,C15_FPP_like::MARTS_RXN_484a249db6f91749
MARTS_RXN_7e7a4dec11c772f2,CC(C)=CCCC(C)=CCCC(C)=CCOP(=O)([O-])OP(=O)([O-])[O-]>>CC1=CC2C(CC1)C(C)=CCCC2(C)C,CC(C)=CCC/C(C)=C/CC/C(C)=C/COP(=O)([O-])OP(=O)([O-])[O-]>>CC1=CC2C(CC1)C(C)=CCCC2(C)C,True,C15_FPP_like::MARTS_RXN_7e7a4dec11c772f2
MARTS_RXN_d0442569d82cdfbe,CC(C)=CCCC(C)=CCCC(C)=CCOP(=O)([O-])OP(=O)([O-])[O-]>>CC1=CC2C(CCC(C)=CCC1)C2(C)C,CC(C)=CCC/C(C)=C/CC/C(C)=C/COP(=O)([O-])OP(=O)([O-])[O-]>>C/C1=C\[C@H]2[C@@H](CC/C(C)=C/CC1)C2(C)C,True,C15_FPP_like::MARTS_RXN_d0442569d82cdfbe
MARTS_RXN_aa1c51dc47fedf4f,CC(C)=CCCC(C)=CCCC(C)=CCOP(=O)([O-])OP(=O)([O-])[O-]>>CC1=CC2CC(C)(C)CC23C(C)CCC13,CC(C)=CCC/C(C)=C/CC/C(C)=C/COP(=O)([O-])OP(=O)([O-])[O-]>>CC1=C[C@@H]2CC(C)(C)C[C@@]23[C@H](C)CC[C@@H]13,True,C15_FPP_like::MARTS_RXN_aa1c51dc47fedf4f
MARTS_RXN_e1b21c993a0c71e6,CC(C)=CCCC(C)=CCCC(C)=CCOP(=O)([O-])OP(=O)([O-])[O-]>>CC1=CC2CC(C)(C)CC2C2(C)CCC12,CC(C)=CCC/C(C)=C/CC/C(C)=C/COP(=O)([O-])OP(=O)([O-])[O-]>>CC1=C[C@@H]2CC(C)(C)C[C@@H]2[C@@]2(C)CC[C@@H]12,True,C15_FPP_like::MARTS_RXN_e1b21c993a0c71e6
MARTS_RXN_cef068eebcb47854,CC(C)=CCCC(C)=CCCC(C)=CCOP(=O)([O-])OP(=O)([O-])[O-]>>CC1=CC=C(C(C)C)CCC(C)=CCC1,CC(C)=CCC/C(C)=C\CC/C(C)=C\COP(=O)([O-])OP(=O)([O-])[O-]>>C/C1=C\C=C(\C(C)C)CC/C(C)=C/CC1,True,C15_FPP_like::MARTS_RXN_cef068eebcb47854
MARTS_RXN_1659aa23de20f1c3,CC(C)=CCCC(C)=CCCC(C)=CCOP(=O)([O-])OP(=O)([O-])[O-]>>CC1=CC=C(C2(C)CCCC2(C)C)CC1,CC(C)=CCC/C(C)=C/CC/C(C)=C/COP(=O)([O-])OP(=O)([O-])[O-]>>CC1=CC=C([C@@]2(C)CCCC2(C)C)CC1,True,C15_FPP_like::MARTS_RXN_1659aa23de20f1c3
MARTS_RXN_48d77adfec360440,CC(C)=CCCC(C)=CCCC(C)=CCOP(=O)([O-])OP(=O)([O-])[O-]>>CC1=CCC(=C(C)C)CCC(C)=CCC1,CC(C)=CCC/C(C)=C/CC/C(C)=C/COP(=O)([O-])OP(=O)([O-])[O-]>>CC(C)=C1C/C=C(\C)CC/C=C(\C)CC1,True,C15_FPP_like::MARTS_RXN_48d77adfec360440
MARTS_RXN_d51ef41d620fa90e,CC(C)=CCCC(C)=CCCC(C)=CCOP(=O)([O-])OP(=O)([O-])[O-]>>CC1=CCC(C(C)(C)O)CCC(C)=CCC1,CC(C)=CCC/C(C)=C/CC/C(C)=C/COP(=O)([O-])OP(=O)([O-])[O-]>>C/C1=C/C[C@H](C(C)(C)O)CC/C(C)=C/CC1,True,C15_FPP_like::MARTS_RXN_d51ef41d620fa90e
MARTS_RXN_0d73bf3c23ca2234,CC(C)=CCCC(C)=CCCC(C)=CCOP(=O)([O-])OP(=O)([O-])[O-]>>CC1=CCC(C(C)C)=CC2C(C)CCC12,CC(C)=CCC/C(C)=C/CC/C(C)=C/COP(=O)([O-])OP(=O)([O-])[O-]>>CC1=CCC(C(C)C)=C[C@H]2[C@@H](C)CC[C@@H]12,True,C15_FPP_like::MARTS_RXN_0d73bf3c23ca2234
MARTS_RXN_4ffa9a18599ed8bf,CC(C)=CCCC(C)=CCCC(C)=CCOP(=O)([O-])OP(=O)([O-])[O-]>>CC1=CCC(C)(C2=CCCC2(C)C)CC1,CC(C)=CCC/C(C)=C/CC/C(C)=C/COP(=O)([O-])OP(=O)([O-])[O-]>>CC1=CC[C@](C)(C2=CCCC2(C)C)CC1,False,C15_FPP_like::MARTS_RXN_4ffa9a18599ed8bf
MARTS_RXN_2ffb342ca0601b18,CC(C)=CCCC(C)=CCCC(C)=CCOP(=O)([O-])OP(=O)([O-])[O-]>>CC1=CCC(C2=CCCC(C)(C)C2)CC1,CC(C)=CCC/C(C)=C/CC/C(C)=C/COP(=O)([O-])OP(=O)([O-])[O-]>>CC1=CC[C@@H](C2=CCCC(C)(C)C2)CC1,False,C15_FPP_like::MARTS_RXN_2ffb342ca0601b18
MARTS_RXN_b44a6383dd2aaa1e,CC(C)=CCCC(C)=CCCC(C)=CCOP(=O)([O-])OP(=O)([O-])[O-]>>CC1=CCC2(C(C)C)CCC(C)C23CC13,CC(C)=CCC/C(C)=C/CC/C(C)=C/COP(=O)([O-])OP(=O)([O-])[O-]>>CC1=CC[C@]2(C(C)C)CC[C@@H](C)[C@@]23C[C@@H]13,False,C15_FPP_like::MARTS_RXN_b44a6383dd2aaa1e
MARTS_RXN_bee3bfd0a3ce9d09,CC(C)=CCCC(C)=CCCC(C)=CCOP(=O)([O-])OP(=O)([O-])[O-]>>CC1=CCC2(C)CC1C1(C)CCCC21C,CC(C)=CCC/C(C)=C/CC/C(C)=C/COP(=O)([O-])OP(=O)([O-])[O-]>>CC1=CC[C@]2(C)C[C@H]1[C@]1(C)CCC[C@]21C,True,C15_FPP_like::MARTS_RXN_3a4f24000917253d
MARTS_RXN_781f3e745c61d66f,CC(C)=CCCC(C)=CCCC(C)=CCOP(=O)([O-])OP(=O)([O-])[O-]>>CC1=CCC2(C)CC3CC(C)(C)CC3C12,CC(C)=CCC/C(C)=C/CC/C(C)=C/COP(=O)([O-])OP(=O)([O-])[O-]>>CC1=CCC2(C)CC3CC(C)(C)CC3C12,False,C15_FPP_like::MARTS_RXN_781f3e745c61d66f
MARTS_RXN_2e5de5bb57ab7647,CC(C)=CCCC(C)=CCCC(C)=CCOP(=O)([O-])OP(=O)([O-])[O-]>>CC1=CCC2(C)CCC(C(C)(C)O)C2CC1,CC(C)=CCC/C(C)=C/CC/C(C)=C/COP(=O)([O-])OP(=O)([O-])[O-]>>CC1=CC[C@@]2(C)CC[C@H](C(C)(C)O)[C@@H]2CC1,False,C15_FPP_like::MARTS_RXN_2e5de5bb57ab7647
MARTS_RXN_3a4f24000917253d,CC(C)=CCCC(C)=CCCC(C)=CCOP(=O)([O-])OP(=O)([O-])[O-]>>CC1=CCC2(C)CCCC(C)(C)C23CC13,CC(C)=CCC/C(C)=C/CC/C(C)=C/COP(=O)([O-])OP(=O)([O-])[O-]>>CC1=CC[C@@]2(C)CCCC(C)(C)[C@]23C[C@H]13,True,C15_FPP_like::MARTS_RXN_3a4f24000917253d
MARTS_RXN_d0c235775bc5fa24,CC(C)=CCCC(C)=CCCC(C)=CCOP(=O)([O-])OP(=O)([O-])[O-]>>CC1=CCC2(CC1)C(C)=CCCC2(C)C,CC(C)=CCC/C(C)=C/CC/C(C)=C/COP(=O)([O-])OP(=O)([O-])[O-]>>CC1=CC[C@@]2(CC1)C(C)=CCCC2(C)C,False,C15_FPP_like::MARTS_RXN_1e265ed0245aab34
MARTS_RXN_f3ae22de5b08f4aa,CC(C)=CCCC(C)=CCCC(C)=CCOP(=O)([O-])OP(=O)([O-])[O-]>>CC1=CCC2(CC1)C(C)CCC2C(C)(C)O,CC(C)=CCC/C(C)=C/CC/C(C)=C/COP(=O)([O-])OP(=O)([O-])[O-]>>CC1=CC[C@@]2(CC1)[C@H](C)CC[C@H]2C(C)(C)O,True,C15_FPP_like::MARTS_RXN_f3ae22de5b08f4aa
MARTS_RXN_3ae1fc659b1448c6,CC(C)=CCCC(C)=CCCC(C)=CCOP(=O)([O-])OP(=O)([O-])[O-]>>CC1=CCC23C(C)CCC(C(C)C)C2C13,CC(C)=CCC/C(C)=C/CC/C(C)=C/COP(=O)([O-])OP(=O)([O-])[O-]>>CC1=CC[C@@]23[C@@H]([C@@H]12)[C@H](C(C)C)CC[C@H]3C,False,C15_FPP_like::MARTS_RXN_3ae1fc659b1448c6
MARTS_RXN_7f868086a3e78f84,CC(C)=CCCC(C)=CCCC(C)=CCOP(=O)([O-])OP(=O)([O-])[O-]>>CC1=CCC2C(=C(C)C)CCC2(C)CC1,CC(C)=CCC/C(C)=C/CC/C(C)=C/COP(=O)([O-])OP(=O)([O-])[O-]>>CC1=CC[C@@H]2C(=C(C)C)CC[C@@]2(C)CC1,True,C15_FPP_like::MARTS_RXN_4b39e8d478cede47
MARTS_RXN_1428f098b24c82b2,CC(C)=CCCC(C)=CCCC(C)=CCOP(=O)([O-])OP(=O)([O-])[O-]>>CC1=CCC2C(=C1)C(C(C)C)CCC2C,CC(C)=CCC/C(C)=C/CC/C(C)=C/COP(=O)([O-])OP(=O)([O-])[O-]>>CC1=CC[C@@H]2C(=C1)[C@@H](C(C)C)CC[C@H]2C,False,C15_FPP_like::MARTS_RXN_1428f098b24c82b2
MARTS_RXN_d147768eaf206e54,CC(C)=CCCC(C)=CCCC(C)=CCOP(=O)([O-])OP(=O)([O-])[O-]>>CC1=CCC2C(=C1)C(C)(C)CCCC2C,CC(C)=CCC/C(C)=C/CC/C(C)=C\COP(=O)([O-])OP(=O)([O-])[O-]>>CC1=CC[C@@H]2C(=C1)C(C)(C)CCC[C@H]2C,False,C15_FPP_like::MARTS_RXN_3d09cb5fb80099ee
MARTS_RXN_79949be171faa424,CC(C)=CCCC(C)=CCCC(C)=CCOP(=O)([O-])OP(=O)([O-])[O-]>>CC1=CCC2C(C)(C)CCCC2(C)C1CO,CC(C)=CCC/C(C)=C/CC/C(C)=C/COP(=O)([O-])OP(=O)([O-])[O-]>>CC1=CC[C@H]2C(C)(C)CCC[C@]2(C)[C@H]1CO,True,C15_FPP_like::MARTS_RXN_1f7cef5e91c21723
MARTS_RXN_1f7cef5e91c21723,CC(C)=CCCC(C)=CCCC(C)=CCOP(=O)([O-])OP(=O)([O-])[O-]>>CC1=CCC2C(C)(C)CCCC2(C)C1COP(=O)(O)OP(=O)(O)O,CC(C)=CCC/C(C)=C/CC/C(C)=C/COP(=O)([O-])OP(=O)([O-])[O-]>>CC1=CCC2C(C)(C)CCC[C@]2(C)[C@H]1COP(=O)(O)OP(=O)(O)O,False,C15_FPP_like::MARTS_RXN_1f7cef5e91c21723
MARTS_RXN_ea5f048150a727ac,CC(C)=CCCC(C)=CCCC(C)=CCOP(=O)([O-])OP(=O)([O-])[O-]>>CC1=CCC2C(C)=CCC(C(C)C)C2C1,CC(C)=CCC/C(C)=C/CC/C(C)=C/COP(=O)([O-])OP(=O)([O-])[O-]>>CC1=CC[C@H]2C(C)=CC[C@@H](C(C)C)[C@@H]2C1,True,C15_FPP_like::MARTS_RXN_484a249db6f91749
MARTS_RXN_cded9fefc27600de,CC(C)=CCCC(C)=CCCC(C)=CCOP(=O)([O-])OP(=O)([O-])[O-]>>CC1=CCC2C(C3C(C)CCC13)C2(C)C,CC(C)=CCC/C(C)=C/CC/C(C)=C/COP(=O)([O-])OP(=O)([O-])[O-]>>CC1=CC[C@H]2[C@@H]([C@H]3C(C)CC[C@@H]13)C2(C)C,False,C15_FPP_like::MARTS_RXN_1b487b81876e118b
MARTS_RXN_5aa1e407cf39158f,CC(C)=CCCC(C)=CCCC(C)=CCOP(=O)([O-])OP(=O)([O-])[O-]>>CC1=CCC2C1CC(C)(C)CC1CC12C,CC(C)=CCC/C(C)=C/CC/C(C)=C/COP(=O)([O-])OP(=O)([O-])[O-]>>CC1=CC[C@@H]2[C@@H]1CC(C)(C)C[C@H]1C[C@]12C,False,C15_FPP_like::MARTS_RXN_5aa1e407cf39158f
MARTS_RXN_f5e8b39a2de92b5e,CC(C)=CCCC(C)=CCCC(C)=CCOP(=O)([O-])OP(=O)([O-])[O-]>>CC1=CCC2C3C(C(C)C)CCC2(C)C13,CC(C)=CCC/C(C)=C/CC/C(C)=C/COP(=O)([O-])OP(=O)([O-])[O-]>>CC1=CC[C@H]2[C@H]3C1[C@@]2(C)CC[C@H]3C(C)C,True,C15_FPP_like::MARTS_RXN_aa08b38a4b890e6d
MARTS_RXN_faf8834b256f41eb,CC(C)=CCCC(C)=CCCC(C)=CCOP(=O)([O-])OP(=O)([O-])[O-]>>CC1=CCC2C3C1C2(C)CCCC3(C)C,CC(C)=CCC/C(C)=C/CC/C(C)=C/COP(=O)([O-])OP(=O)([O-])[O-]>>CC1=CC[C@@H]2[C@@H]3[C@H]1[C@@]2(C)CCCC3(C)C,False,C15_FPP_like::MARTS_RXN_faf8834b256f41eb
MARTS_RXN_510852dd5fb5023c,CC(C)=CCCC(C)=CCCC(C)=CCOP(=O)([O-])OP(=O)([O-])[O-]>>CC1=CCC2CC3C(C)CCC13C2(C)C,CC(C)=CCC/C(C)=C/CC/C(C)=C/COP(=O)([O-])OP(=O)([O-])[O-]>>CC1=CC[C@@H]2C[C@H]3[C@@H](C)CC[C@]13C2(C)C,False,C15_FPP_like::MARTS_RXN_510852dd5fb5023c
MARTS_RXN_d86b1fdbc72dc191,CC(C)=CCCC(C)=CCCC(C)=CCOP(=O)([O-])OP(=O)([O-])[O-]>>CC1=CCCC(C)(O)C=CC(C(C)C)CC1,CC(C)=CCC/C(C)=C/CC/C(C)=C/COP(=O)([O-])OP(=O)([O-])[O-]>>CC1=CCCC(C)(O)C=CC(C(C)C)CC1,False,C15_FPP_like::MARTS_RXN_a9dae59672a6db7a
MARTS_RXN_081cddde5cfec930,CC(C)=CCCC(C)=CCCC(C)=CCOP(=O)([O-])OP(=O)([O-])[O-]>>CC1=CCCC(C)=CCC(C)(C)C=CC1,CC(C)=CCC/C(C)=C/CC/C(C)=C/COP(=O)([O-])OP(=O)([O-])[O-]>>C/C1=C\CC/C(C)=C/CC(C)(C)/C=C/C1,True,C15_FPP_like::MARTS_RXN_081cddde5cfec930
MARTS_RXN_771248cd18de39ed,CC(C)=CCCC(C)=CCCC(C)=CCOP(=O)([O-])OP(=O)([O-])[O-]>>CC1=CCCC(C)C12CCC1C2C1(C)C,CC(C)=CCC/C(C)=C/CC/C(C)=C/COP(=O)([O-])OP(=O)([O-])[O-]>>CC1=CCC[C@@H](C)[C@]12CC[C@@H]1[C@H]2C1(C)C,False,C15_FPP_like::MARTS_RXN_771248cd18de39ed
MARTS_RXN_effb285ed78e9c48,CC(C)=CCCC(C)=CCCC(C)=CCOP(=O)([O-])OP(=O)([O-])[O-]>>CC1=CCCC(C)C2=C(C1)CC(C)(C)C2,CC(C)=CCC/C(C)=C/CC/C(C)=C/COP(=O)([O-])OP(=O)([O-])[O-]>>C/C1=C/CC[C@H](C)C2=C(C1)CC(C)(C)C2,True,C15_FPP_like::MARTS_RXN_effb285ed78e9c48
MARTS_RXN_1d163920da857104,CC(C)=CCCC(C)=CCCC(C)=CCOP(=O)([O-])OP(=O)([O-])[O-]>>CC1=CCCC(C)C=CC(C(C)(C)O)CC1,CC(C)=CCC/C(C)=C/CC/C(C)=C/COP(=O)([O-])OP(=O)([O-])[O-]>>C/C1=C\CC[C@H](C)/C=C/[C@H](C(C)(C)O)CC1,True,C15_FPP_like::MARTS_RXN_1d163920da857104
MARTS_RXN_7c05abd7a60050ed,CC(C)=CCCC(C)=CCCC(C)=CCOP(=O)([O-])OP(=O)([O-])[O-]>>CC1=CCCC2(C)C3CCC12CC3(C)C,CC(C)=CCC/C(C)=C/CC/C(C)=C/COP(=O)([O-])OP(=O)([O-])[O-]>>CC1=CCC[C@@]2(C)C3CC[C@@]12CC3(C)C,False,C15_FPP_like::MARTS_RXN_38d26f0aa1b1f071
MARTS_RXN_08766bcda58bfb98,CC(C)=CCCC(C)=CCCC(C)=CCOP(=O)([O-])OP(=O)([O-])[O-]>>CC1=CCCC2(C)CCC(C(C)(C)O)CC12,CC(C)=CCC/C(C)=C/CC/C(C)=C/COP(=O)([O-])OP(=O)([O-])[O-]>>CC1=CCC[C@]2(C)CC[C@H](C(C)(C)O)C[C@@H]12,True,C15_FPP_like::MARTS_RXN_08766bcda58bfb98
MARTS_RXN_b099e0d8d67da6e9,CC(C)=CCCC(C)=CCCC(C)=CCOP(=O)([O-])OP(=O)([O-])[O-]>>CC1=CCCC2(C)CCCC2(C)C(C)=C1,CC(C)=CCC/C(C)=C/CC/C(C)=C/COP(=O)([O-])OP(=O)([O-])[O-]>>CC1=CCCC2(C)CCCC2(C)C(C)=C1,False,C15_FPP_like::MARTS_RXN_b099e0d8d67da6e9
MARTS_RXN_4b39e8d478cede47,CC(C)=CCCC(C)=CCCC(C)=CCOP(=O)([O-])OP(=O)([O-])[O-]>>CC1=CCCC2C(=C(C)C)CCC2(C)C1,CC(C)=CCC/C(C)=C/CC/C(C)=C/COP(=O)([O-])OP(=O)([O-])[O-]>>CC1=CCC[C@H]2C(=C(C)C)CC[C@]2(C)C1,False,C15_FPP_like::MARTS_RXN_4b39e8d478cede47
MARTS_RXN_5298c5c71be13322,CC(C)=CCCC(C)=CCCC(C)=CCOP(=O)([O-])OP(=O)([O-])[O-]>>CC1CCC(C(C)(C)O)CC2=C1CCC2C,CC(C)=CCC/C(C)=C/CC/C(C)=C/COP(=O)([O-])OP(=O)([O-])[O-]>>C[C@H]1CC[C@@H](C(C)(C)O)CC2=C1CC[C@@H]2C,False,C15_FPP_like::MARTS_RXN_5298c5c71be13322
MARTS_RXN_6492a29728cb9f5d,CC(C)=CCCC(C)=CCCC(C)=CCOP(=O)([O-])OP(=O)([O-])[O-]>>CC1CCC(O)C2(C)CCC3C(C12)C3(C)C,CC(C)=CCC/C(C)=C/CC/C(C)=C/COP(=O)([O-])OP(=O)([O-])[O-]>>C[C@@H]1CC[C@H](O)[C@@]2(C)CC[C@@H]3[C@H]([C@H]12)C3(C)C,True,C15_FPP_like::MARTS_RXN_6492a29728cb9f5d
MARTS_RXN_ad1e7c35f1507032,CC(C)=CCCC(C)=CCCC(C)=CCOP(=O)([O-])OP(=O)([O-])[O-]>>CC1CCC2(C(C)C)OC3(C)CCC1C2C3,CC(C)=CCC/C(C)=C/CC/C(C)=C/COP(=O)([O-])OP(=O)([O-])[O-]>>CC(C)[C@]12CC[C@H](C)[C@H]3CC[C@](C)(C[C@H]31)O2,True,C15_FPP_like::MARTS_RXN_ad1e7c35f1507032
MARTS_RXN_6c7d3c1df7ff6c27,CC(C)=CCCC(C)=CCCC(C)=CCOP(=O)([O-])OP(=O)([O-])[O-]>>CC1CCC2(C)CC3CC(C)(C)C=C3C12,CC(C)=CCC/C(C)=C/CC/C(C)=C/COP(=O)([O-])OP(=O)([O-])[O-]>>C[C@@H]1CC[C@@]2(C)C[C@@H]3CC(C)(C)C=C3[C@@H]12,False,C15_FPP_like::MARTS_RXN_6c7d3c1df7ff6c27
MARTS_RXN_4cfa7e6347acb9dd,CC(C)=CCCC(C)=CCCC(C)=CCOP(=O)([O-])OP(=O)([O-])[O-]>>CC1CCC2(O)C(C)(C)C3CCC2(C)C1C3,CC(C)=CCC/C(C)=C/CC/C(C)=C/COP(=O)([O-])OP(=O)([O-])[O-]>>C[C@H]1CC[C@@]2(O)C(C)(C)[C@@H]3CC[C@@]2(C)[C@H]1C3,False,C15_FPP_like::MARTS_RXN_4cfa7e6347acb9dd
MARTS_RXN_2250a8a7fe50b40b,CC(C)=CCCC(C)=CCCC(C)=CCOP(=O)([O-])OP(=O)([O-])[O-]>>CC1CCC2=C1CC1CCC2(C)C1(C)C,CC(C)=CCC/C(C)=C/CC/C(C)=C/COP(=O)([O-])OP(=O)([O-])[O-]>>C[C@H]1CCC2=C1C[C@H]1CC[C@]2(C)C1(C)C,False,C15_FPP_like::MARTS_RXN_2250a8a7fe50b40b
MARTS_RXN_20a7753479f93509,CC(C)=CCCC(C)=CCCC(C)=CCOP(=O)([O-])OP(=O)([O-])[O-]>>CC1CCC2C(C)(C)C3CC12CCC3(C)O,CC(C)=CCC/C(C)=C/CC/C(C)=C/COP(=O)([O-])OP(=O)([O-])[O-]>>C[C@@H]1CC[C@H]2C(C)(C)[C@H]3C[C@@]12CC[C@]3(C)O,True,C15_FPP_like::MARTS_RXN_20a7753479f93509
MARTS_RXN_576c56875aefb3a0,CC(C)=CCCC(C)=CCCC(C)=CCOP(=O)([O-])OP(=O)([O-])[O-]>>CC1CCC2C(C)(C)CC3(C)CCC1C23O,CC(C)=CCC/C(C)=C/CC/C(C)=C/COP(=O)([O-])OP(=O)([O-])[O-]>>C[C@@H]1CC[C@H]2C(C)(C)C[C@]3(C)CC[C@@H]1[C@@]23O,True,C15_FPP_like::MARTS_RXN_576c56875aefb3a0
MARTS_RXN_8fbf35fa86d400ea,CC(C)=CCCC(C)=CCCC(C)=CCOP(=O)([O-])OP(=O)([O-])[O-]>>CC1CCC2C(C2(C)C)C2(O)C(C)CCC12,CC(C)=CCC/C(C)=C/CC/C(C)=C/COP(=O)([O-])OP(=O)([O-])[O-]>>CC1CC[C@@H]2[C@H](C)CC[C@@H]3[C@@H](C3(C)C)C12O,True,C15_FPP_like::MARTS_RXN_8fbf35fa86d400ea
MARTS_RXN_fdd3c203535dcbf2,CC(C)=CCCC(C)=CCCC(C)=CCOP(=O)([O-])OP(=O)([O-])[O-]>>CC1CCC2C1=CC(C)(C)CC1CC12C,CC(C)=CCC/C(C)=C/CC/C(C)=C/COP(=O)([O-])OP(=O)([O-])[O-]>>C[C@@H]1CC[C@@H]2C1=CC(C)(C)C[C@H]1C[C@]12C,True,C15_FPP_like::MARTS_RXN_fdd3c203535dcbf2
MARTS_RXN_ed3cf125a033969c,CC(C)=CCCC(C)=CCCC(C)=CCOP(=O)([O-])OP(=O)([O-])[O-]>>CC1CCC2C1C1C(CCC2(C)O)C1(C)C,CC(C)=CCC/C(C)=C/CC/C(C)=C/COP(=O)([O-])OP(=O)([O-])[O-]>>C[C@@H]1CC[C@H]2[C@@H]1[C@H]1[C@@H](CC[C@]2(C)O)C1(C)C,False,C15_FPP_like::MARTS_RXN_ed3cf125a033969c
MARTS_RXN_8d1c367b4e2dfd3e,CC(C)=CCCC(C)=CCCC(C)=CCOP(=O)([O-])OP(=O)([O-])[O-]>>CC1CCC2C3(C)CC3CC(C)(C)CC12O,CC(C)=CCC/C(C)=C/CC/C(C)=C/COP(=O)([O-])OP(=O)([O-])[O-]>>C[C@@H]1CC[C@H]2[C@]3(C)C[C@@H]3CC(C)(C)C[C@@]12O,True,C15_FPP_like::MARTS_RXN_8d1c367b4e2dfd3e
MARTS_RXN_35b946a8497aca8d,CC(C)=CCCC(C)=CCCC(C)=CCOP(=O)([O-])OP(=O)([O-])[O-]>>CC1CCC=C2CCC(C(C)(C)O)CC21C,CC(C)=CCC/C(C)=C/CC/C(C)=C/COP(=O)([O-])OP(=O)([O-])[O-]>>C[C@@H]1CCC=C2CC[C@@H](C(C)(C)O)C[C@]21C,True,C15_FPP_like::MARTS_RXN_12ea767952411492
MARTS_RXN_ca8ee430d64a2f8a,CC(C)=CCCC(C)=CCCC(C)=CCOP(=O)([O-])OP(=O)([O-])[O-]>>CC1CCC=C2CCC3C(C3(C)C)C21C,CC(C)=CCC/C(C)=C/CC/C(C)=C/COP(=O)([O-])OP(=O)([O-])[O-]>>CC1CCC=C2CCC3C(C3(C)C)C21C,True,C15_FPP_like::MARTS_RXN_16962b9e0f45c782
MARTS_RXN_09ecbae2d03be4fd,CC(C)=CCCC(C)=CCCC(C)=CCOP(=O)([O-])OP(=O)([O-])[O-]>>CC1CCCC2(C)CCC(C(C)(C)O)CC12O,CC(C)=CCC/C(C)=C/CC/C(C)=C/COP(=O)([O-])OP(=O)([O-])[O-]>>C[C@H]1CCC[C@@]2(C)CC[C@@H](C(C)(C)O)C[C@]12O,True,C15_FPP_like::MARTS_RXN_012d56c064db981a
MARTS_RXN_012d56c064db981a,CC(C)=CCCC(C)=CCCC(C)=CCOP(=O)([O-])OP(=O)([O-])[O-]>>CC1CCCC2(C)CCCCC12O,CC(C)=CCC/C(C)=C/CC/C(C)=C/COP(=O)([O-])OP(=O)([O-])[O-]>>C[C@H]1CCC[C@@]2(C)CCCC[C@]12O,False,C15_FPP_like::MARTS_RXN_012d56c064db981a
MARTS_RXN_98758b30deafb117,CC(C)=CCCC(C)=CCCC(C)=CCOP(=O)([O-])OP(=O)([O-])[O-]>>CC1CCCC23CC4C(CC12C)C4(C)C3,CC(C)=CCC/C(C)=C/CC/C(C)=C/COP(=O)([O-])OP(=O)([O-])[O-]>>C[C@@H]1CCC[C@]23CC4C(C[C@@]12C)[C@]4(C)C3,False,C15_FPP_like::MARTS_RXN_98758b30deafb117
MARTS_RXN_7d1185597c0f232d,CC(C)=CCCC(C)=CCCC(C)=CCOP(=O)([O-])OP(=O)([O-])[O-]>>CC1CCCC2=CCC(C(C)(C)O)CC21C,CC(C)=CCC/C(C)=C/CC/C(C)=C/COP(=O)([O-])OP(=O)([O-])[O-]>>C[C@H]1CCCC2=CC[C@H](C(C)(C)O)C[C@]21C,True,C15_FPP_like::MARTS_RXN_7d1185597c0f232d
MARTS_RXN_16962b9e0f45c782,CC(C)=CCCC(C)=CCCC(C)=CCOP(=O)([O-])OP(=O)([O-])[O-]>>CC1CCCC2=CCC3C(C3(C)C)C21C,CC(C)=CCC/C(C)=C/CC/C(C)=C/COP(=O)([O-])OP(=O)([O-])[O-]>>CC1CCCC2=CCC3C(C3(C)C)C21C,True,C15_FPP_like::MARTS_RXN_16962b9e0f45c782
MARTS_RXN_77507c68e72eca5f,CC(C)=CCCC(C)=CCOP(=O)([O-])OP(=O)([O-])[O-]>>C=C(C)C1CC=C(C)CC1,CC(C)=CCC/C(C)=C/COP(=O)([O-])OP(=O)([O-])[O-]>>C=C(C)C1CC=C(C)CC1,True,C10_GPP_like::MARTS_RXN_0bc621c08854694f
MARTS_RXN_0bc621c08854694f,CC(C)=CCCC(C)=CCOP(=O)([O-])OP(=O)([O-])[O-]>>C=C(C)C1CCC=C(C)C1,CC(C)=CCC/C(C)=C/COP(=O)([O-])OP(=O)([O-])[O-]>>C=C(C)C1CCC=C(C)C1,False,C10_GPP_like::MARTS_RXN_0bc621c08854694f
MARTS_RXN_8d2492a66172fc60,CC(C)=CCCC(C)=CCOP(=O)([O-])OP(=O)([O-])[O-]>>C=C1C2CCC(C2)C1(C)C,CC(C)=CCC/C(C)=C/COP(=O)([O-])OP(=O)([O-])[O-]>>C=C1[C@@H]2CC[C@@H](C2)C1(C)C,False,C10_GPP_like::MARTS_RXN_8d2492a66172fc60
MARTS_RXN_264d20fcc642e814,CC(C)=CCCC(C)=CCOP(=O)([O-])OP(=O)([O-])[O-]>>C=C1C=CC(C(C)C)CC1,CC(C)=CCC/C(C)=C/COP(=O)([O-])OP(=O)([O-])[O-]>>C=C1C=CC(C(C)C)CC1,True,C10_GPP_like::MARTS_RXN_264d20fcc642e814
MARTS_RXN_c2e48d0936622fb5,CC(C)=CCCC(C)=CCOP(=O)([O-])OP(=O)([O-])[O-]>>C=C1CC=C(C(C)C)CC1,CC(C)=CCC/C(C)=C/COP(=O)([O-])OP(=O)([O-])[O-]>>C=C1CC=C(C(C)C)CC1,False,C10_GPP_like::MARTS_RXN_c2e48d0936622fb5
MARTS_RXN_1242a365f538e79b,CC(C)=CCCC(C)=CCOP(=O)([O-])OP(=O)([O-])[O-]>>C=C1CCC2(C(C)C)CC12,CC(C)=CCC/C(C)=C/COP(=O)([O-])OP(=O)([O-])[O-]>>C=C1CCC2(C(C)C)CC12,True,C10_GPP_like::MARTS_RXN_1242a365f538e79b
MARTS_RXN_994ba3440a8dbed7,CC(C)=CCCC(C)=CCOP(=O)([O-])OP(=O)([O-])[O-]>>C=C1CCC2CC1C2(C)C,CC(C)=CCC/C(C)=C/COP(=O)([O-])OP(=O)([O-])[O-]>>C=C1CCC2CC1C2(C)C,True,C10_GPP_like::MARTS_RXN_994ba3440a8dbed7
MARTS_RXN_55a14b5942034dc9,CC(C)=CCCC(C)=CCOP(=O)([O-])OP(=O)([O-])[O-]>>C=CC(=C)CCC=C(C)C,CC(C)=CCC/C(C)=C/COP(=O)([O-])OP(=O)([O-])[O-]>>C=CC(=C)CCC=C(C)C,True,C10_GPP_like::MARTS_RXN_55a14b5942034dc9
MARTS_RXN_a4e96415200ab234,CC(C)=CCCC(C)=CCOP(=O)([O-])OP(=O)([O-])[O-]>>C=CC(C)(O)CCC=C(C)C,CC(C)=CCC/C(C)=C/COP(=O)([O-])OP(=O)([O-])[O-]>>C=CC(C)(O)CCC=C(C)C,True,C10_GPP_like::MARTS_RXN_a4e96415200ab234
MARTS_RXN_54ce947e1616af93,CC(C)=CCCC(C)=CCOP(=O)([O-])OP(=O)([O-])[O-]>>C=CC(C)=CCC=C(C)C,CC(C)=CCC/C(C)=C/COP(=O)([O-])OP(=O)([O-])[O-]>>C=C/C(C)=C/CC=C(C)C,True,C10_GPP_like::MARTS_RXN_54ce947e1616af93
MARTS_RXN_8d064654eda71035,CC(C)=CCCC(C)=CCOP(=O)([O-])OP(=O)([O-])[O-]>>CC(C)=CCCC(C)=CCO,CC(C)=CCC/C(C)=C/COP(=O)([O-])OP(=O)([O-])[O-]>>CC(C)=CCC/C(C)=C/CO,True,C10_GPP_like::MARTS_RXN_8d064654eda71035
MARTS_RXN_2f4ae72be0cd4553,CC(C)=CCCC(C)=CCOP(=O)([O-])OP(=O)([O-])[O-]>>CC(C)C12CCC(C)(O)C1C2,CC(C)=CCC/C(C)=C/COP(=O)([O-])OP(=O)([O-])[O-]>>CC(C)[C@]12CC[C@](C)(O)[C@H]1C2,True,C10_GPP_like::MARTS_RXN_2f4ae72be0cd4553
MARTS_RXN_9fe6bcba74a21a54,CC(C)=CCCC(C)=CCOP(=O)([O-])OP(=O)([O-])[O-]>>CC1(C)C2CC3C(C2)C31C,CC(C)=CCC/C(C)=C/COP(=O)([O-])OP(=O)([O-])[O-]>>CC1(C)C2CC3C(C2)C31C,True,C10_GPP_like::MARTS_RXN_9fe6bcba74a21a54
MARTS_RXN_6314ab7563ea004f,CC(C)=CCCC(C)=CCOP(=O)([O-])OP(=O)([O-])[O-]>>CC1(C)C2CCC1(C)C(OP(=O)(O)OP(=O)(O)O)C2,CC(C)=CCC/C(C)=C/COP(=O)([O-])OP(=O)([O-])[O-]>>CC1(C)[C@@H]2CC[C@@]1(C)[C@@H](OP(=O)(O)OP(=O)(O)O)C2,False,C10_GPP_like::MARTS_RXN_6314ab7563ea004f
MARTS_RXN_64e8d90fe13ffb00,CC(C)=CCCC(C)=CCOP(=O)([O-])OP(=O)([O-])[O-]>>CC12CCC(C1)C(C)(C)C2O,CC(C)=CCC/C(C)=C/COP(=O)([O-])OP(=O)([O-])[O-]>>CC1(C)[C@@H]2CC[C@@](C)(C2)[C@@H]1O,True,C10_GPP_like::MARTS_RXN_64e8d90fe13ffb00
MARTS_RXN_ea56a260171d74ba,CC(C)=CCCC(C)=CCOP(=O)([O-])OP(=O)([O-])[O-]>>CC12CCC(CC1)C(C)(C)O2,CC(C)=CCC/C(C)=C/COP(=O)([O-])OP(=O)([O-])[O-]>>CC1(C)O[C@]2(C)CC[C@H]1CC2,True,C10_GPP_like::MARTS_RXN_ea56a260171d74ba
MARTS_RXN_a034669a1e4070bd,CC(C)=CCCC(C)=CCOP(=O)([O-])OP(=O)([O-])[O-]>>CC1=CC2C(CC1)C2(C)C,CC(C)=CCC/C(C)=C/COP(=O)([O-])OP(=O)([O-])[O-]>>CC1=C[C@H]2[C@@H](CC1)C2(C)C,False,C10_GPP_like::MARTS_RXN_a034669a1e4070bd
MARTS_RXN_e275424c414b8c5d,CC(C)=CCCC(C)=CCOP(=O)([O-])OP(=O)([O-])[O-]>>CC1=CC=C(C(C)C)CC1,CC(C)=CCC/C(C)=C/COP(=O)([O-])OP(=O)([O-])[O-]>>CC1=CC=C(C(C)C)CC1,False,C10_GPP_like::MARTS_RXN_e275424c414b8c5d
MARTS_RXN_9e4ea3b1a4631521,CC(C)=CCCC(C)=CCOP(=O)([O-])OP(=O)([O-])[O-]>>CC1=CCC(=C(C)C)CC1,CC(C)=CCC/C(C)=C/COP(=O)([O-])OP(=O)([O-])[O-]>>CC1=CCC(=C(C)C)CC1,True,C10_GPP_like::MARTS_RXN_9e4ea3b1a4631521
MARTS_RXN_dd89a5b3606fb5ca,CC(C)=CCCC(C)=CCOP(=O)([O-])OP(=O)([O-])[O-]>>CC1=CCC(C(C)(C)O)CC1,CC(C)=CCC/C(C)=C/COP(=O)([O-])OP(=O)([O-])[O-]>>CC1=CC[C@@H](C(C)(C)O)CC1,False,C10_GPP_like::MARTS_RXN_dd89a5b3606fb5ca
MARTS_RXN_030ced04f7a341d7,CC(C)=CCCC(C)=CCOP(=O)([O-])OP(=O)([O-])[O-]>>CC1=CCC(C(C)C)=CC1,CC(C)=CCC/C(C)=C/COP(=O)([O-])OP(=O)([O-])[O-]>>CC1=CCC(C(C)C)=CC1,True,C10_GPP_like::MARTS_RXN_030ced04f7a341d7
MARTS_RXN_96ac57c793266e5e,CC(C)=CCCC(C)=CCOP(=O)([O-])OP(=O)([O-])[O-]>>CC1=CCC(C(C)C)C=C1,CC(C)=CCC/C(C)=C/COP(=O)([O-])OP(=O)([O-])[O-]>>CC1=CCC(C(C)C)C=C1,False,C10_GPP_like::MARTS_RXN_96ac57c793266e5e
MARTS_RXN_c6418049ba960ea2,CC(C)=CCCC(C)=CCOP(=O)([O-])OP(=O)([O-])[O-]>>CC1=CCC(O)(C(C)C)CC1,CC(C)=CCC/C(C)=C/COP(=O)([O-])OP(=O)([O-])[O-]>>CC1=CCC(O)(C(C)C)CC1,True,C10_GPP_like::MARTS_RXN_c6418049ba960ea2
MARTS_RXN_fc09735a9f8b0862,CC(C)=CCCC(C)=CCOP(=O)([O-])OP(=O)([O-])[O-]>>CC1=CCC2(C(C)C)CC12,CC(C)=CCC/C(C)=C/COP(=O)([O-])OP(=O)([O-])[O-]>>CC1=CCC2(C(C)C)CC12,False,C10_GPP_like::MARTS_RXN_fc09735a9f8b0862
MARTS_RXN_33b3f74378db9fa9,CC(C)=CCCC(C)=CCOP(=O)([O-])OP(=O)([O-])[O-]>>CC1=CCC2C(C1)C2(C)C,CC(C)=CCC/C(C)=C/COP(=O)([O-])OP(=O)([O-])[O-]>>CC1=CC[C@@H]2[C@H](C1)C2(C)C,False,C10_GPP_like::MARTS_RXN_33b3f74378db9fa9
MARTS_RXN_b6faae8ed504914f,CC(C)=CCCC(C)=CCOP(=O)([O-])OP(=O)([O-])[O-]>>CC1=CCC2CC1C2(C)C,CC(C)=CCC/C(C)=C/COP(=O)([O-])OP(=O)([O-])[O-]>>CC1=CCC2CC1C2(C)C,True,C10_GPP_like::MARTS_RXN_b6faae8ed504914f
MARTS_RXN_d6623e3ddb6955f4,CC(C)=CCCC(C)=CCOP(=O)([O-])OP(=O)([O-])[O-]>>CC1C=CC2(C(C)C)CC12,CC(C)=CCC/C(C)=C/COP(=O)([O-])OP(=O)([O-])[O-]>>CC1C=CC2(C(C)C)CC12,True,C10_GPP_like::MARTS_RXN_d6623e3ddb6955f4
MARTS_RXN_cab46dc67f5d9643,CC(C)=CCCC(C)=CCOP(=O)([O-])OP(=O)([O-])[O-]>>CC=C(C)C=CC=C(C)C,CC(C)=CCC/C(C)=C/COP(=O)([O-])OP(=O)([O-])[O-]>>C/C=C(C)/C=C/C=C(C)C,False,C10_GPP_like::MARTS_RXN_cab46dc67f5d9643
MARTS_RXN_0396c90bff0f8103,CC(C)=CCCC(C)=CCOP(=O)([O-])OP(=O)([O-])[O-]>>Cc1ccc(C(C)C)cc1,CC(C)=CCC/C(C)=C/COP(=O)([O-])OP(=O)([O-])[O-]>>Cc1ccc(C(C)C)cc1,False,C10_GPP_like::MARTS_RXN_0396c90bff0f8103
MARTS_RXN_08a2e34a37c324e8,CC(C)=CCOP(=O)([O-])OP(=O)([O-])[O-]>>C=C(C)C(CC=C(C)C)COP(=O)([O-])OP(=O)([O-])[O-],CC(C)=CCOP(=O)([O-])OP(=O)([O-])[O-]>>C=C(C)[C@@H](CC=C(C)C)COP(=O)([O-])OP(=O)([O-])[O-],False,C5_IPP_DMAPP_like::MARTS_RXN_08a2e34a37c324e8
MARTS_RXN_bcbc2819005abe22,CC(C)=CCOP(=O)([O-])OP(=O)([O-])[O-]>>C=CC(=C)C,CC(C)=CCOP(=O)([O-])OP(=O)([O-])[O-]>>C=CC(=C)C,True,C5_IPP_DMAPP_like::MARTS_RXN_bcbc2819005abe22
MARTS_RXN_855945c546e1be39,CC(C)=CCOP(=O)([O-])OP(=O)([O-])[O-]>>CC(C)=CC1C(COP(=O)([O-])OP(=O)([O-])[O-])C1(C)C,CC(C)=CCOP(=O)([O-])OP(=O)([O-])[O-]>>CC(C)=C[C@@H]1[C@@H](COP(=O)([O-])OP(=O)([O-])[O-])C1(C)C,True,C5_IPP_DMAPP_like::MARTS_RXN_855945c546e1be39
