row,reaction_id,status,warning,mapped_reactant_atoms,mapped_product_atoms,changed_map_count,changed_bond_count,changed_atom_state_count,transition_token_count,feature_nonzero
0,MARTS_EXT_RXN_000c8b710696,valid,,30.0,30.0,16.0,17.0,11.0,28.0,63.0
1,MARTS_EXT_RXN_012d56c064db,valid,,13.0,13.0,8.0,7.0,6.0,13.0,46.0
2,MARTS_EXT_RXN_0216267ce7f4,valid,,20.0,20.0,5.0,3.0,3.0,6.0,30.0
3,MARTS_EXT_RXN_029b92fe95de,valid,,20.0,20.0,6.0,5.0,5.0,10.0,38.0
4,MARTS_EXT_RXN_0304c0087056,valid,,31.0,32.0,20.0,25.0,11.0,36.0,71.0
5,MARTS_EXT_RXN_033964ff02d8,valid,,25.0,25.0,11.0,14.0,8.0,22.0,56.0
6,MARTS_EXT_RXN_035143e0b4ac,valid,,21.0,21.0,1.0,0.0,1.0,1.0,7.0
7,MARTS_EXT_RXN_0396c90bff0f,valid,,10.0,10.0,7.0,7.0,7.0,14.0,38.0
8,MARTS_EXT_RXN_055064ae05a5,valid,,25.0,25.0,16.0,18.0,11.0,29.0,74.0
9,MARTS_EXT_RXN_0601074748a9,valid,,20.0,20.0,9.0,8.0,8.0,16.0,46.0
10,MARTS_EXT_RXN_0718113ff706,valid,,21.0,21.0,6.0,6.0,4.0,10.0,39.0
11,MARTS_EXT_RXN_07865104318f,valid,,16.0,16.0,14.0,14.0,8.0,22.0,67.0
12,MARTS_EXT_RXN_08a2e34a37c3,valid,,14.0,19.0,9.0,9.0,1.0,10.0,37.0
13,MARTS_EXT_RXN_0aa1aeb0f8d8,valid,,16.0,16.0,6.0,6.0,6.0,12.0,41.0
14,MARTS_EXT_RXN_0b0f5e083f77,valid,,20.0,20.0,5.0,5.0,2.0,7.0,32.0
15,MARTS_EXT_RXN_0bc621c08854,valid,,10.0,10.0,5.0,5.0,3.0,8.0,32.0
16,MARTS_EXT_RXN_0d75732112ff,valid,,15.0,15.0,5.0,4.0,5.0,9.0,34.0
17,MARTS_EXT_RXN_0e08d025745c,valid,,20.0,20.0,12.0,13.0,9.0,22.0,57.0
18,MARTS_EXT_RXN_0e80c1eb7cd8,valid,,25.0,25.0,15.0,15.0,13.0,28.0,71.0
19,MARTS_EXT_RXN_0fa82c3b7c55,valid,,20.0,20.0,13.0,12.0,10.0,22.0,62.0
20,MARTS_EXT_RXN_12ea76795241,valid,,15.0,15.0,8.0,7.0,5.0,12.0,44.0
21,MARTS_EXT_RXN_1428f098b24c,valid,,15.0,15.0,8.0,7.0,6.0,13.0,48.0
22,MARTS_EXT_RXN_16e609c93e52,valid,,25.0,25.0,17.0,16.0,11.0,27.0,67.0
23,MARTS_EXT_RXN_193d44981939,valid,,20.0,20.0,11.0,14.0,5.0,19.0,52.0
24,MARTS_EXT_RXN_1c2da1449873,valid,,20.0,20.0,8.0,7.0,7.0,14.0,43.0
25,MARTS_EXT_RXN_1d852b407f95,valid,,20.0,20.0,7.0,7.0,3.0,10.0,37.0
26,MARTS_EXT_RXN_1da1a2f90d9e,valid,,16.0,16.0,10.0,11.0,7.0,18.0,58.0
27,MARTS_EXT_RXN_1f7cef5e91c2,valid,,24.0,24.0,10.0,6.0,7.0,13.0,49.0
28,MARTS_EXT_RXN_219616d40b4a,valid,,31.0,31.0,20.0,26.0,10.0,36.0,77.0
29,MARTS_EXT_RXN_2250a8a7fe50,valid,,15.0,15.0,7.0,6.0,5.0,11.0,42.0
30,MARTS_EXT_RXN_22bda90ee992,valid,,20.0,20.0,7.0,5.0,5.0,10.0,36.0
31,MARTS_EXT_RXN_23432a8b720a,valid,,30.0,30.0,4.0,3.0,1.0,4.0,23.0
32,MARTS_EXT_RXN_237f1c153ad6,valid,,21.0,21.0,6.0,6.0,6.0,12.0,41.0
33,MARTS_EXT_RXN_23b0ccdf5255,valid,,20.0,20.0,8.0,8.0,6.0,14.0,52.0
34,MARTS_EXT_RXN_247c337c8f65,valid,,25.0,25.0,15.0,14.0,11.0,25.0,73.0
35,MARTS_EXT_RXN_2554ee320331,valid,,25.0,25.0,10.0,11.0,5.0,16.0,47.0
36,MARTS_EXT_RXN_27964350d2e0,valid,,25.0,25.0,20.0,25.0,9.0,34.0,72.0
37,MARTS_EXT_RXN_29704a84d49c,valid,,22.0,22.0,8.0,6.0,7.0,13.0,45.0
38,MARTS_EXT_RXN_29bbf964d264,valid,,20.0,20.0,9.0,6.0,5.0,11.0,55.0
39,MARTS_EXT_RXN_2a8513f7b1f9,valid,,25.0,25.0,11.0,11.0,7.0,18.0,52.0
40,MARTS_EXT_RXN_2d4d4df1341b,valid,,25.0,25.0,16.0,15.0,10.0,25.0,70.0
41,MARTS_EXT_RXN_2d848cafa6c3,valid,,20.0,20.0,10.0,9.0,5.0,14.0,49.0
42,MARTS_EXT_RXN_2e27139e482a,valid,,16.0,16.0,13.0,14.0,7.0,21.0,72.0
43,MARTS_EXT_RXN_2e59d1c7b929,valid,,20.0,20.0,9.0,9.0,9.0,18.0,45.0
44,MARTS_EXT_RXN_2e5de5bb57ab,valid,,16.0,16.0,6.0,6.0,4.0,10.0,38.0
45,MARTS_EXT_RXN_2ffb342ca060,valid,,15.0,15.0,7.0,5.0,4.0,9.0,43.0
46,MARTS_EXT_RXN_308ae5d61a8d,valid,,15.0,15.0,8.0,7.0,5.0,12.0,40.0
47,MARTS_EXT_RXN_318de1e2f880,valid,,20.0,20.0,8.0,7.0,3.0,10.0,47.0
48,MARTS_EXT_RXN_324ed07f2f6e,valid,,20.0,20.0,12.0,13.0,9.0,22.0,55.0
49,MARTS_EXT_RXN_33b3f74378db,valid,,10.0,10.0,4.0,3.0,2.0,5.0,25.0
50,MARTS_EXT_RXN_37c622385e92,valid,,15.0,15.0,9.0,7.0,6.0,13.0,53.0
51,MARTS_EXT_RXN_380c83705f05,valid,,20.0,20.0,5.0,4.0,3.0,7.0,33.0
52,MARTS_EXT_RXN_38d26f0aa1b1,valid,,15.0,15.0,9.0,10.0,4.0,14.0,44.0
53,MARTS_EXT_RXN_3abc72608e40,valid,,20.0,20.0,7.0,5.0,4.0,9.0,42.0
54,MARTS_EXT_RXN_3ae1fc659b14,valid,,15.0,15.0,8.0,7.0,7.0,14.0,49.0
55,MARTS_EXT_RXN_3bed24cf1ac1,valid,,25.0,25.0,9.0,7.0,7.0,14.0,52.0
56,MARTS_EXT_RXN_3d09cb5fb800,valid,,15.0,15.0,8.0,7.0,5.0,12.0,48.0
57,MARTS_EXT_RXN_3fcdccf20787,valid,,25.0,25.0,8.0,7.0,6.0,13.0,45.0
58,MARTS_EXT_RXN_4016ec72d95a,valid,,25.0,25.0,12.0,9.0,10.0,19.0,59.0
59,MARTS_EXT_RXN_412a1f752827,valid,,30.0,30.0,4.0,3.0,4.0,7.0,27.0
60,MARTS_EXT_RXN_42bfdab7b6fd,valid,,15.0,15.0,10.0,9.0,5.0,14.0,50.0
61,MARTS_EXT_RXN_4356ef28995d,valid,,21.0,21.0,11.0,13.0,10.0,23.0,66.0
62,MARTS_EXT_RXN_455979525191,valid,,31.0,32.0,19.0,23.0,11.0,34.0,77.0
63,MARTS_EXT_RXN_45be1b4caa76,valid,,15.0,15.0,11.0,12.0,6.0,18.0,60.0
64,MARTS_EXT_RXN_480dcc05c335,valid,,21.0,21.0,6.0,6.0,3.0,9.0,39.0
65,MARTS_EXT_RXN_4959109219e5,valid,,20.0,20.0,12.0,13.0,8.0,21.0,53.0
66,MARTS_EXT_RXN_4b39e8d478ce,valid,,15.0,15.0,7.0,7.0,3.0,10.0,42.0
67,MARTS_EXT_RXN_4b410b511327,valid,,20.0,20.0,6.0,5.0,5.0,10.0,39.0
68,MARTS_EXT_RXN_4c4ba4bc0549,valid,,31.0,31.0,9.0,8.0,3.0,11.0,49.0
69,MARTS_EXT_RXN_4ceba15356bf,valid,,25.0,25.0,15.0,18.0,11.0,29.0,66.0
70,MARTS_EXT_RXN_4cfa7e6347ac,valid,,16.0,16.0,9.0,13.0,6.0,19.0,54.0
71,MARTS_EXT_RXN_4d9779092922,valid,,20.0,20.0,15.0,18.0,10.0,28.0,66.0
72,MARTS_EXT_RXN_4e8885af0277,valid,,16.0,31.0,18.0,17.0,1.0,18.0,37.0
73,MARTS_EXT_RXN_4f0796dda836,valid,,20.0,20.0,14.0,15.0,8.0,23.0,64.0
74,MARTS_EXT_RXN_4fcf7c82c333,valid,,20.0,20.0,7.0,6.0,3.0,9.0,41.0
75,MARTS_EXT_RXN_4ffa9a18599e,valid,,15.0,15.0,7.0,7.0,3.0,10.0,42.0
76,MARTS_EXT_RXN_510852dd5fb5,valid,,15.0,15.0,8.0,7.0,5.0,12.0,44.0
77,MARTS_EXT_RXN_51c6e7c89344,valid,,20.0,20.0,11.0,16.0,7.0,23.0,58.0
78,MARTS_EXT_RXN_5298c5c71be1,valid,,16.0,16.0,11.0,13.0,6.0,19.0,59.0
79,MARTS_EXT_RXN_529b3e1ea6d5,valid,,15.0,15.0,10.0,9.0,7.0,16.0,59.0
80,MARTS_EXT_RXN_54f511ec7632,valid,,25.0,25.0,20.0,26.0,9.0,35.0,75.0
81,MARTS_EXT_RXN_55f4259a8324,valid,,40.0,40.0,3.0,2.0,2.0,4.0,21.0
82,MARTS_EXT_RXN_574cd0378c5f,valid,,15.0,15.0,11.0,12.0,6.0,18.0,56.0
83,MARTS_EXT_RXN_5834b8bc5c28,valid,,25.0,25.0,10.0,7.0,9.0,16.0,55.0
84,MARTS_EXT_RXN_5904725d5317,valid,,20.0,20.0,11.0,14.0,10.0,24.0,57.0
85,MARTS_EXT_RXN_5aa1e407cf39,valid,,15.0,15.0,8.0,9.0,6.0,15.0,42.0
86,MARTS_EXT_RXN_5c2828b66ca0,valid,,25.0,25.0,13.0,17.0,6.0,23.0,64.0
87,MARTS_EXT_RXN_5d4a8a447c7e,valid,,15.0,15.0,10.0,11.0,7.0,18.0,54.0
88,MARTS_EXT_RXN_5d8d9a77365d,valid,,21.0,21.0,8.0,6.0,6.0,12.0,48.0
89,MARTS_EXT_RXN_5e756bc9af81,valid,,21.0,21.0,4.0,4.0,1.0,5.0,27.0
90,MARTS_EXT_RXN_5ebefc2c5944,valid,,15.0,15.0,9.0,6.0,8.0,14.0,52.0
91,MARTS_EXT_RXN_5f7500503126,valid,,15.0,15.0,10.0,9.0,8.0,17.0,49.0
92,MARTS_EXT_RXN_6029eb5c9a03,valid,,20.0,20.0,11.0,10.0,9.0,19.0,59.0
93,MARTS_EXT_RXN_605fa04e8467,valid,,20.0,20.0,7.0,5.0,3.0,8.0,40.0
94,MARTS_EXT_RXN_6290a24f780c,valid,,15.0,15.0,11.0,12.0,5.0,17.0,57.0
95,MARTS_EXT_RXN_6314ab7563ea,valid,,19.0,19.0,9.0,6.0,7.0,13.0,46.0
96,MARTS_EXT_RXN_6385ac1fa7a9,valid,,20.0,20.0,10.0,9.0,5.0,14.0,51.0
97,MARTS_EXT_RXN_63e6da659221,valid,,16.0,16.0,9.0,8.0,7.0,15.0,48.0
98,MARTS_EXT_RXN_66951c0e7ed9,valid,,20.0,20.0,9.0,9.0,4.0,13.0,50.0
99,MARTS_EXT_RXN_66c7e35bfd6a,valid,,25.0,25.0,11.0,9.0,5.0,14.0,54.0
100,MARTS_EXT_RXN_66d9eb264140,valid,,25.0,25.0,15.0,17.0,11.0,28.0,73.0
101,MARTS_EXT_RXN_6705f601fdae,valid,,21.0,21.0,9.0,6.0,6.0,12.0,56.0
102,MARTS_EXT_RXN_68261f5fd64c,valid,,20.0,20.0,12.0,12.0,7.0,19.0,61.0
103,MARTS_EXT_RXN_68d7c7a6b97f,valid,,15.0,30.0,21.0,21.0,1.0,22.0,42.0
104,MARTS_EXT_RXN_697ad0951949,valid,,15.0,15.0,8.0,7.0,3.0,10.0,42.0
105,MARTS_EXT_RXN_6b2dcf26c892,valid,,20.0,20.0,11.0,9.0,5.0,14.0,54.0
106,MARTS_EXT_RXN_6bd0977b42d0,valid,,15.0,15.0,7.0,7.0,7.0,14.0,35.0
107,MARTS_EXT_RXN_6c1cbb35db92,valid,,20.0,20.0,4.0,3.0,3.0,6.0,25.0
108,MARTS_EXT_RXN_6c228262ac8f,valid,,31.0,31.0,19.0,21.0,13.0,34.0,81.0
109,MARTS_EXT_RXN_6c7d3c1df7ff,valid,,15.0,15.0,10.0,13.0,6.0,19.0,53.0
110,MARTS_EXT_RXN_6d6aa67d85ad,valid,,29.0,49.0,33.0,32.0,5.0,37.0,70.0
111,MARTS_EXT_RXN_714817f4ca78,valid,,20.0,20.0,5.0,5.0,3.0,8.0,30.0
112,MARTS_EXT_RXN_7160470e8992,valid,,25.0,25.0,13.0,15.0,6.0,21.0,65.0
113,MARTS_EXT_RXN_71aa03bcb508,valid,,25.0,25.0,16.0,19.0,8.0,27.0,68.0
114,MARTS_EXT_RXN_71bb2acc38af,valid,,20.0,20.0,8.0,9.0,7.0,16.0,44.0
115,MARTS_EXT_RXN_7345bb901e40,valid,,15.0,15.0,4.0,3.0,3.0,6.0,28.0
116,MARTS_EXT_RXN_747e48195053,valid,,15.0,15.0,5.0,4.0,5.0,9.0,34.0
117,MARTS_EXT_RXN_76499a11d465,valid,,29.0,29.0,9.0,11.0,5.0,16.0,53.0
118,MARTS_EXT_RXN_76627c4c8e95,valid,,25.0,25.0,15.0,17.0,10.0,27.0,60.0
119,MARTS_EXT_RXN_769df5ece0f3,valid,,20.0,20.0,10.0,11.0,5.0,16.0,48.0
120,MARTS_EXT_RXN_771248cd18de,valid,,15.0,15.0,10.0,13.0,4.0,17.0,52.0
121,MARTS_EXT_RXN_781f3e745c61,valid,,15.0,15.0,10.0,13.0,3.0,16.0,45.0
122,MARTS_EXT_RXN_78399ec4fc85,valid,,21.0,21.0,7.0,6.0,5.0,11.0,49.0
123,MARTS_EXT_RXN_7844025b0372,valid,,16.0,16.0,9.0,8.0,6.0,14.0,52.0
124,MARTS_EXT_RXN_78f709de4b7c,valid,,31.0,31.0,6.0,6.0,3.0,9.0,39.0
125,MARTS_EXT_RXN_79368a2476ac,valid,,21.0,21.0,7.0,6.0,4.0,10.0,45.0
126,MARTS_EXT_RXN_7b0cfb7bb82c,valid,,20.0,20.0,8.0,7.0,3.0,10.0,46.0
127,MARTS_EXT_RXN_7c05abd7a600,valid,,15.0,15.0,9.0,11.0,3.0,14.0,47.0
128,MARTS_EXT_RXN_7c41968d1cff,valid,,21.0,21.0,7.0,6.0,4.0,10.0,47.0
129,MARTS_EXT_RXN_832dbc506db6,valid,,31.0,32.0,15.0,17.0,10.0,27.0,69.0
130,MARTS_EXT_RXN_848e51b53c9f,valid,,15.0,15.0,9.0,11.0,6.0,17.0,50.0
131,MARTS_EXT_RXN_8551b0818261,valid,,25.0,25.0,16.0,19.0,12.0,31.0,72.0
132,MARTS_EXT_RXN_86983edabe8c,valid,,25.0,25.0,10.0,8.0,8.0,16.0,54.0
133,MARTS_EXT_RXN_86a30d47d9f4,valid,,20.0,20.0,10.0,11.0,5.0,16.0,51.0
134,MARTS_EXT_RXN_86ad65662f49,valid,,20.0,20.0,3.0,2.0,3.0,5.0,23.0
135,MARTS_EXT_RXN_86ce128d7d61,valid,,20.0,20.0,10.0,9.0,4.0,13.0,52.0
136,MARTS_EXT_RXN_87203dec8e34,valid,,31.0,31.0,1.0,0.0,1.0,1.0,7.0
137,MARTS_EXT_RXN_877408d79e1b,valid,,16.0,16.0,10.0,12.0,8.0,20.0,56.0
138,MARTS_EXT_RXN_890006655690,valid,,11.0,11.0,1.0,0.0,1.0,1.0,7.0
139,MARTS_EXT_RXN_8b03f1de5fce,valid,,25.0,25.0,16.0,16.0,12.0,28.0,71.0
140,MARTS_EXT_RXN_8c6cae136e8b,valid,,25.0,25.0,6.0,5.0,4.0,9.0,34.0
141,MARTS_EXT_RXN_8d049834636c,valid,,16.0,31.0,22.0,21.0,5.0,26.0,63.0
142,MARTS_EXT_RXN_8d2492a66172,valid,,10.0,10.0,6.0,5.0,4.0,9.0,38.0
143,MARTS_EXT_RXN_8d7f7dd54117,valid,,21.0,21.0,14.0,15.0,9.0,24.0,65.0
144,MARTS_EXT_RXN_8e685e0c0b69,valid,,31.0,32.0,15.0,16.0,10.0,26.0,68.0
145,MARTS_EXT_RXN_908734b433c3,valid,,15.0,15.0,6.0,5.0,4.0,9.0,37.0
146,MARTS_EXT_RXN_90bccccecf9c,valid,,26.0,26.0,17.0,18.0,13.0,31.0,75.0
147,MARTS_EXT_RXN_9239c973f487,valid,,20.0,20.0,7.0,9.0,4.0,13.0,41.0
148,MARTS_EXT_RXN_92f6ef4d14a5,valid,,35.0,36.0,12.0,11.0,10.0,21.0,48.0
149,MARTS_EXT_RXN_932a9e24c662,valid,,20.0,20.0,9.0,9.0,3.0,12.0,39.0
150,MARTS_EXT_RXN_95048e61f00d,valid,,25.0,25.0,15.0,17.0,11.0,28.0,69.0
151,MARTS_EXT_RXN_96ac57c79326,valid,,10.0,10.0,7.0,8.0,5.0,13.0,43.0
152,MARTS_EXT_RXN_9799d98e2a75,valid,,20.0,20.0,4.0,3.0,2.0,5.0,27.0
153,MARTS_EXT_RXN_9864ce62f34c,valid,,20.0,20.0,9.0,7.0,7.0,14.0,55.0
154,MARTS_EXT_RXN_98758b30deaf,valid,,15.0,15.0,12.0,10.0,9.0,19.0,60.0
155,MARTS_EXT_RXN_9927ff5db9e4,valid,,25.0,25.0,15.0,15.0,13.0,28.0,64.0
156,MARTS_EXT_RXN_9aca0b07537d,valid,,21.0,21.0,7.0,8.0,5.0,13.0,41.0
157,MARTS_EXT_RXN_9bfd169ae97d,valid,,20.0,40.0,25.0,24.0,0.0,24.0,48.0
158,MARTS_EXT_RXN_9c359e8d58c7,valid,,25.0,25.0,11.0,9.0,5.0,14.0,56.0
159,MARTS_EXT_RXN_9c7db311ef6f,valid,,20.0,20.0,13.0,15.0,9.0,24.0,61.0
160,MARTS_EXT_RXN_9d212bb94209,valid,,20.0,20.0,12.0,14.0,7.0,21.0,64.0
161,MARTS_EXT_RXN_9e53a7397306,valid,,29.0,30.0,7.0,6.0,5.0,11.0,38.0
162,MARTS_EXT_RXN_a034669a1e40,valid,,10.0,10.0,5.0,7.0,2.0,9.0,31.0
163,MARTS_EXT_RXN_a1bdb236418d,valid,,25.0,25.0,15.0,19.0,9.0,28.0,67.0
164,MARTS_EXT_RXN_a330ce4c4099,valid,,20.0,20.0,8.0,7.0,6.0,13.0,40.0
165,MARTS_EXT_RXN_a3395ba9b8c6,valid,,20.0,40.0,26.0,26.0,0.0,26.0,42.0
166,MARTS_EXT_RXN_a3e15b2ae79d,valid,,20.0,20.0,8.0,7.0,6.0,13.0,39.0
167,MARTS_EXT_RXN_a40190329c75,valid,,25.0,25.0,11.0,12.0,6.0,18.0,52.0
168,MARTS_EXT_RXN_a5374cc39ade,valid,,20.0,20.0,7.0,5.0,7.0,12.0,34.0
169,MARTS_EXT_RXN_a78f2392f8c2,valid,,20.0,20.0,6.0,5.0,4.0,9.0,32.0
170,MARTS_EXT_RXN_a835c7512bd8,valid,,15.0,15.0,6.0,5.0,4.0,9.0,37.0
171,MARTS_EXT_RXN_a9c17147ad90,valid,,20.0,20.0,6.0,5.0,3.0,8.0,37.0
172,MARTS_EXT_RXN_aaa305f17a30,valid,,25.0,25.0,10.0,7.0,9.0,16.0,52.0
173,MARTS_EXT_RXN_aaf62036b97e,valid,,31.0,31.0,13.0,12.0,7.0,19.0,62.0
174,MARTS_EXT_RXN_accbb7c49b47,valid,,20.0,20.0,14.0,15.0,10.0,25.0,58.0
175,MARTS_EXT_RXN_ad8e38949c9e,valid,,20.0,20.0,6.0,5.0,3.0,8.0,38.0
176,MARTS_EXT_RXN_aecc694cdc8f,valid,,31.0,31.0,19.0,21.0,13.0,34.0,84.0
177,MARTS_EXT_RXN_af6c10b22452,valid,,15.0,15.0,8.0,7.0,6.0,13.0,45.0
178,MARTS_EXT_RXN_b099e0d8d67d,valid,,15.0,15.0,8.0,9.0,1.0,10.0,40.0
179,MARTS_EXT_RXN_b1f6de0feffa,valid,,16.0,16.0,10.0,11.0,7.0,18.0,52.0
180,MARTS_EXT_RXN_b3860010df2b,valid,,25.0,25.0,15.0,15.0,12.0,27.0,69.0
181,MARTS_EXT_RXN_b3c865336ac3,valid,,21.0,21.0,1.0,0.0,1.0,1.0,7.0
182,MARTS_EXT_RXN_b44a6383dd2a,valid,,15.0,15.0,11.0,13.0,5.0,18.0,59.0
183,MARTS_EXT_RXN_b72409fe507d,valid,,25.0,25.0,15.0,16.0,9.0,25.0,69.0
184,MARTS_EXT_RXN_b89583d7f0d9,valid,,20.0,40.0,27.0,28.0,2.0,30.0,43.0
185,MARTS_EXT_RXN_bac5b3b4b30d,valid,,25.0,25.0,15.0,15.0,11.0,26.0,69.0
186,MARTS_EXT_RXN_bb0c8b67ae81,valid,,15.0,15.0,8.0,9.0,4.0,13.0,45.0
187,MARTS_EXT_RXN_be324f8633fc,valid,,20.0,20.0,10.0,11.0,6.0,17.0,53.0
188,MARTS_EXT_RXN_be815318a50a,valid,,21.0,21.0,6.0,6.0,6.0,12.0,41.0
189,MARTS_EXT_RXN_bf12f5d59166,valid,,20.0,20.0,7.0,7.0,1.0,8.0,39.0
190,MARTS_EXT_RXN_c0d41a7707a3,valid,,16.0,16.0,10.0,10.0,6.0,16.0,55.0
191,MARTS_EXT_RXN_c29f1cca3044,valid,,20.0,20.0,6.0,5.0,5.0,10.0,37.0
192,MARTS_EXT_RXN_c2e48d093662,valid,,10.0,10.0,6.0,5.0,3.0,8.0,39.0
193,MARTS_EXT_RXN_c33f8bcece70,valid,,25.0,25.0,12.0,9.0,10.0,19.0,59.0
194,MARTS_EXT_RXN_c38237fa511c,valid,,15.0,30.0,19.0,19.0,1.0,20.0,44.0
195,MARTS_EXT_RXN_c47716e3c171,valid,,15.0,15.0,7.0,5.0,7.0,12.0,42.0
196,MARTS_EXT_RXN_c4cfcdfee60d,valid,,16.0,16.0,7.0,7.0,6.0,13.0,43.0
197,MARTS_EXT_RXN_c7f62ba677ae,valid,,20.0,20.0,11.0,15.0,7.0,22.0,58.0
198,MARTS_EXT_RXN_c82f9ce748cd,valid,,25.0,25.0,12.0,12.0,5.0,17.0,60.0
199,MARTS_EXT_RXN_c9b279de0442,valid,,26.0,26.0,1.0,0.0,1.0,1.0,7.0
200,MARTS_EXT_RXN_cab46dc67f5d,valid,,10.0,10.0,3.0,1.0,3.0,4.0,18.0
201,MARTS_EXT_RXN_cda281fba2bd,valid,,20.0,20.0,11.0,11.0,7.0,18.0,53.0
202,MARTS_EXT_RXN_cded9fefc276,valid,,15.0,15.0,8.0,7.0,6.0,13.0,41.0
203,MARTS_EXT_RXN_cffca17c4e58,valid,,15.0,15.0,6.0,5.0,3.0,8.0,38.0
204,MARTS_EXT_RXN_d0c235775bc5,valid,,15.0,15.0,6.0,5.0,3.0,8.0,37.0
205,MARTS_EXT_RXN_d147768eaf20,valid,,15.0,15.0,8.0,7.0,5.0,12.0,45.0
206,MARTS_EXT_RXN_d1d507ef878d,valid,,20.0,20.0,6.0,5.0,3.0,8.0,33.0
207,MARTS_EXT_RXN_d4bafc235050,valid,,20.0,20.0,10.0,8.0,8.0,16.0,56.0
208,MARTS_EXT_RXN_d4f733465fb3,valid,,15.0,15.0,11.0,9.0,6.0,15.0,58.0
209,MARTS_EXT_RXN_d86b1fdbc72d,valid,,16.0,16.0,6.0,6.0,3.0,9.0,40.0
210,MARTS_EXT_RXN_d91651d1ef35,valid,,25.0,25.0,11.0,9.0,11.0,20.0,59.0
211,MARTS_EXT_RXN_dbc26311dec1,valid,,21.0,21.0,8.0,6.0,6.0,12.0,50.0
212,MARTS_EXT_RXN_dd89a5b3606f,valid,,11.0,11.0,10.0,11.0,5.0,16.0,53.0
213,MARTS_EXT_RXN_de164cb3f0e1,valid,,40.0,40.0,4.0,4.0,1.0,5.0,24.0
214,MARTS_EXT_RXN_df06835b65dd,valid,,30.0,30.0,5.0,4.0,3.0,7.0,32.0
215,MARTS_EXT_RXN_df3107f9c103,valid,,20.0,20.0,12.0,13.0,5.0,18.0,57.0
216,MARTS_EXT_RXN_e056c9e6d498,valid,,20.0,20.0,13.0,13.0,11.0,24.0,64.0
217,MARTS_EXT_RXN_e266d387018a,valid,,21.0,21.0,12.0,17.0,10.0,27.0,67.0
218,MARTS_EXT_RXN_e275424c414b,valid,,10.0,10.0,3.0,2.0,3.0,5.0,23.0
219,MARTS_EXT_RXN_e71ff45cbd78,valid,,20.0,20.0,8.0,7.0,8.0,15.0,47.0
220,MARTS_EXT_RXN_e7770b1f70c7,valid,,40.0,40.0,3.0,2.0,2.0,4.0,21.0
221,MARTS_EXT_RXN_e778d2d951ff,valid,,29.0,29.0,10.0,14.0,5.0,19.0,53.0
222,MARTS_EXT_RXN_e9ed9dc21c00,valid,,29.0,29.0,5.0,4.0,3.0,7.0,27.0
223,MARTS_EXT_RXN_eba646fdd070,valid,,20.0,20.0,6.0,5.0,5.0,10.0,41.0
224,MARTS_EXT_RXN_ecb0de88d8e0,valid,,26.0,26.0,13.0,12.0,9.0,21.0,69.0
225,MARTS_EXT_RXN_ed3cf125a033,valid,,16.0,16.0,8.0,8.0,7.0,15.0,45.0
226,MARTS_EXT_RXN_ed65fc0ae861,valid,,15.0,15.0,8.0,8.0,5.0,13.0,47.0
227,MARTS_EXT_RXN_eddada43cb76,valid,,25.0,25.0,17.0,20.0,10.0,30.0,63.0
228,MARTS_EXT_RXN_eec1da2d1706,valid,,25.0,25.0,9.0,7.0,7.0,14.0,52.0
229,MARTS_EXT_RXN_efd2739d909f,valid,,20.0,20.0,12.0,14.0,6.0,20.0,65.0
230,MARTS_EXT_RXN_f0fe69f8e0b7,valid,,21.0,21.0,9.0,10.0,4.0,14.0,53.0
231,MARTS_EXT_RXN_f12698751b7a,valid,,25.0,25.0,11.0,9.0,9.0,18.0,57.0
232,MARTS_EXT_RXN_f5414ceb0f1f,valid,,20.0,20.0,11.0,11.0,9.0,20.0,58.0
233,MARTS_EXT_RXN_f7cc3793e8fe,valid,,20.0,20.0,4.0,3.0,1.0,4.0,23.0
234,MARTS_EXT_RXN_fa03c166bbd7,valid,,21.0,21.0,11.0,11.0,9.0,20.0,59.0
235,MARTS_EXT_RXN_fa0e122a530f,valid,,25.0,25.0,16.0,19.0,12.0,31.0,65.0
236,MARTS_EXT_RXN_faf8834b256f,valid,,15.0,15.0,8.0,7.0,5.0,12.0,44.0
237,MARTS_EXT_RXN_fb686c0d23a3,valid,,21.0,21.0,6.0,6.0,4.0,10.0,41.0
238,MARTS_EXT_RXN_fc09735a9f8b,valid,,10.0,10.0,4.0,3.0,3.0,6.0,27.0
239,MARTS_EXT_RXN_fd49ae10b01d,valid,,20.0,20.0,8.0,7.0,7.0,14.0,41.0
240,RHEA:10008,valid,,19.0,19.0,4.0,2.0,4.0,6.0,18.0
241,RHEA:10012,valid,,16.0,16.0,5.0,4.0,4.0,8.0,26.0
242,RHEA:10016,valid,,23.0,24.0,3.0,2.0,2.0,4.0,18.0
243,RHEA:10020,valid,,68.0,69.0,9.0,8.0,9.0,17.0,54.0
244,RHEA:10024,valid,,38.0,39.0,3.0,2.0,2.0,4.0,20.0
245,RHEA:10036,valid,,13.0,13.0,4.0,2.0,4.0,6.0,19.0
246,RHEA:10040,valid,,28.0,28.0,4.0,2.0,3.0,5.0,22.0
247,RHEA:10044,valid,,51.0,52.0,8.0,7.0,8.0,15.0,47.0
248,RHEA:10048,valid,,13.0,14.0,3.0,2.0,2.0,4.0,21.0
249,RHEA:10056,valid,,54.0,54.0,3.0,2.0,2.0,4.0,18.0
250,RHEA:10064,valid,,40.0,40.0,5.0,4.0,4.0,8.0,32.0
251,RHEA:10072,valid,,34.0,35.0,3.0,2.0,2.0,4.0,19.0
252,RHEA:10076,valid,,24.0,24.0,3.0,2.0,2.0,4.0,16.0
253,RHEA:10080,valid,,57.0,57.0,14.0,13.0,14.0,27.0,67.0
254,RHEA:10084,valid,,13.0,15.0,10.0,9.0,8.0,17.0,39.0
255,RHEA:10092,valid,,14.0,14.0,4.0,2.0,3.0,5.0,22.0
256,RHEA:10096,valid,,59.0,60.0,6.0,4.0,4.0,8.0,43.0
257,RHEA:10100,valid,,25.0,26.0,3.0,2.0,2.0,4.0,17.0
258,RHEA:10104,valid,,36.0,36.0,6.0,6.0,2.0,8.0,30.0
259,RHEA:10108,valid,,72.0,73.0,8.0,7.0,8.0,15.0,47.0
260,RHEA:10112,valid,,15.0,15.0,3.0,2.0,2.0,4.0,18.0
261,RHEA:10116,valid,,65.0,65.0,11.0,9.0,10.0,19.0,63.0
262,RHEA:10120,valid,,25.0,25.0,11.0,12.0,11.0,23.0,58.0
263,RHEA:10124,valid,,60.0,60.0,10.0,10.0,7.0,17.0,57.0
264,RHEA:10128,valid,,44.0,44.0,11.0,13.0,4.0,17.0,52.0
265,RHEA:10132,valid,,88.0,88.0,6.0,4.0,3.0,7.0,36.0
266,RHEA:10136,valid,,10.0,10.0,5.0,4.0,2.0,6.0,27.0
267,RHEA:10140,valid,,73.0,74.0,8.0,7.0,8.0,15.0,46.0
268,RHEA:10144,valid,,15.0,15.0,4.0,2.0,3.0,5.0,22.0
269,RHEA:10148,valid,,31.0,31.0,4.0,2.0,3.0,5.0,22.0
270,RHEA:10152,valid,,36.0,37.0,6.0,6.0,2.0,8.0,33.0
271,RHEA:10160,valid,,56.0,57.0,8.0,7.0,8.0,15.0,48.0
272,RHEA:10164,valid,,11.0,11.0,3.0,2.0,2.0,4.0,18.0
273,RHEA:10168,valid,,59.0,61.0,24.0,22.0,6.0,28.0,101.0
274,RHEA:10172,valid,,14.0,15.0,3.0,2.0,2.0,4.0,18.0
275,RHEA:10176,valid,,60.0,61.0,8.0,7.0,8.0,15.0,48.0
276,RHEA:10180,valid,,83.0,84.0,9.0,8.0,9.0,17.0,53.0
277,RHEA:10184,valid,,11.0,12.0,5.0,4.0,2.0,6.0,30.0
278,RHEA:10188,valid,,106.0,107.0,6.0,4.0,4.0,8.0,37.0
279,RHEA:10192,valid,,37.0,38.0,3.0,2.0,2.0,4.0,18.0
280,RHEA:10196,valid,,17.0,17.0,7.0,7.0,7.0,14.0,34.0
281,RHEA:10200,valid,,50.0,51.0,8.0,7.0,8.0,15.0,47.0
282,RHEA:10204,valid,,57.0,57.0,11.0,7.0,7.0,14.0,54.0
283,RHEA:10208,valid,,40.0,41.0,3.0,2.0,2.0,4.0,21.0
284,RHEA:10212,valid,,18.0,18.0,4.0,4.0,2.0,6.0,26.0
285,RHEA:10216,valid,,33.0,34.0,3.0,2.0,2.0,4.0,20.0
286,RHEA:10220,valid,,67.0,68.0,7.0,4.0,4.0,8.0,42.0
287,RHEA:10224,valid,,43.0,44.0,3.0,2.0,2.0,4.0,22.0
288,RHEA:10228,valid,,13.0,13.0,3.0,2.0,2.0,4.0,19.0
289,RHEA:10240,valid,,78.0,79.0,8.0,7.0,8.0,15.0,47.0
290,RHEA:10244,valid,,15.0,16.0,3.0,2.0,2.0,4.0,19.0
291,RHEA:10248,valid,,29.0,30.0,5.0,4.0,2.0,6.0,25.0
292,RHEA:10252,valid,,12.0,12.0,3.0,2.0,2.0,4.0,19.0
293,RHEA:10260,valid,,33.0,34.0,4.0,2.0,3.0,5.0,21.0
294,RHEA:10264,valid,,12.0,12.0,0.0,0.0,0.0,0.0,0.0
295,RHEA:10268,valid,,13.0,13.0,3.0,2.0,2.0,4.0,20.0
296,RHEA:10272,valid,,43.0,44.0,3.0,2.0,2.0,4.0,22.0
297,RHEA:10276,valid,,71.0,71.0,9.0,8.0,1.0,9.0,30.0
298,RHEA:10280,valid,,40.0,41.0,3.0,2.0,2.0,4.0,20.0
299,RHEA:10288,valid,,12.0,13.0,3.0,2.0,2.0,4.0,18.0
300,RHEA:10292,valid,,67.0,68.0,3.0,2.0,2.0,4.0,22.0
301,RHEA:10296,valid,,63.0,64.0,8.0,7.0,8.0,15.0,50.0
302,RHEA:10300,valid,,59.0,60.0,8.0,7.0,8.0,15.0,50.0
303,RHEA:10304,valid,,48.0,48.0,3.0,2.0,2.0,4.0,20.0
304,RHEA:10312,valid,,58.0,58.0,14.0,15.0,14.0,29.0,65.0
305,RHEA:10316,valid,,21.0,21.0,6.0,6.0,2.0,8.0,31.0
306,RHEA:10320,valid,,9.0,9.0,4.0,2.0,4.0,6.0,26.0
307,RHEA:10332,valid,,70.0,70.0,3.0,2.0,2.0,4.0,20.0
308,RHEA:10336,valid,,13.0,13.0,3.0,2.0,2.0,4.0,18.0
309,RHEA:10340,valid,,18.0,30.0,27.0,29.0,12.0,41.0,103.0
310,RHEA:10344,valid,,70.0,70.0,3.0,2.0,2.0,4.0,20.0
311,RHEA:10348,valid,,42.0,43.0,7.0,4.0,5.0,9.0,36.0
312,RHEA:10352,valid,,7.0,7.0,3.0,2.0,2.0,4.0,18.0
313,RHEA:10360,valid,,12.0,13.0,3.0,2.0,2.0,4.0,18.0
314,RHEA:10368,valid,,45.0,45.0,4.0,4.0,2.0,6.0,26.0
315,RHEA:10372,valid,,103.0,103.0,10.0,9.0,8.0,17.0,60.0
316,RHEA:10376,valid,,33.0,34.0,4.0,2.0,3.0,5.0,21.0
317,RHEA:10380,valid,,33.0,33.0,4.0,2.0,3.0,5.0,29.0
318,RHEA:10384,valid,,34.0,34.0,6.0,4.0,3.0,7.0,40.0
319,RHEA:10388,valid,,41.0,41.0,7.0,7.0,2.0,9.0,43.0
320,RHEA:10392,valid,,58.0,59.0,8.0,7.0,8.0,15.0,48.0
321,RHEA:10408,valid,,117.0,117.0,6.0,6.0,2.0,8.0,35.0
322,RHEA:10412,valid,,37.0,39.0,3.0,2.0,2.0,4.0,17.0
323,RHEA:10416,valid,,15.0,15.0,3.0,2.0,2.0,4.0,18.0
324,RHEA:10420,valid,,13.0,13.0,4.0,4.0,2.0,6.0,26.0
325,RHEA:10424,valid,,14.0,14.0,3.0,2.0,2.0,4.0,19.0
326,RHEA:10428,valid,,24.0,24.0,5.0,4.0,2.0,6.0,27.0
327,RHEA:10432,valid,,15.0,15.0,8.0,8.0,4.0,12.0,39.0
328,RHEA:10436,valid,,76.0,76.0,3.0,2.0,2.0,4.0,18.0
329,RHEA:10440,valid,,13.0,14.0,3.0,2.0,2.0,4.0,18.0
330,RHEA:10444,valid,,51.0,52.0,3.0,2.0,2.0,4.0,19.0
331,RHEA:10448,valid,,39.0,39.0,11.0,10.0,5.0,15.0,57.0
332,RHEA:10452,valid,,52.0,54.0,13.0,8.0,9.0,17.0,64.0
333,RHEA:10456,valid,,74.0,74.0,3.0,2.0,2.0,4.0,20.0
334,RHEA:10468,valid,,19.0,19.0,7.0,5.0,6.0,11.0,38.0
335,RHEA:10472,valid,,11.0,11.0,3.0,2.0,2.0,4.0,20.0
336,RHEA:10488,valid,,65.0,65.0,7.0,5.0,5.0,10.0,44.0
337,RHEA:10492,valid,,12.0,12.0,4.0,2.0,3.0,5.0,22.0
338,RHEA:10508,valid,,28.0,28.0,4.0,4.0,0.0,4.0,21.0
339,RHEA:10520,valid,,59.0,60.0,3.0,2.0,2.0,4.0,22.0
340,RHEA:10524,valid,,10.0,10.0,3.0,2.0,2.0,4.0,17.0
341,RHEA:10532,valid,,26.0,26.0,5.0,4.0,2.0,6.0,30.0
342,RHEA:10540,valid,,18.0,18.0,3.0,2.0,2.0,4.0,19.0
343,RHEA:10552,valid,,14.0,14.0,4.0,2.0,4.0,6.0,19.0
344,RHEA:10556,valid,,22.0,23.0,8.0,6.0,5.0,11.0,48.0
345,RHEA:10572,valid,,53.0,53.0,3.0,2.0,2.0,4.0,19.0
346,RHEA:10584,zero_fallback,missing_mapping,,,,,,,
347,RHEA:10588,zero_fallback,missing_mapping,,,,,,,
348,RHEA:10596,valid,,45.0,46.0,3.0,2.0,2.0,4.0,22.0
349,RHEA:10600,valid,,25.0,25.0,3.0,2.0,2.0,4.0,18.0
350,RHEA:10604,valid,,23.0,24.0,3.0,2.0,2.0,4.0,19.0
351,RHEA:10608,valid,,44.0,45.0,11.0,7.0,7.0,14.0,56.0
352,RHEA:10612,valid,,133.0,134.0,5.0,4.0,2.0,6.0,32.0
353,RHEA:10616,valid,,70.0,71.0,8.0,7.0,8.0,15.0,47.0
354,RHEA:10620,valid,,106.0,107.0,8.0,7.0,8.0,15.0,50.0
355,RHEA:10644,valid,,14.0,15.0,7.0,7.0,7.0,14.0,41.0
356,RHEA:10652,valid,,48.0,50.0,8.0,7.0,8.0,15.0,45.0
357,RHEA:10656,valid,,35.0,36.0,3.0,2.0,2.0,4.0,19.0
358,RHEA:10664,valid,,55.0,56.0,8.0,7.0,8.0,15.0,48.0
359,RHEA:10668,valid,,53.0,53.0,3.0,2.0,2.0,4.0,19.0
360,RHEA:10680,valid,,8.0,8.0,0.0,0.0,0.0,0.0,0.0
361,RHEA:10684,valid,,19.0,19.0,4.0,2.0,3.0,5.0,22.0
362,RHEA:10688,valid,,45.0,45.0,3.0,2.0,2.0,4.0,17.0
363,RHEA:10692,valid,,30.0,31.0,17.0,14.0,17.0,31.0,71.0
364,RHEA:10696,valid,,64.0,64.0,6.0,4.0,3.0,7.0,35.0
365,RHEA:10700,valid,,12.0,12.0,3.0,2.0,2.0,4.0,18.0
366,RHEA:10704,valid,,62.0,62.0,6.0,4.0,3.0,7.0,36.0
367,RHEA:10712,valid,,14.0,14.0,6.0,4.0,4.0,8.0,31.0
368,RHEA:10716,valid,,16.0,16.0,3.0,2.0,2.0,4.0,21.0
369,RHEA:10720,valid,,57.0,57.0,6.0,4.0,5.0,9.0,34.0
370,RHEA:10724,valid,,86.0,87.0,8.0,7.0,8.0,15.0,46.0
371,RHEA:10728,valid,,82.0,83.0,8.0,7.0,8.0,15.0,46.0
372,RHEA:10732,valid,,51.0,51.0,8.0,6.0,5.0,11.0,44.0
373,RHEA:10736,valid,,47.0,48.0,8.0,7.0,8.0,15.0,46.0
374,RHEA:10740,valid,,48.0,49.0,8.0,7.0,8.0,15.0,46.0
375,RHEA:10744,valid,,58.0,58.0,15.0,16.0,13.0,29.0,81.0
376,RHEA:10748,valid,,4.0,4.0,3.0,2.0,2.0,4.0,14.0
377,RHEA:10756,valid,,42.0,43.0,9.0,6.0,4.0,10.0,43.0
378,RHEA:10760,valid,,13.0,13.0,3.0,2.0,2.0,4.0,20.0
379,RHEA:10764,valid,,34.0,35.0,8.0,6.0,4.0,10.0,39.0
380,RHEA:10768,valid,,33.0,34.0,8.0,6.0,4.0,10.0,39.0
381,RHEA:10772,valid,,28.0,28.0,3.0,2.0,2.0,4.0,17.0
382,RHEA:10776,valid,,61.0,62.0,8.0,7.0,8.0,15.0,48.0
383,RHEA:10780,valid,,57.0,58.0,8.0,7.0,8.0,15.0,48.0
384,RHEA:10792,valid,,22.0,22.0,3.0,2.0,2.0,4.0,19.0
385,RHEA:10796,valid,,68.0,68.0,9.0,8.0,7.0,15.0,49.0
386,RHEA:10800,valid,,33.0,33.0,4.0,2.0,3.0,5.0,29.0
387,RHEA:10808,valid,,10.0,10.0,4.0,2.0,4.0,6.0,19.0
388,RHEA:10812,valid,,61.0,63.0,8.0,7.0,8.0,15.0,47.0
389,RHEA:10824,valid,,57.0,58.0,8.0,7.0,8.0,15.0,48.0
390,RHEA:10828,valid,,89.0,89.0,6.0,4.0,3.0,7.0,36.0
391,RHEA:10832,valid,,39.0,40.0,3.0,2.0,2.0,4.0,19.0
392,RHEA:10836,valid,,71.0,71.0,11.0,10.0,9.0,19.0,59.0
393,RHEA:10840,valid,,13.0,13.0,4.0,2.0,4.0,6.0,24.0
394,RHEA:10848,valid,,39.0,40.0,4.0,2.0,3.0,5.0,21.0
395,RHEA:10868,valid,,63.0,63.0,3.0,2.0,2.0,4.0,20.0
396,RHEA:10872,valid,,13.0,13.0,3.0,2.0,2.0,4.0,18.0
397,RHEA:10876,valid,,10.0,10.0,3.0,2.0,2.0,4.0,19.0
398,RHEA:10904,valid,,30.0,32.0,9.0,7.0,4.0,11.0,42.0
399,RHEA:10908,valid,,62.0,63.0,3.0,2.0,2.0,4.0,22.0
400,RHEA:10912,valid,,47.0,48.0,6.0,4.0,3.0,7.0,37.0
401,RHEA:10932,valid,,52.0,53.0,9.0,7.0,5.0,12.0,46.0
402,RHEA:10936,valid,,33.0,33.0,10.0,9.0,10.0,19.0,37.0
403,RHEA:10940,valid,,19.0,19.0,11.0,11.0,5.0,16.0,62.0
404,RHEA:10944,valid,,22.0,22.0,4.0,2.0,3.0,5.0,22.0
405,RHEA:10948,valid,,43.0,44.0,3.0,2.0,2.0,4.0,22.0
406,RHEA:10960,valid,,6.0,6.0,0.0,0.0,0.0,0.0,0.0
407,RHEA:10964,valid,,41.0,42.0,3.0,2.0,2.0,4.0,22.0
408,RHEA:10980,valid,,7.0,7.0,0.0,0.0,0.0,0.0,0.0
409,RHEA:10992,valid,,53.0,54.0,8.0,7.0,8.0,15.0,48.0
410,RHEA:11000,valid,,10.0,10.0,4.0,3.0,3.0,6.0,21.0
411,RHEA:11004,valid,,56.0,56.0,11.0,10.0,9.0,19.0,58.0
412,RHEA:11008,valid,,24.0,25.0,3.0,2.0,2.0,4.0,18.0
413,RHEA:11016,valid,,13.0,13.0,3.0,2.0,2.0,4.0,19.0
414,RHEA:11020,valid,,55.0,56.0,3.0,2.0,2.0,4.0,22.0
415,RHEA:11028,valid,,43.0,44.0,3.0,2.0,2.0,4.0,22.0
416,RHEA:11032,valid,,11.0,12.0,3.0,2.0,2.0,4.0,22.0
417,RHEA:11036,valid,,37.0,38.0,3.0,2.0,2.0,4.0,18.0
418,RHEA:11040,valid,,15.0,15.0,4.0,2.0,4.0,6.0,22.0
419,RHEA:11044,valid,,6.0,7.0,3.0,2.0,2.0,4.0,16.0
420,RHEA:11048,valid,,32.0,32.0,4.0,4.0,0.0,4.0,20.0
421,RHEA:11060,valid,,63.0,63.0,6.0,4.0,3.0,7.0,36.0
422,RHEA:11064,valid,,21.0,21.0,6.0,4.0,3.0,7.0,24.0
423,RHEA:11068,valid,,35.0,35.0,3.0,2.0,2.0,4.0,17.0
424,RHEA:11072,valid,,60.0,60.0,13.0,12.0,10.0,22.0,62.0
425,RHEA:11076,valid,,56.0,56.0,13.0,12.0,10.0,22.0,62.0
426,RHEA:11080,valid,,22.0,22.0,4.0,2.0,3.0,5.0,22.0
427,RHEA:11092,valid,,54.0,55.0,8.0,7.0,8.0,15.0,48.0
428,RHEA:11096,valid,,58.0,59.0,8.0,7.0,8.0,15.0,48.0
429,RHEA:11112,valid,,17.0,17.0,4.0,3.0,3.0,6.0,24.0
430,RHEA:11120,valid,,7.0,7.0,6.0,5.0,4.0,9.0,22.0
431,RHEA:11128,zero_fallback,missing_mapping,,,,,,,
432,RHEA:11132,valid,,93.0,94.0,8.0,7.0,8.0,15.0,46.0
433,RHEA:11136,valid,,68.0,69.0,3.0,2.0,2.0,4.0,22.0
434,RHEA:11140,valid,,16.0,16.0,3.0,2.0,2.0,4.0,22.0
435,RHEA:11148,valid,,6.0,6.0,6.0,1.0,6.0,7.0,8.0
436,RHEA:11160,valid,,18.0,18.0,6.0,6.0,2.0,8.0,34.0
437,RHEA:11164,valid,,46.0,47.0,3.0,2.0,2.0,4.0,20.0
438,RHEA:11172,valid,,41.0,41.0,3.0,2.0,2.0,4.0,20.0
439,RHEA:11176,valid,,28.0,28.0,6.0,4.0,3.0,7.0,32.0
440,RHEA:11180,valid,,63.0,64.0,7.0,4.0,4.0,8.0,42.0
441,RHEA:11184,valid,,10.0,10.0,4.0,3.0,3.0,6.0,21.0
442,RHEA:11188,valid,,10.0,10.0,4.0,3.0,3.0,6.0,19.0
443,RHEA:11192,valid,,7.0,8.0,3.0,2.0,2.0,4.0,16.0
444,RHEA:11196,valid,,33.0,34.0,3.0,2.0,2.0,4.0,22.0
445,RHEA:11204,valid,,58.0,59.0,6.0,4.0,3.0,7.0,37.0
446,RHEA:11216,valid,,44.0,44.0,4.0,4.0,0.0,4.0,22.0
447,RHEA:11224,valid,,43.0,44.0,6.0,4.0,3.0,7.0,34.0
448,RHEA:11228,valid,,65.0,66.0,8.0,7.0,8.0,15.0,47.0
449,RHEA:11236,valid,,16.0,16.0,3.0,2.0,2.0,4.0,22.0
450,RHEA:11256,valid,,71.0,73.0,5.0,4.0,2.0,6.0,32.0
451,RHEA:11260,valid,,50.0,50.0,8.0,7.0,8.0,15.0,41.0
452,RHEA:11264,valid,,46.0,46.0,8.0,7.0,8.0,15.0,41.0
453,RHEA:11268,valid,,8.0,9.0,5.0,3.0,5.0,8.0,27.0
454,RHEA:11276,valid,,34.0,34.0,6.0,1.0,6.0,7.0,12.0
455,RHEA:11280,valid,,54.0,54.0,8.0,8.0,4.0,12.0,48.0
456,RHEA:11296,valid,,58.0,60.0,8.0,7.0,8.0,15.0,47.0
457,RHEA:11304,valid,,9.0,9.0,3.0,2.0,2.0,4.0,20.0
458,RHEA:11308,valid,,86.0,87.0,6.0,4.0,4.0,8.0,34.0
459,RHEA:11312,valid,,15.0,16.0,3.0,2.0,2.0,4.0,16.0
460,RHEA:11316,valid,,4.0,4.0,3.0,2.0,2.0,4.0,15.0
461,RHEA:11320,valid,,34.0,34.0,0.0,0.0,0.0,0.0,0.0
462,RHEA:11328,valid,,28.0,28.0,8.0,6.0,3.0,9.0,46.0
463,RHEA:11336,valid,,55.0,56.0,3.0,2.0,2.0,4.0,20.0
464,RHEA:11340,valid,,12.0,12.0,3.0,2.0,2.0,4.0,17.0
465,RHEA:11344,valid,,50.0,50.0,4.0,2.0,3.0,5.0,29.0
466,RHEA:11348,valid,,36.0,37.0,4.0,2.0,3.0,5.0,21.0
467,RHEA:11352,valid,,35.0,35.0,4.0,4.0,0.0,4.0,25.0
468,RHEA:11356,valid,,46.0,47.0,9.0,8.0,7.0,15.0,43.0
469,RHEA:11364,valid,,38.0,40.0,8.0,6.0,4.0,10.0,41.0
470,RHEA:11372,valid,,41.0,42.0,7.0,6.0,3.0,9.0,36.0
471,RHEA:11376,valid,,74.0,74.0,8.0,7.0,8.0,15.0,49.0
472,RHEA:11380,valid,,22.0,22.0,6.0,6.0,2.0,8.0,31.0
473,RHEA:11388,valid,,69.0,70.0,8.0,7.0,8.0,15.0,46.0
474,RHEA:11392,valid,,29.0,29.0,4.0,2.0,3.0,5.0,22.0
475,RHEA:11400,valid,,62.0,63.0,3.0,2.0,2.0,4.0,22.0
476,RHEA:11404,valid,,37.0,37.0,0.0,0.0,0.0,0.0,0.0
477,RHEA:11412,valid,,45.0,46.0,3.0,2.0,2.0,4.0,22.0
478,RHEA:11420,valid,,74.0,74.0,9.0,8.0,9.0,17.0,51.0
479,RHEA:11424,valid,,40.0,41.0,3.0,2.0,2.0,4.0,22.0
480,RHEA:11428,valid,,14.0,14.0,4.0,2.0,4.0,6.0,19.0
481,RHEA:11436,valid,,10.0,10.0,6.0,1.0,6.0,7.0,8.0
482,RHEA:11440,valid,,61.0,61.0,9.0,8.0,9.0,17.0,49.0
483,RHEA:11456,valid,,132.0,133.0,11.0,10.0,5.0,15.0,63.0
484,RHEA:11460,valid,,39.0,40.0,3.0,2.0,2.0,4.0,22.0
485,RHEA:11480,valid,,60.0,60.0,12.0,12.0,9.0,21.0,61.0
486,RHEA:11484,valid,,14.0,16.0,10.0,8.0,10.0,18.0,22.0
487,RHEA:11488,valid,,72.0,72.0,3.0,2.0,2.0,4.0,20.0
488,RHEA:11492,valid,,12.0,12.0,3.0,2.0,2.0,4.0,19.0
489,RHEA:11500,valid,,21.0,21.0,4.0,2.0,3.0,5.0,22.0
490,RHEA:11504,valid,,50.0,51.0,3.0,2.0,2.0,4.0,19.0
491,RHEA:11508,valid,,22.0,22.0,6.0,6.0,2.0,8.0,31.0
492,RHEA:11516,valid,,56.0,57.0,3.0,2.0,2.0,4.0,19.0
493,RHEA:11524,valid,,76.0,77.0,8.0,7.0,8.0,15.0,48.0
494,RHEA:11528,zero_fallback,missing_mapping,,,,,,,
495,RHEA:11532,valid,,8.0,8.0,5.0,3.0,5.0,8.0,22.0
496,RHEA:11536,valid,,12.0,13.0,7.0,4.0,6.0,10.0,24.0
497,RHEA:11540,valid,,59.0,60.0,8.0,7.0,8.0,15.0,49.0
498,RHEA:11544,valid,,24.0,25.0,3.0,2.0,2.0,4.0,19.0
499,RHEA:11552,valid,,11.0,12.0,3.0,2.0,2.0,4.0,17.0
500,RHEA:11560,valid,,55.0,55.0,14.0,14.0,13.0,27.0,70.0
501,RHEA:11564,valid,,29.0,29.0,3.0,2.0,2.0,4.0,22.0
502,RHEA:11576,valid,,49.0,50.0,3.0,2.0,2.0,4.0,22.0
503,RHEA:11580,valid,,48.0,49.0,3.0,2.0,2.0,4.0,22.0
504,RHEA:11584,valid,,9.0,9.0,0.0,0.0,0.0,0.0,0.0
505,RHEA:11588,valid,,12.0,14.0,6.0,3.0,3.0,6.0,24.0
506,RHEA:11592,valid,,52.0,53.0,3.0,2.0,2.0,4.0,19.0
507,RHEA:11596,valid,,24.0,24.0,3.0,2.0,2.0,4.0,19.0
508,RHEA:11600,valid,,52.0,52.0,4.0,4.0,0.0,4.0,22.0
509,RHEA:11612,valid,,59.0,60.0,9.0,8.0,9.0,17.0,51.0
510,RHEA:11628,valid,,6.0,6.0,3.0,2.0,2.0,4.0,16.0
511,RHEA:11632,valid,,9.0,9.0,4.0,2.0,3.0,5.0,20.0
512,RHEA:11636,valid,,73.0,74.0,8.0,7.0,8.0,15.0,48.0
513,RHEA:11640,valid,,115.0,117.0,19.0,19.0,17.0,36.0,70.0
514,RHEA:11644,valid,,123.0,125.0,19.0,19.0,17.0,36.0,70.0
515,RHEA:11652,valid,,96.0,96.0,4.0,4.0,0.0,4.0,22.0
516,RHEA:11656,valid,,68.0,68.0,6.0,4.0,3.0,7.0,36.0
517,RHEA:11660,valid,,42.0,42.0,3.0,2.0,2.0,4.0,18.0
518,RHEA:11672,valid,,26.0,26.0,4.0,4.0,2.0,6.0,25.0
519,RHEA:11680,valid,,66.0,68.0,9.0,6.0,5.0,11.0,53.0
520,RHEA:11684,valid,,31.0,33.0,5.0,3.0,3.0,6.0,25.0
521,RHEA:11688,valid,,63.0,63.0,6.0,4.0,3.0,7.0,36.0
522,RHEA:11692,valid,,92.0,92.0,4.0,4.0,0.0,4.0,22.0
523,RHEA:11708,valid,,68.0,69.0,9.0,7.0,9.0,16.0,52.0
524,RHEA:11712,valid,,64.0,65.0,6.0,3.0,4.0,7.0,32.0
525,RHEA:11716,valid,,8.0,8.0,3.0,2.0,2.0,4.0,16.0
526,RHEA:11724,valid,,47.0,47.0,5.0,3.0,4.0,7.0,25.0
527,RHEA:11728,valid,,50.0,51.0,8.0,7.0,8.0,15.0,47.0
528,RHEA:11740,valid,,88.0,89.0,8.0,7.0,8.0,15.0,43.0
529,RHEA:11744,valid,,31.0,32.0,4.0,2.0,3.0,5.0,21.0
530,RHEA:11748,valid,,12.0,12.0,3.0,2.0,2.0,4.0,19.0
531,RHEA:11756,valid,,58.0,59.0,6.0,4.0,3.0,7.0,37.0
532,RHEA:11768,valid,,32.0,32.0,4.0,2.0,3.0,5.0,29.0
533,RHEA:11776,valid,,58.0,58.0,6.0,2.0,6.0,8.0,20.0
534,RHEA:11780,valid,,64.0,65.0,3.0,2.0,2.0,4.0,21.0
535,RHEA:11784,valid,,58.0,59.0,9.0,8.0,9.0,17.0,51.0
536,RHEA:11788,valid,,54.0,55.0,9.0,8.0,9.0,17.0,51.0
537,RHEA:11792,valid,,49.0,49.0,10.0,10.0,7.0,17.0,53.0
538,RHEA:11796,valid,,35.0,35.0,4.0,2.0,4.0,6.0,19.0
539,RHEA:11800,valid,,45.0,47.0,3.0,2.0,2.0,4.0,17.0
540,RHEA:11808,valid,,42.0,42.0,3.0,2.0,2.0,4.0,20.0
541,RHEA:11812,valid,,5.0,6.0,5.0,3.0,5.0,8.0,19.0
542,RHEA:11816,valid,,16.0,16.0,3.0,2.0,2.0,4.0,19.0
543,RHEA:11820,valid,,66.0,67.0,3.0,2.0,2.0,4.0,22.0
544,RHEA:11824,valid,,42.0,42.0,6.0,4.0,6.0,10.0,37.0
545,RHEA:11828,valid,,18.0,19.0,3.0,2.0,2.0,4.0,19.0
546,RHEA:11832,valid,,56.0,57.0,12.0,11.0,10.0,21.0,63.0
547,RHEA:11840,valid,,53.0,55.0,8.0,7.0,8.0,15.0,46.0
548,RHEA:11844,valid,,54.0,54.0,3.0,2.0,2.0,4.0,19.0
549,RHEA:11848,valid,,29.0,30.0,8.0,4.0,7.0,11.0,44.0
550,RHEA:11852,valid,,25.0,25.0,4.0,2.0,3.0,5.0,28.0
551,RHEA:11856,valid,,59.0,60.0,3.0,2.0,2.0,4.0,22.0
552,RHEA:11864,valid,,58.0,58.0,11.0,7.0,7.0,14.0,53.0
553,RHEA:11868,valid,,58.0,59.0,8.0,7.0,8.0,15.0,48.0
554,RHEA:11872,valid,,35.0,35.0,5.0,2.0,5.0,7.0,23.0
555,RHEA:11876,valid,,69.0,70.0,8.0,7.0,8.0,15.0,48.0
556,RHEA:11880,valid,,16.0,16.0,5.0,4.0,4.0,8.0,26.0
557,RHEA:11888,valid,,52.0,54.0,8.0,7.0,8.0,15.0,45.0
558,RHEA:11896,valid,,73.0,74.0,11.0,9.0,10.0,19.0,63.0
559,RHEA:11900,valid,,58.0,58.0,11.0,9.0,10.0,19.0,62.0
560,RHEA:11908,valid,,12.0,13.0,3.0,2.0,2.0,4.0,19.0
561,RHEA:11912,valid,,73.0,74.0,8.0,7.0,8.0,15.0,47.0
562,RHEA:11916,valid,,69.0,70.0,8.0,7.0,8.0,15.0,47.0
563,RHEA:11920,valid,,18.0,18.0,3.0,2.0,2.0,4.0,19.0
564,RHEA:11924,valid,,82.0,83.0,3.0,2.0,2.0,4.0,21.0
565,RHEA:11936,zero_fallback,missing_mapping,,,,,,,
566,RHEA:11940,valid,,13.0,13.0,4.0,3.0,3.0,6.0,21.0
567,RHEA:11944,valid,,12.0,14.0,6.0,4.0,4.0,8.0,16.0
568,RHEA:11948,valid,,58.0,59.0,3.0,2.0,2.0,4.0,19.0
569,RHEA:11952,valid,,7.0,7.0,4.0,2.0,4.0,6.0,25.0
570,RHEA:11956,valid,,40.0,40.0,3.0,2.0,2.0,4.0,17.0
571,RHEA:11960,valid,,30.0,30.0,4.0,4.0,0.0,4.0,24.0
572,RHEA:11964,valid,,30.0,30.0,3.0,2.0,2.0,4.0,18.0
573,RHEA:11972,valid,,12.0,24.0,12.0,9.0,11.0,20.0,17.0
574,RHEA:11976,valid,,81.0,81.0,15.0,14.0,13.0,27.0,74.0
575,RHEA:11988,valid,,53.0,54.0,4.0,4.0,2.0,6.0,25.0
576,RHEA:11992,valid,,11.0,12.0,4.0,2.0,4.0,6.0,20.0
577,RHEA:12008,valid,,33.0,34.0,3.0,2.0,2.0,4.0,20.0
578,RHEA:12012,valid,,49.0,50.0,3.0,2.0,2.0,4.0,22.0
579,RHEA:12016,valid,,24.0,24.0,9.0,7.0,7.0,14.0,62.0
580,RHEA:12020,valid,,5.0,5.0,3.0,2.0,2.0,4.0,14.0
581,RHEA:12024,valid,,34.0,34.0,3.0,2.0,2.0,4.0,20.0
582,RHEA:12032,valid,,11.0,12.0,3.0,2.0,2.0,4.0,17.0
583,RHEA:12044,valid,,12.0,14.0,9.0,7.0,1.0,8.0,32.0
584,RHEA:12048,valid,,66.0,66.0,4.0,4.0,0.0,4.0,22.0
585,RHEA:12052,valid,,24.0,24.0,13.0,14.0,6.0,20.0,70.0
586,RHEA:12056,valid,,57.0,59.0,8.0,7.0,8.0,15.0,47.0
587,RHEA:12060,zero_fallback,missing_mapping,,,,,,,
588,RHEA:12068,valid,,56.0,57.0,3.0,2.0,2.0,4.0,22.0
589,RHEA:12076,valid,,47.0,48.0,8.0,7.0,8.0,15.0,46.0
590,RHEA:12080,valid,,86.0,86.0,5.0,5.0,2.0,7.0,30.0
591,RHEA:12084,valid,,56.0,57.0,8.0,7.0,8.0,15.0,50.0
592,RHEA:12088,valid,,60.0,61.0,3.0,2.0,2.0,4.0,22.0
593,RHEA:12096,valid,,11.0,11.0,3.0,2.0,2.0,4.0,18.0
594,RHEA:12100,valid,,11.0,11.0,7.0,8.0,2.0,10.0,39.0
595,RHEA:12104,valid,,53.0,53.0,8.0,9.0,5.0,14.0,54.0
596,RHEA:12112,valid,,42.0,43.0,3.0,2.0,2.0,4.0,20.0
597,RHEA:12116,valid,,3.0,3.0,3.0,3.0,0.0,3.0,9.0
598,RHEA:12120,valid,,47.0,47.0,5.0,4.0,1.0,5.0,29.0
599,RHEA:12124,valid,,71.0,71.0,3.0,2.0,2.0,4.0,19.0
600,RHEA:12128,valid,,28.0,30.0,6.0,4.0,5.0,9.0,33.0
601,RHEA:12132,valid,,33.0,34.0,3.0,2.0,2.0,4.0,18.0
602,RHEA:12136,valid,,103.0,104.0,8.0,7.0,8.0,15.0,47.0
603,RHEA:12140,valid,,40.0,41.0,3.0,2.0,2.0,4.0,22.0
604,RHEA:12144,valid,,78.0,79.0,4.0,2.0,3.0,5.0,28.0
605,RHEA:12152,valid,,11.0,12.0,3.0,2.0,2.0,4.0,17.0
606,RHEA:12156,valid,,115.0,118.0,15.0,13.0,15.0,28.0,51.0
607,RHEA:12164,valid,,43.0,44.0,4.0,4.0,1.0,5.0,27.0
608,RHEA:12168,valid,,52.0,53.0,8.0,7.0,8.0,15.0,48.0
609,RHEA:12172,valid,,17.0,17.0,5.0,4.0,4.0,8.0,30.0
610,RHEA:12176,valid,,37.0,38.0,3.0,2.0,2.0,4.0,20.0
611,RHEA:12180,valid,,37.0,38.0,3.0,2.0,2.0,4.0,20.0
612,RHEA:12184,valid,,50.0,51.0,8.0,7.0,8.0,15.0,48.0
613,RHEA:12188,valid,,32.0,32.0,5.0,4.0,2.0,6.0,30.0
614,RHEA:12192,valid,,25.0,25.0,7.0,4.0,6.0,10.0,45.0
615,RHEA:12196,valid,,21.0,21.0,7.0,5.0,6.0,11.0,38.0
616,RHEA:12200,valid,,33.0,33.0,7.0,8.0,2.0,10.0,34.0
617,RHEA:12208,valid,,17.0,18.0,3.0,2.0,2.0,4.0,17.0
618,RHEA:12212,valid,,62.0,63.0,8.0,7.0,8.0,15.0,47.0
619,RHEA:12216,valid,,58.0,59.0,8.0,7.0,8.0,15.0,47.0
620,RHEA:12220,valid,,54.0,55.0,9.0,8.0,9.0,17.0,51.0
621,RHEA:12228,valid,,51.0,52.0,9.0,8.0,2.0,10.0,44.0
622,RHEA:12232,valid,,26.0,27.0,7.0,4.0,6.0,10.0,36.0
623,RHEA:12236,valid,,58.0,59.0,8.0,7.0,8.0,15.0,45.0
624,RHEA:12240,valid,,101.0,100.0,18.0,14.0,9.0,23.0,95.0
625,RHEA:12248,valid,,92.0,93.0,8.0,7.0,8.0,15.0,47.0
626,RHEA:12252,valid,,25.0,25.0,3.0,2.0,2.0,4.0,18.0
627,RHEA:12256,valid,,60.0,60.0,14.0,14.0,13.0,27.0,68.0
628,RHEA:12260,valid,,75.0,76.0,3.0,2.0,2.0,4.0,22.0
629,RHEA:12268,valid,,16.0,16.0,6.0,5.0,4.0,9.0,32.0
630,RHEA:12272,valid,,14.0,14.0,3.0,2.0,2.0,4.0,19.0
631,RHEA:12276,valid,,107.0,107.0,10.0,6.0,6.0,12.0,55.0
632,RHEA:12280,valid,,62.0,63.0,9.0,10.0,1.0,11.0,42.0
633,RHEA:12284,valid,,66.0,66.0,4.0,4.0,0.0,4.0,22.0
634,RHEA:12288,valid,,13.0,13.0,3.0,2.0,2.0,4.0,17.0
635,RHEA:12292,valid,,61.0,62.0,7.0,4.0,4.0,8.0,42.0
636,RHEA:12300,valid,,49.0,50.0,3.0,2.0,2.0,4.0,22.0
637,RHEA:12304,valid,,59.0,61.0,8.0,7.0,8.0,15.0,47.0
638,RHEA:12308,valid,,55.0,57.0,8.0,7.0,8.0,15.0,47.0
639,RHEA:12312,valid,,92.0,93.0,19.0,15.0,13.0,28.0,95.0
640,RHEA:12316,valid,,32.0,32.0,4.0,2.0,3.0,5.0,22.0
641,RHEA:12332,valid,,33.0,34.0,3.0,2.0,2.0,4.0,18.0
642,RHEA:12340,valid,,41.0,42.0,3.0,2.0,2.0,4.0,21.0
643,RHEA:12344,valid,,80.0,81.0,8.0,7.0,8.0,15.0,50.0
644,RHEA:12348,valid,,10.0,10.0,3.0,2.0,2.0,4.0,21.0
645,RHEA:12356,valid,,16.0,16.0,3.0,2.0,2.0,4.0,19.0
646,RHEA:12360,valid,,73.0,73.0,3.0,2.0,2.0,4.0,20.0
647,RHEA:12364,valid,,30.0,30.0,14.0,14.0,14.0,28.0,48.0
648,RHEA:12372,valid,,11.0,12.0,5.0,3.0,5.0,8.0,33.0
649,RHEA:12376,valid,,42.0,43.0,3.0,2.0,2.0,4.0,22.0
650,RHEA:12388,valid,,53.0,54.0,11.0,7.0,7.0,14.0,56.0
651,RHEA:12400,valid,,23.0,23.0,3.0,2.0,2.0,4.0,16.0
652,RHEA:12404,valid,,48.0,49.0,5.0,4.0,2.0,6.0,28.0
653,RHEA:12408,valid,,54.0,56.0,9.0,8.0,9.0,17.0,52.0
654,RHEA:12420,valid,,47.0,48.0,3.0,2.0,2.0,4.0,22.0
655,RHEA:12424,valid,,10.0,10.0,4.0,2.0,4.0,6.0,24.0
656,RHEA:12428,valid,,53.0,53.0,15.0,14.0,15.0,29.0,60.0
657,RHEA:12432,valid,,105.0,106.0,3.0,2.0,2.0,4.0,21.0
658,RHEA:12440,valid,,64.0,65.0,9.0,8.0,9.0,17.0,54.0
659,RHEA:12452,valid,,59.0,60.0,3.0,2.0,2.0,4.0,22.0
660,RHEA:12456,valid,,43.0,43.0,5.0,4.0,1.0,5.0,27.0
661,RHEA:12460,valid,,9.0,9.0,3.0,2.0,2.0,4.0,16.0
662,RHEA:12464,valid,,48.0,49.0,4.0,4.0,1.0,5.0,27.0
663,RHEA:12472,valid,,10.0,10.0,5.0,3.0,5.0,8.0,25.0
664,RHEA:12476,valid,,13.0,13.0,3.0,2.0,2.0,4.0,18.0
665,RHEA:12484,valid,,15.0,15.0,4.0,2.0,3.0,5.0,22.0
666,RHEA:12488,valid,,13.0,13.0,4.0,3.0,4.0,7.0,25.0
667,RHEA:12492,valid,,9.0,9.0,0.0,0.0,0.0,0.0,0.0
668,RHEA:12500,valid,,57.0,59.0,8.0,7.0,8.0,15.0,49.0
669,RHEA:12504,valid,,53.0,55.0,8.0,7.0,8.0,15.0,49.0
670,RHEA:12508,valid,,53.0,53.0,3.0,2.0,2.0,4.0,20.0
671,RHEA:12512,valid,,12.0,12.0,5.0,3.0,5.0,8.0,21.0
672,RHEA:12516,valid,,24.0,24.0,8.0,6.0,5.0,11.0,49.0
673,RHEA:12524,valid,,57.0,58.0,8.0,7.0,8.0,15.0,48.0
674,RHEA:12532,valid,,29.0,29.0,3.0,2.0,2.0,4.0,16.0
675,RHEA:12536,valid,,16.0,16.0,9.0,9.0,8.0,17.0,39.0
676,RHEA:12540,valid,,60.0,60.0,6.0,4.0,3.0,7.0,36.0
677,RHEA:12544,zero_fallback,missing_mapping,,,,,,,
678,RHEA:12548,valid,,62.0,63.0,11.0,9.0,10.0,19.0,67.0
679,RHEA:12552,zero_fallback,missing_mapping,,,,,,,
680,RHEA:12556,valid,,17.0,18.0,3.0,2.0,2.0,4.0,18.0
681,RHEA:12560,valid,,44.0,45.0,3.0,2.0,2.0,4.0,22.0
682,RHEA:12568,valid,,56.0,56.0,9.0,8.0,9.0,17.0,49.0
683,RHEA:12576,valid,,59.0,60.0,3.0,2.0,2.0,4.0,21.0
684,RHEA:12580,valid,,57.0,58.0,9.0,8.0,9.0,17.0,53.0
685,RHEA:12588,valid,,105.0,106.0,3.0,2.0,2.0,4.0,22.0
686,RHEA:12593,valid,,46.0,47.0,4.0,4.0,1.0,5.0,27.0
687,RHEA:12597,valid,,62.0,63.0,3.0,2.0,2.0,4.0,22.0
688,RHEA:12601,valid,,21.0,21.0,5.0,6.0,0.0,6.0,24.0
689,RHEA:12605,valid,,3.0,3.0,2.0,1.0,1.0,2.0,11.0
690,RHEA:12609,valid,,37.0,38.0,7.0,3.0,4.0,7.0,40.0
691,RHEA:12617,valid,,46.0,47.0,3.0,2.0,2.0,4.0,22.0
692,RHEA:12621,valid,,9.0,9.0,3.0,2.0,2.0,4.0,19.0
693,RHEA:12625,valid,,36.0,36.0,5.0,4.0,2.0,6.0,28.0
694,RHEA:12629,valid,,33.0,33.0,6.0,6.0,2.0,8.0,31.0
695,RHEA:12633,valid,,55.0,55.0,14.0,15.0,14.0,29.0,66.0
696,RHEA:12637,valid,,48.0,49.0,3.0,2.0,2.0,4.0,22.0
697,RHEA:12641,valid,,55.0,56.0,8.0,7.0,8.0,15.0,48.0
698,RHEA:12645,valid,,71.0,72.0,6.0,3.0,4.0,7.0,31.0
699,RHEA:12649,valid,,55.0,56.0,8.0,7.0,8.0,15.0,46.0
700,RHEA:12653,valid,,53.0,53.0,11.0,9.0,10.0,19.0,63.0
701,RHEA:12657,valid,,53.0,53.0,0.0,0.0,0.0,0.0,0.0
702,RHEA:12661,valid,,76.0,76.0,3.0,2.0,2.0,4.0,20.0
703,RHEA:12665,valid,,64.0,65.0,3.0,2.0,2.0,4.0,22.0
704,RHEA:12669,valid,,13.0,13.0,4.0,2.0,3.0,5.0,22.0
705,RHEA:12673,valid,,4.0,4.0,3.0,2.0,2.0,4.0,14.0
706,RHEA:12685,valid,,112.0,113.0,8.0,7.0,8.0,15.0,43.0
707,RHEA:12689,valid,,108.0,109.0,8.0,9.0,8.0,17.0,47.0
708,RHEA:12693,valid,,18.0,19.0,4.0,2.0,3.0,5.0,28.0
709,RHEA:12697,valid,,54.0,54.0,4.0,4.0,0.0,4.0,22.0
710,RHEA:12701,valid,,38.0,38.0,4.0,2.0,4.0,6.0,20.0
711,RHEA:12705,valid,,37.0,37.0,3.0,2.0,2.0,4.0,20.0
712,RHEA:12709,valid,,58.0,59.0,4.0,4.0,1.0,5.0,27.0
713,RHEA:12717,valid,,59.0,60.0,3.0,2.0,2.0,4.0,22.0
714,RHEA:12721,valid,,30.0,31.0,3.0,2.0,2.0,4.0,22.0
715,RHEA:12729,valid,,42.0,42.0,3.0,2.0,2.0,4.0,20.0
716,RHEA:12733,valid,,34.0,36.0,7.0,4.0,5.0,9.0,46.0
717,RHEA:12737,valid,,24.0,24.0,4.0,2.0,4.0,6.0,30.0
718,RHEA:12745,valid,,10.0,11.0,3.0,2.0,2.0,4.0,18.0
719,RHEA:12749,valid,,12.0,12.0,3.0,2.0,2.0,4.0,19.0
720,RHEA:12753,valid,,54.0,55.0,8.0,7.0,8.0,15.0,48.0
721,RHEA:12761,valid,,91.0,94.0,23.0,24.0,11.0,35.0,111.0
722,RHEA:12765,valid,,62.0,63.0,6.0,3.0,4.0,7.0,31.0
723,RHEA:12769,valid,,14.0,16.0,5.0,3.0,2.0,5.0,19.0
724,RHEA:12773,valid,,26.0,26.0,7.0,6.0,3.0,9.0,36.0
725,RHEA:12793,valid,,67.0,67.0,4.0,4.0,0.0,4.0,22.0
726,RHEA:12801,valid,,39.0,40.0,3.0,2.0,2.0,4.0,22.0
727,RHEA:12805,valid,,52.0,52.0,3.0,2.0,2.0,4.0,20.0
728,RHEA:12813,valid,,10.0,10.0,0.0,0.0,0.0,0.0,0.0
729,RHEA:12821,valid,,13.0,13.0,6.0,4.0,4.0,8.0,30.0
730,RHEA:12825,valid,,27.0,28.0,7.0,4.0,6.0,10.0,40.0
731,RHEA:12829,valid,,10.0,10.0,3.0,2.0,2.0,4.0,18.0
732,RHEA:12833,valid,,14.0,14.0,3.0,2.0,2.0,4.0,18.0
733,RHEA:12837,valid,,38.0,39.0,3.0,2.0,2.0,4.0,22.0
734,RHEA:12841,valid,,18.0,18.0,4.0,4.0,2.0,6.0,26.0
735,RHEA:12849,valid,,13.0,13.0,4.0,2.0,3.0,5.0,22.0
736,RHEA:12853,valid,,47.0,48.0,3.0,2.0,2.0,4.0,22.0
737,RHEA:12857,valid,,10.0,10.0,3.0,2.0,2.0,4.0,19.0
738,RHEA:12861,valid,,21.0,21.0,4.0,2.0,3.0,5.0,22.0
739,RHEA:12869,valid,,19.0,19.0,11.0,9.0,5.0,14.0,63.0
740,RHEA:12873,valid,,57.0,58.0,8.0,7.0,8.0,15.0,48.0
741,RHEA:12877,valid,,9.0,10.0,4.0,4.0,2.0,6.0,23.0
742,RHEA:12881,valid,,48.0,49.0,3.0,2.0,2.0,4.0,22.0
743,RHEA:12889,valid,,57.0,58.0,8.0,7.0,8.0,15.0,48.0
744,RHEA:12893,valid,,25.0,25.0,3.0,2.0,2.0,4.0,18.0
745,RHEA:12897,valid,,52.0,53.0,11.0,7.0,7.0,14.0,57.0
746,RHEA:12901,valid,,13.0,13.0,4.0,3.0,3.0,6.0,23.0
747,RHEA:12909,valid,,6.0,6.0,4.0,1.0,4.0,5.0,13.0
748,RHEA:12917,valid,,39.0,39.0,3.0,2.0,2.0,4.0,16.0
749,RHEA:12921,valid,,60.0,60.0,5.0,4.0,2.0,6.0,31.0
750,RHEA:12929,valid,,62.0,63.0,6.0,4.0,4.0,8.0,36.0
751,RHEA:12933,valid,,15.0,15.0,3.0,2.0,2.0,4.0,19.0
752,RHEA:12937,valid,,70.0,70.0,3.0,2.0,2.0,4.0,20.0
753,RHEA:12941,valid,,124.0,125.0,3.0,2.0,2.0,4.0,22.0
754,RHEA:12945,valid,,17.0,18.0,6.0,6.0,2.0,8.0,31.0
755,RHEA:12949,valid,,12.0,12.0,4.0,2.0,4.0,6.0,22.0
756,RHEA:12957,valid,,6.0,7.0,3.0,2.0,2.0,4.0,16.0
757,RHEA:12961,valid,,60.0,60.0,4.0,4.0,0.0,4.0,22.0
758,RHEA:12965,valid,,44.0,45.0,3.0,2.0,2.0,4.0,22.0
759,RHEA:12969,valid,,12.0,13.0,4.0,3.0,3.0,6.0,24.0
760,RHEA:12973,valid,,54.0,54.0,4.0,4.0,0.0,4.0,22.0
761,RHEA:12977,valid,,14.0,14.0,4.0,2.0,3.0,5.0,23.0
762,RHEA:12981,valid,,24.0,26.0,5.0,5.0,4.0,9.0,25.0
763,RHEA:12985,valid,,137.0,138.0,5.0,4.0,2.0,6.0,32.0
764,RHEA:12993,valid,,109.0,109.0,10.0,6.0,6.0,12.0,52.0
765,RHEA:13009,valid,,18.0,19.0,3.0,2.0,2.0,4.0,18.0
766,RHEA:13013,valid,,63.0,64.0,4.0,4.0,1.0,5.0,27.0
767,RHEA:13017,valid,,30.0,30.0,4.0,2.0,3.0,5.0,29.0
768,RHEA:13021,valid,,58.0,58.0,10.0,9.0,9.0,18.0,55.0
769,RHEA:13025,valid,,83.0,83.0,3.0,2.0,2.0,4.0,22.0
770,RHEA:13029,valid,,18.0,19.0,6.0,4.0,5.0,9.0,29.0
771,RHEA:13033,valid,,16.0,16.0,4.0,2.0,4.0,6.0,24.0
772,RHEA:13041,valid,,14.0,14.0,11.0,12.0,11.0,23.0,51.0
773,RHEA:13049,valid,,13.0,13.0,3.0,2.0,2.0,4.0,19.0
774,RHEA:13057,valid,,26.0,26.0,4.0,2.0,3.0,5.0,22.0
775,RHEA:13065,valid,,32.0,33.0,4.0,2.0,3.0,5.0,21.0
776,RHEA:13069,valid,,35.0,36.0,3.0,2.0,2.0,4.0,22.0
777,RHEA:13073,valid,,41.0,42.0,5.0,2.0,4.0,6.0,26.0
778,RHEA:13081,valid,,17.0,17.0,3.0,2.0,2.0,4.0,16.0
779,RHEA:13085,valid,,64.0,64.0,5.0,4.0,3.0,7.0,32.0
780,RHEA:13089,valid,,9.0,17.0,9.0,2.0,9.0,11.0,16.0
781,RHEA:13093,valid,,60.0,61.0,3.0,2.0,2.0,4.0,22.0
782,RHEA:13097,valid,,35.0,35.0,3.0,2.0,2.0,4.0,18.0
783,RHEA:13101,valid,,11.0,11.0,7.0,2.0,7.0,9.0,44.0
784,RHEA:13117,valid,,15.0,16.0,3.0,2.0,2.0,4.0,21.0
785,RHEA:13121,valid,,43.0,44.0,3.0,2.0,2.0,4.0,22.0
786,RHEA:13141,valid,,53.0,53.0,3.0,2.0,2.0,4.0,16.0
787,RHEA:13145,valid,,31.0,31.0,3.0,2.0,2.0,4.0,21.0
788,RHEA:13149,valid,,50.0,51.0,9.0,8.0,7.0,15.0,43.0
789,RHEA:13161,valid,,52.0,53.0,8.0,7.0,8.0,15.0,48.0
790,RHEA:13169,valid,,8.0,8.0,0.0,0.0,0.0,0.0,0.0
791,RHEA:13173,valid,,49.0,50.0,8.0,7.0,8.0,15.0,45.0
792,RHEA:13177,valid,,16.0,16.0,3.0,2.0,2.0,4.0,19.0
793,RHEA:13181,valid,,36.0,37.0,4.0,2.0,3.0,5.0,21.0
794,RHEA:13185,valid,,65.0,65.0,17.0,14.0,8.0,22.0,43.0
795,RHEA:13189,valid,,25.0,27.0,6.0,4.0,4.0,8.0,22.0
796,RHEA:13193,valid,,22.0,22.0,4.0,2.0,3.0,5.0,29.0
797,RHEA:13197,valid,,40.0,40.0,4.0,3.0,2.0,5.0,22.0
798,RHEA:13201,valid,,17.0,17.0,3.0,2.0,2.0,4.0,22.0
799,RHEA:13205,valid,,35.0,35.0,5.0,4.0,1.0,5.0,27.0
800,RHEA:13213,valid,,56.0,58.0,8.0,7.0,8.0,15.0,47.0
801,RHEA:13217,valid,,52.0,54.0,8.0,7.0,8.0,15.0,47.0
802,RHEA:13233,valid,,25.0,25.0,3.0,2.0,2.0,4.0,22.0
803,RHEA:13237,valid,,26.0,26.0,8.0,8.0,4.0,12.0,50.0
804,RHEA:13241,valid,,42.0,43.0,3.0,2.0,2.0,4.0,22.0
805,RHEA:13245,valid,,13.0,13.0,3.0,2.0,2.0,4.0,19.0
806,RHEA:13249,valid,,55.0,56.0,8.0,7.0,8.0,15.0,48.0
807,RHEA:13253,valid,,55.0,56.0,3.0,2.0,2.0,4.0,22.0
808,RHEA:13265,valid,,28.0,28.0,3.0,2.0,2.0,4.0,22.0
809,RHEA:13269,valid,,36.0,36.0,3.0,2.0,2.0,4.0,18.0
810,RHEA:13281,valid,,99.0,100.0,8.0,7.0,8.0,15.0,48.0
811,RHEA:13285,valid,,48.0,49.0,6.0,4.0,3.0,7.0,34.0
812,RHEA:13305,valid,,52.0,52.0,4.0,4.0,0.0,4.0,26.0
813,RHEA:13309,valid,,56.0,58.0,8.0,7.0,8.0,15.0,46.0
814,RHEA:13313,valid,,9.0,9.0,5.0,4.0,4.0,8.0,24.0
815,RHEA:13317,valid,,10.0,10.0,3.0,2.0,2.0,4.0,19.0
816,RHEA:13325,valid,,128.0,131.0,20.0,23.0,16.0,39.0,87.0
817,RHEA:13329,valid,,22.0,24.0,5.0,3.0,2.0,5.0,18.0
818,RHEA:13333,valid,,21.0,21.0,3.0,2.0,2.0,4.0,17.0
819,RHEA:13345,valid,,32.0,32.0,4.0,2.0,3.0,5.0,29.0
820,RHEA:13349,valid,,42.0,42.0,3.0,2.0,2.0,4.0,20.0
821,RHEA:13361,valid,,39.0,39.0,5.0,4.0,1.0,5.0,27.0
822,RHEA:13369,valid,,14.0,14.0,6.0,4.0,3.0,7.0,36.0
823,RHEA:13381,valid,,55.0,55.0,4.0,4.0,0.0,4.0,20.0
824,RHEA:13389,valid,,109.0,109.0,13.0,8.0,8.0,16.0,68.0
825,RHEA:13405,valid,,68.0,69.0,3.0,2.0,2.0,4.0,22.0
826,RHEA:13409,valid,,109.0,112.0,14.0,13.0,14.0,27.0,48.0
827,RHEA:13421,valid,,30.0,30.0,9.0,6.0,5.0,11.0,51.0
828,RHEA:13425,valid,,24.0,24.0,3.0,2.0,2.0,4.0,19.0
829,RHEA:13429,valid,,42.0,42.0,5.0,4.0,1.0,5.0,27.0
830,RHEA:13433,valid,,17.0,17.0,4.0,2.0,3.0,5.0,22.0
831,RHEA:13437,valid,,47.0,47.0,4.0,4.0,0.0,4.0,26.0
832,RHEA:13441,valid,,11.0,12.0,6.0,4.0,5.0,9.0,34.0
833,RHEA:13445,valid,,19.0,19.0,3.0,2.0,2.0,4.0,19.0
834,RHEA:13449,valid,,54.0,55.0,8.0,7.0,8.0,15.0,48.0
835,RHEA:13453,valid,,53.0,54.0,3.0,2.0,2.0,4.0,22.0
836,RHEA:13457,valid,,30.0,30.0,5.0,4.0,2.0,6.0,31.0
837,RHEA:13461,valid,,70.0,70.0,24.0,27.0,17.0,44.0,109.0
838,RHEA:13473,valid,,60.0,61.0,9.0,8.0,9.0,17.0,51.0
839,RHEA:13481,valid,,63.0,63.0,6.0,4.0,3.0,7.0,36.0
840,RHEA:13489,valid,,29.0,29.0,10.0,7.0,8.0,15.0,40.0
841,RHEA:13493,valid,,58.0,59.0,11.0,11.0,8.0,19.0,63.0
842,RHEA:13497,valid,,43.0,44.0,3.0,2.0,2.0,4.0,22.0
843,RHEA:13501,valid,,61.0,62.0,6.0,4.0,4.0,8.0,34.0
844,RHEA:13509,valid,,48.0,48.0,5.0,4.0,1.0,5.0,27.0
845,RHEA:13513,valid,,55.0,56.0,12.0,12.0,12.0,24.0,67.0
846,RHEA:13517,valid,,52.0,52.0,4.0,4.0,0.0,4.0,22.0
847,RHEA:13521,valid,,8.0,10.0,4.0,1.0,4.0,5.0,16.0
848,RHEA:13525,valid,,6.0,5.0,2.0,0.0,2.0,2.0,11.0
849,RHEA:13537,valid,,50.0,51.0,3.0,2.0,2.0,4.0,22.0
850,RHEA:13541,valid,,11.0,12.0,4.0,3.0,3.0,6.0,20.0
851,RHEA:13545,zero_fallback,ValueError:RDKit could not parse mapped reaction,,,,,,,
852,RHEA:13549,valid,,47.0,47.0,5.0,4.0,1.0,5.0,27.0
853,RHEA:13553,valid,,43.0,44.0,3.0,2.0,2.0,4.0,22.0
854,RHEA:13557,valid,,52.0,53.0,5.0,4.0,3.0,7.0,33.0
855,RHEA:13561,valid,,62.0,63.0,9.0,8.0,9.0,17.0,51.0
856,RHEA:13581,valid,,73.0,74.0,3.0,2.0,2.0,4.0,22.0
857,RHEA:13585,valid,,37.0,37.0,4.0,4.0,0.0,4.0,26.0
858,RHEA:13589,valid,,89.0,90.0,8.0,5.0,6.0,11.0,42.0
859,RHEA:13601,valid,,53.0,54.0,8.0,7.0,8.0,15.0,47.0
860,RHEA:13609,valid,,62.0,63.0,3.0,2.0,2.0,4.0,22.0
861,RHEA:13613,valid,,25.0,26.0,4.0,2.0,3.0,5.0,26.0
862,RHEA:13617,valid,,21.0,21.0,3.0,2.0,2.0,4.0,19.0
863,RHEA:13625,valid,,17.0,19.0,6.0,4.0,3.0,7.0,25.0
864,RHEA:13629,valid,,59.0,60.0,8.0,7.0,8.0,15.0,47.0
865,RHEA:13633,valid,,47.0,48.0,6.0,4.0,3.0,7.0,34.0
866,RHEA:13637,valid,,47.0,47.0,9.0,8.0,9.0,17.0,47.0
867,RHEA:13641,valid,,51.0,51.0,9.0,8.0,9.0,17.0,47.0
868,RHEA:13665,valid,,32.0,32.0,4.0,2.0,3.0,5.0,29.0
869,RHEA:13669,valid,,14.0,14.0,5.0,2.0,4.0,6.0,32.0
870,RHEA:13673,valid,,43.0,43.0,4.0,2.0,3.0,5.0,29.0
871,RHEA:13677,valid,,14.0,14.0,0.0,0.0,0.0,0.0,0.0
872,RHEA:13681,valid,,48.0,49.0,3.0,2.0,2.0,4.0,20.0
873,RHEA:13685,valid,,76.0,77.0,8.0,7.0,8.0,15.0,50.0
874,RHEA:13697,valid,,41.0,42.0,3.0,2.0,2.0,4.0,22.0
875,RHEA:13701,valid,,59.0,59.0,3.0,2.0,2.0,4.0,20.0
876,RHEA:13717,valid,,61.0,62.0,10.0,9.0,8.0,17.0,61.0
877,RHEA:13725,valid,,67.0,68.0,3.0,2.0,2.0,4.0,22.0
878,RHEA:13729,valid,,53.0,54.0,3.0,2.0,2.0,4.0,22.0
879,RHEA:13733,valid,,49.0,50.0,8.0,7.0,8.0,15.0,47.0
880,RHEA:13737,valid,,53.0,54.0,8.0,7.0,8.0,15.0,47.0
881,RHEA:13741,valid,,27.0,27.0,4.0,4.0,0.0,4.0,24.0
882,RHEA:13745,valid,,10.0,10.0,6.0,6.0,2.0,8.0,38.0
883,RHEA:13749,valid,,45.0,45.0,4.0,4.0,0.0,4.0,22.0
884,RHEA:13753,valid,,64.0,65.0,10.0,10.0,9.0,19.0,61.0
885,RHEA:13757,valid,,47.0,47.0,3.0,2.0,2.0,4.0,22.0
886,RHEA:13761,valid,,36.0,36.0,4.0,4.0,0.0,4.0,24.0
887,RHEA:13769,valid,,50.0,51.0,8.0,7.0,8.0,15.0,48.0
888,RHEA:13773,valid,,57.0,58.0,20.0,15.0,8.0,23.0,91.0
889,RHEA:13781,valid,,9.0,9.0,5.0,3.0,5.0,8.0,21.0
890,RHEA:13785,valid,,57.0,57.0,3.0,2.0,2.0,4.0,17.0
891,RHEA:13793,valid,,10.0,10.0,3.0,2.0,2.0,4.0,19.0
892,RHEA:13801,zero_fallback,missing_mapping,,,,,,,
893,RHEA:13805,valid,,22.0,24.0,5.0,3.0,2.0,5.0,21.0
894,RHEA:13809,valid,,50.0,50.0,8.0,4.0,6.0,10.0,29.0
895,RHEA:13813,valid,,52.0,52.0,14.0,15.0,14.0,29.0,53.0
896,RHEA:13817,valid,,50.0,50.0,5.0,4.0,3.0,7.0,25.0
897,RHEA:13821,valid,,21.0,21.0,7.0,7.0,3.0,10.0,31.0
898,RHEA:13825,valid,,82.0,83.0,8.0,7.0,8.0,15.0,46.0
899,RHEA:13829,valid,,86.0,87.0,8.0,7.0,8.0,15.0,46.0
900,RHEA:13833,valid,,18.0,18.0,4.0,4.0,2.0,6.0,26.0
901,RHEA:13849,valid,,10.0,10.0,4.0,2.0,4.0,6.0,26.0
902,RHEA:13861,valid,,54.0,55.0,8.0,7.0,8.0,15.0,46.0
903,RHEA:13869,valid,,60.0,60.0,14.0,14.0,13.0,27.0,68.0
904,RHEA:13873,valid,,9.0,9.0,2.0,0.0,2.0,2.0,14.0
905,RHEA:13877,valid,,15.0,15.0,4.0,4.0,2.0,6.0,26.0
906,RHEA:13881,valid,,16.0,17.0,12.0,15.0,10.0,25.0,32.0
907,RHEA:13889,valid,,54.0,56.0,3.0,2.0,2.0,4.0,17.0
908,RHEA:13893,valid,,50.0,52.0,3.0,2.0,2.0,4.0,17.0
909,RHEA:13897,valid,,16.0,16.0,6.0,6.0,0.0,6.0,37.0
910,RHEA:13905,valid,,85.0,86.0,3.0,2.0,2.0,4.0,22.0
911,RHEA:13913,valid,,8.0,8.0,0.0,0.0,0.0,0.0,0.0
912,RHEA:13929,valid,,10.0,10.0,4.0,3.0,3.0,6.0,23.0
913,RHEA:13933,valid,,39.0,40.0,3.0,2.0,2.0,4.0,18.0
914,RHEA:13941,valid,,37.0,38.0,3.0,2.0,2.0,4.0,22.0
915,RHEA:13945,valid,,11.0,11.0,0.0,0.0,0.0,0.0,0.0
916,RHEA:13949,valid,,50.0,50.0,8.0,6.0,8.0,14.0,38.0
917,RHEA:13953,valid,,29.0,30.0,3.0,2.0,2.0,4.0,18.0
918,RHEA:13957,valid,,10.0,16.0,10.0,7.0,9.0,16.0,19.0
919,RHEA:13961,valid,,75.0,78.0,21.0,18.0,16.0,34.0,73.0
920,RHEA:13965,valid,,15.0,15.0,5.0,3.0,5.0,8.0,30.0
921,RHEA:13969,valid,,50.0,50.0,6.0,4.0,3.0,7.0,34.0
922,RHEA:13973,valid,,11.0,12.0,5.0,4.0,2.0,6.0,25.0
923,RHEA:13977,valid,,7.0,7.0,4.0,3.0,4.0,7.0,25.0
924,RHEA:13985,valid,,39.0,40.0,3.0,2.0,2.0,4.0,22.0
925,RHEA:13989,valid,,52.0,52.0,0.0,0.0,0.0,0.0,0.0
926,RHEA:13993,valid,,17.0,17.0,4.0,4.0,2.0,6.0,25.0
927,RHEA:14001,valid,,81.0,82.0,3.0,2.0,2.0,4.0,22.0
928,RHEA:14005,valid,,15.0,15.0,5.0,3.0,5.0,8.0,30.0
929,RHEA:14009,valid,,14.0,28.0,21.0,22.0,2.0,24.0,56.0
930,RHEA:14013,valid,,64.0,65.0,3.0,2.0,2.0,4.0,22.0
931,RHEA:14017,valid,,49.0,50.0,3.0,2.0,2.0,4.0,22.0
932,RHEA:14021,valid,,36.0,36.0,3.0,2.0,3.0,5.0,16.0
933,RHEA:14025,valid,,18.0,18.0,4.0,2.0,3.0,5.0,22.0
934,RHEA:14029,valid,,6.0,8.0,5.0,3.0,1.0,4.0,15.0
935,RHEA:14033,valid,,22.0,23.0,3.0,2.0,2.0,4.0,19.0
936,RHEA:14037,valid,,74.0,75.0,8.0,7.0,8.0,15.0,48.0
937,RHEA:14041,valid,,31.0,31.0,3.0,2.0,2.0,4.0,18.0
938,RHEA:14045,valid,,12.0,12.0,9.0,10.0,4.0,14.0,49.0
939,RHEA:14049,valid,,53.0,54.0,13.0,9.0,7.0,16.0,66.0
940,RHEA:14053,valid,,25.0,25.0,9.0,6.0,5.0,11.0,51.0
941,RHEA:14057,valid,,27.0,28.0,6.0,4.0,1.0,5.0,29.0
942,RHEA:14065,valid,,12.0,12.0,4.0,2.0,4.0,6.0,20.0
943,RHEA:14069,valid,,60.0,61.0,10.0,9.0,8.0,17.0,55.0
944,RHEA:14077,valid,,12.0,12.0,4.0,4.0,2.0,6.0,26.0
945,RHEA:14081,valid,,19.0,19.0,3.0,2.0,2.0,4.0,20.0
946,RHEA:14085,valid,,44.0,44.0,6.0,3.0,3.0,6.0,41.0
947,RHEA:14089,valid,,15.0,15.0,4.0,4.0,2.0,6.0,26.0
948,RHEA:14093,valid,,25.0,25.0,4.0,4.0,0.0,4.0,24.0
949,RHEA:14101,valid,,19.0,19.0,3.0,2.0,3.0,5.0,16.0
950,RHEA:14105,valid,,52.0,54.0,8.0,7.0,8.0,15.0,48.0
951,RHEA:14109,valid,,56.0,58.0,8.0,7.0,8.0,15.0,48.0
952,RHEA:14113,valid,,18.0,18.0,3.0,2.0,2.0,4.0,17.0
953,RHEA:14129,valid,,77.0,78.0,8.0,7.0,8.0,15.0,47.0
954,RHEA:14133,valid,,58.0,59.0,11.0,7.0,7.0,14.0,56.0
955,RHEA:14141,valid,,67.0,67.0,5.0,3.0,4.0,7.0,25.0
956,RHEA:14145,valid,,39.0,40.0,3.0,2.0,2.0,4.0,22.0
957,RHEA:14157,valid,,14.0,14.0,6.0,4.0,3.0,7.0,23.0
958,RHEA:14161,valid,,12.0,14.0,7.0,6.0,4.0,10.0,35.0
959,RHEA:14165,valid,,60.0,61.0,3.0,2.0,2.0,4.0,22.0
960,RHEA:14173,valid,,29.0,29.0,4.0,2.0,3.0,5.0,29.0
961,RHEA:14177,valid,,33.0,33.0,3.0,2.0,2.0,4.0,18.0
962,RHEA:14181,valid,,25.0,25.0,6.0,6.0,2.0,8.0,31.0
963,RHEA:14185,valid,,12.0,12.0,3.0,2.0,2.0,4.0,17.0
964,RHEA:14189,valid,,17.0,17.0,7.0,7.0,3.0,10.0,40.0
965,RHEA:14201,valid,,10.0,10.0,3.0,2.0,2.0,4.0,20.0
966,RHEA:14205,valid,,43.0,44.0,4.0,2.0,2.0,4.0,26.0
967,RHEA:14213,valid,,47.0,48.0,3.0,2.0,2.0,4.0,22.0
968,RHEA:14217,valid,,27.0,27.0,4.0,2.0,3.0,5.0,18.0
969,RHEA:14245,valid,,32.0,33.0,4.0,2.0,3.0,5.0,24.0
970,RHEA:14253,valid,,37.0,38.0,5.0,2.0,4.0,6.0,30.0
971,RHEA:14257,valid,,65.0,66.0,3.0,2.0,2.0,4.0,21.0
972,RHEA:14265,valid,,9.0,9.0,4.0,4.0,2.0,6.0,26.0
973,RHEA:14269,valid,,72.0,72.0,26.0,34.0,20.0,54.0,60.0
974,RHEA:14277,valid,,50.0,52.0,8.0,7.0,8.0,15.0,47.0
975,RHEA:14293,valid,,56.0,57.0,8.0,7.0,8.0,15.0,46.0
976,RHEA:14297,valid,,36.0,36.0,3.0,2.0,2.0,4.0,18.0
977,RHEA:14301,valid,,13.0,14.0,3.0,2.0,2.0,4.0,18.0
978,RHEA:14305,valid,,62.0,62.0,6.0,4.0,3.0,7.0,36.0
979,RHEA:14317,valid,,65.0,66.0,8.0,7.0,8.0,15.0,47.0
980,RHEA:14321,valid,,69.0,70.0,8.0,7.0,8.0,15.0,47.0
981,RHEA:14329,valid,,21.0,21.0,4.0,4.0,0.0,4.0,24.0
982,RHEA:14333,valid,,38.0,38.0,7.0,6.0,2.0,8.0,38.0
983,RHEA:14341,valid,,15.0,15.0,5.0,5.0,4.0,9.0,31.0
984,RHEA:14345,valid,,13.0,13.0,3.0,2.0,2.0,4.0,19.0
985,RHEA:14349,valid,,59.0,60.0,3.0,2.0,2.0,4.0,21.0
986,RHEA:14353,valid,,17.0,17.0,3.0,2.0,2.0,4.0,19.0
987,RHEA:14357,valid,,58.0,59.0,3.0,2.0,2.0,4.0,22.0
988,RHEA:14369,valid,,10.0,10.0,4.0,2.0,3.0,5.0,22.0
989,RHEA:14373,valid,,40.0,40.0,5.0,2.0,5.0,7.0,23.0
990,RHEA:14381,valid,,54.0,56.0,8.0,7.0,8.0,15.0,47.0
991,RHEA:14389,valid,,66.0,67.0,3.0,2.0,2.0,4.0,22.0
992,RHEA:14393,valid,,60.0,63.0,5.0,4.0,3.0,7.0,20.0
993,RHEA:14397,valid,,15.0,15.0,5.0,4.0,2.0,6.0,29.0
994,RHEA:14401,valid,,69.0,70.0,8.0,7.0,8.0,15.0,47.0
995,RHEA:14405,valid,,60.0,61.0,8.0,7.0,8.0,15.0,46.0
996,RHEA:14409,valid,,6.0,7.0,3.0,3.0,2.0,5.0,17.0
997,RHEA:14413,valid,,16.0,17.0,9.0,9.0,7.0,16.0,41.0
998,RHEA:14425,valid,,62.0,63.0,6.0,6.0,1.0,7.0,32.0
999,RHEA:14429,valid,,39.0,40.0,4.0,2.0,3.0,5.0,21.0
1000,RHEA:14433,valid,,103.0,103.0,12.0,8.0,6.0,14.0,40.0
1001,RHEA:14437,valid,,13.0,13.0,5.0,4.0,4.0,8.0,23.0
1002,RHEA:14441,valid,,84.0,85.0,3.0,2.0,2.0,4.0,22.0
1003,RHEA:14445,valid,,23.0,24.0,3.0,2.0,2.0,4.0,19.0
1004,RHEA:14465,valid,,15.0,15.0,3.0,2.0,2.0,4.0,17.0
1005,RHEA:14469,valid,,55.0,57.0,8.0,7.0,8.0,15.0,47.0
1006,RHEA:14473,valid,,101.0,102.0,8.0,7.0,8.0,15.0,47.0
1007,RHEA:14477,valid,,106.0,106.0,10.0,6.0,6.0,12.0,52.0
1008,RHEA:14481,valid,,15.0,15.0,3.0,2.0,2.0,4.0,17.0
1009,RHEA:14485,valid,,25.0,25.0,15.0,14.0,10.0,24.0,80.0
1010,RHEA:14489,valid,,14.0,15.0,3.0,2.0,2.0,4.0,19.0
1011,RHEA:14493,valid,,49.0,49.0,5.0,4.0,2.0,6.0,30.0
1012,RHEA:14501,valid,,9.0,10.0,5.0,3.0,5.0,8.0,28.0
1013,RHEA:14509,valid,,34.0,35.0,7.0,5.0,5.0,10.0,39.0
1014,RHEA:14513,valid,,73.0,75.0,9.0,6.0,4.0,10.0,45.0
1015,RHEA:14517,valid,,62.0,62.0,3.0,2.0,2.0,4.0,18.0
1016,RHEA:14521,valid,,59.0,60.0,8.0,7.0,8.0,15.0,48.0
1017,RHEA:14525,valid,,26.0,28.0,7.0,5.0,2.0,7.0,33.0
1018,RHEA:14533,valid,,9.0,9.0,5.0,4.0,3.0,7.0,28.0
1019,RHEA:14541,valid,,77.0,78.0,3.0,2.0,2.0,4.0,19.0
1020,RHEA:14545,valid,,10.0,10.0,3.0,2.0,2.0,4.0,16.0
1021,RHEA:14549,valid,,11.0,12.0,6.0,4.0,4.0,8.0,32.0
1022,RHEA:14557,valid,,38.0,38.0,3.0,2.0,2.0,4.0,16.0
1023,RHEA:14561,valid,,69.0,70.0,3.0,2.0,2.0,4.0,22.0
1024,RHEA:14569,valid,,5.0,5.0,4.0,2.0,4.0,6.0,22.0
1025,RHEA:14573,valid,,14.0,14.0,4.0,2.0,4.0,6.0,22.0
1026,RHEA:14581,valid,,68.0,68.0,10.0,6.0,10.0,16.0,48.0
1027,RHEA:14589,valid,,48.0,49.0,3.0,2.0,2.0,4.0,19.0
1028,RHEA:14597,valid,,43.0,44.0,3.0,2.0,2.0,4.0,22.0
1029,RHEA:14605,valid,,55.0,56.0,3.0,2.0,2.0,4.0,21.0
1030,RHEA:14609,valid,,60.0,61.0,8.0,7.0,8.0,15.0,48.0
1031,RHEA:14613,valid,,39.0,40.0,3.0,2.0,2.0,4.0,18.0
1032,RHEA:14621,valid,,31.0,31.0,10.0,10.0,9.0,19.0,49.0
1033,RHEA:14629,valid,,44.0,44.0,6.0,6.0,0.0,6.0,30.0
1034,RHEA:14633,valid,,33.0,34.0,3.0,2.0,2.0,4.0,18.0
1035,RHEA:14649,valid,,87.0,88.0,3.0,2.0,2.0,4.0,22.0
1036,RHEA:14653,valid,,14.0,15.0,3.0,2.0,2.0,4.0,19.0
1037,RHEA:14657,valid,,14.0,14.0,4.0,2.0,4.0,6.0,24.0
1038,RHEA:14665,valid,,12.0,12.0,4.0,2.0,3.0,5.0,22.0
1039,RHEA:14669,valid,,59.0,61.0,8.0,7.0,8.0,15.0,47.0
1040,RHEA:14673,valid,,38.0,39.0,3.0,2.0,2.0,4.0,18.0
1041,RHEA:14685,valid,,4.0,6.0,5.0,3.0,2.0,5.0,17.0
1042,RHEA:14697,valid,,64.0,65.0,8.0,7.0,8.0,15.0,48.0
1043,RHEA:14701,zero_fallback,missing_mapping,,,,,,,
1044,RHEA:14705,zero_fallback,missing_mapping,,,,,,,
1045,RHEA:14709,valid,,21.0,21.0,3.0,2.0,2.0,4.0,22.0
1046,RHEA:14717,valid,,23.0,23.0,8.0,6.0,3.0,9.0,44.0
1047,RHEA:14721,valid,,50.0,51.0,3.0,2.0,2.0,4.0,22.0
1048,RHEA:14729,valid,,20.0,20.0,13.0,12.0,7.0,19.0,67.0
1049,RHEA:14733,valid,,33.0,34.0,3.0,2.0,2.0,4.0,18.0
1050,RHEA:14737,valid,,29.0,29.0,4.0,2.0,3.0,5.0,29.0
1051,RHEA:14749,valid,,16.0,17.0,11.0,13.0,6.0,19.0,55.0
1052,RHEA:14753,valid,,57.0,59.0,13.0,9.0,7.0,16.0,63.0
1053,RHEA:14761,valid,,72.0,72.0,5.0,5.0,2.0,7.0,33.0
1054,RHEA:14765,valid,,33.0,34.0,8.0,8.0,4.0,12.0,44.0
1055,RHEA:14777,valid,,24.0,24.0,4.0,2.0,3.0,5.0,22.0
1056,RHEA:14781,valid,,90.0,90.0,6.0,4.0,3.0,7.0,36.0
1057,RHEA:14789,valid,,66.0,67.0,4.0,4.0,1.0,5.0,27.0
1058,RHEA:14797,valid,,43.0,44.0,3.0,2.0,2.0,4.0,22.0
1059,RHEA:14801,valid,,42.0,42.0,4.0,4.0,0.0,4.0,26.0
1060,RHEA:14805,valid,,43.0,44.0,3.0,2.0,2.0,4.0,22.0
1061,RHEA:14813,valid,,9.0,9.0,0.0,0.0,0.0,0.0,0.0
1062,RHEA:14817,valid,,14.0,14.0,0.0,0.0,0.0,0.0,0.0
1063,RHEA:14821,valid,,10.0,10.0,4.0,2.0,4.0,6.0,26.0
1064,RHEA:14829,valid,,11.0,11.0,3.0,2.0,2.0,4.0,19.0
1065,RHEA:14833,zero_fallback,missing_mapping,,,,,,,
1066,RHEA:14837,valid,,8.0,9.0,4.0,2.0,4.0,6.0,17.0
1067,RHEA:14841,valid,,29.0,29.0,7.0,6.0,5.0,11.0,40.0
1068,RHEA:14853,valid,,58.0,59.0,3.0,2.0,2.0,4.0,16.0
1069,RHEA:14857,valid,,54.0,55.0,6.0,4.0,3.0,7.0,34.0
1070,RHEA:14869,valid,,38.0,38.0,3.0,2.0,2.0,4.0,18.0
1071,RHEA:14873,valid,,56.0,57.0,8.0,7.0,8.0,15.0,48.0
1072,RHEA:14877,valid,,41.0,41.0,4.0,4.0,0.0,4.0,26.0
1073,RHEA:14885,valid,,49.0,49.0,5.0,4.0,2.0,6.0,30.0
1074,RHEA:14889,valid,,22.0,22.0,6.0,4.0,4.0,8.0,21.0
1075,RHEA:14893,valid,,9.0,9.0,3.0,2.0,2.0,4.0,18.0
1076,RHEA:14901,valid,,29.0,29.0,5.0,4.0,3.0,7.0,35.0
1077,RHEA:14905,valid,,33.0,33.0,6.0,4.0,4.0,8.0,37.0
1078,RHEA:14909,valid,,61.0,62.0,8.0,7.0,8.0,15.0,48.0
1079,RHEA:14921,valid,,49.0,49.0,4.0,4.0,0.0,4.0,26.0
1080,RHEA:14929,valid,,65.0,66.0,8.0,7.0,8.0,15.0,47.0
1081,RHEA:14937,valid,,53.0,53.0,13.0,13.0,3.0,16.0,52.0
1082,RHEA:14945,valid,,48.0,49.0,3.0,2.0,2.0,4.0,22.0
1083,RHEA:14961,valid,,23.0,24.0,3.0,2.0,2.0,4.0,18.0
1084,RHEA:14965,valid,,9.0,10.0,3.0,2.0,2.0,4.0,17.0
1085,RHEA:14969,valid,,39.0,39.0,3.0,2.0,2.0,4.0,20.0
1086,RHEA:14973,valid,,9.0,9.0,0.0,0.0,0.0,0.0,0.0
1087,RHEA:14977,valid,,13.0,13.0,8.0,9.0,7.0,16.0,51.0
1088,RHEA:14981,valid,,69.0,70.0,8.0,7.0,8.0,15.0,47.0
1089,RHEA:14985,valid,,24.0,24.0,5.0,4.0,2.0,6.0,27.0
1090,RHEA:14993,zero_fallback,missing_mapping,,,,,,,
1091,RHEA:15005,valid,,37.0,37.0,6.0,6.0,2.0,8.0,31.0
1092,RHEA:15009,valid,,80.0,81.0,8.0,7.0,8.0,15.0,49.0
1093,RHEA:15013,valid,,39.0,39.0,4.0,3.0,3.0,6.0,25.0
1094,RHEA:15017,valid,,7.0,7.0,4.0,2.0,3.0,5.0,20.0
1095,RHEA:15025,valid,,47.0,47.0,3.0,2.0,2.0,4.0,19.0
1096,RHEA:15029,valid,,56.0,57.0,8.0,7.0,8.0,15.0,50.0
1097,RHEA:15033,valid,,14.0,14.0,4.0,2.0,4.0,6.0,19.0
1098,RHEA:15037,valid,,33.0,34.0,3.0,2.0,2.0,4.0,20.0
1099,RHEA:15045,valid,,66.0,67.0,8.0,7.0,8.0,15.0,47.0
1100,RHEA:15053,valid,,52.0,53.0,3.0,2.0,2.0,4.0,21.0
1101,RHEA:15057,valid,,49.0,50.0,3.0,2.0,2.0,4.0,19.0
1102,RHEA:15061,valid,,46.0,46.0,8.0,6.0,8.0,14.0,38.0
1103,RHEA:15081,valid,,83.0,83.0,6.0,4.0,3.0,7.0,32.0
1104,RHEA:15089,valid,,7.0,9.0,5.0,3.0,2.0,5.0,19.0
1105,RHEA:15093,valid,,23.0,23.0,4.0,4.0,0.0,4.0,24.0
1106,RHEA:15097,valid,,44.0,44.0,4.0,2.0,3.0,5.0,27.0
1107,RHEA:15101,valid,,13.0,13.0,6.0,6.0,2.0,8.0,34.0
1108,RHEA:15105,valid,,48.0,49.0,3.0,2.0,2.0,4.0,19.0
1109,RHEA:15113,valid,,30.0,30.0,3.0,2.0,2.0,4.0,18.0
1110,RHEA:15117,valid,,75.0,75.0,3.0,2.0,2.0,4.0,21.0
1111,RHEA:15129,valid,,43.0,44.0,11.0,7.0,7.0,14.0,57.0
1112,RHEA:15133,valid,,55.0,56.0,9.0,8.0,9.0,17.0,51.0
1113,RHEA:15141,valid,,13.0,17.0,6.0,1.0,6.0,7.0,15.0
1114,RHEA:15145,valid,,23.0,23.0,4.0,4.0,0.0,4.0,24.0
1115,RHEA:15149,valid,,18.0,18.0,4.0,2.0,4.0,6.0,19.0
1116,RHEA:15153,valid,,46.0,47.0,3.0,2.0,2.0,4.0,22.0
1117,RHEA:15165,valid,,9.0,9.0,5.0,3.0,5.0,8.0,24.0
1118,RHEA:15169,valid,,18.0,18.0,5.0,4.0,2.0,6.0,24.0
1119,RHEA:15173,valid,,50.0,50.0,8.0,7.0,8.0,15.0,40.0
1120,RHEA:15177,valid,,20.0,21.0,3.0,2.0,2.0,4.0,19.0
1121,RHEA:15181,valid,,83.0,84.0,4.0,2.0,3.0,5.0,21.0
1122,RHEA:15185,valid,,67.0,68.0,3.0,2.0,2.0,4.0,22.0
1123,RHEA:15189,valid,,5.0,6.0,4.0,1.0,4.0,5.0,14.0
1124,RHEA:15193,valid,,32.0,33.0,5.0,4.0,2.0,6.0,23.0
1125,RHEA:15197,valid,,50.0,51.0,3.0,2.0,2.0,4.0,20.0
1126,RHEA:15209,valid,,54.0,55.0,8.0,7.0,8.0,15.0,48.0
1127,RHEA:15213,valid,,77.0,77.0,3.0,2.0,2.0,4.0,22.0
1128,RHEA:15221,valid,,37.0,39.0,3.0,2.0,2.0,4.0,17.0
1129,RHEA:15225,valid,,45.0,45.0,5.0,4.0,1.0,5.0,29.0
1130,RHEA:15229,valid,,48.0,48.0,5.0,4.0,1.0,5.0,29.0
1131,RHEA:15233,valid,,4.0,6.0,3.0,1.0,2.0,3.0,12.0
1132,RHEA:15241,valid,,57.0,58.0,11.0,7.0,7.0,14.0,57.0
1133,RHEA:15245,valid,,8.0,11.0,9.0,7.0,4.0,11.0,40.0
1134,RHEA:15249,valid,,48.0,48.0,4.0,4.0,0.0,4.0,26.0
1135,RHEA:15253,valid,,12.0,12.0,3.0,2.0,2.0,4.0,19.0
1136,RHEA:15257,valid,,8.0,8.0,3.0,2.0,2.0,4.0,18.0
1137,RHEA:15261,valid,,62.0,63.0,11.0,7.0,7.0,14.0,56.0
1138,RHEA:15265,valid,,23.0,24.0,12.0,11.0,11.0,22.0,67.0
1139,RHEA:15277,valid,,62.0,63.0,3.0,2.0,2.0,4.0,22.0
1140,RHEA:15281,valid,,28.0,28.0,3.0,2.0,2.0,4.0,21.0
1141,RHEA:15285,valid,,37.0,37.0,4.0,2.0,3.0,5.0,29.0
1142,RHEA:15297,valid,,53.0,54.0,3.0,2.0,2.0,4.0,21.0
1143,RHEA:15305,valid,,52.0,54.0,8.0,7.0,8.0,15.0,47.0
1144,RHEA:15309,valid,,59.0,63.0,12.0,8.0,9.0,17.0,47.0
1145,RHEA:15313,valid,,4.0,4.0,4.0,2.0,4.0,6.0,21.0
1146,RHEA:15321,valid,,52.0,53.0,18.0,15.0,7.0,22.0,87.0
1147,RHEA:15325,valid,,61.0,61.0,3.0,2.0,2.0,4.0,20.0
1148,RHEA:15329,valid,,53.0,54.0,8.0,7.0,8.0,15.0,48.0
1149,RHEA:15341,valid,,96.0,101.0,26.0,24.0,10.0,34.0,111.0
1150,RHEA:15349,valid,,22.0,22.0,4.0,4.0,0.0,4.0,20.0
1151,RHEA:15353,valid,,56.0,56.0,8.0,6.0,4.0,10.0,42.0
1152,RHEA:15357,valid,,77.0,78.0,3.0,2.0,2.0,4.0,22.0
1153,RHEA:15373,valid,,52.0,53.0,3.0,2.0,2.0,4.0,19.0
1154,RHEA:15377,valid,,40.0,41.0,3.0,2.0,2.0,4.0,22.0
1155,RHEA:15381,valid,,24.0,24.0,10.0,10.0,7.0,17.0,54.0
1156,RHEA:15385,valid,,9.0,9.0,3.0,2.0,2.0,4.0,16.0
1157,RHEA:15389,valid,,31.0,31.0,6.0,4.0,3.0,7.0,36.0
1158,RHEA:15393,valid,,13.0,13.0,0.0,0.0,0.0,0.0,0.0
1159,RHEA:15397,valid,,4.0,6.0,4.0,3.0,3.0,6.0,13.0
1160,RHEA:15413,valid,,10.0,10.0,4.0,2.0,4.0,6.0,20.0
1161,RHEA:15417,valid,,64.0,64.0,14.0,14.0,13.0,27.0,68.0
1162,RHEA:15421,valid,,83.0,83.0,6.0,4.0,3.0,7.0,35.0
1163,RHEA:15425,valid,,102.0,102.0,15.0,13.0,12.0,25.0,49.0
1164,RHEA:15429,zero_fallback,missing_mapping,,,,,,,
1165,RHEA:15433,valid,,34.0,34.0,4.0,2.0,3.0,5.0,29.0
1166,RHEA:15437,valid,,99.0,100.0,8.0,7.0,8.0,15.0,49.0
1167,RHEA:15449,valid,,14.0,15.0,10.0,10.0,8.0,18.0,46.0
1168,RHEA:15453,valid,,33.0,34.0,3.0,2.0,2.0,4.0,20.0
1169,RHEA:15457,valid,,52.0,53.0,12.0,12.0,12.0,24.0,51.0
1170,RHEA:15465,valid,,52.0,53.0,3.0,2.0,2.0,4.0,22.0
1171,RHEA:15469,valid,,37.0,37.0,7.0,4.0,6.0,10.0,48.0
1172,RHEA:15473,valid,,64.0,65.0,3.0,2.0,2.0,4.0,21.0
1173,RHEA:15481,valid,,39.0,39.0,5.0,4.0,4.0,8.0,32.0
1174,RHEA:15485,valid,,14.0,14.0,3.0,2.0,2.0,4.0,18.0
1175,RHEA:15501,valid,,68.0,69.0,10.0,10.0,9.0,19.0,61.0
1176,RHEA:15505,valid,,55.0,56.0,8.0,7.0,8.0,15.0,48.0
1177,RHEA:15509,valid,,138.0,139.0,3.0,2.0,2.0,4.0,22.0
1178,RHEA:15513,valid,,43.0,44.0,3.0,2.0,2.0,4.0,22.0
1179,RHEA:15521,valid,,68.0,69.0,3.0,2.0,2.0,4.0,22.0
1180,RHEA:15537,valid,,58.0,59.0,8.0,7.0,8.0,15.0,48.0
1181,RHEA:15541,valid,,51.0,52.0,3.0,2.0,2.0,4.0,21.0
1182,RHEA:15549,valid,,15.0,15.0,4.0,2.0,4.0,6.0,22.0
1183,RHEA:15553,valid,,21.0,21.0,6.0,4.0,3.0,7.0,24.0
1184,RHEA:15557,valid,,33.0,34.0,3.0,2.0,2.0,4.0,18.0
1185,RHEA:15561,valid,,51.0,52.0,3.0,2.0,2.0,4.0,19.0
1186,RHEA:15565,valid,,10.0,10.0,3.0,2.0,2.0,4.0,18.0
1187,RHEA:15573,valid,,43.0,44.0,3.0,2.0,2.0,4.0,19.0
1188,RHEA:15577,valid,,18.0,18.0,3.0,2.0,2.0,4.0,19.0
1189,RHEA:15585,valid,,44.0,52.0,20.0,12.0,8.0,20.0,18.0
1190,RHEA:15597,valid,,33.0,34.0,3.0,2.0,2.0,4.0,18.0
1191,RHEA:15601,valid,,70.0,70.0,4.0,4.0,0.0,4.0,24.0
1192,RHEA:15609,valid,,45.0,46.0,3.0,2.0,2.0,4.0,22.0
1193,RHEA:15613,valid,,106.0,108.0,24.0,29.0,18.0,47.0,113.0
1194,RHEA:15621,valid,,52.0,53.0,3.0,2.0,2.0,4.0,21.0
1195,RHEA:15625,valid,,109.0,110.0,8.0,9.0,8.0,17.0,47.0
1196,RHEA:15629,valid,,30.0,30.0,5.0,2.0,5.0,7.0,23.0
1197,RHEA:15633,valid,,14.0,15.0,9.0,10.0,8.0,18.0,44.0
1198,RHEA:15641,valid,,9.0,9.0,3.0,2.0,2.0,4.0,19.0
1199,RHEA:15649,valid,,4.0,4.0,3.0,2.0,2.0,4.0,15.0
1200,RHEA:15653,valid,,47.0,48.0,3.0,2.0,2.0,4.0,22.0
1201,RHEA:15661,valid,,103.0,103.0,3.0,2.0,2.0,4.0,20.0
1202,RHEA:15669,valid,,41.0,42.0,3.0,2.0,2.0,4.0,22.0
1203,RHEA:15673,valid,,55.0,56.0,3.0,2.0,2.0,4.0,19.0
1204,RHEA:15681,valid,,59.0,61.0,9.0,8.0,9.0,17.0,53.0
1205,RHEA:15689,valid,,8.0,8.0,3.0,2.0,2.0,4.0,19.0
1206,RHEA:15697,valid,,52.0,54.0,13.0,8.0,8.0,16.0,70.0
1207,RHEA:15709,valid,,57.0,58.0,5.0,4.0,1.0,5.0,32.0
1208,RHEA:15713,valid,,64.0,64.0,3.0,2.0,2.0,4.0,20.0
1209,RHEA:15717,valid,,88.0,88.0,9.0,8.0,9.0,17.0,51.0
1210,RHEA:15725,valid,,11.0,11.0,3.0,2.0,2.0,4.0,18.0
1211,RHEA:15729,valid,,57.0,58.0,8.0,7.0,8.0,15.0,48.0
1212,RHEA:15733,valid,,81.0,83.0,5.0,3.0,2.0,5.0,18.0
1213,RHEA:15737,valid,,56.0,56.0,10.0,10.0,7.0,17.0,54.0
1214,RHEA:15741,valid,,54.0,55.0,12.0,12.0,12.0,24.0,53.0
1215,RHEA:15749,valid,,12.0,14.0,5.0,3.0,2.0,5.0,19.0
1216,RHEA:15753,valid,,64.0,66.0,7.0,4.0,5.0,9.0,42.0
1217,RHEA:15757,valid,,52.0,53.0,8.0,7.0,8.0,15.0,48.0
1218,RHEA:15761,valid,,56.0,57.0,8.0,7.0,8.0,15.0,48.0
1219,RHEA:15765,valid,,118.0,119.0,3.0,2.0,2.0,4.0,22.0
1220,RHEA:15769,valid,,117.0,118.0,3.0,2.0,2.0,4.0,22.0
1221,RHEA:15773,valid,,37.0,38.0,4.0,4.0,1.0,5.0,27.0
1222,RHEA:15781,valid,,13.0,13.0,3.0,2.0,2.0,4.0,20.0
1223,RHEA:15793,valid,,91.0,92.0,12.0,12.0,12.0,24.0,66.0
1224,RHEA:15797,valid,,87.0,88.0,12.0,12.0,12.0,24.0,66.0
1225,RHEA:15801,valid,,23.0,24.0,3.0,2.0,2.0,4.0,17.0
1226,RHEA:15805,valid,,47.0,50.0,7.0,5.0,5.0,10.0,37.0
1227,RHEA:15809,valid,,19.0,32.0,26.0,32.0,7.0,39.0,88.0
1228,RHEA:15817,valid,,19.0,19.0,5.0,3.0,5.0,8.0,22.0
1229,RHEA:15821,valid,,7.0,11.0,10.0,7.0,3.0,10.0,28.0
1230,RHEA:15841,valid,,64.0,65.0,8.0,7.0,8.0,15.0,46.0
1231,RHEA:15853,valid,,68.0,69.0,8.0,7.0,8.0,15.0,47.0
1232,RHEA:15857,valid,,72.0,73.0,8.0,7.0,8.0,15.0,47.0
1233,RHEA:15865,valid,,15.0,15.0,3.0,2.0,3.0,5.0,16.0
1234,RHEA:15869,valid,,16.0,16.0,4.0,4.0,0.0,4.0,24.0
1235,RHEA:15881,valid,,39.0,40.0,3.0,2.0,2.0,4.0,22.0
1236,RHEA:15889,valid,,11.0,11.0,3.0,2.0,2.0,4.0,16.0
1237,RHEA:15893,valid,,63.0,63.0,25.0,35.0,15.0,50.0,106.0
1238,RHEA:15901,valid,,11.0,11.0,3.0,2.0,2.0,4.0,22.0
1239,RHEA:15909,valid,,19.0,20.0,8.0,8.0,2.0,10.0,39.0
1240,RHEA:15913,valid,,53.0,53.0,4.0,4.0,0.0,4.0,22.0
1241,RHEA:15917,valid,,55.0,56.0,8.0,7.0,8.0,15.0,46.0
1242,RHEA:15921,valid,,46.0,46.0,4.0,4.0,0.0,4.0,22.0
1243,RHEA:15933,valid,,49.0,50.0,8.0,7.0,8.0,15.0,48.0
1244,RHEA:15937,valid,,51.0,52.0,8.0,7.0,8.0,15.0,46.0
1245,RHEA:15941,valid,,13.0,13.0,3.0,2.0,2.0,4.0,18.0
1246,RHEA:15957,valid,,13.0,13.0,4.0,2.0,4.0,6.0,22.0
1247,RHEA:15965,valid,,15.0,16.0,3.0,2.0,2.0,4.0,19.0
1248,RHEA:15969,valid,,45.0,45.0,5.0,3.0,4.0,7.0,23.0
1249,RHEA:15973,valid,,51.0,52.0,3.0,2.0,2.0,4.0,22.0
1250,RHEA:15977,valid,,11.0,11.0,3.0,2.0,2.0,4.0,19.0
1251,RHEA:15981,valid,,27.0,27.0,3.0,2.0,2.0,4.0,19.0
1252,RHEA:15985,valid,,47.0,47.0,8.0,7.0,8.0,15.0,46.0
1253,RHEA:15989,zero_fallback,missing_mapping,,,,,,,
1254,RHEA:16001,valid,,25.0,25.0,4.0,2.0,3.0,5.0,24.0
1255,RHEA:16005,valid,,14.0,14.0,4.0,2.0,4.0,6.0,22.0
1256,RHEA:16013,valid,,59.0,59.0,6.0,4.0,3.0,7.0,36.0
1257,RHEA:16021,valid,,9.0,9.0,3.0,2.0,2.0,4.0,19.0
1258,RHEA:16025,valid,,87.0,87.0,3.0,2.0,2.0,4.0,20.0
1259,RHEA:16029,valid,,10.0,10.0,4.0,3.0,3.0,6.0,23.0
1260,RHEA:16037,valid,,22.0,22.0,3.0,2.0,2.0,4.0,22.0
1261,RHEA:16045,valid,,96.0,97.0,3.0,2.0,2.0,4.0,21.0
1262,RHEA:16049,zero_fallback,missing_mapping,,,,,,,
1263,RHEA:16053,valid,,117.0,118.0,5.0,4.0,2.0,6.0,25.0
1264,RHEA:16057,valid,,138.0,139.0,3.0,2.0,2.0,4.0,22.0
1265,RHEA:16061,valid,,17.0,18.0,3.0,2.0,2.0,4.0,19.0
1266,RHEA:16065,valid,,81.0,81.0,6.0,6.0,2.0,8.0,31.0
1267,RHEA:16069,valid,,18.0,18.0,4.0,2.0,3.0,5.0,22.0
1268,RHEA:16073,valid,,13.0,13.0,6.0,6.0,2.0,8.0,33.0
1269,RHEA:16085,valid,,109.0,110.0,6.0,4.0,3.0,7.0,34.0
1270,RHEA:16089,valid,,9.0,9.0,3.0,2.0,2.0,4.0,17.0
1271,RHEA:16093,valid,,62.0,63.0,11.0,7.0,7.0,14.0,57.0
1272,RHEA:16105,valid,,54.0,54.0,3.0,2.0,2.0,4.0,18.0
1273,RHEA:16109,valid,,47.0,48.0,3.0,2.0,2.0,4.0,22.0
1274,RHEA:16113,zero_fallback,missing_mapping,,,,,,,
1275,RHEA:16117,valid,,86.0,86.0,6.0,4.0,3.0,7.0,36.0
1276,RHEA:16121,valid,,9.0,10.0,3.0,2.0,2.0,4.0,19.0
1277,RHEA:16125,valid,,43.0,44.0,3.0,2.0,2.0,4.0,22.0
1278,RHEA:16129,valid,,60.0,61.0,8.0,7.0,8.0,15.0,48.0
1279,RHEA:16137,valid,,69.0,70.0,8.0,7.0,8.0,15.0,48.0
1280,RHEA:16141,valid,,65.0,66.0,8.0,7.0,8.0,15.0,48.0
1281,RHEA:16145,valid,,45.0,45.0,5.0,2.0,5.0,7.0,19.0
1282,RHEA:16149,valid,,31.0,32.0,4.0,2.0,3.0,5.0,29.0
1283,RHEA:16153,valid,,6.0,6.0,5.0,4.0,4.0,8.0,22.0
1284,RHEA:16157,valid,,50.0,51.0,8.0,6.0,8.0,14.0,38.0
1285,RHEA:16161,valid,,46.0,47.0,8.0,6.0,8.0,14.0,38.0
1286,RHEA:16165,valid,,17.0,17.0,6.0,4.0,4.0,8.0,31.0
1287,RHEA:16169,valid,,42.0,43.0,5.0,4.0,3.0,7.0,30.0
1288,RHEA:16173,valid,,21.0,21.0,4.0,3.0,3.0,6.0,26.0
1289,RHEA:16177,valid,,66.0,68.0,8.0,7.0,8.0,15.0,47.0
1290,RHEA:16181,valid,,50.0,51.0,4.0,2.0,3.0,5.0,26.0
1291,RHEA:16185,valid,,48.0,50.0,8.0,7.0,8.0,15.0,45.0
1292,RHEA:16189,valid,,15.0,15.0,10.0,9.0,4.0,13.0,46.0
1293,RHEA:16197,valid,,102.0,103.0,8.0,7.0,8.0,15.0,48.0
1294,RHEA:16201,valid,,16.0,17.0,10.0,9.0,8.0,17.0,51.0
1295,RHEA:16209,valid,,64.0,64.0,30.0,35.0,12.0,47.0,114.0
1296,RHEA:16217,valid,,11.0,12.0,3.0,2.0,2.0,4.0,18.0
1297,RHEA:16221,valid,,90.0,91.0,3.0,2.0,2.0,4.0,22.0
1298,RHEA:16225,valid,,17.0,17.0,3.0,2.0,2.0,4.0,19.0
1299,RHEA:16229,valid,,45.0,45.0,5.0,4.0,1.0,5.0,27.0
1300,RHEA:16233,valid,,58.0,59.0,8.0,7.0,8.0,15.0,47.0
1301,RHEA:16237,valid,,11.0,11.0,0.0,0.0,0.0,0.0,0.0
1302,RHEA:16241,valid,,41.0,42.0,3.0,2.0,2.0,4.0,22.0
1303,RHEA:16245,valid,,67.0,67.0,3.0,2.0,2.0,4.0,20.0
1304,RHEA:16249,valid,,16.0,16.0,0.0,0.0,0.0,0.0,0.0
1305,RHEA:16253,valid,,60.0,61.0,12.0,11.0,10.0,21.0,63.0
1306,RHEA:16257,valid,,28.0,28.0,3.0,2.0,2.0,4.0,21.0
1307,RHEA:16261,valid,,66.0,67.0,3.0,2.0,2.0,4.0,22.0
1308,RHEA:16269,valid,,113.0,115.0,14.0,13.0,14.0,27.0,43.0
1309,RHEA:16277,valid,,15.0,16.0,4.0,2.0,4.0,6.0,17.0
1310,RHEA:16285,valid,,62.0,63.0,9.0,8.0,9.0,17.0,54.0
1311,RHEA:16297,valid,,69.0,70.0,8.0,7.0,8.0,15.0,47.0
1312,RHEA:16301,valid,,45.0,46.0,10.0,10.0,2.0,12.0,41.0
1313,RHEA:16305,valid,,59.0,60.0,3.0,2.0,2.0,4.0,19.0
1314,RHEA:16309,valid,,35.0,35.0,3.0,2.0,2.0,4.0,19.0
1315,RHEA:16317,valid,,54.0,55.0,8.0,7.0,8.0,15.0,47.0
1316,RHEA:16321,valid,,58.0,59.0,8.0,7.0,8.0,15.0,47.0
1317,RHEA:16329,valid,,22.0,22.0,3.0,2.0,2.0,4.0,17.0
1318,RHEA:16333,valid,,73.0,73.0,6.0,4.0,3.0,7.0,34.0
1319,RHEA:16337,zero_fallback,ValueError:RDKit could not parse mapped reaction,,,,,,,
1320,RHEA:16341,valid,,45.0,45.0,4.0,4.0,0.0,4.0,22.0
1321,RHEA:16345,valid,,30.0,30.0,9.0,8.0,6.0,14.0,57.0
1322,RHEA:16349,valid,,5.0,5.0,2.0,1.0,2.0,3.0,10.0
1323,RHEA:16365,valid,,24.0,25.0,3.0,2.0,2.0,4.0,19.0
1324,RHEA:16369,valid,,50.0,51.0,8.0,7.0,8.0,15.0,48.0
1325,RHEA:16373,valid,,46.0,47.0,3.0,2.0,2.0,4.0,22.0
1326,RHEA:16377,valid,,51.0,53.0,6.0,3.0,4.0,7.0,32.0
1327,RHEA:16381,valid,,54.0,55.0,8.0,7.0,8.0,15.0,48.0
1328,RHEA:16413,valid,,33.0,33.0,0.0,0.0,0.0,0.0,0.0
1329,RHEA:16417,valid,,54.0,55.0,10.0,9.0,10.0,19.0,57.0
1330,RHEA:16421,valid,,12.0,15.0,4.0,1.0,4.0,5.0,17.0
1331,RHEA:16425,valid,,47.0,49.0,8.0,7.0,8.0,15.0,45.0
1332,RHEA:16429,valid,,90.0,91.0,6.0,4.0,3.0,7.0,33.0
1333,RHEA:16437,valid,,22.0,23.0,3.0,2.0,2.0,4.0,15.0
1334,RHEA:16441,valid,,12.0,12.0,3.0,2.0,2.0,4.0,16.0
1335,RHEA:16445,valid,,20.0,21.0,8.0,6.0,6.0,12.0,47.0
1336,RHEA:16449,valid,,84.0,85.0,3.0,2.0,2.0,4.0,22.0
1337,RHEA:16453,valid,,17.0,17.0,3.0,2.0,2.0,4.0,18.0
1338,RHEA:16457,valid,,54.0,55.0,8.0,7.0,8.0,15.0,48.0
1339,RHEA:16461,valid,,44.0,45.0,3.0,2.0,2.0,4.0,18.0
1340,RHEA:16469,valid,,70.0,70.0,4.0,4.0,0.0,4.0,24.0
1341,RHEA:16477,valid,,69.0,70.0,8.0,7.0,8.0,15.0,48.0
1342,RHEA:16481,valid,,81.0,84.0,8.0,6.0,5.0,11.0,31.0
1343,RHEA:16489,valid,,22.0,22.0,3.0,2.0,2.0,4.0,18.0
1344,RHEA:16497,valid,,51.0,52.0,3.0,2.0,2.0,4.0,20.0
1345,RHEA:16501,valid,,22.0,23.0,3.0,2.0,2.0,4.0,19.0
1346,RHEA:16505,valid,,16.0,16.0,10.0,12.0,9.0,21.0,53.0
1347,RHEA:16509,valid,,6.0,6.0,3.0,2.0,2.0,4.0,15.0
1348,RHEA:16513,valid,,8.0,8.0,6.0,4.0,4.0,8.0,28.0
1349,RHEA:16517,valid,,49.0,50.0,8.0,7.0,8.0,15.0,48.0
1350,RHEA:16521,valid,,52.0,52.0,8.0,6.0,8.0,14.0,42.0
1351,RHEA:16525,valid,,43.0,44.0,3.0,2.0,2.0,4.0,22.0
1352,RHEA:16529,valid,,32.0,32.0,5.0,4.0,1.0,5.0,28.0
1353,RHEA:16537,valid,,27.0,27.0,4.0,2.0,3.0,5.0,22.0
1354,RHEA:16541,valid,,46.0,46.0,4.0,4.0,0.0,4.0,17.0
1355,RHEA:16545,valid,,56.0,56.0,5.0,5.0,2.0,7.0,32.0
1356,RHEA:16557,valid,,13.0,13.0,3.0,2.0,2.0,4.0,18.0
1357,RHEA:16561,valid,,31.0,31.0,18.0,19.0,11.0,30.0,65.0
1358,RHEA:16565,valid,,21.0,21.0,6.0,4.0,2.0,6.0,38.0
1359,RHEA:16569,valid,,23.0,23.0,6.0,6.0,2.0,8.0,31.0
1360,RHEA:16573,valid,,23.0,23.0,4.0,4.0,0.0,4.0,24.0
1361,RHEA:16577,valid,,58.0,58.0,5.0,4.0,1.0,5.0,22.0
1362,RHEA:16581,valid,,4.0,4.0,4.0,1.0,4.0,5.0,8.0
1363,RHEA:16585,valid,,98.0,98.0,16.0,16.0,14.0,30.0,55.0
1364,RHEA:16593,valid,,50.0,51.0,5.0,2.0,4.0,6.0,30.0
1365,RHEA:16597,valid,,61.0,63.0,7.0,4.0,5.0,9.0,40.0
1366,RHEA:16601,valid,,9.0,9.0,3.0,2.0,2.0,4.0,16.0
1367,RHEA:16609,valid,,32.0,32.0,4.0,2.0,3.0,5.0,29.0
1368,RHEA:16613,valid,,53.0,53.0,3.0,2.0,2.0,4.0,20.0
1369,RHEA:16629,valid,,56.0,56.0,3.0,2.0,2.0,4.0,20.0
1370,RHEA:16633,valid,,45.0,45.0,11.0,10.0,2.0,12.0,57.0
1371,RHEA:16641,valid,,7.0,8.0,3.0,2.0,2.0,4.0,17.0
1372,RHEA:16645,valid,,66.0,67.0,3.0,2.0,2.0,4.0,19.0
1373,RHEA:16649,valid,,55.0,56.0,11.0,7.0,7.0,14.0,56.0
1374,RHEA:16653,valid,,61.0,62.0,8.0,7.0,8.0,15.0,48.0
1375,RHEA:16657,valid,,20.0,20.0,7.0,3.0,4.0,7.0,38.0
1376,RHEA:16661,valid,,28.0,28.0,3.0,2.0,2.0,4.0,19.0
1377,RHEA:16669,valid,,56.0,57.0,9.0,7.0,9.0,16.0,52.0
1378,RHEA:16673,valid,,11.0,12.0,3.0,2.0,2.0,4.0,18.0
1379,RHEA:16677,valid,,49.0,51.0,8.0,7.0,8.0,15.0,47.0
1380,RHEA:16689,valid,,17.0,17.0,3.0,2.0,2.0,4.0,17.0
1381,RHEA:16705,valid,,68.0,69.0,8.0,7.0,8.0,15.0,47.0
1382,RHEA:16709,valid,,34.0,34.0,9.0,9.0,9.0,18.0,48.0
1383,RHEA:16729,valid,,56.0,57.0,12.0,12.0,12.0,24.0,51.0
1384,RHEA:16737,valid,,53.0,53.0,14.0,15.0,14.0,29.0,64.0
1385,RHEA:16741,valid,,60.0,60.0,3.0,2.0,2.0,4.0,20.0
1386,RHEA:16749,valid,,9.0,10.0,4.0,2.0,3.0,5.0,23.0
1387,RHEA:16757,valid,,96.0,97.0,12.0,11.0,8.0,19.0,61.0
1388,RHEA:16761,valid,,11.0,12.0,9.0,9.0,7.0,16.0,42.0
1389,RHEA:16765,valid,,60.0,61.0,8.0,7.0,8.0,15.0,50.0
1390,RHEA:16769,valid,,31.0,32.0,3.0,2.0,2.0,4.0,22.0
1391,RHEA:16773,valid,,116.0,117.0,3.0,2.0,2.0,4.0,21.0
1392,RHEA:16777,valid,,33.0,34.0,3.0,2.0,2.0,4.0,18.0
1393,RHEA:16781,valid,,52.0,53.0,3.0,2.0,2.0,4.0,18.0
1394,RHEA:16789,valid,,8.0,8.0,4.0,2.0,4.0,6.0,18.0
1395,RHEA:16793,valid,,25.0,25.0,3.0,2.0,2.0,4.0,19.0
1396,RHEA:16801,valid,,45.0,46.0,3.0,2.0,2.0,4.0,22.0
1397,RHEA:16805,valid,,36.0,36.0,6.0,6.0,2.0,8.0,31.0
1398,RHEA:16809,valid,,14.0,14.0,3.0,2.0,2.0,4.0,20.0
1399,RHEA:16813,valid,,16.0,17.0,3.0,2.0,2.0,4.0,19.0
1400,RHEA:16825,valid,,48.0,49.0,3.0,2.0,2.0,4.0,22.0
1401,RHEA:16829,valid,,6.0,7.0,4.0,3.0,4.0,7.0,17.0
1402,RHEA:16833,valid,,42.0,42.0,4.0,2.0,4.0,6.0,13.0
1403,RHEA:16841,valid,,89.0,90.0,15.0,19.0,2.0,21.0,77.0
1404,RHEA:16845,valid,,61.0,62.0,6.0,4.0,4.0,8.0,36.0
1405,RHEA:16853,valid,,31.0,31.0,3.0,2.0,2.0,4.0,19.0
1406,RHEA:16857,valid,,48.0,49.0,3.0,2.0,2.0,4.0,20.0
1407,RHEA:16861,valid,,40.0,40.0,4.0,4.0,2.0,6.0,26.0
1408,RHEA:16865,valid,,128.0,128.0,3.0,2.0,2.0,4.0,22.0
1409,RHEA:16869,valid,,24.0,24.0,5.0,4.0,2.0,6.0,28.0
1410,RHEA:16873,valid,,99.0,99.0,10.0,9.0,10.0,19.0,57.0
1411,RHEA:16877,valid,,9.0,9.0,3.0,2.0,2.0,4.0,19.0
1412,RHEA:16881,valid,,7.0,9.0,4.0,3.0,3.0,6.0,21.0
1413,RHEA:16901,valid,,59.0,60.0,3.0,2.0,2.0,4.0,22.0
1414,RHEA:16905,valid,,17.0,17.0,4.0,3.0,3.0,6.0,24.0
1415,RHEA:16913,valid,,43.0,44.0,4.0,4.0,1.0,5.0,27.0
1416,RHEA:16917,valid,,54.0,54.0,9.0,8.0,9.0,17.0,49.0
1417,RHEA:16921,zero_fallback,missing_mapping,,,,,,,
1418,RHEA:16925,valid,,87.0,88.0,3.0,2.0,2.0,4.0,19.0
1419,RHEA:16933,valid,,8.0,8.0,4.0,3.0,3.0,6.0,23.0
1420,RHEA:16945,valid,,56.0,56.0,5.0,4.0,4.0,8.0,31.0
1421,RHEA:16949,valid,,56.0,57.0,8.0,7.0,8.0,15.0,46.0
1422,RHEA:16953,valid,,26.0,26.0,4.0,4.0,2.0,6.0,26.0
1423,RHEA:16957,valid,,24.0,25.0,3.0,2.0,2.0,4.0,19.0
1424,RHEA:16961,valid,,19.0,19.0,3.0,2.0,2.0,4.0,22.0
1425,RHEA:16965,valid,,19.0,19.0,6.0,4.0,3.0,7.0,37.0
1426,RHEA:16969,valid,,35.0,35.0,0.0,0.0,0.0,0.0,0.0
1427,RHEA:16977,valid,,62.0,62.0,10.0,9.0,8.0,17.0,60.0
1428,RHEA:16981,valid,,55.0,56.0,8.0,7.0,8.0,15.0,45.0
1429,RHEA:16985,valid,,59.0,60.0,8.0,7.0,8.0,15.0,45.0
1430,RHEA:16989,valid,,37.0,37.0,6.0,4.0,3.0,7.0,24.0
1431,RHEA:17001,valid,,18.0,18.0,4.0,3.0,3.0,6.0,23.0
1432,RHEA:17005,valid,,44.0,45.0,3.0,2.0,2.0,4.0,22.0
1433,RHEA:17009,valid,,95.0,95.0,6.0,4.0,3.0,7.0,36.0
1434,RHEA:17013,valid,,10.0,10.0,5.0,4.0,1.0,5.0,30.0
1435,RHEA:17017,valid,,73.0,73.0,3.0,2.0,2.0,4.0,22.0
1436,RHEA:17021,valid,,13.0,13.0,4.0,4.0,2.0,6.0,26.0
1437,RHEA:17025,valid,,58.0,59.0,8.0,7.0,8.0,15.0,48.0
1438,RHEA:17029,valid,,12.0,13.0,3.0,2.0,2.0,4.0,19.0
1439,RHEA:17033,valid,,58.0,59.0,12.0,12.0,12.0,24.0,62.0
1440,RHEA:17037,valid,,60.0,61.0,8.0,7.0,8.0,15.0,48.0
1441,RHEA:17041,valid,,28.0,30.0,3.0,2.0,2.0,4.0,17.0
1442,RHEA:17053,valid,,28.0,28.0,9.0,10.0,2.0,12.0,47.0
1443,RHEA:17061,valid,,57.0,57.0,9.0,8.0,9.0,17.0,49.0
1444,RHEA:17065,valid,,41.0,42.0,3.0,2.0,2.0,4.0,22.0
1445,RHEA:17077,valid,,10.0,10.0,5.0,3.0,5.0,8.0,22.0
1446,RHEA:17081,valid,,39.0,40.0,3.0,2.0,2.0,4.0,19.0
1447,RHEA:17085,valid,,14.0,16.0,5.0,3.0,2.0,5.0,19.0
1448,RHEA:17089,valid,,16.0,16.0,3.0,2.0,2.0,4.0,20.0
1449,RHEA:17093,valid,,27.0,27.0,3.0,2.0,2.0,4.0,22.0
1450,RHEA:17097,valid,,12.0,12.0,3.0,2.0,2.0,4.0,19.0
1451,RHEA:17101,valid,,15.0,16.0,3.0,2.0,2.0,4.0,17.0
1452,RHEA:17105,valid,,62.0,62.0,3.0,2.0,2.0,4.0,20.0
1453,RHEA:17109,valid,,43.0,44.0,17.0,15.0,12.0,27.0,94.0
1454,RHEA:17117,valid,,43.0,44.0,6.0,4.0,3.0,7.0,33.0
1455,RHEA:17125,valid,,21.0,21.0,3.0,2.0,2.0,4.0,19.0
1456,RHEA:17129,valid,,62.0,63.0,8.0,6.0,5.0,11.0,42.0
1457,RHEA:17137,valid,,25.0,25.0,4.0,4.0,0.0,4.0,20.0
1458,RHEA:17141,valid,,14.0,14.0,3.0,2.0,2.0,4.0,21.0
1459,RHEA:17149,valid,,35.0,35.0,12.0,8.0,7.0,15.0,57.0
1460,RHEA:17153,valid,,36.0,36.0,4.0,2.0,4.0,6.0,24.0
1461,RHEA:17157,valid,,40.0,41.0,3.0,2.0,2.0,4.0,22.0
1462,RHEA:17161,valid,,17.0,18.0,7.0,6.0,2.0,8.0,36.0
1463,RHEA:17169,valid,,67.0,68.0,3.0,2.0,2.0,4.0,22.0
1464,RHEA:17173,valid,,30.0,30.0,3.0,2.0,2.0,4.0,19.0
1465,RHEA:17177,valid,,68.0,68.0,3.0,2.0,2.0,4.0,20.0
1466,RHEA:17181,valid,,36.0,38.0,11.0,7.0,7.0,14.0,54.0
1467,RHEA:17185,valid,,72.0,74.0,8.0,7.0,8.0,15.0,45.0
1468,RHEA:17193,valid,,36.0,36.0,4.0,2.0,3.0,5.0,22.0
1469,RHEA:17201,valid,,10.0,10.0,4.0,2.0,4.0,6.0,24.0
1470,RHEA:17205,valid,,57.0,58.0,3.0,2.0,2.0,4.0,22.0
1471,RHEA:17209,valid,,12.0,12.0,6.0,5.0,4.0,9.0,33.0
1472,RHEA:17213,valid,,39.0,39.0,0.0,0.0,0.0,0.0,0.0
1473,RHEA:17221,valid,,36.0,36.0,4.0,2.0,4.0,6.0,24.0
1474,RHEA:17225,valid,,26.0,28.0,9.0,7.0,9.0,16.0,49.0
1475,RHEA:17229,valid,,53.0,53.0,3.0,2.0,2.0,4.0,18.0
1476,RHEA:17233,valid,,11.0,11.0,4.0,2.0,4.0,6.0,25.0
1477,RHEA:17237,valid,,62.0,62.0,5.0,4.0,1.0,5.0,27.0
1478,RHEA:17261,valid,,17.0,18.0,3.0,2.0,2.0,4.0,17.0
1479,RHEA:17265,valid,,12.0,12.0,0.0,0.0,0.0,0.0,0.0
1480,RHEA:17269,valid,,90.0,91.0,3.0,2.0,2.0,4.0,19.0
1481,RHEA:17277,valid,,17.0,17.0,4.0,2.0,4.0,6.0,22.0
1482,RHEA:17281,valid,,11.0,11.0,3.0,2.0,2.0,4.0,19.0
1483,RHEA:17285,valid,,48.0,49.0,3.0,2.0,2.0,4.0,22.0
1484,RHEA:17289,valid,,21.0,21.0,4.0,2.0,3.0,5.0,22.0
1485,RHEA:17293,valid,,109.0,109.0,13.0,10.0,11.0,21.0,74.0
1486,RHEA:17297,valid,,66.0,67.0,6.0,3.0,4.0,7.0,31.0
1487,RHEA:17301,valid,,39.0,40.0,3.0,2.0,2.0,4.0,22.0
1488,RHEA:17305,valid,,15.0,15.0,4.0,3.0,3.0,6.0,23.0
1489,RHEA:17309,valid,,16.0,17.0,3.0,2.0,2.0,4.0,18.0
1490,RHEA:17313,valid,,65.0,66.0,7.0,4.0,4.0,8.0,42.0
1491,RHEA:17317,valid,,74.0,74.0,18.0,14.0,3.0,17.0,84.0
1492,RHEA:17321,valid,,42.0,43.0,3.0,2.0,2.0,4.0,20.0
1493,RHEA:17325,valid,,68.0,68.0,7.0,6.0,3.0,9.0,42.0
1494,RHEA:17329,valid,,55.0,56.0,8.0,7.0,8.0,15.0,46.0
1495,RHEA:17337,valid,,10.0,11.0,9.0,9.0,7.0,16.0,36.0
1496,RHEA:17341,valid,,75.0,76.0,8.0,7.0,8.0,15.0,48.0
1497,RHEA:17357,valid,,10.0,10.0,4.0,2.0,4.0,6.0,14.0
1498,RHEA:17365,valid,,33.0,34.0,3.0,2.0,2.0,4.0,18.0
1499,RHEA:17373,valid,,43.0,43.0,8.0,8.0,0.0,8.0,34.0
1500,RHEA:17389,valid,,54.0,55.0,8.0,7.0,8.0,15.0,48.0
1501,RHEA:17393,valid,,13.0,13.0,0.0,0.0,0.0,0.0,0.0
1502,RHEA:17397,valid,,83.0,84.0,8.0,7.0,8.0,15.0,48.0
1503,RHEA:17401,valid,,15.0,15.0,6.0,4.0,4.0,8.0,30.0
1504,RHEA:17409,valid,,48.0,49.0,3.0,2.0,2.0,4.0,20.0
1505,RHEA:17417,valid,,46.0,47.0,3.0,2.0,2.0,4.0,22.0
1506,RHEA:17425,valid,,102.0,102.0,10.0,9.0,8.0,17.0,59.0
1507,RHEA:17433,valid,,8.0,10.0,5.0,3.0,2.0,5.0,19.0
1508,RHEA:17441,valid,,17.0,17.0,4.0,4.0,0.0,4.0,24.0
1509,RHEA:17445,valid,,10.0,10.0,4.0,1.0,4.0,5.0,12.0
1510,RHEA:17449,valid,,34.0,34.0,6.0,4.0,3.0,7.0,41.0
1511,RHEA:17453,valid,,50.0,51.0,6.0,4.0,3.0,7.0,33.0
1512,RHEA:17457,valid,,15.0,15.0,3.0,2.0,2.0,4.0,18.0
1513,RHEA:17461,valid,,23.0,23.0,4.0,2.0,3.0,5.0,22.0
1514,RHEA:17469,valid,,50.0,50.0,3.0,2.0,2.0,4.0,20.0
1515,RHEA:17473,valid,,33.0,34.0,10.0,9.0,8.0,17.0,61.0
1516,RHEA:17477,valid,,118.0,121.0,17.0,14.0,8.0,22.0,76.0
1517,RHEA:17485,valid,,24.0,24.0,5.0,4.0,2.0,6.0,28.0
1518,RHEA:17489,valid,,58.0,58.0,14.0,15.0,14.0,29.0,57.0
1519,RHEA:17493,valid,,7.0,9.0,5.0,3.0,2.0,5.0,19.0
1520,RHEA:17501,valid,,27.0,27.0,4.0,3.0,3.0,6.0,25.0
1521,RHEA:17505,valid,,8.0,8.0,3.0,2.0,2.0,4.0,18.0
1522,RHEA:17509,valid,,19.0,20.0,3.0,2.0,2.0,4.0,19.0
1523,RHEA:17521,valid,,74.0,75.0,8.0,6.0,3.0,9.0,40.0
1524,RHEA:17525,valid,,8.0,8.0,3.0,2.0,2.0,4.0,16.0
1525,RHEA:17533,valid,,16.0,16.0,4.0,4.0,0.0,4.0,26.0
1526,RHEA:17545,valid,,57.0,57.0,9.0,5.0,6.0,11.0,41.0
1527,RHEA:17561,valid,,11.0,12.0,3.0,2.0,2.0,4.0,19.0
1528,RHEA:17569,valid,,72.0,73.0,8.0,7.0,8.0,15.0,49.0
1529,RHEA:17573,valid,,89.0,90.0,3.0,2.0,2.0,4.0,19.0
1530,RHEA:17577,valid,,40.0,40.0,0.0,0.0,0.0,0.0,0.0
1531,RHEA:17581,valid,,10.0,10.0,4.0,3.0,3.0,6.0,21.0
1532,RHEA:17593,valid,,22.0,22.0,4.0,4.0,0.0,4.0,24.0
1533,RHEA:17601,valid,,41.0,42.0,3.0,2.0,2.0,4.0,22.0
1534,RHEA:17605,valid,,69.0,70.0,6.0,4.0,3.0,7.0,34.0
1535,RHEA:17609,valid,,35.0,36.0,4.0,2.0,4.0,6.0,26.0
1536,RHEA:17613,valid,,56.0,57.0,8.0,7.0,8.0,15.0,46.0
1537,RHEA:17617,valid,,43.0,43.0,3.0,2.0,2.0,4.0,21.0
1538,RHEA:17625,valid,,64.0,65.0,9.0,8.0,9.0,17.0,54.0
1539,RHEA:17633,valid,,15.0,15.0,3.0,2.0,2.0,4.0,15.0
1540,RHEA:17637,valid,,10.0,12.0,11.0,11.0,8.0,19.0,55.0
1541,RHEA:17641,valid,,12.0,12.0,3.0,2.0,2.0,4.0,19.0
1542,RHEA:17649,valid,,39.0,39.0,3.0,2.0,2.0,4.0,20.0
1543,RHEA:17653,valid,,38.0,38.0,6.0,4.0,3.0,7.0,38.0
1544,RHEA:17657,valid,,61.0,61.0,3.0,2.0,2.0,4.0,20.0
1545,RHEA:17661,valid,,87.0,87.0,6.0,4.0,3.0,7.0,33.0
1546,RHEA:17665,valid,,49.0,50.0,3.0,2.0,2.0,4.0,22.0
1547,RHEA:17673,valid,,49.0,50.0,3.0,2.0,2.0,4.0,19.0
1548,RHEA:17681,valid,,51.0,52.0,8.0,7.0,8.0,15.0,48.0
1549,RHEA:17689,valid,,63.0,64.0,3.0,2.0,2.0,4.0,22.0
1550,RHEA:17697,valid,,24.0,24.0,3.0,2.0,2.0,4.0,22.0
1551,RHEA:17709,valid,,64.0,64.0,4.0,2.0,3.0,5.0,29.0
1552,RHEA:17713,valid,,57.0,58.0,18.0,14.0,14.0,28.0,85.0
1553,RHEA:17717,valid,,55.0,56.0,3.0,2.0,2.0,4.0,22.0
1554,RHEA:17721,valid,,106.0,106.0,10.0,6.0,6.0,12.0,52.0
1555,RHEA:17725,valid,,14.0,14.0,3.0,2.0,2.0,4.0,18.0
1556,RHEA:17729,valid,,79.0,79.0,3.0,2.0,2.0,4.0,20.0
1557,RHEA:17737,valid,,60.0,61.0,8.0,7.0,8.0,15.0,47.0
1558,RHEA:17741,valid,,56.0,57.0,8.0,7.0,8.0,15.0,47.0
1559,RHEA:17745,valid,,51.0,52.0,3.0,2.0,2.0,4.0,21.0
1560,RHEA:17749,valid,,12.0,14.0,6.0,3.0,3.0,6.0,24.0
1561,RHEA:17753,valid,,17.0,17.0,8.0,8.0,6.0,14.0,44.0
1562,RHEA:17761,valid,,51.0,52.0,8.0,7.0,8.0,15.0,46.0
1563,RHEA:17765,valid,,15.0,16.0,4.0,4.0,1.0,5.0,24.0
1564,RHEA:17769,valid,,17.0,17.0,5.0,2.0,5.0,7.0,23.0
1565,RHEA:17773,valid,,61.0,61.0,6.0,4.0,3.0,7.0,36.0
1566,RHEA:17777,valid,,21.0,22.0,3.0,2.0,2.0,4.0,17.0
1567,RHEA:17785,valid,,10.0,10.0,3.0,2.0,2.0,4.0,19.0
1568,RHEA:17789,valid,,50.0,51.0,3.0,2.0,2.0,4.0,19.0
1569,RHEA:17793,valid,,29.0,30.0,3.0,2.0,2.0,4.0,18.0
1570,RHEA:17801,valid,,63.0,64.0,3.0,2.0,2.0,4.0,22.0
1571,RHEA:17805,valid,,27.0,27.0,3.0,2.0,2.0,4.0,19.0
1572,RHEA:17809,valid,,70.0,70.0,21.0,22.0,2.0,24.0,83.0
1573,RHEA:17813,valid,,57.0,58.0,8.0,7.0,8.0,15.0,48.0
1574,RHEA:17817,valid,,97.0,98.0,6.0,6.0,2.0,8.0,36.0
1575,RHEA:17821,valid,,9.0,10.0,3.0,2.0,2.0,4.0,18.0
1576,RHEA:17825,valid,,43.0,44.0,3.0,2.0,2.0,4.0,22.0
1577,RHEA:17837,valid,,18.0,18.0,4.0,2.0,3.0,5.0,22.0
1578,RHEA:17841,valid,,49.0,50.0,3.0,2.0,2.0,4.0,22.0
1579,RHEA:17845,valid,,71.0,72.0,8.0,7.0,8.0,15.0,50.0
1580,RHEA:17849,valid,,54.0,54.0,3.0,2.0,2.0,4.0,18.0
1581,RHEA:17857,valid,,67.0,68.0,11.0,7.0,7.0,14.0,57.0
1582,RHEA:17865,valid,,58.0,59.0,10.0,8.0,8.0,16.0,53.0
1583,RHEA:17869,valid,,54.0,55.0,10.0,8.0,8.0,16.0,53.0
1584,RHEA:17873,valid,,124.0,125.0,4.0,2.0,3.0,5.0,21.0
1585,RHEA:17877,valid,,39.0,40.0,3.0,2.0,2.0,4.0,19.0
1586,RHEA:17881,valid,,17.0,17.0,3.0,2.0,2.0,4.0,17.0
1587,RHEA:17885,valid,,3.0,3.0,3.0,2.0,2.0,4.0,13.0
1588,RHEA:17889,valid,,9.0,9.0,5.0,3.0,5.0,8.0,28.0
1589,RHEA:17901,valid,,42.0,43.0,3.0,2.0,2.0,4.0,19.0
1590,RHEA:17905,valid,,51.0,52.0,8.0,7.0,8.0,15.0,48.0
1591,RHEA:17913,valid,,48.0,49.0,8.0,7.0,8.0,15.0,45.0
1592,RHEA:17921,valid,,54.0,55.0,8.0,7.0,8.0,15.0,48.0
1593,RHEA:17925,valid,,54.0,55.0,12.0,11.0,8.0,19.0,66.0
1594,RHEA:17929,valid,,55.0,56.0,3.0,2.0,2.0,4.0,22.0
1595,RHEA:17933,valid,,54.0,55.0,3.0,2.0,2.0,4.0,19.0
1596,RHEA:17937,valid,,10.0,10.0,4.0,3.0,4.0,7.0,27.0
1597,RHEA:17941,valid,,14.0,14.0,3.0,2.0,2.0,4.0,18.0
1598,RHEA:17945,zero_fallback,ValueError:RDKit could not parse mapped reaction,,,,,,,
1599,RHEA:17949,valid,,14.0,15.0,9.0,10.0,7.0,17.0,52.0
1600,RHEA:17953,valid,,13.0,13.0,11.0,13.0,9.0,22.0,55.0
1601,RHEA:17961,valid,,24.0,24.0,7.0,6.0,2.0,8.0,35.0
1602,RHEA:17969,valid,,99.0,100.0,6.0,4.0,3.0,7.0,34.0
1603,RHEA:17973,valid,,32.0,32.0,5.0,2.0,3.0,5.0,34.0
1604,RHEA:17977,valid,,92.0,95.0,15.0,15.0,15.0,30.0,52.0
1605,RHEA:17985,valid,,54.0,56.0,8.0,7.0,8.0,15.0,47.0
1606,RHEA:17989,valid,,39.0,40.0,3.0,2.0,2.0,4.0,22.0
1607,RHEA:17997,valid,,90.0,91.0,3.0,2.0,2.0,4.0,20.0
1608,RHEA:18005,valid,,56.0,57.0,8.0,7.0,8.0,15.0,48.0
1609,RHEA:18009,valid,,67.0,68.0,3.0,2.0,2.0,4.0,22.0
1610,RHEA:18017,valid,,15.0,15.0,3.0,2.0,2.0,4.0,17.0
1611,RHEA:18021,valid,,132.0,133.0,10.0,8.0,4.0,12.0,61.0
1612,RHEA:18029,valid,,67.0,69.0,9.0,8.0,4.0,12.0,40.0
1613,RHEA:18033,valid,,42.0,43.0,11.0,7.0,7.0,14.0,56.0
1614,RHEA:18037,valid,,10.0,10.0,3.0,2.0,2.0,4.0,16.0
1615,RHEA:18041,valid,,27.0,35.0,9.0,2.0,9.0,11.0,20.0
1616,RHEA:18049,valid,,22.0,22.0,4.0,4.0,2.0,6.0,26.0
1617,RHEA:18061,valid,,108.0,108.0,3.0,2.0,2.0,4.0,22.0
1618,RHEA:18065,valid,,36.0,37.0,3.0,2.0,2.0,4.0,18.0
1619,RHEA:18069,valid,,12.0,12.0,0.0,0.0,0.0,0.0,0.0
1620,RHEA:18073,valid,,12.0,14.0,9.0,8.0,6.0,14.0,42.0
1621,RHEA:18077,valid,,57.0,58.0,3.0,2.0,2.0,4.0,22.0
1622,RHEA:18081,valid,,24.0,24.0,10.0,10.0,7.0,17.0,59.0
1623,RHEA:18085,valid,,68.0,68.0,8.0,5.0,4.0,9.0,24.0
1624,RHEA:18089,valid,,14.0,14.0,4.0,3.0,3.0,6.0,21.0
1625,RHEA:18093,valid,,56.0,57.0,12.0,12.0,12.0,24.0,66.0
1626,RHEA:18105,valid,,33.0,34.0,3.0,2.0,2.0,4.0,18.0
1627,RHEA:18109,valid,,59.0,59.0,4.0,2.0,3.0,5.0,29.0
1628,RHEA:18113,valid,,49.0,49.0,4.0,4.0,0.0,4.0,22.0
1629,RHEA:18117,valid,,15.0,15.0,9.0,11.0,8.0,19.0,39.0
1630,RHEA:18121,valid,,9.0,9.0,5.0,3.0,5.0,8.0,29.0
1631,RHEA:18125,valid,,8.0,10.0,6.0,4.0,3.0,7.0,22.0
1632,RHEA:18133,valid,,36.0,36.0,5.0,4.0,1.0,5.0,31.0
1633,RHEA:18145,valid,,43.0,44.0,3.0,2.0,2.0,4.0,22.0
1634,RHEA:18149,valid,,20.0,20.0,3.0,2.0,2.0,4.0,18.0
1635,RHEA:18157,valid,,37.0,38.0,7.0,7.0,2.0,9.0,38.0
1636,RHEA:18161,valid,,114.0,114.0,3.0,2.0,2.0,4.0,22.0
1637,RHEA:18165,valid,,58.0,58.0,14.0,17.0,14.0,31.0,67.0
1638,RHEA:18177,valid,,97.0,98.0,8.0,7.0,8.0,15.0,47.0
1639,RHEA:18181,valid,,57.0,58.0,6.0,4.0,4.0,8.0,37.0
1640,RHEA:18197,valid,,9.0,9.0,3.0,2.0,3.0,5.0,19.0
1641,RHEA:18201,valid,,32.0,32.0,9.0,9.0,9.0,18.0,48.0
1642,RHEA:18209,valid,,19.0,19.0,8.0,8.0,4.0,12.0,49.0
1643,RHEA:18213,valid,,45.0,45.0,5.0,4.0,1.0,5.0,27.0
1644,RHEA:18229,valid,,49.0,50.0,8.0,7.0,8.0,15.0,48.0
1645,RHEA:18237,valid,,13.0,14.0,10.0,10.0,8.0,18.0,44.0
1646,RHEA:18241,valid,,10.0,10.0,3.0,2.0,2.0,4.0,18.0
1647,RHEA:18245,valid,,75.0,76.0,3.0,2.0,2.0,4.0,22.0
1648,RHEA:18253,valid,,57.0,57.0,11.0,9.0,10.0,19.0,63.0
1649,RHEA:18257,valid,,50.0,50.0,18.0,18.0,9.0,27.0,63.0
1650,RHEA:18261,valid,,94.0,96.0,5.0,4.0,2.0,6.0,30.0
1651,RHEA:18265,valid,,101.0,102.0,8.0,7.0,8.0,15.0,47.0
1652,RHEA:18273,valid,,9.0,9.0,5.0,4.0,4.0,8.0,24.0
1653,RHEA:18277,valid,,29.0,30.0,3.0,2.0,2.0,4.0,17.0
1654,RHEA:18281,valid,,52.0,53.0,8.0,7.0,8.0,15.0,43.0
1655,RHEA:18285,valid,,13.0,13.0,3.0,2.0,2.0,4.0,18.0
1656,RHEA:18289,valid,,10.0,10.0,4.0,2.0,4.0,6.0,20.0
1657,RHEA:18293,valid,,85.0,85.0,6.0,4.0,3.0,7.0,36.0
1658,RHEA:18297,valid,,14.0,14.0,3.0,2.0,2.0,4.0,18.0
1659,RHEA:18309,valid,,10.0,10.0,3.0,2.0,2.0,4.0,18.0
1660,RHEA:18313,valid,,10.0,10.0,3.0,2.0,2.0,4.0,19.0
1661,RHEA:18317,valid,,6.0,6.0,0.0,0.0,0.0,0.0,0.0
1662,RHEA:18321,valid,,19.0,19.0,4.0,4.0,0.0,4.0,24.0
1663,RHEA:18325,valid,,24.0,24.0,8.0,6.0,7.0,13.0,50.0
1664,RHEA:18337,valid,,22.0,22.0,3.0,2.0,2.0,4.0,19.0
1665,RHEA:18341,valid,,11.0,12.0,3.0,2.0,2.0,4.0,18.0
1666,RHEA:18345,valid,,7.0,7.0,4.0,4.0,0.0,4.0,22.0
1667,RHEA:18349,valid,,63.0,63.0,6.0,4.0,3.0,7.0,36.0
1668,RHEA:18353,valid,,34.0,35.0,4.0,2.0,3.0,5.0,21.0
1669,RHEA:18357,valid,,58.0,59.0,8.0,7.0,8.0,15.0,47.0
1670,RHEA:18365,valid,,53.0,53.0,11.0,9.0,10.0,19.0,63.0
1671,RHEA:18369,valid,,12.0,12.0,4.0,2.0,4.0,6.0,18.0
1672,RHEA:18373,valid,,62.0,63.0,6.0,6.0,1.0,7.0,32.0
1673,RHEA:18377,valid,,71.0,72.0,3.0,2.0,2.0,4.0,22.0
1674,RHEA:18381,valid,,16.0,16.0,5.0,5.0,2.0,7.0,31.0
1675,RHEA:18385,valid,,73.0,77.0,16.0,10.0,11.0,21.0,40.0
1676,RHEA:18393,valid,,13.0,13.0,4.0,4.0,2.0,6.0,26.0
1677,RHEA:18401,valid,,44.0,45.0,14.0,9.0,9.0,18.0,72.0
1678,RHEA:18405,valid,,51.0,52.0,9.0,8.0,9.0,17.0,51.0
1679,RHEA:18409,valid,,77.0,78.0,8.0,7.0,8.0,15.0,46.0
1680,RHEA:18417,valid,,87.0,88.0,3.0,2.0,2.0,4.0,22.0
1681,RHEA:18421,valid,,71.0,71.0,3.0,2.0,2.0,4.0,20.0
1682,RHEA:18425,valid,,61.0,62.0,8.0,7.0,8.0,15.0,46.0
1683,RHEA:18437,valid,,64.0,65.0,3.0,2.0,2.0,4.0,21.0
1684,RHEA:18441,valid,,14.0,14.0,13.0,14.0,12.0,26.0,63.0
1685,RHEA:18445,valid,,24.0,24.0,7.0,6.0,5.0,11.0,43.0
1686,RHEA:18449,valid,,6.0,9.0,6.0,4.0,2.0,6.0,21.0
1687,RHEA:18457,valid,,14.0,15.0,6.0,6.0,3.0,9.0,35.0
1688,RHEA:18461,valid,,68.0,68.0,3.0,2.0,2.0,4.0,20.0
1689,RHEA:18469,valid,,61.0,62.0,3.0,2.0,2.0,4.0,22.0
1690,RHEA:18473,valid,,53.0,53.0,6.0,3.0,3.0,6.0,40.0
1691,RHEA:18493,valid,,61.0,62.0,3.0,2.0,2.0,4.0,22.0
1692,RHEA:18497,valid,,14.0,14.0,0.0,0.0,0.0,0.0,0.0
1693,RHEA:18501,valid,,77.0,78.0,8.0,7.0,8.0,15.0,47.0
1694,RHEA:18509,valid,,46.0,46.0,8.0,7.0,8.0,15.0,40.0
1695,RHEA:18521,valid,,47.0,48.0,3.0,2.0,2.0,4.0,19.0
1696,RHEA:18525,valid,,54.0,55.0,8.0,7.0,8.0,15.0,48.0
1697,RHEA:18529,valid,,50.0,51.0,8.0,7.0,8.0,15.0,48.0
1698,RHEA:18533,valid,,16.0,16.0,3.0,2.0,2.0,4.0,19.0
1699,RHEA:18537,valid,,54.0,56.0,8.0,7.0,8.0,15.0,47.0
1700,RHEA:18561,valid,,78.0,79.0,8.0,7.0,8.0,15.0,47.0
1701,RHEA:18565,zero_fallback,missing_mapping,,,,,,,
1702,RHEA:18577,valid,,42.0,43.0,3.0,2.0,2.0,4.0,19.0
1703,RHEA:18585,valid,,10.0,10.0,4.0,2.0,4.0,6.0,25.0
1704,RHEA:18589,valid,,45.0,45.0,4.0,2.0,3.0,5.0,29.0
1705,RHEA:18593,valid,,25.0,25.0,3.0,2.0,2.0,4.0,19.0
1706,RHEA:18597,valid,,46.0,46.0,8.0,6.0,8.0,14.0,38.0
1707,RHEA:18609,valid,,20.0,21.0,3.0,2.0,2.0,4.0,21.0
1708,RHEA:18613,valid,,14.0,14.0,4.0,3.0,3.0,6.0,20.0
1709,RHEA:18617,valid,,40.0,40.0,9.0,9.0,2.0,11.0,47.0
1710,RHEA:18621,valid,,38.0,38.0,6.0,6.0,2.0,8.0,31.0
1711,RHEA:18625,valid,,60.0,61.0,8.0,7.0,8.0,15.0,46.0
1712,RHEA:18629,valid,,75.0,76.0,3.0,2.0,2.0,4.0,22.0
1713,RHEA:18633,valid,,77.0,79.0,11.0,8.0,5.0,13.0,46.0
1714,RHEA:18637,valid,,49.0,49.0,7.0,6.0,7.0,13.0,39.0
1715,RHEA:18645,valid,,12.0,12.0,3.0,2.0,2.0,4.0,17.0
1716,RHEA:18649,valid,,13.0,13.0,4.0,2.0,4.0,6.0,22.0
1717,RHEA:18653,valid,,10.0,10.0,7.0,7.0,7.0,14.0,37.0
1718,RHEA:18657,valid,,55.0,56.0,8.0,7.0,8.0,15.0,48.0
1719,RHEA:18661,valid,,63.0,64.0,9.0,8.0,9.0,17.0,53.0
1720,RHEA:18669,valid,,20.0,20.0,3.0,2.0,2.0,4.0,19.0
1721,RHEA:18673,valid,,39.0,40.0,3.0,2.0,2.0,4.0,22.0
1722,RHEA:18681,valid,,49.0,49.0,4.0,2.0,3.0,5.0,26.0
1723,RHEA:18685,valid,,62.0,62.0,16.0,16.0,15.0,31.0,63.0
1724,RHEA:18689,valid,,23.0,24.0,3.0,2.0,2.0,4.0,17.0
1725,RHEA:18693,valid,,18.0,18.0,3.0,2.0,2.0,4.0,18.0
1726,RHEA:18697,valid,,13.0,13.0,3.0,2.0,2.0,4.0,17.0
1727,RHEA:18701,valid,,7.0,10.0,5.0,1.0,4.0,5.0,17.0
1728,RHEA:18721,valid,,30.0,30.0,10.0,9.0,8.0,17.0,60.0
1729,RHEA:18725,valid,,62.0,62.0,3.0,2.0,2.0,4.0,20.0
1730,RHEA:18737,valid,,33.0,35.0,7.0,5.0,5.0,10.0,30.0
1731,RHEA:18741,valid,,87.0,87.0,3.0,2.0,2.0,4.0,20.0
1732,RHEA:18749,valid,,60.0,61.0,8.0,7.0,8.0,15.0,43.0
1733,RHEA:18753,valid,,64.0,65.0,8.0,7.0,8.0,15.0,43.0
1734,RHEA:18765,valid,,46.0,46.0,4.0,4.0,0.0,4.0,22.0
1735,RHEA:18769,valid,,14.0,14.0,3.0,2.0,2.0,4.0,19.0
1736,RHEA:18773,valid,,9.0,10.0,3.0,2.0,2.0,4.0,16.0
1737,RHEA:18777,valid,,3.0,3.0,2.0,1.0,2.0,3.0,10.0
1738,RHEA:18781,valid,,54.0,54.0,3.0,2.0,2.0,4.0,19.0
1739,RHEA:18789,valid,,16.0,16.0,0.0,0.0,0.0,0.0,0.0
1740,RHEA:18793,valid,,14.0,14.0,3.0,2.0,2.0,4.0,22.0
1741,RHEA:18813,valid,,15.0,15.0,5.0,4.0,2.0,6.0,27.0
1742,RHEA:18821,valid,,58.0,58.0,3.0,2.0,2.0,4.0,20.0
1743,RHEA:18829,valid,,57.0,58.0,8.0,7.0,8.0,15.0,48.0
1744,RHEA:18833,valid,,57.0,59.0,8.0,7.0,8.0,15.0,46.0
1745,RHEA:18841,valid,,55.0,56.0,8.0,7.0,8.0,15.0,48.0
1746,RHEA:18845,valid,,51.0,52.0,8.0,7.0,8.0,15.0,48.0
1747,RHEA:18849,valid,,59.0,60.0,11.0,7.0,7.0,14.0,56.0
1748,RHEA:18853,valid,,54.0,55.0,8.0,7.0,8.0,15.0,48.0
1749,RHEA:18857,valid,,60.0,61.0,11.0,7.0,7.0,14.0,57.0
1750,RHEA:18861,valid,,47.0,48.0,3.0,2.0,2.0,4.0,19.0
1751,RHEA:18865,valid,,75.0,75.0,3.0,2.0,2.0,4.0,22.0
1752,RHEA:18869,valid,,41.0,42.0,3.0,2.0,2.0,4.0,22.0
1753,RHEA:18885,valid,,86.0,87.0,8.0,7.0,8.0,15.0,46.0
1754,RHEA:18889,valid,,52.0,53.0,3.0,2.0,2.0,4.0,21.0
1755,RHEA:18893,valid,,74.0,75.0,3.0,2.0,2.0,4.0,21.0
1756,RHEA:18897,valid,,26.0,27.0,5.0,3.0,3.0,6.0,19.0
1757,RHEA:18905,valid,,8.0,9.0,3.0,2.0,2.0,4.0,18.0
1758,RHEA:18909,valid,,37.0,37.0,3.0,2.0,2.0,4.0,20.0
1759,RHEA:18913,valid,,112.0,113.0,4.0,4.0,1.0,5.0,27.0
1760,RHEA:18925,valid,,60.0,61.0,8.0,7.0,8.0,15.0,48.0
1761,RHEA:18933,valid,,80.0,80.0,3.0,2.0,2.0,4.0,18.0
1762,RHEA:18937,valid,,11.0,11.0,3.0,2.0,2.0,4.0,18.0
1763,RHEA:18941,valid,,60.0,61.0,8.0,7.0,8.0,15.0,48.0
1764,RHEA:18945,valid,,21.0,21.0,6.0,6.0,2.0,8.0,31.0
1765,RHEA:18949,valid,,54.0,55.0,11.0,7.0,7.0,14.0,57.0
1766,RHEA:18953,valid,,65.0,66.0,10.0,7.0,10.0,17.0,61.0
1767,RHEA:18957,zero_fallback,ValueError:RDKit could not parse mapped reaction,,,,,,,
1768,RHEA:18965,valid,,61.0,61.0,7.0,6.0,2.0,8.0,35.0
1769,RHEA:18969,valid,,5.0,5.0,4.0,3.0,2.0,5.0,19.0
1770,RHEA:18973,valid,,41.0,41.0,6.0,6.0,2.0,8.0,31.0
1771,RHEA:18977,valid,,22.0,22.0,10.0,9.0,10.0,19.0,31.0
1772,RHEA:18981,valid,,57.0,58.0,8.0,7.0,8.0,15.0,47.0
1773,RHEA:18985,valid,,16.0,16.0,5.0,6.0,0.0,6.0,32.0
1774,RHEA:18993,valid,,22.0,22.0,3.0,2.0,2.0,4.0,17.0
1775,RHEA:18997,valid,,40.0,40.0,5.0,4.0,1.0,5.0,27.0
1776,RHEA:19009,valid,,10.0,11.0,3.0,2.0,2.0,4.0,18.0
1777,RHEA:19017,valid,,76.0,77.0,6.0,4.0,4.0,8.0,36.0
1778,RHEA:19021,valid,,62.0,63.0,3.0,2.0,2.0,4.0,22.0
1779,RHEA:19025,valid,,12.0,12.0,5.0,3.0,5.0,8.0,21.0
1780,RHEA:19029,valid,,8.0,8.0,6.0,5.0,4.0,9.0,24.0
1781,RHEA:19033,valid,,15.0,15.0,0.0,0.0,0.0,0.0,0.0
1782,RHEA:19037,valid,,8.0,8.0,3.0,2.0,2.0,4.0,16.0
1783,RHEA:19041,valid,,62.0,63.0,11.0,7.0,7.0,14.0,57.0
1784,RHEA:19045,valid,,58.0,59.0,7.0,6.0,4.0,10.0,39.0
1785,RHEA:19049,valid,,43.0,44.0,3.0,2.0,2.0,4.0,22.0
1786,RHEA:19053,valid,,55.0,56.0,4.0,3.0,3.0,6.0,26.0
1787,RHEA:19057,valid,,46.0,46.0,4.0,2.0,4.0,6.0,20.0
1788,RHEA:19061,valid,,52.0,53.0,10.0,9.0,8.0,17.0,56.0
1789,RHEA:19069,valid,,25.0,25.0,4.0,2.0,4.0,6.0,25.0
1790,RHEA:19073,valid,,39.0,40.0,3.0,2.0,2.0,4.0,22.0
1791,RHEA:19081,valid,,4.0,5.0,3.0,2.0,2.0,4.0,14.0
1792,RHEA:19085,valid,,45.0,45.0,4.0,4.0,2.0,6.0,26.0
1793,RHEA:19089,valid,,87.0,88.0,16.0,16.0,7.0,23.0,63.0
1794,RHEA:19093,valid,,63.0,63.0,14.0,12.0,4.0,16.0,56.0
1795,RHEA:19105,valid,,51.0,53.0,8.0,7.0,8.0,15.0,47.0
1796,RHEA:19117,valid,,37.0,37.0,7.0,2.0,7.0,9.0,30.0
1797,RHEA:19121,valid,,53.0,54.0,4.0,2.0,3.0,5.0,21.0
1798,RHEA:19125,valid,,12.0,12.0,4.0,4.0,2.0,6.0,26.0
1799,RHEA:19129,valid,,48.0,49.0,3.0,2.0,2.0,4.0,22.0
1800,RHEA:19141,valid,,21.0,21.0,0.0,0.0,0.0,0.0,0.0
1801,RHEA:19149,valid,,57.0,58.0,3.0,2.0,2.0,4.0,22.0
1802,RHEA:19157,valid,,11.0,11.0,4.0,2.0,4.0,6.0,22.0
1803,RHEA:19165,valid,,59.0,60.0,3.0,2.0,2.0,4.0,21.0
1804,RHEA:19169,valid,,7.0,7.0,4.0,3.0,4.0,7.0,25.0
1805,RHEA:19173,valid,,56.0,56.0,14.0,14.0,12.0,26.0,64.0
1806,RHEA:19177,valid,,10.0,10.0,3.0,2.0,2.0,4.0,20.0
1807,RHEA:19181,valid,,106.0,106.0,10.0,6.0,6.0,12.0,52.0
1808,RHEA:19189,valid,,28.0,28.0,5.0,4.0,2.0,6.0,30.0
1809,RHEA:19193,valid,,22.0,24.0,5.0,3.0,2.0,5.0,21.0
1810,RHEA:19197,valid,,28.0,30.0,3.0,2.0,2.0,4.0,19.0
1811,RHEA:19201,valid,,50.0,51.0,3.0,2.0,2.0,4.0,22.0
1812,RHEA:19205,valid,,30.0,30.0,9.0,6.0,5.0,11.0,46.0
1813,RHEA:19209,valid,,70.0,71.0,8.0,7.0,8.0,15.0,47.0
1814,RHEA:19213,valid,,59.0,60.0,3.0,2.0,2.0,4.0,22.0
1815,RHEA:19217,valid,,19.0,20.0,3.0,2.0,2.0,4.0,18.0
1816,RHEA:19221,valid,,5.0,6.0,5.0,3.0,5.0,8.0,20.0
1817,RHEA:19225,valid,,64.0,65.0,4.0,1.0,4.0,5.0,27.0
1818,RHEA:19229,valid,,83.0,84.0,11.0,9.0,9.0,18.0,64.0
1819,RHEA:19233,valid,,26.0,27.0,3.0,2.0,2.0,4.0,19.0
1820,RHEA:19245,valid,,8.0,8.0,3.0,2.0,2.0,4.0,20.0
1821,RHEA:19253,valid,,35.0,36.0,3.0,2.0,2.0,4.0,19.0
1822,RHEA:19257,valid,,52.0,53.0,8.0,7.0,8.0,15.0,46.0
1823,RHEA:19261,valid,,75.0,76.0,4.0,2.0,3.0,5.0,21.0
1824,RHEA:19265,valid,,55.0,56.0,8.0,7.0,8.0,15.0,48.0
1825,RHEA:19273,valid,,26.0,26.0,9.0,6.0,5.0,11.0,51.0
1826,RHEA:19277,valid,,72.0,72.0,6.0,4.0,3.0,7.0,36.0
1827,RHEA:19281,valid,,51.0,52.0,17.0,12.0,10.0,22.0,85.0
1828,RHEA:19289,valid,,28.0,28.0,3.0,2.0,2.0,4.0,17.0
1829,RHEA:19293,valid,,39.0,40.0,3.0,2.0,1.0,3.0,20.0
1830,RHEA:19297,valid,,48.0,49.0,6.0,4.0,3.0,7.0,34.0
1831,RHEA:19301,valid,,35.0,36.0,3.0,2.0,2.0,4.0,20.0
1832,RHEA:19305,zero_fallback,missing_mapping,,,,,,,
1833,RHEA:19309,valid,,23.0,23.0,4.0,2.0,3.0,5.0,22.0
1834,RHEA:19313,valid,,74.0,75.0,4.0,4.0,1.0,5.0,27.0
1835,RHEA:19317,valid,,54.0,56.0,7.0,4.0,5.0,9.0,40.0
1836,RHEA:19329,valid,,67.0,68.0,3.0,2.0,2.0,4.0,21.0
1837,RHEA:19333,valid,,53.0,53.0,3.0,2.0,2.0,4.0,18.0
1838,RHEA:19341,valid,,12.0,12.0,5.0,2.0,5.0,7.0,19.0
1839,RHEA:19345,valid,,34.0,34.0,4.0,2.0,3.0,5.0,29.0
1840,RHEA:19353,valid,,34.0,34.0,3.0,2.0,2.0,4.0,19.0
1841,RHEA:19361,valid,,33.0,33.0,6.0,4.0,3.0,7.0,38.0
1842,RHEA:19365,valid,,45.0,46.0,3.0,2.0,2.0,4.0,22.0
1843,RHEA:19369,valid,,39.0,40.0,3.0,2.0,2.0,4.0,20.0
1844,RHEA:19373,valid,,68.0,69.0,9.0,8.0,9.0,17.0,54.0
1845,RHEA:19377,valid,,75.0,77.0,14.0,11.0,10.0,21.0,70.0
1846,RHEA:19385,valid,,62.0,63.0,3.0,2.0,2.0,4.0,21.0
1847,RHEA:19389,valid,,93.0,93.0,6.0,4.0,3.0,7.0,33.0
1848,RHEA:19397,valid,,55.0,56.0,6.0,4.0,3.0,7.0,37.0
1849,RHEA:19401,valid,,46.0,47.0,8.0,7.0,8.0,15.0,44.0
1850,RHEA:19405,valid,,64.0,64.0,4.0,4.0,0.0,4.0,23.0
1851,RHEA:19409,valid,,73.0,74.0,8.0,7.0,8.0,15.0,46.0
1852,RHEA:19413,valid,,66.0,67.0,7.0,4.0,4.0,8.0,42.0
1853,RHEA:19421,valid,,11.0,11.0,3.0,2.0,2.0,4.0,20.0
1854,RHEA:19429,valid,,33.0,34.0,3.0,2.0,2.0,4.0,20.0
1855,RHEA:19433,valid,,44.0,45.0,3.0,2.0,2.0,4.0,22.0
1856,RHEA:19453,valid,,16.0,16.0,4.0,4.0,0.0,4.0,24.0
1857,RHEA:19461,valid,,70.0,71.0,3.0,2.0,2.0,4.0,22.0
1858,RHEA:19465,valid,,56.0,57.0,13.0,13.0,12.0,25.0,52.0
1859,RHEA:19469,valid,,52.0,53.0,14.0,14.0,12.0,26.0,51.0
1860,RHEA:19473,valid,,56.0,56.0,9.0,8.0,9.0,17.0,49.0
1861,RHEA:19477,valid,,60.0,60.0,9.0,8.0,9.0,17.0,49.0
1862,RHEA:19481,valid,,106.0,106.0,5.0,4.0,2.0,6.0,31.0
1863,RHEA:19493,valid,,28.0,28.0,5.0,4.0,2.0,6.0,30.0
1864,RHEA:19497,valid,,9.0,9.0,3.0,2.0,2.0,4.0,19.0
1865,RHEA:19501,valid,,11.0,11.0,4.0,3.0,3.0,6.0,23.0
1866,RHEA:19509,valid,,113.0,115.0,18.0,17.0,16.0,33.0,68.0
1867,RHEA:19513,valid,,17.0,18.0,3.0,2.0,2.0,4.0,21.0
1868,RHEA:19517,valid,,6.0,6.0,4.0,3.0,3.0,6.0,21.0
1869,RHEA:19521,valid,,56.0,56.0,3.0,2.0,2.0,4.0,20.0
1870,RHEA:19525,valid,,24.0,24.0,6.0,4.0,6.0,10.0,43.0
1871,RHEA:19533,valid,,21.0,21.0,6.0,5.0,5.0,10.0,25.0
1872,RHEA:19537,valid,,17.0,17.0,3.0,2.0,2.0,4.0,17.0
1873,RHEA:19541,valid,,62.0,63.0,8.0,7.0,8.0,15.0,50.0
1874,RHEA:19545,valid,,17.0,18.0,3.0,2.0,2.0,4.0,19.0
1875,RHEA:19553,valid,,16.0,16.0,5.0,3.0,5.0,8.0,30.0
1876,RHEA:19565,valid,,20.0,20.0,10.0,9.0,6.0,15.0,61.0
1877,RHEA:19569,valid,,51.0,52.0,3.0,2.0,2.0,4.0,20.0
1878,RHEA:19577,valid,,57.0,58.0,4.0,2.0,3.0,5.0,28.0
1879,RHEA:19585,valid,,71.0,72.0,8.0,7.0,8.0,15.0,47.0
1880,RHEA:19597,valid,,13.0,13.0,3.0,2.0,2.0,4.0,16.0
1881,RHEA:19605,valid,,64.0,65.0,3.0,2.0,2.0,4.0,18.0
1882,RHEA:19609,zero_fallback,missing_mapping,,,,,,,
1883,RHEA:19613,valid,,30.0,30.0,3.0,2.0,2.0,4.0,18.0
1884,RHEA:19621,valid,,14.0,15.0,3.0,2.0,2.0,4.0,19.0
1885,RHEA:19625,valid,,8.0,8.0,3.0,2.0,2.0,4.0,18.0
1886,RHEA:19629,valid,,61.0,61.0,11.0,9.0,10.0,19.0,63.0
1887,RHEA:19633,valid,,55.0,56.0,9.0,8.0,9.0,17.0,51.0
1888,RHEA:19637,valid,,70.0,71.0,9.0,8.0,9.0,17.0,54.0
1889,RHEA:19641,valid,,91.0,91.0,6.0,4.0,3.0,7.0,36.0
1890,RHEA:19645,valid,,55.0,56.0,8.0,7.0,8.0,15.0,46.0
1891,RHEA:19649,valid,,63.0,63.0,6.0,4.0,3.0,7.0,36.0
1892,RHEA:19661,valid,,60.0,61.0,8.0,7.0,8.0,15.0,50.0
1893,RHEA:19669,valid,,33.0,34.0,4.0,2.0,3.0,5.0,21.0
1894,RHEA:19677,valid,,46.0,46.0,13.0,15.0,0.0,15.0,46.0
1895,RHEA:19685,valid,,71.0,72.0,3.0,2.0,2.0,4.0,22.0
1896,RHEA:19689,valid,,15.0,15.0,3.0,2.0,2.0,4.0,19.0
1897,RHEA:19693,valid,,58.0,60.0,10.0,7.0,10.0,17.0,60.0
1898,RHEA:19709,valid,,64.0,64.0,3.0,2.0,2.0,4.0,20.0
1899,RHEA:19713,valid,,101.0,101.0,6.0,4.0,3.0,7.0,36.0
1900,RHEA:19717,valid,,12.0,12.0,3.0,2.0,2.0,4.0,19.0
1901,RHEA:19721,valid,,71.0,71.0,6.0,2.0,6.0,8.0,16.0
1902,RHEA:19729,valid,,7.0,7.0,3.0,2.0,2.0,4.0,19.0
1903,RHEA:19737,valid,,17.0,17.0,3.0,2.0,2.0,4.0,19.0
1904,RHEA:19745,valid,,26.0,27.0,5.0,3.0,3.0,6.0,19.0
1905,RHEA:19753,valid,,54.0,55.0,5.0,4.0,3.0,7.0,31.0
1906,RHEA:19765,valid,,6.0,6.0,4.0,2.0,4.0,6.0,24.0
1907,RHEA:19785,valid,,26.0,26.0,7.0,6.0,3.0,9.0,39.0
1908,RHEA:19797,valid,,25.0,25.0,3.0,2.0,2.0,4.0,17.0
1909,RHEA:19801,valid,,53.0,53.0,5.0,4.0,1.0,5.0,27.0
1910,RHEA:19805,valid,,25.0,25.0,3.0,2.0,2.0,4.0,22.0
1911,RHEA:19809,valid,,10.0,10.0,6.0,5.0,4.0,9.0,28.0
1912,RHEA:19813,valid,,15.0,15.0,4.0,4.0,2.0,6.0,26.0
1913,RHEA:19817,valid,,81.0,82.0,8.0,7.0,8.0,15.0,47.0
1914,RHEA:19821,valid,,77.0,78.0,8.0,7.0,8.0,15.0,47.0
1915,RHEA:19825,valid,,24.0,24.0,10.0,8.0,7.0,15.0,59.0
1916,RHEA:19829,valid,,5.0,5.0,4.0,2.0,4.0,6.0,17.0
1917,RHEA:19833,valid,,35.0,36.0,3.0,2.0,2.0,4.0,18.0
1918,RHEA:19837,valid,,60.0,61.0,8.0,7.0,8.0,15.0,50.0
1919,RHEA:19841,valid,,64.0,65.0,5.0,2.0,5.0,7.0,25.0
1920,RHEA:19845,valid,,56.0,57.0,3.0,2.0,2.0,4.0,21.0
1921,RHEA:19849,valid,,49.0,50.0,6.0,4.0,4.0,8.0,39.0
1922,RHEA:19865,valid,,60.0,60.0,20.0,16.0,8.0,24.0,29.0
1923,RHEA:19869,valid,,56.0,57.0,3.0,2.0,2.0,4.0,22.0
1924,RHEA:19873,valid,,26.0,27.0,3.0,2.0,2.0,4.0,18.0
1925,RHEA:19877,valid,,58.0,59.0,4.0,4.0,1.0,5.0,27.0
1926,RHEA:19885,valid,,26.0,27.0,5.0,2.0,5.0,7.0,27.0
1927,RHEA:19889,valid,,45.0,45.0,5.0,4.0,1.0,5.0,29.0
1928,RHEA:19893,valid,,45.0,45.0,4.0,4.0,0.0,4.0,22.0
1929,RHEA:19897,zero_fallback,missing_mapping,,,,,,,
1930,RHEA:19909,valid,,8.0,10.0,4.0,1.0,4.0,5.0,16.0
1931,RHEA:19913,valid,,79.0,80.0,8.0,7.0,8.0,15.0,48.0
1932,RHEA:19921,valid,,62.0,63.0,8.0,7.0,8.0,15.0,48.0
1933,RHEA:19933,valid,,17.0,17.0,3.0,2.0,2.0,4.0,17.0
1934,RHEA:19937,valid,,32.0,33.0,3.0,2.0,2.0,4.0,20.0
1935,RHEA:19941,valid,,47.0,48.0,3.0,2.0,2.0,4.0,19.0
1936,RHEA:19945,zero_fallback,missing_mapping,,,,,,,
1937,RHEA:19949,valid,,32.0,32.0,4.0,2.0,3.0,5.0,29.0
1938,RHEA:19961,valid,,23.0,23.0,4.0,4.0,0.0,4.0,20.0
1939,RHEA:19965,valid,,8.0,9.0,3.0,2.0,2.0,4.0,19.0
1940,RHEA:19973,valid,,34.0,35.0,3.0,2.0,2.0,4.0,22.0
1941,RHEA:19981,valid,,70.0,71.0,8.0,7.0,8.0,15.0,48.0
1942,RHEA:19985,valid,,66.0,67.0,8.0,7.0,8.0,15.0,48.0
1943,RHEA:19989,valid,,15.0,15.0,4.0,2.0,4.0,6.0,26.0
1944,RHEA:19993,valid,,26.0,26.0,4.0,2.0,3.0,5.0,18.0
1945,RHEA:19997,valid,,11.0,11.0,4.0,3.0,3.0,6.0,24.0
1946,RHEA:20001,valid,,49.0,51.0,8.0,7.0,8.0,15.0,46.0
1947,RHEA:20005,valid,,15.0,15.0,3.0,2.0,2.0,4.0,17.0
1948,RHEA:20009,valid,,42.0,43.0,3.0,2.0,2.0,4.0,22.0
1949,RHEA:20013,valid,,17.0,18.0,3.0,2.0,2.0,4.0,21.0
1950,RHEA:20017,valid,,55.0,55.0,3.0,1.0,3.0,4.0,19.0
1951,RHEA:20021,valid,,28.0,28.0,6.0,6.0,2.0,8.0,31.0
1952,RHEA:20033,valid,,24.0,24.0,0.0,0.0,0.0,0.0,0.0
1953,RHEA:20037,valid,,64.0,65.0,8.0,7.0,8.0,15.0,48.0
1954,RHEA:20049,valid,,37.0,37.0,8.0,7.0,6.0,13.0,51.0
1955,RHEA:20053,valid,,54.0,55.0,8.0,7.0,8.0,15.0,48.0
1956,RHEA:20057,valid,,10.0,10.0,4.0,3.0,3.0,6.0,21.0
1957,RHEA:20061,valid,,38.0,39.0,3.0,2.0,2.0,4.0,22.0
1958,RHEA:20065,valid,,33.0,34.0,7.0,6.0,3.0,9.0,38.0
1959,RHEA:20069,valid,,10.0,10.0,3.0,2.0,2.0,4.0,17.0
1960,RHEA:20073,valid,,8.0,8.0,3.0,2.0,2.0,4.0,18.0
1961,RHEA:20077,valid,,52.0,53.0,3.0,2.0,2.0,4.0,19.0
1962,RHEA:20085,valid,,92.0,92.0,3.0,2.0,2.0,4.0,20.0
1963,RHEA:20093,valid,,58.0,58.0,4.0,2.0,3.0,5.0,26.0
1964,RHEA:20097,valid,,13.0,13.0,4.0,2.0,4.0,6.0,22.0
1965,RHEA:20101,valid,,43.0,43.0,6.0,4.0,3.0,7.0,36.0
1966,RHEA:20105,valid,,43.0,44.0,3.0,2.0,2.0,4.0,22.0
1967,RHEA:20109,valid,,49.0,49.0,4.0,4.0,0.0,4.0,22.0
1968,RHEA:20113,valid,,16.0,16.0,3.0,2.0,2.0,4.0,22.0
1969,RHEA:20117,valid,,42.0,43.0,3.0,2.0,2.0,4.0,22.0
1970,RHEA:20121,valid,,64.0,64.0,6.0,4.0,3.0,7.0,36.0
1971,RHEA:20125,valid,,56.0,56.0,8.0,6.0,8.0,14.0,42.0
1972,RHEA:20129,valid,,24.0,24.0,3.0,2.0,2.0,4.0,19.0
1973,RHEA:20133,valid,,59.0,60.0,8.0,7.0,8.0,15.0,48.0
1974,RHEA:20137,valid,,90.0,90.0,3.0,2.0,2.0,4.0,20.0
1975,RHEA:20141,valid,,9.0,9.0,4.0,3.0,2.0,5.0,23.0
1976,RHEA:20149,valid,,57.0,58.0,11.0,7.0,7.0,14.0,57.0
1977,RHEA:20153,valid,,41.0,42.0,3.0,2.0,2.0,4.0,22.0
1978,RHEA:20161,valid,,46.0,46.0,4.0,4.0,0.0,4.0,24.0
1979,RHEA:20189,valid,,52.0,53.0,12.0,12.0,12.0,24.0,66.0
1980,RHEA:20193,valid,,58.0,59.0,8.0,7.0,8.0,15.0,48.0
1981,RHEA:20201,valid,,44.0,45.0,5.0,4.0,2.0,6.0,25.0
1982,RHEA:20213,valid,,31.0,31.0,0.0,0.0,0.0,0.0,0.0
1983,RHEA:20217,valid,,5.0,5.0,3.0,3.0,3.0,6.0,17.0
1984,RHEA:20221,valid,,66.0,66.0,6.0,4.0,3.0,7.0,34.0
1985,RHEA:20225,valid,,40.0,41.0,3.0,2.0,2.0,4.0,19.0
1986,RHEA:20233,valid,,69.0,70.0,8.0,7.0,8.0,15.0,46.0
1987,RHEA:20241,valid,,36.0,36.0,3.0,2.0,2.0,4.0,19.0
1988,RHEA:20245,valid,,71.0,71.0,4.0,2.0,3.0,5.0,29.0
1989,RHEA:20249,valid,,6.0,6.0,0.0,0.0,0.0,0.0,0.0
1990,RHEA:20253,valid,,11.0,11.0,3.0,2.0,2.0,4.0,16.0
1991,RHEA:20261,valid,,64.0,64.0,11.0,12.0,9.0,21.0,44.0
1992,RHEA:20265,valid,,20.0,20.0,6.0,5.0,4.0,9.0,32.0
1993,RHEA:20269,valid,,24.0,24.0,10.0,8.0,4.0,12.0,43.0
1994,RHEA:20273,valid,,31.0,31.0,9.0,9.0,9.0,18.0,48.0
1995,RHEA:20277,valid,,54.0,54.0,3.0,2.0,2.0,4.0,20.0
1996,RHEA:20281,valid,,53.0,54.0,3.0,2.0,2.0,4.0,22.0
1997,RHEA:20285,valid,,31.0,31.0,3.0,2.0,2.0,4.0,21.0
1998,RHEA:20289,valid,,52.0,53.0,3.0,2.0,2.0,4.0,18.0
1999,RHEA:20297,valid,,11.0,12.0,3.0,2.0,2.0,4.0,17.0
2000,RHEA:20301,valid,,66.0,66.0,6.0,4.0,3.0,7.0,36.0
2001,RHEA:20305,valid,,54.0,56.0,8.0,7.0,8.0,15.0,46.0
2002,RHEA:20309,valid,,4.0,4.0,4.0,3.0,4.0,7.0,9.0
2003,RHEA:20313,valid,,63.0,64.0,3.0,2.0,2.0,4.0,22.0
2004,RHEA:20317,valid,,56.0,57.0,8.0,7.0,8.0,15.0,48.0
2005,RHEA:20321,valid,,52.0,53.0,8.0,7.0,8.0,15.0,48.0
2006,RHEA:20333,valid,,39.0,40.0,3.0,2.0,2.0,4.0,22.0
2007,RHEA:20345,valid,,64.0,65.0,8.0,7.0,8.0,15.0,43.0
2008,RHEA:20353,valid,,8.0,9.0,5.0,3.0,3.0,6.0,20.0
2009,RHEA:20357,valid,,57.0,57.0,14.0,17.0,14.0,31.0,67.0
2010,RHEA:20361,valid,,50.0,50.0,5.0,2.0,5.0,7.0,23.0
2011,RHEA:20365,valid,,35.0,36.0,3.0,2.0,2.0,4.0,20.0
2012,RHEA:20373,valid,,84.0,84.0,8.0,8.0,2.0,10.0,40.0
2013,RHEA:20377,valid,,69.0,70.0,8.0,7.0,8.0,15.0,47.0
2014,RHEA:20381,valid,,65.0,66.0,8.0,7.0,8.0,15.0,47.0
2015,RHEA:20397,valid,,22.0,23.0,3.0,2.0,2.0,4.0,22.0
2016,RHEA:20401,valid,,9.0,9.0,3.0,2.0,2.0,4.0,19.0
2017,RHEA:20405,valid,,17.0,17.0,3.0,2.0,2.0,4.0,18.0
2018,RHEA:20417,valid,,34.0,34.0,8.0,8.0,4.0,12.0,45.0
2019,RHEA:20421,valid,,28.0,28.0,3.0,2.0,2.0,4.0,17.0
2020,RHEA:20425,valid,,45.0,46.0,7.0,4.0,4.0,8.0,36.0
2021,RHEA:20429,valid,,47.0,48.0,3.0,2.0,2.0,4.0,19.0
2022,RHEA:20433,valid,,54.0,55.0,8.0,7.0,8.0,15.0,48.0
2023,RHEA:20441,valid,,9.0,10.0,3.0,3.0,2.0,5.0,17.0
2024,RHEA:20445,valid,,25.0,25.0,4.0,4.0,0.0,4.0,24.0
2025,RHEA:20453,valid,,50.0,51.0,3.0,2.0,2.0,4.0,22.0
2026,RHEA:20457,valid,,54.0,55.0,12.0,11.0,8.0,19.0,66.0
2027,RHEA:20461,valid,,100.0,103.0,7.0,6.0,4.0,10.0,19.0
2028,RHEA:20469,valid,,24.0,24.0,4.0,2.0,2.0,4.0,25.0
2029,RHEA:20473,valid,,45.0,47.0,3.0,2.0,2.0,4.0,22.0
2030,RHEA:20485,valid,,57.0,58.0,12.0,7.0,8.0,15.0,61.0
2031,RHEA:20493,valid,,55.0,56.0,3.0,2.0,2.0,4.0,22.0
2032,RHEA:20497,valid,,55.0,56.0,3.0,2.0,2.0,4.0,22.0
2033,RHEA:20505,valid,,15.0,15.0,3.0,2.0,2.0,4.0,21.0
2034,RHEA:20509,valid,,79.0,80.0,3.0,2.0,2.0,4.0,22.0
2035,RHEA:20513,valid,,9.0,9.0,3.0,2.0,2.0,4.0,19.0
2036,RHEA:20517,valid,,39.0,39.0,0.0,0.0,0.0,0.0,0.0
2037,RHEA:20521,valid,,51.0,52.0,8.0,7.0,8.0,15.0,48.0
2038,RHEA:20525,valid,,44.0,45.0,6.0,4.0,3.0,7.0,34.0
2039,RHEA:20529,valid,,21.0,22.0,4.0,2.0,4.0,6.0,17.0
2040,RHEA:20533,valid,,17.0,17.0,4.0,2.0,3.0,5.0,22.0
2041,RHEA:20537,valid,,30.0,31.0,3.0,2.0,2.0,4.0,19.0
2042,RHEA:20545,valid,,65.0,65.0,9.0,8.0,9.0,17.0,49.0
2043,RHEA:20549,valid,,12.0,14.0,4.0,1.0,4.0,5.0,11.0
2044,RHEA:20553,valid,,55.0,55.0,0.0,0.0,0.0,0.0,0.0
2045,RHEA:20557,valid,,5.0,5.0,4.0,3.0,3.0,6.0,13.0
2046,RHEA:20565,valid,,20.0,20.0,11.0,12.0,7.0,19.0,64.0
2047,RHEA:20569,valid,,13.0,13.0,4.0,3.0,3.0,6.0,23.0
2048,RHEA:20573,valid,,39.0,39.0,5.0,2.0,5.0,7.0,23.0
2049,RHEA:20577,valid,,9.0,9.0,3.0,2.0,2.0,4.0,20.0
2050,RHEA:20585,valid,,60.0,61.0,14.0,9.0,8.0,17.0,69.0
2051,RHEA:20605,valid,,9.0,9.0,4.0,2.0,3.0,5.0,22.0
2052,RHEA:20609,valid,,10.0,10.0,3.0,2.0,2.0,4.0,20.0
2053,RHEA:20613,valid,,66.0,67.0,3.0,2.0,2.0,4.0,22.0
2054,RHEA:20617,valid,,14.0,15.0,5.0,2.0,5.0,7.0,23.0
2055,RHEA:20621,valid,,33.0,34.0,4.0,2.0,3.0,5.0,21.0
2056,RHEA:20625,valid,,4.0,4.0,4.0,1.0,4.0,5.0,8.0
2057,RHEA:20629,valid,,13.0,13.0,4.0,2.0,3.0,5.0,22.0
2058,RHEA:20633,valid,,44.0,45.0,3.0,2.0,2.0,4.0,22.0
2059,RHEA:20637,valid,,24.0,24.0,8.0,8.0,2.0,10.0,45.0
2060,RHEA:20641,valid,,99.0,102.0,15.0,13.0,15.0,28.0,52.0
2061,RHEA:20657,valid,,12.0,12.0,4.0,3.0,3.0,6.0,19.0
2062,RHEA:20661,valid,,12.0,12.0,3.0,2.0,2.0,4.0,19.0
2063,RHEA:20665,valid,,59.0,60.0,8.0,7.0,8.0,15.0,46.0
2064,RHEA:20681,valid,,52.0,53.0,3.0,2.0,2.0,4.0,22.0
2065,RHEA:20685,valid,,56.0,57.0,8.0,7.0,8.0,15.0,48.0
2066,RHEA:20689,valid,,26.0,27.0,3.0,2.0,2.0,4.0,19.0
2067,RHEA:20696,valid,,4.0,4.0,4.0,1.0,3.0,4.0,11.0
2068,RHEA:20700,valid,,122.0,123.0,13.0,14.0,1.0,15.0,49.0
2069,RHEA:20704,valid,,57.0,58.0,3.0,2.0,2.0,4.0,22.0
2070,RHEA:20716,valid,,27.0,27.0,3.0,2.0,2.0,4.0,16.0
2071,RHEA:20720,valid,,82.0,83.0,5.0,4.0,2.0,6.0,31.0
2072,RHEA:20724,valid,,55.0,55.0,3.0,2.0,2.0,4.0,18.0
2073,RHEA:20728,valid,,13.0,13.0,5.0,3.0,5.0,8.0,21.0
2074,RHEA:20736,valid,,56.0,56.0,3.0,2.0,2.0,4.0,22.0
2075,RHEA:20744,valid,,73.0,74.0,8.0,7.0,8.0,15.0,48.0
2076,RHEA:20748,valid,,36.0,36.0,9.0,9.0,4.0,13.0,47.0
2077,RHEA:20752,zero_fallback,missing_mapping,,,,,,,
2078,RHEA:20764,valid,,61.0,61.0,3.0,2.0,2.0,4.0,21.0
2079,RHEA:20768,valid,,10.0,10.0,3.0,2.0,2.0,4.0,17.0
2080,RHEA:20772,valid,,46.0,46.0,12.0,9.0,6.0,15.0,51.0
2081,RHEA:20776,valid,,57.0,57.0,4.0,4.0,0.0,4.0,24.0
2082,RHEA:20780,valid,,55.0,55.0,4.0,4.0,0.0,4.0,22.0
2083,RHEA:20788,valid,,49.0,50.0,10.0,8.0,3.0,11.0,49.0
2084,RHEA:20792,valid,,64.0,64.0,6.0,4.0,3.0,7.0,36.0
2085,RHEA:20800,valid,,116.0,117.0,3.0,2.0,2.0,4.0,22.0
2086,RHEA:20804,valid,,100.0,101.0,12.0,9.0,11.0,20.0,71.0
2087,RHEA:20808,valid,,72.0,72.0,3.0,2.0,2.0,4.0,20.0
2088,RHEA:20812,valid,,60.0,60.0,3.0,2.0,2.0,4.0,20.0
2089,RHEA:20820,valid,,12.0,13.0,3.0,2.0,2.0,4.0,18.0
2090,RHEA:20824,valid,,50.0,51.0,3.0,2.0,2.0,4.0,22.0
2091,RHEA:20828,valid,,22.0,22.0,3.0,2.0,2.0,4.0,19.0
2092,RHEA:20832,valid,,43.0,44.0,4.0,2.0,3.0,5.0,21.0
2093,RHEA:20840,valid,,11.0,11.0,3.0,2.0,2.0,4.0,19.0
2094,RHEA:20844,valid,,41.0,42.0,7.0,4.0,4.0,8.0,36.0
2095,RHEA:20848,valid,,13.0,13.0,7.0,4.0,5.0,9.0,32.0
2096,RHEA:20852,valid,,33.0,34.0,3.0,2.0,2.0,4.0,18.0
2097,RHEA:20856,valid,,25.0,25.0,3.0,2.0,2.0,4.0,18.0
2098,RHEA:20860,valid,,55.0,56.0,8.0,7.0,8.0,15.0,47.0
2099,RHEA:20864,valid,,32.0,32.0,4.0,4.0,0.0,4.0,24.0
2100,RHEA:20876,valid,,115.0,115.0,10.0,6.0,6.0,12.0,55.0
2101,RHEA:20880,valid,,57.0,58.0,8.0,7.0,8.0,15.0,48.0
2102,RHEA:20884,valid,,52.0,53.0,9.0,8.0,9.0,17.0,51.0
2103,RHEA:20888,valid,,55.0,56.0,3.0,2.0,2.0,4.0,19.0
2104,RHEA:20892,valid,,58.0,58.0,3.0,2.0,2.0,4.0,20.0
2105,RHEA:20896,valid,,39.0,40.0,5.0,4.0,2.0,6.0,30.0
2106,RHEA:20904,valid,,11.0,11.0,3.0,2.0,2.0,4.0,20.0
2107,RHEA:20912,valid,,29.0,29.0,14.0,17.0,7.0,24.0,75.0
2108,RHEA:20920,valid,,59.0,59.0,13.0,14.0,9.0,23.0,67.0
2109,RHEA:20924,valid,,12.0,12.0,3.0,2.0,2.0,4.0,20.0
2110,RHEA:20940,valid,,55.0,56.0,3.0,2.0,2.0,4.0,22.0
2111,RHEA:20944,valid,,40.0,41.0,3.0,2.0,2.0,4.0,20.0
2112,RHEA:20948,valid,,10.0,10.0,3.0,2.0,2.0,4.0,17.0
2113,RHEA:20956,valid,,89.0,89.0,6.0,4.0,3.0,7.0,36.0
2114,RHEA:20960,valid,,37.0,37.0,6.0,4.0,3.0,7.0,24.0
2115,RHEA:20964,valid,,25.0,25.0,4.0,4.0,0.0,4.0,24.0
2116,RHEA:20968,valid,,11.0,11.0,4.0,2.0,4.0,6.0,22.0
2117,RHEA:20976,valid,,8.0,9.0,5.0,4.0,4.0,8.0,24.0
2118,RHEA:20980,valid,,88.0,88.0,14.0,13.0,14.0,27.0,42.0
2119,RHEA:20984,valid,,35.0,36.0,3.0,2.0,2.0,4.0,19.0
2120,RHEA:20992,valid,,53.0,54.0,3.0,2.0,2.0,4.0,19.0
2121,RHEA:20996,valid,,12.0,12.0,6.0,5.0,3.0,8.0,32.0
2122,RHEA:21000,valid,,19.0,19.0,3.0,2.0,2.0,4.0,20.0
2123,RHEA:21016,valid,,10.0,10.0,3.0,2.0,2.0,4.0,16.0
2124,RHEA:21020,valid,,21.0,21.0,5.0,4.0,2.0,6.0,33.0
2125,RHEA:21028,valid,,57.0,58.0,3.0,2.0,2.0,4.0,22.0
2126,RHEA:21032,valid,,39.0,39.0,4.0,3.0,2.0,5.0,23.0
2127,RHEA:21036,valid,,102.0,102.0,3.0,2.0,2.0,4.0,22.0
2128,RHEA:21040,valid,,11.0,13.0,5.0,2.0,5.0,7.0,19.0
2129,RHEA:21044,valid,,57.0,58.0,3.0,2.0,2.0,4.0,19.0
2130,RHEA:21048,valid,,45.0,46.0,6.0,4.0,3.0,7.0,34.0
2131,RHEA:21052,valid,,55.0,56.0,8.0,7.0,8.0,15.0,48.0
2132,RHEA:21064,valid,,56.0,56.0,4.0,2.0,4.0,6.0,16.0
2133,RHEA:21080,valid,,41.0,41.0,9.0,6.0,5.0,11.0,49.0
2134,RHEA:21088,valid,,39.0,39.0,11.0,10.0,5.0,15.0,57.0
2135,RHEA:21096,valid,,13.0,13.0,3.0,2.0,2.0,4.0,19.0
2136,RHEA:21104,valid,,31.0,31.0,3.0,2.0,3.0,5.0,16.0
2137,RHEA:21108,valid,,9.0,9.0,3.0,2.0,2.0,4.0,18.0
2138,RHEA:21112,valid,,58.0,58.0,3.0,2.0,2.0,4.0,17.0
2139,RHEA:21116,valid,,28.0,28.0,5.0,4.0,2.0,6.0,30.0
2140,RHEA:21124,valid,,49.0,50.0,3.0,2.0,2.0,4.0,20.0
2141,RHEA:21128,valid,,55.0,56.0,4.0,3.0,4.0,7.0,28.0
2142,RHEA:21132,valid,,14.0,14.0,5.0,2.0,5.0,7.0,25.0
2143,RHEA:21136,valid,,62.0,62.0,3.0,2.0,2.0,4.0,20.0
2144,RHEA:21140,valid,,50.0,51.0,6.0,3.0,4.0,7.0,39.0
2145,RHEA:21152,valid,,9.0,9.0,0.0,0.0,0.0,0.0,0.0
2146,RHEA:21160,valid,,92.0,92.0,8.0,6.0,4.0,10.0,47.0
2147,RHEA:21164,valid,,6.0,7.0,3.0,2.0,2.0,4.0,15.0
2148,RHEA:21172,valid,,57.0,58.0,8.0,7.0,8.0,15.0,48.0
2149,RHEA:21176,valid,,61.0,62.0,8.0,7.0,8.0,15.0,48.0
2150,RHEA:21188,valid,,76.0,77.0,6.0,4.0,3.0,7.0,34.0
2151,RHEA:21196,valid,,59.0,59.0,3.0,2.0,2.0,4.0,20.0
2152,RHEA:21200,valid,,20.0,20.0,5.0,6.0,2.0,8.0,30.0
2153,RHEA:21204,valid,,43.0,43.0,3.0,2.0,2.0,4.0,20.0
2154,RHEA:21208,valid,,12.0,12.0,3.0,2.0,2.0,4.0,17.0
2155,RHEA:21220,valid,,16.0,17.0,9.0,11.0,7.0,18.0,44.0
2156,RHEA:21228,valid,,23.0,23.0,0.0,0.0,0.0,0.0,0.0
2157,RHEA:21232,valid,,11.0,11.0,3.0,2.0,2.0,4.0,18.0
2158,RHEA:21240,valid,,37.0,37.0,4.0,2.0,3.0,5.0,29.0
2159,RHEA:21252,valid,,11.0,13.0,5.0,3.0,2.0,5.0,19.0
2160,RHEA:21256,valid,,26.0,26.0,3.0,2.0,2.0,4.0,20.0
2161,RHEA:21260,valid,,26.0,26.0,4.0,2.0,3.0,5.0,18.0
2162,RHEA:21264,valid,,6.0,8.0,5.0,3.0,2.0,5.0,19.0
2163,RHEA:21272,valid,,61.0,62.0,6.0,4.0,3.0,7.0,34.0
2164,RHEA:21276,valid,,58.0,59.0,8.0,7.0,8.0,15.0,48.0
2165,RHEA:21284,valid,,65.0,66.0,8.0,7.0,8.0,15.0,48.0
2166,RHEA:21292,valid,,66.0,67.0,3.0,2.0,2.0,4.0,22.0
2167,RHEA:21296,valid,,56.0,57.0,12.0,11.0,8.0,19.0,65.0
2168,RHEA:21300,valid,,40.0,41.0,3.0,2.0,2.0,4.0,18.0
2169,RHEA:21308,valid,,31.0,31.0,13.0,12.0,11.0,23.0,58.0
2170,RHEA:21324,valid,,3.0,3.0,3.0,0.0,3.0,3.0,10.0
2171,RHEA:21336,valid,,56.0,57.0,8.0,7.0,8.0,15.0,49.0
2172,RHEA:21340,valid,,22.0,22.0,4.0,4.0,0.0,4.0,13.0
2173,RHEA:21348,zero_fallback,missing_mapping,,,,,,,
2174,RHEA:21352,valid,,25.0,26.0,9.0,10.0,8.0,18.0,43.0
2175,RHEA:21360,valid,,53.0,53.0,5.0,4.0,1.0,5.0,27.0
2176,RHEA:21364,valid,,18.0,18.0,3.0,2.0,2.0,4.0,19.0
2177,RHEA:21368,valid,,15.0,15.0,12.0,12.0,12.0,24.0,49.0
2178,RHEA:21376,valid,,15.0,15.0,6.0,5.0,4.0,9.0,31.0
2179,RHEA:21380,valid,,101.0,101.0,6.0,4.0,3.0,7.0,36.0
2180,RHEA:21384,valid,,12.0,12.0,3.0,2.0,2.0,4.0,18.0
2181,RHEA:21392,valid,,54.0,56.0,8.0,7.0,8.0,15.0,47.0
2182,RHEA:21396,valid,,56.0,56.0,3.0,2.0,2.0,4.0,19.0
2183,RHEA:21404,valid,,3.0,3.0,3.0,3.0,3.0,6.0,11.0
2184,RHEA:21408,valid,,57.0,58.0,9.0,8.0,9.0,17.0,51.0
2185,RHEA:21412,valid,,54.0,55.0,8.0,7.0,8.0,15.0,48.0
2186,RHEA:21416,valid,,58.0,59.0,8.0,7.0,8.0,15.0,48.0
2187,RHEA:21428,valid,,10.0,11.0,5.0,3.0,4.0,7.0,30.0
2188,RHEA:21432,valid,,53.0,54.0,8.0,7.0,8.0,15.0,48.0
2189,RHEA:21436,valid,,33.0,34.0,3.0,2.0,2.0,4.0,20.0
2190,RHEA:21440,valid,,102.0,102.0,17.0,16.0,15.0,31.0,56.0
2191,RHEA:21448,zero_fallback,missing_mapping,,,,,,,
2192,RHEA:21452,valid,,37.0,37.0,7.0,2.0,7.0,9.0,30.0
2193,RHEA:21456,valid,,58.0,59.0,12.0,7.0,8.0,15.0,61.0
2194,RHEA:21460,valid,,16.0,16.0,3.0,2.0,2.0,4.0,16.0
2195,RHEA:21464,valid,,4.0,4.0,4.0,3.0,3.0,6.0,18.0
2196,RHEA:21468,valid,,65.0,66.0,3.0,2.0,2.0,4.0,21.0
2197,RHEA:21492,valid,,11.0,11.0,3.0,2.0,2.0,4.0,19.0
2198,RHEA:21500,valid,,36.0,36.0,4.0,2.0,4.0,6.0,24.0
2199,RHEA:21512,valid,,12.0,12.0,4.0,2.0,4.0,6.0,27.0
2200,RHEA:21524,valid,,60.0,61.0,6.0,4.0,4.0,8.0,36.0
2201,RHEA:21532,valid,,80.0,81.0,6.0,4.0,3.0,7.0,34.0
2202,RHEA:21536,valid,,58.0,58.0,3.0,2.0,2.0,4.0,19.0
2203,RHEA:21540,valid,,23.0,23.0,4.0,2.0,4.0,6.0,26.0
2204,RHEA:21548,valid,,15.0,15.0,3.0,2.0,2.0,4.0,18.0
2205,RHEA:21556,valid,,38.0,39.0,3.0,2.0,2.0,4.0,20.0
2206,RHEA:21564,valid,,102.0,102.0,3.0,2.0,2.0,4.0,22.0
2207,RHEA:21568,valid,,49.0,49.0,3.0,2.0,2.0,4.0,17.0
2208,RHEA:21572,valid,,15.0,16.0,9.0,9.0,6.0,15.0,49.0
2209,RHEA:21580,valid,,9.0,9.0,3.0,2.0,2.0,4.0,19.0
2210,RHEA:21588,valid,,65.0,66.0,8.0,7.0,8.0,15.0,50.0
2211,RHEA:21592,valid,,58.0,59.0,9.0,8.0,9.0,17.0,54.0
2212,RHEA:21600,valid,,66.0,66.0,3.0,2.0,2.0,4.0,21.0
2213,RHEA:21604,valid,,9.0,9.0,3.0,2.0,2.0,4.0,19.0
2214,RHEA:21608,valid,,46.0,46.0,3.0,2.0,2.0,4.0,20.0
2215,RHEA:21612,valid,,13.0,13.0,4.0,2.0,4.0,6.0,22.0
2216,RHEA:21616,valid,,68.0,69.0,3.0,2.0,2.0,4.0,22.0
2217,RHEA:21620,valid,,75.0,77.0,14.0,11.0,10.0,21.0,70.0
2218,RHEA:21624,valid,,79.0,81.0,14.0,11.0,10.0,21.0,70.0
2219,RHEA:21632,valid,,18.0,18.0,18.0,18.0,17.0,35.0,33.0
2220,RHEA:21636,valid,,48.0,49.0,3.0,2.0,2.0,4.0,22.0
2221,RHEA:21640,valid,,64.0,64.0,14.0,14.0,13.0,27.0,68.0
2222,RHEA:21644,valid,,37.0,38.0,3.0,2.0,2.0,4.0,22.0
2223,RHEA:21648,valid,,16.0,16.0,9.0,9.0,8.0,17.0,39.0
2224,RHEA:21656,valid,,34.0,34.0,0.0,0.0,0.0,0.0,0.0
2225,RHEA:21660,valid,,57.0,59.0,8.0,7.0,8.0,15.0,46.0
2226,RHEA:21664,valid,,15.0,16.0,4.0,2.0,3.0,5.0,22.0
2227,RHEA:21668,valid,,42.0,43.0,3.0,2.0,2.0,4.0,18.0
2228,RHEA:21672,valid,,50.0,50.0,3.0,2.0,2.0,4.0,20.0
2229,RHEA:21676,valid,,28.0,28.0,6.0,4.0,3.0,7.0,39.0
2230,RHEA:21692,valid,,31.0,33.0,3.0,2.0,2.0,4.0,17.0
2231,RHEA:21696,valid,,39.0,40.0,3.0,2.0,2.0,4.0,19.0
2232,RHEA:21700,valid,,15.0,15.0,7.0,4.0,5.0,9.0,37.0
2233,RHEA:21704,valid,,14.0,14.0,5.0,3.0,5.0,8.0,30.0
2234,RHEA:21708,valid,,27.0,27.0,3.0,2.0,2.0,4.0,19.0
2235,RHEA:21720,valid,,3.0,3.0,3.0,2.0,2.0,4.0,14.0
2236,RHEA:21724,valid,,5.0,5.0,4.0,3.0,3.0,6.0,17.0
2237,RHEA:21728,valid,,128.0,131.0,16.0,17.0,15.0,32.0,62.0
2238,RHEA:21732,valid,,26.0,27.0,12.0,13.0,8.0,21.0,63.0
2239,RHEA:21736,valid,,10.0,10.0,3.0,2.0,2.0,4.0,18.0
2240,RHEA:21740,valid,,23.0,24.0,4.0,2.0,4.0,6.0,18.0
2241,RHEA:21744,valid,,27.0,28.0,3.0,2.0,2.0,4.0,22.0
2242,RHEA:21748,valid,,53.0,54.0,8.0,7.0,8.0,15.0,48.0
2243,RHEA:21752,valid,,44.0,44.0,8.0,8.0,0.0,8.0,23.0
2244,RHEA:21760,valid,,54.0,54.0,0.0,0.0,0.0,0.0,0.0
2245,RHEA:21764,zero_fallback,missing_mapping,,,,,,,
2246,RHEA:21768,valid,,56.0,57.0,9.0,8.0,9.0,17.0,53.0
2247,RHEA:21772,valid,,23.0,23.0,4.0,2.0,3.0,5.0,22.0
2248,RHEA:21788,valid,,25.0,25.0,7.0,7.0,2.0,9.0,35.0
2249,RHEA:21792,valid,,52.0,53.0,8.0,7.0,8.0,15.0,46.0
2250,RHEA:21796,valid,,83.0,84.0,8.0,7.0,8.0,15.0,46.0
2251,RHEA:21800,valid,,55.0,55.0,8.0,6.0,4.0,10.0,42.0
2252,RHEA:21804,valid,,43.0,44.0,3.0,2.0,2.0,4.0,22.0
2253,RHEA:21812,valid,,61.0,62.0,11.0,7.0,7.0,14.0,57.0
2254,RHEA:21816,valid,,9.0,9.0,5.0,3.0,5.0,8.0,21.0
2255,RHEA:21824,valid,,19.0,19.0,4.0,4.0,0.0,4.0,24.0
2256,RHEA:21828,valid,,12.0,14.0,4.0,1.0,4.0,5.0,17.0
2257,RHEA:21836,valid,,11.0,11.0,4.0,2.0,4.0,6.0,22.0
2258,RHEA:21852,valid,,21.0,21.0,3.0,2.0,2.0,4.0,15.0
2259,RHEA:21856,valid,,57.0,57.0,3.0,2.0,2.0,4.0,18.0
2260,RHEA:21864,valid,,26.0,27.0,3.0,2.0,2.0,4.0,19.0
2261,RHEA:21868,valid,,24.0,24.0,7.0,3.0,5.0,8.0,32.0
2262,RHEA:21880,valid,,8.0,8.0,6.0,4.0,4.0,8.0,18.0
2263,RHEA:21888,valid,,69.0,70.0,8.0,7.0,8.0,15.0,46.0
2264,RHEA:21892,valid,,58.0,59.0,10.0,9.0,10.0,19.0,58.0
2265,RHEA:21908,valid,,62.0,63.0,13.0,12.0,11.0,23.0,69.0
2266,RHEA:21916,valid,,6.0,8.0,5.0,2.0,5.0,7.0,17.0
2267,RHEA:21920,valid,,137.0,137.0,4.0,4.0,0.0,4.0,24.0
2268,RHEA:21924,valid,,57.0,58.0,8.0,7.0,8.0,15.0,48.0
2269,RHEA:21928,valid,,61.0,62.0,8.0,7.0,8.0,15.0,48.0
2270,RHEA:21932,valid,,27.0,27.0,3.0,2.0,2.0,4.0,22.0
2271,RHEA:21936,valid,,14.0,15.0,4.0,2.0,3.0,5.0,27.0
2272,RHEA:21944,valid,,54.0,55.0,3.0,2.0,2.0,4.0,22.0
2273,RHEA:21948,valid,,4.0,4.0,3.0,2.0,2.0,4.0,14.0
2274,RHEA:21952,valid,,71.0,72.0,8.0,7.0,8.0,15.0,48.0
2275,RHEA:21964,valid,,11.0,12.0,3.0,2.0,2.0,4.0,17.0
2276,RHEA:21968,valid,,18.0,18.0,9.0,6.0,6.0,12.0,51.0
2277,RHEA:21972,valid,,88.0,88.0,9.0,9.0,8.0,17.0,51.0
2278,RHEA:21976,valid,,43.0,43.0,5.0,3.0,4.0,7.0,25.0
2279,RHEA:21988,valid,,108.0,108.0,3.0,2.0,2.0,4.0,20.0
2280,RHEA:21992,valid,,62.0,63.0,3.0,2.0,2.0,4.0,22.0
2281,RHEA:22000,valid,,58.0,59.0,8.0,7.0,8.0,15.0,46.0
2282,RHEA:22004,valid,,39.0,40.0,3.0,2.0,2.0,4.0,22.0
2283,RHEA:22008,valid,,63.0,63.0,3.0,2.0,2.0,4.0,20.0
2284,RHEA:22012,valid,,92.0,92.0,8.0,7.0,7.0,14.0,48.0
2285,RHEA:22016,valid,,41.0,41.0,6.0,3.0,5.0,8.0,26.0
2286,RHEA:22020,valid,,37.0,38.0,4.0,2.0,3.0,5.0,21.0
2287,RHEA:22028,valid,,72.0,72.0,3.0,2.0,2.0,4.0,20.0
2288,RHEA:22044,valid,,34.0,35.0,3.0,2.0,2.0,4.0,18.0
2289,RHEA:22048,valid,,30.0,31.0,10.0,6.0,8.0,14.0,55.0
2290,RHEA:22052,valid,,3.0,6.0,5.0,3.0,2.0,5.0,14.0
2291,RHEA:22060,valid,,79.0,80.0,16.0,14.0,7.0,21.0,75.0
2292,RHEA:22068,valid,,57.0,58.0,10.0,9.0,8.0,17.0,60.0
2293,RHEA:22072,valid,,41.0,42.0,3.0,2.0,2.0,4.0,22.0
2294,RHEA:22084,valid,,8.0,8.0,5.0,3.0,5.0,8.0,25.0
2295,RHEA:22088,valid,,63.0,63.0,4.0,2.0,3.0,5.0,29.0
2296,RHEA:22092,valid,,59.0,61.0,15.0,12.0,8.0,20.0,69.0
2297,RHEA:22104,valid,,31.0,31.0,4.0,4.0,0.0,4.0,24.0
2298,RHEA:22108,valid,,8.0,8.0,4.0,3.0,4.0,7.0,25.0
2299,RHEA:22120,valid,,88.0,88.0,6.0,4.0,3.0,7.0,33.0
2300,RHEA:22124,valid,,28.0,29.0,3.0,2.0,2.0,4.0,17.0
2301,RHEA:22132,valid,,55.0,56.0,3.0,2.0,2.0,4.0,18.0
2302,RHEA:22144,valid,,13.0,13.0,3.0,2.0,2.0,4.0,18.0
2303,RHEA:22156,valid,,29.0,30.0,4.0,2.0,3.0,5.0,21.0
2304,RHEA:22164,valid,,110.0,111.0,3.0,2.0,2.0,4.0,22.0
2305,RHEA:22168,valid,,36.0,36.0,0.0,0.0,0.0,0.0,0.0
2306,RHEA:22172,valid,,52.0,53.0,3.0,2.0,2.0,4.0,22.0
2307,RHEA:22176,valid,,57.0,58.0,11.0,7.0,7.0,14.0,57.0
2308,RHEA:22180,valid,,50.0,51.0,3.0,2.0,2.0,4.0,19.0
2309,RHEA:22188,valid,,7.0,8.0,3.0,2.0,2.0,4.0,16.0
2310,RHEA:22192,valid,,56.0,56.0,3.0,2.0,2.0,4.0,21.0
2311,RHEA:22200,valid,,39.0,39.0,3.0,2.0,2.0,4.0,20.0
2312,RHEA:22204,valid,,61.0,61.0,9.0,8.0,9.0,17.0,49.0
2313,RHEA:22208,valid,,57.0,57.0,9.0,8.0,9.0,17.0,49.0
2314,RHEA:22220,valid,,29.0,29.0,11.0,10.0,9.0,19.0,69.0
2315,RHEA:22224,zero_fallback,missing_mapping,,,,,,,
2316,RHEA:22228,valid,,53.0,53.0,8.0,6.0,8.0,14.0,49.0
2317,RHEA:22232,valid,,57.0,57.0,8.0,6.0,8.0,14.0,49.0
2318,RHEA:22236,valid,,16.0,16.0,3.0,2.0,2.0,4.0,17.0
2319,RHEA:22252,valid,,96.0,97.0,3.0,2.0,2.0,4.0,22.0
2320,RHEA:22256,valid,,102.0,103.0,18.0,15.0,12.0,27.0,79.0
2321,RHEA:22268,valid,,71.0,72.0,3.0,2.0,2.0,4.0,22.0
2322,RHEA:22272,valid,,66.0,67.0,11.0,7.0,7.0,14.0,57.0
2323,RHEA:22280,valid,,60.0,61.0,3.0,2.0,2.0,4.0,19.0
2324,RHEA:22284,valid,,10.0,10.0,4.0,3.0,3.0,6.0,21.0
2325,RHEA:22288,valid,,23.0,23.0,3.0,2.0,2.0,4.0,18.0
2326,RHEA:22292,zero_fallback,missing_mapping,,,,,,,
2327,RHEA:22300,valid,,63.0,64.0,4.0,4.0,1.0,5.0,27.0
2328,RHEA:22308,valid,,12.0,12.0,4.0,2.0,4.0,6.0,20.0
2329,RHEA:22312,valid,,42.0,43.0,3.0,2.0,2.0,4.0,22.0
2330,RHEA:22324,valid,,24.0,24.0,9.0,8.0,2.0,10.0,34.0
2331,RHEA:22328,valid,,31.0,31.0,4.0,2.0,3.0,5.0,29.0
2332,RHEA:22332,valid,,10.0,10.0,3.0,2.0,2.0,4.0,19.0
2333,RHEA:22336,valid,,16.0,16.0,3.0,2.0,2.0,4.0,20.0
2334,RHEA:22344,valid,,74.0,74.0,3.0,2.0,2.0,4.0,20.0
2335,RHEA:22352,valid,,10.0,10.0,3.0,2.0,2.0,4.0,19.0
2336,RHEA:22356,valid,,18.0,18.0,11.0,9.0,4.0,13.0,51.0
2337,RHEA:22360,valid,,10.0,10.0,3.0,2.0,2.0,4.0,19.0
2338,RHEA:22364,valid,,57.0,58.0,8.0,7.0,8.0,15.0,46.0
2339,RHEA:22368,valid,,14.0,14.0,0.0,0.0,0.0,0.0,0.0
2340,RHEA:22376,valid,,66.0,66.0,9.0,6.0,6.0,12.0,22.0
2341,RHEA:22384,valid,,41.0,42.0,4.0,2.0,3.0,5.0,21.0
2342,RHEA:22388,valid,,62.0,62.0,3.0,2.0,2.0,4.0,22.0
2343,RHEA:22396,valid,,25.0,25.0,6.0,5.0,4.0,9.0,30.0
2344,RHEA:22400,valid,,65.0,66.0,8.0,7.0,8.0,15.0,47.0
2345,RHEA:22404,valid,,57.0,58.0,8.0,7.0,8.0,15.0,46.0
2346,RHEA:22408,valid,,28.0,28.0,6.0,4.0,3.0,7.0,38.0
2347,RHEA:22416,valid,,11.0,11.0,3.0,2.0,2.0,4.0,19.0
2348,RHEA:22428,valid,,26.0,26.0,6.0,3.0,6.0,9.0,34.0
2349,RHEA:22432,valid,,98.0,99.0,8.0,7.0,8.0,15.0,48.0
2350,RHEA:22436,valid,,25.0,25.0,14.0,15.0,7.0,22.0,73.0
2351,RHEA:22444,valid,,61.0,62.0,8.0,7.0,8.0,15.0,48.0
2352,RHEA:22448,valid,,48.0,49.0,3.0,2.0,2.0,4.0,22.0
2353,RHEA:22456,valid,,10.0,10.0,4.0,3.0,3.0,6.0,23.0
2354,RHEA:22468,valid,,35.0,37.0,12.0,9.0,9.0,18.0,58.0
2355,RHEA:22480,valid,,102.0,104.0,15.0,13.0,15.0,28.0,52.0
2356,RHEA:22484,valid,,56.0,58.0,3.0,2.0,2.0,4.0,17.0
2357,RHEA:22488,valid,,22.0,22.0,3.0,2.0,2.0,4.0,17.0
2358,RHEA:22492,valid,,13.0,13.0,4.0,3.0,3.0,6.0,23.0
2359,RHEA:22500,valid,,115.0,115.0,7.0,6.0,2.0,8.0,41.0
2360,RHEA:22512,valid,,63.0,63.0,27.0,26.0,11.0,37.0,108.0
2361,RHEA:22516,valid,,41.0,42.0,3.0,2.0,2.0,4.0,22.0
2362,RHEA:22520,valid,,24.0,25.0,11.0,10.0,4.0,14.0,45.0
2363,RHEA:22524,valid,,22.0,26.0,13.0,12.0,6.0,18.0,43.0
2364,RHEA:22528,valid,,73.0,74.0,3.0,2.0,2.0,4.0,22.0
2365,RHEA:22532,valid,,60.0,60.0,3.0,2.0,2.0,4.0,18.0
2366,RHEA:22536,valid,,52.0,53.0,3.0,2.0,2.0,4.0,19.0
2367,RHEA:22544,valid,,20.0,20.0,4.0,3.0,3.0,6.0,24.0
2368,RHEA:22548,valid,,13.0,13.0,5.0,4.0,4.0,8.0,24.0
2369,RHEA:22552,valid,,33.0,34.0,3.0,2.0,2.0,4.0,20.0
2370,RHEA:22560,valid,,69.0,71.0,13.0,11.0,11.0,22.0,72.0
2371,RHEA:22564,valid,,82.0,83.0,8.0,7.0,8.0,15.0,47.0
2372,RHEA:22576,valid,,11.0,12.0,3.0,2.0,2.0,4.0,18.0
2373,RHEA:22580,valid,,9.0,9.0,6.0,4.0,4.0,8.0,32.0
2374,RHEA:22584,valid,,43.0,43.0,17.0,16.0,13.0,29.0,53.0
2375,RHEA:22592,valid,,21.0,21.0,6.0,6.0,0.0,6.0,36.0
2376,RHEA:22596,valid,,29.0,30.0,3.0,2.0,2.0,4.0,17.0
2377,RHEA:22600,valid,,25.0,26.0,3.0,2.0,2.0,4.0,17.0
2378,RHEA:22604,valid,,12.0,12.0,3.0,2.0,2.0,4.0,19.0
2379,RHEA:22608,valid,,21.0,21.0,3.0,2.0,2.0,4.0,19.0
2380,RHEA:22612,valid,,57.0,57.0,3.0,2.0,2.0,4.0,20.0
2381,RHEA:22624,valid,,9.0,9.0,3.0,2.0,2.0,4.0,19.0
2382,RHEA:22628,valid,,62.0,64.0,7.0,4.0,4.0,8.0,41.0
2383,RHEA:22636,valid,,29.0,30.0,4.0,2.0,3.0,5.0,24.0
2384,RHEA:22640,valid,,69.0,70.0,8.0,7.0,8.0,15.0,48.0
2385,RHEA:22644,valid,,59.0,60.0,11.0,7.0,7.0,14.0,56.0
2386,RHEA:22648,valid,,59.0,59.0,23.0,24.0,4.0,28.0,89.0
2387,RHEA:22652,valid,,22.0,22.0,3.0,2.0,2.0,4.0,17.0
2388,RHEA:22664,valid,,54.0,54.0,3.0,2.0,2.0,4.0,20.0
2389,RHEA:22668,valid,,116.0,117.0,7.0,8.0,1.0,9.0,35.0
2390,RHEA:22672,valid,,24.0,48.0,34.0,34.0,5.0,39.0,79.0
2391,RHEA:22680,valid,,29.0,29.0,4.0,2.0,3.0,5.0,22.0
2392,RHEA:22684,valid,,44.0,44.0,3.0,2.0,3.0,5.0,16.0
2393,RHEA:22688,valid,,9.0,9.0,5.0,4.0,4.0,8.0,23.0
2394,RHEA:22692,valid,,56.0,56.0,9.0,8.0,9.0,17.0,49.0
2395,RHEA:22712,valid,,122.0,122.0,9.0,8.0,1.0,9.0,46.0
2396,RHEA:22716,valid,,61.0,62.0,11.0,7.0,7.0,14.0,57.0
2397,RHEA:22724,valid,,57.0,58.0,3.0,2.0,2.0,4.0,21.0
2398,RHEA:22728,valid,,34.0,34.0,6.0,5.0,4.0,9.0,33.0
2399,RHEA:22732,valid,,11.0,11.0,3.0,2.0,2.0,4.0,19.0
2400,RHEA:22736,valid,,34.0,34.0,4.0,3.0,3.0,6.0,27.0
2401,RHEA:22744,valid,,80.0,81.0,3.0,2.0,2.0,4.0,20.0
2402,RHEA:22748,valid,,12.0,12.0,3.0,2.0,2.0,4.0,19.0
2403,RHEA:22756,valid,,5.0,5.0,4.0,2.0,4.0,6.0,17.0
2404,RHEA:22760,valid,,32.0,32.0,8.0,8.0,4.0,12.0,45.0
2405,RHEA:22764,valid,,36.0,36.0,4.0,2.0,3.0,5.0,22.0
2406,RHEA:22772,valid,,12.0,12.0,4.0,2.0,4.0,6.0,22.0
2407,RHEA:22776,valid,,4.0,4.0,4.0,1.0,4.0,5.0,8.0
2408,RHEA:22780,valid,,22.0,22.0,5.0,4.0,2.0,6.0,28.0
2409,RHEA:22784,valid,,14.0,15.0,4.0,3.0,2.0,5.0,25.0
2410,RHEA:22792,valid,,36.0,36.0,0.0,0.0,0.0,0.0,0.0
2411,RHEA:22800,valid,,31.0,31.0,3.0,2.0,2.0,4.0,20.0
2412,RHEA:22812,valid,,81.0,81.0,8.0,7.0,8.0,15.0,49.0
2413,RHEA:22816,valid,,10.0,10.0,3.0,2.0,2.0,4.0,19.0
2414,RHEA:22820,valid,,62.0,63.0,3.0,2.0,2.0,4.0,22.0
2415,RHEA:22824,valid,,21.0,21.0,4.0,2.0,3.0,5.0,28.0
2416,RHEA:22828,valid,,45.0,46.0,4.0,2.0,3.0,5.0,24.0
2417,RHEA:22832,valid,,13.0,13.0,3.0,2.0,2.0,4.0,16.0
2418,RHEA:22836,valid,,67.0,67.0,5.0,5.0,2.0,7.0,31.0
2419,RHEA:22848,valid,,104.0,105.0,8.0,7.0,8.0,15.0,48.0
2420,RHEA:22852,valid,,13.0,13.0,4.0,4.0,0.0,4.0,24.0
2421,RHEA:22856,valid,,75.0,75.0,3.0,2.0,2.0,4.0,20.0
2422,RHEA:22860,valid,,53.0,53.0,5.0,4.0,1.0,5.0,29.0
2423,RHEA:22864,valid,,10.0,10.0,0.0,0.0,0.0,0.0,0.0
2424,RHEA:22868,valid,,12.0,13.0,3.0,2.0,2.0,4.0,19.0
2425,RHEA:22872,valid,,21.0,21.0,6.0,6.0,2.0,8.0,31.0
2426,RHEA:22876,valid,,12.0,12.0,3.0,2.0,2.0,4.0,16.0
2427,RHEA:22880,valid,,26.0,26.0,4.0,4.0,0.0,4.0,24.0
2428,RHEA:22884,valid,,14.0,14.0,4.0,4.0,2.0,6.0,26.0
2429,RHEA:22888,valid,,55.0,55.0,3.0,2.0,2.0,4.0,19.0
2430,RHEA:22892,valid,,77.0,77.0,8.0,7.0,8.0,15.0,49.0
2431,RHEA:22896,zero_fallback,missing_mapping,,,,,,,
2432,RHEA:22900,valid,,50.0,51.0,8.0,7.0,8.0,15.0,48.0
2433,RHEA:22908,valid,,23.0,23.0,4.0,2.0,3.0,5.0,22.0
2434,RHEA:22912,valid,,14.0,14.0,4.0,4.0,0.0,4.0,22.0
2435,RHEA:22916,valid,,60.0,60.0,10.0,10.0,7.0,17.0,55.0
2436,RHEA:22920,valid,,22.0,22.0,4.0,4.0,2.0,6.0,26.0
2437,RHEA:22924,valid,,21.0,21.0,4.0,2.0,3.0,5.0,22.0
2438,RHEA:22932,valid,,52.0,53.0,3.0,2.0,2.0,4.0,21.0
2439,RHEA:22936,valid,,20.0,20.0,3.0,2.0,2.0,4.0,18.0
2440,RHEA:22940,valid,,43.0,44.0,3.0,2.0,2.0,4.0,22.0
2441,RHEA:22944,valid,,71.0,72.0,8.0,7.0,8.0,15.0,47.0
2442,RHEA:22948,valid,,20.0,20.0,13.0,12.0,7.0,19.0,67.0
2443,RHEA:22956,valid,,23.0,23.0,6.0,2.0,6.0,8.0,19.0
2444,RHEA:22960,valid,,53.0,54.0,11.0,7.0,7.0,14.0,56.0
2445,RHEA:22964,valid,,9.0,9.0,3.0,2.0,2.0,4.0,19.0
2446,RHEA:22976,valid,,111.0,111.0,6.0,4.0,3.0,7.0,36.0
2447,RHEA:22996,valid,,14.0,14.0,7.0,4.0,5.0,9.0,31.0
2448,RHEA:23004,valid,,110.0,111.0,4.0,4.0,1.0,5.0,27.0
2449,RHEA:23008,valid,,28.0,28.0,3.0,2.0,2.0,4.0,16.0
2450,RHEA:23012,valid,,31.0,31.0,3.0,2.0,2.0,4.0,20.0
2451,RHEA:23028,valid,,61.0,61.0,3.0,2.0,2.0,4.0,22.0
2452,RHEA:23032,valid,,51.0,52.0,10.0,9.0,9.0,18.0,63.0
2453,RHEA:23048,valid,,17.0,17.0,4.0,2.0,4.0,6.0,24.0
2454,RHEA:23052,valid,,39.0,40.0,3.0,2.0,2.0,4.0,22.0
2455,RHEA:23056,valid,,4.0,4.0,3.0,2.0,2.0,4.0,14.0
2456,RHEA:23060,valid,,39.0,39.0,6.0,4.0,3.0,7.0,37.0
2457,RHEA:23064,valid,,39.0,41.0,13.0,9.0,7.0,16.0,64.0
2458,RHEA:23068,zero_fallback,missing_mapping,,,,,,,
2459,RHEA:23080,valid,,12.0,12.0,4.0,2.0,4.0,6.0,22.0
2460,RHEA:23084,valid,,63.0,63.0,3.0,2.0,2.0,4.0,20.0
2461,RHEA:23092,valid,,15.0,15.0,3.0,2.0,2.0,4.0,19.0
2462,RHEA:23096,valid,,41.0,42.0,3.0,2.0,2.0,4.0,22.0
2463,RHEA:23104,valid,,14.0,14.0,4.0,2.0,4.0,6.0,24.0
2464,RHEA:23108,valid,,11.0,12.0,3.0,2.0,2.0,4.0,18.0
2465,RHEA:23112,valid,,3.0,3.0,2.0,1.0,1.0,2.0,11.0
2466,RHEA:23116,valid,,89.0,89.0,6.0,4.0,3.0,7.0,36.0
2467,RHEA:23120,valid,,43.0,44.0,4.0,2.0,3.0,5.0,21.0
2468,RHEA:23124,valid,,22.0,22.0,7.0,6.0,2.0,8.0,33.0
2469,RHEA:23128,valid,,86.0,86.0,6.0,4.0,3.0,7.0,36.0
2470,RHEA:23132,valid,,28.0,35.0,12.0,7.0,10.0,17.0,30.0
2471,RHEA:23136,valid,,29.0,30.0,3.0,2.0,2.0,4.0,18.0
2472,RHEA:23148,valid,,36.0,36.0,4.0,4.0,0.0,4.0,26.0
2473,RHEA:23156,valid,,13.0,13.0,3.0,2.0,2.0,4.0,17.0
2474,RHEA:23160,valid,,11.0,11.0,4.0,2.0,4.0,6.0,25.0
2475,RHEA:23164,valid,,62.0,63.0,3.0,2.0,2.0,4.0,22.0
2476,RHEA:23172,valid,,39.0,40.0,3.0,2.0,2.0,4.0,22.0
2477,RHEA:23176,valid,,83.0,83.0,6.0,4.0,3.0,7.0,35.0
2478,RHEA:23184,valid,,34.0,34.0,4.0,2.0,3.0,5.0,29.0
2479,RHEA:23188,valid,,49.0,50.0,8.0,7.0,8.0,15.0,48.0
2480,RHEA:23192,zero_fallback,missing_mapping,,,,,,,
2481,RHEA:23196,valid,,120.0,123.0,18.0,12.0,9.0,21.0,49.0
2482,RHEA:23208,valid,,60.0,60.0,4.0,4.0,0.0,4.0,23.0
2483,RHEA:23220,valid,,89.0,89.0,6.0,4.0,3.0,7.0,36.0
2484,RHEA:23224,valid,,52.0,53.0,3.0,2.0,2.0,4.0,22.0
2485,RHEA:23228,valid,,60.0,60.0,9.0,8.0,9.0,17.0,51.0
2486,RHEA:23232,valid,,6.0,10.0,6.0,1.0,6.0,7.0,9.0
2487,RHEA:23236,valid,,13.0,14.0,3.0,2.0,2.0,4.0,17.0
2488,RHEA:23240,valid,,44.0,45.0,3.0,2.0,2.0,4.0,22.0
2489,RHEA:23244,valid,,29.0,30.0,3.0,2.0,2.0,4.0,22.0
2490,RHEA:23248,valid,,39.0,40.0,3.0,2.0,2.0,4.0,19.0
2491,RHEA:23252,valid,,34.0,34.0,4.0,2.0,4.0,6.0,20.0
2492,RHEA:23260,valid,,67.0,68.0,8.0,7.0,8.0,15.0,48.0
2493,RHEA:23284,valid,,14.0,14.0,3.0,2.0,2.0,4.0,20.0
2494,RHEA:23288,valid,,95.0,96.0,8.0,7.0,8.0,15.0,49.0
2495,RHEA:23292,valid,,48.0,49.0,3.0,2.0,2.0,4.0,22.0
2496,RHEA:23296,valid,,21.0,21.0,3.0,2.0,2.0,4.0,20.0
2497,RHEA:23300,valid,,33.0,33.0,8.0,6.0,3.0,9.0,46.0
2498,RHEA:23304,valid,,22.0,23.0,3.0,2.0,2.0,4.0,18.0
2499,RHEA:23312,valid,,46.0,46.0,3.0,2.0,2.0,4.0,22.0
2500,RHEA:23324,valid,,63.0,63.0,14.0,14.0,2.0,16.0,56.0
2501,RHEA:23328,valid,,34.0,34.0,4.0,4.0,0.0,4.0,17.0
2502,RHEA:23336,valid,,4.0,4.0,4.0,2.0,4.0,6.0,10.0
2503,RHEA:23344,valid,,21.0,21.0,3.0,2.0,2.0,4.0,19.0
2504,RHEA:23348,valid,,13.0,13.0,5.0,4.0,2.0,6.0,32.0
2505,RHEA:23352,valid,,17.0,17.0,5.0,6.0,2.0,8.0,30.0
2506,RHEA:23356,valid,,39.0,40.0,3.0,2.0,2.0,4.0,22.0
2507,RHEA:23360,valid,,50.0,51.0,3.0,2.0,2.0,4.0,22.0
2508,RHEA:23368,valid,,11.0,11.0,3.0,2.0,2.0,4.0,18.0
2509,RHEA:23372,valid,,81.0,82.0,6.0,4.0,3.0,7.0,34.0
2510,RHEA:23384,valid,,23.0,23.0,0.0,0.0,0.0,0.0,0.0
2511,RHEA:23388,valid,,67.0,68.0,3.0,2.0,2.0,4.0,22.0
2512,RHEA:23396,valid,,21.0,22.0,3.0,2.0,2.0,4.0,19.0
2513,RHEA:23404,valid,,39.0,39.0,4.0,2.0,3.0,5.0,28.0
2514,RHEA:23408,valid,,112.0,114.0,13.0,12.0,12.0,24.0,80.0
2515,RHEA:23412,valid,,10.0,10.0,3.0,2.0,2.0,4.0,18.0
2516,RHEA:23416,valid,,15.0,15.0,4.0,2.0,3.0,5.0,22.0
2517,RHEA:23420,valid,,28.0,28.0,3.0,2.0,2.0,4.0,17.0
2518,RHEA:23424,valid,,16.0,16.0,3.0,2.0,2.0,4.0,22.0
2519,RHEA:23428,valid,,102.0,103.0,6.0,6.0,1.0,7.0,35.0
2520,RHEA:23432,valid,,43.0,44.0,11.0,7.0,7.0,14.0,57.0
2521,RHEA:23436,valid,,24.0,24.0,3.0,2.0,2.0,4.0,19.0
2522,RHEA:23444,valid,,50.0,51.0,8.0,7.0,8.0,15.0,48.0
2523,RHEA:23448,valid,,45.0,45.0,4.0,2.0,3.0,5.0,29.0
2524,RHEA:23452,valid,,49.0,50.0,3.0,2.0,2.0,4.0,22.0
2525,RHEA:23464,valid,,90.0,91.0,3.0,2.0,2.0,4.0,22.0
2526,RHEA:23468,valid,,57.0,57.0,11.0,10.0,10.0,20.0,56.0
2527,RHEA:23472,valid,,114.0,114.0,8.0,8.0,0.0,8.0,24.0
2528,RHEA:23476,valid,,23.0,23.0,8.0,7.0,5.0,12.0,49.0
2529,RHEA:23480,valid,,10.0,10.0,3.0,2.0,2.0,4.0,17.0
2530,RHEA:23484,valid,,24.0,26.0,5.0,3.0,2.0,5.0,19.0
2531,RHEA:23488,valid,,56.0,56.0,14.0,14.0,14.0,28.0,47.0
2532,RHEA:23500,valid,,60.0,60.0,6.0,4.0,4.0,8.0,37.0
2533,RHEA:23504,valid,,87.0,87.0,3.0,2.0,2.0,4.0,19.0
2534,RHEA:23508,valid,,27.0,27.0,3.0,2.0,2.0,4.0,19.0
2535,RHEA:23512,valid,,28.0,28.0,3.0,2.0,2.0,4.0,21.0
2536,RHEA:23516,valid,,38.0,39.0,3.0,2.0,2.0,4.0,22.0
2537,RHEA:23520,valid,,56.0,56.0,4.0,4.0,0.0,4.0,23.0
2538,RHEA:23532,valid,,108.0,108.0,6.0,4.0,3.0,7.0,36.0
2539,RHEA:23536,valid,,16.0,16.0,3.0,2.0,2.0,4.0,22.0
2540,RHEA:23540,valid,,64.0,64.0,6.0,4.0,3.0,7.0,36.0
2541,RHEA:23548,valid,,52.0,53.0,3.0,2.0,2.0,4.0,20.0
2542,RHEA:23552,valid,,50.0,51.0,8.0,7.0,8.0,15.0,48.0
2543,RHEA:23560,zero_fallback,missing_mapping,,,,,,,
2544,RHEA:23568,valid,,40.0,40.0,3.0,2.0,2.0,4.0,19.0
2545,RHEA:23572,zero_fallback,missing_mapping,,,,,,,
2546,RHEA:23576,valid,,77.0,78.0,12.0,7.0,8.0,15.0,60.0
2547,RHEA:23580,valid,,25.0,25.0,3.0,2.0,2.0,4.0,18.0
2548,RHEA:23584,valid,,64.0,65.0,6.0,4.0,3.0,7.0,34.0
2549,RHEA:23592,valid,,54.0,55.0,8.0,7.0,8.0,15.0,48.0
2550,RHEA:23596,valid,,125.0,128.0,15.0,14.0,15.0,29.0,53.0
2551,RHEA:23604,valid,,27.0,27.0,3.0,2.0,2.0,4.0,19.0
2552,RHEA:23608,valid,,13.0,13.0,3.0,2.0,2.0,4.0,19.0
2553,RHEA:23620,valid,,48.0,49.0,6.0,4.0,3.0,7.0,38.0
2554,RHEA:23624,valid,,70.0,71.0,12.0,12.0,12.0,24.0,66.0
2555,RHEA:23628,valid,,65.0,66.0,3.0,2.0,2.0,4.0,21.0
2556,RHEA:23632,valid,,57.0,57.0,11.0,9.0,10.0,19.0,63.0
2557,RHEA:23640,valid,,21.0,21.0,13.0,10.0,8.0,18.0,54.0
2558,RHEA:23644,valid,,60.0,61.0,11.0,7.0,7.0,14.0,57.0
2559,RHEA:23648,valid,,83.0,84.0,8.0,7.0,8.0,15.0,46.0
2560,RHEA:23652,valid,,10.0,10.0,3.0,2.0,2.0,4.0,19.0
2561,RHEA:23656,valid,,13.0,14.0,3.0,2.0,2.0,4.0,22.0
2562,RHEA:23660,valid,,12.0,12.0,6.0,6.0,6.0,12.0,42.0
2563,RHEA:23664,valid,,7.0,9.0,5.0,3.0,2.0,5.0,19.0
2564,RHEA:23668,valid,,58.0,59.0,6.0,4.0,3.0,7.0,37.0
2565,RHEA:23672,valid,,25.0,25.0,10.0,9.0,10.0,19.0,31.0
2566,RHEA:23676,valid,,102.0,103.0,6.0,4.0,3.0,7.0,34.0
2567,RHEA:23680,valid,,23.0,24.0,3.0,2.0,2.0,4.0,18.0
2568,RHEA:23684,valid,,59.0,61.0,12.0,8.0,7.0,15.0,62.0
2569,RHEA:23688,valid,,11.0,11.0,6.0,2.0,5.0,7.0,30.0
2570,RHEA:23692,valid,,9.0,9.0,3.0,2.0,2.0,4.0,16.0
2571,RHEA:23696,valid,,14.0,15.0,6.0,4.0,4.0,8.0,30.0
2572,RHEA:23700,valid,,34.0,35.0,3.0,2.0,2.0,4.0,19.0
2573,RHEA:23704,valid,,36.0,39.0,17.0,11.0,12.0,23.0,76.0
2574,RHEA:23720,valid,,87.0,88.0,8.0,5.0,6.0,11.0,42.0
2575,RHEA:23728,valid,,27.0,27.0,13.0,12.0,7.0,19.0,52.0
2576,RHEA:23732,valid,,49.0,49.0,8.0,6.0,4.0,10.0,44.0
2577,RHEA:23736,valid,,14.0,15.0,6.0,4.0,4.0,8.0,37.0
2578,RHEA:23744,valid,,24.0,24.0,6.0,8.0,0.0,8.0,32.0
2579,RHEA:23756,valid,,12.0,13.0,5.0,2.0,5.0,7.0,23.0
2580,RHEA:23768,valid,,72.0,73.0,3.0,2.0,2.0,4.0,22.0
2581,RHEA:23772,valid,,58.0,59.0,12.0,12.0,12.0,24.0,59.0
2582,RHEA:23776,valid,,40.0,40.0,4.0,4.0,0.0,4.0,26.0
2583,RHEA:23780,valid,,62.0,63.0,6.0,4.0,4.0,8.0,37.0
2584,RHEA:23784,valid,,20.0,21.0,10.0,9.0,10.0,19.0,33.0
2585,RHEA:23788,valid,,99.0,99.0,6.0,4.0,3.0,7.0,35.0
2586,RHEA:23796,valid,,27.0,28.0,3.0,2.0,2.0,4.0,17.0
2587,RHEA:23800,valid,,10.0,10.0,5.0,3.0,5.0,8.0,30.0
2588,RHEA:23804,valid,,19.0,19.0,3.0,2.0,2.0,4.0,22.0
2589,RHEA:23808,valid,,51.0,52.0,3.0,2.0,2.0,4.0,19.0
2590,RHEA:23812,valid,,59.0,60.0,8.0,7.0,8.0,15.0,45.0
2591,RHEA:23820,valid,,39.0,39.0,4.0,2.0,4.0,6.0,24.0
2592,RHEA:23824,valid,,55.0,56.0,12.0,12.0,12.0,24.0,61.0
2593,RHEA:23828,valid,,61.0,62.0,8.0,7.0,8.0,15.0,48.0
2594,RHEA:23832,valid,,46.0,47.0,3.0,2.0,2.0,4.0,22.0
2595,RHEA:23840,valid,,15.0,16.0,9.0,10.0,8.0,18.0,44.0
2596,RHEA:23844,valid,,45.0,46.0,3.0,2.0,2.0,4.0,22.0
2597,RHEA:23852,valid,,10.0,12.0,10.0,9.0,8.0,17.0,31.0
2598,RHEA:23856,valid,,49.0,49.0,7.0,6.0,7.0,13.0,38.0
2599,RHEA:23860,valid,,76.0,76.0,3.0,2.0,2.0,4.0,20.0
2600,RHEA:23864,valid,,37.0,37.0,4.0,4.0,0.0,4.0,23.0
2601,RHEA:23872,valid,,49.0,50.0,8.0,7.0,8.0,15.0,48.0
2602,RHEA:23880,valid,,22.0,22.0,6.0,4.0,2.0,6.0,39.0
2603,RHEA:23884,valid,,36.0,36.0,3.0,2.0,2.0,4.0,19.0
2604,RHEA:23896,valid,,12.0,12.0,4.0,2.0,4.0,6.0,25.0
2605,RHEA:23900,valid,,16.0,16.0,3.0,2.0,2.0,4.0,17.0
2606,RHEA:23904,valid,,21.0,21.0,4.0,4.0,0.0,4.0,22.0
2607,RHEA:23908,zero_fallback,missing_mapping,,,,,,,
2608,RHEA:23916,valid,,37.0,37.0,3.0,2.0,2.0,4.0,19.0
2609,RHEA:23920,valid,,30.0,30.0,3.0,2.0,2.0,4.0,19.0
2610,RHEA:23928,valid,,14.0,14.0,3.0,2.0,2.0,4.0,18.0
2611,RHEA:23932,valid,,19.0,19.0,3.0,2.0,2.0,4.0,20.0
2612,RHEA:23936,valid,,61.0,62.0,8.0,7.0,8.0,15.0,48.0
2613,RHEA:23940,valid,,57.0,58.0,8.0,7.0,8.0,15.0,48.0
2614,RHEA:23944,valid,,49.0,50.0,3.0,2.0,2.0,4.0,22.0
2615,RHEA:23948,valid,,51.0,52.0,8.0,7.0,8.0,15.0,48.0
2616,RHEA:23956,valid,,47.0,48.0,3.0,2.0,2.0,4.0,22.0
2617,RHEA:23964,valid,,62.0,64.0,8.0,7.0,8.0,15.0,47.0
2618,RHEA:23968,valid,,58.0,60.0,8.0,7.0,8.0,15.0,47.0
2619,RHEA:23972,valid,,57.0,57.0,3.0,2.0,2.0,4.0,19.0
2620,RHEA:23976,valid,,49.0,49.0,6.0,4.0,3.0,7.0,34.0
2621,RHEA:23984,valid,,76.0,77.0,8.0,7.0,8.0,15.0,48.0
2622,RHEA:23988,valid,,23.0,24.0,6.0,6.0,2.0,8.0,38.0
2623,RHEA:23996,valid,,23.0,24.0,3.0,2.0,2.0,4.0,19.0
2624,RHEA:24000,valid,,33.0,33.0,5.0,3.0,2.0,5.0,32.0
2625,RHEA:24004,valid,,106.0,106.0,10.0,6.0,6.0,12.0,52.0
2626,RHEA:24012,valid,,57.0,58.0,3.0,2.0,2.0,4.0,20.0
2627,RHEA:24016,valid,,73.0,73.0,9.0,8.0,4.0,12.0,57.0
2628,RHEA:24020,valid,,20.0,20.0,3.0,2.0,2.0,4.0,19.0
2629,RHEA:24028,valid,,22.0,22.0,6.0,6.0,2.0,8.0,31.0
2630,RHEA:24036,valid,,45.0,45.0,4.0,4.0,0.0,4.0,22.0
2631,RHEA:24040,zero_fallback,missing_mapping,,,,,,,
2632,RHEA:24044,valid,,13.0,14.0,9.0,11.0,8.0,19.0,45.0
2633,RHEA:24048,valid,,28.0,28.0,11.0,10.0,2.0,12.0,52.0
2634,RHEA:24064,valid,,18.0,19.0,7.0,7.0,7.0,14.0,36.0
2635,RHEA:24068,valid,,57.0,57.0,10.0,10.0,7.0,17.0,54.0
2636,RHEA:24076,valid,,65.0,66.0,8.0,7.0,8.0,15.0,47.0
2637,RHEA:24080,valid,,69.0,70.0,7.0,4.0,4.0,8.0,42.0
2638,RHEA:24084,valid,,52.0,52.0,6.0,4.0,3.0,7.0,27.0
2639,RHEA:24100,valid,,12.0,14.0,3.0,2.0,2.0,4.0,16.0
2640,RHEA:24104,valid,,38.0,38.0,11.0,10.0,2.0,12.0,57.0
2641,RHEA:24116,valid,,9.0,14.0,7.0,4.0,2.0,6.0,19.0
2642,RHEA:24132,valid,,36.0,36.0,4.0,4.0,2.0,6.0,22.0
2643,RHEA:24136,valid,,33.0,35.0,3.0,2.0,2.0,4.0,20.0
2644,RHEA:24140,valid,,52.0,53.0,3.0,2.0,2.0,4.0,19.0
2645,RHEA:24148,valid,,19.0,22.0,4.0,1.0,4.0,5.0,18.0
2646,RHEA:24152,valid,,58.0,59.0,3.0,2.0,2.0,4.0,22.0
2647,RHEA:24160,valid,,14.0,14.0,7.0,4.0,6.0,10.0,28.0
2648,RHEA:24164,valid,,27.0,27.0,4.0,2.0,3.0,5.0,18.0
2649,RHEA:24168,valid,,76.0,77.0,6.0,6.0,1.0,7.0,35.0
2650,RHEA:24176,valid,,70.0,70.0,9.0,5.0,7.0,12.0,52.0
2651,RHEA:24180,valid,,65.0,66.0,3.0,2.0,2.0,4.0,22.0
2652,RHEA:24184,valid,,14.0,14.0,3.0,2.0,2.0,4.0,19.0
2653,RHEA:24188,valid,,59.0,60.0,12.0,11.0,10.0,21.0,63.0
2654,RHEA:24192,valid,,58.0,59.0,9.0,8.0,9.0,17.0,51.0
2655,RHEA:24196,valid,,54.0,55.0,9.0,8.0,9.0,17.0,51.0
2656,RHEA:24204,valid,,12.0,12.0,8.0,5.0,5.0,10.0,46.0
2657,RHEA:24208,valid,,59.0,60.0,8.0,7.0,8.0,15.0,46.0
2658,RHEA:24212,valid,,40.0,41.0,3.0,2.0,2.0,4.0,22.0
2659,RHEA:24216,valid,,61.0,63.0,8.0,7.0,8.0,15.0,47.0
2660,RHEA:24232,valid,,56.0,57.0,8.0,7.0,8.0,15.0,48.0
2661,RHEA:24236,valid,,7.0,10.0,4.0,1.0,4.0,5.0,13.0
2662,RHEA:24240,valid,,30.0,30.0,6.0,4.0,4.0,8.0,25.0
2663,RHEA:24244,valid,,58.0,59.0,8.0,7.0,8.0,15.0,47.0
2664,RHEA:24248,valid,,11.0,11.0,4.0,4.0,2.0,6.0,26.0
2665,RHEA:24252,valid,,54.0,56.0,3.0,2.0,2.0,4.0,17.0
2666,RHEA:24256,valid,,64.0,65.0,3.0,2.0,2.0,4.0,22.0
2667,RHEA:24260,valid,,11.0,11.0,5.0,4.0,2.0,6.0,31.0
2668,RHEA:24264,valid,,16.0,16.0,3.0,2.0,2.0,4.0,20.0
2669,RHEA:24284,valid,,61.0,62.0,8.0,7.0,8.0,15.0,50.0
2670,RHEA:24292,valid,,61.0,62.0,3.0,2.0,2.0,4.0,22.0
2671,RHEA:24296,valid,,12.0,13.0,3.0,2.0,2.0,4.0,19.0
2672,RHEA:24304,valid,,27.0,27.0,5.0,4.0,2.0,6.0,31.0
2673,RHEA:24308,valid,,62.0,63.0,11.0,7.0,7.0,14.0,57.0
2674,RHEA:24312,valid,,38.0,39.0,3.0,2.0,2.0,4.0,20.0
2675,RHEA:24316,valid,,29.0,29.0,7.0,6.0,5.0,11.0,40.0
2676,RHEA:24336,valid,,83.0,83.0,6.0,4.0,3.0,7.0,35.0
2677,RHEA:24340,valid,,50.0,51.0,8.0,7.0,8.0,15.0,48.0
2678,RHEA:24360,valid,,63.0,63.0,21.0,24.0,18.0,42.0,83.0
2679,RHEA:24364,valid,,62.0,62.0,6.0,4.0,4.0,8.0,37.0
2680,RHEA:24368,valid,,9.0,9.0,3.0,2.0,2.0,4.0,18.0
2681,RHEA:24372,valid,,53.0,54.0,3.0,2.0,2.0,4.0,19.0
2682,RHEA:24376,valid,,58.0,59.0,6.0,4.0,3.0,7.0,37.0
2683,RHEA:24380,valid,,65.0,66.0,3.0,2.0,2.0,4.0,21.0
2684,RHEA:24384,valid,,86.0,87.0,15.0,14.0,2.0,16.0,63.0
2685,RHEA:24388,valid,,22.0,22.0,4.0,2.0,3.0,5.0,28.0
2686,RHEA:24392,valid,,57.0,58.0,9.0,10.0,1.0,11.0,40.0
2687,RHEA:24396,valid,,14.0,14.0,8.0,7.0,6.0,13.0,41.0
2688,RHEA:24400,valid,,52.0,52.0,4.0,4.0,0.0,4.0,22.0
2689,RHEA:24404,valid,,58.0,58.0,3.0,2.0,2.0,4.0,20.0
2690,RHEA:24408,valid,,20.0,20.0,3.0,2.0,2.0,4.0,16.0
2691,RHEA:24412,valid,,56.0,57.0,8.0,7.0,8.0,15.0,48.0
2692,RHEA:24420,valid,,12.0,12.0,3.0,2.0,2.0,4.0,18.0
2693,RHEA:24424,valid,,52.0,52.0,7.0,4.0,5.0,9.0,35.0
2694,RHEA:24432,valid,,10.0,11.0,3.0,2.0,2.0,4.0,19.0
2695,RHEA:24436,valid,,40.0,40.0,6.0,4.0,2.0,6.0,16.0
2696,RHEA:24440,valid,,37.0,38.0,4.0,2.0,3.0,5.0,21.0
2697,RHEA:24444,valid,,137.0,138.0,5.0,4.0,2.0,6.0,31.0
2698,RHEA:24448,valid,,84.0,84.0,4.0,2.0,3.0,5.0,29.0
2699,RHEA:24452,valid,,38.0,38.0,3.0,2.0,2.0,4.0,20.0
2700,RHEA:24456,valid,,25.0,25.0,4.0,2.0,3.0,5.0,22.0
2701,RHEA:24460,valid,,35.0,35.0,3.0,2.0,2.0,4.0,19.0
2702,RHEA:24464,valid,,16.0,16.0,3.0,2.0,2.0,4.0,20.0
2703,RHEA:24468,valid,,59.0,59.0,9.0,8.0,9.0,17.0,50.0
2704,RHEA:24488,valid,,23.0,25.0,6.0,3.0,4.0,7.0,31.0
2705,RHEA:24496,valid,,81.0,81.0,3.0,2.0,2.0,4.0,20.0
2706,RHEA:24504,valid,,12.0,14.0,6.0,4.0,2.0,6.0,25.0
2707,RHEA:24508,valid,,73.0,74.0,8.0,7.0,8.0,15.0,46.0
2708,RHEA:24512,valid,,12.0,12.0,3.0,2.0,2.0,4.0,19.0
2709,RHEA:24516,valid,,82.0,83.0,3.0,2.0,2.0,4.0,22.0
2710,RHEA:24520,valid,,64.0,65.0,9.0,8.0,9.0,17.0,54.0
2711,RHEA:24524,valid,,51.0,51.0,5.0,2.0,5.0,7.0,23.0
2712,RHEA:24528,valid,,49.0,50.0,8.0,7.0,8.0,15.0,48.0
2713,RHEA:24536,valid,,17.0,17.0,7.0,7.0,3.0,10.0,40.0
2714,RHEA:24540,valid,,13.0,15.0,5.0,3.0,2.0,5.0,19.0
2715,RHEA:24544,valid,,14.0,14.0,5.0,4.0,4.0,8.0,24.0
2716,RHEA:24560,valid,,58.0,58.0,3.0,2.0,2.0,4.0,20.0
2717,RHEA:24564,valid,,62.0,62.0,4.0,4.0,0.0,4.0,24.0
2718,RHEA:24568,valid,,18.0,18.0,3.0,2.0,2.0,4.0,15.0
2719,RHEA:24576,valid,,10.0,11.0,5.0,4.0,2.0,6.0,25.0
2720,RHEA:24580,valid,,17.0,17.0,3.0,2.0,2.0,4.0,17.0
2721,RHEA:24592,valid,,37.0,37.0,5.0,4.0,1.0,5.0,29.0
2722,RHEA:24596,valid,,62.0,63.0,5.0,2.0,4.0,6.0,35.0
2723,RHEA:24600,valid,,7.0,7.0,4.0,2.0,3.0,5.0,14.0
2724,RHEA:24604,valid,,39.0,40.0,3.0,2.0,2.0,4.0,20.0
2725,RHEA:24608,valid,,13.0,13.0,6.0,4.0,4.0,8.0,30.0
2726,RHEA:24612,valid,,64.0,65.0,8.0,7.0,8.0,15.0,47.0
2727,RHEA:24616,valid,,68.0,69.0,8.0,7.0,8.0,15.0,47.0
2728,RHEA:24620,valid,,53.0,54.0,8.0,7.0,8.0,15.0,48.0
2729,RHEA:24624,valid,,62.0,63.0,7.0,4.0,4.0,8.0,42.0
2730,RHEA:24628,valid,,135.0,140.0,28.0,35.0,24.0,59.0,88.0
2731,RHEA:24632,zero_fallback,missing_mapping,,,,,,,
2732,RHEA:24636,valid,,45.0,45.0,7.0,6.0,7.0,13.0,39.0
2733,RHEA:24640,valid,,41.0,41.0,3.0,2.0,2.0,4.0,16.0
2734,RHEA:24670,valid,,55.0,56.0,12.0,13.0,9.0,22.0,67.0
2735,RHEA:24674,valid,,48.0,49.0,3.0,2.0,2.0,4.0,22.0
2736,RHEA:24678,valid,,55.0,55.0,4.0,3.0,3.0,6.0,21.0
2737,RHEA:24682,valid,,102.0,102.0,8.0,7.0,8.0,15.0,48.0
2738,RHEA:24686,valid,,56.0,56.0,3.0,2.0,2.0,4.0,18.0
2739,RHEA:24690,valid,,64.0,64.0,10.0,9.0,8.0,17.0,62.0
2740,RHEA:24694,valid,,64.0,64.0,8.0,7.0,8.0,15.0,50.0
2741,RHEA:24698,zero_fallback,missing_mapping,,,,,,,
2742,RHEA:24702,valid,,81.0,81.0,11.0,9.0,10.0,19.0,60.0
2743,RHEA:24706,valid,,68.0,69.0,3.0,2.0,2.0,4.0,21.0
2744,RHEA:24710,valid,,44.0,44.0,4.0,4.0,2.0,6.0,26.0
2745,RHEA:24726,valid,,45.0,46.0,3.0,2.0,2.0,4.0,20.0
2746,RHEA:24734,valid,,17.0,17.0,4.0,2.0,4.0,6.0,25.0
2747,RHEA:24752,valid,,54.0,57.0,5.0,1.0,5.0,6.0,28.0
2748,RHEA:24764,valid,,43.0,43.0,0.0,0.0,0.0,0.0,0.0
2749,RHEA:24768,valid,,90.0,91.0,8.0,7.0,8.0,15.0,48.0
2750,RHEA:24772,valid,,94.0,95.0,8.0,7.0,8.0,15.0,48.0
2751,RHEA:24785,valid,,58.0,58.0,9.0,8.0,9.0,17.0,49.0
2752,RHEA:24793,valid,,47.0,48.0,8.0,9.0,7.0,16.0,57.0
2753,RHEA:24801,valid,,19.0,19.0,4.0,4.0,2.0,6.0,26.0
2754,RHEA:24809,valid,,9.0,9.0,4.0,2.0,4.0,6.0,23.0
2755,RHEA:24813,valid,,18.0,18.0,4.0,4.0,0.0,4.0,24.0
2756,RHEA:24825,valid,,23.0,25.0,4.0,1.0,4.0,5.0,19.0
2757,RHEA:24829,valid,,52.0,53.0,6.0,4.0,3.0,7.0,34.0
2758,RHEA:24836,valid,,56.0,56.0,5.0,4.0,2.0,6.0,33.0
2759,RHEA:24840,valid,,46.0,49.0,14.0,14.0,9.0,23.0,79.0
2760,RHEA:24844,valid,,46.0,46.0,11.0,10.0,4.0,14.0,42.0
2761,RHEA:24848,valid,,12.0,12.0,7.0,7.0,7.0,14.0,39.0
2762,RHEA:24869,valid,,23.0,23.0,4.0,2.0,3.0,5.0,28.0
2763,RHEA:24873,valid,,12.0,12.0,3.0,2.0,2.0,4.0,17.0
2764,RHEA:24878,valid,,13.0,15.0,8.0,5.0,4.0,9.0,38.0
2765,RHEA:24898,valid,,64.0,64.0,10.0,6.0,6.0,12.0,38.0
2766,RHEA:24902,valid,,47.0,48.0,3.0,2.0,2.0,4.0,19.0
2767,RHEA:24906,valid,,13.0,13.0,3.0,2.0,2.0,4.0,18.0
2768,RHEA:24923,valid,,8.0,8.0,4.0,3.0,4.0,7.0,26.0
2769,RHEA:24927,valid,,15.0,15.0,5.0,3.0,5.0,8.0,29.0
2770,RHEA:24931,valid,,8.0,9.0,5.0,3.0,5.0,8.0,27.0
2771,RHEA:24952,valid,,51.0,52.0,5.0,4.0,3.0,7.0,35.0
2772,RHEA:24964,valid,,40.0,40.0,5.0,2.0,5.0,7.0,23.0
2773,RHEA:24968,valid,,39.0,39.0,5.0,2.0,5.0,7.0,23.0
2774,RHEA:24972,valid,,41.0,41.0,6.0,2.0,6.0,8.0,25.0
2775,RHEA:24976,valid,,41.0,41.0,5.0,2.0,5.0,7.0,23.0
2776,RHEA:24980,valid,,43.0,43.0,5.0,4.0,1.0,5.0,31.0
2777,RHEA:24984,valid,,36.0,36.0,6.0,2.0,6.0,8.0,25.0
2778,RHEA:24988,valid,,36.0,36.0,6.0,3.0,5.0,8.0,27.0
2779,RHEA:25017,valid,,40.0,40.0,3.0,2.0,2.0,4.0,17.0
2780,RHEA:25021,valid,,56.0,57.0,3.0,2.0,2.0,4.0,22.0
2781,RHEA:25025,valid,,21.0,21.0,3.0,2.0,2.0,4.0,16.0
2782,RHEA:25029,valid,,41.0,41.0,4.0,2.0,3.0,5.0,22.0
2783,RHEA:25033,valid,,69.0,70.0,8.0,7.0,8.0,15.0,48.0
2784,RHEA:25037,valid,,60.0,60.0,4.0,2.0,3.0,5.0,29.0
2785,RHEA:25041,valid,,39.0,39.0,9.0,5.0,7.0,12.0,45.0
2786,RHEA:25054,valid,,15.0,16.0,9.0,10.0,8.0,18.0,44.0
2787,RHEA:25058,valid,,57.0,57.0,14.0,17.0,14.0,31.0,67.0
2788,RHEA:25062,valid,,57.0,58.0,12.0,12.0,12.0,24.0,63.0
2789,RHEA:25066,valid,,57.0,58.0,12.0,12.0,12.0,24.0,63.0
2790,RHEA:25070,valid,,89.0,89.0,6.0,4.0,3.0,7.0,36.0
2791,RHEA:25074,valid,,22.0,22.0,3.0,2.0,2.0,4.0,19.0
2792,RHEA:25094,valid,,51.0,51.0,4.0,4.0,0.0,4.0,22.0
2793,RHEA:25098,valid,,56.0,56.0,4.0,4.0,0.0,4.0,22.0
2794,RHEA:25104,valid,,43.0,44.0,3.0,2.0,2.0,4.0,22.0
2795,RHEA:25108,valid,,43.0,44.0,3.0,2.0,2.0,4.0,22.0
2796,RHEA:25112,valid,,17.0,17.0,4.0,2.0,3.0,5.0,22.0
2797,RHEA:25135,valid,,17.0,17.0,3.0,2.0,2.0,4.0,17.0
2798,RHEA:25143,valid,,17.0,18.0,3.0,2.0,2.0,4.0,19.0
2799,RHEA:25156,valid,,57.0,58.0,6.0,4.0,3.0,7.0,37.0
2800,RHEA:25160,valid,,19.0,19.0,7.0,6.0,2.0,8.0,36.0
2801,RHEA:25173,valid,,14.0,14.0,4.0,3.0,3.0,6.0,23.0
2802,RHEA:25185,valid,,5.0,6.0,3.0,2.0,2.0,4.0,16.0
2803,RHEA:25189,valid,,6.0,7.0,3.0,2.0,2.0,4.0,16.0
2804,RHEA:25193,valid,,53.0,54.0,12.0,12.0,12.0,24.0,62.0
2805,RHEA:25197,valid,,24.0,24.0,4.0,2.0,3.0,5.0,22.0
2806,RHEA:25201,valid,,16.0,16.0,3.0,2.0,2.0,4.0,18.0
2807,RHEA:25213,valid,,69.0,71.0,3.0,2.0,2.0,4.0,17.0
2808,RHEA:25217,valid,,64.0,65.0,3.0,2.0,2.0,4.0,22.0
2809,RHEA:25221,valid,,10.0,10.0,3.0,2.0,2.0,4.0,19.0
2810,RHEA:25233,valid,,21.0,21.0,0.0,0.0,0.0,0.0,0.0
2811,RHEA:25241,valid,,10.0,10.0,3.0,2.0,2.0,4.0,16.0
2812,RHEA:25245,valid,,26.0,27.0,3.0,2.0,2.0,4.0,19.0
2813,RHEA:25249,valid,,12.0,12.0,5.0,4.0,2.0,6.0,25.0
2814,RHEA:25253,valid,,46.0,47.0,3.0,2.0,2.0,4.0,22.0
2815,RHEA:25265,valid,,12.0,12.0,5.0,3.0,5.0,8.0,22.0
2816,RHEA:25269,valid,,39.0,40.0,3.0,2.0,2.0,4.0,20.0
2817,RHEA:25273,valid,,99.0,100.0,6.0,4.0,3.0,7.0,34.0
2818,RHEA:25277,valid,,23.0,24.0,3.0,2.0,2.0,4.0,19.0
2819,RHEA:25282,zero_fallback,ValueError:RDKit could not parse mapped reaction,,,,,,,
2820,RHEA:25286,valid,,130.0,134.0,36.0,24.0,21.0,45.0,82.0
2821,RHEA:25290,valid,,47.0,48.0,8.0,7.0,8.0,15.0,46.0
2822,RHEA:25294,valid,,48.0,50.0,8.0,7.0,8.0,15.0,45.0
2823,RHEA:25298,valid,,52.0,54.0,8.0,7.0,8.0,15.0,45.0
2824,RHEA:25302,valid,,31.0,32.0,5.0,4.0,2.0,6.0,25.0
2825,RHEA:25311,valid,,7.0,7.0,4.0,2.0,4.0,6.0,19.0
2826,RHEA:25315,valid,,26.0,26.0,4.0,4.0,0.0,4.0,24.0
2827,RHEA:25321,valid,,36.0,37.0,3.0,2.0,2.0,4.0,19.0
2828,RHEA:25325,valid,,37.0,38.0,3.0,2.0,2.0,4.0,19.0
2829,RHEA:25347,valid,,36.0,36.0,4.0,2.0,3.0,5.0,24.0
2830,RHEA:25355,valid,,70.0,70.0,3.0,2.0,2.0,4.0,18.0
2831,RHEA:25359,valid,,75.0,79.0,13.0,8.0,8.0,16.0,55.0
2832,RHEA:25363,valid,,67.0,68.0,8.0,7.0,8.0,15.0,47.0
2833,RHEA:25367,valid,,71.0,72.0,8.0,7.0,8.0,15.0,47.0
2834,RHEA:25371,valid,,47.0,47.0,15.0,11.0,11.0,22.0,73.0
2835,RHEA:25375,valid,,55.0,55.0,3.0,2.0,2.0,4.0,18.0
2836,RHEA:25379,valid,,67.0,67.0,3.0,2.0,2.0,4.0,18.0
2837,RHEA:25391,valid,,105.0,107.0,10.0,9.0,8.0,17.0,58.0
2838,RHEA:25395,valid,,22.0,22.0,3.0,2.0,2.0,4.0,17.0
2839,RHEA:25399,valid,,22.0,22.0,3.0,2.0,2.0,4.0,18.0
2840,RHEA:25420,valid,,124.0,124.0,17.0,13.0,14.0,27.0,72.0
2841,RHEA:25424,valid,,33.0,33.0,4.0,2.0,3.0,5.0,29.0
2842,RHEA:25428,valid,,46.0,47.0,3.0,2.0,2.0,4.0,22.0
2843,RHEA:25432,valid,,10.0,10.0,3.0,2.0,2.0,4.0,21.0
2844,RHEA:25436,valid,,24.0,24.0,6.0,4.0,4.0,8.0,41.0
2845,RHEA:25440,valid,,24.0,24.0,11.0,10.0,7.0,17.0,67.0
2846,RHEA:25444,valid,,24.0,24.0,4.0,2.0,3.0,5.0,29.0
2847,RHEA:25448,valid,,24.0,24.0,13.0,14.0,9.0,23.0,70.0
2848,RHEA:25452,valid,,24.0,24.0,6.0,4.0,5.0,9.0,42.0
2849,RHEA:25456,valid,,24.0,24.0,8.0,6.0,5.0,11.0,50.0
2850,RHEA:25460,valid,,24.0,24.0,13.0,14.0,4.0,18.0,63.0
2851,RHEA:25464,valid,,24.0,24.0,10.0,8.0,6.0,14.0,58.0
2852,RHEA:25468,valid,,24.0,43.0,35.0,40.0,12.0,52.0,104.0
2853,RHEA:25472,valid,,24.0,24.0,8.0,6.0,5.0,11.0,51.0
2854,RHEA:25476,valid,,24.0,24.0,8.0,6.0,5.0,11.0,51.0
2855,RHEA:25480,valid,,62.0,62.0,4.0,4.0,0.0,4.0,24.0
2856,RHEA:25484,zero_fallback,ValueError:RDKit could not parse mapped reaction,,,,,,,
2857,RHEA:25488,valid,,19.0,19.0,6.0,4.0,4.0,8.0,40.0
2858,RHEA:25492,zero_fallback,ValueError:RDKit could not parse mapped reaction,,,,,,,
2859,RHEA:25496,valid,,19.0,19.0,9.0,10.0,6.0,16.0,56.0
2860,RHEA:25500,valid,,19.0,19.0,4.0,2.0,3.0,5.0,29.0
2861,RHEA:25504,valid,,19.0,19.0,8.0,6.0,5.0,11.0,51.0
2862,RHEA:25508,valid,,19.0,19.0,8.0,6.0,6.0,12.0,54.0
2863,RHEA:25512,valid,,26.0,26.0,7.0,6.0,4.0,10.0,44.0
2864,RHEA:25524,valid,,29.0,29.0,7.0,6.0,5.0,11.0,41.0
2865,RHEA:25528,valid,,40.0,40.0,3.0,2.0,2.0,4.0,17.0
2866,RHEA:25532,valid,,29.0,29.0,19.0,22.0,11.0,33.0,96.0
2867,RHEA:25536,valid,,29.0,29.0,11.0,11.0,6.0,17.0,65.0
2868,RHEA:25540,valid,,29.0,29.0,11.0,11.0,6.0,17.0,65.0
2869,RHEA:25544,valid,,29.0,29.0,12.0,13.0,8.0,21.0,75.0
2870,RHEA:25548,valid,,9.0,9.0,2.0,0.0,2.0,2.0,14.0
2871,RHEA:25552,valid,,29.0,29.0,9.0,7.0,6.0,13.0,60.0
2872,RHEA:25556,valid,,29.0,29.0,15.0,13.0,8.0,21.0,83.0
2873,RHEA:25560,valid,,29.0,29.0,8.0,6.0,4.0,10.0,53.0
2874,RHEA:25564,valid,,25.0,26.0,3.0,2.0,2.0,4.0,17.0
2875,RHEA:25568,valid,,49.0,50.0,3.0,2.0,2.0,4.0,22.0
2876,RHEA:25576,valid,,48.0,48.0,24.0,21.0,16.0,37.0,53.0
2877,RHEA:25580,valid,,11.0,11.0,0.0,0.0,0.0,0.0,0.0
2878,RHEA:25584,valid,,11.0,11.0,0.0,0.0,0.0,0.0,0.0
2879,RHEA:25593,valid,,26.0,26.0,5.0,4.0,2.0,6.0,30.0
2880,RHEA:25597,valid,,23.0,23.0,7.0,6.0,2.0,8.0,40.0
2881,RHEA:25609,valid,,12.0,12.0,4.0,4.0,0.0,4.0,22.0
2882,RHEA:25613,valid,,29.0,29.0,7.0,8.0,4.0,12.0,31.0
2883,RHEA:25617,valid,,29.0,29.0,6.0,4.0,3.0,7.0,37.0
2884,RHEA:25621,valid,,27.0,76.0,75.0,87.0,17.0,104.0,127.0
2885,RHEA:25625,valid,,11.0,11.0,5.0,3.0,5.0,8.0,22.0
2886,RHEA:25629,valid,,50.0,51.0,3.0,2.0,2.0,4.0,19.0
2887,RHEA:25633,valid,,51.0,52.0,3.0,2.0,2.0,4.0,19.0
2888,RHEA:25637,valid,,52.0,54.0,8.0,7.0,8.0,15.0,47.0
2889,RHEA:25641,valid,,48.0,49.0,6.0,6.0,6.0,12.0,35.0
2890,RHEA:25645,valid,,48.0,49.0,6.0,6.0,6.0,12.0,35.0
2891,RHEA:25649,valid,,48.0,49.0,6.0,6.0,6.0,12.0,35.0
2892,RHEA:25658,valid,,44.0,45.0,15.0,11.0,11.0,22.0,75.0
2893,RHEA:25662,valid,,19.0,19.0,7.0,6.0,3.0,9.0,45.0
2894,RHEA:25666,valid,,19.0,19.0,9.0,10.0,5.0,15.0,55.0
2895,RHEA:25674,valid,,36.0,36.0,4.0,2.0,3.0,5.0,22.0
2896,RHEA:25678,valid,,65.0,65.0,6.0,4.0,3.0,7.0,36.0
2897,RHEA:25686,valid,,34.0,34.0,3.0,2.0,2.0,4.0,19.0
2898,RHEA:25690,valid,,79.0,79.0,5.0,4.0,1.0,5.0,27.0
2899,RHEA:25694,valid,,43.0,43.0,8.0,6.0,3.0,9.0,46.0
2900,RHEA:25759,valid,,29.0,29.0,16.0,20.0,9.0,29.0,84.0
2901,RHEA:25772,valid,,21.0,21.0,6.0,6.0,2.0,8.0,31.0
2902,RHEA:25776,valid,,12.0,12.0,0.0,0.0,0.0,0.0,0.0
2903,RHEA:25780,valid,,128.0,131.0,20.0,23.0,16.0,39.0,87.0
2904,RHEA:25784,valid,,11.0,11.0,3.0,2.0,2.0,4.0,20.0
2905,RHEA:25788,valid,,13.0,13.0,3.0,2.0,2.0,4.0,20.0
2906,RHEA:25792,valid,,33.0,34.0,3.0,2.0,2.0,4.0,18.0
2907,RHEA:25800,valid,,20.0,20.0,5.0,4.0,4.0,8.0,27.0
2908,RHEA:25804,valid,,17.0,17.0,5.0,4.0,4.0,8.0,27.0
2909,RHEA:25808,valid,,13.0,13.0,8.0,8.0,4.0,12.0,39.0
2910,RHEA:25812,valid,,16.0,16.0,5.0,4.0,4.0,8.0,27.0
2911,RHEA:25816,valid,,16.0,16.0,5.0,4.0,4.0,8.0,27.0
2912,RHEA:25820,valid,,13.0,13.0,5.0,4.0,4.0,8.0,27.0
2913,RHEA:25824,valid,,17.0,17.0,5.0,4.0,4.0,8.0,27.0
2914,RHEA:25832,valid,,56.0,57.0,8.0,7.0,8.0,15.0,46.0
2915,RHEA:25836,valid,,12.0,13.0,3.0,2.0,2.0,4.0,18.0
2916,RHEA:25840,valid,,12.0,12.0,4.0,2.0,4.0,6.0,24.0
2917,RHEA:25844,valid,,55.0,56.0,8.0,7.0,8.0,15.0,47.0
2918,RHEA:25848,valid,,55.0,56.0,8.0,7.0,8.0,15.0,47.0
2919,RHEA:25852,valid,,66.0,66.0,6.0,2.0,6.0,8.0,20.0
2920,RHEA:25856,valid,,71.0,71.0,6.0,2.0,6.0,8.0,18.0
2921,RHEA:25860,valid,,33.0,34.0,14.0,13.0,8.0,21.0,81.0
2922,RHEA:25868,valid,,23.0,23.0,5.0,4.0,4.0,8.0,27.0
2923,RHEA:25876,valid,,11.0,11.0,4.0,2.0,4.0,6.0,18.0
2924,RHEA:25884,valid,,24.0,25.0,3.0,2.0,2.0,4.0,21.0
2925,RHEA:25888,valid,,19.0,20.0,11.0,13.0,9.0,22.0,60.0
2926,RHEA:25900,valid,,16.0,16.0,4.0,2.0,4.0,6.0,27.0
2927,RHEA:25904,valid,,31.0,31.0,4.0,2.0,2.0,4.0,25.0
2928,RHEA:25948,valid,,41.0,42.0,3.0,2.0,2.0,4.0,22.0
2929,RHEA:25952,valid,,23.0,23.0,4.0,4.0,0.0,4.0,26.0
2930,RHEA:25956,valid,,58.0,59.0,10.0,9.0,10.0,19.0,59.0
2931,RHEA:25968,valid,,64.0,65.0,8.0,7.0,8.0,15.0,48.0
2932,RHEA:25972,valid,,16.0,16.0,5.0,4.0,4.0,8.0,27.0
2933,RHEA:25976,valid,,2.0,1.0,1.0,0.0,1.0,1.0,4.0
2934,RHEA:25980,valid,,6.0,5.0,2.0,0.0,2.0,2.0,11.0
2935,RHEA:25984,valid,,2.0,1.0,1.0,0.0,1.0,1.0,4.0
2936,RHEA:25988,valid,,6.0,5.0,2.0,0.0,2.0,2.0,11.0
2937,RHEA:25992,valid,,24.0,24.0,13.0,12.0,10.0,22.0,73.0
2938,RHEA:25996,valid,,20.0,20.0,5.0,4.0,4.0,8.0,27.0
2939,RHEA:26002,valid,,58.0,59.0,8.0,7.0,8.0,15.0,48.0
2940,RHEA:26006,valid,,102.0,102.0,4.0,4.0,0.0,4.0,22.0
2941,RHEA:26019,valid,,28.0,28.0,3.0,2.0,2.0,4.0,17.0
2942,RHEA:26031,valid,,40.0,40.0,7.0,2.0,7.0,9.0,27.0
2943,RHEA:26035,valid,,40.0,40.0,9.0,4.0,7.0,11.0,41.0
2944,RHEA:26039,valid,,55.0,56.0,3.0,2.0,2.0,4.0,22.0
2945,RHEA:26043,valid,,72.0,72.0,3.0,2.0,2.0,4.0,20.0
2946,RHEA:26055,valid,,48.0,48.0,5.0,4.0,1.0,5.0,29.0
2947,RHEA:26059,valid,,3.0,3.0,3.0,2.0,2.0,4.0,12.0
2948,RHEA:26064,valid,,67.0,68.0,3.0,2.0,2.0,4.0,22.0
2949,RHEA:26068,valid,,61.0,62.0,6.0,4.0,4.0,8.0,36.0
2950,RHEA:26077,valid,,51.0,51.0,11.0,10.0,9.0,19.0,57.0
2951,RHEA:26081,valid,,24.0,24.0,7.0,4.0,5.0,9.0,45.0
2952,RHEA:26085,valid,,60.0,60.0,10.0,10.0,7.0,17.0,55.0
2953,RHEA:26089,valid,,56.0,56.0,10.0,10.0,7.0,17.0,55.0
2954,RHEA:26093,valid,,56.0,56.0,10.0,10.0,7.0,17.0,55.0
2955,RHEA:26097,valid,,60.0,60.0,10.0,10.0,7.0,17.0,55.0
2956,RHEA:26101,valid,,14.0,14.0,3.0,2.0,2.0,4.0,19.0
2957,RHEA:26111,valid,,39.0,39.0,4.0,2.0,4.0,6.0,24.0
2958,RHEA:26115,valid,,25.0,25.0,14.0,15.0,10.0,25.0,75.0
2959,RHEA:26119,valid,,24.0,25.0,6.0,3.0,4.0,7.0,32.0
2960,RHEA:26128,valid,,9.0,9.0,2.0,0.0,2.0,2.0,14.0
2961,RHEA:26132,valid,,28.0,29.0,3.0,2.0,2.0,4.0,18.0
2962,RHEA:26136,valid,,26.0,26.0,3.0,2.0,2.0,4.0,19.0
2963,RHEA:26152,valid,,30.0,31.0,13.0,9.0,11.0,20.0,72.0
2964,RHEA:26160,valid,,31.0,31.0,13.0,14.0,6.0,20.0,66.0
2965,RHEA:26168,valid,,14.0,15.0,3.0,2.0,2.0,4.0,19.0
2966,RHEA:26172,valid,,80.0,81.0,3.0,2.0,2.0,4.0,22.0
2967,RHEA:26176,valid,,61.0,62.0,6.0,4.0,3.0,7.0,37.0
2968,RHEA:26180,valid,,27.0,27.0,3.0,2.0,2.0,4.0,18.0
2969,RHEA:26188,valid,,55.0,56.0,4.0,4.0,1.0,5.0,27.0
2970,RHEA:26193,valid,,88.0,88.0,6.0,4.0,3.0,7.0,33.0
2971,RHEA:26197,valid,,10.0,10.0,4.0,2.0,3.0,5.0,23.0
2972,RHEA:26201,valid,,10.0,10.0,3.0,2.0,2.0,4.0,16.0
2973,RHEA:26205,valid,,60.0,60.0,9.0,8.0,9.0,17.0,49.0
2974,RHEA:26209,valid,,8.0,8.0,3.0,2.0,2.0,4.0,18.0
2975,RHEA:26213,valid,,24.0,27.0,23.0,22.0,16.0,38.0,89.0
2976,RHEA:26221,valid,,87.0,90.0,22.0,14.0,14.0,28.0,62.0
2977,RHEA:26229,zero_fallback,missing_mapping,,,,,,,
2978,RHEA:26245,valid,,29.0,29.0,10.0,7.0,9.0,16.0,56.0
2979,RHEA:26277,valid,,92.0,93.0,11.0,10.0,9.0,19.0,66.0
2980,RHEA:26281,valid,,67.0,68.0,24.0,32.0,6.0,38.0,115.0
2981,RHEA:26285,valid,,91.0,91.0,8.0,6.0,4.0,10.0,51.0
2982,RHEA:26289,zero_fallback,missing_mapping,,,,,,,
2983,RHEA:26297,valid,,28.0,30.0,10.0,10.0,6.0,16.0,54.0
2984,RHEA:26301,valid,,14.0,14.0,6.0,4.0,4.0,8.0,36.0
2985,RHEA:26305,valid,,10.0,10.0,10.0,9.0,8.0,17.0,42.0
2986,RHEA:26309,valid,,63.0,64.0,3.0,2.0,2.0,4.0,19.0
2987,RHEA:26313,valid,,18.0,18.0,3.0,2.0,2.0,4.0,19.0
2988,RHEA:26317,valid,,18.0,19.0,13.0,14.0,12.0,26.0,65.0
2989,RHEA:26321,valid,,35.0,36.0,3.0,2.0,2.0,4.0,19.0
2990,RHEA:26325,valid,,50.0,51.0,3.0,2.0,2.0,4.0,19.0
2991,RHEA:26329,valid,,23.0,23.0,4.0,4.0,2.0,6.0,26.0
2992,RHEA:26333,valid,,44.0,48.0,9.0,9.0,5.0,14.0,43.0
2993,RHEA:26337,valid,,18.0,19.0,3.0,2.0,2.0,4.0,17.0
2994,RHEA:26341,valid,,17.0,18.0,3.0,2.0,2.0,4.0,20.0
2995,RHEA:26345,valid,,61.0,62.0,8.0,7.0,8.0,15.0,48.0
2996,RHEA:26349,valid,,17.0,17.0,3.0,2.0,2.0,4.0,17.0
2997,RHEA:26361,valid,,88.0,88.0,11.0,9.0,10.0,19.0,67.0
2998,RHEA:26373,valid,,44.0,44.0,4.0,2.0,4.0,6.0,16.0
2999,RHEA:26381,valid,,55.0,56.0,8.0,7.0,8.0,15.0,48.0
3000,RHEA:26385,valid,,33.0,33.0,4.0,4.0,0.0,4.0,13.0
3001,RHEA:26389,valid,,42.0,42.0,4.0,4.0,0.0,4.0,19.0
3002,RHEA:26393,valid,,46.0,46.0,8.0,8.0,0.0,8.0,19.0
3003,RHEA:26397,valid,,46.0,46.0,18.0,18.0,0.0,18.0,58.0
3004,RHEA:26401,valid,,30.0,30.0,4.0,4.0,0.0,4.0,19.0
3005,RHEA:26410,valid,,25.0,25.0,3.0,2.0,2.0,4.0,18.0
3006,RHEA:26414,valid,,7.0,7.0,5.0,4.0,4.0,8.0,24.0
3007,RHEA:26422,valid,,55.0,56.0,3.0,2.0,2.0,4.0,22.0
3008,RHEA:26426,valid,,71.0,73.0,9.0,6.0,5.0,11.0,50.0
3009,RHEA:26430,valid,,9.0,9.0,2.0,0.0,2.0,2.0,14.0
3010,RHEA:26438,valid,,54.0,55.0,8.0,7.0,8.0,15.0,48.0
3011,RHEA:26446,valid,,102.0,103.0,8.0,7.0,8.0,15.0,50.0
3012,RHEA:26450,valid,,103.0,104.0,8.0,7.0,8.0,15.0,50.0
3013,RHEA:26454,valid,,100.0,101.0,8.0,7.0,8.0,15.0,47.0
3014,RHEA:26470,valid,,80.0,80.0,3.0,2.0,2.0,4.0,20.0
3015,RHEA:26474,valid,,27.0,27.0,4.0,2.0,3.0,5.0,27.0
3016,RHEA:26482,valid,,38.0,38.0,4.0,2.0,3.0,5.0,29.0
3017,RHEA:26486,valid,,15.0,15.0,4.0,3.0,2.0,5.0,26.0
3018,RHEA:26490,valid,,9.0,10.0,5.0,4.0,4.0,8.0,23.0
3019,RHEA:26494,valid,,71.0,71.0,12.0,7.0,8.0,15.0,57.0
3020,RHEA:26506,valid,,21.0,21.0,3.0,2.0,2.0,4.0,16.0
3021,RHEA:26510,valid,,9.0,9.0,3.0,2.0,2.0,4.0,16.0
3022,RHEA:26514,valid,,9.0,10.0,3.0,2.0,2.0,4.0,16.0
3023,RHEA:26518,valid,,53.0,53.0,3.0,2.0,2.0,4.0,17.0
3024,RHEA:26522,valid,,14.0,14.0,3.0,2.0,2.0,4.0,18.0
3025,RHEA:26526,valid,,54.0,54.0,3.0,2.0,2.0,4.0,18.0
3026,RHEA:26530,valid,,54.0,54.0,4.0,2.0,4.0,6.0,22.0
3027,RHEA:26534,valid,,85.0,85.0,6.0,4.0,3.0,7.0,36.0
3028,RHEA:26542,valid,,10.0,10.0,5.0,2.0,4.0,6.0,30.0
3029,RHEA:26546,valid,,7.0,7.0,3.0,2.0,2.0,4.0,16.0
3030,RHEA:26550,valid,,10.0,10.0,5.0,2.0,4.0,6.0,30.0
3031,RHEA:26554,valid,,76.0,76.0,3.0,2.0,2.0,4.0,19.0
3032,RHEA:26558,valid,,54.0,54.0,3.0,2.0,2.0,4.0,18.0
3033,RHEA:26562,valid,,63.0,63.0,9.0,8.0,7.0,15.0,42.0
3034,RHEA:27270,valid,,113.0,114.0,8.0,7.0,8.0,15.0,50.0
3035,RHEA:27274,valid,,67.0,68.0,8.0,7.0,8.0,15.0,50.0
3036,RHEA:27278,valid,,71.0,72.0,8.0,7.0,8.0,15.0,50.0
3037,RHEA:27282,valid,,26.0,27.0,3.0,2.0,2.0,4.0,18.0
3038,RHEA:27286,valid,,50.0,51.0,8.0,7.0,8.0,15.0,48.0
3039,RHEA:27290,valid,,5.0,6.0,5.0,3.0,3.0,6.0,19.0
3040,RHEA:27298,valid,,56.0,58.0,8.0,7.0,8.0,15.0,47.0
3041,RHEA:27302,valid,,18.0,18.0,4.0,2.0,4.0,6.0,18.0
3042,RHEA:27306,valid,,9.0,11.0,5.0,3.0,2.0,5.0,21.0
3043,RHEA:27310,valid,,14.0,15.0,10.0,11.0,6.0,17.0,51.0
3044,RHEA:27321,valid,,63.0,64.0,13.0,9.0,7.0,16.0,64.0
3045,RHEA:27325,valid,,63.0,64.0,13.0,9.0,7.0,16.0,64.0
3046,RHEA:27329,valid,,58.0,58.0,17.0,18.0,17.0,35.0,81.0
3047,RHEA:27333,valid,,56.0,56.0,11.0,10.0,9.0,19.0,58.0
3048,RHEA:27337,valid,,41.0,41.0,5.0,2.0,5.0,7.0,23.0
3049,RHEA:27341,valid,,5.0,5.0,5.0,3.0,4.0,7.0,20.0
3050,RHEA:27345,valid,,33.0,34.0,11.0,11.0,6.0,17.0,65.0
3051,RHEA:27349,valid,,37.0,37.0,3.0,2.0,2.0,4.0,18.0
3052,RHEA:27353,valid,,65.0,66.0,3.0,2.0,2.0,4.0,19.0
3053,RHEA:27377,valid,,38.0,39.0,3.0,2.0,2.0,4.0,22.0
3054,RHEA:27381,valid,,16.0,16.0,4.0,2.0,3.0,5.0,22.0
3055,RHEA:27385,valid,,9.0,9.0,3.0,2.0,2.0,4.0,16.0
3056,RHEA:27389,valid,,15.0,15.0,3.0,2.0,2.0,4.0,18.0
3057,RHEA:27393,valid,,34.0,35.0,8.0,7.0,8.0,15.0,29.0
3058,RHEA:27397,valid,,39.0,39.0,3.0,2.0,2.0,4.0,19.0
3059,RHEA:27401,valid,,14.0,14.0,3.0,2.0,2.0,4.0,19.0
3060,RHEA:27413,valid,,34.0,34.0,7.0,7.0,2.0,9.0,33.0
3061,RHEA:27417,valid,,12.0,14.0,4.0,1.0,4.0,5.0,15.0
3062,RHEA:27421,valid,,24.0,24.0,6.0,4.0,3.0,7.0,39.0
3063,RHEA:27425,valid,,24.0,24.0,6.0,4.0,3.0,7.0,37.0
3064,RHEA:27429,valid,,17.0,17.0,4.0,2.0,3.0,5.0,22.0
3065,RHEA:27433,valid,,84.0,85.0,8.0,7.0,8.0,15.0,43.0
3066,RHEA:27437,valid,,42.0,42.0,4.0,2.0,4.0,6.0,13.0
3067,RHEA:27441,valid,,54.0,55.0,8.0,7.0,8.0,15.0,50.0
3068,RHEA:27445,valid,,58.0,59.0,8.0,7.0,8.0,15.0,50.0
3069,RHEA:27449,valid,,21.0,22.0,3.0,2.0,2.0,4.0,18.0
3070,RHEA:27453,valid,,62.0,62.0,8.0,7.0,8.0,15.0,44.0
3071,RHEA:27457,valid,,63.0,64.0,9.0,7.0,9.0,16.0,50.0
3072,RHEA:27461,valid,,50.0,50.0,5.0,4.0,1.0,5.0,29.0
3073,RHEA:27465,valid,,49.0,49.0,5.0,4.0,1.0,5.0,29.0
3074,RHEA:27469,valid,,30.0,30.0,15.0,16.0,2.0,18.0,67.0
3075,RHEA:27473,valid,,49.0,50.0,3.0,2.0,2.0,4.0,22.0
3076,RHEA:27477,valid,,35.0,35.0,9.0,9.0,2.0,11.0,46.0
3077,RHEA:27481,valid,,51.0,52.0,17.0,12.0,10.0,22.0,88.0
3078,RHEA:27485,valid,,13.0,13.0,4.0,3.0,3.0,6.0,21.0
3079,RHEA:27489,valid,,36.0,36.0,8.0,4.0,8.0,12.0,26.0
3080,RHEA:27493,valid,,49.0,50.0,3.0,2.0,2.0,4.0,19.0
3081,RHEA:27506,valid,,23.0,24.0,3.0,2.0,2.0,4.0,18.0
3082,RHEA:27510,valid,,59.0,60.0,3.0,2.0,2.0,4.0,22.0
3083,RHEA:27514,valid,,26.0,26.0,4.0,2.0,3.0,5.0,22.0
3084,RHEA:27518,valid,,26.0,26.0,4.0,2.0,3.0,5.0,22.0
3085,RHEA:27522,valid,,10.0,11.0,10.0,10.0,8.0,18.0,49.0
3086,RHEA:27526,valid,,25.0,25.0,4.0,2.0,3.0,5.0,25.0
3087,RHEA:27530,valid,,25.0,25.0,7.0,6.0,4.0,10.0,46.0
3088,RHEA:27534,valid,,25.0,25.0,7.0,6.0,4.0,10.0,46.0
3089,RHEA:27546,valid,,65.0,66.0,11.0,7.0,7.0,14.0,56.0
3090,RHEA:27551,zero_fallback,missing_mapping,,,,,,,
3091,RHEA:27555,valid,,57.0,57.0,12.0,8.0,6.0,14.0,48.0
3092,RHEA:27559,valid,,66.0,66.0,18.0,12.0,9.0,21.0,48.0
3093,RHEA:27563,valid,,117.0,117.0,35.0,23.0,23.0,46.0,54.0
3094,RHEA:27570,valid,,49.0,50.0,3.0,2.0,2.0,4.0,22.0
3095,RHEA:27586,valid,,21.0,21.0,4.0,4.0,0.0,4.0,24.0
3096,RHEA:27594,valid,,99.0,99.0,22.0,14.0,16.0,30.0,50.0
3097,RHEA:27602,zero_fallback,missing_mapping,,,,,,,
3098,RHEA:27606,valid,,26.0,26.0,3.0,2.0,2.0,4.0,22.0
3099,RHEA:27614,zero_fallback,missing_mapping,,,,,,,
3100,RHEA:27618,zero_fallback,missing_mapping,,,,,,,
3101,RHEA:27622,valid,,127.0,127.0,40.0,32.0,22.0,54.0,75.0
3102,RHEA:27638,valid,,25.0,25.0,4.0,2.0,3.0,5.0,28.0
3103,RHEA:27642,valid,,24.0,24.0,3.0,2.0,2.0,4.0,22.0
3104,RHEA:27646,valid,,24.0,24.0,8.0,3.0,5.0,8.0,45.0
3105,RHEA:27654,valid,,13.0,13.0,5.0,4.0,2.0,6.0,26.0
3106,RHEA:27658,valid,,13.0,13.0,3.0,2.0,2.0,4.0,22.0
3107,RHEA:27662,valid,,12.0,12.0,4.0,2.0,4.0,6.0,18.0
3108,RHEA:27666,valid,,55.0,55.0,3.0,2.0,2.0,4.0,19.0
3109,RHEA:27670,valid,,17.0,17.0,3.0,2.0,2.0,4.0,17.0
3110,RHEA:27682,valid,,56.0,56.0,4.0,4.0,0.0,4.0,22.0
3111,RHEA:27686,valid,,59.0,59.0,4.0,4.0,0.0,4.0,22.0
3112,RHEA:27690,valid,,58.0,58.0,4.0,4.0,0.0,4.0,22.0
3113,RHEA:27694,valid,,10.0,10.0,4.0,2.0,4.0,6.0,23.0
3114,RHEA:27698,valid,,44.0,45.0,5.0,4.0,1.0,5.0,23.0
3115,RHEA:27702,valid,,13.0,13.0,4.0,2.0,4.0,6.0,24.0
3116,RHEA:27710,valid,,51.0,52.0,3.0,2.0,2.0,4.0,22.0
3117,RHEA:27714,valid,,25.0,25.0,4.0,2.0,3.0,5.0,22.0
3118,RHEA:27718,valid,,24.0,24.0,6.0,3.0,4.0,7.0,34.0
3119,RHEA:27722,valid,,96.0,96.0,4.0,4.0,0.0,4.0,22.0
3120,RHEA:27726,valid,,13.0,13.0,3.0,2.0,2.0,4.0,20.0
3121,RHEA:27734,valid,,72.0,72.0,3.0,2.0,2.0,4.0,18.0
3122,RHEA:27738,valid,,24.0,24.0,3.0,2.0,2.0,4.0,22.0
3123,RHEA:27742,valid,,23.0,23.0,3.0,2.0,2.0,4.0,22.0
3124,RHEA:27746,valid,,7.0,7.0,3.0,2.0,2.0,4.0,19.0
3125,RHEA:27750,valid,,23.0,23.0,5.0,2.0,3.0,5.0,33.0
3126,RHEA:27754,valid,,6.0,7.0,4.0,2.0,4.0,6.0,22.0
3127,RHEA:27762,valid,,30.0,31.0,4.0,2.0,3.0,5.0,24.0
3128,RHEA:27782,valid,,59.0,59.0,4.0,2.0,3.0,5.0,29.0
3129,RHEA:27790,valid,,97.0,97.0,11.0,10.0,9.0,19.0,55.0
3130,RHEA:27794,valid,,80.0,80.0,19.0,12.0,14.0,26.0,49.0
3131,RHEA:27798,valid,,94.0,94.0,24.0,14.0,15.0,29.0,48.0
3132,RHEA:27802,valid,,122.0,122.0,31.0,20.0,21.0,41.0,62.0
3133,RHEA:27806,valid,,58.0,58.0,4.0,4.0,0.0,4.0,20.0
3134,RHEA:27810,valid,,42.0,42.0,12.0,8.0,8.0,16.0,50.0
3135,RHEA:27818,valid,,57.0,58.0,8.0,7.0,8.0,15.0,48.0
3136,RHEA:27822,valid,,12.0,12.0,3.0,2.0,2.0,4.0,19.0
3137,RHEA:27826,valid,,16.0,16.0,3.0,2.0,2.0,4.0,19.0
3138,RHEA:27830,valid,,19.0,19.0,11.0,13.0,7.0,20.0,59.0
3139,RHEA:27838,valid,,59.0,59.0,14.0,12.0,10.0,22.0,66.0
3140,RHEA:27842,valid,,63.0,63.0,14.0,12.0,10.0,22.0,66.0
3141,RHEA:27846,valid,,58.0,58.0,9.0,8.0,9.0,17.0,49.0
3142,RHEA:27850,valid,,62.0,63.0,3.0,2.0,2.0,4.0,22.0
3143,RHEA:27854,valid,,29.0,29.0,4.0,2.0,3.0,5.0,29.0
3144,RHEA:27858,valid,,24.0,25.0,3.0,2.0,2.0,4.0,19.0
3145,RHEA:27866,valid,,23.0,23.0,3.0,2.0,2.0,4.0,18.0
3146,RHEA:27870,valid,,18.0,19.0,3.0,2.0,2.0,4.0,19.0
3147,RHEA:27874,valid,,16.0,16.0,9.0,9.0,7.0,16.0,49.0
3148,RHEA:27886,valid,,23.0,24.0,3.0,2.0,2.0,4.0,19.0
3149,RHEA:27894,valid,,22.0,22.0,4.0,2.0,3.0,5.0,22.0
3150,RHEA:27898,valid,,24.0,24.0,4.0,2.0,3.0,5.0,22.0
3151,RHEA:27906,valid,,101.0,102.0,8.0,7.0,8.0,15.0,47.0
3152,RHEA:27914,valid,,19.0,20.0,3.0,2.0,2.0,4.0,18.0
3153,RHEA:27918,valid,,53.0,55.0,8.0,7.0,8.0,15.0,47.0
3154,RHEA:27930,valid,,51.0,52.0,6.0,4.0,3.0,7.0,37.0
3155,RHEA:27934,valid,,10.0,10.0,3.0,2.0,2.0,4.0,19.0
3156,RHEA:27938,valid,,10.0,10.0,3.0,2.0,2.0,4.0,19.0
3157,RHEA:27942,valid,,10.0,10.0,4.0,2.0,4.0,6.0,24.0
3158,RHEA:27946,valid,,14.0,14.0,5.0,3.0,5.0,8.0,22.0
3159,RHEA:27954,valid,,25.0,25.0,12.0,12.0,8.0,20.0,69.0
3160,RHEA:27958,valid,,18.0,18.0,3.0,2.0,2.0,4.0,19.0
3161,RHEA:27966,valid,,31.0,33.0,11.0,9.0,9.0,18.0,63.0
3162,RHEA:27970,valid,,35.0,35.0,3.0,2.0,2.0,4.0,17.0
3163,RHEA:27974,valid,,15.0,15.0,6.0,6.0,4.0,10.0,38.0
3164,RHEA:27978,valid,,40.0,42.0,3.0,2.0,2.0,4.0,17.0
3165,RHEA:27982,valid,,46.0,47.0,7.0,5.0,5.0,10.0,36.0
3166,RHEA:27986,valid,,53.0,54.0,8.0,7.0,8.0,15.0,48.0
3167,RHEA:27990,valid,,40.0,41.0,3.0,2.0,2.0,4.0,22.0
3168,RHEA:27994,valid,,21.0,21.0,3.0,2.0,2.0,4.0,19.0
3169,RHEA:27998,valid,,27.0,28.0,3.0,2.0,2.0,4.0,18.0
3170,RHEA:28002,valid,,16.0,16.0,6.0,4.0,4.0,8.0,34.0
3171,RHEA:28006,valid,,19.0,19.0,5.0,4.0,4.0,8.0,24.0
3172,RHEA:28010,valid,,60.0,60.0,4.0,4.0,0.0,4.0,24.0
3173,RHEA:28014,valid,,30.0,30.0,3.0,2.0,2.0,4.0,19.0
3174,RHEA:28022,valid,,70.0,70.0,7.0,6.0,3.0,9.0,38.0
3175,RHEA:28038,valid,,41.0,41.0,4.0,2.0,4.0,6.0,20.0
3176,RHEA:28046,valid,,57.0,57.0,3.0,2.0,2.0,4.0,20.0
3177,RHEA:28050,valid,,49.0,49.0,4.0,2.0,3.0,5.0,22.0
3178,RHEA:28054,valid,,55.0,55.0,3.0,2.0,2.0,4.0,20.0
3179,RHEA:28058,valid,,10.0,10.0,4.0,2.0,4.0,6.0,26.0
3180,RHEA:28062,valid,,146.0,147.0,5.0,4.0,2.0,6.0,33.0
3181,RHEA:28066,valid,,131.0,132.0,3.0,2.0,2.0,4.0,22.0
3182,RHEA:28070,valid,,68.0,68.0,20.0,18.0,2.0,20.0,76.0
3183,RHEA:28074,valid,,98.0,101.0,15.0,13.0,15.0,28.0,52.0
3184,RHEA:28078,valid,,51.0,52.0,8.0,7.0,8.0,15.0,48.0
3185,RHEA:28082,valid,,104.0,104.0,10.0,9.0,8.0,17.0,60.0
3186,RHEA:28086,valid,,55.0,57.0,20.0,15.0,17.0,32.0,68.0
3187,RHEA:28090,valid,,99.0,99.0,4.0,4.0,0.0,4.0,22.0
3188,RHEA:28094,valid,,65.0,66.0,3.0,2.0,2.0,4.0,19.0
3189,RHEA:28098,valid,,59.0,59.0,4.0,2.0,3.0,5.0,29.0
3190,RHEA:28102,valid,,40.0,41.0,3.0,2.0,2.0,4.0,19.0
3191,RHEA:28106,valid,,60.0,61.0,8.0,7.0,8.0,15.0,48.0
3192,RHEA:28110,valid,,28.0,28.0,3.0,2.0,2.0,4.0,19.0
3193,RHEA:28118,valid,,99.0,99.0,4.0,4.0,0.0,4.0,22.0
3194,RHEA:28122,valid,,87.0,88.0,3.0,2.0,2.0,4.0,22.0
3195,RHEA:28126,valid,,96.0,96.0,4.0,4.0,0.0,4.0,22.0
3196,RHEA:28130,valid,,33.0,34.0,3.0,2.0,2.0,4.0,19.0
3197,RHEA:28138,valid,,36.0,36.0,3.0,2.0,2.0,4.0,19.0
3198,RHEA:28146,valid,,51.0,52.0,11.0,7.0,7.0,14.0,57.0
3199,RHEA:28150,valid,,61.0,62.0,7.0,6.0,2.0,8.0,41.0
3200,RHEA:28154,zero_fallback,missing_mapping,,,,,,,
3201,RHEA:28158,zero_fallback,missing_mapping,,,,,,,
3202,RHEA:28166,valid,,14.0,14.0,3.0,2.0,2.0,4.0,16.0
3203,RHEA:28170,valid,,7.0,7.0,3.0,2.0,2.0,4.0,19.0
3204,RHEA:28174,valid,,22.0,22.0,5.0,4.0,2.0,6.0,30.0
3205,RHEA:28182,valid,,11.0,11.0,6.0,4.0,4.0,8.0,38.0
3206,RHEA:28190,valid,,19.0,19.0,4.0,2.0,3.0,5.0,22.0
3207,RHEA:28194,valid,,54.0,55.0,8.0,7.0,8.0,15.0,48.0
3208,RHEA:28198,valid,,53.0,54.0,8.0,7.0,8.0,15.0,48.0
3209,RHEA:28202,valid,,125.0,125.0,13.0,5.0,11.0,16.0,52.0
3210,RHEA:28206,valid,,47.0,48.0,3.0,2.0,2.0,4.0,22.0
3211,RHEA:28210,valid,,22.0,22.0,5.0,4.0,4.0,8.0,27.0
3212,RHEA:28214,valid,,41.0,41.0,4.0,2.0,4.0,6.0,16.0
3213,RHEA:28218,valid,,3.0,3.0,3.0,2.0,2.0,4.0,11.0
3214,RHEA:28222,valid,,44.0,45.0,3.0,2.0,2.0,4.0,22.0
3215,RHEA:28226,valid,,81.0,83.0,22.0,14.0,14.0,28.0,61.0
3216,RHEA:28230,valid,,50.0,50.0,12.0,7.0,8.0,15.0,60.0
3217,RHEA:28246,valid,,41.0,42.0,3.0,2.0,2.0,4.0,22.0
3218,RHEA:28250,valid,,105.0,105.0,6.0,5.0,4.0,9.0,39.0
3219,RHEA:28254,valid,,58.0,58.0,3.0,2.0,2.0,4.0,20.0
3220,RHEA:28258,valid,,69.0,70.0,4.0,4.0,1.0,5.0,27.0
3221,RHEA:28262,valid,,57.0,58.0,3.0,2.0,2.0,4.0,22.0
3222,RHEA:28266,valid,,24.0,24.0,9.0,6.0,6.0,12.0,57.0
3223,RHEA:28270,valid,,61.0,62.0,3.0,2.0,2.0,4.0,22.0
3224,RHEA:28278,valid,,10.0,11.0,3.0,2.0,2.0,4.0,18.0
3225,RHEA:28282,valid,,15.0,15.0,5.0,4.0,2.0,6.0,32.0
3226,RHEA:28290,valid,,25.0,25.0,11.0,8.0,8.0,16.0,67.0
3227,RHEA:28294,valid,,24.0,24.0,10.0,11.0,6.0,17.0,63.0
3228,RHEA:28298,valid,,24.0,24.0,7.0,4.0,5.0,9.0,45.0
3229,RHEA:28302,valid,,24.0,24.0,5.0,3.0,5.0,8.0,38.0
3230,RHEA:28306,zero_fallback,missing_mapping,,,,,,,
3231,RHEA:28310,valid,,125.0,126.0,3.0,2.0,2.0,4.0,21.0
3232,RHEA:28314,valid,,57.0,57.0,3.0,2.0,2.0,4.0,22.0
3233,RHEA:28330,valid,,32.0,33.0,3.0,2.0,2.0,4.0,18.0
3234,RHEA:28334,valid,,31.0,32.0,4.0,2.0,3.0,5.0,24.0
3235,RHEA:28338,valid,,58.0,58.0,3.0,2.0,2.0,4.0,18.0
3236,RHEA:28342,valid,,31.0,32.0,5.0,4.0,2.0,6.0,25.0
3237,RHEA:28346,valid,,30.0,30.0,0.0,0.0,0.0,0.0,0.0
3238,RHEA:28350,valid,,34.0,34.0,3.0,2.0,2.0,4.0,19.0
3239,RHEA:28362,valid,,32.0,33.0,4.0,2.0,3.0,5.0,24.0
3240,RHEA:28366,valid,,118.0,119.0,4.0,4.0,1.0,5.0,26.0
3241,RHEA:28370,valid,,14.0,14.0,8.0,6.0,2.0,8.0,39.0
3242,RHEA:28374,valid,,112.0,113.0,6.0,4.0,3.0,7.0,34.0
3243,RHEA:28378,valid,,52.0,53.0,3.0,2.0,2.0,4.0,22.0
3244,RHEA:28382,valid,,26.0,26.0,6.0,4.0,6.0,10.0,36.0
3245,RHEA:28386,valid,,140.0,140.0,10.0,10.0,2.0,12.0,60.0
3246,RHEA:28390,valid,,21.0,21.0,0.0,0.0,0.0,0.0,0.0
3247,RHEA:28394,valid,,15.0,15.0,0.0,0.0,0.0,0.0,0.0
3248,RHEA:28398,valid,,28.0,28.0,3.0,2.0,2.0,4.0,19.0
3249,RHEA:28406,valid,,33.0,34.0,3.0,2.0,2.0,4.0,18.0
3250,RHEA:28410,valid,,64.0,66.0,8.0,7.0,8.0,15.0,47.0
3251,RHEA:28414,valid,,18.0,18.0,5.0,4.0,4.0,8.0,24.0
3252,RHEA:28418,valid,,68.0,68.0,4.0,4.0,0.0,4.0,22.0
3253,RHEA:28422,valid,,40.0,41.0,14.0,9.0,8.0,17.0,69.0
3254,RHEA:28426,valid,,16.0,16.0,0.0,0.0,0.0,0.0,0.0
3255,RHEA:28430,valid,,16.0,16.0,4.0,2.0,4.0,6.0,24.0
3256,RHEA:28434,zero_fallback,missing_mapping,,,,,,,
3257,RHEA:28438,zero_fallback,missing_mapping,,,,,,,
3258,RHEA:28442,zero_fallback,missing_mapping,,,,,,,
3259,RHEA:28502,valid,,78.0,79.0,8.0,7.0,8.0,15.0,48.0
3260,RHEA:28514,valid,,90.0,90.0,6.0,4.0,3.0,7.0,36.0
3261,RHEA:28518,valid,,23.0,23.0,3.0,2.0,2.0,4.0,17.0
3262,RHEA:28522,valid,,23.0,23.0,3.0,2.0,2.0,4.0,17.0
3263,RHEA:28526,valid,,68.0,68.0,4.0,4.0,0.0,4.0,24.0
3264,RHEA:28530,valid,,25.0,25.0,4.0,2.0,3.0,5.0,22.0
3265,RHEA:28534,valid,,30.0,31.0,4.0,2.0,3.0,5.0,24.0
3266,RHEA:28542,valid,,53.0,54.0,3.0,2.0,2.0,4.0,19.0
3267,RHEA:28602,valid,,75.0,77.0,24.0,16.0,14.0,30.0,73.0
3268,RHEA:28606,valid,,74.0,76.0,24.0,16.0,14.0,30.0,73.0
3269,RHEA:28610,valid,,33.0,34.0,5.0,4.0,2.0,6.0,25.0
3270,RHEA:28635,valid,,24.0,24.0,10.0,8.0,7.0,15.0,59.0
3271,RHEA:28639,valid,,24.0,24.0,15.0,10.0,11.0,21.0,79.0
3272,RHEA:28643,valid,,24.0,24.0,8.0,6.0,6.0,12.0,48.0
3273,RHEA:28647,valid,,76.0,78.0,11.0,6.0,7.0,13.0,38.0
3274,RHEA:28663,valid,,24.0,24.0,3.0,2.0,2.0,4.0,18.0
3275,RHEA:28667,valid,,49.0,49.0,8.0,7.0,8.0,15.0,48.0
3276,RHEA:28671,zero_fallback,missing_mapping,,,,,,,
3277,RHEA:28675,valid,,12.0,12.0,0.0,0.0,0.0,0.0,0.0
3278,RHEA:28759,valid,,131.0,132.0,5.0,5.0,2.0,7.0,33.0
3279,RHEA:28775,valid,,45.0,46.0,4.0,2.0,3.0,5.0,22.0
3280,RHEA:28783,valid,,12.0,12.0,3.0,2.0,2.0,4.0,19.0
3281,RHEA:28791,valid,,53.0,54.0,12.0,12.0,12.0,24.0,67.0
3282,RHEA:28795,valid,,50.0,50.0,8.0,6.0,8.0,14.0,38.0
3283,RHEA:28803,valid,,17.0,17.0,6.0,4.0,4.0,8.0,35.0
3284,RHEA:28807,valid,,21.0,21.0,3.0,2.0,2.0,4.0,19.0
3285,RHEA:28927,valid,,14.0,16.0,11.0,11.0,10.0,21.0,45.0
3286,RHEA:28931,valid,,14.0,14.0,3.0,2.0,2.0,4.0,19.0
3287,RHEA:28935,valid,,15.0,15.0,3.0,2.0,2.0,4.0,19.0
3288,RHEA:29035,valid,,42.0,43.0,3.0,2.0,2.0,4.0,18.0
3289,RHEA:29039,valid,,41.0,42.0,3.0,2.0,2.0,4.0,18.0
3290,RHEA:29043,valid,,101.0,101.0,10.0,9.0,10.0,19.0,57.0
3291,RHEA:29107,valid,,97.0,97.0,14.0,14.0,14.0,28.0,59.0
3292,RHEA:29291,valid,,109.0,109.0,6.0,4.0,3.0,7.0,36.0
3293,RHEA:29315,valid,,17.0,17.0,3.0,2.0,2.0,4.0,17.0
3294,RHEA:29319,valid,,14.0,15.0,3.0,2.0,2.0,4.0,19.0
3295,RHEA:29355,valid,,21.0,21.0,5.0,3.0,4.0,7.0,28.0
3296,RHEA:29359,valid,,22.0,22.0,5.0,3.0,4.0,7.0,28.0
3297,RHEA:29363,valid,,21.0,21.0,4.0,2.0,3.0,5.0,22.0
3298,RHEA:29367,valid,,22.0,22.0,4.0,2.0,3.0,5.0,22.0
3299,RHEA:29371,valid,,23.0,23.0,4.0,2.0,3.0,5.0,22.0
3300,RHEA:29375,valid,,24.0,24.0,4.0,2.0,3.0,5.0,22.0
3301,RHEA:29379,valid,,24.0,24.0,4.0,2.0,3.0,5.0,22.0
3302,RHEA:29383,valid,,23.0,23.0,4.0,2.0,3.0,5.0,22.0
3303,RHEA:29387,valid,,30.0,31.0,4.0,2.0,3.0,5.0,21.0
3304,RHEA:29391,valid,,33.0,34.0,4.0,2.0,3.0,5.0,24.0
3305,RHEA:29395,valid,,30.0,31.0,5.0,4.0,2.0,6.0,25.0
3306,RHEA:29399,valid,,32.0,33.0,4.0,2.0,3.0,5.0,24.0
3307,RHEA:29483,valid,,24.0,24.0,13.0,12.0,8.0,20.0,70.0
3308,RHEA:29487,valid,,24.0,27.0,22.0,27.0,15.0,42.0,86.0
3309,RHEA:29491,valid,,24.0,24.0,14.0,15.0,9.0,24.0,74.0
3310,RHEA:29495,valid,,25.0,25.0,14.0,14.0,8.0,22.0,76.0
3311,RHEA:29499,valid,,24.0,24.0,13.0,12.0,7.0,19.0,62.0
3312,RHEA:29503,valid,,25.0,31.0,25.0,28.0,9.0,37.0,95.0
3313,RHEA:29507,valid,,24.0,24.0,8.0,6.0,7.0,13.0,51.0
3314,RHEA:29511,valid,,24.0,24.0,11.0,10.0,9.0,19.0,69.0
3315,RHEA:29563,valid,,102.0,103.0,6.0,4.0,3.0,7.0,34.0
3316,RHEA:29587,valid,,61.0,62.0,13.0,13.0,13.0,26.0,74.0
3317,RHEA:29591,valid,,55.0,56.0,8.0,7.0,8.0,15.0,48.0
3318,RHEA:29595,valid,,103.0,104.0,8.0,7.0,8.0,15.0,50.0
3319,RHEA:29599,valid,,56.0,57.0,11.0,7.0,7.0,14.0,57.0
3320,RHEA:29603,valid,,73.0,75.0,4.0,1.0,4.0,5.0,19.0
3321,RHEA:29607,valid,,48.0,49.0,10.0,9.0,9.0,18.0,51.0
3322,RHEA:29611,valid,,52.0,53.0,10.0,9.0,9.0,18.0,51.0
3323,RHEA:29631,valid,,46.0,46.0,3.0,2.0,2.0,4.0,17.0
3324,RHEA:29635,valid,,57.0,57.0,3.0,2.0,2.0,4.0,17.0
3325,RHEA:29639,valid,,68.0,68.0,3.0,2.0,2.0,4.0,17.0
3326,RHEA:29643,valid,,79.0,79.0,3.0,2.0,2.0,4.0,17.0
3327,RHEA:29671,valid,,1.0,1.0,0.0,0.0,0.0,0.0,0.0
3328,RHEA:29767,valid,,41.0,42.0,3.0,2.0,2.0,4.0,18.0
3329,RHEA:29779,valid,,41.0,42.0,3.0,2.0,2.0,4.0,18.0
3330,RHEA:29783,valid,,39.0,40.0,3.0,2.0,2.0,4.0,18.0
3331,RHEA:29787,valid,,52.0,53.0,3.0,2.0,2.0,4.0,18.0
3332,RHEA:29791,valid,,52.0,53.0,3.0,2.0,2.0,4.0,18.0
3333,RHEA:29795,valid,,33.0,34.0,4.0,2.0,3.0,5.0,21.0
3334,RHEA:29799,valid,,44.0,45.0,4.0,2.0,3.0,5.0,21.0
3335,RHEA:29811,valid,,50.0,51.0,4.0,2.0,3.0,5.0,21.0
3336,RHEA:29839,valid,,61.0,62.0,8.0,7.0,8.0,15.0,48.0
3337,RHEA:29847,valid,,63.0,63.0,3.0,2.0,2.0,4.0,19.0
3338,RHEA:29859,valid,,19.0,19.0,3.0,2.0,2.0,4.0,19.0
3339,RHEA:29863,valid,,55.0,55.0,4.0,4.0,0.0,4.0,22.0
3340,RHEA:29871,valid,,37.0,38.0,3.0,2.0,2.0,4.0,18.0
3341,RHEA:29879,valid,,44.0,45.0,4.0,2.0,3.0,5.0,21.0
3342,RHEA:29883,valid,,41.0,42.0,3.0,2.0,2.0,4.0,18.0
3343,RHEA:29887,valid,,42.0,43.0,3.0,2.0,2.0,4.0,18.0
3344,RHEA:29891,valid,,43.0,44.0,4.0,2.0,3.0,5.0,21.0
3345,RHEA:29899,valid,,42.0,43.0,3.0,2.0,2.0,4.0,18.0
3346,RHEA:29903,valid,,42.0,43.0,3.0,2.0,2.0,4.0,18.0
3347,RHEA:29995,valid,,38.0,39.0,3.0,2.0,2.0,4.0,18.0
3348,RHEA:29999,valid,,42.0,43.0,3.0,2.0,2.0,4.0,18.0
3349,RHEA:30007,valid,,42.0,43.0,3.0,2.0,2.0,4.0,18.0
3350,RHEA:30031,valid,,10.0,11.0,3.0,2.0,2.0,4.0,21.0
3351,RHEA:30043,valid,,17.0,17.0,4.0,2.0,4.0,6.0,21.0
3352,RHEA:30051,valid,,6.0,7.0,3.0,2.0,2.0,4.0,16.0
3353,RHEA:30055,valid,,56.0,57.0,8.0,7.0,8.0,15.0,48.0
3354,RHEA:30059,valid,,19.0,19.0,8.0,7.0,8.0,15.0,44.0
3355,RHEA:30067,valid,,56.0,58.0,8.0,7.0,8.0,15.0,47.0
3356,RHEA:30071,valid,,57.0,57.0,4.0,4.0,0.0,4.0,23.0
3357,RHEA:30075,valid,,22.0,22.0,3.0,2.0,2.0,4.0,19.0
3358,RHEA:30079,valid,,89.0,89.0,6.0,4.0,3.0,7.0,36.0
3359,RHEA:30083,valid,,6.0,6.0,6.0,1.0,6.0,7.0,8.0
3360,RHEA:30111,valid,,52.0,52.0,17.0,14.0,11.0,25.0,47.0
3361,RHEA:30115,valid,,41.0,42.0,3.0,2.0,2.0,4.0,19.0
3362,RHEA:30119,valid,,43.0,44.0,3.0,2.0,2.0,4.0,19.0
3363,RHEA:30123,valid,,45.0,46.0,3.0,2.0,2.0,4.0,19.0
3364,RHEA:30131,valid,,39.0,40.0,3.0,2.0,2.0,4.0,19.0
3365,RHEA:30135,valid,,62.0,63.0,3.0,2.0,2.0,4.0,19.0
3366,RHEA:30139,valid,,68.0,69.0,3.0,2.0,2.0,4.0,19.0
3367,RHEA:30143,valid,,58.0,59.0,3.0,2.0,2.0,4.0,19.0
3368,RHEA:30147,valid,,97.0,99.0,14.0,11.0,10.0,21.0,70.0
3369,RHEA:30151,valid,,101.0,103.0,14.0,11.0,10.0,21.0,70.0
3370,RHEA:30167,valid,,22.0,22.0,3.0,2.0,2.0,4.0,19.0
3371,RHEA:30179,valid,,22.0,22.0,6.0,3.0,4.0,7.0,19.0
3372,RHEA:30183,valid,,57.0,58.0,8.0,7.0,8.0,15.0,48.0
3373,RHEA:30187,valid,,23.0,23.0,14.0,14.0,14.0,28.0,51.0
3374,RHEA:30199,zero_fallback,missing_mapping,,,,,,,
3375,RHEA:30207,valid,,5.0,7.0,5.0,2.0,5.0,7.0,15.0
3376,RHEA:30211,valid,,6.0,8.0,6.0,3.0,5.0,8.0,19.0
3377,RHEA:30223,valid,,3.0,4.0,3.0,0.0,3.0,3.0,6.0
3378,RHEA:30227,valid,,6.0,8.0,4.0,1.0,3.0,4.0,12.0
3379,RHEA:30231,valid,,25.0,25.0,5.0,4.0,4.0,8.0,27.0
3380,RHEA:30235,valid,,54.0,56.0,8.0,7.0,8.0,15.0,47.0
3381,RHEA:30239,valid,,65.0,65.0,49.0,52.0,45.0,97.0,30.0
3382,RHEA:30243,valid,,50.0,50.0,10.0,1.0,10.0,11.0,19.0
3383,RHEA:30271,valid,,26.0,26.0,4.0,1.0,4.0,5.0,11.0
3384,RHEA:30275,valid,,3.0,3.0,2.0,1.0,2.0,3.0,5.0
3385,RHEA:30279,valid,,55.0,55.0,11.0,7.0,11.0,18.0,47.0
3386,RHEA:30283,valid,,27.0,28.0,3.0,2.0,2.0,4.0,18.0
3387,RHEA:30291,valid,,22.0,22.0,5.0,4.0,2.0,6.0,28.0
3388,RHEA:30299,valid,,14.0,15.0,8.0,8.0,1.0,9.0,33.0
3389,RHEA:30303,valid,,114.0,118.0,31.0,20.0,18.0,38.0,59.0
3390,RHEA:30307,valid,,62.0,62.0,11.0,9.0,9.0,18.0,59.0
3391,RHEA:30311,valid,,58.0,58.0,13.0,13.0,9.0,22.0,69.0
3392,RHEA:30315,valid,,59.0,59.0,10.0,9.0,9.0,18.0,52.0
3393,RHEA:30319,valid,,59.0,59.0,10.0,9.0,9.0,18.0,52.0
3394,RHEA:30323,valid,,50.0,50.0,5.0,2.0,5.0,7.0,23.0
3395,RHEA:30327,valid,,51.0,51.0,5.0,2.0,5.0,7.0,23.0
3396,RHEA:30331,valid,,60.0,60.0,10.0,4.0,10.0,14.0,23.0
3397,RHEA:30339,valid,,15.0,15.0,3.0,2.0,2.0,4.0,19.0
3398,RHEA:30351,valid,,54.0,54.0,9.0,8.0,9.0,17.0,49.0
3399,RHEA:30355,valid,,15.0,15.0,11.0,10.0,11.0,21.0,31.0
3400,RHEA:30359,zero_fallback,missing_mapping,,,,,,,
3401,RHEA:30363,valid,,52.0,54.0,6.0,4.0,4.0,8.0,20.0
3402,RHEA:30367,valid,,114.0,114.0,3.0,2.0,2.0,4.0,17.0
3403,RHEA:30371,valid,,17.0,17.0,10.0,9.0,8.0,17.0,55.0
3404,RHEA:30375,valid,,24.0,24.0,11.0,12.0,6.0,18.0,63.0
3405,RHEA:30379,valid,,24.0,24.0,11.0,8.0,7.0,15.0,64.0
3406,RHEA:30383,valid,,24.0,24.0,11.0,12.0,6.0,18.0,64.0
3407,RHEA:30387,valid,,44.0,45.0,5.0,4.0,1.0,5.0,23.0
3408,RHEA:30391,valid,,19.0,19.0,4.0,4.0,0.0,4.0,24.0
3409,RHEA:30399,valid,,73.0,74.0,11.0,7.0,7.0,14.0,57.0
3410,RHEA:30403,valid,,13.0,14.0,3.0,0.0,3.0,3.0,17.0
3411,RHEA:30407,valid,,5.0,5.0,2.0,0.0,2.0,2.0,10.0
3412,RHEA:30411,valid,,64.0,64.0,3.0,2.0,2.0,4.0,20.0
3413,RHEA:30423,valid,,24.0,24.0,11.0,10.0,8.0,18.0,68.0
3414,RHEA:30427,valid,,24.0,24.0,9.0,7.0,7.0,14.0,61.0
3415,RHEA:30431,valid,,13.0,18.0,18.0,20.0,10.0,30.0,71.0
3416,RHEA:30435,zero_fallback,missing_mapping,,,,,,,
3417,RHEA:30439,zero_fallback,missing_mapping,,,,,,,
3418,RHEA:30443,zero_fallback,missing_mapping,,,,,,,
3419,RHEA:30447,valid,,58.0,58.0,12.0,9.0,11.0,20.0,64.0
3420,RHEA:30451,valid,,31.0,31.0,18.0,20.0,13.0,33.0,74.0
3421,RHEA:30463,valid,,24.0,24.0,9.0,9.0,7.0,16.0,52.0
3422,RHEA:30467,valid,,24.0,24.0,9.0,6.0,7.0,13.0,55.0
3423,RHEA:30471,valid,,24.0,24.0,6.0,4.0,5.0,9.0,42.0
3424,RHEA:30515,valid,,34.0,35.0,3.0,2.0,2.0,4.0,22.0
3425,RHEA:30519,valid,,42.0,42.0,6.0,6.0,1.0,7.0,28.0
3426,RHEA:30523,valid,,86.0,87.0,6.0,4.0,3.0,7.0,34.0
3427,RHEA:30527,valid,,58.0,60.0,3.0,2.0,2.0,4.0,17.0
3428,RHEA:30547,valid,,56.0,56.0,3.0,2.0,2.0,4.0,18.0
3429,RHEA:30555,valid,,77.0,78.0,6.0,4.0,3.0,7.0,34.0
3430,RHEA:30563,valid,,29.0,29.0,4.0,2.0,3.0,5.0,29.0
3431,RHEA:30567,valid,,94.0,95.0,6.0,4.0,3.0,7.0,34.0
3432,RHEA:30571,zero_fallback,missing_mapping,,,,,,,
3433,RHEA:30591,valid,,13.0,13.0,5.0,3.0,5.0,8.0,22.0
3434,RHEA:30595,valid,,66.0,67.0,11.0,7.0,7.0,14.0,56.0
3435,RHEA:30599,valid,,43.0,49.0,15.0,9.0,6.0,15.0,18.0
3436,RHEA:30603,valid,,41.0,43.0,5.0,3.0,2.0,5.0,18.0
3437,RHEA:30607,valid,,41.0,43.0,5.0,3.0,2.0,5.0,18.0
3438,RHEA:30611,valid,,41.0,43.0,5.0,3.0,2.0,5.0,18.0
3439,RHEA:30615,valid,,42.0,46.0,10.0,6.0,4.0,10.0,18.0
3440,RHEA:30619,valid,,42.0,46.0,10.0,6.0,4.0,10.0,18.0
3441,RHEA:30623,valid,,41.0,43.0,5.0,3.0,2.0,5.0,18.0
3442,RHEA:30627,valid,,53.0,54.0,10.0,9.0,8.0,17.0,60.0
3443,RHEA:30631,valid,,134.0,135.0,10.0,8.0,6.0,14.0,52.0
3444,RHEA:30639,valid,,46.0,47.0,3.0,2.0,2.0,4.0,22.0
3445,RHEA:30643,valid,,25.0,25.0,8.0,3.0,5.0,8.0,45.0
3446,RHEA:30647,valid,,45.0,45.0,5.0,4.0,1.0,5.0,29.0
3447,RHEA:30675,valid,,31.0,31.0,21.0,24.0,13.0,37.0,63.0
3448,RHEA:30679,valid,,24.0,24.0,3.0,2.0,2.0,4.0,16.0
3449,RHEA:30683,valid,,40.0,41.0,9.0,8.0,4.0,12.0,47.0
3450,RHEA:30687,valid,,11.0,11.0,3.0,2.0,2.0,4.0,20.0
3451,RHEA:30695,valid,,50.0,52.0,8.0,7.0,8.0,15.0,47.0
3452,RHEA:30703,valid,,10.0,10.0,3.0,2.0,2.0,4.0,19.0
3453,RHEA:30707,valid,,12.0,12.0,4.0,4.0,2.0,6.0,26.0
3454,RHEA:30711,valid,,11.0,11.0,3.0,2.0,2.0,4.0,17.0
3455,RHEA:30715,valid,,11.0,11.0,4.0,4.0,0.0,4.0,24.0
3456,RHEA:30719,valid,,103.0,103.0,3.0,2.0,2.0,4.0,22.0
3457,RHEA:30739,valid,,17.0,17.0,3.0,2.0,2.0,4.0,17.0
3458,RHEA:30751,valid,,97.0,97.0,6.0,4.0,3.0,7.0,36.0
3459,RHEA:30755,valid,,35.0,35.0,4.0,4.0,0.0,4.0,25.0
3460,RHEA:30763,valid,,53.0,54.0,9.0,8.0,9.0,17.0,51.0
3461,RHEA:30771,valid,,21.0,21.0,3.0,2.0,2.0,4.0,19.0
3462,RHEA:30799,valid,,98.0,99.0,8.0,7.0,8.0,15.0,48.0
3463,RHEA:30807,valid,,53.0,54.0,8.0,7.0,8.0,15.0,48.0
3464,RHEA:30823,valid,,39.0,39.0,4.0,2.0,4.0,6.0,24.0
3465,RHEA:30835,valid,,86.0,86.0,8.0,7.0,8.0,15.0,46.0
3466,RHEA:30843,valid,,11.0,12.0,3.0,2.0,2.0,4.0,18.0
3467,RHEA:30851,valid,,16.0,16.0,6.0,4.0,4.0,8.0,34.0
3468,RHEA:30855,valid,,32.0,32.0,18.0,22.0,12.0,34.0,74.0
3469,RHEA:30871,valid,,40.0,41.0,3.0,2.0,2.0,4.0,22.0
3470,RHEA:30891,valid,,15.0,16.0,3.0,2.0,2.0,4.0,22.0
3471,RHEA:30899,valid,,82.0,83.0,3.0,2.0,2.0,4.0,22.0
3472,RHEA:30903,valid,,68.0,69.0,3.0,2.0,2.0,4.0,19.0
3473,RHEA:30919,valid,,42.0,44.0,5.0,3.0,2.0,5.0,18.0
3474,RHEA:30923,valid,,45.0,46.0,3.0,2.0,2.0,4.0,22.0
3475,RHEA:30927,valid,,23.0,23.0,6.0,5.0,3.0,8.0,37.0
3476,RHEA:30931,valid,,18.0,19.0,3.0,2.0,2.0,4.0,22.0
3477,RHEA:30947,zero_fallback,ValueError:RDKit could not parse mapped reaction,,,,,,,
3478,RHEA:30951,valid,,25.0,25.0,12.0,12.0,6.0,18.0,68.0
3479,RHEA:30955,valid,,64.0,64.0,20.0,18.0,20.0,38.0,31.0
3480,RHEA:30967,valid,,40.0,40.0,0.0,0.0,0.0,0.0,0.0
3481,RHEA:30971,valid,,40.0,40.0,0.0,0.0,0.0,0.0,0.0
3482,RHEA:30975,valid,,45.0,55.0,25.0,15.0,10.0,25.0,18.0
3483,RHEA:30979,valid,,41.0,43.0,5.0,3.0,2.0,5.0,18.0
3484,RHEA:30983,valid,,34.0,34.0,3.0,2.0,2.0,4.0,18.0
3485,RHEA:30987,valid,,31.0,31.0,11.0,11.0,9.0,20.0,59.0
3486,RHEA:30991,valid,,64.0,65.0,11.0,7.0,7.0,14.0,57.0
3487,RHEA:30995,valid,,65.0,66.0,11.0,7.0,7.0,14.0,57.0
3488,RHEA:30999,valid,,31.0,31.0,15.0,16.0,12.0,28.0,70.0
3489,RHEA:31003,valid,,31.0,31.0,16.0,19.0,10.0,29.0,75.0
3490,RHEA:31007,valid,,31.0,31.0,18.0,19.0,12.0,31.0,80.0
3491,RHEA:31011,valid,,31.0,31.0,5.0,4.0,3.0,7.0,35.0
3492,RHEA:31019,valid,,42.0,42.0,10.0,6.0,8.0,14.0,15.0
3493,RHEA:31023,valid,,30.0,30.0,14.0,14.0,10.0,24.0,64.0
3494,RHEA:31031,valid,,55.0,55.0,4.0,4.0,0.0,4.0,26.0
3495,RHEA:31035,valid,,12.0,32.0,30.0,31.0,8.0,39.0,73.0
3496,RHEA:31055,valid,,25.0,26.0,3.0,2.0,2.0,4.0,17.0
3497,RHEA:31075,valid,,62.0,62.0,3.0,2.0,2.0,4.0,18.0
3498,RHEA:31079,valid,,55.0,55.0,3.0,2.0,2.0,4.0,19.0
3499,RHEA:31087,valid,,108.0,108.0,3.0,2.0,2.0,4.0,22.0
3500,RHEA:31091,valid,,112.0,112.0,3.0,2.0,2.0,4.0,22.0
3501,RHEA:31111,valid,,104.0,104.0,3.0,2.0,2.0,4.0,22.0
3502,RHEA:31115,valid,,47.0,47.0,5.0,4.0,1.0,5.0,31.0
3503,RHEA:31119,valid,,55.0,55.0,3.0,2.0,2.0,4.0,18.0
3504,RHEA:31143,valid,,100.0,101.0,8.0,7.0,8.0,15.0,48.0
3505,RHEA:31151,valid,,15.0,15.0,7.0,5.0,5.0,10.0,38.0
3506,RHEA:31159,valid,,110.0,111.0,8.0,7.0,8.0,15.0,48.0
3507,RHEA:31163,valid,,66.0,66.0,3.0,2.0,2.0,4.0,18.0
3508,RHEA:31167,valid,,108.0,109.0,8.0,7.0,8.0,15.0,48.0
3509,RHEA:31171,valid,,64.0,64.0,3.0,2.0,2.0,4.0,18.0
3510,RHEA:31175,valid,,54.0,54.0,3.0,2.0,2.0,4.0,18.0
3511,RHEA:31179,valid,,106.0,107.0,8.0,7.0,8.0,15.0,48.0
3512,RHEA:31183,valid,,110.0,110.0,3.0,2.0,2.0,4.0,22.0
3513,RHEA:31187,valid,,104.0,105.0,8.0,7.0,8.0,15.0,48.0
3514,RHEA:31191,valid,,60.0,60.0,3.0,2.0,2.0,4.0,18.0
3515,RHEA:31195,valid,,102.0,103.0,8.0,7.0,8.0,15.0,48.0
3516,RHEA:31199,valid,,58.0,58.0,3.0,2.0,2.0,4.0,18.0
3517,RHEA:31203,valid,,106.0,106.0,3.0,2.0,2.0,4.0,22.0
3518,RHEA:31227,zero_fallback,missing_mapping,,,,,,,
3519,RHEA:31239,valid,,60.0,60.0,20.0,16.0,8.0,24.0,29.0
3520,RHEA:31287,valid,,105.0,105.0,10.0,6.0,6.0,12.0,53.0
3521,RHEA:31303,valid,,63.0,65.0,14.0,13.0,10.0,23.0,73.0
3522,RHEA:31311,valid,,49.0,50.0,3.0,2.0,2.0,4.0,22.0
3523,RHEA:31315,valid,,50.0,51.0,3.0,2.0,2.0,4.0,22.0
3524,RHEA:31319,valid,,47.0,48.0,4.0,4.0,1.0,5.0,27.0
3525,RHEA:31323,valid,,61.0,62.0,4.0,4.0,1.0,5.0,27.0
3526,RHEA:31327,valid,,52.0,53.0,11.0,10.0,2.0,12.0,37.0
3527,RHEA:31331,valid,,55.0,55.0,5.0,4.0,1.0,5.0,27.0
3528,RHEA:31335,valid,,56.0,56.0,5.0,4.0,1.0,5.0,27.0
3529,RHEA:31339,valid,,64.0,64.0,6.0,4.0,3.0,7.0,35.0
3530,RHEA:31343,valid,,23.0,23.0,4.0,2.0,3.0,5.0,22.0
3531,RHEA:31347,valid,,31.0,32.0,3.0,2.0,2.0,4.0,18.0
3532,RHEA:31351,valid,,32.0,32.0,20.0,25.0,12.0,37.0,79.0
3533,RHEA:31355,valid,,49.0,49.0,10.0,9.0,9.0,18.0,53.0
3534,RHEA:31359,valid,,46.0,46.0,12.0,8.0,7.0,15.0,63.0
3535,RHEA:31367,valid,,9.0,9.0,7.0,5.0,5.0,10.0,21.0
3536,RHEA:31371,valid,,47.0,48.0,3.0,2.0,2.0,4.0,19.0
3537,RHEA:31375,valid,,8.0,8.0,3.0,2.0,2.0,4.0,19.0
3538,RHEA:31379,valid,,9.0,9.0,4.0,2.0,3.0,5.0,22.0
3539,RHEA:31383,valid,,31.0,31.0,18.0,21.0,13.0,34.0,81.0
3540,RHEA:31387,valid,,31.0,31.0,19.0,20.0,14.0,34.0,81.0
3541,RHEA:31391,zero_fallback,missing_mapping,,,,,,,
3542,RHEA:31415,valid,,24.0,24.0,14.0,13.0,11.0,24.0,73.0
3543,RHEA:31419,valid,,11.0,17.0,10.0,8.0,2.0,10.0,37.0
3544,RHEA:31423,valid,,24.0,24.0,12.0,12.0,7.0,19.0,65.0
3545,RHEA:31427,valid,,24.0,24.0,8.0,6.0,6.0,12.0,51.0
3546,RHEA:31431,valid,,24.0,24.0,9.0,10.0,7.0,17.0,59.0
3547,RHEA:31435,valid,,24.0,24.0,9.0,9.0,9.0,18.0,57.0
3548,RHEA:31439,valid,,24.0,31.0,22.0,23.0,10.0,33.0,91.0
3549,RHEA:31443,valid,,49.0,50.0,3.0,2.0,2.0,4.0,22.0
3550,RHEA:31451,valid,,42.0,42.0,3.0,2.0,2.0,4.0,22.0
3551,RHEA:31455,valid,,71.0,73.0,14.0,11.0,10.0,21.0,70.0
3552,RHEA:31459,valid,,16.0,16.0,6.0,6.0,6.0,12.0,43.0
3553,RHEA:31463,valid,,60.0,60.0,4.0,4.0,0.0,4.0,26.0
3554,RHEA:31467,valid,,71.0,71.0,4.0,4.0,0.0,4.0,26.0
3555,RHEA:31471,valid,,82.0,82.0,4.0,4.0,0.0,4.0,26.0
3556,RHEA:31487,valid,,81.0,82.0,3.0,2.0,2.0,4.0,21.0
3557,RHEA:31491,valid,,91.0,92.0,4.0,4.0,1.0,5.0,27.0
3558,RHEA:31495,valid,,71.0,72.0,3.0,2.0,2.0,4.0,21.0
3559,RHEA:31499,valid,,96.0,97.0,3.0,2.0,2.0,4.0,21.0
3560,RHEA:31507,valid,,34.0,35.0,15.0,17.0,12.0,29.0,72.0
3561,RHEA:31511,valid,,76.0,77.0,3.0,2.0,2.0,4.0,19.0
3562,RHEA:31515,valid,,81.0,83.0,8.0,7.0,8.0,15.0,47.0
3563,RHEA:31519,valid,,42.0,42.0,4.0,4.0,0.0,4.0,17.0
3564,RHEA:31523,valid,,12.0,12.0,11.0,12.0,5.0,17.0,32.0
3565,RHEA:31535,valid,,24.0,24.0,7.0,6.0,4.0,10.0,40.0
3566,RHEA:31539,valid,,47.0,48.0,3.0,2.0,2.0,4.0,19.0
3567,RHEA:31543,valid,,114.0,116.0,6.0,4.0,4.0,8.0,21.0
3568,RHEA:31547,valid,,48.0,48.0,6.0,3.0,6.0,9.0,23.0
3569,RHEA:31555,valid,,61.0,61.0,4.0,4.0,0.0,4.0,26.0
3570,RHEA:31559,valid,,56.0,57.0,12.0,11.0,8.0,19.0,65.0
3571,RHEA:31563,valid,,44.0,44.0,3.0,2.0,2.0,4.0,19.0
3572,RHEA:31575,valid,,33.0,34.0,4.0,2.0,3.0,5.0,24.0
3573,RHEA:31579,valid,,22.0,22.0,3.0,2.0,2.0,4.0,18.0
3574,RHEA:31583,valid,,32.0,33.0,4.0,2.0,3.0,5.0,24.0
3575,RHEA:31587,valid,,85.0,86.0,22.0,19.0,18.0,37.0,112.0
3576,RHEA:31599,valid,,86.0,87.0,22.0,19.0,18.0,37.0,112.0
3577,RHEA:31603,valid,,10.0,11.0,3.0,2.0,2.0,4.0,18.0
3578,RHEA:31607,valid,,41.0,41.0,3.0,2.0,2.0,4.0,19.0
3579,RHEA:31611,valid,,42.0,42.0,3.0,2.0,2.0,4.0,19.0
3580,RHEA:31619,valid,,45.0,45.0,4.0,4.0,2.0,6.0,26.0
3581,RHEA:31623,valid,,63.0,64.0,3.0,2.0,2.0,4.0,19.0
3582,RHEA:31627,valid,,57.0,58.0,3.0,2.0,2.0,4.0,21.0
3583,RHEA:31631,valid,,28.0,28.0,8.0,6.0,4.0,10.0,47.0
3584,RHEA:31635,valid,,45.0,45.0,6.0,5.0,3.0,8.0,37.0
3585,RHEA:31639,valid,,75.0,76.0,3.0,2.0,2.0,4.0,19.0
3586,RHEA:31643,valid,,74.0,75.0,3.0,2.0,2.0,4.0,19.0
3587,RHEA:31647,valid,,31.0,31.0,6.0,5.0,3.0,8.0,37.0
3588,RHEA:31663,valid,,48.0,48.0,4.0,4.0,2.0,6.0,26.0
3589,RHEA:31671,valid,,89.0,91.0,5.0,4.0,3.0,7.0,20.0
3590,RHEA:31675,valid,,74.0,75.0,8.0,7.0,8.0,15.0,48.0
3591,RHEA:31679,valid,,24.0,24.0,4.0,2.0,4.0,6.0,19.0
3592,RHEA:31683,valid,,22.0,22.0,6.0,6.0,0.0,6.0,27.0
3593,RHEA:31687,valid,,22.0,22.0,5.0,4.0,2.0,6.0,28.0
3594,RHEA:31695,valid,,22.0,22.0,5.0,4.0,2.0,6.0,28.0
3595,RHEA:31699,valid,,6.0,5.0,2.0,0.0,2.0,2.0,11.0
3596,RHEA:31711,valid,,97.0,99.0,21.0,13.0,12.0,25.0,55.0
3597,RHEA:31715,valid,,64.0,65.0,11.0,7.0,7.0,14.0,57.0
3598,RHEA:31719,valid,,65.0,66.0,12.0,7.0,8.0,15.0,58.0
3599,RHEA:31723,valid,,52.0,53.0,13.0,9.0,7.0,16.0,68.0
3600,RHEA:31727,valid,,63.0,64.0,12.0,9.0,5.0,14.0,60.0
3601,RHEA:31731,valid,,55.0,56.0,11.0,7.0,7.0,14.0,55.0
3602,RHEA:31735,valid,,118.0,119.0,8.0,7.0,8.0,15.0,48.0
3603,RHEA:31739,valid,,54.0,55.0,3.0,2.0,2.0,4.0,19.0
3604,RHEA:31743,valid,,54.0,55.0,3.0,2.0,2.0,4.0,19.0
3605,RHEA:31747,valid,,108.0,110.0,8.0,7.0,8.0,15.0,47.0
3606,RHEA:31755,valid,,59.0,59.0,6.0,5.0,3.0,8.0,35.0
3607,RHEA:31759,valid,,88.0,90.0,5.0,4.0,3.0,7.0,20.0
3608,RHEA:31763,valid,,15.0,15.0,4.0,4.0,2.0,6.0,26.0
3609,RHEA:31767,valid,,48.0,48.0,4.0,4.0,2.0,6.0,26.0
3610,RHEA:31771,valid,,25.0,26.0,3.0,2.0,2.0,4.0,17.0
3611,RHEA:31775,valid,,39.0,40.0,3.0,2.0,2.0,4.0,18.0
3612,RHEA:31779,valid,,25.0,26.0,3.0,2.0,2.0,4.0,17.0
3613,RHEA:31783,valid,,30.0,30.0,4.0,2.0,3.0,5.0,25.0
3614,RHEA:31787,valid,,30.0,30.0,6.0,4.0,3.0,7.0,38.0
3615,RHEA:31791,valid,,30.0,30.0,6.0,4.0,3.0,7.0,38.0
3616,RHEA:31795,valid,,16.0,16.0,5.0,4.0,2.0,6.0,28.0
3617,RHEA:31799,valid,,11.0,11.0,3.0,2.0,2.0,4.0,16.0
3618,RHEA:31803,valid,,42.0,43.0,3.0,2.0,2.0,4.0,19.0
3619,RHEA:31807,valid,,24.0,24.0,12.0,12.0,8.0,20.0,69.0
3620,RHEA:31811,valid,,24.0,24.0,9.0,9.0,7.0,16.0,56.0
3621,RHEA:31815,valid,,24.0,24.0,10.0,8.0,5.0,13.0,60.0
3622,RHEA:31819,valid,,16.0,17.0,8.0,7.0,6.0,13.0,47.0
3623,RHEA:31823,valid,,25.0,25.0,10.0,8.0,10.0,18.0,57.0
3624,RHEA:31827,valid,,19.0,23.0,21.0,23.0,9.0,32.0,85.0
3625,RHEA:31831,zero_fallback,ValueError:RDKit could not parse mapped reaction,,,,,,,
3626,RHEA:31835,valid,,35.0,35.0,4.0,4.0,0.0,4.0,21.0
3627,RHEA:31843,valid,,58.0,58.0,7.0,6.0,2.0,8.0,39.0
3628,RHEA:31847,valid,,31.0,31.0,19.0,27.0,10.0,37.0,73.0
3629,RHEA:31851,valid,,31.0,31.0,12.0,14.0,10.0,24.0,67.0
3630,RHEA:31855,valid,,7.0,10.0,10.0,10.0,5.0,15.0,49.0
3631,RHEA:31859,valid,,31.0,31.0,22.0,27.0,14.0,41.0,87.0
3632,RHEA:31863,valid,,22.0,33.0,30.0,27.0,14.0,41.0,99.0
3633,RHEA:31867,valid,,31.0,31.0,15.0,19.0,9.0,28.0,68.0
3634,RHEA:31871,valid,,31.0,31.0,15.0,14.0,11.0,25.0,73.0
3635,RHEA:31875,valid,,31.0,31.0,8.0,9.0,5.0,14.0,46.0
3636,RHEA:31879,valid,,31.0,31.0,19.0,19.0,10.0,29.0,82.0
3637,RHEA:31883,valid,,31.0,31.0,20.0,20.0,12.0,32.0,79.0
3638,RHEA:31887,valid,,31.0,31.0,15.0,17.0,11.0,28.0,80.0
3639,RHEA:31895,valid,,24.0,24.0,11.0,12.0,5.0,17.0,66.0
3640,RHEA:31899,valid,,42.0,43.0,15.0,11.0,8.0,19.0,74.0
3641,RHEA:31907,valid,,47.0,48.0,3.0,2.0,2.0,4.0,19.0
3642,RHEA:31911,valid,,25.0,25.0,8.0,6.0,4.0,10.0,41.0
3643,RHEA:31915,valid,,54.0,55.0,3.0,2.0,2.0,4.0,22.0
3644,RHEA:31919,valid,,43.0,44.0,11.0,7.0,7.0,14.0,56.0
3645,RHEA:31927,valid,,44.0,45.0,13.0,9.0,7.0,16.0,66.0
3646,RHEA:31943,valid,,38.0,38.0,5.0,2.0,5.0,7.0,23.0
3647,RHEA:31951,valid,,119.0,123.0,31.0,20.0,18.0,38.0,59.0
3648,RHEA:31967,valid,,53.0,54.0,11.0,7.0,7.0,14.0,57.0
3649,RHEA:31971,valid,,75.0,75.0,9.0,8.0,9.0,17.0,49.0
3650,RHEA:31975,valid,,69.0,70.0,11.0,7.0,7.0,14.0,56.0
3651,RHEA:31979,valid,,54.0,54.0,9.0,8.0,9.0,17.0,49.0
3652,RHEA:31987,valid,,31.0,31.0,16.0,19.0,11.0,30.0,72.0
3653,RHEA:31991,valid,,24.0,24.0,8.0,6.0,6.0,12.0,52.0
3654,RHEA:31995,valid,,24.0,24.0,8.0,6.0,6.0,12.0,52.0
3655,RHEA:31999,valid,,24.0,24.0,9.0,10.0,5.0,15.0,57.0
3656,RHEA:32003,valid,,9.0,9.0,2.0,0.0,2.0,2.0,14.0
3657,RHEA:32011,valid,,25.0,25.0,8.0,6.0,8.0,14.0,52.0
3658,RHEA:32015,valid,,24.0,24.0,9.0,8.0,7.0,15.0,58.0
3659,RHEA:32019,valid,,24.0,24.0,10.0,8.0,9.0,17.0,60.0
3660,RHEA:32023,valid,,25.0,25.0,15.0,14.0,10.0,24.0,74.0
3661,RHEA:32027,valid,,24.0,24.0,7.0,5.0,6.0,11.0,49.0
3662,RHEA:32031,valid,,24.0,24.0,5.0,3.0,5.0,8.0,38.0
3663,RHEA:32035,valid,,26.0,27.0,3.0,2.0,2.0,4.0,18.0
3664,RHEA:32039,valid,,54.0,56.0,3.0,2.0,2.0,4.0,17.0
3665,RHEA:32043,valid,,62.0,64.0,3.0,2.0,2.0,4.0,17.0
3666,RHEA:32047,valid,,62.0,64.0,3.0,2.0,2.0,4.0,17.0
3667,RHEA:32051,valid,,58.0,60.0,3.0,2.0,2.0,4.0,17.0
3668,RHEA:32059,valid,,19.0,19.0,3.0,2.0,2.0,4.0,18.0
3669,RHEA:32063,valid,,29.0,30.0,4.0,2.0,3.0,5.0,21.0
3670,RHEA:32067,valid,,13.0,13.0,4.0,2.0,3.0,5.0,22.0
3671,RHEA:32075,valid,,15.0,18.0,12.0,9.0,6.0,15.0,63.0
3672,RHEA:32083,valid,,52.0,52.0,4.0,2.0,3.0,5.0,29.0
3673,RHEA:32091,valid,,74.0,75.0,3.0,2.0,2.0,4.0,21.0
3674,RHEA:32095,valid,,86.0,87.0,3.0,2.0,2.0,4.0,22.0
3675,RHEA:32099,valid,,52.0,53.0,3.0,2.0,2.0,4.0,19.0
3676,RHEA:32103,valid,,71.0,73.0,14.0,12.0,4.0,16.0,45.0
3677,RHEA:32111,valid,,44.0,45.0,3.0,2.0,2.0,4.0,19.0
3678,RHEA:32115,valid,,36.0,36.0,6.0,6.0,2.0,8.0,31.0
3679,RHEA:32119,valid,,55.0,56.0,3.0,2.0,2.0,4.0,22.0
3680,RHEA:32123,valid,,14.0,14.0,0.0,0.0,0.0,0.0,0.0
3681,RHEA:32127,valid,,20.0,20.0,6.0,6.0,2.0,8.0,30.0
3682,RHEA:32131,valid,,56.0,56.0,3.0,2.0,2.0,4.0,19.0
3683,RHEA:32139,valid,,86.0,86.0,6.0,4.0,3.0,7.0,36.0
3684,RHEA:32151,valid,,29.0,29.0,6.0,4.0,3.0,7.0,38.0
3685,RHEA:32155,valid,,54.0,56.0,6.0,6.0,4.0,10.0,44.0
3686,RHEA:32159,valid,,36.0,36.0,6.0,5.0,2.0,7.0,26.0
3687,RHEA:32163,valid,,58.0,59.0,6.0,4.0,3.0,7.0,37.0
3688,RHEA:32167,valid,,71.0,72.0,6.0,4.0,3.0,7.0,37.0
3689,RHEA:32171,valid,,107.0,107.0,14.0,15.0,13.0,28.0,67.0
3690,RHEA:32175,valid,,109.0,110.0,3.0,2.0,2.0,4.0,21.0
3691,RHEA:32183,valid,,30.0,30.0,4.0,2.0,4.0,6.0,19.0
3692,RHEA:32187,valid,,28.0,28.0,3.0,2.0,2.0,4.0,22.0
3693,RHEA:32199,valid,,31.0,31.0,5.0,2.0,5.0,7.0,23.0
3694,RHEA:32215,valid,,45.0,45.0,0.0,0.0,0.0,0.0,0.0
3695,RHEA:32219,valid,,40.0,40.0,3.0,2.0,2.0,4.0,20.0
3696,RHEA:32223,valid,,72.0,73.0,6.0,4.0,4.0,8.0,36.0
3697,RHEA:32227,valid,,49.0,49.0,0.0,0.0,0.0,0.0,0.0
3698,RHEA:32231,valid,,80.0,81.0,6.0,4.0,4.0,8.0,36.0
3699,RHEA:32235,valid,,76.0,77.0,6.0,4.0,4.0,8.0,36.0
3700,RHEA:32239,valid,,40.0,40.0,5.0,5.0,2.0,7.0,30.0
3701,RHEA:32243,valid,,18.0,18.0,4.0,2.0,4.0,6.0,26.0
3702,RHEA:32259,valid,,21.0,21.0,8.0,6.0,4.0,10.0,41.0
3703,RHEA:32263,valid,,13.0,13.0,4.0,4.0,2.0,6.0,26.0
3704,RHEA:32267,valid,,12.0,12.0,4.0,4.0,2.0,6.0,26.0
3705,RHEA:32271,valid,,56.0,56.0,11.0,9.0,10.0,19.0,63.0
3706,RHEA:32275,valid,,57.0,57.0,11.0,9.0,10.0,19.0,63.0
3707,RHEA:32287,valid,,12.0,12.0,3.0,2.0,2.0,4.0,19.0
3708,RHEA:32295,valid,,57.0,57.0,8.0,6.0,8.0,14.0,49.0
3709,RHEA:32299,valid,,53.0,53.0,8.0,6.0,8.0,14.0,49.0
3710,RHEA:32303,valid,,14.0,14.0,3.0,2.0,2.0,4.0,20.0
3711,RHEA:32307,valid,,24.0,24.0,8.0,7.0,3.0,10.0,30.0
3712,RHEA:32311,valid,,79.0,81.0,24.0,16.0,14.0,30.0,72.0
3713,RHEA:32323,valid,,119.0,123.0,31.0,20.0,18.0,38.0,59.0
3714,RHEA:32327,valid,,44.0,45.0,6.0,6.0,6.0,12.0,35.0
3715,RHEA:32347,valid,,76.0,78.0,6.0,4.0,4.0,8.0,19.0
3716,RHEA:32351,valid,,103.0,106.0,9.0,6.0,6.0,12.0,21.0
3717,RHEA:32359,valid,,86.0,88.0,6.0,4.0,4.0,8.0,22.0
3718,RHEA:32363,valid,,14.0,15.0,5.0,2.0,5.0,7.0,23.0
3719,RHEA:32367,valid,,16.0,21.0,9.0,2.0,9.0,11.0,26.0
3720,RHEA:32371,valid,,68.0,68.0,16.0,12.0,8.0,20.0,42.0
3721,RHEA:32431,valid,,61.0,61.0,10.0,10.0,7.0,17.0,54.0
3722,RHEA:32439,valid,,2.0,1.0,1.0,0.0,1.0,1.0,4.0
3723,RHEA:32443,valid,,62.0,62.0,12.0,8.0,6.0,14.0,27.0
3724,RHEA:32455,valid,,81.0,83.0,21.0,13.0,12.0,25.0,54.0
3725,RHEA:32459,valid,,114.0,115.0,25.0,25.0,15.0,40.0,85.0
3726,RHEA:32463,valid,,59.0,61.0,5.0,4.0,3.0,7.0,20.0
3727,RHEA:32467,valid,,60.0,62.0,5.0,4.0,3.0,7.0,19.0
3728,RHEA:32479,valid,,111.0,112.0,17.0,14.0,17.0,31.0,50.0
3729,RHEA:32483,valid,,45.0,45.0,4.0,3.0,3.0,6.0,24.0
3730,RHEA:32487,valid,,32.0,34.0,3.0,2.0,2.0,4.0,17.0
3731,RHEA:32491,valid,,48.0,49.0,11.0,7.0,7.0,14.0,57.0
3732,RHEA:32495,valid,,44.0,45.0,11.0,7.0,7.0,14.0,57.0
3733,RHEA:32507,valid,,13.0,14.0,3.0,2.0,2.0,4.0,18.0
3734,RHEA:32519,valid,,46.0,47.0,3.0,2.0,2.0,4.0,20.0
3735,RHEA:32523,valid,,28.0,28.0,5.0,4.0,2.0,6.0,30.0
3736,RHEA:32527,valid,,34.0,34.0,6.0,4.0,3.0,7.0,32.0
3737,RHEA:32531,valid,,28.0,28.0,5.0,4.0,2.0,6.0,30.0
3738,RHEA:32535,valid,,10.0,10.0,6.0,4.0,4.0,8.0,31.0
3739,RHEA:32539,valid,,17.0,21.0,16.0,17.0,9.0,26.0,72.0
3740,RHEA:32543,valid,,20.0,20.0,12.0,12.0,5.0,17.0,66.0
3741,RHEA:32547,valid,,19.0,19.0,8.0,6.0,6.0,12.0,54.0
3742,RHEA:32551,zero_fallback,ValueError:RDKit could not parse mapped reaction,,,,,,,
3743,RHEA:32555,valid,,19.0,24.0,19.0,25.0,8.0,33.0,81.0
3744,RHEA:32559,valid,,19.0,19.0,9.0,8.0,4.0,12.0,50.0
3745,RHEA:32563,valid,,19.0,30.0,23.0,22.0,9.0,31.0,65.0
3746,RHEA:32567,valid,,9.0,14.0,10.0,8.0,1.0,9.0,29.0
3747,RHEA:32571,valid,,21.0,21.0,10.0,8.0,8.0,16.0,56.0
3748,RHEA:32575,valid,,19.0,19.0,6.0,4.0,4.0,8.0,41.0
3749,RHEA:32579,valid,,19.0,19.0,8.0,6.0,5.0,11.0,51.0
3750,RHEA:32595,valid,,13.0,14.0,3.0,2.0,2.0,4.0,18.0
3751,RHEA:32619,valid,,65.0,66.0,10.0,7.0,10.0,17.0,61.0
3752,RHEA:32623,valid,,113.0,115.0,18.0,14.0,18.0,32.0,64.0
3753,RHEA:32627,valid,,113.0,115.0,16.0,14.0,16.0,30.0,51.0
3754,RHEA:32631,valid,,99.0,99.0,9.0,8.0,9.0,17.0,51.0
3755,RHEA:32635,valid,,77.0,79.0,21.0,13.0,12.0,25.0,55.0
3756,RHEA:32643,valid,,21.0,23.0,4.0,1.0,4.0,5.0,15.0
3757,RHEA:32647,valid,,77.0,78.0,3.0,2.0,2.0,4.0,19.0
3758,RHEA:32651,valid,,76.0,77.0,3.0,2.0,2.0,4.0,19.0
3759,RHEA:32655,valid,,64.0,64.0,10.0,9.0,8.0,17.0,62.0
3760,RHEA:32659,valid,,108.0,110.0,16.0,14.0,16.0,30.0,52.0
3761,RHEA:32663,valid,,39.0,40.0,3.0,2.0,2.0,4.0,20.0
3762,RHEA:32667,valid,,9.0,10.0,3.0,2.0,2.0,4.0,17.0
3763,RHEA:32671,valid,,70.0,71.0,3.0,2.0,2.0,4.0,22.0
3764,RHEA:32675,valid,,24.0,24.0,3.0,2.0,2.0,4.0,16.0
3765,RHEA:32679,valid,,20.0,20.0,5.0,4.0,2.0,6.0,26.0
3766,RHEA:32683,valid,,17.0,19.0,11.0,6.0,10.0,16.0,30.0
3767,RHEA:32687,valid,,19.0,19.0,10.0,12.0,3.0,15.0,52.0
3768,RHEA:32691,valid,,19.0,30.0,24.0,30.0,7.0,37.0,94.0
3769,RHEA:32699,valid,,24.0,24.0,8.0,6.0,6.0,12.0,49.0
3770,RHEA:32703,valid,,30.0,30.0,7.0,6.0,6.0,12.0,38.0
3771,RHEA:32711,valid,,98.0,99.0,8.0,7.0,8.0,15.0,48.0
3772,RHEA:32715,valid,,54.0,54.0,11.0,9.0,10.0,19.0,63.0
3773,RHEA:32719,valid,,77.0,79.0,24.0,16.0,14.0,30.0,73.0
3774,RHEA:32723,valid,,78.0,80.0,24.0,16.0,14.0,30.0,73.0
3775,RHEA:32727,valid,,105.0,105.0,7.0,6.0,2.0,8.0,41.0
3776,RHEA:32731,valid,,10.0,14.0,8.0,9.0,2.0,11.0,40.0
3777,RHEA:32735,valid,,47.0,48.0,3.0,2.0,2.0,4.0,19.0
3778,RHEA:32739,valid,,48.0,49.0,3.0,2.0,2.0,4.0,19.0
3779,RHEA:32743,valid,,18.0,19.0,3.0,2.0,2.0,4.0,22.0
3780,RHEA:32759,valid,,10.0,10.0,3.0,2.0,2.0,4.0,19.0
3781,RHEA:32763,valid,,51.0,52.0,6.0,4.0,3.0,7.0,34.0
3782,RHEA:32767,valid,,49.0,50.0,3.0,2.0,2.0,4.0,19.0
3783,RHEA:32779,valid,,33.0,34.0,3.0,2.0,2.0,4.0,18.0
3784,RHEA:32783,valid,,40.0,41.0,4.0,2.0,3.0,5.0,21.0
3785,RHEA:32859,valid,,31.0,31.0,4.0,4.0,0.0,4.0,22.0
3786,RHEA:32879,valid,,56.0,57.0,8.0,7.0,8.0,15.0,46.0
3787,RHEA:32883,valid,,64.0,65.0,8.0,7.0,8.0,15.0,48.0
3788,RHEA:32887,valid,,42.0,42.0,4.0,4.0,0.0,4.0,13.0
3789,RHEA:32895,valid,,44.0,45.0,11.0,7.0,7.0,14.0,56.0
3790,RHEA:32899,valid,,44.0,45.0,11.0,7.0,7.0,14.0,56.0
3791,RHEA:32903,valid,,61.0,62.0,11.0,7.0,7.0,14.0,57.0
3792,RHEA:32907,valid,,24.0,26.0,6.0,4.0,4.0,8.0,22.0
3793,RHEA:32919,valid,,15.0,16.0,3.0,2.0,2.0,4.0,17.0
3794,RHEA:32927,valid,,22.0,23.0,3.0,2.0,2.0,4.0,19.0
3795,RHEA:32931,valid,,57.0,58.0,10.0,10.0,1.0,11.0,38.0
3796,RHEA:32935,valid,,37.0,38.0,3.0,2.0,2.0,4.0,17.0
3797,RHEA:32939,valid,,43.0,44.0,3.0,2.0,2.0,4.0,22.0
3798,RHEA:32943,valid,,40.0,41.0,4.0,4.0,1.0,5.0,27.0
3799,RHEA:32947,valid,,60.0,60.0,3.0,2.0,2.0,4.0,20.0
3800,RHEA:32955,valid,,36.0,36.0,4.0,2.0,3.0,5.0,22.0
3801,RHEA:32963,valid,,11.0,11.0,3.0,2.0,2.0,4.0,16.0
3802,RHEA:32967,valid,,17.0,18.0,5.0,4.0,2.0,6.0,27.0
3803,RHEA:32975,valid,,24.0,26.0,6.0,4.0,4.0,8.0,22.0
3804,RHEA:32979,valid,,20.0,21.0,3.0,2.0,2.0,4.0,19.0
3805,RHEA:32983,valid,,29.0,31.0,6.0,4.0,4.0,8.0,22.0
3806,RHEA:32987,valid,,25.0,26.0,3.0,2.0,2.0,4.0,19.0
3807,RHEA:32995,valid,,67.0,67.0,3.0,2.0,2.0,4.0,20.0
3808,RHEA:32999,valid,,114.0,118.0,31.0,20.0,18.0,38.0,59.0
3809,RHEA:33015,valid,,110.0,110.0,10.0,10.0,7.0,17.0,54.0
3810,RHEA:33019,valid,,61.0,62.0,3.0,2.0,2.0,4.0,22.0
3811,RHEA:33023,valid,,61.0,61.0,11.0,9.0,10.0,19.0,63.0
3812,RHEA:33027,valid,,62.0,62.0,9.0,3.0,8.0,11.0,22.0
3813,RHEA:33031,valid,,56.0,56.0,8.0,7.0,8.0,15.0,48.0
3814,RHEA:33035,valid,,65.0,65.0,9.0,3.0,8.0,11.0,22.0
3815,RHEA:33039,valid,,64.0,64.0,9.0,3.0,8.0,11.0,22.0
3816,RHEA:33051,valid,,51.0,52.0,8.0,7.0,8.0,15.0,48.0
3817,RHEA:33063,valid,,52.0,52.0,8.0,6.0,8.0,14.0,42.0
3818,RHEA:33067,valid,,27.0,27.0,4.0,2.0,3.0,5.0,22.0
3819,RHEA:33071,valid,,16.0,16.0,9.0,6.0,6.0,12.0,47.0
3820,RHEA:33075,valid,,43.0,44.0,9.0,8.0,3.0,11.0,52.0
3821,RHEA:33079,valid,,31.0,31.0,3.0,2.0,2.0,4.0,19.0
3822,RHEA:33083,valid,,48.0,49.0,4.0,2.0,4.0,6.0,30.0
3823,RHEA:33099,valid,,65.0,66.0,3.0,2.0,2.0,4.0,22.0
3824,RHEA:33103,valid,,24.0,24.0,11.0,10.0,9.0,19.0,67.0
3825,RHEA:33107,valid,,24.0,24.0,12.0,10.0,8.0,18.0,65.0
3826,RHEA:33111,valid,,24.0,24.0,14.0,16.0,7.0,23.0,69.0
3827,RHEA:33119,valid,,24.0,24.0,11.0,11.0,10.0,21.0,69.0
3828,RHEA:33123,valid,,44.0,44.0,6.0,4.0,5.0,9.0,44.0
3829,RHEA:33147,valid,,70.0,71.0,4.0,2.0,3.0,5.0,21.0
3830,RHEA:33155,valid,,14.0,14.0,4.0,2.0,3.0,5.0,22.0
3831,RHEA:33159,valid,,23.0,24.0,3.0,2.0,2.0,4.0,19.0
3832,RHEA:33179,valid,,36.0,37.0,5.0,4.0,2.0,6.0,23.0
3833,RHEA:33187,valid,,94.0,94.0,3.0,2.0,2.0,4.0,20.0
3834,RHEA:33191,valid,,70.0,70.0,3.0,2.0,2.0,4.0,20.0
3835,RHEA:33195,valid,,75.0,75.0,3.0,2.0,2.0,4.0,20.0
3836,RHEA:33199,valid,,49.0,50.0,8.0,7.0,8.0,15.0,48.0
3837,RHEA:33203,valid,,69.0,69.0,3.0,2.0,2.0,4.0,20.0
3838,RHEA:33219,valid,,121.0,125.0,33.0,22.0,19.0,41.0,71.0
3839,RHEA:33227,valid,,12.0,12.0,3.0,2.0,2.0,4.0,19.0
3840,RHEA:33235,zero_fallback,missing_mapping,,,,,,,
3841,RHEA:33263,valid,,78.0,80.0,24.0,16.0,14.0,30.0,72.0
3842,RHEA:33275,valid,,13.0,14.0,3.0,2.0,2.0,4.0,19.0
3843,RHEA:33279,valid,,81.0,83.0,24.0,16.0,14.0,30.0,72.0
3844,RHEA:33291,valid,,80.0,82.0,24.0,16.0,14.0,30.0,73.0
3845,RHEA:33295,valid,,81.0,83.0,24.0,16.0,14.0,30.0,73.0
3846,RHEA:33299,valid,,21.0,21.0,3.0,2.0,2.0,4.0,22.0
3847,RHEA:33307,valid,,34.0,34.0,4.0,2.0,2.0,4.0,28.0
3848,RHEA:33315,valid,,78.0,78.0,3.0,2.0,2.0,4.0,20.0
3849,RHEA:33335,valid,,49.0,49.0,4.0,2.0,3.0,5.0,22.0
3850,RHEA:33339,valid,,97.0,98.0,3.0,2.0,2.0,4.0,22.0
3851,RHEA:33351,valid,,96.0,97.0,3.0,2.0,2.0,4.0,22.0
3852,RHEA:33359,valid,,86.0,86.0,3.0,2.0,2.0,4.0,20.0
3853,RHEA:33363,valid,,28.0,28.0,4.0,2.0,2.0,4.0,28.0
3854,RHEA:33367,valid,,28.0,28.0,4.0,2.0,2.0,4.0,28.0
3855,RHEA:33371,valid,,39.0,39.0,4.0,2.0,2.0,4.0,28.0
3856,RHEA:33375,valid,,61.0,61.0,8.0,7.0,8.0,15.0,48.0
3857,RHEA:33383,valid,,48.0,49.0,3.0,2.0,2.0,4.0,22.0
3858,RHEA:33387,valid,,31.0,32.0,3.0,2.0,2.0,4.0,22.0
3859,RHEA:33399,valid,,36.0,36.0,4.0,2.0,2.0,4.0,28.0
3860,RHEA:33411,valid,,24.0,24.0,3.0,2.0,2.0,4.0,18.0
3861,RHEA:33415,valid,,13.0,14.0,5.0,4.0,2.0,6.0,26.0
3862,RHEA:33423,valid,,45.0,45.0,4.0,2.0,2.0,4.0,28.0
3863,RHEA:33431,valid,,11.0,11.0,5.0,4.0,2.0,6.0,28.0
3864,RHEA:33435,valid,,29.0,29.0,3.0,2.0,2.0,4.0,21.0
3865,RHEA:33439,valid,,7.0,8.0,4.0,2.0,4.0,6.0,17.0
3866,RHEA:33447,valid,,80.0,80.0,11.0,9.0,10.0,19.0,63.0
3867,RHEA:33455,valid,,79.0,79.0,11.0,9.0,10.0,19.0,60.0
3868,RHEA:33459,valid,,76.0,76.0,8.0,7.0,8.0,15.0,47.0
3869,RHEA:33467,valid,,79.0,79.0,10.0,8.0,10.0,18.0,52.0
3870,RHEA:33475,valid,,51.0,51.0,4.0,4.0,0.0,4.0,22.0
3871,RHEA:33479,valid,,82.0,82.0,11.0,10.0,2.0,12.0,59.0
3872,RHEA:33483,valid,,80.0,80.0,3.0,2.0,2.0,4.0,20.0
3873,RHEA:33495,valid,,54.0,54.0,4.0,2.0,3.0,5.0,28.0
3874,RHEA:33499,valid,,16.0,16.0,5.0,4.0,2.0,6.0,31.0
3875,RHEA:33507,valid,,25.0,25.0,3.0,2.0,2.0,4.0,19.0
3876,RHEA:33519,valid,,25.0,25.0,9.0,8.0,5.0,13.0,37.0
3877,RHEA:33551,valid,,25.0,25.0,3.0,2.0,2.0,4.0,18.0
3878,RHEA:33555,valid,,26.0,26.0,3.0,2.0,2.0,4.0,18.0
3879,RHEA:33559,valid,,61.0,61.0,3.0,2.0,2.0,4.0,20.0
3880,RHEA:33563,valid,,53.0,54.0,3.0,2.0,2.0,4.0,22.0
3881,RHEA:33567,valid,,4.0,6.0,5.0,3.0,2.0,5.0,17.0
3882,RHEA:33571,valid,,3.0,5.0,5.0,3.0,2.0,5.0,15.0
3883,RHEA:33579,valid,,84.0,85.0,8.0,7.0,8.0,15.0,46.0
3884,RHEA:33583,valid,,50.0,50.0,4.0,4.0,2.0,6.0,26.0
3885,RHEA:33587,valid,,91.0,92.0,3.0,2.0,2.0,4.0,22.0
3886,RHEA:33591,valid,,94.0,95.0,3.0,2.0,2.0,4.0,22.0
3887,RHEA:33595,valid,,95.0,96.0,3.0,2.0,2.0,4.0,22.0
3888,RHEA:33607,valid,,99.0,99.0,6.0,4.0,3.0,7.0,36.0
3889,RHEA:33611,valid,,12.0,13.0,4.0,3.0,3.0,6.0,23.0
3890,RHEA:33615,valid,,99.0,99.0,6.0,4.0,3.0,7.0,36.0
3891,RHEA:33619,valid,,95.0,95.0,6.0,4.0,3.0,7.0,36.0
3892,RHEA:33623,valid,,93.0,93.0,6.0,4.0,3.0,7.0,36.0
3893,RHEA:33627,valid,,91.0,91.0,6.0,4.0,3.0,7.0,36.0
3894,RHEA:33631,valid,,89.0,89.0,6.0,4.0,3.0,7.0,36.0
3895,RHEA:33639,valid,,105.0,105.0,6.0,4.0,3.0,7.0,36.0
3896,RHEA:33643,valid,,95.0,95.0,6.0,4.0,3.0,7.0,36.0
3897,RHEA:33647,valid,,97.0,97.0,6.0,4.0,3.0,7.0,36.0
3898,RHEA:33651,valid,,99.0,99.0,6.0,4.0,3.0,7.0,36.0
3899,RHEA:33655,valid,,20.0,20.0,0.0,0.0,0.0,0.0,0.0
3900,RHEA:33663,valid,,53.0,53.0,5.0,2.0,5.0,7.0,19.0
3901,RHEA:33683,valid,,74.0,74.0,5.0,5.0,2.0,7.0,33.0
3902,RHEA:33687,valid,,110.0,111.0,3.0,2.0,2.0,4.0,22.0
3903,RHEA:33707,valid,,39.0,40.0,3.0,2.0,2.0,4.0,22.0
3904,RHEA:33711,valid,,15.0,17.0,7.0,6.0,3.0,9.0,36.0
3905,RHEA:33731,valid,,55.0,55.0,4.0,4.0,0.0,4.0,22.0
3906,RHEA:33739,valid,,62.0,62.0,8.0,7.0,8.0,15.0,47.0
3907,RHEA:33743,valid,,29.0,29.0,3.0,2.0,2.0,4.0,17.0
3908,RHEA:33747,valid,,40.0,41.0,3.0,2.0,2.0,4.0,22.0
3909,RHEA:33751,valid,,26.0,26.0,4.0,2.0,3.0,5.0,22.0
3910,RHEA:33755,valid,,40.0,40.0,3.0,2.0,2.0,4.0,19.0
3911,RHEA:33763,valid,,101.0,101.0,8.0,7.0,8.0,15.0,47.0
3912,RHEA:33771,valid,,41.0,42.0,4.0,4.0,1.0,5.0,27.0
3913,RHEA:33775,valid,,42.0,43.0,3.0,2.0,2.0,4.0,22.0
3914,RHEA:33807,valid,,14.0,14.0,3.0,2.0,2.0,4.0,19.0
3915,RHEA:33815,valid,,122.0,123.0,11.0,12.0,1.0,13.0,45.0
3916,RHEA:33819,valid,,13.0,13.0,3.0,2.0,2.0,4.0,22.0
3917,RHEA:33839,valid,,36.0,36.0,4.0,2.0,3.0,5.0,28.0
3918,RHEA:33859,valid,,26.0,26.0,3.0,2.0,2.0,4.0,18.0
3919,RHEA:33867,valid,,14.0,14.0,4.0,4.0,2.0,6.0,26.0
3920,RHEA:33875,valid,,48.0,49.0,3.0,2.0,2.0,4.0,18.0
3921,RHEA:33879,valid,,59.0,60.0,8.0,7.0,8.0,15.0,46.0
3922,RHEA:33883,valid,,55.0,56.0,8.0,7.0,8.0,15.0,46.0
3923,RHEA:33887,valid,,114.0,116.0,15.0,18.0,15.0,33.0,53.0
3924,RHEA:33891,valid,,63.0,64.0,8.0,7.0,8.0,15.0,48.0
3925,RHEA:33895,valid,,108.0,109.0,8.0,7.0,8.0,15.0,46.0
3926,RHEA:33899,valid,,117.0,117.0,10.0,6.0,6.0,12.0,52.0
3927,RHEA:33907,valid,,11.0,11.0,5.0,4.0,4.0,8.0,24.0
3928,RHEA:33915,valid,,11.0,11.0,5.0,4.0,4.0,8.0,26.0
3929,RHEA:33919,valid,,79.0,79.0,8.0,7.0,8.0,15.0,50.0
3930,RHEA:33927,valid,,104.0,104.0,16.0,15.0,15.0,30.0,56.0
3931,RHEA:33931,valid,,44.0,44.0,4.0,4.0,0.0,4.0,13.0
3932,RHEA:33947,valid,,50.0,51.0,4.0,4.0,1.0,5.0,27.0
3933,RHEA:33951,valid,,70.0,71.0,4.0,4.0,1.0,5.0,26.0
3934,RHEA:33955,valid,,49.0,50.0,3.0,2.0,2.0,4.0,21.0
3935,RHEA:33959,valid,,52.0,52.0,15.0,18.0,2.0,20.0,65.0
3936,RHEA:33963,valid,,41.0,41.0,4.0,4.0,0.0,4.0,22.0
3937,RHEA:33967,valid,,13.0,14.0,5.0,4.0,2.0,6.0,30.0
3938,RHEA:33971,valid,,36.0,36.0,4.0,2.0,3.0,5.0,22.0
3939,RHEA:33975,valid,,27.0,27.0,3.0,2.0,2.0,4.0,16.0
3940,RHEA:33979,valid,,25.0,25.0,3.0,2.0,2.0,4.0,16.0
3941,RHEA:33983,valid,,9.0,9.0,2.0,0.0,2.0,2.0,14.0
3942,RHEA:33987,valid,,9.0,9.0,2.0,0.0,2.0,2.0,14.0
3943,RHEA:33991,valid,,24.0,24.0,13.0,12.0,10.0,22.0,68.0
3944,RHEA:33995,valid,,47.0,47.0,3.0,2.0,2.0,4.0,22.0
3945,RHEA:33999,valid,,28.0,28.0,3.0,2.0,2.0,4.0,21.0
3946,RHEA:34019,valid,,10.0,11.0,3.0,2.0,2.0,4.0,17.0
3947,RHEA:34023,valid,,62.0,65.0,22.0,21.0,22.0,43.0,72.0
3948,RHEA:34027,valid,,66.0,69.0,22.0,23.0,22.0,45.0,74.0
3949,RHEA:34031,valid,,26.0,26.0,3.0,2.0,2.0,4.0,18.0
3950,RHEA:34035,valid,,24.0,24.0,4.0,2.0,4.0,6.0,19.0
3951,RHEA:34039,valid,,32.0,32.0,4.0,4.0,2.0,6.0,26.0
3952,RHEA:34043,valid,,44.0,44.0,4.0,2.0,3.0,5.0,28.0
3953,RHEA:34047,valid,,44.0,44.0,4.0,2.0,4.0,6.0,19.0
3954,RHEA:34051,valid,,46.0,46.0,3.0,2.0,2.0,4.0,18.0
3955,RHEA:34055,valid,,62.0,63.0,8.0,7.0,8.0,15.0,49.0
3956,RHEA:34059,valid,,66.0,67.0,8.0,7.0,8.0,15.0,49.0
3957,RHEA:34063,valid,,47.0,48.0,4.0,4.0,1.0,5.0,27.0
3958,RHEA:34067,valid,,77.0,77.0,5.0,4.0,1.0,5.0,29.0
3959,RHEA:34071,valid,,94.0,94.0,4.0,4.0,0.0,4.0,22.0
3960,RHEA:34075,valid,,18.0,18.0,7.0,6.0,3.0,9.0,38.0
3961,RHEA:34091,valid,,16.0,16.0,8.0,8.0,2.0,10.0,45.0
3962,RHEA:34095,valid,,13.0,13.0,3.0,2.0,2.0,4.0,19.0
3963,RHEA:34099,valid,,12.0,12.0,3.0,2.0,2.0,4.0,19.0
3964,RHEA:34103,valid,,78.0,78.0,0.0,0.0,0.0,0.0,0.0
3965,RHEA:34111,valid,,62.0,63.0,9.0,8.0,9.0,17.0,54.0
3966,RHEA:34115,valid,,61.0,62.0,9.0,8.0,9.0,17.0,54.0
3967,RHEA:34119,zero_fallback,missing_mapping,,,,,,,
3968,RHEA:34123,valid,,64.0,65.0,11.0,11.0,10.0,21.0,49.0
3969,RHEA:34127,valid,,35.0,35.0,4.0,2.0,3.0,5.0,29.0
3970,RHEA:34135,valid,,28.0,28.0,6.0,4.0,4.0,8.0,33.0
3971,RHEA:34147,valid,,21.0,21.0,4.0,4.0,2.0,6.0,26.0
3972,RHEA:34151,valid,,21.0,21.0,4.0,4.0,2.0,6.0,26.0
3973,RHEA:34155,valid,,89.0,90.0,7.0,6.0,2.0,8.0,46.0
3974,RHEA:34159,valid,,89.0,90.0,7.0,6.0,2.0,8.0,46.0
3975,RHEA:34163,valid,,10.0,11.0,9.0,10.0,8.0,18.0,38.0
3976,RHEA:34167,valid,,16.0,17.0,3.0,2.0,2.0,4.0,19.0
3977,RHEA:34171,valid,,14.0,15.0,6.0,4.0,4.0,8.0,37.0
3978,RHEA:34175,valid,,111.0,111.0,11.0,10.0,8.0,18.0,62.0
3979,RHEA:34179,valid,,36.0,37.0,3.0,2.0,2.0,4.0,18.0
3980,RHEA:34183,valid,,130.0,131.0,3.0,2.0,2.0,4.0,21.0
3981,RHEA:34187,valid,,16.0,17.0,3.0,2.0,2.0,4.0,19.0
3982,RHEA:34191,valid,,16.0,17.0,3.0,2.0,2.0,4.0,19.0
3983,RHEA:34195,valid,,66.0,66.0,8.0,3.0,8.0,11.0,27.0
3984,RHEA:34199,valid,,34.0,34.0,6.0,3.0,6.0,9.0,34.0
3985,RHEA:34203,valid,,33.0,33.0,6.0,3.0,6.0,9.0,34.0
3986,RHEA:34207,valid,,27.0,27.0,4.0,2.0,3.0,5.0,27.0
3987,RHEA:34211,valid,,62.0,63.0,8.0,7.0,8.0,15.0,46.0
3988,RHEA:34215,valid,,61.0,63.0,9.0,8.0,9.0,17.0,53.0
3989,RHEA:34219,valid,,55.0,57.0,8.0,7.0,8.0,15.0,47.0
3990,RHEA:34223,valid,,16.0,18.0,5.0,3.0,2.0,5.0,17.0
3991,RHEA:34227,valid,,15.0,16.0,10.0,11.0,8.0,19.0,54.0
3992,RHEA:34239,valid,,10.0,10.0,3.0,2.0,2.0,4.0,20.0
3993,RHEA:34243,valid,,59.0,59.0,5.0,4.0,1.0,5.0,27.0
3994,RHEA:34255,valid,,36.0,36.0,15.0,19.0,10.0,29.0,54.0
3995,RHEA:34259,valid,,24.0,24.0,3.0,2.0,3.0,5.0,16.0
3996,RHEA:34263,valid,,36.0,36.0,6.0,4.0,3.0,7.0,42.0
3997,RHEA:34267,valid,,70.0,70.0,3.0,2.0,2.0,4.0,20.0
3998,RHEA:34271,valid,,9.0,10.0,4.0,2.0,3.0,5.0,24.0
3999,RHEA:34275,valid,,38.0,39.0,4.0,2.0,4.0,6.0,27.0
4000,RHEA:34287,valid,,30.0,30.0,18.0,19.0,18.0,37.0,43.0
4001,RHEA:34291,valid,,56.0,57.0,3.0,2.0,2.0,4.0,22.0
4002,RHEA:34295,valid,,57.0,58.0,3.0,2.0,2.0,4.0,22.0
4003,RHEA:34299,valid,,32.0,32.0,4.0,4.0,2.0,6.0,26.0
4004,RHEA:34303,valid,,10.0,10.0,3.0,2.0,2.0,4.0,18.0
4005,RHEA:34307,valid,,61.0,61.0,16.0,18.0,15.0,33.0,80.0
4006,RHEA:34311,valid,,57.0,57.0,17.0,16.0,16.0,32.0,82.0
4007,RHEA:34327,valid,,60.0,60.0,16.0,16.0,15.0,31.0,67.0
4008,RHEA:34331,valid,,65.0,65.0,11.0,10.0,9.0,19.0,59.0
4009,RHEA:34335,valid,,38.0,38.0,5.0,2.0,5.0,7.0,23.0
4010,RHEA:34339,valid,,39.0,39.0,5.0,2.0,5.0,7.0,23.0
4011,RHEA:34343,valid,,40.0,40.0,8.0,4.0,6.0,10.0,33.0
4012,RHEA:34347,valid,,55.0,56.0,8.0,7.0,8.0,15.0,48.0
4013,RHEA:34351,valid,,56.0,58.0,8.0,7.0,8.0,15.0,47.0
4014,RHEA:34363,valid,,48.0,48.0,5.0,4.0,1.0,5.0,27.0
4015,RHEA:34371,valid,,14.0,14.0,3.0,2.0,2.0,4.0,16.0
4016,RHEA:34379,zero_fallback,missing_mapping,,,,,,,
4017,RHEA:34391,zero_fallback,missing_mapping,,,,,,,
4018,RHEA:34395,valid,,12.0,12.0,4.0,4.0,0.0,4.0,26.0
4019,RHEA:34399,valid,,42.0,42.0,4.0,4.0,0.0,4.0,19.0
4020,RHEA:34403,valid,,32.0,32.0,10.0,13.0,2.0,15.0,46.0
4021,RHEA:34407,valid,,93.0,93.0,9.0,6.0,5.0,11.0,41.0
4022,RHEA:34411,valid,,28.0,28.0,6.0,4.0,4.0,8.0,31.0
4023,RHEA:34415,valid,,45.0,46.0,12.0,9.0,5.0,14.0,60.0
4024,RHEA:34419,valid,,74.0,75.0,8.0,7.0,8.0,15.0,48.0
4025,RHEA:34423,valid,,74.0,75.0,8.0,7.0,8.0,15.0,50.0
4026,RHEA:34427,valid,,74.0,75.0,8.0,7.0,8.0,15.0,48.0
4027,RHEA:34431,valid,,74.0,75.0,8.0,7.0,8.0,15.0,50.0
4028,RHEA:34435,valid,,47.0,48.0,3.0,2.0,2.0,4.0,20.0
4029,RHEA:34443,valid,,86.0,87.0,3.0,2.0,2.0,4.0,22.0
4030,RHEA:34447,valid,,79.0,80.0,8.0,7.0,8.0,15.0,46.0
4031,RHEA:34451,valid,,35.0,35.0,0.0,0.0,0.0,0.0,0.0
4032,RHEA:34455,valid,,40.0,40.0,0.0,0.0,0.0,0.0,0.0
4033,RHEA:34459,valid,,31.0,31.0,7.0,6.0,4.0,10.0,45.0
4034,RHEA:34463,valid,,30.0,30.0,6.0,4.0,3.0,7.0,38.0
4035,RHEA:34467,valid,,24.0,24.0,11.0,14.0,6.0,20.0,63.0
4036,RHEA:34471,valid,,96.0,97.0,8.0,7.0,8.0,15.0,47.0
4037,RHEA:34475,valid,,58.0,58.0,6.0,3.0,6.0,9.0,23.0
4038,RHEA:34483,valid,,114.0,114.0,8.0,7.0,5.0,12.0,38.0
4039,RHEA:34487,valid,,108.0,109.0,3.0,2.0,2.0,4.0,21.0
4040,RHEA:34491,valid,,42.0,43.0,3.0,2.0,2.0,4.0,19.0
4041,RHEA:34495,valid,,22.0,22.0,5.0,4.0,2.0,6.0,27.0
4042,RHEA:34499,valid,,35.0,35.0,5.0,2.0,5.0,7.0,23.0
4043,RHEA:34503,valid,,25.0,25.0,10.0,8.0,7.0,15.0,63.0
4044,RHEA:34507,valid,,28.0,28.0,8.0,6.0,4.0,10.0,47.0
4045,RHEA:34511,valid,,119.0,120.0,3.0,2.0,2.0,4.0,22.0
4046,RHEA:34515,valid,,101.0,101.0,4.0,4.0,0.0,4.0,22.0
4047,RHEA:34519,zero_fallback,missing_mapping,,,,,,,
4048,RHEA:34523,zero_fallback,missing_mapping,,,,,,,
4049,RHEA:34531,valid,,86.0,87.0,3.0,2.0,2.0,4.0,22.0
4050,RHEA:34539,valid,,31.0,31.0,4.0,3.0,2.0,5.0,23.0
4051,RHEA:34543,valid,,133.0,134.0,23.0,26.0,5.0,31.0,87.0
4052,RHEA:34555,valid,,50.0,51.0,8.0,7.0,8.0,15.0,48.0
4053,RHEA:34559,valid,,62.0,63.0,8.0,7.0,8.0,15.0,46.0
4054,RHEA:34563,valid,,82.0,83.0,8.0,7.0,8.0,15.0,46.0
4055,RHEA:34567,valid,,82.0,83.0,8.0,7.0,8.0,15.0,46.0
4056,RHEA:34571,valid,,87.0,88.0,15.0,14.0,11.0,25.0,92.0
4057,RHEA:34575,valid,,30.0,30.0,8.0,4.0,6.0,10.0,37.0
4058,RHEA:34579,valid,,43.0,43.0,13.0,13.0,5.0,18.0,44.0
4059,RHEA:34591,valid,,90.0,91.0,3.0,2.0,2.0,4.0,20.0
4060,RHEA:34603,valid,,71.0,72.0,3.0,2.0,2.0,4.0,22.0
4061,RHEA:34607,valid,,45.0,45.0,4.0,4.0,0.0,4.0,22.0
4062,RHEA:34611,valid,,59.0,60.0,3.0,2.0,2.0,4.0,22.0
4063,RHEA:34615,valid,,9.0,10.0,4.0,4.0,3.0,7.0,23.0
4064,RHEA:34619,valid,,29.0,29.0,6.0,6.0,2.0,8.0,31.0
4065,RHEA:34627,valid,,41.0,41.0,5.0,2.0,5.0,7.0,23.0
4066,RHEA:34631,valid,,60.0,60.0,13.0,5.0,12.0,17.0,26.0
4067,RHEA:34635,valid,,68.0,68.0,10.0,10.0,7.0,17.0,54.0
4068,RHEA:34639,valid,,68.0,68.0,10.0,10.0,7.0,17.0,55.0
4069,RHEA:34643,valid,,84.0,86.0,10.0,8.0,4.0,12.0,30.0
4070,RHEA:34655,valid,,84.0,86.0,10.0,8.0,4.0,12.0,30.0
4071,RHEA:34675,valid,,52.0,52.0,4.0,2.0,3.0,5.0,29.0
4072,RHEA:34679,valid,,36.0,36.0,3.0,2.0,2.0,4.0,22.0
4073,RHEA:34683,valid,,27.0,28.0,4.0,2.0,3.0,5.0,24.0
4074,RHEA:34691,valid,,53.0,53.0,3.0,2.0,2.0,4.0,17.0
4075,RHEA:34695,valid,,24.0,24.0,10.0,10.0,7.0,17.0,54.0
4076,RHEA:34699,valid,,24.0,24.0,13.0,13.0,8.0,21.0,70.0
4077,RHEA:34703,valid,,24.0,24.0,10.0,8.0,5.0,13.0,60.0
4078,RHEA:34707,valid,,47.0,47.0,7.0,4.0,5.0,9.0,41.0
4079,RHEA:34719,valid,,24.0,24.0,3.0,2.0,2.0,4.0,19.0
4080,RHEA:34735,valid,,72.0,73.0,3.0,2.0,2.0,4.0,22.0
4081,RHEA:34739,valid,,34.0,35.0,3.0,2.0,2.0,4.0,19.0
4082,RHEA:34743,valid,,24.0,24.0,3.0,2.0,2.0,4.0,19.0
4083,RHEA:34759,valid,,42.0,43.0,3.0,2.0,2.0,4.0,18.0
4084,RHEA:34767,valid,,34.0,35.0,4.0,3.0,3.0,6.0,26.0
4085,RHEA:34771,valid,,72.0,72.0,11.0,9.0,10.0,19.0,60.0
4086,RHEA:34775,valid,,68.0,68.0,11.0,9.0,10.0,19.0,60.0
4087,RHEA:34779,valid,,65.0,66.0,8.0,7.0,8.0,15.0,47.0
4088,RHEA:34783,valid,,69.0,70.0,8.0,7.0,8.0,15.0,47.0
4089,RHEA:34787,valid,,69.0,70.0,8.0,7.0,8.0,15.0,47.0
4090,RHEA:34791,valid,,9.0,10.0,5.0,4.0,3.0,7.0,27.0
4091,RHEA:34795,valid,,18.0,19.0,3.0,2.0,2.0,4.0,19.0
4092,RHEA:34799,valid,,108.0,108.0,6.0,5.0,4.0,9.0,38.0
4093,RHEA:34803,zero_fallback,missing_mapping,,,,,,,
4094,RHEA:34807,valid,,50.0,50.0,17.0,13.0,12.0,25.0,89.0
4095,RHEA:34811,valid,,75.0,76.0,8.0,7.0,8.0,15.0,47.0
4096,RHEA:34815,valid,,123.0,125.0,17.0,18.0,16.0,34.0,59.0
4097,RHEA:34819,valid,,75.0,76.0,8.0,7.0,8.0,15.0,47.0
4098,RHEA:34823,valid,,126.0,126.0,6.0,5.0,3.0,8.0,32.0
4099,RHEA:34839,zero_fallback,missing_mapping,,,,,,,
4100,RHEA:34847,valid,,66.0,66.0,8.0,7.0,8.0,15.0,48.0
4101,RHEA:34851,valid,,102.0,103.0,8.0,7.0,8.0,15.0,48.0
4102,RHEA:34935,valid,,62.0,62.0,5.0,4.0,1.0,5.0,27.0
4103,RHEA:34947,valid,,7.0,7.0,4.0,3.0,3.0,6.0,22.0
4104,RHEA:35027,valid,,37.0,38.0,4.0,2.0,3.0,5.0,21.0
4105,RHEA:35047,valid,,51.0,51.0,7.0,6.0,4.0,10.0,37.0
4106,RHEA:35055,valid,,12.0,13.0,9.0,9.0,7.0,16.0,34.0
4107,RHEA:35063,valid,,10.0,10.0,3.0,2.0,2.0,4.0,16.0
4108,RHEA:35083,valid,,34.0,34.0,3.0,2.0,2.0,4.0,18.0
4109,RHEA:35091,valid,,111.0,113.0,13.0,10.0,7.0,17.0,63.0
4110,RHEA:35095,valid,,7.0,7.0,4.0,2.0,4.0,6.0,24.0
4111,RHEA:35111,valid,,61.0,62.0,8.0,7.0,8.0,15.0,48.0
4112,RHEA:35115,valid,,113.0,113.0,5.0,4.0,2.0,6.0,32.0
4113,RHEA:35119,valid,,122.0,122.0,6.0,5.0,3.0,8.0,32.0
4114,RHEA:35139,valid,,124.0,124.0,6.0,5.0,3.0,8.0,32.0
4115,RHEA:35143,zero_fallback,missing_mapping,,,,,,,
4116,RHEA:35179,zero_fallback,missing_mapping,,,,,,,
4117,RHEA:35191,valid,,28.0,28.0,3.0,2.0,2.0,4.0,15.0
4118,RHEA:35207,valid,,28.0,29.0,4.0,2.0,3.0,5.0,21.0
4119,RHEA:35211,valid,,27.0,28.0,3.0,2.0,2.0,4.0,18.0
4120,RHEA:35263,valid,,28.0,29.0,3.0,2.0,2.0,4.0,17.0
4121,RHEA:35271,valid,,75.0,75.0,3.0,2.0,2.0,4.0,20.0
4122,RHEA:35279,valid,,116.0,116.0,5.0,4.0,2.0,6.0,30.0
4123,RHEA:35291,valid,,116.0,116.0,7.0,6.0,2.0,8.0,39.0
4124,RHEA:35307,valid,,56.0,56.0,9.0,8.0,9.0,17.0,49.0
4125,RHEA:35315,valid,,119.0,119.0,7.0,6.0,2.0,8.0,38.0
4126,RHEA:35319,valid,,121.0,121.0,7.0,6.0,2.0,8.0,38.0
4127,RHEA:35323,valid,,57.0,58.0,8.0,7.0,8.0,15.0,47.0
4128,RHEA:35327,valid,,123.0,123.0,7.0,6.0,2.0,8.0,38.0
4129,RHEA:35331,valid,,61.0,62.0,8.0,7.0,8.0,15.0,47.0
4130,RHEA:35335,valid,,118.0,118.0,7.0,6.0,2.0,8.0,38.0
4131,RHEA:35351,valid,,115.0,116.0,8.0,7.0,8.0,15.0,47.0
4132,RHEA:35379,valid,,121.0,121.0,7.0,6.0,2.0,8.0,38.0
4133,RHEA:35391,valid,,121.0,121.0,7.0,6.0,2.0,8.0,38.0
4134,RHEA:35411,valid,,92.0,93.0,4.0,2.0,3.0,5.0,26.0
4135,RHEA:35419,valid,,69.0,71.0,4.0,2.0,3.0,5.0,26.0
4136,RHEA:35423,valid,,69.0,71.0,4.0,2.0,3.0,5.0,26.0
4137,RHEA:35427,valid,,59.0,59.0,3.0,2.0,2.0,4.0,22.0
4138,RHEA:35431,valid,,55.0,55.0,3.0,2.0,2.0,4.0,22.0
4139,RHEA:35435,valid,,66.0,67.0,3.0,2.0,2.0,4.0,22.0
4140,RHEA:35439,valid,,77.0,78.0,3.0,2.0,2.0,4.0,22.0
4141,RHEA:35443,valid,,67.0,69.0,4.0,2.0,3.0,5.0,27.0
4142,RHEA:35447,valid,,75.0,76.0,8.0,7.0,8.0,15.0,48.0
4143,RHEA:35459,valid,,72.0,73.0,8.0,7.0,8.0,15.0,47.0
4144,RHEA:35463,valid,,72.0,73.0,8.0,7.0,8.0,15.0,47.0
4145,RHEA:35467,valid,,40.0,41.0,3.0,2.0,2.0,4.0,20.0
4146,RHEA:35471,valid,,49.0,50.0,3.0,2.0,2.0,4.0,19.0
4147,RHEA:35475,valid,,72.0,73.0,8.0,7.0,8.0,15.0,48.0
4148,RHEA:35479,valid,,72.0,74.0,9.0,7.0,9.0,16.0,54.0
4149,RHEA:35483,valid,,55.0,56.0,3.0,2.0,2.0,4.0,20.0
4150,RHEA:35487,valid,,53.0,54.0,13.0,9.0,7.0,16.0,68.0
4151,RHEA:35499,valid,,131.0,135.0,31.0,20.0,18.0,38.0,59.0
4152,RHEA:35503,valid,,65.0,66.0,11.0,7.0,7.0,14.0,57.0
4153,RHEA:35507,valid,,66.0,67.0,12.0,7.0,8.0,15.0,59.0
4154,RHEA:35511,valid,,66.0,68.0,11.0,7.0,7.0,14.0,56.0
4155,RHEA:35515,valid,,114.0,114.0,3.0,2.0,2.0,4.0,20.0
4156,RHEA:35519,valid,,26.0,26.0,3.0,2.0,2.0,4.0,19.0
4157,RHEA:35523,valid,,57.0,57.0,8.0,7.0,8.0,15.0,42.0
4158,RHEA:35531,valid,,23.0,23.0,12.0,10.0,12.0,22.0,41.0
4159,RHEA:35547,valid,,34.0,34.0,6.0,2.0,6.0,8.0,20.0
4160,RHEA:35555,valid,,46.0,46.0,20.0,13.0,20.0,33.0,41.0
4161,RHEA:35563,valid,,22.0,22.0,3.0,2.0,2.0,4.0,19.0
4162,RHEA:35567,valid,,24.0,24.0,3.0,2.0,2.0,4.0,19.0
4163,RHEA:35571,valid,,60.0,61.0,11.0,7.0,7.0,14.0,57.0
4164,RHEA:35575,valid,,60.0,60.0,12.0,7.0,8.0,15.0,62.0
4165,RHEA:35583,valid,,12.0,12.0,3.0,2.0,2.0,4.0,20.0
4166,RHEA:35587,valid,,32.0,32.0,4.0,2.0,3.0,5.0,22.0
4167,RHEA:35591,valid,,6.0,6.0,2.0,0.0,2.0,2.0,7.0
4168,RHEA:35595,valid,,11.0,13.0,11.0,11.0,9.0,20.0,46.0
4169,RHEA:35603,valid,,17.0,17.0,3.0,2.0,2.0,4.0,17.0
4170,RHEA:35607,valid,,54.0,55.0,8.0,7.0,8.0,15.0,48.0
4171,RHEA:35611,valid,,17.0,19.0,12.0,9.0,8.0,17.0,42.0
4172,RHEA:35615,valid,,49.0,50.0,8.0,7.0,8.0,15.0,48.0
4173,RHEA:35627,valid,,80.0,81.0,4.0,4.0,1.0,5.0,27.0
4174,RHEA:35631,valid,,57.0,58.0,4.0,2.0,3.0,5.0,28.0
4175,RHEA:35639,valid,,11.0,11.0,3.0,2.0,2.0,4.0,20.0
4176,RHEA:35647,valid,,63.0,63.0,12.0,8.0,6.0,14.0,47.0
4177,RHEA:35651,valid,,73.0,74.0,3.0,2.0,2.0,4.0,22.0
4178,RHEA:35655,valid,,62.0,62.0,12.0,8.0,6.0,14.0,36.0
4179,RHEA:35671,valid,,28.0,28.0,5.0,3.0,4.0,7.0,29.0
4180,RHEA:35675,valid,,70.0,70.0,5.0,5.0,2.0,7.0,33.0
4181,RHEA:35679,valid,,68.0,68.0,5.0,5.0,2.0,7.0,33.0
4182,RHEA:35691,valid,,76.0,77.0,9.0,7.0,9.0,16.0,57.0
4183,RHEA:35695,valid,,77.0,78.0,9.0,7.0,9.0,16.0,57.0
4184,RHEA:35699,valid,,74.0,75.0,8.0,7.0,8.0,15.0,50.0
4185,RHEA:35711,valid,,59.0,59.0,4.0,4.0,0.0,4.0,23.0
4186,RHEA:35715,valid,,30.0,31.0,3.0,2.0,2.0,4.0,17.0
4187,RHEA:35719,valid,,30.0,31.0,5.0,2.0,4.0,6.0,28.0
4188,RHEA:35723,valid,,75.0,75.0,3.0,2.0,2.0,4.0,20.0
4189,RHEA:35727,valid,,71.0,71.0,3.0,2.0,2.0,4.0,20.0
4190,RHEA:35735,valid,,54.0,55.0,8.0,7.0,8.0,15.0,48.0
4191,RHEA:35739,valid,,58.0,58.0,14.0,6.0,12.0,18.0,31.0
4192,RHEA:35743,valid,,75.0,75.0,10.0,8.0,10.0,18.0,50.0
4193,RHEA:35751,valid,,43.0,44.0,3.0,2.0,2.0,4.0,22.0
4194,RHEA:35755,valid,,80.0,81.0,8.0,7.0,8.0,15.0,46.0
4195,RHEA:35759,valid,,91.0,93.0,33.0,29.0,14.0,43.0,108.0
4196,RHEA:35763,valid,,91.0,93.0,30.0,26.0,14.0,40.0,97.0
4197,RHEA:35767,valid,,51.0,52.0,3.0,2.0,2.0,4.0,19.0
4198,RHEA:35771,valid,,12.0,13.0,9.0,8.0,9.0,17.0,50.0
4199,RHEA:35775,valid,,46.0,46.0,4.0,4.0,2.0,6.0,26.0
4200,RHEA:35783,valid,,58.0,59.0,3.0,2.0,2.0,4.0,21.0
4201,RHEA:35787,valid,,58.0,59.0,11.0,10.0,2.0,12.0,42.0
4202,RHEA:35791,valid,,58.0,59.0,3.0,2.0,2.0,4.0,21.0
4203,RHEA:35795,valid,,58.0,59.0,3.0,2.0,2.0,4.0,21.0
4204,RHEA:35799,valid,,22.0,23.0,3.0,2.0,2.0,4.0,19.0
4205,RHEA:35803,valid,,22.0,23.0,3.0,2.0,2.0,4.0,19.0
4206,RHEA:35807,valid,,10.0,10.0,4.0,2.0,4.0,6.0,24.0
4207,RHEA:35811,valid,,21.0,21.0,3.0,2.0,2.0,4.0,18.0
4208,RHEA:35815,valid,,32.0,32.0,6.0,4.0,3.0,7.0,39.0
4209,RHEA:35819,valid,,101.0,102.0,8.0,7.0,8.0,15.0,49.0
4210,RHEA:35823,valid,,97.0,98.0,8.0,7.0,8.0,15.0,49.0
4211,RHEA:35827,valid,,14.0,14.0,4.0,3.0,3.0,6.0,23.0
4212,RHEA:35831,valid,,45.0,45.0,7.0,7.0,2.0,9.0,35.0
4213,RHEA:35835,valid,,81.0,81.0,8.0,7.0,8.0,15.0,46.0
4214,RHEA:35843,valid,,52.0,52.0,4.0,4.0,0.0,4.0,22.0
4215,RHEA:35847,valid,,52.0,53.0,3.0,2.0,2.0,4.0,22.0
4216,RHEA:35851,valid,,97.0,97.0,3.0,2.0,2.0,4.0,20.0
4217,RHEA:35855,valid,,95.0,95.0,3.0,2.0,2.0,4.0,20.0
4218,RHEA:35859,valid,,99.0,99.0,3.0,2.0,2.0,4.0,20.0
4219,RHEA:35863,valid,,99.0,99.0,3.0,2.0,2.0,4.0,20.0
4220,RHEA:35867,valid,,107.0,107.0,3.0,2.0,2.0,4.0,20.0
4221,RHEA:35871,valid,,103.0,103.0,3.0,2.0,2.0,4.0,20.0
4222,RHEA:35875,valid,,105.0,105.0,3.0,2.0,2.0,4.0,20.0
4223,RHEA:35879,valid,,105.0,105.0,3.0,2.0,2.0,4.0,20.0
4224,RHEA:35883,valid,,105.0,105.0,3.0,2.0,2.0,4.0,20.0
4225,RHEA:35887,valid,,99.0,99.0,3.0,2.0,2.0,4.0,20.0
4226,RHEA:35891,valid,,99.0,99.0,3.0,2.0,2.0,4.0,20.0
4227,RHEA:35895,valid,,99.0,99.0,3.0,2.0,2.0,4.0,20.0
4228,RHEA:35899,valid,,90.0,90.0,3.0,2.0,2.0,4.0,20.0
4229,RHEA:35903,valid,,92.0,92.0,3.0,2.0,2.0,4.0,20.0
4230,RHEA:35907,valid,,94.0,94.0,3.0,2.0,2.0,4.0,20.0
4231,RHEA:35915,valid,,96.0,96.0,3.0,2.0,2.0,4.0,20.0
4232,RHEA:35935,valid,,85.0,87.0,13.0,10.0,5.0,15.0,58.0
4233,RHEA:35939,valid,,35.0,35.0,4.0,2.0,3.0,5.0,29.0
4234,RHEA:35943,valid,,35.0,35.0,6.0,4.0,3.0,7.0,42.0
4235,RHEA:35947,valid,,67.0,68.0,8.0,7.0,8.0,15.0,50.0
4236,RHEA:35951,valid,,42.0,42.0,4.0,2.0,3.0,5.0,29.0
4237,RHEA:35955,valid,,59.0,60.0,11.0,7.0,7.0,14.0,56.0
4238,RHEA:35963,valid,,61.0,62.0,12.0,7.0,8.0,15.0,59.0
4239,RHEA:35967,valid,,94.0,96.0,22.0,14.0,14.0,28.0,65.0
4240,RHEA:35971,valid,,44.0,44.0,4.0,2.0,3.0,5.0,29.0
4241,RHEA:35975,valid,,50.0,50.0,10.0,9.0,3.0,12.0,50.0
4242,RHEA:35979,valid,,51.0,51.0,4.0,2.0,3.0,5.0,29.0
4243,RHEA:35983,valid,,98.0,98.0,3.0,2.0,2.0,4.0,20.0
4244,RHEA:35987,valid,,100.0,100.0,3.0,2.0,2.0,4.0,20.0
4245,RHEA:35991,valid,,100.0,100.0,3.0,2.0,2.0,4.0,20.0
4246,RHEA:35995,valid,,100.0,100.0,3.0,2.0,2.0,4.0,20.0
4247,RHEA:35999,valid,,102.0,102.0,3.0,2.0,2.0,4.0,20.0
4248,RHEA:36003,valid,,10.0,10.0,3.0,2.0,2.0,4.0,20.0
4249,RHEA:36015,valid,,97.0,97.0,3.0,2.0,2.0,4.0,20.0
4250,RHEA:36019,valid,,97.0,97.0,3.0,2.0,2.0,4.0,20.0
4251,RHEA:36023,valid,,99.0,99.0,3.0,2.0,2.0,4.0,20.0
4252,RHEA:36027,valid,,96.0,97.0,8.0,7.0,8.0,15.0,50.0
4253,RHEA:36035,zero_fallback,missing_mapping,,,,,,,
4254,RHEA:36039,zero_fallback,missing_mapping,,,,,,,
4255,RHEA:36043,valid,,33.0,33.0,4.0,4.0,0.0,4.0,19.0
4256,RHEA:36047,valid,,8.0,11.0,5.0,3.0,2.0,5.0,18.0
4257,RHEA:36051,valid,,20.0,20.0,3.0,2.0,2.0,4.0,17.0
4258,RHEA:36055,valid,,15.0,15.0,3.0,2.0,2.0,4.0,16.0
4259,RHEA:36059,valid,,11.0,13.0,5.0,3.0,2.0,5.0,18.0
4260,RHEA:36063,valid,,25.0,25.0,7.0,4.0,6.0,10.0,46.0
4261,RHEA:36067,valid,,92.0,92.0,6.0,4.0,4.0,8.0,38.0
4262,RHEA:36071,valid,,19.0,19.0,3.0,2.0,2.0,4.0,21.0
4263,RHEA:36079,valid,,43.0,43.0,4.0,4.0,0.0,4.0,22.0
4264,RHEA:36083,valid,,18.0,19.0,3.0,2.0,2.0,4.0,19.0
4265,RHEA:36087,valid,,33.0,34.0,3.0,2.0,2.0,4.0,19.0
4266,RHEA:36095,valid,,37.0,37.0,3.0,2.0,2.0,4.0,20.0
4267,RHEA:36099,valid,,36.0,36.0,3.0,2.0,2.0,4.0,20.0
4268,RHEA:36103,valid,,37.0,37.0,3.0,2.0,2.0,4.0,20.0
4269,RHEA:36107,valid,,51.0,51.0,3.0,2.0,2.0,4.0,20.0
4270,RHEA:36119,valid,,50.0,50.0,3.0,2.0,2.0,4.0,20.0
4271,RHEA:36131,valid,,40.0,40.0,3.0,2.0,2.0,4.0,20.0
4272,RHEA:36135,valid,,62.0,64.0,8.0,7.0,8.0,15.0,47.0
4273,RHEA:36139,valid,,97.0,97.0,6.0,4.0,3.0,7.0,36.0
4274,RHEA:36143,valid,,113.0,113.0,8.0,7.0,8.0,15.0,47.0
4275,RHEA:36147,valid,,59.0,59.0,3.0,2.0,2.0,4.0,20.0
4276,RHEA:36151,valid,,61.0,61.0,3.0,2.0,2.0,4.0,20.0
4277,RHEA:36155,valid,,92.0,92.0,23.0,23.0,6.0,29.0,113.0
4278,RHEA:36159,zero_fallback,missing_mapping,,,,,,,
4279,RHEA:36163,valid,,63.0,63.0,8.0,4.0,6.0,10.0,40.0
4280,RHEA:36167,valid,,14.0,14.0,4.0,2.0,3.0,5.0,22.0
4281,RHEA:36171,valid,,15.0,16.0,3.0,2.0,2.0,4.0,21.0
4282,RHEA:36179,valid,,41.0,42.0,3.0,2.0,2.0,4.0,22.0
4283,RHEA:36227,valid,,43.0,44.0,3.0,2.0,2.0,4.0,22.0
4284,RHEA:36247,valid,,37.0,38.0,3.0,2.0,2.0,4.0,19.0
4285,RHEA:36251,valid,,93.0,93.0,6.0,4.0,3.0,7.0,36.0
4286,RHEA:36255,valid,,27.0,27.0,10.0,9.0,10.0,19.0,54.0
4287,RHEA:36263,valid,,15.0,16.0,3.0,2.0,2.0,4.0,22.0
4288,RHEA:36267,valid,,60.0,60.0,10.0,9.0,9.0,18.0,52.0
4289,RHEA:36271,valid,,64.0,64.0,10.0,9.0,9.0,18.0,52.0
4290,RHEA:36275,valid,,63.0,63.0,10.0,9.0,9.0,18.0,52.0
4291,RHEA:36279,valid,,59.0,59.0,10.0,9.0,9.0,18.0,52.0
4292,RHEA:36283,valid,,63.0,63.0,10.0,9.0,9.0,18.0,52.0
4293,RHEA:36287,valid,,63.0,63.0,10.0,9.0,9.0,18.0,52.0
4294,RHEA:36291,valid,,62.0,62.0,12.0,9.0,11.0,20.0,64.0
4295,RHEA:36295,valid,,28.0,28.0,3.0,2.0,2.0,4.0,17.0
4296,RHEA:36299,valid,,92.0,92.0,6.0,4.0,3.0,7.0,36.0
4297,RHEA:36307,valid,,61.0,61.0,3.0,2.0,2.0,4.0,18.0
4298,RHEA:36311,valid,,55.0,57.0,8.0,7.0,8.0,15.0,46.0
4299,RHEA:36315,zero_fallback,missing_mapping,,,,,,,
4300,RHEA:36319,zero_fallback,missing_mapping,,,,,,,
4301,RHEA:36323,zero_fallback,missing_mapping,,,,,,,
4302,RHEA:36327,valid,,41.0,41.0,4.0,2.0,3.0,5.0,29.0
4303,RHEA:36331,valid,,45.0,45.0,4.0,2.0,3.0,5.0,29.0
4304,RHEA:36339,valid,,61.0,61.0,7.0,4.0,4.0,8.0,39.0
4305,RHEA:36347,valid,,59.0,59.0,10.0,9.0,6.0,15.0,61.0
4306,RHEA:36355,valid,,55.0,56.0,5.0,2.0,4.0,6.0,36.0
4307,RHEA:36363,zero_fallback,missing_mapping,,,,,,,
4308,RHEA:36375,valid,,40.0,40.0,7.0,4.0,4.0,8.0,32.0
4309,RHEA:36379,valid,,77.0,77.0,8.0,7.0,8.0,15.0,46.0
4310,RHEA:36383,valid,,58.0,59.0,7.0,6.0,2.0,8.0,30.0
4311,RHEA:36387,valid,,59.0,60.0,7.0,6.0,2.0,8.0,30.0
4312,RHEA:36391,valid,,76.0,77.0,8.0,7.0,8.0,15.0,50.0
4313,RHEA:36399,valid,,76.0,77.0,8.0,7.0,8.0,15.0,50.0
4314,RHEA:36403,valid,,32.0,33.0,3.0,2.0,2.0,4.0,17.0
4315,RHEA:36407,valid,,43.0,43.0,7.0,6.0,3.0,9.0,41.0
4316,RHEA:36415,valid,,100.0,103.0,9.0,6.0,6.0,12.0,32.0
4317,RHEA:36431,valid,,24.0,24.0,3.0,2.0,2.0,4.0,22.0
4318,RHEA:36439,valid,,51.0,52.0,3.0,2.0,2.0,4.0,18.0
4319,RHEA:36475,valid,,123.0,123.0,7.0,6.0,2.0,8.0,38.0
4320,RHEA:36479,valid,,125.0,125.0,7.0,6.0,2.0,8.0,38.0
4321,RHEA:36483,valid,,123.0,123.0,7.0,6.0,2.0,8.0,38.0
4322,RHEA:36487,valid,,33.0,34.0,3.0,2.0,2.0,4.0,22.0
4323,RHEA:36491,valid,,125.0,125.0,7.0,6.0,2.0,8.0,38.0
4324,RHEA:36499,valid,,55.0,56.0,8.0,7.0,8.0,15.0,48.0
4325,RHEA:36503,valid,,121.0,121.0,7.0,6.0,2.0,8.0,38.0
4326,RHEA:36507,valid,,125.0,125.0,7.0,6.0,2.0,8.0,38.0
4327,RHEA:36511,valid,,121.0,121.0,7.0,6.0,2.0,8.0,38.0
4328,RHEA:36515,valid,,127.0,127.0,7.0,6.0,2.0,8.0,38.0
4329,RHEA:36519,valid,,129.0,129.0,7.0,6.0,2.0,8.0,38.0
4330,RHEA:36523,valid,,121.0,121.0,7.0,6.0,2.0,8.0,38.0
4331,RHEA:36527,valid,,123.0,123.0,7.0,6.0,2.0,8.0,38.0
4332,RHEA:36531,valid,,125.0,125.0,7.0,6.0,2.0,8.0,38.0
4333,RHEA:36535,valid,,92.0,93.0,3.0,2.0,2.0,4.0,22.0
4334,RHEA:36539,valid,,86.0,87.0,3.0,2.0,2.0,4.0,22.0
4335,RHEA:36543,valid,,34.0,34.0,3.0,2.0,2.0,4.0,19.0
4336,RHEA:36547,valid,,88.0,89.0,3.0,2.0,2.0,4.0,22.0
4337,RHEA:36551,valid,,86.0,87.0,6.0,6.0,1.0,7.0,31.0
4338,RHEA:36555,valid,,90.0,91.0,3.0,2.0,2.0,4.0,22.0
4339,RHEA:36563,valid,,85.0,86.0,8.0,7.0,8.0,15.0,46.0
4340,RHEA:36567,valid,,81.0,82.0,8.0,7.0,8.0,15.0,46.0
4341,RHEA:36571,valid,,84.0,85.0,3.0,2.0,2.0,4.0,22.0
4342,RHEA:36575,valid,,88.0,89.0,3.0,2.0,2.0,4.0,22.0
4343,RHEA:36579,valid,,79.0,80.0,8.0,7.0,8.0,15.0,46.0
4344,RHEA:36583,valid,,83.0,84.0,8.0,7.0,8.0,15.0,46.0
4345,RHEA:36587,valid,,59.0,60.0,8.0,7.0,8.0,15.0,46.0
4346,RHEA:36591,valid,,54.0,55.0,8.0,7.0,8.0,15.0,48.0
4347,RHEA:36595,valid,,49.0,49.0,7.0,6.0,7.0,13.0,37.0
4348,RHEA:36599,valid,,45.0,45.0,7.0,6.0,7.0,13.0,37.0
4349,RHEA:36603,valid,,24.0,24.0,6.0,6.0,2.0,8.0,30.0
4350,RHEA:36607,valid,,24.0,24.0,6.0,6.0,2.0,8.0,31.0
4351,RHEA:36611,valid,,23.0,23.0,7.0,6.0,3.0,9.0,39.0
4352,RHEA:36615,valid,,89.0,90.0,3.0,2.0,2.0,4.0,22.0
4353,RHEA:36619,valid,,93.0,94.0,3.0,2.0,2.0,4.0,22.0
4354,RHEA:36623,valid,,39.0,40.0,3.0,2.0,2.0,4.0,20.0
4355,RHEA:36627,valid,,95.0,96.0,3.0,2.0,2.0,4.0,22.0
4356,RHEA:36631,valid,,20.0,22.0,7.0,6.0,3.0,9.0,37.0
4357,RHEA:36635,valid,,62.0,63.0,3.0,2.0,2.0,4.0,20.0
4358,RHEA:36643,valid,,47.0,48.0,3.0,2.0,2.0,4.0,19.0
4359,RHEA:36647,valid,,87.0,88.0,3.0,2.0,2.0,4.0,22.0
4360,RHEA:36651,valid,,55.0,56.0,3.0,2.0,2.0,4.0,20.0
4361,RHEA:36655,valid,,67.0,68.0,3.0,2.0,2.0,4.0,19.0
4362,RHEA:36659,valid,,49.0,49.0,3.0,2.0,2.0,4.0,20.0
4363,RHEA:36663,valid,,63.0,63.0,8.0,7.0,3.0,10.0,49.0
4364,RHEA:36667,valid,,94.0,95.0,3.0,2.0,2.0,4.0,22.0
4365,RHEA:36675,valid,,98.0,99.0,3.0,2.0,2.0,4.0,22.0
4366,RHEA:36679,valid,,79.0,80.0,8.0,7.0,8.0,15.0,46.0
4367,RHEA:36683,valid,,73.0,73.0,3.0,2.0,2.0,4.0,22.0
4368,RHEA:36687,valid,,86.0,87.0,3.0,2.0,2.0,4.0,22.0
4369,RHEA:36691,valid,,88.0,89.0,3.0,2.0,2.0,4.0,22.0
4370,RHEA:36695,valid,,65.0,66.0,3.0,2.0,2.0,4.0,22.0
4371,RHEA:36699,valid,,60.0,60.0,8.0,4.0,5.0,9.0,46.0
4372,RHEA:36703,valid,,43.0,44.0,6.0,4.0,3.0,7.0,38.0
4373,RHEA:36707,valid,,11.0,11.0,0.0,0.0,0.0,0.0,0.0
4374,RHEA:36711,valid,,43.0,43.0,9.0,7.0,5.0,12.0,48.0
4375,RHEA:36715,valid,,72.0,73.0,3.0,2.0,2.0,4.0,22.0
4376,RHEA:36719,valid,,72.0,73.0,3.0,2.0,2.0,4.0,22.0
4377,RHEA:36739,valid,,93.0,94.0,3.0,2.0,2.0,4.0,22.0
4378,RHEA:36747,valid,,114.0,115.0,3.0,2.0,2.0,4.0,21.0
4379,RHEA:36751,valid,,114.0,115.0,3.0,2.0,2.0,4.0,21.0
4380,RHEA:36755,valid,,114.0,115.0,3.0,2.0,2.0,4.0,21.0
4381,RHEA:36759,valid,,117.0,118.0,5.0,4.0,2.0,6.0,25.0
4382,RHEA:36763,valid,,128.0,129.0,3.0,2.0,2.0,4.0,21.0
4383,RHEA:36767,valid,,72.0,73.0,4.0,2.0,4.0,6.0,28.0
4384,RHEA:36771,valid,,141.0,142.0,29.0,30.0,12.0,42.0,116.0
4385,RHEA:36775,zero_fallback,missing_mapping,,,,,,,
4386,RHEA:36779,valid,,48.0,48.0,4.0,4.0,2.0,6.0,26.0
4387,RHEA:36783,valid,,39.0,40.0,5.0,2.0,4.0,6.0,36.0
4388,RHEA:36787,valid,,99.0,99.0,4.0,4.0,0.0,4.0,22.0
4389,RHEA:36791,valid,,14.0,14.0,4.0,3.0,3.0,6.0,24.0
4390,RHEA:36795,valid,,24.0,26.0,6.0,4.0,4.0,8.0,23.0
4391,RHEA:36799,valid,,19.0,20.0,3.0,2.0,2.0,4.0,18.0
4392,RHEA:36803,valid,,21.0,22.0,8.0,6.0,6.0,12.0,46.0
4393,RHEA:36807,valid,,131.0,131.0,7.0,6.0,2.0,8.0,38.0
4394,RHEA:36811,valid,,89.0,90.0,3.0,2.0,2.0,4.0,22.0
4395,RHEA:36815,valid,,35.0,35.0,4.0,4.0,0.0,4.0,20.0
4396,RHEA:36819,valid,,129.0,129.0,7.0,6.0,2.0,8.0,38.0
4397,RHEA:36823,valid,,86.0,87.0,7.0,6.0,2.0,8.0,34.0
4398,RHEA:36835,valid,,109.0,109.0,3.0,2.0,2.0,4.0,20.0
4399,RHEA:36839,valid,,109.0,109.0,3.0,2.0,2.0,4.0,20.0
4400,RHEA:36843,valid,,131.0,131.0,7.0,6.0,2.0,8.0,38.0
4401,RHEA:36847,valid,,62.0,63.0,3.0,2.0,2.0,4.0,22.0
4402,RHEA:36851,valid,,133.0,133.0,7.0,6.0,2.0,8.0,38.0
4403,RHEA:36855,valid,,12.0,12.0,3.0,2.0,2.0,4.0,18.0
4404,RHEA:36859,valid,,135.0,135.0,7.0,6.0,2.0,8.0,39.0
4405,RHEA:36863,valid,,70.0,70.0,4.0,2.0,4.0,6.0,15.0
4406,RHEA:36867,valid,,73.0,73.0,6.0,2.0,6.0,8.0,18.0
4407,RHEA:36871,valid,,137.0,137.0,7.0,6.0,2.0,8.0,39.0
4408,RHEA:36875,valid,,139.0,139.0,7.0,7.0,2.0,9.0,40.0
4409,RHEA:36883,valid,,73.0,73.0,6.0,2.0,6.0,8.0,18.0
4410,RHEA:36899,valid,,52.0,53.0,3.0,2.0,2.0,4.0,20.0
4411,RHEA:36903,valid,,63.0,63.0,3.0,2.0,2.0,4.0,20.0
4412,RHEA:36907,valid,,129.0,129.0,7.0,6.0,2.0,8.0,38.0
4413,RHEA:36911,valid,,131.0,131.0,7.0,6.0,2.0,8.0,38.0
4414,RHEA:36915,valid,,133.0,133.0,7.0,6.0,2.0,8.0,39.0
4415,RHEA:36919,valid,,135.0,135.0,7.0,6.0,2.0,8.0,38.0
4416,RHEA:36923,valid,,137.0,137.0,7.0,6.0,2.0,8.0,39.0
4417,RHEA:36927,valid,,139.0,139.0,7.0,7.0,2.0,9.0,40.0
4418,RHEA:36931,valid,,69.0,69.0,6.0,2.0,6.0,8.0,16.0
4419,RHEA:36935,valid,,71.0,71.0,6.0,2.0,6.0,8.0,20.0
4420,RHEA:36939,valid,,67.0,67.0,6.0,2.0,6.0,8.0,16.0
4421,RHEA:36943,valid,,125.0,125.0,7.0,6.0,2.0,8.0,40.0
4422,RHEA:36947,valid,,127.0,127.0,7.0,6.0,2.0,8.0,38.0
4423,RHEA:36951,valid,,70.0,70.0,6.0,2.0,6.0,8.0,16.0
4424,RHEA:36955,valid,,68.0,68.0,6.0,2.0,6.0,8.0,16.0
4425,RHEA:36963,valid,,129.0,129.0,7.0,6.0,2.0,8.0,38.0
4426,RHEA:36967,valid,,131.0,131.0,7.0,6.0,2.0,8.0,39.0
4427,RHEA:36971,valid,,35.0,35.0,0.0,0.0,0.0,0.0,0.0
4428,RHEA:36975,valid,,28.0,28.0,4.0,2.0,3.0,5.0,28.0
4429,RHEA:36979,valid,,133.0,133.0,7.0,6.0,2.0,8.0,38.0
4430,RHEA:36983,valid,,135.0,135.0,7.0,6.0,2.0,8.0,39.0
4431,RHEA:36987,valid,,26.0,26.0,4.0,2.0,3.0,5.0,28.0
4432,RHEA:36991,valid,,26.0,26.0,3.0,2.0,2.0,4.0,22.0
4433,RHEA:36995,valid,,137.0,137.0,7.0,7.0,2.0,9.0,40.0
4434,RHEA:36999,valid,,77.0,77.0,6.0,2.0,6.0,8.0,18.0
4435,RHEA:37011,valid,,93.0,93.0,3.0,2.0,2.0,4.0,20.0
4436,RHEA:37015,valid,,93.0,93.0,3.0,2.0,2.0,4.0,20.0
4437,RHEA:37023,valid,,69.0,69.0,6.0,2.0,6.0,8.0,16.0
4438,RHEA:37039,valid,,56.0,56.0,23.0,22.0,11.0,33.0,68.0
4439,RHEA:37051,valid,,85.0,86.0,7.0,3.0,6.0,9.0,38.0
4440,RHEA:37055,valid,,27.0,27.0,4.0,2.0,3.0,5.0,29.0
4441,RHEA:37059,valid,,57.0,58.0,3.0,2.0,2.0,4.0,22.0
4442,RHEA:37063,valid,,57.0,58.0,3.0,2.0,2.0,4.0,19.0
4443,RHEA:37067,valid,,88.0,89.0,9.0,6.0,6.0,12.0,44.0
4444,RHEA:37075,valid,,93.0,94.0,9.0,6.0,6.0,12.0,44.0
4445,RHEA:37087,valid,,71.0,72.0,11.0,8.0,7.0,15.0,45.0
4446,RHEA:37107,valid,,26.0,26.0,4.0,2.0,3.0,5.0,22.0
4447,RHEA:37115,valid,,94.0,95.0,3.0,2.0,2.0,4.0,22.0
4448,RHEA:37119,valid,,67.0,69.0,5.0,4.0,2.0,6.0,30.0
4449,RHEA:37123,valid,,72.0,73.0,3.0,2.0,2.0,4.0,22.0
4450,RHEA:37131,valid,,96.0,96.0,3.0,2.0,2.0,4.0,20.0
4451,RHEA:37135,valid,,96.0,96.0,3.0,2.0,2.0,4.0,20.0
4452,RHEA:37139,valid,,96.0,96.0,3.0,2.0,2.0,4.0,20.0
4453,RHEA:37143,valid,,94.0,94.0,3.0,2.0,2.0,4.0,20.0
4454,RHEA:37147,valid,,96.0,96.0,3.0,2.0,2.0,4.0,20.0
4455,RHEA:37151,valid,,95.0,95.0,3.0,2.0,2.0,4.0,20.0
4456,RHEA:37155,valid,,95.0,95.0,3.0,2.0,2.0,4.0,20.0
4457,RHEA:37159,valid,,96.0,96.0,3.0,2.0,2.0,4.0,20.0
4458,RHEA:37163,valid,,96.0,96.0,3.0,2.0,2.0,4.0,20.0
4459,RHEA:37167,valid,,60.0,61.0,8.0,7.0,8.0,15.0,48.0
4460,RHEA:37171,valid,,92.0,92.0,3.0,2.0,2.0,4.0,20.0
4461,RHEA:37175,valid,,93.0,93.0,3.0,2.0,2.0,4.0,20.0
4462,RHEA:37179,valid,,96.0,96.0,3.0,2.0,2.0,4.0,20.0
4463,RHEA:37183,valid,,98.0,98.0,3.0,2.0,2.0,4.0,20.0
4464,RHEA:37187,valid,,92.0,92.0,3.0,2.0,2.0,4.0,20.0
4465,RHEA:37191,valid,,23.0,24.0,3.0,2.0,2.0,4.0,19.0
4466,RHEA:37195,valid,,77.0,77.0,3.0,2.0,2.0,4.0,20.0
4467,RHEA:37199,valid,,77.0,77.0,3.0,2.0,2.0,4.0,20.0
4468,RHEA:37203,valid,,77.0,77.0,3.0,2.0,2.0,4.0,20.0
4469,RHEA:37207,valid,,98.0,98.0,3.0,2.0,2.0,4.0,20.0
4470,RHEA:37211,valid,,24.0,25.0,3.0,2.0,2.0,4.0,19.0
4471,RHEA:37223,valid,,92.0,92.0,3.0,2.0,2.0,4.0,20.0
4472,RHEA:37239,valid,,21.0,22.0,3.0,2.0,2.0,4.0,19.0
4473,RHEA:37243,valid,,127.0,127.0,7.0,6.0,2.0,8.0,38.0
4474,RHEA:37283,valid,,17.0,17.0,5.0,2.0,4.0,6.0,32.0
4475,RHEA:37339,valid,,11.0,11.0,4.0,3.0,3.0,6.0,21.0
4476,RHEA:37343,valid,,24.0,24.0,4.0,2.0,3.0,5.0,22.0
4477,RHEA:37347,valid,,43.0,43.0,6.0,4.0,3.0,7.0,33.0
4478,RHEA:37363,valid,,56.0,56.0,21.0,20.0,11.0,31.0,67.0
4479,RHEA:37367,valid,,77.0,78.0,3.0,2.0,2.0,4.0,22.0
4480,RHEA:37375,valid,,102.0,102.0,3.0,2.0,2.0,4.0,20.0
4481,RHEA:37379,valid,,104.0,104.0,3.0,2.0,2.0,4.0,20.0
4482,RHEA:37383,valid,,100.0,100.0,3.0,2.0,2.0,4.0,20.0
4483,RHEA:37387,valid,,102.0,102.0,3.0,2.0,2.0,4.0,20.0
4484,RHEA:37391,valid,,102.0,102.0,3.0,2.0,2.0,4.0,20.0
4485,RHEA:37395,valid,,104.0,104.0,3.0,2.0,2.0,4.0,20.0
4486,RHEA:37399,valid,,100.0,100.0,3.0,2.0,2.0,4.0,20.0
4487,RHEA:37403,valid,,102.0,102.0,3.0,2.0,2.0,4.0,20.0
4488,RHEA:37407,valid,,102.0,102.0,3.0,2.0,2.0,4.0,20.0
4489,RHEA:37411,valid,,78.0,80.0,9.0,7.0,9.0,16.0,53.0
4490,RHEA:37415,valid,,100.0,100.0,3.0,2.0,2.0,4.0,20.0
4491,RHEA:37419,valid,,95.0,95.0,3.0,2.0,2.0,4.0,20.0
4492,RHEA:37423,valid,,60.0,60.0,4.0,2.0,4.0,6.0,19.0
4493,RHEA:37427,valid,,80.0,80.0,3.0,2.0,2.0,4.0,20.0
4494,RHEA:37431,valid,,115.0,115.0,23.0,20.0,14.0,34.0,82.0
4495,RHEA:37443,valid,,98.0,98.0,3.0,2.0,2.0,4.0,20.0
4496,RHEA:37447,valid,,29.0,30.0,4.0,2.0,3.0,5.0,22.0
4497,RHEA:37451,valid,,98.0,98.0,3.0,2.0,2.0,4.0,20.0
4498,RHEA:37455,valid,,98.0,98.0,3.0,2.0,2.0,4.0,20.0
4499,RHEA:37459,valid,,67.0,67.0,4.0,4.0,0.0,4.0,22.0
4500,RHEA:37463,valid,,79.0,79.0,3.0,2.0,2.0,4.0,20.0
4501,RHEA:37467,valid,,71.0,71.0,9.0,8.0,1.0,9.0,30.0
4502,RHEA:37471,valid,,81.0,82.0,6.0,4.0,4.0,8.0,43.0
4503,RHEA:37475,valid,,104.0,104.0,3.0,2.0,2.0,4.0,20.0
4504,RHEA:37479,valid,,104.0,104.0,3.0,2.0,2.0,4.0,20.0
4505,RHEA:37483,valid,,98.0,98.0,3.0,2.0,2.0,4.0,20.0
4506,RHEA:37487,valid,,106.0,106.0,3.0,2.0,2.0,4.0,20.0
4507,RHEA:37491,valid,,86.0,87.0,6.0,4.0,4.0,8.0,43.0
4508,RHEA:37495,valid,,101.0,101.0,3.0,2.0,2.0,4.0,20.0
4509,RHEA:37499,valid,,99.0,99.0,3.0,2.0,2.0,4.0,20.0
4510,RHEA:37503,valid,,99.0,99.0,3.0,2.0,2.0,4.0,20.0
4511,RHEA:37511,valid,,94.0,94.0,3.0,2.0,2.0,4.0,20.0
4512,RHEA:37515,valid,,94.0,94.0,3.0,2.0,2.0,4.0,20.0
4513,RHEA:37519,valid,,102.0,102.0,3.0,2.0,2.0,4.0,20.0
4514,RHEA:37523,valid,,99.0,99.0,3.0,2.0,2.0,4.0,20.0
4515,RHEA:37527,valid,,100.0,100.0,3.0,2.0,2.0,4.0,20.0
4516,RHEA:37531,valid,,100.0,100.0,3.0,2.0,2.0,4.0,20.0
4517,RHEA:37535,valid,,100.0,100.0,3.0,2.0,2.0,4.0,20.0
4518,RHEA:37539,valid,,102.0,102.0,3.0,2.0,2.0,4.0,20.0
4519,RHEA:37543,valid,,11.0,11.0,10.0,9.0,8.0,17.0,45.0
4520,RHEA:37547,valid,,60.0,61.0,8.0,7.0,8.0,15.0,46.0
4521,RHEA:37551,valid,,26.0,26.0,4.0,4.0,2.0,6.0,26.0
4522,RHEA:37555,valid,,17.0,17.0,4.0,2.0,3.0,5.0,22.0
4523,RHEA:37559,valid,,88.0,88.0,3.0,2.0,2.0,4.0,20.0
4524,RHEA:37563,valid,,86.0,86.0,3.0,2.0,2.0,4.0,20.0
4525,RHEA:37567,valid,,86.0,86.0,3.0,2.0,2.0,4.0,20.0
4526,RHEA:37571,valid,,88.0,88.0,3.0,2.0,2.0,4.0,20.0
4527,RHEA:37575,valid,,85.0,85.0,3.0,2.0,2.0,4.0,20.0
4528,RHEA:37579,valid,,83.0,83.0,3.0,2.0,2.0,4.0,20.0
4529,RHEA:37591,valid,,90.0,90.0,3.0,2.0,2.0,4.0,20.0
4530,RHEA:37595,valid,,97.0,97.0,3.0,2.0,2.0,4.0,20.0
4531,RHEA:37599,valid,,68.0,68.0,4.0,2.0,4.0,6.0,18.0
4532,RHEA:37603,valid,,96.0,96.0,3.0,2.0,2.0,4.0,20.0
4533,RHEA:37607,valid,,96.0,96.0,3.0,2.0,2.0,4.0,20.0
4534,RHEA:37611,valid,,100.0,100.0,3.0,2.0,2.0,4.0,20.0
4535,RHEA:37615,valid,,97.0,97.0,3.0,2.0,2.0,4.0,20.0
4536,RHEA:37619,valid,,85.0,85.0,3.0,2.0,2.0,4.0,20.0
4537,RHEA:37623,valid,,91.0,91.0,3.0,2.0,2.0,4.0,20.0
4538,RHEA:37627,valid,,86.0,86.0,3.0,2.0,2.0,4.0,20.0
4539,RHEA:37631,valid,,83.0,83.0,3.0,2.0,2.0,4.0,20.0
4540,RHEA:37635,valid,,85.0,85.0,3.0,2.0,2.0,4.0,20.0
4541,RHEA:37639,valid,,99.0,99.0,3.0,2.0,2.0,4.0,20.0
4542,RHEA:37643,valid,,97.0,97.0,3.0,2.0,2.0,4.0,20.0
4543,RHEA:37647,valid,,101.0,101.0,3.0,2.0,2.0,4.0,20.0
4544,RHEA:37651,valid,,101.0,101.0,3.0,2.0,2.0,4.0,20.0
4545,RHEA:37655,valid,,96.0,96.0,3.0,2.0,2.0,4.0,20.0
4546,RHEA:37659,valid,,59.0,59.0,3.0,2.0,2.0,4.0,19.0
4547,RHEA:37663,valid,,59.0,60.0,3.0,2.0,2.0,4.0,22.0
4548,RHEA:37667,valid,,73.0,74.0,3.0,2.0,2.0,4.0,22.0
4549,RHEA:37675,valid,,100.0,100.0,3.0,2.0,2.0,4.0,20.0
4550,RHEA:37679,valid,,94.0,94.0,3.0,2.0,2.0,4.0,20.0
4551,RHEA:37683,valid,,91.0,91.0,3.0,2.0,2.0,4.0,20.0
4552,RHEA:37687,valid,,97.0,97.0,3.0,2.0,2.0,4.0,20.0
4553,RHEA:37691,valid,,95.0,95.0,3.0,2.0,2.0,4.0,20.0
4554,RHEA:37695,valid,,97.0,97.0,3.0,2.0,2.0,4.0,20.0
4555,RHEA:37699,valid,,85.0,85.0,3.0,2.0,2.0,4.0,20.0
4556,RHEA:37703,valid,,84.0,84.0,3.0,2.0,2.0,4.0,20.0
4557,RHEA:37707,valid,,86.0,86.0,3.0,2.0,2.0,4.0,20.0
4558,RHEA:37711,valid,,70.0,70.0,3.0,2.0,2.0,4.0,20.0
4559,RHEA:37719,valid,,83.0,83.0,3.0,2.0,2.0,4.0,20.0
4560,RHEA:37731,valid,,83.0,83.0,7.0,6.0,4.0,10.0,39.0
4561,RHEA:37743,valid,,41.0,41.0,16.0,14.0,11.0,25.0,92.0
4562,RHEA:37747,valid,,103.0,103.0,3.0,2.0,2.0,4.0,20.0
4563,RHEA:37751,valid,,13.0,13.0,0.0,0.0,0.0,0.0,0.0
4564,RHEA:37755,valid,,81.0,81.0,3.0,2.0,2.0,4.0,20.0
4565,RHEA:37759,valid,,83.0,83.0,3.0,2.0,2.0,4.0,20.0
4566,RHEA:37763,valid,,73.0,73.0,3.0,2.0,2.0,4.0,20.0
4567,RHEA:37767,valid,,81.0,81.0,3.0,2.0,2.0,4.0,20.0
4568,RHEA:37771,valid,,83.0,83.0,3.0,2.0,2.0,4.0,20.0
4569,RHEA:37775,valid,,73.0,73.0,3.0,2.0,2.0,4.0,20.0
4570,RHEA:37779,valid,,103.0,103.0,3.0,2.0,2.0,4.0,20.0
4571,RHEA:37783,valid,,99.0,99.0,3.0,2.0,2.0,4.0,20.0
4572,RHEA:37787,valid,,101.0,101.0,3.0,2.0,2.0,4.0,20.0
4573,RHEA:37791,valid,,60.0,60.0,4.0,2.0,4.0,6.0,18.0
4574,RHEA:37795,valid,,98.0,98.0,14.0,13.0,14.0,27.0,40.0
4575,RHEA:37799,valid,,90.0,90.0,14.0,13.0,14.0,27.0,40.0
4576,RHEA:37803,valid,,84.0,84.0,3.0,2.0,2.0,4.0,20.0
4577,RHEA:37807,valid,,83.0,83.0,3.0,2.0,2.0,4.0,20.0
4578,RHEA:37811,valid,,97.0,97.0,3.0,2.0,2.0,4.0,20.0
4579,RHEA:37815,valid,,26.0,26.0,7.0,7.0,2.0,9.0,35.0
4580,RHEA:37819,valid,,84.0,84.0,3.0,2.0,2.0,4.0,20.0
4581,RHEA:37823,valid,,26.0,26.0,7.0,7.0,2.0,9.0,35.0
4582,RHEA:37827,valid,,26.0,26.0,7.0,7.0,2.0,9.0,35.0
4583,RHEA:37831,valid,,26.0,26.0,7.0,7.0,2.0,9.0,35.0
4584,RHEA:37835,valid,,80.0,80.0,16.0,16.0,9.0,25.0,77.0
4585,RHEA:37839,valid,,99.0,99.0,3.0,2.0,2.0,4.0,20.0
4586,RHEA:37843,valid,,102.0,102.0,3.0,2.0,2.0,4.0,20.0
4587,RHEA:37847,valid,,88.0,88.0,10.0,8.0,10.0,18.0,53.0
4588,RHEA:37851,valid,,87.0,87.0,9.0,8.0,9.0,17.0,51.0
4589,RHEA:37855,valid,,88.0,88.0,3.0,2.0,2.0,4.0,20.0
4590,RHEA:37859,valid,,90.0,90.0,3.0,2.0,2.0,4.0,20.0
4591,RHEA:37863,valid,,92.0,92.0,3.0,2.0,2.0,4.0,20.0
4592,RHEA:37867,valid,,96.0,96.0,3.0,2.0,2.0,4.0,20.0
4593,RHEA:37871,valid,,64.0,64.0,9.0,8.0,9.0,17.0,49.0
4594,RHEA:37875,valid,,56.0,56.0,3.0,2.0,2.0,4.0,20.0
4595,RHEA:37879,valid,,30.0,30.0,5.0,2.0,4.0,6.0,31.0
4596,RHEA:37883,valid,,57.0,57.0,4.0,4.0,0.0,4.0,23.0
4597,RHEA:37887,valid,,41.0,42.0,3.0,2.0,2.0,4.0,19.0
4598,RHEA:37891,valid,,42.0,42.0,4.0,2.0,3.0,5.0,22.0
4599,RHEA:37895,valid,,74.0,74.0,3.0,2.0,2.0,4.0,18.0
4600,RHEA:37899,valid,,48.0,48.0,6.0,6.0,2.0,8.0,31.0
4601,RHEA:37903,valid,,54.0,55.0,3.0,2.0,2.0,4.0,19.0
4602,RHEA:37907,valid,,22.0,22.0,5.0,4.0,2.0,6.0,27.0
4603,RHEA:37911,valid,,92.0,92.0,3.0,2.0,2.0,4.0,20.0
4604,RHEA:37915,valid,,92.0,92.0,3.0,2.0,2.0,4.0,20.0
4605,RHEA:37919,valid,,22.0,22.0,5.0,4.0,2.0,6.0,28.0
4606,RHEA:37923,valid,,22.0,22.0,5.0,4.0,2.0,6.0,28.0
4607,RHEA:37927,valid,,24.0,24.0,3.0,2.0,2.0,4.0,18.0
4608,RHEA:37931,valid,,24.0,24.0,4.0,4.0,0.0,4.0,23.0
4609,RHEA:37935,valid,,24.0,24.0,3.0,2.0,2.0,4.0,18.0
4610,RHEA:37939,valid,,24.0,24.0,6.0,6.0,0.0,6.0,32.0
4611,RHEA:37943,valid,,24.0,24.0,3.0,2.0,2.0,4.0,18.0
4612,RHEA:37947,valid,,24.0,24.0,3.0,2.0,2.0,4.0,18.0
4613,RHEA:37951,valid,,24.0,24.0,4.0,4.0,0.0,4.0,23.0
4614,RHEA:37955,valid,,24.0,24.0,6.0,6.0,0.0,6.0,32.0
4615,RHEA:37959,valid,,24.0,24.0,4.0,4.0,0.0,4.0,23.0
4616,RHEA:37971,valid,,117.0,117.0,10.0,8.0,10.0,18.0,48.0
4617,RHEA:37975,valid,,41.0,41.0,8.0,6.0,5.0,11.0,51.0
4618,RHEA:37979,valid,,56.0,57.0,3.0,2.0,2.0,4.0,20.0
4619,RHEA:37983,valid,,30.0,30.0,3.0,2.0,2.0,4.0,21.0
4620,RHEA:37987,valid,,29.0,29.0,3.0,2.0,2.0,4.0,21.0
4621,RHEA:37991,valid,,56.0,57.0,3.0,2.0,2.0,4.0,20.0
4622,RHEA:37995,valid,,66.0,66.0,8.0,6.0,5.0,11.0,51.0
4623,RHEA:37999,valid,,81.0,82.0,3.0,2.0,2.0,4.0,20.0
4624,RHEA:38003,valid,,41.0,41.0,8.0,6.0,5.0,11.0,51.0
4625,RHEA:38007,valid,,56.0,57.0,3.0,2.0,2.0,4.0,20.0
4626,RHEA:38011,valid,,66.0,67.0,17.0,14.0,2.0,16.0,75.0
4627,RHEA:38015,valid,,29.0,29.0,3.0,2.0,2.0,4.0,21.0
4628,RHEA:38019,valid,,84.0,84.0,3.0,2.0,2.0,4.0,20.0
4629,RHEA:38023,valid,,30.0,30.0,3.0,2.0,2.0,4.0,21.0
4630,RHEA:38027,valid,,73.0,73.0,4.0,4.0,0.0,4.0,24.0
4631,RHEA:38039,valid,,24.0,24.0,6.0,2.0,6.0,8.0,16.0
4632,RHEA:38043,valid,,56.0,56.0,6.0,2.0,6.0,8.0,20.0
4633,RHEA:38047,valid,,24.0,24.0,6.0,2.0,6.0,8.0,18.0
4634,RHEA:38051,valid,,78.0,78.0,3.0,2.0,2.0,4.0,20.0
4635,RHEA:38055,valid,,50.0,51.0,3.0,2.0,2.0,4.0,22.0
4636,RHEA:38059,valid,,82.0,82.0,3.0,2.0,2.0,4.0,20.0
4637,RHEA:38063,valid,,86.0,86.0,3.0,2.0,2.0,4.0,20.0
4638,RHEA:38067,valid,,88.0,88.0,3.0,2.0,2.0,4.0,20.0
4639,RHEA:38071,valid,,90.0,90.0,3.0,2.0,2.0,4.0,20.0
4640,RHEA:38075,valid,,92.0,92.0,3.0,2.0,2.0,4.0,20.0
4641,RHEA:38079,valid,,94.0,94.0,3.0,2.0,2.0,4.0,20.0
4642,RHEA:38083,valid,,92.0,92.0,3.0,2.0,2.0,4.0,20.0
4643,RHEA:38087,valid,,94.0,94.0,3.0,2.0,2.0,4.0,20.0
4644,RHEA:38091,valid,,56.0,57.0,3.0,2.0,2.0,4.0,20.0
4645,RHEA:38095,valid,,57.0,58.0,3.0,2.0,2.0,4.0,20.0
4646,RHEA:38099,valid,,47.0,47.0,4.0,4.0,0.0,4.0,22.0
4647,RHEA:38103,valid,,13.0,13.0,4.0,2.0,4.0,6.0,22.0
4648,RHEA:38107,valid,,12.0,12.0,3.0,2.0,2.0,4.0,20.0
4649,RHEA:38111,valid,,54.0,55.0,8.0,7.0,8.0,15.0,48.0
4650,RHEA:38115,valid,,86.0,86.0,3.0,2.0,2.0,4.0,20.0
4651,RHEA:38119,valid,,88.0,88.0,3.0,2.0,2.0,4.0,20.0
4652,RHEA:38123,valid,,90.0,90.0,3.0,2.0,2.0,4.0,20.0
4653,RHEA:38127,valid,,92.0,92.0,3.0,2.0,2.0,4.0,20.0
4654,RHEA:38131,valid,,92.0,92.0,3.0,2.0,2.0,4.0,20.0
4655,RHEA:38135,valid,,92.0,92.0,3.0,2.0,2.0,4.0,20.0
4656,RHEA:38139,valid,,94.0,94.0,3.0,2.0,2.0,4.0,20.0
4657,RHEA:38143,valid,,5.0,7.0,5.0,4.0,4.0,8.0,14.0
4658,RHEA:38151,valid,,4.0,5.0,3.0,2.0,2.0,4.0,14.0
4659,RHEA:38155,valid,,30.0,30.0,8.0,8.0,2.0,10.0,46.0
4660,RHEA:38159,valid,,13.0,13.0,3.0,2.0,2.0,4.0,19.0
4661,RHEA:38163,valid,,109.0,109.0,3.0,2.0,2.0,4.0,20.0
4662,RHEA:38167,valid,,82.0,82.0,3.0,2.0,2.0,4.0,20.0
4663,RHEA:38171,valid,,83.0,83.0,3.0,2.0,2.0,4.0,20.0
4664,RHEA:38175,valid,,86.0,86.0,3.0,2.0,2.0,4.0,20.0
4665,RHEA:38191,valid,,120.0,124.0,38.0,28.0,25.0,53.0,91.0
4666,RHEA:38195,valid,,120.0,124.0,38.0,28.0,25.0,53.0,91.0
4667,RHEA:38199,valid,,54.0,55.0,11.0,7.0,7.0,14.0,57.0
4668,RHEA:38203,valid,,55.0,56.0,12.0,7.0,8.0,15.0,59.0
4669,RHEA:38207,valid,,55.0,57.0,18.0,15.0,13.0,28.0,89.0
4670,RHEA:38211,valid,,148.0,148.0,26.0,25.0,12.0,37.0,70.0
4671,RHEA:38215,valid,,60.0,61.0,8.0,7.0,8.0,15.0,46.0
4672,RHEA:38219,valid,,111.0,111.0,3.0,2.0,2.0,4.0,20.0
4673,RHEA:38223,valid,,78.0,78.0,3.0,2.0,2.0,4.0,20.0
4674,RHEA:38227,valid,,84.0,84.0,3.0,2.0,2.0,4.0,20.0
4675,RHEA:38231,valid,,84.0,84.0,3.0,2.0,2.0,4.0,20.0
4676,RHEA:38235,valid,,86.0,86.0,3.0,2.0,2.0,4.0,20.0
4677,RHEA:38239,valid,,86.0,86.0,3.0,2.0,2.0,4.0,20.0
4678,RHEA:38243,valid,,88.0,88.0,3.0,2.0,2.0,4.0,20.0
4679,RHEA:38247,valid,,82.0,82.0,3.0,2.0,2.0,4.0,20.0
4680,RHEA:38251,valid,,84.0,84.0,3.0,2.0,2.0,4.0,20.0
4681,RHEA:38255,valid,,64.0,64.0,4.0,4.0,0.0,4.0,24.0
4682,RHEA:38259,valid,,57.0,57.0,3.0,2.0,2.0,4.0,19.0
4683,RHEA:38263,valid,,57.0,57.0,3.0,2.0,2.0,4.0,18.0
4684,RHEA:38267,valid,,56.0,56.0,4.0,4.0,0.0,4.0,24.0
4685,RHEA:38271,valid,,57.0,57.0,3.0,2.0,2.0,4.0,18.0
4686,RHEA:38275,valid,,57.0,57.0,3.0,2.0,2.0,4.0,20.0
4687,RHEA:38279,valid,,65.0,65.0,4.0,4.0,0.0,4.0,24.0
4688,RHEA:38287,valid,,65.0,65.0,4.0,4.0,0.0,4.0,24.0
4689,RHEA:38291,valid,,57.0,58.0,3.0,2.0,2.0,4.0,19.0
4690,RHEA:38295,valid,,11.0,13.0,5.0,3.0,2.0,5.0,19.0
4691,RHEA:38299,valid,,107.0,107.0,3.0,2.0,2.0,4.0,20.0
4692,RHEA:38303,valid,,17.0,17.0,4.0,3.0,4.0,7.0,25.0
4693,RHEA:38307,valid,,113.0,113.0,3.0,2.0,2.0,4.0,20.0
4694,RHEA:38311,valid,,64.0,65.0,3.0,2.0,2.0,4.0,19.0
4695,RHEA:38315,valid,,16.0,16.0,9.0,11.0,7.0,18.0,53.0
4696,RHEA:38319,valid,,17.0,17.0,4.0,3.0,3.0,6.0,24.0
4697,RHEA:38323,valid,,50.0,50.0,3.0,2.0,2.0,4.0,20.0
4698,RHEA:38327,valid,,69.0,69.0,3.0,2.0,2.0,4.0,20.0
4699,RHEA:38331,valid,,69.0,69.0,3.0,2.0,2.0,4.0,20.0
4700,RHEA:38347,valid,,23.0,23.0,4.0,4.0,2.0,6.0,26.0
4701,RHEA:38351,valid,,56.0,57.0,8.0,7.0,8.0,15.0,48.0
4702,RHEA:38355,valid,,59.0,59.0,3.0,2.0,2.0,4.0,18.0
4703,RHEA:38359,valid,,68.0,68.0,11.0,10.0,10.0,20.0,44.0
4704,RHEA:38363,valid,,26.0,27.0,3.0,2.0,2.0,4.0,19.0
4705,RHEA:38375,valid,,54.0,54.0,6.0,4.0,4.0,8.0,19.0
4706,RHEA:38379,valid,,64.0,64.0,3.0,2.0,2.0,4.0,18.0
4707,RHEA:38383,valid,,45.0,46.0,3.0,2.0,2.0,4.0,19.0
4708,RHEA:38387,valid,,64.0,65.0,3.0,2.0,2.0,4.0,18.0
4709,RHEA:38391,valid,,64.0,65.0,3.0,2.0,2.0,4.0,18.0
4710,RHEA:38395,valid,,58.0,59.0,3.0,2.0,2.0,4.0,18.0
4711,RHEA:38399,valid,,58.0,59.0,3.0,2.0,2.0,4.0,18.0
4712,RHEA:38403,valid,,64.0,65.0,3.0,2.0,2.0,4.0,18.0
4713,RHEA:38407,valid,,64.0,65.0,3.0,2.0,2.0,4.0,18.0
4714,RHEA:38411,valid,,64.0,65.0,3.0,2.0,2.0,4.0,18.0
4715,RHEA:38415,valid,,64.0,65.0,3.0,2.0,2.0,4.0,18.0
4716,RHEA:38419,valid,,62.0,63.0,3.0,2.0,2.0,4.0,18.0
4717,RHEA:38423,valid,,62.0,63.0,3.0,2.0,2.0,4.0,18.0
4718,RHEA:38427,valid,,62.0,63.0,3.0,2.0,2.0,4.0,18.0
4719,RHEA:38431,valid,,62.0,63.0,3.0,2.0,2.0,4.0,18.0
4720,RHEA:38435,valid,,111.0,111.0,3.0,2.0,2.0,4.0,20.0
4721,RHEA:38439,valid,,111.0,111.0,3.0,2.0,2.0,4.0,20.0
4722,RHEA:38443,valid,,53.0,53.0,3.0,2.0,2.0,4.0,18.0
4723,RHEA:38447,valid,,37.0,37.0,3.0,2.0,2.0,4.0,17.0
4724,RHEA:38451,valid,,54.0,54.0,7.0,6.0,7.0,13.0,37.0
4725,RHEA:38455,valid,,26.0,29.0,6.0,4.0,1.0,5.0,25.0
4726,RHEA:38459,valid,,86.0,86.0,3.0,2.0,2.0,4.0,20.0
4727,RHEA:38471,valid,,92.0,95.0,7.0,6.0,4.0,10.0,19.0
4728,RHEA:38487,valid,,26.0,27.0,3.0,2.0,2.0,4.0,19.0
4729,RHEA:38491,valid,,26.0,27.0,3.0,2.0,2.0,4.0,18.0
4730,RHEA:38499,valid,,16.0,17.0,3.0,2.0,2.0,4.0,19.0
4731,RHEA:38507,valid,,47.0,48.0,3.0,2.0,2.0,4.0,19.0
4732,RHEA:38511,valid,,45.0,46.0,3.0,2.0,2.0,4.0,19.0
4733,RHEA:38515,valid,,47.0,48.0,3.0,2.0,2.0,4.0,19.0
4734,RHEA:38519,valid,,45.0,46.0,3.0,2.0,2.0,4.0,19.0
4735,RHEA:38523,valid,,45.0,46.0,3.0,2.0,2.0,4.0,19.0
4736,RHEA:38527,valid,,46.0,47.0,3.0,2.0,2.0,4.0,19.0
4737,RHEA:38551,valid,,22.0,22.0,5.0,2.0,5.0,7.0,19.0
4738,RHEA:38559,valid,,30.0,30.0,5.0,2.0,5.0,7.0,19.0
4739,RHEA:38563,valid,,26.0,27.0,3.0,2.0,2.0,4.0,17.0
4740,RHEA:38567,valid,,54.0,55.0,3.0,2.0,2.0,4.0,18.0
4741,RHEA:38571,valid,,22.0,22.0,0.0,0.0,0.0,0.0,0.0
4742,RHEA:38575,valid,,45.0,48.0,8.0,5.0,1.0,6.0,32.0
4743,RHEA:38579,valid,,65.0,66.0,11.0,7.0,7.0,14.0,57.0
4744,RHEA:38583,valid,,54.0,55.0,4.0,2.0,3.0,5.0,21.0
4745,RHEA:38587,valid,,116.0,116.0,3.0,2.0,2.0,4.0,22.0
4746,RHEA:38591,valid,,126.0,127.0,3.0,2.0,2.0,4.0,22.0
4747,RHEA:38599,valid,,57.0,57.0,4.0,4.0,0.0,4.0,22.0
4748,RHEA:38603,valid,,48.0,48.0,3.0,2.0,2.0,4.0,22.0
4749,RHEA:38607,valid,,48.0,48.0,9.0,8.0,2.0,10.0,50.0
4750,RHEA:38611,valid,,44.0,45.0,5.0,3.0,2.0,5.0,32.0
4751,RHEA:38615,valid,,36.0,36.0,10.0,9.0,2.0,11.0,50.0
4752,RHEA:38623,valid,,90.0,90.0,3.0,2.0,2.0,4.0,20.0
4753,RHEA:38627,valid,,87.0,87.0,3.0,2.0,2.0,4.0,20.0
4754,RHEA:38631,valid,,98.0,98.0,3.0,2.0,2.0,4.0,20.0
4755,RHEA:38635,valid,,102.0,102.0,3.0,2.0,2.0,4.0,20.0
4756,RHEA:38639,valid,,99.0,99.0,3.0,2.0,2.0,4.0,20.0
4757,RHEA:38643,valid,,62.0,63.0,3.0,2.0,2.0,4.0,19.0
4758,RHEA:38647,valid,,62.0,63.0,3.0,2.0,2.0,4.0,18.0
4759,RHEA:38651,valid,,45.0,46.0,3.0,2.0,2.0,4.0,18.0
4760,RHEA:38655,valid,,20.0,20.0,3.0,2.0,2.0,4.0,21.0
4761,RHEA:38659,valid,,45.0,46.0,3.0,2.0,2.0,4.0,19.0
4762,RHEA:38663,valid,,22.0,22.0,0.0,0.0,0.0,0.0,0.0
4763,RHEA:38675,valid,,24.0,24.0,5.0,4.0,2.0,6.0,27.0
4764,RHEA:38695,valid,,36.0,36.0,0.0,0.0,0.0,0.0,0.0
4765,RHEA:38699,valid,,36.0,39.0,6.0,4.0,1.0,5.0,25.0
4766,RHEA:38703,valid,,78.0,78.0,3.0,2.0,2.0,4.0,20.0
4767,RHEA:38707,valid,,60.0,62.0,8.0,6.0,1.0,7.0,36.0
4768,RHEA:38711,valid,,57.0,59.0,6.0,4.0,1.0,5.0,26.0
4769,RHEA:38723,valid,,58.0,60.0,8.0,6.0,1.0,7.0,36.0
4770,RHEA:38727,valid,,58.0,60.0,12.0,7.0,4.0,11.0,48.0
4771,RHEA:38731,valid,,58.0,60.0,12.0,7.0,4.0,11.0,48.0
4772,RHEA:38735,valid,,58.0,60.0,6.0,4.0,1.0,5.0,26.0
4773,RHEA:38739,valid,,60.0,62.0,6.0,4.0,1.0,5.0,26.0
4774,RHEA:38743,valid,,60.0,62.0,6.0,4.0,1.0,5.0,26.0
4775,RHEA:38747,valid,,58.0,60.0,6.0,4.0,1.0,5.0,26.0
4776,RHEA:38751,valid,,60.0,62.0,6.0,4.0,1.0,5.0,26.0
4777,RHEA:38755,valid,,76.0,76.0,3.0,2.0,2.0,4.0,20.0
4778,RHEA:38759,valid,,76.0,76.0,4.0,4.0,0.0,4.0,22.0
4779,RHEA:38763,valid,,76.0,76.0,3.0,2.0,2.0,4.0,20.0
4780,RHEA:38767,valid,,76.0,76.0,4.0,4.0,0.0,4.0,22.0
4781,RHEA:38771,valid,,78.0,78.0,3.0,2.0,2.0,4.0,20.0
4782,RHEA:38775,valid,,78.0,78.0,4.0,4.0,0.0,4.0,22.0
4783,RHEA:38779,valid,,53.0,54.0,3.0,2.0,2.0,4.0,18.0
4784,RHEA:38783,valid,,53.0,54.0,3.0,2.0,2.0,4.0,18.0
4785,RHEA:38787,valid,,53.0,54.0,3.0,2.0,2.0,4.0,18.0
4786,RHEA:38791,valid,,78.0,78.0,4.0,4.0,0.0,4.0,22.0
4787,RHEA:38795,valid,,78.0,78.0,3.0,2.0,2.0,4.0,20.0
4788,RHEA:38799,valid,,78.0,78.0,4.0,4.0,0.0,4.0,22.0
4789,RHEA:38803,valid,,78.0,78.0,3.0,2.0,2.0,4.0,20.0
4790,RHEA:38807,valid,,76.0,76.0,3.0,2.0,2.0,4.0,20.0
4791,RHEA:38811,valid,,76.0,76.0,4.0,4.0,0.0,4.0,22.0
4792,RHEA:38815,valid,,80.0,80.0,4.0,4.0,0.0,4.0,22.0
4793,RHEA:38819,valid,,80.0,80.0,3.0,2.0,2.0,4.0,20.0
4794,RHEA:38823,valid,,73.0,73.0,3.0,2.0,2.0,4.0,20.0
4795,RHEA:38827,valid,,73.0,73.0,3.0,2.0,2.0,4.0,20.0
4796,RHEA:38831,valid,,73.0,73.0,4.0,4.0,0.0,4.0,22.0
4797,RHEA:38835,valid,,73.0,73.0,3.0,2.0,2.0,4.0,20.0
4798,RHEA:38839,valid,,75.0,75.0,3.0,2.0,2.0,4.0,20.0
4799,RHEA:38843,valid,,75.0,75.0,4.0,4.0,0.0,4.0,22.0
4800,RHEA:38851,valid,,28.0,28.0,8.0,6.0,6.0,12.0,48.0
4801,RHEA:38855,valid,,9.0,9.0,5.0,2.0,5.0,7.0,19.0
4802,RHEA:38859,valid,,93.0,94.0,3.0,2.0,2.0,4.0,22.0
4803,RHEA:38863,valid,,32.0,32.0,3.0,2.0,2.0,4.0,22.0
4804,RHEA:38867,valid,,22.0,22.0,3.0,2.0,2.0,4.0,22.0
4805,RHEA:38871,valid,,22.0,22.0,3.0,2.0,2.0,4.0,22.0
4806,RHEA:38875,valid,,22.0,22.0,3.0,2.0,2.0,4.0,22.0
4807,RHEA:38879,valid,,4.0,4.0,0.0,0.0,0.0,0.0,0.0
4808,RHEA:38883,valid,,83.0,83.0,6.0,4.0,3.0,7.0,35.0
4809,RHEA:38887,valid,,29.0,29.0,3.0,2.0,2.0,4.0,19.0
4810,RHEA:38891,valid,,39.0,39.0,3.0,2.0,2.0,4.0,19.0
4811,RHEA:38895,valid,,19.0,19.0,0.0,0.0,0.0,0.0,0.0
4812,RHEA:38903,valid,,66.0,67.0,4.0,2.0,3.0,5.0,21.0
4813,RHEA:38907,valid,,51.0,52.0,3.0,2.0,2.0,4.0,19.0
4814,RHEA:38911,valid,,86.0,86.0,3.0,2.0,2.0,4.0,18.0
4815,RHEA:38915,valid,,36.0,37.0,3.0,2.0,2.0,4.0,19.0
4816,RHEA:38919,valid,,32.0,33.0,3.0,2.0,2.0,4.0,19.0
4817,RHEA:38927,valid,,33.0,34.0,3.0,2.0,2.0,4.0,19.0
4818,RHEA:38931,valid,,36.0,37.0,3.0,2.0,2.0,4.0,19.0
4819,RHEA:38935,valid,,109.0,109.0,10.0,6.0,6.0,12.0,54.0
4820,RHEA:38943,valid,,67.0,68.0,4.0,2.0,3.0,5.0,21.0
4821,RHEA:38947,valid,,47.0,48.0,11.0,7.0,7.0,14.0,57.0
4822,RHEA:38951,valid,,57.0,58.0,4.0,2.0,3.0,5.0,21.0
4823,RHEA:38959,valid,,55.0,55.0,4.0,2.0,4.0,6.0,18.0
4824,RHEA:38963,valid,,75.0,76.0,4.0,2.0,3.0,5.0,21.0
4825,RHEA:38971,valid,,69.0,69.0,4.0,2.0,4.0,6.0,18.0
4826,RHEA:38975,valid,,34.0,35.0,3.0,2.0,2.0,4.0,19.0
4827,RHEA:38979,valid,,36.0,37.0,3.0,2.0,2.0,4.0,19.0
4828,RHEA:38983,valid,,32.0,33.0,3.0,2.0,2.0,4.0,19.0
4829,RHEA:38987,valid,,60.0,60.0,4.0,2.0,4.0,6.0,18.0
4830,RHEA:38991,valid,,30.0,31.0,3.0,2.0,2.0,4.0,19.0
4831,RHEA:39015,valid,,70.0,72.0,8.0,7.0,8.0,15.0,47.0
4832,RHEA:39019,valid,,36.0,36.0,4.0,2.0,3.0,5.0,22.0
4833,RHEA:39027,valid,,70.0,71.0,3.0,2.0,2.0,4.0,22.0
4834,RHEA:39031,valid,,59.0,60.0,3.0,2.0,2.0,4.0,22.0
4835,RHEA:39043,valid,,58.0,60.0,11.0,7.0,7.0,14.0,56.0
4836,RHEA:39047,valid,,62.0,64.0,11.0,7.0,7.0,14.0,56.0
4837,RHEA:39051,valid,,60.0,61.0,4.0,2.0,3.0,5.0,21.0
4838,RHEA:39055,valid,,58.0,59.0,12.0,7.0,8.0,15.0,59.0
4839,RHEA:39059,valid,,62.0,63.0,12.0,7.0,8.0,15.0,59.0
4840,RHEA:39063,valid,,60.0,61.0,8.0,7.0,8.0,15.0,46.0
4841,RHEA:39075,valid,,64.0,64.0,3.0,2.0,2.0,4.0,18.0
4842,RHEA:39079,valid,,108.0,109.0,8.0,7.0,8.0,15.0,48.0
4843,RHEA:39091,valid,,62.0,62.0,3.0,2.0,2.0,4.0,18.0
4844,RHEA:39095,valid,,106.0,107.0,8.0,7.0,8.0,15.0,48.0
4845,RHEA:39103,valid,,62.0,63.0,4.0,2.0,3.0,5.0,21.0
4846,RHEA:39107,valid,,25.0,25.0,7.0,6.0,2.0,8.0,35.0
4847,RHEA:39111,valid,,57.0,58.0,8.0,7.0,8.0,15.0,47.0
4848,RHEA:39119,valid,,75.0,75.0,4.0,2.0,4.0,6.0,18.0
4849,RHEA:39131,valid,,122.0,122.0,5.0,4.0,2.0,6.0,31.0
4850,RHEA:39151,valid,,116.0,116.0,8.0,7.0,8.0,15.0,48.0
4851,RHEA:39155,valid,,68.0,68.0,3.0,2.0,2.0,4.0,18.0
4852,RHEA:39159,valid,,66.0,66.0,3.0,2.0,2.0,4.0,18.0
4853,RHEA:39167,valid,,117.0,117.0,7.0,6.0,2.0,8.0,38.0
4854,RHEA:39171,valid,,118.0,118.0,8.0,7.0,8.0,15.0,48.0
4855,RHEA:39175,valid,,70.0,70.0,3.0,2.0,2.0,4.0,18.0
4856,RHEA:39179,valid,,117.0,117.0,8.0,7.0,8.0,15.0,47.0
4857,RHEA:39183,valid,,120.0,120.0,8.0,7.0,8.0,15.0,48.0
4858,RHEA:39187,valid,,72.0,72.0,3.0,2.0,2.0,4.0,18.0
4859,RHEA:39191,valid,,119.0,119.0,8.0,7.0,8.0,15.0,47.0
4860,RHEA:39195,valid,,122.0,122.0,8.0,7.0,8.0,15.0,48.0
4861,RHEA:39199,valid,,74.0,74.0,3.0,2.0,2.0,4.0,18.0
4862,RHEA:39203,valid,,121.0,121.0,8.0,7.0,8.0,15.0,47.0
4863,RHEA:39207,valid,,124.0,124.0,8.0,7.0,8.0,15.0,48.0
4864,RHEA:39211,valid,,76.0,76.0,3.0,2.0,2.0,4.0,18.0
4865,RHEA:39215,valid,,123.0,123.0,8.0,7.0,8.0,15.0,47.0
4866,RHEA:39287,valid,,5.0,5.0,3.0,2.0,2.0,4.0,14.0
4867,RHEA:39311,valid,,118.0,118.0,8.0,7.0,8.0,15.0,48.0
4868,RHEA:39319,valid,,117.0,117.0,8.0,7.0,8.0,15.0,47.0
4869,RHEA:39323,valid,,120.0,120.0,8.0,7.0,8.0,15.0,48.0
4870,RHEA:39331,valid,,119.0,119.0,8.0,7.0,8.0,15.0,47.0
4871,RHEA:39459,valid,,120.0,120.0,8.0,7.0,8.0,15.0,48.0
4872,RHEA:39467,valid,,119.0,119.0,8.0,7.0,8.0,15.0,47.0
4873,RHEA:39567,valid,,73.0,73.0,6.0,2.0,6.0,8.0,18.0
4874,RHEA:39571,valid,,73.0,73.0,6.0,2.0,6.0,8.0,18.0
4875,RHEA:39647,valid,,64.0,64.0,8.0,4.0,7.0,11.0,46.0
4876,RHEA:39651,valid,,59.0,60.0,5.0,4.0,3.0,7.0,27.0
4877,RHEA:39671,valid,,68.0,68.0,4.0,2.0,4.0,6.0,15.0
4878,RHEA:39675,valid,,119.0,119.0,7.0,6.0,2.0,8.0,38.0
4879,RHEA:39679,valid,,121.0,121.0,7.0,6.0,2.0,8.0,38.0
4880,RHEA:39719,valid,,59.0,60.0,11.0,7.0,7.0,14.0,57.0
4881,RHEA:39731,valid,,52.0,53.0,11.0,7.0,7.0,14.0,57.0
4882,RHEA:39735,valid,,54.0,55.0,11.0,7.0,7.0,14.0,57.0
4883,RHEA:39751,valid,,47.0,48.0,11.0,7.0,7.0,14.0,57.0
4884,RHEA:39755,valid,,55.0,56.0,11.0,7.0,7.0,14.0,57.0
4885,RHEA:39759,valid,,55.0,56.0,11.0,7.0,7.0,14.0,57.0
4886,RHEA:39767,valid,,56.0,57.0,12.0,7.0,8.0,15.0,59.0
4887,RHEA:39771,valid,,56.0,58.0,23.0,18.0,13.0,31.0,82.0
4888,RHEA:39779,valid,,55.0,56.0,12.0,9.0,5.0,14.0,59.0
4889,RHEA:39783,valid,,55.0,56.0,12.0,9.0,5.0,14.0,59.0
4890,RHEA:39787,valid,,55.0,56.0,11.0,7.0,7.0,14.0,57.0
4891,RHEA:39791,valid,,55.0,56.0,11.0,7.0,7.0,14.0,57.0
4892,RHEA:39795,valid,,61.0,62.0,4.0,2.0,3.0,5.0,21.0
4893,RHEA:39799,valid,,67.0,68.0,8.0,7.0,8.0,15.0,48.0
4894,RHEA:39803,valid,,68.0,70.0,18.0,17.0,12.0,29.0,69.0
4895,RHEA:39811,valid,,55.0,56.0,11.0,7.0,7.0,14.0,57.0
4896,RHEA:39815,valid,,24.0,24.0,5.0,2.0,5.0,7.0,19.0
4897,RHEA:39819,valid,,28.0,28.0,5.0,2.0,5.0,7.0,19.0
4898,RHEA:39835,valid,,30.0,30.0,4.0,2.0,3.0,5.0,22.0
4899,RHEA:39867,valid,,99.0,100.0,3.0,2.0,2.0,4.0,22.0
4900,RHEA:39883,valid,,83.0,84.0,8.0,7.0,8.0,15.0,46.0
4901,RHEA:39887,valid,,46.0,46.0,5.0,2.0,5.0,7.0,23.0
4902,RHEA:39891,valid,,126.0,127.0,3.0,2.0,2.0,4.0,22.0
4903,RHEA:39895,valid,,50.0,51.0,3.0,2.0,2.0,4.0,21.0
4904,RHEA:39899,valid,,51.0,52.0,3.0,2.0,2.0,4.0,21.0
4905,RHEA:39907,valid,,44.0,44.0,4.0,4.0,2.0,6.0,26.0
4906,RHEA:39911,valid,,23.0,23.0,4.0,4.0,0.0,4.0,24.0
4907,RHEA:39923,valid,,35.0,36.0,3.0,2.0,2.0,4.0,19.0
4908,RHEA:39927,valid,,18.0,19.0,3.0,2.0,2.0,4.0,19.0
4909,RHEA:39931,valid,,64.0,65.0,3.0,2.0,2.0,4.0,18.0
4910,RHEA:39935,valid,,26.0,29.0,6.0,4.0,1.0,5.0,25.0
4911,RHEA:39939,valid,,26.0,29.0,7.0,4.0,3.0,7.0,29.0
4912,RHEA:39951,valid,,92.0,92.0,3.0,2.0,2.0,4.0,20.0
4913,RHEA:39955,valid,,7.0,27.0,26.0,26.0,6.0,32.0,58.0
4914,RHEA:39959,valid,,24.0,25.0,3.0,2.0,2.0,4.0,19.0
4915,RHEA:39963,valid,,24.0,25.0,3.0,2.0,2.0,4.0,18.0
4916,RHEA:39975,valid,,8.0,8.0,3.0,2.0,2.0,4.0,16.0
4917,RHEA:39979,valid,,52.0,53.0,3.0,2.0,2.0,4.0,20.0
4918,RHEA:39987,valid,,65.0,67.0,8.0,5.0,1.0,6.0,33.0
4919,RHEA:40007,valid,,30.0,30.0,4.0,2.0,3.0,5.0,25.0
4920,RHEA:40011,valid,,30.0,30.0,6.0,4.0,3.0,7.0,38.0
4921,RHEA:40015,valid,,30.0,30.0,6.0,4.0,3.0,7.0,38.0
4922,RHEA:40019,valid,,30.0,30.0,4.0,2.0,3.0,5.0,25.0
4923,RHEA:40023,valid,,30.0,30.0,4.0,2.0,3.0,5.0,25.0
4924,RHEA:40027,valid,,30.0,30.0,7.0,6.0,4.0,10.0,45.0
4925,RHEA:40031,valid,,30.0,30.0,6.0,4.0,3.0,7.0,38.0
4926,RHEA:40035,valid,,53.0,54.0,6.0,4.0,3.0,7.0,34.0
4927,RHEA:40039,valid,,94.0,96.0,11.0,8.0,6.0,14.0,35.0
4928,RHEA:40043,valid,,54.0,55.0,6.0,4.0,3.0,7.0,34.0
4929,RHEA:40047,valid,,34.0,35.0,3.0,2.0,2.0,4.0,18.0
4930,RHEA:40051,valid,,16.0,16.0,7.0,7.0,7.0,14.0,38.0
4931,RHEA:40059,valid,,60.0,61.0,3.0,2.0,2.0,4.0,19.0
4932,RHEA:40075,valid,,31.0,31.0,4.0,2.0,3.0,5.0,22.0
4933,RHEA:40079,valid,,57.0,58.0,11.0,7.0,7.0,14.0,57.0
4934,RHEA:40083,valid,,61.0,62.0,11.0,7.0,7.0,14.0,57.0
4935,RHEA:40099,valid,,95.0,95.0,3.0,2.0,2.0,4.0,20.0
4936,RHEA:40103,valid,,53.0,54.0,3.0,2.0,2.0,4.0,19.0
4937,RHEA:40107,valid,,93.0,93.0,3.0,2.0,2.0,4.0,20.0
4938,RHEA:40111,valid,,54.0,55.0,3.0,2.0,2.0,4.0,19.0
4939,RHEA:40115,valid,,56.0,57.0,3.0,2.0,2.0,4.0,19.0
4940,RHEA:40119,valid,,64.0,65.0,3.0,2.0,2.0,4.0,19.0
4941,RHEA:40131,valid,,66.0,67.0,3.0,2.0,2.0,4.0,19.0
4942,RHEA:40135,valid,,64.0,65.0,3.0,2.0,2.0,4.0,19.0
4943,RHEA:40139,valid,,68.0,69.0,3.0,2.0,2.0,4.0,19.0
4944,RHEA:40143,valid,,68.0,69.0,3.0,2.0,2.0,4.0,19.0
4945,RHEA:40147,valid,,70.0,71.0,3.0,2.0,2.0,4.0,19.0
4946,RHEA:40151,valid,,70.0,71.0,3.0,2.0,2.0,4.0,19.0
4947,RHEA:40155,valid,,57.0,58.0,11.0,7.0,7.0,14.0,57.0
4948,RHEA:40159,valid,,82.0,82.0,8.0,7.0,8.0,15.0,46.0
4949,RHEA:40163,valid,,55.0,57.0,8.0,7.0,8.0,15.0,47.0
4950,RHEA:40167,valid,,67.0,67.0,4.0,2.0,4.0,6.0,18.0
4951,RHEA:40171,valid,,63.0,63.0,4.0,2.0,4.0,6.0,18.0
4952,RHEA:40175,valid,,59.0,59.0,4.0,2.0,4.0,6.0,18.0
4953,RHEA:40179,valid,,61.0,61.0,4.0,2.0,4.0,6.0,18.0
4954,RHEA:40183,valid,,65.0,65.0,4.0,2.0,4.0,6.0,18.0
4955,RHEA:40187,valid,,58.0,58.0,3.0,2.0,2.0,4.0,18.0
4956,RHEA:40191,valid,,102.0,103.0,8.0,7.0,8.0,15.0,48.0
4957,RHEA:40195,valid,,94.0,94.0,3.0,2.0,2.0,4.0,20.0
4958,RHEA:40199,valid,,51.0,52.0,11.0,7.0,7.0,14.0,57.0
4959,RHEA:40203,valid,,49.0,50.0,11.0,7.0,7.0,14.0,57.0
4960,RHEA:40207,valid,,66.0,66.0,3.0,2.0,2.0,4.0,18.0
4961,RHEA:40211,valid,,110.0,111.0,8.0,7.0,8.0,15.0,48.0
4962,RHEA:40219,valid,,55.0,56.0,3.0,2.0,2.0,4.0,19.0
4963,RHEA:40223,valid,,61.0,62.0,3.0,2.0,2.0,4.0,19.0
4964,RHEA:40227,valid,,117.0,118.0,3.0,2.0,2.0,4.0,22.0
4965,RHEA:40231,valid,,41.0,41.0,6.0,2.0,6.0,8.0,25.0
4966,RHEA:40235,valid,,36.0,36.0,4.0,2.0,4.0,6.0,16.0
4967,RHEA:40243,valid,,110.0,111.0,8.0,7.0,8.0,15.0,48.0
4968,RHEA:40247,valid,,41.0,42.0,3.0,2.0,2.0,4.0,17.0
4969,RHEA:40251,valid,,42.0,43.0,3.0,2.0,2.0,4.0,17.0
4970,RHEA:40255,valid,,68.0,68.0,3.0,2.0,2.0,4.0,18.0
4971,RHEA:40259,valid,,68.0,68.0,3.0,2.0,2.0,4.0,18.0
4972,RHEA:40263,valid,,112.0,113.0,8.0,7.0,8.0,15.0,48.0
4973,RHEA:40267,valid,,112.0,113.0,8.0,7.0,8.0,15.0,48.0
4974,RHEA:40275,valid,,69.0,69.0,4.0,2.0,4.0,6.0,18.0
4975,RHEA:40279,valid,,72.0,72.0,3.0,2.0,2.0,4.0,20.0
4976,RHEA:40299,valid,,37.0,37.0,5.0,2.0,5.0,7.0,23.0
4977,RHEA:40311,valid,,57.0,57.0,4.0,2.0,4.0,6.0,18.0
4978,RHEA:40315,valid,,58.0,58.0,4.0,2.0,4.0,6.0,18.0
4979,RHEA:40319,valid,,75.0,75.0,4.0,2.0,4.0,6.0,18.0
4980,RHEA:40323,valid,,77.0,78.0,3.0,2.0,2.0,4.0,22.0
4981,RHEA:40327,valid,,75.0,76.0,3.0,2.0,2.0,4.0,22.0
4982,RHEA:40331,valid,,79.0,80.0,3.0,2.0,2.0,4.0,22.0
4983,RHEA:40335,valid,,75.0,76.0,3.0,2.0,2.0,4.0,22.0
4984,RHEA:40339,valid,,75.0,76.0,3.0,2.0,2.0,4.0,22.0
4985,RHEA:40343,valid,,116.0,116.0,5.0,4.0,2.0,6.0,30.0
4986,RHEA:40351,valid,,79.0,80.0,3.0,2.0,2.0,4.0,22.0
4987,RHEA:40355,valid,,75.0,76.0,3.0,2.0,2.0,4.0,22.0
4988,RHEA:40359,valid,,79.0,80.0,3.0,2.0,2.0,4.0,22.0
4989,RHEA:40363,valid,,96.0,97.0,3.0,2.0,2.0,4.0,22.0
4990,RHEA:40367,valid,,94.0,95.0,3.0,2.0,2.0,4.0,22.0
4991,RHEA:40375,valid,,92.0,93.0,4.0,4.0,1.0,5.0,27.0
4992,RHEA:40379,valid,,90.0,91.0,6.0,6.0,1.0,7.0,32.0
4993,RHEA:40383,valid,,90.0,91.0,6.0,6.0,1.0,7.0,32.0
4994,RHEA:40387,valid,,90.0,91.0,6.0,6.0,1.0,7.0,32.0
4995,RHEA:40395,valid,,46.0,46.0,8.0,7.0,8.0,15.0,42.0
4996,RHEA:40399,valid,,50.0,50.0,8.0,7.0,8.0,15.0,42.0
4997,RHEA:40403,valid,,74.0,75.0,3.0,2.0,2.0,4.0,22.0
4998,RHEA:40407,valid,,72.0,73.0,4.0,4.0,1.0,5.0,27.0
4999,RHEA:40411,valid,,76.0,77.0,3.0,2.0,2.0,4.0,22.0
5000,RHEA:40415,valid,,69.0,70.0,3.0,2.0,2.0,4.0,19.0
5001,RHEA:40419,valid,,70.0,71.0,3.0,2.0,2.0,4.0,19.0
5002,RHEA:40423,valid,,75.0,75.0,6.0,2.0,6.0,8.0,18.0
5003,RHEA:40427,valid,,55.0,56.0,3.0,2.0,2.0,4.0,18.0
5004,RHEA:40431,valid,,52.0,53.0,3.0,2.0,2.0,4.0,18.0
5005,RHEA:40435,valid,,34.0,35.0,3.0,2.0,2.0,4.0,19.0
5006,RHEA:40439,valid,,15.0,15.0,3.0,2.0,2.0,4.0,19.0
5007,RHEA:40443,valid,,46.0,47.0,3.0,2.0,2.0,4.0,22.0
5008,RHEA:40447,valid,,68.0,68.0,0.0,0.0,0.0,0.0,0.0
5009,RHEA:40451,valid,,51.0,52.0,3.0,2.0,2.0,4.0,18.0
5010,RHEA:40455,valid,,79.0,79.0,0.0,0.0,0.0,0.0,0.0
5011,RHEA:40459,valid,,70.0,70.0,4.0,2.0,4.0,6.0,20.0
5012,RHEA:40463,valid,,101.0,102.0,3.0,2.0,2.0,4.0,18.0
5013,RHEA:40467,valid,,82.0,83.0,3.0,2.0,2.0,4.0,19.0
5014,RHEA:40475,valid,,17.0,20.0,6.0,4.0,1.0,5.0,25.0
5015,RHEA:40479,valid,,36.0,37.0,3.0,2.0,2.0,4.0,17.0
5016,RHEA:40483,valid,,41.0,42.0,3.0,2.0,2.0,4.0,18.0
5017,RHEA:40487,valid,,51.0,52.0,3.0,2.0,2.0,4.0,18.0
5018,RHEA:40491,valid,,55.0,56.0,3.0,2.0,2.0,4.0,19.0
5019,RHEA:40495,valid,,57.0,57.0,5.0,4.0,2.0,6.0,28.0
5020,RHEA:40499,valid,,36.0,37.0,3.0,2.0,2.0,4.0,18.0
5021,RHEA:40503,valid,,57.0,57.0,8.0,9.0,2.0,11.0,43.0
5022,RHEA:40511,valid,,53.0,54.0,8.0,7.0,8.0,15.0,48.0
5023,RHEA:40515,valid,,19.0,19.0,6.0,4.0,4.0,8.0,34.0
5024,RHEA:40519,valid,,57.0,58.0,3.0,2.0,2.0,4.0,18.0
5025,RHEA:40523,valid,,20.0,20.0,10.0,9.0,10.0,19.0,27.0
5026,RHEA:40531,valid,,46.0,46.0,5.0,2.0,5.0,7.0,23.0
5027,RHEA:40535,valid,,56.0,56.0,10.0,4.0,10.0,14.0,31.0
5028,RHEA:40539,valid,,42.0,42.0,5.0,2.0,5.0,7.0,23.0
5029,RHEA:40543,valid,,42.0,42.0,5.0,2.0,5.0,7.0,23.0
5030,RHEA:40547,valid,,52.0,52.0,10.0,4.0,10.0,14.0,31.0
5031,RHEA:40551,valid,,59.0,60.0,3.0,2.0,2.0,4.0,20.0
5032,RHEA:40555,zero_fallback,missing_mapping,,,,,,,
5033,RHEA:40559,valid,,86.0,86.0,9.0,8.0,9.0,17.0,51.0
5034,RHEA:40563,valid,,87.0,87.0,10.0,8.0,10.0,18.0,53.0
5035,RHEA:40571,valid,,55.0,56.0,3.0,2.0,2.0,4.0,18.0
5036,RHEA:40575,valid,,57.0,58.0,3.0,2.0,2.0,4.0,19.0
5037,RHEA:40579,valid,,54.0,55.0,3.0,2.0,2.0,4.0,18.0
5038,RHEA:40583,valid,,58.0,59.0,3.0,2.0,2.0,4.0,19.0
5039,RHEA:40587,valid,,60.0,61.0,3.0,2.0,2.0,4.0,19.0
5040,RHEA:40591,valid,,62.0,63.0,3.0,2.0,2.0,4.0,19.0
5041,RHEA:40595,valid,,64.0,65.0,3.0,2.0,2.0,4.0,19.0
5042,RHEA:40639,valid,,36.0,37.0,3.0,2.0,2.0,4.0,18.0
5043,RHEA:40643,valid,,39.0,40.0,3.0,2.0,2.0,4.0,18.0
5044,RHEA:40647,valid,,38.0,39.0,3.0,2.0,2.0,4.0,18.0
5045,RHEA:40651,valid,,41.0,42.0,3.0,2.0,2.0,4.0,18.0
5046,RHEA:40655,valid,,64.0,64.0,4.0,4.0,0.0,4.0,24.0
5047,RHEA:40659,valid,,44.0,45.0,3.0,2.0,2.0,4.0,22.0
5048,RHEA:40671,valid,,7.0,7.0,3.0,2.0,2.0,4.0,16.0
5049,RHEA:40715,valid,,75.0,75.0,3.0,2.0,2.0,4.0,20.0
5050,RHEA:40719,valid,,119.0,120.0,7.0,6.0,2.0,8.0,36.0
5051,RHEA:40723,valid,,68.0,69.0,3.0,2.0,2.0,4.0,19.0
5052,RHEA:40727,valid,,31.0,31.0,3.0,2.0,2.0,4.0,22.0
5053,RHEA:40747,valid,,22.0,22.0,6.0,6.0,2.0,8.0,31.0
5054,RHEA:40783,valid,,72.0,73.0,3.0,2.0,2.0,4.0,19.0
5055,RHEA:40787,valid,,74.0,75.0,3.0,2.0,2.0,4.0,19.0
5056,RHEA:40791,valid,,76.0,77.0,3.0,2.0,2.0,4.0,19.0
5057,RHEA:40795,valid,,58.0,58.0,3.0,2.0,2.0,4.0,22.0
5058,RHEA:40799,valid,,54.0,55.0,3.0,2.0,2.0,4.0,19.0
5059,RHEA:40803,valid,,60.0,62.0,11.0,11.0,8.0,19.0,64.0
5060,RHEA:40807,valid,,36.0,37.0,3.0,2.0,2.0,4.0,19.0
5061,RHEA:40811,valid,,53.0,54.0,3.0,2.0,2.0,4.0,18.0
5062,RHEA:40815,valid,,50.0,51.0,3.0,2.0,2.0,4.0,18.0
5063,RHEA:40819,valid,,55.0,56.0,3.0,2.0,2.0,4.0,18.0
5064,RHEA:40823,valid,,55.0,56.0,3.0,2.0,2.0,4.0,18.0
5065,RHEA:40827,valid,,38.0,39.0,3.0,2.0,2.0,4.0,18.0
5066,RHEA:40831,valid,,38.0,39.0,3.0,2.0,2.0,4.0,19.0
5067,RHEA:40879,valid,,66.0,66.0,5.0,4.0,2.0,6.0,32.0
5068,RHEA:40887,valid,,36.0,37.0,3.0,2.0,2.0,4.0,19.0
5069,RHEA:40891,valid,,31.0,32.0,3.0,2.0,2.0,4.0,19.0
5070,RHEA:40895,valid,,33.0,34.0,3.0,2.0,2.0,4.0,19.0
5071,RHEA:40899,valid,,63.0,63.0,3.0,2.0,2.0,4.0,20.0
5072,RHEA:40903,valid,,34.0,35.0,3.0,2.0,2.0,4.0,18.0
5073,RHEA:40907,valid,,66.0,66.0,3.0,2.0,2.0,4.0,20.0
5074,RHEA:40911,valid,,50.0,51.0,3.0,2.0,2.0,4.0,18.0
5075,RHEA:40915,valid,,52.0,53.0,3.0,2.0,2.0,4.0,18.0
5076,RHEA:40919,valid,,52.0,53.0,3.0,2.0,2.0,4.0,18.0
5077,RHEA:40923,valid,,55.0,56.0,3.0,2.0,2.0,4.0,18.0
5078,RHEA:40927,valid,,45.0,46.0,3.0,2.0,2.0,4.0,18.0
5079,RHEA:40931,valid,,21.0,21.0,6.0,6.0,2.0,8.0,31.0
5080,RHEA:40943,valid,,47.0,48.0,3.0,2.0,2.0,4.0,18.0
5081,RHEA:40951,valid,,12.0,12.0,3.0,2.0,2.0,4.0,18.0
5082,RHEA:40955,valid,,45.0,45.0,9.0,6.0,6.0,12.0,50.0
5083,RHEA:40959,valid,,74.0,74.0,3.0,2.0,2.0,4.0,20.0
5084,RHEA:40963,valid,,38.0,38.0,22.0,15.0,16.0,31.0,43.0
5085,RHEA:40967,valid,,45.0,46.0,3.0,2.0,2.0,4.0,18.0
5086,RHEA:40971,valid,,53.0,54.0,3.0,2.0,2.0,4.0,18.0
5087,RHEA:40975,valid,,52.0,54.0,6.0,4.0,4.0,8.0,23.0
5088,RHEA:40979,valid,,60.0,61.0,3.0,2.0,2.0,4.0,18.0
5089,RHEA:40983,valid,,60.0,61.0,3.0,2.0,2.0,4.0,18.0
5090,RHEA:40991,valid,,60.0,60.0,3.0,2.0,2.0,4.0,18.0
5091,RHEA:40995,valid,,60.0,60.0,3.0,2.0,2.0,4.0,20.0
5092,RHEA:40999,valid,,32.0,33.0,3.0,2.0,2.0,4.0,19.0
5093,RHEA:41003,valid,,38.0,39.0,3.0,2.0,2.0,4.0,19.0
5094,RHEA:41007,valid,,36.0,36.0,6.0,4.0,3.0,7.0,41.0
5095,RHEA:41063,valid,,57.0,58.0,3.0,2.0,2.0,4.0,18.0
5096,RHEA:41067,valid,,54.0,55.0,3.0,2.0,2.0,4.0,18.0
5097,RHEA:41071,valid,,55.0,56.0,3.0,2.0,2.0,4.0,18.0
5098,RHEA:41075,valid,,59.0,60.0,3.0,2.0,2.0,4.0,18.0
5099,RHEA:41079,valid,,56.0,57.0,3.0,2.0,2.0,4.0,22.0
5100,RHEA:41087,valid,,60.0,60.0,3.0,2.0,2.0,4.0,20.0
5101,RHEA:41091,valid,,36.0,37.0,3.0,2.0,2.0,4.0,19.0
5102,RHEA:41095,valid,,32.0,33.0,3.0,2.0,2.0,4.0,19.0
5103,RHEA:41099,valid,,62.0,62.0,3.0,2.0,2.0,4.0,20.0
5104,RHEA:41103,valid,,62.0,63.0,7.0,6.0,2.0,8.0,36.0
5105,RHEA:41107,valid,,62.0,63.0,3.0,2.0,2.0,4.0,18.0
5106,RHEA:41111,valid,,62.0,63.0,7.0,6.0,2.0,8.0,32.0
5107,RHEA:41115,valid,,36.0,37.0,3.0,2.0,2.0,4.0,19.0
5108,RHEA:41119,valid,,34.0,35.0,3.0,2.0,2.0,4.0,19.0
5109,RHEA:41123,valid,,54.0,55.0,3.0,2.0,2.0,4.0,18.0
5110,RHEA:41127,valid,,30.0,31.0,3.0,2.0,2.0,4.0,19.0
5111,RHEA:41131,valid,,28.0,29.0,3.0,2.0,2.0,4.0,19.0
5112,RHEA:41135,valid,,36.0,37.0,3.0,2.0,2.0,4.0,19.0
5113,RHEA:41139,valid,,38.0,39.0,3.0,2.0,2.0,4.0,19.0
5114,RHEA:41143,valid,,33.0,34.0,3.0,2.0,2.0,4.0,19.0
5115,RHEA:41147,valid,,32.0,32.0,4.0,2.0,3.0,5.0,22.0
5116,RHEA:41151,valid,,55.0,56.0,3.0,2.0,2.0,4.0,18.0
5117,RHEA:41155,valid,,55.0,56.0,3.0,2.0,2.0,4.0,18.0
5118,RHEA:41159,valid,,42.0,43.0,3.0,2.0,2.0,4.0,18.0
5119,RHEA:41163,valid,,53.0,54.0,3.0,2.0,2.0,4.0,22.0
5120,RHEA:41175,valid,,4.0,4.0,3.0,2.0,2.0,4.0,14.0
5121,RHEA:41179,valid,,45.0,46.0,3.0,2.0,2.0,4.0,18.0
5122,RHEA:41183,valid,,38.0,39.0,3.0,2.0,2.0,4.0,17.0
5123,RHEA:41187,valid,,55.0,56.0,3.0,2.0,2.0,4.0,18.0
5124,RHEA:41191,valid,,38.0,39.0,3.0,2.0,2.0,4.0,18.0
5125,RHEA:41195,valid,,39.0,40.0,3.0,2.0,2.0,4.0,18.0
5126,RHEA:41199,valid,,40.0,41.0,3.0,2.0,2.0,4.0,18.0
5127,RHEA:41203,valid,,37.0,38.0,3.0,2.0,2.0,4.0,17.0
5128,RHEA:41211,valid,,59.0,59.0,9.0,8.0,9.0,17.0,49.0
5129,RHEA:41215,valid,,62.0,63.0,3.0,2.0,2.0,4.0,18.0
5130,RHEA:41219,valid,,45.0,46.0,3.0,2.0,2.0,4.0,18.0
5131,RHEA:41223,valid,,51.0,52.0,3.0,2.0,2.0,4.0,18.0
5132,RHEA:41227,valid,,14.0,14.0,4.0,2.0,4.0,6.0,17.0
5133,RHEA:41231,valid,,57.0,58.0,3.0,2.0,2.0,4.0,18.0
5134,RHEA:41239,valid,,46.0,46.0,5.0,4.0,2.0,6.0,28.0
5135,RHEA:41243,valid,,46.0,46.0,6.0,6.0,0.0,6.0,32.0
5136,RHEA:41251,valid,,24.0,24.0,4.0,4.0,0.0,4.0,23.0
5137,RHEA:41255,valid,,47.0,47.0,4.0,2.0,3.0,5.0,22.0
5138,RHEA:41263,valid,,68.0,69.0,8.0,7.0,8.0,15.0,48.0
5139,RHEA:41267,valid,,47.0,47.0,3.0,2.0,2.0,4.0,19.0
5140,RHEA:41271,valid,,54.0,55.0,3.0,2.0,2.0,4.0,18.0
5141,RHEA:41275,valid,,43.0,43.0,3.0,2.0,2.0,4.0,19.0
5142,RHEA:41279,valid,,41.0,41.0,3.0,2.0,2.0,4.0,19.0
5143,RHEA:41283,valid,,47.0,47.0,3.0,2.0,2.0,4.0,19.0
5144,RHEA:41287,valid,,37.0,37.0,3.0,2.0,2.0,4.0,19.0
5145,RHEA:41291,valid,,35.0,35.0,3.0,2.0,2.0,4.0,19.0
5146,RHEA:41295,valid,,29.0,29.0,3.0,2.0,2.0,4.0,19.0
5147,RHEA:41299,valid,,41.0,41.0,3.0,2.0,2.0,4.0,19.0
5148,RHEA:41303,valid,,36.0,36.0,3.0,2.0,2.0,4.0,19.0
5149,RHEA:41307,valid,,55.0,56.0,3.0,2.0,2.0,4.0,18.0
5150,RHEA:41311,valid,,25.0,25.0,5.0,4.0,2.0,6.0,27.0
5151,RHEA:41315,valid,,25.0,25.0,5.0,4.0,2.0,6.0,27.0
5152,RHEA:41320,valid,,39.0,40.0,3.0,2.0,2.0,4.0,18.0
5153,RHEA:41324,valid,,24.0,24.0,5.0,4.0,2.0,6.0,28.0
5154,RHEA:41328,valid,,24.0,24.0,5.0,4.0,2.0,6.0,27.0
5155,RHEA:41332,valid,,26.0,26.0,5.0,4.0,2.0,6.0,27.0
5156,RHEA:41336,valid,,24.0,24.0,5.0,4.0,2.0,6.0,27.0
5157,RHEA:41340,valid,,22.0,22.0,5.0,4.0,2.0,6.0,27.0
5158,RHEA:41344,valid,,24.0,24.0,5.0,4.0,2.0,6.0,27.0
5159,RHEA:41348,valid,,52.0,53.0,3.0,2.0,2.0,4.0,18.0
5160,RHEA:41352,valid,,57.0,57.0,3.0,2.0,2.0,4.0,20.0
5161,RHEA:41360,valid,,84.0,87.0,6.0,4.0,1.0,5.0,28.0
5162,RHEA:41364,valid,,69.0,69.0,4.0,4.0,0.0,4.0,20.0
5163,RHEA:41368,valid,,34.0,35.0,3.0,2.0,2.0,4.0,17.0
5164,RHEA:41372,valid,,32.0,33.0,3.0,2.0,2.0,4.0,17.0
5165,RHEA:41376,valid,,30.0,31.0,3.0,2.0,2.0,4.0,17.0
5166,RHEA:41380,valid,,53.0,53.0,9.0,8.0,9.0,17.0,49.0
5167,RHEA:41384,valid,,34.0,37.0,6.0,4.0,1.0,5.0,25.0
5168,RHEA:41388,valid,,46.0,47.0,3.0,2.0,2.0,4.0,18.0
5169,RHEA:41396,valid,,51.0,51.0,8.0,8.0,0.0,8.0,27.0
5170,RHEA:41400,valid,,24.0,25.0,3.0,2.0,2.0,4.0,19.0
5171,RHEA:41408,valid,,56.0,57.0,3.0,2.0,2.0,4.0,21.0
5172,RHEA:41412,valid,,39.0,40.0,3.0,2.0,2.0,4.0,19.0
5173,RHEA:41416,valid,,35.0,36.0,3.0,2.0,2.0,4.0,19.0
5174,RHEA:41420,valid,,36.0,36.0,18.0,16.0,10.0,26.0,76.0
5175,RHEA:41424,valid,,34.0,35.0,15.0,11.0,10.0,21.0,69.0
5176,RHEA:41428,valid,,40.0,41.0,3.0,2.0,2.0,4.0,20.0
5177,RHEA:41432,valid,,16.0,16.0,3.0,2.0,2.0,4.0,15.0
5178,RHEA:41436,valid,,95.0,95.0,3.0,2.0,2.0,4.0,20.0
5179,RHEA:41440,valid,,19.0,19.0,6.0,6.0,2.0,8.0,31.0
5180,RHEA:41444,valid,,10.0,12.0,5.0,4.0,3.0,7.0,27.0
5181,RHEA:41448,valid,,21.0,21.0,6.0,6.0,2.0,8.0,31.0
5182,RHEA:41452,valid,,64.0,64.0,9.0,8.0,9.0,17.0,49.0
5183,RHEA:41464,valid,,53.0,54.0,11.0,7.0,7.0,14.0,56.0
5184,RHEA:41468,valid,,54.0,55.0,11.0,7.0,7.0,14.0,56.0
5185,RHEA:41472,valid,,54.0,55.0,11.0,7.0,7.0,14.0,57.0
5186,RHEA:41476,valid,,79.0,79.0,3.0,2.0,2.0,4.0,20.0
5187,RHEA:41484,valid,,56.0,56.0,3.0,2.0,2.0,4.0,22.0
5188,RHEA:41488,valid,,60.0,60.0,3.0,2.0,2.0,4.0,22.0
5189,RHEA:41492,valid,,62.0,62.0,3.0,2.0,2.0,4.0,22.0
5190,RHEA:41496,valid,,61.0,61.0,3.0,2.0,2.0,4.0,22.0
5191,RHEA:41500,valid,,60.0,60.0,3.0,2.0,2.0,4.0,22.0
5192,RHEA:41508,valid,,59.0,59.0,9.0,8.0,9.0,17.0,51.0
5193,RHEA:41512,valid,,55.0,55.0,9.0,8.0,9.0,17.0,51.0
5194,RHEA:41516,valid,,66.0,67.0,11.0,7.0,7.0,14.0,57.0
5195,RHEA:41520,valid,,66.0,67.0,11.0,7.0,7.0,14.0,57.0
5196,RHEA:41524,zero_fallback,missing_mapping,,,,,,,
5197,RHEA:41528,valid,,82.0,82.0,8.0,7.0,8.0,15.0,47.0
5198,RHEA:41532,valid,,31.0,31.0,9.0,9.0,9.0,18.0,48.0
5199,RHEA:41536,valid,,43.0,44.0,3.0,2.0,2.0,4.0,19.0
5200,RHEA:41540,valid,,70.0,71.0,3.0,2.0,2.0,4.0,19.0
5201,RHEA:41544,valid,,71.0,72.0,3.0,2.0,2.0,4.0,19.0
5202,RHEA:41548,valid,,72.0,73.0,3.0,2.0,2.0,4.0,19.0
5203,RHEA:41552,valid,,35.0,35.0,16.0,16.0,10.0,26.0,74.0
5204,RHEA:41556,valid,,25.0,25.0,6.0,6.0,2.0,8.0,31.0
5205,RHEA:41560,valid,,69.0,70.0,11.0,7.0,7.0,14.0,56.0
5206,RHEA:41564,valid,,66.0,68.0,4.0,2.0,3.0,5.0,27.0
5207,RHEA:41568,valid,,75.0,76.0,3.0,2.0,2.0,4.0,22.0
5208,RHEA:41572,valid,,69.0,70.0,8.0,7.0,8.0,15.0,48.0
5209,RHEA:41576,valid,,63.0,64.0,6.0,6.0,1.0,7.0,32.0
5210,RHEA:41580,valid,,31.0,31.0,4.0,2.0,3.0,5.0,29.0
5211,RHEA:41584,valid,,27.0,27.0,4.0,2.0,3.0,5.0,29.0
5212,RHEA:41588,valid,,20.0,21.0,3.0,2.0,2.0,4.0,19.0
5213,RHEA:41592,valid,,69.0,69.0,8.0,7.0,8.0,15.0,47.0
5214,RHEA:41596,valid,,69.0,69.0,8.0,7.0,8.0,15.0,48.0
5215,RHEA:41600,valid,,57.0,57.0,3.0,2.0,2.0,4.0,22.0
5216,RHEA:41604,valid,,59.0,59.0,3.0,2.0,2.0,4.0,22.0
5217,RHEA:41608,valid,,54.0,55.0,3.0,2.0,2.0,4.0,22.0
5218,RHEA:41612,valid,,18.0,19.0,3.0,2.0,2.0,4.0,19.0
5219,RHEA:41616,valid,,19.0,19.0,4.0,2.0,3.0,5.0,22.0
5220,RHEA:41624,valid,,56.0,57.0,3.0,2.0,2.0,4.0,18.0
5221,RHEA:41628,valid,,30.0,30.0,16.0,18.0,12.0,30.0,84.0
5222,RHEA:41640,valid,,96.0,96.0,6.0,4.0,3.0,7.0,36.0
5223,RHEA:41644,valid,,96.0,96.0,6.0,4.0,3.0,7.0,36.0
5224,RHEA:41648,valid,,48.0,48.0,5.0,4.0,3.0,7.0,33.0
5225,RHEA:41656,valid,,73.0,73.0,12.0,10.0,8.0,18.0,60.0
5226,RHEA:41660,valid,,69.0,69.0,12.0,10.0,8.0,18.0,60.0
5227,RHEA:41664,valid,,71.0,71.0,15.0,14.0,8.0,22.0,74.0
5228,RHEA:41668,valid,,75.0,75.0,15.0,14.0,8.0,22.0,74.0
5229,RHEA:41672,valid,,53.0,54.0,3.0,2.0,2.0,4.0,22.0
5230,RHEA:41676,valid,,56.0,57.0,3.0,2.0,2.0,4.0,22.0
5231,RHEA:41684,valid,,35.0,36.0,3.0,2.0,2.0,4.0,19.0
5232,RHEA:41688,valid,,37.0,38.0,3.0,2.0,2.0,4.0,18.0
5233,RHEA:41692,valid,,38.0,39.0,3.0,2.0,2.0,4.0,18.0
5234,RHEA:41696,valid,,40.0,41.0,3.0,2.0,2.0,4.0,18.0
5235,RHEA:41700,valid,,41.0,42.0,3.0,2.0,2.0,4.0,18.0
5236,RHEA:41704,valid,,30.0,31.0,3.0,2.0,2.0,4.0,17.0
5237,RHEA:41708,valid,,33.0,34.0,3.0,2.0,2.0,4.0,17.0
5238,RHEA:41712,valid,,20.0,21.0,3.0,2.0,2.0,4.0,19.0
5239,RHEA:41716,valid,,20.0,21.0,3.0,2.0,2.0,4.0,19.0
5240,RHEA:41720,valid,,39.0,40.0,3.0,2.0,2.0,4.0,18.0
5241,RHEA:41724,valid,,47.0,48.0,11.0,7.0,7.0,14.0,57.0
5242,RHEA:41728,valid,,53.0,54.0,11.0,7.0,7.0,14.0,57.0
5243,RHEA:41736,valid,,77.0,78.0,3.0,2.0,2.0,4.0,22.0
5244,RHEA:41740,valid,,102.0,104.0,10.0,6.0,4.0,10.0,31.0
5245,RHEA:41744,valid,,52.0,53.0,3.0,2.0,2.0,4.0,22.0
5246,RHEA:41748,valid,,54.0,55.0,3.0,2.0,2.0,4.0,22.0
5247,RHEA:41752,valid,,53.0,54.0,3.0,2.0,2.0,4.0,18.0
5248,RHEA:41756,valid,,23.0,23.0,5.0,4.0,2.0,6.0,28.0
5249,RHEA:41760,valid,,107.0,108.0,4.0,4.0,1.0,5.0,27.0
5250,RHEA:41764,valid,,127.0,128.0,3.0,2.0,2.0,4.0,22.0
5251,RHEA:41768,zero_fallback,missing_mapping,,,,,,,
5252,RHEA:41772,zero_fallback,missing_mapping,,,,,,,
5253,RHEA:41776,valid,,117.0,118.0,4.0,4.0,1.0,5.0,27.0
5254,RHEA:41780,valid,,62.0,63.0,3.0,2.0,2.0,4.0,22.0
5255,RHEA:41784,valid,,128.0,129.0,4.0,4.0,1.0,5.0,27.0
5256,RHEA:41788,valid,,80.0,80.0,4.0,4.0,0.0,4.0,14.0
5257,RHEA:41792,valid,,83.0,83.0,3.0,2.0,2.0,4.0,22.0
5258,RHEA:41796,valid,,60.0,60.0,4.0,4.0,0.0,4.0,22.0
5259,RHEA:41800,valid,,67.0,67.0,7.0,7.0,2.0,9.0,39.0
5260,RHEA:41804,valid,,83.0,83.0,8.0,7.0,8.0,15.0,48.0
5261,RHEA:41808,valid,,35.0,35.0,3.0,2.0,2.0,4.0,18.0
5262,RHEA:41812,valid,,82.0,82.0,8.0,7.0,8.0,15.0,47.0
5263,RHEA:41816,valid,,125.0,126.0,5.0,4.0,2.0,6.0,32.0
5264,RHEA:41820,valid,,69.0,69.0,7.0,6.0,2.0,8.0,39.0
5265,RHEA:41824,valid,,85.0,85.0,8.0,7.0,8.0,15.0,48.0
5266,RHEA:41828,valid,,37.0,37.0,3.0,2.0,2.0,4.0,18.0
5267,RHEA:41832,valid,,84.0,84.0,8.0,7.0,8.0,15.0,47.0
5268,RHEA:41836,valid,,71.0,71.0,5.0,4.0,2.0,6.0,32.0
5269,RHEA:41840,valid,,87.0,87.0,8.0,7.0,8.0,15.0,48.0
5270,RHEA:41844,valid,,39.0,39.0,3.0,2.0,2.0,4.0,18.0
5271,RHEA:41848,valid,,86.0,86.0,8.0,7.0,8.0,15.0,47.0
5272,RHEA:41852,valid,,73.0,73.0,5.0,4.0,2.0,6.0,32.0
5273,RHEA:41856,valid,,89.0,89.0,8.0,7.0,8.0,15.0,48.0
5274,RHEA:41860,valid,,41.0,41.0,3.0,2.0,2.0,4.0,18.0
5275,RHEA:41864,valid,,88.0,88.0,8.0,7.0,8.0,15.0,47.0
5276,RHEA:41868,valid,,75.0,75.0,5.0,4.0,2.0,6.0,32.0
5277,RHEA:41872,valid,,91.0,91.0,8.0,7.0,8.0,15.0,48.0
5278,RHEA:41876,valid,,43.0,43.0,3.0,2.0,2.0,4.0,18.0
5279,RHEA:41880,valid,,90.0,90.0,8.0,7.0,8.0,15.0,47.0
5280,RHEA:41884,valid,,77.0,77.0,5.0,4.0,2.0,6.0,32.0
5281,RHEA:41888,valid,,93.0,93.0,8.0,7.0,8.0,15.0,48.0
5282,RHEA:41892,valid,,45.0,45.0,3.0,2.0,2.0,4.0,18.0
5283,RHEA:41896,valid,,92.0,92.0,8.0,7.0,8.0,15.0,47.0
5284,RHEA:41900,valid,,79.0,79.0,5.0,4.0,2.0,6.0,32.0
5285,RHEA:41904,valid,,95.0,95.0,8.0,7.0,8.0,15.0,48.0
5286,RHEA:41908,valid,,47.0,47.0,3.0,2.0,2.0,4.0,18.0
5287,RHEA:41912,valid,,94.0,94.0,8.0,7.0,8.0,15.0,47.0
5288,RHEA:41916,valid,,81.0,81.0,5.0,4.0,2.0,6.0,32.0
5289,RHEA:41920,valid,,97.0,97.0,8.0,7.0,8.0,15.0,48.0
5290,RHEA:41924,valid,,49.0,49.0,3.0,2.0,2.0,4.0,18.0
5291,RHEA:41928,valid,,96.0,96.0,8.0,7.0,8.0,15.0,47.0
5292,RHEA:41932,valid,,47.0,48.0,3.0,2.0,2.0,4.0,19.0
5293,RHEA:41936,valid,,121.0,122.0,4.0,4.0,1.0,5.0,27.0
5294,RHEA:41940,valid,,53.0,54.0,6.0,4.0,3.0,7.0,34.0
5295,RHEA:41944,valid,,52.0,52.0,4.0,4.0,0.0,4.0,26.0
5296,RHEA:41948,valid,,73.0,74.0,8.0,7.0,8.0,15.0,50.0
5297,RHEA:41952,valid,,30.0,30.0,4.0,4.0,2.0,6.0,26.0
5298,RHEA:41956,valid,,21.0,22.0,3.0,2.0,2.0,4.0,19.0
5299,RHEA:41960,valid,,96.0,97.0,3.0,2.0,2.0,4.0,21.0
5300,RHEA:41964,valid,,55.0,55.0,4.0,2.0,4.0,6.0,18.0
5301,RHEA:41968,valid,,132.0,133.0,10.0,8.0,4.0,12.0,61.0
5302,RHEA:41972,zero_fallback,missing_mapping,,,,,,,
5303,RHEA:41976,zero_fallback,missing_mapping,,,,,,,
5304,RHEA:41980,valid,,67.0,68.0,8.0,7.0,8.0,15.0,47.0
5305,RHEA:41984,valid,,48.0,49.0,8.0,7.0,8.0,15.0,46.0
5306,RHEA:41988,valid,,67.0,68.0,8.0,7.0,8.0,15.0,47.0
5307,RHEA:41992,valid,,65.0,66.0,8.0,7.0,8.0,15.0,47.0
5308,RHEA:41996,valid,,107.0,108.0,3.0,2.0,2.0,4.0,21.0
5309,RHEA:42000,valid,,82.0,83.0,4.0,4.0,1.0,5.0,27.0
5310,RHEA:42004,valid,,65.0,66.0,8.0,7.0,8.0,15.0,47.0
5311,RHEA:42008,valid,,67.0,68.0,8.0,7.0,8.0,15.0,48.0
5312,RHEA:42012,valid,,70.0,71.0,8.0,7.0,8.0,15.0,48.0
5313,RHEA:42016,valid,,70.0,71.0,8.0,7.0,8.0,15.0,48.0
5314,RHEA:42020,valid,,69.0,70.0,8.0,7.0,8.0,15.0,48.0
5315,RHEA:42024,valid,,72.0,73.0,8.0,7.0,8.0,15.0,46.0
5316,RHEA:42028,valid,,72.0,73.0,8.0,7.0,8.0,15.0,46.0
5317,RHEA:42032,valid,,37.0,37.0,13.0,13.0,5.0,18.0,38.0
5318,RHEA:42036,valid,,72.0,73.0,8.0,7.0,8.0,15.0,46.0
5319,RHEA:42040,valid,,129.0,130.0,3.0,2.0,2.0,4.0,21.0
5320,RHEA:42044,valid,,120.0,121.0,3.0,2.0,2.0,4.0,21.0
5321,RHEA:42048,valid,,98.0,99.0,8.0,7.0,8.0,15.0,48.0
5322,RHEA:42052,valid,,65.0,66.0,8.0,7.0,8.0,15.0,48.0
5323,RHEA:42056,valid,,65.0,66.0,8.0,7.0,8.0,15.0,48.0
5324,RHEA:42060,valid,,65.0,66.0,8.0,7.0,8.0,15.0,48.0
5325,RHEA:42064,valid,,63.0,63.0,11.0,8.0,5.0,13.0,40.0
5326,RHEA:42072,valid,,13.0,13.0,3.0,2.0,2.0,4.0,15.0
5327,RHEA:42080,valid,,66.0,68.0,8.0,7.0,8.0,15.0,47.0
5328,RHEA:42084,valid,,66.0,68.0,8.0,7.0,8.0,15.0,47.0
5329,RHEA:42088,valid,,54.0,56.0,11.0,7.0,7.0,14.0,56.0
5330,RHEA:42092,valid,,54.0,55.0,12.0,7.0,8.0,15.0,59.0
5331,RHEA:42096,valid,,72.0,73.0,7.0,4.0,5.0,9.0,40.0
5332,RHEA:42100,valid,,73.0,74.0,7.0,4.0,5.0,9.0,40.0
5333,RHEA:42108,valid,,67.0,68.0,8.0,7.0,8.0,15.0,48.0
5334,RHEA:42112,valid,,71.0,72.0,8.0,7.0,8.0,15.0,48.0
5335,RHEA:42116,valid,,69.0,70.0,8.0,7.0,8.0,15.0,47.0
5336,RHEA:42120,valid,,69.0,70.0,8.0,7.0,8.0,15.0,47.0
5337,RHEA:42124,valid,,65.0,66.0,8.0,7.0,8.0,15.0,47.0
5338,RHEA:42128,valid,,57.0,57.0,4.0,4.0,0.0,4.0,22.0
5339,RHEA:42132,valid,,35.0,35.0,0.0,0.0,0.0,0.0,0.0
5340,RHEA:42136,valid,,43.0,43.0,4.0,4.0,0.0,4.0,22.0
5341,RHEA:42140,valid,,61.0,61.0,4.0,4.0,0.0,4.0,22.0
5342,RHEA:42144,valid,,58.0,58.0,4.0,4.0,0.0,4.0,22.0
5343,RHEA:42148,valid,,44.0,44.0,4.0,4.0,0.0,4.0,22.0
5344,RHEA:42156,valid,,69.0,69.0,8.0,7.0,8.0,15.0,47.0
5345,RHEA:42160,valid,,72.0,72.0,4.0,2.0,4.0,6.0,13.0
5346,RHEA:42164,valid,,72.0,72.0,4.0,2.0,4.0,6.0,13.0
5347,RHEA:42168,valid,,71.0,72.0,8.0,7.0,8.0,15.0,48.0
5348,RHEA:42176,valid,,67.0,67.0,6.0,2.0,6.0,8.0,20.0
5349,RHEA:42180,valid,,71.0,71.0,6.0,2.0,6.0,8.0,18.0
5350,RHEA:42184,valid,,65.0,66.0,8.0,7.0,8.0,15.0,47.0
5351,RHEA:42188,valid,,65.0,66.0,8.0,7.0,8.0,15.0,47.0
5352,RHEA:42192,valid,,68.0,68.0,6.0,2.0,6.0,8.0,18.0
5353,RHEA:42196,valid,,70.0,70.0,6.0,2.0,6.0,8.0,18.0
5354,RHEA:42200,valid,,73.0,74.0,8.0,7.0,8.0,15.0,46.0
5355,RHEA:42204,valid,,69.0,70.0,8.0,7.0,8.0,15.0,46.0
5356,RHEA:42212,valid,,23.0,24.0,3.0,2.0,2.0,4.0,19.0
5357,RHEA:42216,valid,,109.0,109.0,3.0,2.0,2.0,4.0,20.0
5358,RHEA:42220,valid,,97.0,97.0,3.0,2.0,2.0,4.0,20.0
5359,RHEA:42232,valid,,97.0,97.0,3.0,2.0,2.0,4.0,20.0
5360,RHEA:42236,valid,,97.0,97.0,3.0,2.0,2.0,4.0,20.0
5361,RHEA:42240,valid,,95.0,95.0,3.0,2.0,2.0,4.0,20.0
5362,RHEA:42244,valid,,87.0,87.0,5.0,4.0,2.0,6.0,32.0
5363,RHEA:42248,valid,,88.0,88.0,5.0,4.0,2.0,6.0,32.0
5364,RHEA:42252,valid,,89.0,89.0,5.0,5.0,2.0,7.0,32.0
5365,RHEA:42256,valid,,90.0,90.0,5.0,5.0,2.0,7.0,32.0
5366,RHEA:42260,valid,,91.0,91.0,5.0,5.0,2.0,7.0,32.0
5367,RHEA:42264,valid,,92.0,92.0,5.0,5.0,2.0,7.0,32.0
5368,RHEA:42268,valid,,88.0,88.0,5.0,5.0,2.0,7.0,33.0
5369,RHEA:42272,valid,,89.0,89.0,5.0,4.0,2.0,6.0,32.0
5370,RHEA:42276,valid,,89.0,89.0,5.0,4.0,2.0,6.0,32.0
5371,RHEA:42280,valid,,24.0,24.0,5.0,4.0,2.0,6.0,27.0
5372,RHEA:42284,valid,,24.0,24.0,5.0,4.0,2.0,6.0,28.0
5373,RHEA:42288,valid,,45.0,45.0,5.0,5.0,2.0,7.0,33.0
5374,RHEA:42292,valid,,37.0,37.0,3.0,2.0,2.0,4.0,20.0
5375,RHEA:42296,valid,,45.0,45.0,3.0,2.0,2.0,4.0,20.0
5376,RHEA:42300,valid,,42.0,42.0,3.0,2.0,2.0,4.0,20.0
5377,RHEA:42304,valid,,58.0,58.0,4.0,2.0,3.0,5.0,22.0
5378,RHEA:42308,valid,,44.0,44.0,4.0,2.0,3.0,5.0,22.0
5379,RHEA:42312,valid,,56.0,56.0,8.0,6.0,8.0,14.0,42.0
5380,RHEA:42316,valid,,62.0,63.0,6.0,3.0,4.0,7.0,31.0
5381,RHEA:42320,valid,,36.0,36.0,4.0,2.0,3.0,5.0,22.0
5382,RHEA:42328,valid,,44.0,44.0,4.0,2.0,3.0,5.0,22.0
5383,RHEA:42332,valid,,94.0,95.0,5.0,4.0,2.0,6.0,33.0
5384,RHEA:42336,valid,,24.0,24.0,4.0,1.0,4.0,5.0,15.0
5385,RHEA:42340,valid,,60.0,62.0,8.0,7.0,8.0,15.0,47.0
5386,RHEA:42344,valid,,58.0,58.0,14.0,15.0,14.0,29.0,64.0
5387,RHEA:42348,valid,,90.0,91.0,3.0,2.0,2.0,4.0,22.0
5388,RHEA:42356,valid,,117.0,117.0,7.0,6.0,2.0,8.0,38.0
5389,RHEA:42360,valid,,12.0,12.0,0.0,0.0,0.0,0.0,0.0
5390,RHEA:42368,valid,,56.0,57.0,12.0,7.0,8.0,15.0,60.0
5391,RHEA:42380,valid,,36.0,42.0,10.0,6.0,4.0,10.0,18.0
5392,RHEA:42384,valid,,76.0,78.0,8.0,7.0,8.0,15.0,47.0
5393,RHEA:42388,valid,,71.0,72.0,3.0,2.0,2.0,4.0,22.0
5394,RHEA:42396,valid,,101.0,103.0,6.0,4.0,4.0,8.0,19.0
5395,RHEA:42400,valid,,39.0,39.0,4.0,2.0,2.0,4.0,28.0
5396,RHEA:42408,valid,,42.0,43.0,3.0,2.0,2.0,4.0,22.0
5397,RHEA:42412,valid,,46.0,46.0,5.0,4.0,2.0,6.0,29.0
5398,RHEA:42420,valid,,22.0,22.0,6.0,6.0,2.0,8.0,31.0
5399,RHEA:42424,valid,,10.0,10.0,3.0,2.0,2.0,4.0,18.0
5400,RHEA:42436,valid,,28.0,28.0,4.0,2.0,2.0,4.0,28.0
5401,RHEA:42440,valid,,53.0,54.0,8.0,7.0,8.0,15.0,48.0
5402,RHEA:42448,valid,,57.0,57.0,3.0,2.0,2.0,4.0,17.0
5403,RHEA:42484,valid,,28.0,28.0,4.0,2.0,2.0,4.0,28.0
5404,RHEA:42488,valid,,101.0,101.0,3.0,2.0,2.0,4.0,20.0
5405,RHEA:42520,valid,,22.0,22.0,3.0,2.0,2.0,4.0,22.0
5406,RHEA:42524,valid,,66.0,66.0,9.0,6.0,6.0,12.0,22.0
5407,RHEA:42528,valid,,66.0,66.0,9.0,6.0,6.0,12.0,22.0
5408,RHEA:42532,valid,,22.0,22.0,3.0,2.0,2.0,4.0,22.0
5409,RHEA:42536,valid,,22.0,22.0,3.0,2.0,2.0,4.0,22.0
5410,RHEA:42540,valid,,22.0,22.0,3.0,2.0,2.0,4.0,22.0
5411,RHEA:42544,valid,,22.0,22.0,3.0,2.0,2.0,4.0,22.0
5412,RHEA:42548,valid,,22.0,22.0,3.0,2.0,2.0,4.0,22.0
5413,RHEA:42552,valid,,22.0,22.0,3.0,2.0,2.0,4.0,22.0
5414,RHEA:42556,valid,,22.0,22.0,3.0,2.0,2.0,4.0,22.0
5415,RHEA:42560,valid,,44.0,44.0,6.0,4.0,4.0,8.0,22.0
5416,RHEA:42564,valid,,44.0,44.0,6.0,4.0,4.0,8.0,22.0
5417,RHEA:42580,valid,,61.0,62.0,7.0,4.0,4.0,8.0,42.0
5418,RHEA:42584,valid,,36.0,36.0,4.0,2.0,3.0,5.0,22.0
5419,RHEA:42588,valid,,98.0,98.0,3.0,2.0,2.0,4.0,20.0
5420,RHEA:42592,valid,,94.0,94.0,7.0,6.0,2.0,8.0,37.0
5421,RHEA:42596,valid,,26.0,26.0,11.0,10.0,2.0,12.0,40.0
5422,RHEA:42600,valid,,27.0,27.0,2.0,1.0,2.0,3.0,12.0
5423,RHEA:42604,valid,,45.0,46.0,3.0,2.0,2.0,4.0,18.0
5424,RHEA:42620,valid,,11.0,11.0,4.0,3.0,3.0,6.0,21.0
5425,RHEA:42624,valid,,10.0,10.0,4.0,3.0,3.0,6.0,21.0
5426,RHEA:42628,valid,,49.0,50.0,3.0,2.0,2.0,4.0,20.0
5427,RHEA:42632,valid,,86.0,86.0,7.0,3.0,6.0,9.0,35.0
5428,RHEA:42636,valid,,35.0,35.0,4.0,3.0,3.0,6.0,24.0
5429,RHEA:42644,valid,,73.0,73.0,6.0,4.0,3.0,7.0,34.0
5430,RHEA:42652,valid,,127.0,130.0,12.0,8.0,8.0,16.0,40.0
5431,RHEA:42656,valid,,24.0,25.0,3.0,2.0,2.0,4.0,17.0
5432,RHEA:42660,valid,,83.0,84.0,8.0,7.0,8.0,15.0,46.0
5433,RHEA:42664,valid,,58.0,59.0,10.0,9.0,10.0,19.0,58.0
5434,RHEA:42668,valid,,59.0,60.0,8.0,7.0,8.0,15.0,46.0
5435,RHEA:42672,valid,,32.0,32.0,4.0,3.0,3.0,6.0,23.0
5436,RHEA:42684,valid,,32.0,32.0,3.0,2.0,2.0,4.0,19.0
5437,RHEA:42688,valid,,23.0,23.0,6.0,4.0,5.0,9.0,39.0
5438,RHEA:42700,valid,,41.0,42.0,3.0,2.0,2.0,4.0,17.0
5439,RHEA:42704,valid,,23.0,23.0,4.0,3.0,3.0,6.0,23.0
5440,RHEA:42708,valid,,52.0,52.0,3.0,2.0,2.0,4.0,19.0
5441,RHEA:42712,valid,,49.0,50.0,3.0,2.0,2.0,4.0,20.0
5442,RHEA:42716,valid,,50.0,50.0,9.0,7.0,5.0,12.0,51.0
5443,RHEA:42720,valid,,49.0,50.0,3.0,2.0,2.0,4.0,19.0
5444,RHEA:42724,valid,,52.0,53.0,3.0,2.0,2.0,4.0,19.0
5445,RHEA:42728,valid,,49.0,50.0,3.0,2.0,2.0,4.0,19.0
5446,RHEA:42732,valid,,52.0,52.0,3.0,2.0,2.0,4.0,19.0
5447,RHEA:42736,valid,,52.0,53.0,3.0,2.0,2.0,4.0,20.0
5448,RHEA:42740,valid,,52.0,53.0,3.0,2.0,2.0,4.0,20.0
5449,RHEA:42744,valid,,52.0,53.0,3.0,2.0,2.0,4.0,20.0
5450,RHEA:42748,valid,,49.0,50.0,3.0,2.0,2.0,4.0,20.0
5451,RHEA:42752,valid,,49.0,50.0,3.0,2.0,2.0,4.0,20.0
5452,RHEA:42756,valid,,49.0,50.0,3.0,2.0,2.0,4.0,20.0
5453,RHEA:42760,valid,,55.0,57.0,8.0,7.0,8.0,15.0,47.0
5454,RHEA:42768,valid,,54.0,55.0,8.0,7.0,8.0,15.0,48.0
5455,RHEA:42772,valid,,52.0,52.0,3.0,2.0,2.0,4.0,19.0
5456,RHEA:42776,valid,,51.0,52.0,5.0,3.0,2.0,5.0,31.0
5457,RHEA:42780,zero_fallback,missing_mapping,,,,,,,
5458,RHEA:42784,valid,,78.0,80.0,5.0,4.0,3.0,7.0,20.0
5459,RHEA:42788,valid,,49.0,50.0,3.0,2.0,2.0,4.0,19.0
5460,RHEA:42792,valid,,93.0,93.0,3.0,2.0,2.0,4.0,20.0
5461,RHEA:42796,valid,,95.0,95.0,3.0,2.0,2.0,4.0,20.0
5462,RHEA:42800,zero_fallback,missing_mapping,,,,,,,
5463,RHEA:42804,valid,,54.0,56.0,5.0,3.0,2.0,5.0,21.0
5464,RHEA:42812,valid,,95.0,95.0,3.0,2.0,2.0,4.0,20.0
5465,RHEA:42816,valid,,97.0,97.0,3.0,2.0,2.0,4.0,20.0
5466,RHEA:42820,valid,,131.0,131.0,24.0,28.0,23.0,51.0,88.0
5467,RHEA:42828,valid,,25.0,25.0,5.0,2.0,5.0,7.0,23.0
5468,RHEA:42832,valid,,15.0,15.0,5.0,4.0,2.0,6.0,30.0
5469,RHEA:42836,zero_fallback,missing_mapping,,,,,,,
5470,RHEA:42840,zero_fallback,missing_mapping,,,,,,,
5471,RHEA:42844,zero_fallback,missing_mapping,,,,,,,
5472,RHEA:42848,valid,,68.0,69.0,3.0,2.0,2.0,4.0,22.0
5473,RHEA:42852,zero_fallback,missing_mapping,,,,,,,
5474,RHEA:42856,valid,,33.0,34.0,3.0,2.0,2.0,4.0,18.0
5475,RHEA:42860,valid,,29.0,29.0,4.0,2.0,3.0,5.0,22.0
5476,RHEA:42864,valid,,33.0,34.0,3.0,2.0,2.0,4.0,22.0
5477,RHEA:42868,valid,,37.0,39.0,4.0,2.0,3.0,5.0,26.0
5478,RHEA:42884,valid,,41.0,42.0,3.0,2.0,2.0,4.0,22.0
5479,RHEA:42888,valid,,45.0,46.0,3.0,2.0,2.0,4.0,22.0
5480,RHEA:42892,valid,,19.0,19.0,3.0,2.0,2.0,4.0,16.0
5481,RHEA:42896,valid,,38.0,39.0,3.0,2.0,2.0,4.0,20.0
5482,RHEA:42900,valid,,52.0,53.0,3.0,2.0,2.0,4.0,20.0
5483,RHEA:42904,valid,,52.0,53.0,3.0,2.0,2.0,4.0,20.0
5484,RHEA:42908,valid,,49.0,50.0,3.0,2.0,2.0,4.0,20.0
5485,RHEA:42912,valid,,49.0,50.0,3.0,2.0,2.0,4.0,20.0
5486,RHEA:42916,valid,,86.0,86.0,7.0,3.0,6.0,9.0,35.0
5487,RHEA:42920,valid,,49.0,50.0,3.0,2.0,2.0,4.0,20.0
5488,RHEA:42924,valid,,49.0,50.0,3.0,2.0,2.0,4.0,19.0
5489,RHEA:42928,valid,,49.0,50.0,3.0,2.0,2.0,4.0,20.0
5490,RHEA:42932,valid,,49.0,50.0,3.0,2.0,2.0,4.0,19.0
5491,RHEA:42936,valid,,49.0,50.0,3.0,2.0,2.0,4.0,19.0
5492,RHEA:42940,valid,,49.0,50.0,3.0,2.0,2.0,4.0,20.0
5493,RHEA:42944,valid,,49.0,50.0,3.0,2.0,2.0,4.0,20.0
5494,RHEA:42948,valid,,49.0,50.0,3.0,2.0,2.0,4.0,20.0
5495,RHEA:42952,valid,,49.0,50.0,3.0,2.0,2.0,4.0,20.0
5496,RHEA:42956,valid,,49.0,50.0,3.0,2.0,2.0,4.0,20.0
5497,RHEA:42960,valid,,46.0,46.0,8.0,6.0,8.0,14.0,38.0
5498,RHEA:42968,valid,,49.0,50.0,3.0,2.0,2.0,4.0,19.0
5499,RHEA:42972,valid,,40.0,40.0,3.0,2.0,2.0,4.0,22.0
5500,RHEA:42984,valid,,9.0,9.0,2.0,0.0,2.0,2.0,14.0
5501,RHEA:42988,valid,,29.0,29.0,4.0,2.0,3.0,5.0,29.0
5502,RHEA:42992,valid,,30.0,30.0,14.0,15.0,6.0,21.0,77.0
5503,RHEA:42996,valid,,29.0,29.0,8.0,6.0,5.0,11.0,49.0
5504,RHEA:43000,valid,,30.0,30.0,12.0,11.0,4.0,15.0,66.0
5505,RHEA:43040,valid,,84.0,85.0,3.0,2.0,2.0,4.0,22.0
5506,RHEA:43044,valid,,86.0,87.0,3.0,2.0,2.0,4.0,22.0
5507,RHEA:43048,valid,,12.0,12.0,0.0,0.0,0.0,0.0,0.0
5508,RHEA:43052,valid,,86.0,86.0,6.0,4.0,3.0,7.0,36.0
5509,RHEA:43056,zero_fallback,missing_mapping,,,,,,,
5510,RHEA:43060,valid,,22.0,22.0,3.0,2.0,2.0,4.0,22.0
5511,RHEA:43064,valid,,59.0,59.0,3.0,2.0,2.0,4.0,19.0
5512,RHEA:43068,valid,,130.0,134.0,34.0,22.0,20.0,42.0,71.0
5513,RHEA:43072,valid,,64.0,65.0,11.0,7.0,7.0,14.0,57.0
5514,RHEA:43076,valid,,65.0,66.0,12.0,7.0,8.0,15.0,59.0
5515,RHEA:43080,valid,,65.0,67.0,11.0,7.0,7.0,14.0,55.0
5516,RHEA:43084,valid,,49.0,50.0,3.0,2.0,2.0,4.0,19.0
5517,RHEA:43088,valid,,55.0,56.0,3.0,2.0,2.0,4.0,19.0
5518,RHEA:43092,valid,,49.0,50.0,3.0,2.0,2.0,4.0,19.0
5519,RHEA:43096,valid,,52.0,53.0,3.0,2.0,2.0,4.0,20.0
5520,RHEA:43100,valid,,49.0,50.0,3.0,2.0,2.0,4.0,19.0
5521,RHEA:43108,valid,,5.0,7.0,4.0,1.0,4.0,5.0,13.0
5522,RHEA:43116,valid,,34.0,34.0,5.0,2.0,5.0,7.0,19.0
5523,RHEA:43120,valid,,23.0,23.0,7.0,6.0,2.0,8.0,37.0
5524,RHEA:43124,valid,,79.0,81.0,5.0,4.0,3.0,7.0,20.0
5525,RHEA:43128,valid,,52.0,53.0,3.0,2.0,2.0,4.0,20.0
5526,RHEA:43136,zero_fallback,missing_mapping,,,,,,,
5527,RHEA:43140,valid,,79.0,81.0,5.0,4.0,3.0,7.0,20.0
5528,RHEA:43144,valid,,51.0,52.0,5.0,3.0,2.0,5.0,31.0
5529,RHEA:43148,valid,,51.0,52.0,5.0,3.0,2.0,5.0,31.0
5530,RHEA:43152,valid,,51.0,52.0,5.0,3.0,2.0,5.0,31.0
5531,RHEA:43156,valid,,52.0,53.0,3.0,2.0,2.0,4.0,20.0
5532,RHEA:43160,valid,,51.0,52.0,3.0,2.0,2.0,4.0,20.0
5533,RHEA:43164,valid,,38.0,38.0,3.0,2.0,2.0,4.0,22.0
5534,RHEA:43168,valid,,25.0,25.0,11.0,12.0,11.0,23.0,58.0
5535,RHEA:43172,valid,,52.0,52.0,3.0,2.0,2.0,4.0,19.0
5536,RHEA:43176,valid,,49.0,50.0,3.0,2.0,2.0,4.0,20.0
5537,RHEA:43180,valid,,49.0,50.0,3.0,2.0,2.0,4.0,20.0
5538,RHEA:43184,valid,,49.0,50.0,3.0,2.0,2.0,4.0,20.0
5539,RHEA:43188,valid,,49.0,50.0,3.0,2.0,2.0,4.0,20.0
5540,RHEA:43192,valid,,49.0,50.0,3.0,2.0,2.0,4.0,19.0
5541,RHEA:43196,valid,,51.0,52.0,3.0,2.0,2.0,4.0,19.0
5542,RHEA:43200,valid,,49.0,50.0,3.0,2.0,2.0,4.0,19.0
5543,RHEA:43204,valid,,49.0,50.0,3.0,2.0,2.0,4.0,19.0
5544,RHEA:43208,valid,,53.0,53.0,3.0,2.0,2.0,4.0,20.0
5545,RHEA:43212,valid,,51.0,52.0,3.0,2.0,2.0,4.0,19.0
5546,RHEA:43216,valid,,65.0,65.0,6.0,4.0,4.0,8.0,35.0
5547,RHEA:43220,valid,,52.0,53.0,3.0,2.0,2.0,4.0,20.0
5548,RHEA:43224,valid,,81.0,81.0,3.0,2.0,2.0,4.0,20.0
5549,RHEA:43232,valid,,12.0,13.0,3.0,2.0,2.0,4.0,19.0
5550,RHEA:43236,valid,,45.0,45.0,4.0,2.0,3.0,5.0,22.0
5551,RHEA:43240,valid,,49.0,49.0,4.0,2.0,3.0,5.0,22.0
5552,RHEA:43244,valid,,49.0,49.0,4.0,2.0,3.0,5.0,22.0
5553,RHEA:43248,valid,,53.0,53.0,4.0,2.0,3.0,5.0,22.0
5554,RHEA:43252,valid,,57.0,57.0,4.0,2.0,3.0,5.0,22.0
5555,RHEA:43256,valid,,47.0,47.0,4.0,2.0,3.0,5.0,22.0
5556,RHEA:43260,valid,,49.0,49.0,4.0,2.0,3.0,5.0,22.0
5557,RHEA:43264,valid,,102.0,102.0,3.0,2.0,2.0,4.0,20.0
5558,RHEA:43268,valid,,91.0,92.0,3.0,2.0,2.0,4.0,22.0
5559,RHEA:43272,valid,,111.0,112.0,3.0,2.0,2.0,4.0,22.0
5560,RHEA:43276,valid,,136.0,137.0,5.0,4.0,2.0,6.0,32.0
5561,RHEA:43280,valid,,51.0,51.0,4.0,2.0,3.0,5.0,22.0
5562,RHEA:43284,valid,,49.0,49.0,4.0,2.0,3.0,5.0,22.0
5563,RHEA:43288,valid,,49.0,49.0,4.0,2.0,3.0,5.0,22.0
5564,RHEA:43292,valid,,51.0,51.0,4.0,2.0,3.0,5.0,22.0
5565,RHEA:43296,valid,,53.0,53.0,4.0,2.0,3.0,5.0,22.0
5566,RHEA:43300,valid,,117.0,118.0,3.0,2.0,2.0,4.0,22.0
5567,RHEA:43304,valid,,52.0,53.0,3.0,2.0,2.0,4.0,22.0
5568,RHEA:43308,valid,,54.0,55.0,3.0,2.0,2.0,4.0,22.0
5569,RHEA:43312,valid,,59.0,60.0,3.0,2.0,2.0,4.0,22.0
5570,RHEA:43316,valid,,58.0,59.0,3.0,2.0,2.0,4.0,22.0
5571,RHEA:43320,valid,,62.0,62.0,4.0,4.0,0.0,4.0,22.0
5572,RHEA:43324,valid,,74.0,74.0,4.0,4.0,0.0,4.0,22.0
5573,RHEA:43328,valid,,58.0,59.0,3.0,2.0,2.0,4.0,22.0
5574,RHEA:43332,valid,,86.0,86.0,7.0,3.0,6.0,9.0,35.0
5575,RHEA:43336,valid,,34.0,34.0,3.0,2.0,2.0,4.0,19.0
5576,RHEA:43340,valid,,43.0,43.0,6.0,4.0,3.0,7.0,33.0
5577,RHEA:43344,valid,,41.0,41.0,5.0,4.0,1.0,5.0,31.0
5578,RHEA:43368,zero_fallback,missing_mapping,,,,,,,
5579,RHEA:43380,valid,,18.0,18.0,4.0,2.0,3.0,5.0,23.0
5580,RHEA:43384,valid,,44.0,45.0,3.0,2.0,2.0,4.0,22.0
5581,RHEA:43388,valid,,21.0,21.0,4.0,2.0,3.0,5.0,22.0
5582,RHEA:43392,valid,,25.0,25.0,4.0,2.0,3.0,5.0,22.0
5583,RHEA:43396,valid,,100.0,101.0,6.0,6.0,1.0,7.0,32.0
5584,RHEA:43400,valid,,65.0,66.0,3.0,2.0,2.0,4.0,22.0
5585,RHEA:43404,valid,,65.0,66.0,3.0,2.0,2.0,4.0,22.0
5586,RHEA:43412,valid,,22.0,22.0,3.0,2.0,2.0,4.0,18.0
5587,RHEA:43416,valid,,73.0,74.0,3.0,2.0,2.0,4.0,22.0
5588,RHEA:43420,valid,,73.0,74.0,3.0,2.0,2.0,4.0,22.0
5589,RHEA:43424,valid,,75.0,76.0,3.0,2.0,2.0,4.0,22.0
5590,RHEA:43428,valid,,59.0,60.0,3.0,2.0,2.0,4.0,22.0
5591,RHEA:43432,valid,,7.0,9.0,4.0,1.0,4.0,5.0,16.0
5592,RHEA:43436,valid,,54.0,54.0,30.0,25.0,16.0,41.0,60.0
5593,RHEA:43440,valid,,39.0,39.0,3.0,2.0,2.0,4.0,19.0
5594,RHEA:43444,valid,,67.0,68.0,3.0,2.0,2.0,4.0,22.0
5595,RHEA:43448,valid,,118.0,118.0,10.0,6.0,6.0,12.0,52.0
5596,RHEA:43452,zero_fallback,missing_mapping,,,,,,,
5597,RHEA:43456,valid,,107.0,107.0,10.0,6.0,6.0,12.0,52.0
5598,RHEA:43460,zero_fallback,missing_mapping,,,,,,,
5599,RHEA:43464,valid,,108.0,108.0,10.0,6.0,6.0,12.0,52.0
5600,RHEA:43468,valid,,24.0,24.0,5.0,4.0,2.0,6.0,27.0
5601,RHEA:43472,valid,,26.0,26.0,5.0,4.0,2.0,6.0,27.0
5602,RHEA:43476,valid,,22.0,22.0,5.0,4.0,2.0,6.0,27.0
5603,RHEA:43480,valid,,25.0,25.0,5.0,4.0,2.0,6.0,27.0
5604,RHEA:43484,valid,,28.0,29.0,3.0,2.0,2.0,4.0,19.0
5605,RHEA:43500,valid,,57.0,58.0,8.0,7.0,8.0,15.0,46.0
5606,RHEA:43524,valid,,56.0,56.0,11.0,9.0,10.0,19.0,62.0
5607,RHEA:43532,valid,,19.0,19.0,4.0,2.0,3.0,5.0,22.0
5608,RHEA:43536,valid,,20.0,20.0,10.0,10.0,9.0,19.0,52.0
5609,RHEA:43540,valid,,39.0,40.0,3.0,2.0,2.0,4.0,22.0
5610,RHEA:43544,valid,,51.0,52.0,6.0,4.0,3.0,7.0,34.0
5611,RHEA:43548,valid,,52.0,52.0,3.0,2.0,2.0,4.0,17.0
5612,RHEA:43552,valid,,52.0,52.0,3.0,2.0,2.0,4.0,17.0
5613,RHEA:43556,valid,,68.0,68.0,3.0,2.0,2.0,4.0,17.0
5614,RHEA:43560,valid,,68.0,68.0,3.0,2.0,2.0,4.0,17.0
5615,RHEA:43564,valid,,19.0,19.0,4.0,4.0,2.0,6.0,26.0
5616,RHEA:43568,valid,,56.0,58.0,13.0,13.0,10.0,23.0,71.0
5617,RHEA:43572,valid,,14.0,16.0,6.0,4.0,3.0,7.0,22.0
5618,RHEA:43604,valid,,47.0,47.0,12.0,8.0,6.0,14.0,64.0
5619,RHEA:43608,valid,,63.0,65.0,12.0,7.0,8.0,15.0,58.0
5620,RHEA:43612,valid,,49.0,50.0,3.0,2.0,2.0,4.0,20.0
5621,RHEA:43616,valid,,41.0,41.0,5.0,4.0,1.0,5.0,31.0
5622,RHEA:43620,valid,,55.0,55.0,11.0,9.0,10.0,19.0,63.0
5623,RHEA:43628,valid,,51.0,51.0,11.0,9.0,10.0,19.0,63.0
5624,RHEA:43632,valid,,40.0,40.0,4.0,2.0,3.0,5.0,27.0
5625,RHEA:43636,valid,,59.0,59.0,6.0,4.0,4.0,8.0,37.0
5626,RHEA:43640,valid,,96.0,96.0,5.0,5.0,2.0,7.0,32.0
5627,RHEA:43644,valid,,98.0,98.0,5.0,5.0,2.0,7.0,32.0
5628,RHEA:43648,valid,,100.0,100.0,5.0,5.0,2.0,7.0,32.0
5629,RHEA:43652,valid,,94.0,94.0,5.0,5.0,2.0,7.0,32.0
5630,RHEA:43656,valid,,73.0,74.0,3.0,2.0,2.0,4.0,22.0
5631,RHEA:43672,valid,,148.0,148.0,3.0,2.0,2.0,4.0,20.0
5632,RHEA:43676,valid,,148.0,148.0,7.0,4.0,6.0,10.0,39.0
5633,RHEA:43680,valid,,146.0,146.0,13.0,12.0,4.0,16.0,46.0
5634,RHEA:43692,valid,,52.0,53.0,3.0,2.0,2.0,4.0,22.0
5635,RHEA:43696,valid,,34.0,34.0,4.0,2.0,3.0,5.0,26.0
5636,RHEA:43700,valid,,44.0,44.0,3.0,2.0,2.0,4.0,20.0
5637,RHEA:43704,valid,,47.0,47.0,5.0,4.0,1.0,5.0,31.0
5638,RHEA:43708,valid,,49.0,49.0,5.0,4.0,1.0,5.0,31.0
5639,RHEA:43712,valid,,45.0,45.0,5.0,4.0,1.0,5.0,31.0
5640,RHEA:43716,valid,,41.0,41.0,3.0,2.0,2.0,4.0,22.0
5641,RHEA:43720,valid,,45.0,45.0,3.0,2.0,2.0,4.0,20.0
5642,RHEA:43724,valid,,50.0,51.0,12.0,9.0,5.0,14.0,62.0
5643,RHEA:43728,valid,,51.0,52.0,12.0,9.0,5.0,14.0,62.0
5644,RHEA:43732,valid,,16.0,17.0,3.0,2.0,2.0,4.0,17.0
5645,RHEA:43736,valid,,51.0,52.0,3.0,2.0,2.0,4.0,20.0
5646,RHEA:43740,valid,,87.0,87.0,8.0,6.0,3.0,9.0,38.0
5647,RHEA:43744,valid,,63.0,64.0,9.0,5.0,6.0,11.0,55.0
5648,RHEA:43748,valid,,107.0,107.0,6.0,4.0,3.0,7.0,36.0
5649,RHEA:43752,valid,,57.0,58.0,3.0,2.0,2.0,4.0,22.0
5650,RHEA:43756,valid,,57.0,58.0,3.0,2.0,2.0,4.0,22.0
5651,RHEA:43760,valid,,58.0,59.0,3.0,2.0,2.0,4.0,22.0
5652,RHEA:43764,valid,,107.0,107.0,6.0,4.0,3.0,7.0,36.0
5653,RHEA:43772,valid,,52.0,53.0,3.0,2.0,2.0,4.0,20.0
5654,RHEA:43780,valid,,107.0,107.0,10.0,6.0,6.0,12.0,55.0
5655,RHEA:43784,valid,,51.0,52.0,5.0,3.0,2.0,5.0,31.0
5656,RHEA:43788,valid,,105.0,106.0,7.0,4.0,5.0,9.0,41.0
5657,RHEA:43792,valid,,51.0,52.0,5.0,3.0,2.0,5.0,31.0
5658,RHEA:43796,valid,,133.0,133.0,3.0,2.0,2.0,4.0,20.0
5659,RHEA:43800,valid,,133.0,133.0,3.0,2.0,2.0,4.0,20.0
5660,RHEA:43804,valid,,181.0,181.0,4.0,2.0,4.0,6.0,20.0
5661,RHEA:43808,valid,,83.0,83.0,4.0,4.0,0.0,4.0,18.0
5662,RHEA:43812,valid,,87.0,87.0,4.0,4.0,0.0,4.0,18.0
5663,RHEA:43816,valid,,87.0,87.0,4.0,4.0,2.0,6.0,18.0
5664,RHEA:43820,valid,,82.0,82.0,4.0,4.0,0.0,4.0,16.0
5665,RHEA:43824,valid,,79.0,79.0,4.0,4.0,0.0,4.0,18.0
5666,RHEA:43828,valid,,84.0,84.0,4.0,4.0,0.0,4.0,16.0
5667,RHEA:43832,valid,,96.0,96.0,6.0,4.0,3.0,7.0,36.0
5668,RHEA:43836,valid,,78.0,78.0,9.0,8.0,9.0,17.0,51.0
5669,RHEA:43840,valid,,39.0,39.0,6.0,2.0,6.0,8.0,25.0
5670,RHEA:43844,valid,,79.0,79.0,10.0,9.0,9.0,18.0,55.0
5671,RHEA:43848,valid,,21.0,21.0,6.0,3.0,5.0,8.0,26.0
5672,RHEA:43852,valid,,133.0,133.0,7.0,6.0,2.0,8.0,38.0
5673,RHEA:43872,valid,,104.0,104.0,6.0,4.0,3.0,7.0,36.0
5674,RHEA:43876,valid,,105.0,105.0,6.0,4.0,3.0,7.0,36.0
5675,RHEA:43880,valid,,109.0,109.0,6.0,4.0,3.0,7.0,36.0
5676,RHEA:43884,valid,,116.0,117.0,8.0,7.0,8.0,15.0,46.0
5677,RHEA:43892,valid,,8.0,8.0,3.0,2.0,1.0,3.0,16.0
5678,RHEA:43896,valid,,54.0,55.0,11.0,7.0,7.0,14.0,57.0
5679,RHEA:43904,valid,,54.0,56.0,6.0,4.0,1.0,5.0,26.0
5680,RHEA:43908,valid,,33.0,33.0,3.0,2.0,2.0,4.0,18.0
5681,RHEA:43912,valid,,38.0,38.0,5.0,2.0,5.0,7.0,23.0
5682,RHEA:43916,valid,,39.0,39.0,6.0,2.0,6.0,8.0,25.0
5683,RHEA:43920,valid,,39.0,39.0,6.0,3.0,5.0,8.0,27.0
5684,RHEA:43924,valid,,67.0,68.0,8.0,7.0,8.0,15.0,47.0
5685,RHEA:43928,valid,,23.0,23.0,3.0,2.0,2.0,4.0,22.0
5686,RHEA:43932,valid,,65.0,66.0,8.0,7.0,8.0,15.0,47.0
5687,RHEA:43936,valid,,21.0,21.0,3.0,2.0,2.0,4.0,22.0
5688,RHEA:43952,valid,,72.0,72.0,9.0,8.0,9.0,17.0,51.0
5689,RHEA:43956,valid,,69.0,69.0,9.0,8.0,9.0,17.0,51.0
5690,RHEA:43960,valid,,91.0,91.0,3.0,2.0,2.0,4.0,20.0
5691,RHEA:43964,valid,,91.0,91.0,3.0,2.0,2.0,4.0,20.0
5692,RHEA:43968,valid,,53.0,54.0,3.0,2.0,2.0,4.0,18.0
5693,RHEA:43984,valid,,66.0,66.0,9.0,8.0,9.0,17.0,51.0
5694,RHEA:43988,valid,,74.0,74.0,9.0,8.0,9.0,17.0,51.0
5695,RHEA:43992,valid,,71.0,71.0,9.0,8.0,9.0,17.0,51.0
5696,RHEA:44000,valid,,78.0,78.0,6.0,6.0,2.0,8.0,31.0
5697,RHEA:44012,zero_fallback,missing_mapping,,,,,,,
5698,RHEA:44016,valid,,65.0,67.0,8.0,7.0,8.0,15.0,47.0
5699,RHEA:44020,valid,,64.0,66.0,8.0,7.0,8.0,15.0,47.0
5700,RHEA:44024,valid,,62.0,62.0,3.0,2.0,2.0,4.0,18.0
5701,RHEA:44028,valid,,14.0,14.0,4.0,2.0,4.0,6.0,22.0
5702,RHEA:44032,valid,,22.0,22.0,3.0,2.0,2.0,4.0,17.0
5703,RHEA:44036,valid,,22.0,22.0,3.0,2.0,2.0,4.0,17.0
5704,RHEA:44040,valid,,24.0,24.0,3.0,2.0,2.0,4.0,17.0
5705,RHEA:44044,valid,,24.0,24.0,3.0,2.0,2.0,4.0,17.0
5706,RHEA:44048,valid,,24.0,24.0,3.0,2.0,2.0,4.0,17.0
5707,RHEA:44052,valid,,88.0,88.0,3.0,2.0,2.0,4.0,20.0
5708,RHEA:44056,valid,,105.0,105.0,3.0,2.0,2.0,4.0,20.0
5709,RHEA:44060,valid,,92.0,92.0,6.0,6.0,2.0,8.0,34.0
5710,RHEA:44064,valid,,74.0,74.0,3.0,2.0,2.0,4.0,20.0
5711,RHEA:44068,valid,,23.0,24.0,3.0,2.0,2.0,4.0,17.0
5712,RHEA:44072,valid,,41.0,42.0,3.0,2.0,2.0,4.0,22.0
5713,RHEA:44076,valid,,96.0,96.0,6.0,4.0,3.0,7.0,36.0
5714,RHEA:44080,valid,,92.0,92.0,6.0,4.0,3.0,7.0,36.0
5715,RHEA:44084,valid,,98.0,98.0,6.0,4.0,3.0,7.0,36.0
5716,RHEA:44088,valid,,88.0,88.0,6.0,4.0,3.0,7.0,36.0
5717,RHEA:44092,valid,,100.0,100.0,6.0,4.0,3.0,7.0,36.0
5718,RHEA:44096,valid,,76.0,76.0,3.0,2.0,2.0,4.0,20.0
5719,RHEA:44100,valid,,54.0,56.0,8.0,7.0,8.0,15.0,47.0
5720,RHEA:44104,valid,,56.0,58.0,8.0,7.0,8.0,15.0,47.0
5721,RHEA:44108,valid,,53.0,55.0,8.0,7.0,8.0,15.0,47.0
5722,RHEA:44112,valid,,75.0,75.0,3.0,2.0,2.0,4.0,20.0
5723,RHEA:44116,valid,,86.0,86.0,3.0,2.0,2.0,4.0,20.0
5724,RHEA:44120,valid,,84.0,84.0,3.0,2.0,2.0,4.0,20.0
5725,RHEA:44124,valid,,80.0,80.0,3.0,2.0,2.0,4.0,20.0
5726,RHEA:44128,valid,,84.0,84.0,3.0,2.0,2.0,4.0,20.0
5727,RHEA:44132,valid,,58.0,60.0,5.0,4.0,3.0,7.0,22.0
5728,RHEA:44136,valid,,78.0,78.0,3.0,2.0,2.0,4.0,20.0
5729,RHEA:44140,valid,,85.0,85.0,12.0,8.0,6.0,14.0,64.0
5730,RHEA:44144,valid,,60.0,61.0,3.0,2.0,2.0,4.0,22.0
5731,RHEA:44148,valid,,10.0,10.0,3.0,2.0,2.0,4.0,20.0
5732,RHEA:44164,valid,,32.0,32.0,3.0,2.0,2.0,4.0,19.0
5733,RHEA:44168,valid,,58.0,58.0,8.0,7.0,8.0,15.0,47.0
5734,RHEA:44172,valid,,60.0,62.0,8.0,7.0,8.0,15.0,47.0
5735,RHEA:44180,valid,,106.0,106.0,10.0,6.0,6.0,12.0,53.0
5736,RHEA:44184,valid,,18.0,18.0,6.0,4.0,4.0,8.0,38.0
5737,RHEA:44188,valid,,75.0,75.0,3.0,2.0,2.0,4.0,20.0
5738,RHEA:44192,valid,,98.0,98.0,6.0,4.0,3.0,7.0,36.0
5739,RHEA:44196,valid,,93.0,93.0,6.0,4.0,3.0,7.0,36.0
5740,RHEA:44200,valid,,100.0,100.0,6.0,4.0,3.0,7.0,36.0
5741,RHEA:44204,valid,,98.0,98.0,6.0,4.0,3.0,7.0,36.0
5742,RHEA:44208,valid,,95.0,95.0,6.0,4.0,3.0,7.0,36.0
5743,RHEA:44212,valid,,96.0,96.0,6.0,4.0,3.0,7.0,36.0
5744,RHEA:44216,valid,,100.0,100.0,6.0,4.0,3.0,7.0,36.0
5745,RHEA:44220,valid,,97.0,97.0,6.0,4.0,3.0,7.0,36.0
5746,RHEA:44224,valid,,98.0,98.0,7.0,5.0,5.0,10.0,42.0
5747,RHEA:44228,valid,,91.0,91.0,6.0,4.0,3.0,7.0,36.0
5748,RHEA:44232,valid,,95.0,95.0,3.0,2.0,2.0,4.0,20.0
5749,RHEA:44236,valid,,98.0,98.0,3.0,2.0,2.0,4.0,20.0
5750,RHEA:44240,valid,,60.0,62.0,5.0,2.0,3.0,5.0,21.0
5751,RHEA:44244,valid,,79.0,79.0,3.0,2.0,2.0,4.0,20.0
5752,RHEA:44248,valid,,93.0,93.0,3.0,2.0,2.0,4.0,20.0
5753,RHEA:44252,valid,,95.0,95.0,3.0,2.0,2.0,4.0,20.0
5754,RHEA:44256,valid,,95.0,95.0,9.0,8.0,2.0,10.0,42.0
5755,RHEA:44260,zero_fallback,missing_mapping,,,,,,,
5756,RHEA:44264,zero_fallback,missing_mapping,,,,,,,
5757,RHEA:44268,zero_fallback,missing_mapping,,,,,,,
5758,RHEA:44272,zero_fallback,missing_mapping,,,,,,,
5759,RHEA:44276,zero_fallback,missing_mapping,,,,,,,
5760,RHEA:44280,zero_fallback,missing_mapping,,,,,,,
5761,RHEA:44284,zero_fallback,missing_mapping,,,,,,,
5762,RHEA:44288,valid,,75.0,76.0,3.0,2.0,2.0,4.0,22.0
5763,RHEA:44292,valid,,72.0,73.0,3.0,2.0,2.0,4.0,22.0
5764,RHEA:44296,zero_fallback,missing_mapping,,,,,,,
5765,RHEA:44300,zero_fallback,missing_mapping,,,,,,,
5766,RHEA:44308,valid,,95.0,95.0,3.0,2.0,2.0,4.0,20.0
5767,RHEA:44312,valid,,22.0,23.0,3.0,2.0,2.0,4.0,19.0
5768,RHEA:44316,valid,,20.0,21.0,3.0,2.0,2.0,4.0,19.0
5769,RHEA:44320,valid,,18.0,19.0,3.0,2.0,2.0,4.0,19.0
5770,RHEA:44324,valid,,12.0,13.0,3.0,2.0,2.0,4.0,18.0
5771,RHEA:44328,valid,,16.0,17.0,3.0,2.0,2.0,4.0,18.0
5772,RHEA:44332,valid,,51.0,52.0,6.0,4.0,3.0,7.0,34.0
5773,RHEA:44336,valid,,49.0,50.0,6.0,4.0,3.0,7.0,34.0
5774,RHEA:44340,valid,,46.0,46.0,6.0,4.0,4.0,8.0,41.0
5775,RHEA:44344,valid,,53.0,54.0,6.0,4.0,3.0,7.0,34.0
5776,RHEA:44348,valid,,54.0,55.0,6.0,4.0,3.0,7.0,34.0
5777,RHEA:44352,valid,,54.0,55.0,6.0,4.0,3.0,7.0,34.0
5778,RHEA:44356,valid,,29.0,29.0,5.0,2.0,4.0,6.0,31.0
5779,RHEA:44360,valid,,13.0,13.0,4.0,2.0,4.0,6.0,23.0
5780,RHEA:44364,valid,,44.0,45.0,3.0,2.0,2.0,4.0,22.0
5781,RHEA:44368,valid,,99.0,101.0,15.0,13.0,14.0,27.0,45.0
5782,RHEA:44372,valid,,91.0,93.0,15.0,13.0,14.0,27.0,45.0
5783,RHEA:44384,valid,,89.0,89.0,3.0,2.0,2.0,4.0,20.0
5784,RHEA:44388,valid,,91.0,91.0,3.0,2.0,2.0,4.0,20.0
5785,RHEA:44392,valid,,95.0,95.0,3.0,2.0,2.0,4.0,20.0
5786,RHEA:44396,valid,,93.0,93.0,3.0,2.0,2.0,4.0,20.0
5787,RHEA:44408,valid,,20.0,21.0,3.0,2.0,2.0,4.0,17.0
5788,RHEA:44420,valid,,17.0,18.0,3.0,2.0,2.0,4.0,17.0
5789,RHEA:44432,valid,,18.0,18.0,3.0,2.0,2.0,4.0,19.0
5790,RHEA:44436,valid,,21.0,21.0,3.0,2.0,2.0,4.0,20.0
5791,RHEA:44440,valid,,21.0,21.0,3.0,2.0,2.0,4.0,19.0
5792,RHEA:44448,valid,,86.0,86.0,5.0,5.0,2.0,7.0,31.0
5793,RHEA:44500,valid,,56.0,57.0,3.0,2.0,2.0,4.0,18.0
5794,RHEA:44516,valid,,55.0,56.0,3.0,2.0,2.0,4.0,18.0
5795,RHEA:44520,valid,,56.0,57.0,3.0,2.0,2.0,4.0,18.0
5796,RHEA:44524,valid,,52.0,53.0,3.0,2.0,2.0,4.0,18.0
5797,RHEA:44528,valid,,58.0,59.0,3.0,2.0,2.0,4.0,18.0
5798,RHEA:44540,valid,,53.0,54.0,3.0,2.0,2.0,4.0,18.0
5799,RHEA:44552,valid,,34.0,35.0,3.0,2.0,2.0,4.0,19.0
5800,RHEA:44564,valid,,69.0,69.0,4.0,2.0,3.0,5.0,29.0
5801,RHEA:44584,valid,,35.0,36.0,3.0,2.0,2.0,4.0,19.0
5802,RHEA:44588,valid,,41.0,42.0,3.0,2.0,2.0,4.0,19.0
5803,RHEA:44604,valid,,20.0,21.0,3.0,2.0,2.0,4.0,17.0
5804,RHEA:44620,valid,,46.0,46.0,4.0,4.0,0.0,4.0,22.0
5805,RHEA:44624,valid,,82.0,83.0,8.0,7.0,8.0,15.0,47.0
5806,RHEA:44628,valid,,58.0,59.0,8.0,7.0,8.0,15.0,45.0
5807,RHEA:44632,valid,,61.0,62.0,5.0,4.0,3.0,7.0,30.0
5808,RHEA:44636,valid,,15.0,16.0,3.0,2.0,2.0,4.0,16.0
5809,RHEA:44640,valid,,48.0,48.0,4.0,4.0,0.0,4.0,22.0
5810,RHEA:44644,valid,,22.0,23.0,4.0,2.0,3.0,5.0,24.0
5811,RHEA:44648,valid,,17.0,18.0,3.0,2.0,2.0,4.0,17.0
5812,RHEA:44664,valid,,21.0,23.0,7.0,5.0,1.0,6.0,31.0
5813,RHEA:44672,valid,,23.0,24.0,3.0,2.0,2.0,4.0,17.0
5814,RHEA:44676,valid,,32.0,33.0,8.0,5.0,1.0,6.0,29.0
5815,RHEA:44680,valid,,58.0,59.0,4.0,4.0,1.0,5.0,27.0
5816,RHEA:44704,valid,,106.0,106.0,10.0,6.0,6.0,12.0,52.0
5817,RHEA:44716,valid,,33.0,36.0,5.0,3.0,2.0,5.0,18.0
5818,RHEA:44720,valid,,20.0,21.0,3.0,2.0,2.0,4.0,19.0
5819,RHEA:44728,valid,,28.0,29.0,3.0,2.0,2.0,4.0,19.0
5820,RHEA:44732,valid,,26.0,27.0,3.0,2.0,2.0,4.0,18.0
5821,RHEA:44736,valid,,61.0,61.0,3.0,2.0,2.0,4.0,22.0
5822,RHEA:44740,valid,,76.0,77.0,3.0,2.0,2.0,4.0,19.0
5823,RHEA:44744,zero_fallback,missing_mapping,,,,,,,
5824,RHEA:44748,valid,,46.0,47.0,3.0,2.0,2.0,4.0,22.0
5825,RHEA:44828,valid,,70.0,70.0,3.0,2.0,2.0,4.0,20.0
5826,RHEA:44832,valid,,74.0,74.0,3.0,2.0,2.0,4.0,20.0
5827,RHEA:44840,valid,,78.0,78.0,3.0,2.0,2.0,4.0,20.0
5828,RHEA:44844,valid,,80.0,80.0,3.0,2.0,2.0,4.0,20.0
5829,RHEA:44848,valid,,74.0,74.0,3.0,2.0,2.0,4.0,20.0
5830,RHEA:44852,valid,,74.0,74.0,3.0,2.0,2.0,4.0,20.0
5831,RHEA:44856,valid,,78.0,78.0,3.0,2.0,2.0,4.0,20.0
5832,RHEA:44860,valid,,71.0,71.0,3.0,2.0,2.0,4.0,20.0
5833,RHEA:44864,valid,,16.0,17.0,3.0,2.0,2.0,4.0,19.0
5834,RHEA:44868,valid,,25.0,25.0,3.0,2.0,2.0,4.0,22.0
5835,RHEA:44872,valid,,51.0,52.0,3.0,2.0,2.0,4.0,19.0
5836,RHEA:44880,valid,,40.0,41.0,3.0,2.0,2.0,4.0,22.0
5837,RHEA:44884,valid,,37.0,38.0,3.0,2.0,2.0,4.0,19.0
5838,RHEA:44912,valid,,103.0,103.0,10.0,9.0,8.0,17.0,55.0
5839,RHEA:44916,valid,,107.0,107.0,10.0,9.0,8.0,17.0,55.0
5840,RHEA:44920,valid,,119.0,119.0,10.0,9.0,8.0,17.0,55.0
5841,RHEA:44924,valid,,63.0,64.0,6.0,4.0,4.0,8.0,36.0
5842,RHEA:44928,valid,,64.0,65.0,6.0,4.0,4.0,8.0,36.0
5843,RHEA:44932,valid,,103.0,103.0,6.0,4.0,3.0,7.0,36.0
5844,RHEA:44936,valid,,99.0,99.0,6.0,4.0,3.0,7.0,36.0
5845,RHEA:44952,valid,,105.0,105.0,8.0,7.0,8.0,15.0,47.0
5846,RHEA:44956,valid,,103.0,103.0,8.0,7.0,8.0,15.0,47.0
5847,RHEA:44960,valid,,107.0,107.0,8.0,7.0,8.0,15.0,47.0
5848,RHEA:44964,valid,,109.0,109.0,8.0,7.0,8.0,15.0,47.0
5849,RHEA:44968,valid,,111.0,111.0,8.0,7.0,8.0,15.0,47.0
5850,RHEA:44972,valid,,66.0,66.0,3.0,2.0,2.0,4.0,20.0
5851,RHEA:44976,valid,,63.0,63.0,3.0,2.0,2.0,4.0,20.0
5852,RHEA:44980,valid,,64.0,64.0,3.0,2.0,2.0,4.0,20.0
5853,RHEA:44984,valid,,65.0,65.0,3.0,2.0,2.0,4.0,20.0
5854,RHEA:44988,valid,,64.0,64.0,3.0,2.0,2.0,4.0,20.0
5855,RHEA:44992,valid,,65.0,65.0,3.0,2.0,2.0,4.0,20.0
5856,RHEA:44996,valid,,65.0,65.0,3.0,2.0,2.0,4.0,20.0
5857,RHEA:45000,valid,,65.0,65.0,3.0,2.0,2.0,4.0,20.0
5858,RHEA:45004,valid,,69.0,69.0,3.0,2.0,2.0,4.0,20.0
5859,RHEA:45008,valid,,41.0,41.0,3.0,2.0,2.0,4.0,19.0
5860,RHEA:45020,valid,,38.0,39.0,3.0,2.0,2.0,4.0,20.0
5861,RHEA:45024,valid,,78.0,78.0,10.0,8.0,10.0,18.0,52.0
5862,RHEA:45028,valid,,109.0,109.0,10.0,6.0,6.0,12.0,55.0
5863,RHEA:45032,valid,,7.0,12.0,7.0,1.0,7.0,8.0,17.0
5864,RHEA:45036,valid,,5.0,8.0,5.0,1.0,5.0,6.0,12.0
5865,RHEA:45048,valid,,5.0,5.0,3.0,2.0,2.0,4.0,14.0
5866,RHEA:45056,valid,,29.0,30.0,4.0,2.0,3.0,5.0,22.0
5867,RHEA:45060,valid,,24.0,24.0,3.0,2.0,2.0,4.0,19.0
5868,RHEA:45064,valid,,22.0,22.0,3.0,2.0,2.0,4.0,19.0
5869,RHEA:45072,valid,,100.0,101.0,11.0,7.0,7.0,14.0,57.0
5870,RHEA:45076,valid,,100.0,101.0,11.0,7.0,7.0,14.0,57.0
5871,RHEA:45080,valid,,54.0,55.0,6.0,4.0,3.0,7.0,34.0
5872,RHEA:45084,valid,,47.0,48.0,11.0,7.0,7.0,14.0,57.0
5873,RHEA:45088,valid,,29.0,29.0,3.0,2.0,2.0,4.0,22.0
5874,RHEA:45092,valid,,31.0,31.0,3.0,2.0,2.0,4.0,19.0
5875,RHEA:45096,valid,,69.0,69.0,6.0,2.0,6.0,8.0,18.0
5876,RHEA:45100,valid,,51.0,51.0,3.0,2.0,2.0,4.0,20.0
5877,RHEA:45104,valid,,51.0,51.0,3.0,2.0,2.0,4.0,20.0
5878,RHEA:45108,valid,,64.0,65.0,11.0,7.0,7.0,14.0,57.0
5879,RHEA:45112,valid,,80.0,80.0,9.0,8.0,9.0,17.0,51.0
5880,RHEA:45116,valid,,59.0,60.0,8.0,7.0,8.0,15.0,48.0
5881,RHEA:45120,valid,,55.0,56.0,8.0,7.0,8.0,15.0,48.0
5882,RHEA:45124,valid,,75.0,76.0,3.0,2.0,2.0,4.0,22.0
5883,RHEA:45128,valid,,49.0,50.0,3.0,2.0,2.0,4.0,18.0
5884,RHEA:45132,valid,,50.0,51.0,3.0,2.0,2.0,4.0,18.0
5885,RHEA:45140,valid,,49.0,49.0,13.0,12.0,9.0,21.0,56.0
5886,RHEA:45144,valid,,56.0,56.0,7.0,6.0,5.0,11.0,34.0
5887,RHEA:45148,valid,,55.0,55.0,3.0,2.0,2.0,4.0,18.0
5888,RHEA:45152,valid,,55.0,55.0,3.0,2.0,2.0,4.0,18.0
5889,RHEA:45156,valid,,54.0,55.0,3.0,2.0,2.0,4.0,19.0
5890,RHEA:45160,valid,,6.0,6.0,3.0,2.0,2.0,4.0,19.0
5891,RHEA:45164,valid,,50.0,51.0,3.0,2.0,2.0,4.0,18.0
5892,RHEA:45168,valid,,136.0,138.0,6.0,4.0,4.0,8.0,22.0
5893,RHEA:45172,valid,,101.0,102.0,3.0,2.0,2.0,4.0,21.0
5894,RHEA:45176,valid,,101.0,102.0,3.0,2.0,2.0,4.0,21.0
5895,RHEA:45180,valid,,128.0,130.0,6.0,4.0,4.0,8.0,22.0
5896,RHEA:45188,valid,,41.0,42.0,3.0,2.0,2.0,4.0,21.0
5897,RHEA:45192,valid,,41.0,42.0,3.0,2.0,2.0,4.0,20.0
5898,RHEA:45196,valid,,64.0,65.0,3.0,2.0,2.0,4.0,16.0
5899,RHEA:45200,valid,,34.0,35.0,3.0,2.0,2.0,4.0,16.0
5900,RHEA:45204,valid,,92.0,92.0,3.0,2.0,2.0,4.0,16.0
5901,RHEA:45208,valid,,98.0,99.0,5.0,4.0,4.0,8.0,33.0
5902,RHEA:45212,valid,,52.0,52.0,5.0,5.0,5.0,10.0,30.0
5903,RHEA:45224,valid,,69.0,69.0,5.0,4.0,2.0,6.0,24.0
5904,RHEA:45228,valid,,54.0,54.0,3.0,2.0,2.0,4.0,20.0
5905,RHEA:45232,valid,,103.0,103.0,8.0,7.0,8.0,15.0,47.0
5906,RHEA:45236,valid,,39.0,39.0,6.0,3.0,5.0,8.0,27.0
5907,RHEA:45240,valid,,56.0,56.0,5.0,4.0,2.0,6.0,26.0
5908,RHEA:45244,valid,,57.0,57.0,5.0,4.0,2.0,6.0,24.0
5909,RHEA:45256,valid,,18.0,18.0,0.0,0.0,0.0,0.0,0.0
5910,RHEA:45264,valid,,20.0,20.0,0.0,0.0,0.0,0.0,0.0
5911,RHEA:45272,valid,,26.0,26.0,4.0,2.0,3.0,5.0,22.0
5912,RHEA:45276,valid,,26.0,26.0,4.0,2.0,3.0,5.0,22.0
5913,RHEA:45280,valid,,26.0,26.0,4.0,2.0,3.0,5.0,22.0
5914,RHEA:45284,valid,,90.0,91.0,3.0,2.0,2.0,4.0,22.0
5915,RHEA:45288,valid,,31.0,31.0,12.0,12.0,4.0,16.0,45.0
5916,RHEA:45292,valid,,32.0,32.0,2.0,1.0,2.0,3.0,12.0
5917,RHEA:45296,valid,,18.0,19.0,3.0,2.0,2.0,4.0,19.0
5918,RHEA:45300,valid,,21.0,22.0,3.0,2.0,2.0,4.0,19.0
5919,RHEA:45304,valid,,51.0,52.0,3.0,2.0,2.0,4.0,19.0
5920,RHEA:45308,valid,,76.0,76.0,8.0,7.0,8.0,15.0,46.0
5921,RHEA:45312,valid,,73.0,74.0,8.0,7.0,8.0,15.0,43.0
5922,RHEA:45316,valid,,73.0,73.0,8.0,7.0,8.0,15.0,46.0
5923,RHEA:45320,valid,,57.0,58.0,3.0,2.0,2.0,4.0,19.0
5924,RHEA:45324,valid,,57.0,58.0,3.0,2.0,2.0,4.0,19.0
5925,RHEA:45328,valid,,18.0,18.0,0.0,0.0,0.0,0.0,0.0
5926,RHEA:45332,valid,,20.0,21.0,15.0,13.0,11.0,24.0,75.0
5927,RHEA:45336,valid,,73.0,73.0,3.0,2.0,2.0,4.0,20.0
5928,RHEA:45340,valid,,26.0,27.0,3.0,2.0,2.0,4.0,18.0
5929,RHEA:45348,valid,,43.0,43.0,3.0,2.0,2.0,4.0,19.0
5930,RHEA:45352,valid,,22.0,22.0,3.0,2.0,2.0,4.0,17.0
5931,RHEA:45356,valid,,43.0,43.0,3.0,2.0,2.0,4.0,19.0
5932,RHEA:45360,valid,,43.0,43.0,3.0,2.0,2.0,4.0,19.0
5933,RHEA:45364,valid,,44.0,44.0,3.0,2.0,2.0,4.0,19.0
5934,RHEA:45368,valid,,42.0,42.0,3.0,2.0,2.0,4.0,19.0
5935,RHEA:45372,valid,,41.0,41.0,3.0,2.0,2.0,4.0,19.0
5936,RHEA:45376,valid,,43.0,43.0,3.0,2.0,2.0,4.0,19.0
5937,RHEA:45380,valid,,44.0,44.0,3.0,2.0,2.0,4.0,19.0
5938,RHEA:45384,valid,,50.0,51.0,3.0,2.0,2.0,4.0,19.0
5939,RHEA:45388,valid,,52.0,53.0,3.0,2.0,2.0,4.0,18.0
5940,RHEA:45392,valid,,54.0,55.0,3.0,2.0,2.0,4.0,18.0
5941,RHEA:45396,valid,,52.0,53.0,3.0,2.0,2.0,4.0,19.0
5942,RHEA:45400,valid,,54.0,55.0,3.0,2.0,2.0,4.0,19.0
5943,RHEA:45404,valid,,97.0,97.0,3.0,2.0,2.0,4.0,20.0
5944,RHEA:45408,valid,,105.0,105.0,8.0,7.0,8.0,15.0,47.0
5945,RHEA:45412,valid,,31.0,32.0,3.0,2.0,2.0,4.0,19.0
5946,RHEA:45416,valid,,29.0,30.0,3.0,2.0,2.0,4.0,18.0
5947,RHEA:45420,valid,,20.0,21.0,3.0,2.0,2.0,4.0,17.0
5948,RHEA:45424,valid,,69.0,70.0,3.0,2.0,2.0,4.0,18.0
5949,RHEA:45428,valid,,35.0,36.0,3.0,2.0,2.0,4.0,19.0
5950,RHEA:45432,valid,,33.0,34.0,3.0,2.0,2.0,4.0,19.0
5951,RHEA:45436,valid,,31.0,32.0,3.0,2.0,2.0,4.0,19.0
5952,RHEA:45440,valid,,35.0,36.0,3.0,2.0,2.0,4.0,19.0
5953,RHEA:45444,valid,,37.0,38.0,3.0,2.0,2.0,4.0,19.0
5954,RHEA:45448,valid,,35.0,35.0,3.0,2.0,2.0,4.0,19.0
5955,RHEA:45452,valid,,20.0,20.0,3.0,2.0,2.0,4.0,19.0
5956,RHEA:45456,valid,,18.0,18.0,3.0,2.0,2.0,4.0,19.0
5957,RHEA:45460,valid,,23.0,24.0,3.0,2.0,2.0,4.0,17.0
5958,RHEA:45464,valid,,73.0,73.0,6.0,2.0,6.0,8.0,16.0
5959,RHEA:45468,zero_fallback,missing_mapping,,,,,,,
5960,RHEA:45472,valid,,50.0,51.0,3.0,2.0,2.0,4.0,18.0
5961,RHEA:45476,valid,,105.0,106.0,11.0,10.0,4.0,14.0,62.0
5962,RHEA:45480,valid,,12.0,13.0,3.0,2.0,2.0,4.0,15.0
5963,RHEA:45484,valid,,6.0,6.0,3.0,2.0,2.0,4.0,16.0
5964,RHEA:45528,valid,,73.0,74.0,3.0,2.0,2.0,4.0,19.0
5965,RHEA:45532,valid,,71.0,72.0,7.0,6.0,2.0,8.0,36.0
5966,RHEA:45536,valid,,71.0,72.0,3.0,2.0,2.0,4.0,19.0
5967,RHEA:45540,valid,,69.0,70.0,3.0,2.0,2.0,4.0,19.0
5968,RHEA:45544,valid,,54.0,55.0,3.0,2.0,2.0,4.0,19.0
5969,RHEA:45552,valid,,67.0,68.0,3.0,2.0,2.0,4.0,19.0
5970,RHEA:45556,valid,,65.0,66.0,3.0,2.0,2.0,4.0,19.0
5971,RHEA:45560,valid,,9.0,9.0,0.0,0.0,0.0,0.0,0.0
5972,RHEA:45564,valid,,13.0,13.0,0.0,0.0,0.0,0.0,0.0
5973,RHEA:45576,valid,,56.0,56.0,3.0,2.0,2.0,4.0,22.0
5974,RHEA:45580,valid,,13.0,13.0,4.0,4.0,0.0,4.0,22.0
5975,RHEA:45584,valid,,54.0,54.0,3.0,2.0,2.0,4.0,18.0
5976,RHEA:45588,valid,,64.0,64.0,6.0,4.0,3.0,7.0,35.0
5977,RHEA:45592,valid,,48.0,49.0,3.0,2.0,2.0,4.0,19.0
5978,RHEA:45596,valid,,67.0,68.0,3.0,2.0,2.0,4.0,19.0
5979,RHEA:45600,valid,,13.0,14.0,6.0,4.0,5.0,9.0,33.0
5980,RHEA:45604,valid,,13.0,14.0,6.0,4.0,5.0,9.0,33.0
5981,RHEA:45608,valid,,61.0,62.0,3.0,2.0,2.0,4.0,19.0
5982,RHEA:45612,valid,,59.0,60.0,3.0,2.0,2.0,4.0,19.0
5983,RHEA:45616,valid,,57.0,58.0,3.0,2.0,2.0,4.0,19.0
5984,RHEA:45620,valid,,55.0,56.0,3.0,2.0,2.0,4.0,19.0
5985,RHEA:45624,valid,,69.0,69.0,6.0,4.0,3.0,7.0,36.0
5986,RHEA:45628,valid,,66.0,66.0,0.0,0.0,0.0,0.0,0.0
5987,RHEA:45632,valid,,48.0,48.0,3.0,2.0,2.0,4.0,17.0
5988,RHEA:45636,valid,,64.0,64.0,4.0,2.0,3.0,5.0,22.0
5989,RHEA:45640,valid,,60.0,60.0,4.0,2.0,3.0,5.0,22.0
5990,RHEA:45644,valid,,49.0,50.0,3.0,2.0,2.0,4.0,19.0
5991,RHEA:45648,valid,,79.0,79.0,5.0,4.0,1.0,5.0,27.0
5992,RHEA:45652,valid,,77.0,77.0,5.0,4.0,1.0,5.0,27.0
5993,RHEA:45656,valid,,81.0,81.0,4.0,4.0,1.0,5.0,23.0
5994,RHEA:45660,valid,,77.0,77.0,5.0,4.0,1.0,5.0,27.0
5995,RHEA:45664,valid,,77.0,77.0,5.0,4.0,1.0,5.0,27.0
5996,RHEA:45668,valid,,81.0,81.0,5.0,4.0,1.0,5.0,27.0
5997,RHEA:45672,valid,,77.0,77.0,5.0,4.0,1.0,5.0,27.0
5998,RHEA:45676,valid,,77.0,77.0,5.0,4.0,1.0,5.0,27.0
5999,RHEA:45700,valid,,54.0,54.0,10.0,9.0,9.0,18.0,54.0
6000,RHEA:45704,valid,,63.0,64.0,8.0,7.0,8.0,15.0,48.0
6001,RHEA:45724,valid,,59.0,60.0,8.0,7.0,8.0,15.0,48.0
6002,RHEA:45728,valid,,60.0,61.0,8.0,7.0,8.0,15.0,48.0
6003,RHEA:45732,valid,,27.0,28.0,10.0,7.0,9.0,16.0,54.0
6004,RHEA:45736,valid,,55.0,55.0,3.0,2.0,2.0,4.0,19.0
6005,RHEA:45740,valid,,22.0,22.0,6.0,6.0,2.0,8.0,31.0
6006,RHEA:45744,valid,,67.0,68.0,8.0,7.0,8.0,15.0,49.0
6007,RHEA:45748,valid,,55.0,55.0,3.0,2.0,2.0,4.0,19.0
6008,RHEA:45752,valid,,59.0,59.0,3.0,2.0,2.0,4.0,19.0
6009,RHEA:45756,valid,,41.0,41.0,6.0,4.0,6.0,10.0,33.0
6010,RHEA:45760,valid,,65.0,66.0,3.0,2.0,2.0,4.0,22.0
6011,RHEA:45764,valid,,53.0,55.0,8.0,7.0,8.0,15.0,47.0
6012,RHEA:45768,valid,,15.0,15.0,3.0,2.0,2.0,4.0,19.0
6013,RHEA:45776,valid,,14.0,14.0,4.0,3.0,3.0,6.0,19.0
6014,RHEA:45780,valid,,92.0,111.0,25.0,23.0,2.0,25.0,58.0
6015,RHEA:45784,valid,,12.0,12.0,4.0,3.0,3.0,6.0,19.0
6016,RHEA:45796,valid,,102.0,103.0,8.0,7.0,8.0,15.0,48.0
6017,RHEA:45800,valid,,43.0,43.0,6.0,4.0,4.0,8.0,33.0
6018,RHEA:45804,valid,,43.0,43.0,6.0,4.0,3.0,7.0,33.0
6019,RHEA:45808,valid,,14.0,14.0,4.0,2.0,4.0,6.0,22.0
6020,RHEA:45812,valid,,54.0,54.0,3.0,2.0,2.0,4.0,18.0
6021,RHEA:45816,valid,,7.0,9.0,5.0,3.0,2.0,5.0,19.0
6022,RHEA:45820,valid,,64.0,64.0,4.0,4.0,0.0,4.0,24.0
6023,RHEA:45824,valid,,7.0,7.0,3.0,2.0,2.0,4.0,18.0
6024,RHEA:45828,valid,,100.0,101.0,8.0,7.0,8.0,15.0,48.0
6025,RHEA:45832,valid,,104.0,105.0,8.0,7.0,8.0,15.0,48.0
6026,RHEA:45836,valid,,44.0,44.0,4.0,2.0,3.0,5.0,22.0
6027,RHEA:45844,valid,,106.0,107.0,8.0,7.0,8.0,15.0,48.0
6028,RHEA:45848,valid,,110.0,111.0,8.0,7.0,8.0,15.0,48.0
6029,RHEA:45852,valid,,91.0,91.0,15.0,15.0,10.0,25.0,89.0
6030,RHEA:45856,zero_fallback,missing_mapping,,,,,,,
6031,RHEA:45860,zero_fallback,missing_mapping,,,,,,,
6032,RHEA:45864,zero_fallback,missing_mapping,,,,,,,
6033,RHEA:45868,zero_fallback,missing_mapping,,,,,,,
6034,RHEA:45872,zero_fallback,missing_mapping,,,,,,,
6035,RHEA:45876,zero_fallback,missing_mapping,,,,,,,
6036,RHEA:45880,zero_fallback,missing_mapping,,,,,,,
6037,RHEA:45884,zero_fallback,missing_mapping,,,,,,,
6038,RHEA:45888,zero_fallback,missing_mapping,,,,,,,
6039,RHEA:45892,valid,,52.0,53.0,4.0,4.0,1.0,5.0,27.0
6040,RHEA:45896,valid,,38.0,39.0,4.0,4.0,1.0,5.0,27.0
6041,RHEA:45900,valid,,54.0,54.0,3.0,2.0,2.0,4.0,20.0
6042,RHEA:45904,valid,,126.0,127.0,3.0,2.0,2.0,4.0,22.0
6043,RHEA:45908,zero_fallback,missing_mapping,,,,,,,
6044,RHEA:45912,valid,,103.0,103.0,10.0,9.0,8.0,17.0,55.0
6045,RHEA:45916,zero_fallback,missing_mapping,,,,,,,
6046,RHEA:45920,zero_fallback,missing_mapping,,,,,,,
6047,RHEA:45924,zero_fallback,missing_mapping,,,,,,,
6048,RHEA:45928,zero_fallback,missing_mapping,,,,,,,
6049,RHEA:45932,zero_fallback,missing_mapping,,,,,,,
6050,RHEA:45936,zero_fallback,missing_mapping,,,,,,,
6051,RHEA:45940,zero_fallback,missing_mapping,,,,,,,
6052,RHEA:45944,zero_fallback,missing_mapping,,,,,,,
6053,RHEA:45948,valid,,62.0,63.0,3.0,2.0,2.0,4.0,22.0
6054,RHEA:45952,valid,,46.0,47.0,3.0,2.0,2.0,4.0,22.0
6055,RHEA:45960,valid,,130.0,134.0,33.0,22.0,19.0,41.0,69.0
6056,RHEA:45964,valid,,77.0,79.0,11.0,8.0,6.0,14.0,36.0
6057,RHEA:45968,valid,,67.0,67.0,9.0,8.0,9.0,17.0,50.0
6058,RHEA:45972,valid,,71.0,71.0,9.0,8.0,9.0,17.0,50.0
6059,RHEA:45976,valid,,71.0,71.0,9.0,8.0,9.0,17.0,51.0
6060,RHEA:45980,valid,,118.0,118.0,9.0,8.0,9.0,17.0,50.0
6061,RHEA:45984,valid,,118.0,118.0,9.0,8.0,9.0,17.0,51.0
6062,RHEA:45988,valid,,55.0,56.0,11.0,7.0,7.0,14.0,55.0
6063,RHEA:45992,valid,,60.0,60.0,3.0,2.0,2.0,4.0,18.0
6064,RHEA:45996,valid,,19.0,19.0,12.0,15.0,10.0,25.0,46.0
6065,RHEA:46000,valid,,48.0,48.0,4.0,2.0,3.0,5.0,29.0
6066,RHEA:46012,valid,,21.0,21.0,10.0,9.0,10.0,19.0,31.0
6067,RHEA:46016,valid,,67.0,68.0,8.0,7.0,8.0,15.0,48.0
6068,RHEA:46020,valid,,29.0,30.0,3.0,2.0,2.0,4.0,20.0
6069,RHEA:46024,valid,,18.0,18.0,3.0,2.0,2.0,4.0,15.0
6070,RHEA:46028,valid,,18.0,18.0,3.0,2.0,2.0,4.0,15.0
6071,RHEA:46032,valid,,18.0,18.0,3.0,2.0,2.0,4.0,15.0
6072,RHEA:46040,valid,,47.0,48.0,3.0,2.0,2.0,4.0,22.0
6073,RHEA:46044,valid,,57.0,57.0,3.0,2.0,2.0,4.0,19.0
6074,RHEA:46048,valid,,16.0,16.0,3.0,2.0,2.0,4.0,22.0
6075,RHEA:46052,valid,,41.0,41.0,3.0,2.0,2.0,4.0,22.0
6076,RHEA:46056,valid,,71.0,71.0,6.0,2.0,6.0,8.0,20.0
6077,RHEA:46060,valid,,71.0,71.0,6.0,2.0,6.0,8.0,16.0
6078,RHEA:46064,valid,,71.0,71.0,6.0,2.0,6.0,8.0,16.0
6079,RHEA:46068,valid,,58.0,58.0,3.0,2.0,2.0,4.0,19.0
6080,RHEA:46072,valid,,109.0,109.0,8.0,7.0,8.0,15.0,47.0
6081,RHEA:46076,valid,,113.0,113.0,8.0,7.0,8.0,15.0,47.0
6082,RHEA:46080,valid,,117.0,117.0,8.0,7.0,8.0,15.0,47.0
6083,RHEA:46084,valid,,11.0,11.0,4.0,2.0,3.0,5.0,22.0
6084,RHEA:46092,valid,,39.0,39.0,6.0,2.0,6.0,8.0,25.0
6085,RHEA:46096,zero_fallback,missing_mapping,,,,,,,
6086,RHEA:46100,valid,,35.0,35.0,5.0,2.0,5.0,7.0,23.0
6087,RHEA:46104,valid,,34.0,34.0,5.0,2.0,5.0,7.0,23.0
6088,RHEA:46108,valid,,121.0,121.0,18.0,15.0,17.0,32.0,55.0
6089,RHEA:46112,valid,,79.0,80.0,3.0,2.0,2.0,4.0,19.0
6090,RHEA:46116,valid,,12.0,12.0,3.0,2.0,2.0,4.0,20.0
6091,RHEA:46120,valid,,62.0,63.0,11.0,7.0,7.0,14.0,57.0
6092,RHEA:46124,valid,,62.0,63.0,11.0,7.0,7.0,14.0,57.0
6093,RHEA:46128,valid,,61.0,62.0,11.0,7.0,7.0,14.0,56.0
6094,RHEA:46132,valid,,78.0,78.0,9.0,8.0,9.0,17.0,51.0
6095,RHEA:46136,valid,,66.0,66.0,11.0,10.0,10.0,20.0,53.0
6096,RHEA:46140,valid,,61.0,62.0,11.0,7.0,7.0,14.0,56.0
6097,RHEA:46144,valid,,61.0,62.0,11.0,7.0,7.0,14.0,57.0
6098,RHEA:46148,valid,,22.0,23.0,3.0,2.0,2.0,4.0,19.0
6099,RHEA:46160,valid,,56.0,56.0,14.0,14.0,14.0,28.0,48.0
6100,RHEA:46164,valid,,60.0,60.0,14.0,14.0,14.0,28.0,48.0
6101,RHEA:46168,valid,,86.0,86.0,6.0,4.0,3.0,7.0,36.0
6102,RHEA:46172,valid,,85.0,85.0,8.0,8.0,2.0,10.0,40.0
6103,RHEA:46176,valid,,85.0,85.0,6.0,4.0,3.0,7.0,36.0
6104,RHEA:46180,valid,,86.0,86.0,6.0,4.0,3.0,7.0,36.0
6105,RHEA:46184,valid,,86.0,86.0,6.0,4.0,3.0,7.0,36.0
6106,RHEA:46188,valid,,5.0,5.0,4.0,3.0,3.0,6.0,17.0
6107,RHEA:46192,valid,,54.0,55.0,11.0,7.0,7.0,14.0,57.0
6108,RHEA:46196,valid,,56.0,57.0,11.0,7.0,7.0,14.0,57.0
6109,RHEA:46200,valid,,54.0,55.0,11.0,7.0,7.0,14.0,57.0
6110,RHEA:46204,valid,,54.0,55.0,11.0,7.0,7.0,14.0,57.0
6111,RHEA:46208,valid,,101.0,101.0,6.0,4.0,3.0,7.0,36.0
6112,RHEA:46212,valid,,13.0,13.0,3.0,2.0,2.0,4.0,18.0
6113,RHEA:46216,valid,,71.0,71.0,8.0,7.0,8.0,15.0,47.0
6114,RHEA:46220,valid,,65.0,66.0,8.0,7.0,8.0,15.0,47.0
6115,RHEA:46228,valid,,56.0,57.0,3.0,2.0,2.0,4.0,22.0
6116,RHEA:46236,valid,,24.0,24.0,6.0,2.0,6.0,8.0,16.0
6117,RHEA:46240,valid,,22.0,22.0,6.0,2.0,6.0,8.0,18.0
6118,RHEA:46252,valid,,28.0,28.0,6.0,2.0,6.0,8.0,18.0
6119,RHEA:46256,valid,,28.0,28.0,6.0,2.0,6.0,8.0,18.0
6120,RHEA:46260,valid,,26.0,26.0,6.0,2.0,6.0,8.0,18.0
6121,RHEA:46264,valid,,26.0,26.0,6.0,2.0,6.0,8.0,18.0
6122,RHEA:46268,valid,,29.0,29.0,6.0,2.0,6.0,8.0,16.0
6123,RHEA:46272,valid,,29.0,29.0,6.0,2.0,6.0,8.0,16.0
6124,RHEA:46276,valid,,9.0,9.0,3.0,2.0,2.0,4.0,19.0
6125,RHEA:46280,valid,,28.0,28.0,6.0,2.0,6.0,8.0,16.0
6126,RHEA:46284,valid,,24.0,24.0,6.0,2.0,6.0,8.0,18.0
6127,RHEA:46288,valid,,24.0,24.0,6.0,2.0,6.0,8.0,18.0
6128,RHEA:46296,valid,,54.0,55.0,11.0,7.0,7.0,14.0,57.0
6129,RHEA:46300,valid,,54.0,55.0,11.0,7.0,7.0,14.0,57.0
6130,RHEA:46304,valid,,54.0,55.0,11.0,7.0,7.0,14.0,57.0
6131,RHEA:46308,valid,,56.0,57.0,11.0,7.0,7.0,14.0,56.0
6132,RHEA:46312,valid,,123.0,123.0,5.0,4.0,2.0,6.0,30.0
6133,RHEA:46316,valid,,45.0,46.0,3.0,2.0,2.0,4.0,19.0
6134,RHEA:46320,valid,,75.0,77.0,5.0,3.0,2.0,5.0,18.0
6135,RHEA:46324,valid,,73.0,75.0,5.0,3.0,2.0,5.0,20.0
6136,RHEA:46328,valid,,13.0,13.0,4.0,3.0,4.0,7.0,25.0
6137,RHEA:46332,valid,,24.0,24.0,6.0,2.0,6.0,8.0,18.0
6138,RHEA:46336,valid,,73.0,73.0,3.0,2.0,2.0,4.0,19.0
6139,RHEA:46340,valid,,69.0,70.0,3.0,2.0,2.0,4.0,22.0
6140,RHEA:46344,valid,,115.0,115.0,6.0,6.0,2.0,8.0,34.0
6141,RHEA:46348,valid,,58.0,58.0,3.0,2.0,2.0,4.0,18.0
6142,RHEA:46352,valid,,60.0,60.0,3.0,2.0,2.0,4.0,18.0
6143,RHEA:46356,valid,,53.0,54.0,11.0,7.0,7.0,14.0,57.0
6144,RHEA:46360,valid,,42.0,42.0,5.0,2.0,5.0,7.0,19.0
6145,RHEA:46364,valid,,28.0,28.0,5.0,2.0,5.0,7.0,19.0
6146,RHEA:46368,valid,,24.0,24.0,8.0,4.0,6.0,10.0,26.0
6147,RHEA:46372,valid,,24.0,24.0,8.0,4.0,6.0,10.0,20.0
6148,RHEA:46376,valid,,30.0,30.0,6.0,2.0,6.0,8.0,22.0
6149,RHEA:46380,valid,,62.0,63.0,11.0,7.0,7.0,14.0,57.0
6150,RHEA:46384,valid,,62.0,63.0,11.0,7.0,7.0,14.0,57.0
6151,RHEA:46388,valid,,62.0,63.0,11.0,7.0,7.0,14.0,57.0
6152,RHEA:46392,valid,,62.0,63.0,11.0,7.0,7.0,14.0,57.0
6153,RHEA:46400,valid,,38.0,38.0,5.0,2.0,5.0,7.0,23.0
6154,RHEA:46404,valid,,24.0,24.0,6.0,2.0,6.0,8.0,18.0
6155,RHEA:46408,valid,,30.0,30.0,6.0,2.0,6.0,8.0,22.0
6156,RHEA:46412,valid,,28.0,28.0,6.0,2.0,6.0,8.0,22.0
6157,RHEA:46416,valid,,56.0,56.0,6.0,2.0,6.0,8.0,20.0
6158,RHEA:46420,valid,,73.0,73.0,6.0,2.0,6.0,8.0,18.0
6159,RHEA:46424,valid,,73.0,73.0,6.0,2.0,6.0,8.0,18.0
6160,RHEA:46428,valid,,39.0,39.0,5.0,2.0,5.0,7.0,23.0
6161,RHEA:46432,valid,,40.0,40.0,6.0,2.0,6.0,8.0,25.0
6162,RHEA:46436,valid,,40.0,40.0,6.0,3.0,5.0,8.0,27.0
6163,RHEA:46440,valid,,23.0,23.0,6.0,4.0,4.0,8.0,23.0
6164,RHEA:46444,valid,,68.0,68.0,6.0,4.0,4.0,8.0,19.0
6165,RHEA:46448,valid,,70.0,70.0,6.0,4.0,4.0,8.0,21.0
6166,RHEA:46452,valid,,62.0,64.0,6.0,4.0,4.0,8.0,22.0
6167,RHEA:46456,valid,,76.0,76.0,8.0,7.0,8.0,15.0,47.0
6168,RHEA:46460,valid,,62.0,63.0,11.0,7.0,7.0,14.0,57.0
6169,RHEA:46464,valid,,62.0,63.0,11.0,7.0,7.0,14.0,57.0
6170,RHEA:46468,valid,,52.0,53.0,3.0,2.0,2.0,4.0,18.0
6171,RHEA:46500,valid,,33.0,33.0,9.0,7.0,5.0,12.0,45.0
6172,RHEA:46504,valid,,65.0,66.0,3.0,2.0,2.0,4.0,22.0
6173,RHEA:46512,valid,,29.0,29.0,5.0,2.0,5.0,7.0,19.0
6174,RHEA:46520,valid,,30.0,30.0,5.0,2.0,5.0,7.0,19.0
6175,RHEA:46524,valid,,73.0,73.0,6.0,2.0,6.0,8.0,16.0
6176,RHEA:46528,valid,,73.0,73.0,6.0,2.0,6.0,8.0,16.0
6177,RHEA:46532,valid,,24.0,24.0,8.0,4.0,6.0,10.0,26.0
6178,RHEA:46536,valid,,24.0,24.0,6.0,2.0,6.0,8.0,17.0
6179,RHEA:46540,valid,,24.0,24.0,6.0,2.0,6.0,8.0,17.0
6180,RHEA:46544,valid,,28.0,28.0,6.0,2.0,6.0,8.0,20.0
6181,RHEA:46548,valid,,28.0,28.0,6.0,2.0,6.0,8.0,20.0
6182,RHEA:46552,valid,,24.0,24.0,6.0,2.0,6.0,8.0,17.0
6183,RHEA:46556,valid,,32.0,32.0,6.0,2.0,6.0,8.0,22.0
6184,RHEA:46560,valid,,33.0,33.0,6.0,2.0,6.0,8.0,22.0
6185,RHEA:46564,valid,,59.0,60.0,3.0,2.0,2.0,4.0,22.0
6186,RHEA:46580,valid,,62.0,63.0,11.0,7.0,7.0,14.0,57.0
6187,RHEA:46584,valid,,63.0,64.0,11.0,7.0,7.0,14.0,57.0
6188,RHEA:46588,valid,,38.0,38.0,5.0,2.0,5.0,7.0,23.0
6189,RHEA:46600,valid,,39.0,40.0,3.0,2.0,2.0,4.0,22.0
6190,RHEA:46604,valid,,17.0,17.0,4.0,2.0,3.0,5.0,26.0
6191,RHEA:46608,valid,,40.0,41.0,3.0,2.0,2.0,4.0,22.0
6192,RHEA:46612,valid,,97.0,97.0,3.0,2.0,2.0,4.0,20.0
6193,RHEA:46616,valid,,39.0,39.0,5.0,2.0,5.0,7.0,23.0
6194,RHEA:46620,valid,,95.0,95.0,3.0,2.0,2.0,4.0,20.0
6195,RHEA:46624,valid,,8.0,8.0,0.0,0.0,0.0,0.0,0.0
6196,RHEA:46628,valid,,69.0,69.0,8.0,7.0,8.0,15.0,47.0
6197,RHEA:46632,valid,,78.0,78.0,8.0,7.0,8.0,15.0,48.0
6198,RHEA:46636,valid,,69.0,70.0,8.0,7.0,8.0,15.0,48.0
6199,RHEA:46640,valid,,77.0,77.0,8.0,7.0,8.0,15.0,48.0
6200,RHEA:46644,valid,,74.0,74.0,8.0,7.0,8.0,15.0,48.0
6201,RHEA:46648,valid,,73.0,73.0,3.0,2.0,2.0,4.0,20.0
6202,RHEA:46652,valid,,69.0,69.0,8.0,7.0,8.0,15.0,48.0
6203,RHEA:46656,valid,,69.0,69.0,8.0,7.0,8.0,15.0,48.0
6204,RHEA:46660,valid,,71.0,71.0,8.0,7.0,8.0,15.0,48.0
6205,RHEA:46664,valid,,73.0,73.0,8.0,7.0,8.0,15.0,48.0
6206,RHEA:46668,valid,,72.0,72.0,8.0,7.0,8.0,15.0,48.0
6207,RHEA:46672,valid,,74.0,74.0,8.0,7.0,8.0,15.0,48.0
6208,RHEA:46676,valid,,55.0,56.0,8.0,7.0,8.0,15.0,47.0
6209,RHEA:46680,valid,,46.0,47.0,8.0,6.0,8.0,14.0,38.0
6210,RHEA:46684,valid,,75.0,77.0,5.0,3.0,2.0,5.0,18.0
6211,RHEA:46688,valid,,78.0,80.0,5.0,3.0,2.0,5.0,21.0
6212,RHEA:46692,valid,,41.0,41.0,5.0,4.0,1.0,5.0,31.0
6213,RHEA:46696,valid,,49.0,50.0,3.0,2.0,2.0,4.0,20.0
6214,RHEA:46700,valid,,44.0,44.0,5.0,4.0,1.0,5.0,31.0
6215,RHEA:46704,valid,,41.0,41.0,5.0,4.0,1.0,5.0,31.0
6216,RHEA:46708,valid,,61.0,62.0,3.0,2.0,2.0,4.0,22.0
6217,RHEA:46712,valid,,49.0,50.0,3.0,2.0,2.0,4.0,20.0
6218,RHEA:46716,valid,,49.0,50.0,3.0,2.0,2.0,4.0,20.0
6219,RHEA:46720,valid,,56.0,56.0,3.0,2.0,2.0,4.0,18.0
6220,RHEA:46724,valid,,64.0,64.0,0.0,0.0,0.0,0.0,0.0
6221,RHEA:46728,valid,,81.0,81.0,4.0,2.0,4.0,6.0,20.0
6222,RHEA:46732,valid,,58.0,58.0,0.0,0.0,0.0,0.0,0.0
6223,RHEA:46736,valid,,13.0,14.0,4.0,3.0,1.0,4.0,20.0
6224,RHEA:46740,valid,,76.0,76.0,8.0,7.0,8.0,15.0,48.0
6225,RHEA:46752,valid,,62.0,63.0,11.0,7.0,7.0,14.0,56.0
6226,RHEA:46756,valid,,37.0,37.0,6.0,2.0,6.0,8.0,20.0
6227,RHEA:46760,valid,,59.0,59.0,11.0,10.0,10.0,20.0,56.0
6228,RHEA:46764,valid,,37.0,37.0,6.0,2.0,6.0,8.0,22.0
6229,RHEA:46792,valid,,26.0,26.0,6.0,2.0,6.0,8.0,18.0
6230,RHEA:46796,valid,,26.0,26.0,6.0,2.0,6.0,8.0,18.0
6231,RHEA:46800,valid,,53.0,53.0,8.0,6.0,8.0,14.0,42.0
6232,RHEA:46804,valid,,51.0,52.0,3.0,2.0,2.0,4.0,20.0
6233,RHEA:46808,valid,,35.0,36.0,3.0,2.0,2.0,4.0,19.0
6234,RHEA:46812,valid,,78.0,78.0,8.0,7.0,8.0,15.0,47.0
6235,RHEA:46828,valid,,80.0,80.0,11.0,9.0,10.0,19.0,63.0
6236,RHEA:46832,valid,,77.0,77.0,8.0,7.0,8.0,15.0,46.0
6237,RHEA:46848,valid,,79.0,79.0,11.0,9.0,10.0,19.0,60.0
6238,RHEA:46852,valid,,76.0,76.0,8.0,7.0,8.0,15.0,47.0
6239,RHEA:46860,valid,,124.0,125.0,5.0,4.0,2.0,6.0,31.0
6240,RHEA:46864,valid,,159.0,159.0,15.0,14.0,4.0,18.0,60.0
6241,RHEA:46868,valid,,131.0,131.0,3.0,2.0,2.0,4.0,20.0
6242,RHEA:46872,valid,,140.0,140.0,3.0,2.0,2.0,4.0,20.0
6243,RHEA:46880,valid,,62.0,63.0,3.0,2.0,2.0,4.0,22.0
6244,RHEA:46884,valid,,61.0,62.0,3.0,2.0,2.0,4.0,22.0
6245,RHEA:46888,valid,,18.0,18.0,4.0,2.0,4.0,6.0,19.0
6246,RHEA:46892,valid,,26.0,26.0,4.0,4.0,2.0,6.0,25.0
6247,RHEA:46908,valid,,144.0,144.0,3.0,2.0,2.0,4.0,22.0
6248,RHEA:46912,valid,,20.0,21.0,3.0,2.0,2.0,4.0,17.0
6249,RHEA:46916,valid,,22.0,23.0,3.0,2.0,2.0,4.0,17.0
6250,RHEA:46920,valid,,11.0,11.0,3.0,2.0,2.0,4.0,19.0
6251,RHEA:46924,valid,,56.0,56.0,3.0,2.0,2.0,4.0,18.0
6252,RHEA:46928,valid,,23.0,23.0,0.0,0.0,0.0,0.0,0.0
6253,RHEA:46932,valid,,17.0,17.0,0.0,0.0,0.0,0.0,0.0
6254,RHEA:46936,valid,,90.0,91.0,11.0,9.0,9.0,18.0,66.0
6255,RHEA:46948,valid,,59.0,59.0,3.0,2.0,2.0,4.0,19.0
6256,RHEA:46956,zero_fallback,missing_mapping,,,,,,,
6257,RHEA:46964,valid,,102.0,102.0,16.0,15.0,16.0,31.0,57.0
6258,RHEA:46968,valid,,47.0,49.0,5.0,3.0,2.0,5.0,18.0
6259,RHEA:46972,valid,,53.0,55.0,5.0,3.0,2.0,5.0,18.0
6260,RHEA:46976,valid,,15.0,15.0,4.0,2.0,4.0,6.0,21.0
6261,RHEA:46988,valid,,15.0,15.0,4.0,2.0,4.0,6.0,21.0
6262,RHEA:47004,valid,,14.0,14.0,3.0,2.0,2.0,4.0,17.0
6263,RHEA:47008,valid,,22.0,27.0,12.0,8.0,6.0,14.0,27.0
6264,RHEA:47020,valid,,23.0,31.0,15.0,11.0,5.0,16.0,29.0
6265,RHEA:47032,valid,,64.0,64.0,9.0,6.0,6.0,12.0,52.0
6266,RHEA:47036,valid,,22.0,22.0,3.0,2.0,2.0,4.0,22.0
6267,RHEA:47040,valid,,72.0,72.0,9.0,6.0,6.0,12.0,52.0
6268,RHEA:47048,valid,,24.0,24.0,10.0,9.0,10.0,19.0,31.0
6269,RHEA:47052,valid,,24.0,30.0,26.0,30.0,13.0,43.0,94.0
6270,RHEA:47056,valid,,41.0,41.0,13.0,5.0,12.0,17.0,22.0
6271,RHEA:47076,valid,,69.0,69.0,8.0,7.0,8.0,15.0,48.0
6272,RHEA:47080,valid,,68.0,68.0,8.0,7.0,8.0,15.0,48.0
6273,RHEA:47084,valid,,22.0,22.0,4.0,4.0,2.0,6.0,26.0
6274,RHEA:47088,valid,,124.0,125.0,8.0,10.0,8.0,18.0,53.0
6275,RHEA:47092,valid,,60.0,61.0,12.0,12.0,12.0,24.0,67.0
6276,RHEA:47096,valid,,122.0,122.0,31.0,20.0,21.0,41.0,62.0
6277,RHEA:47100,valid,,83.0,84.0,3.0,2.0,2.0,4.0,22.0
6278,RHEA:47104,valid,,60.0,60.0,5.0,4.0,4.0,8.0,31.0
6279,RHEA:47108,valid,,36.0,36.0,3.0,2.0,2.0,4.0,19.0
6280,RHEA:47112,valid,,33.0,33.0,3.0,2.0,2.0,4.0,19.0
6281,RHEA:47128,valid,,107.0,107.0,6.0,4.0,3.0,7.0,36.0
6282,RHEA:47132,valid,,66.0,68.0,8.0,7.0,8.0,15.0,47.0
6283,RHEA:47136,valid,,106.0,106.0,6.0,4.0,3.0,7.0,36.0
6284,RHEA:47140,valid,,71.0,71.0,6.0,2.0,6.0,8.0,18.0
6285,RHEA:47144,valid,,71.0,71.0,6.0,2.0,6.0,8.0,18.0
6286,RHEA:47152,valid,,54.0,56.0,8.0,7.0,8.0,15.0,47.0
6287,RHEA:47156,valid,,74.0,75.0,11.0,9.0,10.0,19.0,63.0
6288,RHEA:47160,valid,,76.0,76.0,11.0,9.0,10.0,19.0,63.0
6289,RHEA:47164,valid,,75.0,75.0,11.0,9.0,10.0,19.0,60.0
6290,RHEA:47168,valid,,76.0,76.0,11.0,9.0,10.0,19.0,63.0
6291,RHEA:47172,valid,,75.0,75.0,11.0,9.0,10.0,19.0,60.0
6292,RHEA:47176,valid,,54.0,54.0,3.0,2.0,2.0,4.0,18.0
6293,RHEA:47180,valid,,74.0,75.0,11.0,9.0,10.0,19.0,63.0
6294,RHEA:47196,valid,,106.0,106.0,10.0,6.0,6.0,12.0,52.0
6295,RHEA:47200,valid,,74.0,75.0,11.0,9.0,10.0,19.0,63.0
6296,RHEA:47204,valid,,53.0,54.0,11.0,7.0,7.0,14.0,57.0
6297,RHEA:47208,valid,,53.0,54.0,11.0,7.0,7.0,14.0,56.0
6298,RHEA:47212,valid,,53.0,54.0,11.0,7.0,7.0,14.0,56.0
6299,RHEA:47216,valid,,53.0,54.0,11.0,7.0,7.0,14.0,57.0
6300,RHEA:47220,valid,,54.0,55.0,11.0,7.0,7.0,14.0,57.0
6301,RHEA:47224,valid,,58.0,59.0,11.0,7.0,7.0,14.0,57.0
6302,RHEA:47228,valid,,124.0,124.0,10.0,6.0,6.0,12.0,52.0
6303,RHEA:47232,valid,,126.0,126.0,10.0,6.0,6.0,12.0,52.0
6304,RHEA:47236,valid,,122.0,122.0,10.0,6.0,6.0,12.0,52.0
6305,RHEA:47240,valid,,120.0,120.0,10.0,6.0,6.0,12.0,52.0
6306,RHEA:47244,valid,,40.0,41.0,3.0,2.0,2.0,4.0,22.0
6307,RHEA:47248,valid,,14.0,17.0,5.0,1.0,5.0,6.0,20.0
6308,RHEA:47252,valid,,56.0,57.0,11.0,7.0,7.0,14.0,57.0
6309,RHEA:47256,valid,,54.0,55.0,11.0,7.0,7.0,14.0,57.0
6310,RHEA:47260,valid,,56.0,57.0,11.0,7.0,7.0,14.0,57.0
6311,RHEA:47264,valid,,100.0,100.0,6.0,4.0,3.0,7.0,36.0
6312,RHEA:47276,valid,,53.0,54.0,11.0,7.0,7.0,14.0,57.0
6313,RHEA:47280,valid,,53.0,54.0,11.0,7.0,7.0,14.0,56.0
6314,RHEA:47284,valid,,53.0,54.0,11.0,7.0,7.0,14.0,57.0
6315,RHEA:47288,valid,,53.0,54.0,11.0,7.0,7.0,14.0,57.0
6316,RHEA:47292,valid,,53.0,54.0,11.0,7.0,7.0,14.0,56.0
6317,RHEA:47296,valid,,114.0,114.0,10.0,6.0,6.0,12.0,52.0
6318,RHEA:47300,valid,,120.0,120.0,10.0,6.0,6.0,12.0,52.0
6319,RHEA:47304,valid,,118.0,118.0,10.0,6.0,6.0,12.0,52.0
6320,RHEA:47308,valid,,53.0,54.0,11.0,7.0,7.0,14.0,57.0
6321,RHEA:47312,valid,,53.0,54.0,11.0,7.0,7.0,14.0,57.0
6322,RHEA:47316,valid,,116.0,116.0,10.0,6.0,6.0,12.0,52.0
6323,RHEA:47320,valid,,22.0,22.0,6.0,8.0,0.0,8.0,34.0
6324,RHEA:47324,valid,,18.0,18.0,4.0,4.0,2.0,6.0,26.0
6325,RHEA:47328,valid,,55.0,56.0,3.0,2.0,2.0,4.0,18.0
6326,RHEA:47332,valid,,53.0,54.0,11.0,7.0,7.0,14.0,57.0
6327,RHEA:47336,valid,,53.0,54.0,11.0,7.0,7.0,14.0,57.0
6328,RHEA:47344,valid,,39.0,39.0,5.0,2.0,5.0,7.0,23.0
6329,RHEA:47348,valid,,8.0,9.0,3.0,2.0,2.0,4.0,17.0
6330,RHEA:47352,valid,,10.0,11.0,3.0,2.0,2.0,4.0,17.0
6331,RHEA:47356,valid,,12.0,13.0,3.0,2.0,2.0,4.0,17.0
6332,RHEA:47360,valid,,14.0,15.0,3.0,2.0,2.0,4.0,17.0
6333,RHEA:47364,valid,,16.0,17.0,3.0,2.0,2.0,4.0,17.0
6334,RHEA:47368,valid,,66.0,67.0,4.0,4.0,1.0,5.0,27.0
6335,RHEA:47372,valid,,24.0,24.0,10.0,9.0,10.0,19.0,31.0
6336,RHEA:47376,valid,,40.0,40.0,6.0,2.0,6.0,8.0,25.0
6337,RHEA:47380,valid,,40.0,40.0,6.0,3.0,5.0,8.0,27.0
6338,RHEA:47384,valid,,12.0,13.0,3.0,2.0,2.0,4.0,17.0
6339,RHEA:47388,valid,,18.0,19.0,3.0,2.0,2.0,4.0,17.0
6340,RHEA:47392,valid,,20.0,21.0,3.0,2.0,2.0,4.0,17.0
6341,RHEA:47396,valid,,22.0,23.0,3.0,2.0,2.0,4.0,17.0
6342,RHEA:47400,valid,,116.0,116.0,5.0,4.0,2.0,6.0,30.0
6343,RHEA:47412,valid,,89.0,89.0,3.0,2.0,2.0,4.0,20.0
6344,RHEA:47416,valid,,41.0,42.0,3.0,2.0,2.0,4.0,21.0
6345,RHEA:47420,valid,,57.0,59.0,5.0,3.0,2.0,5.0,18.0
6346,RHEA:47448,valid,,116.0,116.0,10.0,6.0,6.0,12.0,52.0
6347,RHEA:47464,valid,,63.0,63.0,3.0,2.0,2.0,4.0,20.0
6348,RHEA:47476,valid,,63.0,63.0,3.0,2.0,2.0,4.0,19.0
6349,RHEA:47480,valid,,76.0,77.0,8.0,7.0,8.0,15.0,47.0
6350,RHEA:47484,valid,,72.0,73.0,8.0,7.0,8.0,15.0,47.0
6351,RHEA:47488,valid,,76.0,76.0,8.0,7.0,8.0,15.0,47.0
6352,RHEA:47492,valid,,72.0,72.0,8.0,7.0,8.0,15.0,47.0
6353,RHEA:47496,valid,,75.0,76.0,8.0,7.0,8.0,15.0,47.0
6354,RHEA:47500,valid,,77.0,78.0,8.0,7.0,8.0,15.0,47.0
6355,RHEA:47504,valid,,76.0,77.0,8.0,7.0,8.0,15.0,47.0
6356,RHEA:47508,valid,,71.0,71.0,8.0,7.0,8.0,15.0,47.0
6357,RHEA:47512,valid,,73.0,73.0,8.0,7.0,8.0,15.0,47.0
6358,RHEA:47516,valid,,72.0,72.0,8.0,7.0,8.0,15.0,47.0
6359,RHEA:47520,valid,,75.0,75.0,8.0,7.0,8.0,15.0,47.0
6360,RHEA:47524,valid,,73.0,74.0,8.0,7.0,8.0,15.0,47.0
6361,RHEA:47528,valid,,77.0,77.0,8.0,7.0,8.0,15.0,47.0
6362,RHEA:47532,valid,,72.0,73.0,8.0,7.0,8.0,15.0,47.0
6363,RHEA:47536,valid,,76.0,76.0,8.0,7.0,8.0,15.0,47.0
6364,RHEA:47540,valid,,76.0,76.0,8.0,7.0,8.0,15.0,46.0
6365,RHEA:47544,valid,,11.0,11.0,0.0,0.0,0.0,0.0,0.0
6366,RHEA:47548,valid,,28.0,28.0,3.0,2.0,2.0,4.0,18.0
6367,RHEA:47552,valid,,33.0,33.0,3.0,2.0,2.0,4.0,19.0
6368,RHEA:47556,valid,,35.0,35.0,3.0,2.0,2.0,4.0,19.0
6369,RHEA:47560,valid,,112.0,113.0,4.0,4.0,1.0,5.0,27.0
6370,RHEA:47564,valid,,85.0,86.0,3.0,2.0,2.0,4.0,22.0
6371,RHEA:47568,valid,,136.0,137.0,8.0,7.0,4.0,11.0,40.0
6372,RHEA:47572,zero_fallback,missing_mapping,,,,,,,
6373,RHEA:47576,valid,,132.0,133.0,11.0,12.0,3.0,15.0,64.0
6374,RHEA:47580,zero_fallback,missing_mapping,,,,,,,
6375,RHEA:47588,zero_fallback,missing_mapping,,,,,,,
6376,RHEA:47592,zero_fallback,missing_mapping,,,,,,,
6377,RHEA:47600,valid,,76.0,77.0,3.0,2.0,2.0,4.0,22.0
6378,RHEA:47608,zero_fallback,missing_mapping,,,,,,,
6379,RHEA:47612,valid,,48.0,49.0,3.0,2.0,2.0,4.0,22.0
6380,RHEA:47616,valid,,61.0,61.0,9.0,8.0,7.0,15.0,48.0
6381,RHEA:47620,valid,,25.0,26.0,7.0,7.0,2.0,9.0,36.0
6382,RHEA:47624,valid,,9.0,9.0,4.0,2.0,4.0,6.0,26.0
6383,RHEA:47628,valid,,58.0,59.0,6.0,4.0,4.0,8.0,37.0
6384,RHEA:47632,valid,,57.0,58.0,9.0,8.0,9.0,17.0,51.0
6385,RHEA:47636,valid,,61.0,62.0,9.0,8.0,9.0,17.0,51.0
6386,RHEA:47640,zero_fallback,missing_mapping,,,,,,,
6387,RHEA:47644,zero_fallback,missing_mapping,,,,,,,
6388,RHEA:47648,valid,,15.0,15.0,4.0,2.0,3.0,5.0,22.0
6389,RHEA:47652,valid,,15.0,15.0,4.0,2.0,3.0,5.0,22.0
6390,RHEA:47656,valid,,62.0,63.0,3.0,2.0,2.0,4.0,22.0
6391,RHEA:47660,valid,,62.0,63.0,3.0,2.0,2.0,4.0,22.0
6392,RHEA:47664,valid,,64.0,64.0,13.0,12.0,4.0,16.0,59.0
6393,RHEA:47668,valid,,63.0,63.0,13.0,12.0,4.0,16.0,59.0
6394,RHEA:47672,valid,,62.0,62.0,13.0,12.0,4.0,16.0,59.0
6395,RHEA:47676,valid,,46.0,47.0,3.0,2.0,2.0,4.0,22.0
6396,RHEA:47680,valid,,17.0,17.0,6.0,4.0,4.0,8.0,32.0
6397,RHEA:47688,valid,,57.0,59.0,8.0,7.0,8.0,15.0,49.0
6398,RHEA:47692,valid,,71.0,71.0,4.0,2.0,3.0,5.0,23.0
6399,RHEA:47696,valid,,34.0,34.0,4.0,2.0,3.0,5.0,22.0
6400,RHEA:47700,valid,,82.0,82.0,14.0,13.0,9.0,22.0,78.0
6401,RHEA:47704,valid,,83.0,83.0,12.0,12.0,9.0,21.0,64.0
6402,RHEA:47708,valid,,43.0,43.0,5.0,4.0,1.0,5.0,23.0
6403,RHEA:47712,valid,,9.0,9.0,0.0,0.0,0.0,0.0,0.0
6404,RHEA:47716,valid,,68.0,69.0,8.0,7.0,8.0,15.0,48.0
6405,RHEA:47720,valid,,12.0,12.0,7.0,6.0,3.0,9.0,37.0
6406,RHEA:47724,valid,,20.0,20.0,3.0,2.0,2.0,4.0,21.0
6407,RHEA:47728,valid,,57.0,58.0,3.0,2.0,2.0,4.0,21.0
6408,RHEA:47732,valid,,49.0,50.0,3.0,2.0,2.0,4.0,20.0
6409,RHEA:47736,valid,,49.0,50.0,3.0,2.0,2.0,4.0,20.0
6410,RHEA:47740,valid,,44.0,44.0,6.0,4.0,3.0,7.0,38.0
6411,RHEA:47744,valid,,80.0,80.0,14.0,13.0,12.0,25.0,63.0
6412,RHEA:47752,valid,,42.0,43.0,3.0,2.0,2.0,4.0,19.0
6413,RHEA:47756,valid,,52.0,53.0,3.0,2.0,2.0,4.0,19.0
6414,RHEA:47760,valid,,49.0,50.0,3.0,2.0,2.0,4.0,19.0
6415,RHEA:47764,valid,,49.0,50.0,3.0,2.0,2.0,4.0,19.0
6416,RHEA:47768,valid,,52.0,53.0,3.0,2.0,2.0,4.0,19.0
6417,RHEA:47772,valid,,52.0,53.0,3.0,2.0,2.0,4.0,19.0
6418,RHEA:47776,valid,,52.0,53.0,3.0,2.0,2.0,4.0,19.0
6419,RHEA:47780,valid,,49.0,50.0,3.0,2.0,2.0,4.0,20.0
6420,RHEA:47784,valid,,49.0,50.0,3.0,2.0,2.0,4.0,20.0
6421,RHEA:47788,valid,,49.0,50.0,3.0,2.0,2.0,4.0,20.0
6422,RHEA:47792,valid,,49.0,50.0,3.0,2.0,2.0,4.0,20.0
6423,RHEA:47796,valid,,6.0,8.0,5.0,2.0,5.0,7.0,17.0
6424,RHEA:47800,valid,,15.0,15.0,4.0,4.0,2.0,6.0,26.0
6425,RHEA:47804,valid,,43.0,43.0,6.0,4.0,3.0,7.0,25.0
6426,RHEA:47808,valid,,44.0,44.0,6.0,4.0,3.0,7.0,29.0
6427,RHEA:47812,valid,,78.0,78.0,9.0,8.0,9.0,17.0,51.0
6428,RHEA:47816,valid,,82.0,82.0,9.0,8.0,9.0,17.0,51.0
6429,RHEA:47820,valid,,86.0,86.0,9.0,8.0,9.0,17.0,51.0
6430,RHEA:47828,valid,,118.0,118.0,3.0,2.0,2.0,4.0,18.0
6431,RHEA:47832,valid,,98.0,98.0,3.0,2.0,2.0,4.0,18.0
6432,RHEA:47836,valid,,44.0,44.0,4.0,4.0,0.0,4.0,22.0
6433,RHEA:47840,valid,,36.0,36.0,4.0,2.0,3.0,5.0,28.0
6434,RHEA:47844,valid,,34.0,34.0,11.0,10.0,9.0,19.0,76.0
6435,RHEA:47848,valid,,34.0,34.0,7.0,4.0,5.0,9.0,47.0
6436,RHEA:47852,valid,,92.0,92.0,3.0,2.0,2.0,4.0,18.0
6437,RHEA:47856,valid,,112.0,112.0,3.0,2.0,2.0,4.0,18.0
6438,RHEA:47864,valid,,25.0,28.0,6.0,4.0,1.0,5.0,25.0
6439,RHEA:47868,valid,,28.0,29.0,3.0,2.0,2.0,4.0,18.0
6440,RHEA:47872,valid,,78.0,78.0,3.0,2.0,2.0,4.0,18.0
6441,RHEA:47876,valid,,98.0,98.0,3.0,2.0,2.0,4.0,18.0
6442,RHEA:47880,valid,,18.0,19.0,3.0,2.0,2.0,4.0,18.0
6443,RHEA:47884,valid,,132.0,133.0,8.0,8.0,4.0,12.0,52.0
6444,RHEA:47888,valid,,129.0,130.0,3.0,2.0,2.0,4.0,21.0
6445,RHEA:47892,zero_fallback,missing_mapping,,,,,,,
6446,RHEA:47896,valid,,59.0,60.0,8.0,7.0,8.0,15.0,46.0
6447,RHEA:47900,valid,,67.0,67.0,3.0,2.0,2.0,4.0,18.0
6448,RHEA:47904,valid,,55.0,56.0,3.0,2.0,2.0,4.0,22.0
6449,RHEA:47908,valid,,16.0,17.0,3.0,2.0,2.0,4.0,18.0
6450,RHEA:47912,valid,,16.0,16.0,4.0,2.0,4.0,6.0,22.0
6451,RHEA:47916,valid,,60.0,61.0,3.0,2.0,2.0,4.0,22.0
6452,RHEA:47924,valid,,15.0,15.0,3.0,2.0,2.0,4.0,20.0
6453,RHEA:47928,valid,,58.0,60.0,8.0,7.0,8.0,15.0,47.0
6454,RHEA:47932,valid,,54.0,56.0,8.0,7.0,8.0,15.0,47.0
6455,RHEA:47936,valid,,58.0,60.0,8.0,7.0,8.0,15.0,46.0
6456,RHEA:47940,valid,,81.0,81.0,3.0,2.0,2.0,4.0,17.0
6457,RHEA:47944,valid,,20.0,21.0,3.0,2.0,2.0,4.0,18.0
6458,RHEA:47948,valid,,23.0,23.0,4.0,2.0,3.0,5.0,22.0
6459,RHEA:47952,valid,,12.0,12.0,3.0,2.0,2.0,4.0,16.0
6460,RHEA:47956,valid,,14.0,15.0,3.0,2.0,2.0,4.0,19.0
6461,RHEA:47960,valid,,17.0,17.0,4.0,2.0,3.0,5.0,23.0
6462,RHEA:47964,valid,,17.0,17.0,5.0,2.0,3.0,5.0,29.0
6463,RHEA:47968,valid,,67.0,67.0,3.0,2.0,2.0,4.0,17.0
6464,RHEA:47972,valid,,35.0,35.0,4.0,2.0,4.0,6.0,22.0
6465,RHEA:47984,valid,,40.0,40.0,8.0,7.0,5.0,12.0,52.0
6466,RHEA:47988,valid,,56.0,57.0,8.0,7.0,8.0,15.0,48.0
6467,RHEA:47992,valid,,93.0,93.0,4.0,4.0,0.0,4.0,22.0
6468,RHEA:47996,valid,,46.0,46.0,8.0,7.0,8.0,15.0,41.0
6469,RHEA:48000,valid,,50.0,50.0,8.0,7.0,8.0,15.0,41.0
6470,RHEA:48004,valid,,26.0,26.0,6.0,5.0,4.0,9.0,30.0
6471,RHEA:48008,valid,,103.0,103.0,9.0,8.0,9.0,17.0,49.0
6472,RHEA:48012,valid,,62.0,63.0,17.0,16.0,16.0,32.0,79.0
6473,RHEA:48016,valid,,58.0,59.0,17.0,16.0,16.0,32.0,79.0
6474,RHEA:48020,valid,,44.0,44.0,3.0,2.0,2.0,4.0,17.0
6475,RHEA:48024,valid,,15.0,18.0,6.0,4.0,1.0,5.0,25.0
6476,RHEA:48028,valid,,13.0,16.0,6.0,4.0,1.0,5.0,26.0
6477,RHEA:48064,valid,,112.0,112.0,3.0,2.0,2.0,4.0,18.0
6478,RHEA:48068,valid,,81.0,81.0,3.0,2.0,2.0,4.0,18.0
6479,RHEA:48072,valid,,92.0,92.0,3.0,2.0,2.0,4.0,18.0
6480,RHEA:48076,valid,,14.0,14.0,4.0,2.0,4.0,6.0,24.0
6481,RHEA:48080,valid,,53.0,54.0,11.0,7.0,7.0,14.0,56.0
6482,RHEA:48096,valid,,67.0,69.0,7.0,6.0,4.0,10.0,32.0
6483,RHEA:48100,valid,,40.0,41.0,5.0,4.0,3.0,7.0,32.0
6484,RHEA:48104,valid,,41.0,42.0,3.0,2.0,2.0,4.0,19.0
6485,RHEA:48108,valid,,67.0,69.0,6.0,4.0,4.0,8.0,26.0
6486,RHEA:48120,valid,,73.0,73.0,3.0,2.0,2.0,4.0,18.0
6487,RHEA:48124,valid,,87.0,87.0,3.0,2.0,2.0,4.0,18.0
6488,RHEA:48128,valid,,25.0,26.0,3.0,2.0,2.0,4.0,18.0
6489,RHEA:48132,valid,,21.0,21.0,4.0,2.0,3.0,5.0,22.0
6490,RHEA:48136,valid,,53.0,53.0,3.0,2.0,2.0,4.0,18.0
6491,RHEA:48140,valid,,54.0,54.0,23.0,25.0,14.0,39.0,103.0
6492,RHEA:48172,valid,,67.0,67.0,3.0,2.0,2.0,4.0,18.0
6493,RHEA:48176,valid,,112.0,112.0,10.0,6.0,6.0,12.0,52.0
6494,RHEA:48180,valid,,110.0,110.0,10.0,6.0,6.0,12.0,52.0
6495,RHEA:48184,valid,,124.0,124.0,10.0,6.0,6.0,12.0,52.0
6496,RHEA:48188,valid,,120.0,120.0,10.0,6.0,6.0,12.0,52.0
6497,RHEA:48192,valid,,120.0,120.0,10.0,6.0,6.0,12.0,52.0
6498,RHEA:48196,valid,,119.0,119.0,10.0,6.0,6.0,12.0,52.0
6499,RHEA:48200,valid,,113.0,113.0,10.0,6.0,6.0,12.0,52.0
6500,RHEA:48204,valid,,117.0,117.0,10.0,6.0,6.0,12.0,52.0
6501,RHEA:48208,valid,,111.0,111.0,10.0,6.0,6.0,12.0,52.0
6502,RHEA:48212,valid,,96.0,96.0,3.0,2.0,2.0,4.0,17.0
6503,RHEA:48216,valid,,128.0,128.0,10.0,6.0,6.0,12.0,52.0
6504,RHEA:48220,valid,,125.0,125.0,10.0,6.0,6.0,12.0,52.0
6505,RHEA:48224,valid,,82.0,82.0,3.0,2.0,2.0,4.0,17.0
6506,RHEA:48228,valid,,35.0,36.0,3.0,2.0,2.0,4.0,21.0
6507,RHEA:48232,valid,,60.0,61.0,3.0,2.0,2.0,4.0,22.0
6508,RHEA:48240,zero_fallback,missing_mapping,,,,,,,
6509,RHEA:48244,valid,,98.0,99.0,4.0,4.0,1.0,5.0,27.0
6510,RHEA:48248,valid,,148.0,149.0,5.0,5.0,2.0,7.0,33.0
6511,RHEA:48256,valid,,107.0,107.0,10.0,6.0,6.0,12.0,55.0
6512,RHEA:48260,valid,,118.0,119.0,3.0,2.0,2.0,4.0,22.0
6513,RHEA:48272,valid,,109.0,109.0,10.0,6.0,6.0,12.0,55.0
6514,RHEA:48276,valid,,51.0,51.0,3.0,2.0,2.0,4.0,17.0
6515,RHEA:48280,valid,,102.0,103.0,4.0,4.0,1.0,5.0,27.0
6516,RHEA:48288,valid,,93.0,94.0,4.0,4.0,1.0,5.0,27.0
6517,RHEA:48292,valid,,115.0,116.0,3.0,2.0,2.0,4.0,21.0
6518,RHEA:48296,valid,,31.0,32.0,5.0,4.0,2.0,6.0,23.0
6519,RHEA:48300,valid,,31.0,32.0,3.0,2.0,2.0,4.0,19.0
6520,RHEA:48304,valid,,109.0,110.0,3.0,2.0,2.0,4.0,21.0
6521,RHEA:48308,valid,,59.0,60.0,9.0,9.0,4.0,13.0,46.0
6522,RHEA:48312,valid,,106.0,106.0,14.0,15.0,13.0,28.0,66.0
6523,RHEA:48316,valid,,118.0,119.0,3.0,2.0,2.0,4.0,22.0
6524,RHEA:48320,valid,,95.0,96.0,3.0,2.0,2.0,4.0,21.0
6525,RHEA:48324,valid,,135.0,136.0,5.0,4.0,2.0,6.0,31.0
6526,RHEA:48328,valid,,109.0,110.0,3.0,2.0,2.0,4.0,21.0
6527,RHEA:48332,valid,,109.0,110.0,3.0,2.0,2.0,4.0,21.0
6528,RHEA:48336,valid,,134.0,135.0,5.0,4.0,2.0,6.0,31.0
6529,RHEA:48340,valid,,83.0,83.0,6.0,4.0,3.0,7.0,35.0
6530,RHEA:48344,valid,,46.0,47.0,3.0,2.0,2.0,4.0,22.0
6531,RHEA:48348,valid,,22.0,22.0,3.0,2.0,2.0,4.0,22.0
6532,RHEA:48352,zero_fallback,missing_mapping,,,,,,,
6533,RHEA:48356,zero_fallback,missing_mapping,,,,,,,
6534,RHEA:48360,valid,,7.0,7.0,3.0,2.0,2.0,4.0,15.0
6535,RHEA:48364,valid,,120.0,121.0,3.0,2.0,2.0,4.0,21.0
6536,RHEA:48368,valid,,120.0,121.0,3.0,2.0,2.0,4.0,21.0
6537,RHEA:48372,valid,,33.0,35.0,6.0,4.0,1.0,5.0,28.0
6538,RHEA:48376,valid,,95.0,96.0,3.0,2.0,2.0,4.0,21.0
6539,RHEA:48380,valid,,106.0,107.0,3.0,2.0,2.0,4.0,21.0
6540,RHEA:48384,valid,,8.0,8.0,3.0,2.0,2.0,4.0,15.0
6541,RHEA:48388,zero_fallback,missing_mapping,,,,,,,
6542,RHEA:48392,valid,,115.0,116.0,3.0,2.0,2.0,4.0,21.0
6543,RHEA:48396,valid,,45.0,46.0,4.0,2.0,3.0,5.0,27.0
6544,RHEA:48400,valid,,21.0,21.0,6.0,6.0,2.0,8.0,31.0
6545,RHEA:48404,valid,,56.0,57.0,3.0,2.0,2.0,4.0,22.0
6546,RHEA:48412,valid,,72.0,72.0,3.0,2.0,2.0,4.0,17.0
6547,RHEA:48424,valid,,54.0,54.0,5.0,4.0,4.0,8.0,31.0
6548,RHEA:48428,valid,,26.0,27.0,3.0,2.0,2.0,4.0,19.0
6549,RHEA:48432,valid,,51.0,52.0,3.0,2.0,2.0,4.0,22.0
6550,RHEA:48436,valid,,9.0,10.0,3.0,2.0,2.0,4.0,17.0
6551,RHEA:48480,valid,,80.0,81.0,3.0,2.0,2.0,4.0,22.0
6552,RHEA:48484,valid,,7.0,8.0,3.0,2.0,2.0,4.0,17.0
6553,RHEA:48488,valid,,72.0,73.0,8.0,7.0,8.0,15.0,48.0
6554,RHEA:48492,valid,,80.0,81.0,3.0,2.0,2.0,4.0,22.0
6555,RHEA:48496,valid,,78.0,79.0,3.0,2.0,2.0,4.0,22.0
6556,RHEA:48500,valid,,7.0,17.0,15.0,13.0,5.0,18.0,49.0
6557,RHEA:48504,valid,,23.0,23.0,3.0,2.0,2.0,4.0,17.0
6558,RHEA:48508,valid,,77.0,78.0,8.0,7.0,8.0,15.0,46.0
6559,RHEA:48512,valid,,35.0,36.0,3.0,2.0,2.0,4.0,18.0
6560,RHEA:48516,valid,,42.0,45.0,6.0,4.0,1.0,5.0,25.0
6561,RHEA:48520,valid,,25.0,26.0,3.0,2.0,2.0,4.0,17.0
6562,RHEA:48536,valid,,31.0,34.0,6.0,4.0,1.0,5.0,25.0
6563,RHEA:48540,valid,,31.0,34.0,6.0,4.0,1.0,5.0,25.0
6564,RHEA:48544,valid,,37.0,37.0,3.0,2.0,2.0,4.0,20.0
6565,RHEA:48548,valid,,12.0,13.0,3.0,2.0,2.0,4.0,17.0
6566,RHEA:48556,valid,,32.0,32.0,6.0,4.0,3.0,7.0,39.0
6567,RHEA:48560,valid,,29.0,29.0,3.0,2.0,2.0,4.0,19.0
6568,RHEA:48564,valid,,30.0,30.0,3.0,2.0,2.0,4.0,19.0
6569,RHEA:48568,valid,,11.0,13.0,10.0,10.0,9.0,19.0,45.0
6570,RHEA:48572,valid,,12.0,14.0,10.0,10.0,9.0,19.0,46.0
6571,RHEA:48576,valid,,11.0,13.0,10.0,9.0,8.0,17.0,40.0
6572,RHEA:48580,valid,,11.0,11.0,4.0,2.0,3.0,5.0,24.0
6573,RHEA:48584,valid,,50.0,50.0,14.0,11.0,8.0,19.0,42.0
6574,RHEA:48588,valid,,50.0,50.0,26.0,23.0,8.0,31.0,46.0
6575,RHEA:48592,valid,,15.0,15.0,10.0,9.0,10.0,19.0,30.0
6576,RHEA:48596,valid,,18.0,21.0,6.0,4.0,1.0,5.0,25.0
6577,RHEA:48600,valid,,35.0,36.0,3.0,2.0,2.0,4.0,18.0
6578,RHEA:48604,valid,,62.0,63.0,3.0,2.0,2.0,4.0,22.0
6579,RHEA:48608,valid,,54.0,56.0,5.0,3.0,2.0,5.0,18.0
6580,RHEA:48612,valid,,43.0,43.0,6.0,4.0,3.0,7.0,33.0
6581,RHEA:48616,valid,,35.0,35.0,3.0,2.0,2.0,4.0,19.0
6582,RHEA:48620,valid,,64.0,64.0,4.0,2.0,4.0,6.0,20.0
6583,RHEA:48624,valid,,25.0,25.0,5.0,4.0,2.0,6.0,28.0
6584,RHEA:48628,valid,,42.0,43.0,3.0,2.0,2.0,4.0,19.0
6585,RHEA:48632,valid,,24.0,24.0,3.0,2.0,2.0,4.0,18.0
6586,RHEA:48636,valid,,24.0,24.0,3.0,2.0,2.0,4.0,18.0
6587,RHEA:48640,valid,,67.0,68.0,8.0,7.0,8.0,15.0,48.0
6588,RHEA:48644,valid,,25.0,25.0,6.0,6.0,0.0,6.0,24.0
6589,RHEA:48648,valid,,58.0,59.0,11.0,7.0,7.0,14.0,57.0
6590,RHEA:48652,valid,,58.0,59.0,11.0,7.0,7.0,14.0,57.0
6591,RHEA:48656,valid,,56.0,57.0,11.0,7.0,7.0,14.0,57.0
6592,RHEA:48660,valid,,56.0,57.0,11.0,7.0,7.0,14.0,57.0
6593,RHEA:48664,valid,,56.0,57.0,11.0,7.0,7.0,14.0,57.0
6594,RHEA:48668,valid,,58.0,59.0,12.0,7.0,8.0,15.0,59.0
6595,RHEA:48672,valid,,58.0,60.0,11.0,7.0,7.0,14.0,56.0
6596,RHEA:48676,valid,,57.0,58.0,11.0,7.0,7.0,14.0,57.0
6597,RHEA:48680,valid,,102.0,103.0,8.0,7.0,8.0,15.0,48.0
6598,RHEA:48684,valid,,21.0,21.0,3.0,2.0,2.0,4.0,19.0
6599,RHEA:48688,valid,,66.0,66.0,3.0,2.0,2.0,4.0,19.0
6600,RHEA:48692,valid,,38.0,41.0,6.0,4.0,1.0,5.0,26.0
6601,RHEA:48696,valid,,27.0,30.0,6.0,4.0,1.0,5.0,25.0
6602,RHEA:48700,valid,,22.0,24.0,7.0,5.0,1.0,6.0,31.0
6603,RHEA:48704,valid,,24.0,24.0,5.0,4.0,2.0,6.0,27.0
6604,RHEA:48708,valid,,33.0,35.0,6.0,4.0,1.0,5.0,28.0
6605,RHEA:48712,valid,,4.0,4.0,4.0,1.0,4.0,5.0,8.0
6606,RHEA:48716,valid,,22.0,22.0,3.0,2.0,2.0,4.0,18.0
6607,RHEA:48720,valid,,73.0,73.0,14.0,13.0,12.0,25.0,72.0
6608,RHEA:48732,valid,,17.0,18.0,3.0,2.0,2.0,4.0,19.0
6609,RHEA:48736,valid,,55.0,56.0,11.0,7.0,7.0,14.0,57.0
6610,RHEA:48740,valid,,21.0,21.0,3.0,2.0,2.0,4.0,22.0
6611,RHEA:48744,valid,,41.0,41.0,7.0,6.0,3.0,9.0,39.0
6612,RHEA:48748,valid,,52.0,53.0,8.0,7.0,8.0,15.0,48.0
6613,RHEA:48752,valid,,46.0,47.0,7.0,6.0,3.0,9.0,38.0
6614,RHEA:48756,valid,,52.0,53.0,8.0,7.0,8.0,15.0,48.0
6615,RHEA:48760,valid,,52.0,53.0,8.0,7.0,8.0,15.0,48.0
6616,RHEA:48768,valid,,39.0,40.0,3.0,2.0,2.0,4.0,22.0
6617,RHEA:48776,valid,,58.0,59.0,11.0,7.0,7.0,14.0,57.0
6618,RHEA:48780,valid,,39.0,40.0,3.0,2.0,2.0,4.0,22.0
6619,RHEA:48784,valid,,12.0,12.0,4.0,2.0,4.0,6.0,25.0
6620,RHEA:48792,valid,,95.0,96.0,3.0,2.0,2.0,4.0,21.0
6621,RHEA:48796,valid,,58.0,59.0,11.0,7.0,7.0,14.0,57.0
6622,RHEA:48800,valid,,95.0,96.0,3.0,2.0,2.0,4.0,21.0
6623,RHEA:48804,valid,,26.0,26.0,5.0,4.0,3.0,7.0,26.0
6624,RHEA:48808,valid,,26.0,26.0,5.0,4.0,3.0,7.0,27.0
6625,RHEA:48812,valid,,26.0,26.0,5.0,4.0,3.0,7.0,27.0
6626,RHEA:48816,valid,,27.0,27.0,5.0,4.0,3.0,7.0,26.0
6627,RHEA:48820,valid,,27.0,27.0,5.0,4.0,3.0,7.0,26.0
6628,RHEA:48824,valid,,95.0,96.0,3.0,2.0,2.0,4.0,21.0
6629,RHEA:48828,valid,,58.0,58.0,9.0,8.0,9.0,17.0,49.0
6630,RHEA:48832,valid,,24.0,24.0,5.0,4.0,2.0,6.0,28.0
6631,RHEA:48836,valid,,25.0,25.0,5.0,4.0,3.0,7.0,27.0
6632,RHEA:48840,valid,,25.0,25.0,5.0,4.0,3.0,7.0,26.0
6633,RHEA:48844,valid,,24.0,24.0,5.0,4.0,2.0,6.0,28.0
6634,RHEA:48848,valid,,22.0,22.0,5.0,4.0,2.0,6.0,28.0
6635,RHEA:48852,valid,,27.0,27.0,5.0,4.0,3.0,7.0,26.0
6636,RHEA:48856,valid,,25.0,25.0,2.0,1.0,2.0,3.0,12.0
6637,RHEA:48860,valid,,25.0,25.0,5.0,4.0,2.0,6.0,28.0
6638,RHEA:48864,valid,,60.0,62.0,11.0,7.0,7.0,14.0,57.0
6639,RHEA:48868,valid,,45.0,47.0,3.0,2.0,2.0,4.0,17.0
6640,RHEA:48872,valid,,63.0,64.0,3.0,2.0,2.0,4.0,22.0
6641,RHEA:48876,valid,,23.0,23.0,3.0,2.0,2.0,4.0,18.0
6642,RHEA:48880,valid,,15.0,15.0,13.0,16.0,10.0,26.0,39.0
6643,RHEA:48884,valid,,93.0,94.0,8.0,7.0,8.0,15.0,48.0
6644,RHEA:48888,valid,,62.0,62.0,4.0,2.0,4.0,6.0,20.0
6645,RHEA:48892,valid,,24.0,24.0,3.0,2.0,2.0,4.0,18.0
6646,RHEA:48904,valid,,47.0,48.0,3.0,2.0,2.0,4.0,22.0
6647,RHEA:48908,valid,,48.0,49.0,3.0,2.0,2.0,4.0,21.0
6648,RHEA:48912,zero_fallback,missing_mapping,,,,,,,
6649,RHEA:48916,valid,,118.0,119.0,6.0,6.0,2.0,8.0,39.0
6650,RHEA:48924,valid,,96.0,97.0,3.0,2.0,2.0,4.0,22.0
6651,RHEA:48928,valid,,82.0,83.0,4.0,4.0,1.0,5.0,27.0
6652,RHEA:48932,zero_fallback,missing_mapping,,,,,,,
6653,RHEA:48936,valid,,21.0,21.0,6.0,6.0,2.0,8.0,31.0
6654,RHEA:48940,valid,,12.0,12.0,3.0,2.0,2.0,4.0,19.0
6655,RHEA:48944,valid,,86.0,87.0,7.0,3.0,6.0,9.0,38.0
6656,RHEA:48948,valid,,86.0,87.0,7.0,3.0,6.0,9.0,38.0
6657,RHEA:48952,valid,,69.0,70.0,8.0,7.0,8.0,15.0,48.0
6658,RHEA:48956,valid,,17.0,17.0,4.0,2.0,4.0,6.0,17.0
6659,RHEA:48960,valid,,18.0,18.0,4.0,2.0,4.0,6.0,17.0
6660,RHEA:48964,valid,,34.0,34.0,6.0,4.0,4.0,8.0,31.0
6661,RHEA:48968,valid,,33.0,33.0,6.0,4.0,4.0,8.0,31.0
6662,RHEA:48972,valid,,36.0,37.0,4.0,2.0,3.0,5.0,21.0
6663,RHEA:48976,valid,,64.0,64.0,11.0,10.0,9.0,19.0,58.0
6664,RHEA:48980,valid,,12.0,14.0,12.0,17.0,9.0,26.0,51.0
6665,RHEA:48984,valid,,25.0,25.0,7.0,7.0,2.0,9.0,36.0
6666,RHEA:48996,valid,,11.0,12.0,9.0,10.0,8.0,18.0,44.0
6667,RHEA:49000,valid,,74.0,74.0,17.0,16.0,13.0,29.0,89.0
6668,RHEA:49004,valid,,78.0,78.0,17.0,16.0,13.0,29.0,89.0
6669,RHEA:49024,valid,,17.0,17.0,4.0,2.0,4.0,6.0,18.0
6670,RHEA:49028,valid,,60.0,61.0,14.0,11.0,7.0,18.0,69.0
6671,RHEA:49032,valid,,61.0,62.0,11.0,7.0,7.0,14.0,57.0
6672,RHEA:49036,valid,,53.0,54.0,3.0,2.0,2.0,4.0,19.0
6673,RHEA:49040,valid,,55.0,56.0,3.0,2.0,2.0,4.0,19.0
6674,RHEA:49044,valid,,84.0,84.0,15.0,15.0,15.0,30.0,77.0
6675,RHEA:49048,valid,,40.0,40.0,5.0,2.0,5.0,7.0,23.0
6676,RHEA:49052,valid,,77.0,77.0,14.0,13.0,12.0,25.0,80.0
6677,RHEA:49056,valid,,81.0,81.0,14.0,13.0,12.0,25.0,80.0
6678,RHEA:49060,valid,,35.0,35.0,12.0,8.0,7.0,15.0,57.0
6679,RHEA:49064,valid,,40.0,40.0,5.0,2.0,5.0,7.0,23.0
6680,RHEA:49068,valid,,40.0,40.0,5.0,2.0,5.0,7.0,23.0
6681,RHEA:49072,valid,,79.0,81.0,25.0,19.0,11.0,30.0,68.0
6682,RHEA:49076,valid,,46.0,47.0,15.0,10.0,6.0,16.0,63.0
6683,RHEA:49080,valid,,47.0,48.0,11.0,7.0,5.0,12.0,55.0
6684,RHEA:49084,valid,,59.0,60.0,12.0,7.0,8.0,15.0,61.0
6685,RHEA:49088,valid,,84.0,84.0,10.0,6.0,6.0,12.0,52.0
6686,RHEA:49092,valid,,28.0,29.0,5.0,4.0,2.0,6.0,27.0
6687,RHEA:49096,valid,,126.0,130.0,28.0,23.0,16.0,39.0,103.0
6688,RHEA:49112,valid,,44.0,44.0,3.0,2.0,2.0,4.0,19.0
6689,RHEA:49116,valid,,76.0,76.0,9.0,8.0,9.0,17.0,49.0
6690,RHEA:49120,valid,,77.0,77.0,9.0,8.0,9.0,17.0,49.0
6691,RHEA:49124,valid,,76.0,76.0,9.0,8.0,9.0,17.0,49.0
6692,RHEA:49140,valid,,42.0,42.0,4.0,1.0,4.0,5.0,19.0
6693,RHEA:49144,valid,,43.0,43.0,4.0,4.0,2.0,6.0,26.0
6694,RHEA:49148,valid,,87.0,89.0,5.0,4.0,3.0,7.0,20.0
6695,RHEA:49160,valid,,44.0,45.0,11.0,7.0,7.0,14.0,56.0
6696,RHEA:49168,valid,,68.0,69.0,3.0,2.0,2.0,4.0,18.0
6697,RHEA:49172,valid,,69.0,70.0,3.0,2.0,2.0,4.0,19.0
6698,RHEA:49176,valid,,70.0,71.0,3.0,2.0,2.0,4.0,20.0
6699,RHEA:49180,valid,,69.0,70.0,3.0,2.0,2.0,4.0,20.0
6700,RHEA:49192,valid,,40.0,40.0,5.0,2.0,5.0,7.0,23.0
6701,RHEA:49196,valid,,40.0,40.0,6.0,2.0,6.0,8.0,25.0
6702,RHEA:49204,valid,,39.0,39.0,5.0,2.0,5.0,7.0,23.0
6703,RHEA:49208,valid,,39.0,39.0,5.0,2.0,5.0,7.0,23.0
6704,RHEA:49212,valid,,39.0,39.0,5.0,2.0,5.0,7.0,23.0
6705,RHEA:49216,valid,,23.0,23.0,4.0,2.0,3.0,5.0,22.0
6706,RHEA:49232,valid,,28.0,28.0,4.0,2.0,2.0,4.0,28.0
6707,RHEA:49240,valid,,31.0,31.0,4.0,2.0,2.0,4.0,28.0
6708,RHEA:49244,valid,,69.0,70.0,8.0,7.0,8.0,15.0,48.0
6709,RHEA:49248,valid,,28.0,28.0,4.0,2.0,2.0,4.0,28.0
6710,RHEA:49252,valid,,28.0,28.0,4.0,2.0,2.0,4.0,28.0
6711,RHEA:49260,valid,,28.0,28.0,4.0,2.0,2.0,4.0,28.0
6712,RHEA:49264,valid,,25.0,26.0,3.0,2.0,2.0,4.0,18.0
6713,RHEA:49268,valid,,40.0,40.0,5.0,2.0,5.0,7.0,23.0
6714,RHEA:49272,valid,,62.0,63.0,11.0,7.0,7.0,14.0,57.0
6715,RHEA:49276,valid,,54.0,54.0,4.0,4.0,0.0,4.0,22.0
6716,RHEA:49284,valid,,45.0,45.0,4.0,2.0,3.0,5.0,29.0
6717,RHEA:49288,valid,,54.0,55.0,6.0,4.0,3.0,7.0,37.0
6718,RHEA:49292,valid,,39.0,39.0,4.0,2.0,2.0,4.0,28.0
6719,RHEA:49296,valid,,28.0,28.0,4.0,2.0,2.0,4.0,28.0
6720,RHEA:49300,valid,,39.0,39.0,4.0,2.0,2.0,4.0,28.0
6721,RHEA:49304,valid,,96.0,96.0,3.0,2.0,2.0,4.0,17.0
6722,RHEA:49308,valid,,82.0,82.0,3.0,2.0,2.0,4.0,17.0
6723,RHEA:49312,valid,,62.0,63.0,11.0,9.0,10.0,19.0,67.0
6724,RHEA:49316,valid,,51.0,51.0,6.0,4.0,3.0,7.0,27.0
6725,RHEA:49320,valid,,44.0,44.0,4.0,4.0,0.0,4.0,23.0
6726,RHEA:49324,valid,,44.0,44.0,4.0,4.0,0.0,4.0,23.0
6727,RHEA:49372,valid,,72.0,72.0,9.0,8.0,9.0,17.0,49.0
6728,RHEA:49376,valid,,54.0,55.0,11.0,7.0,7.0,14.0,57.0
6729,RHEA:49380,valid,,56.0,57.0,11.0,7.0,7.0,14.0,57.0
6730,RHEA:49384,valid,,54.0,55.0,11.0,7.0,7.0,14.0,57.0
6731,RHEA:49388,valid,,59.0,60.0,3.0,2.0,2.0,4.0,21.0
6732,RHEA:49392,valid,,40.0,40.0,5.0,2.0,5.0,7.0,23.0
6733,RHEA:49396,valid,,40.0,40.0,5.0,2.0,5.0,7.0,23.0
6734,RHEA:49400,valid,,28.0,28.0,4.0,2.0,3.0,5.0,22.0
6735,RHEA:49404,valid,,28.0,28.0,6.0,4.0,3.0,7.0,32.0
6736,RHEA:49416,valid,,41.0,42.0,3.0,2.0,2.0,4.0,22.0
6737,RHEA:49420,valid,,43.0,44.0,3.0,2.0,2.0,4.0,22.0
6738,RHEA:49424,valid,,43.0,44.0,3.0,2.0,2.0,4.0,22.0
6739,RHEA:49428,valid,,36.0,36.0,6.0,4.0,2.0,6.0,35.0
6740,RHEA:49432,valid,,103.0,103.0,6.0,4.0,4.0,8.0,28.0
6741,RHEA:49436,valid,,104.0,104.0,8.0,8.0,0.0,8.0,34.0
6742,RHEA:49444,valid,,61.0,62.0,3.0,2.0,2.0,4.0,19.0
6743,RHEA:49452,valid,,27.0,27.0,3.0,2.0,2.0,4.0,18.0
6744,RHEA:49456,valid,,17.0,17.0,4.0,3.0,3.0,6.0,24.0
6745,RHEA:49460,valid,,12.0,12.0,3.0,2.0,2.0,4.0,15.0
6746,RHEA:49464,valid,,11.0,11.0,3.0,2.0,2.0,4.0,19.0
6747,RHEA:49468,valid,,51.0,52.0,3.0,2.0,2.0,4.0,22.0
6748,RHEA:49472,valid,,44.0,45.0,3.0,2.0,2.0,4.0,21.0
6749,RHEA:49488,valid,,48.0,48.0,4.0,3.0,4.0,7.0,26.0
6750,RHEA:49516,valid,,37.0,37.0,9.0,8.0,2.0,10.0,46.0
6751,RHEA:49520,valid,,37.0,37.0,7.0,7.0,2.0,9.0,35.0
6752,RHEA:49524,valid,,36.0,36.0,7.0,7.0,2.0,9.0,35.0
6753,RHEA:49532,valid,,16.0,17.0,3.0,2.0,2.0,4.0,19.0
6754,RHEA:49548,valid,,19.0,20.0,5.0,4.0,2.0,6.0,30.0
6755,RHEA:49552,valid,,17.0,18.0,5.0,4.0,2.0,6.0,30.0
6756,RHEA:49556,valid,,14.0,15.0,5.0,4.0,2.0,6.0,30.0
6757,RHEA:49560,valid,,18.0,19.0,10.0,6.0,7.0,13.0,50.0
6758,RHEA:49564,valid,,18.0,18.0,6.0,4.0,4.0,8.0,38.0
6759,RHEA:49568,valid,,26.0,26.0,3.0,2.0,2.0,4.0,21.0
6760,RHEA:49572,valid,,49.0,49.0,17.0,16.0,13.0,29.0,50.0
6761,RHEA:49576,valid,,61.0,61.0,10.0,7.0,7.0,14.0,62.0
6762,RHEA:49580,valid,,32.0,32.0,10.0,10.0,6.0,16.0,63.0
6763,RHEA:49584,valid,,12.0,12.0,0.0,0.0,0.0,0.0,0.0
6764,RHEA:49588,valid,,12.0,12.0,4.0,4.0,0.0,4.0,22.0
6765,RHEA:49592,valid,,54.0,54.0,3.0,2.0,2.0,4.0,21.0
6766,RHEA:49604,valid,,70.0,71.0,8.0,7.0,8.0,15.0,47.0
6767,RHEA:49608,valid,,71.0,73.0,8.0,7.0,8.0,15.0,46.0
6768,RHEA:49612,valid,,54.0,55.0,8.0,7.0,8.0,15.0,48.0
6769,RHEA:49616,valid,,51.0,53.0,8.0,7.0,8.0,15.0,47.0
6770,RHEA:49620,valid,,60.0,61.0,8.0,7.0,8.0,15.0,48.0
6771,RHEA:49624,valid,,39.0,40.0,3.0,2.0,2.0,4.0,22.0
6772,RHEA:49628,zero_fallback,ValueError:RDKit could not parse mapped reaction,,,,,,,
6773,RHEA:49632,valid,,38.0,39.0,13.0,11.0,12.0,23.0,71.0
6774,RHEA:49636,valid,,8.0,9.0,4.0,2.0,4.0,6.0,17.0
6775,RHEA:49652,valid,,73.0,73.0,9.0,8.0,9.0,17.0,49.0
6776,RHEA:49668,valid,,72.0,72.0,9.0,8.0,9.0,17.0,49.0
6777,RHEA:49684,valid,,54.0,54.0,9.0,8.0,9.0,17.0,49.0
6778,RHEA:49708,valid,,55.0,56.0,3.0,2.0,2.0,4.0,21.0
6779,RHEA:49716,valid,,86.0,86.0,9.0,8.0,9.0,17.0,49.0
6780,RHEA:49772,valid,,80.0,81.0,3.0,2.0,2.0,4.0,22.0
6781,RHEA:49780,valid,,76.0,77.0,3.0,2.0,2.0,4.0,22.0
6782,RHEA:49784,valid,,82.0,83.0,3.0,2.0,2.0,4.0,22.0
6783,RHEA:49788,valid,,80.0,81.0,3.0,2.0,2.0,4.0,22.0
6784,RHEA:49792,valid,,74.0,75.0,3.0,2.0,2.0,4.0,22.0
6785,RHEA:49804,valid,,38.0,40.0,11.0,7.0,7.0,14.0,57.0
6786,RHEA:49808,valid,,17.0,17.0,10.0,9.0,10.0,19.0,32.0
6787,RHEA:49816,valid,,6.0,8.0,6.0,2.0,6.0,8.0,15.0
6788,RHEA:49828,valid,,116.0,116.0,10.0,6.0,6.0,12.0,52.0
6789,RHEA:49832,valid,,48.0,50.0,8.0,7.0,8.0,15.0,45.0
6790,RHEA:49852,valid,,57.0,57.0,3.0,2.0,2.0,4.0,19.0
6791,RHEA:49856,valid,,55.0,56.0,12.0,9.0,5.0,14.0,59.0
6792,RHEA:49860,valid,,55.0,56.0,12.0,9.0,5.0,14.0,59.0
6793,RHEA:49876,valid,,55.0,56.0,12.0,9.0,5.0,14.0,57.0
6794,RHEA:49880,valid,,55.0,56.0,12.0,9.0,5.0,14.0,57.0
6795,RHEA:49884,valid,,55.0,56.0,12.0,9.0,5.0,14.0,57.0
6796,RHEA:49888,valid,,22.0,22.0,8.0,7.0,8.0,15.0,40.0
6797,RHEA:49892,valid,,22.0,22.0,6.0,4.0,4.0,8.0,31.0
6798,RHEA:49928,valid,,55.0,56.0,12.0,9.0,5.0,14.0,57.0
6799,RHEA:49932,valid,,57.0,57.0,3.0,2.0,2.0,4.0,20.0
6800,RHEA:49936,valid,,55.0,56.0,12.0,9.0,5.0,14.0,59.0
6801,RHEA:49940,valid,,19.0,19.0,6.0,4.0,4.0,8.0,31.0
6802,RHEA:49948,valid,,19.0,19.0,9.0,6.0,6.0,12.0,50.0
6803,RHEA:49968,valid,,55.0,56.0,11.0,7.0,7.0,14.0,57.0
6804,RHEA:49972,valid,,55.0,56.0,11.0,7.0,7.0,14.0,57.0
6805,RHEA:49976,valid,,54.0,56.0,3.0,2.0,2.0,4.0,17.0
6806,RHEA:49980,valid,,56.0,58.0,3.0,2.0,2.0,4.0,17.0
6807,RHEA:49984,valid,,65.0,65.0,9.0,8.0,9.0,17.0,51.0
6808,RHEA:49988,valid,,54.0,54.0,10.0,10.0,7.0,17.0,53.0
6809,RHEA:49992,valid,,49.0,49.0,9.0,8.0,9.0,17.0,49.0
6810,RHEA:49996,valid,,58.0,58.0,13.0,5.0,12.0,17.0,26.0
6811,RHEA:50004,valid,,82.0,82.0,11.0,10.0,9.0,19.0,60.0
6812,RHEA:50008,valid,,77.0,77.0,10.0,8.0,10.0,18.0,54.0
6813,RHEA:50012,valid,,55.0,55.0,9.0,8.0,9.0,17.0,51.0
6814,RHEA:50016,valid,,58.0,60.0,3.0,2.0,2.0,4.0,17.0
6815,RHEA:50020,valid,,60.0,62.0,3.0,2.0,2.0,4.0,17.0
6816,RHEA:50024,valid,,62.0,64.0,3.0,2.0,2.0,4.0,17.0
6817,RHEA:50028,valid,,64.0,66.0,3.0,2.0,2.0,4.0,17.0
6818,RHEA:50032,valid,,66.0,68.0,3.0,2.0,2.0,4.0,17.0
6819,RHEA:50036,valid,,77.0,79.0,3.0,2.0,2.0,4.0,17.0
6820,RHEA:50040,valid,,80.0,82.0,3.0,2.0,2.0,4.0,17.0
6821,RHEA:50044,valid,,52.0,54.0,3.0,2.0,2.0,4.0,17.0
6822,RHEA:50048,valid,,61.0,62.0,3.0,2.0,2.0,4.0,18.0
6823,RHEA:50052,valid,,67.0,68.0,4.0,2.0,3.0,5.0,21.0
6824,RHEA:50056,valid,,65.0,66.0,4.0,2.0,3.0,5.0,21.0
6825,RHEA:50060,valid,,64.0,65.0,4.0,2.0,3.0,5.0,21.0
6826,RHEA:50064,valid,,66.0,67.0,4.0,2.0,3.0,5.0,21.0
6827,RHEA:50068,valid,,64.0,65.0,4.0,2.0,3.0,5.0,21.0
6828,RHEA:50072,valid,,66.0,67.0,4.0,2.0,3.0,5.0,21.0
6829,RHEA:50076,valid,,55.0,56.0,11.0,7.0,7.0,14.0,57.0
6830,RHEA:50080,valid,,66.0,67.0,4.0,2.0,3.0,5.0,21.0
6831,RHEA:50084,valid,,69.0,70.0,4.0,2.0,3.0,5.0,21.0
6832,RHEA:50088,valid,,57.0,58.0,11.0,7.0,7.0,14.0,57.0
6833,RHEA:50096,valid,,49.0,50.0,11.0,7.0,7.0,14.0,57.0
6834,RHEA:50100,valid,,68.0,69.0,3.0,2.0,2.0,4.0,22.0
6835,RHEA:50104,valid,,70.0,71.0,3.0,2.0,2.0,4.0,22.0
6836,RHEA:50108,valid,,72.0,73.0,3.0,2.0,2.0,4.0,22.0
6837,RHEA:50112,valid,,74.0,75.0,3.0,2.0,2.0,4.0,22.0
6838,RHEA:50116,valid,,76.0,77.0,3.0,2.0,2.0,4.0,22.0
6839,RHEA:50120,valid,,80.0,81.0,3.0,2.0,2.0,4.0,22.0
6840,RHEA:50124,valid,,71.0,72.0,8.0,7.0,8.0,15.0,48.0
6841,RHEA:50128,valid,,71.0,72.0,8.0,7.0,8.0,15.0,48.0
6842,RHEA:50132,valid,,21.0,22.0,3.0,2.0,2.0,4.0,18.0
6843,RHEA:50136,valid,,23.0,24.0,3.0,2.0,2.0,4.0,18.0
6844,RHEA:50140,valid,,24.0,24.0,7.0,6.0,2.0,8.0,35.0
6845,RHEA:50144,valid,,21.0,22.0,3.0,2.0,2.0,4.0,18.0
6846,RHEA:50148,valid,,7.0,8.0,3.0,2.0,2.0,4.0,17.0
6847,RHEA:50152,valid,,24.0,24.0,3.0,2.0,2.0,4.0,18.0
6848,RHEA:50156,valid,,30.0,30.0,5.0,4.0,2.0,6.0,28.0
6849,RHEA:50160,valid,,30.0,30.0,5.0,4.0,2.0,6.0,27.0
6850,RHEA:50164,valid,,55.0,56.0,11.0,7.0,7.0,14.0,57.0
6851,RHEA:50168,valid,,28.0,28.0,5.0,4.0,2.0,6.0,27.0
6852,RHEA:50172,valid,,29.0,29.0,5.0,4.0,2.0,6.0,27.0
6853,RHEA:50176,valid,,30.0,30.0,5.0,4.0,2.0,6.0,27.0
6854,RHEA:50180,valid,,30.0,30.0,5.0,4.0,2.0,6.0,28.0
6855,RHEA:50184,valid,,29.0,29.0,5.0,4.0,2.0,6.0,28.0
6856,RHEA:50188,valid,,28.0,28.0,5.0,4.0,2.0,6.0,28.0
6857,RHEA:50192,valid,,42.0,43.0,3.0,2.0,2.0,4.0,22.0
6858,RHEA:50196,valid,,25.0,25.0,5.0,4.0,3.0,7.0,26.0
6859,RHEA:50200,valid,,25.0,25.0,5.0,4.0,3.0,7.0,27.0
6860,RHEA:50204,valid,,25.0,25.0,5.0,4.0,2.0,6.0,28.0
6861,RHEA:50208,valid,,70.0,71.0,8.0,7.0,8.0,15.0,46.0
6862,RHEA:50212,valid,,22.0,22.0,4.0,4.0,0.0,4.0,23.0
6863,RHEA:50216,valid,,24.0,24.0,6.0,6.0,0.0,6.0,32.0
6864,RHEA:50228,valid,,63.0,64.0,11.0,7.0,7.0,14.0,56.0
6865,RHEA:50236,valid,,56.0,57.0,11.0,7.0,7.0,14.0,56.0
6866,RHEA:50244,valid,,57.0,59.0,13.0,9.0,7.0,16.0,63.0
6867,RHEA:50248,valid,,45.0,45.0,5.0,4.0,1.0,5.0,27.0
6868,RHEA:50256,valid,,61.0,62.0,11.0,7.0,7.0,14.0,57.0
6869,RHEA:50260,valid,,44.0,44.0,3.0,2.0,2.0,4.0,22.0
6870,RHEA:50264,valid,,61.0,62.0,11.0,7.0,7.0,14.0,57.0
6871,RHEA:50268,valid,,25.0,25.0,7.0,6.0,2.0,8.0,35.0
6872,RHEA:50272,valid,,25.0,25.0,9.0,8.0,2.0,10.0,34.0
6873,RHEA:50276,valid,,25.0,25.0,5.0,4.0,2.0,6.0,28.0
6874,RHEA:50280,valid,,25.0,25.0,5.0,4.0,2.0,6.0,28.0
6875,RHEA:50284,valid,,25.0,25.0,5.0,4.0,2.0,6.0,28.0
6876,RHEA:50288,valid,,25.0,25.0,5.0,4.0,2.0,6.0,27.0
6877,RHEA:50292,valid,,31.0,31.0,6.0,2.0,6.0,8.0,24.0
6878,RHEA:50296,valid,,67.0,68.0,15.0,11.0,8.0,19.0,76.0
6879,RHEA:50300,valid,,31.0,31.0,5.0,2.0,5.0,7.0,23.0
6880,RHEA:50304,valid,,56.0,57.0,11.0,7.0,7.0,14.0,57.0
6881,RHEA:50308,valid,,57.0,58.0,11.0,7.0,7.0,14.0,57.0
6882,RHEA:50312,valid,,8.0,8.0,3.0,2.0,2.0,4.0,17.0
6883,RHEA:50316,valid,,23.0,24.0,3.0,2.0,2.0,4.0,18.0
6884,RHEA:50320,valid,,68.0,69.0,12.0,9.0,5.0,14.0,57.0
6885,RHEA:50324,valid,,68.0,69.0,12.0,9.0,5.0,14.0,57.0
6886,RHEA:50328,valid,,68.0,69.0,11.0,7.0,7.0,14.0,57.0
6887,RHEA:50332,valid,,68.0,69.0,11.0,7.0,7.0,14.0,57.0
6888,RHEA:50336,valid,,65.0,66.0,11.0,7.0,7.0,14.0,57.0
6889,RHEA:50344,zero_fallback,missing_mapping,,,,,,,
6890,RHEA:50352,zero_fallback,missing_mapping,,,,,,,
6891,RHEA:50356,valid,,78.0,78.0,22.0,21.0,20.0,41.0,89.0
6892,RHEA:50364,valid,,57.0,58.0,12.0,7.0,8.0,15.0,61.0
6893,RHEA:50368,valid,,56.0,56.0,10.0,8.0,10.0,18.0,53.0
6894,RHEA:50380,zero_fallback,missing_mapping,,,,,,,
6895,RHEA:50388,valid,,82.0,82.0,9.0,8.0,9.0,17.0,50.0
6896,RHEA:50396,valid,,70.0,70.0,12.0,11.0,8.0,19.0,72.0
6897,RHEA:50412,valid,,41.0,42.0,3.0,2.0,2.0,4.0,21.0
6898,RHEA:50416,valid,,43.0,44.0,3.0,2.0,2.0,4.0,21.0
6899,RHEA:50420,valid,,40.0,41.0,3.0,2.0,2.0,4.0,21.0
6900,RHEA:50424,valid,,26.0,26.0,12.0,12.0,4.0,16.0,45.0
6901,RHEA:50428,valid,,29.0,30.0,3.0,2.0,2.0,4.0,17.0
6902,RHEA:50432,valid,,27.0,27.0,2.0,1.0,2.0,3.0,12.0
6903,RHEA:50444,valid,,26.0,26.0,11.0,10.0,2.0,12.0,39.0
6904,RHEA:50448,valid,,27.0,27.0,2.0,1.0,2.0,3.0,12.0
6905,RHEA:50460,valid,,64.0,64.0,6.0,4.0,3.0,7.0,35.0
6906,RHEA:50472,valid,,111.0,111.0,7.0,6.0,2.0,8.0,42.0
6907,RHEA:50480,valid,,68.0,69.0,3.0,2.0,2.0,4.0,22.0
6908,RHEA:50484,valid,,68.0,69.0,3.0,2.0,2.0,4.0,22.0
6909,RHEA:50488,valid,,69.0,70.0,3.0,2.0,2.0,4.0,22.0
6910,RHEA:50492,valid,,69.0,70.0,3.0,2.0,2.0,4.0,22.0
6911,RHEA:50496,valid,,56.0,57.0,3.0,2.0,2.0,4.0,22.0
6912,RHEA:50500,valid,,57.0,58.0,3.0,2.0,2.0,4.0,22.0
6913,RHEA:50504,valid,,58.0,59.0,3.0,2.0,2.0,4.0,22.0
6914,RHEA:50508,valid,,59.0,60.0,3.0,2.0,2.0,4.0,22.0
6915,RHEA:50512,valid,,58.0,59.0,3.0,2.0,2.0,4.0,22.0
6916,RHEA:50516,valid,,59.0,60.0,3.0,2.0,2.0,4.0,22.0
6917,RHEA:50520,valid,,68.0,69.0,3.0,2.0,2.0,4.0,22.0
6918,RHEA:50524,valid,,68.0,69.0,3.0,2.0,2.0,4.0,22.0
6919,RHEA:50528,valid,,71.0,72.0,3.0,2.0,2.0,4.0,22.0
6920,RHEA:50532,valid,,72.0,73.0,3.0,2.0,2.0,4.0,22.0
6921,RHEA:50560,valid,,74.0,75.0,3.0,2.0,2.0,4.0,22.0
6922,RHEA:50564,valid,,65.0,66.0,3.0,2.0,2.0,4.0,22.0
6923,RHEA:50568,valid,,66.0,67.0,3.0,2.0,2.0,4.0,22.0
6924,RHEA:50572,valid,,67.0,68.0,3.0,2.0,2.0,4.0,22.0
6925,RHEA:50576,valid,,67.0,68.0,3.0,2.0,2.0,4.0,22.0
6926,RHEA:50580,valid,,69.0,70.0,3.0,2.0,2.0,4.0,22.0
6927,RHEA:50584,valid,,73.0,74.0,8.0,7.0,8.0,15.0,47.0
6928,RHEA:50588,valid,,73.0,74.0,8.0,7.0,8.0,15.0,47.0
6929,RHEA:50592,valid,,73.0,74.0,8.0,7.0,8.0,15.0,47.0
6930,RHEA:50596,valid,,58.0,59.0,3.0,2.0,2.0,4.0,22.0
6931,RHEA:50600,valid,,58.0,59.0,3.0,2.0,2.0,4.0,22.0
6932,RHEA:50604,valid,,60.0,61.0,3.0,2.0,2.0,4.0,22.0
6933,RHEA:50608,valid,,72.0,73.0,8.0,7.0,8.0,15.0,48.0
6934,RHEA:50612,valid,,59.0,60.0,8.0,7.0,8.0,15.0,47.0
6935,RHEA:50616,valid,,58.0,59.0,8.0,7.0,8.0,15.0,47.0
6936,RHEA:50648,valid,,13.0,13.0,3.0,2.0,2.0,4.0,19.0
6937,RHEA:50652,valid,,14.0,14.0,3.0,2.0,2.0,4.0,19.0
6938,RHEA:50656,valid,,13.0,13.0,3.0,2.0,2.0,4.0,18.0
6939,RHEA:50660,valid,,14.0,14.0,3.0,2.0,2.0,4.0,18.0
6940,RHEA:50664,valid,,65.0,66.0,3.0,2.0,2.0,4.0,21.0
6941,RHEA:50668,valid,,65.0,66.0,3.0,2.0,2.0,4.0,21.0
6942,RHEA:50676,valid,,10.0,10.0,4.0,2.0,3.0,5.0,22.0
6943,RHEA:50680,valid,,11.0,11.0,3.0,2.0,2.0,4.0,16.0
6944,RHEA:50692,valid,,54.0,55.0,3.0,2.0,2.0,4.0,21.0
6945,RHEA:50696,valid,,38.0,38.0,5.0,2.0,5.0,7.0,23.0
6946,RHEA:50700,valid,,39.0,39.0,5.0,2.0,5.0,7.0,23.0
6947,RHEA:50704,valid,,48.0,49.0,8.0,7.0,8.0,15.0,48.0
6948,RHEA:50708,valid,,64.0,64.0,4.0,2.0,4.0,6.0,20.0
6949,RHEA:50712,valid,,88.0,89.0,13.0,7.0,9.0,16.0,64.0
6950,RHEA:50716,valid,,38.0,40.0,13.0,10.0,7.0,17.0,63.0
6951,RHEA:50736,valid,,17.0,17.0,11.0,10.0,10.0,20.0,34.0
6952,RHEA:50740,valid,,44.0,44.0,3.0,2.0,2.0,4.0,19.0
6953,RHEA:50756,valid,,79.0,81.0,14.0,11.0,10.0,21.0,70.0
6954,RHEA:50760,valid,,17.0,17.0,10.0,10.0,8.0,18.0,29.0
6955,RHEA:50764,valid,,56.0,57.0,3.0,2.0,2.0,4.0,20.0
6956,RHEA:50768,valid,,57.0,58.0,3.0,2.0,2.0,4.0,20.0
6957,RHEA:50776,valid,,55.0,56.0,8.0,7.0,8.0,15.0,47.0
6958,RHEA:50780,valid,,57.0,58.0,8.0,7.0,8.0,15.0,47.0
6959,RHEA:50784,valid,,61.0,62.0,8.0,7.0,8.0,15.0,47.0
6960,RHEA:50788,valid,,54.0,55.0,8.0,7.0,8.0,15.0,47.0
6961,RHEA:50792,valid,,36.0,36.0,6.0,2.0,6.0,8.0,25.0
6962,RHEA:50796,valid,,44.0,44.0,3.0,2.0,2.0,4.0,21.0
6963,RHEA:50800,valid,,44.0,44.0,3.0,2.0,2.0,4.0,21.0
6964,RHEA:50804,valid,,44.0,44.0,3.0,2.0,2.0,4.0,21.0
6965,RHEA:50808,valid,,44.0,44.0,3.0,2.0,2.0,4.0,21.0
6966,RHEA:50816,valid,,69.0,69.0,8.0,7.0,8.0,15.0,48.0
6967,RHEA:50820,valid,,69.0,70.0,8.0,7.0,8.0,15.0,48.0
6968,RHEA:50824,valid,,26.0,26.0,5.0,4.0,2.0,6.0,27.0
6969,RHEA:50828,valid,,26.0,26.0,5.0,4.0,2.0,6.0,28.0
6970,RHEA:50832,valid,,26.0,26.0,5.0,4.0,2.0,6.0,27.0
6971,RHEA:50836,valid,,26.0,26.0,5.0,4.0,2.0,6.0,27.0
6972,RHEA:50840,valid,,26.0,26.0,5.0,4.0,2.0,6.0,27.0
6973,RHEA:50844,valid,,25.0,25.0,7.0,6.0,2.0,8.0,35.0
6974,RHEA:50848,valid,,25.0,25.0,5.0,4.0,3.0,7.0,26.0
6975,RHEA:50852,valid,,25.0,25.0,5.0,4.0,3.0,7.0,26.0
6976,RHEA:50856,valid,,25.0,25.0,5.0,4.0,3.0,7.0,27.0
6977,RHEA:50860,valid,,23.0,23.0,5.0,4.0,3.0,7.0,27.0
6978,RHEA:50864,valid,,23.0,23.0,5.0,4.0,3.0,7.0,27.0
6979,RHEA:50876,valid,,54.0,54.0,8.0,7.0,8.0,15.0,47.0
6980,RHEA:50880,valid,,131.0,132.0,5.0,4.0,2.0,6.0,29.0
6981,RHEA:50884,valid,,13.0,13.0,3.0,2.0,2.0,4.0,17.0
6982,RHEA:50896,valid,,25.0,25.0,3.0,2.0,2.0,4.0,17.0
6983,RHEA:50900,valid,,25.0,25.0,3.0,2.0,2.0,4.0,17.0
6984,RHEA:50904,valid,,38.0,39.0,3.0,2.0,2.0,4.0,20.0
6985,RHEA:50912,valid,,135.0,136.0,3.0,2.0,2.0,4.0,22.0
6986,RHEA:50916,valid,,83.0,83.0,11.0,9.0,9.0,18.0,64.0
6987,RHEA:50920,valid,,32.0,33.0,8.0,7.0,8.0,15.0,29.0
6988,RHEA:50924,valid,,26.0,26.0,10.0,8.0,4.0,12.0,29.0
6989,RHEA:50928,valid,,26.0,26.0,10.0,8.0,4.0,12.0,32.0
6990,RHEA:50932,valid,,26.0,26.0,5.0,4.0,2.0,6.0,28.0
6991,RHEA:50936,valid,,64.0,64.0,4.0,4.0,2.0,6.0,26.0
6992,RHEA:50940,valid,,65.0,66.0,6.0,4.0,4.0,8.0,26.0
6993,RHEA:50944,valid,,55.0,56.0,8.0,7.0,8.0,15.0,47.0
6994,RHEA:50948,valid,,22.0,22.0,4.0,2.0,3.0,5.0,22.0
6995,RHEA:50952,valid,,19.0,19.0,11.0,10.0,6.0,16.0,60.0
6996,RHEA:50956,valid,,49.0,50.0,5.0,3.0,2.0,5.0,31.0
6997,RHEA:50960,valid,,49.0,50.0,5.0,3.0,2.0,5.0,31.0
6998,RHEA:50964,valid,,23.0,23.0,4.0,2.0,3.0,5.0,22.0
6999,RHEA:50968,valid,,25.0,25.0,11.0,12.0,11.0,23.0,58.0
7000,RHEA:50972,valid,,26.0,26.0,5.0,4.0,2.0,6.0,27.0
7001,RHEA:50996,valid,,92.0,95.0,7.0,6.0,4.0,10.0,19.0
7002,RHEA:51000,valid,,92.0,95.0,7.0,6.0,4.0,10.0,19.0
7003,RHEA:51004,valid,,5.0,7.0,4.0,1.0,4.0,5.0,14.0
7004,RHEA:51016,valid,,22.0,22.0,3.0,2.0,2.0,4.0,19.0
7005,RHEA:51020,valid,,5.0,7.0,4.0,1.0,4.0,5.0,14.0
7006,RHEA:51024,valid,,57.0,57.0,9.0,8.0,9.0,17.0,51.0
7007,RHEA:51036,valid,,32.0,32.0,4.0,2.0,4.0,6.0,12.0
7008,RHEA:51048,valid,,22.0,24.0,5.0,3.0,2.0,5.0,21.0
7009,RHEA:51060,valid,,22.0,24.0,5.0,3.0,2.0,5.0,21.0
7010,RHEA:51064,valid,,58.0,59.0,3.0,2.0,2.0,4.0,22.0
7011,RHEA:51068,valid,,34.0,34.0,4.0,4.0,2.0,6.0,26.0
7012,RHEA:51072,valid,,28.0,28.0,0.0,0.0,0.0,0.0,0.0
7013,RHEA:51080,valid,,57.0,58.0,12.0,9.0,5.0,14.0,59.0
7014,RHEA:51084,valid,,57.0,58.0,12.0,9.0,5.0,14.0,57.0
7015,RHEA:51088,valid,,57.0,58.0,12.0,9.0,5.0,14.0,57.0
7016,RHEA:51092,valid,,57.0,58.0,12.0,9.0,5.0,14.0,57.0
7017,RHEA:51096,valid,,57.0,58.0,12.0,9.0,5.0,14.0,59.0
7018,RHEA:51100,valid,,57.0,58.0,12.0,9.0,5.0,14.0,57.0
7019,RHEA:51104,valid,,57.0,58.0,12.0,9.0,5.0,14.0,57.0
7020,RHEA:51108,valid,,57.0,58.0,12.0,9.0,5.0,14.0,57.0
7021,RHEA:51112,valid,,57.0,58.0,11.0,7.0,7.0,14.0,57.0
7022,RHEA:51116,valid,,52.0,53.0,3.0,2.0,2.0,4.0,20.0
7023,RHEA:51124,valid,,22.0,22.0,3.0,2.0,2.0,4.0,22.0
7024,RHEA:51128,valid,,5.0,7.0,6.0,4.0,3.0,7.0,20.0
7025,RHEA:51132,valid,,24.0,24.0,3.0,2.0,2.0,4.0,18.0
7026,RHEA:51148,valid,,5.0,7.0,4.0,1.0,4.0,5.0,14.0
7027,RHEA:51152,valid,,14.0,15.0,6.0,4.0,5.0,9.0,26.0
7028,RHEA:51156,valid,,64.0,64.0,6.0,4.0,3.0,7.0,36.0
7029,RHEA:51160,valid,,49.0,50.0,3.0,2.0,2.0,4.0,20.0
7030,RHEA:51164,valid,,49.0,50.0,3.0,2.0,2.0,4.0,20.0
7031,RHEA:51168,valid,,16.0,16.0,5.0,3.0,5.0,8.0,24.0
7032,RHEA:51172,valid,,49.0,50.0,3.0,2.0,2.0,4.0,20.0
7033,RHEA:51204,valid,,72.0,73.0,8.0,7.0,8.0,15.0,48.0
7034,RHEA:51208,valid,,73.0,74.0,8.0,7.0,8.0,15.0,48.0
7035,RHEA:51212,valid,,72.0,73.0,8.0,7.0,8.0,15.0,48.0
7036,RHEA:51216,valid,,52.0,53.0,3.0,2.0,2.0,4.0,22.0
7037,RHEA:51220,valid,,33.0,34.0,3.0,2.0,2.0,4.0,19.0
7038,RHEA:51224,valid,,16.0,18.0,4.0,1.0,4.0,5.0,15.0
7039,RHEA:51232,valid,,30.0,30.0,3.0,2.0,2.0,4.0,18.0
7040,RHEA:51240,valid,,22.0,22.0,5.0,4.0,2.0,6.0,28.0
7041,RHEA:51244,valid,,22.0,22.0,5.0,4.0,2.0,6.0,27.0
7042,RHEA:51248,valid,,22.0,22.0,5.0,4.0,2.0,6.0,28.0
7043,RHEA:51252,valid,,22.0,22.0,3.0,2.0,2.0,4.0,17.0
7044,RHEA:51256,valid,,24.0,24.0,5.0,4.0,2.0,6.0,27.0
7045,RHEA:51260,valid,,53.0,54.0,19.0,15.0,15.0,30.0,90.0
7046,RHEA:51264,valid,,53.0,54.0,19.0,15.0,15.0,30.0,90.0
7047,RHEA:51268,valid,,46.0,47.0,3.0,2.0,2.0,4.0,19.0
7048,RHEA:51272,valid,,72.0,73.0,3.0,2.0,2.0,4.0,22.0
7049,RHEA:51292,valid,,23.0,23.0,10.0,9.0,9.0,18.0,30.0
7050,RHEA:51296,valid,,23.0,23.0,10.0,9.0,9.0,18.0,30.0
7051,RHEA:51300,valid,,32.0,32.0,3.0,2.0,2.0,4.0,19.0
7052,RHEA:51308,valid,,60.0,60.0,9.0,8.0,7.0,15.0,49.0
7053,RHEA:51312,valid,,34.0,34.0,3.0,2.0,2.0,4.0,19.0
7054,RHEA:51316,valid,,25.0,25.0,3.0,2.0,2.0,4.0,19.0
7055,RHEA:51324,valid,,24.0,24.0,5.0,4.0,2.0,6.0,28.0
7056,RHEA:51328,valid,,24.0,24.0,3.0,2.0,2.0,4.0,17.0
7057,RHEA:51332,valid,,24.0,24.0,5.0,4.0,2.0,6.0,27.0
7058,RHEA:51340,valid,,26.0,26.0,5.0,4.0,2.0,6.0,27.0
7059,RHEA:51344,valid,,24.0,24.0,3.0,2.0,2.0,4.0,19.0
7060,RHEA:51348,zero_fallback,missing_mapping,,,,,,,
7061,RHEA:51352,valid,,27.0,27.0,3.0,2.0,2.0,4.0,19.0
7062,RHEA:51356,valid,,30.0,30.0,3.0,2.0,2.0,4.0,19.0
7063,RHEA:51360,valid,,29.0,29.0,3.0,2.0,2.0,4.0,19.0
7064,RHEA:51364,valid,,74.0,75.0,3.0,2.0,2.0,4.0,22.0
7065,RHEA:51368,valid,,72.0,73.0,3.0,2.0,2.0,4.0,22.0
7066,RHEA:51372,valid,,70.0,71.0,3.0,2.0,2.0,4.0,22.0
7067,RHEA:51376,valid,,76.0,77.0,3.0,2.0,2.0,4.0,22.0
7068,RHEA:51380,valid,,78.0,79.0,3.0,2.0,2.0,4.0,22.0
7069,RHEA:51384,valid,,78.0,79.0,3.0,2.0,2.0,4.0,22.0
7070,RHEA:51388,valid,,62.0,63.0,3.0,2.0,2.0,4.0,22.0
7071,RHEA:51392,valid,,80.0,81.0,3.0,2.0,2.0,4.0,22.0
7072,RHEA:51396,valid,,82.0,83.0,3.0,2.0,2.0,4.0,22.0
7073,RHEA:51400,valid,,80.0,81.0,3.0,2.0,2.0,4.0,22.0
7074,RHEA:51404,valid,,15.0,15.0,5.0,3.0,5.0,8.0,21.0
7075,RHEA:51408,valid,,65.0,66.0,3.0,2.0,2.0,4.0,19.0
7076,RHEA:51412,valid,,24.0,24.0,5.0,4.0,2.0,6.0,27.0
7077,RHEA:51416,valid,,123.0,125.0,19.0,19.0,17.0,36.0,70.0
7078,RHEA:51420,valid,,123.0,125.0,19.0,19.0,17.0,36.0,70.0
7079,RHEA:51424,valid,,105.0,106.0,7.0,4.0,5.0,9.0,41.0
7080,RHEA:51428,valid,,57.0,57.0,4.0,2.0,3.0,5.0,28.0
7081,RHEA:51432,valid,,58.0,58.0,4.0,2.0,3.0,5.0,28.0
7082,RHEA:51436,valid,,57.0,57.0,3.0,2.0,2.0,4.0,22.0
7083,RHEA:51440,valid,,22.0,22.0,3.0,2.0,2.0,4.0,17.0
7084,RHEA:51448,valid,,61.0,62.0,11.0,7.0,7.0,14.0,57.0
7085,RHEA:51452,valid,,61.0,62.0,11.0,7.0,7.0,14.0,57.0
7086,RHEA:51468,valid,,18.0,18.0,10.0,9.0,10.0,19.0,31.0
7087,RHEA:51472,valid,,55.0,56.0,12.0,9.0,5.0,14.0,59.0
7088,RHEA:51476,valid,,25.0,25.0,4.0,2.0,4.0,6.0,23.0
7089,RHEA:51480,valid,,55.0,56.0,12.0,9.0,5.0,14.0,57.0
7090,RHEA:51484,valid,,55.0,56.0,13.0,9.0,7.0,16.0,67.0
7091,RHEA:51488,valid,,56.0,56.0,3.0,2.0,2.0,4.0,19.0
7092,RHEA:51492,valid,,55.0,56.0,11.0,7.0,7.0,14.0,57.0
7093,RHEA:51496,valid,,38.0,39.0,3.0,2.0,2.0,4.0,22.0
7094,RHEA:51500,valid,,51.0,52.0,3.0,2.0,2.0,4.0,22.0
7095,RHEA:51504,valid,,63.0,64.0,9.0,8.0,2.0,10.0,43.0
7096,RHEA:51508,valid,,20.0,20.0,6.0,6.0,2.0,8.0,30.0
7097,RHEA:51512,valid,,7.0,7.0,3.0,2.0,2.0,4.0,16.0
7098,RHEA:51516,valid,,51.0,52.0,3.0,2.0,2.0,4.0,20.0
7099,RHEA:51520,valid,,51.0,52.0,3.0,2.0,2.0,4.0,20.0
7100,RHEA:51524,valid,,51.0,51.0,3.0,2.0,2.0,4.0,20.0
7101,RHEA:51528,valid,,12.0,12.0,3.0,2.0,2.0,4.0,19.0
7102,RHEA:51532,valid,,62.0,62.0,17.0,18.0,17.0,35.0,81.0
7103,RHEA:51536,valid,,53.0,54.0,3.0,2.0,2.0,4.0,22.0
7104,RHEA:51540,valid,,57.0,59.0,13.0,7.0,9.0,16.0,61.0
7105,RHEA:51544,valid,,10.0,10.0,0.0,0.0,0.0,0.0,0.0
7106,RHEA:51548,valid,,52.0,53.0,3.0,2.0,2.0,4.0,20.0
7107,RHEA:51552,valid,,60.0,61.0,8.0,7.0,8.0,15.0,48.0
7108,RHEA:51556,valid,,53.0,54.0,3.0,2.0,2.0,4.0,20.0
7109,RHEA:51560,valid,,51.0,52.0,3.0,2.0,2.0,4.0,20.0
7110,RHEA:51564,valid,,58.0,58.0,13.0,5.0,12.0,17.0,26.0
7111,RHEA:51568,valid,,39.0,39.0,6.0,2.0,6.0,8.0,25.0
7112,RHEA:51572,valid,,39.0,39.0,6.0,3.0,5.0,8.0,27.0
7113,RHEA:51576,valid,,56.0,57.0,3.0,2.0,2.0,4.0,22.0
7114,RHEA:51584,valid,,110.0,110.0,10.0,6.0,6.0,12.0,52.0
7115,RHEA:51592,valid,,17.0,17.0,5.0,2.0,5.0,7.0,23.0
7116,RHEA:51596,valid,,18.0,18.0,5.0,2.0,5.0,7.0,23.0
7117,RHEA:51600,valid,,18.0,18.0,5.0,2.0,5.0,7.0,23.0
7118,RHEA:51608,valid,,16.0,16.0,4.0,2.0,4.0,6.0,24.0
7119,RHEA:51616,valid,,34.0,34.0,4.0,2.0,4.0,6.0,23.0
7120,RHEA:51620,valid,,32.0,32.0,4.0,2.0,4.0,6.0,23.0
7121,RHEA:51624,valid,,35.0,35.0,4.0,2.0,4.0,6.0,23.0
7122,RHEA:51628,valid,,32.0,32.0,4.0,2.0,4.0,6.0,23.0
7123,RHEA:51632,valid,,56.0,57.0,11.0,7.0,7.0,14.0,57.0
7124,RHEA:51640,valid,,22.0,22.0,3.0,2.0,2.0,4.0,17.0
7125,RHEA:51644,valid,,74.0,74.0,10.0,8.0,10.0,18.0,52.0
7126,RHEA:51648,valid,,17.0,17.0,5.0,3.0,5.0,8.0,25.0
7127,RHEA:51656,valid,,13.0,13.0,0.0,0.0,0.0,0.0,0.0
7128,RHEA:51664,valid,,14.0,15.0,3.0,2.0,2.0,4.0,19.0
7129,RHEA:51668,valid,,38.0,38.0,5.0,2.0,5.0,7.0,23.0
7130,RHEA:51672,valid,,5.0,6.0,4.0,2.0,4.0,6.0,20.0
7131,RHEA:51676,valid,,22.0,27.0,12.0,8.0,6.0,14.0,27.0
7132,RHEA:51680,valid,,45.0,46.0,3.0,2.0,2.0,4.0,22.0
7133,RHEA:51688,valid,,56.0,57.0,8.0,7.0,8.0,15.0,48.0
7134,RHEA:51692,valid,,43.0,43.0,9.0,9.0,8.0,17.0,42.0
7135,RHEA:51696,valid,,52.0,53.0,3.0,2.0,2.0,4.0,19.0
7136,RHEA:51700,valid,,53.0,54.0,3.0,2.0,2.0,4.0,19.0
7137,RHEA:51704,valid,,53.0,54.0,3.0,2.0,2.0,4.0,19.0
7138,RHEA:51708,valid,,56.0,57.0,8.0,7.0,8.0,15.0,48.0
7139,RHEA:51712,valid,,16.0,16.0,0.0,0.0,0.0,0.0,0.0
7140,RHEA:51724,valid,,62.0,64.0,3.0,2.0,2.0,4.0,17.0
7141,RHEA:51728,valid,,11.0,11.0,4.0,2.0,3.0,5.0,22.0
7142,RHEA:51732,valid,,58.0,59.0,3.0,2.0,2.0,4.0,19.0
7143,RHEA:51736,valid,,38.0,39.0,3.0,2.0,2.0,4.0,20.0
7144,RHEA:51752,valid,,26.0,26.0,6.0,2.0,5.0,7.0,39.0
7145,RHEA:51756,valid,,31.0,31.0,6.0,2.0,5.0,7.0,39.0
7146,RHEA:51760,valid,,36.0,36.0,10.0,9.0,9.0,18.0,56.0
7147,RHEA:51792,valid,,56.0,56.0,9.0,8.0,9.0,17.0,49.0
7148,RHEA:51848,valid,,52.0,52.0,10.0,8.0,8.0,16.0,41.0
7149,RHEA:51860,valid,,31.0,31.0,4.0,2.0,3.0,5.0,29.0
7150,RHEA:51864,valid,,32.0,32.0,4.0,2.0,3.0,5.0,29.0
7151,RHEA:51868,valid,,26.0,26.0,4.0,2.0,3.0,5.0,29.0
7152,RHEA:51876,valid,,34.0,34.0,6.0,2.0,5.0,7.0,39.0
7153,RHEA:51880,valid,,13.0,14.0,9.0,9.0,7.0,16.0,42.0
7154,RHEA:51884,valid,,10.0,10.0,0.0,0.0,0.0,0.0,0.0
7155,RHEA:51888,valid,,56.0,56.0,14.0,14.0,14.0,28.0,49.0
7156,RHEA:51892,valid,,11.0,11.0,3.0,2.0,2.0,4.0,18.0
7157,RHEA:51896,valid,,18.0,18.0,3.0,2.0,2.0,4.0,18.0
7158,RHEA:51900,valid,,14.0,14.0,7.0,6.0,2.0,8.0,37.0
7159,RHEA:51908,valid,,31.0,32.0,4.0,2.0,3.0,5.0,21.0
7160,RHEA:51916,valid,,8.0,8.0,5.0,3.0,5.0,8.0,28.0
7161,RHEA:51924,valid,,59.0,59.0,2.0,1.0,2.0,3.0,15.0
7162,RHEA:51928,valid,,61.0,62.0,9.0,8.0,9.0,17.0,54.0
7163,RHEA:51936,valid,,48.0,48.0,3.0,2.0,2.0,4.0,19.0
7164,RHEA:51944,valid,,81.0,83.0,5.0,4.0,3.0,7.0,20.0
7165,RHEA:51952,valid,,39.0,40.0,14.0,9.0,8.0,17.0,68.0
7166,RHEA:51968,valid,,25.0,25.0,5.0,4.0,2.0,6.0,28.0
7167,RHEA:51984,valid,,55.0,56.0,11.0,7.0,7.0,14.0,57.0
7168,RHEA:51988,valid,,25.0,25.0,9.0,8.0,2.0,10.0,34.0
7169,RHEA:52008,valid,,102.0,102.0,6.0,4.0,3.0,7.0,36.0
7170,RHEA:52012,valid,,102.0,102.0,6.0,4.0,3.0,7.0,36.0
7171,RHEA:52016,valid,,102.0,102.0,6.0,4.0,3.0,7.0,36.0
7172,RHEA:52028,valid,,21.0,21.0,3.0,2.0,2.0,4.0,19.0
7173,RHEA:52044,valid,,70.0,71.0,3.0,2.0,2.0,4.0,21.0
7174,RHEA:52048,valid,,41.0,42.0,3.0,2.0,2.0,4.0,18.0
7175,RHEA:52052,valid,,39.0,40.0,3.0,2.0,2.0,4.0,18.0
7176,RHEA:52056,valid,,39.0,40.0,3.0,2.0,2.0,4.0,18.0
7177,RHEA:52060,valid,,41.0,42.0,3.0,2.0,2.0,4.0,18.0
7178,RHEA:52064,valid,,41.0,42.0,3.0,2.0,2.0,4.0,18.0
7179,RHEA:52068,valid,,39.0,40.0,3.0,2.0,2.0,4.0,18.0
7180,RHEA:52072,valid,,39.0,40.0,3.0,2.0,2.0,4.0,18.0
7181,RHEA:52076,valid,,39.0,40.0,3.0,2.0,2.0,4.0,18.0
7182,RHEA:52080,valid,,41.0,42.0,3.0,2.0,2.0,4.0,18.0
7183,RHEA:52084,valid,,41.0,42.0,3.0,2.0,2.0,4.0,18.0
7184,RHEA:52088,valid,,102.0,102.0,6.0,4.0,3.0,7.0,36.0
7185,RHEA:52092,valid,,39.0,40.0,3.0,2.0,2.0,4.0,18.0
7186,RHEA:52096,valid,,41.0,42.0,3.0,2.0,2.0,4.0,18.0
7187,RHEA:52100,valid,,41.0,42.0,3.0,2.0,2.0,4.0,18.0
7188,RHEA:52104,valid,,54.0,55.0,3.0,2.0,2.0,4.0,22.0
7189,RHEA:52108,valid,,102.0,102.0,6.0,4.0,3.0,7.0,36.0
7190,RHEA:52112,valid,,102.0,102.0,6.0,4.0,3.0,7.0,36.0
7191,RHEA:52116,valid,,102.0,102.0,6.0,4.0,3.0,7.0,36.0
7192,RHEA:52120,valid,,57.0,58.0,12.0,9.0,5.0,14.0,59.0
7193,RHEA:52124,valid,,57.0,58.0,12.0,9.0,5.0,14.0,59.0
7194,RHEA:52128,valid,,37.0,39.0,3.0,2.0,2.0,4.0,17.0
7195,RHEA:52132,valid,,50.0,52.0,3.0,2.0,2.0,4.0,17.0
7196,RHEA:52140,valid,,41.0,43.0,3.0,2.0,2.0,4.0,17.0
7197,RHEA:52144,valid,,62.0,63.0,6.0,4.0,4.0,8.0,36.0
7198,RHEA:52152,valid,,50.0,50.0,3.0,2.0,2.0,4.0,22.0
7199,RHEA:52156,valid,,43.0,44.0,14.0,9.0,9.0,18.0,72.0
7200,RHEA:52164,valid,,42.0,43.0,11.0,7.0,7.0,14.0,55.0
7201,RHEA:52168,valid,,55.0,56.0,12.0,9.0,5.0,14.0,57.0
7202,RHEA:52172,valid,,55.0,56.0,12.0,9.0,5.0,14.0,57.0
7203,RHEA:52176,valid,,55.0,56.0,12.0,9.0,5.0,14.0,57.0
7204,RHEA:52180,valid,,66.0,67.0,12.0,7.0,8.0,15.0,61.0
7205,RHEA:52192,valid,,63.0,64.0,12.0,7.0,8.0,15.0,61.0
7206,RHEA:52204,valid,,31.0,31.0,6.0,3.0,5.0,8.0,30.0
7207,RHEA:52208,valid,,28.0,28.0,6.0,3.0,5.0,8.0,30.0
7208,RHEA:52212,valid,,28.0,28.0,6.0,3.0,5.0,8.0,30.0
7209,RHEA:52224,valid,,52.0,52.0,27.0,32.0,15.0,47.0,107.0
7210,RHEA:52228,valid,,52.0,52.0,21.0,23.0,14.0,37.0,82.0
7211,RHEA:52232,valid,,52.0,52.0,28.0,27.0,9.0,36.0,98.0
7212,RHEA:52236,valid,,52.0,52.0,21.0,19.0,9.0,28.0,74.0
7213,RHEA:52252,valid,,98.0,100.0,6.0,3.0,6.0,9.0,27.0
7214,RHEA:52264,valid,,65.0,67.0,5.0,4.0,3.0,7.0,20.0
7215,RHEA:52276,valid,,44.0,44.0,3.0,2.0,2.0,4.0,20.0
7216,RHEA:52280,valid,,45.0,45.0,3.0,2.0,2.0,4.0,20.0
7217,RHEA:52284,valid,,53.0,54.0,11.0,7.0,7.0,14.0,57.0
7218,RHEA:52288,valid,,55.0,56.0,11.0,7.0,7.0,14.0,57.0
7219,RHEA:52292,valid,,55.0,56.0,11.0,7.0,7.0,14.0,57.0
7220,RHEA:52296,valid,,55.0,56.0,11.0,7.0,7.0,14.0,57.0
7221,RHEA:52300,valid,,55.0,56.0,13.0,9.0,7.0,16.0,67.0
7222,RHEA:52304,valid,,11.0,11.0,4.0,3.0,3.0,6.0,26.0
7223,RHEA:52308,valid,,58.0,59.0,8.0,7.0,8.0,15.0,48.0
7224,RHEA:52316,valid,,68.0,69.0,3.0,2.0,2.0,4.0,22.0
7225,RHEA:52320,valid,,45.0,46.0,11.0,7.0,7.0,14.0,56.0
7226,RHEA:52324,valid,,125.0,130.0,36.0,25.0,18.0,43.0,62.0
7227,RHEA:52336,valid,,35.0,35.0,5.0,4.0,1.0,5.0,30.0
7228,RHEA:52340,valid,,55.0,56.0,3.0,2.0,2.0,4.0,22.0
7229,RHEA:52344,valid,,60.0,61.0,3.0,2.0,2.0,4.0,22.0
7230,RHEA:52348,valid,,60.0,61.0,3.0,2.0,2.0,4.0,22.0
7231,RHEA:52352,valid,,64.0,65.0,3.0,2.0,2.0,4.0,22.0
7232,RHEA:52356,valid,,54.0,55.0,3.0,2.0,2.0,4.0,22.0
7233,RHEA:52368,valid,,59.0,60.0,3.0,2.0,2.0,4.0,22.0
7234,RHEA:52372,valid,,51.0,52.0,3.0,2.0,2.0,4.0,22.0
7235,RHEA:52380,valid,,68.0,69.0,3.0,2.0,2.0,4.0,22.0
7236,RHEA:52384,valid,,21.0,22.0,5.0,2.0,4.0,6.0,32.0
7237,RHEA:52388,valid,,40.0,41.0,3.0,2.0,2.0,4.0,22.0
7238,RHEA:52392,valid,,40.0,41.0,3.0,2.0,2.0,4.0,22.0
7239,RHEA:52396,valid,,57.0,57.0,11.0,9.0,10.0,19.0,63.0
7240,RHEA:52404,valid,,13.0,13.0,3.0,2.0,2.0,4.0,19.0
7241,RHEA:52408,valid,,57.0,57.0,11.0,9.0,10.0,19.0,63.0
7242,RHEA:52416,valid,,13.0,13.0,3.0,2.0,2.0,4.0,19.0
7243,RHEA:52420,valid,,16.0,16.0,3.0,2.0,2.0,4.0,22.0
7244,RHEA:52424,valid,,48.0,49.0,3.0,2.0,2.0,4.0,21.0
7245,RHEA:52432,valid,,8.0,8.0,5.0,3.0,5.0,8.0,25.0
7246,RHEA:52436,valid,,100.0,100.0,3.0,2.0,2.0,4.0,20.0
7247,RHEA:52440,valid,,77.0,78.0,3.0,2.0,2.0,4.0,21.0
7248,RHEA:52444,valid,,80.0,81.0,3.0,2.0,2.0,4.0,21.0
7249,RHEA:52448,valid,,58.0,59.0,3.0,2.0,2.0,4.0,22.0
7250,RHEA:52452,valid,,58.0,59.0,3.0,2.0,2.0,4.0,21.0
7251,RHEA:52456,valid,,58.0,59.0,3.0,2.0,2.0,4.0,21.0
7252,RHEA:52460,valid,,57.0,58.0,3.0,2.0,2.0,4.0,22.0
7253,RHEA:52464,valid,,57.0,58.0,3.0,2.0,2.0,4.0,21.0
7254,RHEA:52468,valid,,58.0,59.0,3.0,2.0,2.0,4.0,22.0
7255,RHEA:52472,valid,,58.0,59.0,3.0,2.0,2.0,4.0,21.0
7256,RHEA:52476,valid,,57.0,58.0,3.0,2.0,2.0,4.0,22.0
7257,RHEA:52480,valid,,60.0,61.0,13.0,9.0,7.0,16.0,65.0
7258,RHEA:52484,valid,,29.0,31.0,5.0,3.0,2.0,5.0,21.0
7259,RHEA:52488,valid,,58.0,59.0,11.0,7.0,7.0,14.0,57.0
7260,RHEA:52492,valid,,55.0,56.0,13.0,9.0,7.0,16.0,67.0
7261,RHEA:52496,valid,,55.0,56.0,13.0,9.0,7.0,16.0,68.0
7262,RHEA:52500,valid,,53.0,54.0,13.0,9.0,7.0,16.0,68.0
7263,RHEA:52504,valid,,53.0,54.0,13.0,9.0,7.0,16.0,68.0
7264,RHEA:52508,valid,,55.0,56.0,11.0,7.0,7.0,14.0,57.0
7265,RHEA:52512,valid,,21.0,22.0,10.0,9.0,10.0,19.0,34.0
7266,RHEA:52520,valid,,58.0,59.0,11.0,7.0,7.0,14.0,57.0
7267,RHEA:52524,valid,,57.0,58.0,11.0,7.0,7.0,14.0,57.0
7268,RHEA:52528,valid,,19.0,19.0,4.0,4.0,0.0,4.0,24.0
7269,RHEA:52532,valid,,51.0,52.0,3.0,2.0,2.0,4.0,22.0
7270,RHEA:52536,valid,,50.0,51.0,3.0,2.0,2.0,4.0,22.0
7271,RHEA:52540,valid,,22.0,22.0,3.0,2.0,2.0,4.0,22.0
7272,RHEA:52544,valid,,53.0,54.0,8.0,7.0,8.0,15.0,48.0
7273,RHEA:52548,valid,,53.0,54.0,8.0,7.0,8.0,15.0,48.0
7274,RHEA:52552,valid,,40.0,41.0,3.0,2.0,2.0,4.0,22.0
7275,RHEA:52556,valid,,40.0,41.0,3.0,2.0,2.0,4.0,22.0
7276,RHEA:52560,valid,,9.0,9.0,4.0,2.0,4.0,6.0,24.0
7277,RHEA:52564,valid,,9.0,9.0,4.0,2.0,4.0,6.0,24.0
7278,RHEA:52568,valid,,58.0,59.0,3.0,2.0,2.0,4.0,21.0
7279,RHEA:52572,valid,,97.0,98.0,8.0,7.0,8.0,15.0,47.0
7280,RHEA:52576,valid,,99.0,100.0,8.0,7.0,8.0,15.0,47.0
7281,RHEA:52580,valid,,33.0,34.0,4.0,2.0,3.0,5.0,21.0
7282,RHEA:52584,valid,,119.0,120.0,8.0,7.0,8.0,15.0,47.0
7283,RHEA:52588,valid,,120.0,121.0,8.0,7.0,8.0,15.0,47.0
7284,RHEA:52592,valid,,119.0,120.0,8.0,7.0,8.0,15.0,47.0
7285,RHEA:52596,valid,,118.0,119.0,8.0,7.0,8.0,15.0,47.0
7286,RHEA:52600,valid,,61.0,62.0,3.0,2.0,2.0,4.0,22.0
7287,RHEA:52608,valid,,55.0,56.0,8.0,7.0,8.0,15.0,48.0
7288,RHEA:52612,valid,,107.0,107.0,10.0,6.0,6.0,12.0,52.0
7289,RHEA:52616,valid,,79.0,80.0,3.0,2.0,2.0,4.0,22.0
7290,RHEA:52620,valid,,54.0,54.0,4.0,4.0,2.0,6.0,17.0
7291,RHEA:52624,valid,,52.0,53.0,6.0,4.0,3.0,7.0,34.0
7292,RHEA:52632,valid,,51.0,51.0,4.0,4.0,0.0,4.0,26.0
7293,RHEA:52636,valid,,34.0,34.0,6.0,6.0,2.0,8.0,31.0
7294,RHEA:52644,valid,,15.0,16.0,3.0,2.0,2.0,4.0,18.0
7295,RHEA:52648,valid,,15.0,16.0,3.0,2.0,2.0,4.0,18.0
7296,RHEA:52652,valid,,58.0,59.0,4.0,3.0,4.0,7.0,28.0
7297,RHEA:52656,valid,,98.0,99.0,8.0,7.0,8.0,15.0,48.0
7298,RHEA:52660,valid,,66.0,66.0,6.0,4.0,3.0,7.0,35.0
7299,RHEA:52664,valid,,54.0,54.0,3.0,2.0,2.0,4.0,18.0
7300,RHEA:52668,valid,,72.0,73.0,8.0,7.0,8.0,15.0,50.0
7301,RHEA:52672,valid,,29.0,29.0,4.0,4.0,2.0,6.0,26.0
7302,RHEA:52676,valid,,20.0,20.0,3.0,2.0,2.0,4.0,19.0
7303,RHEA:52680,valid,,62.0,63.0,3.0,2.0,2.0,4.0,22.0
7304,RHEA:52684,valid,,56.0,57.0,8.0,7.0,8.0,15.0,48.0
7305,RHEA:52688,valid,,56.0,57.0,8.0,7.0,8.0,15.0,48.0
7306,RHEA:52692,valid,,60.0,61.0,8.0,7.0,8.0,15.0,48.0
7307,RHEA:52696,valid,,59.0,60.0,3.0,2.0,2.0,4.0,21.0
7308,RHEA:52704,valid,,22.0,22.0,3.0,2.0,2.0,4.0,19.0
7309,RHEA:52708,valid,,25.0,25.0,3.0,2.0,2.0,4.0,19.0
7310,RHEA:52712,valid,,22.0,22.0,3.0,2.0,2.0,4.0,19.0
7311,RHEA:52716,zero_fallback,missing_mapping,,,,,,,
7312,RHEA:52720,valid,,65.0,67.0,8.0,6.0,5.0,11.0,47.0
7313,RHEA:52728,valid,,47.0,48.0,3.0,2.0,2.0,4.0,22.0
7314,RHEA:52736,valid,,56.0,57.0,3.0,2.0,2.0,4.0,22.0
7315,RHEA:52740,valid,,13.0,14.0,6.0,4.0,5.0,9.0,34.0
7316,RHEA:52752,valid,,24.0,24.0,3.0,2.0,2.0,4.0,18.0
7317,RHEA:52760,valid,,31.0,31.0,3.0,2.0,2.0,4.0,19.0
7318,RHEA:52764,valid,,34.0,34.0,3.0,2.0,2.0,4.0,19.0
7319,RHEA:52768,valid,,33.0,33.0,3.0,2.0,2.0,4.0,19.0
7320,RHEA:52776,valid,,85.0,87.0,28.0,20.0,19.0,39.0,94.0
7321,RHEA:52788,valid,,65.0,65.0,17.0,16.0,13.0,29.0,68.0
7322,RHEA:52792,valid,,45.0,45.0,17.0,16.0,13.0,29.0,68.0
7323,RHEA:52796,valid,,63.0,63.0,25.0,35.0,15.0,50.0,108.0
7324,RHEA:52800,valid,,94.0,96.0,9.0,6.0,5.0,11.0,56.0
7325,RHEA:52804,valid,,19.0,22.0,15.0,14.0,7.0,21.0,71.0
7326,RHEA:52808,valid,,51.0,52.0,3.0,2.0,2.0,4.0,20.0
7327,RHEA:52812,valid,,101.0,102.0,11.0,10.0,2.0,12.0,48.0
7328,RHEA:52816,valid,,55.0,56.0,3.0,2.0,2.0,4.0,22.0
7329,RHEA:52820,valid,,62.0,62.0,3.0,2.0,2.0,4.0,20.0
7330,RHEA:52824,valid,,61.0,61.0,10.0,10.0,7.0,17.0,55.0
7331,RHEA:52828,valid,,61.0,61.0,10.0,10.0,7.0,17.0,54.0
7332,RHEA:52836,valid,,55.0,55.0,9.0,8.0,9.0,17.0,49.0
7333,RHEA:52840,valid,,48.0,48.0,4.0,4.0,0.0,4.0,26.0
7334,RHEA:52844,valid,,47.0,47.0,4.0,4.0,0.0,4.0,26.0
7335,RHEA:52848,valid,,53.0,54.0,3.0,2.0,2.0,4.0,21.0
7336,RHEA:52852,valid,,107.0,110.0,24.0,17.0,14.0,31.0,66.0
7337,RHEA:52864,valid,,120.0,121.0,3.0,2.0,2.0,4.0,21.0
7338,RHEA:52868,valid,,57.0,58.0,3.0,2.0,2.0,4.0,22.0
7339,RHEA:52872,valid,,57.0,58.0,3.0,2.0,2.0,4.0,21.0
7340,RHEA:52876,valid,,58.0,59.0,3.0,2.0,2.0,4.0,22.0
7341,RHEA:52880,valid,,58.0,59.0,3.0,2.0,2.0,4.0,21.0
7342,RHEA:52884,valid,,105.0,107.0,15.0,13.0,15.0,28.0,52.0
7343,RHEA:52896,zero_fallback,missing_mapping,,,,,,,
7344,RHEA:52900,valid,,98.0,98.0,26.0,29.0,16.0,45.0,114.0
7345,RHEA:52904,valid,,94.0,94.0,6.0,4.0,3.0,7.0,33.0
7346,RHEA:52908,valid,,20.0,20.0,6.0,6.0,2.0,8.0,30.0
7347,RHEA:52912,valid,,19.0,19.0,6.0,4.0,4.0,8.0,29.0
7348,RHEA:52916,valid,,58.0,59.0,3.0,2.0,2.0,4.0,21.0
7349,RHEA:52920,valid,,58.0,59.0,3.0,2.0,2.0,4.0,21.0
7350,RHEA:52924,valid,,58.0,59.0,3.0,2.0,2.0,4.0,22.0
7351,RHEA:52928,valid,,48.0,50.0,6.0,4.0,4.0,8.0,19.0
7352,RHEA:52936,valid,,68.0,69.0,7.0,6.0,4.0,10.0,40.0
7353,RHEA:52940,valid,,65.0,65.0,3.0,2.0,2.0,4.0,22.0
7354,RHEA:52948,valid,,65.0,65.0,3.0,2.0,2.0,4.0,22.0
7355,RHEA:52952,valid,,64.0,64.0,3.0,2.0,2.0,4.0,22.0
7356,RHEA:52956,valid,,65.0,65.0,3.0,2.0,2.0,4.0,22.0
7357,RHEA:52960,valid,,66.0,66.0,3.0,2.0,2.0,4.0,22.0
7358,RHEA:52964,valid,,65.0,66.0,3.0,2.0,2.0,4.0,21.0
7359,RHEA:52968,valid,,66.0,67.0,3.0,2.0,2.0,4.0,21.0
7360,RHEA:53000,valid,,58.0,59.0,3.0,2.0,2.0,4.0,21.0
7361,RHEA:53004,valid,,58.0,59.0,3.0,2.0,2.0,4.0,22.0
7362,RHEA:53012,valid,,50.0,51.0,4.0,2.0,4.0,6.0,20.0
7363,RHEA:53016,valid,,49.0,50.0,4.0,2.0,4.0,6.0,20.0
7364,RHEA:53028,valid,,64.0,65.0,3.0,2.0,2.0,4.0,21.0
7365,RHEA:53032,valid,,58.0,59.0,3.0,2.0,2.0,4.0,22.0
7366,RHEA:53036,valid,,58.0,59.0,3.0,2.0,2.0,4.0,22.0
7367,RHEA:53040,valid,,58.0,59.0,3.0,2.0,2.0,4.0,22.0
7368,RHEA:53048,valid,,58.0,59.0,3.0,2.0,2.0,4.0,22.0
7369,RHEA:53052,valid,,58.0,59.0,3.0,2.0,2.0,4.0,22.0
7370,RHEA:53056,valid,,55.0,56.0,5.0,2.0,4.0,6.0,34.0
7371,RHEA:53060,valid,,58.0,59.0,3.0,2.0,2.0,4.0,22.0
7372,RHEA:53064,valid,,59.0,60.0,3.0,2.0,2.0,4.0,22.0
7373,RHEA:53068,valid,,59.0,60.0,3.0,2.0,2.0,4.0,22.0
7374,RHEA:53072,valid,,59.0,60.0,3.0,2.0,2.0,4.0,22.0
7375,RHEA:53076,valid,,49.0,50.0,3.0,2.0,2.0,4.0,20.0
7376,RHEA:53080,valid,,59.0,60.0,3.0,2.0,2.0,4.0,22.0
7377,RHEA:53088,valid,,48.0,49.0,3.0,2.0,2.0,4.0,19.0
7378,RHEA:53092,valid,,48.0,49.0,3.0,2.0,2.0,4.0,19.0
7379,RHEA:53096,valid,,48.0,49.0,3.0,2.0,2.0,4.0,19.0
7380,RHEA:53100,valid,,48.0,49.0,3.0,2.0,2.0,4.0,19.0
7381,RHEA:53104,valid,,48.0,49.0,3.0,2.0,2.0,4.0,19.0
7382,RHEA:53108,valid,,48.0,49.0,3.0,2.0,2.0,4.0,19.0
7383,RHEA:53112,valid,,81.0,82.0,8.0,7.0,8.0,15.0,47.0
7384,RHEA:53116,valid,,65.0,66.0,8.0,7.0,8.0,15.0,46.0
7385,RHEA:53120,valid,,73.0,74.0,8.0,7.0,8.0,15.0,47.0
7386,RHEA:53132,valid,,22.0,24.0,5.0,3.0,2.0,5.0,18.0
7387,RHEA:53136,valid,,73.0,74.0,8.0,7.0,8.0,15.0,47.0
7388,RHEA:53140,valid,,58.0,59.0,12.0,9.0,5.0,14.0,57.0
7389,RHEA:53144,valid,,58.0,59.0,12.0,9.0,5.0,14.0,57.0
7390,RHEA:53148,valid,,58.0,59.0,12.0,9.0,5.0,14.0,59.0
7391,RHEA:53152,valid,,58.0,59.0,11.0,7.0,7.0,14.0,57.0
7392,RHEA:53164,valid,,20.0,21.0,3.0,2.0,2.0,4.0,19.0
7393,RHEA:53168,valid,,50.0,51.0,3.0,2.0,2.0,4.0,19.0
7394,RHEA:53172,valid,,31.0,32.0,3.0,2.0,2.0,4.0,19.0
7395,RHEA:53180,valid,,8.0,8.0,3.0,2.0,2.0,4.0,21.0
7396,RHEA:53184,valid,,49.0,50.0,3.0,2.0,2.0,4.0,19.0
7397,RHEA:53188,valid,,51.0,52.0,3.0,2.0,2.0,4.0,19.0
7398,RHEA:53192,valid,,53.0,54.0,3.0,2.0,2.0,4.0,19.0
7399,RHEA:53196,valid,,54.0,55.0,11.0,7.0,7.0,14.0,57.0
7400,RHEA:53200,valid,,54.0,55.0,11.0,7.0,7.0,14.0,57.0
7401,RHEA:53204,valid,,55.0,56.0,12.0,7.0,8.0,15.0,59.0
7402,RHEA:53212,valid,,54.0,55.0,11.0,7.0,7.0,14.0,57.0
7403,RHEA:53216,valid,,57.0,58.0,11.0,7.0,7.0,14.0,56.0
7404,RHEA:53220,valid,,58.0,59.0,11.0,7.0,7.0,14.0,57.0
7405,RHEA:53224,valid,,58.0,60.0,13.0,9.0,7.0,16.0,64.0
7406,RHEA:53228,valid,,54.0,55.0,11.0,7.0,7.0,14.0,57.0
7407,RHEA:53232,valid,,61.0,62.0,12.0,9.0,5.0,14.0,62.0
7408,RHEA:53236,valid,,61.0,62.0,11.0,7.0,7.0,14.0,57.0
7409,RHEA:53240,valid,,61.0,62.0,11.0,7.0,7.0,14.0,57.0
7410,RHEA:53244,valid,,61.0,62.0,11.0,7.0,7.0,14.0,57.0
7411,RHEA:53248,valid,,61.0,62.0,12.0,8.0,7.0,15.0,62.0
7412,RHEA:53252,valid,,61.0,62.0,12.0,8.0,7.0,15.0,61.0
7413,RHEA:53256,valid,,61.0,62.0,12.0,9.0,5.0,14.0,61.0
7414,RHEA:53260,valid,,54.0,55.0,20.0,19.0,8.0,27.0,94.0
7415,RHEA:53264,valid,,54.0,55.0,11.0,7.0,7.0,14.0,57.0
7416,RHEA:53268,valid,,10.0,10.0,0.0,0.0,0.0,0.0,0.0
7417,RHEA:53272,valid,,13.0,13.0,0.0,0.0,0.0,0.0,0.0
7418,RHEA:53276,valid,,55.0,57.0,13.0,9.0,7.0,16.0,65.0
7419,RHEA:53280,valid,,8.0,8.0,3.0,2.0,2.0,4.0,21.0
7420,RHEA:53284,valid,,56.0,57.0,8.0,7.0,8.0,15.0,46.0
7421,RHEA:53288,valid,,13.0,14.0,3.0,2.0,2.0,4.0,19.0
7422,RHEA:53296,valid,,107.0,108.0,8.0,7.0,8.0,15.0,47.0
7423,RHEA:53304,zero_fallback,missing_mapping,,,,,,,
7424,RHEA:53308,valid,,55.0,56.0,11.0,7.0,7.0,14.0,57.0
7425,RHEA:53312,valid,,55.0,56.0,11.0,7.0,7.0,14.0,57.0
7426,RHEA:53316,valid,,117.0,118.0,3.0,2.0,2.0,4.0,21.0
7427,RHEA:53324,valid,,30.0,30.0,3.0,2.0,2.0,4.0,18.0
7428,RHEA:53328,valid,,43.0,45.0,3.0,2.0,2.0,4.0,17.0
7429,RHEA:53332,valid,,29.0,29.0,5.0,4.0,2.0,6.0,28.0
7430,RHEA:53336,valid,,70.0,71.0,12.0,12.0,12.0,24.0,66.0
7431,RHEA:53340,valid,,66.0,67.0,12.0,12.0,12.0,24.0,66.0
7432,RHEA:53344,valid,,70.0,71.0,12.0,12.0,12.0,24.0,66.0
7433,RHEA:53348,valid,,66.0,67.0,12.0,12.0,12.0,24.0,66.0
7434,RHEA:53352,valid,,66.0,67.0,12.0,12.0,12.0,24.0,66.0
7435,RHEA:53356,valid,,70.0,71.0,12.0,12.0,12.0,24.0,66.0
7436,RHEA:53360,valid,,70.0,71.0,12.0,12.0,12.0,24.0,66.0
7437,RHEA:53364,valid,,66.0,67.0,12.0,12.0,12.0,24.0,66.0
7438,RHEA:53368,valid,,70.0,71.0,12.0,12.0,12.0,24.0,66.0
7439,RHEA:53372,valid,,66.0,67.0,12.0,12.0,12.0,24.0,66.0
7440,RHEA:53376,valid,,70.0,71.0,12.0,12.0,12.0,24.0,66.0
7441,RHEA:53380,valid,,66.0,67.0,12.0,12.0,12.0,24.0,66.0
7442,RHEA:53384,valid,,98.0,98.0,8.0,7.0,8.0,15.0,48.0
7443,RHEA:53388,valid,,70.0,71.0,3.0,2.0,2.0,4.0,21.0
7444,RHEA:53392,valid,,43.0,44.0,11.0,7.0,7.0,14.0,56.0
7445,RHEA:53400,valid,,24.0,24.0,4.0,4.0,0.0,4.0,23.0
7446,RHEA:53408,valid,,62.0,62.0,10.0,10.0,7.0,17.0,55.0
7447,RHEA:53412,valid,,62.0,62.0,10.0,10.0,7.0,17.0,55.0
7448,RHEA:53428,valid,,31.0,31.0,5.0,3.0,2.0,5.0,32.0
7449,RHEA:53432,valid,,52.0,53.0,3.0,2.0,2.0,4.0,21.0
7450,RHEA:53444,valid,,54.0,55.0,11.0,7.0,7.0,14.0,57.0
7451,RHEA:53448,valid,,82.0,82.0,3.0,2.0,2.0,4.0,20.0
7452,RHEA:53456,valid,,80.0,80.0,3.0,2.0,2.0,4.0,20.0
7453,RHEA:53460,valid,,82.0,82.0,3.0,2.0,2.0,4.0,20.0
7454,RHEA:53464,valid,,82.0,82.0,3.0,2.0,2.0,4.0,20.0
7455,RHEA:53468,valid,,82.0,82.0,3.0,2.0,2.0,4.0,20.0
7456,RHEA:53472,valid,,80.0,80.0,3.0,2.0,2.0,4.0,20.0
7457,RHEA:53476,valid,,80.0,80.0,3.0,2.0,2.0,4.0,20.0
7458,RHEA:53480,valid,,69.0,69.0,8.0,7.0,8.0,15.0,47.0
7459,RHEA:53484,valid,,70.0,70.0,8.0,7.0,8.0,15.0,47.0
7460,RHEA:53488,valid,,70.0,70.0,8.0,7.0,8.0,15.0,47.0
7461,RHEA:53492,valid,,63.0,63.0,3.0,2.0,2.0,4.0,20.0
7462,RHEA:53496,valid,,27.0,28.0,3.0,2.0,2.0,4.0,18.0
7463,RHEA:53500,valid,,27.0,28.0,3.0,2.0,2.0,4.0,17.0
7464,RHEA:53504,valid,,49.0,49.0,22.0,19.0,17.0,36.0,107.0
7465,RHEA:53508,valid,,45.0,45.0,3.0,2.0,2.0,4.0,22.0
7466,RHEA:53512,valid,,46.0,46.0,3.0,2.0,2.0,4.0,19.0
7467,RHEA:53516,valid,,82.0,82.0,3.0,2.0,2.0,4.0,20.0
7468,RHEA:53520,valid,,80.0,80.0,3.0,2.0,2.0,4.0,20.0
7469,RHEA:53524,valid,,101.0,102.0,3.0,2.0,2.0,4.0,21.0
7470,RHEA:53528,valid,,101.0,102.0,12.0,10.0,4.0,14.0,60.0
7471,RHEA:53532,valid,,26.0,26.0,7.0,6.0,2.0,8.0,35.0
7472,RHEA:53544,valid,,74.0,76.0,18.0,13.0,4.0,17.0,77.0
7473,RHEA:53552,valid,,54.0,55.0,11.0,7.0,7.0,14.0,57.0
7474,RHEA:53556,valid,,54.0,55.0,11.0,7.0,7.0,14.0,57.0
7475,RHEA:53560,valid,,54.0,55.0,11.0,7.0,7.0,14.0,57.0
7476,RHEA:53564,valid,,54.0,55.0,11.0,7.0,7.0,14.0,57.0
7477,RHEA:53568,valid,,54.0,55.0,11.0,7.0,7.0,14.0,57.0
7478,RHEA:53572,valid,,56.0,57.0,11.0,7.0,7.0,14.0,57.0
7479,RHEA:53576,valid,,56.0,57.0,11.0,7.0,7.0,14.0,57.0
7480,RHEA:53580,valid,,56.0,57.0,11.0,7.0,7.0,14.0,57.0
7481,RHEA:53584,valid,,71.0,72.0,8.0,7.0,8.0,15.0,48.0
7482,RHEA:53588,valid,,71.0,72.0,8.0,7.0,8.0,15.0,48.0
7483,RHEA:53592,valid,,26.0,26.0,4.0,2.0,3.0,5.0,22.0
7484,RHEA:53596,valid,,30.0,30.0,4.0,2.0,3.0,5.0,22.0
7485,RHEA:53600,valid,,32.0,32.0,4.0,2.0,3.0,5.0,22.0
7486,RHEA:53604,valid,,28.0,28.0,4.0,2.0,3.0,5.0,22.0
7487,RHEA:53612,valid,,43.0,43.0,5.0,4.0,1.0,5.0,27.0
7488,RHEA:53616,valid,,25.0,25.0,14.0,14.0,9.0,23.0,75.0
7489,RHEA:53620,valid,,29.0,29.0,13.0,15.0,10.0,25.0,73.0
7490,RHEA:53624,valid,,29.0,29.0,14.0,14.0,10.0,24.0,75.0
7491,RHEA:53628,valid,,24.0,24.0,13.0,14.0,9.0,23.0,72.0
7492,RHEA:53632,valid,,24.0,24.0,10.0,10.0,6.0,16.0,61.0
7493,RHEA:53636,valid,,53.0,53.0,4.0,4.0,0.0,4.0,20.0
7494,RHEA:53640,valid,,24.0,24.0,12.0,8.0,9.0,17.0,70.0
7495,RHEA:53644,valid,,25.0,25.0,15.0,16.0,9.0,25.0,84.0
7496,RHEA:53648,valid,,25.0,25.0,11.0,13.0,11.0,24.0,68.0
7497,RHEA:53652,valid,,26.0,26.0,5.0,4.0,2.0,6.0,28.0
7498,RHEA:53656,valid,,26.0,26.0,5.0,4.0,2.0,6.0,28.0
7499,RHEA:53660,valid,,25.0,25.0,5.0,4.0,2.0,6.0,28.0
7500,RHEA:53668,valid,,24.0,24.0,12.0,13.0,7.0,20.0,67.0
7501,RHEA:53676,valid,,40.0,40.0,5.0,4.0,3.0,7.0,26.0
7502,RHEA:53680,valid,,40.0,40.0,5.0,4.0,3.0,7.0,27.0
7503,RHEA:53684,valid,,40.0,40.0,5.0,4.0,3.0,7.0,27.0
7504,RHEA:53688,valid,,39.0,40.0,3.0,2.0,2.0,4.0,18.0
7505,RHEA:53692,valid,,41.0,42.0,3.0,2.0,2.0,4.0,18.0
7506,RHEA:53696,valid,,39.0,40.0,3.0,2.0,2.0,4.0,18.0
7507,RHEA:53700,valid,,39.0,40.0,3.0,2.0,2.0,4.0,18.0
7508,RHEA:53704,valid,,38.0,39.0,3.0,2.0,2.0,4.0,18.0
7509,RHEA:53708,valid,,107.0,108.0,8.0,7.0,8.0,15.0,47.0
7510,RHEA:53712,valid,,86.0,86.0,4.0,2.0,4.0,6.0,14.0
7511,RHEA:53716,valid,,49.0,49.0,5.0,4.0,1.0,5.0,23.0
7512,RHEA:53720,valid,,51.0,52.0,3.0,2.0,2.0,4.0,22.0
7513,RHEA:53724,valid,,46.0,47.0,3.0,2.0,2.0,4.0,22.0
7514,RHEA:53728,valid,,25.0,25.0,4.0,2.0,3.0,5.0,22.0
7515,RHEA:53732,valid,,33.0,33.0,4.0,2.0,3.0,5.0,29.0
7516,RHEA:53736,valid,,56.0,56.0,13.0,12.0,10.0,22.0,63.0
7517,RHEA:53740,valid,,37.0,38.0,3.0,2.0,2.0,4.0,18.0
7518,RHEA:53744,valid,,28.0,29.0,3.0,2.0,2.0,4.0,18.0
7519,RHEA:53748,valid,,59.0,60.0,3.0,2.0,2.0,4.0,22.0
7520,RHEA:53752,valid,,59.0,60.0,3.0,2.0,2.0,4.0,22.0
7521,RHEA:53756,valid,,104.0,104.0,8.0,8.0,0.0,8.0,34.0
7522,RHEA:53760,valid,,104.0,104.0,8.0,8.0,0.0,8.0,34.0
7523,RHEA:53764,valid,,103.0,103.0,6.0,4.0,4.0,8.0,28.0
7524,RHEA:53768,valid,,104.0,104.0,8.0,8.0,0.0,8.0,34.0
7525,RHEA:53772,valid,,102.0,102.0,8.0,8.0,0.0,8.0,34.0
7526,RHEA:53776,valid,,8.0,9.0,3.0,3.0,2.0,5.0,17.0
7527,RHEA:53780,valid,,103.0,103.0,8.0,8.0,0.0,8.0,34.0
7528,RHEA:53784,valid,,104.0,104.0,11.0,10.0,2.0,12.0,50.0
7529,RHEA:53788,valid,,104.0,104.0,11.0,10.0,2.0,12.0,50.0
7530,RHEA:53792,valid,,10.0,10.0,4.0,2.0,4.0,6.0,19.0
7531,RHEA:53796,valid,,103.0,103.0,6.0,4.0,4.0,8.0,28.0
7532,RHEA:53800,valid,,102.0,102.0,8.0,8.0,0.0,8.0,34.0
7533,RHEA:53804,valid,,103.0,103.0,6.0,4.0,4.0,8.0,28.0
7534,RHEA:53808,valid,,61.0,62.0,11.0,7.0,7.0,14.0,57.0
7535,RHEA:53812,valid,,38.0,38.0,5.0,2.0,5.0,7.0,23.0
7536,RHEA:53816,valid,,15.0,15.0,3.0,2.0,2.0,4.0,19.0
7537,RHEA:53820,valid,,76.0,77.0,8.0,7.0,8.0,15.0,46.0
7538,RHEA:53824,valid,,78.0,79.0,8.0,7.0,8.0,15.0,46.0
7539,RHEA:53828,valid,,35.0,35.0,7.0,6.0,3.0,9.0,35.0
7540,RHEA:53832,valid,,35.0,36.0,6.0,6.0,2.0,8.0,29.0
7541,RHEA:53836,valid,,77.0,78.0,3.0,2.0,2.0,4.0,22.0
7542,RHEA:53840,valid,,77.0,78.0,8.0,7.0,8.0,15.0,46.0
7543,RHEA:53844,valid,,76.0,77.0,8.0,7.0,8.0,15.0,46.0
7544,RHEA:53848,valid,,79.0,80.0,8.0,7.0,8.0,15.0,46.0
7545,RHEA:53852,valid,,77.0,78.0,8.0,7.0,8.0,15.0,46.0
7546,RHEA:53856,valid,,77.0,78.0,8.0,7.0,8.0,15.0,46.0
7547,RHEA:53860,valid,,77.0,78.0,8.0,7.0,8.0,15.0,46.0
7548,RHEA:53864,valid,,77.0,78.0,8.0,7.0,8.0,15.0,46.0
7549,RHEA:53868,valid,,63.0,63.0,11.0,10.0,9.0,19.0,58.0
7550,RHEA:53872,valid,,43.0,43.0,8.0,6.0,3.0,9.0,46.0
7551,RHEA:53876,valid,,105.0,106.0,7.0,4.0,5.0,9.0,41.0
7552,RHEA:53880,valid,,54.0,55.0,3.0,2.0,2.0,4.0,21.0
7553,RHEA:53884,valid,,52.0,53.0,3.0,2.0,2.0,4.0,21.0
7554,RHEA:53888,valid,,53.0,54.0,3.0,2.0,2.0,4.0,21.0
7555,RHEA:53896,valid,,88.0,89.0,3.0,2.0,2.0,4.0,22.0
7556,RHEA:53900,valid,,40.0,41.0,3.0,2.0,2.0,4.0,22.0
7557,RHEA:53904,valid,,40.0,41.0,3.0,2.0,2.0,4.0,22.0
7558,RHEA:53908,valid,,64.0,65.0,3.0,2.0,2.0,4.0,22.0
7559,RHEA:53912,valid,,64.0,65.0,3.0,2.0,2.0,4.0,22.0
7560,RHEA:53920,valid,,40.0,41.0,3.0,2.0,2.0,4.0,22.0
7561,RHEA:53924,valid,,30.0,31.0,3.0,2.0,2.0,4.0,18.0
7562,RHEA:53928,valid,,31.0,32.0,3.0,2.0,2.0,4.0,17.0
7563,RHEA:53932,valid,,58.0,59.0,11.0,7.0,7.0,14.0,57.0
7564,RHEA:53948,valid,,70.0,70.0,6.0,4.0,3.0,7.0,33.0
7565,RHEA:53952,valid,,76.0,77.0,6.0,4.0,3.0,7.0,34.0
7566,RHEA:53956,valid,,38.0,38.0,3.0,2.0,2.0,4.0,19.0
7567,RHEA:53960,valid,,77.0,78.0,11.0,7.0,7.0,14.0,57.0
7568,RHEA:53964,valid,,76.0,77.0,3.0,2.0,2.0,4.0,22.0
7569,RHEA:53972,valid,,24.0,24.0,3.0,2.0,2.0,4.0,17.0
7570,RHEA:53976,valid,,24.0,24.0,3.0,2.0,2.0,4.0,17.0
7571,RHEA:53980,valid,,24.0,24.0,3.0,2.0,2.0,4.0,17.0
7572,RHEA:53984,valid,,24.0,24.0,3.0,2.0,2.0,4.0,17.0
7573,RHEA:53988,valid,,14.0,14.0,3.0,2.0,2.0,4.0,17.0
7574,RHEA:53992,valid,,24.0,24.0,3.0,2.0,2.0,4.0,17.0
7575,RHEA:53996,valid,,24.0,24.0,3.0,2.0,2.0,4.0,17.0
7576,RHEA:54000,valid,,24.0,24.0,3.0,2.0,2.0,4.0,17.0
7577,RHEA:54004,valid,,24.0,24.0,3.0,2.0,2.0,4.0,17.0
7578,RHEA:54016,valid,,24.0,24.0,3.0,2.0,2.0,4.0,17.0
7579,RHEA:54020,valid,,63.0,64.0,3.0,2.0,2.0,4.0,22.0
7580,RHEA:54024,valid,,24.0,24.0,6.0,6.0,2.0,8.0,31.0
7581,RHEA:54028,valid,,120.0,124.0,33.0,22.0,19.0,41.0,69.0
7582,RHEA:54032,valid,,69.0,70.0,3.0,2.0,2.0,4.0,21.0
7583,RHEA:54036,valid,,44.0,44.0,6.0,3.0,4.0,7.0,28.0
7584,RHEA:54040,valid,,29.0,29.0,13.0,11.0,7.0,18.0,73.0
7585,RHEA:54044,valid,,25.0,25.0,12.0,12.0,6.0,18.0,69.0
7586,RHEA:54048,valid,,25.0,32.0,22.0,22.0,10.0,32.0,88.0
7587,RHEA:54052,valid,,25.0,25.0,8.0,6.0,8.0,14.0,51.0
7588,RHEA:54056,valid,,25.0,25.0,16.0,18.0,9.0,27.0,78.0
7589,RHEA:54060,valid,,25.0,25.0,7.0,6.0,4.0,10.0,47.0
7590,RHEA:54064,valid,,25.0,25.0,10.0,8.0,10.0,18.0,58.0
7591,RHEA:54068,valid,,35.0,35.0,20.0,18.0,13.0,31.0,86.0
7592,RHEA:54072,valid,,19.0,19.0,8.0,6.0,7.0,13.0,52.0
7593,RHEA:54076,valid,,34.0,34.0,12.0,10.0,8.0,18.0,71.0
7594,RHEA:54080,valid,,54.0,54.0,3.0,2.0,2.0,4.0,20.0
7595,RHEA:54084,valid,,38.0,38.0,5.0,4.0,3.0,7.0,27.0
7596,RHEA:54088,valid,,58.0,58.0,9.0,8.0,9.0,17.0,49.0
7597,RHEA:54092,valid,,62.0,62.0,9.0,8.0,9.0,17.0,49.0
7598,RHEA:54096,valid,,49.0,50.0,3.0,2.0,2.0,4.0,20.0
7599,RHEA:54100,valid,,51.0,52.0,3.0,2.0,2.0,4.0,19.0
7600,RHEA:54104,valid,,50.0,51.0,3.0,2.0,2.0,4.0,20.0
7601,RHEA:54108,valid,,24.0,24.0,8.0,5.0,7.0,12.0,51.0
7602,RHEA:54112,valid,,24.0,24.0,11.0,8.0,8.0,16.0,63.0
7603,RHEA:54116,valid,,29.0,29.0,8.0,6.0,6.0,12.0,46.0
7604,RHEA:54128,valid,,59.0,60.0,3.0,2.0,2.0,4.0,22.0
7605,RHEA:54136,valid,,49.0,50.0,3.0,2.0,2.0,4.0,20.0
7606,RHEA:54140,valid,,49.0,50.0,3.0,2.0,2.0,4.0,20.0
7607,RHEA:54144,valid,,47.0,47.0,12.0,12.0,4.0,16.0,37.0
7608,RHEA:54148,valid,,42.0,42.0,7.0,6.0,2.0,8.0,36.0
7609,RHEA:54152,valid,,49.0,50.0,3.0,2.0,2.0,4.0,19.0
7610,RHEA:54156,valid,,21.0,21.0,6.0,6.0,2.0,8.0,31.0
7611,RHEA:54160,valid,,22.0,22.0,6.0,6.0,2.0,8.0,31.0
7612,RHEA:54172,valid,,59.0,59.0,6.0,4.0,4.0,8.0,36.0
7613,RHEA:54176,valid,,80.0,81.0,8.0,7.0,8.0,15.0,49.0
7614,RHEA:54180,valid,,76.0,77.0,8.0,7.0,8.0,15.0,49.0
7615,RHEA:54184,valid,,10.0,10.0,3.0,2.0,2.0,4.0,18.0
7616,RHEA:54192,valid,,92.0,95.0,7.0,6.0,4.0,10.0,19.0
7617,RHEA:54196,valid,,39.0,40.0,3.0,2.0,2.0,4.0,19.0
7618,RHEA:54200,valid,,40.0,41.0,3.0,2.0,2.0,4.0,19.0
7619,RHEA:54204,valid,,38.0,38.0,12.0,12.0,4.0,16.0,45.0
7620,RHEA:54208,valid,,39.0,39.0,2.0,1.0,2.0,3.0,12.0
7621,RHEA:54212,valid,,41.0,41.0,12.0,12.0,4.0,16.0,45.0
7622,RHEA:54216,valid,,42.0,42.0,2.0,1.0,2.0,3.0,12.0
7623,RHEA:54220,valid,,41.0,41.0,7.0,4.0,6.0,10.0,39.0
7624,RHEA:54232,valid,,55.0,56.0,3.0,2.0,2.0,4.0,22.0
7625,RHEA:54236,valid,,59.0,60.0,3.0,2.0,2.0,4.0,22.0
7626,RHEA:54240,valid,,75.0,76.0,3.0,2.0,2.0,4.0,22.0
7627,RHEA:54244,valid,,73.0,74.0,3.0,2.0,2.0,4.0,22.0
7628,RHEA:54248,valid,,72.0,73.0,3.0,2.0,2.0,4.0,22.0
7629,RHEA:54252,valid,,70.0,71.0,4.0,4.0,1.0,5.0,27.0
7630,RHEA:54256,valid,,24.0,24.0,6.0,6.0,2.0,8.0,31.0
7631,RHEA:54264,valid,,24.0,24.0,6.0,6.0,2.0,8.0,31.0
7632,RHEA:54268,valid,,22.0,22.0,6.0,6.0,2.0,8.0,31.0
7633,RHEA:54272,valid,,22.0,22.0,6.0,6.0,2.0,8.0,31.0
7634,RHEA:54280,valid,,22.0,22.0,6.0,6.0,2.0,8.0,31.0
7635,RHEA:54284,valid,,51.0,52.0,3.0,2.0,2.0,4.0,19.0
7636,RHEA:54288,valid,,45.0,45.0,4.0,2.0,3.0,5.0,29.0
7637,RHEA:54292,valid,,40.0,40.0,4.0,2.0,3.0,5.0,29.0
7638,RHEA:54296,valid,,46.0,46.0,4.0,2.0,3.0,5.0,29.0
7639,RHEA:54308,valid,,49.0,50.0,3.0,2.0,2.0,4.0,20.0
7640,RHEA:54320,valid,,25.0,25.0,6.0,2.0,6.0,8.0,22.0
7641,RHEA:54324,zero_fallback,missing_mapping,,,,,,,
7642,RHEA:54328,valid,,142.0,142.0,27.0,36.0,22.0,58.0,119.0
7643,RHEA:54332,valid,,77.0,78.0,3.0,2.0,2.0,4.0,22.0
7644,RHEA:54336,valid,,71.0,72.0,3.0,2.0,2.0,4.0,22.0
7645,RHEA:54340,valid,,68.0,69.0,3.0,2.0,2.0,4.0,22.0
7646,RHEA:54344,valid,,77.0,78.0,3.0,2.0,2.0,4.0,22.0
7647,RHEA:54348,valid,,56.0,57.0,3.0,2.0,2.0,4.0,22.0
7648,RHEA:54352,valid,,74.0,75.0,4.0,4.0,1.0,5.0,27.0
7649,RHEA:54356,valid,,8.0,8.0,3.0,2.0,2.0,4.0,18.0
7650,RHEA:54360,valid,,9.0,9.0,3.0,2.0,2.0,4.0,17.0
7651,RHEA:54364,valid,,6.0,6.0,3.0,2.0,2.0,4.0,14.0
7652,RHEA:54368,valid,,9.0,9.0,5.0,4.0,2.0,6.0,26.0
7653,RHEA:54372,valid,,25.0,25.0,13.0,12.0,8.0,20.0,71.0
7654,RHEA:54376,valid,,9.0,9.0,2.0,0.0,2.0,2.0,14.0
7655,RHEA:54380,valid,,25.0,25.0,13.0,16.0,8.0,24.0,68.0
7656,RHEA:54384,valid,,69.0,70.0,8.0,7.0,8.0,15.0,48.0
7657,RHEA:54388,valid,,51.0,52.0,3.0,2.0,2.0,4.0,18.0
7658,RHEA:54392,valid,,51.0,52.0,3.0,2.0,2.0,4.0,18.0
7659,RHEA:54396,valid,,53.0,54.0,3.0,2.0,2.0,4.0,18.0
7660,RHEA:54400,valid,,55.0,56.0,3.0,2.0,2.0,4.0,18.0
7661,RHEA:54404,valid,,47.0,48.0,3.0,2.0,2.0,4.0,18.0
7662,RHEA:54408,valid,,39.0,40.0,3.0,2.0,2.0,4.0,17.0
7663,RHEA:54416,valid,,77.0,78.0,8.0,7.0,8.0,15.0,48.0
7664,RHEA:54420,valid,,45.0,46.0,3.0,2.0,2.0,4.0,19.0
7665,RHEA:54424,valid,,54.0,54.0,3.0,2.0,2.0,4.0,22.0
7666,RHEA:54428,valid,,46.0,47.0,3.0,2.0,2.0,4.0,19.0
7667,RHEA:54432,valid,,39.0,39.0,13.0,11.0,7.0,18.0,63.0
7668,RHEA:54444,valid,,75.0,76.0,8.0,7.0,8.0,15.0,47.0
7669,RHEA:54448,valid,,32.0,33.0,3.0,2.0,2.0,4.0,18.0
7670,RHEA:54452,valid,,66.0,67.0,12.0,12.0,12.0,24.0,66.0
7671,RHEA:54456,valid,,47.0,48.0,3.0,2.0,2.0,4.0,18.0
7672,RHEA:54460,valid,,42.0,43.0,3.0,2.0,2.0,4.0,18.0
7673,RHEA:54464,valid,,43.0,44.0,3.0,2.0,2.0,4.0,18.0
7674,RHEA:54468,valid,,45.0,46.0,3.0,2.0,2.0,4.0,18.0
7675,RHEA:54472,valid,,46.0,47.0,3.0,2.0,2.0,4.0,18.0
7676,RHEA:54484,valid,,62.0,62.0,3.0,2.0,2.0,4.0,16.0
7677,RHEA:54488,valid,,82.0,82.0,4.0,4.0,0.0,4.0,10.0
7678,RHEA:54492,valid,,59.0,59.0,3.0,2.0,2.0,4.0,16.0
7679,RHEA:54496,valid,,29.0,29.0,11.0,10.0,8.0,18.0,67.0
7680,RHEA:54500,valid,,34.0,34.0,6.0,4.0,3.0,7.0,37.0
7681,RHEA:54504,valid,,16.0,19.0,14.0,13.0,6.0,19.0,66.0
7682,RHEA:54508,valid,,44.0,44.0,6.0,4.0,3.0,7.0,37.0
7683,RHEA:54512,valid,,30.0,30.0,6.0,4.0,4.0,8.0,41.0
7684,RHEA:54516,valid,,30.0,30.0,13.0,15.0,9.0,24.0,73.0
7685,RHEA:54520,valid,,29.0,29.0,12.0,9.0,10.0,19.0,70.0
7686,RHEA:54532,valid,,21.0,21.0,4.0,3.0,3.0,6.0,24.0
7687,RHEA:54536,valid,,83.0,83.0,6.0,4.0,3.0,7.0,35.0
7688,RHEA:54540,valid,,35.0,35.0,3.0,2.0,2.0,4.0,18.0
7689,RHEA:54544,valid,,44.0,46.0,6.0,4.0,1.0,5.0,26.0
7690,RHEA:54548,valid,,19.0,19.0,4.0,2.0,3.0,5.0,22.0
7691,RHEA:54552,valid,,45.0,46.0,3.0,2.0,2.0,4.0,18.0
7692,RHEA:54564,valid,,79.0,80.0,10.0,6.0,6.0,12.0,37.0
7693,RHEA:54572,valid,,22.0,22.0,3.0,2.0,2.0,4.0,22.0
7694,RHEA:54576,valid,,37.0,37.0,9.0,8.0,2.0,10.0,46.0
7695,RHEA:54580,valid,,42.0,43.0,3.0,2.0,2.0,4.0,22.0
7696,RHEA:54584,valid,,52.0,52.0,3.0,2.0,2.0,4.0,19.0
7697,RHEA:54588,valid,,49.0,50.0,3.0,2.0,2.0,4.0,20.0
7698,RHEA:54596,valid,,77.0,77.0,6.0,6.0,2.0,8.0,31.0
7699,RHEA:54600,valid,,69.0,69.0,6.0,6.0,2.0,8.0,31.0
7700,RHEA:54604,valid,,71.0,71.0,6.0,6.0,2.0,8.0,31.0
7701,RHEA:54612,valid,,66.0,66.0,6.0,6.0,2.0,8.0,31.0
7702,RHEA:54616,valid,,78.0,78.0,6.0,6.0,2.0,8.0,31.0
7703,RHEA:54620,valid,,81.0,81.0,7.0,8.0,2.0,10.0,34.0
7704,RHEA:54624,valid,,79.0,79.0,6.0,6.0,2.0,8.0,31.0
7705,RHEA:54628,valid,,73.0,73.0,7.0,7.0,4.0,11.0,36.0
7706,RHEA:54632,valid,,75.0,75.0,6.0,6.0,2.0,8.0,31.0
7707,RHEA:54636,valid,,29.0,29.0,6.0,4.0,3.0,7.0,37.0
7708,RHEA:54640,valid,,9.0,9.0,2.0,0.0,2.0,2.0,14.0
7709,RHEA:54644,valid,,9.0,10.0,4.0,2.0,4.0,6.0,26.0
7710,RHEA:54648,valid,,30.0,30.0,7.0,6.0,6.0,12.0,34.0
7711,RHEA:54652,valid,,30.0,30.0,9.0,8.0,7.0,15.0,49.0
7712,RHEA:54656,valid,,11.0,11.0,4.0,4.0,0.0,4.0,24.0
7713,RHEA:54660,valid,,5.0,5.0,3.0,2.0,2.0,4.0,17.0
7714,RHEA:54664,valid,,32.0,32.0,7.0,6.0,5.0,11.0,39.0
7715,RHEA:54668,valid,,32.0,32.0,8.0,6.0,6.0,12.0,44.0
7716,RHEA:54672,valid,,30.0,30.0,7.0,6.0,3.0,9.0,45.0
7717,RHEA:54676,valid,,29.0,29.0,7.0,8.0,4.0,12.0,30.0
7718,RHEA:54684,valid,,29.0,29.0,7.0,8.0,4.0,12.0,30.0
7719,RHEA:54688,valid,,11.0,11.0,4.0,3.0,2.0,5.0,25.0
7720,RHEA:54692,valid,,29.0,29.0,7.0,6.0,5.0,11.0,42.0
7721,RHEA:54696,valid,,70.0,70.0,6.0,4.0,3.0,7.0,36.0
7722,RHEA:54712,valid,,103.0,106.0,7.0,6.0,4.0,10.0,19.0
7723,RHEA:54724,valid,,104.0,107.0,7.0,6.0,4.0,10.0,19.0
7724,RHEA:54728,valid,,80.0,80.0,3.0,2.0,2.0,4.0,22.0
7725,RHEA:54736,valid,,78.0,80.0,5.0,4.0,3.0,7.0,19.0
7726,RHEA:54756,valid,,48.0,50.0,5.0,4.0,3.0,7.0,31.0
7727,RHEA:54784,valid,,26.0,26.0,6.0,5.0,5.0,10.0,37.0
7728,RHEA:54788,valid,,64.0,65.0,8.0,6.0,4.0,10.0,46.0
7729,RHEA:54792,valid,,45.0,45.0,4.0,2.0,3.0,5.0,29.0
7730,RHEA:54796,valid,,56.0,57.0,8.0,7.0,8.0,15.0,48.0
7731,RHEA:54800,valid,,55.0,55.0,3.0,2.0,2.0,4.0,22.0
7732,RHEA:54804,valid,,58.0,59.0,8.0,7.0,8.0,15.0,43.0
7733,RHEA:54808,valid,,73.0,73.0,9.0,8.0,9.0,17.0,51.0
7734,RHEA:54812,valid,,55.0,56.0,6.0,4.0,3.0,7.0,37.0
7735,RHEA:54816,valid,,22.0,22.0,3.0,2.0,2.0,4.0,19.0
7736,RHEA:54820,valid,,91.0,92.0,3.0,2.0,2.0,4.0,22.0
7737,RHEA:54824,zero_fallback,missing_mapping,,,,,,,
7738,RHEA:54832,valid,,53.0,54.0,11.0,7.0,7.0,14.0,57.0
7739,RHEA:54836,valid,,58.0,58.0,10.0,10.0,7.0,17.0,57.0
7740,RHEA:54840,valid,,59.0,59.0,10.0,10.0,7.0,17.0,57.0
7741,RHEA:54844,valid,,57.0,57.0,10.0,10.0,7.0,17.0,55.0
7742,RHEA:54848,valid,,57.0,57.0,10.0,10.0,7.0,17.0,57.0
7743,RHEA:54852,valid,,58.0,58.0,10.0,10.0,7.0,17.0,56.0
7744,RHEA:54856,valid,,59.0,59.0,10.0,10.0,7.0,17.0,55.0
7745,RHEA:54860,valid,,61.0,61.0,10.0,10.0,7.0,17.0,55.0
7746,RHEA:54864,valid,,59.0,59.0,10.0,10.0,7.0,17.0,57.0
7747,RHEA:54868,valid,,78.0,78.0,8.0,7.0,8.0,15.0,47.0
7748,RHEA:54872,valid,,61.0,61.0,10.0,10.0,7.0,17.0,54.0
7749,RHEA:54888,valid,,100.0,100.0,6.0,4.0,3.0,7.0,36.0
7750,RHEA:54892,valid,,64.0,65.0,9.0,8.0,4.0,12.0,48.0
7751,RHEA:54896,valid,,100.0,100.0,7.0,6.0,3.0,9.0,38.0
7752,RHEA:54900,valid,,90.0,90.0,8.0,7.0,8.0,15.0,47.0
7753,RHEA:54904,valid,,90.0,90.0,8.0,7.0,8.0,15.0,47.0
7754,RHEA:54908,valid,,103.0,103.0,8.0,7.0,8.0,15.0,47.0
7755,RHEA:54912,valid,,69.0,70.0,8.0,7.0,8.0,15.0,48.0
7756,RHEA:54916,valid,,69.0,70.0,8.0,7.0,8.0,15.0,48.0
7757,RHEA:54920,valid,,69.0,70.0,8.0,7.0,8.0,15.0,48.0
7758,RHEA:54924,valid,,79.0,79.0,5.0,4.0,2.0,6.0,32.0
7759,RHEA:54928,valid,,95.0,95.0,8.0,7.0,8.0,15.0,48.0
7760,RHEA:54932,valid,,47.0,47.0,3.0,2.0,2.0,4.0,18.0
7761,RHEA:54936,valid,,84.0,84.0,8.0,7.0,8.0,15.0,47.0
7762,RHEA:54940,valid,,75.0,75.0,5.0,4.0,2.0,6.0,32.0
7763,RHEA:54952,valid,,90.0,90.0,6.0,4.0,3.0,7.0,36.0
7764,RHEA:54956,valid,,98.0,98.0,6.0,4.0,3.0,7.0,36.0
7765,RHEA:54960,valid,,98.0,98.0,6.0,4.0,3.0,7.0,36.0
7766,RHEA:54964,valid,,51.0,51.0,4.0,2.0,3.0,5.0,27.0
7767,RHEA:54968,valid,,32.0,32.0,4.0,4.0,0.0,4.0,25.0
7768,RHEA:54972,valid,,73.0,73.0,3.0,2.0,2.0,4.0,20.0
7769,RHEA:54976,valid,,65.0,66.0,3.0,2.0,2.0,4.0,19.0
7770,RHEA:54992,valid,,47.0,54.0,16.0,13.0,4.0,17.0,39.0
7771,RHEA:55004,valid,,62.0,62.0,11.0,10.0,9.0,19.0,61.0
7772,RHEA:55020,valid,,24.0,24.0,3.0,2.0,2.0,4.0,19.0
7773,RHEA:55024,valid,,58.0,59.0,13.0,9.0,7.0,16.0,65.0
7774,RHEA:55040,valid,,81.0,81.0,5.0,4.0,2.0,6.0,32.0
7775,RHEA:55044,valid,,64.0,65.0,3.0,2.0,2.0,4.0,19.0
7776,RHEA:55048,valid,,62.0,63.0,3.0,2.0,2.0,4.0,19.0
7777,RHEA:55052,valid,,55.0,56.0,3.0,2.0,2.0,4.0,19.0
7778,RHEA:55056,valid,,87.0,90.0,22.0,13.0,13.0,26.0,61.0
7779,RHEA:55064,valid,,56.0,57.0,3.0,2.0,2.0,4.0,19.0
7780,RHEA:55072,valid,,7.0,7.0,3.0,2.0,2.0,4.0,17.0
7781,RHEA:55076,valid,,9.0,9.0,3.0,2.0,2.0,4.0,17.0
7782,RHEA:55080,valid,,50.0,51.0,3.0,2.0,2.0,4.0,22.0
7783,RHEA:55084,valid,,56.0,57.0,3.0,2.0,2.0,4.0,19.0
7784,RHEA:55088,valid,,59.0,60.0,3.0,2.0,2.0,4.0,19.0
7785,RHEA:55096,valid,,56.0,57.0,3.0,2.0,2.0,4.0,19.0
7786,RHEA:55100,valid,,84.0,84.0,8.0,7.0,8.0,15.0,48.0
7787,RHEA:55104,valid,,86.0,86.0,8.0,7.0,8.0,15.0,48.0
7788,RHEA:55108,valid,,88.0,88.0,8.0,7.0,8.0,15.0,48.0
7789,RHEA:55112,valid,,85.0,85.0,8.0,7.0,8.0,15.0,48.0
7790,RHEA:55116,valid,,86.0,86.0,8.0,7.0,8.0,15.0,47.0
7791,RHEA:55120,valid,,86.0,86.0,8.0,7.0,8.0,15.0,48.0
7792,RHEA:55124,valid,,81.0,81.0,8.0,7.0,8.0,15.0,47.0
7793,RHEA:55128,valid,,38.0,38.0,3.0,2.0,2.0,4.0,18.0
7794,RHEA:55132,valid,,66.0,66.0,6.0,4.0,3.0,7.0,36.0
7795,RHEA:55144,valid,,69.0,70.0,8.0,7.0,8.0,15.0,46.0
7796,RHEA:55148,valid,,64.0,65.0,8.0,7.0,8.0,15.0,46.0
7797,RHEA:55152,zero_fallback,missing_mapping,,,,,,,
7798,RHEA:55156,valid,,33.0,33.0,10.0,9.0,10.0,19.0,31.0
7799,RHEA:55160,valid,,36.0,38.0,4.0,1.0,4.0,5.0,15.0
7800,RHEA:55164,valid,,73.0,73.0,9.0,8.0,9.0,17.0,51.0
7801,RHEA:55168,valid,,41.0,41.0,5.0,4.0,1.0,5.0,31.0
7802,RHEA:55172,valid,,67.0,67.0,6.0,6.0,2.0,8.0,31.0
7803,RHEA:55176,valid,,65.0,65.0,6.0,6.0,2.0,8.0,31.0
7804,RHEA:55180,valid,,71.0,71.0,6.0,5.0,4.0,9.0,32.0
7805,RHEA:55184,valid,,73.0,73.0,6.0,6.0,2.0,8.0,31.0
7806,RHEA:55188,valid,,55.0,55.0,6.0,4.0,4.0,8.0,36.0
7807,RHEA:55192,valid,,74.0,74.0,6.0,6.0,2.0,8.0,31.0
7808,RHEA:55196,valid,,68.0,68.0,3.0,2.0,2.0,4.0,18.0
7809,RHEA:55200,valid,,59.0,60.0,12.0,11.0,10.0,21.0,70.0
7810,RHEA:55204,valid,,54.0,55.0,13.0,11.0,12.0,23.0,76.0
7811,RHEA:55208,valid,,26.0,26.0,3.0,2.0,2.0,4.0,19.0
7812,RHEA:55212,valid,,66.0,66.0,3.0,2.0,2.0,4.0,18.0
7813,RHEA:55216,valid,,29.0,29.0,11.0,10.0,8.0,18.0,62.0
7814,RHEA:55220,valid,,42.0,42.0,13.0,5.0,12.0,17.0,22.0
7815,RHEA:55236,valid,,72.0,73.0,3.0,2.0,2.0,4.0,18.0
7816,RHEA:55240,valid,,68.0,69.0,3.0,2.0,2.0,4.0,18.0
7817,RHEA:55244,valid,,42.0,42.0,13.0,5.0,12.0,17.0,22.0
7818,RHEA:55248,valid,,103.0,104.0,9.0,8.0,2.0,10.0,48.0
7819,RHEA:55252,valid,,103.0,104.0,3.0,2.0,2.0,4.0,21.0
7820,RHEA:55256,valid,,109.0,110.0,7.0,6.0,2.0,8.0,37.0
7821,RHEA:55260,valid,,102.0,103.0,7.0,6.0,2.0,8.0,39.0
7822,RHEA:55264,valid,,97.0,99.0,10.0,7.0,1.0,8.0,36.0
7823,RHEA:55268,valid,,23.0,23.0,4.0,4.0,0.0,4.0,25.0
7824,RHEA:55272,valid,,84.0,84.0,3.0,2.0,2.0,4.0,20.0
7825,RHEA:55276,valid,,84.0,84.0,3.0,2.0,2.0,4.0,20.0
7826,RHEA:55280,valid,,84.0,84.0,3.0,2.0,2.0,4.0,20.0
7827,RHEA:55284,valid,,84.0,84.0,3.0,2.0,2.0,4.0,20.0
7828,RHEA:55288,valid,,78.0,78.0,3.0,2.0,2.0,4.0,20.0
7829,RHEA:55292,valid,,49.0,50.0,3.0,2.0,2.0,4.0,20.0
7830,RHEA:55296,valid,,86.0,86.0,3.0,2.0,2.0,4.0,20.0
7831,RHEA:55300,valid,,98.0,98.0,3.0,2.0,2.0,4.0,20.0
7832,RHEA:55304,valid,,96.0,96.0,3.0,2.0,2.0,4.0,20.0
7833,RHEA:55308,valid,,100.0,100.0,3.0,2.0,2.0,4.0,20.0
7834,RHEA:55312,valid,,100.0,100.0,3.0,2.0,2.0,4.0,20.0
7835,RHEA:55316,valid,,136.0,140.0,29.0,29.0,28.0,57.0,86.0
7836,RHEA:55320,valid,,60.0,60.0,4.0,4.0,0.0,4.0,22.0
7837,RHEA:55324,valid,,86.0,86.0,3.0,2.0,2.0,4.0,20.0
7838,RHEA:55332,valid,,54.0,55.0,3.0,2.0,2.0,4.0,19.0
7839,RHEA:55336,valid,,55.0,56.0,3.0,2.0,2.0,4.0,19.0
7840,RHEA:55340,valid,,72.0,74.0,5.0,2.0,3.0,5.0,21.0
7841,RHEA:55344,valid,,91.0,110.0,27.0,25.0,3.0,28.0,68.0
7842,RHEA:55348,valid,,21.0,21.0,0.0,0.0,0.0,0.0,0.0
7843,RHEA:55352,valid,,21.0,21.0,0.0,0.0,0.0,0.0,0.0
7844,RHEA:55356,valid,,21.0,21.0,0.0,0.0,0.0,0.0,0.0
7845,RHEA:55360,valid,,21.0,21.0,0.0,0.0,0.0,0.0,0.0
7846,RHEA:55364,valid,,108.0,108.0,26.0,16.0,18.0,34.0,50.0
7847,RHEA:55368,valid,,61.0,61.0,10.0,9.0,9.0,18.0,56.0
7848,RHEA:55372,valid,,17.0,18.0,3.0,2.0,2.0,4.0,17.0
7849,RHEA:55376,valid,,26.0,26.0,18.0,17.0,18.0,35.0,24.0
7850,RHEA:55380,valid,,118.0,119.0,8.0,7.0,8.0,15.0,47.0
7851,RHEA:55388,valid,,27.0,29.0,5.0,3.0,2.0,5.0,21.0
7852,RHEA:55392,valid,,51.0,52.0,5.0,3.0,2.0,5.0,31.0
7853,RHEA:55396,valid,,57.0,57.0,10.0,9.0,9.0,18.0,56.0
7854,RHEA:55400,valid,,28.0,28.0,3.0,2.0,2.0,4.0,17.0
7855,RHEA:55424,zero_fallback,ValueError:RDKit could not parse mapped reaction,,,,,,,
7856,RHEA:55428,valid,,54.0,55.0,11.0,7.0,7.0,14.0,56.0
7857,RHEA:55432,valid,,121.0,125.0,33.0,22.0,18.0,40.0,69.0
7858,RHEA:55436,valid,,54.0,55.0,11.0,7.0,7.0,14.0,57.0
7859,RHEA:55440,valid,,64.0,65.0,11.0,7.0,7.0,14.0,56.0
7860,RHEA:55444,valid,,66.0,67.0,11.0,7.0,7.0,14.0,56.0
7861,RHEA:55448,valid,,93.0,95.0,22.0,14.0,14.0,28.0,56.0
7862,RHEA:55452,valid,,64.0,65.0,11.0,7.0,7.0,14.0,57.0
7863,RHEA:55456,valid,,87.0,89.0,21.0,13.0,12.0,25.0,55.0
7864,RHEA:55460,valid,,88.0,90.0,21.0,13.0,12.0,25.0,55.0
7865,RHEA:55464,valid,,56.0,57.0,11.0,7.0,7.0,14.0,57.0
7866,RHEA:55468,valid,,55.0,56.0,11.0,7.0,7.0,14.0,57.0
7867,RHEA:55472,valid,,53.0,54.0,11.0,7.0,7.0,14.0,56.0
7868,RHEA:55476,valid,,30.0,30.0,5.0,2.0,5.0,7.0,19.0
7869,RHEA:55480,valid,,119.0,122.0,32.0,20.0,19.0,39.0,63.0
7870,RHEA:55504,valid,,49.0,50.0,11.0,7.0,7.0,14.0,57.0
7871,RHEA:55508,valid,,97.0,99.0,21.0,13.0,12.0,25.0,53.0
7872,RHEA:55512,valid,,64.0,65.0,11.0,7.0,7.0,14.0,56.0
7873,RHEA:55516,valid,,65.0,66.0,12.0,7.0,8.0,15.0,57.0
7874,RHEA:55520,valid,,28.0,38.0,17.0,16.0,4.0,20.0,46.0
7875,RHEA:55524,valid,,17.0,17.0,7.0,6.0,4.0,10.0,34.0
7876,RHEA:55528,valid,,16.0,16.0,7.0,6.0,4.0,10.0,34.0
7877,RHEA:55532,valid,,15.0,15.0,7.0,6.0,4.0,10.0,34.0
7878,RHEA:55544,valid,,38.0,39.0,3.0,2.0,2.0,4.0,20.0
7879,RHEA:55548,valid,,39.0,40.0,3.0,2.0,2.0,4.0,19.0
7880,RHEA:55552,valid,,40.0,41.0,3.0,2.0,2.0,4.0,19.0
7881,RHEA:55564,valid,,44.0,45.0,3.0,2.0,2.0,4.0,22.0
7882,RHEA:55572,valid,,44.0,45.0,3.0,2.0,2.0,4.0,20.0
7883,RHEA:55576,valid,,45.0,46.0,3.0,2.0,2.0,4.0,19.0
7884,RHEA:55580,valid,,42.0,44.0,6.0,4.0,4.0,8.0,31.0
7885,RHEA:55584,valid,,51.0,52.0,3.0,2.0,2.0,4.0,20.0
7886,RHEA:55592,valid,,83.0,84.0,6.0,4.0,4.0,8.0,26.0
7887,RHEA:55604,valid,,63.0,63.0,3.0,2.0,2.0,4.0,22.0
7888,RHEA:55608,valid,,67.0,67.0,3.0,2.0,2.0,4.0,22.0
7889,RHEA:55616,valid,,20.0,20.0,5.0,4.0,2.0,6.0,32.0
7890,RHEA:55620,valid,,20.0,20.0,3.0,2.0,2.0,4.0,20.0
7891,RHEA:55632,valid,,78.0,79.0,3.0,2.0,2.0,4.0,22.0
7892,RHEA:55636,valid,,48.0,49.0,7.0,4.0,5.0,9.0,42.0
7893,RHEA:55644,valid,,42.0,43.0,6.0,4.0,4.0,8.0,34.0
7894,RHEA:55648,valid,,35.0,36.0,7.0,6.0,3.0,9.0,38.0
7895,RHEA:55652,valid,,32.0,32.0,4.0,2.0,3.0,5.0,22.0
7896,RHEA:55660,valid,,46.0,46.0,5.0,3.0,4.0,7.0,15.0
7897,RHEA:55664,valid,,47.0,47.0,5.0,3.0,4.0,7.0,15.0
7898,RHEA:55688,valid,,41.0,42.0,3.0,2.0,2.0,4.0,19.0
7899,RHEA:55696,valid,,37.0,38.0,3.0,2.0,2.0,4.0,19.0
7900,RHEA:55700,valid,,67.0,68.0,3.0,2.0,2.0,4.0,19.0
7901,RHEA:55704,valid,,50.0,51.0,11.0,10.0,11.0,21.0,56.0
7902,RHEA:55708,valid,,57.0,59.0,13.0,12.0,12.0,24.0,69.0
7903,RHEA:55712,valid,,54.0,55.0,3.0,2.0,2.0,4.0,18.0
7904,RHEA:55716,valid,,54.0,55.0,3.0,2.0,2.0,4.0,18.0
7905,RHEA:55720,valid,,86.0,86.0,6.0,4.0,3.0,7.0,36.0
7906,RHEA:55728,valid,,88.0,88.0,6.0,4.0,3.0,7.0,36.0
7907,RHEA:55740,valid,,39.0,39.0,3.0,2.0,2.0,4.0,16.0
7908,RHEA:55748,valid,,38.0,40.0,8.0,3.0,6.0,9.0,20.0
7909,RHEA:55752,valid,,42.0,42.0,8.0,3.0,8.0,11.0,26.0
7910,RHEA:55756,valid,,31.0,31.0,6.0,6.0,2.0,8.0,31.0
7911,RHEA:55760,valid,,47.0,47.0,3.0,2.0,2.0,4.0,20.0
7912,RHEA:55764,valid,,18.0,18.0,3.0,2.0,2.0,4.0,17.0
7913,RHEA:55768,valid,,59.0,59.0,4.0,4.0,0.0,4.0,26.0
7914,RHEA:55772,valid,,52.0,53.0,6.0,4.0,3.0,7.0,37.0
7915,RHEA:55776,valid,,60.0,61.0,3.0,2.0,2.0,4.0,21.0
7916,RHEA:55788,valid,,50.0,50.0,9.0,8.0,9.0,17.0,51.0
7917,RHEA:55792,valid,,51.0,51.0,9.0,8.0,9.0,17.0,51.0
7918,RHEA:55796,valid,,53.0,53.0,9.0,8.0,9.0,17.0,49.0
7919,RHEA:55800,valid,,30.0,30.0,6.0,2.0,6.0,8.0,20.0
7920,RHEA:55804,valid,,54.0,55.0,3.0,2.0,2.0,4.0,18.0
7921,RHEA:55808,valid,,15.0,15.0,5.0,2.0,5.0,7.0,19.0
7922,RHEA:55812,valid,,97.0,99.0,6.0,3.0,6.0,9.0,27.0
7923,RHEA:55828,valid,,59.0,60.0,11.0,7.0,7.0,14.0,57.0
7924,RHEA:55832,valid,,59.0,60.0,11.0,7.0,7.0,14.0,57.0
7925,RHEA:55836,valid,,67.0,68.0,3.0,2.0,2.0,4.0,22.0
7926,RHEA:55840,valid,,66.0,67.0,3.0,2.0,2.0,4.0,22.0
7927,RHEA:55844,valid,,66.0,67.0,3.0,2.0,2.0,4.0,21.0
7928,RHEA:55856,valid,,55.0,56.0,11.0,7.0,7.0,14.0,57.0
7929,RHEA:55860,valid,,55.0,56.0,12.0,9.0,5.0,14.0,59.0
7930,RHEA:55868,valid,,8.0,8.0,4.0,2.0,4.0,6.0,18.0
7931,RHEA:55872,valid,,108.0,110.0,14.0,13.0,14.0,27.0,45.0
7932,RHEA:55896,valid,,71.0,71.0,12.0,7.0,8.0,15.0,57.0
7933,RHEA:55900,valid,,71.0,71.0,12.0,7.0,8.0,15.0,57.0
7934,RHEA:55904,valid,,72.0,72.0,12.0,7.0,8.0,15.0,57.0
7935,RHEA:55924,valid,,51.0,52.0,11.0,7.0,5.0,12.0,55.0
7936,RHEA:55928,valid,,54.0,55.0,11.0,7.0,5.0,12.0,55.0
7937,RHEA:55932,valid,,32.0,33.0,3.0,2.0,2.0,4.0,19.0
7938,RHEA:55936,valid,,66.0,67.0,8.0,7.0,8.0,15.0,48.0
7939,RHEA:55940,valid,,65.0,66.0,8.0,7.0,8.0,15.0,48.0
7940,RHEA:55956,valid,,23.0,23.0,3.0,2.0,3.0,5.0,16.0
7941,RHEA:55960,valid,,89.0,89.0,6.0,4.0,3.0,7.0,36.0
7942,RHEA:55964,valid,,91.0,92.0,3.0,2.0,2.0,4.0,22.0
7943,RHEA:55968,valid,,48.0,49.0,3.0,2.0,2.0,4.0,19.0
7944,RHEA:55972,valid,,54.0,54.0,3.0,2.0,2.0,4.0,20.0
7945,RHEA:55976,valid,,25.0,26.0,4.0,3.0,2.0,5.0,22.0
7946,RHEA:55980,valid,,104.0,105.0,6.0,4.0,4.0,8.0,32.0
7947,RHEA:55984,valid,,46.0,47.0,3.0,2.0,2.0,4.0,22.0
7948,RHEA:55988,zero_fallback,missing_mapping,,,,,,,
7949,RHEA:55992,valid,,90.0,91.0,3.0,2.0,2.0,4.0,22.0
7950,RHEA:55996,zero_fallback,missing_mapping,,,,,,,
7951,RHEA:56000,zero_fallback,missing_mapping,,,,,,,
7952,RHEA:56004,valid,,138.0,138.0,9.0,8.0,4.0,12.0,42.0
7953,RHEA:56008,valid,,141.0,141.0,23.0,22.0,13.0,35.0,48.0
7954,RHEA:56028,valid,,129.0,129.0,11.0,8.0,6.0,14.0,33.0
7955,RHEA:56052,valid,,109.0,109.0,6.0,4.0,4.0,8.0,25.0
7956,RHEA:56056,valid,,56.0,57.0,4.0,2.0,3.0,5.0,28.0
7957,RHEA:56060,valid,,18.0,18.0,3.0,2.0,2.0,4.0,19.0
7958,RHEA:56064,valid,,53.0,54.0,3.0,2.0,2.0,4.0,22.0
7959,RHEA:56072,valid,,48.0,48.0,4.0,2.0,3.0,5.0,29.0
7960,RHEA:56076,valid,,85.0,86.0,3.0,2.0,2.0,4.0,21.0
7961,RHEA:56080,valid,,39.0,40.0,3.0,2.0,2.0,4.0,22.0
7962,RHEA:56084,valid,,19.0,20.0,3.0,2.0,2.0,4.0,19.0
7963,RHEA:56088,valid,,129.0,130.0,3.0,2.0,2.0,4.0,22.0
7964,RHEA:56100,valid,,41.0,41.0,5.0,4.0,1.0,5.0,31.0
7965,RHEA:56104,valid,,36.0,36.0,5.0,3.0,4.0,7.0,15.0
7966,RHEA:56124,valid,,56.0,58.0,14.0,11.0,5.0,16.0,64.0
7967,RHEA:56128,valid,,62.0,64.0,13.0,11.0,4.0,15.0,61.0
7968,RHEA:56132,valid,,42.0,42.0,7.0,7.0,7.0,14.0,43.0
7969,RHEA:56136,valid,,18.0,18.0,4.0,1.0,4.0,5.0,11.0
7970,RHEA:56144,valid,,16.0,16.0,12.0,15.0,10.0,25.0,36.0
7971,RHEA:56148,valid,,64.0,66.0,5.0,2.0,3.0,5.0,21.0
7972,RHEA:56152,valid,,64.0,66.0,5.0,2.0,3.0,5.0,21.0
7973,RHEA:56156,valid,,64.0,66.0,5.0,2.0,3.0,5.0,21.0
7974,RHEA:56164,valid,,64.0,66.0,5.0,2.0,3.0,5.0,21.0
7975,RHEA:56168,valid,,64.0,66.0,5.0,2.0,3.0,5.0,21.0
7976,RHEA:56188,valid,,75.0,76.0,3.0,2.0,2.0,4.0,22.0
7977,RHEA:56192,valid,,76.0,77.0,3.0,2.0,2.0,4.0,22.0
7978,RHEA:56212,valid,,72.0,73.0,3.0,2.0,2.0,4.0,22.0
7979,RHEA:56216,valid,,73.0,74.0,3.0,2.0,2.0,4.0,22.0
7980,RHEA:56220,valid,,86.0,87.0,3.0,2.0,2.0,4.0,22.0
7981,RHEA:56224,valid,,87.0,88.0,3.0,2.0,2.0,4.0,22.0
7982,RHEA:56228,valid,,64.0,66.0,5.0,2.0,3.0,5.0,21.0
7983,RHEA:56236,valid,,29.0,31.0,8.0,6.0,1.0,7.0,28.0
7984,RHEA:56240,valid,,62.0,62.0,3.0,2.0,2.0,4.0,20.0
7985,RHEA:56244,valid,,78.0,78.0,3.0,2.0,2.0,4.0,20.0
7986,RHEA:56248,valid,,70.0,70.0,4.0,4.0,0.0,4.0,22.0
7987,RHEA:56252,valid,,72.0,73.0,3.0,2.0,2.0,4.0,22.0
7988,RHEA:56256,valid,,73.0,74.0,3.0,2.0,2.0,4.0,22.0
7989,RHEA:56284,valid,,76.0,77.0,8.0,7.0,8.0,15.0,46.0
7990,RHEA:56288,valid,,51.0,52.0,11.0,7.0,7.0,14.0,57.0
7991,RHEA:56292,valid,,54.0,55.0,11.0,7.0,7.0,14.0,56.0
7992,RHEA:56308,valid,,57.0,58.0,12.0,7.0,8.0,15.0,60.0
7993,RHEA:56312,valid,,45.0,47.0,4.0,2.0,3.0,5.0,22.0
7994,RHEA:56320,valid,,59.0,60.0,3.0,2.0,2.0,4.0,22.0
7995,RHEA:56324,valid,,23.0,24.0,3.0,2.0,2.0,4.0,20.0
7996,RHEA:56336,valid,,86.0,88.0,22.0,14.0,14.0,28.0,59.0
7997,RHEA:56344,valid,,63.0,64.0,3.0,2.0,2.0,4.0,22.0
7998,RHEA:56360,valid,,86.0,86.0,9.0,8.0,9.0,17.0,51.0
7999,RHEA:56364,valid,,87.0,87.0,10.0,8.0,10.0,18.0,53.0
8000,RHEA:56380,zero_fallback,missing_mapping,,,,,,,
8001,RHEA:56384,valid,,92.0,92.0,12.0,7.0,8.0,15.0,57.0
8002,RHEA:56388,valid,,93.0,93.0,14.0,9.0,8.0,17.0,64.0
8003,RHEA:56408,valid,,102.0,102.0,3.0,2.0,2.0,4.0,20.0
8004,RHEA:56412,valid,,90.0,90.0,8.0,8.0,0.0,8.0,20.0
8005,RHEA:56416,valid,,22.0,22.0,3.0,2.0,2.0,4.0,22.0
8006,RHEA:56424,valid,,67.0,68.0,3.0,2.0,2.0,4.0,18.0
8007,RHEA:56428,valid,,55.0,56.0,3.0,2.0,2.0,4.0,18.0
8008,RHEA:56432,valid,,53.0,54.0,3.0,2.0,2.0,4.0,18.0
8009,RHEA:56436,valid,,53.0,54.0,3.0,2.0,2.0,4.0,18.0
8010,RHEA:56440,valid,,53.0,54.0,3.0,2.0,2.0,4.0,18.0
8011,RHEA:56444,valid,,53.0,54.0,3.0,2.0,2.0,4.0,19.0
8012,RHEA:56448,valid,,55.0,56.0,3.0,2.0,2.0,4.0,18.0
8013,RHEA:56460,valid,,52.0,53.0,3.0,2.0,2.0,4.0,19.0
8014,RHEA:56464,valid,,68.0,69.0,3.0,2.0,2.0,4.0,19.0
8015,RHEA:56484,zero_fallback,missing_mapping,,,,,,,
8016,RHEA:56488,valid,,66.0,67.0,11.0,7.0,7.0,14.0,57.0
8017,RHEA:56500,valid,,18.0,18.0,5.0,4.0,2.0,6.0,31.0
8018,RHEA:56504,valid,,103.0,104.0,7.0,6.0,2.0,8.0,42.0
8019,RHEA:56512,valid,,56.0,56.0,4.0,2.0,3.0,5.0,22.0
8020,RHEA:56516,valid,,53.0,53.0,12.0,8.0,8.0,16.0,30.0
8021,RHEA:56520,valid,,103.0,103.0,14.0,13.0,8.0,21.0,53.0
8022,RHEA:56524,valid,,50.0,52.0,22.0,23.0,8.0,31.0,93.0
8023,RHEA:56528,valid,,71.0,71.0,12.0,7.0,8.0,15.0,57.0
8024,RHEA:56532,valid,,30.0,30.0,4.0,2.0,3.0,5.0,22.0
8025,RHEA:56536,valid,,114.0,114.0,3.0,2.0,2.0,4.0,20.0
8026,RHEA:56540,valid,,87.0,87.0,5.0,4.0,2.0,6.0,26.0
8027,RHEA:56548,valid,,41.0,42.0,3.0,2.0,2.0,4.0,19.0
8028,RHEA:56552,valid,,40.0,41.0,3.0,2.0,2.0,4.0,22.0
8029,RHEA:56556,valid,,24.0,24.0,6.0,4.0,5.0,9.0,42.0
8030,RHEA:56568,valid,,96.0,97.0,9.0,12.0,1.0,13.0,41.0
8031,RHEA:56580,valid,,38.0,39.0,5.0,3.0,2.0,5.0,31.0
8032,RHEA:56588,valid,,5.0,5.0,3.0,2.0,2.0,4.0,17.0
8033,RHEA:56592,valid,,6.0,6.0,3.0,2.0,2.0,4.0,17.0
8034,RHEA:56596,valid,,45.0,46.0,12.0,9.0,5.0,14.0,60.0
8035,RHEA:56608,valid,,36.0,36.0,5.0,4.0,4.0,8.0,32.0
8036,RHEA:56612,valid,,52.0,53.0,3.0,2.0,2.0,4.0,22.0
8037,RHEA:56632,valid,,20.0,20.0,10.0,10.0,4.0,14.0,58.0
8038,RHEA:56636,valid,,55.0,56.0,3.0,2.0,2.0,4.0,18.0
8039,RHEA:56640,valid,,55.0,56.0,3.0,2.0,2.0,4.0,19.0
8040,RHEA:56644,valid,,22.0,22.0,3.0,2.0,2.0,4.0,22.0
8041,RHEA:56648,valid,,118.0,119.0,8.0,7.0,8.0,15.0,46.0
8042,RHEA:56652,valid,,119.0,120.0,8.0,7.0,8.0,15.0,48.0
8043,RHEA:56656,valid,,119.0,120.0,8.0,7.0,8.0,15.0,46.0
8044,RHEA:56660,valid,,119.0,120.0,8.0,7.0,8.0,15.0,48.0
8045,RHEA:56664,valid,,120.0,121.0,8.0,7.0,8.0,15.0,48.0
8046,RHEA:56668,valid,,119.0,120.0,8.0,7.0,8.0,15.0,48.0
8047,RHEA:56680,valid,,68.0,68.0,5.0,2.0,5.0,7.0,23.0
8048,RHEA:56684,valid,,23.0,23.0,6.0,2.0,6.0,8.0,24.0
8049,RHEA:56688,valid,,26.0,26.0,7.0,6.0,3.0,9.0,38.0
8050,RHEA:56692,valid,,26.0,26.0,9.0,8.0,3.0,11.0,41.0
8051,RHEA:56696,valid,,29.0,30.0,10.0,7.0,9.0,16.0,54.0
8052,RHEA:56700,valid,,28.0,28.0,9.0,8.0,3.0,11.0,41.0
8053,RHEA:56708,valid,,64.0,65.0,11.0,7.0,7.0,14.0,56.0
8054,RHEA:56712,valid,,29.0,30.0,3.0,2.0,2.0,4.0,22.0
8055,RHEA:56720,valid,,15.0,17.0,4.0,1.0,4.0,5.0,15.0
8056,RHEA:56736,valid,,24.0,25.0,11.0,10.0,4.0,14.0,45.0
8057,RHEA:56740,valid,,79.0,80.0,4.0,4.0,1.0,5.0,27.0
8058,RHEA:56744,valid,,25.0,25.0,6.0,6.0,2.0,8.0,31.0
8059,RHEA:56748,valid,,38.0,39.0,11.0,7.0,7.0,14.0,57.0
8060,RHEA:56752,valid,,51.0,51.0,15.0,7.0,13.0,20.0,38.0
8061,RHEA:56768,valid,,48.0,48.0,5.0,3.0,4.0,7.0,15.0
8062,RHEA:56772,valid,,49.0,49.0,5.0,3.0,4.0,7.0,15.0
8063,RHEA:56776,valid,,59.0,60.0,12.0,7.0,8.0,15.0,61.0
8064,RHEA:56780,valid,,59.0,60.0,12.0,7.0,8.0,15.0,61.0
8065,RHEA:56796,zero_fallback,missing_mapping,,,,,,,
8066,RHEA:56812,valid,,49.0,49.0,7.0,6.0,3.0,9.0,36.0
8067,RHEA:56816,valid,,20.0,20.0,3.0,2.0,2.0,4.0,19.0
8068,RHEA:56820,valid,,26.0,24.0,6.0,4.0,3.0,7.0,22.0
8069,RHEA:56824,valid,,27.0,25.0,9.0,4.0,6.0,10.0,37.0
8070,RHEA:56828,valid,,52.0,52.0,5.0,2.0,5.0,7.0,27.0
8071,RHEA:56832,valid,,51.0,51.0,4.0,2.0,4.0,6.0,20.0
8072,RHEA:56836,valid,,65.0,66.0,4.0,2.0,4.0,6.0,29.0
8073,RHEA:56840,valid,,13.0,14.0,9.0,9.0,7.0,16.0,42.0
8074,RHEA:56844,valid,,62.0,62.0,3.0,2.0,2.0,4.0,20.0
8075,RHEA:56856,valid,,5.0,8.0,5.0,3.0,2.0,5.0,16.0
8076,RHEA:56860,valid,,45.0,45.0,3.0,2.0,2.0,4.0,20.0
8077,RHEA:56868,valid,,86.0,86.0,3.0,2.0,2.0,4.0,20.0
8078,RHEA:56884,valid,,51.0,52.0,3.0,2.0,2.0,4.0,19.0
8079,RHEA:56900,valid,,107.0,108.0,3.0,2.0,2.0,4.0,22.0
8080,RHEA:56908,valid,,27.0,28.0,5.0,4.0,2.0,6.0,35.0
8081,RHEA:56912,valid,,57.0,60.0,10.0,9.0,10.0,19.0,59.0
8082,RHEA:56916,valid,,69.0,70.0,8.0,7.0,8.0,15.0,47.0
8083,RHEA:56920,valid,,35.0,35.0,5.0,4.0,1.0,5.0,30.0
8084,RHEA:56932,valid,,65.0,66.0,8.0,7.0,8.0,15.0,47.0
8085,RHEA:56936,valid,,21.0,21.0,3.0,2.0,2.0,4.0,22.0
8086,RHEA:56940,valid,,15.0,15.0,3.0,2.0,2.0,4.0,19.0
8087,RHEA:56944,valid,,17.0,15.0,6.0,3.0,3.0,6.0,25.0
8088,RHEA:56984,valid,,25.0,25.0,7.0,6.0,3.0,9.0,45.0
8089,RHEA:56996,valid,,10.0,10.0,4.0,2.0,4.0,6.0,25.0
8090,RHEA:57000,valid,,86.0,87.0,3.0,2.0,2.0,4.0,22.0
8091,RHEA:57004,valid,,104.0,105.0,3.0,2.0,2.0,4.0,22.0
8092,RHEA:57008,valid,,70.0,70.0,10.0,9.0,9.0,18.0,55.0
8093,RHEA:57016,valid,,23.0,23.0,6.0,3.0,5.0,8.0,27.0
8094,RHEA:57020,valid,,41.0,42.0,6.0,6.0,1.0,7.0,32.0
8095,RHEA:57024,valid,,24.0,24.0,8.0,7.0,6.0,13.0,48.0
8096,RHEA:57028,valid,,65.0,66.0,18.0,20.0,13.0,33.0,103.0
8097,RHEA:57032,valid,,15.0,15.0,8.0,7.0,5.0,12.0,42.0
8098,RHEA:57044,valid,,55.0,56.0,11.0,11.0,8.0,19.0,65.0
8099,RHEA:57048,valid,,64.0,64.0,9.0,6.0,6.0,12.0,52.0
8100,RHEA:57052,valid,,11.0,11.0,3.0,2.0,2.0,4.0,19.0
8101,RHEA:57056,valid,,54.0,55.0,8.0,7.0,8.0,15.0,45.0
8102,RHEA:57060,valid,,40.0,41.0,3.0,2.0,2.0,4.0,17.0
8103,RHEA:57064,valid,,11.0,12.0,3.0,2.0,2.0,4.0,18.0
8104,RHEA:57068,valid,,42.0,43.0,3.0,2.0,2.0,4.0,22.0
8105,RHEA:57072,valid,,15.0,15.0,3.0,2.0,2.0,4.0,19.0
8106,RHEA:57076,valid,,16.0,17.0,7.0,6.0,4.0,10.0,39.0
8107,RHEA:57080,valid,,35.0,35.0,3.0,2.0,2.0,4.0,21.0
8108,RHEA:57084,valid,,22.0,24.0,6.0,4.0,1.0,5.0,28.0
8109,RHEA:57092,valid,,23.0,23.0,2.0,1.0,2.0,3.0,11.0
8110,RHEA:57100,valid,,15.0,15.0,4.0,2.0,4.0,6.0,24.0
8111,RHEA:57108,valid,,78.0,78.0,3.0,2.0,2.0,4.0,20.0
8112,RHEA:57116,valid,,80.0,80.0,3.0,2.0,2.0,4.0,20.0
8113,RHEA:57120,valid,,80.0,80.0,4.0,4.0,0.0,4.0,22.0
8114,RHEA:57132,valid,,24.0,24.0,8.0,5.0,6.0,11.0,43.0
8115,RHEA:57136,valid,,78.0,78.0,3.0,2.0,2.0,4.0,20.0
8116,RHEA:57140,valid,,78.0,78.0,4.0,4.0,0.0,4.0,22.0
8117,RHEA:57144,valid,,77.0,77.0,4.0,4.0,0.0,4.0,22.0
8118,RHEA:57148,valid,,77.0,77.0,3.0,2.0,2.0,4.0,20.0
8119,RHEA:57152,valid,,23.0,23.0,6.0,6.0,2.0,8.0,31.0
8120,RHEA:57156,valid,,23.0,23.0,6.0,6.0,2.0,8.0,31.0
8121,RHEA:57172,valid,,54.0,55.0,8.0,7.0,8.0,15.0,48.0
8122,RHEA:57188,valid,,18.0,19.0,6.0,3.0,6.0,9.0,34.0
8123,RHEA:57192,valid,,16.0,17.0,6.0,3.0,6.0,9.0,34.0
8124,RHEA:57196,valid,,13.0,14.0,6.0,4.0,6.0,10.0,36.0
8125,RHEA:57244,valid,,37.0,38.0,5.0,4.0,2.0,6.0,30.0
8126,RHEA:57248,valid,,36.0,37.0,4.0,2.0,4.0,6.0,26.0
8127,RHEA:57252,valid,,37.0,38.0,4.0,2.0,4.0,6.0,26.0
8128,RHEA:57256,valid,,38.0,39.0,5.0,4.0,2.0,6.0,30.0
8129,RHEA:57260,valid,,34.0,35.0,5.0,4.0,2.0,6.0,30.0
8130,RHEA:57264,valid,,33.0,34.0,4.0,2.0,4.0,6.0,26.0
8131,RHEA:57268,valid,,30.0,31.0,5.0,4.0,2.0,6.0,30.0
8132,RHEA:57288,valid,,31.0,32.0,5.0,4.0,2.0,6.0,30.0
8133,RHEA:57292,valid,,30.0,31.0,4.0,2.0,4.0,6.0,26.0
8134,RHEA:57296,valid,,29.0,30.0,4.0,2.0,4.0,6.0,26.0
8135,RHEA:57300,valid,,30.0,31.0,5.0,4.0,2.0,6.0,30.0
8136,RHEA:57304,valid,,29.0,30.0,4.0,2.0,4.0,6.0,26.0
8137,RHEA:57308,valid,,43.0,43.0,5.0,4.0,1.0,5.0,27.0
8138,RHEA:57312,valid,,35.0,36.0,3.0,2.0,2.0,4.0,19.0
8139,RHEA:57316,valid,,56.0,57.0,3.0,2.0,2.0,4.0,22.0
8140,RHEA:57324,valid,,79.0,80.0,3.0,2.0,2.0,4.0,22.0
8141,RHEA:57328,valid,,76.0,77.0,3.0,2.0,2.0,4.0,22.0
8142,RHEA:57332,valid,,31.0,34.0,16.0,14.0,8.0,22.0,37.0
8143,RHEA:57336,valid,,133.0,134.0,4.0,4.0,1.0,5.0,27.0
8144,RHEA:57352,valid,,74.0,75.0,11.0,7.0,7.0,14.0,57.0
8145,RHEA:57360,valid,,45.0,45.0,3.0,2.0,2.0,4.0,18.0
8146,RHEA:57364,valid,,45.0,45.0,3.0,2.0,2.0,4.0,18.0
8147,RHEA:57368,valid,,49.0,49.0,3.0,2.0,2.0,4.0,18.0
8148,RHEA:57372,valid,,49.0,49.0,3.0,2.0,2.0,4.0,18.0
8149,RHEA:57376,valid,,59.0,60.0,11.0,7.0,7.0,14.0,56.0
8150,RHEA:57380,valid,,60.0,61.0,11.0,7.0,7.0,14.0,57.0
8151,RHEA:57384,valid,,79.0,79.0,3.0,2.0,2.0,4.0,20.0
8152,RHEA:57388,valid,,64.0,65.0,11.0,7.0,7.0,14.0,57.0
8153,RHEA:57396,valid,,59.0,60.0,3.0,2.0,2.0,4.0,19.0
8154,RHEA:57400,valid,,34.0,35.0,5.0,4.0,2.0,6.0,28.0
8155,RHEA:57404,valid,,74.0,75.0,8.0,7.0,8.0,15.0,47.0
8156,RHEA:57408,valid,,58.0,59.0,8.0,7.0,8.0,15.0,48.0
8157,RHEA:57412,valid,,92.0,93.0,11.0,9.0,9.0,18.0,66.0
8158,RHEA:57416,valid,,11.0,11.0,3.0,2.0,2.0,4.0,16.0
8159,RHEA:57420,zero_fallback,missing_mapping,,,,,,,
8160,RHEA:57424,valid,,64.0,65.0,12.0,8.0,7.0,15.0,61.0
8161,RHEA:57428,valid,,63.0,64.0,12.0,8.0,7.0,15.0,61.0
8162,RHEA:57432,valid,,65.0,66.0,12.0,8.0,7.0,15.0,61.0
8163,RHEA:57436,valid,,65.0,66.0,12.0,8.0,7.0,15.0,63.0
8164,RHEA:57440,valid,,64.0,65.0,12.0,8.0,7.0,15.0,61.0
8165,RHEA:57444,valid,,38.0,38.0,3.0,2.0,2.0,4.0,19.0
8166,RHEA:57448,valid,,67.0,68.0,7.0,4.0,4.0,8.0,42.0
8167,RHEA:57452,valid,,38.0,39.0,3.0,2.0,2.0,4.0,20.0
8168,RHEA:57456,valid,,52.0,53.0,3.0,2.0,2.0,4.0,22.0
8169,RHEA:57460,valid,,51.0,52.0,3.0,2.0,2.0,4.0,22.0
8170,RHEA:57464,valid,,49.0,49.0,4.0,4.0,0.0,4.0,26.0
8171,RHEA:57468,valid,,50.0,50.0,4.0,4.0,0.0,4.0,26.0
8172,RHEA:57472,valid,,48.0,48.0,4.0,4.0,0.0,4.0,26.0
8173,RHEA:57476,valid,,16.0,16.0,3.0,2.0,2.0,4.0,15.0
8174,RHEA:57480,valid,,17.0,17.0,3.0,2.0,2.0,4.0,15.0
8175,RHEA:57492,valid,,62.0,63.0,6.0,4.0,4.0,8.0,37.0
8176,RHEA:57496,valid,,14.0,14.0,3.0,2.0,2.0,4.0,18.0
8177,RHEA:57500,valid,,14.0,14.0,3.0,2.0,2.0,4.0,18.0
8178,RHEA:57504,valid,,14.0,14.0,3.0,2.0,2.0,4.0,20.0
8179,RHEA:57508,valid,,72.0,73.0,9.0,8.0,9.0,17.0,54.0
8180,RHEA:57512,valid,,53.0,53.0,14.0,15.0,14.0,29.0,64.0
8181,RHEA:57516,zero_fallback,ValueError:RDKit could not parse mapped reaction,,,,,,,
8182,RHEA:57520,zero_fallback,ValueError:RDKit could not parse mapped reaction,,,,,,,
8183,RHEA:57528,valid,,69.0,70.0,10.0,6.0,6.0,12.0,35.0
8184,RHEA:57544,zero_fallback,ValueError:RDKit could not parse mapped reaction,,,,,,,
8185,RHEA:57560,valid,,111.0,115.0,31.0,20.0,18.0,38.0,59.0
8186,RHEA:57576,valid,,58.0,59.0,11.0,7.0,7.0,14.0,57.0
8187,RHEA:57580,valid,,15.0,15.0,4.0,2.0,4.0,6.0,24.0
8188,RHEA:57584,valid,,60.0,61.0,11.0,7.0,7.0,14.0,57.0
8189,RHEA:57588,valid,,53.0,54.0,11.0,7.0,7.0,14.0,57.0
8190,RHEA:57596,valid,,54.0,55.0,11.0,7.0,7.0,14.0,57.0
8191,RHEA:57600,valid,,45.0,45.0,6.0,2.0,6.0,8.0,16.0
8192,RHEA:57604,valid,,43.0,43.0,6.0,2.0,6.0,8.0,16.0
8193,RHEA:57608,valid,,53.0,54.0,12.0,12.0,12.0,24.0,61.0
8194,RHEA:57612,zero_fallback,missing_mapping,,,,,,,
8195,RHEA:57616,valid,,51.0,52.0,3.0,2.0,2.0,4.0,19.0
8196,RHEA:57620,valid,,55.0,56.0,12.0,7.0,8.0,15.0,60.0
8197,RHEA:57632,valid,,55.0,56.0,11.0,7.0,7.0,14.0,56.0
8198,RHEA:57636,valid,,58.0,58.0,3.0,2.0,2.0,4.0,19.0
8199,RHEA:57648,valid,,53.0,54.0,3.0,2.0,2.0,4.0,20.0
8200,RHEA:57680,valid,,60.0,61.0,16.0,11.0,10.0,21.0,78.0
8201,RHEA:57704,valid,,62.0,63.0,8.0,7.0,8.0,15.0,48.0
8202,RHEA:57708,valid,,49.0,50.0,3.0,2.0,2.0,4.0,22.0
8203,RHEA:57712,valid,,51.0,52.0,3.0,2.0,2.0,4.0,22.0
8204,RHEA:57720,valid,,36.0,37.0,3.0,2.0,2.0,4.0,18.0
8205,RHEA:57724,valid,,11.0,11.0,3.0,2.0,2.0,4.0,19.0
8206,RHEA:57728,valid,,12.0,12.0,3.0,2.0,2.0,4.0,19.0
8207,RHEA:57744,valid,,49.0,49.0,10.0,8.0,8.0,16.0,37.0
8208,RHEA:57748,zero_fallback,missing_mapping,,,,,,,
8209,RHEA:57752,zero_fallback,missing_mapping,,,,,,,
8210,RHEA:57756,zero_fallback,missing_mapping,,,,,,,
8211,RHEA:57760,zero_fallback,missing_mapping,,,,,,,
8212,RHEA:57832,valid,,57.0,59.0,8.0,7.0,8.0,15.0,47.0
8213,RHEA:57836,valid,,17.0,17.0,7.0,6.0,4.0,10.0,35.0
8214,RHEA:57840,valid,,21.0,21.0,4.0,2.0,3.0,5.0,22.0
8215,RHEA:57844,valid,,48.0,49.0,11.0,7.0,7.0,14.0,56.0
8216,RHEA:57848,valid,,26.0,26.0,6.0,6.0,2.0,8.0,30.0
8217,RHEA:57852,valid,,23.0,23.0,3.0,2.0,2.0,4.0,19.0
8218,RHEA:57856,valid,,73.0,73.0,6.0,6.0,2.0,8.0,31.0
8219,RHEA:57860,valid,,62.0,62.0,7.0,6.0,5.0,11.0,43.0
8220,RHEA:57864,valid,,46.0,47.0,11.0,7.0,7.0,14.0,56.0
8221,RHEA:57868,valid,,71.0,71.0,6.0,6.0,2.0,8.0,31.0
8222,RHEA:57876,valid,,22.0,22.0,3.0,2.0,2.0,4.0,22.0
8223,RHEA:57880,valid,,112.0,113.0,6.0,6.0,1.0,7.0,32.0
8224,RHEA:57884,valid,,11.0,12.0,6.0,4.0,3.0,7.0,28.0
8225,RHEA:57888,valid,,60.0,60.0,14.0,14.0,14.0,28.0,48.0
8226,RHEA:57896,valid,,66.0,66.0,7.0,7.0,2.0,9.0,35.0
8227,RHEA:57900,valid,,37.0,37.0,7.0,7.0,2.0,9.0,35.0
8228,RHEA:57904,valid,,66.0,66.0,7.0,7.0,2.0,9.0,35.0
8229,RHEA:57928,zero_fallback,missing_mapping,,,,,,,
8230,RHEA:57932,valid,,135.0,136.0,5.0,5.0,2.0,7.0,29.0
8231,RHEA:57940,valid,,51.0,51.0,6.0,4.0,4.0,8.0,28.0
8232,RHEA:57944,valid,,48.0,48.0,12.0,12.0,6.0,18.0,61.0
8233,RHEA:57952,valid,,53.0,53.0,9.0,8.0,9.0,17.0,49.0
8234,RHEA:57964,valid,,50.0,51.0,11.0,7.0,7.0,14.0,57.0
8235,RHEA:57968,valid,,50.0,50.0,12.0,7.0,8.0,15.0,60.0
8236,RHEA:57972,valid,,51.0,51.0,12.0,7.0,8.0,15.0,60.0
8237,RHEA:57976,valid,,69.0,70.0,3.0,2.0,2.0,4.0,22.0
8238,RHEA:57980,valid,,70.0,71.0,3.0,2.0,2.0,4.0,22.0
8239,RHEA:57984,valid,,91.0,92.0,3.0,2.0,2.0,4.0,22.0
8240,RHEA:57988,valid,,80.0,81.0,3.0,2.0,2.0,4.0,22.0
8241,RHEA:57992,valid,,80.0,81.0,3.0,2.0,2.0,4.0,21.0
8242,RHEA:57996,valid,,69.0,70.0,3.0,2.0,2.0,4.0,21.0
8243,RHEA:58000,valid,,80.0,81.0,3.0,2.0,2.0,4.0,21.0
8244,RHEA:58004,valid,,91.0,92.0,4.0,4.0,1.0,5.0,27.0
8245,RHEA:58008,valid,,81.0,82.0,3.0,2.0,2.0,4.0,21.0
8246,RHEA:58012,valid,,88.0,88.0,9.0,8.0,4.0,12.0,41.0
8247,RHEA:58024,valid,,69.0,70.0,3.0,2.0,2.0,4.0,21.0
8248,RHEA:58028,zero_fallback,missing_mapping,,,,,,,
8249,RHEA:58032,valid,,50.0,51.0,11.0,7.0,7.0,14.0,57.0
8250,RHEA:58044,valid,,74.0,74.0,3.0,2.0,2.0,4.0,20.0
8251,RHEA:58056,valid,,12.0,12.0,4.0,4.0,2.0,6.0,26.0
8252,RHEA:58064,valid,,49.0,51.0,11.0,7.0,7.0,14.0,55.0
8253,RHEA:58068,valid,,14.0,14.0,4.0,4.0,0.0,4.0,16.0
8254,RHEA:58072,valid,,63.0,63.0,8.0,7.0,8.0,15.0,46.0
8255,RHEA:58108,valid,,15.0,15.0,3.0,2.0,2.0,4.0,18.0
8256,RHEA:58112,valid,,40.0,41.0,3.0,2.0,2.0,4.0,17.0
8257,RHEA:58116,valid,,44.0,45.0,3.0,2.0,2.0,4.0,22.0
8258,RHEA:58120,valid,,39.0,39.0,4.0,2.0,3.0,5.0,29.0
8259,RHEA:58124,valid,,59.0,60.0,14.0,9.0,8.0,17.0,72.0
8260,RHEA:58128,valid,,60.0,63.0,19.0,13.0,10.0,23.0,83.0
8261,RHEA:58132,valid,,60.0,63.0,19.0,13.0,10.0,23.0,83.0
8262,RHEA:58144,valid,,57.0,57.0,6.0,4.0,3.0,7.0,36.0
8263,RHEA:58148,valid,,7.0,8.0,3.0,2.0,2.0,4.0,17.0
8264,RHEA:58152,valid,,52.0,54.0,8.0,7.0,8.0,15.0,47.0
8265,RHEA:58156,valid,,36.0,37.0,4.0,2.0,3.0,5.0,21.0
8266,RHEA:58160,valid,,12.0,16.0,12.0,8.0,5.0,13.0,46.0
8267,RHEA:58164,valid,,25.0,26.0,15.0,16.0,8.0,24.0,77.0
8268,RHEA:58168,valid,,24.0,24.0,11.0,10.0,7.0,17.0,65.0
8269,RHEA:58172,valid,,26.0,29.0,23.0,19.0,13.0,32.0,76.0
8270,RHEA:58176,valid,,106.0,106.0,12.0,9.0,10.0,19.0,57.0
8271,RHEA:58188,valid,,55.0,55.0,6.0,4.0,3.0,7.0,39.0
8272,RHEA:58192,valid,,61.0,61.0,15.0,14.0,7.0,21.0,77.0
8273,RHEA:58196,valid,,15.0,15.0,3.0,2.0,2.0,4.0,18.0
8274,RHEA:58220,valid,,55.0,56.0,3.0,2.0,2.0,4.0,22.0
8275,RHEA:58224,valid,,55.0,55.0,3.0,2.0,2.0,4.0,22.0
8276,RHEA:58228,valid,,54.0,55.0,3.0,2.0,2.0,4.0,22.0
8277,RHEA:58232,valid,,52.0,53.0,3.0,2.0,2.0,4.0,22.0
8278,RHEA:58236,valid,,58.0,59.0,3.0,2.0,2.0,4.0,22.0
8279,RHEA:58248,valid,,47.0,48.0,3.0,2.0,2.0,4.0,19.0
8280,RHEA:58256,valid,,44.0,44.0,11.0,10.0,2.0,12.0,40.0
8281,RHEA:58264,valid,,63.0,63.0,3.0,2.0,2.0,4.0,21.0
8282,RHEA:58268,valid,,50.0,50.0,3.0,2.0,2.0,4.0,22.0
8283,RHEA:58276,zero_fallback,missing_mapping,,,,,,,
8284,RHEA:58280,valid,,124.0,124.0,19.0,14.0,9.0,23.0,46.0
8285,RHEA:58284,valid,,57.0,58.0,12.0,12.0,12.0,24.0,67.0
8286,RHEA:58316,valid,,77.0,77.0,3.0,2.0,2.0,4.0,21.0
8287,RHEA:58324,valid,,79.0,79.0,3.0,2.0,2.0,4.0,21.0
8288,RHEA:58328,valid,,58.0,59.0,8.0,7.0,8.0,15.0,48.0
8289,RHEA:58332,valid,,58.0,59.0,8.0,7.0,8.0,15.0,48.0
8290,RHEA:58336,valid,,50.0,52.0,13.0,15.0,8.0,23.0,73.0
8291,RHEA:58340,valid,,40.0,40.0,3.0,2.0,2.0,4.0,16.0
8292,RHEA:58344,valid,,39.0,39.0,3.0,2.0,2.0,4.0,16.0
8293,RHEA:58348,valid,,39.0,39.0,15.0,15.0,7.0,22.0,48.0
8294,RHEA:58352,valid,,27.0,27.0,7.0,7.0,2.0,9.0,35.0
8295,RHEA:58360,valid,,23.0,23.0,6.0,6.0,2.0,8.0,31.0
8296,RHEA:58364,valid,,51.0,52.0,8.0,7.0,8.0,15.0,46.0
8297,RHEA:58368,valid,,58.0,59.0,8.0,7.0,8.0,15.0,48.0
8298,RHEA:58372,valid,,57.0,58.0,8.0,7.0,8.0,15.0,48.0
8299,RHEA:58376,valid,,59.0,60.0,8.0,7.0,8.0,15.0,48.0
8300,RHEA:58380,valid,,58.0,59.0,8.0,7.0,8.0,15.0,48.0
8301,RHEA:58384,valid,,57.0,58.0,8.0,7.0,8.0,15.0,48.0
8302,RHEA:58392,valid,,50.0,50.0,5.0,2.0,5.0,7.0,23.0
8303,RHEA:58396,valid,,59.0,59.0,8.0,3.0,7.0,10.0,27.0
8304,RHEA:58400,valid,,56.0,57.0,8.0,7.0,8.0,15.0,48.0
8305,RHEA:58404,valid,,55.0,56.0,8.0,7.0,8.0,15.0,48.0
8306,RHEA:58412,valid,,25.0,25.0,5.0,2.0,5.0,7.0,24.0
8307,RHEA:58416,valid,,59.0,60.0,8.0,7.0,8.0,15.0,48.0
8308,RHEA:58420,valid,,54.0,55.0,8.0,7.0,8.0,15.0,48.0
8309,RHEA:58424,valid,,55.0,56.0,8.0,7.0,8.0,15.0,48.0
8310,RHEA:58428,valid,,55.0,56.0,8.0,7.0,8.0,15.0,48.0
8311,RHEA:58432,valid,,59.0,60.0,8.0,7.0,8.0,15.0,48.0
8312,RHEA:58436,valid,,55.0,56.0,8.0,7.0,8.0,15.0,48.0
8313,RHEA:58440,valid,,104.0,107.0,7.0,6.0,4.0,10.0,19.0
8314,RHEA:58456,valid,,19.0,19.0,3.0,2.0,2.0,4.0,18.0
8315,RHEA:58460,valid,,65.0,66.0,5.0,2.0,3.0,5.0,24.0
8316,RHEA:58472,valid,,27.0,27.0,9.0,9.0,3.0,12.0,44.0
8317,RHEA:58476,valid,,67.0,67.0,3.0,2.0,2.0,4.0,20.0
8318,RHEA:58480,valid,,105.0,106.0,7.0,4.0,5.0,9.0,41.0
8319,RHEA:58484,valid,,25.0,25.0,3.0,2.0,2.0,4.0,18.0
8320,RHEA:58492,valid,,81.0,82.0,5.0,3.0,4.0,7.0,26.0
8321,RHEA:58504,valid,,14.0,14.0,3.0,2.0,2.0,4.0,22.0
8322,RHEA:58508,valid,,15.0,15.0,3.0,2.0,2.0,4.0,19.0
8323,RHEA:58512,valid,,88.0,88.0,8.0,7.0,8.0,15.0,48.0
8324,RHEA:58516,valid,,59.0,59.0,16.0,11.0,8.0,19.0,81.0
8325,RHEA:58520,valid,,59.0,60.0,20.0,15.0,10.0,25.0,98.0
8326,RHEA:58524,valid,,75.0,75.0,11.0,9.0,10.0,19.0,66.0
8327,RHEA:58528,valid,,75.0,75.0,11.0,9.0,10.0,19.0,66.0
8328,RHEA:58536,valid,,70.0,71.0,3.0,2.0,2.0,4.0,22.0
8329,RHEA:58540,valid,,44.0,44.0,7.0,2.0,7.0,9.0,30.0
8330,RHEA:58544,valid,,46.0,46.0,7.0,2.0,7.0,9.0,30.0
8331,RHEA:58548,valid,,50.0,50.0,7.0,2.0,7.0,9.0,30.0
8332,RHEA:58560,valid,,74.0,74.0,8.0,7.0,8.0,15.0,48.0
8333,RHEA:58564,valid,,74.0,76.0,9.0,7.0,9.0,16.0,53.0
8334,RHEA:58568,valid,,77.0,77.0,3.0,2.0,2.0,4.0,20.0
8335,RHEA:58572,valid,,31.0,31.0,4.0,2.0,4.0,6.0,21.0
8336,RHEA:58576,valid,,77.0,78.0,8.0,7.0,8.0,15.0,49.0
8337,RHEA:58580,valid,,29.0,30.0,7.0,7.0,4.0,11.0,50.0
8338,RHEA:58584,valid,,29.0,30.0,13.0,13.0,9.0,22.0,82.0
8339,RHEA:58588,valid,,77.0,77.0,19.0,18.0,13.0,31.0,109.0
8340,RHEA:58592,valid,,92.0,92.0,8.0,7.0,8.0,15.0,48.0
8341,RHEA:58600,valid,,50.0,50.0,7.0,2.0,7.0,9.0,30.0
8342,RHEA:58608,valid,,42.0,42.0,7.0,2.0,7.0,9.0,30.0
8343,RHEA:58612,valid,,40.0,40.0,7.0,2.0,7.0,9.0,30.0
8344,RHEA:58616,valid,,15.0,15.0,3.0,2.0,2.0,4.0,20.0
8345,RHEA:58620,valid,,17.0,17.0,3.0,2.0,2.0,4.0,20.0
8346,RHEA:58624,valid,,19.0,19.0,3.0,2.0,2.0,4.0,20.0
8347,RHEA:58632,valid,,21.0,21.0,3.0,2.0,2.0,4.0,20.0
8348,RHEA:58636,valid,,25.0,25.0,3.0,2.0,2.0,4.0,20.0
8349,RHEA:58640,valid,,69.0,69.0,6.0,4.0,4.0,8.0,20.0
8350,RHEA:58644,valid,,25.0,25.0,3.0,2.0,2.0,4.0,20.0
8351,RHEA:58656,valid,,42.0,42.0,3.0,2.0,2.0,4.0,20.0
8352,RHEA:58664,valid,,22.0,22.0,10.0,9.0,10.0,19.0,31.0
8353,RHEA:58668,valid,,59.0,60.0,8.0,7.0,8.0,15.0,48.0
8354,RHEA:58676,valid,,100.0,100.0,17.0,16.0,15.0,31.0,84.0
8355,RHEA:58688,valid,,96.0,96.0,17.0,16.0,15.0,31.0,84.0
8356,RHEA:58696,valid,,109.0,110.0,18.0,16.0,16.0,32.0,88.0
8357,RHEA:58712,valid,,105.0,106.0,18.0,16.0,16.0,32.0,88.0
8358,RHEA:58720,valid,,62.0,62.0,9.0,8.0,9.0,17.0,51.0
8359,RHEA:58724,valid,,51.0,52.0,3.0,2.0,2.0,4.0,20.0
8360,RHEA:58728,valid,,51.0,52.0,3.0,2.0,2.0,4.0,20.0
8361,RHEA:58732,valid,,31.0,32.0,4.0,2.0,3.0,5.0,24.0
8362,RHEA:58736,valid,,31.0,32.0,4.0,2.0,3.0,5.0,24.0
8363,RHEA:58740,valid,,30.0,31.0,4.0,2.0,3.0,5.0,24.0
8364,RHEA:58744,valid,,34.0,35.0,4.0,2.0,3.0,5.0,24.0
8365,RHEA:58748,valid,,40.0,41.0,3.0,2.0,2.0,4.0,19.0
8366,RHEA:58752,valid,,90.0,90.0,8.0,7.0,8.0,15.0,48.0
8367,RHEA:58756,valid,,85.0,85.0,8.0,7.0,8.0,15.0,48.0
8368,RHEA:58776,valid,,56.0,57.0,8.0,7.0,8.0,15.0,48.0
8369,RHEA:58780,valid,,73.0,73.0,3.0,2.0,2.0,4.0,20.0
8370,RHEA:58784,valid,,59.0,60.0,7.0,7.0,2.0,9.0,33.0
8371,RHEA:58796,valid,,91.0,91.0,3.0,2.0,2.0,4.0,20.0
8372,RHEA:58800,valid,,46.0,47.0,3.0,2.0,2.0,4.0,19.0
8373,RHEA:58804,valid,,47.0,47.0,4.0,2.0,3.0,5.0,22.0
8374,RHEA:58808,valid,,47.0,49.0,6.0,4.0,4.0,8.0,19.0
8375,RHEA:58812,valid,,90.0,91.0,4.0,2.0,3.0,5.0,24.0
8376,RHEA:58816,valid,,90.0,91.0,6.0,4.0,3.0,7.0,33.0
8377,RHEA:58832,valid,,44.0,44.0,13.0,5.0,12.0,17.0,22.0
8378,RHEA:58844,valid,,56.0,57.0,8.0,7.0,8.0,15.0,48.0
8379,RHEA:58848,valid,,56.0,57.0,8.0,7.0,8.0,15.0,48.0
8380,RHEA:58852,valid,,56.0,57.0,8.0,7.0,8.0,15.0,48.0
8381,RHEA:58856,valid,,56.0,57.0,8.0,7.0,8.0,15.0,48.0
8382,RHEA:58868,valid,,42.0,42.0,13.0,5.0,12.0,17.0,22.0
8383,RHEA:58884,valid,,23.0,23.0,5.0,4.0,4.0,8.0,19.0
8384,RHEA:58888,valid,,15.0,15.0,5.0,4.0,4.0,8.0,19.0
8385,RHEA:58892,valid,,90.0,91.0,3.0,2.0,2.0,4.0,22.0
8386,RHEA:58896,valid,,86.0,86.0,6.0,4.0,3.0,7.0,33.0
8387,RHEA:58900,valid,,11.0,11.0,3.0,2.0,2.0,4.0,16.0
8388,RHEA:58904,zero_fallback,missing_mapping,,,,,,,
8389,RHEA:58908,zero_fallback,missing_mapping,,,,,,,
8390,RHEA:58912,valid,,59.0,60.0,4.0,2.0,3.0,5.0,21.0
8391,RHEA:58916,valid,,34.0,34.0,6.0,4.0,3.0,7.0,24.0
8392,RHEA:58920,valid,,21.0,21.0,3.0,2.0,2.0,4.0,18.0
8393,RHEA:58924,valid,,22.0,22.0,3.0,2.0,2.0,4.0,18.0
8394,RHEA:58928,valid,,20.0,20.0,11.0,10.0,2.0,12.0,44.0
8395,RHEA:58952,valid,,70.0,71.0,3.0,2.0,2.0,4.0,21.0
8396,RHEA:58956,valid,,42.0,43.0,3.0,2.0,2.0,4.0,19.0
8397,RHEA:58960,valid,,11.0,12.0,4.0,2.0,4.0,6.0,17.0
8398,RHEA:58964,valid,,10.0,11.0,4.0,2.0,4.0,6.0,17.0
8399,RHEA:58968,valid,,15.0,16.0,4.0,2.0,4.0,6.0,17.0
8400,RHEA:58972,valid,,14.0,15.0,4.0,2.0,4.0,6.0,17.0
8401,RHEA:58976,valid,,8.0,9.0,4.0,3.0,4.0,7.0,19.0
8402,RHEA:58980,valid,,14.0,15.0,4.0,3.0,4.0,7.0,19.0
8403,RHEA:58984,valid,,7.0,8.0,4.0,3.0,4.0,7.0,19.0
8404,RHEA:58988,valid,,14.0,15.0,4.0,2.0,4.0,6.0,17.0
8405,RHEA:58992,valid,,13.0,14.0,4.0,2.0,4.0,6.0,17.0
8406,RHEA:58996,valid,,14.0,15.0,4.0,2.0,4.0,6.0,17.0
8407,RHEA:59000,valid,,7.0,8.0,4.0,2.0,4.0,6.0,17.0
8408,RHEA:59004,valid,,16.0,17.0,4.0,2.0,4.0,6.0,17.0
8409,RHEA:59008,valid,,12.0,13.0,4.0,2.0,4.0,6.0,17.0
8410,RHEA:59012,valid,,58.0,59.0,4.0,3.0,4.0,7.0,28.0
8411,RHEA:59016,valid,,78.0,78.0,11.0,9.0,10.0,19.0,63.0
8412,RHEA:59044,valid,,68.0,69.0,3.0,2.0,2.0,4.0,22.0
8413,RHEA:59048,valid,,9.0,9.0,3.0,2.0,2.0,4.0,19.0
8414,RHEA:59052,valid,,10.0,10.0,3.0,2.0,2.0,4.0,19.0
8415,RHEA:59072,valid,,84.0,84.0,8.0,5.0,6.0,11.0,35.0
8416,RHEA:59076,valid,,105.0,107.0,6.0,4.0,4.0,8.0,22.0
8417,RHEA:59080,valid,,66.0,67.0,4.0,4.0,1.0,5.0,27.0
8418,RHEA:59084,valid,,77.0,78.0,3.0,2.0,2.0,4.0,21.0
8419,RHEA:59088,valid,,38.0,39.0,3.0,2.0,2.0,4.0,22.0
8420,RHEA:59096,valid,,95.0,96.0,3.0,2.0,2.0,4.0,22.0
8421,RHEA:59100,valid,,106.0,107.0,3.0,2.0,2.0,4.0,22.0
8422,RHEA:59108,valid,,48.0,48.0,3.0,2.0,2.0,4.0,21.0
8423,RHEA:59112,valid,,38.0,39.0,3.0,2.0,2.0,4.0,22.0
8424,RHEA:59120,valid,,19.0,19.0,3.0,2.0,2.0,4.0,19.0
8425,RHEA:59124,valid,,51.0,51.0,7.0,4.0,4.0,8.0,44.0
8426,RHEA:59128,valid,,54.0,54.0,7.0,4.0,4.0,8.0,44.0
8427,RHEA:59132,valid,,63.0,64.0,6.0,4.0,3.0,7.0,37.0
8428,RHEA:59136,valid,,53.0,54.0,6.0,4.0,3.0,7.0,37.0
8429,RHEA:59140,valid,,65.0,66.0,7.0,6.0,3.0,9.0,43.0
8430,RHEA:59144,valid,,56.0,56.0,3.0,2.0,2.0,4.0,21.0
8431,RHEA:59148,valid,,112.0,112.0,6.0,4.0,3.0,7.0,36.0
8432,RHEA:59152,valid,,113.0,113.0,6.0,4.0,3.0,7.0,36.0
8433,RHEA:59156,valid,,82.0,82.0,6.0,4.0,3.0,7.0,36.0
8434,RHEA:59160,valid,,84.0,84.0,6.0,4.0,3.0,7.0,36.0
8435,RHEA:59164,valid,,78.0,78.0,7.0,6.0,3.0,9.0,38.0
8436,RHEA:59168,valid,,80.0,80.0,6.0,4.0,3.0,7.0,36.0
8437,RHEA:59176,valid,,34.0,35.0,3.0,2.0,2.0,4.0,22.0
8438,RHEA:59184,valid,,16.0,16.0,4.0,2.0,3.0,5.0,24.0
8439,RHEA:59188,valid,,11.0,11.0,0.0,0.0,0.0,0.0,0.0
8440,RHEA:59216,valid,,13.0,13.0,3.0,2.0,2.0,4.0,19.0
8441,RHEA:59220,valid,,12.0,13.0,3.0,2.0,2.0,4.0,18.0
8442,RHEA:59224,valid,,24.0,27.0,21.0,20.0,7.0,27.0,79.0
8443,RHEA:59232,valid,,30.0,30.0,17.0,17.0,13.0,30.0,76.0
8444,RHEA:59236,valid,,29.0,29.0,7.0,5.0,7.0,12.0,49.0
8445,RHEA:59240,valid,,22.0,22.0,5.0,6.0,0.0,6.0,24.0
8446,RHEA:59244,valid,,40.0,41.0,3.0,2.0,2.0,4.0,19.0
8447,RHEA:59256,valid,,50.0,51.0,3.0,2.0,2.0,4.0,18.0
8448,RHEA:59260,valid,,51.0,51.0,12.0,12.0,5.0,17.0,50.0
8449,RHEA:59264,valid,,35.0,35.0,6.0,4.0,5.0,9.0,32.0
8450,RHEA:59272,valid,,7.0,7.0,0.0,0.0,0.0,0.0,0.0
8451,RHEA:59276,valid,,10.0,10.0,0.0,0.0,0.0,0.0,0.0
8452,RHEA:59280,valid,,9.0,9.0,0.0,0.0,0.0,0.0,0.0
8453,RHEA:59284,valid,,52.0,52.0,3.0,2.0,2.0,4.0,18.0
8454,RHEA:59288,valid,,33.0,33.0,3.0,2.0,2.0,4.0,18.0
8455,RHEA:59292,valid,,52.0,52.0,3.0,2.0,2.0,4.0,18.0
8456,RHEA:59300,valid,,49.0,50.0,3.0,2.0,2.0,4.0,22.0
8457,RHEA:59304,valid,,49.0,50.0,3.0,2.0,2.0,4.0,22.0
8458,RHEA:59312,valid,,14.0,14.0,4.0,2.0,4.0,6.0,19.0
8459,RHEA:59316,valid,,25.0,25.0,4.0,2.0,4.0,6.0,19.0
8460,RHEA:59324,valid,,12.0,12.0,4.0,2.0,4.0,6.0,19.0
8461,RHEA:59328,valid,,11.0,12.0,3.0,2.0,2.0,4.0,18.0
8462,RHEA:59332,valid,,42.0,44.0,5.0,3.0,2.0,5.0,18.0
8463,RHEA:59336,valid,,42.0,44.0,5.0,3.0,2.0,5.0,18.0
8464,RHEA:59340,valid,,43.0,45.0,5.0,3.0,2.0,5.0,18.0
8465,RHEA:59344,valid,,25.0,25.0,4.0,2.0,4.0,6.0,19.0
8466,RHEA:59352,valid,,25.0,25.0,4.0,2.0,4.0,6.0,19.0
8467,RHEA:59360,valid,,17.0,17.0,3.0,2.0,2.0,4.0,19.0
8468,RHEA:59364,valid,,56.0,57.0,3.0,2.0,2.0,4.0,18.0
8469,RHEA:59368,valid,,56.0,57.0,3.0,2.0,2.0,4.0,18.0
8470,RHEA:59372,valid,,54.0,55.0,3.0,2.0,2.0,4.0,18.0
8471,RHEA:59376,valid,,16.0,16.0,6.0,6.0,0.0,6.0,37.0
8472,RHEA:59380,valid,,60.0,61.0,15.0,14.0,14.0,28.0,73.0
8473,RHEA:59388,valid,,6.0,7.0,3.0,2.0,2.0,4.0,16.0
8474,RHEA:59392,valid,,59.0,59.0,3.0,2.0,2.0,4.0,20.0
8475,RHEA:59396,valid,,9.0,9.0,0.0,0.0,0.0,0.0,0.0
8476,RHEA:59400,valid,,9.0,9.0,0.0,0.0,0.0,0.0,0.0
8477,RHEA:59404,valid,,8.0,8.0,0.0,0.0,0.0,0.0,0.0
8478,RHEA:59412,valid,,10.0,10.0,3.0,2.0,2.0,4.0,16.0
8479,RHEA:59416,valid,,15.0,15.0,5.0,3.0,5.0,8.0,22.0
8480,RHEA:59424,valid,,11.0,11.0,5.0,3.0,5.0,8.0,22.0
8481,RHEA:59436,valid,,73.0,73.0,5.0,4.0,3.0,7.0,33.0
8482,RHEA:59440,valid,,74.0,74.0,8.0,7.0,8.0,15.0,49.0
8483,RHEA:59444,valid,,43.0,45.0,5.0,3.0,2.0,5.0,18.0
8484,RHEA:59468,valid,,22.0,22.0,3.0,2.0,2.0,4.0,19.0
8485,RHEA:59472,valid,,46.0,47.0,3.0,2.0,2.0,4.0,19.0
8486,RHEA:59476,valid,,86.0,86.0,16.0,10.0,9.0,19.0,65.0
8487,RHEA:59488,zero_fallback,missing_mapping,,,,,,,
8488,RHEA:59492,valid,,35.0,35.0,9.0,7.0,6.0,13.0,62.0
8489,RHEA:59496,valid,,76.0,77.0,11.0,7.0,7.0,14.0,57.0
8490,RHEA:59500,valid,,37.0,38.0,6.0,4.0,3.0,7.0,24.0
8491,RHEA:59504,valid,,40.0,40.0,3.0,2.0,2.0,4.0,21.0
8492,RHEA:59520,valid,,88.0,89.0,7.0,4.0,4.0,8.0,36.0
8493,RHEA:59528,valid,,72.0,73.0,3.0,2.0,2.0,4.0,22.0
8494,RHEA:59532,valid,,51.0,52.0,3.0,2.0,2.0,4.0,19.0
8495,RHEA:59540,valid,,56.0,56.0,3.0,2.0,2.0,4.0,19.0
8496,RHEA:59544,valid,,31.0,31.0,4.0,2.0,4.0,6.0,19.0
8497,RHEA:59548,valid,,45.0,45.0,4.0,2.0,4.0,6.0,19.0
8498,RHEA:59552,valid,,59.0,59.0,4.0,2.0,4.0,6.0,19.0
8499,RHEA:59568,valid,,49.0,50.0,6.0,4.0,3.0,7.0,34.0
8500,RHEA:59572,valid,,18.0,18.0,3.0,2.0,2.0,4.0,19.0
8501,RHEA:59576,valid,,18.0,18.0,3.0,2.0,2.0,4.0,19.0
8502,RHEA:59580,valid,,105.0,106.0,3.0,2.0,2.0,4.0,22.0
8503,RHEA:59596,valid,,15.0,15.0,5.0,4.0,4.0,8.0,24.0
8504,RHEA:59608,valid,,16.0,16.0,3.0,2.0,2.0,4.0,19.0
8505,RHEA:59612,valid,,15.0,15.0,3.0,2.0,2.0,4.0,19.0
8506,RHEA:59616,valid,,18.0,18.0,3.0,2.0,2.0,4.0,19.0
8507,RHEA:59620,valid,,17.0,17.0,3.0,2.0,2.0,4.0,19.0
8508,RHEA:59624,valid,,16.0,16.0,3.0,2.0,2.0,4.0,19.0
8509,RHEA:59628,valid,,19.0,19.0,3.0,2.0,2.0,4.0,19.0
8510,RHEA:59632,valid,,21.0,21.0,4.0,2.0,4.0,6.0,19.0
8511,RHEA:59636,valid,,30.0,30.0,4.0,2.0,4.0,6.0,19.0
8512,RHEA:59640,valid,,39.0,39.0,4.0,2.0,4.0,6.0,19.0
8513,RHEA:59656,valid,,36.0,36.0,4.0,2.0,4.0,6.0,19.0
8514,RHEA:59660,valid,,47.0,47.0,4.0,2.0,4.0,6.0,19.0
8515,RHEA:59664,valid,,58.0,58.0,4.0,2.0,4.0,6.0,19.0
8516,RHEA:59668,valid,,69.0,69.0,4.0,2.0,4.0,6.0,19.0
8517,RHEA:59728,valid,,56.0,56.0,0.0,0.0,0.0,0.0,0.0
8518,RHEA:59732,valid,,49.0,51.0,3.0,2.0,2.0,4.0,22.0
8519,RHEA:59736,valid,,71.0,71.0,3.0,2.0,2.0,4.0,22.0
8520,RHEA:59740,valid,,75.0,75.0,3.0,2.0,2.0,4.0,22.0
8521,RHEA:59756,valid,,39.0,40.0,3.0,2.0,2.0,4.0,20.0
8522,RHEA:59760,valid,,56.0,57.0,4.0,2.0,3.0,5.0,28.0
8523,RHEA:59764,valid,,106.0,107.0,3.0,2.0,2.0,4.0,22.0
8524,RHEA:59768,valid,,104.0,105.0,3.0,2.0,2.0,4.0,22.0
8525,RHEA:59780,valid,,38.0,39.0,3.0,2.0,2.0,4.0,22.0
8526,RHEA:59784,valid,,76.0,77.0,9.0,8.0,9.0,17.0,54.0
8527,RHEA:59788,valid,,72.0,73.0,9.0,8.0,9.0,17.0,54.0
8528,RHEA:59792,valid,,72.0,73.0,9.0,8.0,9.0,17.0,54.0
8529,RHEA:59796,valid,,100.0,101.0,3.0,2.0,2.0,4.0,22.0
8530,RHEA:59800,valid,,98.0,99.0,3.0,2.0,2.0,4.0,22.0
8531,RHEA:59804,valid,,12.0,12.0,0.0,0.0,0.0,0.0,0.0
8532,RHEA:59808,valid,,13.0,13.0,0.0,0.0,0.0,0.0,0.0
8533,RHEA:59816,valid,,72.0,72.0,3.0,2.0,2.0,4.0,20.0
8534,RHEA:59828,valid,,27.0,27.0,3.0,2.0,2.0,4.0,19.0
8535,RHEA:59832,valid,,53.0,54.0,3.0,2.0,2.0,4.0,22.0
8536,RHEA:59840,valid,,46.0,46.0,3.0,2.0,2.0,4.0,20.0
8537,RHEA:59844,valid,,74.0,74.0,8.0,7.0,8.0,15.0,49.0
8538,RHEA:59848,valid,,74.0,74.0,8.0,7.0,8.0,15.0,49.0
8539,RHEA:59852,valid,,74.0,74.0,8.0,7.0,8.0,15.0,49.0
8540,RHEA:59860,valid,,61.0,62.0,3.0,2.0,2.0,4.0,22.0
8541,RHEA:59864,valid,,56.0,57.0,6.0,4.0,3.0,7.0,37.0
8542,RHEA:59868,valid,,56.0,57.0,6.0,4.0,3.0,7.0,37.0
8543,RHEA:59872,valid,,47.0,48.0,3.0,2.0,2.0,4.0,22.0
8544,RHEA:59876,valid,,53.0,54.0,6.0,4.0,3.0,7.0,37.0
8545,RHEA:59880,valid,,44.0,45.0,11.0,7.0,7.0,14.0,56.0
8546,RHEA:59884,valid,,23.0,23.0,7.0,6.0,3.0,9.0,36.0
8547,RHEA:59888,valid,,14.0,14.0,6.0,5.0,3.0,8.0,29.0
8548,RHEA:59892,valid,,9.0,10.0,3.0,2.0,2.0,4.0,17.0
8549,RHEA:59896,valid,,49.0,50.0,6.0,4.0,3.0,7.0,34.0
8550,RHEA:59900,valid,,29.0,29.0,7.0,8.0,2.0,10.0,34.0
8551,RHEA:59904,valid,,48.0,49.0,6.0,6.0,6.0,12.0,35.0
8552,RHEA:59908,valid,,56.0,58.0,8.0,7.0,8.0,15.0,47.0
8553,RHEA:59912,valid,,60.0,62.0,8.0,7.0,8.0,15.0,47.0
8554,RHEA:59916,valid,,58.0,60.0,8.0,7.0,8.0,15.0,47.0
8555,RHEA:59920,valid,,54.0,56.0,8.0,7.0,8.0,15.0,47.0
8556,RHEA:59936,valid,,80.0,81.0,3.0,2.0,2.0,4.0,19.0
8557,RHEA:59940,valid,,69.0,70.0,3.0,2.0,2.0,4.0,19.0
8558,RHEA:59948,valid,,73.0,74.0,3.0,2.0,2.0,4.0,19.0
8559,RHEA:59952,valid,,59.0,60.0,3.0,2.0,2.0,4.0,19.0
8560,RHEA:59956,valid,,9.0,9.0,4.0,3.0,2.0,5.0,24.0
8561,RHEA:59960,valid,,12.0,12.0,0.0,0.0,0.0,0.0,0.0
8562,RHEA:59964,valid,,65.0,65.0,3.0,2.0,2.0,4.0,20.0
8563,RHEA:59972,valid,,67.0,67.0,3.0,2.0,2.0,4.0,20.0
8564,RHEA:59980,valid,,33.0,34.0,3.0,2.0,2.0,4.0,18.0
8565,RHEA:59984,valid,,14.0,14.0,3.0,2.0,2.0,4.0,18.0
8566,RHEA:59988,valid,,104.0,105.0,8.0,7.0,8.0,15.0,47.0
8567,RHEA:59992,valid,,65.0,65.0,10.0,6.0,6.0,12.0,52.0
8568,RHEA:59996,valid,,64.0,64.0,10.0,6.0,6.0,12.0,52.0
8569,RHEA:60000,valid,,8.0,10.0,5.0,4.0,3.0,7.0,25.0
8570,RHEA:60008,valid,,72.0,72.0,8.0,4.0,6.0,10.0,29.0
8571,RHEA:60012,valid,,85.0,85.0,6.0,4.0,3.0,7.0,34.0
8572,RHEA:60016,valid,,24.0,24.0,10.0,8.0,6.0,14.0,60.0
8573,RHEA:60020,valid,,24.0,24.0,10.0,8.0,6.0,14.0,61.0
8574,RHEA:60024,zero_fallback,ValueError:RDKit could not parse mapped reaction,,,,,,,
8575,RHEA:60028,valid,,20.0,20.0,13.0,12.0,6.0,18.0,71.0
8576,RHEA:60032,valid,,34.0,35.0,3.0,2.0,2.0,4.0,18.0
8577,RHEA:60036,valid,,20.0,20.0,3.0,2.0,2.0,4.0,19.0
8578,RHEA:60040,valid,,19.0,19.0,3.0,2.0,2.0,4.0,19.0
8579,RHEA:60044,valid,,57.0,58.0,3.0,2.0,2.0,4.0,21.0
8580,RHEA:60048,zero_fallback,missing_mapping,,,,,,,
8581,RHEA:60052,valid,,69.0,69.0,9.0,8.0,9.0,17.0,51.0
8582,RHEA:60056,valid,,70.0,70.0,10.0,8.0,10.0,18.0,53.0
8583,RHEA:60064,valid,,70.0,70.0,9.0,8.0,9.0,17.0,51.0
8584,RHEA:60068,zero_fallback,missing_mapping,,,,,,,
8585,RHEA:60072,valid,,76.0,76.0,9.0,8.0,9.0,17.0,51.0
8586,RHEA:60076,valid,,77.0,77.0,10.0,8.0,10.0,18.0,53.0
8587,RHEA:60080,valid,,77.0,77.0,9.0,8.0,9.0,17.0,51.0
8588,RHEA:60084,valid,,69.0,69.0,11.0,9.0,10.0,19.0,63.0
8589,RHEA:60088,valid,,73.0,73.0,11.0,9.0,10.0,19.0,63.0
8590,RHEA:60092,valid,,76.0,76.0,11.0,9.0,10.0,19.0,63.0
8591,RHEA:60096,valid,,80.0,80.0,11.0,9.0,10.0,19.0,63.0
8592,RHEA:60100,valid,,57.0,58.0,4.0,2.0,3.0,5.0,28.0
8593,RHEA:60104,valid,,67.0,67.0,10.0,6.0,6.0,12.0,52.0
8594,RHEA:60108,valid,,60.0,60.0,3.0,2.0,2.0,4.0,18.0
8595,RHEA:60112,valid,,62.0,62.0,3.0,2.0,2.0,4.0,18.0
8596,RHEA:60116,valid,,17.0,17.0,12.0,10.0,5.0,15.0,52.0
8597,RHEA:60128,valid,,64.0,65.0,4.0,2.0,3.0,5.0,21.0
8598,RHEA:60132,valid,,36.0,36.0,9.0,9.0,4.0,13.0,48.0
8599,RHEA:60136,valid,,36.0,36.0,9.0,9.0,4.0,13.0,48.0
8600,RHEA:60140,valid,,115.0,115.0,7.0,6.0,2.0,8.0,38.0
8601,RHEA:60144,valid,,52.0,53.0,6.0,4.0,3.0,7.0,34.0
8602,RHEA:60152,valid,,21.0,21.0,3.0,2.0,2.0,4.0,19.0
8603,RHEA:60156,valid,,44.0,45.0,3.0,2.0,2.0,4.0,18.0
8604,RHEA:60160,valid,,92.0,93.0,4.0,2.0,3.0,5.0,21.0
8605,RHEA:60172,valid,,40.0,40.0,5.0,4.0,2.0,6.0,31.0
8606,RHEA:60176,valid,,30.0,30.0,5.0,3.0,2.0,5.0,29.0
8607,RHEA:60180,valid,,44.0,45.0,3.0,2.0,2.0,4.0,18.0
8608,RHEA:60184,valid,,44.0,45.0,3.0,2.0,2.0,4.0,18.0
8609,RHEA:60188,valid,,37.0,37.0,13.0,13.0,5.0,18.0,38.0
8610,RHEA:60192,valid,,25.0,25.0,7.0,7.0,2.0,9.0,35.0
8611,RHEA:60196,valid,,24.0,24.0,7.0,7.0,2.0,9.0,35.0
8612,RHEA:60200,valid,,38.0,38.0,14.0,15.0,6.0,21.0,43.0
8613,RHEA:60208,valid,,50.0,50.0,21.0,22.0,11.0,33.0,41.0
8614,RHEA:60212,valid,,26.0,26.0,7.0,7.0,2.0,9.0,35.0
8615,RHEA:60216,valid,,25.0,25.0,7.0,7.0,2.0,9.0,35.0
8616,RHEA:60220,valid,,24.0,24.0,7.0,7.0,2.0,9.0,35.0
8617,RHEA:60224,valid,,38.0,38.0,14.0,15.0,6.0,21.0,43.0
8618,RHEA:60228,valid,,26.0,26.0,7.0,7.0,2.0,9.0,35.0
8619,RHEA:60232,valid,,25.0,25.0,7.0,7.0,2.0,9.0,35.0
8620,RHEA:60236,valid,,38.0,38.0,14.0,15.0,6.0,21.0,43.0
8621,RHEA:60244,valid,,17.0,21.0,11.0,8.0,5.0,13.0,22.0
8622,RHEA:60252,valid,,103.0,103.0,10.0,9.0,8.0,17.0,59.0
8623,RHEA:60256,valid,,14.0,16.0,6.0,4.0,3.0,7.0,22.0
8624,RHEA:60260,valid,,92.0,95.0,7.0,6.0,4.0,10.0,19.0
8625,RHEA:60264,valid,,38.0,39.0,3.0,2.0,2.0,4.0,20.0
8626,RHEA:60268,valid,,39.0,40.0,3.0,2.0,2.0,4.0,19.0
8627,RHEA:60272,valid,,40.0,41.0,3.0,2.0,2.0,4.0,19.0
8628,RHEA:60276,valid,,92.0,95.0,7.0,6.0,4.0,10.0,19.0
8629,RHEA:60280,valid,,38.0,39.0,3.0,2.0,2.0,4.0,20.0
8630,RHEA:60284,valid,,39.0,40.0,3.0,2.0,2.0,4.0,19.0
8631,RHEA:60288,valid,,40.0,41.0,3.0,2.0,2.0,4.0,19.0
8632,RHEA:60292,valid,,92.0,95.0,7.0,6.0,4.0,10.0,19.0
8633,RHEA:60296,valid,,38.0,39.0,3.0,2.0,2.0,4.0,20.0
8634,RHEA:60300,valid,,39.0,40.0,3.0,2.0,2.0,4.0,19.0
8635,RHEA:60308,valid,,65.0,67.0,5.0,4.0,3.0,7.0,20.0
8636,RHEA:60312,valid,,38.0,39.0,3.0,2.0,2.0,4.0,20.0
8637,RHEA:60316,valid,,39.0,40.0,3.0,2.0,2.0,4.0,19.0
8638,RHEA:60320,valid,,40.0,41.0,3.0,2.0,2.0,4.0,19.0
8639,RHEA:60324,valid,,92.0,95.0,7.0,6.0,4.0,10.0,19.0
8640,RHEA:60328,valid,,92.0,95.0,7.0,6.0,4.0,10.0,19.0
8641,RHEA:60344,valid,,38.0,39.0,3.0,2.0,2.0,4.0,20.0
8642,RHEA:60348,valid,,39.0,40.0,3.0,2.0,2.0,4.0,19.0
8643,RHEA:60352,valid,,21.0,22.0,9.0,9.0,6.0,15.0,49.0
8644,RHEA:60356,valid,,20.0,21.0,3.0,2.0,2.0,4.0,19.0
8645,RHEA:60360,valid,,66.0,66.0,10.0,6.0,6.0,12.0,53.0
8646,RHEA:60384,valid,,49.0,49.0,4.0,2.0,3.0,5.0,24.0
8647,RHEA:60388,valid,,72.0,73.0,11.0,10.0,2.0,12.0,46.0
8648,RHEA:60392,valid,,61.0,62.0,11.0,10.0,2.0,12.0,46.0
8649,RHEA:60396,valid,,73.0,73.0,9.0,6.0,7.0,13.0,51.0
8650,RHEA:60400,valid,,73.0,73.0,10.0,8.0,5.0,13.0,53.0
8651,RHEA:60404,valid,,62.0,62.0,10.0,8.0,5.0,13.0,56.0
8652,RHEA:60408,valid,,57.0,57.0,6.0,4.0,5.0,9.0,32.0
8653,RHEA:60412,valid,,60.0,61.0,3.0,2.0,2.0,4.0,18.0
8654,RHEA:60416,valid,,71.0,72.0,3.0,2.0,2.0,4.0,18.0
8655,RHEA:60420,valid,,82.0,83.0,3.0,2.0,2.0,4.0,18.0
8656,RHEA:60424,valid,,25.0,25.0,11.0,10.0,6.0,16.0,67.0
8657,RHEA:60428,valid,,22.0,22.0,3.0,2.0,2.0,4.0,19.0
8658,RHEA:60432,valid,,27.0,29.0,7.0,5.0,2.0,7.0,33.0
8659,RHEA:60436,valid,,10.0,11.0,3.0,2.0,2.0,4.0,17.0
8660,RHEA:60440,valid,,6.0,7.0,3.0,2.0,2.0,4.0,15.0
8661,RHEA:60444,valid,,13.0,13.0,3.0,2.0,2.0,4.0,19.0
8662,RHEA:60452,valid,,7.0,8.0,5.0,3.0,4.0,7.0,27.0
8663,RHEA:60456,valid,,60.0,60.0,12.0,8.0,6.0,14.0,47.0
8664,RHEA:60476,valid,,94.0,94.0,13.0,8.0,8.0,16.0,42.0
8665,RHEA:60480,valid,,58.0,58.0,9.0,6.0,5.0,11.0,39.0
8666,RHEA:60484,valid,,58.0,58.0,10.0,6.0,6.0,12.0,39.0
8667,RHEA:60504,valid,,52.0,53.0,3.0,2.0,2.0,4.0,22.0
8668,RHEA:60508,valid,,52.0,52.0,3.0,2.0,2.0,4.0,19.0
8669,RHEA:60512,valid,,52.0,52.0,3.0,2.0,2.0,4.0,19.0
8670,RHEA:60516,valid,,15.0,15.0,0.0,0.0,0.0,0.0,0.0
8671,RHEA:60520,valid,,24.0,24.0,6.0,4.0,4.0,8.0,19.0
8672,RHEA:60524,valid,,50.0,51.0,3.0,2.0,2.0,4.0,19.0
8673,RHEA:60556,valid,,22.0,22.0,3.0,2.0,2.0,4.0,22.0
8674,RHEA:60560,valid,,37.0,37.0,3.0,2.0,2.0,4.0,20.0
8675,RHEA:60568,valid,,18.0,18.0,0.0,0.0,0.0,0.0,0.0
8676,RHEA:60580,valid,,53.0,54.0,11.0,7.0,7.0,14.0,57.0
8677,RHEA:60604,valid,,31.0,31.0,3.0,2.0,2.0,4.0,22.0
8678,RHEA:60608,valid,,28.0,28.0,3.0,2.0,2.0,4.0,22.0
8679,RHEA:60612,valid,,25.0,25.0,3.0,2.0,2.0,4.0,22.0
8680,RHEA:60616,valid,,40.0,40.0,3.0,2.0,2.0,4.0,22.0
8681,RHEA:60620,valid,,38.0,38.0,3.0,2.0,2.0,4.0,22.0
8682,RHEA:60624,valid,,53.0,55.0,6.0,4.0,4.0,8.0,23.0
8683,RHEA:60628,valid,,26.0,26.0,3.0,2.0,3.0,5.0,16.0
8684,RHEA:60632,valid,,66.0,67.0,8.0,7.0,8.0,15.0,48.0
8685,RHEA:60636,valid,,44.0,44.0,3.0,2.0,2.0,4.0,22.0
8686,RHEA:60644,valid,,52.0,53.0,3.0,2.0,2.0,4.0,22.0
8687,RHEA:60648,valid,,17.0,17.0,3.0,2.0,2.0,4.0,22.0
8688,RHEA:60652,valid,,20.0,20.0,3.0,2.0,2.0,4.0,22.0
8689,RHEA:60656,valid,,33.0,33.0,3.0,2.0,2.0,4.0,22.0
8690,RHEA:60660,valid,,52.0,52.0,14.0,14.0,14.0,28.0,47.0
8691,RHEA:60664,valid,,49.0,49.0,4.0,2.0,3.0,5.0,22.0
8692,RHEA:60668,valid,,55.0,56.0,8.0,7.0,8.0,15.0,48.0
8693,RHEA:60672,valid,,55.0,56.0,8.0,7.0,8.0,15.0,48.0
8694,RHEA:60676,valid,,55.0,56.0,8.0,7.0,8.0,15.0,48.0
8695,RHEA:60680,valid,,0.0,1.0,0.0,0.0,0.0,0.0,0.0
8696,RHEA:60684,valid,,48.0,49.0,6.0,6.0,6.0,12.0,35.0
8697,RHEA:60688,valid,,44.0,45.0,6.0,6.0,6.0,12.0,35.0
8698,RHEA:60692,valid,,48.0,49.0,6.0,6.0,6.0,12.0,35.0
8699,RHEA:60696,valid,,20.0,20.0,6.0,4.0,3.0,7.0,33.0
8700,RHEA:60700,valid,,19.0,19.0,3.0,2.0,2.0,4.0,22.0
8701,RHEA:60704,valid,,16.0,16.0,3.0,2.0,2.0,4.0,22.0
8702,RHEA:60708,valid,,56.0,58.0,8.0,7.0,8.0,15.0,47.0
8703,RHEA:60712,valid,,60.0,61.0,8.0,7.0,8.0,15.0,48.0
8704,RHEA:60716,valid,,60.0,62.0,8.0,7.0,8.0,15.0,47.0
8705,RHEA:60720,valid,,57.0,59.0,8.0,7.0,8.0,15.0,47.0
8706,RHEA:60724,valid,,62.0,64.0,8.0,7.0,8.0,15.0,47.0
8707,RHEA:60728,valid,,60.0,62.0,8.0,7.0,8.0,15.0,47.0
8708,RHEA:60732,valid,,60.0,62.0,8.0,7.0,8.0,15.0,46.0
8709,RHEA:60736,valid,,65.0,67.0,8.0,7.0,8.0,15.0,47.0
8710,RHEA:60740,valid,,60.0,62.0,8.0,7.0,8.0,15.0,47.0
8711,RHEA:60744,valid,,72.0,72.0,6.0,2.0,5.0,7.0,38.0
8712,RHEA:60748,valid,,75.0,75.0,6.0,2.0,5.0,7.0,38.0
8713,RHEA:60752,valid,,72.0,72.0,6.0,2.0,5.0,7.0,38.0
8714,RHEA:60756,valid,,64.0,67.0,23.0,25.0,17.0,42.0,96.0
8715,RHEA:60760,valid,,75.0,75.0,6.0,2.0,5.0,7.0,38.0
8716,RHEA:60764,valid,,63.0,66.0,25.0,24.0,13.0,37.0,123.0
8717,RHEA:60768,valid,,60.0,61.0,20.0,18.0,9.0,27.0,42.0
8718,RHEA:60772,valid,,50.0,50.0,15.0,14.0,6.0,20.0,40.0
8719,RHEA:60776,valid,,36.0,36.0,6.0,6.0,2.0,8.0,31.0
8720,RHEA:60780,valid,,37.0,37.0,7.0,6.0,3.0,9.0,35.0
8721,RHEA:60796,valid,,51.0,51.0,15.0,13.0,8.0,21.0,39.0
8722,RHEA:60800,valid,,37.0,37.0,6.0,6.0,2.0,8.0,31.0
8723,RHEA:60820,valid,,49.0,51.0,3.0,2.0,2.0,4.0,17.0
8724,RHEA:60872,valid,,54.0,56.0,3.0,2.0,2.0,4.0,17.0
8725,RHEA:60876,valid,,59.0,61.0,3.0,2.0,2.0,4.0,17.0
8726,RHEA:60880,valid,,59.0,60.0,3.0,2.0,2.0,4.0,19.0
8727,RHEA:60892,valid,,59.0,60.0,3.0,2.0,2.0,4.0,19.0
8728,RHEA:60904,valid,,22.0,22.0,5.0,4.0,2.0,6.0,27.0
8729,RHEA:60912,valid,,49.0,50.0,5.0,3.0,2.0,5.0,31.0
8730,RHEA:60916,valid,,49.0,50.0,5.0,3.0,2.0,5.0,31.0
8731,RHEA:60920,valid,,35.0,35.0,9.0,8.0,2.0,10.0,46.0
8732,RHEA:60924,valid,,24.0,24.0,7.0,7.0,2.0,9.0,35.0
8733,RHEA:60928,valid,,53.0,54.0,11.0,7.0,7.0,14.0,57.0
8734,RHEA:60932,valid,,53.0,54.0,11.0,7.0,7.0,14.0,57.0
8735,RHEA:60936,valid,,39.0,40.0,11.0,7.0,7.0,14.0,57.0
8736,RHEA:60940,valid,,51.0,52.0,11.0,7.0,7.0,14.0,57.0
8737,RHEA:60944,valid,,49.0,50.0,3.0,2.0,2.0,4.0,19.0
8738,RHEA:60952,valid,,42.0,43.0,3.0,2.0,2.0,4.0,19.0
8739,RHEA:60956,valid,,57.0,58.0,3.0,2.0,2.0,4.0,22.0
8740,RHEA:60960,valid,,57.0,58.0,3.0,2.0,2.0,4.0,22.0
8741,RHEA:60964,valid,,68.0,69.0,3.0,2.0,2.0,4.0,21.0
8742,RHEA:60972,valid,,51.0,52.0,8.0,7.0,8.0,15.0,48.0
8743,RHEA:60976,valid,,55.0,56.0,8.0,7.0,8.0,15.0,48.0
8744,RHEA:60980,valid,,59.0,60.0,8.0,7.0,8.0,15.0,48.0
8745,RHEA:60984,valid,,63.0,64.0,8.0,7.0,8.0,15.0,48.0
8746,RHEA:60988,valid,,51.0,52.0,8.0,7.0,8.0,15.0,48.0
8747,RHEA:60996,valid,,12.0,12.0,5.0,4.0,4.0,8.0,23.0
8748,RHEA:61020,valid,,101.0,103.0,7.0,4.0,6.0,10.0,46.0
8749,RHEA:61032,valid,,52.0,53.0,3.0,2.0,2.0,4.0,19.0
8750,RHEA:61040,valid,,58.0,59.0,11.0,7.0,7.0,14.0,56.0
8751,RHEA:61044,valid,,58.0,59.0,11.0,7.0,7.0,14.0,56.0
8752,RHEA:61048,valid,,59.0,60.0,11.0,7.0,7.0,14.0,56.0
8753,RHEA:61052,valid,,58.0,59.0,11.0,7.0,7.0,14.0,56.0
8754,RHEA:61056,valid,,58.0,59.0,12.0,9.0,5.0,14.0,61.0
8755,RHEA:61068,valid,,78.0,78.0,3.0,2.0,2.0,4.0,20.0
8756,RHEA:61072,valid,,77.0,77.0,3.0,2.0,2.0,4.0,20.0
8757,RHEA:61076,valid,,77.0,77.0,3.0,2.0,2.0,4.0,20.0
8758,RHEA:61080,valid,,77.0,77.0,3.0,2.0,2.0,4.0,20.0
8759,RHEA:61084,valid,,32.0,32.0,6.0,6.0,2.0,8.0,31.0
8760,RHEA:61088,valid,,33.0,33.0,6.0,6.0,2.0,8.0,31.0
8761,RHEA:61092,valid,,16.0,16.0,3.0,2.0,2.0,4.0,18.0
8762,RHEA:61096,zero_fallback,ValueError:RDKit could not parse mapped reaction,,,,,,,
8763,RHEA:61104,valid,,86.0,88.0,22.0,14.0,14.0,28.0,56.0
8764,RHEA:61108,valid,,87.0,89.0,22.0,14.0,14.0,28.0,56.0
8765,RHEA:61112,zero_fallback,ValueError:RDKit could not parse mapped reaction,,,,,,,
8766,RHEA:61120,valid,,87.0,89.0,22.0,14.0,14.0,28.0,56.0
8767,RHEA:61124,zero_fallback,ValueError:RDKit could not parse mapped reaction,,,,,,,
8768,RHEA:61132,valid,,33.0,34.0,12.0,10.0,6.0,16.0,60.0
8769,RHEA:61136,valid,,34.0,35.0,12.0,10.0,6.0,16.0,60.0
8770,RHEA:61140,valid,,35.0,36.0,12.0,10.0,6.0,16.0,60.0
8771,RHEA:61144,valid,,58.0,59.0,5.0,4.0,1.0,5.0,32.0
8772,RHEA:61148,valid,,69.0,70.0,3.0,2.0,2.0,4.0,21.0
8773,RHEA:61152,valid,,104.0,104.0,3.0,2.0,2.0,4.0,20.0
8774,RHEA:61156,valid,,76.0,77.0,3.0,2.0,2.0,4.0,22.0
8775,RHEA:61160,valid,,57.0,58.0,3.0,2.0,2.0,4.0,22.0
8776,RHEA:61164,valid,,56.0,57.0,4.0,2.0,3.0,5.0,28.0
8777,RHEA:61180,valid,,58.0,59.0,4.0,4.0,1.0,5.0,27.0
8778,RHEA:61184,valid,,67.0,68.0,4.0,2.0,3.0,5.0,28.0
8779,RHEA:61188,valid,,68.0,69.0,4.0,2.0,3.0,5.0,28.0
8780,RHEA:61216,valid,,84.0,85.0,6.0,6.0,2.0,8.0,34.0
8781,RHEA:61220,valid,,80.0,81.0,6.0,6.0,2.0,8.0,34.0
8782,RHEA:61224,valid,,12.0,12.0,5.0,3.0,5.0,8.0,21.0
8783,RHEA:61228,valid,,14.0,14.0,7.0,3.0,7.0,10.0,34.0
8784,RHEA:61232,valid,,12.0,12.0,5.0,3.0,5.0,8.0,21.0
8785,RHEA:61236,valid,,12.0,12.0,5.0,3.0,5.0,8.0,21.0
8786,RHEA:61240,valid,,15.0,15.0,5.0,3.0,5.0,8.0,21.0
8787,RHEA:61244,valid,,18.0,18.0,5.0,3.0,5.0,8.0,21.0
8788,RHEA:61248,valid,,16.0,16.0,5.0,3.0,5.0,8.0,21.0
8789,RHEA:61252,valid,,11.0,11.0,5.0,4.0,4.0,8.0,23.0
8790,RHEA:61256,valid,,10.0,10.0,5.0,3.0,5.0,8.0,21.0
8791,RHEA:61260,valid,,13.0,13.0,5.0,3.0,5.0,8.0,21.0
8792,RHEA:61264,valid,,9.0,9.0,5.0,4.0,4.0,8.0,23.0
8793,RHEA:61268,valid,,12.0,12.0,5.0,4.0,4.0,8.0,23.0
8794,RHEA:61272,valid,,11.0,11.0,5.0,4.0,4.0,8.0,23.0
8795,RHEA:61284,valid,,17.0,17.0,5.0,3.0,5.0,8.0,21.0
8796,RHEA:61288,valid,,40.0,41.0,3.0,2.0,2.0,4.0,22.0
8797,RHEA:61292,valid,,54.0,55.0,8.0,7.0,8.0,15.0,47.0
8798,RHEA:61296,valid,,13.0,13.0,4.0,2.0,4.0,6.0,26.0
8799,RHEA:61300,valid,,13.0,13.0,6.0,6.0,2.0,8.0,33.0
8800,RHEA:61304,zero_fallback,missing_mapping,,,,,,,
8801,RHEA:61320,valid,,50.0,51.0,12.0,9.0,5.0,14.0,61.0
8802,RHEA:61324,valid,,50.0,51.0,11.0,7.0,7.0,14.0,57.0
8803,RHEA:61328,valid,,51.0,52.0,11.0,7.0,7.0,14.0,56.0
8804,RHEA:61332,valid,,46.0,47.0,3.0,2.0,2.0,4.0,18.0
8805,RHEA:61336,valid,,74.0,75.0,4.0,2.0,3.0,5.0,21.0
8806,RHEA:61340,valid,,55.0,55.0,3.0,2.0,2.0,4.0,19.0
8807,RHEA:61344,valid,,10.0,10.0,5.0,3.0,5.0,8.0,21.0
8808,RHEA:61348,valid,,56.0,57.0,4.0,2.0,3.0,5.0,21.0
8809,RHEA:61352,valid,,59.0,60.0,4.0,2.0,3.0,5.0,21.0
8810,RHEA:61356,valid,,65.0,66.0,4.0,2.0,3.0,5.0,21.0
8811,RHEA:61360,valid,,76.0,77.0,3.0,2.0,2.0,4.0,18.0
8812,RHEA:61364,valid,,57.0,58.0,4.0,2.0,3.0,5.0,21.0
8813,RHEA:61368,valid,,49.0,50.0,4.0,2.0,3.0,5.0,21.0
8814,RHEA:61372,valid,,57.0,58.0,4.0,2.0,3.0,5.0,21.0
8815,RHEA:61376,valid,,57.0,58.0,4.0,2.0,3.0,5.0,21.0
8816,RHEA:61380,valid,,64.0,65.0,4.0,2.0,3.0,5.0,21.0
8817,RHEA:61384,valid,,65.0,66.0,4.0,2.0,3.0,5.0,21.0
8818,RHEA:61392,valid,,53.0,54.0,3.0,2.0,2.0,4.0,22.0
8819,RHEA:61396,valid,,49.0,50.0,3.0,2.0,2.0,4.0,22.0
8820,RHEA:61400,valid,,50.0,51.0,3.0,2.0,2.0,4.0,22.0
8821,RHEA:61404,valid,,47.0,48.0,3.0,2.0,2.0,4.0,22.0
8822,RHEA:61408,valid,,48.0,49.0,3.0,2.0,2.0,4.0,22.0
8823,RHEA:61412,valid,,45.0,46.0,3.0,2.0,2.0,4.0,22.0
8824,RHEA:61416,valid,,12.0,12.0,7.0,7.0,2.0,9.0,39.0
8825,RHEA:61420,valid,,12.0,12.0,7.0,7.0,2.0,9.0,39.0
8826,RHEA:61424,valid,,56.0,57.0,8.0,7.0,8.0,15.0,46.0
8827,RHEA:61428,valid,,56.0,57.0,8.0,7.0,8.0,15.0,46.0
8828,RHEA:61432,valid,,60.0,61.0,10.0,9.0,8.0,17.0,59.0
8829,RHEA:61436,valid,,28.0,29.0,4.0,2.0,3.0,5.0,21.0
8830,RHEA:61440,valid,,66.0,67.0,3.0,2.0,2.0,4.0,22.0
8831,RHEA:61444,valid,,85.0,85.0,11.0,10.0,9.0,19.0,60.0
8832,RHEA:61448,valid,,92.0,92.0,11.0,10.0,9.0,19.0,60.0
8833,RHEA:61452,valid,,83.0,83.0,11.0,10.0,9.0,19.0,60.0
8834,RHEA:61456,valid,,83.0,83.0,15.0,15.0,12.0,27.0,84.0
8835,RHEA:61464,valid,,49.0,50.0,3.0,2.0,2.0,4.0,20.0
8836,RHEA:61468,valid,,49.0,50.0,3.0,2.0,2.0,4.0,20.0
8837,RHEA:61472,valid,,72.0,73.0,3.0,2.0,2.0,4.0,22.0
8838,RHEA:61476,valid,,74.0,75.0,3.0,2.0,2.0,4.0,22.0
8839,RHEA:61480,valid,,58.0,59.0,3.0,2.0,2.0,4.0,22.0
8840,RHEA:61484,valid,,49.0,50.0,3.0,2.0,2.0,4.0,20.0
8841,RHEA:61488,valid,,49.0,50.0,3.0,2.0,2.0,4.0,20.0
8842,RHEA:61492,valid,,58.0,59.0,3.0,2.0,2.0,4.0,22.0
8843,RHEA:61500,valid,,58.0,58.0,3.0,2.0,2.0,4.0,22.0
8844,RHEA:61504,valid,,56.0,56.0,3.0,2.0,2.0,4.0,22.0
8845,RHEA:61508,valid,,58.0,58.0,3.0,2.0,2.0,4.0,22.0
8846,RHEA:61512,valid,,60.0,60.0,3.0,2.0,2.0,4.0,22.0
8847,RHEA:61520,valid,,12.0,12.0,2.0,1.0,2.0,3.0,12.0
8848,RHEA:61524,valid,,24.0,24.0,5.0,4.0,2.0,6.0,28.0
8849,RHEA:61528,valid,,25.0,40.0,25.0,27.0,3.0,30.0,50.0
8850,RHEA:61564,valid,,85.0,85.0,15.0,15.0,12.0,27.0,84.0
8851,RHEA:61568,valid,,35.0,35.0,3.0,2.0,2.0,4.0,17.0
8852,RHEA:61572,valid,,24.0,24.0,5.0,4.0,2.0,6.0,28.0
8853,RHEA:61576,valid,,106.0,107.0,10.0,10.0,8.0,18.0,56.0
8854,RHEA:61580,valid,,105.0,106.0,8.0,7.0,8.0,15.0,47.0
8855,RHEA:61584,valid,,49.0,50.0,3.0,2.0,2.0,4.0,20.0
8856,RHEA:61588,valid,,61.0,62.0,3.0,2.0,2.0,4.0,22.0
8857,RHEA:61592,valid,,36.0,38.0,5.0,3.0,5.0,8.0,30.0
8858,RHEA:61624,valid,,17.0,17.0,4.0,4.0,2.0,6.0,26.0
8859,RHEA:61632,valid,,52.0,54.0,8.0,7.0,8.0,15.0,47.0
8860,RHEA:61644,valid,,15.0,15.0,4.0,1.0,4.0,5.0,15.0
8861,RHEA:61648,valid,,70.0,70.0,6.0,4.0,3.0,7.0,36.0
8862,RHEA:61652,valid,,71.0,71.0,6.0,4.0,3.0,7.0,36.0
8863,RHEA:61656,valid,,47.0,48.0,3.0,2.0,2.0,4.0,22.0
8864,RHEA:61660,valid,,42.0,43.0,3.0,2.0,2.0,4.0,22.0
8865,RHEA:61664,valid,,52.0,53.0,3.0,2.0,2.0,4.0,22.0
8866,RHEA:61668,valid,,89.0,89.0,6.0,4.0,3.0,7.0,36.0
8867,RHEA:61680,valid,,67.0,67.0,6.0,4.0,3.0,7.0,36.0
8868,RHEA:61684,valid,,17.0,18.0,3.0,2.0,2.0,4.0,19.0
8869,RHEA:61688,valid,,68.0,68.0,7.0,6.0,3.0,9.0,38.0
8870,RHEA:61696,valid,,65.0,65.0,6.0,4.0,3.0,7.0,36.0
8871,RHEA:61704,valid,,67.0,67.0,6.0,4.0,3.0,7.0,36.0
8872,RHEA:61716,valid,,44.0,45.0,4.0,2.0,3.0,5.0,21.0
8873,RHEA:61720,valid,,57.0,58.0,8.0,7.0,8.0,15.0,46.0
8874,RHEA:61724,valid,,57.0,58.0,8.0,7.0,8.0,15.0,46.0
8875,RHEA:61728,valid,,13.0,13.0,0.0,0.0,0.0,0.0,0.0
8876,RHEA:61732,valid,,59.0,60.0,3.0,2.0,2.0,4.0,22.0
8877,RHEA:61736,valid,,70.0,70.0,4.0,4.0,0.0,4.0,26.0
8878,RHEA:61740,valid,,70.0,71.0,3.0,2.0,2.0,4.0,21.0
8879,RHEA:61744,valid,,81.0,81.0,4.0,4.0,0.0,4.0,26.0
8880,RHEA:61748,valid,,81.0,82.0,3.0,2.0,2.0,4.0,21.0
8881,RHEA:61752,valid,,81.0,82.0,3.0,2.0,2.0,4.0,21.0
8882,RHEA:61756,valid,,92.0,93.0,3.0,2.0,2.0,4.0,21.0
8883,RHEA:61760,valid,,92.0,92.0,4.0,4.0,0.0,4.0,26.0
8884,RHEA:61764,valid,,92.0,93.0,3.0,2.0,2.0,4.0,21.0
8885,RHEA:61768,valid,,103.0,104.0,3.0,2.0,2.0,4.0,21.0
8886,RHEA:61772,valid,,103.0,104.0,3.0,2.0,2.0,4.0,21.0
8887,RHEA:61776,valid,,114.0,115.0,3.0,2.0,2.0,4.0,21.0
8888,RHEA:61780,valid,,12.0,12.0,0.0,0.0,0.0,0.0,0.0
8889,RHEA:61784,valid,,12.0,12.0,0.0,0.0,0.0,0.0,0.0
8890,RHEA:61800,valid,,66.0,66.0,6.0,4.0,3.0,7.0,36.0
8891,RHEA:61836,valid,,65.0,66.0,3.0,2.0,2.0,4.0,21.0
8892,RHEA:61844,valid,,66.0,67.0,3.0,2.0,2.0,4.0,21.0
8893,RHEA:61856,zero_fallback,missing_mapping,,,,,,,
8894,RHEA:61860,valid,,73.0,73.0,15.0,14.0,9.0,23.0,77.0
8895,RHEA:61864,valid,,24.0,24.0,2.0,1.0,2.0,3.0,11.0
8896,RHEA:61868,valid,,25.0,25.0,5.0,4.0,2.0,6.0,27.0
8897,RHEA:61872,valid,,23.0,23.0,5.0,4.0,2.0,6.0,28.0
8898,RHEA:61876,valid,,26.0,26.0,5.0,4.0,2.0,6.0,27.0
8899,RHEA:61880,valid,,26.0,26.0,5.0,4.0,2.0,6.0,27.0
8900,RHEA:61884,valid,,26.0,26.0,5.0,4.0,2.0,6.0,27.0
8901,RHEA:61888,valid,,66.0,67.0,3.0,2.0,2.0,4.0,21.0
8902,RHEA:61892,valid,,103.0,103.0,10.0,9.0,8.0,17.0,55.0
8903,RHEA:61896,valid,,26.0,26.0,3.0,2.0,2.0,4.0,20.0
8904,RHEA:61900,valid,,27.0,27.0,2.0,1.0,2.0,3.0,11.0
8905,RHEA:61904,valid,,76.0,76.0,9.0,8.0,9.0,17.0,51.0
8906,RHEA:61908,valid,,102.0,103.0,12.0,8.0,6.0,14.0,47.0
8907,RHEA:61960,valid,,36.0,36.0,6.0,2.0,6.0,8.0,20.0
8908,RHEA:61964,valid,,38.0,38.0,6.0,2.0,6.0,8.0,20.0
8909,RHEA:61968,valid,,38.0,38.0,6.0,2.0,6.0,8.0,20.0
8910,RHEA:61972,valid,,48.0,48.0,6.0,2.0,6.0,8.0,20.0
8911,RHEA:61976,valid,,64.0,65.0,4.0,1.0,4.0,5.0,27.0
8912,RHEA:61984,valid,,107.0,107.0,14.0,14.0,14.0,28.0,59.0
8913,RHEA:61988,valid,,49.0,50.0,3.0,2.0,2.0,4.0,20.0
8914,RHEA:61992,valid,,40.0,41.0,3.0,2.0,2.0,4.0,19.0
8915,RHEA:61996,valid,,64.0,65.0,3.0,2.0,2.0,4.0,22.0
8916,RHEA:62000,valid,,45.0,51.0,27.0,23.0,10.0,33.0,52.0
8917,RHEA:62004,valid,,89.0,90.0,3.0,2.0,2.0,4.0,21.0
8918,RHEA:62008,valid,,106.0,107.0,3.0,2.0,2.0,4.0,21.0
8919,RHEA:62012,valid,,49.0,50.0,3.0,2.0,2.0,4.0,20.0
8920,RHEA:62016,valid,,42.0,43.0,3.0,2.0,2.0,4.0,22.0
8921,RHEA:62032,valid,,22.0,23.0,3.0,2.0,2.0,4.0,17.0
8922,RHEA:62036,valid,,39.0,40.0,3.0,2.0,2.0,4.0,17.0
8923,RHEA:62040,valid,,35.0,35.0,4.0,2.0,3.0,5.0,22.0
8924,RHEA:62044,valid,,38.0,39.0,3.0,2.0,2.0,4.0,18.0
8925,RHEA:62048,valid,,49.0,50.0,3.0,2.0,2.0,4.0,18.0
8926,RHEA:62052,valid,,33.0,34.0,3.0,2.0,2.0,4.0,17.0
8927,RHEA:62056,valid,,134.0,135.0,5.0,4.0,2.0,6.0,31.0
8928,RHEA:62060,zero_fallback,missing_mapping,,,,,,,
8929,RHEA:62064,valid,,59.0,60.0,8.0,7.0,8.0,15.0,46.0
8930,RHEA:62068,valid,,63.0,64.0,8.0,7.0,8.0,15.0,46.0
8931,RHEA:62072,valid,,64.0,65.0,8.0,7.0,8.0,15.0,46.0
8932,RHEA:62076,valid,,60.0,61.0,8.0,7.0,8.0,15.0,46.0
8933,RHEA:62080,valid,,64.0,65.0,8.0,7.0,8.0,15.0,46.0
8934,RHEA:62084,valid,,39.0,40.0,3.0,2.0,2.0,4.0,22.0
8935,RHEA:62088,valid,,64.0,66.0,9.0,7.0,9.0,16.0,52.0
8936,RHEA:62100,valid,,48.0,49.0,3.0,2.0,2.0,4.0,18.0
8937,RHEA:62104,valid,,61.0,63.0,5.0,2.0,3.0,5.0,21.0
8938,RHEA:62108,valid,,62.0,63.0,5.0,2.0,3.0,5.0,24.0
8939,RHEA:62112,valid,,10.0,10.0,4.0,2.0,4.0,6.0,24.0
8940,RHEA:62160,valid,,28.0,28.0,4.0,2.0,3.0,5.0,22.0
8941,RHEA:62164,valid,,27.0,27.0,3.0,2.0,2.0,4.0,17.0
8942,RHEA:62168,valid,,30.0,30.0,3.0,2.0,2.0,4.0,18.0
8943,RHEA:62176,valid,,40.0,42.0,3.0,2.0,2.0,4.0,17.0
8944,RHEA:62180,valid,,31.0,31.0,7.0,6.0,3.0,9.0,44.0
8945,RHEA:62184,valid,,30.0,30.0,6.0,4.0,3.0,7.0,37.0
8946,RHEA:62188,valid,,29.0,29.0,8.0,6.0,4.0,10.0,52.0
8947,RHEA:62192,valid,,55.0,56.0,11.0,7.0,7.0,14.0,57.0
8948,RHEA:62196,valid,,6.0,8.0,4.0,1.0,4.0,5.0,14.0
8949,RHEA:62200,valid,,5.0,7.0,4.0,1.0,4.0,5.0,14.0
8950,RHEA:62204,valid,,6.0,8.0,4.0,1.0,4.0,5.0,16.0
8951,RHEA:62208,valid,,41.0,42.0,11.0,7.0,7.0,14.0,57.0
8952,RHEA:62212,valid,,42.0,43.0,11.0,7.0,7.0,14.0,56.0
8953,RHEA:62216,valid,,59.0,60.0,8.0,7.0,8.0,15.0,47.0
8954,RHEA:62220,valid,,11.0,11.0,8.0,8.0,4.0,12.0,48.0
8955,RHEA:62224,valid,,59.0,59.0,8.0,7.0,8.0,15.0,50.0
8956,RHEA:62228,valid,,12.0,14.0,5.0,3.0,2.0,5.0,21.0
8957,RHEA:62248,valid,,53.0,55.0,8.0,7.0,8.0,15.0,47.0
8958,RHEA:62268,valid,,56.0,57.0,8.0,7.0,8.0,15.0,48.0
8959,RHEA:62272,zero_fallback,missing_mapping,,,,,,,
8960,RHEA:62276,zero_fallback,missing_mapping,,,,,,,
8961,RHEA:62284,valid,,133.0,134.0,21.0,18.0,16.0,34.0,104.0
8962,RHEA:62288,valid,,34.0,34.0,6.0,4.0,3.0,7.0,42.0
8963,RHEA:62296,valid,,133.0,133.0,20.0,12.0,12.0,24.0,50.0
8964,RHEA:62300,valid,,73.0,73.0,12.0,12.0,12.0,24.0,71.0
8965,RHEA:62304,valid,,25.0,25.0,8.0,6.0,3.0,9.0,48.0
8966,RHEA:62308,valid,,79.0,79.0,10.0,6.0,6.0,12.0,50.0
8967,RHEA:62320,valid,,79.0,79.0,10.0,6.0,6.0,12.0,50.0
8968,RHEA:62324,valid,,80.0,80.0,10.0,6.0,6.0,12.0,50.0
8969,RHEA:62328,valid,,80.0,80.0,10.0,6.0,6.0,12.0,50.0
8970,RHEA:62340,valid,,79.0,79.0,10.0,6.0,6.0,12.0,51.0
8971,RHEA:62344,valid,,41.0,41.0,3.0,2.0,2.0,4.0,22.0
8972,RHEA:62348,valid,,82.0,82.0,14.0,14.0,10.0,24.0,75.0
8973,RHEA:62352,valid,,82.0,82.0,14.0,13.0,12.0,25.0,77.0
8974,RHEA:62356,valid,,30.0,31.0,4.0,2.0,3.0,5.0,21.0
8975,RHEA:62372,valid,,103.0,103.0,10.0,9.0,10.0,19.0,57.0
8976,RHEA:62392,valid,,55.0,56.0,8.0,7.0,8.0,15.0,46.0
8977,RHEA:62404,valid,,21.0,21.0,6.0,4.0,4.0,8.0,30.0
8978,RHEA:62408,valid,,52.0,53.0,3.0,2.0,2.0,4.0,19.0
8979,RHEA:62412,valid,,62.0,62.0,3.0,2.0,2.0,4.0,18.0
8980,RHEA:62416,valid,,60.0,60.0,3.0,2.0,2.0,4.0,18.0
8981,RHEA:62424,valid,,61.0,61.0,3.0,2.0,2.0,4.0,18.0
8982,RHEA:62428,valid,,61.0,61.0,3.0,2.0,2.0,4.0,20.0
8983,RHEA:62432,valid,,49.0,50.0,3.0,2.0,2.0,4.0,22.0
8984,RHEA:62444,valid,,21.0,22.0,3.0,2.0,2.0,4.0,22.0
8985,RHEA:62452,valid,,70.0,70.0,7.0,6.0,3.0,9.0,38.0
8986,RHEA:62460,valid,,71.0,71.0,6.0,4.0,3.0,7.0,36.0
8987,RHEA:62464,valid,,46.0,47.0,3.0,2.0,2.0,4.0,18.0
8988,RHEA:62468,valid,,42.0,42.0,5.0,4.0,1.0,5.0,31.0
8989,RHEA:62472,valid,,69.0,69.0,3.0,2.0,2.0,4.0,20.0
8990,RHEA:62476,valid,,62.0,63.0,3.0,2.0,2.0,4.0,22.0
8991,RHEA:62480,valid,,42.0,43.0,3.0,2.0,2.0,4.0,19.0
8992,RHEA:62484,valid,,41.0,42.0,5.0,4.0,2.0,6.0,27.0
8993,RHEA:62488,valid,,45.0,46.0,3.0,2.0,2.0,4.0,19.0
8994,RHEA:62492,valid,,72.0,72.0,6.0,4.0,3.0,7.0,36.0
8995,RHEA:62512,valid,,29.0,29.0,6.0,6.0,2.0,8.0,31.0
8996,RHEA:62516,valid,,71.0,72.0,3.0,2.0,2.0,4.0,22.0
8997,RHEA:62524,valid,,49.0,50.0,3.0,2.0,2.0,4.0,20.0
8998,RHEA:62528,valid,,57.0,57.0,7.0,5.0,7.0,12.0,37.0
8999,RHEA:62532,valid,,56.0,56.0,7.0,5.0,7.0,12.0,37.0
9000,RHEA:62536,valid,,30.0,30.0,7.0,5.0,7.0,12.0,37.0
9001,RHEA:62540,valid,,43.0,43.0,7.0,5.0,7.0,12.0,37.0
9002,RHEA:62544,valid,,33.0,33.0,7.0,5.0,7.0,12.0,37.0
9003,RHEA:62548,valid,,107.0,108.0,4.0,4.0,1.0,5.0,26.0
9004,RHEA:62552,valid,,57.0,58.0,3.0,2.0,2.0,4.0,21.0
9005,RHEA:62556,valid,,12.0,12.0,3.0,2.0,2.0,4.0,19.0
9006,RHEA:62568,valid,,19.0,19.0,3.0,2.0,2.0,4.0,19.0
9007,RHEA:62572,valid,,20.0,20.0,3.0,2.0,2.0,4.0,19.0
9008,RHEA:62576,valid,,46.0,47.0,3.0,2.0,2.0,4.0,18.0
9009,RHEA:62580,valid,,46.0,47.0,3.0,2.0,2.0,4.0,18.0
9010,RHEA:62584,valid,,45.0,46.0,3.0,2.0,2.0,4.0,18.0
9011,RHEA:62588,valid,,12.0,12.0,3.0,2.0,2.0,4.0,19.0
9012,RHEA:62592,valid,,48.0,49.0,6.0,6.0,6.0,12.0,35.0
9013,RHEA:62596,valid,,44.0,45.0,6.0,6.0,6.0,12.0,35.0
9014,RHEA:62600,valid,,24.0,24.0,5.0,4.0,2.0,6.0,28.0
9015,RHEA:62608,valid,,84.0,84.0,10.0,9.0,10.0,19.0,41.0
9016,RHEA:62612,valid,,51.0,52.0,3.0,2.0,2.0,4.0,20.0
9017,RHEA:62616,valid,,105.0,106.0,3.0,2.0,2.0,4.0,21.0
9018,RHEA:62620,valid,,19.0,19.0,4.0,2.0,4.0,6.0,18.0
9019,RHEA:62624,valid,,19.0,19.0,4.0,2.0,4.0,6.0,18.0
9020,RHEA:62628,valid,,47.0,47.0,8.0,7.0,8.0,15.0,45.0
9021,RHEA:62632,valid,,43.0,43.0,4.0,2.0,4.0,6.0,18.0
9022,RHEA:62636,valid,,25.0,25.0,4.0,2.0,4.0,6.0,22.0
9023,RHEA:62640,valid,,19.0,19.0,4.0,2.0,4.0,6.0,18.0
9024,RHEA:62644,valid,,24.0,24.0,5.0,4.0,2.0,6.0,28.0
9025,RHEA:62648,valid,,25.0,25.0,5.0,4.0,2.0,6.0,28.0
9026,RHEA:62652,zero_fallback,missing_mapping,,,,,,,
9027,RHEA:62656,valid,,34.0,34.0,6.0,4.0,3.0,7.0,41.0
9028,RHEA:62660,valid,,25.0,25.0,3.0,2.0,2.0,4.0,20.0
9029,RHEA:62664,valid,,52.0,53.0,3.0,2.0,2.0,4.0,19.0
9030,RHEA:62668,valid,,76.0,76.0,21.0,22.0,17.0,39.0,103.0
9031,RHEA:62672,valid,,52.0,53.0,3.0,2.0,2.0,4.0,20.0
9032,RHEA:62676,valid,,56.0,56.0,8.0,7.0,6.0,13.0,49.0
9033,RHEA:62680,valid,,20.0,21.0,8.0,6.0,6.0,12.0,46.0
9034,RHEA:62684,valid,,46.0,47.0,3.0,2.0,2.0,4.0,19.0
9035,RHEA:62688,valid,,78.0,78.0,6.0,3.0,6.0,9.0,13.0
9036,RHEA:62704,valid,,17.0,17.0,3.0,2.0,2.0,4.0,18.0
9037,RHEA:62708,valid,,51.0,51.0,4.0,4.0,0.0,4.0,26.0
9038,RHEA:62712,valid,,76.0,76.0,9.0,8.0,9.0,17.0,51.0
9039,RHEA:62716,valid,,27.0,27.0,3.0,2.0,2.0,4.0,20.0
9040,RHEA:62720,zero_fallback,missing_mapping,,,,,,,
9041,RHEA:62724,valid,,79.0,79.0,10.0,6.0,6.0,12.0,51.0
9042,RHEA:62728,valid,,80.0,80.0,10.0,6.0,6.0,12.0,51.0
9043,RHEA:62732,valid,,80.0,80.0,10.0,6.0,6.0,12.0,51.0
9044,RHEA:62736,valid,,34.0,34.0,6.0,4.0,3.0,7.0,42.0
9045,RHEA:62744,valid,,29.0,30.0,3.0,2.0,2.0,4.0,18.0
9046,RHEA:62748,valid,,30.0,31.0,3.0,2.0,2.0,4.0,18.0
9047,RHEA:62752,valid,,30.0,31.0,3.0,2.0,2.0,4.0,18.0
9048,RHEA:62768,valid,,41.0,41.0,13.0,5.0,12.0,17.0,22.0
9049,RHEA:62772,valid,,15.0,15.0,0.0,0.0,0.0,0.0,0.0
9050,RHEA:62776,valid,,42.0,42.0,13.0,5.0,12.0,17.0,22.0
9051,RHEA:62780,valid,,41.0,41.0,13.0,5.0,12.0,17.0,22.0
9052,RHEA:62784,valid,,94.0,94.0,10.0,8.0,10.0,18.0,46.0
9053,RHEA:62788,valid,,94.0,94.0,10.0,8.0,10.0,18.0,48.0
9054,RHEA:62792,valid,,92.0,92.0,12.0,8.0,12.0,20.0,53.0
9055,RHEA:62796,valid,,92.0,92.0,10.0,8.0,10.0,18.0,48.0
9056,RHEA:62800,valid,,80.0,80.0,11.0,8.0,11.0,19.0,54.0
9057,RHEA:62804,valid,,80.0,80.0,11.0,8.0,11.0,19.0,55.0
9058,RHEA:62812,valid,,122.0,122.0,6.0,3.0,6.0,9.0,13.0
9059,RHEA:62816,valid,,126.0,126.0,11.0,12.0,6.0,18.0,34.0
9060,RHEA:62820,valid,,39.0,39.0,5.0,2.0,5.0,7.0,19.0
9061,RHEA:62824,valid,,64.0,65.0,3.0,2.0,2.0,4.0,21.0
9062,RHEA:62836,valid,,84.0,85.0,3.0,2.0,2.0,4.0,21.0
9063,RHEA:62844,valid,,64.0,65.0,3.0,2.0,2.0,4.0,21.0
9064,RHEA:62860,zero_fallback,missing_mapping,,,,,,,
9065,RHEA:62864,valid,,49.0,50.0,3.0,2.0,2.0,4.0,19.0
9066,RHEA:62868,valid,,73.0,73.0,10.0,10.0,7.0,17.0,55.0
9067,RHEA:62872,valid,,73.0,73.0,10.0,10.0,7.0,17.0,55.0
9068,RHEA:62876,valid,,25.0,25.0,6.0,5.0,4.0,9.0,37.0
9069,RHEA:62880,valid,,24.0,24.0,6.0,5.0,4.0,9.0,37.0
9070,RHEA:62884,valid,,98.0,98.0,6.0,3.0,6.0,9.0,13.0
9071,RHEA:62888,valid,,61.0,62.0,9.0,8.0,2.0,10.0,37.0
9072,RHEA:62892,zero_fallback,missing_mapping,,,,,,,
9073,RHEA:62896,valid,,74.0,75.0,3.0,2.0,2.0,4.0,21.0
9074,RHEA:62900,valid,,74.0,75.0,3.0,2.0,2.0,4.0,21.0
9075,RHEA:62904,valid,,85.0,86.0,3.0,2.0,2.0,4.0,21.0
9076,RHEA:62908,valid,,46.0,47.0,3.0,2.0,2.0,4.0,19.0
9077,RHEA:62912,valid,,66.0,66.0,15.0,16.0,11.0,27.0,76.0
9078,RHEA:62916,valid,,87.0,90.0,7.0,6.0,4.0,10.0,19.0
9079,RHEA:62932,valid,,21.0,22.0,3.0,2.0,2.0,4.0,18.0
9080,RHEA:62936,valid,,20.0,21.0,3.0,2.0,2.0,4.0,18.0
9081,RHEA:62940,valid,,12.0,13.0,3.0,2.0,2.0,4.0,18.0
9082,RHEA:62960,valid,,28.0,28.0,0.0,0.0,0.0,0.0,0.0
9083,RHEA:62964,valid,,64.0,65.0,3.0,2.0,2.0,4.0,21.0
9084,RHEA:62968,valid,,54.0,55.0,8.0,7.0,8.0,15.0,48.0
9085,RHEA:62972,valid,,51.0,51.0,3.0,1.0,2.0,3.0,18.0
9086,RHEA:62976,valid,,21.0,21.0,3.0,2.0,2.0,4.0,16.0
9087,RHEA:62984,valid,,19.0,19.0,3.0,2.0,2.0,4.0,16.0
9088,RHEA:62992,valid,,17.0,17.0,3.0,2.0,2.0,4.0,16.0
9089,RHEA:62996,valid,,23.0,23.0,3.0,2.0,2.0,4.0,16.0
9090,RHEA:63000,valid,,23.0,23.0,3.0,2.0,2.0,4.0,16.0
9091,RHEA:63004,valid,,23.0,23.0,3.0,2.0,2.0,4.0,16.0
9092,RHEA:63008,valid,,21.0,21.0,3.0,2.0,2.0,4.0,16.0
9093,RHEA:63012,valid,,36.0,36.0,4.0,2.0,3.0,5.0,29.0
9094,RHEA:63016,valid,,23.0,23.0,3.0,2.0,2.0,4.0,16.0
9095,RHEA:63020,valid,,21.0,21.0,3.0,2.0,2.0,4.0,16.0
9096,RHEA:63028,valid,,27.0,27.0,3.0,2.0,2.0,4.0,16.0
9097,RHEA:63052,valid,,24.0,25.0,3.0,2.0,2.0,4.0,17.0
9098,RHEA:63056,zero_fallback,missing_mapping,,,,,,,
9099,RHEA:63060,valid,,92.0,92.0,11.0,9.0,9.0,18.0,66.0
9100,RHEA:63064,zero_fallback,missing_mapping,,,,,,,
9101,RHEA:63068,valid,,51.0,51.0,3.0,1.0,2.0,3.0,18.0
9102,RHEA:63072,zero_fallback,missing_mapping,,,,,,,
9103,RHEA:63076,zero_fallback,missing_mapping,,,,,,,
9104,RHEA:63080,valid,,59.0,59.0,5.0,3.0,3.0,6.0,31.0
9105,RHEA:63084,zero_fallback,ValueError:RDKit could not parse mapped reaction,,,,,,,
9106,RHEA:63088,valid,,42.0,43.0,3.0,2.0,2.0,4.0,19.0
9107,RHEA:63092,valid,,50.0,49.0,7.0,6.0,7.0,13.0,39.0
9108,RHEA:63096,valid,,28.0,28.0,6.0,6.0,4.0,10.0,39.0
9109,RHEA:63100,valid,,50.0,49.0,7.0,6.0,7.0,13.0,39.0
9110,RHEA:63104,valid,,50.0,49.0,7.0,6.0,7.0,13.0,39.0
9111,RHEA:63108,valid,,29.0,29.0,4.0,2.0,3.0,5.0,27.0
9112,RHEA:63112,valid,,30.0,32.0,5.0,3.0,2.0,5.0,19.0
9113,RHEA:63116,valid,,4.0,4.0,4.0,4.0,2.0,6.0,21.0
9114,RHEA:63120,valid,,23.0,23.0,3.0,2.0,2.0,4.0,16.0
9115,RHEA:63124,valid,,24.0,24.0,3.0,2.0,2.0,4.0,19.0
9116,RHEA:63128,valid,,28.0,28.0,3.0,2.0,2.0,4.0,19.0
9117,RHEA:63132,valid,,119.0,120.0,5.0,4.0,4.0,8.0,34.0
9118,RHEA:63136,zero_fallback,missing_mapping,,,,,,,
9119,RHEA:63140,valid,,33.0,33.0,3.0,2.0,2.0,4.0,19.0
9120,RHEA:63144,valid,,30.0,30.0,3.0,2.0,2.0,4.0,19.0
9121,RHEA:63148,valid,,27.0,27.0,3.0,2.0,2.0,4.0,19.0
9122,RHEA:63156,valid,,31.0,31.0,3.0,2.0,2.0,4.0,19.0
9123,RHEA:63160,valid,,33.0,33.0,3.0,2.0,2.0,4.0,19.0
9124,RHEA:63164,valid,,32.0,32.0,3.0,2.0,2.0,4.0,19.0
9125,RHEA:63172,valid,,77.0,77.0,0.0,0.0,0.0,0.0,0.0
9126,RHEA:63176,valid,,62.0,62.0,0.0,0.0,0.0,0.0,0.0
9127,RHEA:63180,valid,,52.0,53.0,10.0,8.0,8.0,16.0,42.0
9128,RHEA:63188,valid,,21.0,21.0,3.0,2.0,3.0,5.0,20.0
9129,RHEA:63192,valid,,13.0,15.0,7.0,4.0,5.0,9.0,32.0
9130,RHEA:63196,valid,,68.0,68.0,8.0,7.0,8.0,15.0,46.0
9131,RHEA:63200,valid,,68.0,68.0,8.0,7.0,8.0,15.0,46.0
9132,RHEA:63204,valid,,49.0,50.0,3.0,2.0,2.0,4.0,19.0
9133,RHEA:63216,valid,,37.0,37.0,3.0,2.0,2.0,4.0,20.0
9134,RHEA:63220,valid,,64.0,66.0,5.0,3.0,5.0,8.0,36.0
9135,RHEA:63224,valid,,29.0,29.0,5.0,4.0,2.0,6.0,27.0
9136,RHEA:63228,valid,,54.0,54.0,4.0,2.0,3.0,5.0,29.0
9137,RHEA:63232,valid,,101.0,101.0,8.0,7.0,8.0,15.0,47.0
9138,RHEA:63236,valid,,71.0,71.0,4.0,2.0,3.0,5.0,29.0
9139,RHEA:63256,valid,,55.0,56.0,3.0,2.0,2.0,4.0,18.0
9140,RHEA:63260,valid,,57.0,57.0,8.0,7.0,8.0,15.0,48.0
9141,RHEA:63264,valid,,58.0,58.0,5.0,4.0,2.0,6.0,28.0
9142,RHEA:63268,valid,,55.0,55.0,5.0,4.0,2.0,6.0,28.0
9143,RHEA:63272,valid,,63.0,63.0,5.0,4.0,2.0,6.0,28.0
9144,RHEA:63276,valid,,47.0,47.0,5.0,4.0,2.0,6.0,28.0
9145,RHEA:63280,valid,,47.0,47.0,5.0,4.0,2.0,6.0,28.0
9146,RHEA:63288,valid,,24.0,24.0,5.0,4.0,2.0,6.0,27.0
9147,RHEA:63292,valid,,50.0,51.0,3.0,2.0,2.0,4.0,22.0
9148,RHEA:63296,valid,,50.0,51.0,3.0,2.0,2.0,4.0,22.0
9149,RHEA:63300,valid,,50.0,51.0,3.0,2.0,2.0,4.0,22.0
9150,RHEA:63304,valid,,45.0,46.0,3.0,2.0,2.0,4.0,18.0
9151,RHEA:63308,valid,,24.0,24.0,5.0,4.0,2.0,6.0,27.0
9152,RHEA:63312,valid,,24.0,24.0,5.0,4.0,2.0,6.0,28.0
9153,RHEA:63324,valid,,71.0,72.0,3.0,2.0,2.0,4.0,22.0
9154,RHEA:63328,valid,,56.0,57.0,3.0,2.0,2.0,4.0,22.0
9155,RHEA:63368,valid,,46.0,47.0,3.0,2.0,2.0,4.0,18.0
9156,RHEA:63376,valid,,38.0,39.0,11.0,7.0,7.0,14.0,57.0
9157,RHEA:63380,valid,,21.0,22.0,3.0,2.0,2.0,4.0,19.0
9158,RHEA:63384,valid,,38.0,39.0,3.0,2.0,2.0,4.0,19.0
9159,RHEA:63388,zero_fallback,missing_mapping,,,,,,,
9160,RHEA:63412,valid,,65.0,66.0,19.0,17.0,13.0,30.0,79.0
9161,RHEA:63420,valid,,36.0,36.0,6.0,6.0,0.0,6.0,30.0
9162,RHEA:63424,valid,,42.0,42.0,5.0,4.0,1.0,5.0,27.0
9163,RHEA:63428,valid,,43.0,44.0,5.0,4.0,2.0,6.0,33.0
9164,RHEA:63432,valid,,28.0,32.0,8.0,5.0,1.0,6.0,25.0
9165,RHEA:63436,valid,,30.0,34.0,8.0,5.0,1.0,6.0,25.0
9166,RHEA:63440,valid,,43.0,43.0,5.0,4.0,1.0,5.0,27.0
9167,RHEA:63444,valid,,59.0,60.0,3.0,2.0,2.0,4.0,22.0
9168,RHEA:63476,valid,,73.0,74.0,8.0,7.0,8.0,15.0,48.0
9169,RHEA:63480,valid,,73.0,74.0,8.0,7.0,8.0,15.0,48.0
9170,RHEA:63484,valid,,21.0,21.0,6.0,6.0,2.0,8.0,31.0
9171,RHEA:63492,valid,,61.0,61.0,14.0,13.0,12.0,25.0,62.0
9172,RHEA:63500,valid,,70.0,70.0,9.0,8.0,7.0,15.0,53.0
9173,RHEA:63504,valid,,86.0,86.0,8.0,7.0,8.0,15.0,47.0
9174,RHEA:63508,valid,,7.0,7.0,3.0,2.0,2.0,4.0,17.0
9175,RHEA:63532,valid,,94.0,94.0,3.0,2.0,2.0,4.0,19.0
9176,RHEA:63536,valid,,66.0,66.0,3.0,2.0,2.0,4.0,19.0
9177,RHEA:63540,valid,,120.0,120.0,3.0,2.0,2.0,4.0,19.0
9178,RHEA:63544,valid,,85.0,85.0,3.0,2.0,2.0,4.0,19.0
9179,RHEA:63556,valid,,115.0,115.0,3.0,2.0,2.0,4.0,19.0
9180,RHEA:63560,valid,,94.0,94.0,3.0,2.0,2.0,4.0,19.0
9181,RHEA:63564,valid,,110.0,110.0,3.0,2.0,2.0,4.0,19.0
9182,RHEA:63568,valid,,63.0,63.0,3.0,2.0,2.0,4.0,19.0
9183,RHEA:63572,valid,,74.0,74.0,3.0,2.0,2.0,4.0,19.0
9184,RHEA:63576,valid,,38.0,38.0,4.0,2.0,3.0,5.0,22.0
9185,RHEA:63580,valid,,39.0,39.0,4.0,2.0,3.0,5.0,22.0
9186,RHEA:63584,valid,,37.0,37.0,4.0,2.0,3.0,5.0,22.0
9187,RHEA:63588,valid,,58.0,58.0,4.0,2.0,3.0,5.0,29.0
9188,RHEA:63592,valid,,100.0,101.0,3.0,2.0,2.0,4.0,21.0
9189,RHEA:63600,valid,,52.0,52.0,3.0,2.0,2.0,4.0,19.0
9190,RHEA:63604,valid,,109.0,109.0,3.0,2.0,2.0,4.0,19.0
9191,RHEA:63608,zero_fallback,missing_mapping,,,,,,,
9192,RHEA:63612,valid,,58.0,58.0,3.0,2.0,2.0,4.0,22.0
9193,RHEA:63620,valid,,74.0,74.0,7.0,6.0,3.0,9.0,38.0
9194,RHEA:63624,valid,,69.0,70.0,3.0,2.0,2.0,4.0,22.0
9195,RHEA:63628,valid,,78.0,78.0,7.0,6.0,3.0,9.0,38.0
9196,RHEA:63632,valid,,55.0,56.0,3.0,2.0,2.0,4.0,22.0
9197,RHEA:63636,valid,,55.0,56.0,3.0,2.0,2.0,4.0,22.0
9198,RHEA:63640,valid,,67.0,67.0,10.0,8.0,4.0,12.0,49.0
9199,RHEA:63644,valid,,46.0,47.0,3.0,2.0,2.0,4.0,22.0
9200,RHEA:63648,valid,,75.0,75.0,6.0,2.0,6.0,8.0,18.0
9201,RHEA:63652,valid,,75.0,75.0,6.0,2.0,6.0,8.0,18.0
9202,RHEA:63656,valid,,65.0,65.0,4.0,4.0,0.0,4.0,24.0
9203,RHEA:63660,valid,,27.0,29.0,6.0,6.0,4.0,10.0,38.0
9204,RHEA:63664,valid,,72.0,72.0,9.0,8.0,9.0,17.0,55.0
9205,RHEA:63668,valid,,75.0,78.0,11.0,11.0,9.0,20.0,66.0
9206,RHEA:63672,valid,,68.0,68.0,9.0,8.0,9.0,17.0,55.0
9207,RHEA:63676,valid,,71.0,74.0,11.0,11.0,9.0,20.0,66.0
9208,RHEA:63684,valid,,47.0,48.0,6.0,4.0,3.0,7.0,35.0
9209,RHEA:63696,valid,,66.0,67.0,3.0,2.0,2.0,4.0,22.0
9210,RHEA:63700,valid,,60.0,60.0,4.0,4.0,0.0,4.0,26.0
9211,RHEA:63704,valid,,60.0,61.0,3.0,2.0,2.0,4.0,22.0
9212,RHEA:63720,valid,,67.0,67.0,4.0,2.0,2.0,4.0,28.0
9213,RHEA:63724,valid,,70.0,70.0,4.0,4.0,0.0,4.0,26.0
9214,RHEA:63728,valid,,70.0,70.0,4.0,2.0,2.0,4.0,28.0
9215,RHEA:63732,valid,,72.0,72.0,3.0,2.0,2.0,4.0,22.0
9216,RHEA:63736,valid,,57.0,57.0,8.0,7.0,8.0,15.0,48.0
9217,RHEA:63740,valid,,53.0,53.0,8.0,7.0,8.0,15.0,48.0
9218,RHEA:63744,valid,,72.0,72.0,3.0,2.0,2.0,4.0,22.0
9219,RHEA:63748,valid,,72.0,72.0,4.0,2.0,2.0,4.0,28.0
9220,RHEA:63752,valid,,60.0,62.0,4.0,2.0,3.0,5.0,28.0
9221,RHEA:63756,valid,,59.0,61.0,4.0,2.0,3.0,5.0,28.0
9222,RHEA:63760,valid,,62.0,62.0,3.0,2.0,2.0,4.0,20.0
9223,RHEA:63764,valid,,63.0,63.0,3.0,2.0,2.0,4.0,20.0
9224,RHEA:63768,valid,,60.0,60.0,5.0,4.0,2.0,6.0,32.0
9225,RHEA:63772,valid,,49.0,49.0,3.0,2.0,2.0,4.0,20.0
9226,RHEA:63776,valid,,85.0,85.0,8.0,8.0,0.0,8.0,28.0
9227,RHEA:63780,valid,,70.0,70.0,3.0,2.0,2.0,4.0,20.0
9228,RHEA:63784,valid,,68.0,68.0,4.0,4.0,0.0,4.0,22.0
9229,RHEA:63788,valid,,86.0,86.0,10.0,10.0,0.0,10.0,32.0
9230,RHEA:63792,valid,,26.0,26.0,3.0,2.0,2.0,4.0,19.0
9231,RHEA:63796,valid,,17.0,17.0,3.0,2.0,2.0,4.0,19.0
9232,RHEA:63800,valid,,39.0,39.0,0.0,0.0,0.0,0.0,0.0
9233,RHEA:63804,valid,,39.0,39.0,0.0,0.0,0.0,0.0,0.0
9234,RHEA:63808,valid,,54.0,55.0,12.0,10.0,5.0,15.0,65.0
9235,RHEA:63812,valid,,63.0,64.0,6.0,4.0,3.0,7.0,37.0
9236,RHEA:63816,valid,,73.0,74.0,12.0,10.0,5.0,15.0,65.0
9237,RHEA:63820,valid,,80.0,81.0,12.0,12.0,2.0,14.0,50.0
9238,RHEA:63824,valid,,23.0,23.0,7.0,4.0,3.0,7.0,35.0
9239,RHEA:63828,valid,,17.0,17.0,4.0,4.0,2.0,6.0,26.0
9240,RHEA:63832,valid,,70.0,71.0,3.0,2.0,2.0,4.0,22.0
9241,RHEA:63836,valid,,20.0,20.0,3.0,2.0,2.0,4.0,17.0
9242,RHEA:63848,valid,,40.0,40.0,6.0,3.0,6.0,9.0,20.0
9243,RHEA:63852,valid,,16.0,16.0,3.0,2.0,2.0,4.0,17.0
9244,RHEA:63856,valid,,18.0,18.0,3.0,2.0,2.0,4.0,17.0
9245,RHEA:63860,valid,,22.0,22.0,3.0,2.0,2.0,4.0,17.0
9246,RHEA:63864,valid,,22.0,22.0,3.0,2.0,2.0,4.0,17.0
9247,RHEA:63868,valid,,22.0,22.0,3.0,2.0,2.0,4.0,17.0
9248,RHEA:63872,valid,,21.0,21.0,6.0,6.0,2.0,8.0,31.0
9249,RHEA:63876,valid,,22.0,22.0,6.0,6.0,2.0,8.0,31.0
9250,RHEA:63892,valid,,47.0,48.0,5.0,4.0,2.0,6.0,25.0
9251,RHEA:63900,valid,,26.0,26.0,7.0,6.0,3.0,9.0,35.0
9252,RHEA:63904,valid,,24.0,24.0,7.0,6.0,2.0,8.0,33.0
9253,RHEA:63908,valid,,62.0,63.0,4.0,2.0,3.0,5.0,21.0
9254,RHEA:63928,valid,,28.0,28.0,6.0,2.0,6.0,8.0,16.0
9255,RHEA:63940,valid,,32.0,32.0,6.0,2.0,6.0,8.0,16.0
9256,RHEA:63968,valid,,26.0,26.0,7.0,4.0,5.0,9.0,26.0
9257,RHEA:63972,valid,,19.0,21.0,5.0,3.0,2.0,5.0,19.0
9258,RHEA:63976,valid,,19.0,21.0,5.0,3.0,2.0,5.0,19.0
9259,RHEA:63996,valid,,47.0,48.0,3.0,2.0,2.0,4.0,18.0
9260,RHEA:64000,valid,,89.0,90.0,3.0,2.0,2.0,4.0,22.0
9261,RHEA:64008,valid,,87.0,88.0,3.0,2.0,2.0,4.0,22.0
9262,RHEA:64012,zero_fallback,missing_mapping,,,,,,,
9263,RHEA:64016,valid,,71.0,72.0,3.0,2.0,2.0,4.0,21.0
9264,RHEA:64020,valid,,40.0,41.0,3.0,2.0,2.0,4.0,22.0
9265,RHEA:64024,valid,,70.0,71.0,3.0,2.0,2.0,4.0,22.0
9266,RHEA:64028,valid,,61.0,62.0,3.0,2.0,2.0,4.0,22.0
9267,RHEA:64032,valid,,69.0,70.0,3.0,2.0,2.0,4.0,21.0
9268,RHEA:64072,zero_fallback,missing_mapping,,,,,,,
9269,RHEA:64076,valid,,104.0,104.0,9.0,8.0,9.0,17.0,51.0
9270,RHEA:64080,valid,,56.0,57.0,3.0,2.0,2.0,4.0,19.0
9271,RHEA:64088,zero_fallback,missing_mapping,,,,,,,
9272,RHEA:64092,valid,,107.0,107.0,9.0,8.0,9.0,17.0,51.0
9273,RHEA:64096,valid,,58.0,59.0,5.0,4.0,3.0,7.0,32.0
9274,RHEA:64100,valid,,56.0,57.0,3.0,2.0,2.0,4.0,19.0
9275,RHEA:64108,valid,,27.0,27.0,3.0,2.0,2.0,4.0,19.0
9276,RHEA:64116,valid,,29.0,29.0,3.0,2.0,2.0,4.0,19.0
9277,RHEA:64124,valid,,30.0,30.0,3.0,2.0,2.0,4.0,19.0
9278,RHEA:64128,valid,,32.0,32.0,3.0,2.0,2.0,4.0,19.0
9279,RHEA:64132,valid,,36.0,36.0,3.0,2.0,2.0,4.0,19.0
9280,RHEA:64136,valid,,29.0,29.0,3.0,2.0,2.0,4.0,19.0
9281,RHEA:64144,valid,,29.0,29.0,3.0,2.0,2.0,4.0,19.0
9282,RHEA:64172,valid,,14.0,14.0,0.0,0.0,0.0,0.0,0.0
9283,RHEA:64176,valid,,35.0,35.0,3.0,2.0,2.0,4.0,19.0
9284,RHEA:64184,valid,,33.0,33.0,3.0,2.0,2.0,4.0,19.0
9285,RHEA:64192,valid,,30.0,30.0,3.0,2.0,2.0,4.0,19.0
9286,RHEA:64204,valid,,100.0,100.0,3.0,2.0,2.0,4.0,20.0
9287,RHEA:64224,valid,,25.0,25.0,3.0,2.0,3.0,5.0,16.0
9288,RHEA:64228,valid,,98.0,98.0,3.0,2.0,2.0,4.0,20.0
9289,RHEA:64232,zero_fallback,missing_mapping,,,,,,,
9290,RHEA:64236,valid,,52.0,53.0,3.0,2.0,2.0,4.0,19.0
9291,RHEA:64240,valid,,62.0,63.0,3.0,2.0,2.0,4.0,22.0
9292,RHEA:64244,valid,,56.0,57.0,3.0,2.0,2.0,4.0,22.0
9293,RHEA:64248,valid,,64.0,65.0,3.0,2.0,2.0,4.0,22.0
9294,RHEA:64252,valid,,68.0,69.0,3.0,2.0,2.0,4.0,22.0
9295,RHEA:64256,valid,,66.0,67.0,3.0,2.0,2.0,4.0,22.0
9296,RHEA:64260,valid,,72.0,73.0,3.0,2.0,2.0,4.0,22.0
9297,RHEA:64264,valid,,23.0,23.0,3.0,2.0,2.0,4.0,19.0
9298,RHEA:64268,valid,,21.0,22.0,4.0,2.0,3.0,5.0,22.0
9299,RHEA:64272,valid,,14.0,14.0,4.0,4.0,2.0,6.0,26.0
9300,RHEA:64280,valid,,15.0,15.0,4.0,4.0,0.0,4.0,22.0
9301,RHEA:64284,valid,,15.0,15.0,4.0,4.0,2.0,6.0,26.0
9302,RHEA:64288,valid,,73.0,74.0,12.0,7.0,8.0,15.0,55.0
9303,RHEA:64292,valid,,68.0,68.0,8.0,7.0,8.0,15.0,48.0
9304,RHEA:64296,valid,,73.0,73.0,8.0,7.0,8.0,15.0,48.0
9305,RHEA:64300,valid,,16.0,16.0,4.0,4.0,2.0,6.0,26.0
9306,RHEA:64304,valid,,16.0,16.0,4.0,4.0,2.0,6.0,26.0
9307,RHEA:64308,valid,,13.0,13.0,4.0,4.0,0.0,4.0,22.0
9308,RHEA:64312,valid,,136.0,137.0,30.0,22.0,17.0,39.0,80.0
9309,RHEA:64316,valid,,54.0,54.0,18.0,17.0,18.0,35.0,50.0
9310,RHEA:64320,valid,,93.0,93.0,3.0,2.0,2.0,4.0,20.0
9311,RHEA:64324,valid,,95.0,95.0,3.0,2.0,2.0,4.0,20.0
9312,RHEA:64328,valid,,95.0,95.0,3.0,2.0,2.0,4.0,20.0
9313,RHEA:64332,valid,,88.0,88.0,6.0,4.0,3.0,7.0,36.0
9314,RHEA:64336,valid,,51.0,51.0,3.0,2.0,2.0,4.0,20.0
9315,RHEA:64340,valid,,38.0,38.0,4.0,2.0,3.0,5.0,29.0
9316,RHEA:64344,valid,,50.0,49.0,7.0,6.0,7.0,13.0,39.0
9317,RHEA:64348,valid,,30.0,30.0,7.0,6.0,2.0,8.0,38.0
9318,RHEA:64352,zero_fallback,missing_mapping,,,,,,,
9319,RHEA:64356,valid,,72.0,73.0,13.0,7.0,9.0,16.0,64.0
9320,RHEA:64360,valid,,73.0,73.0,12.0,7.0,8.0,15.0,57.0
9321,RHEA:64364,valid,,26.0,26.0,3.0,2.0,2.0,4.0,18.0
9322,RHEA:64368,valid,,58.0,74.0,40.0,24.0,16.0,40.0,29.0
9323,RHEA:64372,valid,,76.0,76.0,20.0,20.0,4.0,24.0,54.0
9324,RHEA:64376,valid,,59.0,75.0,40.0,24.0,16.0,40.0,29.0
9325,RHEA:64380,valid,,32.0,38.0,15.0,9.0,6.0,15.0,27.0
9326,RHEA:64384,valid,,50.0,50.0,7.0,6.0,2.0,8.0,28.0
9327,RHEA:64388,valid,,34.0,42.0,20.0,12.0,8.0,20.0,29.0
9328,RHEA:64416,valid,,58.0,59.0,8.0,7.0,8.0,15.0,46.0
9329,RHEA:64444,valid,,65.0,67.0,5.0,4.0,3.0,7.0,20.0
9330,RHEA:64448,valid,,65.0,67.0,5.0,4.0,3.0,7.0,20.0
9331,RHEA:64452,valid,,65.0,67.0,5.0,4.0,3.0,7.0,20.0
9332,RHEA:64456,valid,,92.0,95.0,7.0,6.0,4.0,10.0,19.0
9333,RHEA:64476,valid,,36.0,36.0,6.0,6.0,0.0,6.0,30.0
9334,RHEA:64480,valid,,36.0,36.0,6.0,6.0,0.0,6.0,35.0
9335,RHEA:64484,zero_fallback,missing_mapping,,,,,,,
9336,RHEA:64488,zero_fallback,missing_mapping,,,,,,,
9337,RHEA:64492,valid,,50.0,50.0,14.0,15.0,14.0,29.0,55.0
9338,RHEA:64496,valid,,47.0,47.0,14.0,15.0,14.0,29.0,55.0
9339,RHEA:64500,zero_fallback,missing_mapping,,,,,,,
9340,RHEA:64504,zero_fallback,missing_mapping,,,,,,,
9341,RHEA:64508,zero_fallback,missing_mapping,,,,,,,
9342,RHEA:64512,zero_fallback,missing_mapping,,,,,,,
9343,RHEA:64516,valid,,51.0,52.0,8.0,7.0,8.0,15.0,48.0
9344,RHEA:64520,zero_fallback,missing_mapping,,,,,,,
9345,RHEA:64524,zero_fallback,missing_mapping,,,,,,,
9346,RHEA:64528,zero_fallback,missing_mapping,,,,,,,
9347,RHEA:64536,valid,,41.0,41.0,4.0,4.0,0.0,4.0,22.0
9348,RHEA:64540,valid,,67.0,67.0,3.0,2.0,2.0,4.0,22.0
9349,RHEA:64544,zero_fallback,missing_mapping,,,,,,,
9350,RHEA:64548,valid,,61.0,62.0,5.0,4.0,3.0,7.0,33.0
9351,RHEA:64552,valid,,65.0,65.0,19.0,16.0,14.0,30.0,96.0
9352,RHEA:64556,valid,,32.0,32.0,6.0,6.0,0.0,6.0,30.0
9353,RHEA:64560,valid,,49.0,50.0,8.0,7.0,8.0,15.0,48.0
9354,RHEA:64564,valid,,32.0,32.0,0.0,0.0,0.0,0.0,0.0
9355,RHEA:64568,valid,,32.0,32.0,6.0,6.0,0.0,6.0,30.0
9356,RHEA:64572,valid,,33.0,33.0,7.0,4.0,5.0,9.0,46.0
9357,RHEA:64580,valid,,38.0,38.0,8.0,6.0,3.0,9.0,46.0
9358,RHEA:64596,valid,,68.0,69.0,4.0,4.0,1.0,5.0,27.0
9359,RHEA:64604,valid,,37.0,37.0,4.0,2.0,3.0,5.0,29.0
9360,RHEA:64608,valid,,38.0,38.0,4.0,2.0,3.0,5.0,29.0
9361,RHEA:64616,valid,,64.0,64.0,3.0,2.0,2.0,4.0,20.0
9362,RHEA:64620,valid,,66.0,66.0,3.0,2.0,2.0,4.0,20.0
9363,RHEA:64624,valid,,62.0,62.0,3.0,2.0,2.0,4.0,20.0
9364,RHEA:64628,valid,,60.0,60.0,3.0,2.0,2.0,4.0,20.0
9365,RHEA:64632,valid,,56.0,56.0,3.0,2.0,2.0,4.0,20.0
9366,RHEA:64636,valid,,61.0,61.0,3.0,2.0,2.0,4.0,20.0
9367,RHEA:64640,valid,,44.0,44.0,3.0,2.0,2.0,4.0,18.0
9368,RHEA:64644,valid,,57.0,57.0,3.0,2.0,2.0,4.0,20.0
9369,RHEA:64648,valid,,109.0,110.0,8.0,7.0,8.0,15.0,50.0
9370,RHEA:64652,valid,,107.0,108.0,8.0,7.0,8.0,15.0,50.0
9371,RHEA:64656,valid,,111.0,112.0,8.0,7.0,8.0,15.0,50.0
9372,RHEA:64660,valid,,64.0,64.0,6.0,4.0,3.0,7.0,35.0
9373,RHEA:64668,valid,,26.0,26.0,5.0,4.0,2.0,6.0,27.0
9374,RHEA:64672,valid,,58.0,58.0,3.0,2.0,2.0,4.0,20.0
9375,RHEA:64676,valid,,59.0,59.0,3.0,2.0,2.0,4.0,20.0
9376,RHEA:64680,valid,,59.0,59.0,3.0,2.0,2.0,4.0,20.0
9377,RHEA:64684,valid,,45.0,46.0,3.0,2.0,2.0,4.0,21.0
9378,RHEA:64688,valid,,48.0,49.0,3.0,2.0,2.0,4.0,21.0
9379,RHEA:64692,valid,,49.0,50.0,8.0,7.0,8.0,15.0,48.0
9380,RHEA:64696,valid,,52.0,53.0,8.0,7.0,8.0,15.0,48.0
9381,RHEA:64724,valid,,28.0,28.0,5.0,4.0,2.0,6.0,27.0
9382,RHEA:64728,valid,,28.0,28.0,5.0,4.0,2.0,6.0,27.0
9383,RHEA:64732,valid,,26.0,26.0,5.0,4.0,2.0,6.0,27.0
9384,RHEA:64736,valid,,59.0,60.0,8.0,7.0,8.0,15.0,47.0
9385,RHEA:64740,valid,,16.0,16.0,5.0,3.0,5.0,8.0,30.0
9386,RHEA:64744,valid,,15.0,15.0,5.0,3.0,5.0,8.0,30.0
9387,RHEA:64748,valid,,14.0,14.0,5.0,3.0,5.0,8.0,30.0
9388,RHEA:64752,valid,,14.0,14.0,5.0,3.0,5.0,8.0,30.0
9389,RHEA:64756,valid,,15.0,15.0,5.0,3.0,5.0,8.0,30.0
9390,RHEA:64760,valid,,10.0,10.0,5.0,3.0,5.0,8.0,30.0
9391,RHEA:64788,valid,,90.0,90.0,6.0,4.0,3.0,7.0,36.0
9392,RHEA:64804,valid,,61.0,62.0,3.0,2.0,2.0,4.0,22.0
9393,RHEA:64808,valid,,61.0,62.0,3.0,2.0,2.0,4.0,22.0
9394,RHEA:64812,valid,,62.0,63.0,3.0,2.0,2.0,4.0,22.0
9395,RHEA:64820,valid,,11.0,11.0,3.0,2.0,2.0,4.0,16.0
9396,RHEA:64824,valid,,15.0,15.0,3.0,2.0,2.0,4.0,16.0
9397,RHEA:64828,valid,,60.0,60.0,3.0,2.0,2.0,4.0,20.0
9398,RHEA:64832,valid,,65.0,65.0,3.0,2.0,2.0,4.0,20.0
9399,RHEA:64840,valid,,65.0,65.0,3.0,2.0,2.0,4.0,20.0
9400,RHEA:64844,valid,,67.0,67.0,3.0,2.0,2.0,4.0,20.0
9401,RHEA:64848,valid,,63.0,63.0,3.0,2.0,2.0,4.0,20.0
9402,RHEA:64852,valid,,65.0,65.0,3.0,2.0,2.0,4.0,20.0
9403,RHEA:64856,valid,,28.0,33.0,29.0,38.0,16.0,54.0,99.0
9404,RHEA:64860,valid,,89.0,90.0,3.0,2.0,2.0,4.0,19.0
9405,RHEA:64876,valid,,26.0,27.0,4.0,2.0,3.0,5.0,21.0
9406,RHEA:64880,valid,,26.0,27.0,4.0,2.0,3.0,5.0,21.0
9407,RHEA:64888,valid,,76.0,76.0,6.0,4.0,3.0,7.0,36.0
9408,RHEA:64892,valid,,67.0,68.0,3.0,2.0,2.0,4.0,22.0
9409,RHEA:64900,valid,,30.0,31.0,3.0,2.0,2.0,4.0,18.0
9410,RHEA:64980,valid,,56.0,57.0,12.0,9.0,5.0,14.0,57.0
9411,RHEA:64988,valid,,49.0,51.0,3.0,2.0,2.0,4.0,17.0
9412,RHEA:64992,valid,,52.0,54.0,3.0,2.0,2.0,4.0,17.0
9413,RHEA:64996,valid,,41.0,41.0,5.0,4.0,1.0,5.0,31.0
9414,RHEA:65000,valid,,61.0,62.0,3.0,2.0,2.0,4.0,22.0
9415,RHEA:65004,valid,,72.0,72.0,7.0,6.0,3.0,9.0,38.0
9416,RHEA:65008,valid,,43.0,43.0,5.0,4.0,1.0,5.0,31.0
9417,RHEA:65012,valid,,63.0,64.0,3.0,2.0,2.0,4.0,22.0
9418,RHEA:65024,valid,,77.0,78.0,8.0,7.0,8.0,15.0,46.0
9419,RHEA:65032,valid,,78.0,78.0,42.0,42.0,34.0,76.0,62.0
9420,RHEA:65036,valid,,81.0,81.0,8.0,8.0,2.0,10.0,34.0
9421,RHEA:65040,valid,,111.0,130.0,33.0,31.0,2.0,33.0,83.0
9422,RHEA:65044,valid,,54.0,55.0,8.0,7.0,8.0,15.0,48.0
9423,RHEA:65048,valid,,56.0,57.0,8.0,7.0,8.0,15.0,48.0
9424,RHEA:65052,valid,,56.0,57.0,8.0,7.0,8.0,15.0,48.0
9425,RHEA:65056,valid,,80.0,81.0,8.0,7.0,8.0,15.0,46.0
9426,RHEA:65060,valid,,82.0,83.0,8.0,7.0,8.0,15.0,46.0
9427,RHEA:65064,valid,,27.0,27.0,4.0,2.0,3.0,5.0,29.0
9428,RHEA:65072,valid,,24.0,24.0,9.0,8.0,5.0,13.0,56.0
9429,RHEA:65076,valid,,114.0,118.0,31.0,20.0,18.0,38.0,59.0
9430,RHEA:65080,valid,,50.0,51.0,11.0,7.0,7.0,14.0,56.0
9431,RHEA:65084,valid,,84.0,85.0,26.0,17.0,15.0,32.0,81.0
9432,RHEA:65088,valid,,51.0,52.0,11.0,7.0,7.0,14.0,56.0
9433,RHEA:65092,valid,,52.0,52.0,17.0,11.0,11.0,22.0,84.0
9434,RHEA:65096,valid,,74.0,74.0,3.0,2.0,2.0,4.0,20.0
9435,RHEA:65100,valid,,57.0,59.0,5.0,2.0,3.0,5.0,21.0
9436,RHEA:65104,valid,,52.0,52.0,3.0,2.0,2.0,4.0,20.0
9437,RHEA:65108,valid,,52.0,52.0,3.0,2.0,2.0,4.0,20.0
9438,RHEA:65112,valid,,28.0,28.0,9.0,7.0,5.0,12.0,49.0
9439,RHEA:65116,valid,,35.0,35.0,7.0,6.0,3.0,9.0,39.0
9440,RHEA:65120,valid,,41.0,41.0,3.0,2.0,2.0,4.0,19.0
9441,RHEA:65128,valid,,96.0,96.0,3.0,2.0,2.0,4.0,20.0
9442,RHEA:65132,valid,,21.0,22.0,14.0,14.0,9.0,23.0,72.0
9443,RHEA:65136,valid,,98.0,98.0,3.0,2.0,2.0,4.0,20.0
9444,RHEA:65140,valid,,36.0,34.0,6.0,4.0,3.0,7.0,22.0
9445,RHEA:65144,valid,,44.0,44.0,7.0,6.0,3.0,9.0,35.0
9446,RHEA:65148,valid,,56.0,57.0,3.0,2.0,2.0,4.0,22.0
9447,RHEA:65152,valid,,56.0,57.0,3.0,2.0,2.0,4.0,22.0
9448,RHEA:65156,valid,,21.0,45.0,40.0,48.0,12.0,60.0,104.0
9449,RHEA:65168,valid,,37.0,35.0,7.0,6.0,1.0,7.0,27.0
9450,RHEA:65172,valid,,62.0,63.0,3.0,2.0,2.0,4.0,19.0
9451,RHEA:65176,valid,,32.0,34.0,5.0,3.0,2.0,5.0,19.0
9452,RHEA:65180,valid,,36.0,34.0,6.0,4.0,3.0,7.0,22.0
9453,RHEA:65184,valid,,45.0,45.0,9.0,7.0,5.0,12.0,49.0
9454,RHEA:65188,valid,,45.0,45.0,10.0,10.0,3.0,13.0,51.0
9455,RHEA:65192,valid,,44.0,45.0,10.0,9.0,4.0,13.0,53.0
9456,RHEA:65204,valid,,55.0,56.0,3.0,2.0,2.0,4.0,19.0
9457,RHEA:65208,valid,,55.0,56.0,3.0,2.0,2.0,4.0,19.0
9458,RHEA:65212,valid,,62.0,63.0,3.0,2.0,2.0,4.0,19.0
9459,RHEA:65216,valid,,63.0,64.0,3.0,2.0,2.0,4.0,19.0
9460,RHEA:65232,valid,,63.0,64.0,3.0,2.0,2.0,4.0,19.0
9461,RHEA:65236,valid,,57.0,57.0,3.0,2.0,2.0,4.0,20.0
9462,RHEA:65240,valid,,68.0,69.0,3.0,2.0,2.0,4.0,19.0
9463,RHEA:65248,valid,,55.0,53.0,7.0,3.0,3.0,6.0,27.0
9464,RHEA:65252,valid,,38.0,38.0,5.0,2.0,4.0,6.0,36.0
9465,RHEA:65256,valid,,34.0,32.0,7.0,6.0,2.0,8.0,28.0
9466,RHEA:65260,valid,,30.0,30.0,10.0,11.0,8.0,19.0,58.0
9467,RHEA:65264,valid,,31.0,33.0,5.0,3.0,2.0,5.0,19.0
9468,RHEA:65268,valid,,49.0,49.0,7.0,6.0,7.0,13.0,39.0
9469,RHEA:65272,valid,,50.0,49.0,7.0,6.0,7.0,13.0,40.0
9470,RHEA:65276,valid,,54.0,55.0,11.0,7.0,7.0,14.0,57.0
9471,RHEA:65280,valid,,94.0,95.0,3.0,2.0,2.0,4.0,22.0
9472,RHEA:65284,valid,,95.0,96.0,3.0,2.0,2.0,4.0,22.0
9473,RHEA:65288,valid,,87.0,88.0,4.0,4.0,1.0,5.0,27.0
9474,RHEA:65296,valid,,107.0,107.0,10.0,6.0,6.0,12.0,52.0
9475,RHEA:65300,valid,,42.0,42.0,7.0,6.0,3.0,9.0,34.0
9476,RHEA:65304,valid,,42.0,42.0,6.0,6.0,2.0,8.0,31.0
9477,RHEA:65308,valid,,67.0,67.0,5.0,5.0,2.0,7.0,31.0
9478,RHEA:65312,valid,,67.0,67.0,5.0,5.0,2.0,7.0,31.0
9479,RHEA:65316,valid,,43.0,43.0,7.0,6.0,3.0,9.0,34.0
9480,RHEA:65320,valid,,43.0,43.0,6.0,6.0,2.0,8.0,31.0
9481,RHEA:65324,valid,,83.0,83.0,4.0,2.0,3.0,5.0,27.0
9482,RHEA:65328,valid,,32.0,34.0,5.0,3.0,2.0,5.0,19.0
9483,RHEA:65332,valid,,50.0,49.0,7.0,6.0,7.0,13.0,40.0
9484,RHEA:65336,valid,,50.0,49.0,7.0,6.0,7.0,13.0,39.0
9485,RHEA:65340,valid,,60.0,60.0,3.0,2.0,2.0,4.0,20.0
9486,RHEA:65344,valid,,110.0,110.0,10.0,6.0,6.0,12.0,55.0
9487,RHEA:65348,valid,,75.0,75.0,3.0,2.0,2.0,4.0,18.0
9488,RHEA:65352,valid,,29.0,29.0,3.0,2.0,2.0,4.0,18.0
9489,RHEA:65356,valid,,90.0,91.0,3.0,2.0,2.0,4.0,22.0
9490,RHEA:65372,valid,,109.0,110.0,4.0,4.0,1.0,5.0,27.0
9491,RHEA:65376,zero_fallback,missing_mapping,,,,,,,
9492,RHEA:65380,zero_fallback,missing_mapping,,,,,,,
9493,RHEA:65384,valid,,46.0,48.0,3.0,2.0,2.0,4.0,17.0
9494,RHEA:65388,valid,,44.0,46.0,3.0,2.0,2.0,4.0,17.0
9495,RHEA:65392,zero_fallback,missing_mapping,,,,,,,
9496,RHEA:65396,valid,,32.0,33.0,4.0,2.0,3.0,5.0,24.0
9497,RHEA:65400,valid,,58.0,58.0,3.0,2.0,2.0,4.0,20.0
9498,RHEA:65404,valid,,60.0,60.0,3.0,2.0,2.0,4.0,20.0
9499,RHEA:65432,valid,,98.0,99.0,4.0,4.0,1.0,5.0,27.0
9500,RHEA:65436,valid,,124.0,124.0,6.0,6.0,2.0,8.0,31.0
9501,RHEA:65440,zero_fallback,missing_mapping,,,,,,,
9502,RHEA:65444,valid,,60.0,60.0,3.0,2.0,2.0,4.0,20.0
9503,RHEA:65448,valid,,56.0,56.0,3.0,2.0,2.0,4.0,20.0
9504,RHEA:65452,valid,,58.0,58.0,3.0,2.0,2.0,4.0,20.0
9505,RHEA:65456,valid,,57.0,57.0,3.0,2.0,2.0,4.0,20.0
9506,RHEA:65460,valid,,58.0,58.0,3.0,2.0,2.0,4.0,20.0
9507,RHEA:65464,valid,,59.0,59.0,3.0,2.0,2.0,4.0,20.0
9508,RHEA:65484,valid,,62.0,62.0,3.0,2.0,2.0,4.0,20.0
9509,RHEA:65488,valid,,93.0,93.0,16.0,10.0,9.0,19.0,38.0
9510,RHEA:65492,valid,,52.0,52.0,6.0,4.0,4.0,8.0,39.0
9511,RHEA:65496,valid,,71.0,71.0,8.0,7.0,8.0,15.0,48.0
9512,RHEA:65500,valid,,51.0,51.0,7.0,4.0,5.0,9.0,44.0
9513,RHEA:65504,valid,,23.0,23.0,3.0,2.0,2.0,4.0,19.0
9514,RHEA:65508,valid,,20.0,20.0,5.0,4.0,4.0,8.0,24.0
9515,RHEA:65520,valid,,31.0,31.0,5.0,2.0,5.0,7.0,23.0
9516,RHEA:65524,valid,,54.0,56.0,11.0,7.0,7.0,14.0,56.0
9517,RHEA:65528,valid,,64.0,64.0,3.0,2.0,2.0,4.0,20.0
9518,RHEA:65532,valid,,61.0,61.0,3.0,2.0,2.0,4.0,20.0
9519,RHEA:65536,valid,,42.0,43.0,3.0,2.0,2.0,4.0,20.0
9520,RHEA:65540,valid,,53.0,53.0,3.0,2.0,2.0,4.0,18.0
9521,RHEA:65544,valid,,78.0,78.0,3.0,2.0,2.0,4.0,18.0
9522,RHEA:65548,valid,,88.0,88.0,3.0,2.0,2.0,4.0,18.0
9523,RHEA:65552,valid,,33.0,33.0,3.0,2.0,2.0,4.0,18.0
9524,RHEA:65560,valid,,25.0,25.0,10.0,10.0,6.0,16.0,58.0
9525,RHEA:65564,valid,,68.0,70.0,3.0,2.0,2.0,4.0,17.0
9526,RHEA:65568,valid,,70.0,72.0,3.0,2.0,2.0,4.0,17.0
9527,RHEA:65572,valid,,62.0,63.0,12.0,8.0,7.0,15.0,61.0
9528,RHEA:65576,valid,,66.0,67.0,4.0,4.0,1.0,5.0,27.0
9529,RHEA:65580,valid,,31.0,32.0,4.0,2.0,3.0,5.0,21.0
9530,RHEA:65584,valid,,53.0,54.0,11.0,7.0,7.0,14.0,57.0
9531,RHEA:65588,valid,,53.0,54.0,11.0,7.0,7.0,14.0,57.0
9532,RHEA:65592,valid,,54.0,55.0,17.0,15.0,7.0,22.0,80.0
9533,RHEA:65596,valid,,54.0,55.0,11.0,7.0,7.0,14.0,57.0
9534,RHEA:65600,valid,,111.0,113.0,20.0,16.0,20.0,36.0,74.0
9535,RHEA:65604,valid,,91.0,92.0,3.0,2.0,2.0,4.0,22.0
9536,RHEA:65608,valid,,93.0,94.0,3.0,2.0,2.0,4.0,22.0
9537,RHEA:65620,valid,,86.0,87.0,3.0,2.0,2.0,4.0,22.0
9538,RHEA:65624,valid,,86.0,87.0,3.0,2.0,2.0,4.0,22.0
9539,RHEA:65628,valid,,94.0,95.0,3.0,2.0,2.0,4.0,22.0
9540,RHEA:65632,valid,,80.0,81.0,3.0,2.0,2.0,4.0,22.0
9541,RHEA:65636,valid,,94.0,95.0,3.0,2.0,2.0,4.0,22.0
9542,RHEA:65640,valid,,95.0,96.0,3.0,2.0,2.0,4.0,22.0
9543,RHEA:65644,valid,,95.0,96.0,3.0,2.0,2.0,4.0,22.0
9544,RHEA:65648,valid,,64.0,79.0,26.0,29.0,4.0,33.0,58.0
9545,RHEA:65652,valid,,68.0,83.0,26.0,29.0,4.0,33.0,58.0
9546,RHEA:65668,valid,,39.0,53.0,27.0,30.0,4.0,34.0,60.0
9547,RHEA:65672,valid,,39.0,53.0,27.0,30.0,4.0,34.0,60.0
9548,RHEA:65676,valid,,39.0,53.0,27.0,30.0,4.0,34.0,60.0
9549,RHEA:65680,valid,,39.0,53.0,27.0,30.0,4.0,34.0,60.0
9550,RHEA:65684,valid,,39.0,53.0,27.0,30.0,4.0,34.0,60.0
9551,RHEA:65688,valid,,39.0,53.0,27.0,30.0,4.0,34.0,60.0
9552,RHEA:65692,valid,,39.0,54.0,26.0,29.0,4.0,33.0,57.0
9553,RHEA:65700,valid,,61.0,62.0,11.0,7.0,7.0,14.0,56.0
9554,RHEA:65716,valid,,19.0,20.0,7.0,7.0,2.0,9.0,35.0
9555,RHEA:65724,valid,,22.0,23.0,7.0,6.0,4.0,10.0,38.0
9556,RHEA:65728,valid,,23.0,24.0,7.0,6.0,4.0,10.0,38.0
9557,RHEA:65732,valid,,24.0,25.0,7.0,7.0,2.0,9.0,36.0
9558,RHEA:65740,valid,,26.0,27.0,7.0,6.0,4.0,10.0,38.0
9559,RHEA:65744,valid,,27.0,28.0,7.0,6.0,4.0,10.0,38.0
9560,RHEA:65752,valid,,22.0,22.0,6.0,6.0,2.0,8.0,31.0
9561,RHEA:65756,valid,,44.0,46.0,18.0,15.0,14.0,29.0,87.0
9562,RHEA:65760,valid,,54.0,55.0,11.0,7.0,7.0,14.0,57.0
9563,RHEA:65768,valid,,24.0,24.0,6.0,3.0,5.0,8.0,27.0
9564,RHEA:65772,valid,,25.0,25.0,6.0,3.0,5.0,8.0,27.0
9565,RHEA:65776,valid,,24.0,24.0,6.0,3.0,5.0,8.0,27.0
9566,RHEA:65780,valid,,25.0,25.0,6.0,3.0,5.0,8.0,27.0
9567,RHEA:65784,valid,,23.0,23.0,6.0,3.0,5.0,8.0,27.0
9568,RHEA:65788,valid,,24.0,24.0,6.0,3.0,5.0,8.0,27.0
9569,RHEA:65792,valid,,26.0,26.0,6.0,3.0,5.0,8.0,27.0
9570,RHEA:65796,valid,,22.0,22.0,6.0,3.0,5.0,8.0,27.0
9571,RHEA:65812,valid,,34.0,34.0,3.0,2.0,3.0,5.0,16.0
9572,RHEA:65828,valid,,20.0,20.0,5.0,4.0,2.0,6.0,26.0
9573,RHEA:65896,valid,,20.0,20.0,10.0,9.0,7.0,16.0,60.0
9574,RHEA:65900,valid,,21.0,21.0,10.0,9.0,7.0,16.0,60.0
9575,RHEA:65908,valid,,22.0,22.0,10.0,10.0,6.0,16.0,57.0
9576,RHEA:65916,valid,,21.0,21.0,10.0,10.0,6.0,16.0,57.0
9577,RHEA:65924,valid,,46.0,47.0,3.0,2.0,2.0,4.0,19.0
9578,RHEA:65928,valid,,47.0,48.0,3.0,2.0,2.0,4.0,19.0
9579,RHEA:65932,valid,,53.0,54.0,3.0,2.0,2.0,4.0,20.0
9580,RHEA:65940,valid,,46.0,47.0,3.0,2.0,2.0,4.0,22.0
9581,RHEA:65944,valid,,58.0,58.0,7.0,4.0,5.0,9.0,38.0
9582,RHEA:65952,valid,,68.0,68.0,24.0,28.0,20.0,48.0,61.0
9583,RHEA:65956,valid,,56.0,57.0,4.0,2.0,3.0,5.0,21.0
9584,RHEA:65960,valid,,75.0,76.0,4.0,2.0,3.0,5.0,21.0
9585,RHEA:65964,valid,,67.0,68.0,4.0,2.0,3.0,5.0,21.0
9586,RHEA:65968,valid,,64.0,65.0,4.0,2.0,3.0,5.0,21.0
9587,RHEA:65996,valid,,9.0,9.0,3.0,2.0,2.0,4.0,16.0
9588,RHEA:66000,valid,,34.0,35.0,3.0,2.0,2.0,4.0,16.0
9589,RHEA:66008,valid,,24.0,25.0,4.0,2.0,3.0,5.0,19.0
9590,RHEA:66012,valid,,24.0,25.0,4.0,2.0,3.0,5.0,22.0
9591,RHEA:66016,valid,,3.0,3.0,3.0,2.0,3.0,5.0,12.0
9592,RHEA:66020,valid,,23.0,24.0,4.0,2.0,3.0,5.0,19.0
9593,RHEA:66024,valid,,23.0,24.0,4.0,2.0,3.0,5.0,22.0
9594,RHEA:66028,valid,,70.0,70.0,8.0,5.0,6.0,11.0,34.0
9595,RHEA:66036,valid,,67.0,68.0,4.0,2.0,3.0,5.0,21.0
9596,RHEA:66040,valid,,71.0,71.0,6.0,2.0,6.0,8.0,18.0
9597,RHEA:66044,valid,,22.0,22.0,10.0,10.0,6.0,16.0,57.0
9598,RHEA:66052,valid,,30.0,30.0,10.0,10.0,6.0,16.0,59.0
9599,RHEA:66060,valid,,24.0,24.0,10.0,10.0,6.0,16.0,59.0
9600,RHEA:66068,valid,,24.0,24.0,10.0,10.0,6.0,16.0,56.0
9601,RHEA:66076,valid,,23.0,23.0,10.0,10.0,6.0,16.0,59.0
9602,RHEA:66084,valid,,24.0,24.0,10.0,10.0,6.0,16.0,57.0
9603,RHEA:66092,valid,,27.0,27.0,10.0,10.0,6.0,16.0,59.0
9604,RHEA:66100,valid,,28.0,28.0,10.0,10.0,6.0,16.0,59.0
9605,RHEA:66108,valid,,14.0,14.0,4.0,4.0,0.0,4.0,24.0
9606,RHEA:66112,valid,,20.0,20.0,4.0,4.0,2.0,6.0,26.0
9607,RHEA:66116,valid,,17.0,17.0,4.0,4.0,0.0,4.0,24.0
9608,RHEA:66120,valid,,16.0,16.0,4.0,4.0,0.0,4.0,24.0
9609,RHEA:66124,valid,,18.0,18.0,6.0,4.0,4.0,8.0,38.0
9610,RHEA:66128,valid,,19.0,19.0,4.0,4.0,0.0,4.0,24.0
9611,RHEA:66132,valid,,51.0,52.0,3.0,2.0,2.0,4.0,18.0
9612,RHEA:66136,valid,,61.0,62.0,3.0,2.0,2.0,4.0,22.0
9613,RHEA:66140,valid,,62.0,63.0,3.0,2.0,2.0,4.0,22.0
9614,RHEA:66144,valid,,65.0,66.0,3.0,2.0,2.0,4.0,22.0
9615,RHEA:66148,valid,,60.0,61.0,3.0,2.0,2.0,4.0,22.0
9616,RHEA:66152,valid,,63.0,64.0,3.0,2.0,2.0,4.0,22.0
9617,RHEA:66156,valid,,63.0,64.0,3.0,2.0,2.0,4.0,22.0
9618,RHEA:66160,valid,,65.0,66.0,3.0,2.0,2.0,4.0,22.0
9619,RHEA:66164,valid,,66.0,67.0,3.0,2.0,2.0,4.0,22.0
9620,RHEA:66168,valid,,39.0,40.0,4.0,2.0,3.0,5.0,21.0
9621,RHEA:66176,valid,,70.0,71.0,4.0,2.0,3.0,5.0,21.0
9622,RHEA:66180,valid,,87.0,88.0,4.0,2.0,3.0,5.0,21.0
9623,RHEA:66184,valid,,54.0,55.0,4.0,2.0,3.0,5.0,21.0
9624,RHEA:66188,valid,,55.0,56.0,4.0,2.0,3.0,5.0,21.0
9625,RHEA:66192,valid,,99.0,100.0,3.0,2.0,2.0,4.0,18.0
9626,RHEA:66196,valid,,63.0,64.0,3.0,2.0,2.0,4.0,22.0
9627,RHEA:66200,valid,,56.0,56.0,4.0,2.0,4.0,6.0,18.0
9628,RHEA:66204,valid,,58.0,58.0,4.0,2.0,4.0,6.0,18.0
9629,RHEA:66208,valid,,61.0,61.0,4.0,2.0,4.0,6.0,18.0
9630,RHEA:66212,valid,,66.0,66.0,4.0,2.0,4.0,6.0,18.0
9631,RHEA:66216,valid,,68.0,68.0,4.0,2.0,4.0,6.0,18.0
9632,RHEA:66220,valid,,68.0,68.0,4.0,2.0,4.0,6.0,18.0
9633,RHEA:66224,valid,,70.0,70.0,4.0,2.0,4.0,6.0,18.0
9634,RHEA:66228,valid,,74.0,74.0,4.0,2.0,4.0,6.0,18.0
9635,RHEA:66232,valid,,79.0,79.0,4.0,2.0,4.0,6.0,18.0
9636,RHEA:66236,valid,,81.0,81.0,4.0,2.0,4.0,6.0,18.0
9637,RHEA:66240,valid,,111.0,111.0,5.0,4.0,3.0,7.0,33.0
9638,RHEA:66252,valid,,109.0,109.0,6.0,4.0,3.0,7.0,36.0
9639,RHEA:66272,valid,,54.0,55.0,4.0,2.0,3.0,5.0,21.0
9640,RHEA:66276,valid,,66.0,67.0,3.0,2.0,2.0,4.0,21.0
9641,RHEA:66280,valid,,65.0,66.0,3.0,2.0,2.0,4.0,21.0
9642,RHEA:66284,valid,,66.0,67.0,3.0,2.0,2.0,4.0,21.0
9643,RHEA:66340,valid,,82.0,83.0,4.0,2.0,3.0,5.0,21.0
9644,RHEA:66344,valid,,53.0,54.0,4.0,2.0,3.0,5.0,21.0
9645,RHEA:66348,valid,,65.0,67.0,5.0,3.0,2.0,5.0,18.0
9646,RHEA:66352,valid,,106.0,107.0,8.0,7.0,8.0,15.0,46.0
9647,RHEA:66356,valid,,106.0,107.0,8.0,7.0,8.0,15.0,47.0
9648,RHEA:66360,valid,,63.0,64.0,3.0,2.0,2.0,4.0,19.0
9649,RHEA:66364,valid,,64.0,64.0,3.0,2.0,2.0,4.0,18.0
9650,RHEA:66368,valid,,112.0,112.0,3.0,2.0,2.0,4.0,22.0
9651,RHEA:66372,valid,,11.0,11.0,4.0,2.0,3.0,5.0,22.0
9652,RHEA:66376,valid,,13.0,13.0,4.0,2.0,3.0,5.0,22.0
9653,RHEA:66380,valid,,84.0,85.0,4.0,2.0,3.0,5.0,21.0
9654,RHEA:66388,valid,,57.0,58.0,4.0,2.0,3.0,5.0,21.0
9655,RHEA:66392,valid,,57.0,58.0,4.0,2.0,3.0,5.0,21.0
9656,RHEA:66396,valid,,81.0,82.0,5.0,3.0,4.0,7.0,26.0
9657,RHEA:66400,valid,,85.0,86.0,4.0,2.0,3.0,5.0,21.0
9658,RHEA:66404,valid,,87.0,88.0,4.0,2.0,3.0,5.0,21.0
9659,RHEA:66408,valid,,84.0,85.0,4.0,2.0,3.0,5.0,21.0
9660,RHEA:66412,valid,,86.0,87.0,4.0,2.0,3.0,5.0,21.0
9661,RHEA:66416,valid,,84.0,85.0,4.0,2.0,3.0,5.0,21.0
9662,RHEA:66420,valid,,86.0,87.0,4.0,2.0,3.0,5.0,21.0
9663,RHEA:66424,valid,,56.0,57.0,4.0,2.0,3.0,5.0,21.0
9664,RHEA:66492,valid,,117.0,118.0,3.0,2.0,2.0,4.0,21.0
9665,RHEA:66496,valid,,116.0,117.0,3.0,2.0,2.0,4.0,21.0
9666,RHEA:66500,valid,,116.0,117.0,3.0,2.0,2.0,4.0,21.0
9667,RHEA:66524,valid,,24.0,24.0,0.0,0.0,0.0,0.0,0.0
9668,RHEA:66528,valid,,67.0,67.0,4.0,2.0,3.0,5.0,29.0
9669,RHEA:66532,valid,,89.0,89.0,4.0,2.0,3.0,5.0,29.0
9670,RHEA:66544,valid,,35.0,36.0,3.0,2.0,2.0,4.0,19.0
9671,RHEA:66548,valid,,41.0,41.0,3.0,2.0,2.0,4.0,22.0
9672,RHEA:66552,valid,,24.0,24.0,3.0,2.0,2.0,4.0,19.0
9673,RHEA:66556,valid,,22.0,22.0,3.0,2.0,2.0,4.0,19.0
9674,RHEA:66560,valid,,23.0,23.0,3.0,2.0,2.0,4.0,19.0
9675,RHEA:66564,valid,,19.0,19.0,3.0,2.0,2.0,4.0,19.0
9676,RHEA:66572,valid,,42.0,43.0,3.0,2.0,2.0,4.0,22.0
9677,RHEA:66576,valid,,41.0,42.0,3.0,2.0,2.0,4.0,22.0
9678,RHEA:66580,valid,,48.0,49.0,3.0,2.0,2.0,4.0,22.0
9679,RHEA:66588,valid,,49.0,50.0,3.0,2.0,2.0,4.0,20.0
9680,RHEA:66592,valid,,38.0,39.0,6.0,4.0,4.0,8.0,38.0
9681,RHEA:66596,valid,,22.0,22.0,4.0,3.0,4.0,7.0,14.0
9682,RHEA:66600,valid,,24.0,24.0,18.0,19.0,18.0,37.0,43.0
9683,RHEA:66604,valid,,22.0,22.0,4.0,2.0,3.0,5.0,22.0
9684,RHEA:66608,valid,,100.0,101.0,3.0,2.0,2.0,4.0,19.0
9685,RHEA:66612,valid,,81.0,81.0,3.0,2.0,2.0,4.0,22.0
9686,RHEA:66620,valid,,127.0,131.0,31.0,20.0,18.0,38.0,59.0
9687,RHEA:66624,valid,,127.0,131.0,31.0,20.0,18.0,38.0,59.0
9688,RHEA:66628,valid,,50.0,50.0,4.0,2.0,4.0,6.0,21.0
9689,RHEA:66632,valid,,52.0,53.0,3.0,2.0,2.0,4.0,22.0
9690,RHEA:66636,valid,,25.0,25.0,11.0,10.0,6.0,16.0,63.0
9691,RHEA:66640,valid,,25.0,25.0,10.0,8.0,8.0,16.0,52.0
9692,RHEA:66644,valid,,25.0,25.0,13.0,11.0,7.0,18.0,73.0
9693,RHEA:66648,valid,,17.0,22.0,16.0,14.0,6.0,20.0,66.0
9694,RHEA:66652,valid,,24.0,24.0,13.0,15.0,7.0,22.0,71.0
9695,RHEA:66656,valid,,13.0,14.0,3.0,0.0,3.0,3.0,17.0
9696,RHEA:66660,valid,,53.0,54.0,4.0,2.0,3.0,5.0,21.0
9697,RHEA:66664,valid,,80.0,81.0,4.0,2.0,3.0,5.0,21.0
9698,RHEA:66668,valid,,46.0,47.0,11.0,7.0,7.0,14.0,57.0
9699,RHEA:66672,valid,,14.0,14.0,3.0,2.0,2.0,4.0,18.0
9700,RHEA:66676,valid,,37.0,37.0,4.0,2.0,3.0,5.0,29.0
9701,RHEA:66680,valid,,80.0,81.0,3.0,2.0,2.0,4.0,18.0
9702,RHEA:66684,valid,,18.0,18.0,0.0,0.0,0.0,0.0,0.0
9703,RHEA:66688,valid,,34.0,34.0,8.0,7.0,4.0,11.0,32.0
9704,RHEA:66692,valid,,48.0,49.0,3.0,2.0,2.0,4.0,22.0
9705,RHEA:66696,valid,,54.0,55.0,3.0,2.0,2.0,4.0,19.0
9706,RHEA:66700,valid,,107.0,107.0,6.0,4.0,3.0,7.0,36.0
9707,RHEA:66704,valid,,71.0,72.0,3.0,2.0,2.0,4.0,19.0
9708,RHEA:66708,valid,,56.0,57.0,3.0,2.0,2.0,4.0,18.0
9709,RHEA:66712,zero_fallback,ValueError:RDKit could not parse mapped reaction,,,,,,,
9710,RHEA:66716,valid,,25.0,25.0,4.0,4.0,0.0,4.0,26.0
9711,RHEA:66720,valid,,49.0,50.0,4.0,2.0,3.0,5.0,21.0
9712,RHEA:66724,valid,,18.0,18.0,3.0,2.0,2.0,4.0,19.0
9713,RHEA:66728,valid,,53.0,54.0,4.0,2.0,3.0,5.0,21.0
9714,RHEA:66732,valid,,62.0,63.0,4.0,2.0,3.0,5.0,21.0
9715,RHEA:66736,valid,,54.0,55.0,4.0,2.0,3.0,5.0,21.0
9716,RHEA:66740,valid,,45.0,46.0,4.0,2.0,3.0,5.0,21.0
9717,RHEA:66744,valid,,44.0,45.0,4.0,2.0,3.0,5.0,21.0
9718,RHEA:66752,valid,,58.0,59.0,4.0,2.0,3.0,5.0,21.0
9719,RHEA:66756,valid,,54.0,55.0,3.0,2.0,2.0,4.0,18.0
9720,RHEA:66760,valid,,47.0,48.0,4.0,2.0,3.0,5.0,21.0
9721,RHEA:66764,valid,,64.0,65.0,4.0,2.0,3.0,5.0,21.0
9722,RHEA:66768,valid,,80.0,81.0,4.0,2.0,3.0,5.0,21.0
9723,RHEA:66772,valid,,92.0,93.0,4.0,2.0,3.0,5.0,21.0
9724,RHEA:66776,valid,,92.0,93.0,4.0,2.0,3.0,5.0,21.0
9725,RHEA:66780,valid,,39.0,39.0,3.0,2.0,2.0,4.0,17.0
9726,RHEA:66784,valid,,50.0,50.0,4.0,2.0,2.0,4.0,28.0
9727,RHEA:66788,valid,,17.0,17.0,4.0,2.0,4.0,6.0,21.0
9728,RHEA:66792,valid,,17.0,17.0,4.0,2.0,4.0,6.0,21.0
9729,RHEA:66796,valid,,86.0,88.0,21.0,13.0,12.0,25.0,54.0
9730,RHEA:66800,valid,,86.0,88.0,21.0,13.0,12.0,25.0,56.0
9731,RHEA:66804,valid,,120.0,124.0,33.0,22.0,18.0,40.0,69.0
9732,RHEA:66808,zero_fallback,missing_mapping,,,,,,,
9733,RHEA:66812,zero_fallback,missing_mapping,,,,,,,
9734,RHEA:66820,valid,,33.0,34.0,3.0,2.0,2.0,4.0,18.0
9735,RHEA:66824,zero_fallback,missing_mapping,,,,,,,
9736,RHEA:66828,zero_fallback,missing_mapping,,,,,,,
9737,RHEA:66832,valid,,34.0,34.0,15.0,14.0,12.0,26.0,74.0
9738,RHEA:66836,zero_fallback,ValueError:RDKit could not parse mapped reaction,,,,,,,
9739,RHEA:66840,zero_fallback,ValueError:RDKit could not parse mapped reaction,,,,,,,
9740,RHEA:66844,zero_fallback,ValueError:RDKit could not parse mapped reaction,,,,,,,
9741,RHEA:66848,valid,,46.0,47.0,8.0,6.0,8.0,14.0,38.0
9742,RHEA:66852,valid,,52.0,52.0,12.0,8.0,6.0,14.0,48.0
9743,RHEA:66856,valid,,61.0,61.0,16.0,10.0,9.0,19.0,48.0
9744,RHEA:66860,valid,,28.0,43.0,23.0,21.0,4.0,25.0,53.0
9745,RHEA:66864,valid,,34.0,34.0,19.0,20.0,12.0,32.0,89.0
9746,RHEA:66868,zero_fallback,ValueError:RDKit could not parse mapped reaction,,,,,,,
9747,RHEA:66872,valid,,47.0,48.0,11.0,7.0,7.0,14.0,57.0
9748,RHEA:66876,valid,,49.0,50.0,11.0,7.0,7.0,14.0,57.0
9749,RHEA:66880,valid,,49.0,50.0,11.0,7.0,7.0,14.0,57.0
9750,RHEA:66884,valid,,49.0,50.0,11.0,7.0,7.0,14.0,57.0
9751,RHEA:66888,valid,,47.0,48.0,11.0,7.0,7.0,14.0,57.0
9752,RHEA:66892,valid,,47.0,48.0,11.0,7.0,7.0,14.0,57.0
9753,RHEA:66896,zero_fallback,ValueError:RDKit could not parse mapped reaction,,,,,,,
9754,RHEA:66900,valid,,120.0,120.0,12.0,11.0,6.0,17.0,61.0
9755,RHEA:66904,valid,,27.0,29.0,7.0,5.0,2.0,7.0,33.0
9756,RHEA:66908,zero_fallback,missing_mapping,,,,,,,
9757,RHEA:66916,valid,,49.0,50.0,11.0,7.0,7.0,14.0,57.0
9758,RHEA:66920,valid,,27.0,27.0,7.0,6.0,2.0,8.0,40.0
9759,RHEA:66928,valid,,57.0,58.0,3.0,2.0,2.0,4.0,19.0
9760,RHEA:66932,valid,,70.0,70.0,3.0,2.0,2.0,4.0,22.0
9761,RHEA:66936,valid,,71.0,71.0,3.0,2.0,2.0,4.0,22.0
9762,RHEA:66940,zero_fallback,missing_mapping,,,,,,,
9763,RHEA:66944,valid,,125.0,129.0,31.0,20.0,18.0,38.0,59.0
9764,RHEA:66980,valid,,55.0,56.0,3.0,2.0,2.0,4.0,19.0
9765,RHEA:66984,valid,,55.0,56.0,3.0,2.0,2.0,4.0,19.0
9766,RHEA:66988,valid,,87.0,87.0,6.0,4.0,3.0,7.0,36.0
9767,RHEA:66992,valid,,87.0,87.0,6.0,4.0,3.0,7.0,36.0
9768,RHEA:66996,valid,,87.0,87.0,6.0,4.0,3.0,7.0,36.0
9769,RHEA:67000,zero_fallback,missing_mapping,,,,,,,
9770,RHEA:67004,valid,,24.0,25.0,3.0,2.0,2.0,4.0,18.0
9771,RHEA:67008,valid,,69.0,69.0,3.0,2.0,2.0,4.0,19.0
9772,RHEA:67012,valid,,51.0,51.0,5.0,4.0,1.0,5.0,26.0
9773,RHEA:67020,valid,,70.0,71.0,3.0,2.0,2.0,4.0,19.0
9774,RHEA:67024,valid,,84.0,85.0,3.0,2.0,2.0,4.0,19.0
9775,RHEA:67032,valid,,55.0,56.0,11.0,7.0,7.0,14.0,57.0
9776,RHEA:67036,valid,,41.0,41.0,9.0,10.0,1.0,11.0,46.0
9777,RHEA:67040,valid,,30.0,30.0,18.0,20.0,8.0,28.0,89.0
9778,RHEA:67044,valid,,31.0,33.0,5.0,3.0,2.0,5.0,19.0
9779,RHEA:67048,valid,,35.0,33.0,7.0,6.0,1.0,7.0,27.0
9780,RHEA:67052,zero_fallback,ValueError:RDKit could not parse mapped reaction,,,,,,,
9781,RHEA:67056,zero_fallback,ValueError:RDKit could not parse mapped reaction,,,,,,,
9782,RHEA:67060,zero_fallback,ValueError:RDKit could not parse mapped reaction,,,,,,,
9783,RHEA:67064,valid,,33.0,33.0,3.0,1.0,3.0,4.0,20.0
9784,RHEA:67068,zero_fallback,ValueError:RDKit could not parse mapped reaction,,,,,,,
9785,RHEA:67072,valid,,52.0,53.0,3.0,2.0,2.0,4.0,18.0
9786,RHEA:67076,valid,,39.0,40.0,4.0,2.0,2.0,4.0,26.0
9787,RHEA:67080,valid,,36.0,37.0,3.0,2.0,2.0,4.0,18.0
9788,RHEA:67084,valid,,60.0,61.0,4.0,2.0,3.0,5.0,21.0
9789,RHEA:67088,valid,,58.0,59.0,4.0,2.0,3.0,5.0,21.0
9790,RHEA:67092,valid,,56.0,57.0,4.0,2.0,3.0,5.0,21.0
9791,RHEA:67096,valid,,44.0,46.0,16.0,11.0,9.0,20.0,74.0
9792,RHEA:67100,valid,,33.0,33.0,5.0,4.0,2.0,6.0,30.0
9793,RHEA:67104,valid,,45.0,45.0,16.0,10.0,9.0,19.0,78.0
9794,RHEA:67112,valid,,38.0,39.0,3.0,2.0,2.0,4.0,20.0
9795,RHEA:67116,valid,,39.0,40.0,3.0,2.0,2.0,4.0,19.0
9796,RHEA:67120,valid,,40.0,41.0,3.0,2.0,2.0,4.0,19.0
9797,RHEA:67124,valid,,11.0,11.0,3.0,2.0,2.0,4.0,17.0
9798,RHEA:67128,zero_fallback,missing_mapping,,,,,,,
9799,RHEA:67132,zero_fallback,missing_mapping,,,,,,,
9800,RHEA:67136,valid,,85.0,85.0,6.0,4.0,3.0,7.0,33.0
9801,RHEA:67144,valid,,27.0,27.0,6.0,6.0,2.0,8.0,31.0
9802,RHEA:67156,valid,,52.0,53.0,3.0,2.0,2.0,4.0,18.0
9803,RHEA:67160,valid,,85.0,86.0,13.0,7.0,9.0,16.0,64.0
9804,RHEA:67164,valid,,85.0,85.0,12.0,7.0,8.0,15.0,57.0
9805,RHEA:67168,valid,,23.0,23.0,4.0,4.0,0.0,4.0,24.0
9806,RHEA:67172,valid,,79.0,81.0,16.0,14.0,10.0,24.0,79.0
9807,RHEA:67176,valid,,46.0,47.0,3.0,2.0,2.0,4.0,17.0
9808,RHEA:67180,valid,,47.0,48.0,6.0,4.0,3.0,7.0,34.0
9809,RHEA:67188,valid,,71.0,72.0,4.0,2.0,3.0,5.0,21.0
9810,RHEA:67192,valid,,71.0,72.0,4.0,2.0,3.0,5.0,21.0
9811,RHEA:67196,valid,,17.0,17.0,3.0,2.0,2.0,4.0,18.0
9812,RHEA:67200,valid,,14.0,14.0,3.0,2.0,2.0,4.0,18.0
9813,RHEA:67204,valid,,16.0,16.0,3.0,2.0,2.0,4.0,18.0
9814,RHEA:67208,valid,,18.0,18.0,3.0,2.0,2.0,4.0,18.0
9815,RHEA:67240,valid,,28.0,29.0,3.0,2.0,2.0,4.0,19.0
9816,RHEA:67244,valid,,56.0,58.0,8.0,7.0,8.0,15.0,47.0
9817,RHEA:67248,valid,,56.0,58.0,8.0,7.0,8.0,15.0,47.0
9818,RHEA:67252,valid,,50.0,52.0,8.0,7.0,8.0,15.0,47.0
9819,RHEA:67256,valid,,49.0,51.0,8.0,7.0,8.0,15.0,47.0
9820,RHEA:67264,zero_fallback,missing_mapping,,,,,,,
9821,RHEA:67268,valid,,32.0,32.0,9.0,8.0,2.0,10.0,46.0
9822,RHEA:67272,valid,,54.0,55.0,12.0,12.0,2.0,14.0,53.0
9823,RHEA:67276,valid,,52.0,54.0,8.0,7.0,8.0,15.0,47.0
9824,RHEA:67288,zero_fallback,missing_mapping,,,,,,,
9825,RHEA:67308,valid,,29.0,29.0,6.0,6.0,0.0,6.0,31.0
9826,RHEA:67312,valid,,29.0,29.0,6.0,6.0,0.0,6.0,31.0
9827,RHEA:67316,zero_fallback,missing_mapping,,,,,,,
9828,RHEA:67320,valid,,32.0,32.0,9.0,8.0,2.0,10.0,46.0
9829,RHEA:67324,zero_fallback,missing_mapping,,,,,,,
9830,RHEA:67328,valid,,26.0,26.0,9.0,8.0,2.0,10.0,46.0
9831,RHEA:67332,valid,,66.0,68.0,8.0,7.0,8.0,15.0,47.0
9832,RHEA:67336,valid,,86.0,86.0,3.0,2.0,2.0,4.0,20.0
9833,RHEA:67340,valid,,87.0,87.0,3.0,2.0,2.0,4.0,20.0
9834,RHEA:67344,valid,,86.0,86.0,3.0,2.0,2.0,4.0,20.0
9835,RHEA:67348,valid,,85.0,85.0,3.0,2.0,2.0,4.0,20.0
9836,RHEA:67352,valid,,84.0,84.0,3.0,2.0,2.0,4.0,20.0
9837,RHEA:67356,valid,,85.0,85.0,3.0,2.0,2.0,4.0,20.0
9838,RHEA:67360,valid,,16.0,16.0,3.0,2.0,2.0,4.0,19.0
9839,RHEA:67364,valid,,15.0,15.0,3.0,2.0,2.0,4.0,19.0
9840,RHEA:67368,valid,,14.0,14.0,3.0,2.0,2.0,4.0,18.0
9841,RHEA:67372,valid,,15.0,15.0,3.0,2.0,2.0,4.0,19.0
9842,RHEA:67376,valid,,16.0,16.0,3.0,2.0,2.0,4.0,19.0
9843,RHEA:67380,valid,,13.0,13.0,3.0,2.0,2.0,4.0,19.0
9844,RHEA:67384,valid,,62.0,63.0,11.0,7.0,7.0,14.0,57.0
9845,RHEA:67392,valid,,33.0,34.0,4.0,2.0,3.0,5.0,24.0
9846,RHEA:67396,valid,,63.0,64.0,11.0,7.0,7.0,14.0,57.0
9847,RHEA:67400,valid,,24.0,24.0,10.0,8.0,7.0,15.0,56.0
9848,RHEA:67404,zero_fallback,ValueError:RDKit could not parse mapped reaction,,,,,,,
9849,RHEA:67408,zero_fallback,ValueError:RDKit could not parse mapped reaction,,,,,,,
9850,RHEA:67412,zero_fallback,ValueError:RDKit could not parse mapped reaction,,,,,,,
9851,RHEA:67416,zero_fallback,ValueError:RDKit could not parse mapped reaction,,,,,,,
9852,RHEA:67428,valid,,22.0,23.0,3.0,2.0,2.0,4.0,17.0
9853,RHEA:67432,valid,,89.0,89.0,4.0,4.0,0.0,4.0,22.0
9854,RHEA:67440,valid,,13.0,13.0,3.0,2.0,2.0,4.0,18.0
9855,RHEA:67444,valid,,53.0,53.0,3.0,2.0,2.0,4.0,17.0
9856,RHEA:67452,valid,,17.0,18.0,3.0,2.0,2.0,4.0,17.0
9857,RHEA:67456,valid,,135.0,135.0,4.0,4.0,0.0,4.0,22.0
9858,RHEA:67460,valid,,10.0,12.0,5.0,3.0,2.0,5.0,19.0
9859,RHEA:67464,valid,,53.0,55.0,3.0,2.0,2.0,4.0,17.0
9860,RHEA:67468,valid,,55.0,57.0,3.0,2.0,2.0,4.0,17.0
9861,RHEA:67472,valid,,56.0,58.0,3.0,2.0,2.0,4.0,17.0
9862,RHEA:67476,valid,,24.0,24.0,4.0,2.0,3.0,5.0,29.0
9863,RHEA:67480,valid,,27.0,27.0,9.0,8.0,3.0,11.0,48.0
9864,RHEA:67484,valid,,44.0,46.0,3.0,2.0,2.0,4.0,17.0
9865,RHEA:67488,valid,,131.0,131.0,21.0,24.0,4.0,28.0,63.0
9866,RHEA:67492,valid,,68.0,69.0,3.0,2.0,2.0,4.0,19.0
9867,RHEA:67496,valid,,59.0,60.0,3.0,2.0,2.0,4.0,19.0
9868,RHEA:67500,valid,,85.0,85.0,4.0,4.0,0.0,4.0,14.0
9869,RHEA:67504,valid,,90.0,90.0,3.0,2.0,2.0,4.0,16.0
9870,RHEA:67508,valid,,90.0,90.0,9.0,8.0,6.0,14.0,47.0
9871,RHEA:67516,valid,,89.0,89.0,13.0,10.0,6.0,16.0,50.0
9872,RHEA:67520,valid,,136.0,136.0,16.0,14.0,6.0,20.0,62.0
9873,RHEA:67524,valid,,61.0,63.0,3.0,2.0,2.0,4.0,17.0
9874,RHEA:67528,valid,,58.0,60.0,3.0,2.0,2.0,4.0,17.0
9875,RHEA:67532,valid,,68.0,70.0,3.0,2.0,2.0,4.0,17.0
9876,RHEA:67536,valid,,68.0,70.0,3.0,2.0,2.0,4.0,17.0
9877,RHEA:67540,valid,,66.0,68.0,3.0,2.0,2.0,4.0,17.0
9878,RHEA:67544,valid,,64.0,66.0,3.0,2.0,2.0,4.0,17.0
9879,RHEA:67548,valid,,30.0,30.0,3.0,2.0,2.0,4.0,19.0
9880,RHEA:67552,valid,,60.0,61.0,3.0,2.0,2.0,4.0,22.0
9881,RHEA:67556,valid,,64.0,65.0,3.0,2.0,2.0,4.0,22.0
9882,RHEA:67560,valid,,66.0,67.0,3.0,2.0,2.0,4.0,22.0
9883,RHEA:67564,valid,,59.0,60.0,3.0,2.0,2.0,4.0,22.0
9884,RHEA:67568,valid,,65.0,66.0,3.0,2.0,2.0,4.0,22.0
9885,RHEA:67572,valid,,60.0,61.0,3.0,2.0,2.0,4.0,22.0
9886,RHEA:67576,valid,,33.0,33.0,3.0,2.0,2.0,4.0,19.0
9887,RHEA:67584,valid,,82.0,82.0,10.0,10.0,0.0,10.0,38.0
9888,RHEA:67588,valid,,68.0,70.0,3.0,2.0,2.0,4.0,17.0
9889,RHEA:67592,valid,,59.0,61.0,3.0,2.0,2.0,4.0,17.0
9890,RHEA:67596,valid,,87.0,88.0,3.0,2.0,2.0,4.0,22.0
9891,RHEA:67600,valid,,33.0,34.0,4.0,2.0,3.0,5.0,24.0
9892,RHEA:67604,valid,,32.0,33.0,4.0,2.0,3.0,5.0,24.0
9893,RHEA:67608,valid,,33.0,34.0,4.0,2.0,3.0,5.0,24.0
9894,RHEA:67612,valid,,46.0,48.0,3.0,2.0,2.0,4.0,17.0
9895,RHEA:67616,valid,,34.0,35.0,5.0,4.0,2.0,6.0,25.0
9896,RHEA:67620,valid,,70.0,71.0,3.0,2.0,2.0,4.0,20.0
9897,RHEA:67624,valid,,71.0,72.0,3.0,2.0,2.0,4.0,19.0
9898,RHEA:67628,valid,,63.0,65.0,7.0,4.0,5.0,9.0,42.0
9899,RHEA:67636,valid,,31.0,31.0,3.0,2.0,2.0,4.0,19.0
9900,RHEA:67640,valid,,54.0,54.0,4.0,4.0,0.0,4.0,22.0
9901,RHEA:67644,valid,,58.0,58.0,4.0,4.0,0.0,4.0,22.0
9902,RHEA:67660,valid,,26.0,26.0,6.0,2.0,6.0,8.0,18.0
9903,RHEA:67664,valid,,30.0,30.0,3.0,2.0,2.0,4.0,19.0
9904,RHEA:67668,valid,,38.0,38.0,4.0,4.0,0.0,4.0,16.0
9905,RHEA:67672,valid,,35.0,35.0,4.0,4.0,0.0,4.0,18.0
9906,RHEA:67676,valid,,40.0,40.0,4.0,4.0,0.0,4.0,20.0
9907,RHEA:67680,valid,,52.0,53.0,3.0,2.0,2.0,4.0,18.0
9908,RHEA:67684,valid,,36.0,37.0,3.0,2.0,2.0,4.0,18.0
9909,RHEA:67688,valid,,53.0,54.0,4.0,2.0,3.0,5.0,21.0
9910,RHEA:67692,valid,,52.0,53.0,4.0,2.0,3.0,5.0,21.0
9911,RHEA:67696,valid,,68.0,69.0,3.0,2.0,2.0,4.0,19.0
9912,RHEA:67700,valid,,72.0,73.0,3.0,2.0,2.0,4.0,19.0
9913,RHEA:67704,valid,,56.0,57.0,4.0,2.0,3.0,5.0,21.0
9914,RHEA:67708,valid,,54.0,55.0,4.0,2.0,3.0,5.0,21.0
9915,RHEA:67712,valid,,70.0,71.0,3.0,2.0,2.0,4.0,19.0
9916,RHEA:67716,valid,,56.0,57.0,8.0,6.0,8.0,14.0,42.0
9917,RHEA:67732,valid,,55.0,55.0,3.0,2.0,2.0,4.0,22.0
9918,RHEA:67744,valid,,30.0,30.0,4.0,2.0,3.0,5.0,22.0
9919,RHEA:67748,valid,,34.0,34.0,4.0,4.0,0.0,4.0,18.0
9920,RHEA:67752,valid,,80.0,80.0,14.0,12.0,4.0,16.0,46.0
9921,RHEA:67756,valid,,131.0,131.0,14.0,12.0,4.0,16.0,47.0
9922,RHEA:67760,valid,,131.0,131.0,4.0,4.0,0.0,4.0,22.0
9923,RHEA:67764,valid,,135.0,135.0,4.0,4.0,0.0,4.0,16.0
9924,RHEA:67768,valid,,135.0,135.0,4.0,4.0,0.0,4.0,22.0
9925,RHEA:67780,valid,,131.0,131.0,14.0,12.0,4.0,16.0,41.0
9926,RHEA:67784,valid,,162.0,162.0,8.0,8.0,0.0,8.0,26.0
9927,RHEA:67788,valid,,66.0,66.0,8.0,8.0,0.0,8.0,24.0
9928,RHEA:67792,valid,,35.0,35.0,3.0,2.0,2.0,4.0,22.0
9929,RHEA:67796,valid,,28.0,28.0,6.0,6.0,2.0,8.0,34.0
9930,RHEA:67800,valid,,37.0,37.0,13.0,13.0,5.0,18.0,38.0
9931,RHEA:67804,valid,,24.0,24.0,7.0,7.0,2.0,9.0,35.0
9932,RHEA:67808,valid,,38.0,39.0,3.0,2.0,2.0,4.0,20.0
9933,RHEA:67812,valid,,74.0,74.0,3.0,2.0,2.0,4.0,20.0
9934,RHEA:67816,valid,,46.0,46.0,3.0,2.0,2.0,4.0,18.0
9935,RHEA:67820,valid,,131.0,131.0,10.0,10.0,0.0,10.0,40.0
9936,RHEA:67828,valid,,76.0,77.0,5.0,4.0,2.0,6.0,26.0
9937,RHEA:67836,valid,,135.0,135.0,12.0,12.0,0.0,12.0,42.0
9938,RHEA:67840,valid,,82.0,83.0,13.0,14.0,1.0,15.0,49.0
9939,RHEA:67848,valid,,101.0,101.0,6.0,4.0,3.0,7.0,36.0
9940,RHEA:67856,valid,,79.0,80.0,3.0,2.0,2.0,4.0,22.0
9941,RHEA:67860,valid,,78.0,79.0,3.0,2.0,2.0,4.0,22.0
9942,RHEA:67864,valid,,79.0,80.0,3.0,2.0,2.0,4.0,22.0
9943,RHEA:67868,valid,,78.0,79.0,3.0,2.0,2.0,4.0,22.0
9944,RHEA:67872,valid,,88.0,89.0,4.0,4.0,1.0,5.0,26.0
9945,RHEA:67876,valid,,54.0,55.0,3.0,2.0,2.0,4.0,22.0
9946,RHEA:67880,valid,,42.0,43.0,3.0,2.0,2.0,4.0,22.0
9947,RHEA:67884,valid,,42.0,43.0,3.0,2.0,2.0,4.0,22.0
9948,RHEA:67888,valid,,54.0,55.0,3.0,2.0,2.0,4.0,22.0
9949,RHEA:67892,valid,,53.0,54.0,3.0,2.0,2.0,4.0,22.0
9950,RHEA:67896,valid,,43.0,43.0,3.0,2.0,2.0,4.0,22.0
9951,RHEA:67900,valid,,64.0,64.0,4.0,4.0,0.0,4.0,20.0
9952,RHEA:67904,valid,,91.0,91.0,5.0,5.0,2.0,7.0,32.0
9953,RHEA:67908,valid,,8.0,9.0,3.0,2.0,2.0,4.0,18.0
9954,RHEA:67912,valid,,33.0,33.0,3.0,2.0,2.0,4.0,19.0
9955,RHEA:67916,valid,,24.0,24.0,3.0,2.0,2.0,4.0,16.0
9956,RHEA:67932,valid,,60.0,61.0,4.0,2.0,3.0,5.0,21.0
9957,RHEA:67940,valid,,13.0,13.0,4.0,2.0,4.0,6.0,18.0
9958,RHEA:67944,valid,,21.0,21.0,4.0,2.0,4.0,6.0,18.0
9959,RHEA:67948,valid,,87.0,88.0,4.0,4.0,1.0,5.0,26.0
9960,RHEA:67956,valid,,7.0,8.0,3.0,2.0,2.0,4.0,16.0
9961,RHEA:67960,valid,,40.0,41.0,3.0,2.0,2.0,4.0,20.0
9962,RHEA:67964,valid,,41.0,42.0,3.0,2.0,2.0,4.0,19.0
9963,RHEA:67968,valid,,40.0,41.0,3.0,2.0,2.0,4.0,19.0
9964,RHEA:67976,valid,,40.0,40.0,7.0,4.0,6.0,10.0,41.0
9965,RHEA:67980,valid,,40.0,40.0,7.0,4.0,6.0,10.0,41.0
9966,RHEA:67984,valid,,12.0,12.0,0.0,0.0,0.0,0.0,0.0
9967,RHEA:67988,valid,,13.0,13.0,0.0,0.0,0.0,0.0,0.0
9968,RHEA:67992,valid,,7.0,7.0,4.0,2.0,3.0,5.0,20.0
9969,RHEA:67996,valid,,6.0,6.0,4.0,2.0,3.0,5.0,20.0
9970,RHEA:68000,valid,,6.0,6.0,4.0,2.0,3.0,5.0,18.0
9971,RHEA:68004,valid,,5.0,5.0,4.0,2.0,3.0,5.0,18.0
9972,RHEA:68008,valid,,30.0,31.0,3.0,2.0,2.0,4.0,18.0
9973,RHEA:68016,valid,,26.0,26.0,4.0,2.0,3.0,5.0,22.0
9974,RHEA:68020,valid,,16.0,16.0,3.0,2.0,2.0,4.0,17.0
9975,RHEA:68024,valid,,36.0,36.0,4.0,2.0,3.0,5.0,22.0
9976,RHEA:68044,valid,,110.0,111.0,3.0,2.0,2.0,4.0,21.0
9977,RHEA:68052,valid,,29.0,30.0,3.0,2.0,2.0,4.0,19.0
9978,RHEA:68056,valid,,18.0,19.0,3.0,2.0,2.0,4.0,19.0
9979,RHEA:68060,valid,,54.0,55.0,11.0,7.0,7.0,14.0,57.0
9980,RHEA:68064,valid,,55.0,56.0,12.0,7.0,8.0,15.0,59.0
9981,RHEA:68068,valid,,55.0,57.0,13.0,9.0,7.0,16.0,66.0
9982,RHEA:68076,valid,,61.0,61.0,6.0,4.0,3.0,7.0,33.0
9983,RHEA:68080,valid,,61.0,62.0,7.0,4.0,5.0,9.0,42.0
9984,RHEA:68096,valid,,29.0,30.0,3.0,2.0,2.0,4.0,19.0
9985,RHEA:68100,valid,,54.0,55.0,8.0,7.0,8.0,15.0,48.0
9986,RHEA:68104,valid,,44.0,44.0,4.0,4.0,0.0,4.0,19.0
9987,RHEA:68116,valid,,33.0,34.0,6.0,4.0,1.0,5.0,29.0
9988,RHEA:68120,valid,,63.0,63.0,3.0,2.0,2.0,4.0,20.0
9989,RHEA:68124,valid,,44.0,44.0,3.0,2.0,2.0,4.0,20.0
9990,RHEA:68128,valid,,72.0,72.0,3.0,2.0,2.0,4.0,20.0
9991,RHEA:68132,valid,,84.0,84.0,3.0,2.0,2.0,4.0,20.0
9992,RHEA:68136,valid,,57.0,57.0,8.0,7.0,8.0,15.0,48.0
9993,RHEA:68140,valid,,104.0,104.0,16.0,14.0,16.0,30.0,48.0
9994,RHEA:68144,valid,,57.0,57.0,8.0,7.0,8.0,15.0,48.0
9995,RHEA:68148,valid,,57.0,57.0,8.0,7.0,8.0,15.0,48.0
9996,RHEA:68152,valid,,63.0,63.0,3.0,2.0,2.0,4.0,20.0
9997,RHEA:68156,valid,,29.0,29.0,4.0,2.0,3.0,5.0,29.0
9998,RHEA:68160,zero_fallback,ValueError:RDKit could not parse mapped reaction,,,,,,,
9999,RHEA:68164,zero_fallback,ValueError:RDKit could not parse mapped reaction,,,,,,,
10000,RHEA:68168,zero_fallback,ValueError:RDKit could not parse mapped reaction,,,,,,,
10001,RHEA:68172,valid,,34.0,34.0,9.0,8.0,3.0,11.0,48.0
10002,RHEA:68176,valid,,32.0,32.0,9.0,8.0,3.0,11.0,48.0
10003,RHEA:68184,valid,,52.0,53.0,3.0,2.0,2.0,4.0,18.0
10004,RHEA:68188,valid,,82.0,82.0,3.0,2.0,2.0,4.0,20.0
10005,RHEA:68192,valid,,80.0,80.0,3.0,2.0,2.0,4.0,20.0
10006,RHEA:68196,valid,,83.0,83.0,6.0,6.0,2.0,8.0,31.0
10007,RHEA:68200,valid,,85.0,85.0,3.0,2.0,2.0,4.0,20.0
10008,RHEA:68204,valid,,87.0,87.0,6.0,6.0,2.0,8.0,30.0
10009,RHEA:68208,valid,,85.0,85.0,3.0,2.0,2.0,4.0,20.0
10010,RHEA:68212,valid,,87.0,87.0,5.0,4.0,2.0,6.0,26.0
10011,RHEA:68216,valid,,87.0,87.0,3.0,2.0,2.0,4.0,20.0
10012,RHEA:68220,valid,,86.0,86.0,3.0,2.0,2.0,4.0,20.0
10013,RHEA:68224,valid,,27.0,27.0,9.0,8.0,3.0,11.0,47.0
10014,RHEA:68268,valid,,70.0,70.0,9.0,8.0,9.0,17.0,50.0
10015,RHEA:68272,valid,,59.0,59.0,3.0,2.0,2.0,4.0,20.0
10016,RHEA:68276,valid,,61.0,61.0,3.0,2.0,2.0,4.0,20.0
10017,RHEA:68280,valid,,62.0,62.0,3.0,2.0,2.0,4.0,20.0
10018,RHEA:68284,valid,,63.0,63.0,3.0,2.0,2.0,4.0,20.0
10019,RHEA:68288,valid,,64.0,64.0,3.0,2.0,2.0,4.0,20.0
10020,RHEA:68292,valid,,66.0,66.0,3.0,2.0,2.0,4.0,20.0
10021,RHEA:68296,valid,,69.0,69.0,3.0,2.0,2.0,4.0,20.0
10022,RHEA:68300,valid,,71.0,71.0,3.0,2.0,2.0,4.0,20.0
10023,RHEA:68308,valid,,37.0,37.0,6.0,4.0,3.0,7.0,24.0
10024,RHEA:68312,valid,,33.0,33.0,4.0,2.0,3.0,5.0,22.0
10025,RHEA:68316,valid,,29.0,29.0,4.0,2.0,3.0,5.0,22.0
10026,RHEA:68320,valid,,25.0,25.0,3.0,2.0,2.0,4.0,17.0
10027,RHEA:68324,valid,,21.0,21.0,6.0,4.0,3.0,7.0,24.0
10028,RHEA:68328,valid,,23.0,23.0,4.0,2.0,3.0,5.0,22.0
10029,RHEA:68332,valid,,20.0,20.0,4.0,2.0,3.0,5.0,22.0
10030,RHEA:68336,valid,,26.0,26.0,4.0,2.0,3.0,5.0,22.0
10031,RHEA:68340,valid,,27.0,27.0,4.0,2.0,3.0,5.0,22.0
10032,RHEA:68344,valid,,63.0,63.0,11.0,8.0,5.0,13.0,40.0
10033,RHEA:68360,valid,,12.0,13.0,5.0,2.0,5.0,7.0,23.0
10034,RHEA:68364,valid,,33.0,34.0,3.0,2.0,2.0,4.0,22.0
10035,RHEA:68372,valid,,15.0,15.0,4.0,4.0,2.0,6.0,26.0
10036,RHEA:68376,valid,,14.0,14.0,4.0,4.0,2.0,6.0,26.0
10037,RHEA:68380,valid,,16.0,16.0,4.0,4.0,0.0,4.0,24.0
10038,RHEA:68384,valid,,40.0,40.0,9.0,7.0,6.0,13.0,62.0
10039,RHEA:68388,valid,,30.0,30.0,18.0,15.0,14.0,29.0,37.0
10040,RHEA:68392,valid,,6.0,7.0,3.0,2.0,2.0,4.0,15.0
10041,RHEA:68396,valid,,6.0,7.0,3.0,2.0,2.0,4.0,15.0
10042,RHEA:68400,valid,,24.0,24.0,12.0,11.0,9.0,20.0,68.0
10043,RHEA:68404,valid,,59.0,59.0,11.0,9.0,10.0,19.0,62.0
10044,RHEA:68408,valid,,60.0,60.0,11.0,9.0,10.0,19.0,62.0
10045,RHEA:68416,valid,,15.0,15.0,3.0,2.0,2.0,4.0,18.0
10046,RHEA:68420,valid,,16.0,16.0,3.0,2.0,2.0,4.0,18.0
10047,RHEA:68424,valid,,31.0,31.0,4.0,4.0,0.0,4.0,19.0
10048,RHEA:68428,valid,,44.0,44.0,8.0,8.0,0.0,8.0,29.0
10049,RHEA:68432,valid,,44.0,44.0,4.0,4.0,0.0,4.0,19.0
10050,RHEA:68436,valid,,31.0,31.0,4.0,4.0,0.0,4.0,19.0
10051,RHEA:68440,valid,,43.0,43.0,8.0,8.0,0.0,8.0,29.0
10052,RHEA:68444,valid,,42.0,42.0,4.0,4.0,0.0,4.0,19.0
10053,RHEA:68448,valid,,42.0,42.0,4.0,4.0,0.0,4.0,19.0
10054,RHEA:68452,valid,,30.0,30.0,4.0,4.0,0.0,4.0,19.0
10055,RHEA:68456,valid,,57.0,57.0,3.0,2.0,2.0,4.0,18.0
10056,RHEA:68468,valid,,24.0,24.0,4.0,2.0,3.0,5.0,29.0
10057,RHEA:68472,valid,,24.0,24.0,6.0,4.0,3.0,7.0,41.0
10058,RHEA:68504,valid,,24.0,24.0,6.0,4.0,3.0,7.0,37.0
10059,RHEA:68508,valid,,24.0,24.0,6.0,4.0,3.0,7.0,37.0
10060,RHEA:68512,valid,,24.0,24.0,11.0,10.0,6.0,16.0,61.0
10061,RHEA:68516,valid,,24.0,24.0,11.0,10.0,6.0,16.0,61.0
10062,RHEA:68520,valid,,24.0,24.0,9.0,6.0,8.0,14.0,55.0
10063,RHEA:68524,valid,,10.0,13.0,8.0,7.0,0.0,7.0,31.0
10064,RHEA:68528,valid,,10.0,13.0,8.0,7.0,2.0,9.0,30.0
10065,RHEA:68532,valid,,24.0,24.0,6.0,4.0,3.0,7.0,40.0
10066,RHEA:68536,valid,,24.0,24.0,12.0,13.0,8.0,21.0,71.0
10067,RHEA:68540,valid,,24.0,24.0,12.0,12.0,9.0,21.0,63.0
10068,RHEA:68544,valid,,24.0,24.0,6.0,4.0,3.0,7.0,37.0
10069,RHEA:68548,valid,,47.0,48.0,11.0,7.0,7.0,14.0,56.0
10070,RHEA:68564,valid,,46.0,47.0,11.0,7.0,7.0,14.0,56.0
10071,RHEA:68576,valid,,43.0,44.0,3.0,2.0,2.0,4.0,18.0
10072,RHEA:68580,valid,,47.0,48.0,4.0,2.0,3.0,5.0,21.0
10073,RHEA:68584,valid,,47.0,48.0,3.0,2.0,2.0,4.0,18.0
10074,RHEA:68588,valid,,72.0,73.0,3.0,2.0,2.0,4.0,21.0
10075,RHEA:68592,valid,,64.0,65.0,4.0,2.0,3.0,5.0,21.0
10076,RHEA:68596,valid,,24.0,24.0,8.0,6.0,7.0,13.0,54.0
10077,RHEA:68600,valid,,9.0,9.0,4.0,2.0,4.0,6.0,24.0
10078,RHEA:68604,valid,,9.0,10.0,5.0,3.0,4.0,7.0,30.0
10079,RHEA:68608,valid,,59.0,59.0,8.0,7.0,8.0,15.0,47.0
10080,RHEA:68612,valid,,73.0,73.0,8.0,7.0,8.0,15.0,46.0
10081,RHEA:68616,valid,,74.0,74.0,8.0,7.0,8.0,15.0,46.0
10082,RHEA:68636,valid,,19.0,19.0,10.0,12.0,8.0,20.0,62.0
10083,RHEA:68640,valid,,19.0,19.0,6.0,4.0,5.0,9.0,42.0
10084,RHEA:68644,valid,,19.0,33.0,27.0,30.0,10.0,40.0,98.0
10085,RHEA:68656,valid,,77.0,77.0,8.0,7.0,8.0,15.0,47.0
10086,RHEA:68660,valid,,67.0,68.0,3.0,2.0,2.0,4.0,22.0
10087,RHEA:68664,valid,,63.0,64.0,3.0,2.0,2.0,4.0,22.0
10088,RHEA:68668,valid,,64.0,65.0,3.0,2.0,2.0,4.0,22.0
10089,RHEA:68672,valid,,64.0,65.0,3.0,2.0,2.0,4.0,22.0
10090,RHEA:68676,valid,,63.0,64.0,3.0,2.0,2.0,4.0,22.0
10091,RHEA:68680,valid,,66.0,67.0,3.0,2.0,2.0,4.0,22.0
10092,RHEA:68684,valid,,64.0,65.0,3.0,2.0,2.0,4.0,22.0
10093,RHEA:68688,valid,,64.0,65.0,3.0,2.0,2.0,4.0,22.0
10094,RHEA:68692,valid,,68.0,69.0,3.0,2.0,2.0,4.0,22.0
10095,RHEA:68696,valid,,63.0,64.0,3.0,2.0,2.0,4.0,22.0
10096,RHEA:68700,valid,,64.0,65.0,3.0,2.0,2.0,4.0,22.0
10097,RHEA:68704,valid,,64.0,65.0,3.0,2.0,2.0,4.0,22.0
10098,RHEA:68708,valid,,20.0,20.0,7.0,6.0,3.0,9.0,45.0
10099,RHEA:68712,valid,,24.0,24.0,11.0,8.0,7.0,15.0,63.0
10100,RHEA:68716,valid,,24.0,24.0,10.0,8.0,5.0,13.0,63.0
10101,RHEA:68720,valid,,64.0,65.0,11.0,7.0,7.0,14.0,57.0
10102,RHEA:68724,valid,,65.0,66.0,12.0,7.0,8.0,15.0,58.0
10103,RHEA:68728,valid,,65.0,67.0,11.0,7.0,7.0,14.0,56.0
10104,RHEA:68732,valid,,67.0,68.0,11.0,7.0,7.0,14.0,57.0
10105,RHEA:68736,valid,,67.0,68.0,11.0,7.0,7.0,14.0,57.0
10106,RHEA:68740,valid,,77.0,77.0,8.0,7.0,8.0,15.0,47.0
10107,RHEA:68744,zero_fallback,missing_mapping,,,,,,,
10108,RHEA:68756,zero_fallback,missing_mapping,,,,,,,
10109,RHEA:68760,zero_fallback,missing_mapping,,,,,,,
10110,RHEA:68764,zero_fallback,missing_mapping,,,,,,,
10111,RHEA:68768,zero_fallback,missing_mapping,,,,,,,
10112,RHEA:68772,valid,,24.0,24.0,9.0,9.0,5.0,14.0,52.0
10113,RHEA:68776,valid,,24.0,24.0,9.0,8.0,5.0,13.0,58.0
10114,RHEA:68780,valid,,24.0,24.0,12.0,14.0,3.0,17.0,62.0
10115,RHEA:68784,valid,,24.0,24.0,9.0,6.0,7.0,13.0,52.0
10116,RHEA:68788,valid,,24.0,24.0,4.0,2.0,3.0,5.0,29.0
10117,RHEA:68792,valid,,45.0,46.0,10.0,10.0,2.0,12.0,41.0
10118,RHEA:68796,valid,,24.0,24.0,3.0,2.0,2.0,4.0,16.0
10119,RHEA:68800,valid,,24.0,24.0,3.0,2.0,2.0,4.0,17.0
10120,RHEA:68804,valid,,24.0,24.0,3.0,2.0,2.0,4.0,17.0
10121,RHEA:68808,valid,,24.0,24.0,3.0,2.0,2.0,4.0,18.0
10122,RHEA:68824,valid,,19.0,19.0,6.0,5.0,3.0,8.0,39.0
10123,RHEA:68828,valid,,55.0,56.0,8.0,7.0,8.0,15.0,46.0
10124,RHEA:68844,valid,,24.0,24.0,6.0,4.0,3.0,7.0,40.0
10125,RHEA:68852,valid,,25.0,25.0,7.0,4.0,6.0,10.0,44.0
10126,RHEA:68864,valid,,24.0,24.0,3.0,2.0,2.0,4.0,18.0
10127,RHEA:68868,valid,,88.0,88.0,12.0,10.0,11.0,21.0,71.0
10128,RHEA:68872,valid,,90.0,90.0,12.0,10.0,11.0,21.0,72.0
10129,RHEA:68876,valid,,91.0,91.0,12.0,10.0,11.0,21.0,71.0
10130,RHEA:68880,valid,,89.0,89.0,12.0,10.0,11.0,21.0,72.0
10131,RHEA:68884,valid,,89.0,89.0,12.0,10.0,11.0,21.0,71.0
10132,RHEA:68888,valid,,90.0,90.0,11.0,9.0,9.0,18.0,66.0
10133,RHEA:68892,valid,,90.0,90.0,11.0,9.0,9.0,18.0,65.0
10134,RHEA:68896,valid,,89.0,89.0,12.0,10.0,11.0,21.0,71.0
10135,RHEA:68900,valid,,90.0,90.0,11.0,9.0,9.0,18.0,65.0
10136,RHEA:68904,valid,,90.0,90.0,12.0,10.0,11.0,21.0,72.0
10137,RHEA:68908,valid,,88.0,88.0,12.0,10.0,11.0,21.0,72.0
10138,RHEA:68912,valid,,84.0,84.0,13.0,11.0,9.0,20.0,68.0
10139,RHEA:68916,valid,,85.0,85.0,11.0,9.0,9.0,18.0,66.0
10140,RHEA:68920,valid,,86.0,86.0,11.0,9.0,9.0,18.0,66.0
10141,RHEA:68924,valid,,87.0,87.0,12.0,10.0,11.0,21.0,72.0
10142,RHEA:68928,valid,,88.0,88.0,12.0,10.0,11.0,21.0,72.0
10143,RHEA:68932,valid,,89.0,89.0,12.0,10.0,11.0,21.0,72.0
10144,RHEA:68936,valid,,90.0,90.0,12.0,10.0,11.0,21.0,72.0
10145,RHEA:68944,valid,,40.0,41.0,3.0,2.0,2.0,4.0,19.0
10146,RHEA:68948,valid,,40.0,41.0,3.0,2.0,2.0,4.0,19.0
10147,RHEA:68960,valid,,40.0,41.0,3.0,2.0,2.0,4.0,19.0
10148,RHEA:68964,valid,,23.0,23.0,4.0,2.0,4.0,6.0,18.0
10149,RHEA:68968,valid,,13.0,13.0,4.0,2.0,4.0,6.0,17.0
10150,RHEA:68972,valid,,11.0,13.0,5.0,3.0,2.0,5.0,19.0
10151,RHEA:68976,valid,,80.0,81.0,8.0,7.0,8.0,15.0,46.0
10152,RHEA:68980,valid,,82.0,83.0,8.0,7.0,8.0,15.0,46.0
10153,RHEA:68984,valid,,80.0,82.0,7.0,4.0,5.0,9.0,41.0
10154,RHEA:68988,valid,,85.0,85.0,3.0,2.0,2.0,4.0,20.0
10155,RHEA:68992,valid,,61.0,61.0,9.0,8.0,9.0,17.0,49.0
10156,RHEA:68996,valid,,35.0,35.0,6.0,6.0,2.0,8.0,30.0
10157,RHEA:69000,valid,,39.0,40.0,3.0,2.0,2.0,4.0,19.0
10158,RHEA:69004,valid,,47.0,47.0,14.0,13.0,13.0,26.0,77.0
10159,RHEA:69008,zero_fallback,missing_mapping,,,,,,,
10160,RHEA:69012,valid,,69.0,69.0,8.0,7.0,8.0,15.0,47.0
10161,RHEA:69016,valid,,71.0,72.0,8.0,7.0,8.0,15.0,47.0
10162,RHEA:69028,valid,,69.0,69.0,8.0,7.0,8.0,15.0,47.0
10163,RHEA:69036,valid,,69.0,69.0,8.0,7.0,8.0,15.0,47.0
10164,RHEA:69044,valid,,11.0,12.0,3.0,2.0,2.0,4.0,17.0
10165,RHEA:69052,valid,,107.0,107.0,22.0,20.0,19.0,39.0,73.0
10166,RHEA:69056,valid,,59.0,59.0,9.0,8.0,9.0,17.0,51.0
10167,RHEA:69060,valid,,60.0,60.0,9.0,8.0,9.0,17.0,51.0
10168,RHEA:69064,valid,,17.0,17.0,6.0,5.0,3.0,8.0,33.0
10169,RHEA:69068,valid,,33.0,33.0,4.0,2.0,2.0,4.0,13.0
10170,RHEA:69072,valid,,16.0,16.0,5.0,3.0,5.0,8.0,22.0
10171,RHEA:69076,valid,,15.0,15.0,5.0,3.0,5.0,8.0,22.0
10172,RHEA:69096,valid,,24.0,24.0,10.0,10.0,6.0,16.0,59.0
10173,RHEA:69104,valid,,22.0,22.0,10.0,10.0,6.0,16.0,59.0
10174,RHEA:69112,valid,,16.0,16.0,4.0,4.0,2.0,6.0,26.0
10175,RHEA:69116,valid,,18.0,18.0,4.0,4.0,2.0,6.0,26.0
10176,RHEA:69120,valid,,17.0,17.0,4.0,4.0,2.0,6.0,26.0
10177,RHEA:69124,valid,,20.0,20.0,4.0,4.0,2.0,6.0,26.0
10178,RHEA:69128,valid,,14.0,14.0,4.0,4.0,2.0,6.0,26.0
10179,RHEA:69172,valid,,17.0,17.0,3.0,2.0,2.0,4.0,19.0
10180,RHEA:69176,valid,,18.0,18.0,3.0,2.0,2.0,4.0,19.0
10181,RHEA:69180,valid,,53.0,53.0,4.0,4.0,0.0,4.0,22.0
10182,RHEA:69216,valid,,106.0,107.0,8.0,7.0,8.0,15.0,48.0
10183,RHEA:69228,valid,,11.0,11.0,6.0,6.0,2.0,8.0,39.0
10184,RHEA:69252,valid,,11.0,11.0,6.0,6.0,4.0,10.0,42.0
10185,RHEA:69272,valid,,11.0,11.0,5.0,4.0,2.0,6.0,34.0
10186,RHEA:69276,valid,,11.0,11.0,4.0,3.0,2.0,5.0,25.0
10187,RHEA:69284,valid,,68.0,69.0,8.0,7.0,8.0,15.0,47.0
10188,RHEA:69308,valid,,15.0,15.0,4.0,3.0,2.0,5.0,25.0
10189,RHEA:69312,valid,,15.0,15.0,5.0,4.0,2.0,6.0,34.0
10190,RHEA:69316,valid,,11.0,11.0,5.0,4.0,2.0,6.0,34.0
10191,RHEA:69320,valid,,26.0,26.0,4.0,2.0,3.0,5.0,25.0
10192,RHEA:69328,valid,,14.0,15.0,4.0,3.0,3.0,6.0,26.0
10193,RHEA:69332,valid,,61.0,61.0,6.0,4.0,4.0,8.0,37.0
10194,RHEA:69356,valid,,16.0,16.0,3.0,2.0,2.0,4.0,16.0
10195,RHEA:69360,valid,,17.0,17.0,4.0,2.0,4.0,6.0,17.0
10196,RHEA:69368,valid,,66.0,67.0,8.0,7.0,8.0,15.0,46.0
10197,RHEA:69372,valid,,11.0,11.0,4.0,2.0,4.0,6.0,18.0
10198,RHEA:69376,valid,,17.0,17.0,4.0,2.0,4.0,6.0,18.0
10199,RHEA:69380,valid,,11.0,11.0,4.0,2.0,4.0,6.0,18.0
10200,RHEA:69384,valid,,12.0,12.0,3.0,2.0,2.0,4.0,16.0
10201,RHEA:69388,valid,,17.0,18.0,3.0,2.0,2.0,4.0,21.0
10202,RHEA:69396,valid,,117.0,117.0,3.0,2.0,2.0,4.0,20.0
10203,RHEA:69400,valid,,120.0,120.0,3.0,2.0,2.0,4.0,20.0
10204,RHEA:69408,valid,,66.0,67.0,8.0,7.0,8.0,15.0,46.0
10205,RHEA:69412,valid,,46.0,46.0,4.0,2.0,4.0,6.0,20.0
10206,RHEA:69416,valid,,5.0,5.0,3.0,2.0,2.0,4.0,15.0
10207,RHEA:69420,valid,,3.0,3.0,3.0,2.0,3.0,5.0,12.0
10208,RHEA:69424,valid,,54.0,54.0,3.0,2.0,2.0,4.0,18.0
10209,RHEA:69432,zero_fallback,missing_mapping,,,,,,,
10210,RHEA:69436,valid,,72.0,72.0,8.0,7.0,8.0,15.0,47.0
10211,RHEA:69440,valid,,70.0,71.0,8.0,7.0,8.0,15.0,47.0
10212,RHEA:69444,valid,,24.0,24.0,12.0,8.0,9.0,17.0,71.0
10213,RHEA:69448,valid,,25.0,25.0,8.0,6.0,8.0,14.0,51.0
10214,RHEA:69452,valid,,70.0,70.0,8.0,7.0,8.0,15.0,47.0
10215,RHEA:69456,valid,,70.0,70.0,8.0,7.0,8.0,15.0,46.0
10216,RHEA:69460,valid,,106.0,107.0,10.0,8.0,8.0,16.0,38.0
10217,RHEA:69464,zero_fallback,missing_mapping,,,,,,,
10218,RHEA:69476,valid,,61.0,62.0,3.0,2.0,2.0,4.0,22.0
10219,RHEA:69484,valid,,15.0,15.0,4.0,2.0,4.0,6.0,19.0
10220,RHEA:69488,valid,,17.0,17.0,4.0,2.0,4.0,6.0,19.0
10221,RHEA:69492,valid,,11.0,11.0,4.0,2.0,4.0,6.0,19.0
10222,RHEA:69496,valid,,13.0,13.0,4.0,2.0,4.0,6.0,19.0
10223,RHEA:69500,valid,,57.0,58.0,7.0,4.0,5.0,9.0,44.0
10224,RHEA:69504,valid,,17.0,17.0,4.0,2.0,4.0,6.0,19.0
10225,RHEA:69512,valid,,18.0,19.0,6.0,4.0,5.0,9.0,29.0
10226,RHEA:69516,valid,,17.0,17.0,4.0,2.0,4.0,6.0,19.0
10227,RHEA:69524,valid,,14.0,14.0,4.0,2.0,4.0,6.0,21.0
10228,RHEA:69540,valid,,72.0,72.0,4.0,2.0,3.0,5.0,29.0
10229,RHEA:69544,valid,,49.0,49.0,4.0,2.0,3.0,5.0,29.0
10230,RHEA:69548,valid,,11.0,11.0,3.0,2.0,2.0,4.0,19.0
10231,RHEA:69552,valid,,20.0,20.0,4.0,4.0,2.0,6.0,26.0
10232,RHEA:69572,valid,,41.0,41.0,7.0,5.0,2.0,7.0,39.0
10233,RHEA:69576,valid,,33.0,33.0,5.0,4.0,2.0,6.0,30.0
10234,RHEA:69580,valid,,42.0,42.0,7.0,5.0,2.0,7.0,40.0
10235,RHEA:69584,valid,,43.0,43.0,9.0,9.0,2.0,11.0,39.0
10236,RHEA:69588,valid,,40.0,40.0,7.0,5.0,2.0,7.0,35.0
10237,RHEA:69592,valid,,40.0,40.0,11.0,9.0,2.0,11.0,43.0
10238,RHEA:69596,valid,,42.0,42.0,5.0,4.0,2.0,6.0,30.0
10239,RHEA:69603,valid,,29.0,29.0,3.0,2.0,2.0,4.0,22.0
10240,RHEA:69607,valid,,60.0,61.0,3.0,2.0,2.0,4.0,22.0
10241,RHEA:69615,valid,,124.0,125.0,4.0,4.0,1.0,5.0,26.0
10242,RHEA:69619,zero_fallback,missing_mapping,,,,,,,
10243,RHEA:69623,zero_fallback,missing_mapping,,,,,,,
10244,RHEA:69627,zero_fallback,missing_mapping,,,,,,,
10245,RHEA:69631,zero_fallback,missing_mapping,,,,,,,
10246,RHEA:69635,valid,,113.0,114.0,3.0,2.0,2.0,4.0,22.0
10247,RHEA:69639,valid,,32.0,32.0,3.0,2.0,2.0,4.0,18.0
10248,RHEA:69643,valid,,71.0,71.0,4.0,2.0,4.0,6.0,18.0
10249,RHEA:69647,valid,,34.0,34.0,3.0,2.0,2.0,4.0,18.0
10250,RHEA:69651,valid,,51.0,51.0,4.0,2.0,4.0,6.0,20.0
10251,RHEA:69655,valid,,34.0,34.0,3.0,2.0,2.0,4.0,18.0
10252,RHEA:69659,valid,,33.0,33.0,4.0,2.0,3.0,5.0,25.0
10253,RHEA:69663,valid,,33.0,33.0,4.0,2.0,3.0,5.0,25.0
10254,RHEA:69667,valid,,33.0,33.0,3.0,2.0,2.0,4.0,18.0
10255,RHEA:69671,valid,,32.0,32.0,3.0,2.0,2.0,4.0,18.0
10256,RHEA:69675,valid,,33.0,33.0,3.0,2.0,2.0,4.0,18.0
10257,RHEA:69679,valid,,32.0,32.0,4.0,2.0,3.0,5.0,25.0
10258,RHEA:69683,valid,,31.0,32.0,3.0,2.0,2.0,4.0,19.0
10259,RHEA:69687,valid,,32.0,32.0,4.0,2.0,3.0,5.0,25.0
10260,RHEA:69691,valid,,96.0,97.0,3.0,2.0,2.0,4.0,22.0
10261,RHEA:69695,valid,,57.0,57.0,14.0,13.0,12.0,25.0,62.0
10262,RHEA:69699,valid,,50.0,50.0,3.0,2.0,2.0,4.0,18.0
10263,RHEA:69703,valid,,50.0,50.0,3.0,2.0,2.0,4.0,18.0
10264,RHEA:69707,valid,,50.0,50.0,3.0,2.0,2.0,4.0,18.0
10265,RHEA:69711,valid,,50.0,50.0,3.0,2.0,2.0,4.0,18.0
10266,RHEA:69715,valid,,92.0,92.0,6.0,4.0,3.0,7.0,36.0
10267,RHEA:69719,valid,,44.0,44.0,5.0,4.0,1.0,5.0,31.0
10268,RHEA:69723,valid,,83.0,84.0,3.0,2.0,2.0,4.0,22.0
10269,RHEA:69735,valid,,69.0,69.0,4.0,4.0,0.0,4.0,24.0
10270,RHEA:69739,valid,,69.0,69.0,4.0,4.0,0.0,4.0,21.0
10271,RHEA:69743,valid,,70.0,70.0,4.0,4.0,0.0,4.0,24.0
10272,RHEA:69747,valid,,68.0,68.0,4.0,4.0,0.0,4.0,24.0
10273,RHEA:69751,valid,,63.0,63.0,6.0,4.0,4.0,8.0,31.0
10274,RHEA:69755,valid,,64.0,64.0,6.0,4.0,4.0,8.0,31.0
10275,RHEA:69759,valid,,55.0,57.0,8.0,7.0,8.0,15.0,47.0
10276,RHEA:69767,valid,,55.0,57.0,8.0,7.0,8.0,15.0,47.0
10277,RHEA:69775,valid,,24.0,24.0,11.0,11.0,8.0,19.0,68.0
10278,RHEA:69779,valid,,69.0,69.0,4.0,4.0,0.0,4.0,24.0
10279,RHEA:69783,valid,,70.0,70.0,4.0,4.0,0.0,4.0,24.0
10280,RHEA:69787,valid,,70.0,70.0,4.0,4.0,0.0,4.0,21.0
10281,RHEA:69811,valid,,63.0,64.0,13.0,9.0,7.0,16.0,64.0
10282,RHEA:69819,valid,,56.0,56.0,9.0,8.0,7.0,15.0,48.0
10283,RHEA:69831,valid,,62.0,63.0,11.0,7.0,7.0,14.0,57.0
10284,RHEA:69835,valid,,62.0,63.0,11.0,7.0,7.0,14.0,57.0
10285,RHEA:69839,valid,,61.0,62.0,11.0,7.0,7.0,14.0,56.0
10286,RHEA:69851,valid,,66.0,67.0,12.0,12.0,12.0,24.0,66.0
10287,RHEA:69855,valid,,70.0,71.0,12.0,12.0,12.0,24.0,66.0
10288,RHEA:69859,valid,,49.0,50.0,3.0,2.0,2.0,4.0,20.0
10289,RHEA:69863,valid,,49.0,50.0,3.0,2.0,2.0,4.0,20.0
10290,RHEA:69871,valid,,61.0,62.0,11.0,7.0,7.0,14.0,56.0
10291,RHEA:69875,valid,,65.0,66.0,11.0,7.0,7.0,14.0,57.0
10292,RHEA:69879,valid,,66.0,67.0,12.0,7.0,8.0,15.0,57.0
10293,RHEA:69923,valid,,66.0,67.0,12.0,9.0,5.0,14.0,60.0
10294,RHEA:69939,valid,,64.0,65.0,11.0,7.0,7.0,14.0,57.0
10295,RHEA:69943,valid,,65.0,66.0,12.0,7.0,8.0,15.0,57.0
10296,RHEA:69947,valid,,64.0,65.0,11.0,7.0,7.0,14.0,57.0
10297,RHEA:69951,valid,,65.0,66.0,12.0,7.0,8.0,15.0,57.0
10298,RHEA:69959,valid,,64.0,65.0,11.0,7.0,7.0,14.0,57.0
10299,RHEA:69963,valid,,65.0,66.0,12.0,7.0,8.0,15.0,57.0
10300,RHEA:69971,valid,,63.0,64.0,15.0,9.0,10.0,19.0,78.0
10301,RHEA:69975,valid,,63.0,64.0,12.0,7.0,8.0,15.0,58.0
10302,RHEA:69979,valid,,64.0,65.0,15.0,9.0,10.0,19.0,78.0
10303,RHEA:69983,valid,,64.0,65.0,12.0,7.0,8.0,15.0,58.0
10304,RHEA:69987,valid,,78.0,79.0,8.0,7.0,8.0,15.0,48.0
10305,RHEA:69991,valid,,79.0,80.0,8.0,7.0,8.0,15.0,48.0
10306,RHEA:70003,valid,,63.0,64.0,11.0,7.0,7.0,14.0,57.0
10307,RHEA:70015,valid,,65.0,66.0,12.0,9.0,5.0,14.0,60.0
10308,RHEA:70019,valid,,65.0,66.0,12.0,9.0,5.0,14.0,60.0
10309,RHEA:70027,valid,,61.0,62.0,3.0,2.0,2.0,4.0,19.0
10310,RHEA:70031,valid,,98.0,100.0,21.0,13.0,12.0,25.0,54.0
10311,RHEA:70035,valid,,97.0,99.0,21.0,13.0,12.0,25.0,54.0
10312,RHEA:70039,valid,,97.0,99.0,21.0,13.0,12.0,25.0,54.0
10313,RHEA:70043,valid,,97.0,99.0,21.0,13.0,12.0,25.0,54.0
10314,RHEA:70047,valid,,26.0,26.0,10.0,10.0,6.0,16.0,59.0
10315,RHEA:70051,valid,,26.0,26.0,4.0,4.0,0.0,4.0,24.0
10316,RHEA:70059,valid,,60.0,61.0,11.0,7.0,7.0,14.0,56.0
10317,RHEA:70063,valid,,61.0,62.0,11.0,7.0,7.0,14.0,57.0
10318,RHEA:70067,valid,,62.0,63.0,11.0,7.0,7.0,14.0,57.0
10319,RHEA:70071,valid,,63.0,64.0,11.0,7.0,7.0,14.0,57.0
10320,RHEA:70075,zero_fallback,missing_mapping,,,,,,,
10321,RHEA:70079,valid,,25.0,25.0,6.0,6.0,2.0,8.0,31.0
10322,RHEA:70111,valid,,96.0,98.0,21.0,13.0,12.0,25.0,54.0
10323,RHEA:70115,valid,,63.0,64.0,11.0,7.0,7.0,14.0,57.0
10324,RHEA:70119,valid,,64.0,65.0,12.0,7.0,8.0,15.0,57.0
10325,RHEA:70123,valid,,96.0,98.0,21.0,13.0,12.0,25.0,54.0
10326,RHEA:70127,valid,,63.0,64.0,11.0,7.0,7.0,14.0,57.0
10327,RHEA:70131,valid,,64.0,65.0,12.0,7.0,8.0,15.0,57.0
10328,RHEA:70135,valid,,96.0,98.0,21.0,13.0,12.0,25.0,54.0
10329,RHEA:70139,valid,,63.0,64.0,11.0,7.0,7.0,14.0,57.0
10330,RHEA:70143,valid,,64.0,65.0,12.0,7.0,8.0,15.0,57.0
10331,RHEA:70147,valid,,97.0,99.0,21.0,13.0,12.0,25.0,54.0
10332,RHEA:70151,valid,,64.0,65.0,11.0,7.0,7.0,14.0,57.0
10333,RHEA:70155,valid,,65.0,66.0,12.0,7.0,8.0,15.0,57.0
10334,RHEA:70199,valid,,11.0,11.0,11.0,12.0,11.0,23.0,50.0
10335,RHEA:70211,valid,,51.0,51.0,4.0,2.0,4.0,6.0,24.0
10336,RHEA:70215,valid,,74.0,74.0,8.0,7.0,8.0,15.0,48.0
10337,RHEA:70219,valid,,73.0,73.0,8.0,7.0,8.0,15.0,48.0
10338,RHEA:70223,valid,,17.0,17.0,4.0,4.0,0.0,4.0,24.0
10339,RHEA:70227,valid,,63.0,63.0,3.0,2.0,2.0,4.0,18.0
10340,RHEA:70231,valid,,107.0,108.0,8.0,7.0,8.0,15.0,48.0
10341,RHEA:70235,valid,,63.0,63.0,3.0,2.0,2.0,4.0,21.0
10342,RHEA:70239,valid,,61.0,61.0,3.0,2.0,2.0,4.0,22.0
10343,RHEA:70243,valid,,58.0,59.0,3.0,2.0,2.0,4.0,22.0
10344,RHEA:70247,valid,,74.0,75.0,3.0,2.0,2.0,4.0,22.0
10345,RHEA:70251,valid,,77.0,77.0,3.0,2.0,2.0,4.0,22.0
10346,RHEA:70255,valid,,73.0,73.0,3.0,2.0,2.0,4.0,21.0
10347,RHEA:70263,valid,,56.0,56.0,3.0,2.0,2.0,4.0,22.0
10348,RHEA:70271,valid,,56.0,56.0,4.0,4.0,0.0,4.0,22.0
10349,RHEA:70275,valid,,35.0,35.0,3.0,2.0,2.0,4.0,18.0
10350,RHEA:70279,valid,,46.0,46.0,3.0,2.0,2.0,4.0,18.0
10351,RHEA:70283,valid,,12.0,12.0,5.0,4.0,4.0,8.0,24.0
10352,RHEA:70287,valid,,55.0,56.0,3.0,2.0,2.0,4.0,22.0
10353,RHEA:70295,valid,,19.0,19.0,4.0,4.0,0.0,4.0,23.0
10354,RHEA:70303,valid,,69.0,69.0,3.0,2.0,2.0,4.0,21.0
10355,RHEA:70307,valid,,73.0,73.0,3.0,2.0,2.0,4.0,21.0
10356,RHEA:70311,valid,,79.0,79.0,3.0,2.0,2.0,4.0,21.0
10357,RHEA:70315,valid,,85.0,85.0,3.0,2.0,2.0,4.0,21.0
10358,RHEA:70319,valid,,25.0,25.0,7.0,4.0,5.0,9.0,31.0
10359,RHEA:70339,valid,,46.0,46.0,3.0,2.0,2.0,4.0,18.0
10360,RHEA:70343,valid,,62.0,62.0,8.0,7.0,8.0,15.0,44.0
10361,RHEA:70347,valid,,62.0,62.0,8.0,7.0,8.0,15.0,44.0
10362,RHEA:70351,valid,,57.0,57.0,3.0,2.0,2.0,4.0,18.0
10363,RHEA:70359,valid,,72.0,73.0,3.0,2.0,2.0,4.0,22.0
10364,RHEA:70363,valid,,10.0,11.0,10.0,9.0,10.0,19.0,36.0
10365,RHEA:70367,valid,,78.0,79.0,3.0,2.0,2.0,4.0,22.0
10366,RHEA:70371,valid,,80.0,81.0,3.0,2.0,2.0,4.0,22.0
10367,RHEA:70375,valid,,82.0,83.0,3.0,2.0,2.0,4.0,22.0
10368,RHEA:70379,valid,,84.0,85.0,3.0,2.0,2.0,4.0,22.0
10369,RHEA:70383,valid,,86.0,87.0,3.0,2.0,2.0,4.0,22.0
10370,RHEA:70387,valid,,88.0,89.0,3.0,2.0,2.0,4.0,22.0
10371,RHEA:70391,valid,,90.0,91.0,3.0,2.0,2.0,4.0,22.0
10372,RHEA:70395,valid,,92.0,93.0,3.0,2.0,2.0,4.0,22.0
10373,RHEA:70399,valid,,94.0,95.0,3.0,2.0,2.0,4.0,22.0
10374,RHEA:70403,valid,,86.0,87.0,3.0,2.0,2.0,4.0,22.0
10375,RHEA:70407,valid,,30.0,30.0,5.0,3.0,5.0,8.0,26.0
10376,RHEA:70435,valid,,34.0,35.0,7.0,7.0,2.0,9.0,35.0
10377,RHEA:70439,valid,,34.0,35.0,7.0,7.0,2.0,9.0,35.0
10378,RHEA:70443,valid,,36.0,37.0,7.0,7.0,2.0,9.0,35.0
10379,RHEA:70447,valid,,36.0,37.0,7.0,7.0,2.0,9.0,35.0
10380,RHEA:70459,valid,,38.0,38.0,11.0,12.0,5.0,17.0,56.0
10381,RHEA:70463,valid,,38.0,38.0,11.0,12.0,5.0,17.0,56.0
10382,RHEA:70467,valid,,36.0,36.0,11.0,11.0,4.0,15.0,55.0
10383,RHEA:70471,valid,,36.0,36.0,11.0,11.0,4.0,15.0,55.0
10384,RHEA:70479,valid,,71.0,71.0,10.0,8.0,4.0,12.0,49.0
10385,RHEA:70487,valid,,39.0,39.0,11.0,12.0,6.0,18.0,58.0
10386,RHEA:70491,valid,,47.0,48.0,3.0,2.0,2.0,4.0,21.0
10387,RHEA:70503,valid,,15.0,16.0,3.0,2.0,2.0,4.0,18.0
10388,RHEA:70507,valid,,15.0,16.0,3.0,2.0,2.0,4.0,18.0
10389,RHEA:70511,valid,,57.0,58.0,3.0,2.0,2.0,4.0,22.0
10390,RHEA:70519,valid,,38.0,39.0,3.0,2.0,2.0,4.0,20.0
10391,RHEA:70527,valid,,68.0,68.0,8.0,7.0,8.0,15.0,48.0
10392,RHEA:70531,valid,,58.0,59.0,3.0,2.0,2.0,4.0,22.0
10393,RHEA:70563,valid,,73.0,73.0,6.0,4.0,4.0,8.0,37.0
10394,RHEA:70567,valid,,71.0,71.0,6.0,4.0,4.0,8.0,37.0
10395,RHEA:70575,valid,,21.0,22.0,3.0,2.0,2.0,4.0,19.0
10396,RHEA:70579,valid,,99.0,99.0,3.0,2.0,2.0,4.0,20.0
10397,RHEA:70583,valid,,83.0,83.0,3.0,2.0,2.0,4.0,20.0
10398,RHEA:70591,valid,,97.0,97.0,3.0,2.0,2.0,4.0,20.0
10399,RHEA:70595,valid,,81.0,81.0,3.0,2.0,2.0,4.0,20.0
10400,RHEA:70599,valid,,67.0,67.0,3.0,2.0,2.0,4.0,20.0
10401,RHEA:70603,valid,,53.0,53.0,8.0,7.0,8.0,15.0,48.0
10402,RHEA:70607,valid,,40.0,41.0,3.0,2.0,2.0,4.0,22.0
10403,RHEA:70611,valid,,55.0,56.0,3.0,2.0,2.0,4.0,22.0
10404,RHEA:70615,valid,,57.0,58.0,3.0,2.0,2.0,4.0,22.0
10405,RHEA:70619,valid,,78.0,79.0,3.0,2.0,2.0,4.0,20.0
10406,RHEA:70623,valid,,80.0,81.0,3.0,2.0,2.0,4.0,19.0
10407,RHEA:70631,valid,,67.0,67.0,6.0,4.0,4.0,8.0,37.0
10408,RHEA:70651,valid,,57.0,58.0,3.0,2.0,2.0,4.0,22.0
10409,RHEA:70667,valid,,43.0,44.0,3.0,2.0,2.0,4.0,22.0
10410,RHEA:70671,valid,,77.0,78.0,3.0,2.0,2.0,4.0,22.0
10411,RHEA:70675,valid,,63.0,63.0,3.0,2.0,2.0,4.0,19.0
10412,RHEA:70683,valid,,40.0,41.0,3.0,2.0,2.0,4.0,20.0
10413,RHEA:70707,valid,,15.0,15.0,0.0,0.0,0.0,0.0,0.0
10414,RHEA:70727,valid,,21.0,21.0,3.0,2.0,2.0,4.0,18.0
10415,RHEA:70739,valid,,78.0,79.0,3.0,2.0,2.0,4.0,20.0
10416,RHEA:70743,valid,,79.0,80.0,3.0,2.0,2.0,4.0,19.0
10417,RHEA:70747,valid,,80.0,81.0,3.0,2.0,2.0,4.0,19.0
10418,RHEA:70751,valid,,78.0,79.0,3.0,2.0,2.0,4.0,20.0
10419,RHEA:70755,valid,,79.0,80.0,3.0,2.0,2.0,4.0,19.0
10420,RHEA:70759,valid,,80.0,81.0,3.0,2.0,2.0,4.0,19.0
10421,RHEA:70763,valid,,80.0,81.0,3.0,2.0,2.0,4.0,20.0
10422,RHEA:70767,valid,,81.0,82.0,3.0,2.0,2.0,4.0,19.0
10423,RHEA:70771,valid,,82.0,83.0,3.0,2.0,2.0,4.0,19.0
10424,RHEA:70775,valid,,48.0,50.0,13.0,9.0,7.0,16.0,66.0
10425,RHEA:70779,valid,,60.0,61.0,8.0,7.0,8.0,15.0,48.0
10426,RHEA:70803,valid,,25.0,25.0,7.0,6.0,2.0,8.0,42.0
10427,RHEA:70807,valid,,11.0,11.0,3.0,2.0,2.0,4.0,21.0
10428,RHEA:70811,valid,,21.0,21.0,4.0,4.0,0.0,4.0,24.0
10429,RHEA:70895,valid,,9.0,10.0,3.0,3.0,2.0,5.0,17.0
10430,RHEA:70899,valid,,29.0,30.0,3.0,2.0,2.0,4.0,22.0
10431,RHEA:70903,valid,,28.0,29.0,3.0,2.0,2.0,4.0,22.0
10432,RHEA:70907,valid,,31.0,32.0,3.0,2.0,2.0,4.0,22.0
10433,RHEA:70911,valid,,31.0,32.0,3.0,2.0,2.0,4.0,22.0
10434,RHEA:70999,valid,,45.0,46.0,12.0,8.0,7.0,15.0,61.0
10435,RHEA:71015,valid,,10.0,10.0,5.0,4.0,4.0,8.0,24.0
10436,RHEA:71079,valid,,58.0,59.0,11.0,7.0,7.0,14.0,56.0
10437,RHEA:71115,valid,,64.0,64.0,9.0,8.0,9.0,17.0,49.0
10438,RHEA:71119,valid,,68.0,68.0,9.0,8.0,9.0,17.0,49.0
10439,RHEA:71123,zero_fallback,missing_mapping,,,,,,,
10440,RHEA:71139,zero_fallback,missing_mapping,,,,,,,
10441,RHEA:71143,valid,,21.0,21.0,10.0,10.0,9.0,19.0,54.0
10442,RHEA:71147,valid,,21.0,21.0,8.0,9.0,6.0,15.0,44.0
10443,RHEA:71155,valid,,19.0,20.0,5.0,4.0,3.0,7.0,28.0
10444,RHEA:71231,valid,,60.0,61.0,8.0,6.0,8.0,14.0,38.0
10445,RHEA:71251,valid,,10.0,10.0,4.0,2.0,4.0,6.0,26.0
10446,RHEA:71395,valid,,22.0,22.0,0.0,0.0,0.0,0.0,0.0
10447,RHEA:71399,valid,,69.0,70.0,11.0,7.0,7.0,14.0,57.0
10448,RHEA:71403,valid,,70.0,71.0,11.0,7.0,7.0,14.0,56.0
10449,RHEA:71407,valid,,70.0,71.0,11.0,7.0,7.0,14.0,57.0
10450,RHEA:71451,valid,,77.0,77.0,3.0,2.0,2.0,4.0,19.0
10451,RHEA:71455,valid,,35.0,35.0,3.0,2.0,2.0,4.0,19.0
10452,RHEA:71459,valid,,96.0,96.0,3.0,2.0,2.0,4.0,19.0
10453,RHEA:71463,valid,,96.0,96.0,3.0,2.0,2.0,4.0,19.0
10454,RHEA:71467,valid,,96.0,96.0,3.0,2.0,2.0,4.0,19.0
10455,RHEA:71471,valid,,96.0,96.0,3.0,2.0,2.0,4.0,19.0
10456,RHEA:71475,valid,,120.0,120.0,6.0,5.0,3.0,8.0,30.0
10457,RHEA:71479,valid,,120.0,120.0,3.0,2.0,2.0,4.0,19.0
10458,RHEA:71483,valid,,41.0,41.0,3.0,2.0,2.0,4.0,19.0
10459,RHEA:71487,valid,,41.0,41.0,3.0,2.0,2.0,4.0,19.0
10460,RHEA:71643,valid,,64.0,65.0,7.0,6.0,2.0,8.0,34.0
10461,RHEA:71651,valid,,66.0,67.0,3.0,2.0,2.0,4.0,21.0
10462,RHEA:71655,valid,,58.0,58.0,10.0,10.0,2.0,12.0,39.0
10463,RHEA:71735,valid,,58.0,58.0,4.0,4.0,0.0,4.0,25.0
10464,RHEA:71767,valid,,50.0,50.0,8.0,6.0,8.0,14.0,38.0
10465,RHEA:71771,valid,,50.0,50.0,8.0,6.0,8.0,14.0,38.0
10466,RHEA:71787,valid,,13.0,13.0,6.0,7.0,3.0,10.0,30.0
10467,RHEA:71807,valid,,68.0,69.0,3.0,2.0,2.0,4.0,22.0
10468,RHEA:71879,valid,,63.0,64.0,5.0,4.0,2.0,6.0,32.0
10469,RHEA:71883,valid,,68.0,69.0,5.0,4.0,2.0,6.0,32.0
10470,RHEA:71887,valid,,76.0,77.0,5.0,4.0,2.0,6.0,32.0
10471,RHEA:71891,valid,,67.0,68.0,5.0,4.0,2.0,6.0,32.0
10472,RHEA:71895,valid,,75.0,76.0,7.0,6.0,2.0,8.0,34.0
10473,RHEA:71899,valid,,67.0,68.0,5.0,4.0,2.0,6.0,32.0
10474,RHEA:71903,valid,,55.0,56.0,7.0,6.0,2.0,8.0,34.0
10475,RHEA:71907,valid,,72.0,73.0,5.0,4.0,2.0,6.0,32.0
10476,RHEA:71979,valid,,34.0,34.0,17.0,17.0,13.0,30.0,78.0
10477,RHEA:71983,valid,,34.0,34.0,17.0,20.0,15.0,35.0,84.0
10478,RHEA:71987,valid,,34.0,34.0,15.0,15.0,12.0,27.0,78.0
10479,RHEA:71991,valid,,34.0,34.0,19.0,23.0,13.0,36.0,86.0
10480,RHEA:71995,valid,,35.0,35.0,21.0,23.0,17.0,40.0,88.0
10481,RHEA:71999,zero_fallback,ValueError:RDKit could not parse mapped reaction,,,,,,,
10482,RHEA:72015,zero_fallback,missing_mapping,,,,,,,
10483,RHEA:72019,valid,,38.0,38.0,9.0,8.0,3.0,11.0,41.0
10484,RHEA:72031,valid,,17.0,17.0,4.0,2.0,4.0,6.0,19.0
10485,RHEA:72047,valid,,50.0,52.0,23.0,15.0,14.0,29.0,57.0
10486,RHEA:72067,valid,,48.0,49.0,6.0,4.0,3.0,7.0,34.0
10487,RHEA:72071,valid,,56.0,57.0,3.0,2.0,2.0,4.0,22.0
10488,RHEA:72075,valid,,52.0,53.0,6.0,4.0,3.0,7.0,34.0
10489,RHEA:72083,valid,,40.0,41.0,3.0,2.0,2.0,4.0,19.0
10490,RHEA:72143,valid,,61.0,61.0,7.0,4.0,5.0,9.0,38.0
10491,RHEA:72147,valid,,58.0,58.0,7.0,4.0,5.0,9.0,38.0
10492,RHEA:72191,valid,,94.0,96.0,22.0,14.0,14.0,28.0,63.0
10493,RHEA:72243,valid,,35.0,36.0,3.0,2.0,2.0,4.0,19.0
10494,RHEA:72419,valid,,43.0,43.0,5.0,4.0,1.0,5.0,31.0
10495,RHEA:72423,valid,,82.0,83.0,3.0,2.0,2.0,4.0,22.0
10496,RHEA:72431,valid,,44.0,44.0,5.0,4.0,1.0,5.0,31.0
10497,RHEA:72435,valid,,83.0,84.0,3.0,2.0,2.0,4.0,22.0
10498,RHEA:72439,valid,,45.0,45.0,5.0,4.0,1.0,5.0,31.0
10499,RHEA:72443,valid,,84.0,85.0,3.0,2.0,2.0,4.0,22.0
10500,RHEA:72463,valid,,53.0,54.0,3.0,2.0,2.0,4.0,22.0
10501,RHEA:72467,zero_fallback,missing_mapping,,,,,,,
10502,RHEA:72519,valid,,66.0,66.0,11.0,10.0,9.0,19.0,58.0
10503,RHEA:72523,valid,,43.0,44.0,3.0,2.0,2.0,4.0,19.0
10504,RHEA:72527,valid,,44.0,45.0,3.0,2.0,2.0,4.0,19.0
10505,RHEA:72531,valid,,45.0,46.0,4.0,2.0,3.0,5.0,21.0
10506,RHEA:72535,valid,,60.0,62.0,8.0,7.0,8.0,15.0,46.0
10507,RHEA:72539,valid,,59.0,61.0,8.0,7.0,8.0,15.0,46.0
10508,RHEA:72575,valid,,75.0,75.0,3.0,2.0,2.0,4.0,18.0
10509,RHEA:72579,valid,,75.0,75.0,3.0,2.0,2.0,4.0,18.0
10510,RHEA:72583,valid,,119.0,120.0,8.0,7.0,8.0,15.0,48.0
10511,RHEA:72587,valid,,95.0,95.0,6.0,4.0,3.0,7.0,36.0
10512,RHEA:72603,valid,,47.0,47.0,5.0,4.0,1.0,5.0,31.0
10513,RHEA:72607,valid,,86.0,87.0,3.0,2.0,2.0,4.0,22.0
10514,RHEA:72635,valid,,45.0,45.0,3.0,2.0,2.0,4.0,20.0
10515,RHEA:72639,valid,,45.0,45.0,3.0,2.0,2.0,4.0,20.0
10516,RHEA:72643,valid,,46.0,46.0,6.0,6.0,2.0,8.0,31.0
10517,RHEA:72647,valid,,66.0,66.0,10.0,8.0,10.0,18.0,56.0
10518,RHEA:72651,valid,,67.0,67.0,10.0,8.0,10.0,18.0,56.0
10519,RHEA:72655,valid,,67.0,67.0,10.0,8.0,10.0,18.0,56.0
10520,RHEA:72659,valid,,61.0,61.0,10.0,8.0,10.0,18.0,56.0
10521,RHEA:72663,valid,,37.0,37.0,3.0,2.0,2.0,4.0,19.0
10522,RHEA:72667,valid,,60.0,62.0,11.0,7.0,7.0,14.0,56.0
10523,RHEA:72671,valid,,64.0,64.0,11.0,10.0,9.0,19.0,58.0
10524,RHEA:72679,valid,,54.0,55.0,6.0,4.0,3.0,7.0,37.0
10525,RHEA:72699,valid,,49.0,49.0,8.0,7.0,8.0,15.0,48.0
10526,RHEA:72715,valid,,43.0,43.0,5.0,4.0,1.0,5.0,31.0
10527,RHEA:72719,valid,,45.0,47.0,3.0,2.0,2.0,4.0,22.0
10528,RHEA:72751,valid,,29.0,29.0,3.0,2.0,2.0,4.0,19.0
10529,RHEA:72755,valid,,93.0,93.0,15.0,10.0,8.0,18.0,50.0
10530,RHEA:72759,valid,,128.0,128.0,3.0,2.0,2.0,4.0,20.0
10531,RHEA:72763,valid,,143.0,143.0,3.0,2.0,2.0,4.0,20.0
10532,RHEA:72767,zero_fallback,missing_mapping,,,,,,,
10533,RHEA:72771,valid,,113.0,117.0,31.0,20.0,18.0,38.0,59.0
10534,RHEA:72775,valid,,59.0,60.0,5.0,4.0,3.0,7.0,33.0
10535,RHEA:72779,valid,,83.0,83.0,12.0,7.0,8.0,15.0,57.0
10536,RHEA:72871,valid,,117.0,117.0,3.0,2.0,2.0,4.0,20.0
10537,RHEA:72875,valid,,132.0,132.0,3.0,2.0,2.0,4.0,20.0
10538,RHEA:72879,valid,,8.0,8.0,4.0,3.0,4.0,7.0,26.0
10539,RHEA:72883,valid,,86.0,87.0,13.0,8.0,9.0,17.0,43.0
10540,RHEA:72887,valid,,55.0,56.0,11.0,7.0,7.0,14.0,56.0
10541,RHEA:72895,zero_fallback,missing_mapping,,,,,,,
10542,RHEA:72899,valid,,52.0,52.0,3.0,2.0,2.0,4.0,20.0
10543,RHEA:72903,valid,,40.0,40.0,4.0,2.0,3.0,5.0,29.0
10544,RHEA:72919,valid,,58.0,59.0,11.0,7.0,7.0,14.0,57.0
10545,RHEA:72923,valid,,59.0,60.0,12.0,7.0,8.0,15.0,59.0
10546,RHEA:72927,valid,,59.0,60.0,11.0,7.0,7.0,14.0,57.0
10547,RHEA:72931,valid,,60.0,61.0,12.0,7.0,8.0,15.0,59.0
10548,RHEA:72975,valid,,92.0,93.0,13.0,8.0,9.0,17.0,43.0
10549,RHEA:72979,valid,,42.0,42.0,8.0,4.0,5.0,9.0,51.0
10550,RHEA:72983,valid,,29.0,29.0,4.0,2.0,3.0,5.0,29.0
10551,RHEA:72999,valid,,21.0,21.0,3.0,2.0,2.0,4.0,19.0
10552,RHEA:73003,valid,,87.0,88.0,14.0,10.0,6.0,16.0,56.0
10553,RHEA:73067,valid,,52.0,52.0,3.0,2.0,2.0,4.0,17.0
10554,RHEA:73071,valid,,47.0,48.0,4.0,2.0,3.0,5.0,26.0
10555,RHEA:73075,valid,,48.0,49.0,4.0,2.0,3.0,5.0,26.0
10556,RHEA:73079,valid,,48.0,48.0,3.0,2.0,2.0,4.0,20.0
10557,RHEA:73083,valid,,49.0,49.0,3.0,2.0,2.0,4.0,20.0
10558,RHEA:73103,valid,,49.0,49.0,3.0,2.0,2.0,4.0,20.0
10559,RHEA:73107,valid,,48.0,48.0,3.0,2.0,2.0,4.0,20.0
10560,RHEA:73111,valid,,49.0,49.0,3.0,2.0,2.0,4.0,20.0
10561,RHEA:73115,valid,,49.0,50.0,4.0,2.0,3.0,5.0,27.0
10562,RHEA:73119,valid,,48.0,49.0,3.0,2.0,2.0,4.0,19.0
10563,RHEA:73123,valid,,50.0,51.0,4.0,2.0,3.0,5.0,27.0
10564,RHEA:73127,valid,,47.0,47.0,3.0,2.0,2.0,4.0,20.0
10565,RHEA:73131,valid,,47.0,48.0,3.0,2.0,2.0,4.0,19.0
10566,RHEA:73135,valid,,47.0,48.0,7.0,6.0,2.0,8.0,38.0
10567,RHEA:73179,valid,,48.0,49.0,3.0,2.0,2.0,4.0,19.0
10568,RHEA:73187,valid,,37.0,37.0,14.0,11.0,8.0,19.0,89.0
10569,RHEA:73191,valid,,79.0,79.0,3.0,2.0,2.0,4.0,22.0
10570,RHEA:73231,valid,,65.0,68.0,19.0,18.0,12.0,30.0,79.0
10571,RHEA:73235,valid,,11.0,13.0,3.0,2.0,2.0,4.0,16.0
10572,RHEA:73239,valid,,49.0,50.0,3.0,2.0,2.0,4.0,19.0
10573,RHEA:73243,valid,,49.0,50.0,3.0,2.0,2.0,4.0,19.0
10574,RHEA:73247,valid,,50.0,51.0,3.0,2.0,2.0,4.0,19.0
10575,RHEA:73251,valid,,50.0,51.0,3.0,2.0,2.0,4.0,19.0
10576,RHEA:73255,valid,,48.0,49.0,3.0,2.0,2.0,4.0,19.0
10577,RHEA:73259,valid,,51.0,52.0,3.0,2.0,2.0,4.0,19.0
10578,RHEA:73263,valid,,48.0,48.0,4.0,2.0,3.0,5.0,26.0
10579,RHEA:73271,valid,,50.0,51.0,3.0,2.0,2.0,4.0,19.0
10580,RHEA:73275,valid,,48.0,49.0,3.0,2.0,2.0,4.0,19.0
10581,RHEA:73287,valid,,47.0,48.0,3.0,2.0,2.0,4.0,19.0
10582,RHEA:73295,valid,,47.0,48.0,3.0,2.0,2.0,4.0,19.0
10583,RHEA:73319,valid,,77.0,77.0,3.0,2.0,2.0,4.0,20.0
10584,RHEA:73323,valid,,78.0,78.0,3.0,2.0,2.0,4.0,20.0
10585,RHEA:73327,valid,,81.0,81.0,3.0,2.0,2.0,4.0,20.0
10586,RHEA:73331,valid,,79.0,79.0,3.0,2.0,2.0,4.0,20.0
10587,RHEA:73335,valid,,49.0,50.0,6.0,4.0,3.0,7.0,37.0
10588,RHEA:73339,valid,,37.0,37.0,5.0,4.0,1.0,5.0,31.0
10589,RHEA:73343,valid,,57.0,58.0,3.0,2.0,2.0,4.0,22.0
10590,RHEA:73347,valid,,46.0,47.0,3.0,2.0,2.0,4.0,22.0
10591,RHEA:73351,valid,,45.0,46.0,6.0,4.0,3.0,7.0,37.0
10592,RHEA:73355,valid,,42.0,43.0,3.0,2.0,2.0,4.0,22.0
10593,RHEA:73359,valid,,48.0,49.0,6.0,4.0,3.0,7.0,37.0
10594,RHEA:73363,valid,,45.0,46.0,3.0,2.0,2.0,4.0,22.0
10595,RHEA:73415,valid,,22.0,23.0,9.0,9.0,5.0,14.0,52.0
10596,RHEA:73427,valid,,54.0,54.0,12.0,7.0,8.0,15.0,60.0
10597,RHEA:73431,valid,,54.0,55.0,11.0,7.0,7.0,14.0,56.0
10598,RHEA:73435,valid,,55.0,56.0,11.0,7.0,7.0,14.0,56.0
10599,RHEA:73439,valid,,55.0,56.0,11.0,7.0,7.0,14.0,56.0
10600,RHEA:73443,valid,,38.0,39.0,7.0,7.0,2.0,9.0,33.0
10601,RHEA:73455,valid,,34.0,34.0,5.0,2.0,5.0,7.0,23.0
10602,RHEA:73459,valid,,65.0,65.0,10.0,3.0,9.0,12.0,29.0
10603,RHEA:73463,valid,,14.0,14.0,3.0,2.0,2.0,4.0,19.0
10604,RHEA:73467,valid,,17.0,17.0,3.0,2.0,2.0,4.0,19.0
10605,RHEA:73495,valid,,54.0,55.0,3.0,2.0,2.0,4.0,19.0
10606,RHEA:73499,valid,,47.0,48.0,3.0,2.0,2.0,4.0,19.0
10607,RHEA:73503,valid,,48.0,49.0,3.0,2.0,2.0,4.0,19.0
10608,RHEA:73507,valid,,46.0,47.0,3.0,2.0,2.0,4.0,19.0
10609,RHEA:73511,valid,,37.0,37.0,7.0,7.0,2.0,9.0,33.0
10610,RHEA:73555,valid,,49.0,50.0,12.0,7.0,8.0,15.0,61.0
10611,RHEA:73571,valid,,95.0,95.0,6.0,4.0,3.0,7.0,36.0
10612,RHEA:73575,valid,,47.0,47.0,5.0,4.0,1.0,5.0,31.0
10613,RHEA:73579,valid,,86.0,87.0,3.0,2.0,2.0,4.0,22.0
10614,RHEA:73655,valid,,14.0,16.0,4.0,1.0,4.0,5.0,18.0
10615,RHEA:73663,valid,,68.0,69.0,3.0,2.0,2.0,4.0,22.0
10616,RHEA:73667,valid,,68.0,69.0,3.0,2.0,2.0,4.0,21.0
10617,RHEA:73683,valid,,51.0,51.0,3.0,2.0,2.0,4.0,22.0
10618,RHEA:73723,valid,,37.0,37.0,14.0,11.0,8.0,19.0,89.0
10619,RHEA:73727,valid,,37.0,37.0,14.0,11.0,8.0,19.0,89.0
10620,RHEA:73731,valid,,37.0,37.0,14.0,11.0,8.0,19.0,89.0
10621,RHEA:73735,valid,,19.0,19.0,4.0,4.0,0.0,4.0,13.0
10622,RHEA:73759,valid,,52.0,53.0,3.0,2.0,2.0,4.0,19.0
10623,RHEA:73763,valid,,83.0,85.0,11.0,8.0,6.0,14.0,39.0
10624,RHEA:73767,valid,,33.0,33.0,6.0,4.0,3.0,7.0,42.0
10625,RHEA:73771,valid,,57.0,58.0,12.0,7.0,8.0,15.0,59.0
10626,RHEA:73775,valid,,38.0,38.0,4.0,2.0,3.0,5.0,29.0
10627,RHEA:73779,valid,,38.0,38.0,4.0,2.0,3.0,5.0,29.0
10628,RHEA:73783,valid,,43.0,43.0,4.0,2.0,3.0,5.0,29.0
10629,RHEA:73787,valid,,43.0,43.0,4.0,2.0,3.0,5.0,29.0
10630,RHEA:73791,valid,,38.0,38.0,4.0,2.0,3.0,5.0,29.0
10631,RHEA:73795,valid,,38.0,38.0,4.0,2.0,3.0,5.0,29.0
10632,RHEA:73799,valid,,43.0,43.0,4.0,2.0,3.0,5.0,29.0
10633,RHEA:73803,valid,,38.0,38.0,4.0,2.0,3.0,5.0,29.0
10634,RHEA:73815,valid,,20.0,20.0,4.0,4.0,0.0,4.0,13.0
10635,RHEA:73891,valid,,51.0,52.0,12.0,10.0,5.0,15.0,63.0
10636,RHEA:73895,valid,,55.0,56.0,5.0,4.0,2.0,6.0,33.0
10637,RHEA:73899,valid,,48.0,49.0,6.0,4.0,3.0,7.0,34.0
10638,RHEA:73903,valid,,45.0,46.0,6.0,4.0,3.0,7.0,34.0
10639,RHEA:73907,valid,,47.0,48.0,3.0,2.0,2.0,4.0,22.0
10640,RHEA:73911,valid,,46.0,47.0,3.0,2.0,2.0,4.0,22.0
10641,RHEA:73915,zero_fallback,missing_mapping,,,,,,,
10642,RHEA:73923,valid,,47.0,48.0,3.0,2.0,2.0,4.0,19.0
10643,RHEA:73927,valid,,48.0,48.0,3.0,2.0,2.0,4.0,20.0
10644,RHEA:73931,valid,,78.0,79.0,13.0,7.0,9.0,16.0,64.0
10645,RHEA:73935,valid,,56.0,56.0,19.0,14.0,15.0,29.0,91.0
10646,RHEA:73939,valid,,50.0,51.0,3.0,2.0,2.0,4.0,19.0
10647,RHEA:73943,valid,,72.0,72.0,8.0,7.0,8.0,15.0,48.0
10648,RHEA:73951,valid,,24.0,24.0,9.0,10.0,7.0,17.0,55.0
10649,RHEA:73955,valid,,54.0,54.0,8.0,7.0,8.0,15.0,48.0
10650,RHEA:73959,valid,,55.0,55.0,8.0,7.0,8.0,15.0,48.0
10651,RHEA:73963,valid,,24.0,24.0,11.0,11.0,6.0,17.0,68.0
10652,RHEA:73967,valid,,62.0,63.0,3.0,2.0,2.0,4.0,18.0
10653,RHEA:73971,valid,,46.0,47.0,3.0,2.0,2.0,4.0,17.0
10654,RHEA:73975,valid,,35.0,36.0,3.0,2.0,2.0,4.0,17.0
10655,RHEA:73979,valid,,24.0,24.0,10.0,8.0,6.0,14.0,56.0
10656,RHEA:73983,valid,,24.0,24.0,14.0,15.0,10.0,25.0,69.0
10657,RHEA:73987,valid,,25.0,25.0,15.0,12.0,9.0,21.0,80.0
10658,RHEA:73991,valid,,29.0,29.0,10.0,10.0,5.0,15.0,54.0
10659,RHEA:73995,valid,,30.0,30.0,7.0,6.0,4.0,10.0,47.0
10660,RHEA:73999,valid,,37.0,37.0,4.0,2.0,3.0,5.0,29.0
10661,RHEA:74003,valid,,29.0,31.0,7.0,5.0,2.0,7.0,31.0
10662,RHEA:74007,valid,,43.0,43.0,6.0,4.0,3.0,7.0,37.0
10663,RHEA:74011,valid,,84.0,84.0,10.0,10.0,7.0,17.0,56.0
10664,RHEA:74075,valid,,77.0,77.0,14.0,13.0,12.0,25.0,59.0
10665,RHEA:74079,valid,,77.0,77.0,14.0,13.0,12.0,25.0,59.0
10666,RHEA:74083,valid,,42.0,42.0,4.0,2.0,3.0,5.0,29.0
10667,RHEA:74103,valid,,52.0,53.0,3.0,2.0,2.0,4.0,18.0
10668,RHEA:74107,zero_fallback,ValueError:RDKit could not parse mapped reaction,,,,,,,
10669,RHEA:74111,valid,,52.0,52.0,9.0,8.0,7.0,15.0,48.0
10670,RHEA:74115,valid,,58.0,58.0,3.0,2.0,2.0,4.0,22.0
10671,RHEA:74119,valid,,58.0,59.0,4.0,2.0,3.0,5.0,28.0
10672,RHEA:74123,valid,,56.0,56.0,3.0,2.0,2.0,4.0,22.0
10673,RHEA:74127,valid,,58.0,58.0,3.0,2.0,2.0,4.0,22.0
10674,RHEA:74131,valid,,60.0,61.0,4.0,2.0,3.0,5.0,28.0
10675,RHEA:74135,valid,,59.0,59.0,3.0,2.0,2.0,4.0,22.0
10676,RHEA:74139,valid,,59.0,59.0,3.0,2.0,2.0,4.0,22.0
10677,RHEA:74155,valid,,23.0,25.0,5.0,2.0,5.0,7.0,23.0
10678,RHEA:74159,valid,,53.0,54.0,3.0,2.0,2.0,4.0,18.0
10679,RHEA:74163,valid,,51.0,52.0,3.0,2.0,2.0,4.0,18.0
10680,RHEA:74167,valid,,24.0,26.0,5.0,2.0,5.0,7.0,23.0
10681,RHEA:74175,valid,,49.0,50.0,9.0,8.0,9.0,17.0,49.0
10682,RHEA:74179,valid,,53.0,54.0,9.0,8.0,9.0,17.0,49.0
10683,RHEA:74183,valid,,49.0,50.0,3.0,2.0,2.0,4.0,19.0
10684,RHEA:74187,valid,,49.0,50.0,3.0,2.0,2.0,4.0,19.0
10685,RHEA:74195,valid,,24.0,24.0,4.0,3.0,4.0,7.0,14.0
10686,RHEA:74199,valid,,24.0,24.0,9.0,11.0,8.0,19.0,39.0
10687,RHEA:74211,valid,,31.0,31.0,4.0,2.0,3.0,5.0,24.0
10688,RHEA:74215,valid,,30.0,30.0,4.0,2.0,3.0,5.0,24.0
10689,RHEA:74219,valid,,30.0,30.0,4.0,2.0,3.0,5.0,24.0
10690,RHEA:74223,valid,,30.0,30.0,4.0,2.0,3.0,5.0,24.0
10691,RHEA:74227,valid,,31.0,31.0,4.0,2.0,3.0,5.0,24.0
10692,RHEA:74231,valid,,31.0,31.0,4.0,2.0,3.0,5.0,24.0
10693,RHEA:74235,valid,,31.0,31.0,4.0,2.0,3.0,5.0,24.0
10694,RHEA:74247,valid,,41.0,42.0,3.0,2.0,2.0,4.0,17.0
10695,RHEA:74251,valid,,38.0,39.0,3.0,2.0,2.0,4.0,17.0
10696,RHEA:74255,valid,,31.0,32.0,3.0,2.0,2.0,4.0,18.0
10697,RHEA:74259,valid,,31.0,32.0,3.0,2.0,2.0,4.0,18.0
10698,RHEA:74271,valid,,101.0,102.0,3.0,2.0,2.0,4.0,22.0
10699,RHEA:74275,valid,,83.0,83.0,15.0,14.0,2.0,16.0,58.0
10700,RHEA:74279,valid,,77.0,77.0,3.0,2.0,2.0,4.0,19.0
10701,RHEA:74283,valid,,86.0,86.0,3.0,2.0,2.0,4.0,19.0
10702,RHEA:74287,valid,,117.0,117.0,3.0,2.0,2.0,4.0,20.0
10703,RHEA:74355,valid,,23.0,23.0,4.0,2.0,3.0,5.0,22.0
10704,RHEA:74463,valid,,24.0,25.0,9.0,9.0,5.0,14.0,52.0
10705,RHEA:74471,valid,,35.0,35.0,7.0,6.0,3.0,9.0,39.0
10706,RHEA:74475,valid,,35.0,35.0,7.0,8.0,0.0,8.0,37.0
10707,RHEA:74479,valid,,33.0,33.0,7.0,6.0,3.0,9.0,39.0
10708,RHEA:74483,valid,,33.0,33.0,7.0,8.0,0.0,8.0,37.0
10709,RHEA:74487,valid,,113.0,115.0,15.0,12.0,7.0,19.0,65.0
10710,RHEA:74491,valid,,35.0,35.0,5.0,4.0,2.0,6.0,32.0
10711,RHEA:74495,valid,,35.0,35.0,3.0,2.0,2.0,4.0,22.0
10712,RHEA:74499,valid,,83.0,83.0,8.0,7.0,8.0,15.0,47.0
10713,RHEA:74503,valid,,83.0,83.0,8.0,7.0,8.0,15.0,47.0
10714,RHEA:74507,valid,,35.0,35.0,3.0,2.0,2.0,4.0,19.0
10715,RHEA:74511,valid,,34.0,34.0,4.0,4.0,0.0,4.0,25.0
10716,RHEA:74515,valid,,34.0,34.0,4.0,4.0,0.0,4.0,25.0
10717,RHEA:74543,valid,,29.0,29.0,6.0,5.0,3.0,8.0,39.0
10718,RHEA:74547,valid,,29.0,29.0,13.0,13.0,7.0,20.0,74.0
10719,RHEA:74551,valid,,30.0,30.0,4.0,2.0,3.0,5.0,24.0
10720,RHEA:74571,valid,,21.0,21.0,3.0,2.0,2.0,4.0,19.0
10721,RHEA:74575,valid,,22.0,22.0,3.0,2.0,2.0,4.0,19.0
10722,RHEA:74579,valid,,19.0,19.0,3.0,2.0,2.0,4.0,19.0
10723,RHEA:74583,valid,,20.0,20.0,3.0,2.0,2.0,4.0,19.0
10724,RHEA:74587,valid,,24.0,24.0,8.0,6.0,6.0,12.0,50.0
10725,RHEA:74591,zero_fallback,ValueError:RDKit could not parse mapped reaction,,,,,,,
10726,RHEA:74627,valid,,83.0,85.0,11.0,11.0,8.0,19.0,58.0
10727,RHEA:74635,valid,,30.0,30.0,6.0,6.0,2.0,8.0,30.0
10728,RHEA:74647,valid,,47.0,48.0,3.0,2.0,2.0,4.0,22.0
10729,RHEA:74651,valid,,44.0,45.0,3.0,2.0,2.0,4.0,22.0
10730,RHEA:74655,valid,,46.0,47.0,3.0,2.0,2.0,4.0,22.0
10731,RHEA:74659,valid,,44.0,45.0,3.0,2.0,2.0,4.0,22.0
10732,RHEA:74707,valid,,48.0,49.0,6.0,6.0,6.0,12.0,35.0
10733,RHEA:74711,zero_fallback,ValueError:RDKit could not parse mapped reaction,,,,,,,
10734,RHEA:74715,valid,,50.0,51.0,3.0,2.0,2.0,4.0,19.0
10735,RHEA:74719,valid,,50.0,51.0,5.0,2.0,4.0,6.0,30.0
10736,RHEA:74723,valid,,50.0,52.0,4.0,2.0,3.0,5.0,24.0
10737,RHEA:74727,zero_fallback,missing_mapping,,,,,,,
10738,RHEA:74731,valid,,50.0,51.0,3.0,2.0,2.0,4.0,19.0
10739,RHEA:74735,valid,,52.0,53.0,3.0,2.0,2.0,4.0,19.0
10740,RHEA:74739,valid,,53.0,53.0,3.0,2.0,2.0,4.0,20.0
10741,RHEA:74743,valid,,48.0,49.0,4.0,2.0,3.0,5.0,27.0
10742,RHEA:74747,valid,,50.0,51.0,4.0,2.0,3.0,5.0,27.0
10743,RHEA:74751,valid,,62.0,62.0,3.0,2.0,2.0,4.0,20.0
10744,RHEA:74755,valid,,49.0,50.0,4.0,2.0,3.0,5.0,27.0
10745,RHEA:74759,valid,,50.0,51.0,3.0,2.0,2.0,4.0,19.0
10746,RHEA:74763,valid,,50.0,51.0,4.0,2.0,3.0,5.0,26.0
10747,RHEA:74767,valid,,52.0,53.0,4.0,2.0,3.0,5.0,27.0
10748,RHEA:74771,valid,,53.0,53.0,3.0,2.0,2.0,4.0,20.0
10749,RHEA:74775,valid,,49.0,50.0,3.0,2.0,2.0,4.0,19.0
10750,RHEA:74779,valid,,51.0,52.0,4.0,2.0,3.0,5.0,27.0
10751,RHEA:74799,valid,,102.0,102.0,3.0,2.0,2.0,4.0,20.0
10752,RHEA:74803,valid,,102.0,102.0,3.0,2.0,2.0,4.0,20.0
10753,RHEA:74807,valid,,104.0,104.0,3.0,2.0,2.0,4.0,20.0
10754,RHEA:74811,valid,,100.0,100.0,3.0,2.0,2.0,4.0,20.0
10755,RHEA:74815,valid,,100.0,100.0,3.0,2.0,2.0,4.0,20.0
10756,RHEA:74823,valid,,106.0,106.0,3.0,2.0,2.0,4.0,20.0
10757,RHEA:74847,valid,,63.0,63.0,4.0,4.0,0.0,4.0,22.0
10758,RHEA:74867,valid,,108.0,109.0,8.0,7.0,8.0,15.0,50.0
10759,RHEA:74887,valid,,77.0,78.0,4.0,2.0,3.0,5.0,21.0
10760,RHEA:74899,valid,,66.0,66.0,6.0,4.0,3.0,7.0,36.0
10761,RHEA:74903,valid,,37.0,37.0,5.0,4.0,1.0,5.0,31.0
10762,RHEA:74907,valid,,57.0,58.0,3.0,2.0,2.0,4.0,22.0
10763,RHEA:74911,valid,,66.0,66.0,6.0,4.0,3.0,7.0,36.0
10764,RHEA:74915,valid,,37.0,37.0,5.0,4.0,1.0,5.0,31.0
10765,RHEA:74919,valid,,57.0,58.0,3.0,2.0,2.0,4.0,22.0
10766,RHEA:74923,valid,,40.0,40.0,6.0,4.0,4.0,8.0,40.0
10767,RHEA:74927,valid,,40.0,40.0,6.0,4.0,4.0,8.0,40.0
10768,RHEA:74931,valid,,35.0,35.0,16.0,14.0,7.0,21.0,50.0
10769,RHEA:74935,valid,,35.0,35.0,14.0,12.0,7.0,19.0,43.0
10770,RHEA:74939,valid,,23.0,23.0,6.0,6.0,2.0,8.0,31.0
10771,RHEA:74943,valid,,24.0,24.0,10.0,9.0,5.0,14.0,44.0
10772,RHEA:74947,valid,,23.0,23.0,6.0,6.0,2.0,8.0,31.0
10773,RHEA:74951,valid,,24.0,24.0,10.0,9.0,5.0,14.0,44.0
10774,RHEA:74955,valid,,68.0,68.0,6.0,4.0,3.0,7.0,36.0
10775,RHEA:74959,valid,,68.0,68.0,6.0,4.0,3.0,7.0,36.0
10776,RHEA:74967,valid,,39.0,39.0,5.0,4.0,1.0,5.0,31.0
10777,RHEA:74975,valid,,59.0,60.0,3.0,2.0,2.0,4.0,22.0
10778,RHEA:74979,valid,,39.0,39.0,5.0,4.0,1.0,5.0,31.0
10779,RHEA:74983,valid,,59.0,60.0,3.0,2.0,2.0,4.0,22.0
10780,RHEA:75003,valid,,87.0,87.0,6.0,4.0,3.0,7.0,36.0
10781,RHEA:75011,valid,,65.0,67.0,12.0,9.0,1.0,10.0,46.0
10782,RHEA:75015,valid,,82.0,82.0,3.0,2.0,2.0,4.0,20.0
10783,RHEA:75019,valid,,63.0,65.0,8.0,5.0,1.0,6.0,35.0
10784,RHEA:75023,valid,,65.0,67.0,10.0,7.0,1.0,8.0,36.0
10785,RHEA:75027,valid,,61.0,63.0,12.0,9.0,1.0,10.0,41.0
10786,RHEA:75031,valid,,46.0,48.0,6.0,4.0,1.0,5.0,26.0
10787,RHEA:75035,valid,,63.0,65.0,6.0,4.0,1.0,5.0,26.0
10788,RHEA:75079,valid,,64.0,65.0,11.0,7.0,7.0,14.0,57.0
10789,RHEA:75083,valid,,65.0,67.0,14.0,10.0,7.0,17.0,70.0
10790,RHEA:75087,valid,,65.0,66.0,12.0,7.0,8.0,15.0,59.0
10791,RHEA:75103,valid,,64.0,65.0,11.0,7.0,7.0,14.0,57.0
10792,RHEA:75107,valid,,65.0,66.0,12.0,7.0,8.0,15.0,59.0
10793,RHEA:75111,valid,,65.0,67.0,14.0,10.0,7.0,17.0,70.0
10794,RHEA:75119,valid,,66.0,68.0,8.0,7.0,8.0,15.0,47.0
10795,RHEA:75123,valid,,9.0,11.0,5.0,4.0,3.0,7.0,25.0
10796,RHEA:75135,valid,,70.0,71.0,8.0,7.0,8.0,15.0,46.0
10797,RHEA:75139,valid,,85.0,85.0,10.0,10.0,7.0,17.0,53.0
10798,RHEA:75143,valid,,22.0,22.0,6.0,6.0,0.0,6.0,27.0
10799,RHEA:75147,valid,,29.0,29.0,10.0,9.0,5.0,14.0,53.0
10800,RHEA:75159,valid,,74.0,75.0,3.0,2.0,2.0,4.0,22.0
10801,RHEA:75163,valid,,73.0,74.0,3.0,2.0,2.0,4.0,22.0
10802,RHEA:75167,valid,,73.0,74.0,3.0,2.0,2.0,4.0,22.0
10803,RHEA:75171,valid,,76.0,77.0,3.0,2.0,2.0,4.0,22.0
10804,RHEA:75175,valid,,74.0,75.0,3.0,2.0,2.0,4.0,22.0
10805,RHEA:75199,valid,,11.0,11.0,3.0,2.0,2.0,4.0,16.0
10806,RHEA:75203,valid,,55.0,56.0,3.0,2.0,2.0,4.0,18.0
10807,RHEA:75215,valid,,59.0,60.0,8.0,7.0,8.0,15.0,46.0
10808,RHEA:75219,valid,,12.0,13.0,3.0,2.0,2.0,4.0,18.0
10809,RHEA:75223,valid,,12.0,13.0,3.0,2.0,2.0,4.0,18.0
10810,RHEA:75227,valid,,11.0,12.0,3.0,2.0,2.0,4.0,18.0
10811,RHEA:75231,valid,,13.0,14.0,3.0,2.0,2.0,4.0,18.0
10812,RHEA:75239,valid,,60.0,61.0,3.0,2.0,2.0,4.0,22.0
10813,RHEA:75243,valid,,60.0,61.0,3.0,2.0,2.0,4.0,22.0
10814,RHEA:75247,valid,,59.0,60.0,3.0,2.0,2.0,4.0,21.0
10815,RHEA:75267,valid,,58.0,59.0,8.0,7.0,8.0,15.0,46.0
10816,RHEA:75271,valid,,40.0,41.0,3.0,2.0,2.0,4.0,19.0
10817,RHEA:75279,valid,,38.0,39.0,11.0,7.0,7.0,14.0,57.0
10818,RHEA:75283,valid,,45.0,46.0,11.0,7.0,7.0,14.0,57.0
10819,RHEA:75299,valid,,44.0,45.0,5.0,4.0,2.0,6.0,33.0
10820,RHEA:75303,valid,,44.0,45.0,5.0,4.0,2.0,6.0,33.0
10821,RHEA:75351,valid,,16.0,18.0,5.0,2.0,5.0,7.0,21.0
10822,RHEA:75387,valid,,34.0,34.0,3.0,2.0,2.0,4.0,19.0
10823,RHEA:75407,valid,,12.0,12.0,7.0,6.0,4.0,10.0,40.0
10824,RHEA:75423,valid,,50.0,51.0,8.0,7.0,8.0,15.0,48.0
10825,RHEA:75427,valid,,65.0,66.0,11.0,7.0,7.0,14.0,57.0
10826,RHEA:75431,valid,,66.0,67.0,12.0,7.0,8.0,15.0,59.0
10827,RHEA:75435,valid,,66.0,68.0,14.0,10.0,7.0,17.0,70.0
10828,RHEA:75439,valid,,131.0,135.0,33.0,22.0,19.0,41.0,69.0
10829,RHEA:75447,valid,,23.0,23.0,5.0,4.0,3.0,7.0,27.0
10830,RHEA:75451,valid,,23.0,23.0,5.0,4.0,3.0,7.0,27.0
10831,RHEA:75455,valid,,23.0,23.0,5.0,4.0,3.0,7.0,27.0
10832,RHEA:75459,valid,,23.0,23.0,5.0,4.0,3.0,7.0,27.0
10833,RHEA:75511,valid,,65.0,66.0,3.0,2.0,2.0,4.0,22.0
10834,RHEA:75515,valid,,11.0,11.0,3.0,2.0,2.0,4.0,18.0
10835,RHEA:75519,valid,,50.0,51.0,11.0,7.0,7.0,14.0,56.0
10836,RHEA:75523,valid,,59.0,60.0,3.0,2.0,2.0,4.0,22.0
10837,RHEA:75527,valid,,51.0,52.0,13.0,8.0,8.0,16.0,68.0
10838,RHEA:75531,valid,,12.0,12.0,2.0,1.0,2.0,3.0,12.0
10839,RHEA:75535,valid,,44.0,45.0,11.0,7.0,7.0,14.0,56.0
10840,RHEA:75539,valid,,72.0,72.0,7.0,6.0,3.0,9.0,38.0
10841,RHEA:75543,valid,,46.0,46.0,6.0,4.0,4.0,8.0,40.0
10842,RHEA:75547,zero_fallback,missing_mapping,,,,,,,
10843,RHEA:75551,zero_fallback,missing_mapping,,,,,,,
10844,RHEA:75555,valid,,53.0,54.0,11.0,7.0,7.0,14.0,57.0
10845,RHEA:75559,valid,,54.0,55.0,11.0,7.0,7.0,14.0,57.0
10846,RHEA:75563,valid,,55.0,56.0,13.0,9.0,7.0,16.0,65.0
10847,RHEA:75567,valid,,74.0,74.0,3.0,2.0,2.0,4.0,20.0
10848,RHEA:75571,valid,,74.0,74.0,3.0,2.0,2.0,4.0,20.0
10849,RHEA:75575,valid,,27.0,29.0,5.0,3.0,2.0,5.0,19.0
10850,RHEA:75579,valid,,24.0,26.0,5.0,3.0,2.0,5.0,19.0
10851,RHEA:75583,valid,,60.0,61.0,3.0,2.0,2.0,4.0,22.0
10852,RHEA:75587,valid,,62.0,63.0,3.0,2.0,2.0,4.0,21.0
10853,RHEA:75591,valid,,22.0,22.0,4.0,4.0,0.0,4.0,23.0
10854,RHEA:75595,valid,,22.0,22.0,4.0,4.0,0.0,4.0,23.0
10855,RHEA:75599,valid,,22.0,22.0,7.0,6.0,2.0,8.0,39.0
10856,RHEA:75603,valid,,22.0,22.0,6.0,6.0,0.0,6.0,32.0
10857,RHEA:75607,valid,,22.0,22.0,6.0,6.0,2.0,8.0,33.0
10858,RHEA:75615,valid,,24.0,24.0,7.0,6.0,2.0,8.0,39.0
10859,RHEA:75619,valid,,24.0,24.0,6.0,6.0,0.0,6.0,32.0
10860,RHEA:75623,valid,,24.0,24.0,4.0,3.0,4.0,7.0,27.0
10861,RHEA:75627,valid,,25.0,25.0,7.0,6.0,2.0,8.0,34.0
10862,RHEA:75635,valid,,22.0,22.0,5.0,4.0,2.0,6.0,27.0
10863,RHEA:75639,valid,,22.0,22.0,4.0,4.0,2.0,6.0,24.0
10864,RHEA:75643,valid,,22.0,22.0,5.0,4.0,2.0,6.0,28.0
10865,RHEA:75647,valid,,22.0,22.0,3.0,2.0,2.0,4.0,17.0
10866,RHEA:75651,valid,,22.0,22.0,4.0,4.0,2.0,6.0,24.0
10867,RHEA:75655,valid,,22.0,22.0,3.0,2.0,2.0,4.0,17.0
10868,RHEA:75659,valid,,24.0,24.0,5.0,4.0,2.0,6.0,28.0
10869,RHEA:75663,valid,,24.0,24.0,4.0,4.0,2.0,6.0,26.0
10870,RHEA:75667,valid,,24.0,24.0,5.0,4.0,2.0,6.0,28.0
10871,RHEA:75671,valid,,24.0,24.0,4.0,4.0,2.0,6.0,24.0
10872,RHEA:75675,valid,,22.0,22.0,4.0,4.0,0.0,4.0,23.0
10873,RHEA:75679,valid,,22.0,22.0,4.0,4.0,0.0,4.0,23.0
10874,RHEA:75683,valid,,23.0,23.0,5.0,4.0,2.0,6.0,28.0
10875,RHEA:75703,valid,,24.0,24.0,4.0,4.0,2.0,6.0,24.0
10876,RHEA:75707,valid,,24.0,24.0,4.0,4.0,2.0,6.0,26.0
10877,RHEA:75715,valid,,49.0,51.0,3.0,2.0,2.0,4.0,17.0
10878,RHEA:75719,valid,,97.0,99.0,3.0,2.0,2.0,4.0,17.0
10879,RHEA:75723,valid,,21.0,21.0,3.0,2.0,2.0,4.0,16.0
10880,RHEA:75727,valid,,21.0,21.0,3.0,2.0,2.0,4.0,18.0
10881,RHEA:75731,valid,,65.0,66.0,8.0,7.0,8.0,15.0,48.0
10882,RHEA:75735,valid,,21.0,21.0,3.0,2.0,2.0,4.0,19.0
10883,RHEA:75739,valid,,65.0,65.0,8.0,7.0,8.0,15.0,47.0
10884,RHEA:75743,valid,,65.0,65.0,8.0,7.0,8.0,15.0,48.0
10885,RHEA:75747,valid,,65.0,65.0,8.0,7.0,8.0,15.0,48.0
10886,RHEA:75751,valid,,21.0,21.0,3.0,2.0,2.0,4.0,15.0
10887,RHEA:75755,valid,,21.0,21.0,3.0,2.0,2.0,4.0,15.0
10888,RHEA:75759,valid,,21.0,21.0,3.0,2.0,2.0,4.0,17.0
10889,RHEA:75763,valid,,21.0,21.0,3.0,2.0,2.0,4.0,17.0
10890,RHEA:75767,valid,,19.0,19.0,3.0,2.0,2.0,4.0,15.0
10891,RHEA:75771,valid,,21.0,21.0,3.0,2.0,2.0,4.0,16.0
10892,RHEA:75775,valid,,21.0,21.0,3.0,2.0,2.0,4.0,15.0
10893,RHEA:75779,valid,,21.0,21.0,3.0,2.0,2.0,4.0,15.0
10894,RHEA:75815,valid,,33.0,34.0,3.0,2.0,2.0,4.0,18.0
10895,RHEA:75847,valid,,55.0,56.0,11.0,7.0,7.0,14.0,57.0
10896,RHEA:75851,valid,,56.0,57.0,12.0,7.0,8.0,15.0,58.0
10897,RHEA:75855,valid,,56.0,57.0,12.0,7.0,8.0,15.0,58.0
10898,RHEA:75859,valid,,56.0,57.0,12.0,7.0,8.0,15.0,58.0
10899,RHEA:75863,valid,,55.0,56.0,11.0,7.0,7.0,14.0,57.0
10900,RHEA:75875,valid,,34.0,35.0,3.0,2.0,2.0,4.0,16.0
10901,RHEA:75879,valid,,11.0,11.0,3.0,2.0,2.0,4.0,16.0
10902,RHEA:75891,valid,,91.0,91.0,3.0,2.0,2.0,4.0,22.0
10903,RHEA:75895,valid,,90.0,90.0,3.0,2.0,2.0,4.0,22.0
10904,RHEA:75903,valid,,48.0,49.0,3.0,2.0,2.0,4.0,22.0
10905,RHEA:75907,valid,,48.0,49.0,3.0,2.0,2.0,4.0,22.0
10906,RHEA:75915,valid,,51.0,52.0,9.0,8.0,9.0,17.0,51.0
10907,RHEA:75919,valid,,55.0,56.0,9.0,8.0,9.0,17.0,51.0
10908,RHEA:75931,valid,,11.0,11.0,4.0,3.0,3.0,6.0,23.0
10909,RHEA:75935,valid,,65.0,66.0,3.0,2.0,2.0,4.0,22.0
10910,RHEA:75939,valid,,19.0,19.0,4.0,4.0,0.0,4.0,22.0
10911,RHEA:75943,valid,,18.0,18.0,3.0,2.0,2.0,4.0,22.0
10912,RHEA:75947,valid,,19.0,19.0,3.0,2.0,2.0,4.0,22.0
10913,RHEA:75951,valid,,34.0,34.0,9.0,9.0,2.0,11.0,46.0
10914,RHEA:75955,valid,,35.0,35.0,7.0,7.0,2.0,9.0,33.0
10915,RHEA:75959,valid,,36.0,36.0,7.0,7.0,2.0,9.0,33.0
10916,RHEA:75963,valid,,43.0,43.0,3.0,2.0,2.0,4.0,21.0
10917,RHEA:75971,valid,,69.0,70.0,8.0,7.0,8.0,15.0,46.0
10918,RHEA:75975,valid,,51.0,51.0,10.0,10.0,5.0,15.0,55.0
10919,RHEA:76007,valid,,32.0,33.0,3.0,2.0,2.0,4.0,18.0
10920,RHEA:76011,valid,,26.0,27.0,3.0,2.0,2.0,4.0,18.0
10921,RHEA:76015,valid,,20.0,21.0,3.0,2.0,2.0,4.0,18.0
10922,RHEA:76019,valid,,36.0,36.0,5.0,2.0,5.0,7.0,23.0
10923,RHEA:76023,valid,,37.0,37.0,6.0,2.0,6.0,8.0,25.0
10924,RHEA:76027,valid,,36.0,36.0,7.0,7.0,2.0,9.0,33.0
10925,RHEA:76035,valid,,58.0,60.0,12.0,8.0,7.0,15.0,62.0
10926,RHEA:76039,valid,,58.0,60.0,12.0,8.0,7.0,15.0,62.0
10927,RHEA:76043,valid,,60.0,62.0,12.0,8.0,7.0,15.0,62.0
10928,RHEA:76047,valid,,53.0,53.0,3.0,2.0,2.0,4.0,20.0
10929,RHEA:76051,valid,,51.0,51.0,3.0,2.0,2.0,4.0,20.0
10930,RHEA:76055,valid,,50.0,51.0,3.0,2.0,2.0,4.0,20.0
10931,RHEA:76059,valid,,41.0,42.0,3.0,2.0,2.0,4.0,20.0
10932,RHEA:76067,valid,,53.0,53.0,3.0,2.0,2.0,4.0,20.0
10933,RHEA:76111,valid,,26.0,26.0,3.0,2.0,2.0,4.0,18.0
10934,RHEA:76115,valid,,35.0,36.0,7.0,7.0,2.0,9.0,33.0
10935,RHEA:76143,valid,,52.0,53.0,3.0,2.0,2.0,4.0,20.0
10936,RHEA:76147,valid,,52.0,54.0,3.0,2.0,2.0,4.0,20.0
10937,RHEA:76151,valid,,34.0,34.0,5.0,2.0,5.0,7.0,23.0
10938,RHEA:76155,valid,,34.0,34.0,5.0,2.0,5.0,7.0,23.0
10939,RHEA:76163,valid,,35.0,35.0,5.0,2.0,5.0,7.0,23.0
10940,RHEA:76227,valid,,18.0,18.0,4.0,3.0,2.0,5.0,25.0
10941,RHEA:76235,zero_fallback,missing_mapping,,,,,,,
10942,RHEA:76243,valid,,11.0,11.0,3.0,2.0,2.0,4.0,19.0
10943,RHEA:76247,valid,,47.0,48.0,4.0,2.0,3.0,5.0,21.0
10944,RHEA:76255,valid,,26.0,27.0,6.0,4.0,4.0,8.0,38.0
10945,RHEA:76407,valid,,14.0,14.0,3.0,2.0,2.0,4.0,19.0
10946,RHEA:76419,valid,,47.0,48.0,11.0,7.0,7.0,14.0,57.0
10947,RHEA:76423,valid,,29.0,29.0,4.0,2.0,3.0,5.0,29.0
10948,RHEA:76427,valid,,22.0,24.0,5.0,3.0,2.0,5.0,19.0
10949,RHEA:76435,valid,,23.0,27.0,9.0,6.0,3.0,9.0,25.0
10950,RHEA:76439,valid,,35.0,35.0,6.0,2.0,6.0,8.0,25.0
10951,RHEA:76447,valid,,49.0,50.0,6.0,4.0,3.0,7.0,34.0
10952,RHEA:76451,valid,,12.0,14.0,5.0,3.0,2.0,5.0,19.0
10953,RHEA:76455,valid,,14.0,16.0,5.0,3.0,2.0,5.0,19.0
10954,RHEA:76459,valid,,16.0,18.0,5.0,3.0,2.0,5.0,19.0
10955,RHEA:76463,valid,,25.0,27.0,5.0,3.0,2.0,5.0,19.0
10956,RHEA:76467,valid,,130.0,130.0,23.0,24.0,23.0,47.0,79.0
10957,RHEA:76483,valid,,25.0,25.0,6.0,2.0,6.0,8.0,16.0
10958,RHEA:76487,valid,,27.0,27.0,6.0,2.0,6.0,8.0,16.0
10959,RHEA:76491,valid,,15.0,15.0,3.0,2.0,2.0,4.0,18.0
10960,RHEA:76503,valid,,26.0,26.0,3.0,2.0,2.0,4.0,18.0
10961,RHEA:76507,valid,,23.0,23.0,3.0,2.0,2.0,4.0,18.0
10962,RHEA:76511,valid,,25.0,25.0,3.0,2.0,2.0,4.0,18.0
10963,RHEA:76515,valid,,26.0,26.0,3.0,2.0,2.0,4.0,18.0
10964,RHEA:76531,valid,,64.0,64.0,10.0,9.0,9.0,18.0,58.0
10965,RHEA:76543,valid,,18.0,18.0,3.0,2.0,2.0,4.0,19.0
10966,RHEA:76563,valid,,28.0,28.0,6.0,2.0,6.0,8.0,16.0
10967,RHEA:76599,valid,,21.0,21.0,3.0,2.0,2.0,4.0,16.0
10968,RHEA:76603,valid,,22.0,22.0,3.0,2.0,2.0,4.0,16.0
10969,RHEA:76607,valid,,21.0,21.0,3.0,2.0,2.0,4.0,16.0
10970,RHEA:76611,valid,,59.0,59.0,8.0,7.0,8.0,15.0,48.0
10971,RHEA:76615,valid,,99.0,100.0,13.0,10.0,12.0,22.0,76.0
10972,RHEA:76619,valid,,70.0,70.0,3.0,2.0,2.0,4.0,20.0
10973,RHEA:76623,valid,,100.0,101.0,12.0,9.0,11.0,20.0,71.0
10974,RHEA:76627,valid,,100.0,101.0,12.0,9.0,11.0,20.0,71.0
10975,RHEA:76679,valid,,99.0,100.0,8.0,7.0,8.0,15.0,50.0
10976,RHEA:76683,valid,,87.0,87.0,6.0,4.0,3.0,7.0,33.0
10977,RHEA:76719,valid,,47.0,48.0,11.0,7.0,7.0,14.0,57.0
10978,RHEA:76723,valid,,47.0,48.0,11.0,7.0,7.0,14.0,57.0
10979,RHEA:76727,valid,,49.0,50.0,11.0,7.0,7.0,14.0,57.0
10980,RHEA:76735,valid,,43.0,44.0,11.0,7.0,7.0,14.0,57.0
10981,RHEA:76739,valid,,45.0,46.0,11.0,7.0,7.0,14.0,57.0
10982,RHEA:76743,valid,,47.0,48.0,11.0,7.0,7.0,14.0,57.0
10983,RHEA:76747,valid,,49.0,50.0,11.0,7.0,7.0,14.0,57.0
10984,RHEA:76755,valid,,44.0,45.0,11.0,7.0,7.0,14.0,57.0
10985,RHEA:76759,valid,,46.0,47.0,11.0,7.0,7.0,14.0,57.0
10986,RHEA:76763,valid,,46.0,47.0,13.0,9.0,7.0,16.0,66.0
10987,RHEA:76767,valid,,47.0,47.0,3.0,2.0,2.0,4.0,20.0
10988,RHEA:76771,valid,,46.0,47.0,13.0,9.0,7.0,16.0,65.0
10989,RHEA:76775,valid,,44.0,45.0,11.0,7.0,7.0,14.0,57.0
10990,RHEA:76779,valid,,46.0,47.0,11.0,7.0,7.0,14.0,57.0
10991,RHEA:76783,valid,,46.0,47.0,13.0,9.0,7.0,16.0,66.0
10992,RHEA:76787,valid,,46.0,47.0,13.0,9.0,7.0,16.0,66.0
10993,RHEA:76791,valid,,51.0,52.0,11.0,7.0,7.0,14.0,57.0
10994,RHEA:76795,valid,,50.0,51.0,9.0,8.0,9.0,17.0,51.0
10995,RHEA:76799,valid,,51.0,52.0,9.0,8.0,9.0,17.0,50.0
10996,RHEA:76803,valid,,52.0,53.0,9.0,8.0,9.0,17.0,51.0
10997,RHEA:76807,valid,,53.0,54.0,9.0,8.0,9.0,17.0,51.0
10998,RHEA:76811,valid,,53.0,54.0,9.0,8.0,9.0,17.0,51.0
10999,RHEA:76815,valid,,51.0,52.0,9.0,8.0,9.0,17.0,51.0
11000,RHEA:76819,valid,,54.0,55.0,9.0,8.0,9.0,17.0,51.0
11001,RHEA:76823,valid,,47.0,48.0,9.0,8.0,9.0,17.0,47.0
11002,RHEA:76827,valid,,50.0,51.0,9.0,8.0,9.0,17.0,51.0
11003,RHEA:76831,valid,,52.0,53.0,9.0,8.0,9.0,17.0,51.0
11004,RHEA:76835,valid,,48.0,49.0,9.0,8.0,9.0,17.0,49.0
11005,RHEA:76839,valid,,49.0,50.0,9.0,8.0,9.0,17.0,51.0
11006,RHEA:76843,valid,,54.0,55.0,9.0,8.0,9.0,17.0,51.0
11007,RHEA:76847,valid,,50.0,51.0,9.0,8.0,9.0,17.0,50.0
11008,RHEA:76851,valid,,50.0,51.0,9.0,8.0,9.0,17.0,50.0
11009,RHEA:76855,valid,,51.0,52.0,9.0,8.0,9.0,17.0,51.0
11010,RHEA:76859,valid,,51.0,52.0,9.0,8.0,9.0,17.0,51.0
11011,RHEA:76863,valid,,53.0,54.0,9.0,8.0,9.0,17.0,51.0
11012,RHEA:76867,valid,,54.0,55.0,9.0,8.0,9.0,17.0,51.0
11013,RHEA:76871,valid,,54.0,55.0,9.0,8.0,9.0,17.0,51.0
11014,RHEA:76875,valid,,52.0,53.0,9.0,8.0,9.0,17.0,51.0
11015,RHEA:76879,valid,,51.0,52.0,9.0,8.0,9.0,17.0,51.0
11016,RHEA:76883,valid,,51.0,52.0,9.0,8.0,9.0,17.0,51.0
11017,RHEA:76887,valid,,52.0,53.0,9.0,8.0,9.0,17.0,51.0
11018,RHEA:76891,valid,,55.0,56.0,9.0,8.0,9.0,17.0,51.0
11019,RHEA:76971,valid,,64.0,65.0,3.0,2.0,2.0,4.0,18.0
11020,RHEA:76975,valid,,62.0,63.0,3.0,2.0,2.0,4.0,18.0
11021,RHEA:76979,valid,,60.0,61.0,3.0,2.0,2.0,4.0,19.0
11022,RHEA:76983,valid,,62.0,63.0,3.0,2.0,2.0,4.0,18.0
11023,RHEA:77007,valid,,68.0,69.0,8.0,4.0,5.0,9.0,50.0
11024,RHEA:77011,valid,,52.0,53.0,9.0,8.0,9.0,17.0,51.0
11025,RHEA:77015,valid,,53.0,54.0,9.0,8.0,9.0,17.0,51.0
11026,RHEA:77019,valid,,53.0,54.0,9.0,8.0,9.0,17.0,50.0
11027,RHEA:77023,valid,,55.0,56.0,9.0,8.0,9.0,17.0,51.0
11028,RHEA:77027,valid,,52.0,53.0,9.0,8.0,9.0,17.0,51.0
11029,RHEA:77031,valid,,53.0,54.0,9.0,8.0,9.0,17.0,51.0
11030,RHEA:77035,valid,,53.0,54.0,9.0,8.0,9.0,17.0,51.0
11031,RHEA:77039,valid,,53.0,54.0,9.0,8.0,9.0,17.0,51.0
11032,RHEA:77043,valid,,55.0,56.0,9.0,8.0,9.0,17.0,51.0
11033,RHEA:77047,valid,,56.0,57.0,9.0,8.0,9.0,17.0,51.0
11034,RHEA:77071,valid,,24.0,24.0,13.0,14.0,7.0,21.0,68.0
11035,RHEA:77079,valid,,25.0,26.0,2.0,1.0,2.0,3.0,15.0
11036,RHEA:77963,valid,,29.0,29.0,13.0,13.0,10.0,23.0,73.0
11037,RHEA:77967,valid,,39.0,39.0,5.0,4.0,4.0,8.0,35.0
11038,RHEA:77971,valid,,39.0,39.0,10.0,10.0,6.0,16.0,62.0
11039,RHEA:77975,valid,,28.0,48.0,30.0,30.0,5.0,35.0,63.0
11040,RHEA:77979,valid,,40.0,40.0,14.0,15.0,7.0,22.0,69.0
11041,RHEA:78275,valid,,29.0,29.0,7.0,5.0,6.0,11.0,46.0
11042,RHEA:78287,valid,,29.0,29.0,16.0,20.0,9.0,29.0,80.0
11043,RHEA:78291,valid,,34.0,34.0,17.0,14.0,9.0,23.0,69.0
11044,RHEA:78399,valid,,34.0,34.0,18.0,21.0,11.0,32.0,85.0
11045,RHEA:78403,valid,,30.0,30.0,20.0,23.0,11.0,34.0,91.0
11046,RHEA:78407,zero_fallback,ValueError:RDKit could not parse mapped reaction,,,,,,,
11047,RHEA:78655,valid,,24.0,24.0,13.0,15.0,8.0,23.0,68.0
11048,RHEA:78979,valid,,29.0,29.0,8.0,6.0,8.0,14.0,54.0
11049,RHEA:78983,valid,,29.0,29.0,12.0,10.0,9.0,19.0,65.0
11050,RHEA:78987,valid,,29.0,29.0,13.0,12.0,10.0,22.0,73.0
11051,RHEA:79011,valid,,29.0,29.0,11.0,13.0,7.0,20.0,65.0
11052,RHEA:79687,valid,,34.0,34.0,16.0,14.0,12.0,26.0,81.0
11053,RHEA:79691,zero_fallback,ValueError:RDKit could not parse mapped reaction,,,,,,,
11054,RHEA:80391,valid,,19.0,35.0,30.0,33.0,7.0,40.0,104.0
11055,RHEA:80395,valid,,19.0,19.0,6.0,4.0,5.0,9.0,42.0
11056,RHEA:80399,valid,,25.0,25.0,11.0,10.0,9.0,19.0,60.0
11057,RHEA:80403,valid,,25.0,25.0,14.0,15.0,10.0,25.0,83.0
11058,RHEA:80407,valid,,25.0,25.0,14.0,15.0,9.0,24.0,73.0
11059,RHEA:80863,valid,,38.0,38.0,4.0,2.0,3.0,5.0,29.0
11060,RHEA:80867,valid,,34.0,32.0,7.0,6.0,2.0,8.0,28.0
11061,RHEA:80871,valid,,30.0,30.0,8.0,6.0,6.0,12.0,44.0
11062,RHEA:80875,valid,,30.0,30.0,5.0,4.0,3.0,7.0,34.0
11063,RHEA:80879,valid,,81.0,81.0,4.0,2.0,3.0,5.0,27.0
11064,RHEA:80883,valid,,81.0,81.0,4.0,2.0,3.0,5.0,27.0
11065,RHEA:81103,valid,,24.0,24.0,7.0,6.0,5.0,11.0,42.0
11066,RHEA:81219,valid,,29.0,29.0,14.0,14.0,9.0,23.0,80.0
11067,RHEA:81223,valid,,29.0,29.0,6.0,4.0,3.0,7.0,38.0
11068,RHEA:81231,valid,,30.0,30.0,13.0,12.0,9.0,21.0,72.0
11069,RHEA:81463,valid,,24.0,24.0,14.0,16.0,9.0,25.0,70.0
11070,RHEA:81851,valid,,32.0,32.0,14.0,14.0,11.0,25.0,63.0
11071,RHEA:83287,valid,,19.0,20.0,13.0,10.0,6.0,16.0,65.0
11072,RHEA:83523,valid,,94.0,94.0,4.0,2.0,3.0,5.0,27.0
11073,RHEA:83527,valid,,96.0,96.0,4.0,2.0,3.0,5.0,27.0
11074,RHEA:83903,zero_fallback,ValueError:RDKit could not parse mapped reaction,,,,,,,
11075,RHEA:83907,valid,,25.0,25.0,12.0,10.0,9.0,19.0,65.0
11076,RHEA:85535,valid,,24.0,24.0,6.0,4.0,5.0,9.0,42.0
11077,RHEA:85615,valid,,24.0,24.0,11.0,10.0,8.0,18.0,62.0
11078,RHEA:85619,valid,,20.0,20.0,11.0,11.0,8.0,19.0,72.0
11079,RHEA:85623,valid,,25.0,25.0,16.0,20.0,9.0,29.0,83.0
11080,RHEA:85767,valid,,20.0,30.0,23.0,25.0,10.0,35.0,91.0
