reaction_signature	canonical_reaction	substrate_name	substrate_smiles	product_name	product_smiles	terpene_type	has_mechanism	mechanism_marts_id	reaction_seen_exact	reaction_seen_signature	reaction_seen
	CC(C)=CCOP(=O)([O-])OP(=O)([O-])[O-];C=C(C)CCOP(=O)([O-])OP(=O)([O-])[O-]>>CC(C)=CCC/C(C)=C/CC/C(C)=C/COP(=O)([O-])OP(=O)([O-])[O-]	prenyl diphosphate;isopentenyl diphosphate	CC(C)=CCOP(=O)([O-])OP(=O)([O-])[O-];C=C(C)CCOP(=O)([O-])OP(=O)([O-])[O-]	(2E,6E)-FPP	CC(C)=CCC/C(C)=C/CC/C(C)=C/COP(=O)([O-])OP(=O)([O-])[O-]	pt	True	no_mechanism	False	False	False
C=C(C)C(CC=C(C)C)COP(=O)([O-])OP(=O)([O-])[O-]>>C=C(C)C(CO)CC=C(C)C	C=C(C)C(CC=C(C)C)COP(=O)([O-])OP(=O)([O-])[O-]>>C=C(C)C(CO)CC=C(C)C	(R)-lavandulyl diphosphate	C=C(C)[C@@H](CC=C(C)C)COP(=O)([O-])OP(=O)([O-])[O-]	(R)-lavandulol	C=C(C)[C@H](CO)CC=C(C)C	mono	True	no_mechanism	False	True	True
C=C(C)C12CCCC1C(C)(CCC(C)=CCOP(=O)([O-])OP(=O)([O-])[O-])C(C)CC2>>C=CC1(C)CC(C)C23CCCC2C(C)(C(C)CC3)C(O)C1	C=C(C)C12CCCC1C(C)(CCC(C)=CCOP(=O)([O-])OP(=O)([O-])[O-])C(C)CC2>>C=CC1(C)CC(C)C23CCCC2C(C)(C(C)CC3)C(O)C1	multidienyl diphosphate	C=C(C)[C@]12CCCC1[C@](C)(CC/C(C)=C/COP(=O)([O-])OP(=O)([O-])[O-])[C@H](C)CC2	premutilin	C=C[C@]1(C)C[C@@H](O)[C@]2(C)C(C)CC[C@]3(CCC[C@H]32)[C@@H](C)C1	di	True	marts_R00304	False	False	False
C=C1CCC2C(C)(C)C(O)CCC2(C)C1CCC=C(C)CCC=C(C)CCC1OC1(C)C>>C=C1CCC2C(C)(C)C(O)CCC2(C)C1CCC1C(=C)CCC2C(C)(C)C(O)CCC12C	C=C1CCC2C(C)(C)C(O)CCC2(C)C1CCC=C(C)CCC=C(C)CCC1OC1(C)C>>C=C1CCC2C(C)(C)C(O)CCC2(C)C1CCC1C(=C)CCC2C(C)(C)C(O)CCC12C	(21S)-21,22-epoxypolypoda-8(26)-13,17-trien-3β-ol	C=C1CC[C@H]2C(C)(C)[C@@H](O)CC[C@]2(C)[C@H]1CC/C=C(\C)CC/C=C(\C)CC[C@@H]1OC1(C)C	α-onocerin	C=C1CC[C@H]2C(C)(C)[C@@H](O)CC[C@]2(C)[C@H]1CC[C@H]1C(=C)CC[C@H]2C(C)(C)[C@@H](O)CC[C@]12C	tri	True	no_mechanism	True	True	True
C=C1CCC2C(C)(C)CCCC2(C)C1CCC(C)=CCOP(=O)([O-])OP(=O)([O-])[O-]>>C=C1CC23CCC1CC2C1(C)CCCC(C)(C)C1CC3	C=C1CCC2C(C)(C)CCCC2(C)C1CCC(C)=CCOP(=O)([O-])OP(=O)([O-])[O-]>>C=C1CC23CCC1CC2C1(C)CCCC(C)(C)C1CC3	ent-copalyl diphosphate	C=C1CC[C@@H]2C(C)(C)CCC[C@@]2(C)[C@@H]1CC/C(C)=C/COP(=O)([O-])OP(=O)([O-])[O-]	ent-atiserene	C=C1C[C@]23CC[C@H]1C[C@H]2[C@]1(C)CCCC(C)(C)[C@H]1CC3	di	True	marts_R00320	False	True	True
C=C1CCC2C(C)(C)CCCC2(C)C1CCC(C)=CCOP(=O)([O-])OP(=O)([O-])[O-]>>C=C1CC23CCC4C(C)(C)CCCC4(C)C2CCC1C3	C=C1CCC2C(C)(C)CCCC2(C)C1CCC(C)=CCOP(=O)([O-])OP(=O)([O-])[O-]>>C=C1CC23CCC4C(C)(C)CCCC4(C)C2CCC1C3	ent-copalyl diphosphate	C=C1CC[C@@H]2C(C)(C)CCC[C@@]2(C)[C@@H]1CC/C(C)=C/COP(=O)([O-])OP(=O)([O-])[O-]	ent-kaurene	C=C1C[C@@]23CC[C@@H]4C(C)(C)CCC[C@@]4(C)[C@@H]2CC[C@@H]1C3	di	True	marts_R00048	False	True	True
C=C1CCC2C(C)(C)CCCC2(C)C1CCC(C)=CCOP(=O)([O-])OP(=O)([O-])[O-]>>C=C1CCC23CC1CC2CCC1C(C)(C)CCCC13C	C=C1CCC2C(C)(C)CCCC2(C)C1CCC(C)=CCOP(=O)([O-])OP(=O)([O-])[O-]>>C=C1CCC23CC1CC2CCC1C(C)(C)CCCC13C	syn-copalyl diphosphate	C=C1CC[C@H]2C(C)(C)CCC[C@]2(C)[C@@H]1CC/C(C)=C/COP(=O)([O-])OP(=O)([O-])[O-]	stemod-13(17)-ene	C=C1CC[C@@]23C[C@@H]1C[C@@H]2CC[C@H]1C(C)(C)CCC[C@@]13C	di	True	marts_R00039	False	True	True
C=C1CCC2C(C)(C)CCCC2(C)C1CCC(C)=CCOP(=O)([O-])OP(=O)([O-])[O-]>>C=C1CCC2C(C)(C)CCCC2(C)C1CCC(C)=CCO	C=C1CCC2C(C)(C)CCCC2(C)C1CCC(C)=CCOP(=O)([O-])OP(=O)([O-])[O-]>>C=C1CCC2C(C)(C)CCCC2(C)C1CCC(C)=CCO	(+)-copalyl diphosphate	C=C1CC[C@H]2C(C)(C)CCC[C@]2(C)[C@H]1CC/C(C)=C/COP(=O)([O-])OP(=O)([O-])[O-]	(+)-copalol	C=C1CC[C@H]2C(C)(C)CCC[C@]2(C)[C@H]1CC/C(C)=C/CO	di	True	marts_R00441	False	False	False
C=C1CCC2C(C)(C)CCCC2(C)C1CCC(C)=CCOP(=O)([O-])OP(=O)([O-])[O-]>>C=CC(C)(O)CCC1C(=C)CCC2C(C)(C)CCCC12C	C=C1CCC2C(C)(C)CCCC2(C)C1CCC(C)=CCOP(=O)([O-])OP(=O)([O-])[O-]>>C=CC(C)(O)CCC1C(=C)CCC2C(C)(C)CCCC12C	syn-copalyl diphosphate	C=C1CC[C@H]2C(C)(C)CCC[C@]2(C)[C@@H]1CC/C(C)=C/COP(=O)([O-])OP(=O)([O-])[O-]	(13S)-vitexifolin A	C=C[C@@](C)(O)CC[C@@H]1C(=C)CC[C@H]2C(C)(C)CCC[C@]12C	di	True	marts_R00149	False	True	True
C=C1CCC2C(C)(C)CCCC2(C)C1CCC(C)=CCOP(=O)([O-])OP(=O)([O-])[O-]>>C=CC(C)=CCC1C(=C)CCC2C(C)(C)CCCC12C	C=C1CCC2C(C)(C)CCCC2(C)C1CCC(C)=CCOP(=O)([O-])OP(=O)([O-])[O-]>>C=CC(C)=CCC1C(=C)CCC2C(C)(C)CCCC12C	(+)-copalyl diphosphate	C=C1CC[C@H]2C(C)(C)CCC[C@]2(C)[C@H]1CC/C(C)=C/COP(=O)([O-])OP(=O)([O-])[O-]	(12E)-labda-8(17),12,14-triene	C=C/C(C)=C/C[C@H]1C(=C)CC[C@H]2C(C)(C)CCC[C@]12C	di	True	marts_R00343	False	True	True
C=C1CCC2C(C)(C)CCCC2(C)C1CCC(C)=CCOP(=O)([O-])OP(=O)([O-])[O-]>>C=CC1(C)C=C2CCC3C(C)(C)CCCC3(C)C2CC1	C=C1CCC2C(C)(C)CCCC2(C)C1CCC(C)=CCOP(=O)([O-])OP(=O)([O-])[O-]>>C=CC1(C)C=C2CCC3C(C)(C)CCCC3(C)C2CC1	ent-copalyl diphosphate	C=C1CC[C@@H]2C(C)(C)CCC[C@@]2(C)[C@@H]1CC/C(C)=C/COP(=O)([O-])OP(=O)([O-])[O-]	ent-pimara-8(14),15-diene	C=C[C@]1(C)C=C2CC[C@@H]3C(C)(C)CCC[C@@]3(C)[C@@H]2CC1	di	True	marts_R00106	False	True	True
C=C1CCC2C(C)(C)CCCC2(C)C1CCC(C)=CCOP(=O)([O-])OP(=O)([O-])[O-]>>C=CC1(C)CC=C2C(CCC3C(C)(C)CCCC23C)C1	C=C1CCC2C(C)(C)CCCC2(C)C1CCC(C)=CCOP(=O)([O-])OP(=O)([O-])[O-]>>C=CC1(C)CC=C2C(CCC3C(C)(C)CCCC23C)C1	ent-copalyl diphosphate	C=C1CC[C@@H]2C(C)(C)CCC[C@@]2(C)[C@@H]1CC/C(C)=C/COP(=O)([O-])OP(=O)([O-])[O-]	ent-pimara-9(11),15-diene	C=C[C@@]1(C)CC=C2[C@@H](CC[C@@H]3C(C)(C)CCC[C@@]23C)C1	di	True	marts_R00127	False	True	True
C=C1CCC2C(C)(C)CCCC2(C)C1CCC(C)=CCOP(=O)([O-])OP(=O)([O-])[O-]>>C=CC1(C)CCC2(C)C(CCC3(C)C(=C)CCCC32)C1	C=C1CCC2C(C)(C)CCCC2(C)C1CCC(C)=CCOP(=O)([O-])OP(=O)([O-])[O-]>>C=CC1(C)CCC2(C)C(CCC3(C)C(=C)CCCC32)C1	ent-copalyl diphosphate	C=C1CC[C@@H]2C(C)(C)CCC[C@@]2(C)[C@@H]1CC/C(C)=C/COP(=O)([O-])OP(=O)([O-])[O-]	dolabradiene	C=C[C@@]1(C)CC[C@]2(C)[C@H](CC[C@]3(C)C(=C)CCC[C@@H]23)C1	di	True	marts_R00336	False	False	False
C=C1CCC2C(C)(C)CCCC2(C)C1CCC(C)=CCOP(=O)([O-])OP(=O)([O-])[O-]>>C=CC1(C)CCC2(O)C(CCC3C(C)(C)CCCC32C)C1	C=C1CCC2C(C)(C)CCCC2(C)C1CCC(C)=CCOP(=O)([O-])OP(=O)([O-])[O-]>>C=CC1(C)CCC2(O)C(CCC3C(C)(C)CCCC32C)C1	syn-copalyl diphosphate	C=C1CC[C@H]2C(C)(C)CCC[C@]2(C)[C@@H]1CC/C(C)=C/COP(=O)([O-])OP(=O)([O-])[O-]	9β-hydroxy-syn-pimar-15-ene	C=C[C@@]1(C)CC[C@]2(O)C(CC[C@H]3C(C)(C)CCC[C@@]32C)C1	di	True	marts_R00493	False	False	False
C=C1CCC2C(C)(C)CCCC2(C)C1CCC(C)=CCOP(=O)([O-])OP(=O)([O-])[O-]>>C=CC1(C)CCC2C(=CCC3C(C)(C)CCCC23C)C1	C=C1CCC2C(C)(C)CCCC2(C)C1CCC(C)=CCOP(=O)([O-])OP(=O)([O-])[O-]>>C=CC1(C)CCC2C(=CCC3C(C)(C)CCCC23C)C1	(+)-copalyl diphosphate	C=C1CC[C@H]2C(C)(C)CCC[C@]2(C)[C@H]1CC/C(C)=C/COP(=O)([O-])OP(=O)([O-])[O-]	isopimara-7,15-diene	C=C[C@@]1(C)CC[C@H]2C(=CC[C@H]3C(C)(C)CCC[C@]23C)C1	di	True	marts_R00117	False	True	True
C=C1CCC2C(C)(C)CCCC2(C)C1CCC(C)=CCOP(=O)([O-])OP(=O)([O-])[O-]>>C=CC1(C)CCC2C(O)(CCC3C(C)(C)CCCC32C)C1	C=C1CCC2C(C)(C)CCCC2(C)C1CCC(C)=CCOP(=O)([O-])OP(=O)([O-])[O-]>>C=CC1(C)CCC2C(O)(CCC3C(C)(C)CCCC32C)C1	(+)-copalyl diphosphate	C=C1CC[C@H]2C(C)(C)CCC[C@]2(C)[C@H]1CC/C(C)=C/COP(=O)([O-])OP(=O)([O-])[O-]	nezukol	C=C[C@@]1(C)CC[C@H]2[C@@](O)(CC[C@H]3C(C)(C)CCC[C@@]32C)C1	di	True	marts_R00321	False	False	False
C=C1CCC2C(C)(C)CCCC2(C)C1CCC(C)=CCOP(=O)([O-])OP(=O)([O-])[O-]>>C=CC1=CCC2C(CCC3C(C)(C)CCCC23C)C1C	C=C1CCC2C(C)(C)CCCC2(C)C1CCC(C)=CCOP(=O)([O-])OP(=O)([O-])[O-]>>C=CC1=CCC2C(CCC3C(C)(C)CCCC23C)C1C	ent-copalyl diphosphate	C=C1CC[C@@H]2C(C)(C)CCC[C@@]2(C)[C@@H]1CC/C(C)=C/COP(=O)([O-])OP(=O)([O-])[O-]	ent-cassa-12,15-diene	C=CC1=CC[C@@H]2[C@H](CC[C@@H]3C(C)(C)CCC[C@@]23C)[C@@H]1C	di	True	marts_R00146	False	True	True
C=C1CCC2C(C)(C)CCCC2(C)C1CCC(C)=CCOP(=O)([O-])OP(=O)([O-])[O-]>>CC(C)=C1C=C2CCC3C(C)(C)CCCC3(C)C2CC1	C=C1CCC2C(C)(C)CCCC2(C)C1CCC(C)=CCOP(=O)([O-])OP(=O)([O-])[O-]>>CC(C)=C1C=C2CCC3C(C)(C)CCCC3(C)C2CC1	(+)-copalyl diphosphate	C=C1CC[C@H]2C(C)(C)CCC[C@]2(C)[C@H]1CC/C(C)=C/COP(=O)([O-])OP(=O)([O-])[O-]	neoabietadiene	CC(C)=C1C=C2CC[C@H]3C(C)(C)CCC[C@]3(C)[C@H]2CC1	di	True	marts_R00131	False	False	False
C=C1CCC2C(C)(C)CCCC2(C)C1CCC(C)=CCOP(=O)([O-])OP(=O)([O-])[O-]>>CC(C)C1(O)C=C2CCC3C(C)(C)CCCC3(C)C2CC1	C=C1CCC2C(C)(C)CCCC2(C)C1CCC(C)=CCOP(=O)([O-])OP(=O)([O-])[O-]>>CC(C)C1(O)C=C2CCC3C(C)(C)CCCC3(C)C2CC1	ent-copalyl diphosphate	C=C1CC[C@@H]2C(C)(C)CCC[C@@]2(C)[C@@H]1CC/C(C)=C/COP(=O)([O-])OP(=O)([O-])[O-]	13-hydroxy-8(14)-ent-abietene	CC(C)C1(O)C=C2CC[C@@H]3C(C)(C)CCC[C@@]3(C)C2CC1	di	True	marts_R00489	False	False	False
C=C1CCC2C(C)(C)CCCC2(C)C1CCC(C)=CCOP(=O)([O-])OP(=O)([O-])[O-]>>CC(C)C1=CC2=C(CC1)C1(C)CCCC(C)(C)C1CC2	C=C1CCC2C(C)(C)CCCC2(C)C1CCC(C)=CCOP(=O)([O-])OP(=O)([O-])[O-]>>CC(C)C1=CC2=C(CC1)C1(C)CCCC(C)(C)C1CC2	(+)-copalyl diphosphate	C=C1CC[C@H]2C(C)(C)CCC[C@]2(C)[C@H]1CC/C(C)=C/COP(=O)([O-])OP(=O)([O-])[O-]	palustradiene	CC(C)C1=CC2=C(CC1)[C@@]1(C)CCCC(C)(C)[C@@H]1CC2	di	True	marts_R00130	False	False	False
C=C1CCC2C(C)(C)CCCC2(C)C1CCC(C)=CCOP(=O)([O-])OP(=O)([O-])[O-]>>CC(C)C1=CC2=CCC3C(C)(C)CCCC3(C)C2CC1	C=C1CCC2C(C)(C)CCCC2(C)C1CCC(C)=CCOP(=O)([O-])OP(=O)([O-])[O-]>>CC(C)C1=CC2=CCC3C(C)(C)CCCC3(C)C2CC1	(+)-copalyl diphosphate	C=C1CC[C@H]2C(C)(C)CCC[C@]2(C)[C@H]1CC/C(C)=C/COP(=O)([O-])OP(=O)([O-])[O-]	abieta-7,13-diene	CC(C)C1=CC2=CC[C@H]3C(C)(C)CCC[C@]3(C)[C@H]2CC1	di	True	marts_R00140	False	False	False
C=C1CCC2C(C)(C)CCCC2(C)C1CCC(C)=CCOP(=O)([O-])OP(=O)([O-])[O-]>>CC(C)C1=CC=C2C(CCC3C(C)(C)CCCC23C)C1	C=C1CCC2C(C)(C)CCCC2(C)C1CCC(C)=CCOP(=O)([O-])OP(=O)([O-])[O-]>>CC(C)C1=CC=C2C(CCC3C(C)(C)CCCC23C)C1	ent-copalyl diphosphate	C=C1CC[C@@H]2C(C)(C)CCC[C@@]2(C)[C@@H]1CC/C(C)=C/COP(=O)([O-])OP(=O)([O-])[O-]	8-epi-abieta-3(4),5-diene	CC(C)C1=CC=C2[C@@H](CC[C@@H]3C(C)(C)CCC[C@@]23C)C1	di	True	marts_R00496	False	False	False
C=C1CCC2C(C)(C)CCCC2(C)C1CCC(C)=CCOP(=O)([O-])OP(=O)([O-])[O-]>>CC(C)C1=CCC2=C(CCC3C(C)(C)CCCC23C)C1	C=C1CCC2C(C)(C)CCCC2(C)C1CCC(C)=CCOP(=O)([O-])OP(=O)([O-])[O-]>>CC(C)C1=CCC2=C(CCC3C(C)(C)CCCC23C)C1	(+)-copalyl diphosphate	C=C1CC[C@H]2C(C)(C)CCC[C@]2(C)[C@H]1CC/C(C)=C/COP(=O)([O-])OP(=O)([O-])[O-]	miltiradiene	CC(C)C1=CCC2=C(CC[C@H]3C(C)(C)CCC[C@]23C)C1	di	True	marts_R00009	False	False	False
C=C1CCC2C(C)(C)CCCC2(C)C1CCC(C)=CCOP(=O)([O-])OP(=O)([O-])[O-]>>CC(C)C1=CCC2C(=C1)CCC1C(C)(C)CCCC21C	C=C1CCC2C(C)(C)CCCC2(C)C1CCC(C)=CCOP(=O)([O-])OP(=O)([O-])[O-]>>CC(C)C1=CCC2C(=C1)CCC1C(C)(C)CCCC21C	(+)-copalyl diphosphate	C=C1CC[C@H]2C(C)(C)CCC[C@]2(C)[C@H]1CC/C(C)=C/COP(=O)([O-])OP(=O)([O-])[O-]	levopimaradiene	CC(C)C1=CC[C@H]2C(=C1)CC[C@H]1C(C)(C)CCC[C@]21C	di	True	marts_R00038	False	False	False
C=C1CCC2C(C)(C)CCCC2(C)C1CCC(C)=CCOP(=O)([O-])OP(=O)([O-])[O-]>>CC1(C)CCCC2(C)C1CCC13CC(CCC12)C(C)(O)C3	C=C1CCC2C(C)(C)CCCC2(C)C1CCC(C)=CCOP(=O)([O-])OP(=O)([O-])[O-]>>CC1(C)CCCC2(C)C1CCC13CC(CCC12)C(C)(O)C3	(+)-copalyl diphosphate	C=C1CC[C@H]2C(C)(C)CCC[C@]2(C)[C@H]1CC/C(C)=C/COP(=O)([O-])OP(=O)([O-])[O-]	phyllocladan-16α-ol	CC1(C)CCC[C@@]2(C)[C@H]1CC[C@]13CC(CC[C@@H]12)[C@](C)(O)C3	di	True	marts_R00270	False	True	True
C=C1CCC2C(C)(C)CCCC2(C)C1CCC(C)=CCOP(=O)([O-])OP(=O)([O-])[O-]>>CC1(C)CCCC2(C)C1CCC1CC3CC12CCC3(C)O	C=C1CCC2C(C)(C)CCCC2(C)C1CCC(C)=CCOP(=O)([O-])OP(=O)([O-])[O-]>>CC1(C)CCCC2(C)C1CCC1CC3CC12CCC3(C)O	syn-copalyl diphosphate	C=C1CC[C@H]2C(C)(C)CCC[C@]2(C)[C@@H]1CC/C(C)=C/COP(=O)([O-])OP(=O)([O-])[O-]	aphidicolan-16β-ol	CC1(C)CCC[C@@]2(C)[C@H]1CC[C@H]1C[C@@H]3C[C@@]12CC[C@@]3(C)O	di	True	marts_R00095	False	False	False
C=C1CCC2C(C)(C)CCCC2(C)C1CCC(C)=CCOP(=O)([O-])OP(=O)([O-])[O-]>>CC1=CC23CCC4C(C)(C)CCCC4(C)C2CCC1C3	C=C1CCC2C(C)(C)CCCC2(C)C1CCC(C)=CCOP(=O)([O-])OP(=O)([O-])[O-]>>CC1=CC23CCC4C(C)(C)CCCC4(C)C2CCC1C3	ent-copalyl diphosphate	C=C1CC[C@@H]2C(C)(C)CCC[C@@]2(C)[C@@H]1CC/C(C)=C/COP(=O)([O-])OP(=O)([O-])[O-]	ent-isokaurene	CC1=C[C@@]23CC[C@@H]4C(C)(C)CCC[C@@]4(C)[C@@H]2CC[C@@H]1C3	di	True	marts_R00285	False	True	True
C=C1CCC2C(C)(C)CCCC2(C)C1CCC(C)=CCOP(=O)([O-])OP(=O)([O-])[O-]>>CC1=CC2CCC3C(C)(C)CCCC3(C)C23CCC1C3	C=C1CCC2C(C)(C)CCCC2(C)C1CCC(C)=CCOP(=O)([O-])OP(=O)([O-])[O-]>>CC1=CC2CCC3C(C)(C)CCCC3(C)C23CCC1C3	syn-copalyl diphosphate	C=C1CC[C@H]2C(C)(C)CCC[C@]2(C)[C@@H]1CC/C(C)=C/COP(=O)([O-])OP(=O)([O-])[O-]	stemar-13-ene	CC1=C[C@@H]2CC[C@H]3C(C)(C)CCC[C@]3(C)[C@@]23CC[C@@H]1C3	di	True	marts_R00116	False	True	True
C=C1CCC2C(C)(C)CCCC2(C)C1CCC(C)=CCOP(=O)([O-])OP(=O)([O-])[O-]>>CC1CC2=CCC3C(C)(C)CCCC3(C)C2CCC1(C)O	C=C1CCC2C(C)(C)CCCC2(C)C1CCC(C)=CCOP(=O)([O-])OP(=O)([O-])[O-]>>CC1CC2=CCC3C(C)(C)CCCC3(C)C2CCC1(C)O	syn-copalyl diphosphate	C=C1CC[C@H]2C(C)(C)CCC[C@]2(C)[C@@H]1CC/C(C)=C/COP(=O)([O-])OP(=O)([O-])[O-]	tolypothrichol	C[C@@H]1CC2=CC[C@H]3C(C)(C)CCC[C@]3(C)[C@@H]2CC[C@@]1(C)O	di	True	marts_R00495	False	False	False
CC(=CCCC=C(C)CCC=C(C)CCC1OC1(C)C)CCC=C(C)CCC1OC1(C)C>>C=C1CCC2C(C)(C)C(O)CCC2(C)C1CCC=C(C)CCC=C(C)CCC1OC1(C)C	CC(=CCCC=C(C)CCC=C(C)CCC1OC1(C)C)CCC=C(C)CCC1OC1(C)C>>C=C1CCC2C(C)(C)C(O)CCC2(C)C1CCC=C(C)CCC=C(C)CCC1OC1(C)C	(3S,22S)-2,3:22,23-diepoxy-2,3,22,23-tetrahydrosqualene	C/C(=C\CC/C=C(\C)CC/C=C(\C)CC[C@@H]1OC1(C)C)CC/C=C(\C)CC[C@@H]1OC1(C)C	(21S)-21,22-epoxypolypoda-8(26)-13,17-trien-3β-ol	C=C1CC[C@H]2C(C)(C)[C@@H](O)CC[C@]2(C)[C@H]1CC/C=C(\C)CC/C=C(\C)CC[C@@H]1OC1(C)C	tri	True	no_mechanism	True	True	True
CC(=CCOP(=O)([O-])OP(=O)([O-])[O-])CCC1(C)C(C)=C(C)C(C)C1C>>C=C1C(C)C2(C)C(C)=C(C)C(C)(C1C)C2C	CC(=CCOP(=O)([O-])OP(=O)([O-])[O-])CCC1(C)C(C)=C(C)C(C)C1C>>C=C1C(C)C2(C)C(C)=C(C)C(C)(C1C)C2C	pre-sodorifen diphosphate	CC1=C(C)[C@@](C)(CC/C(C)=C/COP(=O)([O-])OP(=O)([O-])[O-])[C@H](C)[C@H]1C	sodorifen	C=C1[C@@H](C)[C@]2(C)C(C)=C(C)[C@@](C)([C@H]2C)[C@H]1C	sesq	True	marts_R00406	False	False	False
CC(=CCOP(=O)([O-])OP(=O)([O-])[O-])CCC1(C)C(C)CCC2(C)C(C)=CCCC21>>C=CC(=C)CCC1(C)C(C)CCC2(C)C(C)=CCCC21	CC(=CCOP(=O)([O-])OP(=O)([O-])[O-])CCC1(C)C(C)CCC2(C)C(C)=CCCC21>>C=CC(=C)CCC1(C)C(C)CCC2(C)C(C)=CCCC21	terpentedienyl diphosphate(3−)	CC1=CCC[C@H]2[C@](C)(CC/C(C)=C/COP(=O)([O-])OP(=O)([O-])[O-])[C@H](C)CC[C@]12C	terpentetriene	C=CC(=C)CC[C@]1(C)[C@H](C)CC[C@]2(C)C(C)=CCC[C@@H]12	di	True	marts_R00093	False	True	True
CC(=CCOP(=O)([O-])OP(=O)([O-])[O-])CCC1(C)C(C)CCC2(C)C(C)=CCCC21>>C=CC(C)(O)CCC1(C)C(C)CCC2(C)C(C)=CCCC21	CC(=CCOP(=O)([O-])OP(=O)([O-])[O-])CCC1(C)C(C)CCC2(C)C(C)=CCCC21>>C=CC(C)(O)CCC1(C)C(C)CCC2(C)C(C)=CCCC21	ent-neo-cis-trans-kolavenol	CC1=CCC[C@H]2[C@](C)(CC/C(C)=C/COP(=O)([O-])OP(=O)([O-])[O-])[C@H](C)CC[C@@]12C	ent-neo-cis-trans-kolavelool	C=CC(C)(O)CC[C@]1(C)[C@H](C)CC[C@@]2(C)C(C)=CCC[C@@H]12	di	True	marts_R00494	False	False	False
CC(=CCOP(=O)([O-])OP(=O)([O-])[O-])CCC1(O)C(C)CCC2C(C)(C)CCCC21C>>C=CC(=C)CCC1(O)C(C)CCC2C(C)(C)CCCC21C	CC(=CCOP(=O)([O-])OP(=O)([O-])[O-])CCC1(O)C(C)CCC2C(C)(C)CCCC21C>>C=CC(=C)CCC1(O)C(C)CCC2C(C)(C)CCCC21C	peregrinol diphosphate	C/C(=C\COP(=O)([O-])OP(=O)([O-])[O-])CC[C@@]1(O)[C@H](C)CC[C@H]2C(C)(C)CCC[C@@]21C	labd-13(16),14-diene-9-ol	C=CC(=C)CC[C@@]1(O)[C@H](C)CC[C@H]2C(C)(C)CCC[C@@]21C	di	True	marts_R00462	False	True	True
CC(=CCOP(=O)([O-])OP(=O)([O-])[O-])CCC1(O)C(C)CCC2C(C)(C)CCCC21C>>C=CC(C)(O)CCC1(O)C(C)CCC2C(C)(C)CCCC21C	CC(=CCOP(=O)([O-])OP(=O)([O-])[O-])CCC1(O)C(C)CCC2C(C)(C)CCCC21C>>C=CC(C)(O)CCC1(O)C(C)CCC2C(C)(C)CCCC21C	peregrinol diphosphate	C/C(=C\COP(=O)([O-])OP(=O)([O-])[O-])CC[C@@]1(O)[C@H](C)CC[C@H]2C(C)(C)CCC[C@@]21C	viteagnusin D	C=CC(C)(O)CC[C@@]1(O)[C@H](C)CC[C@H]2C(C)(C)CCC[C@@]21C	di	True	marts_R00317	False	True	True
CC(=CCOP(=O)([O-])OP(=O)([O-])[O-])CCC1(O)C(C)CCC2C(C)(C)CCCC21C>>C=CC1(C)CCC2(O1)C(C)CCC1C(C)(C)CCCC12C	CC(=CCOP(=O)([O-])OP(=O)([O-])[O-])CCC1(O)C(C)CCC2C(C)(C)CCCC21C>>C=CC1(C)CCC2(O1)C(C)CCC1C(C)(C)CCCC12C	peregrinol diphosphate	C/C(=C\COP(=O)([O-])OP(=O)([O-])[O-])CC[C@@]1(O)[C@H](C)CC[C@H]2C(C)(C)CCC[C@@]21C	9,13(R)-epoxylabd-14-ene	C=C[C@@]1(C)CC[C@@]2(O1)[C@H](C)CC[C@H]1C(C)(C)CCC[C@@]12C	di	True	marts_R00318	False	True	True
CC(=CCOP(=O)([O-])OP(=O)([O-])[O-])CCC1C(C)(O)CCC2C(C)(C)CCCC21C>>C=CC(C)(O)CCC1C(C)(O)CCC2C(C)(C)CCCC21C	CC(=CCOP(=O)([O-])OP(=O)([O-])[O-])CCC1C(C)(O)CCC2C(C)(C)CCCC21C>>C=CC(C)(O)CCC1C(C)(O)CCC2C(C)(C)CCCC21C	copal-8-ol diphosphate	C/C(=C\COP(=O)([O-])OP(=O)([O-])[O-])CC[C@@H]1[C@@]2(C)CCCC(C)(C)[C@@H]2CC[C@@]1(C)O	sclareol	C=C[C@](C)(O)CC[C@@H]1[C@@]2(C)CCCC(C)(C)[C@@H]2CC[C@@]1(C)O	di	True	marts_R00217	False	True	True
CC(=CCOP(=O)([O-])OP(=O)([O-])[O-])CCC1C(C)(O)CCC2C(C)(C)CCCC21C>>C=CC(C)=CCC1C(C)(O)CCC2C(C)(C)CCCC21C	CC(=CCOP(=O)([O-])OP(=O)([O-])[O-])CCC1C(C)(O)CCC2C(C)(C)CCCC21C>>C=CC(C)=CCC1C(C)(O)CCC2C(C)(C)CCCC21C	copal-8-ol diphosphate	C/C(=C\COP(=O)([O-])OP(=O)([O-])[O-])CC[C@@H]1[C@@]2(C)CCCC(C)(C)[C@@H]2CC[C@@]1(C)O	cis-abienol	C=C/C(C)=C\C[C@@H]1[C@@]2(C)CCCC(C)(C)[C@@H]2CC[C@@]1(C)O	di	True	marts_R00213	False	True	True
CC(=CCOP(=O)([O-])OP(=O)([O-])[O-])CCC1C(C)(O)CCC2C(C)(C)CCCC21C>>C=CC1(C)CCC2C(C)(CCC3C(C)(C)CCCC32C)O1	CC(=CCOP(=O)([O-])OP(=O)([O-])[O-])CCC1C(C)(O)CCC2C(C)(C)CCCC21C>>C=CC1(C)CCC2C(C)(CCC3C(C)(C)CCCC32C)O1	copal-8-ol diphosphate	C/C(=C\COP(=O)([O-])OP(=O)([O-])[O-])CC[C@@H]1[C@@]2(C)CCCC(C)(C)[C@@H]2CC[C@@]1(C)O	(13R)-manoyl oxide	C=C[C@@]1(C)CC[C@H]2[C@@]3(C)CCCC(C)(C)[C@@H]3CC[C@@]2(C)O1	di	True	marts_R00011	False	True	True
CC(=CCOP(=O)([O-])OP(=O)([O-])[O-])CCC1C(C)=CCC2C(C)(C)CCCC12C>>C=CC(=C)CCC1C(C)=CCC2C(C)(C)CCCC12C	CC(=CCOP(=O)([O-])OP(=O)([O-])[O-])CCC1C(C)=CCC2C(C)(C)CCCC12C>>C=CC(=C)CCC1C(C)=CCC2C(C)(C)CCCC12C	(5S,9S,10S,13E)-labda-7,13-dien-15-yl diphosphate	CC1=CC[C@H]2C(C)(C)CCC[C@]2(C)[C@H]1CC/C(C)=C/COP(=O)([O-])OP(=O)([O-])[O-]	labda-7,13(16),14-triene	C=CC(=C)CC[C@H]1C(C)=CC[C@H]2C(C)(C)CCC[C@]12C	di	True	marts_R00264	False	True	True
CC(=CCOP(=O)([O-])OP(=O)([O-])[O-])CCCC(C)CCCC(C)CCCC(C)C>>CC(=CCCC=C(C)CCCC(C)CCCC(C)CCCC(C)C)CCCC(C)CCCC(C)CCCC(C)C	CC(=CCOP(=O)([O-])OP(=O)([O-])[O-])CCCC(C)CCCC(C)CCCC(C)C>>CC(=CCCC=C(C)CCCC(C)CCCC(C)CCCC(C)C)CCCC(C)CCCC(C)CCCC(C)C	phytyl diphosphate	C/C(=C\COP(=O)([O-])OP(=O)([O-])[O-])CCC[C@H](C)CCC[C@H](C)CCCC(C)C	(14E,18E)-lycopadiene	C/C(=C\CC/C=C(\C)CCC[C@H](C)CCC[C@H](C)CCCC(C)C)CCC[C@H](C)CCC[C@H](C)CCCC(C)C	sqs	True	no_mechanism	False	False	False
CC(C)=CC1C(COP(=O)([O-])OP(=O)([O-])[O-])C1(C)C>>CC(C)=CC1C(CO)C1(C)C	CC(C)=CC1C(COP(=O)([O-])OP(=O)([O-])[O-])C1(C)C>>CC(C)=CC1C(CO)C1(C)C	(R,R)-chrysanthemyl diphosphate	CC(C)=C[C@@H]1[C@@H](COP(=O)([O-])OP(=O)([O-])[O-])C1(C)C	(R,R)-chrysanthemol	CC(C)=C[C@@H]1[C@@H](CO)C1(C)C	mono	True	no_mechanism	False	False	False
CC(C)=CCCC(C)=C(C)COP(=O)([O-])OP(=O)([O-])[O-]>>CC1(O)CC2CCC1(C)C2(C)C	CC(C)=CCCC(C)=C(C)COP(=O)([O-])OP(=O)([O-])[O-]>>CC1(O)CC2CCC1(C)C2(C)C	(E)-2-methylgeranyl diphosphate	CC(C)=CCC/C(C)=C(\C)COP(=O)([O-])OP(=O)([O-])[O-]	2-methylisoborneol	CC1(C)[C@@H]2CC[C@@]1(C)[C@](C)(O)C2	mono	True	no_mechanism	False	True	True
CC(C)=CCCC(C)=CC=CC(C)=CC=CC(C)=CC=CC=C(C)C=CC=C(C)C=CC1=C(C)CCCC1(C)C>>CC(C=CC=C(C)C=CC1=C(C)CCCC1(C)C)=CC=CC=C(C)C=CC=C(C)C=CC1=C(C)CCCC1(C)C	CC(C)=CCCC(C)=CC=CC(C)=CC=CC(C)=CC=CC=C(C)C=CC=C(C)C=CC1=C(C)CCCC1(C)C>>CC(C=CC=C(C)C=CC1=C(C)CCCC1(C)C)=CC=CC=C(C)C=CC=C(C)C=CC1=C(C)CCCC1(C)C	γ-carotene	CC(C)=CCC/C(C)=C/C=C/C(C)=C/C=C/C(C)=C/C=C/C=C(C)/C=C/C=C(C)/C=C/C1=C(C)CCCC1(C)C	β-carotene	CC1=C(/C=C/C(C)=C/C=C/C(C)=C/C=C/C=C(C)/C=C/C=C(C)/C=C/C2=C(C)CCCC2(C)C)C(C)(C)CCC1	tetra	True	no_mechanism	False	False	False
CC(C)=CCCC(C)=CC=CC(C)=CC=CC(C)=CC=CC=C(C)C=CC=C(C)C=CC=C(C)CCC=C(C)C>>CC(C)=CCCC(C)=CC=CC(C)=CC=CC(C)=CC=CC=C(C)C=CC=C(C)C=CC1=C(C)CCCC1(C)C	CC(C)=CCCC(C)=CC=CC(C)=CC=CC(C)=CC=CC=C(C)C=CC=C(C)C=CC=C(C)CCC=C(C)C>>CC(C)=CCCC(C)=CC=CC(C)=CC=CC(C)=CC=CC=C(C)C=CC=C(C)C=CC1=C(C)CCCC1(C)C	lycopene	CC(C)=CCC/C(C)=C/C=C/C(C)=C/C=C/C(C)=C/C=C/C=C(C)/C=C/C=C(C)/C=C/C=C(\C)CCC=C(C)C	γ-carotene	CC(C)=CCC/C(C)=C/C=C/C(C)=C/C=C/C(C)=C/C=C/C=C(C)/C=C/C=C(C)/C=C/C1=C(C)CCCC1(C)C	tetra	True	no_mechanism	False	False	False
CC(C)=CCCC(C)=CCCC(C)=CC1C(COP(=O)([O-])OP(=O)([O-])[O-])C1(C)CCC=C(C)CCC=C(C)C>>C=CC(C)(C=CC(C)CCC=C(C)CCC=C(C)C)CCC=C(C)CCC=C(C)C	CC(C)=CCCC(C)=CCCC(C)=CC1C(COP(=O)([O-])OP(=O)([O-])[O-])C1(C)CCC=C(C)CCC=C(C)C>>C=CC(C)(C=CC(C)CCC=C(C)CCC=C(C)C)CCC=C(C)CCC=C(C)C	presqualene diphosphate	CC(C)=CCC/C(C)=C/CC/C(C)=C/[C@H]1[C@H](COP(=O)([O-])OP(=O)([O-])[O-])[C@@]1(C)CC/C=C(\C)CCC=C(C)C	C30 botryococcene	C=C[C@@](C)(/C=C/[C@H](C)CC/C=C(\C)CCC=C(C)C)CC/C=C(\C)CCC=C(C)C	tri	True	no_mechanism	False	False	False
CC(C)=CCCC(C)=CCCC(C)=CC1C(COP(=O)([O-])OP(=O)([O-])[O-])C1(C)CCC=C(C)CCC=C(C)C>>CC(C)=CCCC(C)=CCCC(C)=CC1C(CO)C1(C)CCC=C(C)CCC=C(C)C	CC(C)=CCCC(C)=CCCC(C)=CC1C(COP(=O)([O-])OP(=O)([O-])[O-])C1(C)CCC=C(C)CCC=C(C)C>>CC(C)=CCCC(C)=CCCC(C)=CC1C(CO)C1(C)CCC=C(C)CCC=C(C)C	presqualene diphosphate	CC(C)=CCC/C(C)=C/CC/C(C)=C/[C@H]1[C@H](COP(=O)([O-])OP(=O)([O-])[O-])[C@@]1(C)CC/C=C(\C)CCC=C(C)C	presqualene alcohol	CC(C)=CCC/C(C)=C/CC/C(C)=C/[C@H]1[C@H](CO)[C@@]1(C)CC/C=C(\C)CCC=C(C)C	tri	True	no_mechanism	False	False	False
CC(C)=CCCC(C)=CCCC(C)=CC1C(COP(=O)([O-])OP(=O)([O-])[O-])C1(C)CCC=C(C)CCC=C(C)C>>CC(C)=CCCC(C)=CCCC(C)=CCCC=C(C)CCC=C(C)CCC=C(C)C	CC(C)=CCCC(C)=CCCC(C)=CC1C(COP(=O)([O-])OP(=O)([O-])[O-])C1(C)CCC=C(C)CCC=C(C)C>>CC(C)=CCCC(C)=CCCC(C)=CCCC=C(C)CCC=C(C)CCC=C(C)C	presqualene diphosphate	CC(C)=CCC/C(C)=C/CC/C(C)=C/[C@H]1[C@H](COP(=O)([O-])OP(=O)([O-])[O-])[C@@]1(C)CC/C=C(\C)CCC=C(C)C	squalene	CC(C)=CCC/C(C)=C/CC/C(C)=C/CC/C=C(\C)CC/C=C(\C)CCC=C(C)C	sqs	True	no_mechanism	False	False	False
CC(C)=CCCC(C)=CCCC(C)=CC1C(COP(=O)([O-])OP(=O)([O-])[O-])C1(C)CCC=C(C)CCC=C(C)C>>CC(C)=CCCC(C)=CCCC(C)=CCOCC=C(C)CCC=C(C)CCC=C(C)C	CC(C)=CCCC(C)=CCCC(C)=CC1C(COP(=O)([O-])OP(=O)([O-])[O-])C1(C)CCC=C(C)CCC=C(C)C>>CC(C)=CCCC(C)=CCCC(C)=CCOCC=C(C)CCC=C(C)CCC=C(C)C	presqualene diphosphate	CC(C)=CCC/C(C)=C/CC/C(C)=C/[C@H]1[C@H](COP(=O)([O-])OP(=O)([O-])[O-])[C@@]1(C)CC/C=C(\C)CCC=C(C)C	bisfarnesyl ether	CC(C)=CCC/C(C)=C/CC/C(C)=C/COC/C=C(\C)CC/C=C(\C)CCC=C(C)C	tri	True	no_mechanism	False	False	False
CC(C)=CCCC(C)=CCCC(C)=CCCC(C)=CC1C(COP(=O)(O)OP(=O)(O)O)C1(C)CCC=C(C)CCC=C(C)CCC=C(C)C>>CC(C)=CCCC(C)=CCCC(C)=CCCC(C)=CC=CC=C(C)CCC=C(C)CCC=C(C)CCC=C(C)C	CC(C)=CCCC(C)=CCCC(C)=CCCC(C)=CC1C(COP(=O)(O)OP(=O)(O)O)C1(C)CCC=C(C)CCC=C(C)CCC=C(C)C>>CC(C)=CCCC(C)=CCCC(C)=CCCC(C)=CC=CC=C(C)CCC=C(C)CCC=C(C)CCC=C(C)C	prephytoene diphosphate	CC(C)=CCC/C(C)=C/CC/C(C)=C/CC/C(C)=C/C1C(COP(=O)(O)OP(=O)(O)O)C1(C)CC/C=C(\C)CC/C=C(\C)CCC=C(C)C	15-cis-phytoene	CC(C)=CCC/C(C)=C/CC/C(C)=C/CC/C(C)=C/C=C\C=C(/C)CC/C=C(\C)CC/C=C(\C)CCC=C(C)C	psy	True	no_mechanism	False	False	False
CC(C)=CCCC(C)=CCCC(C)=CCCC(C)=CCCC(C)=CCCC(C)=CCCC(C)=CCOP(=O)([O-])OP(=O)([O-])[O-]>>C=CC(=C)CCC=C(C)CCC=C(C)CCC=C(C)CCC=C(C)CCC=C(C)CCC=C(C)C	CC(C)=CCCC(C)=CCCC(C)=CCCC(C)=CCCC(C)=CCCC(C)=CCCC(C)=CCOP(=O)([O-])OP(=O)([O-])[O-]>>C=CC(=C)CCC=C(C)CCC=C(C)CCC=C(C)CCC=C(C)CCC=C(C)CCC=C(C)C	all-trans-heptaprenyl diphosphate(3-)	CC(C)=CCC/C(C)=C/CC/C(C)=C/CC/C(C)=C/CC/C(C)=C/CC/C(C)=C/CC/C(C)=C/COP(=O)([O-])OP(=O)([O-])[O-]	β-heptaprene	C=CC(=C)CC/C=C(\C)CC/C=C(\C)CC/C=C(\C)CC/C=C(\C)CC/C=C(\C)CCC=C(C)C	sesquar	True	marts_R00189	False	True	True
CC(C)=CCCC(C)=CCCC(C)=CCCC(C)=CCCC(C)=CCCC(C)=CCCC(C)=CCOP(=O)([O-])OP(=O)([O-])[O-]>>CC(C)=CCCC(C)=CCCC(C)=CCCC(C)=CCCC(C)=CCCC(C)C1=CCC(C)=CC1	CC(C)=CCCC(C)=CCCC(C)=CCCC(C)=CCCC(C)=CCCC(C)=CCCC(C)=CCOP(=O)([O-])OP(=O)([O-])[O-]>>CC(C)=CCCC(C)=CCCC(C)=CCCC(C)=CCCC(C)=CCCC(C)C1=CCC(C)=CC1	all-trans-heptaprenyl diphosphate(3-)	CC(C)=CCC/C(C)=C/CC/C(C)=C/CC/C(C)=C/CC/C(C)=C/CC/C(C)=C/CC/C(C)=C/COP(=O)([O-])OP(=O)([O-])[O-]	(R)-tetraprenyl-β-curcumene	CC(C)=CCC/C(C)=C/CC/C(C)=C/CC/C(C)=C/CC/C(C)=C/CC[C@@H](C)C1=CCC(C)=CC1	sesquar	True	no_mechanism	False	True	True
CC(C)=CCCC(C)=CCCC(C)=CCCC(C)=CCCC(C)=CCCC(C)=CCOP(=O)([O-])OP(=O)([O-])[O-]>>C=CC(=C)CCC=C(C)CCC=C(C)CCC=C(C)CCC=C(C)CCC=C(C)C	CC(C)=CCCC(C)=CCCC(C)=CCCC(C)=CCCC(C)=CCCC(C)=CCOP(=O)([O-])OP(=O)([O-])[O-]>>C=CC(=C)CCC=C(C)CCC=C(C)CCC=C(C)CCC=C(C)CCC=C(C)C	all-trans-hexaprenyl diphosphate(3−)	CC(C)=CCC/C(C)=C/CC/C(C)=C/CC/C(C)=C/CC/C(C)=C/CC/C(C)=C/COP(=O)([O-])OP(=O)([O-])[O-]	β-hexaprene	C=CC(=C)CC/C=C(\C)CC/C=C(\C)CC/C=C(\C)CC/C=C(\C)CCC=C(C)C	tri	True	marts_R00188	False	False	False
CC(C)=CCCC(C)=CCCC(C)=CCCC(C)=CCCC(C)=CCCC(C)=CCOP(=O)([O-])OP(=O)([O-])[O-]>>CC(C)=CCCC(C)=CCCC(C)(O)C1CC=C(C)CCC=C(C)CCC=C(C)CC1	CC(C)=CCCC(C)=CCCC(C)=CCCC(C)=CCCC(C)=CCCC(C)=CCOP(=O)([O-])OP(=O)([O-])[O-]>>CC(C)=CCCC(C)=CCCC(C)(O)C1CC=C(C)CCC=C(C)CCC=C(C)CC1	all-trans-hexaprenyl diphosphate(3−)	CC(C)=CCC/C(C)=C/CC/C(C)=C/CC/C(C)=C/CC/C(C)=C/CC/C(C)=C/COP(=O)([O-])OP(=O)([O-])[O-]	colleterpenol	CC(C)=CCC/C(C)=C/CC[C@](C)(O)[C@H]1C/C=C(\C)CC/C=C(\C)CC/C=C(\C)CC1	tri	True	marts_R00246	False	True	True
CC(C)=CCCC(C)=CCCC(C)=CCCC(C)=CCCC(C)=CCCC(C)=CCOP(=O)([O-])OP(=O)([O-])[O-]>>CC(C)=CCCC(C)=CCCC(C)C1=CCC2(C)CC=C(C)CCC=C(C)CCC12	CC(C)=CCCC(C)=CCCC(C)=CCCC(C)=CCCC(C)=CCCC(C)=CCOP(=O)([O-])OP(=O)([O-])[O-]>>CC(C)=CCCC(C)=CCCC(C)C1=CCC2(C)CC=C(C)CCC=C(C)CCC12	all-trans-hexaprenyl diphosphate(3−)	CC(C)=CCC/C(C)=C/CC/C(C)=C/CC/C(C)=C/CC/C(C)=C/CC/C(C)=C/COP(=O)([O-])OP(=O)([O-])[O-]	talaropentaene	CC(C)=CCC/C(C)=C/CCC(C)C1=CCC2(C)C/C=C(\C)CC/C=C(\C)CCC12	tri	True	marts_R00200	False	True	True
CC(C)=CCCC(C)=CCCC(C)=CCCC(C)=CCCC(C)=CCCC(C)=CCOP(=O)([O-])OP(=O)([O-])[O-]>>CC1=CCCC(C)=CCCC(C)=CC2C(CCC(C)=CCCC(C)=CCC1)C2(C)C	CC(C)=CCCC(C)=CCCC(C)=CCCC(C)=CCCC(C)=CCCC(C)=CCOP(=O)([O-])OP(=O)([O-])[O-]>>CC1=CCCC(C)=CCCC(C)=CC2C(CCC(C)=CCCC(C)=CCC1)C2(C)C	all-trans-hexaprenyl diphosphate(3−)	CC(C)=CCC/C(C)=C/CC/C(C)=C/CC/C(C)=C/CC/C(C)=C/CC/C(C)=C/COP(=O)([O-])OP(=O)([O-])[O-]	macrophomene	C/C1=C\CC/C(C)=C/CC/C(C)=C/[C@@H]2[C@@H](CC/C(C)=C/CC/C(C)=C/CC1)C2(C)C	tri	True	marts_R00203	False	True	True
CC(C)=CCCC(C)=CCCC(C)=CCCC(C)=CCCC(C)=CCCC(C)C1=CCC(C)=CC1>>CC1=CCC(C(C)CCC2C(C)(O)CCC3C2(C)CCC2C4(C)CCCC(C)(C)C4CCC23C)=CC1	CC(C)=CCCC(C)=CCCC(C)=CCCC(C)=CCCC(C)=CCCC(C)C1=CCC(C)=CC1>>CC1=CCC(C(C)CCC2C(C)(O)CCC3C2(C)CCC2C4(C)CCCC(C)(C)C4CCC23C)=CC1	(R)-tetraprenyl-β-curcumene	CC(C)=CCC/C(C)=C/CC/C(C)=C/CC/C(C)=C/CC/C(C)=C/CC[C@@H](C)C1=CCC(C)=CC1	sporulenol	CC1=CCC([C@H](C)CC[C@@H]2[C@@]3(C)CC[C@H]4[C@@](C)(CC[C@H]5C(C)(C)CCC[C@]45C)[C@@H]3CC[C@@]2(C)O)=CC1	sesquar	True	no_mechanism	False	False	False
CC(C)=CCCC(C)=CCCC(C)=CCCC(C)=CCCC(C)=CCOP(=O)([O-])OP(=O)([O-])[O-]>>C=C(C)C1CCC2(C)C1CCC1(C)CC=C(C)CCC=C(C)CCC12	CC(C)=CCCC(C)=CCCC(C)=CCCC(C)=CCCC(C)=CCOP(=O)([O-])OP(=O)([O-])[O-]>>C=C(C)C1CCC2(C)C1CCC1(C)CC=C(C)CCC=C(C)CCC12	(2E,6E,10E,14E)-GFPP	CC(C)=CCC/C(C)=C/CC/C(C)=C/CC/C(C)=C/CC/C(C)=C/COP(=O)([O-])OP(=O)([O-])[O-]	stellata-2,6,19-triene	C=C(C)[C@H]1CC[C@]2(C)[C@@H]1CC[C@]1(C)C/C=C(\C)CC/C=C(\C)CC[C@H]12	sester	True	marts_R00341	False	True	True
CC(C)=CCCC(C)=CCCC(C)=CCCC(C)=CCCC(C)=CCOP(=O)([O-])OP(=O)([O-])[O-]>>C=C(C)C1CCC2(C)CC=C(C)CCC=C(C)CCC=C(C)CCC12	CC(C)=CCCC(C)=CCCC(C)=CCCC(C)=CCCC(C)=CCOP(=O)([O-])OP(=O)([O-])[O-]>>C=C(C)C1CCC2(C)CC=C(C)CCC=C(C)CCC=C(C)CCC12	(2E,6E,10E,14E)-GFPP	CC(C)=CCC/C(C)=C/CC/C(C)=C/CC/C(C)=C/CC/C(C)=C/COP(=O)([O-])OP(=O)([O-])[O-]	Brassiteraene A	C=C(C)[C@H]1CC[C@]2(C)C/C=C(\C)CC/C=C(\C)CC/C=C(\C)CC[C@@H]12	sester	True	marts_R00298	False	False	False
CC(C)=CCCC(C)=CCCC(C)=CCCC(C)=CCCC(C)=CCOP(=O)([O-])OP(=O)([O-])[O-]>>C=C(C)C1CCC2(C)CCC3(C)CC4CC(C)(CC=C3C12)CCC4C	CC(C)=CCCC(C)=CCCC(C)=CCCC(C)=CCCC(C)=CCOP(=O)([O-])OP(=O)([O-])[O-]>>C=C(C)C1CCC2(C)CCC3(C)CC4CC(C)(CC=C3C12)CCC4C	(2E,6E,10E,14E)-GFPP	CC(C)=CCC/C(C)=C/CC/C(C)=C/CC/C(C)=C/CC/C(C)=C/COP(=O)([O-])OP(=O)([O-])[O-]	astellifadiene	C=C(C)[C@H]1CC[C@@]2(C)CC[C@]3(C)C[C@@H]4C[C@](C)(C/C=C\3[C@H]12)CC[C@@H]4C	sester	True	marts_R00338	False	True	True
CC(C)=CCCC(C)=CCCC(C)=CCCC(C)=CCCC(C)=CCOP(=O)([O-])OP(=O)([O-])[O-]>>C=C(CCC=C(C)CCC=C(C)C)C1C2C(C)CCC2C2(C)CCC12	CC(C)=CCCC(C)=CCCC(C)=CCCC(C)=CCCC(C)=CCOP(=O)([O-])OP(=O)([O-])[O-]>>C=C(CCC=C(C)CCC=C(C)C)C1C2C(C)CCC2C2(C)CCC12	(2E,6E,10E,14E)-GFPP	CC(C)=CCC/C(C)=C/CC/C(C)=C/CC/C(C)=C/CC/C(C)=C/COP(=O)([O-])OP(=O)([O-])[O-]	geranylkelsoene	C=C(CC/C=C(\C)CCC=C(C)C)[C@@H]1[C@@H]2[C@@H](CC[C@@H]2C)[C@]2(C)CC[C@H]12	sester	True	marts_R00386	False	False	False
CC(C)=CCCC(C)=CCCC(C)=CCCC(C)=CCCC(C)=CCOP(=O)([O-])OP(=O)([O-])[O-]>>C=C(CCC=C(C)CCC=C(C)C)C1CCC2(C)C3CCC(C)C3C12	CC(C)=CCCC(C)=CCCC(C)=CCCC(C)=CCCC(C)=CCOP(=O)([O-])OP(=O)([O-])[O-]>>C=C(CCC=C(C)CCC=C(C)C)C1CCC2(C)C3CCC(C)C3C12	(2E,6E,10E,14E)-GFPP	CC(C)=CCC/C(C)=C/CC/C(C)=C/CC/C(C)=C/CC/C(C)=C/COP(=O)([O-])OP(=O)([O-])[O-]	prenylspata-13,17-diene	C=C(CC/C=C(\C)CCC=C(C)C)[C@H]1CCC2(C)[C@H]1[C@@H]1[C@H]2CC[C@@H]1C	sester	True	marts_R00385	False	False	False
CC(C)=CCCC(C)=CCCC(C)=CCCC(C)=CCCC(C)=CCOP(=O)([O-])OP(=O)([O-])[O-]>>C=C1C2(C)CCCC13CC1(C)CCC4(C)CCC(C(C)C)C4C1C3C2	CC(C)=CCCC(C)=CCCC(C)=CCCC(C)=CCCC(C)=CCOP(=O)([O-])OP(=O)([O-])[O-]>>C=C1C2(C)CCCC13CC1(C)CCC4(C)CCC(C(C)C)C4C1C3C2	(2E,6E,10E,14E)-GFPP	CC(C)=CCC/C(C)=C/CC/C(C)=C/CC/C(C)=C/CC/C(C)=C/COP(=O)([O-])OP(=O)([O-])[O-]	subrutilene E	C=C1C2(C)CCCC13C[C@@]1(C)CC[C@]4(C)CC[C@H](C(C)C)[C@H]4[C@@H]1[C@H]3C2	sester	True	marts_R00357	False	False	False
CC(C)=CCCC(C)=CCCC(C)=CCCC(C)=CCCC(C)=CCOP(=O)([O-])OP(=O)([O-])[O-]>>C=C1C23CCC(C)C4CC5(C)CCC(C(C)C)C5CC14C2CCC3C	CC(C)=CCCC(C)=CCCC(C)=CCCC(C)=CCCC(C)=CCOP(=O)([O-])OP(=O)([O-])[O-]>>C=C1C23CCC(C)C4CC5(C)CCC(C(C)C)C5CC14C2CCC3C	(2E,6E,10E,14E)-GFPP	CC(C)=CCC/C(C)=C/CC/C(C)=C/CC/C(C)=C/CC/C(C)=C/COP(=O)([O-])OP(=O)([O-])[O-]	(−)-astellatene	C=C1[C@@]23CC[C@@H](C)[C@@H]4C[C@]5(C)CC[C@@H](C(C)C)[C@H]5C[C@@]14[C@H]2CC[C@H]3C	sester	True	marts_R00186	False	True	True
CC(C)=CCCC(C)=CCCC(C)=CCCC(C)=CCCC(C)=CCOP(=O)([O-])OP(=O)([O-])[O-]>>C=C1C2=C(CC3(C)CCC(C(C)C)C3C2)C(C)CCC2C(C)CCC12	CC(C)=CCCC(C)=CCCC(C)=CCCC(C)=CCCC(C)=CCOP(=O)([O-])OP(=O)([O-])[O-]>>C=C1C2=C(CC3(C)CCC(C(C)C)C3C2)C(C)CCC2C(C)CCC12	(2E,6E,10E,14E)-GFPP	CC(C)=CCC/C(C)=C/CC/C(C)=C/CC/C(C)=C/CC/C(C)=C/COP(=O)([O-])OP(=O)([O-])[O-]	aspergildiene D	C=C1C2=C(C[C@@]3(C)CC[C@@H](C(C)C)[C@@H]3C2)[C@@H](C)CC[C@@H]2[C@@H]1CC[C@@H]2C	sester	True	marts_R00159	False	False	False
CC(C)=CCCC(C)=CCCC(C)=CCCC(C)=CCCC(C)=CCOP(=O)([O-])OP(=O)([O-])[O-]>>C=C1C2CCC1(C)CC1C2CC2(C)CCC3(C)CCC(C(C)C)C3C12	CC(C)=CCCC(C)=CCCC(C)=CCCC(C)=CCCC(C)=CCOP(=O)([O-])OP(=O)([O-])[O-]>>C=C1C2CCC1(C)CC1C2CC2(C)CCC3(C)CCC(C(C)C)C3C12	(2E,6E,10E,14E)-GFPP	CC(C)=CCC/C(C)=C/CC/C(C)=C/CC/C(C)=C/CC/C(C)=C/COP(=O)([O-])OP(=O)([O-])[O-]	subrutilene F	C=C1[C@@H]2CC[C@@]1(C)C[C@H]1[C@@H]2C[C@@]2(C)CC[C@]3(C)CC[C@H](C(C)C)[C@H]3[C@H]12	sester	True	marts_R00358	False	False	False
CC(C)=CCCC(C)=CCCC(C)=CCCC(C)=CCCC(C)=CCOP(=O)([O-])OP(=O)([O-])[O-]>>C=C1C2CCC3(C)C2CCC(C)C2CC4(C)CCC(C(C)C)C4CC123	CC(C)=CCCC(C)=CCCC(C)=CCCC(C)=CCCC(C)=CCOP(=O)([O-])OP(=O)([O-])[O-]>>C=C1C2CCC3(C)C2CCC(C)C2CC4(C)CCC(C(C)C)C4CC123	(2E,6E,10E,14E)-GFPP	CC(C)=CCC/C(C)=C/CC/C(C)=C/CC/C(C)=C/CC/C(C)=C/COP(=O)([O-])OP(=O)([O-])[O-]	sestermobaraene B	C=C1[C@@H]2CC[C@@]3(C)[C@@H]2CC[C@H](C)[C@H]2C[C@@]4(C)CC[C@@H](C(C)C)[C@@H]4C[C@@]123	sester	True	marts_R00396	False	False	False
CC(C)=CCCC(C)=CCCC(C)=CCCC(C)=CCCC(C)=CCOP(=O)([O-])OP(=O)([O-])[O-]>>C=C1C=CC2(C)CCC(C(C)C)C2CCC(C)=CCCC(C)=CCC1	CC(C)=CCCC(C)=CCCC(C)=CCCC(C)=CCCC(C)=CCOP(=O)([O-])OP(=O)([O-])[O-]>>C=C1C=CC2(C)CCC(C(C)C)C2CCC(C)=CCCC(C)=CCC1	(2E,6E,10E,14E)-GFPP	CC(C)=CCC/C(C)=C/CC/C(C)=C/CC/C(C)=C/CC/C(C)=C/COP(=O)([O-])OP(=O)([O-])[O-]	sesterviolene F	C=C1/C=C/[C@@]2(C)CC[C@H](C(C)C)[C@@H]2CC/C(C)=C/CC/C(C)=C/CC1	sester	True	marts_R00376	False	False	False
CC(C)=CCCC(C)=CCCC(C)=CCCC(C)=CCCC(C)=CCOP(=O)([O-])OP(=O)([O-])[O-]>>C=C1C=CC2C(C(C)C)CCC2(C)CC=C(C)CCC=C(C)CCC1	CC(C)=CCCC(C)=CCCC(C)=CCCC(C)=CCCC(C)=CCOP(=O)([O-])OP(=O)([O-])[O-]>>C=C1C=CC2C(C(C)C)CCC2(C)CC=C(C)CCC=C(C)CCC1	(2E,6E,10E,14E)-GFPP	CC(C)=CCC/C(C)=C/CC/C(C)=C/CC/C(C)=C/CC/C(C)=C/COP(=O)([O-])OP(=O)([O-])[O-]	fusaproliferene	C=C1/C=C/[C@H]2[C@@H](C(C)C)CC[C@]2(C)C/C=C(\C)CC/C=C(\C)CCC1	sester	True	marts_R00300	False	False	False
CC(C)=CCCC(C)=CCCC(C)=CCCC(C)=CCCC(C)=CCOP(=O)([O-])OP(=O)([O-])[O-]>>C=C1CCC23C(C)CCC2C3(C)C2CC3C(C(C)C)CCC3(C)CC12	CC(C)=CCCC(C)=CCCC(C)=CCCC(C)=CCCC(C)=CCOP(=O)([O-])OP(=O)([O-])[O-]>>C=C1CCC23C(C)CCC2C3(C)C2CC3C(C(C)C)CCC3(C)CC12	(2E,6E,10E,14E)-GFPP	CC(C)=CCC/C(C)=C/CC/C(C)=C/CC/C(C)=C/CC/C(C)=C/COP(=O)([O-])OP(=O)([O-])[O-]	sestermobaraene F	C=C1CC[C@]23[C@@H](C)CC[C@H]2[C@]3(C)[C@H]2C[C@H]3[C@H](C(C)C)CC[C@]3(C)C[C@H]12	sester	True	marts_R00400	False	True	True
CC(C)=CCCC(C)=CCCC(C)=CCCC(C)=CCCC(C)=CCOP(=O)([O-])OP(=O)([O-])[O-]>>C=C1CCC2C(=C(C)C3CC4C(C(C)C)CCC4(C)CC13)CCC2C	CC(C)=CCCC(C)=CCCC(C)=CCCC(C)=CCCC(C)=CCOP(=O)([O-])OP(=O)([O-])[O-]>>C=C1CCC2C(=C(C)C3CC4C(C(C)C)CCC4(C)CC13)CCC2C	(2E,6E,10E,14E)-GFPP	CC(C)=CCC/C(C)=C/CC/C(C)=C/CC/C(C)=C/CC/C(C)=C/COP(=O)([O-])OP(=O)([O-])[O-]	aspergildiene B	C=C1CC[C@@H]2C(=C(C)[C@H]3C[C@H]4[C@H](C(C)C)CC[C@]4(C)C[C@H]13)CC[C@@H]2C	sester	True	marts_R00157	False	False	False
CC(C)=CCCC(C)=CCCC(C)=CCCC(C)=CCCC(C)=CCOP(=O)([O-])OP(=O)([O-])[O-]>>C=C1CCC2C(C)=CCC3C(C(C)C)CCC3(C)CC=C(C)CCC12	CC(C)=CCCC(C)=CCCC(C)=CCCC(C)=CCCC(C)=CCOP(=O)([O-])OP(=O)([O-])[O-]>>C=C1CCC2C(C)=CCC3C(C(C)C)CCC3(C)CC=C(C)CCC12	(2E,6E,10E,14E)-GFPP	CC(C)=CCC/C(C)=C/CC/C(C)=C/CC/C(C)=C/CC/C(C)=C/COP(=O)([O-])OP(=O)([O-])[O-]	sesterbrasiliatriene	C=C1CCC2C(C)=CCC3[C@H](C(C)C)CC[C@]3(C)CC=C(C)CCC12	sester	True	marts_R00293	False	False	False
CC(C)=CCCC(C)=CCCC(C)=CCCC(C)=CCCC(C)=CCOP(=O)([O-])OP(=O)([O-])[O-]>>C=C1CCC2C3CCC2(C)C2(CC4C(C(C)C)CCC4(C)CC12)C3C	CC(C)=CCCC(C)=CCCC(C)=CCCC(C)=CCCC(C)=CCOP(=O)([O-])OP(=O)([O-])[O-]>>C=C1CCC2C3CCC2(C)C2(CC4C(C(C)C)CCC4(C)CC12)C3C	(2E,6E,10E,14E)-GFPP	CC(C)=CCC/C(C)=C/CC/C(C)=C/CC/C(C)=C/CC/C(C)=C/COP(=O)([O-])OP(=O)([O-])[O-]	sestermobaraene C	C=C1CC[C@@H]2[C@H]3CC[C@]2(C)[C@]2(C[C@H]4[C@H](C(C)C)CC[C@]4(C)C[C@H]12)[C@H]3C	sester	True	marts_R00397	False	False	False
CC(C)=CCCC(C)=CCCC(C)=CCCC(C)=CCCC(C)=CCOP(=O)([O-])OP(=O)([O-])[O-]>>C=C1CCC2C3CCC4(CC5C(C(C)C)CCC5(C)CC1C24C)C3C	CC(C)=CCCC(C)=CCCC(C)=CCCC(C)=CCCC(C)=CCOP(=O)([O-])OP(=O)([O-])[O-]>>C=C1CCC2C3CCC4(CC5C(C(C)C)CCC5(C)CC1C24C)C3C	(2E,6E,10E,14E)-GFPP	CC(C)=CCC/C(C)=C/CC/C(C)=C/CC/C(C)=C/CC/C(C)=C/COP(=O)([O-])OP(=O)([O-])[O-]	sestermobaraene D	C=C1CC[C@@H]2[C@H]3CC[C@]4(C[C@H]5[C@H](C(C)C)CC[C@]5(C)C[C@H]1[C@]24C)C3C	sester	True	marts_R00398	False	False	False
CC(C)=CCCC(C)=CCCC(C)=CCCC(C)=CCCC(C)=CCOP(=O)([O-])OP(=O)([O-])[O-]>>C=C1CCC2CC3C4C5C(C(C)C)CCC5(C)CCC4(C)CC3C12C	CC(C)=CCCC(C)=CCCC(C)=CCCC(C)=CCCC(C)=CCOP(=O)([O-])OP(=O)([O-])[O-]>>C=C1CCC2CC3C4C5C(C(C)C)CCC5(C)CCC4(C)CC3C12C	(2E,6E,10E,14E)-GFPP	CC(C)=CCC/C(C)=C/CC/C(C)=C/CC/C(C)=C/CC/C(C)=C/COP(=O)([O-])OP(=O)([O-])[O-]	subrutilene A	C=C1CCC2C[C@@H]3[C@H]4[C@@H]5[C@@H](C(C)C)CC[C@@]5(C)CC[C@]4(C)C[C@@H]3[C@@]12C	sester	True	marts_R00353	False	False	False
CC(C)=CCCC(C)=CCCC(C)=CCCC(C)=CCCC(C)=CCOP(=O)([O-])OP(=O)([O-])[O-]>>C=C1CCC=C(C)CCC2C1CC2(C)CCC=C(C)CCC=C(C)C	CC(C)=CCCC(C)=CCCC(C)=CCCC(C)=CCCC(C)=CCOP(=O)([O-])OP(=O)([O-])[O-]>>C=C1CCC=C(C)CCC2C1CC2(C)CCC=C(C)CCC=C(C)C	(2E,6E,10E,14E)-GFPP	CC(C)=CCC/C(C)=C/CC/C(C)=C/CC/C(C)=C/CC/C(C)=C/COP(=O)([O-])OP(=O)([O-])[O-]	clavaphyllene	C=C1CC/C=C(\C)CC[C@@H]2[C@@H]1C[C@@]2(C)CC/C=C(\C)CCC=C(C)C	sester	True	marts_R00297	False	False	False
CC(C)=CCCC(C)=CCCC(C)=CCCC(C)=CCCC(C)=CCOP(=O)([O-])OP(=O)([O-])[O-]>>C=C1CCC=C(C)CCC=C(C)C2CC3C(C(C)C)CCC3(C)CC12	CC(C)=CCCC(C)=CCCC(C)=CCCC(C)=CCCC(C)=CCOP(=O)([O-])OP(=O)([O-])[O-]>>C=C1CCC=C(C)CCC=C(C)C2CC3C(C(C)C)CCC3(C)CC12	(2E,6E,10E,14E)-GFPP	CC(C)=CCC/C(C)=C/CC/C(C)=C/CC/C(C)=C/CC/C(C)=C/COP(=O)([O-])OP(=O)([O-])[O-]	(+)-thalianatriene	C=C1CC/C=C(\C)CC/C=C(\C)[C@H]2C[C@H]3[C@@H](C(C)C)CC[C@]3(C)C[C@H]12	sester	True	marts_R00077	False	False	False
CC(C)=CCCC(C)=CCCC(C)=CCCC(C)=CCCC(C)=CCOP(=O)([O-])OP(=O)([O-])[O-]>>C=C1CCC=C(C)CCC=C(C)C=CC2C(C(C)C)CCC2(C)CC1	CC(C)=CCCC(C)=CCCC(C)=CCCC(C)=CCCC(C)=CCOP(=O)([O-])OP(=O)([O-])[O-]>>C=C1CCC=C(C)CCC=C(C)C=CC2C(C(C)C)CCC2(C)CC1	(2E,6E,10E,14E)-GFPP	CC(C)=CCC/C(C)=C/CC/C(C)=C/CC/C(C)=C/CC/C(C)=C/COP(=O)([O-])OP(=O)([O-])[O-]	sestermobaraene E	C=C1CC/C=C(\C)CC/C=C(C)/C=C/[C@@H]2[C@@H](C(C)C)CC[C@@]2(C)CC1	sester	True	marts_R00399	False	False	False
CC(C)=CCCC(C)=CCCC(C)=CCCC(C)=CCCC(C)=CCOP(=O)([O-])OP(=O)([O-])[O-]>>C=CC(=C)CCC=C(C)CCC=C(C)CCC=C(C)CCC=C(C)C	CC(C)=CCCC(C)=CCCC(C)=CCCC(C)=CCCC(C)=CCOP(=O)([O-])OP(=O)([O-])[O-]>>C=CC(=C)CCC=C(C)CCC=C(C)CCC=C(C)CCC=C(C)C	(2E,6E,10E,14E)-GFPP	CC(C)=CCC/C(C)=C/CC/C(C)=C/CC/C(C)=C/CC/C(C)=C/COP(=O)([O-])OP(=O)([O-])[O-]	β-geranylfarnesene	C=CC(=C)CC/C=C(\C)CC/C=C(\C)CC/C=C(\C)CCC=C(C)C	sester	True	marts_R00187	False	True	True
CC(C)=CCCC(C)=CCCC(C)=CCCC(C)=CCCC(C)=CCOP(=O)([O-])OP(=O)([O-])[O-]>>CC(C)=CCCC(C)=CCCC(C)=CCCC(C)=CCCC(C)=CCO	CC(C)=CCCC(C)=CCCC(C)=CCCC(C)=CCCC(C)=CCOP(=O)([O-])OP(=O)([O-])[O-]>>CC(C)=CCCC(C)=CCCC(C)=CCCC(C)=CCCC(C)=CCO	(2E,6E,10E,14E)-GFPP	CC(C)=CCC/C(C)=C/CC/C(C)=C/CC/C(C)=C/CC/C(C)=C/COP(=O)([O-])OP(=O)([O-])[O-]	(2E,6E,10E,14E)-geranylfarnesol	CC(C)=CCC/C(C)=C/CC/C(C)=C/CC/C(C)=C/CC/C(C)=C/CO	sester	True	marts_R00295	False	False	False
CC(C)=CCCC(C)=CCCC(C)=CCCC(C)=CCCC(C)=CCOP(=O)([O-])OP(=O)([O-])[O-]>>CC(C)=CCCC(C)=CCCC1(C)C2C=C(C)CCC=C(C)CCC21	CC(C)=CCCC(C)=CCCC(C)=CCCC(C)=CCCC(C)=CCOP(=O)([O-])OP(=O)([O-])[O-]>>CC(C)=CCCC(C)=CCCC1(C)C2C=C(C)CCC=C(C)CCC21	(2E,6E,10E,14E)-GFPP	CC(C)=CCC/C(C)=C/CC/C(C)=C/CC/C(C)=C/CC/C(C)=C/COP(=O)([O-])OP(=O)([O-])[O-]	geranyl-bicyclogermacrene	CC(C)=CCC/C(C)=C/CC[C@@]1(C)[C@@H]2/C=C(\C)CC/C=C(\C)CC[C@@H]21	sester	True	marts_R00384	False	False	False
CC(C)=CCCC(C)=CCCC(C)=CCCC(C)=CCCC(C)=CCOP(=O)([O-])OP(=O)([O-])[O-]>>CC(C)=CCCC(C)C1CCC2(C)CC3C(CCC3(C)O)C(C)=CCC12	CC(C)=CCCC(C)=CCCC(C)=CCCC(C)=CCCC(C)=CCOP(=O)([O-])OP(=O)([O-])[O-]>>CC(C)=CCCC(C)C1CCC2(C)CC3C(CCC3(C)O)C(C)=CCC12	(2E,6E,10E,14E)-GFPP	CC(C)=CCC/C(C)=C/CC/C(C)=C/CC/C(C)=C/CC/C(C)=C/COP(=O)([O-])OP(=O)([O-])[O-]	ophiobolin F	CC(C)=CCC[C@H](C)[C@H]1CC[C@]2(C)C[C@H]3[C@H](CC[C@@]3(C)O)/C(C)=C\C[C@@H]12	sester	True	marts_R00190	False	True	True
CC(C)=CCCC(C)=CCCC(C)=CCCC(C)=CCCC(C)=CCOP(=O)([O-])OP(=O)([O-])[O-]>>CC(C)C1CC=C2CC34C(C)CCC5C(C)CCC5(C3C)C4CC21C	CC(C)=CCCC(C)=CCCC(C)=CCCC(C)=CCCC(C)=CCOP(=O)([O-])OP(=O)([O-])[O-]>>CC(C)C1CC=C2CC34C(C)CCC5C(C)CCC5(C3C)C4CC21C	(2E,6E,10E,14E)-GFPP	CC(C)=CCC/C(C)=C/CC/C(C)=C/CC/C(C)=C/CC/C(C)=C/COP(=O)([O-])OP(=O)([O-])[O-]	sesterviridene B	CC(C)[C@H]1CC=C2CC34C(C)C5(CC[C@H](C)[C@@H]5CC[C@@H]3C)[C@@H]4C[C@@]21C	sester	True	marts_R00369	False	False	False
CC(C)=CCCC(C)=CCCC(C)=CCCC(C)=CCCC(C)=CCOP(=O)([O-])OP(=O)([O-])[O-]>>CC(C)C1CCC2(C)CC(C)C3(O)CCC4C5CCC4(C)C(CC12)C53C	CC(C)=CCCC(C)=CCCC(C)=CCCC(C)=CCCC(C)=CCOP(=O)([O-])OP(=O)([O-])[O-]>>CC(C)C1CCC2(C)CC(C)C3(O)CCC4C5CCC4(C)C(CC12)C53C	(2E,6E,10E,14E)-GFPP	CC(C)=CCC/C(C)=C/CC/C(C)=C/CC/C(C)=C/CC/C(C)=C/COP(=O)([O-])OP(=O)([O-])[O-]	sestermobaraol	CC(C)[C@@H]1CC[C@]2(C)C[C@H](C)[C@@]3(O)CC[C@@H]4[C@H]5CC[C@]4(C)[C@H](C[C@@H]12)[C@]53C	sester	True	marts_R00401	False	False	False
CC(C)=CCCC(C)=CCCC(C)=CCCC(C)=CCCC(C)=CCOP(=O)([O-])OP(=O)([O-])[O-]>>CC(C)C1CCC2(C)CC3C(C)CCC45C(C)CCC4C5(C)C3(O)CC12	CC(C)=CCCC(C)=CCCC(C)=CCCC(C)=CCCC(C)=CCOP(=O)([O-])OP(=O)([O-])[O-]>>CC(C)C1CCC2(C)CC3C(C)CCC45C(C)CCC4C5(C)C3(O)CC12	(2E,6E,10E,14E)-GFPP	CC(C)=CCC/C(C)=C/CC/C(C)=C/CC/C(C)=C/CC/C(C)=C/COP(=O)([O-])OP(=O)([O-])[O-]	preaspterpenacid I	CC(C)[C@H]1CC[C@]2(C)C[C@@H]3[C@@H](C)CC[C@@]45[C@@H](CC[C@@H]4C)[C@]5(C)[C@@]3(O)C[C@@H]12	sester	True	marts_R00154	False	True	True
CC(C)=CCCC(C)=CCCC(C)=CCCC(C)=CCCC(C)=CCOP(=O)([O-])OP(=O)([O-])[O-]>>CC(C)C1CCC2(C)CCC3(C)C=C4C(CC5(C)CCCC45C)C3C12	CC(C)=CCCC(C)=CCCC(C)=CCCC(C)=CCCC(C)=CCOP(=O)([O-])OP(=O)([O-])[O-]>>CC(C)C1CCC2(C)CCC3(C)C=C4C(CC5(C)CCCC45C)C3C12	(2E,6E,10E,14E)-GFPP	CC(C)=CCC/C(C)=C/CC/C(C)=C/CC/C(C)=C/CC/C(C)=C/COP(=O)([O-])OP(=O)([O-])[O-]	subrutilene D	CC(C)[C@H]1CC[C@@]2(C)CC[C@]3(C)C=C4[C@H](C[C@]5(C)CCC[C@]45C)[C@H]3[C@H]12	sester	True	marts_R00356	False	False	False
CC(C)=CCCC(C)=CCCC(C)=CCCC(C)=CCCC(C)=CCOP(=O)([O-])OP(=O)([O-])[O-]>>CC(C)C1CCC2(C)CCC3(C)CC4C(CC5(C)C6CC6C45C)C3C12	CC(C)=CCCC(C)=CCCC(C)=CCCC(C)=CCCC(C)=CCOP(=O)([O-])OP(=O)([O-])[O-]>>CC(C)C1CCC2(C)CCC3(C)CC4C(CC5(C)C6CC6C45C)C3C12	(2E,6E,10E,14E)-GFPP	CC(C)=CCC/C(C)=C/CC/C(C)=C/CC/C(C)=C/CC/C(C)=C/COP(=O)([O-])OP(=O)([O-])[O-]	subrutilane	CC(C)[C@H]1CC[C@@]2(C)CC[C@]3(C)C[C@H]4[C@H](C[C@]5(C)[C@H]6C[C@H]6[C@]45C)[C@H]3[C@H]12	sester	True	marts_R00352	False	False	False
CC(C)=CCCC(C)=CCCC(C)=CCCC(C)=CCCC(C)=CCOP(=O)([O-])OP(=O)([O-])[O-]>>CC(C)C1CCC2(C)CCC3(C)CC4C(CC5(C)C=CCC45C)C3C12	CC(C)=CCCC(C)=CCCC(C)=CCCC(C)=CCCC(C)=CCOP(=O)([O-])OP(=O)([O-])[O-]>>CC(C)C1CCC2(C)CCC3(C)CC4C(CC5(C)C=CCC45C)C3C12	(2E,6E,10E,14E)-GFPP	CC(C)=CCC/C(C)=C/CC/C(C)=C/CC/C(C)=C/CC/C(C)=C/COP(=O)([O-])OP(=O)([O-])[O-]	subrutilene C	CC(C)[C@H]1CC[C@@]2(C)CC[C@]3(C)C[C@H]4[C@H](C[C@]5(C)C=CC[C@]45C)[C@H]3[C@H]12	sester	True	marts_R00355	False	False	False
CC(C)=CCCC(C)=CCCC(C)=CCCC(C)=CCCC(C)=CCOP(=O)([O-])OP(=O)([O-])[O-]>>CC(C)C1CCC2(C)CCC3(C)CC4C5=CCC(C)(C)C5CC4C3C12	CC(C)=CCCC(C)=CCCC(C)=CCCC(C)=CCCC(C)=CCOP(=O)([O-])OP(=O)([O-])[O-]>>CC(C)C1CCC2(C)CCC3(C)CC4C5=CCC(C)(C)C5CC4C3C12	(2E,6E,10E,14E)-GFPP	CC(C)=CCC/C(C)=C/CC/C(C)=C/CC/C(C)=C/CC/C(C)=C/COP(=O)([O-])OP(=O)([O-])[O-]	subrutilene H	CC(C)[C@H]1CC[C@@]2(C)CC[C@]3(C)C[C@@H]4C5=CCC(C)(C)C5C[C@@H]4[C@H]3[C@H]12	sester	True	marts_R00360	False	False	False
CC(C)=CCCC(C)=CCCC(C)=CCCC(C)=CCCC(C)=CCOP(=O)([O-])OP(=O)([O-])[O-]>>CC(C)C1CCC2(C)CCC3(C)CC4C5=CCC(C)C5(C)CC4C3C12	CC(C)=CCCC(C)=CCCC(C)=CCCC(C)=CCCC(C)=CCOP(=O)([O-])OP(=O)([O-])[O-]>>CC(C)C1CCC2(C)CCC3(C)CC4C5=CCC(C)C5(C)CC4C3C12	(2E,6E,10E,14E)-GFPP	CC(C)=CCC/C(C)=C/CC/C(C)=C/CC/C(C)=C/CC/C(C)=C/COP(=O)([O-])OP(=O)([O-])[O-]	subrutilene B	CC(C)[C@H]1CC[C@@]2(C)CC[C@]3(C)C[C@@H]4C5=CC[C@H](C)[C@@]5(C)C[C@@H]4[C@H]3[C@H]12	sester	True	marts_R00354	False	False	False
CC(C)=CCCC(C)=CCCC(C)=CCCC(C)=CCCC(C)=CCOP(=O)([O-])OP(=O)([O-])[O-]>>CC(C)C1CCC2(C)CCC3(C)CCC4C5CCC4(C)C(=CC12)C53C	CC(C)=CCCC(C)=CCCC(C)=CCCC(C)=CCCC(C)=CCOP(=O)([O-])OP(=O)([O-])[O-]>>CC(C)C1CCC2(C)CCC3(C)CCC4C5CCC4(C)C(=CC12)C53C	(2E,6E,10E,14E)-GFPP	CC(C)=CCC/C(C)=C/CC/C(C)=C/CC/C(C)=C/CC/C(C)=C/COP(=O)([O-])OP(=O)([O-])[O-]	sestermobaraene A	CC(C)[C@@H]1CC[C@]2(C)CCC3(C)CC[C@@H]4[C@H]5CC[C@]4(C)C(=C[C@@H]12)[C@]53C	sester	True	marts_R00395	False	False	False
CC(C)=CCCC(C)=CCCC(C)=CCCC(C)=CCCC(C)=CCOP(=O)([O-])OP(=O)([O-])[O-]>>CC(C)C1CCC2=CC34C(C)CCC5C(C)CCC5(C3C)C4CC21C	CC(C)=CCCC(C)=CCCC(C)=CCCC(C)=CCCC(C)=CCOP(=O)([O-])OP(=O)([O-])[O-]>>CC(C)C1CCC2=CC34C(C)CCC5C(C)CCC5(C3C)C4CC21C	(2E,6E,10E,14E)-GFPP	CC(C)=CCC/C(C)=C/CC/C(C)=C/CC/C(C)=C/CC/C(C)=C/COP(=O)([O-])OP(=O)([O-])[O-]	sesterviridene A	CC(C)[C@H]1CCC2=CC34C(C)C5(CC[C@H](C)[C@@H]5CC[C@@H]3C)[C@@H]4C[C@@]21C	sester	True	marts_R00368	False	False	False
CC(C)=CCCC(C)=CCCC(C)=CCCC(C)=CCCC(C)=CCOP(=O)([O-])OP(=O)([O-])[O-]>>CC1=C2CC3(C)CCC(C(C)C)C3CC2=C(C)C2CCC(C)C2CC1	CC(C)=CCCC(C)=CCCC(C)=CCCC(C)=CCCC(C)=CCOP(=O)([O-])OP(=O)([O-])[O-]>>CC1=C2CC3(C)CCC(C(C)C)C3CC2=C(C)C2CCC(C)C2CC1	(2E,6E,10E,14E)-GFPP	CC(C)=CCC/C(C)=C/CC/C(C)=C/CC/C(C)=C/CC/C(C)=C/COP(=O)([O-])OP(=O)([O-])[O-]	lentzeadiene	C/C1=C2\C[C@@]3(C)CC[C@H](C(C)C)[C@@H]3C\C2=C(/C)[C@@H]2CC[C@H](C)[C@H]2CC1	sester	True	marts_R00407	False	False	False
CC(C)=CCCC(C)=CCCC(C)=CCCC(C)=CCCC(C)=CCOP(=O)([O-])OP(=O)([O-])[O-]>>CC1=C2CC3(C)CCC(C(C)C)C3CC2C(C)=C2CCC(C)C2CC1	CC(C)=CCCC(C)=CCCC(C)=CCCC(C)=CCCC(C)=CCOP(=O)([O-])OP(=O)([O-])[O-]>>CC1=C2CC3(C)CCC(C(C)C)C3CC2C(C)=C2CCC(C)C2CC1	(2E,6E,10E,14E)-GFPP	CC(C)=CCC/C(C)=C/CC/C(C)=C/CC/C(C)=C/CC/C(C)=C/COP(=O)([O-])OP(=O)([O-])[O-]	sesterviridene C	C/C1=C2\C[C@@]3(C)CC[C@H](C(C)C)[C@@H]3C[C@H]2/C(C)=C2/CC[C@H](C)[C@@H]2CC1	sester	True	marts_R00370	False	False	False
CC(C)=CCCC(C)=CCCC(C)=CCCC(C)=CCCC(C)=CCOP(=O)([O-])OP(=O)([O-])[O-]>>CC1=C2CC3(C)CCC(C(C)C)C3CC2C23CCC(C)C2CCC13C	CC(C)=CCCC(C)=CCCC(C)=CCCC(C)=CCCC(C)=CCOP(=O)([O-])OP(=O)([O-])[O-]>>CC1=C2CC3(C)CCC(C(C)C)C3CC2C23CCC(C)C2CCC13C	(2E,6E,10E,14E)-GFPP	CC(C)=CCC/C(C)=C/CC/C(C)=C/CC/C(C)=C/CC/C(C)=C/COP(=O)([O-])OP(=O)([O-])[O-]	quiannulatene	CC1=C2C[C@]3(C)CC[C@@H](C(C)C)[C@H]3C[C@@H]2[C@@]23CC[C@@H](C)[C@@H]2CC[C@@]13C	sester	True	marts_R00079	False	True	True
CC(C)=CCCC(C)=CCCC(C)=CCCC(C)=CCCC(C)=CCOP(=O)([O-])OP(=O)([O-])[O-]>>CC1=C2CC3(C)CCC4(C)CCC(C(C)C)C4C3C3CC3(C)C2CC1	CC(C)=CCCC(C)=CCCC(C)=CCCC(C)=CCCC(C)=CCOP(=O)([O-])OP(=O)([O-])[O-]>>CC1=C2CC3(C)CCC4(C)CCC(C(C)C)C4C3C3CC3(C)C2CC1	(2E,6E,10E,14E)-GFPP	CC(C)=CCC/C(C)=C/CC/C(C)=C/CC/C(C)=C/CC/C(C)=C/COP(=O)([O-])OP(=O)([O-])[O-]	preasperterpenoid A	CC1=C2C[C@@]3(C)CC[C@]4(C)CC[C@H](C(C)C)[C@H]4[C@@H]3[C@H]3C[C@@]3(C)[C@@H]2CC1	sester	True	marts_R00288	False	True	True
CC(C)=CCCC(C)=CCCC(C)=CCCC(C)=CCCC(C)=CCOP(=O)([O-])OP(=O)([O-])[O-]>>CC1=C2CC3C(C(C)C)CCC3(C)CC2C2(C)CCC3C(C)CCC132	CC(C)=CCCC(C)=CCCC(C)=CCCC(C)=CCCC(C)=CCOP(=O)([O-])OP(=O)([O-])[O-]>>CC1=C2CC3C(C(C)C)CCC3(C)CC2C2(C)CCC3C(C)CCC132	(2E,6E,10E,14E)-GFPP	CC(C)=CCC/C(C)=C/CC/C(C)=C/CC/C(C)=C/CC/C(C)=C/COP(=O)([O-])OP(=O)([O-])[O-]	(−)-retigeranin B	CC1=C2C[C@H]3[C@@H](C(C)C)CC[C@]3(C)C[C@@H]2[C@]2(C)CC[C@H]3[C@H](C)CC[C@]132	sester	True	marts_R00078	False	False	False
CC(C)=CCCC(C)=CCCC(C)=CCCC(C)=CCCC(C)=CCOP(=O)([O-])OP(=O)([O-])[O-]>>CC1=C2CCC(C)C2CCC(C)C2=CC3(C)CCC(C(C)C)C3CC21	CC(C)=CCCC(C)=CCCC(C)=CCCC(C)=CCCC(C)=CCOP(=O)([O-])OP(=O)([O-])[O-]>>CC1=C2CCC(C)C2CCC(C)C2=CC3(C)CCC(C(C)C)C3CC21	(2E,6E,10E,14E)-GFPP	CC(C)=CCC/C(C)=C/CC/C(C)=C/CC/C(C)=C/CC/C(C)=C/COP(=O)([O-])OP(=O)([O-])[O-]	aspergildiene C	CC1=C2CC[C@H](C)[C@@H]2CC[C@@H](C)C2=C[C@@]3(C)CC[C@@H](C(C)C)[C@@H]3C[C@@H]21	sester	True	marts_R00158	False	False	False
CC(C)=CCCC(C)=CCCC(C)=CCCC(C)=CCCC(C)=CCOP(=O)([O-])OP(=O)([O-])[O-]>>CC1=C2CCC(C)C2CCC(C)C2CC3(C)CCC(C(C)C)C3CC12O	CC(C)=CCCC(C)=CCCC(C)=CCCC(C)=CCCC(C)=CCOP(=O)([O-])OP(=O)([O-])[O-]>>CC1=C2CCC(C)C2CCC(C)C2CC3(C)CCC(C(C)C)C3CC12O	(2E,6E,10E,14E)-GFPP	CC(C)=CCC/C(C)=C/CC/C(C)=C/CC/C(C)=C/CC/C(C)=C/COP(=O)([O-])OP(=O)([O-])[O-]	sesterfisherol	C/C1=C2\CC[C@@H](C)[C@@H]2CC[C@H](C)[C@H]2C[C@@]3(C)CC[C@H](C(C)C)[C@@H]3C[C@]12O	sester	True	marts_R00286	False	True	True
CC(C)=CCCC(C)=CCCC(C)=CCCC(C)=CCCC(C)=CCOP(=O)([O-])OP(=O)([O-])[O-]>>CC1=CC2C3C(C(C)C)CCC3(C)CCC2(C)CCC2C1=CCC2C	CC(C)=CCCC(C)=CCCC(C)=CCCC(C)=CCCC(C)=CCOP(=O)([O-])OP(=O)([O-])[O-]>>CC1=CC2C3C(C(C)C)CCC3(C)CCC2(C)CCC2C1=CCC2C	(2E,6E,10E,14E)-GFPP	CC(C)=CCC/C(C)=C/CC/C(C)=C/CC/C(C)=C/CC/C(C)=C/COP(=O)([O-])OP(=O)([O-])[O-]	atacamadiene	C/C1=C/[C@@H]2[C@H]3[C@@H](C(C)C)CC[C@]3(C)CC[C@@]2(C)CC[C@H]2C1=CC[C@H]2C	sester	True	marts_R00412	False	False	False
CC(C)=CCCC(C)=CCCC(C)=CCCC(C)=CCCC(C)=CCOP(=O)([O-])OP(=O)([O-])[O-]>>CC1=CCC2(C)CCC(C(C)C)C2C=CC(C)=C2CCC(C)C2CC1	CC(C)=CCCC(C)=CCCC(C)=CCCC(C)=CCCC(C)=CCOP(=O)([O-])OP(=O)([O-])[O-]>>CC1=CCC2(C)CCC(C(C)C)C2C=CC(C)=C2CCC(C)C2CC1	(2E,6E,10E,14E)-GFPP	CC(C)=CCC/C(C)=C/CC/C(C)=C/CC/C(C)=C/CC/C(C)=C/COP(=O)([O-])OP(=O)([O-])[O-]	atacamatriene D	C/C1=C\C[C@@]2(C)CC[C@H](C(C)C)[C@@H]2/C=C/C(C)=C2\CC[C@@H](C)[C@H]2CC1	sester	True	marts_R00410	False	False	False
CC(C)=CCCC(C)=CCCC(C)=CCCC(C)=CCCC(C)=CCOP(=O)([O-])OP(=O)([O-])[O-]>>CC1=CCC2(C)CCC(C(C)C)C2CC=C(C)C(O)CCC(C)=CCC1	CC(C)=CCCC(C)=CCCC(C)=CCCC(C)=CCCC(C)=CCOP(=O)([O-])OP(=O)([O-])[O-]>>CC1=CCC2(C)CCC(C(C)C)C2CC=C(C)C(O)CCC(C)=CCC1	(2E,6E,10E,14E)-GFPP	CC(C)=CCC/C(C)=C/CC/C(C)=C/CC/C(C)=C/CC/C(C)=C/COP(=O)([O-])OP(=O)([O-])[O-]	preterpestacin I	C/C1=C\C[C@]2(C)CC[C@@H](C(C)C)[C@H]2C/C=C(\C)[C@@H](O)CC/C(C)=C/CC1	sester	True	marts_R00191	False	False	False
CC(C)=CCCC(C)=CCCC(C)=CCCC(C)=CCCC(C)=CCOP(=O)([O-])OP(=O)([O-])[O-]>>CC1=CCC2(C)CCC(C(C)C)C2CC=C(C)C2=C(CC1)C(C)CC2	CC(C)=CCCC(C)=CCCC(C)=CCCC(C)=CCCC(C)=CCOP(=O)([O-])OP(=O)([O-])[O-]>>CC1=CCC2(C)CCC(C(C)C)C2CC=C(C)C2=C(CC1)C(C)CC2	(2E,6E,10E,14E)-GFPP	CC(C)=CCC/C(C)=C/CC/C(C)=C/CC/C(C)=C/CC/C(C)=C/COP(=O)([O-])OP(=O)([O-])[O-]	(-)-variculatriene B	C/C1=C\C[C@@]2(C)CC[C@H](C(C)C)[C@@H]2C/C=C(\C)C2=C(CC1)[C@H](C)CC2	sester	True	marts_R00290	False	False	False
CC(C)=CCCC(C)=CCCC(C)=CCCC(C)=CCCC(C)=CCOP(=O)([O-])OP(=O)([O-])[O-]>>CC1=CCC2(C)CCC(C(C)C)C2CC=C(C)C2=CCC(C)C2CC1	CC(C)=CCCC(C)=CCCC(C)=CCCC(C)=CCCC(C)=CCOP(=O)([O-])OP(=O)([O-])[O-]>>CC1=CCC2(C)CCC(C(C)C)C2CC=C(C)C2=CCC(C)C2CC1	(2E,6E,10E,14E)-GFPP	CC(C)=CCC/C(C)=C/CC/C(C)=C/CC/C(C)=C/CC/C(C)=C/COP(=O)([O-])OP(=O)([O-])[O-]	atacamatriene C	C/C1=C/C[C@H]2[C@@H](C(C)C)CC[C@]2(C)C/C=C(\C)CC[C@H]2C1=CC[C@H]2C	sester	True	marts_R00409	False	False	False
CC(C)=CCCC(C)=CCCC(C)=CCCC(C)=CCCC(C)=CCOP(=O)([O-])OP(=O)([O-])[O-]>>CC1=CCC2(C)CCC(C(C)C)C2CC=C(C)C2CCC(C)=C2CC1	CC(C)=CCCC(C)=CCCC(C)=CCCC(C)=CCCC(C)=CCOP(=O)([O-])OP(=O)([O-])[O-]>>CC1=CCC2(C)CCC(C(C)C)C2CC=C(C)C2CCC(C)=C2CC1	(2E,6E,10E,14E)-GFPP	CC(C)=CCC/C(C)=C/CC/C(C)=C/CC/C(C)=C/CC/C(C)=C/COP(=O)([O-])OP(=O)([O-])[O-]	variculatriene A	CC1=C2CC/C(C)=C/C[C@@]3(C)CC[C@H](C(C)C)[C@@H]3C/C=C(/C)[C@H]2CC1	sester	True	marts_R00296	False	False	False
CC(C)=CCCC(C)=CCCC(C)=CCCC(C)=CCCC(C)=CCOP(=O)([O-])OP(=O)([O-])[O-]>>CC1=CCC2(C)CCC(C(C)C)C2CC=C(C)C2CCC(C)C2=CC1	CC(C)=CCCC(C)=CCCC(C)=CCCC(C)=CCCC(C)=CCOP(=O)([O-])OP(=O)([O-])[O-]>>CC1=CCC2(C)CCC(C(C)C)C2CC=C(C)C2CCC(C)C2=CC1	(2E,6E,10E,14E)-GFPP	CC(C)=CCC/C(C)=C/CC/C(C)=C/CC/C(C)=C/CC/C(C)=C/COP(=O)([O-])OP(=O)([O-])[O-]	betaestacin I	C/C1=C/C[C@@H]2[C@H](C(C)C)CC[C@@]2(C)C/C=C(\C)C/C=C2\[C@@H](C)CC[C@@H]12	sester	True	marts_R00182	False	True	True
CC(C)=CCCC(C)=CCCC(C)=CCCC(C)=CCCC(C)=CCOP(=O)([O-])OP(=O)([O-])[O-]>>CC1=CCC2C(=C(C)C3CC4C(C(C)C)CCC4(C)CC13)CCC2C	CC(C)=CCCC(C)=CCCC(C)=CCCC(C)=CCCC(C)=CCOP(=O)([O-])OP(=O)([O-])[O-]>>CC1=CCC2C(=C(C)C3CC4C(C(C)C)CCC4(C)CC13)CCC2C	(2E,6E,10E,14E)-GFPP	CC(C)=CCC/C(C)=C/CC/C(C)=C/CC/C(C)=C/CC/C(C)=C/COP(=O)([O-])OP(=O)([O-])[O-]	sesterevisene	C/C1=C/C[C@@H]2/C(=C(/C)[C@H]3C[C@H]4[C@@H](C(C)C)CC[C@]4(C)C[C@H]13)CC[C@H]2C	sester	True	marts_R00344	False	False	False
CC(C)=CCCC(C)=CCCC(C)=CCCC(C)=CCCC(C)=CCOP(=O)([O-])OP(=O)([O-])[O-]>>CC1=CCC2C(C(C)C)CCC2(C)CC=C(C)CCC=C(C)CC=C1	CC(C)=CCCC(C)=CCCC(C)=CCCC(C)=CCCC(C)=CCOP(=O)([O-])OP(=O)([O-])[O-]>>CC1=CCC2C(C(C)C)CCC2(C)CC=C(C)CCC=C(C)CC=C1	(2E,6E,10E,14E)-GFPP	CC(C)=CCC/C(C)=C/CC/C(C)=C/CC/C(C)=C/CC/C(C)=C/COP(=O)([O-])OP(=O)([O-])[O-]	sesterorbiculene	CC1=CCC2[C@H](C(C)C)CC[C@@]2(C)CC=C(C)CCC=C(C)CC=C1	sester	True	marts_R00289	False	False	False
CC(C)=CCCC(C)=CCCC(C)=CCCC(C)=CCCC(C)=CCOP(=O)([O-])OP(=O)([O-])[O-]>>CC1=CCC2C3CC4(C)CCC5(C)CCC(C(C)C)C5C4C3CC12C	CC(C)=CCCC(C)=CCCC(C)=CCCC(C)=CCCC(C)=CCOP(=O)([O-])OP(=O)([O-])[O-]>>CC1=CCC2C3CC4(C)CCC5(C)CCC(C(C)C)C5C4C3CC12C	(2E,6E,10E,14E)-GFPP	CC(C)=CCC/C(C)=C/CC/C(C)=C/CC/C(C)=C/CC/C(C)=C/COP(=O)([O-])OP(=O)([O-])[O-]	subrutilene G	CC1=CCC2[C@H]3C[C@@]4(C)CC[C@]5(C)CC[C@H](C(C)C)[C@H]5[C@@H]4[C@H]3C[C@]12C	sester	True	marts_R00359	False	False	False
CC(C)=CCCC(C)=CCCC(C)=CCCC(C)=CCCC(C)=CCOP(=O)([O-])OP(=O)([O-])[O-]>>CC1=CCCC(C)C12CCC(C)C1CC3(C)CCC(C(C)C)=C3CC12	CC(C)=CCCC(C)=CCCC(C)=CCCC(C)=CCCC(C)=CCOP(=O)([O-])OP(=O)([O-])[O-]>>CC1=CCCC(C)C12CCC(C)C1CC3(C)CCC(C(C)C)=C3CC12	(2E,6E,10E,14E)-GFPP	CC(C)=CCC/C(C)=C/CC/C(C)=C/CC/C(C)=C/CC/C(C)=C/COP(=O)([O-])OP(=O)([O-])[O-]	sesterviolene D	CC1=CCC[C@H](C)[C@@]12CC[C@H](C)[C@H]1C[C@@]3(C)CCC(C(C)C)=C3CC12	sester	True	marts_R00374	False	False	False
CC(C)=CCCC(C)=CCCC(C)=CCCC(C)=CCCC(C)=CCOP(=O)([O-])OP(=O)([O-])[O-]>>CC1=CCCC(C)C12CCC(C)C1CC3(C)CCC(C(C)C)C3=CC12	CC(C)=CCCC(C)=CCCC(C)=CCCC(C)=CCCC(C)=CCOP(=O)([O-])OP(=O)([O-])[O-]>>CC1=CCCC(C)C12CCC(C)C1CC3(C)CCC(C(C)C)C3=CC12	(2E,6E,10E,14E)-GFPP	CC(C)=CCC/C(C)=C/CC/C(C)=C/CC/C(C)=C/CC/C(C)=C/COP(=O)([O-])OP(=O)([O-])[O-]	sesterviolene C	CC1=CCC[C@H](C)[C@@]12CC[C@H](C)[C@H]1C[C@@]3(C)CC[C@H](C(C)C)C3=CC12	sester	True	marts_R00373	False	False	False
CC(C)=CCCC(C)=CCCC(C)=CCCC(C)=CCCC(C)=CCOP(=O)([O-])OP(=O)([O-])[O-]>>CC1=CCCC(C)C12CCC(C)C1CC3(C)CCC(C(C)C)C3C=C12	CC(C)=CCCC(C)=CCCC(C)=CCCC(C)=CCCC(C)=CCOP(=O)([O-])OP(=O)([O-])[O-]>>CC1=CCCC(C)C12CCC(C)C1CC3(C)CCC(C(C)C)C3C=C12	(2E,6E,10E,14E)-GFPP	CC(C)=CCC/C(C)=C/CC/C(C)=C/CC/C(C)=C/CC/C(C)=C/COP(=O)([O-])OP(=O)([O-])[O-]	sesterviolene A	CC1=CCC[C@H](C)[C@@]12CC[C@H](C)[C@H]1C[C@@]3(C)CC[C@H](C(C)C)[C@@H]3C=C12	sester	True	marts_R00371	False	False	False
CC(C)=CCCC(C)=CCCC(C)=CCCC(C)=CCCC(C)=CCOP(=O)([O-])OP(=O)([O-])[O-]>>CC1CCC23C(C)CCC2C3(C)C2=C1CC1(C)CCC(C(C)C)C1C2	CC(C)=CCCC(C)=CCCC(C)=CCCC(C)=CCCC(C)=CCOP(=O)([O-])OP(=O)([O-])[O-]>>CC1CCC23C(C)CCC2C3(C)C2=C1CC1(C)CCC(C(C)C)C1C2	(2E,6E,10E,14E)-GFPP	CC(C)=CCC/C(C)=C/CC/C(C)=C/CC/C(C)=C/CC/C(C)=C/COP(=O)([O-])OP(=O)([O-])[O-]	fusoxypene A	CC(C)[C@@H]1CC[C@@]2(C)CC3=C(C[C@H]12)[C@]1(C)[C@H]2CC[C@@H](C)[C@]21CC[C@H]3C	sester	True	marts_R00183	False	True	True
CC(C)=CCCC(C)=CCCC(C)=CCCC(C)=CCOP(=O)([O-])OP(=O)([O-])[O-]>>C=C(C)C12CCCC1C(C)(CCC(C)=CCOP(=O)([O-])OP(=O)([O-])[O-])C(C)CC2	CC(C)=CCCC(C)=CCCC(C)=CCCC(C)=CCOP(=O)([O-])OP(=O)([O-])[O-]>>C=C(C)C12CCCC1C(C)(CCC(C)=CCOP(=O)([O-])OP(=O)([O-])[O-])C(C)CC2	(2E,6E,10E)-GGPP	CC(C)=CCC/C(C)=C/CC/C(C)=C/CC/C(C)=C/COP(=O)([O-])OP(=O)([O-])[O-]	multidienyl diphosphate	C=C(C)[C@]12CCCC1[C@](C)(CC/C(C)=C/COP(=O)([O-])OP(=O)([O-])[O-])[C@H](C)CC2	di	True	marts_R00305	False	False	False
CC(C)=CCCC(C)=CCCC(C)=CCCC(C)=CCOP(=O)([O-])OP(=O)([O-])[O-]>>C=C(C)C1=CCC(C)=CCCC(C)=CCCC(C)=CC1	CC(C)=CCCC(C)=CCCC(C)=CCCC(C)=CCOP(=O)([O-])OP(=O)([O-])[O-]>>C=C(C)C1=CCC(C)=CCCC(C)=CCCC(C)=CC1	(2E,6E,10E)-GGPP	CC(C)=CCC/C(C)=C/CC/C(C)=C/CC/C(C)=C/COP(=O)([O-])OP(=O)([O-])[O-]	isocembrene	C=C(C)/C1=C\C/C(C)=C/CC/C(C)=C/CC/C(C)=C/C1	di	True	marts_R00501	False	False	False
CC(C)=CCCC(C)=CCCC(C)=CCCC(C)=CCOP(=O)([O-])OP(=O)([O-])[O-]>>C=C(C)C1CC=C(C)CCC=C(C)CCC=C(C)CC1	CC(C)=CCCC(C)=CCCC(C)=CCCC(C)=CCOP(=O)([O-])OP(=O)([O-])[O-]>>C=C(C)C1CC=C(C)CCC=C(C)CCC=C(C)CC1	(2E,6E,10E)-GGPP	CC(C)=CCC/C(C)=C/CC/C(C)=C/CC/C(C)=C/COP(=O)([O-])OP(=O)([O-])[O-]	cembrene A	C=C(C)[C@H]1C/C=C(\C)CC/C=C(\C)CC/C=C(\C)CC1	di	True	marts_R00042	False	True	True
CC(C)=CCCC(C)=CCCC(C)=CCCC(C)=CCOP(=O)([O-])OP(=O)([O-])[O-]>>C=C(C)C1CCC(C)C2CCC(=C)C3CCC3(C)CC12	CC(C)=CCCC(C)=CCCC(C)=CCCC(C)=CCOP(=O)([O-])OP(=O)([O-])[O-]>>C=C(C)C1CCC(C)C2CCC(=C)C3CCC3(C)CC12	(2E,6E,10E)-GGPP	CC(C)=CCC/C(C)=C/CC/C(C)=C/CC/C(C)=C/COP(=O)([O-])OP(=O)([O-])[O-]	Odyverdiene A	C=C(C)C1CCC(C)C2CCC(=C)C3CCC3(C)CC12	di	True	no_mechanism	False	False	False
CC(C)=CCCC(C)=CCCC(C)=CCCC(C)=CCOP(=O)([O-])OP(=O)([O-])[O-]>>C=C(C)C1CCC(C)C2CCC(C)=CCCC(C)=CC12	CC(C)=CCCC(C)=CCCC(C)=CCCC(C)=CCOP(=O)([O-])OP(=O)([O-])[O-]>>C=C(C)C1CCC(C)C2CCC(C)=CCCC(C)=CC12	(2E,6E,10E)-GGPP	CC(C)=CCC/C(C)=C/CC/C(C)=C/CC/C(C)=C/COP(=O)([O-])OP(=O)([O-])[O-]	prehydropyrene	C=C(C)[C@H]1CC[C@H](C)[C@H]2CC/C(C)=C/CC/C(C)=C/[C@H]21	di	True	marts_R00471	False	False	False
CC(C)=CCCC(C)=CCCC(C)=CCCC(C)=CCOP(=O)([O-])OP(=O)([O-])[O-]>>C=C(C)C1CCC2(C)CC3C(=C)CCCC3(C)CCC12	CC(C)=CCCC(C)=CCCC(C)=CCCC(C)=CCOP(=O)([O-])OP(=O)([O-])[O-]>>C=C(C)C1CCC2(C)CC3C(=C)CCCC3(C)CCC12	(2E,6E,10E)-GGPP	CC(C)=CCC/C(C)=C/CC/C(C)=C/CC/C(C)=C/COP(=O)([O-])OP(=O)([O-])[O-]	clavulara-1(15),17-diene	C=C(C)[C@@H]1CC[C@@]2(C)C[C@H]3C(=C)CCC[C@]3(C)CC[C@H]12	di	True	no_mechanism	False	False	False
CC(C)=CCCC(C)=CCCC(C)=CCCC(C)=CCOP(=O)([O-])OP(=O)([O-])[O-]>>C=C(C)C1CCC2(C)CC=C(C)CCC=C(C)CC=C12	CC(C)=CCCC(C)=CCCC(C)=CCCC(C)=CCOP(=O)([O-])OP(=O)([O-])[O-]>>C=C(C)C1CCC2(C)CC=C(C)CCC=C(C)CC=C12	(2E,6E,10E)-GGPP	CC(C)=CCC/C(C)=C/CC/C(C)=C/CC/C(C)=C/COP(=O)([O-])OP(=O)([O-])[O-]	3,7,10-dolabellatriene	C=C(C)[C@@H]1CC[C@@]2(C)CC=C(C)CCC=C(C)C/C=C\12	di	True	no_mechanism	False	False	False
CC(C)=CCCC(C)=CCCC(C)=CCCC(C)=CCOP(=O)([O-])OP(=O)([O-])[O-]>>C=C(C)C1CCC2(C)CC=C(C)CCC=C(C)CCC12	CC(C)=CCCC(C)=CCCC(C)=CCCC(C)=CCOP(=O)([O-])OP(=O)([O-])[O-]>>C=C(C)C1CCC2(C)CC=C(C)CCC=C(C)CCC12	(2E,6E,10E)-GGPP	CC(C)=CCC/C(C)=C/CC/C(C)=C/CC/C(C)=C/COP(=O)([O-])OP(=O)([O-])[O-]	1S,3E,7E,11R,12S-dolabella-3,7,18-triene	C=C(C)[C@H]1CC[C@@]2(C)C/C=C(\C)CC/C=C(\C)CC[C@H]12	di	True	no_mechanism	False	False	False
CC(C)=CCCC(C)=CCCC(C)=CCCC(C)=CCOP(=O)([O-])OP(=O)([O-])[O-]>>C=C(C)C1CCC2(C)CCC(C)=CCCC(C)=CCC12	CC(C)=CCCC(C)=CCCC(C)=CCCC(C)=CCOP(=O)([O-])OP(=O)([O-])[O-]>>C=C(C)C1CCC2(C)CCC(C)=CCCC(C)=CCC12	(2E,6E,10E)-GGPP	CC(C)=CCC/C(C)=C/CC/C(C)=C/CC/C(C)=C/COP(=O)([O-])OP(=O)([O-])[O-]	dolabella-4,8,18-triene	C=C(C)[C@@H]1CC[C@]2(C)CC/C(C)=C/CC/C(C)=C/C[C@@H]12	di	True	marts_R00478	False	False	False
CC(C)=CCCC(C)=CCCC(C)=CCCC(C)=CCOP(=O)([O-])OP(=O)([O-])[O-]>>C=C(C)C1CCC2(C)CCC(C)C3(CC=C(C)CC3)C12	CC(C)=CCCC(C)=CCCC(C)=CCCC(C)=CCOP(=O)([O-])OP(=O)([O-])[O-]>>C=C(C)C1CCC2(C)CCC(C)C3(CC=C(C)CC3)C12	(2E,6E,10E)-GGPP	CC(C)=CCC/C(C)=C/CC/C(C)=C/CC/C(C)=C/COP(=O)([O-])OP(=O)([O-])[O-]	rhizathalene A	C=C(C)[C@H]1CC[C@]2(C)CC[C@@H](C)[C@]3(CC=C(C)CC3)[C@@H]12	di	True	marts_R00171	False	True	True
CC(C)=CCCC(C)=CCCC(C)=CCCC(C)=CCOP(=O)([O-])OP(=O)([O-])[O-]>>C=C(CCC=C(C)C)C1C2C(C)CCC2C2(C)CCC12	CC(C)=CCCC(C)=CCCC(C)=CCCC(C)=CCOP(=O)([O-])OP(=O)([O-])[O-]>>C=C(CCC=C(C)C)C1C2C(C)CCC2C2(C)CCC12	(2E,6E,10E)-GGPP	CC(C)=CCC/C(C)=C/CC/C(C)=C/CC/C(C)=C/COP(=O)([O-])OP(=O)([O-])[O-]	prenylkelsoene	C=C(CCC=C(C)C)[C@@H]1[C@@H]2[C@@H](CC[C@@H]2C)[C@]2(C)CC[C@H]12	di	True	marts_R00381	False	False	False
CC(C)=CCCC(C)=CCCC(C)=CCCC(C)=CCOP(=O)([O-])OP(=O)([O-])[O-]>>C=C(CCC=C(C)C)C1CC=C(C)CCC=C(C)CC1	CC(C)=CCCC(C)=CCCC(C)=CCCC(C)=CCOP(=O)([O-])OP(=O)([O-])[O-]>>C=C(CCC=C(C)C)C1CC=C(C)CCC=C(C)CC1	(2E,6E,10E)-GGPP	CC(C)=CCC/C(C)=C/CC/C(C)=C/CC/C(C)=C/COP(=O)([O-])OP(=O)([O-])[O-]	prenylgermacrene	C=C(CCC=C(C)C)C1C/C=C(\C)CC/C=C(\C)CC1	di	True	no_mechanism	False	False	False
CC(C)=CCCC(C)=CCCC(C)=CCCC(C)=CCOP(=O)([O-])OP(=O)([O-])[O-]>>C=C(CCC=C(C)C)C1CCC2(C)C3CCC(C)C3C12	CC(C)=CCCC(C)=CCCC(C)=CCCC(C)=CCOP(=O)([O-])OP(=O)([O-])[O-]>>C=C(CCC=C(C)C)C1CCC2(C)C3CCC(C)C3C12	(2E,6E,10E)-GGPP	CC(C)=CCC/C(C)=C/CC/C(C)=C/CC/C(C)=C/COP(=O)([O-])OP(=O)([O-])[O-]	spata-13,17-diene	C=C(CCC=C(C)C)[C@H]1CC[C@]2(C)[C@H]1[C@@H]1[C@H]2CC[C@@H]1C	di	True	marts_R00382	False	False	False
CC(C)=CCCC(C)=CCCC(C)=CCCC(C)=CCOP(=O)([O-])OP(=O)([O-])[O-]>>C=C(CCC=C(C)C)C1CCC2(C)CCCC(=C)C2C1	CC(C)=CCCC(C)=CCCC(C)=CCCC(C)=CCOP(=O)([O-])OP(=O)([O-])[O-]>>C=C(CCC=C(C)C)C1CCC2(C)CCCC(=C)C2C1	(2E,6E,10E)-GGPP	CC(C)=CCC/C(C)=C/CC/C(C)=C/CC/C(C)=C/COP(=O)([O-])OP(=O)([O-])[O-]	lobophytumin C	C=C(CCC=C(C)C)[C@H]1CC[C@]2(C)CCCC(=C)[C@H]2C1	di	True	no_mechanism	False	False	False
CC(C)=CCCC(C)=CCCC(C)=CCCC(C)=CCOP(=O)([O-])OP(=O)([O-])[O-]>>C=C(CCC=C(C)C)C1CCC2(C)CCCC(C)=C2C1	CC(C)=CCCC(C)=CCCC(C)=CCCC(C)=CCOP(=O)([O-])OP(=O)([O-])[O-]>>C=C(CCC=C(C)C)C1CCC2(C)CCCC(C)=C2C1	(2E,6E,10E)-GGPP	CC(C)=CCC/C(C)=C/CC/C(C)=C/CC/C(C)=C/COP(=O)([O-])OP(=O)([O-])[O-]	clavulatriene A	C=C(CCC=C(C)C)[C@@H]1CC[C@@]2(C)CCCC(C)=C2C1	di	True	no_mechanism	False	False	False
CC(C)=CCCC(C)=CCCC(C)=CCCC(C)=CCOP(=O)([O-])OP(=O)([O-])[O-]>>C=C(CCC=C(C)CCC=C(C)C)C1CC=C(C)CC1	CC(C)=CCCC(C)=CCCC(C)=CCCC(C)=CCOP(=O)([O-])OP(=O)([O-])[O-]>>C=C(CCC=C(C)CCC=C(C)C)C1CC=C(C)CC1	nerylneryl diphosphate	CC(C)=CCC/C(C)=C\CC/C(C)=C\CC/C(C)=C\COP(=O)([O-])OP(=O)([O-])[O-]	(10Z)-axinyssene	C=C(CC/C=C(/C)CCC=C(C)C)C1CC=C(C)CC1	di	True	marts_R00500	False	False	False
CC(C)=CCCC(C)=CCCC(C)=CCCC(C)=CCOP(=O)([O-])OP(=O)([O-])[O-]>>C=C1C=C2C(CC1)C(C)CCC2C(C)CCC=C(C)C	CC(C)=CCCC(C)=CCCC(C)=CCCC(C)=CCOP(=O)([O-])OP(=O)([O-])[O-]>>C=C1C=C2C(CC1)C(C)CCC2C(C)CCC=C(C)C	(2E,6E,10E)-GGPP	CC(C)=CCC/C(C)=C/CC/C(C)=C/CC/C(C)=C/COP(=O)([O-])OP(=O)([O-])[O-]	elisabethatriene	C=C1C=C2[C@H](CC1)[C@@H](C)CC[C@@H]2[C@@H](C)CCC=C(C)C	di	True	marts_R00148	False	False	False
CC(C)=CCCC(C)=CCCC(C)=CCCC(C)=CCOP(=O)([O-])OP(=O)([O-])[O-]>>C=C1C=CC(C(C)CCC=C(C)CCC=C(C)C)CC1	CC(C)=CCCC(C)=CCCC(C)=CCCC(C)=CCOP(=O)([O-])OP(=O)([O-])[O-]>>C=C1C=CC(C(C)CCC=C(C)CCC=C(C)C)CC1	(2E,6E,10E)-GGPP	CC(C)=CCC/C(C)=C/CC/C(C)=C/CC/C(C)=C/COP(=O)([O-])OP(=O)([O-])[O-]	geranyl-β-phellandrene	C=C1C=CC(C(C)CC/C=C(\C)CCC=C(C)C)CC1	di	True	marts_R00490	False	False	False
CC(C)=CCCC(C)=CCCC(C)=CCCC(C)=CCOP(=O)([O-])OP(=O)([O-])[O-]>>C=C1CC2(C)CCCC3(C)CCC4C(C)CCC1C4C32	CC(C)=CCCC(C)=CCCC(C)=CCCC(C)=CCOP(=O)([O-])OP(=O)([O-])[O-]>>C=C1CC2(C)CCCC3(C)CCC4C(C)CCC1C4C32	(2E,6E,10E)-GGPP	CC(C)=CCC/C(C)=C/CC/C(C)=C/CC/C(C)=C/COP(=O)([O-])OP(=O)([O-])[O-]	hydropyrene	C=C1C[C@@]2(C)CCC[C@@]3(C)CC[C@@H]4[C@H]([C@@H]32)[C@H]1CC[C@H]4C	di	True	marts_R00348	False	False	False
CC(C)=CCCC(C)=CCCC(C)=CCCC(C)=CCOP(=O)([O-])OP(=O)([O-])[O-]>>C=C1CC23CCC4C(C)(C)CCCC4(C)C2CCC1C3	CC(C)=CCCC(C)=CCCC(C)=CCCC(C)=CCOP(=O)([O-])OP(=O)([O-])[O-]>>C=C1CC23CCC4C(C)(C)CCCC4(C)C2CCC1C3	(2E,6E,10E)-GGPP	CC(C)=CCC/C(C)=C/CC/C(C)=C/CC/C(C)=C/COP(=O)([O-])OP(=O)([O-])[O-]	ent-kaurene	C=C1C[C@@]23CC[C@@H]4C(C)(C)CCC[C@@]4(C)[C@@H]2CC[C@@H]1C3	di	True	marts_R00067	False	False	False
CC(C)=CCCC(C)=CCCC(C)=CCCC(C)=CCOP(=O)([O-])OP(=O)([O-])[O-]>>C=C1CCC(C(C)C)C12CCC1(C)C3CCC(C)C3C12	CC(C)=CCCC(C)=CCCC(C)=CCCC(C)=CCOP(=O)([O-])OP(=O)([O-])[O-]>>C=C1CCC(C(C)C)C12CCC1(C)C3CCC(C)C3C12	(2E,6E,10E)-GGPP	CC(C)=CCC/C(C)=C/CC/C(C)=C/CC/C(C)=C/COP(=O)([O-])OP(=O)([O-])[O-]	spiroluchuene A	C=C1CCC(C(C)C)[C@@]12CCC1(C)C3CCC(C)C3C12	di	True	marts_R00378	False	False	False
CC(C)=CCCC(C)=CCCC(C)=CCCC(C)=CCOP(=O)([O-])OP(=O)([O-])[O-]>>C=C1CCC(C(C)C)C2C=C(C)CCC=C(C)CCC12	CC(C)=CCCC(C)=CCCC(C)=CCCC(C)=CCOP(=O)([O-])OP(=O)([O-])[O-]>>C=C1CCC(C(C)C)C2C=C(C)CCC=C(C)CCC12	(2E,6E,10E)-GGPP	CC(C)=CCC/C(C)=C/CC/C(C)=C/CC/C(C)=C/COP(=O)([O-])OP(=O)([O-])[O-]	microeunicellene	C=C1CC[C@@H](C(C)C)[C@H]2/C=C(/C)CC/C=C(\C)CC[C@H]12	di	True	marts_R00402	False	False	False
CC(C)=CCCC(C)=CCCC(C)=CCCC(C)=CCOP(=O)([O-])OP(=O)([O-])[O-]>>C=C1CCC2=C(C(C)C)CCC2(C)CC2C(C)CCC12	CC(C)=CCCC(C)=CCCC(C)=CCCC(C)=CCOP(=O)([O-])OP(=O)([O-])[O-]>>C=C1CCC2=C(C(C)C)CCC2(C)CC2C(C)CCC12	(2E,6E,10E)-GGPP	CC(C)=CCC/C(C)=C/CC/C(C)=C/CC/C(C)=C/COP(=O)([O-])OP(=O)([O-])[O-]	cycloaraneosene	C=C1CCC2=C(C(C)C)CC[C@@]2(C)C[C@@H]2[C@H](C)CC[C@@H]12	di	True	no_mechanism	False	True	True
CC(C)=CCCC(C)=CCCC(C)=CCCC(C)=CCOP(=O)([O-])OP(=O)([O-])[O-]>>C=C1CCC2C(C)(C)CCCC2(C)C1CCC(C)=CCOP(=O)([O-])OP(=O)([O-])[O-]	CC(C)=CCCC(C)=CCCC(C)=CCCC(C)=CCOP(=O)([O-])OP(=O)([O-])[O-]>>C=C1CCC2C(C)(C)CCCC2(C)C1CCC(C)=CCOP(=O)([O-])OP(=O)([O-])[O-]	(2E,6E,10E)-GGPP	CC(C)=CCC/C(C)=C/CC/C(C)=C/CC/C(C)=C/COP(=O)([O-])OP(=O)([O-])[O-]	(+)-copalyl diphosphate	C=C1CC[C@H]2C(C)(C)CCC[C@]2(C)[C@H]1CC/C(C)=C/COP(=O)([O-])OP(=O)([O-])[O-]	di	True	marts_R00010	True	True	True
CC(C)=CCCC(C)=CCCC(C)=CCCC(C)=CCOP(=O)([O-])OP(=O)([O-])[O-]>>C=C1CCC2C(C)CCC(C(=C)C)C2C2C(C)CCC12	CC(C)=CCCC(C)=CCCC(C)=CCCC(C)=CCOP(=O)([O-])OP(=O)([O-])[O-]>>C=C1CCC2C(C)CCC(C(=C)C)C2C2C(C)CCC12	(2E,6E,10E)-GGPP	CC(C)=CCC/C(C)=C/CC/C(C)=C/CC/C(C)=C/COP(=O)([O-])OP(=O)([O-])[O-]	Odyverdiene B	C=C1CCC2C(C)CCC(C(=C)C)C2C2C(C)CCC12	di	True	no_mechanism	False	False	False
CC(C)=CCCC(C)=CCCC(C)=CCCC(C)=CCOP(=O)([O-])OP(=O)([O-])[O-]>>C=C1CCC=C(C)CC=C2C(C(C)C)CCC2(C)CC1	CC(C)=CCCC(C)=CCCC(C)=CCCC(C)=CCOP(=O)([O-])OP(=O)([O-])[O-]>>C=C1CCC=C(C)CC=C2C(C(C)C)CCC2(C)CC1	(2E,6E,10E)-GGPP	CC(C)=CCC/C(C)=C/CC/C(C)=C/CC/C(C)=C/COP(=O)([O-])OP(=O)([O-])[O-]	1R,7E,10E,12R-dolabella-4(16),7,10-triene	C=C1CC/C=C(\C)C/C=C2\[C@@H](C(C)C)CC[C@]2(C)CC1	di	True	no_mechanism	False	False	False
CC(C)=CCCC(C)=CCCC(C)=CCCC(C)=CCOP(=O)([O-])OP(=O)([O-])[O-]>>C=C1CCC=C(C)CCC(C)(CCC=C(C)C)C2CC12	CC(C)=CCCC(C)=CCCC(C)=CCCC(C)=CCOP(=O)([O-])OP(=O)([O-])[O-]>>C=C1CCC=C(C)CCC(C)(CCC=C(C)C)C2CC12	(2E,6E,10E)-GGPP	CC(C)=CCC/C(C)=C/CC/C(C)=C/CC/C(C)=C/COP(=O)([O-])OP(=O)([O-])[O-]	palmatene	C=C1CC/C=C(\C)CC[C@@](C)(CCC=C(C)C)[C@@H]2C[C@@H]12	di	True	marts_R00477	False	False	False
CC(C)=CCCC(C)=CCCC(C)=CCCC(C)=CCOP(=O)([O-])OP(=O)([O-])[O-]>>C=C1CCC=C(C)CCC2C1CC1(C)CCC(C)(C)C21	CC(C)=CCCC(C)=CCCC(C)=CCCC(C)=CCOP(=O)([O-])OP(=O)([O-])[O-]>>C=C1CCC=C(C)CCC2C1CC1(C)CCC(C)(C)C21	(2E,6E,10E)-GGPP	CC(C)=CCC/C(C)=C/CC/C(C)=C/CC/C(C)=C/COP(=O)([O-])OP(=O)([O-])[O-]	GJ1012 C	C=C1CC/C=C(\C)CC[C@@H]2C1C[C@@]1(C)CCC(C)(C)[C@@H]21	di	True	marts_R00291	False	False	False
CC(C)=CCCC(C)=CCCC(C)=CCCC(C)=CCOP(=O)([O-])OP(=O)([O-])[O-]>>C=C1CCC=C(C)CCC2C1CC2(C)CCC=C(C)C	CC(C)=CCCC(C)=CCCC(C)=CCCC(C)=CCOP(=O)([O-])OP(=O)([O-])[O-]>>C=C1CCC=C(C)CCC2C1CC2(C)CCC=C(C)C	(2E,6E,10E)-GGPP	CC(C)=CCC/C(C)=C/CC/C(C)=C/CC/C(C)=C/COP(=O)([O-])OP(=O)([O-])[O-]	xeniaphyllene	C=C1CCC=C(C)CC[C@H]2[C@H]1C[C@]2(C)CCC=C(C)C	di	True	marts_R00005	False	False	False
CC(C)=CCCC(C)=CCCC(C)=CCCC(C)=CCOP(=O)([O-])OP(=O)([O-])[O-]>>C=C1CCCC(C)=CCC2CCC(C)=C(CC1)C2(C)C	CC(C)=CCCC(C)=CCCC(C)=CCCC(C)=CCOP(=O)([O-])OP(=O)([O-])[O-]>>C=C1CCCC(C)=CCC2CCC(C)=C(CC1)C2(C)C	(2E,6E,10E)-GGPP	CC(C)=CCC/C(C)=C/CC/C(C)=C/CC/C(C)=C/COP(=O)([O-])OP(=O)([O-])[O-]	1S-verticilla-3,8(19),11(12)-triene	C=C1CCC/C(C)=C/C[C@@H]2CCC(C)=C(CC1)C2(C)C	di	True	no_mechanism	False	False	False
CC(C)=CCCC(C)=CCCC(C)=CCCC(C)=CCOP(=O)([O-])OP(=O)([O-])[O-]>>C=C1CCCC2(C)CCC3(C)C(C)CCC4CC1C2C43	CC(C)=CCCC(C)=CCCC(C)=CCCC(C)=CCOP(=O)([O-])OP(=O)([O-])[O-]>>C=C1CCCC2(C)CCC3(C)C(C)CCC4CC1C2C43	(2E,6E,10E)-GGPP	CC(C)=CCC/C(C)=C/CC/C(C)=C/CC/C(C)=C/COP(=O)([O-])OP(=O)([O-])[O-]	cephalot-3(20)-ene	C=C1CCC[C@@]2(C)CC[C@]3(C)[C@H]4[C@@H](CC[C@H]3C)C[C@H]1[C@H]42	di	True	marts_R00367	False	False	False
CC(C)=CCCC(C)=CCCC(C)=CCCC(C)=CCOP(=O)([O-])OP(=O)([O-])[O-]>>C=C1CCCC2(C)CCC3(C)CCC(C(C)(C)O)C3CC12	CC(C)=CCCC(C)=CCCC(C)=CCCC(C)=CCOP(=O)([O-])OP(=O)([O-])[O-]>>C=C1CCCC2(C)CCC3(C)CCC(C(C)(C)O)C3CC12	(2E,6E,10E)-GGPP	CC(C)=CCC/C(C)=C/CC/C(C)=C/CC/C(C)=C/COP(=O)([O-])OP(=O)([O-])[O-]	chitinopinol	C=C1CCC[C@]2(C)CC[C@@]3(C)CC[C@@H](C(C)(C)O)[C@@H]3C[C@@H]12	di	True	marts_R00480	False	False	False
CC(C)=CCCC(C)=CCCC(C)=CCCC(C)=CCOP(=O)([O-])OP(=O)([O-])[O-]>>C=C1CCCC2(C)CCC3=C(C(C)C)CCC3(C)CC12	CC(C)=CCCC(C)=CCCC(C)=CCCC(C)=CCOP(=O)([O-])OP(=O)([O-])[O-]>>C=C1CCCC2(C)CCC3=C(C(C)C)CCC3(C)CC12	(2E,6E,10E)-GGPP	CC(C)=CCC/C(C)=C/CC/C(C)=C/CC/C(C)=C/COP(=O)([O-])OP(=O)([O-])[O-]	(5R,12R,14S)-dolasta-1(15),8-diene	C=C1CCC[C@]2(C)CCC3=C(C(C)C)CC[C@]3(C)C[C@@H]12	di	True	marts_R00151	False	True	True
CC(C)=CCCC(C)=CCCC(C)=CCCC(C)=CCOP(=O)([O-])OP(=O)([O-])[O-]>>C=CC(=C)CCC=C(C)CCC=C(C)CCC=C(C)C	CC(C)=CCCC(C)=CCCC(C)=CCCC(C)=CCOP(=O)([O-])OP(=O)([O-])[O-]>>C=CC(=C)CCC=C(C)CCC=C(C)CCC=C(C)C	(2E,6E,10E)-GGPP	CC(C)=CCC/C(C)=C/CC/C(C)=C/CC/C(C)=C/COP(=O)([O-])OP(=O)([O-])[O-]	7,11,15-Trimethyl-3-methylene-hexadeca-1,6,10,14-tetraene	C=CC(=C)CC/C=C(\C)CC/C=C(\C)CCC=C(C)C	di	True	marts_R00210	False	False	False
CC(C)=CCCC(C)=CCCC(C)=CCCC(C)=CCOP(=O)([O-])OP(=O)([O-])[O-]>>C=CC(C)(O)CCC=C(C)CCC=C(C)CCC=C(C)C	CC(C)=CCCC(C)=CCCC(C)=CCCC(C)=CCOP(=O)([O-])OP(=O)([O-])[O-]>>C=CC(C)(O)CCC=C(C)CCC=C(C)CCC=C(C)C	(2E,6E,10E)-GGPP	CC(C)=CCC/C(C)=C/CC/C(C)=C/CC/C(C)=C/COP(=O)([O-])OP(=O)([O-])[O-]	geranyllinalool	C=CC(C)(O)CC/C=C(\C)CC/C=C(\C)CCC=C(C)C	di	True	marts_R00097	False	True	True
CC(C)=CCCC(C)=CCCC(C)=CCCC(C)=CCOP(=O)([O-])OP(=O)([O-])[O-]>>C=CC(C)=CCC=C(C)CCC=C(C)CCC=C(C)C	CC(C)=CCCC(C)=CCCC(C)=CCCC(C)=CCOP(=O)([O-])OP(=O)([O-])[O-]>>C=CC(C)=CCC=C(C)CCC=C(C)CCC=C(C)C	(2E,6E,10E)-GGPP	CC(C)=CCC/C(C)=C/CC/C(C)=C/CC/C(C)=C/COP(=O)([O-])OP(=O)([O-])[O-]	alpha-springene	C=C/C(C)=C/C/C=C(\C)CC/C=C(\C)CCC=C(C)C	di	True	marts_R00211	False	True	True
CC(C)=CCCC(C)=CCCC(C)=CCCC(C)=CCOP(=O)([O-])OP(=O)([O-])[O-]>>CC(=CCO)CCC1C(C)(O)CCC2C(C)(C)CCCC21C	CC(C)=CCCC(C)=CCCC(C)=CCCC(C)=CCOP(=O)([O-])OP(=O)([O-])[O-]>>CC(=CCO)CCC1C(C)(O)CCC2C(C)(C)CCCC21C	(2E,6E,10E)-GGPP	CC(C)=CCC/C(C)=C/CC/C(C)=C/CC/C(C)=C/COP(=O)([O-])OP(=O)([O-])[O-]	labd-13-en-8,15-diol	C/C(=C\CO)CC[C@@H]1[C@@]2(C)CCCC(C)(C)[C@@H]2CC[C@@]1(C)O	di	True	marts_R00053	False	False	False
CC(C)=CCCC(C)=CCCC(C)=CCCC(C)=CCOP(=O)([O-])OP(=O)([O-])[O-]>>CC(=CCO)CCC1C(C)=CCC2C(C)(C)CCCC12C	CC(C)=CCCC(C)=CCCC(C)=CCCC(C)=CCOP(=O)([O-])OP(=O)([O-])[O-]>>CC(=CCO)CCC1C(C)=CCC2C(C)(C)CCCC12C	(2E,6E,10E)-GGPP	CC(C)=CCC/C(C)=C/CC/C(C)=C/CC/C(C)=C/COP(=O)([O-])OP(=O)([O-])[O-]	(13E)-labda-7,13-dien-15-ol	CC1=CC[C@H]2C(C)(C)CCC[C@]2(C)[C@H]1CC/C(C)=C/CO	di	True	marts_R00222	False	False	False
CC(C)=CCCC(C)=CCCC(C)=CCCC(C)=CCOP(=O)([O-])OP(=O)([O-])[O-]>>CC(=CCOP(=O)([O-])OP(=O)([O-])[O-])CCC1(C)C(C)CC=C2C1CCCC2(C)C	CC(C)=CCCC(C)=CCCC(C)=CCCC(C)=CCOP(=O)([O-])OP(=O)([O-])[O-]>>CC(=CCOP(=O)([O-])OP(=O)([O-])[O-])CCC1(C)C(C)CC=C2C1CCCC2(C)C	(2E,6E,10E)-GGPP	CC(C)=CCC/C(C)=C/CC/C(C)=C/CC/C(C)=C/COP(=O)([O-])OP(=O)([O-])[O-]	tuberculosinyl diphosphate(3−)	C/C(=C\COP(=O)([O-])OP(=O)([O-])[O-])CC[C@@]1(C)[C@@H]2CCCC(C)(C)C2=CC[C@@H]1C	di	True	marts_R00180	False	False	False
CC(C)=CCCC(C)=CCCC(C)=CCCC(C)=CCOP(=O)([O-])OP(=O)([O-])[O-]>>CC(=CCOP(=O)([O-])OP(=O)([O-])[O-])CCC1(C)C(C)CCC2(C)C(C)=CCCC21	CC(C)=CCCC(C)=CCCC(C)=CCCC(C)=CCOP(=O)([O-])OP(=O)([O-])[O-]>>CC(=CCOP(=O)([O-])OP(=O)([O-])[O-])CCC1(C)C(C)CCC2(C)C(C)=CCCC21	(2E,6E,10E)-GGPP	CC(C)=CCC/C(C)=C/CC/C(C)=C/CC/C(C)=C/COP(=O)([O-])OP(=O)([O-])[O-]	(−)-kolavenyl diphosphate	CC1=CCC[C@@H]2[C@@](C)(CC/C(C)=C/COP(=O)([O-])OP(=O)([O-])[O-])[C@H](C)CC[C@@]12C	di	True	marts_R00324	True	True	True
CC(C)=CCCC(C)=CCCC(C)=CCCC(C)=CCOP(=O)([O-])OP(=O)([O-])[O-]>>CC(=CCOP(=O)([O-])OP(=O)([O-])[O-])CCC1(O)C(C)CCC2C(C)(C)CCCC21C	CC(C)=CCCC(C)=CCCC(C)=CCCC(C)=CCOP(=O)([O-])OP(=O)([O-])[O-]>>CC(=CCOP(=O)([O-])OP(=O)([O-])[O-])CCC1(O)C(C)CCC2C(C)(C)CCCC21C	(2E,6E,10E)-GGPP	CC(C)=CCC/C(C)=C/CC/C(C)=C/CC/C(C)=C/COP(=O)([O-])OP(=O)([O-])[O-]	peregrinol diphosphate	C/C(=C\COP(=O)([O-])OP(=O)([O-])[O-])CC[C@@]1(O)[C@H](C)CC[C@H]2C(C)(C)CCC[C@@]21C	di	True	marts_R00316	False	False	False
CC(C)=CCCC(C)=CCCC(C)=CCCC(C)=CCOP(=O)([O-])OP(=O)([O-])[O-]>>CC(=CCOP(=O)([O-])OP(=O)([O-])[O-])CCC1=C(C)CCC2C(C)(C)CCCC12C	CC(C)=CCCC(C)=CCCC(C)=CCCC(C)=CCOP(=O)([O-])OP(=O)([O-])[O-]>>CC(=CCOP(=O)([O-])OP(=O)([O-])[O-])CCC1=C(C)CCC2C(C)(C)CCCC12C	(2E,6E,10E)-GGPP	CC(C)=CCC/C(C)=C/CC/C(C)=C/CC/C(C)=C/COP(=O)([O-])OP(=O)([O-])[O-]	(+)-labda-8,13E-dienyl diphosphate	CC1=C(CC/C(C)=C/COP(=O)([O-])OP(=O)([O-])[O-])[C@@]2(C)CCCC(C)(C)C2CC1	di	True	no_mechanism	False	False	False
CC(C)=CCCC(C)=CCCC(C)=CCCC(C)=CCOP(=O)([O-])OP(=O)([O-])[O-]>>CC(=CCOP(=O)([O-])OP(=O)([O-])[O-])CCC1C(C)(O)CCC2C(C)(C)CCCC21C	CC(C)=CCCC(C)=CCCC(C)=CCCC(C)=CCOP(=O)([O-])OP(=O)([O-])[O-]>>CC(=CCOP(=O)([O-])OP(=O)([O-])[O-])CCC1C(C)(O)CCC2C(C)(C)CCCC21C	(2E,6E,10E)-GGPP	CC(C)=CCC/C(C)=C/CC/C(C)=C/CC/C(C)=C/COP(=O)([O-])OP(=O)([O-])[O-]	ent-copal-8-ol diphosphate	C/C(=C\COP(=O)([O-])OP(=O)([O-])[O-])CC[C@H]1[C@]2(C)CCCC(C)(C)[C@H]2CC[C@]1(C)O	di	True	marts_R00340	False	True	True
CC(C)=CCCC(C)=CCCC(C)=CCCC(C)=CCOP(=O)([O-])OP(=O)([O-])[O-]>>CC(=CCOP(=O)([O-])OP(=O)([O-])[O-])CCC1C(C)=CCC2C(C)(C)CCCC12C	CC(C)=CCCC(C)=CCCC(C)=CCCC(C)=CCOP(=O)([O-])OP(=O)([O-])[O-]>>CC(=CCOP(=O)([O-])OP(=O)([O-])[O-])CCC1C(C)=CCC2C(C)(C)CCCC12C	(2E,6E,10E)-GGPP	CC(C)=CCC/C(C)=C/CC/C(C)=C/CC/C(C)=C/COP(=O)([O-])OP(=O)([O-])[O-]	(5S,9S,10S,13E)-labda-7,13-dien-15-yl diphosphate	CC1=CC[C@H]2C(C)(C)CCC[C@]2(C)[C@H]1CC/C(C)=C/COP(=O)([O-])OP(=O)([O-])[O-]	di	True	marts_R00244	True	True	True
CC(C)=CCCC(C)=CCCC(C)=CCCC(C)=CCOP(=O)([O-])OP(=O)([O-])[O-]>>CC(C)=C1CCC(C)C2CCC(C)C3=C(C(C)CC3)C12	CC(C)=CCCC(C)=CCCC(C)=CCCC(C)=CCOP(=O)([O-])OP(=O)([O-])[O-]>>CC(C)=C1CCC(C)C2CCC(C)C3=C(C(C)CC3)C12	(2E,6E,10E)-GGPP	CC(C)=CCC/C(C)=C/CC/C(C)=C/CC/C(C)=C/COP(=O)([O-])OP(=O)([O-])[O-]	isocatenula-2(6),14-diene	CC(C)=C1CCC(C)[C@H]2CCC(C)C3=C(C(C)CC3)[C@@H]12	di	True	marts_R00389	False	False	False
CC(C)=CCCC(C)=CCCC(C)=CCCC(C)=CCOP(=O)([O-])OP(=O)([O-])[O-]>>CC(C)=C1CCC(C)C2CCC(C)C3CCC(C)=C3C12	CC(C)=CCCC(C)=CCCC(C)=CCCC(C)=CCOP(=O)([O-])OP(=O)([O-])[O-]>>CC(C)=C1CCC(C)C2CCC(C)C3CCC(C)=C3C12	(2E,6E,10E)-GGPP	CC(C)=CCC/C(C)=C/CC/C(C)=C/CC/C(C)=C/COP(=O)([O-])OP(=O)([O-])[O-]	isocatenula-2,14-diene	CC(C)=C1CCC(C)[C@H]2CCC(C)[C@@H]3CCC(C)=C3[C@@H]12	di	True	marts_R00390	False	False	False
CC(C)=CCCC(C)=CCCC(C)=CCCC(C)=CCOP(=O)([O-])OP(=O)([O-])[O-]>>CC(C)=C1CCC(C)C2CCC3(C)C(O)CCC(C)C3C12	CC(C)=CCCC(C)=CCCC(C)=CCCC(C)=CCOP(=O)([O-])OP(=O)([O-])[O-]>>CC(C)=C1CCC(C)C2CCC3(C)C(O)CCC(C)C3C12	(2E,6E,10E)-GGPP	CC(C)=CCC/C(C)=C/CC/C(C)=C/CC/C(C)=C/COP(=O)([O-])OP(=O)([O-])[O-]	catenul-14-en-6-ol	CC(C)=C1CCC(C)[C@H]2CC[C@]3(C)[C@@H]([C@@H]12)[C@H](C)CC[C@H]3O	di	True	marts_R00388	False	False	False
CC(C)=CCCC(C)=CCCC(C)=CCCC(C)=CCOP(=O)([O-])OP(=O)([O-])[O-]>>CC(C)=CCC=C(C)C1CCC2(C)CC=C(C)CCC12	CC(C)=CCCC(C)=CCCC(C)=CCCC(C)=CCOP(=O)([O-])OP(=O)([O-])[O-]>>CC(C)=CCC=C(C)C1CCC2(C)CC=C(C)CCC12	(2E,6E,10E)-GGPP	CC(C)=CCC/C(C)=C/CC/C(C)=C/CC/C(C)=C/COP(=O)([O-])OP(=O)([O-])[O-]	pseudolaratriene	CC(C)=CC/C=C(/C)[C@@H]1CC[C@@]2(C)CC=C(C)CC[C@H]12	di	True	marts_R00330	False	True	True
CC(C)=CCCC(C)=CCCC(C)=CCCC(C)=CCOP(=O)([O-])OP(=O)([O-])[O-]>>CC(C)=CCCC(C)=C1C=C2C(C)CCCC2(C)CC1	CC(C)=CCCC(C)=CCCC(C)=CCCC(C)=CCOP(=O)([O-])OP(=O)([O-])[O-]>>CC(C)=CCCC(C)=C1C=C2C(C)CCCC2(C)CC1	(2E,6E,10E)-GGPP	CC(C)=CCC/C(C)=C/CC/C(C)=C/CC/C(C)=C/COP(=O)([O-])OP(=O)([O-])[O-]	clavulatriene B	CC(C)=CCC/C(C)=C1/C=C2[C@@H](C)CCC[C@]2(C)CC1	di	True	no_mechanism	False	False	False
CC(C)=CCCC(C)=CCCC(C)=CCCC(C)=CCOP(=O)([O-])OP(=O)([O-])[O-]>>CC(C)=CCCC(C)=C1CC=C(C)CCC=C(C)CC1	CC(C)=CCCC(C)=CCCC(C)=CCCC(C)=CCOP(=O)([O-])OP(=O)([O-])[O-]>>CC(C)=CCCC(C)=C1CC=C(C)CCC=C(C)CC1	(2E,6E,10E)-GGPP	CC(C)=CCC/C(C)=C/CC/C(C)=C/CC/C(C)=C/COP(=O)([O-])OP(=O)([O-])[O-]	prenylgermacrene B	CC(C)=CCC/C(C)=C1/C/C=C(\C)CC/C=C(\C)CC1	di	True	no_mechanism	False	False	False
CC(C)=CCCC(C)=CCCC(C)=CCCC(C)=CCOP(=O)([O-])OP(=O)([O-])[O-]>>CC(C)=CCCC(C)=CCCC(C)=C1CC=C(C)CC1	CC(C)=CCCC(C)=CCCC(C)=CCCC(C)=CCOP(=O)([O-])OP(=O)([O-])[O-]>>CC(C)=CCCC(C)=CCCC(C)=C1CC=C(C)CC1	nerylneryl diphosphate	CC(C)=CCC/C(C)=C\CC/C(C)=C\CC/C(C)=C\COP(=O)([O-])OP(=O)([O-])[O-]	9-neryl-4E-terpinolene	CC(C)=CCC/C(C)=C\CC/C(C)=C1\CC=C(C)CC1	di	True	marts_R00499	False	False	False
CC(C)=CCCC(C)=CCCC(C)=CCCC(C)=CCOP(=O)([O-])OP(=O)([O-])[O-]>>CC(C)=CCCC(C)=CCCC(C)=CCCC(C)=CC1C(COP(=O)(O)OP(=O)(O)O)C1(C)CCC=C(C)CCC=C(C)CCC=C(C)C	CC(C)=CCCC(C)=CCCC(C)=CCCC(C)=CCOP(=O)([O-])OP(=O)([O-])[O-]>>CC(C)=CCCC(C)=CCCC(C)=CCCC(C)=CC1C(COP(=O)(O)OP(=O)(O)O)C1(C)CCC=C(C)CCC=C(C)CCC=C(C)C	(2E,6E,10E)-GGPP	CC(C)=CCC/C(C)=C/CC/C(C)=C/CC/C(C)=C/COP(=O)([O-])OP(=O)([O-])[O-]	prephytoene diphosphate	CC(C)=CCC/C(C)=C/CC/C(C)=C/CC/C(C)=C/C1C(COP(=O)(O)OP(=O)(O)O)C1(C)CC/C=C(\C)CC/C=C(\C)CCC=C(C)C	tetra	True	no_mechanism	False	False	False
CC(C)=CCCC(C)=CCCC(C)=CCCC(C)=CCOP(=O)([O-])OP(=O)([O-])[O-]>>CC(C)=CCCC(C)=CCCC(C)=CCCC(C)=CC=CC=C(C)CCC=C(C)CCC=C(C)CCC=C(C)C	CC(C)=CCCC(C)=CCCC(C)=CCCC(C)=CCOP(=O)([O-])OP(=O)([O-])[O-]>>CC(C)=CCCC(C)=CCCC(C)=CCCC(C)=CC=CC=C(C)CCC=C(C)CCC=C(C)CCC=C(C)C	(2E,6E,10E)-GGPP	CC(C)=CCC/C(C)=C/CC/C(C)=C/CC/C(C)=C/COP(=O)([O-])OP(=O)([O-])[O-]	15-cis-phytoene	CC(C)=CCC/C(C)=C/CC/C(C)=C/CC/C(C)=C/C=C\C=C(/C)CC/C=C(\C)CC/C=C(\C)CCC=C(C)C	psy	True	no_mechanism	False	False	False
CC(C)=CCCC(C)=CCCC(C)=CCCC(C)=CCOP(=O)([O-])OP(=O)([O-])[O-]>>CC(C)=CCCC(C)=CCCC(C)=CCCC(C)=CCCC=C(C)CCC=C(C)CCC=C(C)CCC=C(C)C	CC(C)=CCCC(C)=CCCC(C)=CCCC(C)=CCOP(=O)([O-])OP(=O)([O-])[O-]>>CC(C)=CCCC(C)=CCCC(C)=CCCC(C)=CCCC=C(C)CCC=C(C)CCC=C(C)CCC=C(C)C	(2E,6E,10E)-GGPP	CC(C)=CCC/C(C)=C/CC/C(C)=C/CC/C(C)=C/COP(=O)([O-])OP(=O)([O-])[O-]	lycopaoctaene	CC(C)=CCC/C(C)=C/CC/C(C)=C/CC/C(C)=C/CC/C=C(\C)CC/C=C(\C)CC/C=C(\C)CCC=C(C)C	sqs	True	no_mechanism	False	False	False
CC(C)=CCCC(C)=CCCC(C)=CCCC(C)=CCOP(=O)([O-])OP(=O)([O-])[O-]>>CC(C)=CCCC(C)=CCCC(C)=CCCC(C)=CCO	CC(C)=CCCC(C)=CCCC(C)=CCCC(C)=CCOP(=O)([O-])OP(=O)([O-])[O-]>>CC(C)=CCCC(C)=CCCC(C)=CCCC(C)=CCO	(2E,6E,10E)-GGPP	CC(C)=CCC/C(C)=C/CC/C(C)=C/CC/C(C)=C/COP(=O)([O-])OP(=O)([O-])[O-]	geranylgeraniol	CC(C)=CCCC(C)=CCCC(C)=CCCC(C)=CCO	di	True	marts_R00294	False	False	False
CC(C)=CCCC(C)=CCCC(C)=CCCC(C)=CCOP(=O)([O-])OP(=O)([O-])[O-]>>CC(C)=CCCC(C)=CCCC(C)C1=CCC(C)=CC1	CC(C)=CCCC(C)=CCCC(C)=CCCC(C)=CCOP(=O)([O-])OP(=O)([O-])[O-]>>CC(C)=CCCC(C)=CCCC(C)C1=CCC(C)=CC1	(2E,6E,10E)-GGPP	CC(C)=CCC/C(C)=C/CC/C(C)=C/CC/C(C)=C/COP(=O)([O-])OP(=O)([O-])[O-]	monoprenyl-β-curcumene	CC(C)=CCC/C(C)=C/CC[C@H](C)C1=CCC(C)=CC1	di	True	no_mechanism	False	False	False
CC(C)=CCCC(C)=CCCC(C)=CCCC(C)=CCOP(=O)([O-])OP(=O)([O-])[O-]>>CC(C)=CCCC(C)=CCCC1(C)C2CC3C(C2)C31C	CC(C)=CCCC(C)=CCCC(C)=CCCC(C)=CCOP(=O)([O-])OP(=O)([O-])[O-]>>CC(C)=CCCC(C)=CCCC1(C)C2CC3C(C2)C31C	nerylneryl diphosphate	CC(C)=CCC/C(C)=C\CC/C(C)=C\CC/C(C)=C\COP(=O)([O-])OP(=O)([O-])[O-]	lycosantalene	CC(C)=CCC/C(C)=C\CCC1(C)C2CC3C(C2)C31C	di	True	marts_R00218	False	False	False
CC(C)=CCCC(C)=CCCC(C)=CCCC(C)=CCOP(=O)([O-])OP(=O)([O-])[O-]>>CC(C)=CCCC(C)C1CCC(C)=C2CCC(C)=CC21	CC(C)=CCCC(C)=CCCC(C)=CCCC(C)=CCOP(=O)([O-])OP(=O)([O-])[O-]>>CC(C)=CCCC(C)C1CCC(C)=C2CCC(C)=CC21	(2E,6E,10E)-GGPP	CC(C)=CCC/C(C)=C/CC/C(C)=C/CC/C(C)=C/COP(=O)([O-])OP(=O)([O-])[O-]	isoelisabethatriene B	CC(C)=CCCC(C)C1CCC(C)=C2CCC(C)=CC21	di	True	marts_R00351	False	False	False
CC(C)=CCCC(C)=CCCC(C)=CCCC(C)=CCOP(=O)([O-])OP(=O)([O-])[O-]>>CC(C)=CCCC(C)C1CCC(C)C2=C1C=C(C)CC2	CC(C)=CCCC(C)=CCCC(C)=CCCC(C)=CCOP(=O)([O-])OP(=O)([O-])[O-]>>CC(C)=CCCC(C)C1CCC(C)C2=C1C=C(C)CC2	(2E,6E,10E)-GGPP	CC(C)=CCC/C(C)=C/CC/C(C)=C/CC/C(C)=C/COP(=O)([O-])OP(=O)([O-])[O-]	isoelisabethatriene	CC(C)=CCC[C@@H](C)[C@@H]1CC[C@@H](C)C2=C1C=C(C)CC2	di	True	marts_R00350	False	True	True
CC(C)=CCCC(C)=CCCC(C)=CCCC(C)=CCOP(=O)([O-])OP(=O)([O-])[O-]>>CC(C)=CCCC(C)C1CCC(C)C2CC=C(C)C=C21	CC(C)=CCCC(C)=CCCC(C)=CCCC(C)=CCOP(=O)([O-])OP(=O)([O-])[O-]>>CC(C)=CCCC(C)C1CCC(C)C2CC=C(C)C=C21	nerylneryl diphosphate	CC(C)=CCC/C(C)=C\CC/C(C)=C\CC/C(C)=C\COP(=O)([O-])OP(=O)([O-])[O-]	dihydroserrulatene	CC(C)=CCC[C@H](C)[C@@H]1CC[C@@H](C)[C@H]2CC=C(C)C=C12	di	True	no_mechanism	False	False	False
CC(C)=CCCC(C)=CCCC(C)=CCCC(C)=CCOP(=O)([O-])OP(=O)([O-])[O-]>>CC(C)=CCCC(C)C1CCC(C)c2ccc(C)cc21	CC(C)=CCCC(C)=CCCC(C)=CCCC(C)=CCOP(=O)([O-])OP(=O)([O-])[O-]>>CC(C)=CCCC(C)C1CCC(C)c2ccc(C)cc21	nerylneryl diphosphate	CC(C)=CCC/C(C)=C\CC/C(C)=C\CC/C(C)=C\COP(=O)([O-])OP(=O)([O-])[O-]	serrulatane	CC(C)=CCC[C@H](C)[C@@H]1CC[C@@H](C)c2ccc(C)cc21	di	True	no_mechanism	False	False	False
CC(C)=CCCC(C)=CCCC(C)=CCCC(C)=CCOP(=O)([O-])OP(=O)([O-])[O-]>>CC(C)=CCCC1(C)C2C=C(C)CCC=C(C)CCC21	CC(C)=CCCC(C)=CCCC(C)=CCCC(C)=CCOP(=O)([O-])OP(=O)([O-])[O-]>>CC(C)=CCCC1(C)C2C=C(C)CCC=C(C)CCC21	(2E,6E,10E)-GGPP	CC(C)=CCC/C(C)=C/CC/C(C)=C/CC/C(C)=C/COP(=O)([O-])OP(=O)([O-])[O-]	cneorubyn Y	CC(C)=CCC[C@@]1(C)[C@@H]2/C=C(\C)CC/C=C(\C)CC[C@@H]21	di	True	marts_R00383	False	False	False
CC(C)=CCCC(C)=CCCC(C)=CCCC(C)=CCOP(=O)([O-])OP(=O)([O-])[O-]>>CC(C)=CCCC1(C)CCC(C)=CCCC(C)(O)C2CC21	CC(C)=CCCC(C)=CCCC(C)=CCCC(C)=CCOP(=O)([O-])OP(=O)([O-])[O-]>>CC(C)=CCCC1(C)CCC(C)=CCCC(C)(O)C2CC21	(2E,6E,10E)-GGPP	CC(C)=CCC/C(C)=C/CC/C(C)=C/CC/C(C)=C/COP(=O)([O-])OP(=O)([O-])[O-]	Palmatol	CC(C)=CCC[C@]1(C)CC/C(C)=C/CC[C@@](C)(O)[C@@H]2C[C@H]21	di	True	marts_R00476	False	False	False
CC(C)=CCCC(C)=CCCC(C)=CCCC(C)=CCOP(=O)([O-])OP(=O)([O-])[O-]>>CC(C)C1=CC23C(O)C(C)CCC2(C)CCC3C(C)CC1	CC(C)=CCCC(C)=CCCC(C)=CCCC(C)=CCOP(=O)([O-])OP(=O)([O-])[O-]>>CC(C)C1=CC23C(O)C(C)CCC2(C)CCC3C(C)CC1	(2E,6E,10E)-GGPP	CC(C)=CCC/C(C)=C/CC/C(C)=C/CC/C(C)=C/COP(=O)([O-])OP(=O)([O-])[O-]	salbirenol	CC(C)C1=C[C@@]23[C@H](CC[C@]2(C)CC[C@H](C)[C@@H]3O)[C@@H](C)CC1	di	True	no_mechanism	False	False	False
CC(C)=CCCC(C)=CCCC(C)=CCCC(C)=CCOP(=O)([O-])OP(=O)([O-])[O-]>>CC(C)C1CCC2(C)CC3C(C)CCC3C(C)(O)CC=C12	CC(C)=CCCC(C)=CCCC(C)=CCCC(C)=CCOP(=O)([O-])OP(=O)([O-])[O-]>>CC(C)C1CCC2(C)CC3C(C)CCC3C(C)(O)CC=C12	(2E,6E,10E)-GGPP	CC(C)=CCC/C(C)=C/CC/C(C)=C/CC/C(C)=C/COP(=O)([O-])OP(=O)([O-])[O-]	cyclooctat-9-en-7-ol	CC(C)[C@H]1CC[C@]2(C)C[C@@H]3[C@H](C)CC[C@H]3[C@@](C)(O)C/C=C/12	di	True	marts_R00248	False	True	True
CC(C)=CCCC(C)=CCCC(C)=CCCC(C)=CCOP(=O)([O-])OP(=O)([O-])[O-]>>CC(C)C1CCC23C4C(O)C(C)CCC42C(C)CCC13C	CC(C)=CCCC(C)=CCCC(C)=CCCC(C)=CCOP(=O)([O-])OP(=O)([O-])[O-]>>CC(C)C1CCC23C4C(O)C(C)CCC42C(C)CCC13C	(2E,6E,10E)-GGPP	CC(C)=CCC/C(C)=C/CC/C(C)=C/CC/C(C)=C/COP(=O)([O-])OP(=O)([O-])[O-]	peyssonnosol	CC(C)[C@@H]1CC[C@@]23[C@H]4[C@H](O)[C@@H](C)CC[C@]42[C@H](C)CC[C@@]13C	di	True	marts_R00474	False	False	False
CC(C)=CCCC(C)=CCCC(C)=CCCC(C)=CCOP(=O)([O-])OP(=O)([O-])[O-]>>CC1=C2C=C3CCC(C(C)C)C3(C)CCC2(C)CCC1	CC(C)=CCCC(C)=CCCC(C)=CCCC(C)=CCOP(=O)([O-])OP(=O)([O-])[O-]>>CC1=C2C=C3CCC(C(C)C)C3(C)CCC2(C)CCC1	(2E,6E,10E)-GGPP	CC(C)=CCC/C(C)=C/CC/C(C)=C/CC/C(C)=C/COP(=O)([O-])OP(=O)([O-])[O-]	guanacasta-1,3-diene	CC1=C2C=C3CC[C@H](C(C)C)[C@@]3(C)CC[C@]2(C)CCC1	di	True	marts_R00016	False	False	False
CC(C)=CCCC(C)=CCCC(C)=CCCC(C)=CCOP(=O)([O-])OP(=O)([O-])[O-]>>CC1=C2CC3(C)CCC(C(C)C)=C3CCC(C)C2CC1	CC(C)=CCCC(C)=CCCC(C)=CCCC(C)=CCOP(=O)([O-])OP(=O)([O-])[O-]>>CC1=C2CC3(C)CCC(C(C)C)=C3CCC(C)C2CC1	(2E,6E,10E)-GGPP	CC(C)=CCC/C(C)=C/CC/C(C)=C/CC/C(C)=C/COP(=O)([O-])OP(=O)([O-])[O-]	fusicocca-2,10(14)-diene	CC1=C2C[C@@]3(C)CCC(C(C)C)=C3CC[C@H](C)[C@@H]2CC1	di	True	marts_R00247	False	True	True
CC(C)=CCCC(C)=CCCC(C)=CCCC(C)=CCOP(=O)([O-])OP(=O)([O-])[O-]>>CC1=C2CC3(C)CCC(C)(C)C3C3CCC(C)C23CC1	CC(C)=CCCC(C)=CCCC(C)=CCCC(C)=CCOP(=O)([O-])OP(=O)([O-])[O-]>>CC1=C2CC3(C)CCC(C)(C)C3C3CCC(C)C23CC1	(2E,6E,10E)-GGPP	CC(C)=CCC/C(C)=C/CC/C(C)=C/CC/C(C)=C/COP(=O)([O-])OP(=O)([O-])[O-]	allokutznerene	CC1=C2C[C@@]3(C)CCC(C)(C)[C@H]3[C@@H]3CC[C@H](C)[C@]23CC1	di	True	marts_R00504	False	True	True
CC(C)=CCCC(C)=CCCC(C)=CCCC(C)=CCOP(=O)([O-])OP(=O)([O-])[O-]>>CC1=C2CCC(C)C23CC2(C)CCC(C)(C)C2C3CC1	CC(C)=CCCC(C)=CCCC(C)=CCCC(C)=CCOP(=O)([O-])OP(=O)([O-])[O-]>>CC1=C2CCC(C)C23CC2(C)CCC(C)(C)C2C3CC1	(2E,6E,10E)-GGPP	CC(C)=CCC/C(C)=C/CC/C(C)=C/CC/C(C)=C/COP(=O)([O-])OP(=O)([O-])[O-]	phomopsene	CC1=C2CC[C@H](C)[C@]23C[C@@]2(C)CCC(C)(C)[C@H]2[C@@H]3CC1	di	True	marts_R00153	False	False	False
CC(C)=CCCC(C)=CCCC(C)=CCCC(C)=CCOP(=O)([O-])OP(=O)([O-])[O-]>>CC1=C2CCC(C)C2C23CCC(C(C)C)C2(C)CCC13	CC(C)=CCCC(C)=CCCC(C)=CCCC(C)=CCOP(=O)([O-])OP(=O)([O-])[O-]>>CC1=C2CCC(C)C2C23CCC(C(C)C)C2(C)CCC13	(2E,6E,10E)-GGPP	CC(C)=CCC/C(C)=C/CC/C(C)=C/CC/C(C)=C/COP(=O)([O-])OP(=O)([O-])[O-]	tetraisoquinene	CC1=C2CC[C@H](C)[C@@H]2[C@@]23CC[C@@H](C(C)C)[C@]2(C)CC[C@@H]13	di	True	marts_R00469	False	False	False
CC(C)=CCCC(C)=CCCC(C)=CCCC(C)=CCOP(=O)([O-])OP(=O)([O-])[O-]>>CC1=C2CCC3(C)C2C2C(CC1)C(C)CCC2C3(C)C	CC(C)=CCCC(C)=CCCC(C)=CCCC(C)=CCOP(=O)([O-])OP(=O)([O-])[O-]>>CC1=C2CCC3(C)C2C2C(CC1)C(C)CCC2C3(C)C	(2E,6E,10E)-GGPP	CC(C)=CCC/C(C)=C/CC/C(C)=C/CC/C(C)=C/COP(=O)([O-])OP(=O)([O-])[O-]	venezuelaene A	CC1=C2CC[C@]3(C)[C@@H]2[C@@H]2[C@@H](CC1)[C@H](C)CC[C@@H]2C3(C)C	di	True	marts_R00470	False	False	False
CC(C)=CCCC(C)=CCCC(C)=CCCC(C)=CCOP(=O)([O-])OP(=O)([O-])[O-]>>CC1=CC23CCC4C(C)(C)CCCC4(C)C2CCC1C3	CC(C)=CCCC(C)=CCCC(C)=CCCC(C)=CCOP(=O)([O-])OP(=O)([O-])[O-]>>CC1=CC23CCC4C(C)(C)CCCC4(C)C2CCC1C3	(2E,6E,10E)-GGPP	CC(C)=CCC/C(C)=C/CC/C(C)=C/CC/C(C)=C/COP(=O)([O-])OP(=O)([O-])[O-]	ent-isokaurene	CC1=C[C@@]23CC[C@@H]4C(C)(C)CCC[C@@]4(C)[C@@H]2CC[C@@H]1C3	di	True	marts_R00342	False	False	False
CC(C)=CCCC(C)=CCCC(C)=CCCC(C)=CCOP(=O)([O-])OP(=O)([O-])[O-]>>CC1=CC2C(C(C)C)CCC(C)(O)C2CCC(C)=CCC1	CC(C)=CCCC(C)=CCCC(C)=CCCC(C)=CCOP(=O)([O-])OP(=O)([O-])[O-]>>CC1=CC2C(C(C)C)CCC(C)(O)C2CCC(C)=CCC1	(2E,6E,10E)-GGPP	CC(C)=CCC/C(C)=C/CC/C(C)=C/CC/C(C)=C/COP(=O)([O-])OP(=O)([O-])[O-]	klysimplexin R	C/C1=C/[C@@H]2[C@@H](C(C)C)CC[C@@](C)(O)[C@@H]2CC/C(C)=C/CC1	di	True	marts_R00029	False	False	False
CC(C)=CCCC(C)=CCCC(C)=CCCC(C)=CCOP(=O)([O-])OP(=O)([O-])[O-]>>CC1=CC2C(C(C)C)CCC(C)=C3CCC(C)C32CC1	CC(C)=CCCC(C)=CCCC(C)=CCCC(C)=CCOP(=O)([O-])OP(=O)([O-])[O-]>>CC1=CC2C(C(C)C)CCC(C)=C3CCC(C)C32CC1	(2E,6E,10E)-GGPP	CC(C)=CCC/C(C)=C/CC/C(C)=C/CC/C(C)=C/COP(=O)([O-])OP(=O)([O-])[O-]	bonnadiene	CC1=C[C@H]2[C@@H](C(C)C)CCC(C)=C3CC[C@@H](C)[C@@]32CC1	di	True	marts_R00503	False	True	True
CC(C)=CCCC(C)=CCCC(C)=CCCC(C)=CCOP(=O)([O-])OP(=O)([O-])[O-]>>CC1=CC2C(C(C)C)CCC(C)C23CCC(C)C3=CC1	CC(C)=CCCC(C)=CCCC(C)=CCCC(C)=CCOP(=O)([O-])OP(=O)([O-])[O-]>>CC1=CC2C(C(C)C)CCC(C)C23CCC(C)C3=CC1	(2E,6E,10E)-GGPP	CC(C)=CCC/C(C)=C/CC/C(C)=C/CC/C(C)=C/COP(=O)([O-])OP(=O)([O-])[O-]	wanjudiene	CC1=C[C@@H]2[C@H](C(C)C)CC[C@@H](C)[C@@]23CC[C@H](C)C3=CC1	di	True	marts_R00015	False	False	False
CC(C)=CCCC(C)=CCCC(C)=CCCC(C)=CCOP(=O)([O-])OP(=O)([O-])[O-]>>CC1=CC2C(CCC(C)=CCC1)C(C)CCC2(O)C(C)C	CC(C)=CCCC(C)=CCCC(C)=CCCC(C)=CCOP(=O)([O-])OP(=O)([O-])[O-]>>CC1=CC2C(CCC(C)=CCC1)C(C)CCC2(O)C(C)C	(2E,6E,10E)-GGPP	CC(C)=CCC/C(C)=C/CC/C(C)=C/CC/C(C)=C/COP(=O)([O-])OP(=O)([O-])[O-]	chitinol	C/C1=C\[C@@H]2[C@H](CC/C(C)=C/CC1)[C@@H](C)CC[C@]2(O)C(C)C	di	True	marts_R00481	False	False	False
CC(C)=CCCC(C)=CCCC(C)=CCCC(C)=CCOP(=O)([O-])OP(=O)([O-])[O-]>>CC1=CC2C3(C)CCC(C(C)C)C23CCC(C)=CCC1	CC(C)=CCCC(C)=CCCC(C)=CCCC(C)=CCOP(=O)([O-])OP(=O)([O-])[O-]>>CC1=CC2C3(C)CCC(C(C)C)C23CCC(C)=CCC1	(2E,6E,10E)-GGPP	CC(C)=CCC/C(C)=C/CC/C(C)=C/CC/C(C)=C/COP(=O)([O-])OP(=O)([O-])[O-]	luchudiene	C/C1=C\C2C3(C)CCC(C(C)C)C23CC/C(C)=C/CC1	di	True	marts_R00380	False	False	False
CC(C)=CCCC(C)=CCCC(C)=CCCC(C)=CCOP(=O)([O-])OP(=O)([O-])[O-]>>CC1=CC2C3(CC1)C(C)CCC1(C)C(C(C)C)CCC213	CC(C)=CCCC(C)=CCCC(C)=CCCC(C)=CCOP(=O)([O-])OP(=O)([O-])[O-]>>CC1=CC2C3(CC1)C(C)CCC1(C)C(C(C)C)CCC213	(2E,6E,10E)-GGPP	CC(C)=CCC/C(C)=C/CC/C(C)=C/CC/C(C)=C/COP(=O)([O-])OP(=O)([O-])[O-]	peysonnosene	CC1=C[C@H]2[C@]3(CC1)[C@H](C)CC[C@@]1(C)[C@H](C(C)C)CC[C@@]231	di	True	no_mechanism	False	False	False
CC(C)=CCCC(C)=CCCC(C)=CCCC(C)=CCOP(=O)([O-])OP(=O)([O-])[O-]>>CC1=CC=C(C(C)C)CCC(C)=CCCC(C)=CCC1	CC(C)=CCCC(C)=CCCC(C)=CCCC(C)=CCOP(=O)([O-])OP(=O)([O-])[O-]>>CC1=CC=C(C(C)C)CCC(C)=CCCC(C)=CCC1	(2E,6E,10E)-GGPP	CC(C)=CCC/C(C)=C/CC/C(C)=C/CC/C(C)=C/COP(=O)([O-])OP(=O)([O-])[O-]	beta-pinacene	C/C1=C/C=C(/C(C)C)CC/C(C)=C/CC/C(C)=C/CC1	di	True	marts_R00347	False	False	False
CC(C)=CCCC(C)=CCCC(C)=CCCC(C)=CCOP(=O)([O-])OP(=O)([O-])[O-]>>CC1=CCC(C(C)C)C12CCC1(C)C3CCC(C)C3C12	CC(C)=CCCC(C)=CCCC(C)=CCCC(C)=CCOP(=O)([O-])OP(=O)([O-])[O-]>>CC1=CCC(C(C)C)C12CCC1(C)C3CCC(C)C3C12	(2E,6E,10E)-GGPP	CC(C)=CCC/C(C)=C/CC/C(C)=C/CC/C(C)=C/COP(=O)([O-])OP(=O)([O-])[O-]	spiroluchuene B	CC1=CCC(C(C)C)[C@@]12CCC1(C)C3CCC(C)C3C12	di	True	marts_R00379	False	False	False
CC(C)=CCCC(C)=CCCC(C)=CCCC(C)=CCOP(=O)([O-])OP(=O)([O-])[O-]>>CC1=CCC2(C)C(CCC2C(C)C)CC2C1=CCC2C	CC(C)=CCCC(C)=CCCC(C)=CCCC(C)=CCOP(=O)([O-])OP(=O)([O-])[O-]>>CC1=CCC2(C)C(CCC2C(C)C)CC2C1=CCC2C	(2E,6E,10E)-GGPP	CC(C)=CCC/C(C)=C/CC/C(C)=C/CC/C(C)=C/COP(=O)([O-])OP(=O)([O-])[O-]	collinodiene	C/C1=C/C[C@@]2(C)[C@@H](CC[C@@H]2C(C)C)C[C@H]2C1=CC[C@H]2C	di	True	marts_R00363	False	False	False
CC(C)=CCCC(C)=CCCC(C)=CCCC(C)=CCOP(=O)([O-])OP(=O)([O-])[O-]>>CC1=CCC2(C)CC=C(C(C)C)C2CCC(C)=CCC1	CC(C)=CCCC(C)=CCCC(C)=CCCC(C)=CCOP(=O)([O-])OP(=O)([O-])[O-]>>CC1=CCC2(C)CC=C(C(C)C)C2CCC(C)=CCC1	(2E,6E,10E)-GGPP	CC(C)=CCC/C(C)=C/CC/C(C)=C/CC/C(C)=C/COP(=O)([O-])OP(=O)([O-])[O-]	dolabella-3,7,12-triene	C/C1=C\C[C@@]2(C)CC=C(C(C)C)[C@@H]2CC/C(C)=C/CC1	di	True	marts_R00362	False	False	False
CC(C)=CCCC(C)=CCCC(C)=CCCC(C)=CCOP(=O)([O-])OP(=O)([O-])[O-]>>CC1=CCC2(C)CCC(C(C)(C)O)C2CCC(C)=CCC1	CC(C)=CCCC(C)=CCCC(C)=CCCC(C)=CCOP(=O)([O-])OP(=O)([O-])[O-]>>CC1=CCC2(C)CCC(C(C)(C)O)C2CCC(C)=CCC1	(2E,6E,10E)-GGPP	CC(C)=CCC/C(C)=C/CC/C(C)=C/CC/C(C)=C/COP(=O)([O-])OP(=O)([O-])[O-]	(3E,7E)-dolabella-3,7-dien-18-ol	C/C1=C\C[C@@]2(C)CC[C@@H](C(C)(C)O)[C@@H]2CC/C(C)=C/CC1	di	True	marts_R00100	False	True	True
CC(C)=CCCC(C)=CCCC(C)=CCCC(C)=CCOP(=O)([O-])OP(=O)([O-])[O-]>>CC1=CCC2(C)CCC(C(C)C)=C2CCC(C)=CCC1	CC(C)=CCCC(C)=CCCC(C)=CCCC(C)=CCOP(=O)([O-])OP(=O)([O-])[O-]>>CC1=CCC2(C)CCC(C(C)C)=C2CCC(C)=CCC1	(2E,6E,10E)-GGPP	CC(C)=CCC/C(C)=C/CC/C(C)=C/CC/C(C)=C/COP(=O)([O-])OP(=O)([O-])[O-]	delta-araneosene	C/C1=C\C[C@@]2(C)CCC(C(C)C)=C2CC/C(C)=C/CC1	di	True	marts_R00152	False	True	True
CC(C)=CCCC(C)=CCCC(C)=CCCC(C)=CCOP(=O)([O-])OP(=O)([O-])[O-]>>CC1=CCC2(C)CCC(C)(C)C=C2CCC(C)=CCC1	CC(C)=CCCC(C)=CCCC(C)=CCCC(C)=CCOP(=O)([O-])OP(=O)([O-])[O-]>>CC1=CCC2(C)CCC(C)(C)C=C2CCC(C)=CCC1	(2E,6E,10E)-GGPP	CC(C)=CCC/C(C)=C/CC/C(C)=C/CC/C(C)=C/COP(=O)([O-])OP(=O)([O-])[O-]	(3E,7E)-dolathalia-3,7,11-triene	C/C1=C\CC2(C)CCC(C)(C)C=C2CC/C(C)=C/CC1	di	True	marts_R00337	False	True	True
CC(C)=CCCC(C)=CCCC(C)=CCCC(C)=CCOP(=O)([O-])OP(=O)([O-])[O-]>>CC1=CCC2=C(C(C)C)CCC2(C)CC2C(C)CCC12	CC(C)=CCCC(C)=CCCC(C)=CCCC(C)=CCOP(=O)([O-])OP(=O)([O-])[O-]>>CC1=CCC2=C(C(C)C)CCC2(C)CC2C(C)CCC12	(2E,6E,10E)-GGPP	CC(C)=CCC/C(C)=C/CC/C(C)=C/CC/C(C)=C/COP(=O)([O-])OP(=O)([O-])[O-]	(-)-2R,3S,6R,7Z,10Z,11S-cyclooctat-7(8),10(14)-diene	C/C1=C/CC2=C(C(C)C)CC[C@@]2(C)C[C@@H]2[C@@H](C)CC[C@@H]12	di	True	no_mechanism	False	False	False
CC(C)=CCCC(C)=CCCC(C)=CCCC(C)=CCOP(=O)([O-])OP(=O)([O-])[O-]>>CC1=CCC2=C(C)C(C)(CCC(C)=CCC1)C(C)CC2	CC(C)=CCCC(C)=CCCC(C)=CCCC(C)=CCOP(=O)([O-])OP(=O)([O-])[O-]>>CC1=CCC2=C(C)C(C)(CCC(C)=CCC1)C(C)CC2	(2E,6E,10E)-GGPP	CC(C)=CCC/C(C)=C/CC/C(C)=C/CC/C(C)=C/COP(=O)([O-])OP(=O)([O-])[O-]	phomacta-1(15),3,7-triene	CC1=C2C/C=C(\C)CC/C=C(\C)CC[C@@]1(C)[C@H](C)CC2	di	True	marts_R00366	False	False	False
CC(C)=CCCC(C)=CCCC(C)=CCCC(C)=CCOP(=O)([O-])OP(=O)([O-])[O-]>>CC1=CCC2=C(C)CCC(CC=C(C)CCC1)C2(C)C	CC(C)=CCCC(C)=CCCC(C)=CCCC(C)=CCOP(=O)([O-])OP(=O)([O-])[O-]>>CC1=CCC2=C(C)CCC(CC=C(C)CCC1)C2(C)C	(2E,6E,10E)-GGPP	CC(C)=CCC/C(C)=C/CC/C(C)=C/CC/C(C)=C/COP(=O)([O-])OP(=O)([O-])[O-]	sobralene	CC1=C2C/C=C(/C)CCC/C(C)=C/CC(CC1)C2(C)C	di	True	marts_R00404	False	False	False
CC(C)=CCCC(C)=CCCC(C)=CCCC(C)=CCOP(=O)([O-])OP(=O)([O-])[O-]>>CC1=CCC2=CC(C)(C)CCC2(C)CC2C(C)CCC12	CC(C)=CCCC(C)=CCCC(C)=CCCC(C)=CCOP(=O)([O-])OP(=O)([O-])[O-]>>CC1=CCC2=CC(C)(C)CCC2(C)CC2C(C)CCC12	(2E,6E,10E)-GGPP	CC(C)=CCC/C(C)=C/CC/C(C)=C/CC/C(C)=C/COP(=O)([O-])OP(=O)([O-])[O-]	talarodiene	C/C1=C/CC2=CC(C)(C)CC[C@]2(C)C[C@H]2[C@@H](C)CC[C@@H]12	di	True	marts_R00287	False	True	True
CC(C)=CCCC(C)=CCCC(C)=CCCC(C)=CCOP(=O)([O-])OP(=O)([O-])[O-]>>CC1=CCC2C(C(C)(C)O)CCC2(C)CCC(C)=CCC1	CC(C)=CCCC(C)=CCCC(C)=CCCC(C)=CCOP(=O)([O-])OP(=O)([O-])[O-]>>CC1=CCC2C(C(C)(C)O)CCC2(C)CCC(C)=CCC1	(2E,6E,10E)-GGPP	CC(C)=CCC/C(C)=C/CC/C(C)=C/CC/C(C)=C/COP(=O)([O-])OP(=O)([O-])[O-]	18-hydroxydolabella-4,8-diene	C/C1=C\C[C@H]2[C@H](C(C)(C)O)CC[C@]2(C)CC/C(C)=C/CC1	di	True	marts_R00479	False	False	False
CC(C)=CCCC(C)=CCCC(C)=CCCC(C)=CCOP(=O)([O-])OP(=O)([O-])[O-]>>CC1=CCC2C(C(C)C)CCC2(C)CC2=C1CCC2C	CC(C)=CCCC(C)=CCCC(C)=CCCC(C)=CCOP(=O)([O-])OP(=O)([O-])[O-]>>CC1=CCC2C(C(C)C)CCC2(C)CC2=C1CCC2C	(2E,6E,10E)-GGPP	CC(C)=CCC/C(C)=C/CC/C(C)=C/CC/C(C)=C/COP(=O)([O-])OP(=O)([O-])[O-]	chrysodiene	CC1=CC[C@H]2[C@H](C(C)C)CC[C@]2(C)CC2=C1CC[C@H]2C	di	True	marts_R00475	False	False	False
CC(C)=CCCC(C)=CCCC(C)=CCCC(C)=CCOP(=O)([O-])OP(=O)([O-])[O-]>>CC1=CCC2C(C)(C)CCC2(C)C=C2C(C)CCC2C1	CC(C)=CCCC(C)=CCCC(C)=CCCC(C)=CCOP(=O)([O-])OP(=O)([O-])[O-]>>CC1=CCC2C(C)(C)CCC2(C)C=C2C(C)CCC2C1	(2E,6E,10E)-GGPP	CC(C)=CCC/C(C)=C/CC/C(C)=C/CC/C(C)=C/COP(=O)([O-])OP(=O)([O-])[O-]	tsukubadiene	C/C1=C/C[C@H]2C(C)(C)CC[C@]2(C)/C=C2\[C@@H](CC[C@@H]2C)C1	di	True	marts_R00207	False	True	True
CC(C)=CCCC(C)=CCCC(C)=CCCC(C)=CCOP(=O)([O-])OP(=O)([O-])[O-]>>CC1=CCC2C3C(C(C)C)CCC(C)C34CCC2(C)C14	CC(C)=CCCC(C)=CCCC(C)=CCCC(C)=CCOP(=O)([O-])OP(=O)([O-])[O-]>>CC1=CCC2C3C(C(C)C)CCC(C)C34CCC2(C)C14	(2E,6E,10E)-GGPP	CC(C)=CCC/C(C)=C/CC/C(C)=C/CC/C(C)=C/COP(=O)([O-])OP(=O)([O-])[O-]	spiroalbatene	CC1=CCC2C3C(C(C)C)CCC(C)C34CCC2(C)C14	di	True	marts_R00333	False	False	False
CC(C)=CCCC(C)=CCCC(C)=CCCC(C)=CCOP(=O)([O-])OP(=O)([O-])[O-]>>CC1=CCC2CC=C(C)C(CCC(C)=CCC1)C2(C)C	CC(C)=CCCC(C)=CCCC(C)=CCCC(C)=CCOP(=O)([O-])OP(=O)([O-])[O-]>>CC1=CCC2CC=C(C)C(CCC(C)=CCC1)C2(C)C	(2E,6E,10E)-GGPP	CC(C)=CCC/C(C)=C/CC/C(C)=C/CC/C(C)=C/COP(=O)([O-])OP(=O)([O-])[O-]	verticilla-3,7,12(13)-triene	CC1=CC[C@H]2C/C=C(\C)CC/C=C(\C)CC[C@H]1C2(C)C	di	True	marts_R00365	False	False	False
CC(C)=CCCC(C)=CCCC(C)=CCCC(C)=CCOP(=O)([O-])OP(=O)([O-])[O-]>>CC1=CCC2CCC(C)=C(CCC(C)=CCC1)C2(C)C	CC(C)=CCCC(C)=CCCC(C)=CCCC(C)=CCOP(=O)([O-])OP(=O)([O-])[O-]>>CC1=CCC2CCC(C)=C(CCC(C)=CCC1)C2(C)C	(2E,6E,10E)-GGPP	CC(C)=CCC/C(C)=C/CC/C(C)=C/CC/C(C)=C/COP(=O)([O-])OP(=O)([O-])[O-]	1S-verticilla-3,7,11(12)-triene	CC1=C2CC/C(C)=C/CC/C(C)=C/C[C@H](CC1)C2(C)C	di	True	marts_R00405	False	False	False
CC(C)=CCCC(C)=CCCC(C)=CCCC(C)=CCOP(=O)([O-])OP(=O)([O-])[O-]>>CC1=CCCC(C)(O)C=CC(C(C)C)CCC(C)=CCC1	CC(C)=CCCC(C)=CCCC(C)=CCCC(C)=CCOP(=O)([O-])OP(=O)([O-])[O-]>>CC1=CCCC(C)(O)C=CC(C(C)C)CCC(C)=CCC1	(2E,6E,10E)-GGPP	CC(C)=CCC/C(C)=C/CC/C(C)=C/CC/C(C)=C/COP(=O)([O-])OP(=O)([O-])[O-]	thunbergol	CC1=CCC[C@](C)(O)C=C[C@@H](C(C)C)CCC(C)=CCC1	di	True	marts_R00334	False	False	False
CC(C)=CCCC(C)=CCCC(C)=CCCC(C)=CCOP(=O)([O-])OP(=O)([O-])[O-]>>CC1=CCCC(C)(O)C=CC(C)(C)CCCC(C)=CCC1	CC(C)=CCCC(C)=CCCC(C)=CCCC(C)=CCOP(=O)([O-])OP(=O)([O-])[O-]>>CC1=CCCC(C)(O)C=CC(C)(C)CCCC(C)=CCC1	(2E,6E,10E)-GGPP	CC(C)=CCC/C(C)=C/CC/C(C)=C/CC/C(C)=C/COP(=O)([O-])OP(=O)([O-])[O-]	micromonocyclol	C/C1=C\CC[C@](C)(O)/C=C/C(C)(C)CCC/C(C)=C/CC1	di	True	marts_R00472	False	False	False
CC(C)=CCCC(C)=CCCC(C)=CCCC(C)=CCOP(=O)([O-])OP(=O)([O-])[O-]>>CC1=CCCC(C)=C2CC3(C)CCC(C)(C)C3C2CC1	CC(C)=CCCC(C)=CCCC(C)=CCCC(C)=CCOP(=O)([O-])OP(=O)([O-])[O-]>>CC1=CCCC(C)=C2CC3(C)CCC(C)(C)C3C2CC1	(2E,6E,10E)-GGPP	CC(C)=CCC/C(C)=C/CC/C(C)=C/CC/C(C)=C/COP(=O)([O-])OP(=O)([O-])[O-]	variediene	C/C1=C2\C[C@@]3(C)CCC(C)(C)[C@H]3[C@@H]2CC/C(C)=C/CC1	di	True	marts_R00292	False	True	True
CC(C)=CCCC(C)=CCCC(C)=CCCC(C)=CCOP(=O)([O-])OP(=O)([O-])[O-]>>CC1=CCCC(C)=CC2C(C(C)C)CCC2(C)C=CC1	CC(C)=CCCC(C)=CCCC(C)=CCCC(C)=CCOP(=O)([O-])OP(=O)([O-])[O-]>>CC1=CCCC(C)=CC2C(C(C)C)CCC2(C)C=CC1	(2E,6E,10E)-GGPP	CC(C)=CCC/C(C)=C/CC/C(C)=C/CC/C(C)=C/COP(=O)([O-])OP(=O)([O-])[O-]	chitino-2,5(6),9(10)-triene	C/C1=C\CC/C(C)=C/[C@@H]2[C@@H](C(C)C)CC[C@]2(C)/C=C/C1	di	True	no_mechanism	False	False	False
CC(C)=CCCC(C)=CCCC(C)=CCCC(C)=CCOP(=O)([O-])OP(=O)([O-])[O-]>>CC1=CCCC(C)=CC2C(CCC(C)=CCC1)C2(C)C	CC(C)=CCCC(C)=CCCC(C)=CCCC(C)=CCOP(=O)([O-])OP(=O)([O-])[O-]>>CC1=CCCC(C)=CC2C(CCC(C)=CCC1)C2(C)C	nerylneryl diphosphate	CC(C)=CCC/C(C)=C\CC/C(C)=C\CC/C(C)=C\COP(=O)([O-])OP(=O)([O-])[O-]	cis-casbene	C/C1=C/CC/C(C)=C\[C@H]2[C@H](CC/C(C)=C\CC1)C2(C)C	di	True	marts_R00497	False	True	True
CC(C)=CCCC(C)=CCCC(C)=CCCC(C)=CCOP(=O)([O-])OP(=O)([O-])[O-]>>CC1=CCCC(C)=CCC(=C(C)C)CCC(C)=CCC1	CC(C)=CCCC(C)=CCCC(C)=CCCC(C)=CCOP(=O)([O-])OP(=O)([O-])[O-]>>CC1=CCCC(C)=CCC(=C(C)C)CCC(C)=CCC1	(2E,6E,10E)-GGPP	CC(C)=CCC/C(C)=C/CC/C(C)=C/CC/C(C)=C/COP(=O)([O-])OP(=O)([O-])[O-]	cembrene C	CC(C)=C1C/C=C(\C)CC/C=C(\C)CC/C=C(\C)CC1	di	True	marts_R00028	False	True	True
CC(C)=CCCC(C)=CCCC(C)=CCCC(C)=CCOP(=O)([O-])OP(=O)([O-])[O-]>>CC1=CCCC(C)=CCC(C(C)(C)O)CCC(C)=CCC1	CC(C)=CCCC(C)=CCCC(C)=CCCC(C)=CCOP(=O)([O-])OP(=O)([O-])[O-]>>CC1=CCCC(C)=CCC(C(C)(C)O)CCC(C)=CCC1	(2E,6E,10E)-GGPP	CC(C)=CCC/C(C)=C/CC/C(C)=C/CC/C(C)=C/COP(=O)([O-])OP(=O)([O-])[O-]	(R)-nephthenol	C/C1=C\CC/C(C)=C/C[C@@H](C(C)(C)O)CC/C(C)=C/CC1	di	True	marts_R00192	False	True	True
CC(C)=CCCC(C)=CCCC(C)=CCCC(C)=CCOP(=O)([O-])OP(=O)([O-])[O-]>>CC1=CCCC2(C)CCC3(C)C(C)CCC4CC1C2C43	CC(C)=CCCC(C)=CCCC(C)=CCCC(C)=CCOP(=O)([O-])OP(=O)([O-])[O-]>>CC1=CCCC2(C)CCC3(C)C(C)CCC4CC1C2C43	(2E,6E,10E)-GGPP	CC(C)=CCC/C(C)=C/CC/C(C)=C/CC/C(C)=C/COP(=O)([O-])OP(=O)([O-])[O-]	cephalotene	CC1=CCC[C@@]2(C)CC[C@]3(C)[C@H]4[C@@H](CC[C@H]3C)C[C@H]1[C@H]42	di	True	marts_R00364	False	False	False
CC(C)=CCCC(C)=CCCC(C)=CCCC(C)=CCOP(=O)([O-])OP(=O)([O-])[O-]>>CC1=CCCC2(C)CCC3=C(C)CCC(CC12)C3(C)C	CC(C)=CCCC(C)=CCCC(C)=CCCC(C)=CCOP(=O)([O-])OP(=O)([O-])[O-]>>CC1=CCCC2(C)CCC3=C(C)CCC(CC12)C3(C)C	(2E,6E,10E)-GGPP	CC(C)=CCC/C(C)=C/CC/C(C)=C/CC/C(C)=C/COP(=O)([O-])OP(=O)([O-])[O-]	Taxa-4(5),11(12)-diene	CC1=CCC[C@@]2(C)CCC3=C(C)CC[C@@H](C[C@H]12)C3(C)C	di	True	marts_R00084	False	True	True
CC(C)=CCCC(C)=CCCC(C)=CCCC(C)=CCOP(=O)([O-])OP(=O)([O-])[O-]>>CC1CCC(C)C12CCC1C2=CC2(C)CCC(C)(C)C12	CC(C)=CCCC(C)=CCCC(C)=CCCC(C)=CCOP(=O)([O-])OP(=O)([O-])[O-]>>CC1CCC(C)C12CCC1C2=CC2(C)CCC(C)(C)C12	(2E,6E,10E)-GGPP	CC(C)=CCC/C(C)=C/CC/C(C)=C/CC/C(C)=C/COP(=O)([O-])OP(=O)([O-])[O-]	(−)-spiroviolene	C[C@@H]1CC[C@H](C)[C@@]12CC[C@@H]1C2=C[C@@]2(C)CCC(C)(C)[C@@H]12	di	True	marts_R00164	False	True	True
CC(C)=CCCC(C)=CCCC(C)=CCCC(C)=CCOP(=O)([O-])OP(=O)([O-])[O-]>>CC1CCC(O)C2(C)CCC3C4C(C)(C)CCC4(C)CC132	CC(C)=CCCC(C)=CCCC(C)=CCCC(C)=CCOP(=O)([O-])OP(=O)([O-])[O-]>>CC1CCC(O)C2(C)CCC3C4C(C)(C)CCC4(C)CC132	(2E,6E,10E)-GGPP	CC(C)=CCC/C(C)=C/CC/C(C)=C/CC/C(C)=C/COP(=O)([O-])OP(=O)([O-])[O-]	penichrysol	C[C@H]1CC[C@@H](O)[C@]2(C)CC[C@H]3[C@@H]4C(C)(C)CC[C@]4(C)C[C@]132	di	True	marts_R00022	False	True	True
CC(C)=CCCC(C)=CCCC(C)=CCCC(C)=CCOP(=O)([O-])OP(=O)([O-])[O-]>>CC1CCC2=C3CC4(C)CCC(C)(C)C4C3CCC21C	CC(C)=CCCC(C)=CCCC(C)=CCCC(C)=CCOP(=O)([O-])OP(=O)([O-])[O-]>>CC1CCC2=C3CC4(C)CCC(C)(C)C4C3CCC21C	(2E,6E,10E)-GGPP	CC(C)=CCC/C(C)=C/CC/C(C)=C/CC/C(C)=C/COP(=O)([O-])OP(=O)([O-])[O-]	cattleyene	C[C@@H]1CCC2=C3C[C@@]4(C)CCC(C)(C)[C@H]4[C@@H]3CC[C@]21C	di	True	marts_R00505	False	True	True
CC(C)=CCCC(C)=CCCC(C)=CCCC(C)=CCOP(=O)([O-])OP(=O)([O-])[O-]>>CC1CCC2C(C)CCC3C2C2=C1CCC2(C)C3(C)C	CC(C)=CCCC(C)=CCCC(C)=CCCC(C)=CCOP(=O)([O-])OP(=O)([O-])[O-]>>CC1CCC2C(C)CCC3C2C2=C1CCC2(C)C3(C)C	(2E,6E,10E)-GGPP	CC(C)=CCC/C(C)=C/CC/C(C)=C/CC/C(C)=C/COP(=O)([O-])OP(=O)([O-])[O-]	venezuelaene A2	C[C@@H]1CC[C@H]2[C@@H]3C4=C(CC[C@@]4(C)C2(C)C)[C@@H](C)CC[C@H]31	di	True	no_mechanism	False	False	False
CC(C)=CCCC(C)=CCCC(C)=CCCC(C)=CCOP(=O)([O-])OP(=O)([O-])[O-]>>CC1CCC2C3C1CCC1(C)CCCC(C)(CC2(C)O)C31	CC(C)=CCCC(C)=CCCC(C)=CCCC(C)=CCOP(=O)([O-])OP(=O)([O-])[O-]>>CC1CCC2C3C1CCC1(C)CCCC(C)(CC2(C)O)C31	(2E,6E,10E)-GGPP	CC(C)=CCC/C(C)=C/CC/C(C)=C/CC/C(C)=C/COP(=O)([O-])OP(=O)([O-])[O-]	hydropyrenol	C[C@@H]1CC[C@@H]2[C@@H]3[C@H]1CC[C@]1(C)CCC[C@](C)(C[C@]2(C)O)[C@@H]31	di	True	marts_R00349	False	True	True
CC(C)=CCCC(C)=CCCC(C)=CCCC=C(C)CCC=C(C)CCC1OC1(C)C>>C=C(C)C1CCC2(C)CCC3(C)C(CCC4C5(C)CCC(O)C(C)(C)C5CCC43C)C12	CC(C)=CCCC(C)=CCCC(C)=CCCC=C(C)CCC=C(C)CCC1OC1(C)C>>C=C(C)C1CCC2(C)CCC3(C)C(CCC4C5(C)CCC(O)C(C)(C)C5CCC43C)C12	(S)-2,3-epoxysqualene	CC(C)=CCC/C(C)=C/CC/C(C)=C/CC/C=C(\C)CC/C=C(\C)CC[C@@H]1OC1(C)C	lupeol	C=C(C)[C@@H]1CC[C@]2(C)CC[C@]3(C)[C@H](CC[C@@H]4[C@@]5(C)CC[C@H](O)C(C)(C)[C@@H]5CC[C@]43C)[C@@H]12	tri	True	marts_R00026	True	True	True
CC(C)=CCCC(C)=CCCC(C)=CCCC=C(C)CCC=C(C)CCC1OC1(C)C>>C=C1CCC(O)C(C)(C)C1CCC(C)=CCCC1=C(C)CCC2(C)CCC(C)(C)CC12	CC(C)=CCCC(C)=CCCC(C)=CCCC=C(C)CCC=C(C)CCC1OC1(C)C>>C=C1CCC(O)C(C)(C)C1CCC(C)=CCCC1=C(C)CCC2(C)CCC(C)(C)CC12	(S)-2,3-epoxysqualene	CC(C)=CCC/C(C)=C/CC/C(C)=C/CC/C=C(\C)CC/C=C(\C)CC[C@@H]1OC1(C)C	achilleol B	C=C1CC[C@H](O)C(C)(C)[C@@H]1CC/C(C)=C/CCC1=C(C)CC[C@@]2(C)CCC(C)(C)C[C@@H]12	tri	True	marts_R00141	False	False	False
CC(C)=CCCC(C)=CCCC(C)=CCCC=C(C)CCC=C(C)CCC1OC1(C)C>>C=C1CCC(O)C(C)(C)C1CCC(C)=CCCC=C(C)CCC=C(C)CCC=C(C)C	CC(C)=CCCC(C)=CCCC(C)=CCCC=C(C)CCC=C(C)CCC1OC1(C)C>>C=C1CCC(O)C(C)(C)C1CCC(C)=CCCC=C(C)CCC=C(C)CCC=C(C)C	(S)-2,3-epoxysqualene	CC(C)=CCC/C(C)=C/CC/C(C)=C/CC/C=C(\C)CC/C=C(\C)CC[C@@H]1OC1(C)C	achilleol A	C=C1CC[C@H](O)C(C)(C)[C@@H]1CC/C(C)=C/CC/C=C(\C)CC/C=C(\C)CCC=C(C)C	tri	True	marts_R00167	False	False	False
CC(C)=CCCC(C)=CCCC(C)=CCCC=C(C)CCC=C(C)CCC1OC1(C)C>>C=C1CCC2(C)CCC3(C)C(CCC4C5(C)CCC(O)C(C)(C)C5CCC43C)C2C1C	CC(C)=CCCC(C)=CCCC(C)=CCCC=C(C)CCC=C(C)CCC1OC1(C)C>>C=C1CCC2(C)CCC3(C)C(CCC4C5(C)CCC(O)C(C)(C)C5CCC43C)C2C1C	(S)-2,3-epoxysqualene	CC(C)=CCC/C(C)=C/CC/C(C)=C/CC/C=C(\C)CC/C=C(\C)CC[C@@H]1OC1(C)C	taraxasterol	C=C1CC[C@]2(C)CC[C@]3(C)[C@H](CC[C@@H]4[C@@]5(C)CC[C@H](O)C(C)(C)[C@@H]5CC[C@]43C)[C@H]2[C@@H]1C	tri	True	marts_R00071	False	False	False
CC(C)=CCCC(C)=CCCC(C)=CCCC=C(C)CCC=C(C)CCC1OC1(C)C>>CC(C)(O)C1CCC2(C)C1CCC1(C)C2CCC2C3(C)CCC(O)C(C)(C)C3CCC21C	CC(C)=CCCC(C)=CCCC(C)=CCCC=C(C)CCC=C(C)CCC1OC1(C)C>>CC(C)(O)C1CCC2(C)C1CCC1(C)C2CCC2C3(C)CCC(O)C(C)(C)C3CCC21C	(S)-2,3-epoxysqualene	CC(C)=CCC/C(C)=C/CC/C(C)=C/CC/C=C(\C)CC/C=C(\C)CC[C@@H]1OC1(C)C	21-beta-H-hopane-3-beta,22-diol	CC(C)(O)[C@H]1CC[C@]2(C)[C@H]3CC[C@@H]4[C@@]5(C)CC[C@H](O)C(C)(C)[C@@H]5CC[C@@]4(C)[C@]3(C)CC[C@@H]12	tri	True	marts_R00275	False	False	False
CC(C)=CCCC(C)=CCCC(C)=CCCC=C(C)CCC=C(C)CCC1OC1(C)C>>CC(C)(O)C1CCC2(C)CCC3(C)C(CCC4C5(C)CCC(O)C(C)(C)C5CCC43C)C12	CC(C)=CCCC(C)=CCCC(C)=CCCC=C(C)CCC=C(C)CCC1OC1(C)C>>CC(C)(O)C1CCC2(C)CCC3(C)C(CCC4C5(C)CCC(O)C(C)(C)C5CCC43C)C12	(S)-2,3-epoxysqualene	CC(C)=CCC/C(C)=C/CC/C(C)=C/CC/C=C(\C)CC/C=C(\C)CC[C@@H]1OC1(C)C	lupan-3β,20-diol	CC(C)(O)[C@@H]1CC[C@]2(C)CC[C@]3(C)[C@H](CC[C@@H]4[C@@]5(C)CC[C@H](O)C(C)(C)[C@@H]5CC[C@]43C)[C@@H]12	tri	True	marts_R00090	False	False	False
CC(C)=CCCC(C)=CCCC(C)=CCCC=C(C)CCC=C(C)CCC1OC1(C)C>>CC(C)=CCCC(C)(O)C1CCC2(C)C1CCC1C3(C)CCC(O)C(C)(C)C3CCC12C	CC(C)=CCCC(C)=CCCC(C)=CCCC=C(C)CCC=C(C)CCC1OC1(C)C>>CC(C)=CCCC(C)(O)C1CCC2(C)C1CCC1C3(C)CCC(O)C(C)(C)C3CCC12C	(S)-2,3-epoxysqualene	CC(C)=CCC/C(C)=C/CC/C(C)=C/CC/C=C(\C)CC/C=C(\C)CC[C@@H]1OC1(C)C	dammarenediol-II	CC(C)=CCC[C@](C)(O)[C@H]1CC[C@]2(C)[C@@H]1CC[C@@H]1[C@@]3(C)CC[C@H](O)C(C)(C)[C@@H]3CC[C@]12C	tri	True	marts_R00147	False	False	False
CC(C)=CCCC(C)=CCCC(C)=CCCC=C(C)CCC=C(C)CCC1OC1(C)C>>CC(C)=CCCC(C)=C1CCC2(C)C1CCC1C3(C)CCC(O)C(C)(C)C3CCC12C	CC(C)=CCCC(C)=CCCC(C)=CCCC=C(C)CCC=C(C)CCC1OC1(C)C>>CC(C)=CCCC(C)=C1CCC2(C)C1CCC1C3(C)CCC(O)C(C)(C)C3CCC12C	(S)-2,3-epoxysqualene	CC(C)=CCC/C(C)=C/CC/C(C)=C/CC/C=C(\C)CC/C=C(\C)CC[C@@H]1OC1(C)C	(17Z)-protosta-17(20),24-dien-3β-ol	CC(C)=CCC/C(C)=C1/CC[C@@]2(C)[C@H]1CC[C@H]1[C@@]3(C)CC[C@H](O)C(C)(C)[C@@H]3CC[C@@]12C	tri	True	marts_R00132	True	True	True
CC(C)=CCCC(C)=CCCC(C)=CCCC=C(C)CCC=C(C)CCC1OC1(C)C>>CC(C)=CCCC(C)=CCCC(C)(O)C1CCC2C1(C)CCC1C(C)(C)C(O)CCC12C	CC(C)=CCCC(C)=CCCC(C)=CCCC=C(C)CCC=C(C)CCC1OC1(C)C>>CC(C)=CCCC(C)=CCCC(C)(O)C1CCC2C1(C)CCC1C(C)(C)C(O)CCC12C	(S)-2,3-epoxysqualene	CC(C)=CCC/C(C)=C/CC/C(C)=C/CC/C=C(\C)CC/C=C(\C)CC[C@@H]1OC1(C)C	arabidiol	CC(C)=CCC/C(C)=C/CC[C@@](C)(O)[C@@H]1CC[C@H]2[C@@]1(C)CC[C@H]1C(C)(C)[C@@H](O)CC[C@]21C	tri	True	marts_R00085	False	False	False
CC(C)=CCCC(C)=CCCC(C)=CCCC=C(C)CCC=C(C)CCC1OC1(C)C>>CC(C)=CCCC(C)=CCCC(C)=CCCC1(C)C(C)CCC(=C(C)C)C1CCC=O	CC(C)=CCCC(C)=CCCC(C)=CCCC=C(C)CCC=C(C)CCC1OC1(C)C>>CC(C)=CCCC(C)=CCCC(C)=CCCC1(C)C(C)CCC(=C(C)C)C1CCC=O	(S)-2,3-epoxysqualene	CC(C)=CCC/C(C)=C/CC/C(C)=C/CC/C=C(\C)CC/C=C(\C)CC[C@@H]1OC1(C)C	marneral	CC(C)=CCC/C(C)=C/CC/C(C)=C/CC[C@]1(C)[C@H](C)CCC(=C(C)C)[C@H]1CCC=O	tri	True	marts_R00087	True	True	True
CC(C)=CCCC(C)=CCCC(C)=CCCC=C(C)CCC=C(C)CCC1OC1(C)C>>CC(C)=CCCC(C)=CCCC(C)=CCCC=C(C)CCC1C(C)=CCC(O)C1(C)C	CC(C)=CCCC(C)=CCCC(C)=CCCC=C(C)CCC=C(C)CCC1OC1(C)C>>CC(C)=CCCC(C)=CCCC(C)=CCCC=C(C)CCC1C(C)=CCC(O)C1(C)C	(S)-2,3-epoxysqualene	CC(C)=CCC/C(C)=C/CC/C(C)=C/CC/C=C(\C)CC/C=C(\C)CC[C@@H]1OC1(C)C	camelliol C	CC(C)=CCC/C(C)=C/CC/C(C)=C/CC/C=C(\C)CC[C@@H]1C(C)=CC[C@H](O)C1(C)C	tri	True	marts_R00166	True	True	True
CC(C)=CCCC(C)=CCCC(C)=CCCC=C(C)CCC=C(C)CCC1OC1(C)C>>CC(C)=CCCC(C)=CCCC(C)C1(C)CCC2=C1CCC1C2(C)CCC(O)C1(C)C	CC(C)=CCCC(C)=CCCC(C)=CCCC=C(C)CCC=C(C)CCC1OC1(C)C>>CC(C)=CCCC(C)=CCCC(C)C1(C)CCC2=C1CCC1C2(C)CCC(O)C1(C)C	(S)-2,3-epoxysqualene	CC(C)=CCC/C(C)=C/CC/C(C)=C/CC/C=C(\C)CC/C=C(\C)CC[C@@H]1OC1(C)C	thalianol	CC(C)=CCC/C(C)=C/CC[C@@H](C)[C@@]1(C)CCC2=C1CC[C@H]1C(C)(C)[C@@H](O)CC[C@]21C	tri	True	marts_R00088	True	True	True
CC(C)=CCCC(C)=CCCC(C)=CCCC=C(C)CCC=C(C)CCC1OC1(C)C>>CC(C)=CCCC(C)C1CCC2(C)C3=C(CCC12C)C1(C)CCC(O)C(C)(C)C1CC3	CC(C)=CCCC(C)=CCCC(C)=CCCC=C(C)CCC=C(C)CCC1OC1(C)C>>CC(C)=CCCC(C)C1CCC2(C)C3=C(CCC12C)C1(C)CCC(O)C(C)(C)C1CC3	(S)-2,3-epoxysqualene	CC(C)=CCC/C(C)=C/CC/C(C)=C/CC/C=C(\C)CC/C=C(\C)CC[C@@H]1OC1(C)C	lanosterol	CC(C)=CCC[C@@H](C)[C@H]1CC[C@@]2(C)C3=C(CC[C@]12C)[C@@]1(C)CC[C@H](O)C(C)(C)[C@@H]1CC3	tri	True	marts_R00076	True	True	True
CC(C)=CCCC(C)=CCCC(C)=CCCC=C(C)CCC=C(C)CCC1OC1(C)C>>CC(C)=CCCC(C)C1CCC2(C)C3=CCC4C(C)(C)C(O)CCC4(C)C3CCC12C	CC(C)=CCCC(C)=CCCC(C)=CCCC=C(C)CCC=C(C)CCC1OC1(C)C>>CC(C)=CCCC(C)C1CCC2(C)C3=CCC4C(C)(C)C(O)CCC4(C)C3CCC12C	(S)-2,3-epoxysqualene	CC(C)=CCC/C(C)=C/CC/C(C)=C/CC/C=C(\C)CC/C=C(\C)CC[C@@H]1OC1(C)C	tirucalla-7,24-dien-3β-ol	CC(C)=CCC[C@H](C)[C@@H]1CC[C@]2(C)C3=CC[C@H]4C(C)(C)[C@@H](O)CC[C@]4(C)[C@H]3CC[C@@]12C	tri	True	marts_R00027	True	True	True
CC(C)=CCCC(C)=CCCC(C)=CCCC=C(C)CCC=C(C)CCC1OC1(C)C>>CC(C)=CCCC(C)C1CCC2(C)C3CC=C4C(CCC(O)C4(C)C)C3(C)CCC12C	CC(C)=CCCC(C)=CCCC(C)=CCCC=C(C)CCC=C(C)CCC1OC1(C)C>>CC(C)=CCCC(C)C1CCC2(C)C3CC=C4C(CCC(O)C4(C)C)C3(C)CCC12C	(S)-2,3-epoxysqualene	CC(C)=CCC/C(C)=C/CC/C(C)=C/CC/C=C(\C)CC/C=C(\C)CC[C@@H]1OC1(C)C	cucurbitadienol	CC(C)=CCC[C@@H](C)[C@H]1CC[C@@]2(C)[C@@H]3CC=C4[C@@H](CC[C@H](O)C4(C)C)[C@]3(C)CC[C@]12C	tri	True	marts_R00115	True	True	True
CC(C)=CCCC(C)=CCCC(C)=CCCC=C(C)CCC=C(C)CCC1OC1(C)C>>CC(C)=CCCC(C)C1CCC2(C)C3CCC4C(C)(C)C(O)CCC45CC35CCC12C	CC(C)=CCCC(C)=CCCC(C)=CCCC=C(C)CCC=C(C)CCC1OC1(C)C>>CC(C)=CCCC(C)C1CCC2(C)C3CCC4C(C)(C)C(O)CCC45CC35CCC12C	(S)-2,3-epoxysqualene	CC(C)=CCC/C(C)=C/CC/C(C)=C/CC/C=C(\C)CC/C=C(\C)CC[C@@H]1OC1(C)C	cycloartenol	CC(C)=CCC[C@@H](C)[C@H]1CC[C@@]2(C)[C@@H]3CC[C@H]4C(C)(C)[C@@H](O)CC[C@@]45C[C@@]35CC[C@]12C	tri	True	marts_R00073	True	True	True
CC(C)=CCCC(C)=CCCC(C)=CCCC=C(C)CCC=C(C)CCC1OC1(C)C>>CC(C)=CCCC(C)C1CCC2(C)C3CCC4C(C)(CCC(O)C4(C)C)C3=CCC12C	CC(C)=CCCC(C)=CCCC(C)=CCCC=C(C)CCC=C(C)CCC1OC1(C)C>>CC(C)=CCCC(C)C1CCC2(C)C3CCC4C(C)(CCC(O)C4(C)C)C3=CCC12C	(S)-2,3-epoxysqualene	CC(C)=CCC/C(C)=C/CC/C(C)=C/CC/C=C(\C)CC/C=C(\C)CC[C@@H]1OC1(C)C	parkeol	CC(C)=CCC[C@@H](C)[C@H]1CC[C@@]2(C)[C@@H]3CC[C@H]4C(C)(C)[C@@H](O)CC[C@]4(C)C3=CC[C@]12C	tri	True	marts_R00215	True	True	True
CC(C)=CCCC(C)=CCCC(C)=CCCC=C(C)CCC=C(C)CCC1OC1(C)C>>CC(C)=CCCC1(C)CCC2(C)C3CC=C4C(CCC(O)C4(C)C)C3(C)CCC2(C)C1	CC(C)=CCCC(C)=CCCC(C)=CCCC=C(C)CCC=C(C)CCC1OC1(C)C>>CC(C)=CCCC1(C)CCC2(C)C3CC=C4C(CCC(O)C4(C)C)C3(C)CCC2(C)C1	(S)-2,3-epoxysqualene	CC(C)=CCC/C(C)=C/CC/C(C)=C/CC/C=C(\C)CC/C=C(\C)CC[C@@H]1OC1(C)C	baruol	CC(C)=CCC[C@]1(C)CC[C@]2(C)[C@H]3CC=C4[C@@H](CC[C@H](O)C4(C)C)[C@]3(C)CC[C@@]2(C)C1	tri	True	marts_R00181	True	True	True
CC(C)=CCCC(C)=CCCC(C)=CCCC=C(C)CCC=C(C)CCC1OC1(C)C>>CC(C)=CCCC1(C)CCC2(C)C3CCC4(C)C(C)C(=O)CCC4C3(C)CCC2(C)C1	CC(C)=CCCC(C)=CCCC(C)=CCCC=C(C)CCC=C(C)CCC1OC1(C)C>>CC(C)=CCCC1(C)CCC2(C)C3CCC4(C)C(C)C(=O)CCC4C3(C)CCC2(C)C1	(S)-2,3-epoxysqualene	CC(C)=CCC/C(C)=C/CC/C(C)=C/CC/C=C(\C)CC/C=C(\C)CC[C@@H]1OC1(C)C	shionone	CC(C)=CCC[C@]1(C)CC[C@]2(C)[C@H]3CC[C@@]4(C)[C@@H](CCC(=O)[C@@H]4C)[C@]3(C)CC[C@@]2(C)C1	tri	True	marts_R00223	True	True	True
CC(C)=CCCC(C)=CCCC(C)=CCCC=C(C)CCC=C(C)CCC1OC1(C)C>>CC(C)=CCCC1(C)CCC2(C)C3CCC4C(C)(C)C5CCC4(O5)C3(C)CCC2(C)C1	CC(C)=CCCC(C)=CCCC(C)=CCCC=C(C)CCC=C(C)CCC1OC1(C)C>>CC(C)=CCCC1(C)CCC2(C)C3CCC4C(C)(C)C5CCC4(O5)C3(C)CCC2(C)C1	(S)-2,3-epoxysqualene	CC(C)=CCC/C(C)=C/CC/C(C)=C/CC/C=C(\C)CC/C=C(\C)CC[C@@H]1OC1(C)C	baccharis oxide	CC(C)=CCC[C@]1(C)CC[C@]2(C)[C@H]3CC[C@H]4C(C)(C)[C@@H]5CC[C@]4(O5)[C@]3(C)CC[C@@]2(C)C1	tri	True	marts_R00256	True	True	True
CC(C)=CCCC(C)=CCCC(C)=CCCC=C(C)CCC=C(C)CCC1OC1(C)C>>CC1(C)C=C2C3CCC4C5(C)CCC(O)C(C)(C)C5CCC4(C)C3(C)CCC2(C)CC1	CC(C)=CCCC(C)=CCCC(C)=CCCC=C(C)CCC=C(C)CCC1OC1(C)C>>CC1(C)C=C2C3CCC4C5(C)CCC(O)C(C)(C)C5CCC4(C)C3(C)CCC2(C)CC1	(S)-2,3-epoxysqualene	CC(C)=CCC/C(C)=C/CC/C(C)=C/CC/C=C(\C)CC/C=C(\C)CC[C@@H]1OC1(C)C	germanicol	CC1(C)C=C2[C@H]3CC[C@@H]4[C@@]5(C)CC[C@H](O)C(C)(C)[C@@H]5CC[C@@]4(C)[C@]3(C)CC[C@@]2(C)CC1	tri	True	marts_R00098	True	True	True
CC(C)=CCCC(C)=CCCC(C)=CCCC=C(C)CCC=C(C)CCC1OC1(C)C>>CC1(C)CCC2(C)CC=C3C(C)(CCC4C3(C)CCC3C(C)(C)C(O)CCC43C)C2C1	CC(C)=CCCC(C)=CCCC(C)=CCCC=C(C)CCC=C(C)CCC1OC1(C)C>>CC1(C)CCC2(C)CC=C3C(C)(CCC4C3(C)CCC3C(C)(C)C(O)CCC43C)C2C1	(S)-2,3-epoxysqualene	CC(C)=CCC/C(C)=C/CC/C(C)=C/CC/C=C(\C)CC/C=C(\C)CC[C@@H]1OC1(C)C	taraxerol	CC1(C)CC[C@]2(C)CC=C3[C@]4(C)CC[C@H]5C(C)(C)[C@@H](O)CC[C@]5(C)[C@H]4CC[C@@]3(C)[C@@H]2C1	tri	True	marts_R00239	False	False	False
CC(C)=CCCC(C)=CCCC(C)=CCCC=C(C)CCC=C(C)CCC1OC1(C)C>>CC1(C)CCC2(C)CCC3(C)C(=C2C1)CCC1C2(C)CCC(O)C(C)(C)C2CCC13C	CC(C)=CCCC(C)=CCCC(C)=CCCC=C(C)CCC=C(C)CCC1OC1(C)C>>CC1(C)CCC2(C)CCC3(C)C(=C2C1)CCC1C2(C)CCC(O)C(C)(C)C2CCC13C	(S)-2,3-epoxysqualene	CC(C)=CCC/C(C)=C/CC/C(C)=C/CC/C=C(\C)CC/C=C(\C)CC[C@@H]1OC1(C)C	δ-amyrin	CC1(C)CC[C@]2(C)CC[C@]3(C)C(=C2C1)CC[C@@H]1[C@@]2(C)CC[C@H](O)C(C)(C)[C@@H]2CC[C@]13C	tri	True	marts_R00233	True	True	True
CC(C)=CCCC(C)=CCCC(C)=CCCC=C(C)CCC=C(C)CCC1OC1(C)C>>CC1(C)CCC2(C)CCC3(C)C(=CCC4C5(C)CCC(O)C(C)(C)C5CCC43C)C2C1	CC(C)=CCCC(C)=CCCC(C)=CCCC=C(C)CCC=C(C)CCC1OC1(C)C>>CC1(C)CCC2(C)CCC3(C)C(=CCC4C5(C)CCC(O)C(C)(C)C5CCC43C)C2C1	(S)-2,3-epoxysqualene	CC(C)=CCC/C(C)=C/CC/C(C)=C/CC/C=C(\C)CC/C=C(\C)CC[C@@H]1OC1(C)C	β-amyrin	CC1(C)CC[C@]2(C)CC[C@]3(C)C(=CC[C@@H]4[C@@]5(C)CC[C@H](O)C(C)(C)[C@@H]5CC[C@]43C)[C@@H]2C1	tri	True	marts_R00074	True	True	True
CC(C)=CCCC(C)=CCCC(C)=CCCC=C(C)CCC=C(C)CCC1OC1(C)C>>CC1(C)CCC2(C)CCC3(C)C4=C(CCC3(C)C2C1)C1(C)CCC(O)C(C)(C)C1CC4	CC(C)=CCCC(C)=CCCC(C)=CCCC=C(C)CCC=C(C)CCC1OC1(C)C>>CC1(C)CCC2(C)CCC3(C)C4=C(CCC3(C)C2C1)C1(C)CCC(O)C(C)(C)C1CC4	(S)-2,3-epoxysqualene	CC(C)=CCC/C(C)=C/CC/C(C)=C/CC/C=C(\C)CC/C=C(\C)CC[C@@H]1OC1(C)C	isomultiflorenol	CC1(C)CC[C@]2(C)CC[C@]3(C)C4=C(CC[C@@]3(C)[C@@H]2C1)[C@@]1(C)CC[C@H](O)C(C)(C)[C@@H]1CC4	tri	True	marts_R00072	True	True	True
CC(C)=CCCC(C)=CCCC(C)=CCCC=C(C)CCC=C(C)CCC1OC1(C)C>>CC1(C)CCC2(C)CCC3(C)C4CC=C5C(CCC(O)C5(C)C)C4(C)CCC3(C)C2C1	CC(C)=CCCC(C)=CCCC(C)=CCCC=C(C)CCC=C(C)CCC1OC1(C)C>>CC1(C)CCC2(C)CCC3(C)C4CC=C5C(CCC(O)C5(C)C)C4(C)CCC3(C)C2C1	(S)-2,3-epoxysqualene	CC(C)=CCC/C(C)=C/CC/C(C)=C/CC/C=C(\C)CC/C=C(\C)CC[C@@H]1OC1(C)C	glutinol	CC1(C)CC[C@]2(C)CC[C@]3(C)[C@H]4CC=C5[C@@H](CC[C@H](O)C5(C)C)[C@]4(C)CC[C@@]3(C)[C@@H]2C1	tri	True	marts_R00238	True	True	True
CC(C)=CCCC(C)=CCCC(C)=CCCC=C(C)CCC=C(C)CCC1OC1(C)C>>CC1=CCC2C(C)(C)C(O)CCC2(C)C1CCC1=C(C)CCC2(C)CCC(C)(C)CC12	CC(C)=CCCC(C)=CCCC(C)=CCCC=C(C)CCC=C(C)CCC1OC1(C)C>>CC1=CCC2C(C)(C)C(O)CCC2(C)C1CCC1=C(C)CCC2(C)CCC(C)(C)CC12	(S)-2,3-epoxysqualene	CC(C)=CCC/C(C)=C/CC/C(C)=C/CC/C=C(\C)CC/C=C(\C)CC[C@@H]1OC1(C)C	β-seco-amyrin	CC1=CC[C@H]2C(C)(C)[C@@H](O)CC[C@]2(C)[C@H]1CCC1=C(C)CC[C@@]2(C)CCC(C)(C)C[C@@H]12	tri	True	marts_R00070	True	True	True
CC(C)=CCCC(C)=CCCC(C)=CCCC=C(C)CCC=C(C)CCC1OC1(C)C>>CC1=CCC2C(C)(C)C(O)CCC2(C)C1CCC1=C(C)CCC2(C)CCC(C)C(C)C12	CC(C)=CCCC(C)=CCCC(C)=CCCC=C(C)CCC=C(C)CCC1OC1(C)C>>CC1=CCC2C(C)(C)C(O)CCC2(C)C1CCC1=C(C)CCC2(C)CCC(C)C(C)C12	(S)-2,3-epoxysqualene	CC(C)=CCC/C(C)=C/CC/C(C)=C/CC/C=C(\C)CC/C=C(\C)CC[C@@H]1OC1(C)C	α-seco-amyrin	CC1=CC[C@H]2C(C)(C)[C@@H](O)CC[C@]2(C)[C@H]1CCC1=C(C)CC[C@@]2(C)CC[C@@H](C)[C@H](C)[C@@H]12	tri	True	marts_R00069	True	True	True
CC(C)=CCCC(C)=CCCC(C)=CCCC=C(C)CCC=C(C)CCC1OC1(C)C>>CC1C(=O)CCC2C1(C)CCC1C2(C)CCC2(C)C3CC(C)(C)CCC3(C)CCC12C	CC(C)=CCCC(C)=CCCC(C)=CCCC=C(C)CCC=C(C)CCC1OC1(C)C>>CC1C(=O)CCC2C1(C)CCC1C2(C)CCC2(C)C3CC(C)(C)CCC3(C)CCC12C	(S)-2,3-epoxysqualene	CC(C)=CCC/C(C)=C/CC/C(C)=C/CC/C=C(\C)CC/C=C(\C)CC[C@@H]1OC1(C)C	friedelin	C[C@H]1C(=O)CC[C@@H]2[C@]1(C)CC[C@H]1[C@@]2(C)CC[C@@]2(C)[C@@H]3CC(C)(C)CC[C@]3(C)CC[C@]12C	tri	True	marts_R00237	False	False	False
CC(C)=CCCC(C)=CCCC(C)=CCCC=C(C)CCC=C(C)CCC1OC1(C)C>>CC1CCC2(C)CCC3(C)C(=CCC4C5(C)CCC(O)C(C)(C)C5CCC43C)C2C1C	CC(C)=CCCC(C)=CCCC(C)=CCCC=C(C)CCC=C(C)CCC1OC1(C)C>>CC1CCC2(C)CCC3(C)C(=CCC4C5(C)CCC(O)C(C)(C)C5CCC43C)C2C1C	(S)-2,3-epoxysqualene	CC(C)=CCC/C(C)=C/CC/C(C)=C/CC/C=C(\C)CC/C=C(\C)CC[C@@H]1OC1(C)C	α-amyrin	C[C@H]1[C@H](C)CC[C@]2(C)CC[C@]3(C)C(=CC[C@@H]4[C@@]5(C)CC[C@H](O)C(C)(C)[C@@H]5CC[C@]43C)[C@H]12	tri	True	marts_R00080	True	True	True
CC(C)=CCCC(C)=CCCC(C)=CCCC=C(C)CCC=C(C)CCC=C(C)C>>C=C(C)C1CCC2(C)C1CCC1(C)C2CCC2C3(C)CCCC(C)(C)C3CCC21C	CC(C)=CCCC(C)=CCCC(C)=CCCC=C(C)CCC=C(C)CCC=C(C)C>>C=C(C)C1CCC2(C)C1CCC1(C)C2CCC2C3(C)CCCC(C)(C)C3CCC21C	squalene	CC(C)=CCC/C(C)=C/CC/C(C)=C/CC/C=C(\C)CC/C=C(\C)CCC=C(C)C	hop-22(29)-ene	C=C(C)[C@H]1CC[C@]2(C)[C@H]3CC[C@@H]4[C@@]5(C)CCCC(C)(C)[C@@H]5CC[C@@]4(C)[C@]3(C)CC[C@@H]12	tri	True	marts_R00162	False	False	False
CC(C)=CCCC(C)=CCCC(C)=CCCC=C(C)CCC=C(C)CCC=C(C)C>>C=C(CCC=C(C)C)C1CCC2(C)C1CCC1C3(C)CCCC(C)(C)C3CCC12C	CC(C)=CCCC(C)=CCCC(C)=CCCC=C(C)CCC=C(C)CCC=C(C)C>>C=C(CCC=C(C)C)C1CCC2(C)C1CCC1C3(C)CCCC(C)(C)C3CCC12C	squalene	CC(C)=CCC/C(C)=C/CC/C(C)=C/CC/C=C(\C)CC/C=C(\C)CCC=C(C)C	dammara-20,24-diene	C=C(CCC=C(C)C)[C@H]1CC[C@]2(C)[C@@H]1CC[C@@H]1[C@@]3(C)CCCC(C)(C)[C@@H]3CC[C@]12C	tri	True	marts_R00268	True	True	True
CC(C)=CCCC(C)=CCCC(C)=CCCC=C(C)CCC=C(C)CCC=C(C)C>>CC(C)(O)C1CCC2(C)C1CCC1(C)C2CCC2C3(C)CCCC(C)(C)C3CCC21C	CC(C)=CCCC(C)=CCCC(C)=CCCC=C(C)CCC=C(C)CCC=C(C)C>>CC(C)(O)C1CCC2(C)C1CCC1(C)C2CCC2C3(C)CCCC(C)(C)C3CCC21C	squalene	CC(C)=CCC/C(C)=C/CC/C(C)=C/CC/C=C(\C)CC/C=C(\C)CCC=C(C)C	hopan-22-ol	CC(C)(O)[C@H]1CC[C@]2(C)[C@H]3CC[C@@H]4[C@@]5(C)CCCC(C)(C)[C@@H]5CC[C@@]4(C)[C@]3(C)CC[C@@H]12	tri	True	marts_R00163	False	True	True
CC(C)=CCCC(C)=CCCC(C)=CCOP(=O)([O-])OP(=O)([O-])[O-]>>C=C(C)C1C=C2C(C)CCC2C(C)CC1	CC(C)=CCCC(C)=CCCC(C)=CCOP(=O)([O-])OP(=O)([O-])[O-]>>C=C(C)C1C=C2C(C)CCC2C(C)CC1	(2E,6E)-FPP	CC(C)=CCC/C(C)=C/CC/C(C)=C/COP(=O)([O-])OP(=O)([O-])[O-]	γ-gurjunene	C=C(C)C1C=C2C(C)CCC2C(C)CC1	sesq	True	no_mechanism	False	True	True
CC(C)=CCCC(C)=CCCC(C)=CCOP(=O)([O-])OP(=O)([O-])[O-]>>C=C(C)C1CC=C(C)CCC=C(C)CC1	CC(C)=CCCC(C)=CCCC(C)=CCOP(=O)([O-])OP(=O)([O-])[O-]>>C=C(C)C1CC=C(C)CCC=C(C)CC1	(2E,6E)-FPP	CC(C)=CCC/C(C)=C/CC/C(C)=C/COP(=O)([O-])OP(=O)([O-])[O-]	germacrene A	C=C(C)C1C/C=C(\C)CC/C=C(\C)CC1	sesq	True	marts_R00216	False	True	True
CC(C)=CCCC(C)=CCCC(C)=CCOP(=O)([O-])OP(=O)([O-])[O-]>>C=C(C)C1CC=C2CCCC(C)C2(C)C1	CC(C)=CCCC(C)=CCCC(C)=CCOP(=O)([O-])OP(=O)([O-])[O-]>>C=C(C)C1CC=C2CCCC(C)C2(C)C1	(2E,6E)-FPP	CC(C)=CCC/C(C)=C/CC/C(C)=C/COP(=O)([O-])OP(=O)([O-])[O-]	(+)-aristolochene	C=C(C)[C@H]1CC=C2CCC[C@H](C)[C@@]2(C)C1	sesq	True	marts_R00023	False	True	True
CC(C)=CCCC(C)=CCCC(C)=CCOP(=O)([O-])OP(=O)([O-])[O-]>>C=C(C)C1CCC(C)(O)C2CCC(C)C2C1	CC(C)=CCCC(C)=CCCC(C)=CCOP(=O)([O-])OP(=O)([O-])[O-]>>C=C(C)C1CCC(C)(O)C2CCC(C)C2C1	(2E,6E)-FPP	CC(C)=CCC/C(C)=C/CC/C(C)=C/COP(=O)([O-])OP(=O)([O-])[O-]	pogostol	C=C(C)[C@@H]1CC[C@](C)(O)[C@@H]2CC[C@H](C)[C@@H]2C1	sesq	True	marts_R00468	False	False	False
CC(C)=CCCC(C)=CCCC(C)=CCOP(=O)([O-])OP(=O)([O-])[O-]>>C=C(C)C1CCC(C)=C2CCC(C)C2C1	CC(C)=CCCC(C)=CCCC(C)=CCOP(=O)([O-])OP(=O)([O-])[O-]>>C=C(C)C1CCC(C)=C2CCC(C)C2C1	(2E,6E)-FPP	CC(C)=CCC/C(C)=C/CC/C(C)=C/COP(=O)([O-])OP(=O)([O-])[O-]	δ-guaiene	C=C(C)[C@@H]1CCC(C)=C2CC[C@H](C)[C@@H]2C1	sesq	True	marts_R00034	False	False	False
CC(C)=CCCC(C)=CCCC(C)=CCOP(=O)([O-])OP(=O)([O-])[O-]>>C=C(C)C1CCC(C)C12CC=C(C)CC2	CC(C)=CCCC(C)=CCCC(C)=CCOP(=O)([O-])OP(=O)([O-])[O-]>>C=C(C)C1CCC(C)C12CC=C(C)CC2	(2E,6E)-FPP	CC(C)=CCC/C(C)=C/CC/C(C)=C/COP(=O)([O-])OP(=O)([O-])[O-]	β-acoradiene	C=C(C)[C@@H]1CC[C@@H](C)[C@@]12CC=C(C)CC2	sesq	True	marts_R00220	False	True	True
CC(C)=CCCC(C)=CCCC(C)=CCOP(=O)([O-])OP(=O)([O-])[O-]>>C=C(C)C1CCC(C)C2=C(C1)C(C)CC2	CC(C)=CCCC(C)=CCCC(C)=CCOP(=O)([O-])OP(=O)([O-])[O-]>>C=C(C)C1CCC(C)C2=C(C1)C(C)CC2	(2E,6E)-FPP	CC(C)=CCC/C(C)=C/CC/C(C)=C/COP(=O)([O-])OP(=O)([O-])[O-]	α-guaiene	C=C(C)[C@@H]1CC[C@H](C)C2=C(C1)[C@@H](C)CC2	sesq	True	marts_R00139	False	True	True
CC(C)=CCCC(C)=CCCC(C)=CCOP(=O)([O-])OP(=O)([O-])[O-]>>C=C(C)C1CCC(C)C2=C1CC(C)(C)C2	CC(C)=CCCC(C)=CCCC(C)=CCOP(=O)([O-])OP(=O)([O-])[O-]>>C=C(C)C1CCC(C)C2=C1CC(C)(C)C2	(2E,6E)-FPP	CC(C)=CCC/C(C)=C/CC/C(C)=C/COP(=O)([O-])OP(=O)([O-])[O-]	(3R, 6R)-pleostene	C=C(C)[C@H]1CC[C@@H](C)C2=C1CC(C)(C)C2	sesq	True	no_mechanism	False	False	False
CC(C)=CCCC(C)=CCCC(C)=CCOP(=O)([O-])OP(=O)([O-])[O-]>>C=C(C)C1CCC(C)C2CCC(C)=CC12	CC(C)=CCCC(C)=CCCC(C)=CCOP(=O)([O-])OP(=O)([O-])[O-]>>C=C(C)C1CCC(C)C2CCC(C)=CC12	(2E,6E)-FPP	CC(C)=CCC/C(C)=C/CC/C(C)=C/COP(=O)([O-])OP(=O)([O-])[O-]	amorpha-4,11-diene	C=C(C)[C@@H]1CC[C@@H](C)[C@@H]2CCC(C)=C[C@@H]21	sesq	True	marts_R00091	False	True	True
CC(C)=CCCC(C)=CCCC(C)=CCOP(=O)([O-])OP(=O)([O-])[O-]>>C=C(C)C1CCC2(C)C3CCC(C)C3C12	CC(C)=CCCC(C)=CCCC(C)=CCOP(=O)([O-])OP(=O)([O-])[O-]>>C=C(C)C1CCC2(C)C3CCC(C)C3C12	(2E,6E)-FPP	CC(C)=CCC/C(C)=C/CC/C(C)=C/COP(=O)([O-])OP(=O)([O-])[O-]	prespatane	C=C(C)[C@H]1CC[C@]2(C)[C@H]1[C@@H]1[C@H]2CC[C@@H]1C	sesq	True	no_mechanism	False	False	False
CC(C)=CCCC(C)=CCCC(C)=CCOP(=O)([O-])OP(=O)([O-])[O-]>>C=C(C)C1CCC2(C)CCC=C(C)C2C1	CC(C)=CCCC(C)=CCCC(C)=CCOP(=O)([O-])OP(=O)([O-])[O-]>>C=C(C)C1CCC2(C)CCC=C(C)C2C1	(2E,6E)-FPP	CC(C)=CCC/C(C)=C/CC/C(C)=C/COP(=O)([O-])OP(=O)([O-])[O-]	α-selinene	C=C(C)[C@@H]1CC[C@@]2(C)CCC=C(C)[C@@H]2C1	sesq	True	marts_R00125	False	True	True
CC(C)=CCCC(C)=CCCC(C)=CCOP(=O)([O-])OP(=O)([O-])[O-]>>C=C(C)C1CCC2(C)CCCC(=C)C2C1	CC(C)=CCCC(C)=CCCC(C)=CCOP(=O)([O-])OP(=O)([O-])[O-]>>C=C(C)C1CCC2(C)CCCC(=C)C2C1	(2E,6E)-FPP	CC(C)=CCC/C(C)=C/CC/C(C)=C/COP(=O)([O-])OP(=O)([O-])[O-]	(+)-β-selinene	C=C(C)[C@@H]1CC[C@@]2(C)CCCC(=C)[C@@H]2C1	sesq	True	marts_R00124	False	True	True
CC(C)=CCCC(C)=CCCC(C)=CCOP(=O)([O-])OP(=O)([O-])[O-]>>C=C(C)C1CCC2(C)CCCC(C)(O)C2C1	CC(C)=CCCC(C)=CCCC(C)=CCOP(=O)([O-])OP(=O)([O-])[O-]>>C=C(C)C1CCC2(C)CCCC(C)(O)C2C1	(2E,6E)-FPP	CC(C)=CCC/C(C)=C/CC/C(C)=C/COP(=O)([O-])OP(=O)([O-])[O-]	(+)-(4S,5S,7R,10S)-intermedeol	C=C(C)[C@@H]1CC[C@]2(C)CCC[C@](C)(O)[C@H]2C1	sesq	True	marts_R00393	False	False	False
CC(C)=CCCC(C)=CCCC(C)=CCOP(=O)([O-])OP(=O)([O-])[O-]>>C=C(C)C1CCC2(C1)C(C)=CCCC2C	CC(C)=CCCC(C)=CCCC(C)=CCOP(=O)([O-])OP(=O)([O-])[O-]>>C=C(C)C1CCC2(C1)C(C)=CCCC2C	(2E,6E)-FPP	CC(C)=CCC/C(C)=C/CC/C(C)=C/COP(=O)([O-])OP(=O)([O-])[O-]	premnaspirodiene	C=C(C)[C@@H]1CC[C@@]2(C1)C(C)=CCC[C@H]2C	sesq	True	marts_R00065	False	False	False
CC(C)=CCCC(C)=CCCC(C)=CCOP(=O)([O-])OP(=O)([O-])[O-]>>C=C(C)C1CCC2=CCCC(C)C2(C)C1	CC(C)=CCCC(C)=CCCC(C)=CCOP(=O)([O-])OP(=O)([O-])[O-]>>C=C(C)C1CCC2=CCCC(C)C2(C)C1	(2E,6E)-FPP	CC(C)=CCC/C(C)=C/CC/C(C)=C/COP(=O)([O-])OP(=O)([O-])[O-]	(+)-valencene	C=C(C)[C@@H]1CCC2=CCC[C@@H](C)[C@]2(C)C1	sesq	True	marts_R00105	False	True	True
CC(C)=CCCC(C)=CCCC(C)=CCOP(=O)([O-])OP(=O)([O-])[O-]>>C=C(CCC=C(C)C)C1CC=C(C)CC1	CC(C)=CCCC(C)=CCCC(C)=CCOP(=O)([O-])OP(=O)([O-])[O-]>>C=C(CCC=C(C)C)C1CC=C(C)CC1	(2E,6E)-FPP	CC(C)=CCC/C(C)=C/CC/C(C)=C/COP(=O)([O-])OP(=O)([O-])[O-]	(S)-β-bisabolene	C=C(CCC=C(C)C)[C@@H]1CC=C(C)CC1	sesq	True	marts_R00033	False	True	True
CC(C)=CCCC(C)=CCCC(C)=CCOP(=O)([O-])OP(=O)([O-])[O-]>>C=C1C2CCC(C2)C1(C)CCC=C(C)C	CC(C)=CCCC(C)=CCCC(C)=CCOP(=O)([O-])OP(=O)([O-])[O-]>>C=C1C2CCC(C2)C1(C)CCC=C(C)C	(2E,6E)-FPP	CC(C)=CCC/C(C)=C/CC/C(C)=C/COP(=O)([O-])OP(=O)([O-])[O-]	β-santalene	C=C1C2CCC(C2)C1(C)CCC=C(C)C	sesq	True	marts_R00485	False	True	True
CC(C)=CCCC(C)=CCCC(C)=CCOP(=O)([O-])OP(=O)([O-])[O-]>>C=C1C2CCC3(C)C(C2)C(C)CCC13C	CC(C)=CCCC(C)=CCCC(C)=CCOP(=O)([O-])OP(=O)([O-])[O-]>>C=C1C2CCC3(C)C(C2)C(C)CCC13C	(2E,6E)-FPP	CC(C)=CCC/C(C)=C/CC/C(C)=C/COP(=O)([O-])OP(=O)([O-])[O-]	seychellene	C=C1[C@@H]2CC[C@@]3(C)[C@@H](C2)[C@@H](C)CC[C@@]13C	sesq	True	no_mechanism	False	False	False
CC(C)=CCCC(C)=CCCC(C)=CCOP(=O)([O-])OP(=O)([O-])[O-]>>C=C1C2CCC3C2C(C(C)C)CCC13C	CC(C)=CCCC(C)=CCCC(C)=CCOP(=O)([O-])OP(=O)([O-])[O-]>>C=C1C2CCC3C2C(C(C)C)CCC13C	(2E,6E)-FPP	CC(C)=CCC/C(C)=C/CC/C(C)=C/COP(=O)([O-])OP(=O)([O-])[O-]	(+)-sativene	C=C1[C@@H]2CC[C@H]3[C@@H]2[C@@H](C(C)C)CC[C@@]13C	sesq	True	marts_R00258	False	True	True
CC(C)=CCCC(C)=CCCC(C)=CCOP(=O)([O-])OP(=O)([O-])[O-]>>C=C1C2CCC3C2C(C)(C)CCCC13C	CC(C)=CCCC(C)=CCCC(C)=CCOP(=O)([O-])OP(=O)([O-])[O-]>>C=C1C2CCC3C2C(C)(C)CCCC13C	(2E,6E)-FPP	CC(C)=CCC/C(C)=C/CC/C(C)=C/COP(=O)([O-])OP(=O)([O-])[O-]	longifolene	C=C1C2CCC3C2C(C)(C)CCCC13C	sesq	True	marts_R00118	False	True	True
CC(C)=CCCC(C)=CCCC(C)=CCOP(=O)([O-])OP(=O)([O-])[O-]>>C=C1C=C2C(C(C)C)CCC(C)C2CC1	CC(C)=CCCC(C)=CCCC(C)=CCOP(=O)([O-])OP(=O)([O-])[O-]>>C=C1C=C2C(C(C)C)CCC(C)C2CC1	(2E,6E)-FPP	CC(C)=CCC/C(C)=C/CC/C(C)=C/COP(=O)([O-])OP(=O)([O-])[O-]	bicyclosesquiphellandrene	C=C1C=C2[C@H](C(C)C)CC[C@@H](C)[C@H]2CC1	sesq	True	no_mechanism	False	True	True
CC(C)=CCCC(C)=CCCC(C)=CCOP(=O)([O-])OP(=O)([O-])[O-]>>C=C1C=C2C(CC1)C(C)CCCC2(C)C	CC(C)=CCCC(C)=CCCC(C)=CCOP(=O)([O-])OP(=O)([O-])[O-]>>C=C1C=C2C(CC1)C(C)CCCC2(C)C	(2Z,6E)-FPP	CC(C)=CCC/C(C)=C/CC/C(C)=C\COP(=O)([O-])OP(=O)([O-])[O-]	(6R,7S)-2,2,6-trimethyl-10-methylenebicyclo[5.4.0]undec-1(11)-ene	C=C1C=C2[C@@H](CC1)[C@H](C)CCCC2(C)C	sesq	True	no_mechanism	False	False	False
CC(C)=CCCC(C)=CCCC(C)=CCOP(=O)([O-])OP(=O)([O-])[O-]>>C=C1C=CC(C(C)C)CCC(C)=CCC1	CC(C)=CCCC(C)=CCCC(C)=CCOP(=O)([O-])OP(=O)([O-])[O-]>>C=C1C=CC(C(C)C)CCC(C)=CCC1	(2E,6E)-FPP	CC(C)=CCC/C(C)=C/CC/C(C)=C/COP(=O)([O-])OP(=O)([O-])[O-]	(-)-germacrene D	C=C1/C=C/[C@H](C(C)C)CC/C(C)=C/CC1	sesq	True	marts_R00021	False	True	True
CC(C)=CCCC(C)=CCCC(C)=CCOP(=O)([O-])OP(=O)([O-])[O-]>>C=C1C=CC(C(C)CCC=C(C)C)CC1	CC(C)=CCCC(C)=CCCC(C)=CCOP(=O)([O-])OP(=O)([O-])[O-]>>C=C1C=CC(C(C)CCC=C(C)C)CC1	(2E,6E)-FPP	CC(C)=CCC/C(C)=C/CC/C(C)=C/COP(=O)([O-])OP(=O)([O-])[O-]	β-sesquiphellandrene	C=C1C=C[C@@H]([C@@H](C)CCC=C(C)C)CC1	sesq	True	marts_R00031	False	True	True
CC(C)=CCCC(C)=CCCC(C)=CCOP(=O)([O-])OP(=O)([O-])[O-]>>C=C1C=CC(C)(C)CCCC(C)=CCC1	CC(C)=CCCC(C)=CCCC(C)=CCOP(=O)([O-])OP(=O)([O-])[O-]>>C=C1C=CC(C)(C)CCCC(C)=CCC1	(2E,6E)-FPP	CC(C)=CCC/C(C)=C/CC/C(C)=C/COP(=O)([O-])OP(=O)([O-])[O-]	(1E,6E)-γ-humulene	C=C1/C=C/C(C)(C)CCC/C(C)=C/CC1	sesq	True	marts_R00173	False	True	True
CC(C)=CCCC(C)=CCCC(C)=CCOP(=O)([O-])OP(=O)([O-])[O-]>>C=C1CCC(C(C)C)=CC2C(C)CCC12	CC(C)=CCCC(C)=CCCC(C)=CCOP(=O)([O-])OP(=O)([O-])[O-]>>C=C1CCC(C(C)C)=CC2C(C)CCC12	(2E,6E)-FPP	CC(C)=CCC/C(C)=C/CC/C(C)=C/COP(=O)([O-])OP(=O)([O-])[O-]	(1R,4R,5S)-(−)-guaia-6,10(14)-diene	C=C1CCC(C(C)C)=C[C@@H]2[C@H](C)CC[C@@H]12	sesq	True	marts_R00327	False	True	True
CC(C)=CCCC(C)=CCCC(C)=CCOP(=O)([O-])OP(=O)([O-])[O-]>>C=C1CCC(C(C)C)C12CC=C(C)CC2	CC(C)=CCCC(C)=CCCC(C)=CCOP(=O)([O-])OP(=O)([O-])[O-]>>C=C1CCC(C(C)C)C12CC=C(C)CC2	(2E,6E)-FPP	CC(C)=CCC/C(C)=C/CC/C(C)=C/COP(=O)([O-])OP(=O)([O-])[O-]	acora-3,7(14)-diene	C=C1CC[C@@H](C(C)C)C12CC=C(C)CC2	sesq	True	no_mechanism	False	False	False
CC(C)=CCCC(C)=CCCC(C)=CCOP(=O)([O-])OP(=O)([O-])[O-]>>C=C1CCC(C(C)C)C2C=C(C)CCC12	CC(C)=CCCC(C)=CCCC(C)=CCOP(=O)([O-])OP(=O)([O-])[O-]>>C=C1CCC(C(C)C)C2C=C(C)CCC12	(2E,6E)-FPP	CC(C)=CCC/C(C)=C/CC/C(C)=C/COP(=O)([O-])OP(=O)([O-])[O-]	(−)-γ-cadinene	C=C1CC[C@H](C(C)C)[C@H]2C=C(C)CC[C@H]12	sesq	True	marts_R00122	False	True	True
CC(C)=CCCC(C)=CCCC(C)=CCOP(=O)([O-])OP(=O)([O-])[O-]>>C=C1CCC2(C(C)CCC=C(C)C)CC12	CC(C)=CCCC(C)=CCCC(C)=CCOP(=O)([O-])OP(=O)([O-])[O-]>>C=C1CCC2(C(C)CCC=C(C)C)CC12	(2E,6E)-FPP	CC(C)=CCC/C(C)=C/CC/C(C)=C/COP(=O)([O-])OP(=O)([O-])[O-]	sesquisabinene B	C=C1CC[C@]2([C@@H](C)CCC=C(C)C)C[C@H]12	sesq	True	marts_R00114	False	True	True
CC(C)=CCCC(C)=CCCC(C)=CCOP(=O)([O-])OP(=O)([O-])[O-]>>C=C1CCC2(C)CC1C1(C)CCCC21C	CC(C)=CCCC(C)=CCCC(C)=CCOP(=O)([O-])OP(=O)([O-])[O-]>>C=C1CCC2(C)CC1C1(C)CCCC21C	(2E,6E)-FPP	CC(C)=CCC/C(C)=C/CC/C(C)=C/COP(=O)([O-])OP(=O)([O-])[O-]	(+)-β-barbatene	C=C1CC[C@]2(C)C[C@H]1[C@]1(C)CCC[C@]21C	sesq	True	marts_R00252	False	True	True
CC(C)=CCCC(C)=CCCC(C)=CCOP(=O)([O-])OP(=O)([O-])[O-]>>C=C1CCC23C(C)CCC(C(C)C)C2C13	CC(C)=CCCC(C)=CCCC(C)=CCOP(=O)([O-])OP(=O)([O-])[O-]>>C=C1CCC23C(C)CCC(C(C)C)C2C13	(2E,6E)-FPP	CC(C)=CCC/C(C)=C/CC/C(C)=C/COP(=O)([O-])OP(=O)([O-])[O-]	β-cubebene	C=C1CC[C@@]23[C@@H]([C@@H]12)[C@H](C(C)C)CC[C@H]3C	sesq	True	marts_R00195	False	True	True
CC(C)=CCCC(C)=CCCC(C)=CCOP(=O)([O-])OP(=O)([O-])[O-]>>C=C1CCC2C(C)CCC3C(C12)C3(C)C	CC(C)=CCCC(C)=CCCC(C)=CCOP(=O)([O-])OP(=O)([O-])[O-]>>C=C1CCC2C(C)CCC3C(C12)C3(C)C	(2E,6E)-FPP	CC(C)=CCC/C(C)=C/CC/C(C)=C/COP(=O)([O-])OP(=O)([O-])[O-]	β-gurjunene	C=C1CC[C@H]2[C@@H]1[C@H]1[C@@H](CC[C@H]2C)C1(C)C	sesq	True	marts_R00345	False	False	False
CC(C)=CCCC(C)=CCCC(C)=CCOP(=O)([O-])OP(=O)([O-])[O-]>>C=C1CCC2C(C3C(C)CCC13)C2(C)C	CC(C)=CCCC(C)=CCCC(C)=CCOP(=O)([O-])OP(=O)([O-])[O-]>>C=C1CCC2C(C3C(C)CCC13)C2(C)C	(2E,6E)-FPP	CC(C)=CCC/C(C)=C/CC/C(C)=C/COP(=O)([O-])OP(=O)([O-])[O-]	aromadendrene	C=C1CC[C@H]2[C@@H]([C@@H]3[C@@H]1CC[C@@H]3C)C2(C)C	sesq	True	no_mechanism	False	True	True
CC(C)=CCCC(C)=CCCC(C)=CCOP(=O)([O-])OP(=O)([O-])[O-]>>C=C1CCC2C3C(C(C)C)CCC2(C)C13	CC(C)=CCCC(C)=CCCC(C)=CCOP(=O)([O-])OP(=O)([O-])[O-]>>C=C1CCC2C3C(C(C)C)CCC2(C)C13	(2E,6E)-FPP	CC(C)=CCC/C(C)=C/CC/C(C)=C/COP(=O)([O-])OP(=O)([O-])[O-]	β-copaene	C=C1CC[C@H]2[C@H]3C1[C@@]2(C)CC[C@H]3C(C)C	sesq	True	marts_R00254	False	True	True
CC(C)=CCCC(C)=CCCC(C)=CCOP(=O)([O-])OP(=O)([O-])[O-]>>C=C1CCC2C3C1C2(C)CCCC3(C)C	CC(C)=CCCC(C)=CCCC(C)=CCOP(=O)([O-])OP(=O)([O-])[O-]>>C=C1CCC2C3C1C2(C)CCCC3(C)C	(2E,6E)-FPP	CC(C)=CCC/C(C)=C/CC/C(C)=C/COP(=O)([O-])OP(=O)([O-])[O-]	β-longipinene	C=C1CCC2C3C1C2(C)CCCC3(C)C	sesq	True	marts_R00250	False	False	False
CC(C)=CCCC(C)=CCCC(C)=CCOP(=O)([O-])OP(=O)([O-])[O-]>>C=C1CCC2CC1C2(C)CCC=C(C)C	CC(C)=CCCC(C)=CCCC(C)=CCOP(=O)([O-])OP(=O)([O-])[O-]>>C=C1CCC2CC1C2(C)CCC=C(C)C	(2Z,6Z)-FPP	CC(C)=CCC/C(C)=C\CC/C(C)=C\COP(=O)([O-])OP(=O)([O-])[O-]	(+)-endo-β-bergamotene	C=C1CC[C@H]2C[C@@H]1[C@@]2(C)CCC=C(C)C	sesq	True	no_mechanism	False	True	True
CC(C)=CCCC(C)=CCCC(C)=CCOP(=O)([O-])OP(=O)([O-])[O-]>>C=C1CCC2CC3(C)CCC(C)(C)C3C12	CC(C)=CCCC(C)=CCCC(C)=CCOP(=O)([O-])OP(=O)([O-])[O-]>>C=C1CCC2CC3(C)CCC(C)(C)C3C12	(2E,6E)-FPP	CC(C)=CCC/C(C)=C/CC/C(C)=C/COP(=O)([O-])OP(=O)([O-])[O-]	Capnellene	C=C1CC[C@H]2C[C@]3(C)CCC(C)(C)[C@@H]3[C@@H]12	sesq	True	no_mechanism	False	False	False
CC(C)=CCCC(C)=CCCC(C)=CCOP(=O)([O-])OP(=O)([O-])[O-]>>C=C1CCC2CC3CC(C)(C)CC3C12C	CC(C)=CCCC(C)=CCCC(C)=CCOP(=O)([O-])OP(=O)([O-])[O-]>>C=C1CCC2CC3CC(C)(C)CC3C12C	(2E,6E)-FPP	CC(C)=CCC/C(C)=C/CC/C(C)=C/COP(=O)([O-])OP(=O)([O-])[O-]	hirsutene	C=C1CC[C@@H]2C[C@H]3CC(C)(C)C[C@H]3[C@]12C	sesq	True	marts_R00466	False	False	False
CC(C)=CCCC(C)=CCCC(C)=CCOP(=O)([O-])OP(=O)([O-])[O-]>>C=C1CCC=C(C)CCC2C1CC2(C)C	CC(C)=CCCC(C)=CCCC(C)=CCOP(=O)([O-])OP(=O)([O-])[O-]>>C=C1CCC=C(C)CCC2C1CC2(C)C	(2E,6E)-FPP	CC(C)=CCC/C(C)=C/CC/C(C)=C/COP(=O)([O-])OP(=O)([O-])[O-]	(E)-2-epi-β-caryophyllene	C=C1CC/C=C(\C)CC[C@@H]2[C@H]1CC2(C)C	sesq	True	marts_R00043	False	True	True
CC(C)=CCCC(C)=CCCC(C)=CCOP(=O)([O-])OP(=O)([O-])[O-]>>C=C1CCCC(C)(C)C12CC=C(C)CC2	CC(C)=CCCC(C)=CCCC(C)=CCOP(=O)([O-])OP(=O)([O-])[O-]>>C=C1CCCC(C)(C)C12CC=C(C)CC2	(2E,6E)-FPP	CC(C)=CCC/C(C)=C/CC/C(C)=C/COP(=O)([O-])OP(=O)([O-])[O-]	(+)-β-chamigrene	C=C1CCCC(C)(C)[C@]12CC=C(C)CC2	sesq	True	marts_R00137	False	True	True
CC(C)=CCCC(C)=CCCC(C)=CCOP(=O)([O-])OP(=O)([O-])[O-]>>C=C1CCCC(C)(C)C2C=C(C)CCC12	CC(C)=CCCC(C)=CCCC(C)=CCOP(=O)([O-])OP(=O)([O-])[O-]>>C=C1CCCC(C)(C)C2C=C(C)CCC12	(2E,6E)-FPP	CC(C)=CCC/C(C)=C/CC/C(C)=C/COP(=O)([O-])OP(=O)([O-])[O-]	α-himachalene	C=C1CCCC(C)(C)C2C=C(C)CCC12	sesq	True	marts_R00177	False	True	True
CC(C)=CCCC(C)=CCCC(C)=CCOP(=O)([O-])OP(=O)([O-])[O-]>>C=C1CCCC1(C)C1(C)CC=C(C)CC1	CC(C)=CCCC(C)=CCCC(C)=CCOP(=O)([O-])OP(=O)([O-])[O-]>>C=C1CCCC1(C)C1(C)CC=C(C)CC1	(2E,6E)-FPP	CC(C)=CCC/C(C)=C/CC/C(C)=C/COP(=O)([O-])OP(=O)([O-])[O-]	trichodiene	C=C1CCC[C@]1(C)[C@]1(C)CC=C(C)CC1	sesq	True	marts_R00099	False	True	True
CC(C)=CCCC(C)=CCCC(C)=CCOP(=O)([O-])OP(=O)([O-])[O-]>>C=C1CCCC2(C)C3CCC12CC3(C)C	CC(C)=CCCC(C)=CCCC(C)=CCOP(=O)([O-])OP(=O)([O-])[O-]>>C=C1CCCC2(C)C3CCC12CC3(C)C	(2E,6E)-FPP	CC(C)=CCC/C(C)=C/CC/C(C)=C/COP(=O)([O-])OP(=O)([O-])[O-]	beta-Neoclovene	C=C1CCCC2(C)C3CCC12CC3(C)C	sesq	True	no_mechanism	False	False	False
CC(C)=CCCC(C)=CCCC(C)=CCOP(=O)([O-])OP(=O)([O-])[O-]>>C=C1CCCC2(C)CCC(=C(C)C)CC12	CC(C)=CCCC(C)=CCCC(C)=CCOP(=O)([O-])OP(=O)([O-])[O-]>>C=C1CCCC2(C)CCC(=C(C)C)CC12	(2E,6E)-FPP	CC(C)=CCC/C(C)=C/CC/C(C)=C/COP(=O)([O-])OP(=O)([O-])[O-]	selina-4(15),7(11)-diene	C=C1CCC[C@]2(C)CCC(=C(C)C)C[C@@H]12	sesq	True	marts_R00260	False	True	True
CC(C)=CCCC(C)=CCCC(C)=CCOP(=O)([O-])OP(=O)([O-])[O-]>>C=C1CCCC2(C)CCC(C(C)(C)O)CC12	CC(C)=CCCC(C)=CCCC(C)=CCOP(=O)([O-])OP(=O)([O-])[O-]>>C=C1CCCC2(C)CCC(C(C)(C)O)CC12	(2E,6E)-FPP	CC(C)=CCC/C(C)=C/CC/C(C)=C/COP(=O)([O-])OP(=O)([O-])[O-]	β-eudesmol	C=C1CCC[C@]2(C)CC[C@@H](C(C)(C)O)C[C@@H]12	sesq	True	marts_R00272	False	True	True
CC(C)=CCCC(C)=CCCC(C)=CCOP(=O)([O-])OP(=O)([O-])[O-]>>C=C1CCCC2(C)CCC(C(C)C)=CC12	CC(C)=CCCC(C)=CCCC(C)=CCOP(=O)([O-])OP(=O)([O-])[O-]>>C=C1CCCC2(C)CCC(C(C)C)=CC12	(2E,6E)-FPP	CC(C)=CCC/C(C)=C/CC/C(C)=C/COP(=O)([O-])OP(=O)([O-])[O-]	sibirene	C=C1CCCC2(C)CCC(C(C)C)=CC12	sesq	True	marts_R00174	False	True	True
CC(C)=CCCC(C)=CCCC(C)=CCOP(=O)([O-])OP(=O)([O-])[O-]>>C=C1CCCC2(C)CCC(C(C)C)C(O)C12	CC(C)=CCCC(C)=CCCC(C)=CCOP(=O)([O-])OP(=O)([O-])[O-]>>C=C1CCCC2(C)CCC(C(C)C)C(O)C12	(2E,6E)-FPP	CC(C)=CCC/C(C)=C/CC/C(C)=C/COP(=O)([O-])OP(=O)([O-])[O-]	10-epi-juneol	C=C1CCC[C@@]2(C)CC[C@@H](C(C)C)[C@H](O)[C@@H]12	sesq	True	no_mechanism	False	True	True
CC(C)=CCCC(C)=CCCC(C)=CCOP(=O)([O-])OP(=O)([O-])[O-]>>C=CC(=C)CCC=C(C)CCC=C(C)C	CC(C)=CCCC(C)=CCCC(C)=CCOP(=O)([O-])OP(=O)([O-])[O-]>>C=CC(=C)CCC=C(C)CCC=C(C)C	(2E,6E)-FPP	CC(C)=CCC/C(C)=C/CC/C(C)=C/COP(=O)([O-])OP(=O)([O-])[O-]	trans-β-farnesene	C=CC(=C)CC/C=C(\C)CCC=C(C)C	sesq	True	marts_R00013	False	True	True
CC(C)=CCCC(C)=CCCC(C)=CCOP(=O)([O-])OP(=O)([O-])[O-]>>C=CC(C)(O)CCC=C(C)CCC=C(C)C	CC(C)=CCCC(C)=CCCC(C)=CCOP(=O)([O-])OP(=O)([O-])[O-]>>C=CC(C)(O)CCC=C(C)CCC=C(C)C	(2Z,6E)-FPP	CC(C)=CCC/C(C)=C/CC/C(C)=C\COP(=O)([O-])OP(=O)([O-])[O-]	(6E)-nerolidol	C=CC(C)(O)CC/C=C(\C)CCC=C(C)C	sesq	True	no_mechanism	False	True	True
CC(C)=CCCC(C)=CCCC(C)=CCOP(=O)([O-])OP(=O)([O-])[O-]>>C=CC(C)=CCC=C(C)CCC=C(C)C	CC(C)=CCCC(C)=CCCC(C)=CCOP(=O)([O-])OP(=O)([O-])[O-]>>C=CC(C)=CCC=C(C)CCC=C(C)C	(2E,6E)-FPP	CC(C)=CCC/C(C)=C/CC/C(C)=C/COP(=O)([O-])OP(=O)([O-])[O-]	(E,E)-α-farnesene	C=C/C(C)=C/C/C=C(\C)CCC=C(C)C	sesq	True	marts_R00102	False	True	True
CC(C)=CCCC(C)=CCCC(C)=CCOP(=O)([O-])OP(=O)([O-])[O-]>>C=CC1(C)CCC(C(=C)C)CC1C(=C)C	CC(C)=CCCC(C)=CCCC(C)=CCOP(=O)([O-])OP(=O)([O-])[O-]>>C=CC1(C)CCC(C(=C)C)CC1C(=C)C	(2E,6E)-FPP	CC(C)=CCC/C(C)=C/CC/C(C)=C/COP(=O)([O-])OP(=O)([O-])[O-]	β-elemene	C=C[C@]1(C)CC[C@@H](C(=C)C)C[C@H]1C(=C)C	sesq	True	marts_R00044	False	True	True
CC(C)=CCCC(C)=CCCC(C)=CCOP(=O)([O-])OP(=O)([O-])[O-]>>C=CC1(C)CCC(C(C)(C)O)CC1C(=C)C	CC(C)=CCCC(C)=CCCC(C)=CCOP(=O)([O-])OP(=O)([O-])[O-]>>C=CC1(C)CCC(C(C)(C)O)CC1C(=C)C	(2E,6E)-FPP	CC(C)=CCC/C(C)=C/CC/C(C)=C/COP(=O)([O-])OP(=O)([O-])[O-]	elemol	C=C[C@]1(C)CC[C@@H](C(C)(C)O)C[C@H]1C(=C)C	sesq	True	marts_R00007	False	False	False
CC(C)=CCCC(C)=CCCC(C)=CCOP(=O)([O-])OP(=O)([O-])[O-]>>C=CC1(C)CCC(C(C)C)=CC1C(=C)C	CC(C)=CCCC(C)=CCCC(C)=CCOP(=O)([O-])OP(=O)([O-])[O-]>>C=CC1(C)CCC(C(C)C)=CC1C(=C)C	(2E,6E)-FPP	CC(C)=CCC/C(C)=C/CC/C(C)=C/COP(=O)([O-])OP(=O)([O-])[O-]	δ-elemene	C=C[C@@]1(C)CCC(C(C)C)=C[C@@H]1C(=C)C	sesq	True	marts_R00204	False	False	False
CC(C)=CCCC(C)=CCCC(C)=CCOP(=O)([O-])OP(=O)([O-])[O-]>>C=CC1(C)CCC(C(C)C)C(O)C1C(=C)C	CC(C)=CCCC(C)=CCCC(C)=CCOP(=O)([O-])OP(=O)([O-])[O-]>>C=CC1(C)CCC(C(C)C)C(O)C1C(=C)C	(2E,6E)-FPP	CC(C)=CCC/C(C)=C/CC/C(C)=C/COP(=O)([O-])OP(=O)([O-])[O-]	Shyobunol	C=CC1(C)CCC(C(C)C)C(O)C1C(=C)C	sesq	True	no_mechanism	False	False	False
CC(C)=CCCC(C)=CCCC(C)=CCOP(=O)([O-])OP(=O)([O-])[O-]>>C=CC1(C)CCC2C(C1C(=C)C)C2(C)C	CC(C)=CCCC(C)=CCCC(C)=CCOP(=O)([O-])OP(=O)([O-])[O-]>>C=CC1(C)CCC2C(C1C(=C)C)C2(C)C	(2E,6E)-FPP	CC(C)=CCC/C(C)=C/CC/C(C)=C/COP(=O)([O-])OP(=O)([O-])[O-]	bicycloelemene	C=C[C@]1(C)CC[C@@H]2[C@H]([C@@H]1C(=C)C)C2(C)C	sesq	True	marts_R00226	False	False	False
CC(C)=CCCC(C)=CCCC(C)=CCOP(=O)([O-])OP(=O)([O-])[O-]>>CC(C)=CC1CCC(C)C2CCC(C)=C12	CC(C)=CCCC(C)=CCCC(C)=CCOP(=O)([O-])OP(=O)([O-])[O-]>>CC(C)=CC1CCC(C)C2CCC(C)=C12	(2E,6E)-FPP	CC(C)=CCC/C(C)=C/CC/C(C)=C/COP(=O)([O-])OP(=O)([O-])[O-]	valerena-4,7(11)-diene	CC(C)=C[C@@H]1CC[C@@H](C)[C@H]2CCC(C)=C12	sesq	True	marts_R00197	False	True	True
CC(C)=CCCC(C)=CCCC(C)=CCOP(=O)([O-])OP(=O)([O-])[O-]>>CC(C)=CCC=C(C)C1CC=C(C)CC1	CC(C)=CCCC(C)=CCCC(C)=CCOP(=O)([O-])OP(=O)([O-])[O-]>>CC(C)=CCC=C(C)C1CC=C(C)CC1	(2E,6E)-FPP	CC(C)=CCC/C(C)=C/CC/C(C)=C/COP(=O)([O-])OP(=O)([O-])[O-]	(Z)-α-bisabolene	CC(C)=CC/C=C(/C)C1CC=C(C)CC1	sesq	True	marts_R00032	False	True	True
CC(C)=CCCC(C)=CCCC(C)=CCOP(=O)([O-])OP(=O)([O-])[O-]>>CC(C)=CCCC(C)(O)C1CC=C(C)CC1	CC(C)=CCCC(C)=CCCC(C)=CCOP(=O)([O-])OP(=O)([O-])[O-]>>CC(C)=CCCC(C)(O)C1CC=C(C)CC1	(2E,6E)-FPP	CC(C)=CCC/C(C)=C/CC/C(C)=C/COP(=O)([O-])OP(=O)([O-])[O-]	(+)-epi-α-bisabolol	CC(C)=CCC[C@](C)(O)[C@H]1CC=C(C)CC1	sesq	True	marts_R00205	False	True	True
CC(C)=CCCC(C)=CCCC(C)=CCOP(=O)([O-])OP(=O)([O-])[O-]>>CC(C)=CCCC(C)=C1CC=C(C)CC1	CC(C)=CCCC(C)=CCCC(C)=CCOP(=O)([O-])OP(=O)([O-])[O-]>>CC(C)=CCCC(C)=C1CC=C(C)CC1	(2E,6E)-FPP	CC(C)=CCC/C(C)=C/CC/C(C)=C/COP(=O)([O-])OP(=O)([O-])[O-]	(Z)-γ-bisabolene	CC(C)=CCC/C(C)=C1\CC=C(C)CC1	sesq	True	marts_R00068	False	True	True
CC(C)=CCCC(C)=CCCC(C)=CCOP(=O)([O-])OP(=O)([O-])[O-]>>CC(C)=CCCC(C)=CCCC(C)=CC1C(CO)C1(C)CCC=C(C)CCC=C(C)C	CC(C)=CCCC(C)=CCCC(C)=CCOP(=O)([O-])OP(=O)([O-])[O-]>>CC(C)=CCCC(C)=CCCC(C)=CC1C(CO)C1(C)CCC=C(C)CCC=C(C)C	(2E,6E)-FPP	CC(C)=CCC/C(C)=C/CC/C(C)=C/COP(=O)([O-])OP(=O)([O-])[O-]	presqualene alcohol	CC(C)=CCC/C(C)=C/CC/C(C)=C/[C@H]1[C@H](CO)[C@@]1(C)CC/C=C(\C)CCC=C(C)C	tri	True	no_mechanism	False	False	False
CC(C)=CCCC(C)=CCCC(C)=CCOP(=O)([O-])OP(=O)([O-])[O-]>>CC(C)=CCCC(C)=CCCC(C)=CC1C(COP(=O)([O-])OP(=O)([O-])[O-])C1(C)CCC=C(C)CCC=C(C)C	CC(C)=CCCC(C)=CCCC(C)=CCOP(=O)([O-])OP(=O)([O-])[O-]>>CC(C)=CCCC(C)=CCCC(C)=CC1C(COP(=O)([O-])OP(=O)([O-])[O-])C1(C)CCC=C(C)CCC=C(C)C	(2E,6E)-FPP	CC(C)=CCC/C(C)=C/CC/C(C)=C/COP(=O)([O-])OP(=O)([O-])[O-]	presqualene diphosphate	CC(C)=CCC/C(C)=C/CC/C(C)=C/[C@H]1[C@H](COP(=O)([O-])OP(=O)([O-])[O-])[C@@]1(C)CC/C=C(\C)CCC=C(C)C	tri	True	no_mechanism	False	True	True
CC(C)=CCCC(C)=CCCC(C)=CCOP(=O)([O-])OP(=O)([O-])[O-]>>CC(C)=CCCC(C)=CCCC(C)=CC=CC=C(C)CCC=C(C)CCC=C(C)C	CC(C)=CCCC(C)=CCCC(C)=CCOP(=O)([O-])OP(=O)([O-])[O-]>>CC(C)=CCCC(C)=CCCC(C)=CC=CC=C(C)CCC=C(C)CCC=C(C)C	(2E,6E)-FPP	CC(C)=CCC/C(C)=C/CC/C(C)=C/COP(=O)([O-])OP(=O)([O-])[O-]	15-cis-4,4'-diapophytoene	CC(C)=CCC/C(C)=C/CC/C(C)=C/C=C\C=C(/C)CC/C=C(\C)CCC=C(C)C	psy	True	no_mechanism	False	False	False
CC(C)=CCCC(C)=CCCC(C)=CCOP(=O)([O-])OP(=O)([O-])[O-]>>CC(C)=CCCC(C)=CCCC(C)=CCCC(C)=CCOP(=O)([O-])OP(=O)([O-])[O-]	CC(C)=CCCC(C)=CCCC(C)=CCOP(=O)([O-])OP(=O)([O-])[O-]>>CC(C)=CCCC(C)=CCCC(C)=CCCC(C)=CCOP(=O)([O-])OP(=O)([O-])[O-]	(2E,6E)-FPP	CC(C)=CCC/C(C)=C/CC/C(C)=C/COP(=O)([O-])OP(=O)([O-])[O-]	(2E,6E,10E)-GGPP	CC(C)=CCC/C(C)=C/CC/C(C)=C/CC/C(C)=C/COP(=O)([O-])OP(=O)([O-])[O-]	pt	True	no_mechanism	False	True	True
CC(C)=CCCC(C)=CCCC(C)=CCOP(=O)([O-])OP(=O)([O-])[O-]>>CC(C)=CCCC(C)=CCCC(C)=CCCC=C(C)CCC=C(C)CCC=C(C)C	CC(C)=CCCC(C)=CCCC(C)=CCOP(=O)([O-])OP(=O)([O-])[O-]>>CC(C)=CCCC(C)=CCCC(C)=CCCC=C(C)CCC=C(C)CCC=C(C)C	(2E,6E)-FPP	CC(C)=CCC/C(C)=C/CC/C(C)=C/COP(=O)([O-])OP(=O)([O-])[O-]	squalene	CC(C)=CCC/C(C)=C/CC/C(C)=C/CC/C=C(\C)CC/C=C(\C)CCC=C(C)C	sqs	True	no_mechanism	False	False	False
CC(C)=CCCC(C)=CCCC(C)=CCOP(=O)([O-])OP(=O)([O-])[O-]>>CC(C)=CCCC(C)=CCCC(C)=CCO	CC(C)=CCCC(C)=CCCC(C)=CCOP(=O)([O-])OP(=O)([O-])[O-]>>CC(C)=CCCC(C)=CCCC(C)=CCO	(2E,6E)-FPP	CC(C)=CCC/C(C)=C/CC/C(C)=C/COP(=O)([O-])OP(=O)([O-])[O-]	(2-trans,6-trans)-farnesol	CC(C)=CCC/C(C)=C/CC/C(C)=C/CO	sesq	True	marts_R00050	False	True	True
CC(C)=CCCC(C)=CCCC(C)=CCOP(=O)([O-])OP(=O)([O-])[O-]>>CC(C)=CCCC(C)=CCCC(C)=CCOCC=C(C)CCC=C(C)CCC=C(C)C	CC(C)=CCCC(C)=CCCC(C)=CCOP(=O)([O-])OP(=O)([O-])[O-]>>CC(C)=CCCC(C)=CCCC(C)=CCOCC=C(C)CCC=C(C)CCC=C(C)C	(2E,6E)-FPP	CC(C)=CCC/C(C)=C/CC/C(C)=C/COP(=O)([O-])OP(=O)([O-])[O-]	bisfarnesyl ether	CC(C)=CCC/C(C)=C/CC/C(C)=C/COC/C=C(\C)CC/C=C(\C)CCC=C(C)C	tri	True	no_mechanism	False	False	False
CC(C)=CCCC(C)=CCCC(C)=CCOP(=O)([O-])OP(=O)([O-])[O-]>>CC(C)=CCCC(C)C12CC=C(C)C1C2	CC(C)=CCCC(C)=CCCC(C)=CCOP(=O)([O-])OP(=O)([O-])[O-]>>CC(C)=CCCC(C)C12CC=C(C)C1C2	(2E,6E)-FPP	CC(C)=CCC/C(C)=C/CC/C(C)=C/COP(=O)([O-])OP(=O)([O-])[O-]	7-epi-sesquithujene	CC(C)=CCC[C@@H](C)[C@@]12CC=C(C)[C@@H]1C2	sesq	True	marts_R00109	False	True	True
CC(C)=CCCC(C)=CCCC(C)=CCOP(=O)([O-])OP(=O)([O-])[O-]>>CC(C)=CCCC(C)C1=CC=C(C)CC1	CC(C)=CCCC(C)=CCCC(C)=CCOP(=O)([O-])OP(=O)([O-])[O-]>>CC(C)=CCCC(C)C1=CC=C(C)CC1	(2E,6E)-FPP	CC(C)=CCC/C(C)=C/CC/C(C)=C/COP(=O)([O-])OP(=O)([O-])[O-]	γ-curcumene	CC(C)=CCC[C@@H](C)C1=CC=C(C)CC1	sesq	True	marts_R00111	False	True	True
CC(C)=CCCC(C)=CCCC(C)=CCOP(=O)([O-])OP(=O)([O-])[O-]>>CC(C)=CCCC(C)C1=CCC(C)=CC1	CC(C)=CCCC(C)=CCCC(C)=CCOP(=O)([O-])OP(=O)([O-])[O-]>>CC(C)=CCCC(C)C1=CCC(C)=CC1	(2E,6E)-FPP	CC(C)=CCC/C(C)=C/CC/C(C)=C/COP(=O)([O-])OP(=O)([O-])[O-]	(−)-β-curcumene	CC(C)=CCC[C@@H](C)C1=CCC(C)=CC1	sesq	True	marts_R00113	False	False	False
CC(C)=CCCC(C)=CCCC(C)=CCOP(=O)([O-])OP(=O)([O-])[O-]>>CC(C)=CCCC(C)C1C=CC(C)=CC1	CC(C)=CCCC(C)=CCCC(C)=CCOP(=O)([O-])OP(=O)([O-])[O-]>>CC(C)=CCCC(C)C1C=CC(C)=CC1	(2E,6E)-FPP	CC(C)=CCC/C(C)=C/CC/C(C)=C/COP(=O)([O-])OP(=O)([O-])[O-]	zingiberene	CC(C)=CCC[C@H](C)[C@@H]1C=CC(C)=CC1	sesq	True	marts_R00126	False	True	True
CC(C)=CCCC(C)=CCCC(C)=CCOP(=O)([O-])OP(=O)([O-])[O-]>>CC(C)=CCCC(C)C1CCC(C)=CC1O	CC(C)=CCCC(C)=CCCC(C)=CCOP(=O)([O-])OP(=O)([O-])[O-]>>CC(C)=CCCC(C)C1CCC(C)=CC1O	(2E,6E)-FPP	CC(C)=CCC/C(C)=C/CC/C(C)=C/COP(=O)([O-])OP(=O)([O-])[O-]	(1S,6S,7R)-sesquipiperitol	CC(C)=CCCC(C)C1CCC(C)=CC1O	sesq	True	marts_R00461	False	True	True
CC(C)=CCCC(C)=CCCC(C)=CCOP(=O)([O-])OP(=O)([O-])[O-]>>CC(C)=CCCC(C)c1ccc(C)cc1	CC(C)=CCCC(C)=CCCC(C)=CCOP(=O)([O-])OP(=O)([O-])[O-]>>CC(C)=CCCC(C)c1ccc(C)cc1	(2E,6E)-FPP	CC(C)=CCC/C(C)=C/CC/C(C)=C/COP(=O)([O-])OP(=O)([O-])[O-]	α-curcumene	CC(C)=CCCC(C)c1ccc(C)cc1	sesq	True	no_mechanism	False	False	False
CC(C)=CCCC(C)=CCCC(C)=CCOP(=O)([O-])OP(=O)([O-])[O-]>>CC(C)=CCCC1(C)C2CC3C(C2)C31C	CC(C)=CCCC(C)=CCCC(C)=CCOP(=O)([O-])OP(=O)([O-])[O-]>>CC(C)=CCCC1(C)C2CC3C(C2)C31C	(2E,6E)-FPP	CC(C)=CCC/C(C)=C/CC/C(C)=C/COP(=O)([O-])OP(=O)([O-])[O-]	α-santalene	CC(C)=CCCC1(C)C2CC3C(C2)C31C	sesq	True	marts_R00484	False	True	True
CC(C)=CCCC(C)=CCCC(C)=CCOP(=O)([O-])OP(=O)([O-])[O-]>>CC(C)=CCCC1(C)C2CC=C(C)C1C2	CC(C)=CCCC(C)=CCCC(C)=CCOP(=O)([O-])OP(=O)([O-])[O-]>>CC(C)=CCCC1(C)C2CC=C(C)C1C2	(2E,6E)-FPP	CC(C)=CCC/C(C)=C/CC/C(C)=C/COP(=O)([O-])OP(=O)([O-])[O-]	(−)-exo-α-bergamotene	CC(C)=CCC[C@]1(C)[C@H]2CC=C(C)[C@@H]1C2	sesq	True	marts_R00110	False	True	True
CC(C)=CCCC(C)=CCCC(C)=CCOP(=O)([O-])OP(=O)([O-])[O-]>>CC(C)C1=CC2=C(CCC2C)C(C)CC1	CC(C)=CCCC(C)=CCCC(C)=CCOP(=O)([O-])OP(=O)([O-])[O-]>>CC(C)C1=CC2=C(CCC2C)C(C)CC1	(2E,6E)-FPP	CC(C)=CCC/C(C)=C/CC/C(C)=C/COP(=O)([O-])OP(=O)([O-])[O-]	guaia-1(5),6-diene	CC(C)C1=CC2=C(CC[C@@H]2C)[C@@H](C)CC1	sesq	True	no_mechanism	False	False	False
CC(C)=CCCC(C)=CCCC(C)=CCOP(=O)([O-])OP(=O)([O-])[O-]>>CC(C)C1CCC(C)C23CCC(C)(O)C2C13	CC(C)=CCCC(C)=CCCC(C)=CCOP(=O)([O-])OP(=O)([O-])[O-]>>CC(C)C1CCC(C)C23CCC(C)(O)C2C13	(2E,6E)-FPP	CC(C)=CCC/C(C)=C/CC/C(C)=C/COP(=O)([O-])OP(=O)([O-])[O-]	(+)-4-epi-cubebol	CC(C)[C@H]1CC[C@H](C)[C@]23CC[C@](C)(O)[C@H]2[C@H]13	sesq	True	marts_R00245	False	True	True
CC(C)=CCCC(C)=CCCC(C)=CCOP(=O)([O-])OP(=O)([O-])[O-]>>CC(C)C1CCC2(C)C3CC4C(C13)C42C	CC(C)=CCCC(C)=CCCC(C)=CCOP(=O)([O-])OP(=O)([O-])[O-]>>CC(C)C1CCC2(C)C3CC4C(C13)C42C	(2E,6E)-FPP	CC(C)=CCC/C(C)=C/CC/C(C)=C/COP(=O)([O-])OP(=O)([O-])[O-]	cyclosativene	CC(C)[C@H]1CCC2(C)C3CC4C(C31)C42C	sesq	True	marts_R00257	False	False	False
CC(C)=CCCC(C)=CCCC(C)=CCOP(=O)([O-])OP(=O)([O-])[O-]>>CC(C)C1OC2(C)CCC3C(C)CCC31C2	CC(C)=CCCC(C)=CCCC(C)=CCOP(=O)([O-])OP(=O)([O-])[O-]>>CC(C)C1OC2(C)CCC3C(C)CCC31C2	(2E,6E)-FPP	CC(C)=CCC/C(C)=C/CC/C(C)=C/COP(=O)([O-])OP(=O)([O-])[O-]	(+)-corvol ether B	CC(C)[C@@H]1O[C@]2(C)CC[C@@H]3[C@@H](C)CC[C@@]31C2	sesq	True	marts_R00229	False	True	True
CC(C)=CCCC(C)=CCCC(C)=CCOP(=O)([O-])OP(=O)([O-])[O-]>>CC(CO)=C1CC(C)(C)CC2C(C)CCC12	CC(C)=CCCC(C)=CCCC(C)=CCOP(=O)([O-])OP(=O)([O-])[O-]>>CC(CO)=C1CC(C)(C)CC2C(C)CCC12	(2E,6E)-FPP	CC(C)=CCC/C(C)=C/CC/C(C)=C/COP(=O)([O-])OP(=O)([O-])[O-]	trichobrasilenol	C/C(CO)=C1/CC(C)(C)C[C@@H]2[C@@H]1CC[C@@H]2C	sesq	True	marts_R00307	False	True	True
CC(C)=CCCC(C)=CCCC(C)=CCOP(=O)([O-])OP(=O)([O-])[O-]>>CC1(C)C2CCC3(C)CCCC3(C)C(O)C21	CC(C)=CCCC(C)=CCCC(C)=CCOP(=O)([O-])OP(=O)([O-])[O-]>>CC1(C)C2CCC3(C)CCCC3(C)C(O)C21	(2E,6E)-FPP	CC(C)=CCC/C(C)=C/CC/C(C)=C/COP(=O)([O-])OP(=O)([O-])[O-]	neomeranol B	CC1(C)[C@@H]2[C@H]1CC[C@]1(C)CCC[C@]1(C)[C@H]2O	sesq	True	marts_R00391	False	False	False
CC(C)=CCCC(C)=CCCC(C)=CCOP(=O)([O-])OP(=O)([O-])[O-]>>CC1(C)CC2C1CCC(C)(O)C1CCC21C	CC(C)=CCCC(C)=CCCC(C)=CCOP(=O)([O-])OP(=O)([O-])[O-]>>CC1(C)CC2C1CCC(C)(O)C1CCC21C	(2E,6E)-FPP	CC(C)=CCC/C(C)=C/CC/C(C)=C/COP(=O)([O-])OP(=O)([O-])[O-]	koraiol	CC1(C)C[C@H]2[C@@H]1CC[C@](C)(O)[C@H]1CC[C@]21C	sesq	True	marts_R00047	False	True	True
CC(C)=CCCC(C)=CCCC(C)=CCOP(=O)([O-])OP(=O)([O-])[O-]>>CC1(C)CCCC2(C)C3CC4C(C31)C42C	CC(C)=CCCC(C)=CCCC(C)=CCOP(=O)([O-])OP(=O)([O-])[O-]>>CC1(C)CCCC2(C)C3CC4C(C31)C42C	(2E,6E)-FPP	CC(C)=CCC/C(C)=C/CC/C(C)=C/COP(=O)([O-])OP(=O)([O-])[O-]	longicyclene	CC1(C)CCC[C@@]2(C)[C@H]3CC4C([C@@H]31)C42C	sesq	True	marts_R00488	False	False	False
CC(C)=CCCC(C)=CCCC(C)=CCOP(=O)([O-])OP(=O)([O-])[O-]>>CC1(C)CCCC2(C)C3CCC2(C)C(O)C31	CC(C)=CCCC(C)=CCCC(C)=CCOP(=O)([O-])OP(=O)([O-])[O-]>>CC1(C)CCCC2(C)C3CCC2(C)C(O)C31	(2E,6E)-FPP	CC(C)=CCC/C(C)=C/CC/C(C)=C/COP(=O)([O-])OP(=O)([O-])[O-]	longiborneol	CC1(C)CCCC2(C)C3CCC2(C)[C@@H](O)C31	sesq	True	marts_R00209	False	True	True
CC(C)=CCCC(C)=CCCC(C)=CCOP(=O)([O-])OP(=O)([O-])[O-]>>CC12CCCC(O)(C1)C1CC(C)(C)C1CC2	CC(C)=CCCC(C)=CCCC(C)=CCOP(=O)([O-])OP(=O)([O-])[O-]>>CC12CCCC(O)(C1)C1CC(C)(C)C1CC2	(2E,6E)-FPP	CC(C)=CCC/C(C)=C/CC/C(C)=C/COP(=O)([O-])OP(=O)([O-])[O-]	(+)-caryolan-1-ol	CC1(C)C[C@@H]2[C@@H]1CC[C@@]1(C)CCC[C@]2(O)C1	sesq	True	marts_R00271	False	False	False
CC(C)=CCCC(C)=CCCC(C)=CCOP(=O)([O-])OP(=O)([O-])[O-]>>CC1=C2C(CC1)C(C)CCC1C2C1(C)C	CC(C)=CCCC(C)=CCCC(C)=CCOP(=O)([O-])OP(=O)([O-])[O-]>>CC1=C2C(CC1)C(C)CCC1C2C1(C)C	(2E,6E)-FPP	CC(C)=CCC/C(C)=C/CC/C(C)=C/COP(=O)([O-])OP(=O)([O-])[O-]	(-)-α-gurjunene	CC1=C2[C@H](CC1)[C@H](C)CC[C@@H]1[C@H]2C1(C)C	sesq	True	marts_R00315	False	True	True
CC(C)=CCCC(C)=CCCC(C)=CCOP(=O)([O-])OP(=O)([O-])[O-]>>CC1=C2C=C(C(C)C)CCC(C)C2CC1	CC(C)=CCCC(C)=CCCC(C)=CCOP(=O)([O-])OP(=O)([O-])[O-]>>CC1=C2C=C(C(C)C)CCC(C)C2CC1	(2E,6E)-FPP	CC(C)=CCC/C(C)=C/CC/C(C)=C/COP(=O)([O-])OP(=O)([O-])[O-]	guaia-4,6-diene	CC1=C2C=C(C(C)C)CCC(C)C2CC1	sesq	True	marts_R00339	False	True	True
CC(C)=CCCC(C)=CCCC(C)=CCOP(=O)([O-])OP(=O)([O-])[O-]>>CC1=C2C=C(C(C)C)CCC2(C)CCC1	CC(C)=CCCC(C)=CCCC(C)=CCOP(=O)([O-])OP(=O)([O-])[O-]>>CC1=C2C=C(C(C)C)CCC2(C)CCC1	(2E,6E)-FPP	CC(C)=CCC/C(C)=C/CC/C(C)=C/COP(=O)([O-])OP(=O)([O-])[O-]	δ-selinene	CC1=C2C=C(C(C)C)CCC2(C)CCC1	sesq	True	marts_R00464	False	True	True
CC(C)=CCCC(C)=CCCC(C)=CCOP(=O)([O-])OP(=O)([O-])[O-]>>CC1=C2CC(C(C)(C)O)CCC2(C)CCC1	CC(C)=CCCC(C)=CCCC(C)=CCOP(=O)([O-])OP(=O)([O-])[O-]>>CC1=C2CC(C(C)(C)O)CCC2(C)CCC1	(2E,6E)-FPP	CC(C)=CCC/C(C)=C/CC/C(C)=C/COP(=O)([O-])OP(=O)([O-])[O-]	γ-eudesmol	CC1=C2C[C@H](C(C)(C)O)CC[C@@]2(C)CCC1	sesq	True	marts_R00323	False	True	True
CC(C)=CCCC(C)=CCCC(C)=CCOP(=O)([O-])OP(=O)([O-])[O-]>>CC1=C2CC(C)(C)C3CCC(C)C23CC1	CC(C)=CCCC(C)=CCCC(C)=CCOP(=O)([O-])OP(=O)([O-])[O-]>>CC1=C2CC(C)(C)C3CCC(C)C23CC1	(2E,6E)-FPP	CC(C)=CCC/C(C)=C/CC/C(C)=C/COP(=O)([O-])OP(=O)([O-])[O-]	panaginsene	CC1=C2CC(C)(C)[C@@H]3CC[C@@H](C)[C@]23CC1	sesq	True	no_mechanism	False	False	False
CC(C)=CCCC(C)=CCCC(C)=CCOP(=O)([O-])OP(=O)([O-])[O-]>>CC1=C2CC(C)(C)CC2C(C)CCC1CO	CC(C)=CCCC(C)=CCCC(C)=CCOP(=O)([O-])OP(=O)([O-])[O-]>>CC1=C2CC(C)(C)CC2C(C)CCC1CO	(2E,6E)-FPP	CC(C)=CCC/C(C)=C/CC/C(C)=C/COP(=O)([O-])OP(=O)([O-])[O-]	iltremulanol A	CC1=C2CC(C)(C)C[C@@H]2[C@H](C)CC[C@H]1CO	sesq	True	no_mechanism	False	False	False
CC(C)=CCCC(C)=CCCC(C)=CCOP(=O)([O-])OP(=O)([O-])[O-]>>CC1=C2CC3CCC(C)C2(CC1)C3(C)C	CC(C)=CCCC(C)=CCCC(C)=CCOP(=O)([O-])OP(=O)([O-])[O-]>>CC1=C2CC3CCC(C)C2(CC1)C3(C)C	(2E,6E)-FPP	CC(C)=CCC/C(C)=C/CC/C(C)=C/COP(=O)([O-])OP(=O)([O-])[O-]	(−)-cyperene	CC1=C2C[C@H]3CC[C@@H](C)[C@]2(CC1)C3(C)C	sesq	True	marts_R00415	False	False	False
CC(C)=CCCC(C)=CCCC(C)=CCOP(=O)([O-])OP(=O)([O-])[O-]>>CC1=C2CCC(C)C23CCC(C3)C1(C)C	CC(C)=CCCC(C)=CCCC(C)=CCOP(=O)([O-])OP(=O)([O-])[O-]>>CC1=C2CCC(C)C23CCC(C3)C1(C)C	(2E,6E)-FPP	CC(C)=CCC/C(C)=C/CC/C(C)=C/COP(=O)([O-])OP(=O)([O-])[O-]	(+)-epi-isozizaene	CC1=C2CC[C@H](C)[C@]23CC[C@@H](C3)C1(C)C	sesq	True	marts_R00082	False	True	True
CC(C)=CCCC(C)=CCCC(C)=CCOP(=O)([O-])OP(=O)([O-])[O-]>>CC1=C2CCC(C)C2C2C(CC1)C2(C)C	CC(C)=CCCC(C)=CCCC(C)=CCOP(=O)([O-])OP(=O)([O-])[O-]>>CC1=C2CCC(C)C2C2C(CC1)C2(C)C	(2E,6E)-FPP	CC(C)=CCC/C(C)=C/CC/C(C)=C/COP(=O)([O-])OP(=O)([O-])[O-]	viridiflorene	CC1=C2CC[C@@H](C)[C@H]2[C@H]2[C@@H](CC1)C2(C)C	sesq	True	marts_R00219	False	True	True
CC(C)=CCCC(C)=CCCC(C)=CCOP(=O)([O-])OP(=O)([O-])[O-]>>CC1=C2CCC(C)C2CC(C)(C)CC(O)C1	CC(C)=CCCC(C)=CCCC(C)=CCOP(=O)([O-])OP(=O)([O-])[O-]>>CC1=C2CCC(C)C2CC(C)(C)CC(O)C1	(2E,6E)-FPP	CC(C)=CCC/C(C)=C/CC/C(C)=C/COP(=O)([O-])OP(=O)([O-])[O-]	(+)-(2S,3R,9R)-pristinol	C/C1=C2\CC[C@@H](C)[C@@H]2CC(C)(C)C[C@@H](O)C1	sesq	True	marts_R00261	False	True	True
CC(C)=CCCC(C)=CCCC(C)=CCOP(=O)([O-])OP(=O)([O-])[O-]>>CC1=C2CCC2(C)C2CC(C)(C)CC2C1	CC(C)=CCCC(C)=CCCC(C)=CCOP(=O)([O-])OP(=O)([O-])[O-]>>CC1=C2CCC2(C)C2CC(C)(C)CC2C1	(2E,6E)-FPP	CC(C)=CCC/C(C)=C/CC/C(C)=C/COP(=O)([O-])OP(=O)([O-])[O-]	Δ6-protoilludene	CC1=C2CC[C@]2(C)[C@H]2CC(C)(C)C[C@H]2C1	sesq	True	marts_R00024	False	True	True
CC(C)=CCCC(C)=CCCC(C)=CCOP(=O)([O-])OP(=O)([O-])[O-]>>CC1=CC(O)C(C(C)C)CCC(C)=CCC1	CC(C)=CCCC(C)=CCCC(C)=CCOP(=O)([O-])OP(=O)([O-])[O-]>>CC1=CC(O)C(C(C)C)CCC(C)=CCC1	(2E,6E)-FPP	CC(C)=CCC/C(C)=C/CC/C(C)=C/COP(=O)([O-])OP(=O)([O-])[O-]	(+)-(1(10)E,4E,6S,7R)-germacradien-6-ol	C/C1=C\[C@@H](O)[C@@H](C(C)C)CC/C(C)=C/CC1	sesq	True	marts_R00232	False	True	True
CC(C)=CCCC(C)=CCCC(C)=CCOP(=O)([O-])OP(=O)([O-])[O-]>>CC1=CC2(C(C)C)CCC(C)C(CC1)C2O	CC(C)=CCCC(C)=CCCC(C)=CCOP(=O)([O-])OP(=O)([O-])[O-]>>CC1=CC2(C(C)C)CCC(C)C(CC1)C2O	(2E,6E)-FPP	CC(C)=CCC/C(C)=C/CC/C(C)=C/COP(=O)([O-])OP(=O)([O-])[O-]	koidzumiol	CC1=C[C@]2(C(C)C)CC[C@@H](C)[C@H](CC1)[C@H]2O	sesq	True	marts_R00329	False	False	False
CC(C)=CCCC(C)=CCCC(C)=CCOP(=O)([O-])OP(=O)([O-])[O-]>>CC1=CC2(C)CCCC23C(C)CCC13C	CC(C)=CCCC(C)=CCCC(C)=CCOP(=O)([O-])OP(=O)([O-])[O-]>>CC1=CC2(C)CCCC23C(C)CCC13C	(2E,6E)-FPP	CC(C)=CCC/C(C)=C/CC/C(C)=C/COP(=O)([O-])OP(=O)([O-])[O-]	(−)-α-isocomene	CC1=C[C@]2(C)CCC[C@@]23[C@H](C)CC[C@@]13C	sesq	True	marts_R00206	False	True	True
CC(C)=CCCC(C)=CCCC(C)=CCOP(=O)([O-])OP(=O)([O-])[O-]>>CC1=CC23CCCC(C)C2(C)CC1CC3	CC(C)=CCCC(C)=CCCC(C)=CCOP(=O)([O-])OP(=O)([O-])[O-]>>CC1=CC23CCCC(C)C2(C)CC1CC3	(2E,6E)-FPP	CC(C)=CCC/C(C)=C/CC/C(C)=C/COP(=O)([O-])OP(=O)([O-])[O-]	4,5-diepi-Isoishwarane	CC1=C[C@@]23CCC[C@@H](C)[C@]2(C)C[C@@H]1CC3	sesq	True	marts_R00414	False	False	False
CC(C)=CCCC(C)=CCCC(C)=CCOP(=O)([O-])OP(=O)([O-])[O-]>>CC1=CC2=C(C(C)C)CCC(C)C2CC1	CC(C)=CCCC(C)=CCCC(C)=CCOP(=O)([O-])OP(=O)([O-])[O-]>>CC1=CC2=C(C(C)C)CCC(C)C2CC1	(2E,6E)-FPP	CC(C)=CCC/C(C)=C/CC/C(C)=C/COP(=O)([O-])OP(=O)([O-])[O-]	epizonarene	CC1=CC2=C(C(C)C)CC[C@@H](C)[C@@H]2CC1	sesq	True	marts_R00231	False	False	False
CC(C)=CCCC(C)=CCCC(C)=CCOP(=O)([O-])OP(=O)([O-])[O-]>>CC1=CC2=C(CC1)C(C)CCC2C(C)C	CC(C)=CCCC(C)=CCCC(C)=CCOP(=O)([O-])OP(=O)([O-])[O-]>>CC1=CC2=C(CC1)C(C)CCC2C(C)C	(2E,6E)-FPP	CC(C)=CCC/C(C)=C/CC/C(C)=C/COP(=O)([O-])OP(=O)([O-])[O-]	cadina-1(6),4-diene	CC1=CC2=C(CC1)[C@@H](C)CC[C@@H]2C(C)C	sesq	True	marts_R00456	False	False	False
CC(C)=CCCC(C)=CCCC(C)=CCOP(=O)([O-])OP(=O)([O-])[O-]>>CC1=CC2C(=C(C)CCC2C(C)C)CC1	CC(C)=CCCC(C)=CCCC(C)=CCOP(=O)([O-])OP(=O)([O-])[O-]>>CC1=CC2C(=C(C)CCC2C(C)C)CC1	(2E,6E)-FPP	CC(C)=CCC/C(C)=C/CC/C(C)=C/COP(=O)([O-])OP(=O)([O-])[O-]	δ-cadinene	CC1=CC2C(=C(C)CCC2C(C)C)CC1	sesq	True	marts_R00451	False	True	True
CC(C)=CCCC(C)=CCCC(C)=CCOP(=O)([O-])OP(=O)([O-])[O-]>>CC1=CC2C(=C(C)CCCC2(C)C)CC1	CC(C)=CCCC(C)=CCCC(C)=CCOP(=O)([O-])OP(=O)([O-])[O-]>>CC1=CC2C(=C(C)CCCC2(C)C)CC1	(2E,6E)-FPP	CC(C)=CCC/C(C)=C/CC/C(C)=C/COP(=O)([O-])OP(=O)([O-])[O-]	β-himachalene	CC1=CC2C(=C(C)CCCC2(C)C)CC1	sesq	True	marts_R00175	False	False	False
CC(C)=CCCC(C)=CCCC(C)=CCOP(=O)([O-])OP(=O)([O-])[O-]>>CC1=CC2C(=CC1)C(C)CCC2C(C)C	CC(C)=CCCC(C)=CCCC(C)=CCOP(=O)([O-])OP(=O)([O-])[O-]>>CC1=CC2C(=CC1)C(C)CCC2C(C)C	(2E,6E)-FPP	CC(C)=CCC/C(C)=C/CC/C(C)=C/COP(=O)([O-])OP(=O)([O-])[O-]	cadina-1,4-diene	CC1=C[C@@H]2C(=CC1)[C@@H](C)CC[C@H]2C(C)C	sesq	True	no_mechanism	False	False	False
CC(C)=CCCC(C)=CCCC(C)=CCOP(=O)([O-])OP(=O)([O-])[O-]>>CC1=CC2C(C(C)C)CCC(C)(O)C2CC1	CC(C)=CCCC(C)=CCCC(C)=CCOP(=O)([O-])OP(=O)([O-])[O-]>>CC1=CC2C(C(C)C)CCC(C)(O)C2CC1	(2E,6E)-FPP	CC(C)=CCC/C(C)=C/CC/C(C)=C/COP(=O)([O-])OP(=O)([O-])[O-]	δ-cadinol	CC1=C[C@H]2[C@H](C(C)C)CC[C@@](C)(O)[C@H]2CC1	sesq	True	marts_R00310	False	True	True
CC(C)=CCCC(C)=CCCC(C)=CCOP(=O)([O-])OP(=O)([O-])[O-]>>CC1=CC2C(C(C)C)CCC(C)C2(O)CC1	CC(C)=CCCC(C)=CCCC(C)=CCOP(=O)([O-])OP(=O)([O-])[O-]>>CC1=CC2C(C(C)C)CCC(C)C2(O)CC1	(2E,6E)-FPP	CC(C)=CCC/C(C)=C/CC/C(C)=C/COP(=O)([O-])OP(=O)([O-])[O-]	(−)-epicubenol	CC1=C[C@H]2[C@H](C(C)C)CC[C@@H](C)[C@@]2(O)CC1	sesq	True	marts_R00459	False	False	False
CC(C)=CCCC(C)=CCCC(C)=CCOP(=O)([O-])OP(=O)([O-])[O-]>>CC1=CC2C(C)(C)C3CCC(C)C23CC1	CC(C)=CCCC(C)=CCCC(C)=CCOP(=O)([O-])OP(=O)([O-])[O-]>>CC1=CC2C(C)(C)C3CCC(C)C23CC1	(2E,6E)-FPP	CC(C)=CCC/C(C)=C/CC/C(C)=C/COP(=O)([O-])OP(=O)([O-])[O-]	(+)-Isoitalicene	CC1=C[C@@H]2C(C)(C)[C@H]3CC[C@@H](C)[C@@]23CC1	sesq	True	no_mechanism	False	False	False
CC(C)=CCCC(C)=CCCC(C)=CCOP(=O)([O-])OP(=O)([O-])[O-]>>CC1=CC2C(CC1)C(C)=CCC2C(C)C	CC(C)=CCCC(C)=CCCC(C)=CCOP(=O)([O-])OP(=O)([O-])[O-]>>CC1=CC2C(CC1)C(C)=CCC2C(C)C	(2E,6E)-FPP	CC(C)=CCC/C(C)=C/CC/C(C)=C/COP(=O)([O-])OP(=O)([O-])[O-]	α-muurolene	CC1=C[C@@H]2[C@H](CC1)C(C)=CC[C@H]2C(C)C	sesq	True	marts_R00134	False	True	True
CC(C)=CCCC(C)=CCCC(C)=CCOP(=O)([O-])OP(=O)([O-])[O-]>>CC1=CC2C(CC1)C(C)=CCCC2(C)C	CC(C)=CCCC(C)=CCCC(C)=CCOP(=O)([O-])OP(=O)([O-])[O-]>>CC1=CC2C(CC1)C(C)=CCCC2(C)C	(2E,6E)-FPP	CC(C)=CCC/C(C)=C/CC/C(C)=C/COP(=O)([O-])OP(=O)([O-])[O-]	γ-himachalene	CC1=CC2C(CC1)C(C)=CCCC2(C)C	sesq	True	marts_R00176	False	True	True
CC(C)=CCCC(C)=CCCC(C)=CCOP(=O)([O-])OP(=O)([O-])[O-]>>CC1=CC2C(CCC(C)=CCC1)C2(C)C	CC(C)=CCCC(C)=CCCC(C)=CCOP(=O)([O-])OP(=O)([O-])[O-]>>CC1=CC2C(CCC(C)=CCC1)C2(C)C	(2E,6E)-FPP	CC(C)=CCC/C(C)=C/CC/C(C)=C/COP(=O)([O-])OP(=O)([O-])[O-]	bicyclogermacrene	C/C1=C\[C@H]2[C@@H](CC/C(C)=C/CC1)C2(C)C	sesq	True	marts_R00020	False	True	True
CC(C)=CCCC(C)=CCCC(C)=CCOP(=O)([O-])OP(=O)([O-])[O-]>>CC1=CC2CC(C)(C)CC23C(C)CCC13	CC(C)=CCCC(C)=CCCC(C)=CCOP(=O)([O-])OP(=O)([O-])[O-]>>CC1=CC2CC(C)(C)CC23C(C)CCC13	(2E,6E)-FPP	CC(C)=CCC/C(C)=C/CC/C(C)=C/COP(=O)([O-])OP(=O)([O-])[O-]	pentalenene	CC1=C[C@@H]2CC(C)(C)C[C@@]23[C@H](C)CC[C@@H]13	sesq	True	marts_R00104	False	True	True
CC(C)=CCCC(C)=CCCC(C)=CCOP(=O)([O-])OP(=O)([O-])[O-]>>CC1=CC2CC(C)(C)CC2C2(C)CCC12	CC(C)=CCCC(C)=CCCC(C)=CCOP(=O)([O-])OP(=O)([O-])[O-]>>CC1=CC2CC(C)(C)CC2C2(C)CCC12	(2E,6E)-FPP	CC(C)=CCC/C(C)=C/CC/C(C)=C/COP(=O)([O-])OP(=O)([O-])[O-]	(2S,3R,6S,9S)-(−)-protoillud-7-ene	CC1=C[C@@H]2CC(C)(C)C[C@@H]2[C@@]2(C)CC[C@@H]12	sesq	True	marts_R00227	False	True	True
CC(C)=CCCC(C)=CCCC(C)=CCOP(=O)([O-])OP(=O)([O-])[O-]>>CC1=CC=C(C(C)C)CCC(C)=CCC1	CC(C)=CCCC(C)=CCCC(C)=CCOP(=O)([O-])OP(=O)([O-])[O-]>>CC1=CC=C(C(C)C)CCC(C)=CCC1	(2E,6E)-FPP	CC(C)=CCC/C(C)=C/CC/C(C)=C/COP(=O)([O-])OP(=O)([O-])[O-]	germacrene C	C/C1=C\C=C(\C(C)C)CC/C(C)=C/CC1	sesq	True	marts_R00198	False	True	True
CC(C)=CCCC(C)=CCCC(C)=CCOP(=O)([O-])OP(=O)([O-])[O-]>>CC1=CC=C(C2(C)CCCC2(C)C)CC1	CC(C)=CCCC(C)=CCCC(C)=CCOP(=O)([O-])OP(=O)([O-])[O-]>>CC1=CC=C(C2(C)CCCC2(C)C)CC1	(2E,6E)-FPP	CC(C)=CCC/C(C)=C/CC/C(C)=C/COP(=O)([O-])OP(=O)([O-])[O-]	(−)-α-cuprenene	CC1=CC=C([C@@]2(C)CCCC2(C)C)CC1	sesq	True	marts_R00255	False	True	True
CC(C)=CCCC(C)=CCCC(C)=CCOP(=O)([O-])OP(=O)([O-])[O-]>>CC1=CCC(=C(C)C)CCC(C)=CCC1	CC(C)=CCCC(C)=CCCC(C)=CCOP(=O)([O-])OP(=O)([O-])[O-]>>CC1=CCC(=C(C)C)CCC(C)=CCC1	(2E,6E)-FPP	CC(C)=CCC/C(C)=C/CC/C(C)=C/COP(=O)([O-])OP(=O)([O-])[O-]	(E,E)-germacrene B	CC(C)=C1C/C=C(\C)CC/C=C(\C)CC1	sesq	True	marts_R00086	False	True	True
CC(C)=CCCC(C)=CCCC(C)=CCOP(=O)([O-])OP(=O)([O-])[O-]>>CC1=CCC(C(C)(C)O)CCC(C)=CCC1	CC(C)=CCCC(C)=CCCC(C)=CCOP(=O)([O-])OP(=O)([O-])[O-]>>CC1=CCC(C(C)(C)O)CCC(C)=CCC1	(2E,6E)-FPP	CC(C)=CCC/C(C)=C/CC/C(C)=C/COP(=O)([O-])OP(=O)([O-])[O-]	hedycaryol	CC1=CC[C@@H](C(C)(C)O)CCC(C)=CCC1	sesq	True	marts_R00312	False	True	True
CC(C)=CCCC(C)=CCCC(C)=CCOP(=O)([O-])OP(=O)([O-])[O-]>>CC1=CCC(C(C)C)=CC2C(C)CCC12	CC(C)=CCCC(C)=CCCC(C)=CCOP(=O)([O-])OP(=O)([O-])[O-]>>CC1=CCC(C(C)C)=CC2C(C)CCC12	(2E,6E)-FPP	CC(C)=CCC/C(C)=C/CC/C(C)=C/COP(=O)([O-])OP(=O)([O-])[O-]	(+)-guaia-6,9-diene	CC1=CCC(C(C)C)=C[C@H]2[C@@H](C)CC[C@@H]12	sesq	True	marts_R00179	False	True	True
CC(C)=CCCC(C)=CCCC(C)=CCOP(=O)([O-])OP(=O)([O-])[O-]>>CC1=CCC(C)(C2=CCCC2(C)C)CC1	CC(C)=CCCC(C)=CCCC(C)=CCOP(=O)([O-])OP(=O)([O-])[O-]>>CC1=CCC(C)(C2=CCCC2(C)C)CC1	(2E,6E)-FPP	CC(C)=CCC/C(C)=C/CC/C(C)=C/COP(=O)([O-])OP(=O)([O-])[O-]	isobazzanene	CC1=CC[C@](C)(C2=CCCC2(C)C)CC1	sesq	True	marts_R00251	False	False	False
CC(C)=CCCC(C)=CCCC(C)=CCOP(=O)([O-])OP(=O)([O-])[O-]>>CC1=CCC(C2=CCCC(C)(C)C2)CC1	CC(C)=CCCC(C)=CCCC(C)=CCOP(=O)([O-])OP(=O)([O-])[O-]>>CC1=CCC(C2=CCCC(C)(C)C2)CC1	(2E,6E)-FPP	CC(C)=CCC/C(C)=C/CC/C(C)=C/COP(=O)([O-])OP(=O)([O-])[O-]	(S)-β-macrocarpene	CC1=CC[C@@H](C2=CCCC(C)(C)C2)CC1	sesq	True	marts_R00128	False	False	False
CC(C)=CCCC(C)=CCCC(C)=CCOP(=O)([O-])OP(=O)([O-])[O-]>>CC1=CCC2(C(C)C)CCC(C)C23CC13	CC(C)=CCCC(C)=CCCC(C)=CCOP(=O)([O-])OP(=O)([O-])[O-]>>CC1=CCC2(C(C)C)CCC(C)C23CC13	(2E,6E)-FPP	CC(C)=CCC/C(C)=C/CC/C(C)=C/COP(=O)([O-])OP(=O)([O-])[O-]	bungoene	CC1=CC[C@]2(C(C)C)CC[C@@H](C)[C@@]23C[C@@H]13	sesq	True	marts_R00394	False	False	False
CC(C)=CCCC(C)=CCCC(C)=CCOP(=O)([O-])OP(=O)([O-])[O-]>>CC1=CCC2(C)CC1C1(C)CCCC21C	CC(C)=CCCC(C)=CCCC(C)=CCOP(=O)([O-])OP(=O)([O-])[O-]>>CC1=CCC2(C)CC1C1(C)CCCC21C	(2E,6E)-FPP	CC(C)=CCC/C(C)=C/CC/C(C)=C/COP(=O)([O-])OP(=O)([O-])[O-]	(+)-α-barbatene	CC1=CC[C@]2(C)C[C@H]1[C@]1(C)CCC[C@]21C	sesq	True	marts_R00135	False	True	True
CC(C)=CCCC(C)=CCCC(C)=CCOP(=O)([O-])OP(=O)([O-])[O-]>>CC1=CCC2(C)CC3CC(C)(C)CC3C12	CC(C)=CCCC(C)=CCCC(C)=CCOP(=O)([O-])OP(=O)([O-])[O-]>>CC1=CCC2(C)CC3CC(C)(C)CC3C12	(2E,6E)-FPP	CC(C)=CCC/C(C)=C/CC/C(C)=C/COP(=O)([O-])OP(=O)([O-])[O-]	isohirsut-4-ene	CC1=CCC2(C)CC3CC(C)(C)CC3C12	sesq	True	no_mechanism	False	False	False
CC(C)=CCCC(C)=CCCC(C)=CCOP(=O)([O-])OP(=O)([O-])[O-]>>CC1=CCC2(C)CCC(C(C)(C)O)C2CC1	CC(C)=CCCC(C)=CCCC(C)=CCOP(=O)([O-])OP(=O)([O-])[O-]>>CC1=CCC2(C)CCC(C(C)(C)O)C2CC1	(2E,6E)-FPP	CC(C)=CCC/C(C)=C/CC/C(C)=C/COP(=O)([O-])OP(=O)([O-])[O-]	isodauc-8-en-11-ol	CC1=CC[C@@]2(C)CC[C@H](C(C)(C)O)[C@@H]2CC1	sesq	True	marts_R00392	False	False	False
CC(C)=CCCC(C)=CCCC(C)=CCOP(=O)([O-])OP(=O)([O-])[O-]>>CC1=CCC2(C)CCCC(C)(C)C23CC13	CC(C)=CCCC(C)=CCCC(C)=CCOP(=O)([O-])OP(=O)([O-])[O-]>>CC1=CCC2(C)CCCC(C)(C)C23CC13	(2E,6E)-FPP	CC(C)=CCC/C(C)=C/CC/C(C)=C/COP(=O)([O-])OP(=O)([O-])[O-]	(+)-thujopsene	CC1=CC[C@@]2(C)CCCC(C)(C)[C@]23C[C@H]13	sesq	True	marts_R00136	False	True	True
CC(C)=CCCC(C)=CCCC(C)=CCOP(=O)([O-])OP(=O)([O-])[O-]>>CC1=CCC2(CC1)C(C)=CCCC2(C)C	CC(C)=CCCC(C)=CCCC(C)=CCOP(=O)([O-])OP(=O)([O-])[O-]>>CC1=CCC2(CC1)C(C)=CCCC2(C)C	(2E,6E)-FPP	CC(C)=CCC/C(C)=C/CC/C(C)=C/COP(=O)([O-])OP(=O)([O-])[O-]	α-Chamigrene	CC1=CC[C@@]2(CC1)C(C)=CCCC2(C)C	sesq	True	no_mechanism	False	False	False
CC(C)=CCCC(C)=CCCC(C)=CCOP(=O)([O-])OP(=O)([O-])[O-]>>CC1=CCC2(CC1)C(C)CCC2C(C)(C)O	CC(C)=CCCC(C)=CCCC(C)=CCOP(=O)([O-])OP(=O)([O-])[O-]>>CC1=CCC2(CC1)C(C)CCC2C(C)(C)O	(2E,6E)-FPP	CC(C)=CCC/C(C)=C/CC/C(C)=C/COP(=O)([O-])OP(=O)([O-])[O-]	(−)-α-acorenol	CC1=CC[C@@]2(CC1)[C@H](C)CC[C@H]2C(C)(C)O	sesq	True	marts_R00046	False	True	True
CC(C)=CCCC(C)=CCCC(C)=CCOP(=O)([O-])OP(=O)([O-])[O-]>>CC1=CCC23C(C)CCC(C(C)C)C2C13	CC(C)=CCCC(C)=CCCC(C)=CCOP(=O)([O-])OP(=O)([O-])[O-]>>CC1=CCC23C(C)CCC(C(C)C)C2C13	(2E,6E)-FPP	CC(C)=CCC/C(C)=C/CC/C(C)=C/COP(=O)([O-])OP(=O)([O-])[O-]	α-cubebene	CC1=CC[C@@]23[C@@H]([C@@H]12)[C@H](C(C)C)CC[C@H]3C	sesq	True	marts_R00196	False	False	False
CC(C)=CCCC(C)=CCCC(C)=CCOP(=O)([O-])OP(=O)([O-])[O-]>>CC1=CCC2C(=C(C)C)CCC2(C)CC1	CC(C)=CCCC(C)=CCCC(C)=CCOP(=O)([O-])OP(=O)([O-])[O-]>>CC1=CCC2C(=C(C)C)CCC2(C)CC1	(2E,6E)-FPP	CC(C)=CCC/C(C)=C/CC/C(C)=C/COP(=O)([O-])OP(=O)([O-])[O-]	dauca-4,7-diene	CC1=CC[C@@H]2C(=C(C)C)CC[C@@]2(C)CC1	sesq	True	marts_R00326	False	True	True
CC(C)=CCCC(C)=CCCC(C)=CCOP(=O)([O-])OP(=O)([O-])[O-]>>CC1=CCC2C(=C1)C(C(C)C)CCC2C	CC(C)=CCCC(C)=CCCC(C)=CCOP(=O)([O-])OP(=O)([O-])[O-]>>CC1=CCC2C(=C1)C(C(C)C)CCC2C	(2E,6E)-FPP	CC(C)=CCC/C(C)=C/CC/C(C)=C/COP(=O)([O-])OP(=O)([O-])[O-]	cadina-3,5-diene	CC1=CC[C@H]2C(=C1)[C@H](C(C)C)CC[C@H]2C	sesq	True	marts_R00280	False	False	False
CC(C)=CCCC(C)=CCCC(C)=CCOP(=O)([O-])OP(=O)([O-])[O-]>>CC1=CCC2C(=C1)C(C)(C)CCCC2C	CC(C)=CCCC(C)=CCCC(C)=CCOP(=O)([O-])OP(=O)([O-])[O-]>>CC1=CCC2C(=C1)C(C)(C)CCCC2C	(2Z,6E)-FPP	CC(C)=CCC/C(C)=C/CC/C(C)=C\COP(=O)([O-])OP(=O)([O-])[O-]	(6R,7S)-himachala-9,11-diene	CC1=CC[C@@H]2C(=C1)C(C)(C)CCC[C@H]2C	sesq	True	no_mechanism	False	False	False
CC(C)=CCCC(C)=CCCC(C)=CCOP(=O)([O-])OP(=O)([O-])[O-]>>CC1=CCC2C(C)(C)CCCC2(C)C1CO	CC(C)=CCCC(C)=CCCC(C)=CCOP(=O)([O-])OP(=O)([O-])[O-]>>CC1=CCC2C(C)(C)CCCC2(C)C1CO	(2E,6E)-FPP	CC(C)=CCC/C(C)=C/CC/C(C)=C/COP(=O)([O-])OP(=O)([O-])[O-]	drimenol	CC1=CC[C@H]2C(C)(C)CCC[C@]2(C)[C@H]1CO	sesq	True	marts_R00025	False	True	True
CC(C)=CCCC(C)=CCCC(C)=CCOP(=O)([O-])OP(=O)([O-])[O-]>>CC1=CCC2C(C)(C)CCCC2(C)C1COP(=O)(O)OP(=O)(O)O	CC(C)=CCCC(C)=CCCC(C)=CCOP(=O)([O-])OP(=O)([O-])[O-]>>CC1=CCC2C(C)(C)CCCC2(C)C1COP(=O)(O)OP(=O)(O)O	(2E,6E)-FPP	CC(C)=CCC/C(C)=C/CC/C(C)=C/COP(=O)([O-])OP(=O)([O-])[O-]	drimenyl diphosphate DPP	CC1=CCC2C(C)(C)CCC[C@]2(C)[C@H]1COP(=O)(O)OP(=O)(O)O	sesq	True	no_mechanism	False	False	False
CC(C)=CCCC(C)=CCCC(C)=CCOP(=O)([O-])OP(=O)([O-])[O-]>>CC1=CCC2C(C)=CCC(C(C)C)C2C1	CC(C)=CCCC(C)=CCCC(C)=CCOP(=O)([O-])OP(=O)([O-])[O-]>>CC1=CCC2C(C)=CCC(C(C)C)C2C1	(2E,6E)-FPP	CC(C)=CCC/C(C)=C/CC/C(C)=C/COP(=O)([O-])OP(=O)([O-])[O-]	β-cadinene	CC1=CC[C@H]2C(C)=CC[C@@H](C(C)C)[C@@H]2C1	sesq	True	marts_R00208	False	True	True
CC(C)=CCCC(C)=CCCC(C)=CCOP(=O)([O-])OP(=O)([O-])[O-]>>CC1=CCC2C(C3C(C)CCC13)C2(C)C	CC(C)=CCCC(C)=CCCC(C)=CCOP(=O)([O-])OP(=O)([O-])[O-]>>CC1=CCC2C(C3C(C)CCC13)C2(C)C	(2E,6E)-FPP	CC(C)=CCC/C(C)=C/CC/C(C)=C/COP(=O)([O-])OP(=O)([O-])[O-]	allo-aromadendr-9-ene	CC1=CC[C@H]2[C@@H]([C@H]3C(C)CC[C@@H]13)C2(C)C	sesq	True	marts_R00259	False	False	False
CC(C)=CCCC(C)=CCCC(C)=CCOP(=O)([O-])OP(=O)([O-])[O-]>>CC1=CCC2C1CC(C)(C)CC1CC12C	CC(C)=CCCC(C)=CCCC(C)=CCOP(=O)([O-])OP(=O)([O-])[O-]>>CC1=CCC2C1CC(C)(C)CC1CC12C	(2E,6E)-FPP	CC(C)=CCC/C(C)=C/CC/C(C)=C/COP(=O)([O-])OP(=O)([O-])[O-]	african-3-ene	CC1=CC[C@@H]2[C@@H]1CC(C)(C)C[C@H]1C[C@]12C	sesq	True	marts_R00308	False	False	False
CC(C)=CCCC(C)=CCCC(C)=CCOP(=O)([O-])OP(=O)([O-])[O-]>>CC1=CCC2C3C(C(C)C)CCC2(C)C13	CC(C)=CCCC(C)=CCCC(C)=CCOP(=O)([O-])OP(=O)([O-])[O-]>>CC1=CCC2C3C(C(C)C)CCC2(C)C13	(2E,6E)-FPP	CC(C)=CCC/C(C)=C/CC/C(C)=C/COP(=O)([O-])OP(=O)([O-])[O-]	α-copaene	CC1=CC[C@H]2[C@H]3C1[C@@]2(C)CC[C@H]3C(C)C	sesq	True	marts_R00133	False	True	True
CC(C)=CCCC(C)=CCCC(C)=CCOP(=O)([O-])OP(=O)([O-])[O-]>>CC1=CCC2C3C1C2(C)CCCC3(C)C	CC(C)=CCCC(C)=CCCC(C)=CCOP(=O)([O-])OP(=O)([O-])[O-]>>CC1=CCC2C3C1C2(C)CCCC3(C)C	(2E,6E)-FPP	CC(C)=CCC/C(C)=C/CC/C(C)=C/COP(=O)([O-])OP(=O)([O-])[O-]	(+)-α-longipinene	CC1=CC[C@@H]2[C@@H]3[C@H]1[C@@]2(C)CCCC3(C)C	sesq	True	marts_R00225	False	False	False
CC(C)=CCCC(C)=CCCC(C)=CCOP(=O)([O-])OP(=O)([O-])[O-]>>CC1=CCC2CC3C(C)CCC13C2(C)C	CC(C)=CCCC(C)=CCCC(C)=CCOP(=O)([O-])OP(=O)([O-])[O-]>>CC1=CCC2CC3C(C)CCC13C2(C)C	(2E,6E)-FPP	CC(C)=CCC/C(C)=C/CC/C(C)=C/COP(=O)([O-])OP(=O)([O-])[O-]	α-patchoulene	CC1=CC[C@@H]2C[C@H]3[C@@H](C)CC[C@]13C2(C)C	sesq	True	marts_R00467	False	False	False
CC(C)=CCCC(C)=CCCC(C)=CCOP(=O)([O-])OP(=O)([O-])[O-]>>CC1=CCCC(C)(O)C=CC(C(C)C)CC1	CC(C)=CCCC(C)=CCCC(C)=CCOP(=O)([O-])OP(=O)([O-])[O-]>>CC1=CCCC(C)(O)C=CC(C(C)C)CC1	(2E,6E)-FPP	CC(C)=CCC/C(C)=C/CC/C(C)=C/COP(=O)([O-])OP(=O)([O-])[O-]	germacrene D-4-ol	CC1=CCCC(C)(O)C=CC(C(C)C)CC1	sesq	True	marts_R00266	False	False	False
CC(C)=CCCC(C)=CCCC(C)=CCOP(=O)([O-])OP(=O)([O-])[O-]>>CC1=CCCC(C)=CCC(C)(C)C=CC1	CC(C)=CCCC(C)=CCCC(C)=CCOP(=O)([O-])OP(=O)([O-])[O-]>>CC1=CCCC(C)=CCC(C)(C)C=CC1	(2E,6E)-FPP	CC(C)=CCC/C(C)=C/CC/C(C)=C/COP(=O)([O-])OP(=O)([O-])[O-]	(1E,4E,8E)-α-humulene	C/C1=C\CC/C(C)=C/CC(C)(C)/C=C/C1	sesq	True	marts_R00101	False	True	True
CC(C)=CCCC(C)=CCCC(C)=CCOP(=O)([O-])OP(=O)([O-])[O-]>>CC1=CCCC(C)C12CCC1C2C1(C)C	CC(C)=CCCC(C)=CCCC(C)=CCOP(=O)([O-])OP(=O)([O-])[O-]>>CC1=CCCC(C)C12CCC1C2C1(C)C	(2E,6E)-FPP	CC(C)=CCC/C(C)=C/CC/C(C)=C/COP(=O)([O-])OP(=O)([O-])[O-]	rel-(1S,2S,5R,6′R)-2′,6,6,6′-Tetramethylspiro[bicyclo[3.1.0]hexane-2,1′-cyclohexan]-2′-ene	CC1=CCC[C@@H](C)[C@]12CC[C@@H]1[C@H]2C1(C)C	sesq	True	marts_R00417	False	False	False
CC(C)=CCCC(C)=CCCC(C)=CCOP(=O)([O-])OP(=O)([O-])[O-]>>CC1=CCCC(C)C2=C(C1)CC(C)(C)C2	CC(C)=CCCC(C)=CCCC(C)=CCOP(=O)([O-])OP(=O)([O-])[O-]>>CC1=CCCC(C)C2=C(C1)CC(C)(C)C2	(2E,6E)-FPP	CC(C)=CCC/C(C)=C/CC/C(C)=C/COP(=O)([O-])OP(=O)([O-])[O-]	(3S)-(+)-asterisca-2(9),6-diene	C/C1=C/CC[C@H](C)C2=C(C1)CC(C)(C)C2	sesq	True	marts_R00346	False	True	True
CC(C)=CCCC(C)=CCCC(C)=CCOP(=O)([O-])OP(=O)([O-])[O-]>>CC1=CCCC(C)C=CC(C(C)(C)O)CC1	CC(C)=CCCC(C)=CCCC(C)=CCOP(=O)([O-])OP(=O)([O-])[O-]>>CC1=CCCC(C)C=CC(C(C)(C)O)CC1	(2E,6E)-FPP	CC(C)=CCC/C(C)=C/CC/C(C)=C/COP(=O)([O-])OP(=O)([O-])[O-]	(1E,4S,5E,7R)-germacra-1(10),5-dien-11-ol	C/C1=C\CC[C@H](C)/C=C/[C@H](C(C)(C)O)CC1	sesq	True	marts_R00066	False	True	True
CC(C)=CCCC(C)=CCCC(C)=CCOP(=O)([O-])OP(=O)([O-])[O-]>>CC1=CCCC2(C)C3CCC12CC3(C)C	CC(C)=CCCC(C)=CCCC(C)=CCOP(=O)([O-])OP(=O)([O-])[O-]>>CC1=CCCC2(C)C3CCC12CC3(C)C	(2E,6E)-FPP	CC(C)=CCC/C(C)=C/CC/C(C)=C/COP(=O)([O-])OP(=O)([O-])[O-]	alpha-neoclovene	CC1=CCC[C@@]2(C)C3CC[C@@]12CC3(C)C	sesq	True	no_mechanism	False	False	False
CC(C)=CCCC(C)=CCCC(C)=CCOP(=O)([O-])OP(=O)([O-])[O-]>>CC1=CCCC2(C)CCC(C(C)(C)O)CC12	CC(C)=CCCC(C)=CCCC(C)=CCOP(=O)([O-])OP(=O)([O-])[O-]>>CC1=CCCC2(C)CCC(C(C)(C)O)CC12	(2E,6E)-FPP	CC(C)=CCC/C(C)=C/CC/C(C)=C/COP(=O)([O-])OP(=O)([O-])[O-]	α-eudesmol	CC1=CCC[C@]2(C)CC[C@@H](C(C)(C)O)C[C@@H]12	sesq	True	marts_R00274	False	True	True
CC(C)=CCCC(C)=CCCC(C)=CCOP(=O)([O-])OP(=O)([O-])[O-]>>CC1=CCCC2(C)CCCC2(C)C(C)=C1	CC(C)=CCCC(C)=CCCC(C)=CCOP(=O)([O-])OP(=O)([O-])[O-]>>CC1=CCCC2(C)CCCC2(C)C(C)=C1	(2E,6E)-FPP	CC(C)=CCC/C(C)=C/CC/C(C)=C/COP(=O)([O-])OP(=O)([O-])[O-]	1,2,4,8-tetramethylbicyclo[6.3.0]undeca-2,4-diene	CC1=CCCC2(C)CCCC2(C)C(C)=C1	sesq	True	no_mechanism	False	False	False
CC(C)=CCCC(C)=CCCC(C)=CCOP(=O)([O-])OP(=O)([O-])[O-]>>CC1=CCCC2C(=C(C)C)CCC2(C)C1	CC(C)=CCCC(C)=CCCC(C)=CCOP(=O)([O-])OP(=O)([O-])[O-]>>CC1=CCCC2C(=C(C)C)CCC2(C)C1	(2E,6E)-FPP	CC(C)=CCC/C(C)=C/CC/C(C)=C/COP(=O)([O-])OP(=O)([O-])[O-]	(E)-dauca-4(11),8-diene	CC1=CCC[C@H]2C(=C(C)C)CC[C@]2(C)C1	sesq	True	marts_R00455	False	False	False
CC(C)=CCCC(C)=CCCC(C)=CCOP(=O)([O-])OP(=O)([O-])[O-]>>CC1CCC(C(C)(C)O)CC2=C1CCC2C	CC(C)=CCCC(C)=CCCC(C)=CCOP(=O)([O-])OP(=O)([O-])[O-]>>CC1CCC(C(C)(C)O)CC2=C1CCC2C	(2E,6E)-FPP	CC(C)=CCC/C(C)=C/CC/C(C)=C/COP(=O)([O-])OP(=O)([O-])[O-]	guaiol	C[C@H]1CC[C@@H](C(C)(C)O)CC2=C1CC[C@@H]2C	sesq	True	marts_R00235	False	False	False
CC(C)=CCCC(C)=CCCC(C)=CCOP(=O)([O-])OP(=O)([O-])[O-]>>CC1CCC(O)C2(C)CCC3C(C12)C3(C)C	CC(C)=CCCC(C)=CCCC(C)=CCOP(=O)([O-])OP(=O)([O-])[O-]>>CC1CCC(O)C2(C)CCC3C(C12)C3(C)C	(2E,6E)-FPP	CC(C)=CCC/C(C)=C/CC/C(C)=C/COP(=O)([O-])OP(=O)([O-])[O-]	avermitilol	C[C@@H]1CC[C@H](O)[C@@]2(C)CC[C@@H]3[C@H]([C@H]12)C3(C)C	sesq	True	marts_R00103	False	True	True
CC(C)=CCCC(C)=CCCC(C)=CCOP(=O)([O-])OP(=O)([O-])[O-]>>CC1CCC2(C(C)C)OC3(C)CCC1C2C3	CC(C)=CCCC(C)=CCCC(C)=CCOP(=O)([O-])OP(=O)([O-])[O-]>>CC1CCC2(C(C)C)OC3(C)CCC1C2C3	(2E,6E)-FPP	CC(C)=CCC/C(C)=C/CC/C(C)=C/COP(=O)([O-])OP(=O)([O-])[O-]	(+)-corvol ether A	CC(C)[C@]12CC[C@H](C)[C@H]3CC[C@](C)(C[C@H]31)O2	sesq	True	marts_R00230	False	True	True
CC(C)=CCCC(C)=CCCC(C)=CCOP(=O)([O-])OP(=O)([O-])[O-]>>CC1CCC2(C)CC3CC(C)(C)C=C3C12	CC(C)=CCCC(C)=CCCC(C)=CCOP(=O)([O-])OP(=O)([O-])[O-]>>CC1CCC2(C)CC3CC(C)(C)C=C3C12	(2E,6E)-FPP	CC(C)=CCC/C(C)=C/CC/C(C)=C/COP(=O)([O-])OP(=O)([O-])[O-]	(5S,7S,10R,11S)-cucumene	C[C@@H]1CC[C@@]2(C)C[C@@H]3CC(C)(C)C=C3[C@@H]12	sesq	True	marts_R00465	False	False	False
CC(C)=CCCC(C)=CCCC(C)=CCOP(=O)([O-])OP(=O)([O-])[O-]>>CC1CCC2(O)C(C)(C)C3CCC2(C)C1C3	CC(C)=CCCC(C)=CCCC(C)=CCOP(=O)([O-])OP(=O)([O-])[O-]>>CC1CCC2(O)C(C)(C)C3CCC2(C)C1C3	(2E,6E)-FPP	CC(C)=CCC/C(C)=C/CC/C(C)=C/COP(=O)([O-])OP(=O)([O-])[O-]	patchoulol	C[C@H]1CC[C@@]2(O)C(C)(C)[C@@H]3CC[C@@]2(C)[C@H]1C3	sesq	True	marts_R00138	False	False	False
CC(C)=CCCC(C)=CCCC(C)=CCOP(=O)([O-])OP(=O)([O-])[O-]>>CC1CCC2=C1CC1CCC2(C)C1(C)C	CC(C)=CCCC(C)=CCCC(C)=CCOP(=O)([O-])OP(=O)([O-])[O-]>>CC1CCC2=C1CC1CCC2(C)C1(C)C	(2E,6E)-FPP	CC(C)=CCC/C(C)=C/CC/C(C)=C/COP(=O)([O-])OP(=O)([O-])[O-]	β-patchoulene	C[C@H]1CCC2=C1C[C@H]1CC[C@]2(C)C1(C)C	sesq	True	no_mechanism	False	False	False
CC(C)=CCCC(C)=CCCC(C)=CCOP(=O)([O-])OP(=O)([O-])[O-]>>CC1CCC2C(C)(C)C3CC12CCC3(C)O	CC(C)=CCCC(C)=CCCC(C)=CCOP(=O)([O-])OP(=O)([O-])[O-]>>CC1CCC2C(C)(C)C3CC12CCC3(C)O	(2E,6E)-FPP	CC(C)=CCC/C(C)=C/CC/C(C)=C/COP(=O)([O-])OP(=O)([O-])[O-]	cedrol	C[C@@H]1CC[C@H]2C(C)(C)[C@H]3C[C@@]12CC[C@@]3(C)O	sesq	True	marts_R00306	False	True	True
CC(C)=CCCC(C)=CCCC(C)=CCOP(=O)([O-])OP(=O)([O-])[O-]>>CC1CCC2C(C)(C)CC3(C)CCC1C23O	CC(C)=CCCC(C)=CCCC(C)=CCOP(=O)([O-])OP(=O)([O-])[O-]>>CC1CCC2C(C)(C)CC3(C)CCC1C23O	(2E,6E)-FPP	CC(C)=CCC/C(C)=C/CC/C(C)=C/COP(=O)([O-])OP(=O)([O-])[O-]	presilphiperfolan-8β-ol	C[C@@H]1CC[C@H]2C(C)(C)C[C@]3(C)CC[C@@H]1[C@@]23O	sesq	True	marts_R00107	False	True	True
CC(C)=CCCC(C)=CCCC(C)=CCOP(=O)([O-])OP(=O)([O-])[O-]>>CC1CCC2C(C2(C)C)C2(O)C(C)CCC12	CC(C)=CCCC(C)=CCCC(C)=CCOP(=O)([O-])OP(=O)([O-])[O-]>>CC1CCC2C(C2(C)C)C2(O)C(C)CCC12	(2E,6E)-FPP	CC(C)=CCC/C(C)=C/CC/C(C)=C/COP(=O)([O-])OP(=O)([O-])[O-]	5-hydroxy-α-gurjunene	CC1CC[C@@H]2[C@H](C)CC[C@@H]3[C@@H](C3(C)C)C12O	sesq	True	marts_R00331	False	True	True
CC(C)=CCCC(C)=CCCC(C)=CCOP(=O)([O-])OP(=O)([O-])[O-]>>CC1CCC2C1=CC(C)(C)CC1CC12C	CC(C)=CCCC(C)=CCCC(C)=CCOP(=O)([O-])OP(=O)([O-])[O-]>>CC1CCC2C1=CC(C)(C)CC1CC12C	(2E,6E)-FPP	CC(C)=CCC/C(C)=C/CC/C(C)=C/COP(=O)([O-])OP(=O)([O-])[O-]	african-1-ene	C[C@@H]1CC[C@@H]2C1=CC(C)(C)C[C@H]1C[C@]12C	sesq	True	marts_R00309	False	True	True
CC(C)=CCCC(C)=CCCC(C)=CCOP(=O)([O-])OP(=O)([O-])[O-]>>CC1CCC2C1C1C(CCC2(C)O)C1(C)C	CC(C)=CCCC(C)=CCCC(C)=CCOP(=O)([O-])OP(=O)([O-])[O-]>>CC1CCC2C1C1C(CCC2(C)O)C1(C)C	(2E,6E)-FPP	CC(C)=CCC/C(C)=C/CC/C(C)=C/COP(=O)([O-])OP(=O)([O-])[O-]	viridiflorol	C[C@@H]1CC[C@H]2[C@@H]1[C@H]1[C@@H](CC[C@]2(C)O)C1(C)C	sesq	True	marts_R00311	False	False	False
CC(C)=CCCC(C)=CCCC(C)=CCOP(=O)([O-])OP(=O)([O-])[O-]>>CC1CCC2C3(C)CC3CC(C)(C)CC12O	CC(C)=CCCC(C)=CCCC(C)=CCOP(=O)([O-])OP(=O)([O-])[O-]>>CC1CCC2C3(C)CC3CC(C)(C)CC12O	(2E,6E)-FPP	CC(C)=CCC/C(C)=C/CC/C(C)=C/COP(=O)([O-])OP(=O)([O-])[O-]	(+)-isoafricanol	C[C@@H]1CC[C@H]2[C@]3(C)C[C@@H]3CC(C)(C)C[C@@]12O	sesq	True	marts_R00221	False	True	True
CC(C)=CCCC(C)=CCCC(C)=CCOP(=O)([O-])OP(=O)([O-])[O-]>>CC1CCC=C2CCC(C(C)(C)O)CC21C	CC(C)=CCCC(C)=CCCC(C)=CCOP(=O)([O-])OP(=O)([O-])[O-]>>CC1CCC=C2CCC(C(C)(C)O)CC21C	(2E,6E)-FPP	CC(C)=CCC/C(C)=C/CC/C(C)=C/COP(=O)([O-])OP(=O)([O-])[O-]	valerianol	C[C@@H]1CCC=C2CC[C@@H](C(C)(C)O)C[C@]21C	sesq	True	marts_R00212	False	True	True
CC(C)=CCCC(C)=CCCC(C)=CCOP(=O)([O-])OP(=O)([O-])[O-]>>CC1CCC=C2CCC3C(C3(C)C)C21C	CC(C)=CCCC(C)=CCCC(C)=CCOP(=O)([O-])OP(=O)([O-])[O-]>>CC1CCC=C2CCC3C(C3(C)C)C21C	(2E,6E)-FPP	CC(C)=CCC/C(C)=C/CC/C(C)=C/COP(=O)([O-])OP(=O)([O-])[O-]	1-aristolene	CC1CCC=C2CCC3C(C3(C)C)C21C	sesq	True	marts_R00193	False	True	True
CC(C)=CCCC(C)=CCCC(C)=CCOP(=O)([O-])OP(=O)([O-])[O-]>>CC1CCCC2(C)CCC(C(C)(C)O)CC12O	CC(C)=CCCC(C)=CCCC(C)=CCOP(=O)([O-])OP(=O)([O-])[O-]>>CC1CCCC2(C)CCC(C(C)(C)O)CC12O	(2E,6E)-FPP	CC(C)=CCC/C(C)=C/CC/C(C)=C/COP(=O)([O-])OP(=O)([O-])[O-]	7-epi-ent-eudesmane-5,11-diol	C[C@H]1CCC[C@@]2(C)CC[C@@H](C(C)(C)O)C[C@]12O	sesq	True	marts_R00314	False	True	True
CC(C)=CCCC(C)=CCCC(C)=CCOP(=O)([O-])OP(=O)([O-])[O-]>>CC1CCCC2(C)CCCCC12O	CC(C)=CCCC(C)=CCCC(C)=CCOP(=O)([O-])OP(=O)([O-])[O-]>>CC1CCCC2(C)CCCCC12O	(2E,6E)-FPP	CC(C)=CCC/C(C)=C/CC/C(C)=C/COP(=O)([O-])OP(=O)([O-])[O-]	geosmin	C[C@H]1CCC[C@@]2(C)CCCC[C@]12O	sesq	True	no_mechanism	False	False	False
CC(C)=CCCC(C)=CCCC(C)=CCOP(=O)([O-])OP(=O)([O-])[O-]>>CC1CCCC23CC4C(CC12C)C4(C)C3	CC(C)=CCCC(C)=CCCC(C)=CCOP(=O)([O-])OP(=O)([O-])[O-]>>CC1CCCC23CC4C(CC12C)C4(C)C3	(2E,6E)-FPP	CC(C)=CCC/C(C)=C/CC/C(C)=C/COP(=O)([O-])OP(=O)([O-])[O-]	ishwarane	C[C@@H]1CCC[C@]23CC4C(C[C@@]12C)[C@]4(C)C3	sesq	True	marts_R00416	False	False	False
CC(C)=CCCC(C)=CCCC(C)=CCOP(=O)([O-])OP(=O)([O-])[O-]>>CC1CCCC2=CCC(C(C)(C)O)CC21C	CC(C)=CCCC(C)=CCCC(C)=CCOP(=O)([O-])OP(=O)([O-])[O-]>>CC1CCCC2=CCC(C(C)(C)O)CC21C	(2E,6E)-FPP	CC(C)=CCC/C(C)=C/CC/C(C)=C/COP(=O)([O-])OP(=O)([O-])[O-]	discoidol	C[C@H]1CCCC2=CC[C@H](C(C)(C)O)C[C@]21C	sesq	True	marts_R00129	False	True	True
CC(C)=CCCC(C)=CCCC(C)=CCOP(=O)([O-])OP(=O)([O-])[O-]>>CC1CCCC2=CCC3C(C3(C)C)C21C	CC(C)=CCCC(C)=CCCC(C)=CCOP(=O)([O-])OP(=O)([O-])[O-]>>CC1CCCC2=CCC3C(C3(C)C)C21C	(2E,6E)-FPP	CC(C)=CCC/C(C)=C/CC/C(C)=C/COP(=O)([O-])OP(=O)([O-])[O-]	(-)-Aristolene	CC1CCCC2=CCC3C(C3(C)C)C21C	sesq	True	marts_R00194	False	True	True
CC(C)=CCCC(C)=CCOP(=O)([O-])OP(=O)([O-])[O-]>>C=C(C)C1CC=C(C)CC1	CC(C)=CCCC(C)=CCOP(=O)([O-])OP(=O)([O-])[O-]>>C=C(C)C1CC=C(C)CC1	(2E)-GPP	CC(C)=CCC/C(C)=C/COP(=O)([O-])OP(=O)([O-])[O-]	limonene	C=C(C)C1CC=C(C)CC1	mono	True	marts_R00428	False	True	True
CC(C)=CCCC(C)=CCOP(=O)([O-])OP(=O)([O-])[O-]>>C=C(C)C1CCC=C(C)C1	CC(C)=CCCC(C)=CCOP(=O)([O-])OP(=O)([O-])[O-]>>C=C(C)C1CCC=C(C)C1	(2E)-GPP	CC(C)=CCC/C(C)=C/COP(=O)([O-])OP(=O)([O-])[O-]	sylvestrene	C=C(C)C1CCC=C(C)C1	mono	True	no_mechanism	False	False	False
CC(C)=CCCC(C)=CCOP(=O)([O-])OP(=O)([O-])[O-]>>C=C1C2CCC(C2)C1(C)C	CC(C)=CCCC(C)=CCOP(=O)([O-])OP(=O)([O-])[O-]>>C=C1C2CCC(C2)C1(C)C	(2E)-GPP	CC(C)=CCC/C(C)=C/COP(=O)([O-])OP(=O)([O-])[O-]	(−)-camphene	C=C1[C@@H]2CC[C@@H](C2)C1(C)C	mono	True	marts_R00058	False	False	False
CC(C)=CCCC(C)=CCOP(=O)([O-])OP(=O)([O-])[O-]>>C=C1C=CC(C(C)C)CC1	CC(C)=CCCC(C)=CCOP(=O)([O-])OP(=O)([O-])[O-]>>C=C1C=CC(C(C)C)CC1	(2E)-GPP	CC(C)=CCC/C(C)=C/COP(=O)([O-])OP(=O)([O-])[O-]	β-phellandrene	C=C1C=CC(C(C)C)CC1	mono	True	marts_R00002	False	True	True
CC(C)=CCCC(C)=CCOP(=O)([O-])OP(=O)([O-])[O-]>>C=C1CC=C(C(C)C)CC1	CC(C)=CCCC(C)=CCOP(=O)([O-])OP(=O)([O-])[O-]>>C=C1CC=C(C(C)C)CC1	(2E)-GPP	CC(C)=CCC/C(C)=C/COP(=O)([O-])OP(=O)([O-])[O-]	β-terpinene	C=C1CC=C(C(C)C)CC1	mono	True	no_mechanism	False	False	False
CC(C)=CCCC(C)=CCOP(=O)([O-])OP(=O)([O-])[O-]>>C=C1CCC2(C(C)C)CC12	CC(C)=CCCC(C)=CCOP(=O)([O-])OP(=O)([O-])[O-]>>C=C1CCC2(C(C)C)CC12	(2E)-GPP	CC(C)=CCC/C(C)=C/COP(=O)([O-])OP(=O)([O-])[O-]	sabinene	C=C1CCC2(C(C)C)CC12	mono	True	marts_R00418	False	True	True
CC(C)=CCCC(C)=CCOP(=O)([O-])OP(=O)([O-])[O-]>>C=C1CCC2CC1C2(C)C	CC(C)=CCCC(C)=CCOP(=O)([O-])OP(=O)([O-])[O-]>>C=C1CCC2CC1C2(C)C	(2E)-GPP	CC(C)=CCC/C(C)=C/COP(=O)([O-])OP(=O)([O-])[O-]	(−)-β-pinene	C=C1CC[C@H]2C[C@@H]1C2(C)C	mono	True	marts_R00057	False	True	True
CC(C)=CCCC(C)=CCOP(=O)([O-])OP(=O)([O-])[O-]>>C=CC(=C)CCC=C(C)C	CC(C)=CCCC(C)=CCOP(=O)([O-])OP(=O)([O-])[O-]>>C=CC(=C)CCC=C(C)C	(2E)-GPP	CC(C)=CCC/C(C)=C/COP(=O)([O-])OP(=O)([O-])[O-]	β-myrcene	C=CC(=C)CCC=C(C)C	mono	True	marts_R00017	False	True	True
CC(C)=CCCC(C)=CCOP(=O)([O-])OP(=O)([O-])[O-]>>C=CC(C)(O)CCC=C(C)C	CC(C)=CCCC(C)=CCOP(=O)([O-])OP(=O)([O-])[O-]>>C=CC(C)(O)CCC=C(C)C	(2E)-GPP	CC(C)=CCC/C(C)=C/COP(=O)([O-])OP(=O)([O-])[O-]	linalool	C=CC(C)(O)CCC=C(C)C	mono	True	marts_R00427	False	True	True
CC(C)=CCCC(C)=CCOP(=O)([O-])OP(=O)([O-])[O-]>>C=CC(C)=CCC=C(C)C	CC(C)=CCCC(C)=CCOP(=O)([O-])OP(=O)([O-])[O-]>>C=CC(C)=CCC=C(C)C	(2E)-GPP	CC(C)=CCC/C(C)=C/COP(=O)([O-])OP(=O)([O-])[O-]	(Z)-β-ocimene	C=C/C(C)=C\CC=C(C)C	mono	True	marts_R00019	False	True	True
CC(C)=CCCC(C)=CCOP(=O)([O-])OP(=O)([O-])[O-]>>CC(C)=CCCC(C)=CCO	CC(C)=CCCC(C)=CCOP(=O)([O-])OP(=O)([O-])[O-]>>CC(C)=CCCC(C)=CCO	(2E)-GPP	CC(C)=CCC/C(C)=C/COP(=O)([O-])OP(=O)([O-])[O-]	geraniol	CC(C)=CCC/C(C)=C/CO	mono	True	marts_R00051	False	True	True
CC(C)=CCCC(C)=CCOP(=O)([O-])OP(=O)([O-])[O-]>>CC(C)C12CCC(C)(O)C1C2	CC(C)=CCCC(C)=CCOP(=O)([O-])OP(=O)([O-])[O-]>>CC(C)C12CCC(C)(O)C1C2	(2E)-GPP	CC(C)=CCC/C(C)=C/COP(=O)([O-])OP(=O)([O-])[O-]	(E)-(Z)-sabinene hydrate	CC(C)[C@@]12CC[C@](C)(O)[C@@H]1C2	mono	True	marts_R00450	False	True	True
CC(C)=CCCC(C)=CCOP(=O)([O-])OP(=O)([O-])[O-]>>CC1(C)C2CC3C(C2)C31C	CC(C)=CCCC(C)=CCOP(=O)([O-])OP(=O)([O-])[O-]>>CC1(C)C2CC3C(C2)C31C	(2E)-GPP	CC(C)=CCC/C(C)=C/COP(=O)([O-])OP(=O)([O-])[O-]	tricyclene	CC1(C)C2CC3C(C2)C31C	mono	True	marts_R00060	False	True	True
CC(C)=CCCC(C)=CCOP(=O)([O-])OP(=O)([O-])[O-]>>CC1(C)C2CCC1(C)C(OP(=O)(O)OP(=O)(O)O)C2	CC(C)=CCCC(C)=CCOP(=O)([O-])OP(=O)([O-])[O-]>>CC1(C)C2CCC1(C)C(OP(=O)(O)OP(=O)(O)O)C2	(2E)-GPP	CC(C)=CCC/C(C)=C/COP(=O)([O-])OP(=O)([O-])[O-]	(+)-bornyl diphosphate	CC1(C)[C@@H]2CC[C@@]1(C)[C@@H](OP(=O)(O)OP(=O)(O)O)C2	mono	True	marts_R00169	False	False	False
CC(C)=CCCC(C)=CCOP(=O)([O-])OP(=O)([O-])[O-]>>CC12CCC(C1)C(C)(C)C2O	CC(C)=CCCC(C)=CCOP(=O)([O-])OP(=O)([O-])[O-]>>CC12CCC(C1)C(C)(C)C2O	(2E)-GPP	CC(C)=CCC/C(C)=C/COP(=O)([O-])OP(=O)([O-])[O-]	(−)-endo-fenchol	CC1(C)[C@@H]2CC[C@@](C)(C2)[C@@H]1O	mono	True	marts_R00045	False	True	True
CC(C)=CCCC(C)=CCOP(=O)([O-])OP(=O)([O-])[O-]>>CC12CCC(CC1)C(C)(C)O2	CC(C)=CCCC(C)=CCOP(=O)([O-])OP(=O)([O-])[O-]>>CC12CCC(CC1)C(C)(C)O2	(2E)-GPP	CC(C)=CCC/C(C)=C/COP(=O)([O-])OP(=O)([O-])[O-]	1,8-cineole	CC1(C)O[C@]2(C)CC[C@H]1CC2	mono	True	marts_R00054	False	True	True
CC(C)=CCCC(C)=CCOP(=O)([O-])OP(=O)([O-])[O-]>>CC1=CC2C(CC1)C2(C)C	CC(C)=CCCC(C)=CCOP(=O)([O-])OP(=O)([O-])[O-]>>CC1=CC2C(CC1)C2(C)C	(2E)-GPP	CC(C)=CCC/C(C)=C/COP(=O)([O-])OP(=O)([O-])[O-]	delta-2-carene	CC1=C[C@H]2[C@@H](CC1)C2(C)C	mono	True	no_mechanism	False	False	False
CC(C)=CCCC(C)=CCOP(=O)([O-])OP(=O)([O-])[O-]>>CC1=CC=C(C(C)C)CC1	CC(C)=CCCC(C)=CCOP(=O)([O-])OP(=O)([O-])[O-]>>CC1=CC=C(C(C)C)CC1	(2E)-GPP	CC(C)=CCC/C(C)=C/COP(=O)([O-])OP(=O)([O-])[O-]	α-terpinene	CC1=CC=C(C(C)C)CC1	mono	True	marts_R00001	False	False	False
CC(C)=CCCC(C)=CCOP(=O)([O-])OP(=O)([O-])[O-]>>CC1=CCC(=C(C)C)CC1	CC(C)=CCCC(C)=CCOP(=O)([O-])OP(=O)([O-])[O-]>>CC1=CCC(=C(C)C)CC1	(2E)-GPP	CC(C)=CCC/C(C)=C/COP(=O)([O-])OP(=O)([O-])[O-]	terpinolene	CC1=CCC(=C(C)C)CC1	mono	True	marts_R00004	False	True	True
CC(C)=CCCC(C)=CCOP(=O)([O-])OP(=O)([O-])[O-]>>CC1=CCC(C(C)(C)O)CC1	CC(C)=CCCC(C)=CCOP(=O)([O-])OP(=O)([O-])[O-]>>CC1=CCC(C(C)(C)O)CC1	(2E)-GPP	CC(C)=CCC/C(C)=C/COP(=O)([O-])OP(=O)([O-])[O-]	α-terpineol	CC1=CCC(C(C)(C)O)CC1	mono	True	marts_R00432	False	False	False
CC(C)=CCCC(C)=CCOP(=O)([O-])OP(=O)([O-])[O-]>>CC1=CCC(C(C)C)=CC1	CC(C)=CCCC(C)=CCOP(=O)([O-])OP(=O)([O-])[O-]>>CC1=CCC(C(C)C)=CC1	(2E)-GPP	CC(C)=CCC/C(C)=C/COP(=O)([O-])OP(=O)([O-])[O-]	γ-terpinene	CC1=CCC(C(C)C)=CC1	mono	True	marts_R00003	False	True	True
CC(C)=CCCC(C)=CCOP(=O)([O-])OP(=O)([O-])[O-]>>CC1=CCC(C(C)C)C=C1	CC(C)=CCCC(C)=CCOP(=O)([O-])OP(=O)([O-])[O-]>>CC1=CCC(C(C)C)C=C1	(2E)-GPP	CC(C)=CCC/C(C)=C/COP(=O)([O-])OP(=O)([O-])[O-]	α-phellandrene	CC1=CCC(C(C)C)C=C1	mono	True	marts_R00423	False	False	False
CC(C)=CCCC(C)=CCOP(=O)([O-])OP(=O)([O-])[O-]>>CC1=CCC(O)(C(C)C)CC1	CC(C)=CCCC(C)=CCOP(=O)([O-])OP(=O)([O-])[O-]>>CC1=CCC(O)(C(C)C)CC1	(2E)-GPP	CC(C)=CCC/C(C)=C/COP(=O)([O-])OP(=O)([O-])[O-]	4-terpineol	CC1=CCC(O)(C(C)C)CC1	mono	True	marts_R00433	False	True	True
CC(C)=CCCC(C)=CCOP(=O)([O-])OP(=O)([O-])[O-]>>CC1=CCC2(C(C)C)CC12	CC(C)=CCCC(C)=CCOP(=O)([O-])OP(=O)([O-])[O-]>>CC1=CCC2(C(C)C)CC12	(2E)-GPP	CC(C)=CCC/C(C)=C/COP(=O)([O-])OP(=O)([O-])[O-]	α-thujene	CC1=CCC2(C(C)C)CC12	mono	True	marts_R00419	False	False	False
CC(C)=CCCC(C)=CCOP(=O)([O-])OP(=O)([O-])[O-]>>CC1=CCC2C(C1)C2(C)C	CC(C)=CCCC(C)=CCOP(=O)([O-])OP(=O)([O-])[O-]>>CC1=CCC2C(C1)C2(C)C	(2E)-GPP	CC(C)=CCC/C(C)=C/COP(=O)([O-])OP(=O)([O-])[O-]	(+)-car-3-ene	CC1=CC[C@@H]2[C@H](C1)C2(C)C	mono	True	marts_R00061	False	False	False
CC(C)=CCCC(C)=CCOP(=O)([O-])OP(=O)([O-])[O-]>>CC1=CCC2CC1C2(C)C	CC(C)=CCCC(C)=CCOP(=O)([O-])OP(=O)([O-])[O-]>>CC1=CCC2CC1C2(C)C	(2E)-GPP	CC(C)=CCC/C(C)=C/COP(=O)([O-])OP(=O)([O-])[O-]	α-pinene	CC1=CCC2CC1C2(C)C	mono	True	marts_R00420	False	True	True
CC(C)=CCCC(C)=CCOP(=O)([O-])OP(=O)([O-])[O-]>>CC1C=CC2(C(C)C)CC12	CC(C)=CCCC(C)=CCOP(=O)([O-])OP(=O)([O-])[O-]>>CC1C=CC2(C(C)C)CC12	(2E)-GPP	CC(C)=CCC/C(C)=C/COP(=O)([O-])OP(=O)([O-])[O-]	β-thujene	CC1C=CC2(C(C)C)CC12	mono	True	marts_R00303	False	True	True
CC(C)=CCCC(C)=CCOP(=O)([O-])OP(=O)([O-])[O-]>>CC=C(C)C=CC=C(C)C	CC(C)=CCCC(C)=CCOP(=O)([O-])OP(=O)([O-])[O-]>>CC=C(C)C=CC=C(C)C	(2E)-GPP	CC(C)=CCC/C(C)=C/COP(=O)([O-])OP(=O)([O-])[O-]	allocimene	C/C=C(C)/C=C/C=C(C)C	mono	True	marts_R00502	False	False	False
CC(C)=CCCC(C)=CCOP(=O)([O-])OP(=O)([O-])[O-]>>Cc1ccc(C(C)C)cc1	CC(C)=CCCC(C)=CCOP(=O)([O-])OP(=O)([O-])[O-]>>Cc1ccc(C(C)C)cc1	(2E)-GPP	CC(C)=CCC/C(C)=C/COP(=O)([O-])OP(=O)([O-])[O-]	p-cymene	Cc1ccc(C(C)C)cc1	mono	True	no_mechanism	False	False	False
CC(C)=CCOP(=O)([O-])OP(=O)([O-])[O-]>>C=C(C)C(CC=C(C)C)COP(=O)([O-])OP(=O)([O-])[O-]	CC(C)=CCOP(=O)([O-])OP(=O)([O-])[O-]>>C=C(C)C(CC=C(C)C)COP(=O)([O-])OP(=O)([O-])[O-]	prenyl diphosphate	CC(C)=CCOP(=O)([O-])OP(=O)([O-])[O-]	(R)-lavandulyl diphosphate	C=C(C)[C@@H](CC=C(C)C)COP(=O)([O-])OP(=O)([O-])[O-]	pt	True	no_mechanism	False	False	False
CC(C)=CCOP(=O)([O-])OP(=O)([O-])[O-]>>C=CC(=C)C	CC(C)=CCOP(=O)([O-])OP(=O)([O-])[O-]>>C=CC(=C)C	prenyl diphosphate	CC(C)=CCOP(=O)([O-])OP(=O)([O-])[O-]	isoprene	C=CC(=C)C	hemi	True	marts_R00435	False	True	True
CC(C)=CCOP(=O)([O-])OP(=O)([O-])[O-]>>CC(C)=CC1C(COP(=O)([O-])OP(=O)([O-])[O-])C1(C)C	CC(C)=CCOP(=O)([O-])OP(=O)([O-])[O-]>>CC(C)=CC1C(COP(=O)([O-])OP(=O)([O-])[O-])C1(C)C	prenyl diphosphate	CC(C)=CCOP(=O)([O-])OP(=O)([O-])[O-]	(R,R)-chrysanthemyl diphosphate	CC(C)=C[C@@H]1[C@@H](COP(=O)([O-])OP(=O)([O-])[O-])C1(C)C	pt	True	no_mechanism	False	True	True
