row,protein_id,cif,norm
0,A0A010QGH7,/home/s241850073/igem2026/results/clipzyme_native_extension_v1/structures/af_v6/AF-A0A010QGH7-F1-model_v6.cif,0.99999994
1,A0A010QYQ5,/home/s241850073/igem2026/results/clipzyme_native_extension_v1/structures/af_v6/AF-A0A010QYQ5-F1-model_v6.cif,0.99999994
2,A0A010R7T7,/home/s241850073/igem2026/results/clipzyme_native_extension_v1/structures/af_v6/AF-A0A010R7T7-F1-model_v6.cif,0.99999994
3,A0A010R823,/home/s241850073/igem2026/results/clipzyme_native_extension_v1/structures/af_v6/AF-A0A010R823-F1-model_v6.cif,1.0
4,A0A010R900,/home/s241850073/igem2026/results/clipzyme_native_extension_v1/structures/af_v6/AF-A0A010R900-F1-model_v6.cif,1.0
5,A0A010RKR7,/home/s241850073/igem2026/results/clipzyme_native_extension_v1/structures/af_v6/AF-A0A010RKR7-F1-model_v6.cif,0.99999994
6,A0A010S4G2,/home/s241850073/igem2026/results/clipzyme_native_extension_v1/structures/af_v6/AF-A0A010S4G2-F1-model_v6.cif,0.99999994
7,A0A010S4I9,/home/s241850073/igem2026/results/clipzyme_native_extension_v1/structures/af_v6/AF-A0A010S4I9-F1-model_v6.cif,0.99999994
8,A0A010SJD8,/home/s241850073/igem2026/results/clipzyme_native_extension_v1/structures/af_v6/AF-A0A010SJD8-F1-model_v6.cif,0.99999994
9,A0A010YQZ8,/home/s241850073/igem2026/results/clipzyme_native_extension_v1/structures/af_v6/AF-A0A010YQZ8-F1-model_v6.cif,1.0
10,A0A010ZV77,/home/s241850073/igem2026/results/clipzyme_native_extension_v1/structures/af_v6/AF-A0A010ZV77-F1-model_v6.cif,1.0
11,A0A017SNL7,/home/s241850073/igem2026/results/clipzyme_native_extension_v1/structures/af_v6/AF-A0A017SNL7-F1-model_v6.cif,1.0
12,A0A017SVI7,/home/s241850073/igem2026/results/clipzyme_native_extension_v1/structures/af_v6/AF-A0A017SVI7-F1-model_v6.cif,1.0
13,A0A017SW31,/home/s241850073/igem2026/results/clipzyme_native_extension_v1/structures/af_v6/AF-A0A017SW31-F1-model_v6.cif,1.0
14,A0A017SZ17,/home/s241850073/igem2026/results/clipzyme_native_extension_v1/structures/af_v6/AF-A0A017SZ17-F1-model_v6.cif,1.0
15,A0A017T047,/home/s241850073/igem2026/results/clipzyme_native_extension_v1/structures/af_v6/AF-A0A017T047-F1-model_v6.cif,1.0
16,A0A017TIH1,/home/s241850073/igem2026/results/clipzyme_native_extension_v1/structures/af_v6/AF-A0A017TIH1-F1-model_v6.cif,1.0
17,A0A017TJA0,/home/s241850073/igem2026/results/clipzyme_native_extension_v1/structures/af_v6/AF-A0A017TJA0-F1-model_v6.cif,1.0
18,A0A022PUE5,/home/s241850073/igem2026/results/clipzyme_native_extension_v1/structures/af_v6/AF-A0A022PUE5-F1-model_v6.cif,0.99999994
19,A0A022Q311,/home/s241850073/igem2026/results/clipzyme_native_extension_v1/structures/af_v6/AF-A0A022Q311-F1-model_v6.cif,1.0
20,A0A022QCL9,/home/s241850073/igem2026/results/clipzyme_native_extension_v1/structures/af_v6/AF-A0A022QCL9-F1-model_v6.cif,1.0
21,A0A022QGZ1,/home/s241850073/igem2026/results/clipzyme_native_extension_v1/structures/af_v6/AF-A0A022QGZ1-F1-model_v6.cif,1.0
22,A0A022QV88,/home/s241850073/igem2026/results/clipzyme_native_extension_v1/structures/af_v6/AF-A0A022QV88-F1-model_v6.cif,1.0
23,A0A022R1W7,/home/s241850073/igem2026/results/clipzyme_native_extension_v1/structures/af_v6/AF-A0A022R1W7-F1-model_v6.cif,1.0
24,A0A022XLF0,/home/s241850073/igem2026/results/clipzyme_native_extension_v1/structures/af_v6/AF-A0A022XLF0-F1-model_v6.cif,1.0
25,A0A022Y7S1,/home/s241850073/igem2026/results/clipzyme_native_extension_v1/structures/af_v6/AF-A0A022Y7S1-F1-model_v6.cif,1.0000001
26,A0A023DK02,/home/s241850073/igem2026/results/clipzyme_native_extension_v1/structures/af_v6/AF-A0A023DK02-F1-model_v6.cif,1.0
27,A0A023UAW9,/home/s241850073/igem2026/results/clipzyme_native_extension_v1/structures/af_v6/AF-A0A023UAW9-F1-model_v6.cif,1.0
28,A0A023VSF1,/home/s241850073/igem2026/results/clipzyme_native_extension_v1/structures/af_v6/AF-A0A023VSF1-F1-model_v6.cif,1.0
29,A0A023VYM5,/home/s241850073/igem2026/results/clipzyme_native_extension_v1/structures/af_v6/AF-A0A023VYM5-F1-model_v6.cif,0.99999994
30,A0A023WZP4,/home/s241850073/igem2026/results/clipzyme_native_extension_v1/structures/af_v6/AF-A0A023WZP4-F1-model_v6.cif,1.0
31,A0A023X648,/home/s241850073/igem2026/results/clipzyme_native_extension_v1/structures/af_v6/AF-A0A023X648-F1-model_v6.cif,0.99999994
32,A0A024P564,/home/s241850073/igem2026/results/clipzyme_native_extension_v1/structures/af_v6/AF-A0A024P564-F1-model_v6.cif,1.0
33,A0A058ZSL9,/home/s241850073/igem2026/results/clipzyme_native_extension_v1/structures/af_v6/AF-A0A058ZSL9-F1-model_v6.cif,1.0
34,A0A059JCX8,/home/s241850073/igem2026/results/clipzyme_native_extension_v1/structures/af_v6/AF-A0A059JCX8-F1-model_v6.cif,0.99999994
35,A0A059SVB0,/home/s241850073/igem2026/results/clipzyme_native_extension_v1/structures/af_v6/AF-A0A059SVB0-F1-model_v6.cif,1.0
36,A0A060KY90,/home/s241850073/igem2026/results/clipzyme_native_extension_v1/structures/af_v6/AF-A0A060KY90-F1-model_v6.cif,1.0
37,A0A060LSW5,/home/s241850073/igem2026/results/clipzyme_native_extension_v1/structures/af_v6/AF-A0A060LSW5-F1-model_v6.cif,1.0
38,A0A060M366,/home/s241850073/igem2026/results/clipzyme_native_extension_v1/structures/af_v6/AF-A0A060M366-F1-model_v6.cif,1.0
39,A0A060S3F9,/home/s241850073/igem2026/results/clipzyme_native_extension_v1/structures/af_v6/AF-A0A060S3F9-F1-model_v6.cif,0.99999994
40,A0A060S8P1,/home/s241850073/igem2026/results/clipzyme_native_extension_v1/structures/af_v6/AF-A0A060S8P1-F1-model_v6.cif,0.99999994
41,A0A060SCC7,/home/s241850073/igem2026/results/clipzyme_native_extension_v1/structures/af_v6/AF-A0A060SCC7-F1-model_v6.cif,1.0
42,A0A060SL93,/home/s241850073/igem2026/results/clipzyme_native_extension_v1/structures/af_v6/AF-A0A060SL93-F1-model_v6.cif,0.99999994
43,A0A060ZQJ1,/home/s241850073/igem2026/results/clipzyme_native_extension_v1/structures/af_v6/AF-A0A060ZQJ1-F1-model_v6.cif,0.99999994
44,A0A060ZZR1,/home/s241850073/igem2026/results/clipzyme_native_extension_v1/structures/af_v6/AF-A0A060ZZR1-F1-model_v6.cif,0.99999994
45,A0A061A3Z6,/home/s241850073/igem2026/results/clipzyme_native_extension_v1/structures/af_v6/AF-A0A061A3Z6-F1-model_v6.cif,1.0
46,A0A061A895,/home/s241850073/igem2026/results/clipzyme_native_extension_v1/structures/af_v6/AF-A0A061A895-F1-model_v6.cif,0.99999994
47,A0A061A8C8,/home/s241850073/igem2026/results/clipzyme_native_extension_v1/structures/af_v6/AF-A0A061A8C8-F1-model_v6.cif,1.0
48,A0A061F6U5,/home/s241850073/igem2026/results/clipzyme_native_extension_v1/structures/af_v6/AF-A0A061F6U5-F1-model_v6.cif,0.99999994
49,A0A061F8M6,/home/s241850073/igem2026/results/clipzyme_native_extension_v1/structures/af_v6/AF-A0A061F8M6-F1-model_v6.cif,1.0
50,A0A061F9A8,/home/s241850073/igem2026/results/clipzyme_native_extension_v1/structures/af_v6/AF-A0A061F9A8-F1-model_v6.cif,1.0
51,A0A061F9B8,/home/s241850073/igem2026/results/clipzyme_native_extension_v1/structures/af_v6/AF-A0A061F9B8-F1-model_v6.cif,0.99999994
52,A0A061F9D1,/home/s241850073/igem2026/results/clipzyme_native_extension_v1/structures/af_v6/AF-A0A061F9D1-F1-model_v6.cif,0.99999994
53,A0A061FA71,/home/s241850073/igem2026/results/clipzyme_native_extension_v1/structures/af_v6/AF-A0A061FA71-F1-model_v6.cif,1.0
54,A0A061FBH4,/home/s241850073/igem2026/results/clipzyme_native_extension_v1/structures/af_v6/AF-A0A061FBH4-F1-model_v6.cif,1.0
55,A0A061FHJ1,/home/s241850073/igem2026/results/clipzyme_native_extension_v1/structures/af_v6/AF-A0A061FHJ1-F1-model_v6.cif,1.0
56,A0A061FHK4,/home/s241850073/igem2026/results/clipzyme_native_extension_v1/structures/af_v6/AF-A0A061FHK4-F1-model_v6.cif,0.99999994
57,A0A061FIX4,/home/s241850073/igem2026/results/clipzyme_native_extension_v1/structures/af_v6/AF-A0A061FIX4-F1-model_v6.cif,1.0
58,A0A061FVV6,/home/s241850073/igem2026/results/clipzyme_native_extension_v1/structures/af_v6/AF-A0A061FVV6-F1-model_v6.cif,1.0
59,A0A061GG35,/home/s241850073/igem2026/results/clipzyme_native_extension_v1/structures/af_v6/AF-A0A061GG35-F1-model_v6.cif,1.0
60,A0A061GN29,/home/s241850073/igem2026/results/clipzyme_native_extension_v1/structures/af_v6/AF-A0A061GN29-F1-model_v6.cif,0.99999994
61,A0A066U7L8,/home/s241850073/igem2026/results/clipzyme_native_extension_v1/structures/af_v6/AF-A0A066U7L8-F1-model_v6.cif,1.0
62,A0A066Y238,/home/s241850073/igem2026/results/clipzyme_native_extension_v1/structures/af_v6/AF-A0A066Y238-F1-model_v6.cif,1.0
63,A0A066YKZ3,/home/s241850073/igem2026/results/clipzyme_native_extension_v1/structures/af_v6/AF-A0A066YKZ3-F1-model_v6.cif,0.99999994
64,A0A066YL45,/home/s241850073/igem2026/results/clipzyme_native_extension_v1/structures/af_v6/AF-A0A066YL45-F1-model_v6.cif,0.99999994
65,A0A066YQY7,/home/s241850073/igem2026/results/clipzyme_native_extension_v1/structures/af_v6/AF-A0A066YQY7-F1-model_v6.cif,0.99999994
66,A0A066YW49,/home/s241850073/igem2026/results/clipzyme_native_extension_v1/structures/af_v6/AF-A0A066YW49-F1-model_v6.cif,1.0
67,A0A067BIM0,/home/s241850073/igem2026/results/clipzyme_native_extension_v1/structures/af_v6/AF-A0A067BIM0-F1-model_v6.cif,1.0
68,A0A067D647,/home/s241850073/igem2026/results/clipzyme_native_extension_v1/structures/af_v6/AF-A0A067D647-F1-model_v6.cif,1.0
69,A0A067D6X8,/home/s241850073/igem2026/results/clipzyme_native_extension_v1/structures/af_v6/AF-A0A067D6X8-F1-model_v6.cif,1.0
70,A0A067DPZ4,/home/s241850073/igem2026/results/clipzyme_native_extension_v1/structures/af_v6/AF-A0A067DPZ4-F1-model_v6.cif,0.99999994
71,A0A067DX28,/home/s241850073/igem2026/results/clipzyme_native_extension_v1/structures/af_v6/AF-A0A067DX28-F1-model_v6.cif,1.0
72,A0A067E4Y3,/home/s241850073/igem2026/results/clipzyme_native_extension_v1/structures/af_v6/AF-A0A067E4Y3-F1-model_v6.cif,1.0
73,A0A067GB33,/home/s241850073/igem2026/results/clipzyme_native_extension_v1/structures/af_v6/AF-A0A067GB33-F1-model_v6.cif,1.0
74,A0A067JLF4,/home/s241850073/igem2026/results/clipzyme_native_extension_v1/structures/af_v6/AF-A0A067JLF4-F1-model_v6.cif,1.0
75,A0A067JPJ7,/home/s241850073/igem2026/results/clipzyme_native_extension_v1/structures/af_v6/AF-A0A067JPJ7-F1-model_v6.cif,0.99999994
76,A0A067JQ70,/home/s241850073/igem2026/results/clipzyme_native_extension_v1/structures/af_v6/AF-A0A067JQ70-F1-model_v6.cif,1.0
77,A0A067JRK6,/home/s241850073/igem2026/results/clipzyme_native_extension_v1/structures/af_v6/AF-A0A067JRK6-F1-model_v6.cif,1.0
78,A0A067JSJ6,/home/s241850073/igem2026/results/clipzyme_native_extension_v1/structures/af_v6/AF-A0A067JSJ6-F1-model_v6.cif,1.0
79,A0A067JT18,/home/s241850073/igem2026/results/clipzyme_native_extension_v1/structures/af_v6/AF-A0A067JT18-F1-model_v6.cif,1.0
80,A0A067JTU9,/home/s241850073/igem2026/results/clipzyme_native_extension_v1/structures/af_v6/AF-A0A067JTU9-F1-model_v6.cif,1.0
81,A0A067JUF2,/home/s241850073/igem2026/results/clipzyme_native_extension_v1/structures/af_v6/AF-A0A067JUF2-F1-model_v6.cif,1.0
82,A0A067JXK2,/home/s241850073/igem2026/results/clipzyme_native_extension_v1/structures/af_v6/AF-A0A067JXK2-F1-model_v6.cif,1.0
83,A0A067K2C7,/home/s241850073/igem2026/results/clipzyme_native_extension_v1/structures/af_v6/AF-A0A067K2C7-F1-model_v6.cif,0.99999994
84,A0A067K667,/home/s241850073/igem2026/results/clipzyme_native_extension_v1/structures/af_v6/AF-A0A067K667-F1-model_v6.cif,0.99999994
85,A0A067K963,/home/s241850073/igem2026/results/clipzyme_native_extension_v1/structures/af_v6/AF-A0A067K963-F1-model_v6.cif,1.0
86,A0A067KB09,/home/s241850073/igem2026/results/clipzyme_native_extension_v1/structures/af_v6/AF-A0A067KB09-F1-model_v6.cif,1.0
87,A0A067KGI0,/home/s241850073/igem2026/results/clipzyme_native_extension_v1/structures/af_v6/AF-A0A067KGI0-F1-model_v6.cif,0.99999994
88,A0A067KGU0,/home/s241850073/igem2026/results/clipzyme_native_extension_v1/structures/af_v6/AF-A0A067KGU0-F1-model_v6.cif,0.99999994
89,A0A067KI99,/home/s241850073/igem2026/results/clipzyme_native_extension_v1/structures/af_v6/AF-A0A067KI99-F1-model_v6.cif,1.0
90,A0A067KII1,/home/s241850073/igem2026/results/clipzyme_native_extension_v1/structures/af_v6/AF-A0A067KII1-F1-model_v6.cif,0.99999994
91,A0A067KIY7,/home/s241850073/igem2026/results/clipzyme_native_extension_v1/structures/af_v6/AF-A0A067KIY7-F1-model_v6.cif,0.99999994
92,A0A067KLI9,/home/s241850073/igem2026/results/clipzyme_native_extension_v1/structures/af_v6/AF-A0A067KLI9-F1-model_v6.cif,1.0
93,A0A067KPQ3,/home/s241850073/igem2026/results/clipzyme_native_extension_v1/structures/af_v6/AF-A0A067KPQ3-F1-model_v6.cif,1.0
94,A0A067KSS4,/home/s241850073/igem2026/results/clipzyme_native_extension_v1/structures/af_v6/AF-A0A067KSS4-F1-model_v6.cif,0.9999999
95,A0A067KST6,/home/s241850073/igem2026/results/clipzyme_native_extension_v1/structures/af_v6/AF-A0A067KST6-F1-model_v6.cif,1.0
96,A0A067KVJ6,/home/s241850073/igem2026/results/clipzyme_native_extension_v1/structures/af_v6/AF-A0A067KVJ6-F1-model_v6.cif,1.0
97,A0A067KXK6,/home/s241850073/igem2026/results/clipzyme_native_extension_v1/structures/af_v6/AF-A0A067KXK6-F1-model_v6.cif,1.0
98,A0A067L1K5,/home/s241850073/igem2026/results/clipzyme_native_extension_v1/structures/af_v6/AF-A0A067L1K5-F1-model_v6.cif,0.99999994
99,A0A067L1Q1,/home/s241850073/igem2026/results/clipzyme_native_extension_v1/structures/af_v6/AF-A0A067L1Q1-F1-model_v6.cif,0.99999994
100,A0A067LA82,/home/s241850073/igem2026/results/clipzyme_native_extension_v1/structures/af_v6/AF-A0A067LA82-F1-model_v6.cif,0.99999994
101,A0A067M834,/home/s241850073/igem2026/results/clipzyme_native_extension_v1/structures/af_v6/AF-A0A067M834-F1-model_v6.cif,0.99999994
102,A0A067M8B0,/home/s241850073/igem2026/results/clipzyme_native_extension_v1/structures/af_v6/AF-A0A067M8B0-F1-model_v6.cif,0.99999994
103,A0A067N7X3,/home/s241850073/igem2026/results/clipzyme_native_extension_v1/structures/af_v6/AF-A0A067N7X3-F1-model_v6.cif,1.0
104,A0A067NBB1,/home/s241850073/igem2026/results/clipzyme_native_extension_v1/structures/af_v6/AF-A0A067NBB1-F1-model_v6.cif,1.0
105,A0A067NCK3,/home/s241850073/igem2026/results/clipzyme_native_extension_v1/structures/af_v6/AF-A0A067NCK3-F1-model_v6.cif,1.0
106,A0A067NY86,/home/s241850073/igem2026/results/clipzyme_native_extension_v1/structures/af_v6/AF-A0A067NY86-F1-model_v6.cif,1.0
107,A0A067PFE6,/home/s241850073/igem2026/results/clipzyme_native_extension_v1/structures/af_v6/AF-A0A067PFE6-F1-model_v6.cif,1.0
108,A0A067PM63,/home/s241850073/igem2026/results/clipzyme_native_extension_v1/structures/af_v6/AF-A0A067PM63-F1-model_v6.cif,1.0
109,A0A067PWC7,/home/s241850073/igem2026/results/clipzyme_native_extension_v1/structures/af_v6/AF-A0A067PWC7-F1-model_v6.cif,1.0
110,A0A067PY27,/home/s241850073/igem2026/results/clipzyme_native_extension_v1/structures/af_v6/AF-A0A067PY27-F1-model_v6.cif,1.0
111,A0A067Q5C0,/home/s241850073/igem2026/results/clipzyme_native_extension_v1/structures/af_v6/AF-A0A067Q5C0-F1-model_v6.cif,1.0
112,A0A067SC48,/home/s241850073/igem2026/results/clipzyme_native_extension_v1/structures/af_v6/AF-A0A067SC48-F1-model_v6.cif,0.99999994
113,A0A067SL26,/home/s241850073/igem2026/results/clipzyme_native_extension_v1/structures/af_v6/AF-A0A067SL26-F1-model_v6.cif,1.0
114,A0A067SNI8,/home/s241850073/igem2026/results/clipzyme_native_extension_v1/structures/af_v6/AF-A0A067SNI8-F1-model_v6.cif,1.0
115,A0A067SS78,/home/s241850073/igem2026/results/clipzyme_native_extension_v1/structures/af_v6/AF-A0A067SS78-F1-model_v6.cif,1.0
116,A0A067SWF3,/home/s241850073/igem2026/results/clipzyme_native_extension_v1/structures/af_v6/AF-A0A067SWF3-F1-model_v6.cif,1.0
117,A0A067T4E1,/home/s241850073/igem2026/results/clipzyme_native_extension_v1/structures/af_v6/AF-A0A067T4E1-F1-model_v6.cif,1.0
118,A0A067T571,/home/s241850073/igem2026/results/clipzyme_native_extension_v1/structures/af_v6/AF-A0A067T571-F1-model_v6.cif,0.99999994
119,A0A067T6V4,/home/s241850073/igem2026/results/clipzyme_native_extension_v1/structures/af_v6/AF-A0A067T6V4-F1-model_v6.cif,1.0
120,A0A067TG08,/home/s241850073/igem2026/results/clipzyme_native_extension_v1/structures/af_v6/AF-A0A067TG08-F1-model_v6.cif,1.0
121,A0A067TQJ1,/home/s241850073/igem2026/results/clipzyme_native_extension_v1/structures/af_v6/AF-A0A067TQJ1-F1-model_v6.cif,0.99999994
122,A0A068CNX1,/home/s241850073/igem2026/results/clipzyme_native_extension_v1/structures/af_v6/AF-A0A068CNX1-F1-model_v6.cif,1.0
123,A0A068EUF6,/home/s241850073/igem2026/results/clipzyme_native_extension_v1/structures/af_v6/AF-A0A068EUF6-F1-model_v6.cif,0.99999994
124,A0A068U845,/home/s241850073/igem2026/results/clipzyme_native_extension_v1/structures/af_v6/AF-A0A068U845-F1-model_v6.cif,1.0
125,A0A068UGZ4,/home/s241850073/igem2026/results/clipzyme_native_extension_v1/structures/af_v6/AF-A0A068UGZ4-F1-model_v6.cif,0.9999999
126,A0A068UH51,/home/s241850073/igem2026/results/clipzyme_native_extension_v1/structures/af_v6/AF-A0A068UH51-F1-model_v6.cif,1.0
127,A0A068UI35,/home/s241850073/igem2026/results/clipzyme_native_extension_v1/structures/af_v6/AF-A0A068UI35-F1-model_v6.cif,1.0
128,A0A068UTH0,/home/s241850073/igem2026/results/clipzyme_native_extension_v1/structures/af_v6/AF-A0A068UTH0-F1-model_v6.cif,1.0
129,A0A068UTT8,/home/s241850073/igem2026/results/clipzyme_native_extension_v1/structures/af_v6/AF-A0A068UTT8-F1-model_v6.cif,1.0
130,A0A068UTU6,/home/s241850073/igem2026/results/clipzyme_native_extension_v1/structures/af_v6/AF-A0A068UTU6-F1-model_v6.cif,0.99999994
131,A0A068VE70,/home/s241850073/igem2026/results/clipzyme_native_extension_v1/structures/af_v6/AF-A0A068VE70-F1-model_v6.cif,1.0
132,A0A068VI46,/home/s241850073/igem2026/results/clipzyme_native_extension_v1/structures/af_v6/AF-A0A068VI46-F1-model_v6.cif,1.0
133,A0A068VMM7,/home/s241850073/igem2026/results/clipzyme_native_extension_v1/structures/af_v6/AF-A0A068VMM7-F1-model_v6.cif,0.99999994
134,A0A072PDC8,/home/s241850073/igem2026/results/clipzyme_native_extension_v1/structures/af_v6/AF-A0A072PDC8-F1-model_v6.cif,0.99999994
135,A0A072V868,/home/s241850073/igem2026/results/clipzyme_native_extension_v1/structures/af_v6/AF-A0A072V868-F1-model_v6.cif,1.0
136,A0A073JWZ7,/home/s241850073/igem2026/results/clipzyme_native_extension_v1/structures/af_v6/AF-A0A073JWZ7-F1-model_v6.cif,1.0
137,A0A074L5D1,/home/s241850073/igem2026/results/clipzyme_native_extension_v1/structures/af_v6/AF-A0A074L5D1-F1-model_v6.cif,0.99999994
138,A0A074LLW2,/home/s241850073/igem2026/results/clipzyme_native_extension_v1/structures/af_v6/AF-A0A074LLW2-F1-model_v6.cif,1.0
139,A0A074RGB6,/home/s241850073/igem2026/results/clipzyme_native_extension_v1/structures/af_v6/AF-A0A074RGB6-F1-model_v6.cif,0.99999994
140,A0A074RJZ6,/home/s241850073/igem2026/results/clipzyme_native_extension_v1/structures/af_v6/AF-A0A074RJZ6-F1-model_v6.cif,1.0
141,A0A074W595,/home/s241850073/igem2026/results/clipzyme_native_extension_v1/structures/af_v6/AF-A0A074W595-F1-model_v6.cif,1.0
142,A0A075D5I4,/home/s241850073/igem2026/results/clipzyme_native_extension_v1/structures/af_v6/AF-A0A075D5I4-F1-model_v6.cif,1.0
143,A0A075D657,/home/s241850073/igem2026/results/clipzyme_native_extension_v1/structures/af_v6/AF-A0A075D657-F1-model_v6.cif,1.0
144,A0A075K2F2,/home/s241850073/igem2026/results/clipzyme_native_extension_v1/structures/af_v6/AF-A0A075K2F2-F1-model_v6.cif,1.0
145,A0A075W2D6,/home/s241850073/igem2026/results/clipzyme_native_extension_v1/structures/af_v6/AF-A0A075W2D6-F1-model_v6.cif,0.99999994
146,A0A076GAR5,/home/s241850073/igem2026/results/clipzyme_native_extension_v1/structures/af_v6/AF-A0A076GAR5-F1-model_v6.cif,1.0
147,A0A076GBU1,/home/s241850073/igem2026/results/clipzyme_native_extension_v1/structures/af_v6/AF-A0A076GBU1-F1-model_v6.cif,0.99999994
148,A0A076GH20,/home/s241850073/igem2026/results/clipzyme_native_extension_v1/structures/af_v6/AF-A0A076GH20-F1-model_v6.cif,1.0000001
149,A0A076KZS5,/home/s241850073/igem2026/results/clipzyme_native_extension_v1/structures/af_v6/AF-A0A076KZS5-F1-model_v6.cif,1.0
150,A0A076L4M0,/home/s241850073/igem2026/results/clipzyme_native_extension_v1/structures/af_v6/AF-A0A076L4M0-F1-model_v6.cif,1.0
151,A0A076L503,/home/s241850073/igem2026/results/clipzyme_native_extension_v1/structures/af_v6/AF-A0A076L503-F1-model_v6.cif,1.0
152,A0A076L784,/home/s241850073/igem2026/results/clipzyme_native_extension_v1/structures/af_v6/AF-A0A076L784-F1-model_v6.cif,1.0
153,A0A076MP76,/home/s241850073/igem2026/results/clipzyme_native_extension_v1/structures/af_v6/AF-A0A076MP76-F1-model_v6.cif,1.0
154,A0A076MPZ4,/home/s241850073/igem2026/results/clipzyme_native_extension_v1/structures/af_v6/AF-A0A076MPZ4-F1-model_v6.cif,1.0
155,A0A076U5E5,/home/s241850073/igem2026/results/clipzyme_native_extension_v1/structures/af_v6/AF-A0A076U5E5-F1-model_v6.cif,0.99999994
156,A0A076V5R4,/home/s241850073/igem2026/results/clipzyme_native_extension_v1/structures/af_v6/AF-A0A076V5R4-F1-model_v6.cif,1.0
157,A0A077HAK5,/home/s241850073/igem2026/results/clipzyme_native_extension_v1/structures/af_v6/AF-A0A077HAK5-F1-model_v6.cif,1.0
158,A0A078F494,/home/s241850073/igem2026/results/clipzyme_native_extension_v1/structures/af_v6/AF-A0A078F494-F1-model_v6.cif,1.0
159,A0A078F8G1,/home/s241850073/igem2026/results/clipzyme_native_extension_v1/structures/af_v6/AF-A0A078F8G1-F1-model_v6.cif,0.99999994
160,A0A078FBN1,/home/s241850073/igem2026/results/clipzyme_native_extension_v1/structures/af_v6/AF-A0A078FBN1-F1-model_v6.cif,0.99999994
161,A0A078FIU3,/home/s241850073/igem2026/results/clipzyme_native_extension_v1/structures/af_v6/AF-A0A078FIU3-F1-model_v6.cif,1.0
162,A0A078FKM3,/home/s241850073/igem2026/results/clipzyme_native_extension_v1/structures/af_v6/AF-A0A078FKM3-F1-model_v6.cif,1.0
163,A0A078FPH4,/home/s241850073/igem2026/results/clipzyme_native_extension_v1/structures/af_v6/AF-A0A078FPH4-F1-model_v6.cif,1.0
164,A0A078FRJ3,/home/s241850073/igem2026/results/clipzyme_native_extension_v1/structures/af_v6/AF-A0A078FRJ3-F1-model_v6.cif,1.0
165,A0A078G632,/home/s241850073/igem2026/results/clipzyme_native_extension_v1/structures/af_v6/AF-A0A078G632-F1-model_v6.cif,1.0
166,A0A078GCM0,/home/s241850073/igem2026/results/clipzyme_native_extension_v1/structures/af_v6/AF-A0A078GCM0-F1-model_v6.cif,1.0
167,A0A078GST7,/home/s241850073/igem2026/results/clipzyme_native_extension_v1/structures/af_v6/AF-A0A078GST7-F1-model_v6.cif,1.0
168,A0A078GZ41,/home/s241850073/igem2026/results/clipzyme_native_extension_v1/structures/af_v6/AF-A0A078GZ41-F1-model_v6.cif,0.99999994
169,A0A078H7B5,/home/s241850073/igem2026/results/clipzyme_native_extension_v1/structures/af_v6/AF-A0A078H7B5-F1-model_v6.cif,0.99999994
170,A0A078HCH8,/home/s241850073/igem2026/results/clipzyme_native_extension_v1/structures/af_v6/AF-A0A078HCH8-F1-model_v6.cif,1.0000001
171,A0A078HV52,/home/s241850073/igem2026/results/clipzyme_native_extension_v1/structures/af_v6/AF-A0A078HV52-F1-model_v6.cif,0.99999994
172,A0A078IUM4,/home/s241850073/igem2026/results/clipzyme_native_extension_v1/structures/af_v6/AF-A0A078IUM4-F1-model_v6.cif,1.0
173,A0A078IZS4,/home/s241850073/igem2026/results/clipzyme_native_extension_v1/structures/af_v6/AF-A0A078IZS4-F1-model_v6.cif,1.0
174,A0A078J3D0,/home/s241850073/igem2026/results/clipzyme_native_extension_v1/structures/af_v6/AF-A0A078J3D0-F1-model_v6.cif,1.0
175,A0A078JCE1,/home/s241850073/igem2026/results/clipzyme_native_extension_v1/structures/af_v6/AF-A0A078JCE1-F1-model_v6.cif,0.99999994
176,A0A078JCX8,/home/s241850073/igem2026/results/clipzyme_native_extension_v1/structures/af_v6/AF-A0A078JCX8-F1-model_v6.cif,0.99999994
177,A0A078JSR5,/home/s241850073/igem2026/results/clipzyme_native_extension_v1/structures/af_v6/AF-A0A078JSR5-F1-model_v6.cif,0.99999994
178,A0A081LDY7,/home/s241850073/igem2026/results/clipzyme_native_extension_v1/structures/af_v6/AF-A0A081LDY7-F1-model_v6.cif,0.99999994
179,A0A081XM02,/home/s241850073/igem2026/results/clipzyme_native_extension_v1/structures/af_v6/AF-A0A081XM02-F1-model_v6.cif,1.0
180,A0A081XQ53,/home/s241850073/igem2026/results/clipzyme_native_extension_v1/structures/af_v6/AF-A0A081XQ53-F1-model_v6.cif,1.0
181,A0A084B4T1,/home/s241850073/igem2026/results/clipzyme_native_extension_v1/structures/af_v6/AF-A0A084B4T1-F1-model_v6.cif,1.0
182,A0A084FVS4,/home/s241850073/igem2026/results/clipzyme_native_extension_v1/structures/af_v6/AF-A0A084FVS4-F1-model_v6.cif,1.0
183,A0A084G0C4,/home/s241850073/igem2026/results/clipzyme_native_extension_v1/structures/af_v6/AF-A0A084G0C4-F1-model_v6.cif,1.0
184,A0A084QPD1,/home/s241850073/igem2026/results/clipzyme_native_extension_v1/structures/af_v6/AF-A0A084QPD1-F1-model_v6.cif,1.0
185,A0A085BHQ0,/home/s241850073/igem2026/results/clipzyme_native_extension_v1/structures/af_v6/AF-A0A085BHQ0-F1-model_v6.cif,1.0
186,A0A085WGK2,/home/s241850073/igem2026/results/clipzyme_native_extension_v1/structures/af_v6/AF-A0A085WGK2-F1-model_v6.cif,1.0
187,A0A085WK32,/home/s241850073/igem2026/results/clipzyme_native_extension_v1/structures/af_v6/AF-A0A085WK32-F1-model_v6.cif,1.0
188,A0A085YXN0,/home/s241850073/igem2026/results/clipzyme_native_extension_v1/structures/af_v6/AF-A0A085YXN0-F1-model_v6.cif,0.99999994
189,A0A085YXN3,/home/s241850073/igem2026/results/clipzyme_native_extension_v1/structures/af_v6/AF-A0A085YXN3-F1-model_v6.cif,1.0
190,A0A085Z9Z5,/home/s241850073/igem2026/results/clipzyme_native_extension_v1/structures/af_v6/AF-A0A085Z9Z5-F1-model_v6.cif,1.0
191,A0A085ZBC3,/home/s241850073/igem2026/results/clipzyme_native_extension_v1/structures/af_v6/AF-A0A085ZBC3-F1-model_v6.cif,1.0
192,A0A085ZCK6,/home/s241850073/igem2026/results/clipzyme_native_extension_v1/structures/af_v6/AF-A0A085ZCK6-F1-model_v6.cif,1.0
193,A0A086A3J9,/home/s241850073/igem2026/results/clipzyme_native_extension_v1/structures/af_v6/AF-A0A086A3J9-F1-model_v6.cif,1.0
194,A0A086A3K0,/home/s241850073/igem2026/results/clipzyme_native_extension_v1/structures/af_v6/AF-A0A086A3K0-F1-model_v6.cif,0.99999994
195,A0A086A6X8,/home/s241850073/igem2026/results/clipzyme_native_extension_v1/structures/af_v6/AF-A0A086A6X8-F1-model_v6.cif,1.0
196,A0A086N7C8,/home/s241850073/igem2026/results/clipzyme_native_extension_v1/structures/af_v6/AF-A0A086N7C8-F1-model_v6.cif,1.0
197,A0A086STV4,/home/s241850073/igem2026/results/clipzyme_native_extension_v1/structures/af_v6/AF-A0A086STV4-F1-model_v6.cif,0.99999994
198,A0A086SU69,/home/s241850073/igem2026/results/clipzyme_native_extension_v1/structures/af_v6/AF-A0A086SU69-F1-model_v6.cif,1.0
199,A0A086T3S0,/home/s241850073/igem2026/results/clipzyme_native_extension_v1/structures/af_v6/AF-A0A086T3S0-F1-model_v6.cif,0.99999994
200,A0A086T7D5,/home/s241850073/igem2026/results/clipzyme_native_extension_v1/structures/af_v6/AF-A0A086T7D5-F1-model_v6.cif,0.99999994
201,A0A086TEQ9,/home/s241850073/igem2026/results/clipzyme_native_extension_v1/structures/af_v6/AF-A0A086TEQ9-F1-model_v6.cif,1.0
202,A0A087G1P4,/home/s241850073/igem2026/results/clipzyme_native_extension_v1/structures/af_v6/AF-A0A087G1P4-F1-model_v6.cif,1.0
203,A0A087G1V0,/home/s241850073/igem2026/results/clipzyme_native_extension_v1/structures/af_v6/AF-A0A087G1V0-F1-model_v6.cif,1.0
204,A0A087G3X4,/home/s241850073/igem2026/results/clipzyme_native_extension_v1/structures/af_v6/AF-A0A087G3X4-F1-model_v6.cif,0.99999994
205,A0A087GFQ0,/home/s241850073/igem2026/results/clipzyme_native_extension_v1/structures/af_v6/AF-A0A087GFQ0-F1-model_v6.cif,1.0
206,A0A087HG55,/home/s241850073/igem2026/results/clipzyme_native_extension_v1/structures/af_v6/AF-A0A087HG55-F1-model_v6.cif,1.0
207,A0A088CN86,/home/s241850073/igem2026/results/clipzyme_native_extension_v1/structures/af_v6/AF-A0A088CN86-F1-model_v6.cif,1.0
208,A0A090CLS4,/home/s241850073/igem2026/results/clipzyme_native_extension_v1/structures/af_v6/AF-A0A090CLS4-F1-model_v6.cif,0.99999994
209,A0A094YZ24,/home/s241850073/igem2026/results/clipzyme_native_extension_v1/structures/af_v6/AF-A0A094YZ24-F1-model_v6.cif,1.0
210,A0A096VR74,/home/s241850073/igem2026/results/clipzyme_native_extension_v1/structures/af_v6/AF-A0A096VR74-F1-model_v6.cif,1.0
211,A0A097ZPE6,/home/s241850073/igem2026/results/clipzyme_native_extension_v1/structures/af_v6/AF-A0A097ZPE6-F1-model_v6.cif,1.0
212,A0A097ZQA4,/home/s241850073/igem2026/results/clipzyme_native_extension_v1/structures/af_v6/AF-A0A097ZQA4-F1-model_v6.cif,0.99999994
213,A0A097ZQB6,/home/s241850073/igem2026/results/clipzyme_native_extension_v1/structures/af_v6/AF-A0A097ZQB6-F1-model_v6.cif,1.0
214,A0A097ZQD0,/home/s241850073/igem2026/results/clipzyme_native_extension_v1/structures/af_v6/AF-A0A097ZQD0-F1-model_v6.cif,1.0
215,A0A097ZQD1,/home/s241850073/igem2026/results/clipzyme_native_extension_v1/structures/af_v6/AF-A0A097ZQD1-F1-model_v6.cif,1.0
216,A0A098D1R2,/home/s241850073/igem2026/results/clipzyme_native_extension_v1/structures/af_v6/AF-A0A098D1R2-F1-model_v6.cif,1.0
217,A0A098DDE7,/home/s241850073/igem2026/results/clipzyme_native_extension_v1/structures/af_v6/AF-A0A098DDE7-F1-model_v6.cif,1.0
218,A0A098DVT4,/home/s241850073/igem2026/results/clipzyme_native_extension_v1/structures/af_v6/AF-A0A098DVT4-F1-model_v6.cif,1.0
219,A0A0A0KAJ1,/home/s241850073/igem2026/results/clipzyme_native_extension_v1/structures/af_v6/AF-A0A0A0KAJ1-F1-model_v6.cif,1.0
220,A0A0A0L2M0,/home/s241850073/igem2026/results/clipzyme_native_extension_v1/structures/af_v6/AF-A0A0A0L2M0-F1-model_v6.cif,1.0
221,A0A0A0L337,/home/s241850073/igem2026/results/clipzyme_native_extension_v1/structures/af_v6/AF-A0A0A0L337-F1-model_v6.cif,1.0
222,A0A0A0LFN0,/home/s241850073/igem2026/results/clipzyme_native_extension_v1/structures/af_v6/AF-A0A0A0LFN0-F1-model_v6.cif,1.0
223,A0A0A0LJZ1,/home/s241850073/igem2026/results/clipzyme_native_extension_v1/structures/af_v6/AF-A0A0A0LJZ1-F1-model_v6.cif,1.0
224,A0A0A0LMW4,/home/s241850073/igem2026/results/clipzyme_native_extension_v1/structures/af_v6/AF-A0A0A0LMW4-F1-model_v6.cif,1.0
225,A0A0A0LMX2,/home/s241850073/igem2026/results/clipzyme_native_extension_v1/structures/af_v6/AF-A0A0A0LMX2-F1-model_v6.cif,0.99999994
226,A0A0A0LX82,/home/s241850073/igem2026/results/clipzyme_native_extension_v1/structures/af_v6/AF-A0A0A0LX82-F1-model_v6.cif,1.0
227,A0A0A0QUT9,/home/s241850073/igem2026/results/clipzyme_native_extension_v1/structures/af_v6/AF-A0A0A0QUT9-F1-model_v6.cif,1.0
228,A0A0A1TMX2,/home/s241850073/igem2026/results/clipzyme_native_extension_v1/structures/af_v6/AF-A0A0A1TMX2-F1-model_v6.cif,0.9999999
229,A0A0A2J1U9,/home/s241850073/igem2026/results/clipzyme_native_extension_v1/structures/af_v6/AF-A0A0A2J1U9-F1-model_v6.cif,0.99999994
230,A0A0A2JC36,/home/s241850073/igem2026/results/clipzyme_native_extension_v1/structures/af_v6/AF-A0A0A2JC36-F1-model_v6.cif,1.0
231,A0A0A2JK86,/home/s241850073/igem2026/results/clipzyme_native_extension_v1/structures/af_v6/AF-A0A0A2JK86-F1-model_v6.cif,1.0
232,A0A0A2KHR8,/home/s241850073/igem2026/results/clipzyme_native_extension_v1/structures/af_v6/AF-A0A0A2KHR8-F1-model_v6.cif,1.0
233,A0A0A2KJT3,/home/s241850073/igem2026/results/clipzyme_native_extension_v1/structures/af_v6/AF-A0A0A2KJT3-F1-model_v6.cif,0.99999994
234,A0A0A2KQ58,/home/s241850073/igem2026/results/clipzyme_native_extension_v1/structures/af_v6/AF-A0A0A2KQ58-F1-model_v6.cif,0.99999994
235,A0A0A2L9S1,/home/s241850073/igem2026/results/clipzyme_native_extension_v1/structures/af_v6/AF-A0A0A2L9S1-F1-model_v6.cif,1.0
236,A0A0A2LHA0,/home/s241850073/igem2026/results/clipzyme_native_extension_v1/structures/af_v6/AF-A0A0A2LHA0-F1-model_v6.cif,1.0
237,A0A0A2MCS5,/home/s241850073/igem2026/results/clipzyme_native_extension_v1/structures/af_v6/AF-A0A0A2MCS5-F1-model_v6.cif,1.0
238,A0A0A2TAY8,/home/s241850073/igem2026/results/clipzyme_native_extension_v1/structures/af_v6/AF-A0A0A2TAY8-F1-model_v6.cif,1.0
239,A0A0A7DNP0,/home/s241850073/igem2026/results/clipzyme_native_extension_v1/structures/af_v6/AF-A0A0A7DNP0-F1-model_v6.cif,1.0
240,A0A0A7LRQ7,/home/s241850073/igem2026/results/clipzyme_native_extension_v1/structures/af_v6/AF-A0A0A7LRQ7-F1-model_v6.cif,1.0
241,A0A0B0MPF8,/home/s241850073/igem2026/results/clipzyme_native_extension_v1/structures/af_v6/AF-A0A0B0MPF8-F1-model_v6.cif,1.0
242,A0A0B0N3N9,/home/s241850073/igem2026/results/clipzyme_native_extension_v1/structures/af_v6/AF-A0A0B0N3N9-F1-model_v6.cif,0.99999994
243,A0A0B0NUB2,/home/s241850073/igem2026/results/clipzyme_native_extension_v1/structures/af_v6/AF-A0A0B0NUB2-F1-model_v6.cif,1.0
244,A0A0B0NZ75,/home/s241850073/igem2026/results/clipzyme_native_extension_v1/structures/af_v6/AF-A0A0B0NZ75-F1-model_v6.cif,0.9999999
245,A0A0B0P5M5,/home/s241850073/igem2026/results/clipzyme_native_extension_v1/structures/af_v6/AF-A0A0B0P5M5-F1-model_v6.cif,1.0
246,A0A0B2WN72,/home/s241850073/igem2026/results/clipzyme_native_extension_v1/structures/af_v6/AF-A0A0B2WN72-F1-model_v6.cif,1.0
247,A0A0B2WRD3,/home/s241850073/igem2026/results/clipzyme_native_extension_v1/structures/af_v6/AF-A0A0B2WRD3-F1-model_v6.cif,1.0
248,A0A0B4GR36,/home/s241850073/igem2026/results/clipzyme_native_extension_v1/structures/af_v6/AF-A0A0B4GR36-F1-model_v6.cif,1.0
249,A0A0B4GVT1,/home/s241850073/igem2026/results/clipzyme_native_extension_v1/structures/af_v6/AF-A0A0B4GVT1-F1-model_v6.cif,1.0
250,A0A0B4H214,/home/s241850073/igem2026/results/clipzyme_native_extension_v1/structures/af_v6/AF-A0A0B4H214-F1-model_v6.cif,1.0
251,A0A0B4KE90,/home/s241850073/igem2026/results/clipzyme_native_extension_v1/structures/af_v6/AF-A0A0B4KE90-F1-model_v6.cif,1.0
252,A0A0B4L8B1,/home/s241850073/igem2026/results/clipzyme_native_extension_v1/structures/af_v6/AF-A0A0B4L8B1-F1-model_v6.cif,1.0000001
253,A0A0B4VFP0,/home/s241850073/igem2026/results/clipzyme_native_extension_v1/structures/af_v6/AF-A0A0B4VFP0-F1-model_v6.cif,0.99999994
254,A0A0B4XBT3,/home/s241850073/igem2026/results/clipzyme_native_extension_v1/structures/af_v6/AF-A0A0B4XBT3-F1-model_v6.cif,1.0
255,A0A0B5I5P0,/home/s241850073/igem2026/results/clipzyme_native_extension_v1/structures/af_v6/AF-A0A0B5I5P0-F1-model_v6.cif,1.0
256,A0A0B5RNJ4,/home/s241850073/igem2026/results/clipzyme_native_extension_v1/structures/af_v6/AF-A0A0B5RNJ4-F1-model_v6.cif,1.0
257,A0A0B7FXK8,/home/s241850073/igem2026/results/clipzyme_native_extension_v1/structures/af_v6/AF-A0A0B7FXK8-F1-model_v6.cif,0.99999994
258,A0A0C1RGM3,/home/s241850073/igem2026/results/clipzyme_native_extension_v1/structures/af_v6/AF-A0A0C1RGM3-F1-model_v6.cif,1.0
259,A0A0C2IW61,/home/s241850073/igem2026/results/clipzyme_native_extension_v1/structures/af_v6/AF-A0A0C2IW61-F1-model_v6.cif,1.0
260,A0A0C2RLD5,/home/s241850073/igem2026/results/clipzyme_native_extension_v1/structures/af_v6/AF-A0A0C2RLD5-F1-model_v6.cif,1.0
261,A0A0C2S7R3,/home/s241850073/igem2026/results/clipzyme_native_extension_v1/structures/af_v6/AF-A0A0C2S7R3-F1-model_v6.cif,0.99999994
262,A0A0C2SCU5,/home/s241850073/igem2026/results/clipzyme_native_extension_v1/structures/af_v6/AF-A0A0C2SCU5-F1-model_v6.cif,1.0
263,A0A0C2TFL3,/home/s241850073/igem2026/results/clipzyme_native_extension_v1/structures/af_v6/AF-A0A0C2TFL3-F1-model_v6.cif,1.0
264,A0A0C2TFR0,/home/s241850073/igem2026/results/clipzyme_native_extension_v1/structures/af_v6/AF-A0A0C2TFR0-F1-model_v6.cif,1.0
265,A0A0C2ZQY6,/home/s241850073/igem2026/results/clipzyme_native_extension_v1/structures/af_v6/AF-A0A0C2ZQY6-F1-model_v6.cif,1.0
266,A0A0C3AK51,/home/s241850073/igem2026/results/clipzyme_native_extension_v1/structures/af_v6/AF-A0A0C3AK51-F1-model_v6.cif,0.99999994
267,A0A0C3B2M7,/home/s241850073/igem2026/results/clipzyme_native_extension_v1/structures/af_v6/AF-A0A0C3B2M7-F1-model_v6.cif,1.0
268,A0A0C3BUK7,/home/s241850073/igem2026/results/clipzyme_native_extension_v1/structures/af_v6/AF-A0A0C3BUK7-F1-model_v6.cif,1.0
269,A0A0C3D179,/home/s241850073/igem2026/results/clipzyme_native_extension_v1/structures/af_v6/AF-A0A0C3D179-F1-model_v6.cif,0.99999994
270,A0A0C3DW10,/home/s241850073/igem2026/results/clipzyme_native_extension_v1/structures/af_v6/AF-A0A0C3DW10-F1-model_v6.cif,1.0
271,A0A0C3DW15,/home/s241850073/igem2026/results/clipzyme_native_extension_v1/structures/af_v6/AF-A0A0C3DW15-F1-model_v6.cif,1.0
272,A0A0C3DWK0,/home/s241850073/igem2026/results/clipzyme_native_extension_v1/structures/af_v6/AF-A0A0C3DWK0-F1-model_v6.cif,1.0
273,A0A0C3EBA9,/home/s241850073/igem2026/results/clipzyme_native_extension_v1/structures/af_v6/AF-A0A0C3EBA9-F1-model_v6.cif,0.99999994
274,A0A0C3GX91,/home/s241850073/igem2026/results/clipzyme_native_extension_v1/structures/af_v6/AF-A0A0C3GX91-F1-model_v6.cif,0.99999994
275,A0A0C3K2Z9,/home/s241850073/igem2026/results/clipzyme_native_extension_v1/structures/af_v6/AF-A0A0C3K2Z9-F1-model_v6.cif,0.99999994
276,A0A0C3KVC0,/home/s241850073/igem2026/results/clipzyme_native_extension_v1/structures/af_v6/AF-A0A0C3KVC0-F1-model_v6.cif,0.9999999
277,A0A0C3MF46,/home/s241850073/igem2026/results/clipzyme_native_extension_v1/structures/af_v6/AF-A0A0C3MF46-F1-model_v6.cif,1.0
278,A0A0C3MF69,/home/s241850073/igem2026/results/clipzyme_native_extension_v1/structures/af_v6/AF-A0A0C3MF69-F1-model_v6.cif,0.99999994
279,A0A0C3MF90,/home/s241850073/igem2026/results/clipzyme_native_extension_v1/structures/af_v6/AF-A0A0C3MF90-F1-model_v6.cif,0.99999994
280,A0A0C3PLZ6,/home/s241850073/igem2026/results/clipzyme_native_extension_v1/structures/af_v6/AF-A0A0C3PLZ6-F1-model_v6.cif,0.99999994
281,A0A0C4DST9,/home/s241850073/igem2026/results/clipzyme_native_extension_v1/structures/af_v6/AF-A0A0C4DST9-F1-model_v6.cif,1.0
282,A0A0C4DXE1,/home/s241850073/igem2026/results/clipzyme_native_extension_v1/structures/af_v6/AF-A0A0C4DXE1-F1-model_v6.cif,0.99999994
283,A0A0C4E438,/home/s241850073/igem2026/results/clipzyme_native_extension_v1/structures/af_v6/AF-A0A0C4E438-F1-model_v6.cif,0.99999994
284,A0A0C9SKH3,/home/s241850073/igem2026/results/clipzyme_native_extension_v1/structures/af_v6/AF-A0A0C9SKH3-F1-model_v6.cif,1.0
285,A0A0C9SRP8,/home/s241850073/igem2026/results/clipzyme_native_extension_v1/structures/af_v6/AF-A0A0C9SRP8-F1-model_v6.cif,1.0
286,A0A0C9T8N1,/home/s241850073/igem2026/results/clipzyme_native_extension_v1/structures/af_v6/AF-A0A0C9T8N1-F1-model_v6.cif,1.0
287,A0A0C9TPA5,/home/s241850073/igem2026/results/clipzyme_native_extension_v1/structures/af_v6/AF-A0A0C9TPA5-F1-model_v6.cif,1.0
288,A0A0C9TVR0,/home/s241850073/igem2026/results/clipzyme_native_extension_v1/structures/af_v6/AF-A0A0C9TVR0-F1-model_v6.cif,0.99999994
289,A0A0C9U7U5,/home/s241850073/igem2026/results/clipzyme_native_extension_v1/structures/af_v6/AF-A0A0C9U7U5-F1-model_v6.cif,0.99999994
290,A0A0C9UCE9,/home/s241850073/igem2026/results/clipzyme_native_extension_v1/structures/af_v6/AF-A0A0C9UCE9-F1-model_v6.cif,0.99999994
291,A0A0C9UCV1,/home/s241850073/igem2026/results/clipzyme_native_extension_v1/structures/af_v6/AF-A0A0C9UCV1-F1-model_v6.cif,1.0
292,A0A0C9UUK6,/home/s241850073/igem2026/results/clipzyme_native_extension_v1/structures/af_v6/AF-A0A0C9UUK6-F1-model_v6.cif,1.0
293,A0A0C9UV01,/home/s241850073/igem2026/results/clipzyme_native_extension_v1/structures/af_v6/AF-A0A0C9UV01-F1-model_v6.cif,1.0
294,A0A0C9VAH4,/home/s241850073/igem2026/results/clipzyme_native_extension_v1/structures/af_v6/AF-A0A0C9VAH4-F1-model_v6.cif,1.0
295,A0A0C9W4U2,/home/s241850073/igem2026/results/clipzyme_native_extension_v1/structures/af_v6/AF-A0A0C9W4U2-F1-model_v6.cif,0.99999994
296,A0A0C9WNP1,/home/s241850073/igem2026/results/clipzyme_native_extension_v1/structures/af_v6/AF-A0A0C9WNP1-F1-model_v6.cif,1.0
297,A0A0C9XHU2,/home/s241850073/igem2026/results/clipzyme_native_extension_v1/structures/af_v6/AF-A0A0C9XHU2-F1-model_v6.cif,0.99999994
298,A0A0C9YJ48,/home/s241850073/igem2026/results/clipzyme_native_extension_v1/structures/af_v6/AF-A0A0C9YJ48-F1-model_v6.cif,1.0
299,A0A0D0AAZ5,/home/s241850073/igem2026/results/clipzyme_native_extension_v1/structures/af_v6/AF-A0A0D0AAZ5-F1-model_v6.cif,1.0
300,A0A0D0BLM1,/home/s241850073/igem2026/results/clipzyme_native_extension_v1/structures/af_v6/AF-A0A0D0BLM1-F1-model_v6.cif,1.0
301,A0A0D0BTR9,/home/s241850073/igem2026/results/clipzyme_native_extension_v1/structures/af_v6/AF-A0A0D0BTR9-F1-model_v6.cif,1.0
302,A0A0D0CKM9,/home/s241850073/igem2026/results/clipzyme_native_extension_v1/structures/af_v6/AF-A0A0D0CKM9-F1-model_v6.cif,1.0
303,A0A0D0CM27,/home/s241850073/igem2026/results/clipzyme_native_extension_v1/structures/af_v6/AF-A0A0D0CM27-F1-model_v6.cif,0.99999994
304,A0A0D0CNG6,/home/s241850073/igem2026/results/clipzyme_native_extension_v1/structures/af_v6/AF-A0A0D0CNG6-F1-model_v6.cif,1.0
305,A0A0D0PXE2,/home/s241850073/igem2026/results/clipzyme_native_extension_v1/structures/af_v6/AF-A0A0D0PXE2-F1-model_v6.cif,1.0
306,A0A0D0Q328,/home/s241850073/igem2026/results/clipzyme_native_extension_v1/structures/af_v6/AF-A0A0D0Q328-F1-model_v6.cif,1.0
307,A0A0D0UTN7,/home/s241850073/igem2026/results/clipzyme_native_extension_v1/structures/af_v6/AF-A0A0D0UTN7-F1-model_v6.cif,1.0
308,A0A0D0WPE8,/home/s241850073/igem2026/results/clipzyme_native_extension_v1/structures/af_v6/AF-A0A0D0WPE8-F1-model_v6.cif,0.99999994
309,A0A0D0X088,/home/s241850073/igem2026/results/clipzyme_native_extension_v1/structures/af_v6/AF-A0A0D0X088-F1-model_v6.cif,0.99999994
310,A0A0D2A3M7,/home/s241850073/igem2026/results/clipzyme_native_extension_v1/structures/af_v6/AF-A0A0D2A3M7-F1-model_v6.cif,1.0
311,A0A0D2KML3,/home/s241850073/igem2026/results/clipzyme_native_extension_v1/structures/af_v6/AF-A0A0D2KML3-F1-model_v6.cif,1.0
312,A0A0D2NJJ1,/home/s241850073/igem2026/results/clipzyme_native_extension_v1/structures/af_v6/AF-A0A0D2NJJ1-F1-model_v6.cif,0.99999994
313,A0A0D2PJ06,/home/s241850073/igem2026/results/clipzyme_native_extension_v1/structures/af_v6/AF-A0A0D2PJ06-F1-model_v6.cif,1.0
314,A0A0D2QR17,/home/s241850073/igem2026/results/clipzyme_native_extension_v1/structures/af_v6/AF-A0A0D2QR17-F1-model_v6.cif,0.99999994
315,A0A0D2R283,/home/s241850073/igem2026/results/clipzyme_native_extension_v1/structures/af_v6/AF-A0A0D2R283-F1-model_v6.cif,0.99999994
316,A0A0D2RPS2,/home/s241850073/igem2026/results/clipzyme_native_extension_v1/structures/af_v6/AF-A0A0D2RPS2-F1-model_v6.cif,0.99999994
317,A0A0D2SEI1,/home/s241850073/igem2026/results/clipzyme_native_extension_v1/structures/af_v6/AF-A0A0D2SEI1-F1-model_v6.cif,1.0
318,A0A0D2SN38,/home/s241850073/igem2026/results/clipzyme_native_extension_v1/structures/af_v6/AF-A0A0D2SN38-F1-model_v6.cif,0.99999994
319,A0A0D2U1X4,/home/s241850073/igem2026/results/clipzyme_native_extension_v1/structures/af_v6/AF-A0A0D2U1X4-F1-model_v6.cif,1.0
320,A0A0D2V1H6,/home/s241850073/igem2026/results/clipzyme_native_extension_v1/structures/af_v6/AF-A0A0D2V1H6-F1-model_v6.cif,1.0
321,A0A0D2ZRH5,/home/s241850073/igem2026/results/clipzyme_native_extension_v1/structures/af_v6/AF-A0A0D2ZRH5-F1-model_v6.cif,1.0
322,A0A0D2ZV96,/home/s241850073/igem2026/results/clipzyme_native_extension_v1/structures/af_v6/AF-A0A0D2ZV96-F1-model_v6.cif,1.0
323,A0A0D3ALX6,/home/s241850073/igem2026/results/clipzyme_native_extension_v1/structures/af_v6/AF-A0A0D3ALX6-F1-model_v6.cif,1.0
324,A0A0D3AU44,/home/s241850073/igem2026/results/clipzyme_native_extension_v1/structures/af_v6/AF-A0A0D3AU44-F1-model_v6.cif,0.99999994
325,A0A0D3BBB1,/home/s241850073/igem2026/results/clipzyme_native_extension_v1/structures/af_v6/AF-A0A0D3BBB1-F1-model_v6.cif,0.9999999
326,A0A0D3BEF6,/home/s241850073/igem2026/results/clipzyme_native_extension_v1/structures/af_v6/AF-A0A0D3BEF6-F1-model_v6.cif,1.0
327,A0A0D3BKI9,/home/s241850073/igem2026/results/clipzyme_native_extension_v1/structures/af_v6/AF-A0A0D3BKI9-F1-model_v6.cif,1.0
328,A0A0D3BT26,/home/s241850073/igem2026/results/clipzyme_native_extension_v1/structures/af_v6/AF-A0A0D3BT26-F1-model_v6.cif,1.0
329,A0A0D3BU59,/home/s241850073/igem2026/results/clipzyme_native_extension_v1/structures/af_v6/AF-A0A0D3BU59-F1-model_v6.cif,1.0
330,A0A0D3BV79,/home/s241850073/igem2026/results/clipzyme_native_extension_v1/structures/af_v6/AF-A0A0D3BV79-F1-model_v6.cif,1.0
331,A0A0D3BV82,/home/s241850073/igem2026/results/clipzyme_native_extension_v1/structures/af_v6/AF-A0A0D3BV82-F1-model_v6.cif,0.99999994
332,A0A0D3C1E0,/home/s241850073/igem2026/results/clipzyme_native_extension_v1/structures/af_v6/AF-A0A0D3C1E0-F1-model_v6.cif,1.0
333,A0A0D3D910,/home/s241850073/igem2026/results/clipzyme_native_extension_v1/structures/af_v6/AF-A0A0D3D910-F1-model_v6.cif,1.0
334,A0A0D3DD83,/home/s241850073/igem2026/results/clipzyme_native_extension_v1/structures/af_v6/AF-A0A0D3DD83-F1-model_v6.cif,0.99999994
335,A0A0D3DMA5,/home/s241850073/igem2026/results/clipzyme_native_extension_v1/structures/af_v6/AF-A0A0D3DMA5-F1-model_v6.cif,1.0
336,A0A0D3EB26,/home/s241850073/igem2026/results/clipzyme_native_extension_v1/structures/af_v6/AF-A0A0D3EB26-F1-model_v6.cif,0.99999994
337,A0A0D3F4V4,/home/s241850073/igem2026/results/clipzyme_native_extension_v1/structures/af_v6/AF-A0A0D3F4V4-F1-model_v6.cif,1.0
338,A0A0D3FK27,/home/s241850073/igem2026/results/clipzyme_native_extension_v1/structures/af_v6/AF-A0A0D3FK27-F1-model_v6.cif,1.0
339,A0A0D3FRW0,/home/s241850073/igem2026/results/clipzyme_native_extension_v1/structures/af_v6/AF-A0A0D3FRW0-F1-model_v6.cif,0.99999994
340,A0A0D3FUD1,/home/s241850073/igem2026/results/clipzyme_native_extension_v1/structures/af_v6/AF-A0A0D3FUD1-F1-model_v6.cif,0.99999994
341,A0A0D3FUD6,/home/s241850073/igem2026/results/clipzyme_native_extension_v1/structures/af_v6/AF-A0A0D3FUD6-F1-model_v6.cif,0.99999994
342,A0A0D3FUD9,/home/s241850073/igem2026/results/clipzyme_native_extension_v1/structures/af_v6/AF-A0A0D3FUD9-F1-model_v6.cif,0.99999994
343,A0A0D3GWQ5,/home/s241850073/igem2026/results/clipzyme_native_extension_v1/structures/af_v6/AF-A0A0D3GWQ5-F1-model_v6.cif,1.0
344,A0A0D5NL07,/home/s241850073/igem2026/results/clipzyme_native_extension_v1/structures/af_v6/AF-A0A0D5NL07-F1-model_v6.cif,1.0
345,A0A0D7AM14,/home/s241850073/igem2026/results/clipzyme_native_extension_v1/structures/af_v6/AF-A0A0D7AM14-F1-model_v6.cif,0.99999994
346,A0A0D7AT78,/home/s241850073/igem2026/results/clipzyme_native_extension_v1/structures/af_v6/AF-A0A0D7AT78-F1-model_v6.cif,1.0
347,A0A0D7B4I8,/home/s241850073/igem2026/results/clipzyme_native_extension_v1/structures/af_v6/AF-A0A0D7B4I8-F1-model_v6.cif,0.99999994
348,A0A0D7BE20,/home/s241850073/igem2026/results/clipzyme_native_extension_v1/structures/af_v6/AF-A0A0D7BE20-F1-model_v6.cif,1.0
349,A0A0D7BG15,/home/s241850073/igem2026/results/clipzyme_native_extension_v1/structures/af_v6/AF-A0A0D7BG15-F1-model_v6.cif,1.0
350,A0A0D7CIP9,/home/s241850073/igem2026/results/clipzyme_native_extension_v1/structures/af_v6/AF-A0A0D7CIP9-F1-model_v6.cif,0.99999994
351,A0A0D7CLA1,/home/s241850073/igem2026/results/clipzyme_native_extension_v1/structures/af_v6/AF-A0A0D7CLA1-F1-model_v6.cif,1.0
352,A0A0D7CMA3,/home/s241850073/igem2026/results/clipzyme_native_extension_v1/structures/af_v6/AF-A0A0D7CMA3-F1-model_v6.cif,0.99999994
353,A0A0D7CNN9,/home/s241850073/igem2026/results/clipzyme_native_extension_v1/structures/af_v6/AF-A0A0D7CNN9-F1-model_v6.cif,0.99999994
354,A0A0D7CU33,/home/s241850073/igem2026/results/clipzyme_native_extension_v1/structures/af_v6/AF-A0A0D7CU33-F1-model_v6.cif,1.0
355,A0A0D8BHX4,/home/s241850073/igem2026/results/clipzyme_native_extension_v1/structures/af_v6/AF-A0A0D8BHX4-F1-model_v6.cif,0.99999994
356,A0A0D8JFX0,/home/s241850073/igem2026/results/clipzyme_native_extension_v1/structures/af_v6/AF-A0A0D8JFX0-F1-model_v6.cif,1.0
357,A0A0D9NRW8,/home/s241850073/igem2026/results/clipzyme_native_extension_v1/structures/af_v6/AF-A0A0D9NRW8-F1-model_v6.cif,0.99999994
358,A0A0D9VBI3,/home/s241850073/igem2026/results/clipzyme_native_extension_v1/structures/af_v6/AF-A0A0D9VBI3-F1-model_v6.cif,1.0
359,A0A0D9WQV3,/home/s241850073/igem2026/results/clipzyme_native_extension_v1/structures/af_v6/AF-A0A0D9WQV3-F1-model_v6.cif,1.0
360,A0A0D9X6A2,/home/s241850073/igem2026/results/clipzyme_native_extension_v1/structures/af_v6/AF-A0A0D9X6A2-F1-model_v6.cif,0.99999994
361,A0A0D9XKX7,/home/s241850073/igem2026/results/clipzyme_native_extension_v1/structures/af_v6/AF-A0A0D9XKX7-F1-model_v6.cif,1.0
362,A0A0D9XXR5,/home/s241850073/igem2026/results/clipzyme_native_extension_v1/structures/af_v6/AF-A0A0D9XXR5-F1-model_v6.cif,1.0
363,A0A0D9XZE4,/home/s241850073/igem2026/results/clipzyme_native_extension_v1/structures/af_v6/AF-A0A0D9XZE4-F1-model_v6.cif,1.0
364,A0A0D9YRW3,/home/s241850073/igem2026/results/clipzyme_native_extension_v1/structures/af_v6/AF-A0A0D9YRW3-F1-model_v6.cif,1.0
365,A0A0D9YTY3,/home/s241850073/igem2026/results/clipzyme_native_extension_v1/structures/af_v6/AF-A0A0D9YTY3-F1-model_v6.cif,1.0
366,A0A0D9Z6S9,/home/s241850073/igem2026/results/clipzyme_native_extension_v1/structures/af_v6/AF-A0A0D9Z6S9-F1-model_v6.cif,1.0
367,A0A0D9Z7A9,/home/s241850073/igem2026/results/clipzyme_native_extension_v1/structures/af_v6/AF-A0A0D9Z7A9-F1-model_v6.cif,1.0
368,A0A0D9Z965,/home/s241850073/igem2026/results/clipzyme_native_extension_v1/structures/af_v6/AF-A0A0D9Z965-F1-model_v6.cif,1.0
369,A0A0D9ZJ43,/home/s241850073/igem2026/results/clipzyme_native_extension_v1/structures/af_v6/AF-A0A0D9ZJ43-F1-model_v6.cif,1.0
370,A0A0D9ZJ44,/home/s241850073/igem2026/results/clipzyme_native_extension_v1/structures/af_v6/AF-A0A0D9ZJ44-F1-model_v6.cif,1.0
371,A0A0D9ZWD3,/home/s241850073/igem2026/results/clipzyme_native_extension_v1/structures/af_v6/AF-A0A0D9ZWD3-F1-model_v6.cif,1.0
372,A0A0E0BG89,/home/s241850073/igem2026/results/clipzyme_native_extension_v1/structures/af_v6/AF-A0A0E0BG89-F1-model_v6.cif,1.0
373,A0A0E0BHT4,/home/s241850073/igem2026/results/clipzyme_native_extension_v1/structures/af_v6/AF-A0A0E0BHT4-F1-model_v6.cif,0.99999994
374,A0A0E0CK58,/home/s241850073/igem2026/results/clipzyme_native_extension_v1/structures/af_v6/AF-A0A0E0CK58-F1-model_v6.cif,1.0
375,A0A0E0CK60,/home/s241850073/igem2026/results/clipzyme_native_extension_v1/structures/af_v6/AF-A0A0E0CK60-F1-model_v6.cif,1.0
376,A0A0E0CK62,/home/s241850073/igem2026/results/clipzyme_native_extension_v1/structures/af_v6/AF-A0A0E0CK62-F1-model_v6.cif,0.99999994
377,A0A0E0D0G3,/home/s241850073/igem2026/results/clipzyme_native_extension_v1/structures/af_v6/AF-A0A0E0D0G3-F1-model_v6.cif,0.99999994
378,A0A0E0D2D8,/home/s241850073/igem2026/results/clipzyme_native_extension_v1/structures/af_v6/AF-A0A0E0D2D8-F1-model_v6.cif,0.9999999
379,A0A0E0D2D9,/home/s241850073/igem2026/results/clipzyme_native_extension_v1/structures/af_v6/AF-A0A0E0D2D9-F1-model_v6.cif,0.99999994
380,A0A0E0GMD5,/home/s241850073/igem2026/results/clipzyme_native_extension_v1/structures/af_v6/AF-A0A0E0GMD5-F1-model_v6.cif,1.0
381,A0A0E0GX38,/home/s241850073/igem2026/results/clipzyme_native_extension_v1/structures/af_v6/AF-A0A0E0GX38-F1-model_v6.cif,0.99999994
382,A0A0E0GZA8,/home/s241850073/igem2026/results/clipzyme_native_extension_v1/structures/af_v6/AF-A0A0E0GZA8-F1-model_v6.cif,1.0
383,A0A0E0HCB4,/home/s241850073/igem2026/results/clipzyme_native_extension_v1/structures/af_v6/AF-A0A0E0HCB4-F1-model_v6.cif,0.99999994
384,A0A0E0HCB6,/home/s241850073/igem2026/results/clipzyme_native_extension_v1/structures/af_v6/AF-A0A0E0HCB6-F1-model_v6.cif,1.0
385,A0A0E0HFB1,/home/s241850073/igem2026/results/clipzyme_native_extension_v1/structures/af_v6/AF-A0A0E0HFB1-F1-model_v6.cif,1.0
386,A0A0E0J0T8,/home/s241850073/igem2026/results/clipzyme_native_extension_v1/structures/af_v6/AF-A0A0E0J0T8-F1-model_v6.cif,1.0
387,A0A0E0JL29,/home/s241850073/igem2026/results/clipzyme_native_extension_v1/structures/af_v6/AF-A0A0E0JL29-F1-model_v6.cif,0.99999994
388,A0A0E0KDZ5,/home/s241850073/igem2026/results/clipzyme_native_extension_v1/structures/af_v6/AF-A0A0E0KDZ5-F1-model_v6.cif,1.0
389,A0A0E0KDZ7,/home/s241850073/igem2026/results/clipzyme_native_extension_v1/structures/af_v6/AF-A0A0E0KDZ7-F1-model_v6.cif,1.0
390,A0A0E0KDZ8,/home/s241850073/igem2026/results/clipzyme_native_extension_v1/structures/af_v6/AF-A0A0E0KDZ8-F1-model_v6.cif,1.0
391,A0A0E0KP63,/home/s241850073/igem2026/results/clipzyme_native_extension_v1/structures/af_v6/AF-A0A0E0KP63-F1-model_v6.cif,0.99999994
392,A0A0E0LE33,/home/s241850073/igem2026/results/clipzyme_native_extension_v1/structures/af_v6/AF-A0A0E0LE33-F1-model_v6.cif,1.0
393,A0A0E0MEQ6,/home/s241850073/igem2026/results/clipzyme_native_extension_v1/structures/af_v6/AF-A0A0E0MEQ6-F1-model_v6.cif,1.0
394,A0A0E0MEQ7,/home/s241850073/igem2026/results/clipzyme_native_extension_v1/structures/af_v6/AF-A0A0E0MEQ7-F1-model_v6.cif,1.0
395,A0A0E0NGP8,/home/s241850073/igem2026/results/clipzyme_native_extension_v1/structures/af_v6/AF-A0A0E0NGP8-F1-model_v6.cif,1.0000001
396,A0A0E0QPM8,/home/s241850073/igem2026/results/clipzyme_native_extension_v1/structures/af_v6/AF-A0A0E0QPM8-F1-model_v6.cif,0.99999994
397,A0A0E0R8B7,/home/s241850073/igem2026/results/clipzyme_native_extension_v1/structures/af_v6/AF-A0A0E0R8B7-F1-model_v6.cif,0.99999994
398,A0A0E0R8B8,/home/s241850073/igem2026/results/clipzyme_native_extension_v1/structures/af_v6/AF-A0A0E0R8B8-F1-model_v6.cif,1.0
399,A0A0E1RV52,/home/s241850073/igem2026/results/clipzyme_native_extension_v1/structures/af_v6/AF-A0A0E1RV52-F1-model_v6.cif,0.99999994
400,A0A0E3D8N3,/home/s241850073/igem2026/results/clipzyme_native_extension_v1/structures/af_v6/AF-A0A0E3D8N3-F1-model_v6.cif,0.99999994
401,A0A0E3QV30,/home/s241850073/igem2026/results/clipzyme_native_extension_v1/structures/af_v6/AF-A0A0E3QV30-F1-model_v6.cif,1.0
402,A0A0E9N6J2,/home/s241850073/igem2026/results/clipzyme_native_extension_v1/structures/af_v6/AF-A0A0E9N6J2-F1-model_v6.cif,0.99999994
403,A0A0E9NDM8,/home/s241850073/igem2026/results/clipzyme_native_extension_v1/structures/af_v6/AF-A0A0E9NDM8-F1-model_v6.cif,1.0
404,A0A0F2TGC3,/home/s241850073/igem2026/results/clipzyme_native_extension_v1/structures/af_v6/AF-A0A0F2TGC3-F1-model_v6.cif,1.0
405,A0A0F4GUX4,/home/s241850073/igem2026/results/clipzyme_native_extension_v1/structures/af_v6/AF-A0A0F4GUX4-F1-model_v6.cif,1.0
406,A0A0F4JKQ6,/home/s241850073/igem2026/results/clipzyme_native_extension_v1/structures/af_v6/AF-A0A0F4JKQ6-F1-model_v6.cif,1.0
407,A0A0F4YK83,/home/s241850073/igem2026/results/clipzyme_native_extension_v1/structures/af_v6/AF-A0A0F4YK83-F1-model_v6.cif,1.0
408,A0A0F4YUX0,/home/s241850073/igem2026/results/clipzyme_native_extension_v1/structures/af_v6/AF-A0A0F4YUX0-F1-model_v6.cif,1.0
409,A0A0F4Z2N5,/home/s241850073/igem2026/results/clipzyme_native_extension_v1/structures/af_v6/AF-A0A0F4Z2N5-F1-model_v6.cif,0.9999999
410,A0A0F6YGB5,/home/s241850073/igem2026/results/clipzyme_native_extension_v1/structures/af_v6/AF-A0A0F6YGB5-F1-model_v6.cif,1.0
411,A0A0F7CQ13,/home/s241850073/igem2026/results/clipzyme_native_extension_v1/structures/af_v6/AF-A0A0F7CQ13-F1-model_v6.cif,0.99999994
412,A0A0F7FSH4,/home/s241850073/igem2026/results/clipzyme_native_extension_v1/structures/af_v6/AF-A0A0F7FSH4-F1-model_v6.cif,0.99999994
413,A0A0F7G043,/home/s241850073/igem2026/results/clipzyme_native_extension_v1/structures/af_v6/AF-A0A0F7G043-F1-model_v6.cif,1.0
414,A0A0F7G352,/home/s241850073/igem2026/results/clipzyme_native_extension_v1/structures/af_v6/AF-A0A0F7G352-F1-model_v6.cif,1.0
415,A0A0F7TN06,/home/s241850073/igem2026/results/clipzyme_native_extension_v1/structures/af_v6/AF-A0A0F7TN06-F1-model_v6.cif,1.0
416,A0A0F7TN65,/home/s241850073/igem2026/results/clipzyme_native_extension_v1/structures/af_v6/AF-A0A0F7TN65-F1-model_v6.cif,0.99999994
417,A0A0F7TN69,/home/s241850073/igem2026/results/clipzyme_native_extension_v1/structures/af_v6/AF-A0A0F7TN69-F1-model_v6.cif,1.0000001
418,A0A0F7TRU0,/home/s241850073/igem2026/results/clipzyme_native_extension_v1/structures/af_v6/AF-A0A0F7TRU0-F1-model_v6.cif,1.0
419,A0A0F7TWX5,/home/s241850073/igem2026/results/clipzyme_native_extension_v1/structures/af_v6/AF-A0A0F7TWX5-F1-model_v6.cif,1.0
420,A0A0F7TXH9,/home/s241850073/igem2026/results/clipzyme_native_extension_v1/structures/af_v6/AF-A0A0F7TXH9-F1-model_v6.cif,1.0
421,A0A0F7ZH66,/home/s241850073/igem2026/results/clipzyme_native_extension_v1/structures/af_v6/AF-A0A0F7ZH66-F1-model_v6.cif,1.0
422,A0A0F7ZM41,/home/s241850073/igem2026/results/clipzyme_native_extension_v1/structures/af_v6/AF-A0A0F7ZM41-F1-model_v6.cif,0.9999999
423,A0A0F7ZP15,/home/s241850073/igem2026/results/clipzyme_native_extension_v1/structures/af_v6/AF-A0A0F7ZP15-F1-model_v6.cif,0.99999994
424,A0A0F7ZU81,/home/s241850073/igem2026/results/clipzyme_native_extension_v1/structures/af_v6/AF-A0A0F7ZU81-F1-model_v6.cif,1.0
425,A0A0F8UC04,/home/s241850073/igem2026/results/clipzyme_native_extension_v1/structures/af_v6/AF-A0A0F8UC04-F1-model_v6.cif,1.0
426,A0A0F8UEW7,/home/s241850073/igem2026/results/clipzyme_native_extension_v1/structures/af_v6/AF-A0A0F8UEW7-F1-model_v6.cif,1.0
427,A0A0G2F821,/home/s241850073/igem2026/results/clipzyme_native_extension_v1/structures/af_v6/AF-A0A0G2F821-F1-model_v6.cif,1.0
428,A0A0G2FCR6,/home/s241850073/igem2026/results/clipzyme_native_extension_v1/structures/af_v6/AF-A0A0G2FCR6-F1-model_v6.cif,1.0
429,A0A0G2FJL6,/home/s241850073/igem2026/results/clipzyme_native_extension_v1/structures/af_v6/AF-A0A0G2FJL6-F1-model_v6.cif,1.0
430,A0A0G2H655,/home/s241850073/igem2026/results/clipzyme_native_extension_v1/structures/af_v6/AF-A0A0G2H655-F1-model_v6.cif,1.0
431,A0A0G2IFH4,/home/s241850073/igem2026/results/clipzyme_native_extension_v1/structures/af_v6/AF-A0A0G2IFH4-F1-model_v6.cif,0.99999994
432,A0A0G4IRM5,/home/s241850073/igem2026/results/clipzyme_native_extension_v1/structures/af_v6/AF-A0A0G4IRM5-F1-model_v6.cif,1.0
433,A0A0G4LXZ4,/home/s241850073/igem2026/results/clipzyme_native_extension_v1/structures/af_v6/AF-A0A0G4LXZ4-F1-model_v6.cif,1.0
434,A0A0G4MXL4,/home/s241850073/igem2026/results/clipzyme_native_extension_v1/structures/af_v6/AF-A0A0G4MXL4-F1-model_v6.cif,1.0
435,A0A0G4P2W1,/home/s241850073/igem2026/results/clipzyme_native_extension_v1/structures/af_v6/AF-A0A0G4P2W1-F1-model_v6.cif,1.0
436,A0A0G4PH17,/home/s241850073/igem2026/results/clipzyme_native_extension_v1/structures/af_v6/AF-A0A0G4PH17-F1-model_v6.cif,0.99999994
437,A0A0G4PPQ3,/home/s241850073/igem2026/results/clipzyme_native_extension_v1/structures/af_v6/AF-A0A0G4PPQ3-F1-model_v6.cif,1.0
438,A0A0H2R7Z9,/home/s241850073/igem2026/results/clipzyme_native_extension_v1/structures/af_v6/AF-A0A0H2R7Z9-F1-model_v6.cif,1.0
439,A0A0H2R9X3,/home/s241850073/igem2026/results/clipzyme_native_extension_v1/structures/af_v6/AF-A0A0H2R9X3-F1-model_v6.cif,1.0
440,A0A0H2R9X6,/home/s241850073/igem2026/results/clipzyme_native_extension_v1/structures/af_v6/AF-A0A0H2R9X6-F1-model_v6.cif,1.0
441,A0A0H2RWI6,/home/s241850073/igem2026/results/clipzyme_native_extension_v1/structures/af_v6/AF-A0A0H2RWI6-F1-model_v6.cif,1.0
442,A0A0H2RZ09,/home/s241850073/igem2026/results/clipzyme_native_extension_v1/structures/af_v6/AF-A0A0H2RZ09-F1-model_v6.cif,1.0
443,A0A0H2UQZ4,/home/s241850073/igem2026/results/clipzyme_native_extension_v1/structures/af_v6/AF-A0A0H2UQZ4-F1-model_v6.cif,1.0
444,A0A0H2UZX2,/home/s241850073/igem2026/results/clipzyme_native_extension_v1/structures/af_v6/AF-A0A0H2UZX2-F1-model_v6.cif,1.0
445,A0A0H2Z7X0,/home/s241850073/igem2026/results/clipzyme_native_extension_v1/structures/af_v6/AF-A0A0H2Z7X0-F1-model_v6.cif,0.99999994
446,A0A0H2ZFK2,/home/s241850073/igem2026/results/clipzyme_native_extension_v1/structures/af_v6/AF-A0A0H2ZFK2-F1-model_v6.cif,0.99999994
447,A0A0H2ZIF3,/home/s241850073/igem2026/results/clipzyme_native_extension_v1/structures/af_v6/AF-A0A0H2ZIF3-F1-model_v6.cif,1.0
448,A0A0H3KNC4,/home/s241850073/igem2026/results/clipzyme_native_extension_v1/structures/af_v6/AF-A0A0H3KNC4-F1-model_v6.cif,1.0
449,A0A0H3KNE7,/home/s241850073/igem2026/results/clipzyme_native_extension_v1/structures/af_v6/AF-A0A0H3KNE7-F1-model_v6.cif,0.99999994
450,A0A0H5B1M3,/home/s241850073/igem2026/results/clipzyme_native_extension_v1/structures/af_v6/AF-A0A0H5B1M3-F1-model_v6.cif,1.0
451,A0A0J1EEP6,/home/s241850073/igem2026/results/clipzyme_native_extension_v1/structures/af_v6/AF-A0A0J1EEP6-F1-model_v6.cif,1.0
452,A0A0J1FQ47,/home/s241850073/igem2026/results/clipzyme_native_extension_v1/structures/af_v6/AF-A0A0J1FQ47-F1-model_v6.cif,0.99999994
453,A0A0J6XHN2,/home/s241850073/igem2026/results/clipzyme_native_extension_v1/structures/af_v6/AF-A0A0J6XHN2-F1-model_v6.cif,0.99999994
454,A0A0J7AAC5,/home/s241850073/igem2026/results/clipzyme_native_extension_v1/structures/af_v6/AF-A0A0J7AAC5-F1-model_v6.cif,1.0
455,A0A0J8B9A5,/home/s241850073/igem2026/results/clipzyme_native_extension_v1/structures/af_v6/AF-A0A0J8B9A5-F1-model_v6.cif,1.0
456,A0A0K1EPK9,/home/s241850073/igem2026/results/clipzyme_native_extension_v1/structures/af_v6/AF-A0A0K1EPK9-F1-model_v6.cif,1.0
457,A0A0K1EPP1,/home/s241850073/igem2026/results/clipzyme_native_extension_v1/structures/af_v6/AF-A0A0K1EPP1-F1-model_v6.cif,1.0
458,A0A0K6FQ41,/home/s241850073/igem2026/results/clipzyme_native_extension_v1/structures/af_v6/AF-A0A0K6FQ41-F1-model_v6.cif,1.0
459,A0A0K6FX52,/home/s241850073/igem2026/results/clipzyme_native_extension_v1/structures/af_v6/AF-A0A0K6FX52-F1-model_v6.cif,0.99999994
460,A0A0K8PF36,/home/s241850073/igem2026/results/clipzyme_native_extension_v1/structures/af_v6/AF-A0A0K8PF36-F1-model_v6.cif,1.0
461,A0A0K9PEL3,/home/s241850073/igem2026/results/clipzyme_native_extension_v1/structures/af_v6/AF-A0A0K9PEL3-F1-model_v6.cif,1.0
462,A0A0K9XDW1,/home/s241850073/igem2026/results/clipzyme_native_extension_v1/structures/af_v6/AF-A0A0K9XDW1-F1-model_v6.cif,0.99999994
463,A0A0K9XGA2,/home/s241850073/igem2026/results/clipzyme_native_extension_v1/structures/af_v6/AF-A0A0K9XGA2-F1-model_v6.cif,1.0000001
464,A0A0K9XLE7,/home/s241850073/igem2026/results/clipzyme_native_extension_v1/structures/af_v6/AF-A0A0K9XLE7-F1-model_v6.cif,1.0
465,A0A0K9XLW7,/home/s241850073/igem2026/results/clipzyme_native_extension_v1/structures/af_v6/AF-A0A0K9XLW7-F1-model_v6.cif,1.0
466,A0A0L0MZI6,/home/s241850073/igem2026/results/clipzyme_native_extension_v1/structures/af_v6/AF-A0A0L0MZI6-F1-model_v6.cif,1.0
467,A0A0L0NHD9,/home/s241850073/igem2026/results/clipzyme_native_extension_v1/structures/af_v6/AF-A0A0L0NHD9-F1-model_v6.cif,1.0
468,A0A0L1IWC8,/home/s241850073/igem2026/results/clipzyme_native_extension_v1/structures/af_v6/AF-A0A0L1IWC8-F1-model_v6.cif,0.99999994
469,A0A0L1IWL6,/home/s241850073/igem2026/results/clipzyme_native_extension_v1/structures/af_v6/AF-A0A0L1IWL6-F1-model_v6.cif,0.99999994
470,A0A0L1JCG0,/home/s241850073/igem2026/results/clipzyme_native_extension_v1/structures/af_v6/AF-A0A0L1JCG0-F1-model_v6.cif,1.0
471,A0A0L1JDR8,/home/s241850073/igem2026/results/clipzyme_native_extension_v1/structures/af_v6/AF-A0A0L1JDR8-F1-model_v6.cif,1.0
472,A0A0L1JF60,/home/s241850073/igem2026/results/clipzyme_native_extension_v1/structures/af_v6/AF-A0A0L1JF60-F1-model_v6.cif,1.0
473,A0A0L6W6P6,/home/s241850073/igem2026/results/clipzyme_native_extension_v1/structures/af_v6/AF-A0A0L6W6P6-F1-model_v6.cif,1.0
474,A0A0L8M630,/home/s241850073/igem2026/results/clipzyme_native_extension_v1/structures/af_v6/AF-A0A0L8M630-F1-model_v6.cif,0.99999994
475,A0A0M0G4T5,/home/s241850073/igem2026/results/clipzyme_native_extension_v1/structures/af_v6/AF-A0A0M0G4T5-F1-model_v6.cif,1.0
476,A0A0M0JCZ9,/home/s241850073/igem2026/results/clipzyme_native_extension_v1/structures/af_v6/AF-A0A0M0JCZ9-F1-model_v6.cif,1.0
477,A0A0M2GCB2,/home/s241850073/igem2026/results/clipzyme_native_extension_v1/structures/af_v6/AF-A0A0M2GCB2-F1-model_v6.cif,0.99999994
478,A0A0M3KL36,/home/s241850073/igem2026/results/clipzyme_native_extension_v1/structures/af_v6/AF-A0A0M3KL36-F1-model_v6.cif,0.99999994
479,A0A0M3KU39,/home/s241850073/igem2026/results/clipzyme_native_extension_v1/structures/af_v6/AF-A0A0M3KU39-F1-model_v6.cif,0.9999999
480,A0A0M3KU45,/home/s241850073/igem2026/results/clipzyme_native_extension_v1/structures/af_v6/AF-A0A0M3KU45-F1-model_v6.cif,0.99999994
481,A0A0M8MUG4,/home/s241850073/igem2026/results/clipzyme_native_extension_v1/structures/af_v6/AF-A0A0M8MUG4-F1-model_v6.cif,0.99999994
482,A0A0M8MUV4,/home/s241850073/igem2026/results/clipzyme_native_extension_v1/structures/af_v6/AF-A0A0M8MUV4-F1-model_v6.cif,0.9999999
483,A0A0M8MV11,/home/s241850073/igem2026/results/clipzyme_native_extension_v1/structures/af_v6/AF-A0A0M8MV11-F1-model_v6.cif,0.99999994
484,A0A0M8MW83,/home/s241850073/igem2026/results/clipzyme_native_extension_v1/structures/af_v6/AF-A0A0M8MW83-F1-model_v6.cif,0.99999994
485,A0A0M8MZA1,/home/s241850073/igem2026/results/clipzyme_native_extension_v1/structures/af_v6/AF-A0A0M8MZA1-F1-model_v6.cif,1.0
486,A0A0M8N2Y4,/home/s241850073/igem2026/results/clipzyme_native_extension_v1/structures/af_v6/AF-A0A0M8N2Y4-F1-model_v6.cif,1.0
487,A0A0M8P8A7,/home/s241850073/igem2026/results/clipzyme_native_extension_v1/structures/af_v6/AF-A0A0M8P8A7-F1-model_v6.cif,1.0
488,A0A0M9AMV3,/home/s241850073/igem2026/results/clipzyme_native_extension_v1/structures/af_v6/AF-A0A0M9AMV3-F1-model_v6.cif,0.99999994
489,A0A0M9EWS2,/home/s241850073/igem2026/results/clipzyme_native_extension_v1/structures/af_v6/AF-A0A0M9EWS2-F1-model_v6.cif,0.99999994
490,A0A0M9EY59,/home/s241850073/igem2026/results/clipzyme_native_extension_v1/structures/af_v6/AF-A0A0M9EY59-F1-model_v6.cif,1.0
491,A0A0M9VUG7,/home/s241850073/igem2026/results/clipzyme_native_extension_v1/structures/af_v6/AF-A0A0M9VUG7-F1-model_v6.cif,0.99999994
492,A0A0M9VUP1,/home/s241850073/igem2026/results/clipzyme_native_extension_v1/structures/af_v6/AF-A0A0M9VUP1-F1-model_v6.cif,1.0000001
493,A0A0N0DBK8,/home/s241850073/igem2026/results/clipzyme_native_extension_v1/structures/af_v6/AF-A0A0N0DBK8-F1-model_v6.cif,1.0
494,A0A0N0E2J6,/home/s241850073/igem2026/results/clipzyme_native_extension_v1/structures/af_v6/AF-A0A0N0E2J6-F1-model_v6.cif,0.99999994
495,A0A0N0H2F9,/home/s241850073/igem2026/results/clipzyme_native_extension_v1/structures/af_v6/AF-A0A0N0H2F9-F1-model_v6.cif,1.0
496,A0A0N0RTK4,/home/s241850073/igem2026/results/clipzyme_native_extension_v1/structures/af_v6/AF-A0A0N0RTK4-F1-model_v6.cif,1.0
497,A0A0N0VJF1,/home/s241850073/igem2026/results/clipzyme_native_extension_v1/structures/af_v6/AF-A0A0N0VJF1-F1-model_v6.cif,1.0000001
498,A0A0N6W373,/home/s241850073/igem2026/results/clipzyme_native_extension_v1/structures/af_v6/AF-A0A0N6W373-F1-model_v6.cif,1.0
499,A0A0N7YM95,/home/s241850073/igem2026/results/clipzyme_native_extension_v1/structures/af_v6/AF-A0A0N7YM95-F1-model_v6.cif,1.0
500,A0A0N8PNS0,/home/s241850073/igem2026/results/clipzyme_native_extension_v1/structures/af_v6/AF-A0A0N8PNS0-F1-model_v6.cif,1.0
501,A0A0N8PPZ5,/home/s241850073/igem2026/results/clipzyme_native_extension_v1/structures/af_v6/AF-A0A0N8PPZ5-F1-model_v6.cif,0.99999994
502,A0A0N9HWH6,/home/s241850073/igem2026/results/clipzyme_native_extension_v1/structures/af_v6/AF-A0A0N9HWH6-F1-model_v6.cif,1.0
503,A0A0N9I8A9,/home/s241850073/igem2026/results/clipzyme_native_extension_v1/structures/af_v6/AF-A0A0N9I8A9-F1-model_v6.cif,1.0
504,A0A0P0FGV9,/home/s241850073/igem2026/results/clipzyme_native_extension_v1/structures/af_v6/AF-A0A0P0FGV9-F1-model_v6.cif,0.99999994
505,A0A0P0VKW2,/home/s241850073/igem2026/results/clipzyme_native_extension_v1/structures/af_v6/AF-A0A0P0VKW2-F1-model_v6.cif,1.0
506,A0A0P0VY91,/home/s241850073/igem2026/results/clipzyme_native_extension_v1/structures/af_v6/AF-A0A0P0VY91-F1-model_v6.cif,1.0
507,A0A0P0W8U0,/home/s241850073/igem2026/results/clipzyme_native_extension_v1/structures/af_v6/AF-A0A0P0W8U0-F1-model_v6.cif,1.0
508,A0A0P0W8Y6,/home/s241850073/igem2026/results/clipzyme_native_extension_v1/structures/af_v6/AF-A0A0P0W8Y6-F1-model_v6.cif,1.0
509,A0A0P0W963,/home/s241850073/igem2026/results/clipzyme_native_extension_v1/structures/af_v6/AF-A0A0P0W963-F1-model_v6.cif,0.99999994
510,A0A0P0XC15,/home/s241850073/igem2026/results/clipzyme_native_extension_v1/structures/af_v6/AF-A0A0P0XC15-F1-model_v6.cif,0.99999994
511,A0A0P0XCC9,/home/s241850073/igem2026/results/clipzyme_native_extension_v1/structures/af_v6/AF-A0A0P0XCC9-F1-model_v6.cif,1.0
512,A0A0P0Y1B3,/home/s241850073/igem2026/results/clipzyme_native_extension_v1/structures/af_v6/AF-A0A0P0Y1B3-F1-model_v6.cif,1.0
513,A0A0P0YAB9,/home/s241850073/igem2026/results/clipzyme_native_extension_v1/structures/af_v6/AF-A0A0P0YAB9-F1-model_v6.cif,1.0
514,A0A0P4RDW4,/home/s241850073/igem2026/results/clipzyme_native_extension_v1/structures/af_v6/AF-A0A0P4RDW4-F1-model_v6.cif,1.0
515,A0A0P6Y9U9,/home/s241850073/igem2026/results/clipzyme_native_extension_v1/structures/af_v6/AF-A0A0P6Y9U9-F1-model_v6.cif,1.0
516,A0A0P6YAS9,/home/s241850073/igem2026/results/clipzyme_native_extension_v1/structures/af_v6/AF-A0A0P6YAS9-F1-model_v6.cif,0.99999994
517,A0A0P6YR20,/home/s241850073/igem2026/results/clipzyme_native_extension_v1/structures/af_v6/AF-A0A0P6YR20-F1-model_v6.cif,0.99999994
518,A0A0P6YXY3,/home/s241850073/igem2026/results/clipzyme_native_extension_v1/structures/af_v6/AF-A0A0P6YXY3-F1-model_v6.cif,0.99999994
519,A0A0P7B0B1,/home/s241850073/igem2026/results/clipzyme_native_extension_v1/structures/af_v6/AF-A0A0P7B0B1-F1-model_v6.cif,1.0
520,A0A0P7B5K9,/home/s241850073/igem2026/results/clipzyme_native_extension_v1/structures/af_v6/AF-A0A0P7B5K9-F1-model_v6.cif,1.0
521,A0A0R0EGA8,/home/s241850073/igem2026/results/clipzyme_native_extension_v1/structures/af_v6/AF-A0A0R0EGA8-F1-model_v6.cif,0.99999994
522,A0A0R0EWB7,/home/s241850073/igem2026/results/clipzyme_native_extension_v1/structures/af_v6/AF-A0A0R0EWB7-F1-model_v6.cif,0.99999994
523,A0A0R0GTY2,/home/s241850073/igem2026/results/clipzyme_native_extension_v1/structures/af_v6/AF-A0A0R0GTY2-F1-model_v6.cif,1.0
524,A0A0R0GVB3,/home/s241850073/igem2026/results/clipzyme_native_extension_v1/structures/af_v6/AF-A0A0R0GVB3-F1-model_v6.cif,1.0
525,A0A0R0H3H1,/home/s241850073/igem2026/results/clipzyme_native_extension_v1/structures/af_v6/AF-A0A0R0H3H1-F1-model_v6.cif,1.0
526,A0A0R0H610,/home/s241850073/igem2026/results/clipzyme_native_extension_v1/structures/af_v6/AF-A0A0R0H610-F1-model_v6.cif,1.0
527,A0A0R0HHF7,/home/s241850073/igem2026/results/clipzyme_native_extension_v1/structures/af_v6/AF-A0A0R0HHF7-F1-model_v6.cif,0.99999994
528,A0A0R0I8P4,/home/s241850073/igem2026/results/clipzyme_native_extension_v1/structures/af_v6/AF-A0A0R0I8P4-F1-model_v6.cif,1.0
529,A0A0R0IHS3,/home/s241850073/igem2026/results/clipzyme_native_extension_v1/structures/af_v6/AF-A0A0R0IHS3-F1-model_v6.cif,0.99999994
530,A0A0R0JUM5,/home/s241850073/igem2026/results/clipzyme_native_extension_v1/structures/af_v6/AF-A0A0R0JUM5-F1-model_v6.cif,0.99999994
531,A0A0S2M6A7,/home/s241850073/igem2026/results/clipzyme_native_extension_v1/structures/af_v6/AF-A0A0S2M6A7-F1-model_v6.cif,0.99999994
532,A0A0S2TG11,/home/s241850073/igem2026/results/clipzyme_native_extension_v1/structures/af_v6/AF-A0A0S2TG11-F1-model_v6.cif,1.0
533,A0A0S3QZI9,/home/s241850073/igem2026/results/clipzyme_native_extension_v1/structures/af_v6/AF-A0A0S3QZI9-F1-model_v6.cif,1.0
534,A0A0S3SHV1,/home/s241850073/igem2026/results/clipzyme_native_extension_v1/structures/af_v6/AF-A0A0S3SHV1-F1-model_v6.cif,1.0
535,A0A0S3SI28,/home/s241850073/igem2026/results/clipzyme_native_extension_v1/structures/af_v6/AF-A0A0S3SI28-F1-model_v6.cif,0.99999994
536,A0A0S3SI43,/home/s241850073/igem2026/results/clipzyme_native_extension_v1/structures/af_v6/AF-A0A0S3SI43-F1-model_v6.cif,1.0
537,A0A0S4QKX2,/home/s241850073/igem2026/results/clipzyme_native_extension_v1/structures/af_v6/AF-A0A0S4QKX2-F1-model_v6.cif,1.0
538,A0A0S4QLG0,/home/s241850073/igem2026/results/clipzyme_native_extension_v1/structures/af_v6/AF-A0A0S4QLG0-F1-model_v6.cif,1.0
539,A0A0S7BM52,/home/s241850073/igem2026/results/clipzyme_native_extension_v1/structures/af_v6/AF-A0A0S7BM52-F1-model_v6.cif,1.0
540,A0A0T6LQT5,/home/s241850073/igem2026/results/clipzyme_native_extension_v1/structures/af_v6/AF-A0A0T6LQT5-F1-model_v6.cif,1.0
541,A0A0T6LTM7,/home/s241850073/igem2026/results/clipzyme_native_extension_v1/structures/af_v6/AF-A0A0T6LTM7-F1-model_v6.cif,0.99999994
542,A0A0U1LL34,/home/s241850073/igem2026/results/clipzyme_native_extension_v1/structures/af_v6/AF-A0A0U1LL34-F1-model_v6.cif,1.0
543,A0A0U1LVA1,/home/s241850073/igem2026/results/clipzyme_native_extension_v1/structures/af_v6/AF-A0A0U1LVA1-F1-model_v6.cif,1.0
544,A0A0U1M9Z6,/home/s241850073/igem2026/results/clipzyme_native_extension_v1/structures/af_v6/AF-A0A0U1M9Z6-F1-model_v6.cif,0.99999994
545,A0A0U5B0G7,/home/s241850073/igem2026/results/clipzyme_native_extension_v1/structures/af_v6/AF-A0A0U5B0G7-F1-model_v6.cif,1.0
546,A0A0U5CJU2,/home/s241850073/igem2026/results/clipzyme_native_extension_v1/structures/af_v6/AF-A0A0U5CJU2-F1-model_v6.cif,0.99999994
547,A0A0U5CKW2,/home/s241850073/igem2026/results/clipzyme_native_extension_v1/structures/af_v6/AF-A0A0U5CKW2-F1-model_v6.cif,1.0
548,A0A0U5GHC1,/home/s241850073/igem2026/results/clipzyme_native_extension_v1/structures/af_v6/AF-A0A0U5GHC1-F1-model_v6.cif,1.0
549,A0A0U5GMR5,/home/s241850073/igem2026/results/clipzyme_native_extension_v1/structures/af_v6/AF-A0A0U5GMR5-F1-model_v6.cif,1.0
550,A0A0U5HAP0,/home/s241850073/igem2026/results/clipzyme_native_extension_v1/structures/af_v6/AF-A0A0U5HAP0-F1-model_v6.cif,1.0
551,A0A0U9HLF8,/home/s241850073/igem2026/results/clipzyme_native_extension_v1/structures/af_v6/AF-A0A0U9HLF8-F1-model_v6.cif,1.0
552,A0A0V8JA08,/home/s241850073/igem2026/results/clipzyme_native_extension_v1/structures/af_v6/AF-A0A0V8JA08-F1-model_v6.cif,1.0
553,A0A0V8JE62,/home/s241850073/igem2026/results/clipzyme_native_extension_v1/structures/af_v6/AF-A0A0V8JE62-F1-model_v6.cif,0.99999994
554,A0A0W0V2J2,/home/s241850073/igem2026/results/clipzyme_native_extension_v1/structures/af_v6/AF-A0A0W0V2J2-F1-model_v6.cif,1.0
555,A0A0X1SYT6,/home/s241850073/igem2026/results/clipzyme_native_extension_v1/structures/af_v6/AF-A0A0X1SYT6-F1-model_v6.cif,0.99999994
556,A0A0X1SZE5,/home/s241850073/igem2026/results/clipzyme_native_extension_v1/structures/af_v6/AF-A0A0X1SZE5-F1-model_v6.cif,0.99999994
557,A0A0X1T102,/home/s241850073/igem2026/results/clipzyme_native_extension_v1/structures/af_v6/AF-A0A0X1T102-F1-model_v6.cif,1.0
558,A0A0Y0MW44,/home/s241850073/igem2026/results/clipzyme_native_extension_v1/structures/af_v6/AF-A0A0Y0MW44-F1-model_v6.cif,1.0
559,A0A101MB86,/home/s241850073/igem2026/results/clipzyme_native_extension_v1/structures/af_v6/AF-A0A101MB86-F1-model_v6.cif,0.99999994
560,A0A101NUQ8,/home/s241850073/igem2026/results/clipzyme_native_extension_v1/structures/af_v6/AF-A0A101NUQ8-F1-model_v6.cif,1.0
561,A0A101PED6,/home/s241850073/igem2026/results/clipzyme_native_extension_v1/structures/af_v6/AF-A0A101PED6-F1-model_v6.cif,1.0
562,A0A101PKU5,/home/s241850073/igem2026/results/clipzyme_native_extension_v1/structures/af_v6/AF-A0A101PKU5-F1-model_v6.cif,1.0
563,A0A101T124,/home/s241850073/igem2026/results/clipzyme_native_extension_v1/structures/af_v6/AF-A0A101T124-F1-model_v6.cif,1.0
564,A0A101TDN8,/home/s241850073/igem2026/results/clipzyme_native_extension_v1/structures/af_v6/AF-A0A101TDN8-F1-model_v6.cif,1.0
565,A0A101TRZ7,/home/s241850073/igem2026/results/clipzyme_native_extension_v1/structures/af_v6/AF-A0A101TRZ7-F1-model_v6.cif,1.0
566,A0A101XT58,/home/s241850073/igem2026/results/clipzyme_native_extension_v1/structures/af_v6/AF-A0A101XT58-F1-model_v6.cif,1.0
567,A0A101XTA6,/home/s241850073/igem2026/results/clipzyme_native_extension_v1/structures/af_v6/AF-A0A101XTA6-F1-model_v6.cif,1.0
568,A0A103E771,/home/s241850073/igem2026/results/clipzyme_native_extension_v1/structures/af_v6/AF-A0A103E771-F1-model_v6.cif,0.99999994
569,A0A103E772,/home/s241850073/igem2026/results/clipzyme_native_extension_v1/structures/af_v6/AF-A0A103E772-F1-model_v6.cif,1.0
570,A0A103E7D3,/home/s241850073/igem2026/results/clipzyme_native_extension_v1/structures/af_v6/AF-A0A103E7D3-F1-model_v6.cif,0.9999999
571,A0A103JXU3,/home/s241850073/igem2026/results/clipzyme_native_extension_v1/structures/af_v6/AF-A0A103JXU3-F1-model_v6.cif,1.0
572,A0A103XEQ4,/home/s241850073/igem2026/results/clipzyme_native_extension_v1/structures/af_v6/AF-A0A103XEQ4-F1-model_v6.cif,1.0
573,A0A103XHT6,/home/s241850073/igem2026/results/clipzyme_native_extension_v1/structures/af_v6/AF-A0A103XHT6-F1-model_v6.cif,1.0
574,A0A103XPE3,/home/s241850073/igem2026/results/clipzyme_native_extension_v1/structures/af_v6/AF-A0A103XPE3-F1-model_v6.cif,0.9999999
575,A0A103XPJ8,/home/s241850073/igem2026/results/clipzyme_native_extension_v1/structures/af_v6/AF-A0A103XPJ8-F1-model_v6.cif,1.0
576,A0A103XPM5,/home/s241850073/igem2026/results/clipzyme_native_extension_v1/structures/af_v6/AF-A0A103XPM5-F1-model_v6.cif,1.0
577,A0A103XTI4,/home/s241850073/igem2026/results/clipzyme_native_extension_v1/structures/af_v6/AF-A0A103XTI4-F1-model_v6.cif,1.0
578,A0A103Y1T8,/home/s241850073/igem2026/results/clipzyme_native_extension_v1/structures/af_v6/AF-A0A103Y1T8-F1-model_v6.cif,1.0
579,A0A109IHW3,/home/s241850073/igem2026/results/clipzyme_native_extension_v1/structures/af_v6/AF-A0A109IHW3-F1-model_v6.cif,1.0000001
580,A0A109IME3,/home/s241850073/igem2026/results/clipzyme_native_extension_v1/structures/af_v6/AF-A0A109IME3-F1-model_v6.cif,0.99999994
581,A0A109J6Y6,/home/s241850073/igem2026/results/clipzyme_native_extension_v1/structures/af_v6/AF-A0A109J6Y6-F1-model_v6.cif,1.0
582,A0A109P4G8,/home/s241850073/igem2026/results/clipzyme_native_extension_v1/structures/af_v6/AF-A0A109P4G8-F1-model_v6.cif,1.0
583,A0A109QXM3,/home/s241850073/igem2026/results/clipzyme_native_extension_v1/structures/af_v6/AF-A0A109QXM3-F1-model_v6.cif,1.0
584,A0A117ITM0,/home/s241850073/igem2026/results/clipzyme_native_extension_v1/structures/af_v6/AF-A0A117ITM0-F1-model_v6.cif,1.0
585,A0A117ML23,/home/s241850073/igem2026/results/clipzyme_native_extension_v1/structures/af_v6/AF-A0A117ML23-F1-model_v6.cif,1.0
586,A0A117MMD9,/home/s241850073/igem2026/results/clipzyme_native_extension_v1/structures/af_v6/AF-A0A117MMD9-F1-model_v6.cif,0.9999999
587,A0A117PWF5,/home/s241850073/igem2026/results/clipzyme_native_extension_v1/structures/af_v6/AF-A0A117PWF5-F1-model_v6.cif,1.0000001
588,A0A117PYW3,/home/s241850073/igem2026/results/clipzyme_native_extension_v1/structures/af_v6/AF-A0A117PYW3-F1-model_v6.cif,1.0
589,A0A117QPZ4,/home/s241850073/igem2026/results/clipzyme_native_extension_v1/structures/af_v6/AF-A0A117QPZ4-F1-model_v6.cif,1.0
590,A0A117RG81,/home/s241850073/igem2026/results/clipzyme_native_extension_v1/structures/af_v6/AF-A0A117RG81-F1-model_v6.cif,1.0
591,A0A118JZ61,/home/s241850073/igem2026/results/clipzyme_native_extension_v1/structures/af_v6/AF-A0A118JZ61-F1-model_v6.cif,1.0
592,A0A124EH39,/home/s241850073/igem2026/results/clipzyme_native_extension_v1/structures/af_v6/AF-A0A124EH39-F1-model_v6.cif,0.99999994
593,A0A135LJ77,/home/s241850073/igem2026/results/clipzyme_native_extension_v1/structures/af_v6/AF-A0A135LJ77-F1-model_v6.cif,1.0
594,A0A135RTQ7,/home/s241850073/igem2026/results/clipzyme_native_extension_v1/structures/af_v6/AF-A0A135RTQ7-F1-model_v6.cif,1.0
595,A0A135S1P6,/home/s241850073/igem2026/results/clipzyme_native_extension_v1/structures/af_v6/AF-A0A135S1P6-F1-model_v6.cif,0.99999994
596,A0A135U004,/home/s241850073/igem2026/results/clipzyme_native_extension_v1/structures/af_v6/AF-A0A135U004-F1-model_v6.cif,1.0
597,A0A136IJK9,/home/s241850073/igem2026/results/clipzyme_native_extension_v1/structures/af_v6/AF-A0A136IJK9-F1-model_v6.cif,0.99999994
598,A0A136IJY7,/home/s241850073/igem2026/results/clipzyme_native_extension_v1/structures/af_v6/AF-A0A136IJY7-F1-model_v6.cif,0.99999994
599,A0A136IKF8,/home/s241850073/igem2026/results/clipzyme_native_extension_v1/structures/af_v6/AF-A0A136IKF8-F1-model_v6.cif,1.0
600,A0A136IVU6,/home/s241850073/igem2026/results/clipzyme_native_extension_v1/structures/af_v6/AF-A0A136IVU6-F1-model_v6.cif,1.0
601,A0A136PQF0,/home/s241850073/igem2026/results/clipzyme_native_extension_v1/structures/af_v6/AF-A0A136PQF0-F1-model_v6.cif,1.0
602,A0A139GXJ1,/home/s241850073/igem2026/results/clipzyme_native_extension_v1/structures/af_v6/AF-A0A139GXJ1-F1-model_v6.cif,1.0
603,A0A139HH43,/home/s241850073/igem2026/results/clipzyme_native_extension_v1/structures/af_v6/AF-A0A139HH43-F1-model_v6.cif,1.0
604,A0A139HTF8,/home/s241850073/igem2026/results/clipzyme_native_extension_v1/structures/af_v6/AF-A0A139HTF8-F1-model_v6.cif,1.0
605,A0A139WXP3,/home/s241850073/igem2026/results/clipzyme_native_extension_v1/structures/af_v6/AF-A0A139WXP3-F1-model_v6.cif,1.0
606,A0A139X035,/home/s241850073/igem2026/results/clipzyme_native_extension_v1/structures/af_v6/AF-A0A139X035-F1-model_v6.cif,1.0
607,A0A139X064,/home/s241850073/igem2026/results/clipzyme_native_extension_v1/structures/af_v6/AF-A0A139X064-F1-model_v6.cif,1.0
608,A0A139ZL21,/home/s241850073/igem2026/results/clipzyme_native_extension_v1/structures/af_v6/AF-A0A139ZL21-F1-model_v6.cif,1.0
609,A0A140AZ63,/home/s241850073/igem2026/results/clipzyme_native_extension_v1/structures/af_v6/AF-A0A140AZ63-F1-model_v6.cif,1.0
610,A0A140GL79,/home/s241850073/igem2026/results/clipzyme_native_extension_v1/structures/af_v6/AF-A0A140GL79-F1-model_v6.cif,1.0
611,A0A140JWS6,/home/s241850073/igem2026/results/clipzyme_native_extension_v1/structures/af_v6/AF-A0A140JWS6-F1-model_v6.cif,0.99999994
612,A0A140LIF8,/home/s241850073/igem2026/results/clipzyme_native_extension_v1/structures/af_v6/AF-A0A140LIF8-F1-model_v6.cif,1.0000001
613,A0A146FH52,/home/s241850073/igem2026/results/clipzyme_native_extension_v1/structures/af_v6/AF-A0A146FH52-F1-model_v6.cif,0.99999994
614,A0A150FZ93,/home/s241850073/igem2026/results/clipzyme_native_extension_v1/structures/af_v6/AF-A0A150FZ93-F1-model_v6.cif,1.0
615,A0A150FZA9,/home/s241850073/igem2026/results/clipzyme_native_extension_v1/structures/af_v6/AF-A0A150FZA9-F1-model_v6.cif,1.0
616,A0A150L8D0,/home/s241850073/igem2026/results/clipzyme_native_extension_v1/structures/af_v6/AF-A0A150L8D0-F1-model_v6.cif,1.0000001
617,A0A151GSE5,/home/s241850073/igem2026/results/clipzyme_native_extension_v1/structures/af_v6/AF-A0A151GSE5-F1-model_v6.cif,1.0
618,A0A151SRL2,/home/s241850073/igem2026/results/clipzyme_native_extension_v1/structures/af_v6/AF-A0A151SRL2-F1-model_v6.cif,1.0
619,A0A151SUY7,/home/s241850073/igem2026/results/clipzyme_native_extension_v1/structures/af_v6/AF-A0A151SUY7-F1-model_v6.cif,0.99999994
620,A0A151TWG4,/home/s241850073/igem2026/results/clipzyme_native_extension_v1/structures/af_v6/AF-A0A151TWG4-F1-model_v6.cif,1.0
621,A0A151Z379,/home/s241850073/igem2026/results/clipzyme_native_extension_v1/structures/af_v6/AF-A0A151Z379-F1-model_v6.cif,1.0
622,A0A151ZIK5,/home/s241850073/igem2026/results/clipzyme_native_extension_v1/structures/af_v6/AF-A0A151ZIK5-F1-model_v6.cif,0.99999994
623,A0A158RFK9,/home/s241850073/igem2026/results/clipzyme_native_extension_v1/structures/af_v6/AF-A0A158RFK9-F1-model_v6.cif,0.99999994
624,A0A161LA75,/home/s241850073/igem2026/results/clipzyme_native_extension_v1/structures/af_v6/AF-A0A161LA75-F1-model_v6.cif,1.0
625,A0A164H4E9,/home/s241850073/igem2026/results/clipzyme_native_extension_v1/structures/af_v6/AF-A0A164H4E9-F1-model_v6.cif,0.99999994
626,A0A164IZF0,/home/s241850073/igem2026/results/clipzyme_native_extension_v1/structures/af_v6/AF-A0A164IZF0-F1-model_v6.cif,1.0
627,A0A164JCQ9,/home/s241850073/igem2026/results/clipzyme_native_extension_v1/structures/af_v6/AF-A0A164JCQ9-F1-model_v6.cif,1.0
628,A0A164LP61,/home/s241850073/igem2026/results/clipzyme_native_extension_v1/structures/af_v6/AF-A0A164LP61-F1-model_v6.cif,1.0
629,A0A164LP88,/home/s241850073/igem2026/results/clipzyme_native_extension_v1/structures/af_v6/AF-A0A164LP88-F1-model_v6.cif,0.99999994
630,A0A164MPY2,/home/s241850073/igem2026/results/clipzyme_native_extension_v1/structures/af_v6/AF-A0A164MPY2-F1-model_v6.cif,1.0
631,A0A164NMD1,/home/s241850073/igem2026/results/clipzyme_native_extension_v1/structures/af_v6/AF-A0A164NMD1-F1-model_v6.cif,1.0
632,A0A164NME9,/home/s241850073/igem2026/results/clipzyme_native_extension_v1/structures/af_v6/AF-A0A164NME9-F1-model_v6.cif,1.0
633,A0A164NMG1,/home/s241850073/igem2026/results/clipzyme_native_extension_v1/structures/af_v6/AF-A0A164NMG1-F1-model_v6.cif,1.0
634,A0A164T715,/home/s241850073/igem2026/results/clipzyme_native_extension_v1/structures/af_v6/AF-A0A164T715-F1-model_v6.cif,1.0
635,A0A164T7S8,/home/s241850073/igem2026/results/clipzyme_native_extension_v1/structures/af_v6/AF-A0A164T7S8-F1-model_v6.cif,1.0
636,A0A164Z0H7,/home/s241850073/igem2026/results/clipzyme_native_extension_v1/structures/af_v6/AF-A0A164Z0H7-F1-model_v6.cif,1.0
637,A0A165B5H7,/home/s241850073/igem2026/results/clipzyme_native_extension_v1/structures/af_v6/AF-A0A165B5H7-F1-model_v6.cif,1.0
638,A0A165C073,/home/s241850073/igem2026/results/clipzyme_native_extension_v1/structures/af_v6/AF-A0A165C073-F1-model_v6.cif,0.99999994
639,A0A165CDM5,/home/s241850073/igem2026/results/clipzyme_native_extension_v1/structures/af_v6/AF-A0A165CDM5-F1-model_v6.cif,1.0
640,A0A165CJ54,/home/s241850073/igem2026/results/clipzyme_native_extension_v1/structures/af_v6/AF-A0A165CJ54-F1-model_v6.cif,1.0
641,A0A165EHB2,/home/s241850073/igem2026/results/clipzyme_native_extension_v1/structures/af_v6/AF-A0A165EHB2-F1-model_v6.cif,1.0
642,A0A165EHH7,/home/s241850073/igem2026/results/clipzyme_native_extension_v1/structures/af_v6/AF-A0A165EHH7-F1-model_v6.cif,0.99999994
643,A0A165EL73,/home/s241850073/igem2026/results/clipzyme_native_extension_v1/structures/af_v6/AF-A0A165EL73-F1-model_v6.cif,1.0
644,A0A165F4N7,/home/s241850073/igem2026/results/clipzyme_native_extension_v1/structures/af_v6/AF-A0A165F4N7-F1-model_v6.cif,0.99999994
645,A0A165FU65,/home/s241850073/igem2026/results/clipzyme_native_extension_v1/structures/af_v6/AF-A0A165FU65-F1-model_v6.cif,1.0
646,A0A165HC88,/home/s241850073/igem2026/results/clipzyme_native_extension_v1/structures/af_v6/AF-A0A165HC88-F1-model_v6.cif,0.99999994
647,A0A165HX22,/home/s241850073/igem2026/results/clipzyme_native_extension_v1/structures/af_v6/AF-A0A165HX22-F1-model_v6.cif,1.0
648,A0A165I892,/home/s241850073/igem2026/results/clipzyme_native_extension_v1/structures/af_v6/AF-A0A165I892-F1-model_v6.cif,1.0
649,A0A165LM51,/home/s241850073/igem2026/results/clipzyme_native_extension_v1/structures/af_v6/AF-A0A165LM51-F1-model_v6.cif,1.0
650,A0A165QEQ2,/home/s241850073/igem2026/results/clipzyme_native_extension_v1/structures/af_v6/AF-A0A165QEQ2-F1-model_v6.cif,1.0
651,A0A165QIS1,/home/s241850073/igem2026/results/clipzyme_native_extension_v1/structures/af_v6/AF-A0A165QIS1-F1-model_v6.cif,1.0
652,A0A165QRK6,/home/s241850073/igem2026/results/clipzyme_native_extension_v1/structures/af_v6/AF-A0A165QRK6-F1-model_v6.cif,1.0
653,A0A165UIB5,/home/s241850073/igem2026/results/clipzyme_native_extension_v1/structures/af_v6/AF-A0A165UIB5-F1-model_v6.cif,1.0
654,A0A165VQ15,/home/s241850073/igem2026/results/clipzyme_native_extension_v1/structures/af_v6/AF-A0A165VQ15-F1-model_v6.cif,1.0
655,A0A165VUP9,/home/s241850073/igem2026/results/clipzyme_native_extension_v1/structures/af_v6/AF-A0A165VUP9-F1-model_v6.cif,0.99999994
656,A0A166IZT9,/home/s241850073/igem2026/results/clipzyme_native_extension_v1/structures/af_v6/AF-A0A166IZT9-F1-model_v6.cif,0.99999994
657,A0A166KTU7,/home/s241850073/igem2026/results/clipzyme_native_extension_v1/structures/af_v6/AF-A0A166KTU7-F1-model_v6.cif,0.99999994
658,A0A166NVZ2,/home/s241850073/igem2026/results/clipzyme_native_extension_v1/structures/af_v6/AF-A0A166NVZ2-F1-model_v6.cif,1.0
659,A0A166P2X1,/home/s241850073/igem2026/results/clipzyme_native_extension_v1/structures/af_v6/AF-A0A166P2X1-F1-model_v6.cif,1.0
660,A0A167NCN3,/home/s241850073/igem2026/results/clipzyme_native_extension_v1/structures/af_v6/AF-A0A167NCN3-F1-model_v6.cif,1.0
661,A0A167V667,/home/s241850073/igem2026/results/clipzyme_native_extension_v1/structures/af_v6/AF-A0A167V667-F1-model_v6.cif,1.0
662,A0A167V6E1,/home/s241850073/igem2026/results/clipzyme_native_extension_v1/structures/af_v6/AF-A0A167V6E1-F1-model_v6.cif,0.9999999
663,A0A167V6F3,/home/s241850073/igem2026/results/clipzyme_native_extension_v1/structures/af_v6/AF-A0A167V6F3-F1-model_v6.cif,1.0
664,A0A167V6I5,/home/s241850073/igem2026/results/clipzyme_native_extension_v1/structures/af_v6/AF-A0A167V6I5-F1-model_v6.cif,1.0
665,A0A167XDL4,/home/s241850073/igem2026/results/clipzyme_native_extension_v1/structures/af_v6/AF-A0A167XDL4-F1-model_v6.cif,1.0
666,A0A168D0W2,/home/s241850073/igem2026/results/clipzyme_native_extension_v1/structures/af_v6/AF-A0A168D0W2-F1-model_v6.cif,0.99999994
667,A0A169PRN9,/home/s241850073/igem2026/results/clipzyme_native_extension_v1/structures/af_v6/AF-A0A169PRN9-F1-model_v6.cif,1.0
668,A0A171CWA0,/home/s241850073/igem2026/results/clipzyme_native_extension_v1/structures/af_v6/AF-A0A171CWA0-F1-model_v6.cif,1.0
669,A0A171DER6,/home/s241850073/igem2026/results/clipzyme_native_extension_v1/structures/af_v6/AF-A0A171DER6-F1-model_v6.cif,1.0
670,A0A172U6X0,/home/s241850073/igem2026/results/clipzyme_native_extension_v1/structures/af_v6/AF-A0A172U6X0-F1-model_v6.cif,0.99999994
671,A0A173MEA8,/home/s241850073/igem2026/results/clipzyme_native_extension_v1/structures/af_v6/AF-A0A173MEA8-F1-model_v6.cif,1.0
672,A0A175VQQ0,/home/s241850073/igem2026/results/clipzyme_native_extension_v1/structures/af_v6/AF-A0A175VQQ0-F1-model_v6.cif,1.0
673,A0A175VT43,/home/s241850073/igem2026/results/clipzyme_native_extension_v1/structures/af_v6/AF-A0A175VT43-F1-model_v6.cif,1.0
674,A0A175VTY1,/home/s241850073/igem2026/results/clipzyme_native_extension_v1/structures/af_v6/AF-A0A175VTY1-F1-model_v6.cif,1.0
675,A0A175VYI8,/home/s241850073/igem2026/results/clipzyme_native_extension_v1/structures/af_v6/AF-A0A175VYI8-F1-model_v6.cif,1.0000001
676,A0A176VE43,/home/s241850073/igem2026/results/clipzyme_native_extension_v1/structures/af_v6/AF-A0A176VE43-F1-model_v6.cif,0.99999994
677,A0A176VQD1,/home/s241850073/igem2026/results/clipzyme_native_extension_v1/structures/af_v6/AF-A0A176VQD1-F1-model_v6.cif,1.0
678,A0A176VY32,/home/s241850073/igem2026/results/clipzyme_native_extension_v1/structures/af_v6/AF-A0A176VY32-F1-model_v6.cif,1.0
679,A0A177CCQ8,/home/s241850073/igem2026/results/clipzyme_native_extension_v1/structures/af_v6/AF-A0A177CCQ8-F1-model_v6.cif,0.99999994
680,A0A177CEY3,/home/s241850073/igem2026/results/clipzyme_native_extension_v1/structures/af_v6/AF-A0A177CEY3-F1-model_v6.cif,0.99999994
681,A0A177CSS4,/home/s241850073/igem2026/results/clipzyme_native_extension_v1/structures/af_v6/AF-A0A177CSS4-F1-model_v6.cif,1.0
682,A0A177CXV3,/home/s241850073/igem2026/results/clipzyme_native_extension_v1/structures/af_v6/AF-A0A177CXV3-F1-model_v6.cif,1.0
683,A0A177DIV0,/home/s241850073/igem2026/results/clipzyme_native_extension_v1/structures/af_v6/AF-A0A177DIV0-F1-model_v6.cif,1.0
684,A0A177DSW6,/home/s241850073/igem2026/results/clipzyme_native_extension_v1/structures/af_v6/AF-A0A177DSW6-F1-model_v6.cif,1.0
685,A0A177HK11,/home/s241850073/igem2026/results/clipzyme_native_extension_v1/structures/af_v6/AF-A0A177HK11-F1-model_v6.cif,1.0
686,A0A177HRP6,/home/s241850073/igem2026/results/clipzyme_native_extension_v1/structures/af_v6/AF-A0A177HRP6-F1-model_v6.cif,1.0
687,A0A179G4R0,/home/s241850073/igem2026/results/clipzyme_native_extension_v1/structures/af_v6/AF-A0A179G4R0-F1-model_v6.cif,0.99999994
688,A0A179G6P2,/home/s241850073/igem2026/results/clipzyme_native_extension_v1/structures/af_v6/AF-A0A179G6P2-F1-model_v6.cif,1.0
689,A0A193C359,/home/s241850073/igem2026/results/clipzyme_native_extension_v1/structures/af_v6/AF-A0A193C359-F1-model_v6.cif,0.99999994
690,A0A194UYH3,/home/s241850073/igem2026/results/clipzyme_native_extension_v1/structures/af_v6/AF-A0A194UYH3-F1-model_v6.cif,1.0
691,A0A194VAU3,/home/s241850073/igem2026/results/clipzyme_native_extension_v1/structures/af_v6/AF-A0A194VAU3-F1-model_v6.cif,0.99999994
692,A0A194WT55,/home/s241850073/igem2026/results/clipzyme_native_extension_v1/structures/af_v6/AF-A0A194WT55-F1-model_v6.cif,0.99999994
693,A0A194X9E1,/home/s241850073/igem2026/results/clipzyme_native_extension_v1/structures/af_v6/AF-A0A194X9E1-F1-model_v6.cif,1.0
694,A0A194XGN4,/home/s241850073/igem2026/results/clipzyme_native_extension_v1/structures/af_v6/AF-A0A194XGN4-F1-model_v6.cif,1.0
695,A0A194XID7,/home/s241850073/igem2026/results/clipzyme_native_extension_v1/structures/af_v6/AF-A0A194XID7-F1-model_v6.cif,1.0
696,A0A1B0U476,/home/s241850073/igem2026/results/clipzyme_native_extension_v1/structures/af_v6/AF-A0A1B0U476-F1-model_v6.cif,1.0
697,A0A1B0YNZ6,/home/s241850073/igem2026/results/clipzyme_native_extension_v1/structures/af_v6/AF-A0A1B0YNZ6-F1-model_v6.cif,1.0
698,A0A1B0YQX3,/home/s241850073/igem2026/results/clipzyme_native_extension_v1/structures/af_v6/AF-A0A1B0YQX3-F1-model_v6.cif,1.0
699,A0A1B1M6B7,/home/s241850073/igem2026/results/clipzyme_native_extension_v1/structures/af_v6/AF-A0A1B1M6B7-F1-model_v6.cif,0.99999994
700,A0A1B1MIY0,/home/s241850073/igem2026/results/clipzyme_native_extension_v1/structures/af_v6/AF-A0A1B1MIY0-F1-model_v6.cif,0.99999994
701,A0A1B2HDL6,/home/s241850073/igem2026/results/clipzyme_native_extension_v1/structures/af_v6/AF-A0A1B2HDL6-F1-model_v6.cif,1.0
702,A0A1B2HNW2,/home/s241850073/igem2026/results/clipzyme_native_extension_v1/structures/af_v6/AF-A0A1B2HNW2-F1-model_v6.cif,1.0
703,A0A1B2HNX1,/home/s241850073/igem2026/results/clipzyme_native_extension_v1/structures/af_v6/AF-A0A1B2HNX1-F1-model_v6.cif,0.99999994
704,A0A1B6PS63,/home/s241850073/igem2026/results/clipzyme_native_extension_v1/structures/af_v6/AF-A0A1B6PS63-F1-model_v6.cif,1.0
705,A0A1B7MTD7,/home/s241850073/igem2026/results/clipzyme_native_extension_v1/structures/af_v6/AF-A0A1B7MTD7-F1-model_v6.cif,0.99999994
706,A0A1B7NVJ7,/home/s241850073/igem2026/results/clipzyme_native_extension_v1/structures/af_v6/AF-A0A1B7NVJ7-F1-model_v6.cif,1.0
707,A0A1B7Y0N0,/home/s241850073/igem2026/results/clipzyme_native_extension_v1/structures/af_v6/AF-A0A1B7Y0N0-F1-model_v6.cif,1.0
708,A0A1B7YBT5,/home/s241850073/igem2026/results/clipzyme_native_extension_v1/structures/af_v6/AF-A0A1B7YBT5-F1-model_v6.cif,0.99999994
709,A0A1B8A992,/home/s241850073/igem2026/results/clipzyme_native_extension_v1/structures/af_v6/AF-A0A1B8A992-F1-model_v6.cif,1.0
710,A0A1C0U771,/home/s241850073/igem2026/results/clipzyme_native_extension_v1/structures/af_v6/AF-A0A1C0U771-F1-model_v6.cif,1.0
711,A0A1C1CF64,/home/s241850073/igem2026/results/clipzyme_native_extension_v1/structures/af_v6/AF-A0A1C1CF64-F1-model_v6.cif,1.0
712,A0A1C4FC25,/home/s241850073/igem2026/results/clipzyme_native_extension_v1/structures/af_v6/AF-A0A1C4FC25-F1-model_v6.cif,1.0
713,A0A1C5K9W0,/home/s241850073/igem2026/results/clipzyme_native_extension_v1/structures/af_v6/AF-A0A1C5K9W0-F1-model_v6.cif,1.0
714,A0A1C5KA68,/home/s241850073/igem2026/results/clipzyme_native_extension_v1/structures/af_v6/AF-A0A1C5KA68-F1-model_v6.cif,0.99999994
715,A0A1C6SMD7,/home/s241850073/igem2026/results/clipzyme_native_extension_v1/structures/af_v6/AF-A0A1C6SMD7-F1-model_v6.cif,0.99999994
716,A0A1C6VYV6,/home/s241850073/igem2026/results/clipzyme_native_extension_v1/structures/af_v6/AF-A0A1C6VYV6-F1-model_v6.cif,1.0
717,A0A1C6ZZ32,/home/s241850073/igem2026/results/clipzyme_native_extension_v1/structures/af_v6/AF-A0A1C6ZZ32-F1-model_v6.cif,1.0
718,A0A1C7LRQ9,/home/s241850073/igem2026/results/clipzyme_native_extension_v1/structures/af_v6/AF-A0A1C7LRQ9-F1-model_v6.cif,1.0
719,A0A1C7M7N1,/home/s241850073/igem2026/results/clipzyme_native_extension_v1/structures/af_v6/AF-A0A1C7M7N1-F1-model_v6.cif,0.99999994
720,A0A1C7MAB4,/home/s241850073/igem2026/results/clipzyme_native_extension_v1/structures/af_v6/AF-A0A1C7MAB4-F1-model_v6.cif,0.99999994
721,A0A1C7MC66,/home/s241850073/igem2026/results/clipzyme_native_extension_v1/structures/af_v6/AF-A0A1C7MC66-F1-model_v6.cif,1.0
722,A0A1D6EFQ5,/home/s241850073/igem2026/results/clipzyme_native_extension_v1/structures/af_v6/AF-A0A1D6EFQ5-F1-model_v6.cif,1.0
723,A0A1D6H0C1,/home/s241850073/igem2026/results/clipzyme_native_extension_v1/structures/af_v6/AF-A0A1D6H0C1-F1-model_v6.cif,0.9999999
724,A0A1D6IY18,/home/s241850073/igem2026/results/clipzyme_native_extension_v1/structures/af_v6/AF-A0A1D6IY18-F1-model_v6.cif,1.0
725,A0A1D6IZP7,/home/s241850073/igem2026/results/clipzyme_native_extension_v1/structures/af_v6/AF-A0A1D6IZP7-F1-model_v6.cif,1.0
726,A0A1D6NER6,/home/s241850073/igem2026/results/clipzyme_native_extension_v1/structures/af_v6/AF-A0A1D6NER6-F1-model_v6.cif,1.0
727,A0A1D7QJP7,/home/s241850073/igem2026/results/clipzyme_native_extension_v1/structures/af_v6/AF-A0A1D7QJP7-F1-model_v6.cif,1.0
728,A0A1D7QL56,/home/s241850073/igem2026/results/clipzyme_native_extension_v1/structures/af_v6/AF-A0A1D7QL56-F1-model_v6.cif,1.0
729,A0A1D7VJM0,/home/s241850073/igem2026/results/clipzyme_native_extension_v1/structures/af_v6/AF-A0A1D7VJM0-F1-model_v6.cif,1.0
730,A0A1D7VMQ0,/home/s241850073/igem2026/results/clipzyme_native_extension_v1/structures/af_v6/AF-A0A1D7VMQ0-F1-model_v6.cif,0.99999994
731,A0A1D7Y3Q7,/home/s241850073/igem2026/results/clipzyme_native_extension_v1/structures/af_v6/AF-A0A1D7Y3Q7-F1-model_v6.cif,1.0
732,A0A1D8GGA4,/home/s241850073/igem2026/results/clipzyme_native_extension_v1/structures/af_v6/AF-A0A1D8GGA4-F1-model_v6.cif,1.0
733,A0A1D8KC24,/home/s241850073/igem2026/results/clipzyme_native_extension_v1/structures/af_v6/AF-A0A1D8KC24-F1-model_v6.cif,0.99999994
734,A0A1E1L3D1,/home/s241850073/igem2026/results/clipzyme_native_extension_v1/structures/af_v6/AF-A0A1E1L3D1-F1-model_v6.cif,0.99999994
735,A0A1E3BIQ7,/home/s241850073/igem2026/results/clipzyme_native_extension_v1/structures/af_v6/AF-A0A1E3BIQ7-F1-model_v6.cif,1.0
736,A0A1E3FI44,/home/s241850073/igem2026/results/clipzyme_native_extension_v1/structures/af_v6/AF-A0A1E3FI44-F1-model_v6.cif,1.0
737,A0A1E5NYL2,/home/s241850073/igem2026/results/clipzyme_native_extension_v1/structures/af_v6/AF-A0A1E5NYL2-F1-model_v6.cif,0.99999994
738,A0A1E5P117,/home/s241850073/igem2026/results/clipzyme_native_extension_v1/structures/af_v6/AF-A0A1E5P117-F1-model_v6.cif,1.0
739,A0A1E5P1A4,/home/s241850073/igem2026/results/clipzyme_native_extension_v1/structures/af_v6/AF-A0A1E5P1A4-F1-model_v6.cif,1.0
740,A0A1E5P3V4,/home/s241850073/igem2026/results/clipzyme_native_extension_v1/structures/af_v6/AF-A0A1E5P3V4-F1-model_v6.cif,1.0
741,A0A1E5PKD1,/home/s241850073/igem2026/results/clipzyme_native_extension_v1/structures/af_v6/AF-A0A1E5PKD1-F1-model_v6.cif,0.99999994
742,A0A1E5UPY1,/home/s241850073/igem2026/results/clipzyme_native_extension_v1/structures/af_v6/AF-A0A1E5UPY1-F1-model_v6.cif,1.0
743,A0A1E5USJ5,/home/s241850073/igem2026/results/clipzyme_native_extension_v1/structures/af_v6/AF-A0A1E5USJ5-F1-model_v6.cif,0.99999994
744,A0A1E5UZE3,/home/s241850073/igem2026/results/clipzyme_native_extension_v1/structures/af_v6/AF-A0A1E5UZE3-F1-model_v6.cif,1.0
745,A0A1E5WC51,/home/s241850073/igem2026/results/clipzyme_native_extension_v1/structures/af_v6/AF-A0A1E5WC51-F1-model_v6.cif,1.0
746,A0A1E5WE05,/home/s241850073/igem2026/results/clipzyme_native_extension_v1/structures/af_v6/AF-A0A1E5WE05-F1-model_v6.cif,0.99999994
747,A0A1E5WGF4,/home/s241850073/igem2026/results/clipzyme_native_extension_v1/structures/af_v6/AF-A0A1E5WGF4-F1-model_v6.cif,1.0
748,A0A1E5WKK1,/home/s241850073/igem2026/results/clipzyme_native_extension_v1/structures/af_v6/AF-A0A1E5WKK1-F1-model_v6.cif,1.0
749,A0A1E7L4D8,/home/s241850073/igem2026/results/clipzyme_native_extension_v1/structures/af_v6/AF-A0A1E7L4D8-F1-model_v6.cif,0.99999994
750,A0A1E7LGT0,/home/s241850073/igem2026/results/clipzyme_native_extension_v1/structures/af_v6/AF-A0A1E7LGT0-F1-model_v6.cif,0.99999994
751,A0A1E7LR79,/home/s241850073/igem2026/results/clipzyme_native_extension_v1/structures/af_v6/AF-A0A1E7LR79-F1-model_v6.cif,1.0
752,A0A1E8GM50,/home/s241850073/igem2026/results/clipzyme_native_extension_v1/structures/af_v6/AF-A0A1E8GM50-F1-model_v6.cif,1.0
753,A0A1F5L2G9,/home/s241850073/igem2026/results/clipzyme_native_extension_v1/structures/af_v6/AF-A0A1F5L2G9-F1-model_v6.cif,1.0
754,A0A1F5LEI5,/home/s241850073/igem2026/results/clipzyme_native_extension_v1/structures/af_v6/AF-A0A1F5LEI5-F1-model_v6.cif,1.0
755,A0A1F5LMN7,/home/s241850073/igem2026/results/clipzyme_native_extension_v1/structures/af_v6/AF-A0A1F5LMN7-F1-model_v6.cif,1.0
756,A0A1G6NX08,/home/s241850073/igem2026/results/clipzyme_native_extension_v1/structures/af_v6/AF-A0A1G6NX08-F1-model_v6.cif,1.0
757,A0A1G7TIU0,/home/s241850073/igem2026/results/clipzyme_native_extension_v1/structures/af_v6/AF-A0A1G7TIU0-F1-model_v6.cif,1.0
758,A0A1G7UUX3,/home/s241850073/igem2026/results/clipzyme_native_extension_v1/structures/af_v6/AF-A0A1G7UUX3-F1-model_v6.cif,0.99999994
759,A0A1G7UVU4,/home/s241850073/igem2026/results/clipzyme_native_extension_v1/structures/af_v6/AF-A0A1G7UVU4-F1-model_v6.cif,1.0
760,A0A1G8B7H3,/home/s241850073/igem2026/results/clipzyme_native_extension_v1/structures/af_v6/AF-A0A1G8B7H3-F1-model_v6.cif,0.99999994
761,A0A1G8CN99,/home/s241850073/igem2026/results/clipzyme_native_extension_v1/structures/af_v6/AF-A0A1G8CN99-F1-model_v6.cif,1.0
762,A0A1G8D6R5,/home/s241850073/igem2026/results/clipzyme_native_extension_v1/structures/af_v6/AF-A0A1G8D6R5-F1-model_v6.cif,0.99999994
763,A0A1G8JXV2,/home/s241850073/igem2026/results/clipzyme_native_extension_v1/structures/af_v6/AF-A0A1G8JXV2-F1-model_v6.cif,1.0
764,A0A1G8Y4S3,/home/s241850073/igem2026/results/clipzyme_native_extension_v1/structures/af_v6/AF-A0A1G8Y4S3-F1-model_v6.cif,1.0
765,A0A1G9QZJ0,/home/s241850073/igem2026/results/clipzyme_native_extension_v1/structures/af_v6/AF-A0A1G9QZJ0-F1-model_v6.cif,1.0
766,A0A1G9UQQ0,/home/s241850073/igem2026/results/clipzyme_native_extension_v1/structures/af_v6/AF-A0A1G9UQQ0-F1-model_v6.cif,0.9999999
767,A0A1G9VRW7,/home/s241850073/igem2026/results/clipzyme_native_extension_v1/structures/af_v6/AF-A0A1G9VRW7-F1-model_v6.cif,0.99999994
768,A0A1G9W4X0,/home/s241850073/igem2026/results/clipzyme_native_extension_v1/structures/af_v6/AF-A0A1G9W4X0-F1-model_v6.cif,1.0
769,A0A1G9WL14,/home/s241850073/igem2026/results/clipzyme_native_extension_v1/structures/af_v6/AF-A0A1G9WL14-F1-model_v6.cif,0.99999994
770,A0A1G9WLG2,/home/s241850073/igem2026/results/clipzyme_native_extension_v1/structures/af_v6/AF-A0A1G9WLG2-F1-model_v6.cif,0.99999994
771,A0A1G9Y0H1,/home/s241850073/igem2026/results/clipzyme_native_extension_v1/structures/af_v6/AF-A0A1G9Y0H1-F1-model_v6.cif,1.0
772,A0A1H0B3N7,/home/s241850073/igem2026/results/clipzyme_native_extension_v1/structures/af_v6/AF-A0A1H0B3N7-F1-model_v6.cif,1.0
773,A0A1H0BVV7,/home/s241850073/igem2026/results/clipzyme_native_extension_v1/structures/af_v6/AF-A0A1H0BVV7-F1-model_v6.cif,1.0
774,A0A1H0FAB8,/home/s241850073/igem2026/results/clipzyme_native_extension_v1/structures/af_v6/AF-A0A1H0FAB8-F1-model_v6.cif,0.99999994
775,A0A1H0WCW1,/home/s241850073/igem2026/results/clipzyme_native_extension_v1/structures/af_v6/AF-A0A1H0WCW1-F1-model_v6.cif,1.0
776,A0A1H0WDS6,/home/s241850073/igem2026/results/clipzyme_native_extension_v1/structures/af_v6/AF-A0A1H0WDS6-F1-model_v6.cif,1.0
777,A0A1H0WYZ1,/home/s241850073/igem2026/results/clipzyme_native_extension_v1/structures/af_v6/AF-A0A1H0WYZ1-F1-model_v6.cif,1.0
778,A0A1H0X3V8,/home/s241850073/igem2026/results/clipzyme_native_extension_v1/structures/af_v6/AF-A0A1H0X3V8-F1-model_v6.cif,0.99999994
779,A0A1H0X7P4,/home/s241850073/igem2026/results/clipzyme_native_extension_v1/structures/af_v6/AF-A0A1H0X7P4-F1-model_v6.cif,1.0
780,A0A1H1G2S1,/home/s241850073/igem2026/results/clipzyme_native_extension_v1/structures/af_v6/AF-A0A1H1G2S1-F1-model_v6.cif,1.0000001
781,A0A1H1IP35,/home/s241850073/igem2026/results/clipzyme_native_extension_v1/structures/af_v6/AF-A0A1H1IP35-F1-model_v6.cif,1.0
782,A0A1H1WQG7,/home/s241850073/igem2026/results/clipzyme_native_extension_v1/structures/af_v6/AF-A0A1H1WQG7-F1-model_v6.cif,1.0
783,A0A1H2WNK5,/home/s241850073/igem2026/results/clipzyme_native_extension_v1/structures/af_v6/AF-A0A1H2WNK5-F1-model_v6.cif,0.99999994
784,A0A1H3NPY9,/home/s241850073/igem2026/results/clipzyme_native_extension_v1/structures/af_v6/AF-A0A1H3NPY9-F1-model_v6.cif,0.99999994
785,A0A1H3P7N4,/home/s241850073/igem2026/results/clipzyme_native_extension_v1/structures/af_v6/AF-A0A1H3P7N4-F1-model_v6.cif,1.0
786,A0A1H3THA8,/home/s241850073/igem2026/results/clipzyme_native_extension_v1/structures/af_v6/AF-A0A1H3THA8-F1-model_v6.cif,0.99999994
787,A0A1H3UY07,/home/s241850073/igem2026/results/clipzyme_native_extension_v1/structures/af_v6/AF-A0A1H3UY07-F1-model_v6.cif,0.99999994
788,A0A1H4FFV0,/home/s241850073/igem2026/results/clipzyme_native_extension_v1/structures/af_v6/AF-A0A1H4FFV0-F1-model_v6.cif,1.0000001
789,A0A1H4ZTV5,/home/s241850073/igem2026/results/clipzyme_native_extension_v1/structures/af_v6/AF-A0A1H4ZTV5-F1-model_v6.cif,1.0
790,A0A1H5RG01,/home/s241850073/igem2026/results/clipzyme_native_extension_v1/structures/af_v6/AF-A0A1H5RG01-F1-model_v6.cif,1.0
791,A0A1H5S1U0,/home/s241850073/igem2026/results/clipzyme_native_extension_v1/structures/af_v6/AF-A0A1H5S1U0-F1-model_v6.cif,1.0
792,A0A1H5SJK9,/home/s241850073/igem2026/results/clipzyme_native_extension_v1/structures/af_v6/AF-A0A1H5SJK9-F1-model_v6.cif,0.99999994
793,A0A1H5XH47,/home/s241850073/igem2026/results/clipzyme_native_extension_v1/structures/af_v6/AF-A0A1H5XH47-F1-model_v6.cif,1.0
794,A0A1H5ZJP9,/home/s241850073/igem2026/results/clipzyme_native_extension_v1/structures/af_v6/AF-A0A1H5ZJP9-F1-model_v6.cif,0.99999994
795,A0A1H6D4Z2,/home/s241850073/igem2026/results/clipzyme_native_extension_v1/structures/af_v6/AF-A0A1H6D4Z2-F1-model_v6.cif,0.99999994
796,A0A1H6DJB2,/home/s241850073/igem2026/results/clipzyme_native_extension_v1/structures/af_v6/AF-A0A1H6DJB2-F1-model_v6.cif,1.0
797,A0A1H7I983,/home/s241850073/igem2026/results/clipzyme_native_extension_v1/structures/af_v6/AF-A0A1H7I983-F1-model_v6.cif,1.0
798,A0A1H7KKN7,/home/s241850073/igem2026/results/clipzyme_native_extension_v1/structures/af_v6/AF-A0A1H7KKN7-F1-model_v6.cif,0.99999994
799,A0A1H7LDQ4,/home/s241850073/igem2026/results/clipzyme_native_extension_v1/structures/af_v6/AF-A0A1H7LDQ4-F1-model_v6.cif,0.99999994
800,A0A1H7MB41,/home/s241850073/igem2026/results/clipzyme_native_extension_v1/structures/af_v6/AF-A0A1H7MB41-F1-model_v6.cif,1.0
801,A0A1H7PXE9,/home/s241850073/igem2026/results/clipzyme_native_extension_v1/structures/af_v6/AF-A0A1H7PXE9-F1-model_v6.cif,0.99999994
802,A0A1H7R7T3,/home/s241850073/igem2026/results/clipzyme_native_extension_v1/structures/af_v6/AF-A0A1H7R7T3-F1-model_v6.cif,1.0
803,A0A1H7S879,/home/s241850073/igem2026/results/clipzyme_native_extension_v1/structures/af_v6/AF-A0A1H7S879-F1-model_v6.cif,0.99999994
804,A0A1H7UB91,/home/s241850073/igem2026/results/clipzyme_native_extension_v1/structures/af_v6/AF-A0A1H7UB91-F1-model_v6.cif,0.99999994
805,A0A1H7UDD2,/home/s241850073/igem2026/results/clipzyme_native_extension_v1/structures/af_v6/AF-A0A1H7UDD2-F1-model_v6.cif,0.99999994
806,A0A1H7VGH3,/home/s241850073/igem2026/results/clipzyme_native_extension_v1/structures/af_v6/AF-A0A1H7VGH3-F1-model_v6.cif,1.0
807,A0A1H7VI30,/home/s241850073/igem2026/results/clipzyme_native_extension_v1/structures/af_v6/AF-A0A1H7VI30-F1-model_v6.cif,1.0
808,A0A1H8CYP5,/home/s241850073/igem2026/results/clipzyme_native_extension_v1/structures/af_v6/AF-A0A1H8CYP5-F1-model_v6.cif,1.0
809,A0A1H8F0X3,/home/s241850073/igem2026/results/clipzyme_native_extension_v1/structures/af_v6/AF-A0A1H8F0X3-F1-model_v6.cif,1.0
810,A0A1H8IUS8,/home/s241850073/igem2026/results/clipzyme_native_extension_v1/structures/af_v6/AF-A0A1H8IUS8-F1-model_v6.cif,1.0
811,A0A1H8NJD9,/home/s241850073/igem2026/results/clipzyme_native_extension_v1/structures/af_v6/AF-A0A1H8NJD9-F1-model_v6.cif,1.0
812,A0A1H9K539,/home/s241850073/igem2026/results/clipzyme_native_extension_v1/structures/af_v6/AF-A0A1H9K539-F1-model_v6.cif,0.99999994
813,A0A1H9LPG3,/home/s241850073/igem2026/results/clipzyme_native_extension_v1/structures/af_v6/AF-A0A1H9LPG3-F1-model_v6.cif,1.0
814,A0A1H9TRQ4,/home/s241850073/igem2026/results/clipzyme_native_extension_v1/structures/af_v6/AF-A0A1H9TRQ4-F1-model_v6.cif,1.0
815,A0A1H9UQK7,/home/s241850073/igem2026/results/clipzyme_native_extension_v1/structures/af_v6/AF-A0A1H9UQK7-F1-model_v6.cif,1.0
816,A0A1H9WGG0,/home/s241850073/igem2026/results/clipzyme_native_extension_v1/structures/af_v6/AF-A0A1H9WGG0-F1-model_v6.cif,1.0000001
817,A0A1H9WSH0,/home/s241850073/igem2026/results/clipzyme_native_extension_v1/structures/af_v6/AF-A0A1H9WSH0-F1-model_v6.cif,0.99999994
818,A0A1H9X235,/home/s241850073/igem2026/results/clipzyme_native_extension_v1/structures/af_v6/AF-A0A1H9X235-F1-model_v6.cif,1.0
819,A0A1H9XSA8,/home/s241850073/igem2026/results/clipzyme_native_extension_v1/structures/af_v6/AF-A0A1H9XSA8-F1-model_v6.cif,1.0
820,A0A1I0CNE0,/home/s241850073/igem2026/results/clipzyme_native_extension_v1/structures/af_v6/AF-A0A1I0CNE0-F1-model_v6.cif,1.0
821,A0A1I0PFM7,/home/s241850073/igem2026/results/clipzyme_native_extension_v1/structures/af_v6/AF-A0A1I0PFM7-F1-model_v6.cif,0.99999994
822,A0A1I0RMK6,/home/s241850073/igem2026/results/clipzyme_native_extension_v1/structures/af_v6/AF-A0A1I0RMK6-F1-model_v6.cif,1.0
823,A0A1I0RMY0,/home/s241850073/igem2026/results/clipzyme_native_extension_v1/structures/af_v6/AF-A0A1I0RMY0-F1-model_v6.cif,1.0
824,A0A1I0RQ94,/home/s241850073/igem2026/results/clipzyme_native_extension_v1/structures/af_v6/AF-A0A1I0RQ94-F1-model_v6.cif,1.0
825,A0A1I0RSM2,/home/s241850073/igem2026/results/clipzyme_native_extension_v1/structures/af_v6/AF-A0A1I0RSM2-F1-model_v6.cif,1.0
826,A0A1I0SA71,/home/s241850073/igem2026/results/clipzyme_native_extension_v1/structures/af_v6/AF-A0A1I0SA71-F1-model_v6.cif,0.99999994
827,A0A1I1AC30,/home/s241850073/igem2026/results/clipzyme_native_extension_v1/structures/af_v6/AF-A0A1I1AC30-F1-model_v6.cif,0.99999994
828,A0A1I1APE6,/home/s241850073/igem2026/results/clipzyme_native_extension_v1/structures/af_v6/AF-A0A1I1APE6-F1-model_v6.cif,0.99999994
829,A0A1I1IX82,/home/s241850073/igem2026/results/clipzyme_native_extension_v1/structures/af_v6/AF-A0A1I1IX82-F1-model_v6.cif,1.0
830,A0A1I1NAK8,/home/s241850073/igem2026/results/clipzyme_native_extension_v1/structures/af_v6/AF-A0A1I1NAK8-F1-model_v6.cif,1.0
831,A0A1I1SJ68,/home/s241850073/igem2026/results/clipzyme_native_extension_v1/structures/af_v6/AF-A0A1I1SJ68-F1-model_v6.cif,0.99999994
832,A0A1I1YX62,/home/s241850073/igem2026/results/clipzyme_native_extension_v1/structures/af_v6/AF-A0A1I1YX62-F1-model_v6.cif,1.0
833,A0A1I2BY65,/home/s241850073/igem2026/results/clipzyme_native_extension_v1/structures/af_v6/AF-A0A1I2BY65-F1-model_v6.cif,0.99999994
834,A0A1I2CZ21,/home/s241850073/igem2026/results/clipzyme_native_extension_v1/structures/af_v6/AF-A0A1I2CZ21-F1-model_v6.cif,1.0
835,A0A1I2CZ23,/home/s241850073/igem2026/results/clipzyme_native_extension_v1/structures/af_v6/AF-A0A1I2CZ23-F1-model_v6.cif,0.99999994
836,A0A1I2F6V8,/home/s241850073/igem2026/results/clipzyme_native_extension_v1/structures/af_v6/AF-A0A1I2F6V8-F1-model_v6.cif,1.0
837,A0A1I2FGM6,/home/s241850073/igem2026/results/clipzyme_native_extension_v1/structures/af_v6/AF-A0A1I2FGM6-F1-model_v6.cif,1.0
838,A0A1I2G9K1,/home/s241850073/igem2026/results/clipzyme_native_extension_v1/structures/af_v6/AF-A0A1I2G9K1-F1-model_v6.cif,1.0
839,A0A1I2L895,/home/s241850073/igem2026/results/clipzyme_native_extension_v1/structures/af_v6/AF-A0A1I2L895-F1-model_v6.cif,1.0
840,A0A1I2SWH6,/home/s241850073/igem2026/results/clipzyme_native_extension_v1/structures/af_v6/AF-A0A1I2SWH6-F1-model_v6.cif,1.0
841,A0A1I3JQ82,/home/s241850073/igem2026/results/clipzyme_native_extension_v1/structures/af_v6/AF-A0A1I3JQ82-F1-model_v6.cif,1.0
842,A0A1I3PJF4,/home/s241850073/igem2026/results/clipzyme_native_extension_v1/structures/af_v6/AF-A0A1I3PJF4-F1-model_v6.cif,1.0
843,A0A1I3ZKZ0,/home/s241850073/igem2026/results/clipzyme_native_extension_v1/structures/af_v6/AF-A0A1I3ZKZ0-F1-model_v6.cif,1.0
844,A0A1I4PFE5,/home/s241850073/igem2026/results/clipzyme_native_extension_v1/structures/af_v6/AF-A0A1I4PFE5-F1-model_v6.cif,0.99999994
845,A0A1I5EF73,/home/s241850073/igem2026/results/clipzyme_native_extension_v1/structures/af_v6/AF-A0A1I5EF73-F1-model_v6.cif,1.0
846,A0A1I5LU82,/home/s241850073/igem2026/results/clipzyme_native_extension_v1/structures/af_v6/AF-A0A1I5LU82-F1-model_v6.cif,1.0
847,A0A1I5Y1G8,/home/s241850073/igem2026/results/clipzyme_native_extension_v1/structures/af_v6/AF-A0A1I5Y1G8-F1-model_v6.cif,0.99999994
848,A0A1I6DYF4,/home/s241850073/igem2026/results/clipzyme_native_extension_v1/structures/af_v6/AF-A0A1I6DYF4-F1-model_v6.cif,1.0
849,A0A1I6DYJ6,/home/s241850073/igem2026/results/clipzyme_native_extension_v1/structures/af_v6/AF-A0A1I6DYJ6-F1-model_v6.cif,0.99999994
850,A0A1I7CA52,/home/s241850073/igem2026/results/clipzyme_native_extension_v1/structures/af_v6/AF-A0A1I7CA52-F1-model_v6.cif,1.0
851,A0A1I7CR28,/home/s241850073/igem2026/results/clipzyme_native_extension_v1/structures/af_v6/AF-A0A1I7CR28-F1-model_v6.cif,1.0
852,A0A1I7E5H8,/home/s241850073/igem2026/results/clipzyme_native_extension_v1/structures/af_v6/AF-A0A1I7E5H8-F1-model_v6.cif,1.0
853,A0A1I7M285,/home/s241850073/igem2026/results/clipzyme_native_extension_v1/structures/af_v6/AF-A0A1I7M285-F1-model_v6.cif,1.0
854,A0A1I9LLB9,/home/s241850073/igem2026/results/clipzyme_native_extension_v1/structures/af_v6/AF-A0A1I9LLB9-F1-model_v6.cif,0.99999994
855,A0A1J0CQ90,/home/s241850073/igem2026/results/clipzyme_native_extension_v1/structures/af_v6/AF-A0A1J0CQ90-F1-model_v6.cif,1.0
856,A0A1J0CQ92,/home/s241850073/igem2026/results/clipzyme_native_extension_v1/structures/af_v6/AF-A0A1J0CQ92-F1-model_v6.cif,1.0
857,A0A1J0CQ93,/home/s241850073/igem2026/results/clipzyme_native_extension_v1/structures/af_v6/AF-A0A1J0CQ93-F1-model_v6.cif,0.99999994
858,A0A1J0CQ94,/home/s241850073/igem2026/results/clipzyme_native_extension_v1/structures/af_v6/AF-A0A1J0CQ94-F1-model_v6.cif,1.0
859,A0A1J0CQ98,/home/s241850073/igem2026/results/clipzyme_native_extension_v1/structures/af_v6/AF-A0A1J0CQ98-F1-model_v6.cif,1.0
860,A0A1J0VXZ7,/home/s241850073/igem2026/results/clipzyme_native_extension_v1/structures/af_v6/AF-A0A1J0VXZ7-F1-model_v6.cif,1.0
861,A0A1J7FZ20,/home/s241850073/igem2026/results/clipzyme_native_extension_v1/structures/af_v6/AF-A0A1J7FZ20-F1-model_v6.cif,0.99999994
862,A0A1J7GZ92,/home/s241850073/igem2026/results/clipzyme_native_extension_v1/structures/af_v6/AF-A0A1J7GZ92-F1-model_v6.cif,0.99999994
863,A0A1J7HWV4,/home/s241850073/igem2026/results/clipzyme_native_extension_v1/structures/af_v6/AF-A0A1J7HWV4-F1-model_v6.cif,1.0
864,A0A1J7J4S0,/home/s241850073/igem2026/results/clipzyme_native_extension_v1/structures/af_v6/AF-A0A1J7J4S0-F1-model_v6.cif,0.99999994
865,A0A1J8PKN5,/home/s241850073/igem2026/results/clipzyme_native_extension_v1/structures/af_v6/AF-A0A1J8PKN5-F1-model_v6.cif,1.0
866,A0A1J8PQE1,/home/s241850073/igem2026/results/clipzyme_native_extension_v1/structures/af_v6/AF-A0A1J8PQE1-F1-model_v6.cif,1.0
867,A0A1J8PU65,/home/s241850073/igem2026/results/clipzyme_native_extension_v1/structures/af_v6/AF-A0A1J8PU65-F1-model_v6.cif,0.99999994
868,A0A1J9QMC3,/home/s241850073/igem2026/results/clipzyme_native_extension_v1/structures/af_v6/AF-A0A1J9QMC3-F1-model_v6.cif,0.99999994
869,A0A1J9QSA5,/home/s241850073/igem2026/results/clipzyme_native_extension_v1/structures/af_v6/AF-A0A1J9QSA5-F1-model_v6.cif,1.0
870,A0A1J9RNJ6,/home/s241850073/igem2026/results/clipzyme_native_extension_v1/structures/af_v6/AF-A0A1J9RNJ6-F1-model_v6.cif,1.0
871,A0A1J9RXP5,/home/s241850073/igem2026/results/clipzyme_native_extension_v1/structures/af_v6/AF-A0A1J9RXP5-F1-model_v6.cif,1.0
872,A0A1J9S3C9,/home/s241850073/igem2026/results/clipzyme_native_extension_v1/structures/af_v6/AF-A0A1J9S3C9-F1-model_v6.cif,1.0
873,A0A1K1NB32,/home/s241850073/igem2026/results/clipzyme_native_extension_v1/structures/af_v6/AF-A0A1K1NB32-F1-model_v6.cif,0.99999994
874,A0A1K1STI5,/home/s241850073/igem2026/results/clipzyme_native_extension_v1/structures/af_v6/AF-A0A1K1STI5-F1-model_v6.cif,1.0
875,A0A1L1WGB8,/home/s241850073/igem2026/results/clipzyme_native_extension_v1/structures/af_v6/AF-A0A1L1WGB8-F1-model_v6.cif,1.0
876,A0A1L1WGC4,/home/s241850073/igem2026/results/clipzyme_native_extension_v1/structures/af_v6/AF-A0A1L1WGC4-F1-model_v6.cif,1.0
877,A0A1L1WGD9,/home/s241850073/igem2026/results/clipzyme_native_extension_v1/structures/af_v6/AF-A0A1L1WGD9-F1-model_v6.cif,0.99999994
878,A0A1L1WP15,/home/s241850073/igem2026/results/clipzyme_native_extension_v1/structures/af_v6/AF-A0A1L1WP15-F1-model_v6.cif,1.0
879,A0A1L3HS58,/home/s241850073/igem2026/results/clipzyme_native_extension_v1/structures/af_v6/AF-A0A1L3HS58-F1-model_v6.cif,1.0
880,A0A1L5YKS4,/home/s241850073/igem2026/results/clipzyme_native_extension_v1/structures/af_v6/AF-A0A1L5YKS4-F1-model_v6.cif,0.99999994
881,A0A1L5YKS6,/home/s241850073/igem2026/results/clipzyme_native_extension_v1/structures/af_v6/AF-A0A1L5YKS6-F1-model_v6.cif,1.0
882,A0A1L5YKT0,/home/s241850073/igem2026/results/clipzyme_native_extension_v1/structures/af_v6/AF-A0A1L5YKT0-F1-model_v6.cif,1.0
883,A0A1L7T8M0,/home/s241850073/igem2026/results/clipzyme_native_extension_v1/structures/af_v6/AF-A0A1L7T8M0-F1-model_v6.cif,0.99999994
884,A0A1L7TZE5,/home/s241850073/igem2026/results/clipzyme_native_extension_v1/structures/af_v6/AF-A0A1L7TZE5-F1-model_v6.cif,1.0
885,A0A1L7VI12,/home/s241850073/igem2026/results/clipzyme_native_extension_v1/structures/af_v6/AF-A0A1L7VI12-F1-model_v6.cif,1.0000001
886,A0A1L7VXF0,/home/s241850073/igem2026/results/clipzyme_native_extension_v1/structures/af_v6/AF-A0A1L7VXF0-F1-model_v6.cif,1.0
887,A0A1L7WB22,/home/s241850073/igem2026/results/clipzyme_native_extension_v1/structures/af_v6/AF-A0A1L7WB22-F1-model_v6.cif,1.0
888,A0A1L7X8C5,/home/s241850073/igem2026/results/clipzyme_native_extension_v1/structures/af_v6/AF-A0A1L7X8C5-F1-model_v6.cif,1.0
889,A0A1L7XK59,/home/s241850073/igem2026/results/clipzyme_native_extension_v1/structures/af_v6/AF-A0A1L7XK59-F1-model_v6.cif,1.0
890,A0A1L7XMN9,/home/s241850073/igem2026/results/clipzyme_native_extension_v1/structures/af_v6/AF-A0A1L7XMN9-F1-model_v6.cif,1.0
891,A0A1L9B1C8,/home/s241850073/igem2026/results/clipzyme_native_extension_v1/structures/af_v6/AF-A0A1L9B1C8-F1-model_v6.cif,1.0
892,A0A1L9B9D0,/home/s241850073/igem2026/results/clipzyme_native_extension_v1/structures/af_v6/AF-A0A1L9B9D0-F1-model_v6.cif,0.9999999
893,A0A1L9BB55,/home/s241850073/igem2026/results/clipzyme_native_extension_v1/structures/af_v6/AF-A0A1L9BB55-F1-model_v6.cif,0.99999994
894,A0A1L9BC78,/home/s241850073/igem2026/results/clipzyme_native_extension_v1/structures/af_v6/AF-A0A1L9BC78-F1-model_v6.cif,1.0
895,A0A1L9BEV0,/home/s241850073/igem2026/results/clipzyme_native_extension_v1/structures/af_v6/AF-A0A1L9BEV0-F1-model_v6.cif,1.0
896,A0A1L9BGF7,/home/s241850073/igem2026/results/clipzyme_native_extension_v1/structures/af_v6/AF-A0A1L9BGF7-F1-model_v6.cif,1.0
897,A0A1L9MST8,/home/s241850073/igem2026/results/clipzyme_native_extension_v1/structures/af_v6/AF-A0A1L9MST8-F1-model_v6.cif,1.0
898,A0A1L9MY77,/home/s241850073/igem2026/results/clipzyme_native_extension_v1/structures/af_v6/AF-A0A1L9MY77-F1-model_v6.cif,1.0
899,A0A1L9N0M0,/home/s241850073/igem2026/results/clipzyme_native_extension_v1/structures/af_v6/AF-A0A1L9N0M0-F1-model_v6.cif,1.0
900,A0A1L9N8T5,/home/s241850073/igem2026/results/clipzyme_native_extension_v1/structures/af_v6/AF-A0A1L9N8T5-F1-model_v6.cif,0.99999994
901,A0A1L9NG60,/home/s241850073/igem2026/results/clipzyme_native_extension_v1/structures/af_v6/AF-A0A1L9NG60-F1-model_v6.cif,1.0
902,A0A1L9NQJ0,/home/s241850073/igem2026/results/clipzyme_native_extension_v1/structures/af_v6/AF-A0A1L9NQJ0-F1-model_v6.cif,1.0
903,A0A1L9R925,/home/s241850073/igem2026/results/clipzyme_native_extension_v1/structures/af_v6/AF-A0A1L9R925-F1-model_v6.cif,0.99999994
904,A0A1L9RCQ6,/home/s241850073/igem2026/results/clipzyme_native_extension_v1/structures/af_v6/AF-A0A1L9RCQ6-F1-model_v6.cif,1.0
905,A0A1L9REE6,/home/s241850073/igem2026/results/clipzyme_native_extension_v1/structures/af_v6/AF-A0A1L9REE6-F1-model_v6.cif,0.99999994
906,A0A1L9RN58,/home/s241850073/igem2026/results/clipzyme_native_extension_v1/structures/af_v6/AF-A0A1L9RN58-F1-model_v6.cif,1.0
907,A0A1L9RQ05,/home/s241850073/igem2026/results/clipzyme_native_extension_v1/structures/af_v6/AF-A0A1L9RQ05-F1-model_v6.cif,1.0
908,A0A1L9RXN3,/home/s241850073/igem2026/results/clipzyme_native_extension_v1/structures/af_v6/AF-A0A1L9RXN3-F1-model_v6.cif,1.0
909,A0A1L9S0B7,/home/s241850073/igem2026/results/clipzyme_native_extension_v1/structures/af_v6/AF-A0A1L9S0B7-F1-model_v6.cif,1.0
910,A0A1L9S4N4,/home/s241850073/igem2026/results/clipzyme_native_extension_v1/structures/af_v6/AF-A0A1L9S4N4-F1-model_v6.cif,1.0
911,A0A1L9S4Z3,/home/s241850073/igem2026/results/clipzyme_native_extension_v1/structures/af_v6/AF-A0A1L9S4Z3-F1-model_v6.cif,1.0
912,A0A1L9S513,/home/s241850073/igem2026/results/clipzyme_native_extension_v1/structures/af_v6/AF-A0A1L9S513-F1-model_v6.cif,1.0
913,A0A1L9S5G8,/home/s241850073/igem2026/results/clipzyme_native_extension_v1/structures/af_v6/AF-A0A1L9S5G8-F1-model_v6.cif,1.0
914,A0A1L9S6L5,/home/s241850073/igem2026/results/clipzyme_native_extension_v1/structures/af_v6/AF-A0A1L9S6L5-F1-model_v6.cif,0.99999994
915,A0A1L9SU64,/home/s241850073/igem2026/results/clipzyme_native_extension_v1/structures/af_v6/AF-A0A1L9SU64-F1-model_v6.cif,1.0
916,A0A1L9U1F8,/home/s241850073/igem2026/results/clipzyme_native_extension_v1/structures/af_v6/AF-A0A1L9U1F8-F1-model_v6.cif,1.0
917,A0A1L9UEI9,/home/s241850073/igem2026/results/clipzyme_native_extension_v1/structures/af_v6/AF-A0A1L9UEI9-F1-model_v6.cif,1.0
918,A0A1L9UMU4,/home/s241850073/igem2026/results/clipzyme_native_extension_v1/structures/af_v6/AF-A0A1L9UMU4-F1-model_v6.cif,1.0
919,A0A1L9UPN9,/home/s241850073/igem2026/results/clipzyme_native_extension_v1/structures/af_v6/AF-A0A1L9UPN9-F1-model_v6.cif,1.0
920,A0A1L9V808,/home/s241850073/igem2026/results/clipzyme_native_extension_v1/structures/af_v6/AF-A0A1L9V808-F1-model_v6.cif,1.0
921,A0A1L9VNZ2,/home/s241850073/igem2026/results/clipzyme_native_extension_v1/structures/af_v6/AF-A0A1L9VNZ2-F1-model_v6.cif,0.99999994
922,A0A1L9VT42,/home/s241850073/igem2026/results/clipzyme_native_extension_v1/structures/af_v6/AF-A0A1L9VT42-F1-model_v6.cif,0.99999994
923,A0A1L9WQK2,/home/s241850073/igem2026/results/clipzyme_native_extension_v1/structures/af_v6/AF-A0A1L9WQK2-F1-model_v6.cif,1.0
924,A0A1L9WX41,/home/s241850073/igem2026/results/clipzyme_native_extension_v1/structures/af_v6/AF-A0A1L9WX41-F1-model_v6.cif,1.0
925,A0A1L9WZ67,/home/s241850073/igem2026/results/clipzyme_native_extension_v1/structures/af_v6/AF-A0A1L9WZ67-F1-model_v6.cif,1.0
926,A0A1L9X763,/home/s241850073/igem2026/results/clipzyme_native_extension_v1/structures/af_v6/AF-A0A1L9X763-F1-model_v6.cif,0.99999994
927,A0A1M2V5T6,/home/s241850073/igem2026/results/clipzyme_native_extension_v1/structures/af_v6/AF-A0A1M2V5T6-F1-model_v6.cif,1.0
928,A0A1M2V8P4,/home/s241850073/igem2026/results/clipzyme_native_extension_v1/structures/af_v6/AF-A0A1M2V8P4-F1-model_v6.cif,0.99999994
929,A0A1M2VVH7,/home/s241850073/igem2026/results/clipzyme_native_extension_v1/structures/af_v6/AF-A0A1M2VVH7-F1-model_v6.cif,1.0
930,A0A1M2W7V4,/home/s241850073/igem2026/results/clipzyme_native_extension_v1/structures/af_v6/AF-A0A1M2W7V4-F1-model_v6.cif,1.0
931,A0A1M3U1M9,/home/s241850073/igem2026/results/clipzyme_native_extension_v1/structures/af_v6/AF-A0A1M3U1M9-F1-model_v6.cif,1.0
932,A0A1M4SZ11,/home/s241850073/igem2026/results/clipzyme_native_extension_v1/structures/af_v6/AF-A0A1M4SZ11-F1-model_v6.cif,1.0
933,A0A1M4TAA2,/home/s241850073/igem2026/results/clipzyme_native_extension_v1/structures/af_v6/AF-A0A1M4TAA2-F1-model_v6.cif,1.0
934,A0A1M5BAW7,/home/s241850073/igem2026/results/clipzyme_native_extension_v1/structures/af_v6/AF-A0A1M5BAW7-F1-model_v6.cif,0.9999999
935,A0A1M5LIG6,/home/s241850073/igem2026/results/clipzyme_native_extension_v1/structures/af_v6/AF-A0A1M5LIG6-F1-model_v6.cif,0.99999994
936,A0A1M6LV93,/home/s241850073/igem2026/results/clipzyme_native_extension_v1/structures/af_v6/AF-A0A1M6LV93-F1-model_v6.cif,0.99999994
937,A0A1M6NFI3,/home/s241850073/igem2026/results/clipzyme_native_extension_v1/structures/af_v6/AF-A0A1M6NFI3-F1-model_v6.cif,0.99999994
938,A0A1M6PE46,/home/s241850073/igem2026/results/clipzyme_native_extension_v1/structures/af_v6/AF-A0A1M6PE46-F1-model_v6.cif,1.0000001
939,A0A1M6Q4T9,/home/s241850073/igem2026/results/clipzyme_native_extension_v1/structures/af_v6/AF-A0A1M6Q4T9-F1-model_v6.cif,1.0
940,A0A1M6QQS9,/home/s241850073/igem2026/results/clipzyme_native_extension_v1/structures/af_v6/AF-A0A1M6QQS9-F1-model_v6.cif,1.0
941,A0A1M6R8X9,/home/s241850073/igem2026/results/clipzyme_native_extension_v1/structures/af_v6/AF-A0A1M6R8X9-F1-model_v6.cif,0.99999994
942,A0A1M6RW61,/home/s241850073/igem2026/results/clipzyme_native_extension_v1/structures/af_v6/AF-A0A1M6RW61-F1-model_v6.cif,1.0
943,A0A1M7A4D6,/home/s241850073/igem2026/results/clipzyme_native_extension_v1/structures/af_v6/AF-A0A1M7A4D6-F1-model_v6.cif,1.0
944,A0A1M7BT67,/home/s241850073/igem2026/results/clipzyme_native_extension_v1/structures/af_v6/AF-A0A1M7BT67-F1-model_v6.cif,1.0
945,A0A1M7I6D5,/home/s241850073/igem2026/results/clipzyme_native_extension_v1/structures/af_v6/AF-A0A1M7I6D5-F1-model_v6.cif,0.99999994
946,A0A1M7KFT5,/home/s241850073/igem2026/results/clipzyme_native_extension_v1/structures/af_v6/AF-A0A1M7KFT5-F1-model_v6.cif,1.0
947,A0A1M7KH16,/home/s241850073/igem2026/results/clipzyme_native_extension_v1/structures/af_v6/AF-A0A1M7KH16-F1-model_v6.cif,1.0
948,A0A1M7ZKF5,/home/s241850073/igem2026/results/clipzyme_native_extension_v1/structures/af_v6/AF-A0A1M7ZKF5-F1-model_v6.cif,0.99999994
949,A0A1N6DRV0,/home/s241850073/igem2026/results/clipzyme_native_extension_v1/structures/af_v6/AF-A0A1N6DRV0-F1-model_v6.cif,1.0
950,A0A1N6E2E2,/home/s241850073/igem2026/results/clipzyme_native_extension_v1/structures/af_v6/AF-A0A1N6E2E2-F1-model_v6.cif,0.99999994
951,A0A1N6EKI7,/home/s241850073/igem2026/results/clipzyme_native_extension_v1/structures/af_v6/AF-A0A1N6EKI7-F1-model_v6.cif,0.99999994
952,A0A1N6EMH7,/home/s241850073/igem2026/results/clipzyme_native_extension_v1/structures/af_v6/AF-A0A1N6EMH7-F1-model_v6.cif,1.0
953,A0A1N7KE47,/home/s241850073/igem2026/results/clipzyme_native_extension_v1/structures/af_v6/AF-A0A1N7KE47-F1-model_v6.cif,1.0
954,A0A1N7MKF6,/home/s241850073/igem2026/results/clipzyme_native_extension_v1/structures/af_v6/AF-A0A1N7MKF6-F1-model_v6.cif,1.0
955,A0A1N7T9S3,/home/s241850073/igem2026/results/clipzyme_native_extension_v1/structures/af_v6/AF-A0A1N7T9S3-F1-model_v6.cif,0.99999994
956,A0A1P8ARV6,/home/s241850073/igem2026/results/clipzyme_native_extension_v1/structures/af_v6/AF-A0A1P8ARV6-F1-model_v6.cif,1.0
957,A0A1P8B581,/home/s241850073/igem2026/results/clipzyme_native_extension_v1/structures/af_v6/AF-A0A1P8B581-F1-model_v6.cif,1.0
958,A0A1P8WIZ2,/home/s241850073/igem2026/results/clipzyme_native_extension_v1/structures/af_v6/AF-A0A1P8WIZ2-F1-model_v6.cif,1.0
959,A0A1P8YWJ6,/home/s241850073/igem2026/results/clipzyme_native_extension_v1/structures/af_v6/AF-A0A1P8YWJ6-F1-model_v6.cif,1.0
960,A0A1Q0AL87,/home/s241850073/igem2026/results/clipzyme_native_extension_v1/structures/af_v6/AF-A0A1Q0AL87-F1-model_v6.cif,1.0
961,A0A1Q3DHY4,/home/s241850073/igem2026/results/clipzyme_native_extension_v1/structures/af_v6/AF-A0A1Q3DHY4-F1-model_v6.cif,1.0
962,A0A1Q3DW68,/home/s241850073/igem2026/results/clipzyme_native_extension_v1/structures/af_v6/AF-A0A1Q3DW68-F1-model_v6.cif,1.0
963,A0A1Q3E068,/home/s241850073/igem2026/results/clipzyme_native_extension_v1/structures/af_v6/AF-A0A1Q3E068-F1-model_v6.cif,0.9999999
964,A0A1Q3ENH7,/home/s241850073/igem2026/results/clipzyme_native_extension_v1/structures/af_v6/AF-A0A1Q3ENH7-F1-model_v6.cif,0.99999994
965,A0A1Q4V389,/home/s241850073/igem2026/results/clipzyme_native_extension_v1/structures/af_v6/AF-A0A1Q4V389-F1-model_v6.cif,1.0000001
966,A0A1Q4V3D1,/home/s241850073/igem2026/results/clipzyme_native_extension_v1/structures/af_v6/AF-A0A1Q4V3D1-F1-model_v6.cif,1.0
967,A0A1Q5GJH1,/home/s241850073/igem2026/results/clipzyme_native_extension_v1/structures/af_v6/AF-A0A1Q5GJH1-F1-model_v6.cif,1.0
968,A0A1Q8CR01,/home/s241850073/igem2026/results/clipzyme_native_extension_v1/structures/af_v6/AF-A0A1Q8CR01-F1-model_v6.cif,1.0
969,A0A1Q8RT23,/home/s241850073/igem2026/results/clipzyme_native_extension_v1/structures/af_v6/AF-A0A1Q8RT23-F1-model_v6.cif,0.99999994
970,A0A1R0KQN1,/home/s241850073/igem2026/results/clipzyme_native_extension_v1/structures/af_v6/AF-A0A1R0KQN1-F1-model_v6.cif,1.0
971,A0A1R0KQU1,/home/s241850073/igem2026/results/clipzyme_native_extension_v1/structures/af_v6/AF-A0A1R0KQU1-F1-model_v6.cif,1.0
972,A0A1R3FTZ0,/home/s241850073/igem2026/results/clipzyme_native_extension_v1/structures/af_v6/AF-A0A1R3FTZ0-F1-model_v6.cif,1.0
973,A0A1R3G1X5,/home/s241850073/igem2026/results/clipzyme_native_extension_v1/structures/af_v6/AF-A0A1R3G1X5-F1-model_v6.cif,1.0
974,A0A1R3G411,/home/s241850073/igem2026/results/clipzyme_native_extension_v1/structures/af_v6/AF-A0A1R3G411-F1-model_v6.cif,1.0
975,A0A1R3GB63,/home/s241850073/igem2026/results/clipzyme_native_extension_v1/structures/af_v6/AF-A0A1R3GB63-F1-model_v6.cif,0.99999994
976,A0A1R3GB77,/home/s241850073/igem2026/results/clipzyme_native_extension_v1/structures/af_v6/AF-A0A1R3GB77-F1-model_v6.cif,1.0
977,A0A1R3GYV3,/home/s241850073/igem2026/results/clipzyme_native_extension_v1/structures/af_v6/AF-A0A1R3GYV3-F1-model_v6.cif,1.0
978,A0A1R3H3R1,/home/s241850073/igem2026/results/clipzyme_native_extension_v1/structures/af_v6/AF-A0A1R3H3R1-F1-model_v6.cif,0.99999994
979,A0A1R3HKL5,/home/s241850073/igem2026/results/clipzyme_native_extension_v1/structures/af_v6/AF-A0A1R3HKL5-F1-model_v6.cif,1.0
980,A0A1R3HPH2,/home/s241850073/igem2026/results/clipzyme_native_extension_v1/structures/af_v6/AF-A0A1R3HPH2-F1-model_v6.cif,1.0
981,A0A1R3HV89,/home/s241850073/igem2026/results/clipzyme_native_extension_v1/structures/af_v6/AF-A0A1R3HV89-F1-model_v6.cif,1.0
982,A0A1R3I2A2,/home/s241850073/igem2026/results/clipzyme_native_extension_v1/structures/af_v6/AF-A0A1R3I2A2-F1-model_v6.cif,0.99999994
983,A0A1R3IM41,/home/s241850073/igem2026/results/clipzyme_native_extension_v1/structures/af_v6/AF-A0A1R3IM41-F1-model_v6.cif,1.0
984,A0A1R3IZL7,/home/s241850073/igem2026/results/clipzyme_native_extension_v1/structures/af_v6/AF-A0A1R3IZL7-F1-model_v6.cif,0.99999994
985,A0A1R3J7B8,/home/s241850073/igem2026/results/clipzyme_native_extension_v1/structures/af_v6/AF-A0A1R3J7B8-F1-model_v6.cif,0.99999994
986,A0A1R3JFS0,/home/s241850073/igem2026/results/clipzyme_native_extension_v1/structures/af_v6/AF-A0A1R3JFS0-F1-model_v6.cif,1.0
987,A0A1R3JYM4,/home/s241850073/igem2026/results/clipzyme_native_extension_v1/structures/af_v6/AF-A0A1R3JYM4-F1-model_v6.cif,0.99999994
988,A0A1R3JYN8,/home/s241850073/igem2026/results/clipzyme_native_extension_v1/structures/af_v6/AF-A0A1R3JYN8-F1-model_v6.cif,1.0
989,A0A1R3K681,/home/s241850073/igem2026/results/clipzyme_native_extension_v1/structures/af_v6/AF-A0A1R3K681-F1-model_v6.cif,1.0
990,A0A1R3KIF5,/home/s241850073/igem2026/results/clipzyme_native_extension_v1/structures/af_v6/AF-A0A1R3KIF5-F1-model_v6.cif,1.0
991,A0A1R3KXH0,/home/s241850073/igem2026/results/clipzyme_native_extension_v1/structures/af_v6/AF-A0A1R3KXH0-F1-model_v6.cif,0.99999994
992,A0A1R3R7L1,/home/s241850073/igem2026/results/clipzyme_native_extension_v1/structures/af_v6/AF-A0A1R3R7L1-F1-model_v6.cif,1.0
993,A0A1R3S2F3,/home/s241850073/igem2026/results/clipzyme_native_extension_v1/structures/af_v6/AF-A0A1R3S2F3-F1-model_v6.cif,1.0
994,A0A1S1PYE1,/home/s241850073/igem2026/results/clipzyme_native_extension_v1/structures/af_v6/AF-A0A1S1PYE1-F1-model_v6.cif,1.0
995,A0A1S2QQ04,/home/s241850073/igem2026/results/clipzyme_native_extension_v1/structures/af_v6/AF-A0A1S2QQ04-F1-model_v6.cif,1.0
996,A0A1S3TCC8,/home/s241850073/igem2026/results/clipzyme_native_extension_v1/structures/af_v6/AF-A0A1S3TCC8-F1-model_v6.cif,1.0
997,A0A1S3TX76,/home/s241850073/igem2026/results/clipzyme_native_extension_v1/structures/af_v6/AF-A0A1S3TX76-F1-model_v6.cif,0.99999994
998,A0A1S3Z5Y0,/home/s241850073/igem2026/results/clipzyme_native_extension_v1/structures/af_v6/AF-A0A1S3Z5Y0-F1-model_v6.cif,1.0
999,A0A1S4CGX4,/home/s241850073/igem2026/results/clipzyme_native_extension_v1/structures/af_v6/AF-A0A1S4CGX4-F1-model_v6.cif,1.0
1000,A0A1S4E662,/home/s241850073/igem2026/results/clipzyme_native_extension_v1/structures/af_v6/AF-A0A1S4E662-F1-model_v6.cif,1.0
1001,A0A1S6J1V2,/home/s241850073/igem2026/results/clipzyme_native_extension_v1/structures/af_v6/AF-A0A1S6J1V2-F1-model_v6.cif,0.99999994
1002,A0A1S8A7J3,/home/s241850073/igem2026/results/clipzyme_native_extension_v1/structures/af_v6/AF-A0A1S8A7J3-F1-model_v6.cif,0.99999994
1003,A0A1T3CDZ3,/home/s241850073/igem2026/results/clipzyme_native_extension_v1/structures/af_v6/AF-A0A1T3CDZ3-F1-model_v6.cif,1.0
1004,A0A1T3CWE9,/home/s241850073/igem2026/results/clipzyme_native_extension_v1/structures/af_v6/AF-A0A1T3CWE9-F1-model_v6.cif,0.99999994
1005,A0A1T3CYS4,/home/s241850073/igem2026/results/clipzyme_native_extension_v1/structures/af_v6/AF-A0A1T3CYS4-F1-model_v6.cif,0.99999994
1006,A0A1T3NQE9,/home/s241850073/igem2026/results/clipzyme_native_extension_v1/structures/af_v6/AF-A0A1T3NQE9-F1-model_v6.cif,1.0
1007,A0A1T3NT10,/home/s241850073/igem2026/results/clipzyme_native_extension_v1/structures/af_v6/AF-A0A1T3NT10-F1-model_v6.cif,1.0
1008,A0A1T4S4I7,/home/s241850073/igem2026/results/clipzyme_native_extension_v1/structures/af_v6/AF-A0A1T4S4I7-F1-model_v6.cif,0.99999994
1009,A0A1T4SKT1,/home/s241850073/igem2026/results/clipzyme_native_extension_v1/structures/af_v6/AF-A0A1T4SKT1-F1-model_v6.cif,0.99999994
1010,A0A1T4SLK8,/home/s241850073/igem2026/results/clipzyme_native_extension_v1/structures/af_v6/AF-A0A1T4SLK8-F1-model_v6.cif,1.0
1011,A0A1T4SMQ4,/home/s241850073/igem2026/results/clipzyme_native_extension_v1/structures/af_v6/AF-A0A1T4SMQ4-F1-model_v6.cif,0.99999994
1012,A0A1T4SR57,/home/s241850073/igem2026/results/clipzyme_native_extension_v1/structures/af_v6/AF-A0A1T4SR57-F1-model_v6.cif,1.0
1013,A0A1T4SXA1,/home/s241850073/igem2026/results/clipzyme_native_extension_v1/structures/af_v6/AF-A0A1T4SXA1-F1-model_v6.cif,1.0
1014,A0A1T4TLU0,/home/s241850073/igem2026/results/clipzyme_native_extension_v1/structures/af_v6/AF-A0A1T4TLU0-F1-model_v6.cif,0.99999994
1015,A0A1T4TV44,/home/s241850073/igem2026/results/clipzyme_native_extension_v1/structures/af_v6/AF-A0A1T4TV44-F1-model_v6.cif,0.99999994
1016,A0A1T4U6X4,/home/s241850073/igem2026/results/clipzyme_native_extension_v1/structures/af_v6/AF-A0A1T4U6X4-F1-model_v6.cif,0.99999994
1017,A0A1T5P9I7,/home/s241850073/igem2026/results/clipzyme_native_extension_v1/structures/af_v6/AF-A0A1T5P9I7-F1-model_v6.cif,1.0
1018,A0A1U7CMZ7,/home/s241850073/igem2026/results/clipzyme_native_extension_v1/structures/af_v6/AF-A0A1U7CMZ7-F1-model_v6.cif,1.0
1019,A0A1U7CS17,/home/s241850073/igem2026/results/clipzyme_native_extension_v1/structures/af_v6/AF-A0A1U7CS17-F1-model_v6.cif,0.99999994
1020,A0A1U7CWY8,/home/s241850073/igem2026/results/clipzyme_native_extension_v1/structures/af_v6/AF-A0A1U7CWY8-F1-model_v6.cif,1.0000001
1021,A0A1U7H056,/home/s241850073/igem2026/results/clipzyme_native_extension_v1/structures/af_v6/AF-A0A1U7H056-F1-model_v6.cif,1.0
1022,A0A1U7LI22,/home/s241850073/igem2026/results/clipzyme_native_extension_v1/structures/af_v6/AF-A0A1U7LI22-F1-model_v6.cif,0.99999994
1023,A0A1U7LMD1,/home/s241850073/igem2026/results/clipzyme_native_extension_v1/structures/af_v6/AF-A0A1U7LMD1-F1-model_v6.cif,0.99999994
1024,A0A1U7LWW3,/home/s241850073/igem2026/results/clipzyme_native_extension_v1/structures/af_v6/AF-A0A1U7LWW3-F1-model_v6.cif,1.0
1025,A0A1U7YTG3,/home/s241850073/igem2026/results/clipzyme_native_extension_v1/structures/af_v6/AF-A0A1U7YTG3-F1-model_v6.cif,1.0
1026,A0A1U7Z4L4,/home/s241850073/igem2026/results/clipzyme_native_extension_v1/structures/af_v6/AF-A0A1U7Z4L4-F1-model_v6.cif,1.0
1027,A0A1U7ZE50,/home/s241850073/igem2026/results/clipzyme_native_extension_v1/structures/af_v6/AF-A0A1U7ZE50-F1-model_v6.cif,1.0
1028,A0A1U8IBY2,/home/s241850073/igem2026/results/clipzyme_native_extension_v1/structures/af_v6/AF-A0A1U8IBY2-F1-model_v6.cif,1.0000001
1029,A0A1U8KNZ2,/home/s241850073/igem2026/results/clipzyme_native_extension_v1/structures/af_v6/AF-A0A1U8KNZ2-F1-model_v6.cif,0.99999994
1030,A0A1U8LQ76,/home/s241850073/igem2026/results/clipzyme_native_extension_v1/structures/af_v6/AF-A0A1U8LQ76-F1-model_v6.cif,1.0
1031,A0A1U8MPU1,/home/s241850073/igem2026/results/clipzyme_native_extension_v1/structures/af_v6/AF-A0A1U8MPU1-F1-model_v6.cif,1.0
1032,A0A1U9ZRJ6,/home/s241850073/igem2026/results/clipzyme_native_extension_v1/structures/af_v6/AF-A0A1U9ZRJ6-F1-model_v6.cif,1.0
1033,A0A1V0A7N4,/home/s241850073/igem2026/results/clipzyme_native_extension_v1/structures/af_v6/AF-A0A1V0A7N4-F1-model_v6.cif,1.0
1034,A0A1V0QSF3,/home/s241850073/igem2026/results/clipzyme_native_extension_v1/structures/af_v6/AF-A0A1V0QSF3-F1-model_v6.cif,1.0
1035,A0A1V0QSF4,/home/s241850073/igem2026/results/clipzyme_native_extension_v1/structures/af_v6/AF-A0A1V0QSF4-F1-model_v6.cif,1.0
1036,A0A1V0QSF8,/home/s241850073/igem2026/results/clipzyme_native_extension_v1/structures/af_v6/AF-A0A1V0QSF8-F1-model_v6.cif,0.99999994
1037,A0A1V0QSF9,/home/s241850073/igem2026/results/clipzyme_native_extension_v1/structures/af_v6/AF-A0A1V0QSF9-F1-model_v6.cif,0.99999994
1038,A0A1V0QSG0,/home/s241850073/igem2026/results/clipzyme_native_extension_v1/structures/af_v6/AF-A0A1V0QSG0-F1-model_v6.cif,0.99999994
1039,A0A1V0QSG1,/home/s241850073/igem2026/results/clipzyme_native_extension_v1/structures/af_v6/AF-A0A1V0QSG1-F1-model_v6.cif,0.99999994
1040,A0A1V0QSG9,/home/s241850073/igem2026/results/clipzyme_native_extension_v1/structures/af_v6/AF-A0A1V0QSG9-F1-model_v6.cif,0.99999994
1041,A0A1V0QSH2,/home/s241850073/igem2026/results/clipzyme_native_extension_v1/structures/af_v6/AF-A0A1V0QSH2-F1-model_v6.cif,1.0
1042,A0A1V0QSH7,/home/s241850073/igem2026/results/clipzyme_native_extension_v1/structures/af_v6/AF-A0A1V0QSH7-F1-model_v6.cif,1.0
1043,A0A1V0TJQ5,/home/s241850073/igem2026/results/clipzyme_native_extension_v1/structures/af_v6/AF-A0A1V0TJQ5-F1-model_v6.cif,0.99999994
1044,A0A1V0TYI6,/home/s241850073/igem2026/results/clipzyme_native_extension_v1/structures/af_v6/AF-A0A1V0TYI6-F1-model_v6.cif,1.0
1045,A0A1V0U115,/home/s241850073/igem2026/results/clipzyme_native_extension_v1/structures/af_v6/AF-A0A1V0U115-F1-model_v6.cif,0.99999994
1046,A0A1V2IJ20,/home/s241850073/igem2026/results/clipzyme_native_extension_v1/structures/af_v6/AF-A0A1V2IJ20-F1-model_v6.cif,1.0
1047,A0A1V4AG47,/home/s241850073/igem2026/results/clipzyme_native_extension_v1/structures/af_v6/AF-A0A1V4AG47-F1-model_v6.cif,1.0
1048,A0A1V6N6X4,/home/s241850073/igem2026/results/clipzyme_native_extension_v1/structures/af_v6/AF-A0A1V6N6X4-F1-model_v6.cif,0.99999994
1049,A0A1V6NZY6,/home/s241850073/igem2026/results/clipzyme_native_extension_v1/structures/af_v6/AF-A0A1V6NZY6-F1-model_v6.cif,0.99999994
1050,A0A1V6QZ98,/home/s241850073/igem2026/results/clipzyme_native_extension_v1/structures/af_v6/AF-A0A1V6QZ98-F1-model_v6.cif,1.0
1051,A0A1V6RCA6,/home/s241850073/igem2026/results/clipzyme_native_extension_v1/structures/af_v6/AF-A0A1V6RCA6-F1-model_v6.cif,0.9999999
1052,A0A1V6RFP3,/home/s241850073/igem2026/results/clipzyme_native_extension_v1/structures/af_v6/AF-A0A1V6RFP3-F1-model_v6.cif,1.0
1053,A0A1V6RTT1,/home/s241850073/igem2026/results/clipzyme_native_extension_v1/structures/af_v6/AF-A0A1V6RTT1-F1-model_v6.cif,0.99999994
1054,A0A1V6SAK1,/home/s241850073/igem2026/results/clipzyme_native_extension_v1/structures/af_v6/AF-A0A1V6SAK1-F1-model_v6.cif,1.0
1055,A0A1V6SF94,/home/s241850073/igem2026/results/clipzyme_native_extension_v1/structures/af_v6/AF-A0A1V6SF94-F1-model_v6.cif,0.99999994
1056,A0A1V6YA80,/home/s241850073/igem2026/results/clipzyme_native_extension_v1/structures/af_v6/AF-A0A1V6YA80-F1-model_v6.cif,0.99999994
1057,A0A1V8T0U5,/home/s241850073/igem2026/results/clipzyme_native_extension_v1/structures/af_v6/AF-A0A1V8T0U5-F1-model_v6.cif,1.0
1058,A0A1V9G4B9,/home/s241850073/igem2026/results/clipzyme_native_extension_v1/structures/af_v6/AF-A0A1V9G4B9-F1-model_v6.cif,0.99999994
1059,A0A1W0VUN6,/home/s241850073/igem2026/results/clipzyme_native_extension_v1/structures/af_v6/AF-A0A1W0VUN6-F1-model_v6.cif,0.99999994
1060,A0A1W2FMW3,/home/s241850073/igem2026/results/clipzyme_native_extension_v1/structures/af_v6/AF-A0A1W2FMW3-F1-model_v6.cif,1.0
1061,A0A1W2FZQ4,/home/s241850073/igem2026/results/clipzyme_native_extension_v1/structures/af_v6/AF-A0A1W2FZQ4-F1-model_v6.cif,0.99999994
1062,A0A1W2H677,/home/s241850073/igem2026/results/clipzyme_native_extension_v1/structures/af_v6/AF-A0A1W2H677-F1-model_v6.cif,1.0000001
1063,A0A1W2H825,/home/s241850073/igem2026/results/clipzyme_native_extension_v1/structures/af_v6/AF-A0A1W2H825-F1-model_v6.cif,0.99999994
1064,A0A1W2TB91,/home/s241850073/igem2026/results/clipzyme_native_extension_v1/structures/af_v6/AF-A0A1W2TB91-F1-model_v6.cif,1.0
1065,A0A1W2TIL6,/home/s241850073/igem2026/results/clipzyme_native_extension_v1/structures/af_v6/AF-A0A1W2TIL6-F1-model_v6.cif,0.99999994
1066,A0A1W2TQF3,/home/s241850073/igem2026/results/clipzyme_native_extension_v1/structures/af_v6/AF-A0A1W2TQF3-F1-model_v6.cif,0.99999994
1067,A0A1W5D7C2,/home/s241850073/igem2026/results/clipzyme_native_extension_v1/structures/af_v6/AF-A0A1W5D7C2-F1-model_v6.cif,0.99999994
1068,A0A1W5D7M7,/home/s241850073/igem2026/results/clipzyme_native_extension_v1/structures/af_v6/AF-A0A1W5D7M7-F1-model_v6.cif,1.0
1069,A0A1W5VLZ6,/home/s241850073/igem2026/results/clipzyme_native_extension_v1/structures/af_v6/AF-A0A1W5VLZ6-F1-model_v6.cif,1.0
1070,A0A1W7CV22,/home/s241850073/igem2026/results/clipzyme_native_extension_v1/structures/af_v6/AF-A0A1W7CV22-F1-model_v6.cif,1.0
1071,A0A1W7D0K8,/home/s241850073/igem2026/results/clipzyme_native_extension_v1/structures/af_v6/AF-A0A1W7D0K8-F1-model_v6.cif,1.0
1072,A0A1W7D4H4,/home/s241850073/igem2026/results/clipzyme_native_extension_v1/structures/af_v6/AF-A0A1W7D4H4-F1-model_v6.cif,1.0
1073,A0A1W7HBY5,/home/s241850073/igem2026/results/clipzyme_native_extension_v1/structures/af_v6/AF-A0A1W7HBY5-F1-model_v6.cif,1.0
1074,A0A1W7HBY7,/home/s241850073/igem2026/results/clipzyme_native_extension_v1/structures/af_v6/AF-A0A1W7HBY7-F1-model_v6.cif,1.0
1075,A0A1W7HCY1,/home/s241850073/igem2026/results/clipzyme_native_extension_v1/structures/af_v6/AF-A0A1W7HCY1-F1-model_v6.cif,1.0
1076,A0A1X2CJP9,/home/s241850073/igem2026/results/clipzyme_native_extension_v1/structures/af_v6/AF-A0A1X2CJP9-F1-model_v6.cif,0.99999994
1077,A0A1X2GLF6,/home/s241850073/igem2026/results/clipzyme_native_extension_v1/structures/af_v6/AF-A0A1X2GLF6-F1-model_v6.cif,1.0
1078,A0A1X2LY95,/home/s241850073/igem2026/results/clipzyme_native_extension_v1/structures/af_v6/AF-A0A1X2LY95-F1-model_v6.cif,0.99999994
1079,A0A1X6MKC7,/home/s241850073/igem2026/results/clipzyme_native_extension_v1/structures/af_v6/AF-A0A1X6MKC7-F1-model_v6.cif,1.0
1080,A0A1X6MY32,/home/s241850073/igem2026/results/clipzyme_native_extension_v1/structures/af_v6/AF-A0A1X6MY32-F1-model_v6.cif,1.0
1081,A0A1X6N7L8,/home/s241850073/igem2026/results/clipzyme_native_extension_v1/structures/af_v6/AF-A0A1X6N7L8-F1-model_v6.cif,1.0
1082,A0A1X9H811,/home/s241850073/igem2026/results/clipzyme_native_extension_v1/structures/af_v6/AF-A0A1X9H811-F1-model_v6.cif,1.0
1083,A0A1X9WEQ1,/home/s241850073/igem2026/results/clipzyme_native_extension_v1/structures/af_v6/AF-A0A1X9WEQ1-F1-model_v6.cif,1.0
1084,A0A1Y1HY21,/home/s241850073/igem2026/results/clipzyme_native_extension_v1/structures/af_v6/AF-A0A1Y1HY21-F1-model_v6.cif,0.99999994
1085,A0A1Y1XZ08,/home/s241850073/igem2026/results/clipzyme_native_extension_v1/structures/af_v6/AF-A0A1Y1XZ08-F1-model_v6.cif,0.99999994
1086,A0A1Y1YDI0,/home/s241850073/igem2026/results/clipzyme_native_extension_v1/structures/af_v6/AF-A0A1Y1YDI0-F1-model_v6.cif,0.99999994
1087,A0A1Y2DBD2,/home/s241850073/igem2026/results/clipzyme_native_extension_v1/structures/af_v6/AF-A0A1Y2DBD2-F1-model_v6.cif,1.0
1088,A0A1Y2DE74,/home/s241850073/igem2026/results/clipzyme_native_extension_v1/structures/af_v6/AF-A0A1Y2DE74-F1-model_v6.cif,0.99999994
1089,A0A1Y2MBH8,/home/s241850073/igem2026/results/clipzyme_native_extension_v1/structures/af_v6/AF-A0A1Y2MBH8-F1-model_v6.cif,1.0
1090,A0A1Y5YCU2,/home/s241850073/igem2026/results/clipzyme_native_extension_v1/structures/af_v6/AF-A0A1Y5YCU2-F1-model_v6.cif,0.99999994
1091,A0A1Z1W4G4,/home/s241850073/igem2026/results/clipzyme_native_extension_v1/structures/af_v6/AF-A0A1Z1W4G4-F1-model_v6.cif,1.0
1092,A0A1Z2LDZ7,/home/s241850073/igem2026/results/clipzyme_native_extension_v1/structures/af_v6/AF-A0A1Z2LDZ7-F1-model_v6.cif,1.0
1093,A0A1Z4BKU5,/home/s241850073/igem2026/results/clipzyme_native_extension_v1/structures/af_v6/AF-A0A1Z4BKU5-F1-model_v6.cif,0.99999994
1094,A0A1Z5HQI5,/home/s241850073/igem2026/results/clipzyme_native_extension_v1/structures/af_v6/AF-A0A1Z5HQI5-F1-model_v6.cif,1.0
1095,A0A1Z5RJA5,/home/s241850073/igem2026/results/clipzyme_native_extension_v1/structures/af_v6/AF-A0A1Z5RJA5-F1-model_v6.cif,1.0
1096,A0A200QI04,/home/s241850073/igem2026/results/clipzyme_native_extension_v1/structures/af_v6/AF-A0A200QI04-F1-model_v6.cif,1.0
1097,A0A200RDZ8,/home/s241850073/igem2026/results/clipzyme_native_extension_v1/structures/af_v6/AF-A0A200RDZ8-F1-model_v6.cif,1.0
1098,A0A202BRF1,/home/s241850073/igem2026/results/clipzyme_native_extension_v1/structures/af_v6/AF-A0A202BRF1-F1-model_v6.cif,1.0
1099,A0A212CJF2,/home/s241850073/igem2026/results/clipzyme_native_extension_v1/structures/af_v6/AF-A0A212CJF2-F1-model_v6.cif,0.99999994
1100,A0A212QX55,/home/s241850073/igem2026/results/clipzyme_native_extension_v1/structures/af_v6/AF-A0A212QX55-F1-model_v6.cif,1.0
1101,A0A218Y2D1,/home/s241850073/igem2026/results/clipzyme_native_extension_v1/structures/af_v6/AF-A0A218Y2D1-F1-model_v6.cif,1.0
1102,A0A218YZX2,/home/s241850073/igem2026/results/clipzyme_native_extension_v1/structures/af_v6/AF-A0A218YZX2-F1-model_v6.cif,1.0
1103,A0A225AVU7,/home/s241850073/igem2026/results/clipzyme_native_extension_v1/structures/af_v6/AF-A0A225AVU7-F1-model_v6.cif,1.0
1104,A0A225DIB3,/home/s241850073/igem2026/results/clipzyme_native_extension_v1/structures/af_v6/AF-A0A225DIB3-F1-model_v6.cif,1.0
1105,A0A225DN69,/home/s241850073/igem2026/results/clipzyme_native_extension_v1/structures/af_v6/AF-A0A225DN69-F1-model_v6.cif,1.0
1106,A0A225DZ88,/home/s241850073/igem2026/results/clipzyme_native_extension_v1/structures/af_v6/AF-A0A225DZ88-F1-model_v6.cif,1.0
1107,A0A226CUT9,/home/s241850073/igem2026/results/clipzyme_native_extension_v1/structures/af_v6/AF-A0A226CUT9-F1-model_v6.cif,1.0
1108,A0A226CWC4,/home/s241850073/igem2026/results/clipzyme_native_extension_v1/structures/af_v6/AF-A0A226CWC4-F1-model_v6.cif,1.0
1109,A0A226CZB6,/home/s241850073/igem2026/results/clipzyme_native_extension_v1/structures/af_v6/AF-A0A226CZB6-F1-model_v6.cif,1.0
1110,A0A226D1A7,/home/s241850073/igem2026/results/clipzyme_native_extension_v1/structures/af_v6/AF-A0A226D1A7-F1-model_v6.cif,1.0
1111,A0A226D1W1,/home/s241850073/igem2026/results/clipzyme_native_extension_v1/structures/af_v6/AF-A0A226D1W1-F1-model_v6.cif,1.0000001
1112,A0A226D3I0,/home/s241850073/igem2026/results/clipzyme_native_extension_v1/structures/af_v6/AF-A0A226D3I0-F1-model_v6.cif,0.99999994
1113,A0A226D6J8,/home/s241850073/igem2026/results/clipzyme_native_extension_v1/structures/af_v6/AF-A0A226D6J8-F1-model_v6.cif,1.0
1114,A0A226D8A1,/home/s241850073/igem2026/results/clipzyme_native_extension_v1/structures/af_v6/AF-A0A226D8A1-F1-model_v6.cif,0.99999994
1115,A0A226D920,/home/s241850073/igem2026/results/clipzyme_native_extension_v1/structures/af_v6/AF-A0A226D920-F1-model_v6.cif,1.0
1116,A0A226DD78,/home/s241850073/igem2026/results/clipzyme_native_extension_v1/structures/af_v6/AF-A0A226DD78-F1-model_v6.cif,0.99999994
1117,A0A226DR22,/home/s241850073/igem2026/results/clipzyme_native_extension_v1/structures/af_v6/AF-A0A226DR22-F1-model_v6.cif,0.99999994
1118,A0A226DVC0,/home/s241850073/igem2026/results/clipzyme_native_extension_v1/structures/af_v6/AF-A0A226DVC0-F1-model_v6.cif,1.0
1119,A0A226DWF1,/home/s241850073/igem2026/results/clipzyme_native_extension_v1/structures/af_v6/AF-A0A226DWF1-F1-model_v6.cif,1.0
1120,A0A226DX49,/home/s241850073/igem2026/results/clipzyme_native_extension_v1/structures/af_v6/AF-A0A226DX49-F1-model_v6.cif,1.0
1121,A0A226DXE5,/home/s241850073/igem2026/results/clipzyme_native_extension_v1/structures/af_v6/AF-A0A226DXE5-F1-model_v6.cif,0.99999994
1122,A0A226E8L9,/home/s241850073/igem2026/results/clipzyme_native_extension_v1/structures/af_v6/AF-A0A226E8L9-F1-model_v6.cif,0.99999994
1123,A0A226E9Q6,/home/s241850073/igem2026/results/clipzyme_native_extension_v1/structures/af_v6/AF-A0A226E9Q6-F1-model_v6.cif,1.0000001
1124,A0A226EA21,/home/s241850073/igem2026/results/clipzyme_native_extension_v1/structures/af_v6/AF-A0A226EA21-F1-model_v6.cif,1.0
1125,A0A226EB04,/home/s241850073/igem2026/results/clipzyme_native_extension_v1/structures/af_v6/AF-A0A226EB04-F1-model_v6.cif,0.99999994
1126,A0A226EPW8,/home/s241850073/igem2026/results/clipzyme_native_extension_v1/structures/af_v6/AF-A0A226EPW8-F1-model_v6.cif,1.0
1127,A0A226F190,/home/s241850073/igem2026/results/clipzyme_native_extension_v1/structures/af_v6/AF-A0A226F190-F1-model_v6.cif,1.0
1128,A0A226F1D5,/home/s241850073/igem2026/results/clipzyme_native_extension_v1/structures/af_v6/AF-A0A226F1D5-F1-model_v6.cif,0.9999999
1129,A0A229RH59,/home/s241850073/igem2026/results/clipzyme_native_extension_v1/structures/af_v6/AF-A0A229RH59-F1-model_v6.cif,1.0
1130,A0A229RL13,/home/s241850073/igem2026/results/clipzyme_native_extension_v1/structures/af_v6/AF-A0A229RL13-F1-model_v6.cif,0.9999999
1131,A0A229RMN0,/home/s241850073/igem2026/results/clipzyme_native_extension_v1/structures/af_v6/AF-A0A229RMN0-F1-model_v6.cif,0.99999994
1132,A0A229S5G9,/home/s241850073/igem2026/results/clipzyme_native_extension_v1/structures/af_v6/AF-A0A229S5G9-F1-model_v6.cif,0.99999994
1133,A0A229SHZ7,/home/s241850073/igem2026/results/clipzyme_native_extension_v1/structures/af_v6/AF-A0A229SHZ7-F1-model_v6.cif,1.0
1134,A0A229YJU0,/home/s241850073/igem2026/results/clipzyme_native_extension_v1/structures/af_v6/AF-A0A229YJU0-F1-model_v6.cif,1.0
1135,A0A231GWI5,/home/s241850073/igem2026/results/clipzyme_native_extension_v1/structures/af_v6/AF-A0A231GWI5-F1-model_v6.cif,0.99999994
1136,A0A232M6I7,/home/s241850073/igem2026/results/clipzyme_native_extension_v1/structures/af_v6/AF-A0A232M6I7-F1-model_v6.cif,1.0
1137,A0A238XKG6,/home/s241850073/igem2026/results/clipzyme_native_extension_v1/structures/af_v6/AF-A0A238XKG6-F1-model_v6.cif,1.0000001
1138,A0A238XLA9,/home/s241850073/igem2026/results/clipzyme_native_extension_v1/structures/af_v6/AF-A0A238XLA9-F1-model_v6.cif,0.99999994
1139,A0A239F2P2,/home/s241850073/igem2026/results/clipzyme_native_extension_v1/structures/af_v6/AF-A0A239F2P2-F1-model_v6.cif,1.0
1140,A0A239IB77,/home/s241850073/igem2026/results/clipzyme_native_extension_v1/structures/af_v6/AF-A0A239IB77-F1-model_v6.cif,1.0
1141,A0A250IBE0,/home/s241850073/igem2026/results/clipzyme_native_extension_v1/structures/af_v6/AF-A0A250IBE0-F1-model_v6.cif,1.0
1142,A0A250IH91,/home/s241850073/igem2026/results/clipzyme_native_extension_v1/structures/af_v6/AF-A0A250IH91-F1-model_v6.cif,1.0
1143,A0A250J6H4,/home/s241850073/igem2026/results/clipzyme_native_extension_v1/structures/af_v6/AF-A0A250J6H4-F1-model_v6.cif,1.0
1144,A0A251PJR8,/home/s241850073/igem2026/results/clipzyme_native_extension_v1/structures/af_v6/AF-A0A251PJR8-F1-model_v6.cif,1.0
1145,A0A251PJV0,/home/s241850073/igem2026/results/clipzyme_native_extension_v1/structures/af_v6/AF-A0A251PJV0-F1-model_v6.cif,0.99999994
1146,A0A251PN26,/home/s241850073/igem2026/results/clipzyme_native_extension_v1/structures/af_v6/AF-A0A251PN26-F1-model_v6.cif,0.99999994
1147,A0A251PPG3,/home/s241850073/igem2026/results/clipzyme_native_extension_v1/structures/af_v6/AF-A0A251PPG3-F1-model_v6.cif,1.0
1148,A0A251PQ23,/home/s241850073/igem2026/results/clipzyme_native_extension_v1/structures/af_v6/AF-A0A251PQ23-F1-model_v6.cif,1.0
1149,A0A251Q4L1,/home/s241850073/igem2026/results/clipzyme_native_extension_v1/structures/af_v6/AF-A0A251Q4L1-F1-model_v6.cif,1.0
1150,A0A251RL24,/home/s241850073/igem2026/results/clipzyme_native_extension_v1/structures/af_v6/AF-A0A251RL24-F1-model_v6.cif,1.0
1151,A0A251RZS6,/home/s241850073/igem2026/results/clipzyme_native_extension_v1/structures/af_v6/AF-A0A251RZS6-F1-model_v6.cif,1.0
1152,A0A251S1R6,/home/s241850073/igem2026/results/clipzyme_native_extension_v1/structures/af_v6/AF-A0A251S1R6-F1-model_v6.cif,1.0
1153,A0A251SE66,/home/s241850073/igem2026/results/clipzyme_native_extension_v1/structures/af_v6/AF-A0A251SE66-F1-model_v6.cif,1.0
1154,A0A251SEU0,/home/s241850073/igem2026/results/clipzyme_native_extension_v1/structures/af_v6/AF-A0A251SEU0-F1-model_v6.cif,1.0
1155,A0A251SR53,/home/s241850073/igem2026/results/clipzyme_native_extension_v1/structures/af_v6/AF-A0A251SR53-F1-model_v6.cif,1.0
1156,A0A251T920,/home/s241850073/igem2026/results/clipzyme_native_extension_v1/structures/af_v6/AF-A0A251T920-F1-model_v6.cif,1.0
1157,A0A251THZ2,/home/s241850073/igem2026/results/clipzyme_native_extension_v1/structures/af_v6/AF-A0A251THZ2-F1-model_v6.cif,1.0
1158,A0A251UKF2,/home/s241850073/igem2026/results/clipzyme_native_extension_v1/structures/af_v6/AF-A0A251UKF2-F1-model_v6.cif,0.99999994
1159,A0A251ULY5,/home/s241850073/igem2026/results/clipzyme_native_extension_v1/structures/af_v6/AF-A0A251ULY5-F1-model_v6.cif,0.99999994
1160,A0A251VFT9,/home/s241850073/igem2026/results/clipzyme_native_extension_v1/structures/af_v6/AF-A0A251VFT9-F1-model_v6.cif,1.0
1161,A0A251VL21,/home/s241850073/igem2026/results/clipzyme_native_extension_v1/structures/af_v6/AF-A0A251VL21-F1-model_v6.cif,1.0
1162,A0A251VL34,/home/s241850073/igem2026/results/clipzyme_native_extension_v1/structures/af_v6/AF-A0A251VL34-F1-model_v6.cif,1.0
1163,A0A251VLH9,/home/s241850073/igem2026/results/clipzyme_native_extension_v1/structures/af_v6/AF-A0A251VLH9-F1-model_v6.cif,1.0
1164,A0A251VN39,/home/s241850073/igem2026/results/clipzyme_native_extension_v1/structures/af_v6/AF-A0A251VN39-F1-model_v6.cif,0.99999994
1165,A0A251VNN1,/home/s241850073/igem2026/results/clipzyme_native_extension_v1/structures/af_v6/AF-A0A251VNN1-F1-model_v6.cif,0.99999994
1166,A0A261Y2K4,/home/s241850073/igem2026/results/clipzyme_native_extension_v1/structures/af_v6/AF-A0A261Y2K4-F1-model_v6.cif,1.0
1167,A0A284RP71,/home/s241850073/igem2026/results/clipzyme_native_extension_v1/structures/af_v6/AF-A0A284RP71-F1-model_v6.cif,1.0
1168,A0A284S671,/home/s241850073/igem2026/results/clipzyme_native_extension_v1/structures/af_v6/AF-A0A284S671-F1-model_v6.cif,0.99999994
1169,A0A284VIL0,/home/s241850073/igem2026/results/clipzyme_native_extension_v1/structures/af_v6/AF-A0A284VIL0-F1-model_v6.cif,1.0000001
1170,A0A285P562,/home/s241850073/igem2026/results/clipzyme_native_extension_v1/structures/af_v6/AF-A0A285P562-F1-model_v6.cif,1.0
1171,A0A286QZ39,/home/s241850073/igem2026/results/clipzyme_native_extension_v1/structures/af_v6/AF-A0A286QZ39-F1-model_v6.cif,0.99999994
1172,A0A286R624,/home/s241850073/igem2026/results/clipzyme_native_extension_v1/structures/af_v6/AF-A0A286R624-F1-model_v6.cif,1.0
1173,A0A286R637,/home/s241850073/igem2026/results/clipzyme_native_extension_v1/structures/af_v6/AF-A0A286R637-F1-model_v6.cif,0.99999994
1174,A0A286RAF5,/home/s241850073/igem2026/results/clipzyme_native_extension_v1/structures/af_v6/AF-A0A286RAF5-F1-model_v6.cif,1.0
1175,A0A286RCU8,/home/s241850073/igem2026/results/clipzyme_native_extension_v1/structures/af_v6/AF-A0A286RCU8-F1-model_v6.cif,1.0
1176,A0A286UBS3,/home/s241850073/igem2026/results/clipzyme_native_extension_v1/structures/af_v6/AF-A0A286UBS3-F1-model_v6.cif,0.99999994
1177,A0A286UBU4,/home/s241850073/igem2026/results/clipzyme_native_extension_v1/structures/af_v6/AF-A0A286UBU4-F1-model_v6.cif,1.0
1178,A0A286UI99,/home/s241850073/igem2026/results/clipzyme_native_extension_v1/structures/af_v6/AF-A0A286UI99-F1-model_v6.cif,0.99999994
1179,A0A286UIK5,/home/s241850073/igem2026/results/clipzyme_native_extension_v1/structures/af_v6/AF-A0A286UIK5-F1-model_v6.cif,1.0
1180,A0A286UIV9,/home/s241850073/igem2026/results/clipzyme_native_extension_v1/structures/af_v6/AF-A0A286UIV9-F1-model_v6.cif,1.0
1181,A0A286UK50,/home/s241850073/igem2026/results/clipzyme_native_extension_v1/structures/af_v6/AF-A0A286UK50-F1-model_v6.cif,1.0
1182,A0A286UKD7,/home/s241850073/igem2026/results/clipzyme_native_extension_v1/structures/af_v6/AF-A0A286UKD7-F1-model_v6.cif,1.0
1183,A0A286UVW1,/home/s241850073/igem2026/results/clipzyme_native_extension_v1/structures/af_v6/AF-A0A286UVW1-F1-model_v6.cif,1.0
1184,A0A287Q7R8,/home/s241850073/igem2026/results/clipzyme_native_extension_v1/structures/af_v6/AF-A0A287Q7R8-F1-model_v6.cif,1.0
1185,A0A290U6M3,/home/s241850073/igem2026/results/clipzyme_native_extension_v1/structures/af_v6/AF-A0A290U6M3-F1-model_v6.cif,1.0
1186,A0A290U6N1,/home/s241850073/igem2026/results/clipzyme_native_extension_v1/structures/af_v6/AF-A0A290U6N1-F1-model_v6.cif,1.0
1187,A0A290Z7W2,/home/s241850073/igem2026/results/clipzyme_native_extension_v1/structures/af_v6/AF-A0A290Z7W2-F1-model_v6.cif,1.0000001
1188,A0A291Q6S3,/home/s241850073/igem2026/results/clipzyme_native_extension_v1/structures/af_v6/AF-A0A291Q6S3-F1-model_v6.cif,0.99999994
1189,A0A291QEQ7,/home/s241850073/igem2026/results/clipzyme_native_extension_v1/structures/af_v6/AF-A0A291QEQ7-F1-model_v6.cif,1.0
1190,A0A291QQT1,/home/s241850073/igem2026/results/clipzyme_native_extension_v1/structures/af_v6/AF-A0A291QQT1-F1-model_v6.cif,1.0
1191,A0A291QRQ9,/home/s241850073/igem2026/results/clipzyme_native_extension_v1/structures/af_v6/AF-A0A291QRQ9-F1-model_v6.cif,1.0
1192,A0A291W3H0,/home/s241850073/igem2026/results/clipzyme_native_extension_v1/structures/af_v6/AF-A0A291W3H0-F1-model_v6.cif,1.0
1193,A0A292YBH2,/home/s241850073/igem2026/results/clipzyme_native_extension_v1/structures/af_v6/AF-A0A292YBH2-F1-model_v6.cif,1.0
1194,A0A2A2D5Q5,/home/s241850073/igem2026/results/clipzyme_native_extension_v1/structures/af_v6/AF-A0A2A2D5Q5-F1-model_v6.cif,1.0000001
1195,A0A2A2DBF2,/home/s241850073/igem2026/results/clipzyme_native_extension_v1/structures/af_v6/AF-A0A2A2DBF2-F1-model_v6.cif,0.99999994
1196,A0A2A2DEK8,/home/s241850073/igem2026/results/clipzyme_native_extension_v1/structures/af_v6/AF-A0A2A2DEK8-F1-model_v6.cif,0.99999994
1197,A0A2A2DEL4,/home/s241850073/igem2026/results/clipzyme_native_extension_v1/structures/af_v6/AF-A0A2A2DEL4-F1-model_v6.cif,1.0
1198,A0A2A2H6Q4,/home/s241850073/igem2026/results/clipzyme_native_extension_v1/structures/af_v6/AF-A0A2A2H6Q4-F1-model_v6.cif,1.0
1199,A0A2A2PFX6,/home/s241850073/igem2026/results/clipzyme_native_extension_v1/structures/af_v6/AF-A0A2A2PFX6-F1-model_v6.cif,1.0
1200,A0A2A6RL84,/home/s241850073/igem2026/results/clipzyme_native_extension_v1/structures/af_v6/AF-A0A2A6RL84-F1-model_v6.cif,1.0
1201,A0A2A9FIW7,/home/s241850073/igem2026/results/clipzyme_native_extension_v1/structures/af_v6/AF-A0A2A9FIW7-F1-model_v6.cif,1.0
1202,A0A2A9FJV1,/home/s241850073/igem2026/results/clipzyme_native_extension_v1/structures/af_v6/AF-A0A2A9FJV1-F1-model_v6.cif,1.0
1203,A0A2A9HE10,/home/s241850073/igem2026/results/clipzyme_native_extension_v1/structures/af_v6/AF-A0A2A9HE10-F1-model_v6.cif,1.0
1204,A0A2A9NBJ0,/home/s241850073/igem2026/results/clipzyme_native_extension_v1/structures/af_v6/AF-A0A2A9NBJ0-F1-model_v6.cif,1.0
1205,A0A2A9NI94,/home/s241850073/igem2026/results/clipzyme_native_extension_v1/structures/af_v6/AF-A0A2A9NI94-F1-model_v6.cif,1.0
1206,A0A2B7WV67,/home/s241850073/igem2026/results/clipzyme_native_extension_v1/structures/af_v6/AF-A0A2B7WV67-F1-model_v6.cif,0.99999994
1207,A0A2B7Y4Y1,/home/s241850073/igem2026/results/clipzyme_native_extension_v1/structures/af_v6/AF-A0A2B7Y4Y1-F1-model_v6.cif,1.0
1208,A0A2C5XYG0,/home/s241850073/igem2026/results/clipzyme_native_extension_v1/structures/af_v6/AF-A0A2C5XYG0-F1-model_v6.cif,0.99999994
1209,A0A2C5YJ70,/home/s241850073/igem2026/results/clipzyme_native_extension_v1/structures/af_v6/AF-A0A2C5YJ70-F1-model_v6.cif,1.0
1210,A0A2C5YJN9,/home/s241850073/igem2026/results/clipzyme_native_extension_v1/structures/af_v6/AF-A0A2C5YJN9-F1-model_v6.cif,1.0
1211,A0A2C5ZQT3,/home/s241850073/igem2026/results/clipzyme_native_extension_v1/structures/af_v6/AF-A0A2C5ZQT3-F1-model_v6.cif,1.0
1212,A0A2D0XJ06,/home/s241850073/igem2026/results/clipzyme_native_extension_v1/structures/af_v6/AF-A0A2D0XJ06-F1-model_v6.cif,0.99999994
1213,A0A2D1CM82,/home/s241850073/igem2026/results/clipzyme_native_extension_v1/structures/af_v6/AF-A0A2D1CM82-F1-model_v6.cif,0.99999994
1214,A0A2D3V374,/home/s241850073/igem2026/results/clipzyme_native_extension_v1/structures/af_v6/AF-A0A2D3V374-F1-model_v6.cif,0.99999994
1215,A0A2E1AC30,/home/s241850073/igem2026/results/clipzyme_native_extension_v1/structures/af_v6/AF-A0A2E1AC30-F1-model_v6.cif,0.99999994
1216,A0A2G1XL77,/home/s241850073/igem2026/results/clipzyme_native_extension_v1/structures/af_v6/AF-A0A2G1XL77-F1-model_v6.cif,1.0
1217,A0A2G2V785,/home/s241850073/igem2026/results/clipzyme_native_extension_v1/structures/af_v6/AF-A0A2G2V785-F1-model_v6.cif,0.99999994
1218,A0A2G2VB98,/home/s241850073/igem2026/results/clipzyme_native_extension_v1/structures/af_v6/AF-A0A2G2VB98-F1-model_v6.cif,1.0
1219,A0A2G2VCZ0,/home/s241850073/igem2026/results/clipzyme_native_extension_v1/structures/af_v6/AF-A0A2G2VCZ0-F1-model_v6.cif,1.0
1220,A0A2G2VCZ2,/home/s241850073/igem2026/results/clipzyme_native_extension_v1/structures/af_v6/AF-A0A2G2VCZ2-F1-model_v6.cif,1.0
1221,A0A2G2VER1,/home/s241850073/igem2026/results/clipzyme_native_extension_v1/structures/af_v6/AF-A0A2G2VER1-F1-model_v6.cif,1.0
1222,A0A2G2VES1,/home/s241850073/igem2026/results/clipzyme_native_extension_v1/structures/af_v6/AF-A0A2G2VES1-F1-model_v6.cif,1.0
1223,A0A2G2VES2,/home/s241850073/igem2026/results/clipzyme_native_extension_v1/structures/af_v6/AF-A0A2G2VES2-F1-model_v6.cif,1.0
1224,A0A2G2VEW3,/home/s241850073/igem2026/results/clipzyme_native_extension_v1/structures/af_v6/AF-A0A2G2VEW3-F1-model_v6.cif,0.99999994
1225,A0A2G2VEX0,/home/s241850073/igem2026/results/clipzyme_native_extension_v1/structures/af_v6/AF-A0A2G2VEX0-F1-model_v6.cif,0.99999994
1226,A0A2G2VGC6,/home/s241850073/igem2026/results/clipzyme_native_extension_v1/structures/af_v6/AF-A0A2G2VGC6-F1-model_v6.cif,0.99999994
1227,A0A2G2W898,/home/s241850073/igem2026/results/clipzyme_native_extension_v1/structures/af_v6/AF-A0A2G2W898-F1-model_v6.cif,1.0
1228,A0A2G2X1Z9,/home/s241850073/igem2026/results/clipzyme_native_extension_v1/structures/af_v6/AF-A0A2G2X1Z9-F1-model_v6.cif,1.0
1229,A0A2G2X265,/home/s241850073/igem2026/results/clipzyme_native_extension_v1/structures/af_v6/AF-A0A2G2X265-F1-model_v6.cif,1.0
1230,A0A2G2X280,/home/s241850073/igem2026/results/clipzyme_native_extension_v1/structures/af_v6/AF-A0A2G2X280-F1-model_v6.cif,1.0
1231,A0A2G2X2A7,/home/s241850073/igem2026/results/clipzyme_native_extension_v1/structures/af_v6/AF-A0A2G2X2A7-F1-model_v6.cif,0.9999999
1232,A0A2G2X347,/home/s241850073/igem2026/results/clipzyme_native_extension_v1/structures/af_v6/AF-A0A2G2X347-F1-model_v6.cif,1.0
1233,A0A2G2X465,/home/s241850073/igem2026/results/clipzyme_native_extension_v1/structures/af_v6/AF-A0A2G2X465-F1-model_v6.cif,1.0
1234,A0A2G2X6L9,/home/s241850073/igem2026/results/clipzyme_native_extension_v1/structures/af_v6/AF-A0A2G2X6L9-F1-model_v6.cif,0.99999994
1235,A0A2G2X6Q8,/home/s241850073/igem2026/results/clipzyme_native_extension_v1/structures/af_v6/AF-A0A2G2X6Q8-F1-model_v6.cif,1.0
1236,A0A2G2XCR9,/home/s241850073/igem2026/results/clipzyme_native_extension_v1/structures/af_v6/AF-A0A2G2XCR9-F1-model_v6.cif,0.99999994
1237,A0A2G2XLZ2,/home/s241850073/igem2026/results/clipzyme_native_extension_v1/structures/af_v6/AF-A0A2G2XLZ2-F1-model_v6.cif,0.99999994
1238,A0A2G2XMB3,/home/s241850073/igem2026/results/clipzyme_native_extension_v1/structures/af_v6/AF-A0A2G2XMB3-F1-model_v6.cif,1.0000001
1239,A0A2G2XN81,/home/s241850073/igem2026/results/clipzyme_native_extension_v1/structures/af_v6/AF-A0A2G2XN81-F1-model_v6.cif,0.99999994
1240,A0A2G2Y2X6,/home/s241850073/igem2026/results/clipzyme_native_extension_v1/structures/af_v6/AF-A0A2G2Y2X6-F1-model_v6.cif,0.99999994
1241,A0A2G2Y2Y4,/home/s241850073/igem2026/results/clipzyme_native_extension_v1/structures/af_v6/AF-A0A2G2Y2Y4-F1-model_v6.cif,1.0
1242,A0A2G2Y308,/home/s241850073/igem2026/results/clipzyme_native_extension_v1/structures/af_v6/AF-A0A2G2Y308-F1-model_v6.cif,0.99999994
1243,A0A2G2Y3G3,/home/s241850073/igem2026/results/clipzyme_native_extension_v1/structures/af_v6/AF-A0A2G2Y3G3-F1-model_v6.cif,1.0
1244,A0A2G2Y400,/home/s241850073/igem2026/results/clipzyme_native_extension_v1/structures/af_v6/AF-A0A2G2Y400-F1-model_v6.cif,1.0
1245,A0A2G2Y870,/home/s241850073/igem2026/results/clipzyme_native_extension_v1/structures/af_v6/AF-A0A2G2Y870-F1-model_v6.cif,1.0
1246,A0A2G2YJY2,/home/s241850073/igem2026/results/clipzyme_native_extension_v1/structures/af_v6/AF-A0A2G2YJY2-F1-model_v6.cif,0.99999994
1247,A0A2G2YUB5,/home/s241850073/igem2026/results/clipzyme_native_extension_v1/structures/af_v6/AF-A0A2G2YUB5-F1-model_v6.cif,0.99999994
1248,A0A2G2YUB6,/home/s241850073/igem2026/results/clipzyme_native_extension_v1/structures/af_v6/AF-A0A2G2YUB6-F1-model_v6.cif,1.0
1249,A0A2G2YUC0,/home/s241850073/igem2026/results/clipzyme_native_extension_v1/structures/af_v6/AF-A0A2G2YUC0-F1-model_v6.cif,1.0
1250,A0A2G2YUJ5,/home/s241850073/igem2026/results/clipzyme_native_extension_v1/structures/af_v6/AF-A0A2G2YUJ5-F1-model_v6.cif,1.0
1251,A0A2G2Z9V1,/home/s241850073/igem2026/results/clipzyme_native_extension_v1/structures/af_v6/AF-A0A2G2Z9V1-F1-model_v6.cif,1.0
1252,A0A2G2ZYL3,/home/s241850073/igem2026/results/clipzyme_native_extension_v1/structures/af_v6/AF-A0A2G2ZYL3-F1-model_v6.cif,1.0
1253,A0A2G3A6A7,/home/s241850073/igem2026/results/clipzyme_native_extension_v1/structures/af_v6/AF-A0A2G3A6A7-F1-model_v6.cif,1.0
1254,A0A2G3A6F0,/home/s241850073/igem2026/results/clipzyme_native_extension_v1/structures/af_v6/AF-A0A2G3A6F0-F1-model_v6.cif,0.99999994
1255,A0A2G3A8N6,/home/s241850073/igem2026/results/clipzyme_native_extension_v1/structures/af_v6/AF-A0A2G3A8N6-F1-model_v6.cif,1.0
1256,A0A2G3A8N9,/home/s241850073/igem2026/results/clipzyme_native_extension_v1/structures/af_v6/AF-A0A2G3A8N9-F1-model_v6.cif,1.0
1257,A0A2G3A8P2,/home/s241850073/igem2026/results/clipzyme_native_extension_v1/structures/af_v6/AF-A0A2G3A8P2-F1-model_v6.cif,1.0
1258,A0A2G3AGN5,/home/s241850073/igem2026/results/clipzyme_native_extension_v1/structures/af_v6/AF-A0A2G3AGN5-F1-model_v6.cif,1.0
1259,A0A2G3AHP6,/home/s241850073/igem2026/results/clipzyme_native_extension_v1/structures/af_v6/AF-A0A2G3AHP6-F1-model_v6.cif,0.99999994
1260,A0A2G5CRZ8,/home/s241850073/igem2026/results/clipzyme_native_extension_v1/structures/af_v6/AF-A0A2G5CRZ8-F1-model_v6.cif,1.0
1261,A0A2G5CSW7,/home/s241850073/igem2026/results/clipzyme_native_extension_v1/structures/af_v6/AF-A0A2G5CSW7-F1-model_v6.cif,1.0
1262,A0A2G5D1D6,/home/s241850073/igem2026/results/clipzyme_native_extension_v1/structures/af_v6/AF-A0A2G5D1D6-F1-model_v6.cif,0.99999994
1263,A0A2G5D441,/home/s241850073/igem2026/results/clipzyme_native_extension_v1/structures/af_v6/AF-A0A2G5D441-F1-model_v6.cif,1.0000001
1264,A0A2G5D465,/home/s241850073/igem2026/results/clipzyme_native_extension_v1/structures/af_v6/AF-A0A2G5D465-F1-model_v6.cif,0.9999999
1265,A0A2G5D4L7,/home/s241850073/igem2026/results/clipzyme_native_extension_v1/structures/af_v6/AF-A0A2G5D4L7-F1-model_v6.cif,0.99999994
1266,A0A2G5DJG5,/home/s241850073/igem2026/results/clipzyme_native_extension_v1/structures/af_v6/AF-A0A2G5DJG5-F1-model_v6.cif,0.99999994
1267,A0A2G5DK78,/home/s241850073/igem2026/results/clipzyme_native_extension_v1/structures/af_v6/AF-A0A2G5DK78-F1-model_v6.cif,0.99999994
1268,A0A2G5DK82,/home/s241850073/igem2026/results/clipzyme_native_extension_v1/structures/af_v6/AF-A0A2G5DK82-F1-model_v6.cif,1.0
1269,A0A2G5DPR1,/home/s241850073/igem2026/results/clipzyme_native_extension_v1/structures/af_v6/AF-A0A2G5DPR1-F1-model_v6.cif,0.9999999
1270,A0A2G5DQL1,/home/s241850073/igem2026/results/clipzyme_native_extension_v1/structures/af_v6/AF-A0A2G5DQL1-F1-model_v6.cif,1.0
1271,A0A2G5EHZ3,/home/s241850073/igem2026/results/clipzyme_native_extension_v1/structures/af_v6/AF-A0A2G5EHZ3-F1-model_v6.cif,1.0
1272,A0A2G5ERT0,/home/s241850073/igem2026/results/clipzyme_native_extension_v1/structures/af_v6/AF-A0A2G5ERT0-F1-model_v6.cif,1.0
1273,A0A2G5HJW1,/home/s241850073/igem2026/results/clipzyme_native_extension_v1/structures/af_v6/AF-A0A2G5HJW1-F1-model_v6.cif,1.0
1274,A0A2G5HNT3,/home/s241850073/igem2026/results/clipzyme_native_extension_v1/structures/af_v6/AF-A0A2G5HNT3-F1-model_v6.cif,1.0
1275,A0A2G5HUE4,/home/s241850073/igem2026/results/clipzyme_native_extension_v1/structures/af_v6/AF-A0A2G5HUE4-F1-model_v6.cif,0.99999994
1276,A0A2G7FFA1,/home/s241850073/igem2026/results/clipzyme_native_extension_v1/structures/af_v6/AF-A0A2G7FFA1-F1-model_v6.cif,0.99999994
1277,A0A2G7FN01,/home/s241850073/igem2026/results/clipzyme_native_extension_v1/structures/af_v6/AF-A0A2G7FN01-F1-model_v6.cif,1.0
1278,A0A2G8RLL9,/home/s241850073/igem2026/results/clipzyme_native_extension_v1/structures/af_v6/AF-A0A2G8RLL9-F1-model_v6.cif,1.0
1279,A0A2G8RVN8,/home/s241850073/igem2026/results/clipzyme_native_extension_v1/structures/af_v6/AF-A0A2G8RVN8-F1-model_v6.cif,1.0
1280,A0A2G8S3W6,/home/s241850073/igem2026/results/clipzyme_native_extension_v1/structures/af_v6/AF-A0A2G8S3W6-F1-model_v6.cif,1.0
1281,A0A2G8SVA7,/home/s241850073/igem2026/results/clipzyme_native_extension_v1/structures/af_v6/AF-A0A2G8SVA7-F1-model_v6.cif,0.99999994
1282,A0A2G8SVV7,/home/s241850073/igem2026/results/clipzyme_native_extension_v1/structures/af_v6/AF-A0A2G8SVV7-F1-model_v6.cif,1.0
1283,A0A2G9FW61,/home/s241850073/igem2026/results/clipzyme_native_extension_v1/structures/af_v6/AF-A0A2G9FW61-F1-model_v6.cif,1.0
1284,A0A2G9FW84,/home/s241850073/igem2026/results/clipzyme_native_extension_v1/structures/af_v6/AF-A0A2G9FW84-F1-model_v6.cif,0.99999994
1285,A0A2G9FWM3,/home/s241850073/igem2026/results/clipzyme_native_extension_v1/structures/af_v6/AF-A0A2G9FWM3-F1-model_v6.cif,1.0
1286,A0A2G9FWQ7,/home/s241850073/igem2026/results/clipzyme_native_extension_v1/structures/af_v6/AF-A0A2G9FWQ7-F1-model_v6.cif,0.99999994
1287,A0A2G9FWX1,/home/s241850073/igem2026/results/clipzyme_native_extension_v1/structures/af_v6/AF-A0A2G9FWX1-F1-model_v6.cif,1.0
1288,A0A2G9FXZ9,/home/s241850073/igem2026/results/clipzyme_native_extension_v1/structures/af_v6/AF-A0A2G9FXZ9-F1-model_v6.cif,1.0
1289,A0A2G9FZB1,/home/s241850073/igem2026/results/clipzyme_native_extension_v1/structures/af_v6/AF-A0A2G9FZB1-F1-model_v6.cif,1.0
1290,A0A2G9G2C3,/home/s241850073/igem2026/results/clipzyme_native_extension_v1/structures/af_v6/AF-A0A2G9G2C3-F1-model_v6.cif,0.99999994
1291,A0A2G9G4P5,/home/s241850073/igem2026/results/clipzyme_native_extension_v1/structures/af_v6/AF-A0A2G9G4P5-F1-model_v6.cif,0.99999994
1292,A0A2G9G6P3,/home/s241850073/igem2026/results/clipzyme_native_extension_v1/structures/af_v6/AF-A0A2G9G6P3-F1-model_v6.cif,1.0
1293,A0A2G9G8D1,/home/s241850073/igem2026/results/clipzyme_native_extension_v1/structures/af_v6/AF-A0A2G9G8D1-F1-model_v6.cif,1.0
1294,A0A2G9GAS5,/home/s241850073/igem2026/results/clipzyme_native_extension_v1/structures/af_v6/AF-A0A2G9GAS5-F1-model_v6.cif,1.0
1295,A0A2G9GC66,/home/s241850073/igem2026/results/clipzyme_native_extension_v1/structures/af_v6/AF-A0A2G9GC66-F1-model_v6.cif,1.0
1296,A0A2G9GQ31,/home/s241850073/igem2026/results/clipzyme_native_extension_v1/structures/af_v6/AF-A0A2G9GQ31-F1-model_v6.cif,1.0
1297,A0A2G9HRE5,/home/s241850073/igem2026/results/clipzyme_native_extension_v1/structures/af_v6/AF-A0A2G9HRE5-F1-model_v6.cif,1.0
1298,A0A2G9HSG2,/home/s241850073/igem2026/results/clipzyme_native_extension_v1/structures/af_v6/AF-A0A2G9HSG2-F1-model_v6.cif,1.0
1299,A0A2G9HT32,/home/s241850073/igem2026/results/clipzyme_native_extension_v1/structures/af_v6/AF-A0A2G9HT32-F1-model_v6.cif,1.0
1300,A0A2G9HTP3,/home/s241850073/igem2026/results/clipzyme_native_extension_v1/structures/af_v6/AF-A0A2G9HTP3-F1-model_v6.cif,1.0
1301,A0A2H3BKD8,/home/s241850073/igem2026/results/clipzyme_native_extension_v1/structures/af_v6/AF-A0A2H3BKD8-F1-model_v6.cif,0.99999994
1302,A0A2H3DKU3,/home/s241850073/igem2026/results/clipzyme_native_extension_v1/structures/af_v6/AF-A0A2H3DKU3-F1-model_v6.cif,0.99999994
1303,A0A2H3DQV4,/home/s241850073/igem2026/results/clipzyme_native_extension_v1/structures/af_v6/AF-A0A2H3DQV4-F1-model_v6.cif,0.99999994
1304,A0A2H3DUF9,/home/s241850073/igem2026/results/clipzyme_native_extension_v1/structures/af_v6/AF-A0A2H3DUF9-F1-model_v6.cif,1.0
1305,A0A2H3E1S5,/home/s241850073/igem2026/results/clipzyme_native_extension_v1/structures/af_v6/AF-A0A2H3E1S5-F1-model_v6.cif,1.0
1306,A0A2H3JR23,/home/s241850073/igem2026/results/clipzyme_native_extension_v1/structures/af_v6/AF-A0A2H3JR23-F1-model_v6.cif,1.0
1307,A0A2H3JX57,/home/s241850073/igem2026/results/clipzyme_native_extension_v1/structures/af_v6/AF-A0A2H3JX57-F1-model_v6.cif,0.99999994
1308,A0A2H4R3S6,/home/s241850073/igem2026/results/clipzyme_native_extension_v1/structures/af_v6/AF-A0A2H4R3S6-F1-model_v6.cif,0.99999994
1309,A0A2H5MUU2,/home/s241850073/igem2026/results/clipzyme_native_extension_v1/structures/af_v6/AF-A0A2H5MUU2-F1-model_v6.cif,1.0
1310,A0A2H5MVJ3,/home/s241850073/igem2026/results/clipzyme_native_extension_v1/structures/af_v6/AF-A0A2H5MVJ3-F1-model_v6.cif,1.0
1311,A0A2H5PC36,/home/s241850073/igem2026/results/clipzyme_native_extension_v1/structures/af_v6/AF-A0A2H5PC36-F1-model_v6.cif,1.0
1312,A0A2H5PWA4,/home/s241850073/igem2026/results/clipzyme_native_extension_v1/structures/af_v6/AF-A0A2H5PWA4-F1-model_v6.cif,1.0
1313,A0A2H5Q857,/home/s241850073/igem2026/results/clipzyme_native_extension_v1/structures/af_v6/AF-A0A2H5Q857-F1-model_v6.cif,1.0
1314,A0A2H5Q968,/home/s241850073/igem2026/results/clipzyme_native_extension_v1/structures/af_v6/AF-A0A2H5Q968-F1-model_v6.cif,1.0
1315,A0A2H5QFF4,/home/s241850073/igem2026/results/clipzyme_native_extension_v1/structures/af_v6/AF-A0A2H5QFF4-F1-model_v6.cif,1.0
1316,A0A2H5QFG5,/home/s241850073/igem2026/results/clipzyme_native_extension_v1/structures/af_v6/AF-A0A2H5QFG5-F1-model_v6.cif,0.99999994
1317,A0A2H5QKL6,/home/s241850073/igem2026/results/clipzyme_native_extension_v1/structures/af_v6/AF-A0A2H5QKL6-F1-model_v6.cif,1.0
1318,A0A2H5QKQ3,/home/s241850073/igem2026/results/clipzyme_native_extension_v1/structures/af_v6/AF-A0A2H5QKQ3-F1-model_v6.cif,0.99999994
1319,A0A2H5QKQ6,/home/s241850073/igem2026/results/clipzyme_native_extension_v1/structures/af_v6/AF-A0A2H5QKQ6-F1-model_v6.cif,1.0
1320,A0A2H5QQC2,/home/s241850073/igem2026/results/clipzyme_native_extension_v1/structures/af_v6/AF-A0A2H5QQC2-F1-model_v6.cif,0.99999994
1321,A0A2I0B0V2,/home/s241850073/igem2026/results/clipzyme_native_extension_v1/structures/af_v6/AF-A0A2I0B0V2-F1-model_v6.cif,1.0
1322,A0A2I0HP53,/home/s241850073/igem2026/results/clipzyme_native_extension_v1/structures/af_v6/AF-A0A2I0HP53-F1-model_v6.cif,1.0
1323,A0A2I0HUJ3,/home/s241850073/igem2026/results/clipzyme_native_extension_v1/structures/af_v6/AF-A0A2I0HUJ3-F1-model_v6.cif,0.99999994
1324,A0A2I0IQ70,/home/s241850073/igem2026/results/clipzyme_native_extension_v1/structures/af_v6/AF-A0A2I0IQ70-F1-model_v6.cif,1.0
1325,A0A2I0IQZ0,/home/s241850073/igem2026/results/clipzyme_native_extension_v1/structures/af_v6/AF-A0A2I0IQZ0-F1-model_v6.cif,1.0
1326,A0A2I0IQZ7,/home/s241850073/igem2026/results/clipzyme_native_extension_v1/structures/af_v6/AF-A0A2I0IQZ7-F1-model_v6.cif,0.99999994
1327,A0A2I0IR15,/home/s241850073/igem2026/results/clipzyme_native_extension_v1/structures/af_v6/AF-A0A2I0IR15-F1-model_v6.cif,1.0
1328,A0A2I0JC59,/home/s241850073/igem2026/results/clipzyme_native_extension_v1/structures/af_v6/AF-A0A2I0JC59-F1-model_v6.cif,1.0
1329,A0A2I0JHT1,/home/s241850073/igem2026/results/clipzyme_native_extension_v1/structures/af_v6/AF-A0A2I0JHT1-F1-model_v6.cif,0.99999994
1330,A0A2I0JKX4,/home/s241850073/igem2026/results/clipzyme_native_extension_v1/structures/af_v6/AF-A0A2I0JKX4-F1-model_v6.cif,1.0
1331,A0A2I0JZH8,/home/s241850073/igem2026/results/clipzyme_native_extension_v1/structures/af_v6/AF-A0A2I0JZH8-F1-model_v6.cif,1.0
1332,A0A2I0K0M5,/home/s241850073/igem2026/results/clipzyme_native_extension_v1/structures/af_v6/AF-A0A2I0K0M5-F1-model_v6.cif,1.0
1333,A0A2I0KGJ6,/home/s241850073/igem2026/results/clipzyme_native_extension_v1/structures/af_v6/AF-A0A2I0KGJ6-F1-model_v6.cif,0.99999994
1334,A0A2I0KPZ0,/home/s241850073/igem2026/results/clipzyme_native_extension_v1/structures/af_v6/AF-A0A2I0KPZ0-F1-model_v6.cif,1.0
1335,A0A2I0KWX1,/home/s241850073/igem2026/results/clipzyme_native_extension_v1/structures/af_v6/AF-A0A2I0KWX1-F1-model_v6.cif,0.99999994
1336,A0A2I0VWL0,/home/s241850073/igem2026/results/clipzyme_native_extension_v1/structures/af_v6/AF-A0A2I0VWL0-F1-model_v6.cif,1.0
1337,A0A2I0W263,/home/s241850073/igem2026/results/clipzyme_native_extension_v1/structures/af_v6/AF-A0A2I0W263-F1-model_v6.cif,0.99999994
1338,A0A2I0W266,/home/s241850073/igem2026/results/clipzyme_native_extension_v1/structures/af_v6/AF-A0A2I0W266-F1-model_v6.cif,0.99999994
1339,A0A2I0W2T3,/home/s241850073/igem2026/results/clipzyme_native_extension_v1/structures/af_v6/AF-A0A2I0W2T3-F1-model_v6.cif,1.0
1340,A0A2I0WJ61,/home/s241850073/igem2026/results/clipzyme_native_extension_v1/structures/af_v6/AF-A0A2I0WJ61-F1-model_v6.cif,1.0
1341,A0A2I0WRR8,/home/s241850073/igem2026/results/clipzyme_native_extension_v1/structures/af_v6/AF-A0A2I0WRR8-F1-model_v6.cif,0.99999994
1342,A0A2I0WUS6,/home/s241850073/igem2026/results/clipzyme_native_extension_v1/structures/af_v6/AF-A0A2I0WUS6-F1-model_v6.cif,0.99999994
1343,A0A2I0XGD5,/home/s241850073/igem2026/results/clipzyme_native_extension_v1/structures/af_v6/AF-A0A2I0XGD5-F1-model_v6.cif,1.0
1344,A0A2I1CEB4,/home/s241850073/igem2026/results/clipzyme_native_extension_v1/structures/af_v6/AF-A0A2I1CEB4-F1-model_v6.cif,1.0
1345,A0A2I1CXS7,/home/s241850073/igem2026/results/clipzyme_native_extension_v1/structures/af_v6/AF-A0A2I1CXS7-F1-model_v6.cif,0.99999994
1346,A0A2I1D2M7,/home/s241850073/igem2026/results/clipzyme_native_extension_v1/structures/af_v6/AF-A0A2I1D2M7-F1-model_v6.cif,1.0
1347,A0A2I2F6X8,/home/s241850073/igem2026/results/clipzyme_native_extension_v1/structures/af_v6/AF-A0A2I2F6X8-F1-model_v6.cif,1.0
1348,A0A2I2FTZ0,/home/s241850073/igem2026/results/clipzyme_native_extension_v1/structures/af_v6/AF-A0A2I2FTZ0-F1-model_v6.cif,1.0
1349,A0A2I2G1E0,/home/s241850073/igem2026/results/clipzyme_native_extension_v1/structures/af_v6/AF-A0A2I2G1E0-F1-model_v6.cif,0.99999994
1350,A0A2I2GLK2,/home/s241850073/igem2026/results/clipzyme_native_extension_v1/structures/af_v6/AF-A0A2I2GLK2-F1-model_v6.cif,1.0
1351,A0A2I2GM62,/home/s241850073/igem2026/results/clipzyme_native_extension_v1/structures/af_v6/AF-A0A2I2GM62-F1-model_v6.cif,1.0
1352,A0A2I2GPV3,/home/s241850073/igem2026/results/clipzyme_native_extension_v1/structures/af_v6/AF-A0A2I2GPV3-F1-model_v6.cif,1.0
1353,A0A2I2GPW5,/home/s241850073/igem2026/results/clipzyme_native_extension_v1/structures/af_v6/AF-A0A2I2GPW5-F1-model_v6.cif,0.99999994
1354,A0A2I2MQ11,/home/s241850073/igem2026/results/clipzyme_native_extension_v1/structures/af_v6/AF-A0A2I2MQ11-F1-model_v6.cif,0.99999994
1355,A0A2J6PXA6,/home/s241850073/igem2026/results/clipzyme_native_extension_v1/structures/af_v6/AF-A0A2J6PXA6-F1-model_v6.cif,1.0
1356,A0A2J8AJL4,/home/s241850073/igem2026/results/clipzyme_native_extension_v1/structures/af_v6/AF-A0A2J8AJL4-F1-model_v6.cif,1.0
1357,A0A2K0UQ78,/home/s241850073/igem2026/results/clipzyme_native_extension_v1/structures/af_v6/AF-A0A2K0UQ78-F1-model_v6.cif,0.99999994
1358,A0A2K0VTK4,/home/s241850073/igem2026/results/clipzyme_native_extension_v1/structures/af_v6/AF-A0A2K0VTK4-F1-model_v6.cif,1.0
1359,A0A2K0W406,/home/s241850073/igem2026/results/clipzyme_native_extension_v1/structures/af_v6/AF-A0A2K0W406-F1-model_v6.cif,1.0
1360,A0A2K0WRZ5,/home/s241850073/igem2026/results/clipzyme_native_extension_v1/structures/af_v6/AF-A0A2K0WRZ5-F1-model_v6.cif,1.0
1361,A0A2K1IW25,/home/s241850073/igem2026/results/clipzyme_native_extension_v1/structures/af_v6/AF-A0A2K1IW25-F1-model_v6.cif,1.0
1362,A0A2K1WMK9,/home/s241850073/igem2026/results/clipzyme_native_extension_v1/structures/af_v6/AF-A0A2K1WMK9-F1-model_v6.cif,0.99999994
1363,A0A2K1YJN7,/home/s241850073/igem2026/results/clipzyme_native_extension_v1/structures/af_v6/AF-A0A2K1YJN7-F1-model_v6.cif,0.99999994
1364,A0A2K2CEW5,/home/s241850073/igem2026/results/clipzyme_native_extension_v1/structures/af_v6/AF-A0A2K2CEW5-F1-model_v6.cif,1.0
1365,A0A2K2CEW9,/home/s241850073/igem2026/results/clipzyme_native_extension_v1/structures/af_v6/AF-A0A2K2CEW9-F1-model_v6.cif,1.0
1366,A0A2K8UJH0,/home/s241850073/igem2026/results/clipzyme_native_extension_v1/structures/af_v6/AF-A0A2K8UJH0-F1-model_v6.cif,1.0
1367,A0A2L0V4M1,/home/s241850073/igem2026/results/clipzyme_native_extension_v1/structures/af_v6/AF-A0A2L0V4M1-F1-model_v6.cif,1.0
1368,A0A2L0V4N8,/home/s241850073/igem2026/results/clipzyme_native_extension_v1/structures/af_v6/AF-A0A2L0V4N8-F1-model_v6.cif,1.0
1369,A0A2L2T320,/home/s241850073/igem2026/results/clipzyme_native_extension_v1/structures/af_v6/AF-A0A2L2T320-F1-model_v6.cif,1.0
1370,A0A2L2T4C0,/home/s241850073/igem2026/results/clipzyme_native_extension_v1/structures/af_v6/AF-A0A2L2T4C0-F1-model_v6.cif,1.0
1371,A0A2L2TL19,/home/s241850073/igem2026/results/clipzyme_native_extension_v1/structures/af_v6/AF-A0A2L2TL19-F1-model_v6.cif,1.0
1372,A0A2N3HU38,/home/s241850073/igem2026/results/clipzyme_native_extension_v1/structures/af_v6/AF-A0A2N3HU38-F1-model_v6.cif,0.9999999
1373,A0A2N3XWI2,/home/s241850073/igem2026/results/clipzyme_native_extension_v1/structures/af_v6/AF-A0A2N3XWI2-F1-model_v6.cif,1.0
1374,A0A2N3XWI4,/home/s241850073/igem2026/results/clipzyme_native_extension_v1/structures/af_v6/AF-A0A2N3XWI4-F1-model_v6.cif,1.0
1375,A0A2N3Y098,/home/s241850073/igem2026/results/clipzyme_native_extension_v1/structures/af_v6/AF-A0A2N3Y098-F1-model_v6.cif,1.0
1376,A0A2N3Y5N7,/home/s241850073/igem2026/results/clipzyme_native_extension_v1/structures/af_v6/AF-A0A2N3Y5N7-F1-model_v6.cif,1.0
1377,A0A2N6JFX7,/home/s241850073/igem2026/results/clipzyme_native_extension_v1/structures/af_v6/AF-A0A2N6JFX7-F1-model_v6.cif,0.99999994
1378,A0A2N8P7S1,/home/s241850073/igem2026/results/clipzyme_native_extension_v1/structures/af_v6/AF-A0A2N8P7S1-F1-model_v6.cif,1.0
1379,A0A2N8PGL1,/home/s241850073/igem2026/results/clipzyme_native_extension_v1/structures/af_v6/AF-A0A2N8PGL1-F1-model_v6.cif,1.0
1380,A0A2N9BKY0,/home/s241850073/igem2026/results/clipzyme_native_extension_v1/structures/af_v6/AF-A0A2N9BKY0-F1-model_v6.cif,1.0
1381,A0A2P1ED40,/home/s241850073/igem2026/results/clipzyme_native_extension_v1/structures/af_v6/AF-A0A2P1ED40-F1-model_v6.cif,1.0
1382,A0A2P2FZ78,/home/s241850073/igem2026/results/clipzyme_native_extension_v1/structures/af_v6/AF-A0A2P2FZ78-F1-model_v6.cif,1.0
1383,A0A2P2GK84,/home/s241850073/igem2026/results/clipzyme_native_extension_v1/structures/af_v6/AF-A0A2P2GK84-F1-model_v6.cif,0.99999994
1384,A0A2P4UF20,/home/s241850073/igem2026/results/clipzyme_native_extension_v1/structures/af_v6/AF-A0A2P4UF20-F1-model_v6.cif,1.0
1385,A0A2P4UK99,/home/s241850073/igem2026/results/clipzyme_native_extension_v1/structures/af_v6/AF-A0A2P4UK99-F1-model_v6.cif,1.0
1386,A0A2P4UQM5,/home/s241850073/igem2026/results/clipzyme_native_extension_v1/structures/af_v6/AF-A0A2P4UQM5-F1-model_v6.cif,1.0
1387,A0A2P4UQN0,/home/s241850073/igem2026/results/clipzyme_native_extension_v1/structures/af_v6/AF-A0A2P4UQN0-F1-model_v6.cif,1.0
1388,A0A2P5AY82,/home/s241850073/igem2026/results/clipzyme_native_extension_v1/structures/af_v6/AF-A0A2P5AY82-F1-model_v6.cif,0.99999994
1389,A0A2P5BT10,/home/s241850073/igem2026/results/clipzyme_native_extension_v1/structures/af_v6/AF-A0A2P5BT10-F1-model_v6.cif,0.99999994
1390,A0A2P5C456,/home/s241850073/igem2026/results/clipzyme_native_extension_v1/structures/af_v6/AF-A0A2P5C456-F1-model_v6.cif,0.99999994
1391,A0A2P5C4G9,/home/s241850073/igem2026/results/clipzyme_native_extension_v1/structures/af_v6/AF-A0A2P5C4G9-F1-model_v6.cif,1.0
1392,A0A2P5CK80,/home/s241850073/igem2026/results/clipzyme_native_extension_v1/structures/af_v6/AF-A0A2P5CK80-F1-model_v6.cif,1.0
1393,A0A2P5CUT9,/home/s241850073/igem2026/results/clipzyme_native_extension_v1/structures/af_v6/AF-A0A2P5CUT9-F1-model_v6.cif,0.99999994
1394,A0A2P5CUU0,/home/s241850073/igem2026/results/clipzyme_native_extension_v1/structures/af_v6/AF-A0A2P5CUU0-F1-model_v6.cif,1.0
1395,A0A2P5E765,/home/s241850073/igem2026/results/clipzyme_native_extension_v1/structures/af_v6/AF-A0A2P5E765-F1-model_v6.cif,1.0
1396,A0A2P5EAT5,/home/s241850073/igem2026/results/clipzyme_native_extension_v1/structures/af_v6/AF-A0A2P5EAT5-F1-model_v6.cif,1.0
1397,A0A2P5EAX1,/home/s241850073/igem2026/results/clipzyme_native_extension_v1/structures/af_v6/AF-A0A2P5EAX1-F1-model_v6.cif,0.99999994
1398,A0A2P5EXE0,/home/s241850073/igem2026/results/clipzyme_native_extension_v1/structures/af_v6/AF-A0A2P5EXE0-F1-model_v6.cif,1.0000001
1399,A0A2P5FBL9,/home/s241850073/igem2026/results/clipzyme_native_extension_v1/structures/af_v6/AF-A0A2P5FBL9-F1-model_v6.cif,0.99999994
1400,A0A2P5HJI8,/home/s241850073/igem2026/results/clipzyme_native_extension_v1/structures/af_v6/AF-A0A2P5HJI8-F1-model_v6.cif,1.0
1401,A0A2P5HV80,/home/s241850073/igem2026/results/clipzyme_native_extension_v1/structures/af_v6/AF-A0A2P5HV80-F1-model_v6.cif,0.99999994
1402,A0A2P6MHT4,/home/s241850073/igem2026/results/clipzyme_native_extension_v1/structures/af_v6/AF-A0A2P6MHT4-F1-model_v6.cif,1.0
1403,A0A2P6MHU9,/home/s241850073/igem2026/results/clipzyme_native_extension_v1/structures/af_v6/AF-A0A2P6MHU9-F1-model_v6.cif,1.0
1404,A0A2P6MHY1,/home/s241850073/igem2026/results/clipzyme_native_extension_v1/structures/af_v6/AF-A0A2P6MHY1-F1-model_v6.cif,0.99999994
1405,A0A2P6PJC4,/home/s241850073/igem2026/results/clipzyme_native_extension_v1/structures/af_v6/AF-A0A2P6PJC4-F1-model_v6.cif,1.0
1406,A0A2P6Q9J5,/home/s241850073/igem2026/results/clipzyme_native_extension_v1/structures/af_v6/AF-A0A2P6Q9J5-F1-model_v6.cif,0.99999994
1407,A0A2P6Q9K0,/home/s241850073/igem2026/results/clipzyme_native_extension_v1/structures/af_v6/AF-A0A2P6Q9K0-F1-model_v6.cif,1.0
1408,A0A2P6QBR7,/home/s241850073/igem2026/results/clipzyme_native_extension_v1/structures/af_v6/AF-A0A2P6QBR7-F1-model_v6.cif,1.0
1409,A0A2P6QHM0,/home/s241850073/igem2026/results/clipzyme_native_extension_v1/structures/af_v6/AF-A0A2P6QHM0-F1-model_v6.cif,1.0
1410,A0A2P6RZF8,/home/s241850073/igem2026/results/clipzyme_native_extension_v1/structures/af_v6/AF-A0A2P6RZF8-F1-model_v6.cif,1.0
1411,A0A2P6S2H0,/home/s241850073/igem2026/results/clipzyme_native_extension_v1/structures/af_v6/AF-A0A2P6S2H0-F1-model_v6.cif,1.0
1412,A0A2P6S2H9,/home/s241850073/igem2026/results/clipzyme_native_extension_v1/structures/af_v6/AF-A0A2P6S2H9-F1-model_v6.cif,1.0
1413,A0A2P6S2I2,/home/s241850073/igem2026/results/clipzyme_native_extension_v1/structures/af_v6/AF-A0A2P6S2I2-F1-model_v6.cif,0.99999994
1414,A0A2P6SA89,/home/s241850073/igem2026/results/clipzyme_native_extension_v1/structures/af_v6/AF-A0A2P6SA89-F1-model_v6.cif,1.0
1415,A0A2P6SAA2,/home/s241850073/igem2026/results/clipzyme_native_extension_v1/structures/af_v6/AF-A0A2P6SAA2-F1-model_v6.cif,1.0
1416,A0A2P6SBG1,/home/s241850073/igem2026/results/clipzyme_native_extension_v1/structures/af_v6/AF-A0A2P6SBG1-F1-model_v6.cif,0.99999994
1417,A0A2P8DVK4,/home/s241850073/igem2026/results/clipzyme_native_extension_v1/structures/af_v6/AF-A0A2P8DVK4-F1-model_v6.cif,1.0
1418,A0A2P8E0T7,/home/s241850073/igem2026/results/clipzyme_native_extension_v1/structures/af_v6/AF-A0A2P8E0T7-F1-model_v6.cif,1.0
1419,A0A2P8IFL1,/home/s241850073/igem2026/results/clipzyme_native_extension_v1/structures/af_v6/AF-A0A2P8IFL1-F1-model_v6.cif,1.0
1420,A0A2R4MJB5,/home/s241850073/igem2026/results/clipzyme_native_extension_v1/structures/af_v6/AF-A0A2R4MJB5-F1-model_v6.cif,1.0
1421,A0A2R4SXM2,/home/s241850073/igem2026/results/clipzyme_native_extension_v1/structures/af_v6/AF-A0A2R4SXM2-F1-model_v6.cif,1.0
1422,A0A2R4TC73,/home/s241850073/igem2026/results/clipzyme_native_extension_v1/structures/af_v6/AF-A0A2R4TC73-F1-model_v6.cif,1.0
1423,A0A2R6NQ11,/home/s241850073/igem2026/results/clipzyme_native_extension_v1/structures/af_v6/AF-A0A2R6NQ11-F1-model_v6.cif,1.0
1424,A0A2R6P185,/home/s241850073/igem2026/results/clipzyme_native_extension_v1/structures/af_v6/AF-A0A2R6P185-F1-model_v6.cif,1.0
1425,A0A2R6P2P1,/home/s241850073/igem2026/results/clipzyme_native_extension_v1/structures/af_v6/AF-A0A2R6P2P1-F1-model_v6.cif,1.0
1426,A0A2R6P5F5,/home/s241850073/igem2026/results/clipzyme_native_extension_v1/structures/af_v6/AF-A0A2R6P5F5-F1-model_v6.cif,1.0000001
1427,A0A2R6PFY9,/home/s241850073/igem2026/results/clipzyme_native_extension_v1/structures/af_v6/AF-A0A2R6PFY9-F1-model_v6.cif,0.99999994
1428,A0A2R6QA03,/home/s241850073/igem2026/results/clipzyme_native_extension_v1/structures/af_v6/AF-A0A2R6QA03-F1-model_v6.cif,1.0
1429,A0A2R6QTI0,/home/s241850073/igem2026/results/clipzyme_native_extension_v1/structures/af_v6/AF-A0A2R6QTI0-F1-model_v6.cif,0.99999994
1430,A0A2R6WV83,/home/s241850073/igem2026/results/clipzyme_native_extension_v1/structures/af_v6/AF-A0A2R6WV83-F1-model_v6.cif,0.99999994
1431,A0A2R6X8N3,/home/s241850073/igem2026/results/clipzyme_native_extension_v1/structures/af_v6/AF-A0A2R6X8N3-F1-model_v6.cif,1.0000001
1432,A0A2S1JKY7,/home/s241850073/igem2026/results/clipzyme_native_extension_v1/structures/af_v6/AF-A0A2S1JKY7-F1-model_v6.cif,0.99999994
1433,A0A2S1JL02,/home/s241850073/igem2026/results/clipzyme_native_extension_v1/structures/af_v6/AF-A0A2S1JL02-F1-model_v6.cif,1.0
1434,A0A2S4L703,/home/s241850073/igem2026/results/clipzyme_native_extension_v1/structures/af_v6/AF-A0A2S4L703-F1-model_v6.cif,1.0
1435,A0A2S4W2L4,/home/s241850073/igem2026/results/clipzyme_native_extension_v1/structures/af_v6/AF-A0A2S4W2L4-F1-model_v6.cif,1.0
1436,A0A2S7T7C0,/home/s241850073/igem2026/results/clipzyme_native_extension_v1/structures/af_v6/AF-A0A2S7T7C0-F1-model_v6.cif,0.99999994
1437,A0A2S8A7A3,/home/s241850073/igem2026/results/clipzyme_native_extension_v1/structures/af_v6/AF-A0A2S8A7A3-F1-model_v6.cif,0.99999994
1438,A0A2S8F864,/home/s241850073/igem2026/results/clipzyme_native_extension_v1/structures/af_v6/AF-A0A2S8F864-F1-model_v6.cif,1.0
1439,A0A2S8FCZ3,/home/s241850073/igem2026/results/clipzyme_native_extension_v1/structures/af_v6/AF-A0A2S8FCZ3-F1-model_v6.cif,0.99999994
1440,A0A2S9Q656,/home/s241850073/igem2026/results/clipzyme_native_extension_v1/structures/af_v6/AF-A0A2S9Q656-F1-model_v6.cif,0.99999994
1441,A0A2S9XYE3,/home/s241850073/igem2026/results/clipzyme_native_extension_v1/structures/af_v6/AF-A0A2S9XYE3-F1-model_v6.cif,1.0
1442,A0A2S9Y7M9,/home/s241850073/igem2026/results/clipzyme_native_extension_v1/structures/af_v6/AF-A0A2S9Y7M9-F1-model_v6.cif,1.0
1443,A0A2S9YBN3,/home/s241850073/igem2026/results/clipzyme_native_extension_v1/structures/af_v6/AF-A0A2S9YBN3-F1-model_v6.cif,0.99999994
1444,A0A2T0LNW4,/home/s241850073/igem2026/results/clipzyme_native_extension_v1/structures/af_v6/AF-A0A2T0LNW4-F1-model_v6.cif,1.0
1445,A0A2T0LNX7,/home/s241850073/igem2026/results/clipzyme_native_extension_v1/structures/af_v6/AF-A0A2T0LNX7-F1-model_v6.cif,0.99999994
1446,A0A2T0T2D9,/home/s241850073/igem2026/results/clipzyme_native_extension_v1/structures/af_v6/AF-A0A2T0T2D9-F1-model_v6.cif,1.0
1447,A0A2T0T4R3,/home/s241850073/igem2026/results/clipzyme_native_extension_v1/structures/af_v6/AF-A0A2T0T4R3-F1-model_v6.cif,1.0
1448,A0A2T0T6H6,/home/s241850073/igem2026/results/clipzyme_native_extension_v1/structures/af_v6/AF-A0A2T0T6H6-F1-model_v6.cif,0.99999994
1449,A0A2T0T6K6,/home/s241850073/igem2026/results/clipzyme_native_extension_v1/structures/af_v6/AF-A0A2T0T6K6-F1-model_v6.cif,1.0
1450,A0A2T2NAL4,/home/s241850073/igem2026/results/clipzyme_native_extension_v1/structures/af_v6/AF-A0A2T2NAL4-F1-model_v6.cif,1.0
1451,A0A2T2NIN5,/home/s241850073/igem2026/results/clipzyme_native_extension_v1/structures/af_v6/AF-A0A2T2NIN5-F1-model_v6.cif,1.0
1452,A0A2T2NZ87,/home/s241850073/igem2026/results/clipzyme_native_extension_v1/structures/af_v6/AF-A0A2T2NZ87-F1-model_v6.cif,1.0
1453,A0A2T3AQD0,/home/s241850073/igem2026/results/clipzyme_native_extension_v1/structures/af_v6/AF-A0A2T3AQD0-F1-model_v6.cif,1.0
1454,A0A2T4B539,/home/s241850073/igem2026/results/clipzyme_native_extension_v1/structures/af_v6/AF-A0A2T4B539-F1-model_v6.cif,1.0
1455,A0A2T4GC92,/home/s241850073/igem2026/results/clipzyme_native_extension_v1/structures/af_v6/AF-A0A2T4GC92-F1-model_v6.cif,1.0
1456,A0A2T4UDC3,/home/s241850073/igem2026/results/clipzyme_native_extension_v1/structures/af_v6/AF-A0A2T4UDC3-F1-model_v6.cif,1.0
1457,A0A2T5C0W5,/home/s241850073/igem2026/results/clipzyme_native_extension_v1/structures/af_v6/AF-A0A2T5C0W5-F1-model_v6.cif,1.0
1458,A0A2U1KAD6,/home/s241850073/igem2026/results/clipzyme_native_extension_v1/structures/af_v6/AF-A0A2U1KAD6-F1-model_v6.cif,1.0
1459,A0A2U1KAV1,/home/s241850073/igem2026/results/clipzyme_native_extension_v1/structures/af_v6/AF-A0A2U1KAV1-F1-model_v6.cif,1.0
1460,A0A2U1KCI5,/home/s241850073/igem2026/results/clipzyme_native_extension_v1/structures/af_v6/AF-A0A2U1KCI5-F1-model_v6.cif,1.0
1461,A0A2U1KI33,/home/s241850073/igem2026/results/clipzyme_native_extension_v1/structures/af_v6/AF-A0A2U1KI33-F1-model_v6.cif,1.0
1462,A0A2U1KI71,/home/s241850073/igem2026/results/clipzyme_native_extension_v1/structures/af_v6/AF-A0A2U1KI71-F1-model_v6.cif,1.0
1463,A0A2U1KNU3,/home/s241850073/igem2026/results/clipzyme_native_extension_v1/structures/af_v6/AF-A0A2U1KNU3-F1-model_v6.cif,1.0
1464,A0A2U1KPN7,/home/s241850073/igem2026/results/clipzyme_native_extension_v1/structures/af_v6/AF-A0A2U1KPN7-F1-model_v6.cif,1.0
1465,A0A2U1KYS9,/home/s241850073/igem2026/results/clipzyme_native_extension_v1/structures/af_v6/AF-A0A2U1KYS9-F1-model_v6.cif,1.0
1466,A0A2U1LH01,/home/s241850073/igem2026/results/clipzyme_native_extension_v1/structures/af_v6/AF-A0A2U1LH01-F1-model_v6.cif,1.0
1467,A0A2U1LQ17,/home/s241850073/igem2026/results/clipzyme_native_extension_v1/structures/af_v6/AF-A0A2U1LQ17-F1-model_v6.cif,1.0
1468,A0A2U1LS55,/home/s241850073/igem2026/results/clipzyme_native_extension_v1/structures/af_v6/AF-A0A2U1LS55-F1-model_v6.cif,1.0
1469,A0A2U1LSM4,/home/s241850073/igem2026/results/clipzyme_native_extension_v1/structures/af_v6/AF-A0A2U1LSM4-F1-model_v6.cif,1.0
1470,A0A2U1M2F2,/home/s241850073/igem2026/results/clipzyme_native_extension_v1/structures/af_v6/AF-A0A2U1M2F2-F1-model_v6.cif,1.0
1471,A0A2U1M5G6,/home/s241850073/igem2026/results/clipzyme_native_extension_v1/structures/af_v6/AF-A0A2U1M5G6-F1-model_v6.cif,1.0
1472,A0A2U1M9U1,/home/s241850073/igem2026/results/clipzyme_native_extension_v1/structures/af_v6/AF-A0A2U1M9U1-F1-model_v6.cif,0.99999994
1473,A0A2U1MK96,/home/s241850073/igem2026/results/clipzyme_native_extension_v1/structures/af_v6/AF-A0A2U1MK96-F1-model_v6.cif,1.0
1474,A0A2U1MKY2,/home/s241850073/igem2026/results/clipzyme_native_extension_v1/structures/af_v6/AF-A0A2U1MKY2-F1-model_v6.cif,1.0
1475,A0A2U1MQY7,/home/s241850073/igem2026/results/clipzyme_native_extension_v1/structures/af_v6/AF-A0A2U1MQY7-F1-model_v6.cif,0.99999994
1476,A0A2U1MWA8,/home/s241850073/igem2026/results/clipzyme_native_extension_v1/structures/af_v6/AF-A0A2U1MWA8-F1-model_v6.cif,1.0
1477,A0A2U1N5S8,/home/s241850073/igem2026/results/clipzyme_native_extension_v1/structures/af_v6/AF-A0A2U1N5S8-F1-model_v6.cif,0.99999994
1478,A0A2U1NG47,/home/s241850073/igem2026/results/clipzyme_native_extension_v1/structures/af_v6/AF-A0A2U1NG47-F1-model_v6.cif,1.0
1479,A0A2U1NSW2,/home/s241850073/igem2026/results/clipzyme_native_extension_v1/structures/af_v6/AF-A0A2U1NSW2-F1-model_v6.cif,1.0
1480,A0A2U1NTM3,/home/s241850073/igem2026/results/clipzyme_native_extension_v1/structures/af_v6/AF-A0A2U1NTM3-F1-model_v6.cif,1.0
1481,A0A2U1P9I5,/home/s241850073/igem2026/results/clipzyme_native_extension_v1/structures/af_v6/AF-A0A2U1P9I5-F1-model_v6.cif,1.0
1482,A0A2U1PDL0,/home/s241850073/igem2026/results/clipzyme_native_extension_v1/structures/af_v6/AF-A0A2U1PDL0-F1-model_v6.cif,1.0
1483,A0A2U1PE78,/home/s241850073/igem2026/results/clipzyme_native_extension_v1/structures/af_v6/AF-A0A2U1PE78-F1-model_v6.cif,1.0
1484,A0A2U1PHH5,/home/s241850073/igem2026/results/clipzyme_native_extension_v1/structures/af_v6/AF-A0A2U1PHH5-F1-model_v6.cif,0.99999994
1485,A0A2U1Q5Y4,/home/s241850073/igem2026/results/clipzyme_native_extension_v1/structures/af_v6/AF-A0A2U1Q5Y4-F1-model_v6.cif,0.99999994
1486,A0A2U1QIQ1,/home/s241850073/igem2026/results/clipzyme_native_extension_v1/structures/af_v6/AF-A0A2U1QIQ1-F1-model_v6.cif,1.0
1487,A0A2U3YQA0,/home/s241850073/igem2026/results/clipzyme_native_extension_v1/structures/af_v6/AF-A0A2U3YQA0-F1-model_v6.cif,1.0
1488,A0A2U8JPY1,/home/s241850073/igem2026/results/clipzyme_native_extension_v1/structures/af_v6/AF-A0A2U8JPY1-F1-model_v6.cif,1.0
1489,A0A2U8U2L2,/home/s241850073/igem2026/results/clipzyme_native_extension_v1/structures/af_v6/AF-A0A2U8U2L2-F1-model_v6.cif,1.0
1490,A0A2V0PPJ8,/home/s241850073/igem2026/results/clipzyme_native_extension_v1/structures/af_v6/AF-A0A2V0PPJ8-F1-model_v6.cif,1.0
1491,A0A2V1E7I3,/home/s241850073/igem2026/results/clipzyme_native_extension_v1/structures/af_v6/AF-A0A2V1E7I3-F1-model_v6.cif,1.0
1492,A0A2V5GUR2,/home/s241850073/igem2026/results/clipzyme_native_extension_v1/structures/af_v6/AF-A0A2V5GUR2-F1-model_v6.cif,0.99999994
1493,A0A2V5HE17,/home/s241850073/igem2026/results/clipzyme_native_extension_v1/structures/af_v6/AF-A0A2V5HE17-F1-model_v6.cif,0.99999994
1494,A0A2V5IC58,/home/s241850073/igem2026/results/clipzyme_native_extension_v1/structures/af_v6/AF-A0A2V5IC58-F1-model_v6.cif,0.99999994
1495,A0A2W1FRK2,/home/s241850073/igem2026/results/clipzyme_native_extension_v1/structures/af_v6/AF-A0A2W1FRK2-F1-model_v6.cif,1.0
1496,A0A2W2HQ75,/home/s241850073/igem2026/results/clipzyme_native_extension_v1/structures/af_v6/AF-A0A2W2HQ75-F1-model_v6.cif,1.0
1497,A0A2W7RGV8,/home/s241850073/igem2026/results/clipzyme_native_extension_v1/structures/af_v6/AF-A0A2W7RGV8-F1-model_v6.cif,0.99999994
1498,A0A2Z2N0J7,/home/s241850073/igem2026/results/clipzyme_native_extension_v1/structures/af_v6/AF-A0A2Z2N0J7-F1-model_v6.cif,0.99999994
1499,A0A2Z3H1T7,/home/s241850073/igem2026/results/clipzyme_native_extension_v1/structures/af_v6/AF-A0A2Z3H1T7-F1-model_v6.cif,1.0
1500,A0A2Z3HEJ7,/home/s241850073/igem2026/results/clipzyme_native_extension_v1/structures/af_v6/AF-A0A2Z3HEJ7-F1-model_v6.cif,1.0
1501,A0A2Z5QKZ7,/home/s241850073/igem2026/results/clipzyme_native_extension_v1/structures/af_v6/AF-A0A2Z5QKZ7-F1-model_v6.cif,1.0
1502,A0A2Z5QL08,/home/s241850073/igem2026/results/clipzyme_native_extension_v1/structures/af_v6/AF-A0A2Z5QL08-F1-model_v6.cif,1.0
1503,A0A2Z6LMN5,/home/s241850073/igem2026/results/clipzyme_native_extension_v1/structures/af_v6/AF-A0A2Z6LMN5-F1-model_v6.cif,0.9999999
1504,A0A2Z6MCC1,/home/s241850073/igem2026/results/clipzyme_native_extension_v1/structures/af_v6/AF-A0A2Z6MCC1-F1-model_v6.cif,1.0
1505,A0A2Z6MJ21,/home/s241850073/igem2026/results/clipzyme_native_extension_v1/structures/af_v6/AF-A0A2Z6MJ21-F1-model_v6.cif,1.0
1506,A0A2Z6MLM0,/home/s241850073/igem2026/results/clipzyme_native_extension_v1/structures/af_v6/AF-A0A2Z6MLM0-F1-model_v6.cif,1.0
1507,A0A2Z6MMS0,/home/s241850073/igem2026/results/clipzyme_native_extension_v1/structures/af_v6/AF-A0A2Z6MMS0-F1-model_v6.cif,1.0
1508,A0A2Z6NQP6,/home/s241850073/igem2026/results/clipzyme_native_extension_v1/structures/af_v6/AF-A0A2Z6NQP6-F1-model_v6.cif,1.0
1509,A0A2Z7CHK0,/home/s241850073/igem2026/results/clipzyme_native_extension_v1/structures/af_v6/AF-A0A2Z7CHK0-F1-model_v6.cif,1.0
1510,A0A2Z7D0N8,/home/s241850073/igem2026/results/clipzyme_native_extension_v1/structures/af_v6/AF-A0A2Z7D0N8-F1-model_v6.cif,1.0
1511,A0A314L7N8,/home/s241850073/igem2026/results/clipzyme_native_extension_v1/structures/af_v6/AF-A0A314L7N8-F1-model_v6.cif,0.99999994
1512,A0A314UJ78,/home/s241850073/igem2026/results/clipzyme_native_extension_v1/structures/af_v6/AF-A0A314UJ78-F1-model_v6.cif,1.0
1513,A0A314YLX5,/home/s241850073/igem2026/results/clipzyme_native_extension_v1/structures/af_v6/AF-A0A314YLX5-F1-model_v6.cif,1.0
1514,A0A314ZDP3,/home/s241850073/igem2026/results/clipzyme_native_extension_v1/structures/af_v6/AF-A0A314ZDP3-F1-model_v6.cif,1.0
1515,A0A317F0H7,/home/s241850073/igem2026/results/clipzyme_native_extension_v1/structures/af_v6/AF-A0A317F0H7-F1-model_v6.cif,1.0
1516,A0A317UR71,/home/s241850073/igem2026/results/clipzyme_native_extension_v1/structures/af_v6/AF-A0A317UR71-F1-model_v6.cif,1.0
1517,A0A317WFF4,/home/s241850073/igem2026/results/clipzyme_native_extension_v1/structures/af_v6/AF-A0A317WFF4-F1-model_v6.cif,1.0
1518,A0A317WRY1,/home/s241850073/igem2026/results/clipzyme_native_extension_v1/structures/af_v6/AF-A0A317WRY1-F1-model_v6.cif,1.0
1519,A0A317WXW4,/home/s241850073/igem2026/results/clipzyme_native_extension_v1/structures/af_v6/AF-A0A317WXW4-F1-model_v6.cif,0.99999994
1520,A0A317WYE2,/home/s241850073/igem2026/results/clipzyme_native_extension_v1/structures/af_v6/AF-A0A317WYE2-F1-model_v6.cif,0.99999994
1521,A0A318XKQ6,/home/s241850073/igem2026/results/clipzyme_native_extension_v1/structures/af_v6/AF-A0A318XKQ6-F1-model_v6.cif,1.0
1522,A0A318XYT8,/home/s241850073/igem2026/results/clipzyme_native_extension_v1/structures/af_v6/AF-A0A318XYT8-F1-model_v6.cif,0.99999994
1523,A0A318YMF3,/home/s241850073/igem2026/results/clipzyme_native_extension_v1/structures/af_v6/AF-A0A318YMF3-F1-model_v6.cif,0.99999994
1524,A0A318Z8R5,/home/s241850073/igem2026/results/clipzyme_native_extension_v1/structures/af_v6/AF-A0A318Z8R5-F1-model_v6.cif,1.0
1525,A0A318ZB67,/home/s241850073/igem2026/results/clipzyme_native_extension_v1/structures/af_v6/AF-A0A318ZB67-F1-model_v6.cif,1.0
1526,A0A319DAB4,/home/s241850073/igem2026/results/clipzyme_native_extension_v1/structures/af_v6/AF-A0A319DAB4-F1-model_v6.cif,1.0
1527,A0A319EG49,/home/s241850073/igem2026/results/clipzyme_native_extension_v1/structures/af_v6/AF-A0A319EG49-F1-model_v6.cif,1.0
1528,A0A326RN43,/home/s241850073/igem2026/results/clipzyme_native_extension_v1/structures/af_v6/AF-A0A326RN43-F1-model_v6.cif,0.99999994
1529,A0A327Q2L0,/home/s241850073/igem2026/results/clipzyme_native_extension_v1/structures/af_v6/AF-A0A327Q2L0-F1-model_v6.cif,1.0
1530,A0A327W207,/home/s241850073/igem2026/results/clipzyme_native_extension_v1/structures/af_v6/AF-A0A327W207-F1-model_v6.cif,1.0
1531,A0A327W497,/home/s241850073/igem2026/results/clipzyme_native_extension_v1/structures/af_v6/AF-A0A327W497-F1-model_v6.cif,1.0
1532,A0A327YCM5,/home/s241850073/igem2026/results/clipzyme_native_extension_v1/structures/af_v6/AF-A0A327YCM5-F1-model_v6.cif,1.0
1533,A0A328DG53,/home/s241850073/igem2026/results/clipzyme_native_extension_v1/structures/af_v6/AF-A0A328DG53-F1-model_v6.cif,1.0
1534,A0A328E537,/home/s241850073/igem2026/results/clipzyme_native_extension_v1/structures/af_v6/AF-A0A328E537-F1-model_v6.cif,0.9999999
1535,A0A328EAR7,/home/s241850073/igem2026/results/clipzyme_native_extension_v1/structures/af_v6/AF-A0A328EAR7-F1-model_v6.cif,1.0
1536,A0A328U6G4,/home/s241850073/igem2026/results/clipzyme_native_extension_v1/structures/af_v6/AF-A0A328U6G4-F1-model_v6.cif,0.99999994
1537,A0A329QTJ9,/home/s241850073/igem2026/results/clipzyme_native_extension_v1/structures/af_v6/AF-A0A329QTJ9-F1-model_v6.cif,1.0
1538,A0A345HS54,/home/s241850073/igem2026/results/clipzyme_native_extension_v1/structures/af_v6/AF-A0A345HS54-F1-model_v6.cif,1.0
1539,A0A345SSN0,/home/s241850073/igem2026/results/clipzyme_native_extension_v1/structures/af_v6/AF-A0A345SSN0-F1-model_v6.cif,0.99999994
1540,A0A348B783,/home/s241850073/igem2026/results/clipzyme_native_extension_v1/structures/af_v6/AF-A0A348B783-F1-model_v6.cif,1.0
1541,A0A348HAY2,/home/s241850073/igem2026/results/clipzyme_native_extension_v1/structures/af_v6/AF-A0A348HAY2-F1-model_v6.cif,0.99999994
1542,A0A364L1H1,/home/s241850073/igem2026/results/clipzyme_native_extension_v1/structures/af_v6/AF-A0A364L1H1-F1-model_v6.cif,1.0
1543,A0A365H9P2,/home/s241850073/igem2026/results/clipzyme_native_extension_v1/structures/af_v6/AF-A0A365H9P2-F1-model_v6.cif,0.99999994
1544,A0A365XU91,/home/s241850073/igem2026/results/clipzyme_native_extension_v1/structures/af_v6/AF-A0A365XU91-F1-model_v6.cif,1.0
1545,A0A365XVJ7,/home/s241850073/igem2026/results/clipzyme_native_extension_v1/structures/af_v6/AF-A0A365XVJ7-F1-model_v6.cif,1.0
1546,A0A366HC00,/home/s241850073/igem2026/results/clipzyme_native_extension_v1/structures/af_v6/AF-A0A366HC00-F1-model_v6.cif,1.0
1547,A0A366LMA2,/home/s241850073/igem2026/results/clipzyme_native_extension_v1/structures/af_v6/AF-A0A366LMA2-F1-model_v6.cif,1.0
1548,A0A366SAN0,/home/s241850073/igem2026/results/clipzyme_native_extension_v1/structures/af_v6/AF-A0A366SAN0-F1-model_v6.cif,0.99999994
1549,A0A368PJ20,/home/s241850073/igem2026/results/clipzyme_native_extension_v1/structures/af_v6/AF-A0A368PJ20-F1-model_v6.cif,1.0
1550,A0A368S0M1,/home/s241850073/igem2026/results/clipzyme_native_extension_v1/structures/af_v6/AF-A0A368S0M1-F1-model_v6.cif,1.0
1551,A0A368UHB0,/home/s241850073/igem2026/results/clipzyme_native_extension_v1/structures/af_v6/AF-A0A368UHB0-F1-model_v6.cif,1.0
1552,A0A370H3T4,/home/s241850073/igem2026/results/clipzyme_native_extension_v1/structures/af_v6/AF-A0A370H3T4-F1-model_v6.cif,1.0
1553,A0A370HSP0,/home/s241850073/igem2026/results/clipzyme_native_extension_v1/structures/af_v6/AF-A0A370HSP0-F1-model_v6.cif,1.0
1554,A0A370I332,/home/s241850073/igem2026/results/clipzyme_native_extension_v1/structures/af_v6/AF-A0A370I332-F1-model_v6.cif,0.99999994
1555,A0A370ICI9,/home/s241850073/igem2026/results/clipzyme_native_extension_v1/structures/af_v6/AF-A0A370ICI9-F1-model_v6.cif,1.0
1556,A0A370ICJ8,/home/s241850073/igem2026/results/clipzyme_native_extension_v1/structures/af_v6/AF-A0A370ICJ8-F1-model_v6.cif,1.0
1557,A0A370P7R4,/home/s241850073/igem2026/results/clipzyme_native_extension_v1/structures/af_v6/AF-A0A370P7R4-F1-model_v6.cif,1.0
1558,A0A370TZU5,/home/s241850073/igem2026/results/clipzyme_native_extension_v1/structures/af_v6/AF-A0A370TZU5-F1-model_v6.cif,1.0
1559,A0A370X654,/home/s241850073/igem2026/results/clipzyme_native_extension_v1/structures/af_v6/AF-A0A370X654-F1-model_v6.cif,1.0
1560,A0A371CY43,/home/s241850073/igem2026/results/clipzyme_native_extension_v1/structures/af_v6/AF-A0A371CY43-F1-model_v6.cif,1.0
1561,A0A372ZPK3,/home/s241850073/igem2026/results/clipzyme_native_extension_v1/structures/af_v6/AF-A0A372ZPK3-F1-model_v6.cif,0.99999994
1562,A0A378YT32,/home/s241850073/igem2026/results/clipzyme_native_extension_v1/structures/af_v6/AF-A0A378YT32-F1-model_v6.cif,0.99999994
1563,A0A379JHN4,/home/s241850073/igem2026/results/clipzyme_native_extension_v1/structures/af_v6/AF-A0A379JHN4-F1-model_v6.cif,1.0
1564,A0A384JFU7,/home/s241850073/igem2026/results/clipzyme_native_extension_v1/structures/af_v6/AF-A0A384JFU7-F1-model_v6.cif,0.99999994
1565,A0A384K1U1,/home/s241850073/igem2026/results/clipzyme_native_extension_v1/structures/af_v6/AF-A0A384K1U1-F1-model_v6.cif,1.0
1566,A0A385J6Y5,/home/s241850073/igem2026/results/clipzyme_native_extension_v1/structures/af_v6/AF-A0A385J6Y5-F1-model_v6.cif,1.0
1567,A0A385J6Y6,/home/s241850073/igem2026/results/clipzyme_native_extension_v1/structures/af_v6/AF-A0A385J6Y6-F1-model_v6.cif,1.0
1568,A0A386JUC7,/home/s241850073/igem2026/results/clipzyme_native_extension_v1/structures/af_v6/AF-A0A386JUC7-F1-model_v6.cif,1.0
1569,A0A386ZII3,/home/s241850073/igem2026/results/clipzyme_native_extension_v1/structures/af_v6/AF-A0A386ZII3-F1-model_v6.cif,1.0
1570,A0A386ZKV4,/home/s241850073/igem2026/results/clipzyme_native_extension_v1/structures/af_v6/AF-A0A386ZKV4-F1-model_v6.cif,1.0
1571,A0A387HD14,/home/s241850073/igem2026/results/clipzyme_native_extension_v1/structures/af_v6/AF-A0A387HD14-F1-model_v6.cif,0.99999994
1572,A0A392NHW5,/home/s241850073/igem2026/results/clipzyme_native_extension_v1/structures/af_v6/AF-A0A392NHW5-F1-model_v6.cif,1.0
1573,A0A394DN91,/home/s241850073/igem2026/results/clipzyme_native_extension_v1/structures/af_v6/AF-A0A394DN91-F1-model_v6.cif,0.99999994
1574,A0A395HVR7,/home/s241850073/igem2026/results/clipzyme_native_extension_v1/structures/af_v6/AF-A0A395HVR7-F1-model_v6.cif,0.99999994
1575,A0A395I2E8,/home/s241850073/igem2026/results/clipzyme_native_extension_v1/structures/af_v6/AF-A0A395I2E8-F1-model_v6.cif,1.0
1576,A0A395I595,/home/s241850073/igem2026/results/clipzyme_native_extension_v1/structures/af_v6/AF-A0A395I595-F1-model_v6.cif,0.99999994
1577,A0A395N997,/home/s241850073/igem2026/results/clipzyme_native_extension_v1/structures/af_v6/AF-A0A395N997-F1-model_v6.cif,1.0
1578,A0A395NJD9,/home/s241850073/igem2026/results/clipzyme_native_extension_v1/structures/af_v6/AF-A0A395NJD9-F1-model_v6.cif,1.0
1579,A0A397GAJ5,/home/s241850073/igem2026/results/clipzyme_native_extension_v1/structures/af_v6/AF-A0A397GAJ5-F1-model_v6.cif,1.0
1580,A0A397H2M0,/home/s241850073/igem2026/results/clipzyme_native_extension_v1/structures/af_v6/AF-A0A397H2M0-F1-model_v6.cif,1.0
1581,A0A397HWI3,/home/s241850073/igem2026/results/clipzyme_native_extension_v1/structures/af_v6/AF-A0A397HWI3-F1-model_v6.cif,0.99999994
1582,A0A397VCU8,/home/s241850073/igem2026/results/clipzyme_native_extension_v1/structures/af_v6/AF-A0A397VCU8-F1-model_v6.cif,1.0
1583,A0A397W8A1,/home/s241850073/igem2026/results/clipzyme_native_extension_v1/structures/af_v6/AF-A0A397W8A1-F1-model_v6.cif,0.99999994
1584,A0A3A2Z4Y0,/home/s241850073/igem2026/results/clipzyme_native_extension_v1/structures/af_v6/AF-A0A3A2Z4Y0-F1-model_v6.cif,0.99999994
1585,A0A3A2ZL59,/home/s241850073/igem2026/results/clipzyme_native_extension_v1/structures/af_v6/AF-A0A3A2ZL59-F1-model_v6.cif,1.0
1586,A0A3A2ZQI8,/home/s241850073/igem2026/results/clipzyme_native_extension_v1/structures/af_v6/AF-A0A3A2ZQI8-F1-model_v6.cif,1.0
1587,A0A3A2ZRC7,/home/s241850073/igem2026/results/clipzyme_native_extension_v1/structures/af_v6/AF-A0A3A2ZRC7-F1-model_v6.cif,0.99999994
1588,A0A3A2ZRL9,/home/s241850073/igem2026/results/clipzyme_native_extension_v1/structures/af_v6/AF-A0A3A2ZRL9-F1-model_v6.cif,1.0
1589,A0A3A4B2K4,/home/s241850073/igem2026/results/clipzyme_native_extension_v1/structures/af_v6/AF-A0A3A4B2K4-F1-model_v6.cif,1.0
1590,A0A3A4JW89,/home/s241850073/igem2026/results/clipzyme_native_extension_v1/structures/af_v6/AF-A0A3A4JW89-F1-model_v6.cif,1.0
1591,A0A3A6N9T6,/home/s241850073/igem2026/results/clipzyme_native_extension_v1/structures/af_v6/AF-A0A3A6N9T6-F1-model_v6.cif,1.0
1592,A0A3A6N9V6,/home/s241850073/igem2026/results/clipzyme_native_extension_v1/structures/af_v6/AF-A0A3A6N9V6-F1-model_v6.cif,1.0
1593,A0A3A6NE59,/home/s241850073/igem2026/results/clipzyme_native_extension_v1/structures/af_v6/AF-A0A3A6NE59-F1-model_v6.cif,0.99999994
1594,A0A3A9YMF9,/home/s241850073/igem2026/results/clipzyme_native_extension_v1/structures/af_v6/AF-A0A3A9YMF9-F1-model_v6.cif,1.0
1595,A0A3B0AQE8,/home/s241850073/igem2026/results/clipzyme_native_extension_v1/structures/af_v6/AF-A0A3B0AQE8-F1-model_v6.cif,0.99999994
1596,A0A3B0AWF0,/home/s241850073/igem2026/results/clipzyme_native_extension_v1/structures/af_v6/AF-A0A3B0AWF0-F1-model_v6.cif,1.0
1597,A0A3B0AZF0,/home/s241850073/igem2026/results/clipzyme_native_extension_v1/structures/af_v6/AF-A0A3B0AZF0-F1-model_v6.cif,1.0
1598,A0A3B0AZM8,/home/s241850073/igem2026/results/clipzyme_native_extension_v1/structures/af_v6/AF-A0A3B0AZM8-F1-model_v6.cif,0.99999994
1599,A0A3B3CQ52,/home/s241850073/igem2026/results/clipzyme_native_extension_v1/structures/af_v6/AF-A0A3B3CQ52-F1-model_v6.cif,1.0
1600,A0A3B3WZW0,/home/s241850073/igem2026/results/clipzyme_native_extension_v1/structures/af_v6/AF-A0A3B3WZW0-F1-model_v6.cif,1.0
1601,A0A3B3YG39,/home/s241850073/igem2026/results/clipzyme_native_extension_v1/structures/af_v6/AF-A0A3B3YG39-F1-model_v6.cif,1.0
1602,A0A3B6BX71,/home/s241850073/igem2026/results/clipzyme_native_extension_v1/structures/af_v6/AF-A0A3B6BX71-F1-model_v6.cif,1.0
1603,A0A3B6BZC2,/home/s241850073/igem2026/results/clipzyme_native_extension_v1/structures/af_v6/AF-A0A3B6BZC2-F1-model_v6.cif,1.0
1604,A0A3B6CFQ3,/home/s241850073/igem2026/results/clipzyme_native_extension_v1/structures/af_v6/AF-A0A3B6CFQ3-F1-model_v6.cif,0.99999994
1605,A0A3B6EB04,/home/s241850073/igem2026/results/clipzyme_native_extension_v1/structures/af_v6/AF-A0A3B6EB04-F1-model_v6.cif,0.99999994
1606,A0A3B6H121,/home/s241850073/igem2026/results/clipzyme_native_extension_v1/structures/af_v6/AF-A0A3B6H121-F1-model_v6.cif,1.0
1607,A0A3B6I3P6,/home/s241850073/igem2026/results/clipzyme_native_extension_v1/structures/af_v6/AF-A0A3B6I3P6-F1-model_v6.cif,0.99999994
1608,A0A3B6I6U9,/home/s241850073/igem2026/results/clipzyme_native_extension_v1/structures/af_v6/AF-A0A3B6I6U9-F1-model_v6.cif,1.0
1609,A0A3B6KBK4,/home/s241850073/igem2026/results/clipzyme_native_extension_v1/structures/af_v6/AF-A0A3B6KBK4-F1-model_v6.cif,1.0
1610,A0A3B6TR56,/home/s241850073/igem2026/results/clipzyme_native_extension_v1/structures/af_v6/AF-A0A3B6TR56-F1-model_v6.cif,1.0
1611,A0A3B6TYF0,/home/s241850073/igem2026/results/clipzyme_native_extension_v1/structures/af_v6/AF-A0A3B6TYF0-F1-model_v6.cif,1.0
1612,A0A3B6U4T9,/home/s241850073/igem2026/results/clipzyme_native_extension_v1/structures/af_v6/AF-A0A3B6U4T9-F1-model_v6.cif,1.0
1613,A0A3B6U5Y0,/home/s241850073/igem2026/results/clipzyme_native_extension_v1/structures/af_v6/AF-A0A3B6U5Y0-F1-model_v6.cif,1.0
1614,A0A3B6UAV4,/home/s241850073/igem2026/results/clipzyme_native_extension_v1/structures/af_v6/AF-A0A3B6UAV4-F1-model_v6.cif,0.99999994
1615,A0A3B6UEU3,/home/s241850073/igem2026/results/clipzyme_native_extension_v1/structures/af_v6/AF-A0A3B6UEU3-F1-model_v6.cif,0.99999994
1616,A0A3B8DU56,/home/s241850073/igem2026/results/clipzyme_native_extension_v1/structures/af_v6/AF-A0A3B8DU56-F1-model_v6.cif,1.0
1617,A0A3D8GRX9,/home/s241850073/igem2026/results/clipzyme_native_extension_v1/structures/af_v6/AF-A0A3D8GRX9-F1-model_v6.cif,1.0
1618,A0A3D8Q4E4,/home/s241850073/igem2026/results/clipzyme_native_extension_v1/structures/af_v6/AF-A0A3D8Q4E4-F1-model_v6.cif,1.0
1619,A0A3D8RQ70,/home/s241850073/igem2026/results/clipzyme_native_extension_v1/structures/af_v6/AF-A0A3D8RQ70-F1-model_v6.cif,1.0
1620,A0A3D8S5H1,/home/s241850073/igem2026/results/clipzyme_native_extension_v1/structures/af_v6/AF-A0A3D8S5H1-F1-model_v6.cif,1.0
1621,A0A3D8SGA4,/home/s241850073/igem2026/results/clipzyme_native_extension_v1/structures/af_v6/AF-A0A3D8SGA4-F1-model_v6.cif,0.99999994
1622,A0A3D8T2Y3,/home/s241850073/igem2026/results/clipzyme_native_extension_v1/structures/af_v6/AF-A0A3D8T2Y3-F1-model_v6.cif,1.0
1623,A0A3D9DFL7,/home/s241850073/igem2026/results/clipzyme_native_extension_v1/structures/af_v6/AF-A0A3D9DFL7-F1-model_v6.cif,1.0
1624,A0A3E0G4Y7,/home/s241850073/igem2026/results/clipzyme_native_extension_v1/structures/af_v6/AF-A0A3E0G4Y7-F1-model_v6.cif,1.0
1625,A0A3E0H4F4,/home/s241850073/igem2026/results/clipzyme_native_extension_v1/structures/af_v6/AF-A0A3E0H4F4-F1-model_v6.cif,1.0
1626,A0A3E0WIR5,/home/s241850073/igem2026/results/clipzyme_native_extension_v1/structures/af_v6/AF-A0A3E0WIR5-F1-model_v6.cif,1.0
1627,A0A3G2JQF5,/home/s241850073/igem2026/results/clipzyme_native_extension_v1/structures/af_v6/AF-A0A3G2JQF5-F1-model_v6.cif,0.99999994
1628,A0A3G6V9T7,/home/s241850073/igem2026/results/clipzyme_native_extension_v1/structures/af_v6/AF-A0A3G6V9T7-F1-model_v6.cif,1.0
1629,A0A3G6V9U2,/home/s241850073/igem2026/results/clipzyme_native_extension_v1/structures/af_v6/AF-A0A3G6V9U2-F1-model_v6.cif,1.0
1630,A0A3G8Y5I8,/home/s241850073/igem2026/results/clipzyme_native_extension_v1/structures/af_v6/AF-A0A3G8Y5I8-F1-model_v6.cif,1.0
1631,A0A3G9EWY9,/home/s241850073/igem2026/results/clipzyme_native_extension_v1/structures/af_v6/AF-A0A3G9EWY9-F1-model_v6.cif,1.0
1632,A0A3L6PX30,/home/s241850073/igem2026/results/clipzyme_native_extension_v1/structures/af_v6/AF-A0A3L6PX30-F1-model_v6.cif,1.0
1633,A0A3L6QIJ2,/home/s241850073/igem2026/results/clipzyme_native_extension_v1/structures/af_v6/AF-A0A3L6QIJ2-F1-model_v6.cif,1.0
1634,A0A3L6RHI8,/home/s241850073/igem2026/results/clipzyme_native_extension_v1/structures/af_v6/AF-A0A3L6RHI8-F1-model_v6.cif,1.0
1635,A0A3L6RMR7,/home/s241850073/igem2026/results/clipzyme_native_extension_v1/structures/af_v6/AF-A0A3L6RMR7-F1-model_v6.cif,0.99999994
1636,A0A3L6RP66,/home/s241850073/igem2026/results/clipzyme_native_extension_v1/structures/af_v6/AF-A0A3L6RP66-F1-model_v6.cif,0.99999994
1637,A0A3L6RR01,/home/s241850073/igem2026/results/clipzyme_native_extension_v1/structures/af_v6/AF-A0A3L6RR01-F1-model_v6.cif,1.0
1638,A0A3L6S5U8,/home/s241850073/igem2026/results/clipzyme_native_extension_v1/structures/af_v6/AF-A0A3L6S5U8-F1-model_v6.cif,1.0
1639,A0A3L6SBG8,/home/s241850073/igem2026/results/clipzyme_native_extension_v1/structures/af_v6/AF-A0A3L6SBG8-F1-model_v6.cif,0.99999994
1640,A0A3L6T961,/home/s241850073/igem2026/results/clipzyme_native_extension_v1/structures/af_v6/AF-A0A3L6T961-F1-model_v6.cif,0.99999994
1641,A0A3M2LNP7,/home/s241850073/igem2026/results/clipzyme_native_extension_v1/structures/af_v6/AF-A0A3M2LNP7-F1-model_v6.cif,1.0
1642,A0A3M2M7G7,/home/s241850073/igem2026/results/clipzyme_native_extension_v1/structures/af_v6/AF-A0A3M2M7G7-F1-model_v6.cif,1.0
1643,A0A3M7QEE6,/home/s241850073/igem2026/results/clipzyme_native_extension_v1/structures/af_v6/AF-A0A3M7QEE6-F1-model_v6.cif,1.0
1644,A0A3M8F3X6,/home/s241850073/igem2026/results/clipzyme_native_extension_v1/structures/af_v6/AF-A0A3M8F3X6-F1-model_v6.cif,1.0
1645,A0A3M9YFV7,/home/s241850073/igem2026/results/clipzyme_native_extension_v1/structures/af_v6/AF-A0A3M9YFV7-F1-model_v6.cif,0.99999994
1646,A0A3M9YKU1,/home/s241850073/igem2026/results/clipzyme_native_extension_v1/structures/af_v6/AF-A0A3M9YKU1-F1-model_v6.cif,1.0
1647,A0A3N0E2R9,/home/s241850073/igem2026/results/clipzyme_native_extension_v1/structures/af_v6/AF-A0A3N0E2R9-F1-model_v6.cif,1.0
1648,A0A3N0EZY6,/home/s241850073/igem2026/results/clipzyme_native_extension_v1/structures/af_v6/AF-A0A3N0EZY6-F1-model_v6.cif,0.99999994
1649,A0A3N0F4W5,/home/s241850073/igem2026/results/clipzyme_native_extension_v1/structures/af_v6/AF-A0A3N0F4W5-F1-model_v6.cif,1.0
1650,A0A3N1A8E7,/home/s241850073/igem2026/results/clipzyme_native_extension_v1/structures/af_v6/AF-A0A3N1A8E7-F1-model_v6.cif,0.99999994
1651,A0A3N1HH06,/home/s241850073/igem2026/results/clipzyme_native_extension_v1/structures/af_v6/AF-A0A3N1HH06-F1-model_v6.cif,1.0
1652,A0A3N4I4S0,/home/s241850073/igem2026/results/clipzyme_native_extension_v1/structures/af_v6/AF-A0A3N4I4S0-F1-model_v6.cif,0.99999994
1653,A0A3N4KRN2,/home/s241850073/igem2026/results/clipzyme_native_extension_v1/structures/af_v6/AF-A0A3N4KRN2-F1-model_v6.cif,1.0
1654,A0A3N4LAU4,/home/s241850073/igem2026/results/clipzyme_native_extension_v1/structures/af_v6/AF-A0A3N4LAU4-F1-model_v6.cif,1.0000001
1655,A0A3N4LIX0,/home/s241850073/igem2026/results/clipzyme_native_extension_v1/structures/af_v6/AF-A0A3N4LIX0-F1-model_v6.cif,1.0
1656,A0A3N4M544,/home/s241850073/igem2026/results/clipzyme_native_extension_v1/structures/af_v6/AF-A0A3N4M544-F1-model_v6.cif,1.0
1657,A0A3N4M7S9,/home/s241850073/igem2026/results/clipzyme_native_extension_v1/structures/af_v6/AF-A0A3N4M7S9-F1-model_v6.cif,0.99999994
1658,A0A3N4MD54,/home/s241850073/igem2026/results/clipzyme_native_extension_v1/structures/af_v6/AF-A0A3N4MD54-F1-model_v6.cif,1.0
1659,A0A3N4MI75,/home/s241850073/igem2026/results/clipzyme_native_extension_v1/structures/af_v6/AF-A0A3N4MI75-F1-model_v6.cif,1.0
1660,A0A3N4QNC9,/home/s241850073/igem2026/results/clipzyme_native_extension_v1/structures/af_v6/AF-A0A3N4QNC9-F1-model_v6.cif,1.0
1661,A0A3N7F7Y3,/home/s241850073/igem2026/results/clipzyme_native_extension_v1/structures/af_v6/AF-A0A3N7F7Y3-F1-model_v6.cif,1.0
1662,A0A3Q0FKK5,/home/s241850073/igem2026/results/clipzyme_native_extension_v1/structures/af_v6/AF-A0A3Q0FKK5-F1-model_v6.cif,0.99999994
1663,A0A3Q7FRU1,/home/s241850073/igem2026/results/clipzyme_native_extension_v1/structures/af_v6/AF-A0A3Q7FRU1-F1-model_v6.cif,1.0
1664,A0A3Q7GFB5,/home/s241850073/igem2026/results/clipzyme_native_extension_v1/structures/af_v6/AF-A0A3Q7GFB5-F1-model_v6.cif,1.0
1665,A0A3Q7GX41,/home/s241850073/igem2026/results/clipzyme_native_extension_v1/structures/af_v6/AF-A0A3Q7GX41-F1-model_v6.cif,0.99999994
1666,A0A3Q7H7Q6,/home/s241850073/igem2026/results/clipzyme_native_extension_v1/structures/af_v6/AF-A0A3Q7H7Q6-F1-model_v6.cif,1.0
1667,A0A3Q7HJC0,/home/s241850073/igem2026/results/clipzyme_native_extension_v1/structures/af_v6/AF-A0A3Q7HJC0-F1-model_v6.cif,1.0
1668,A0A3Q7IGV8,/home/s241850073/igem2026/results/clipzyme_native_extension_v1/structures/af_v6/AF-A0A3Q7IGV8-F1-model_v6.cif,0.99999994
1669,A0A3Q8J789,/home/s241850073/igem2026/results/clipzyme_native_extension_v1/structures/af_v6/AF-A0A3Q8J789-F1-model_v6.cif,0.99999994
1670,A0A3Q8THN8,/home/s241850073/igem2026/results/clipzyme_native_extension_v1/structures/af_v6/AF-A0A3Q8THN8-F1-model_v6.cif,0.99999994
1671,A0A3Q9G0P1,/home/s241850073/igem2026/results/clipzyme_native_extension_v1/structures/af_v6/AF-A0A3Q9G0P1-F1-model_v6.cif,1.0
1672,A0A3R5SMM9,/home/s241850073/igem2026/results/clipzyme_native_extension_v1/structures/af_v6/AF-A0A3R5SMM9-F1-model_v6.cif,0.99999994
1673,A0A3R7HTL9,/home/s241850073/igem2026/results/clipzyme_native_extension_v1/structures/af_v6/AF-A0A3R7HTL9-F1-model_v6.cif,1.0
1674,A0A3R9DXY5,/home/s241850073/igem2026/results/clipzyme_native_extension_v1/structures/af_v6/AF-A0A3R9DXY5-F1-model_v6.cif,1.0
1675,A0A3R9R4B0,/home/s241850073/igem2026/results/clipzyme_native_extension_v1/structures/af_v6/AF-A0A3R9R4B0-F1-model_v6.cif,1.0
1676,A0A3S0VFD6,/home/s241850073/igem2026/results/clipzyme_native_extension_v1/structures/af_v6/AF-A0A3S0VFD6-F1-model_v6.cif,1.0
1677,A0A3S1CZ99,/home/s241850073/igem2026/results/clipzyme_native_extension_v1/structures/af_v6/AF-A0A3S1CZ99-F1-model_v6.cif,1.0
1678,A0A3S1JJ07,/home/s241850073/igem2026/results/clipzyme_native_extension_v1/structures/af_v6/AF-A0A3S1JJ07-F1-model_v6.cif,0.99999994
1679,A0A3S2VIT5,/home/s241850073/igem2026/results/clipzyme_native_extension_v1/structures/af_v6/AF-A0A3S2VIT5-F1-model_v6.cif,1.0
1680,A0A3S3M935,/home/s241850073/igem2026/results/clipzyme_native_extension_v1/structures/af_v6/AF-A0A3S3M935-F1-model_v6.cif,0.99999994
1681,A0A3S3MXR3,/home/s241850073/igem2026/results/clipzyme_native_extension_v1/structures/af_v6/AF-A0A3S3MXR3-F1-model_v6.cif,1.0
1682,A0A3S3N0K6,/home/s241850073/igem2026/results/clipzyme_native_extension_v1/structures/af_v6/AF-A0A3S3N0K6-F1-model_v6.cif,1.0
1683,A0A3S3N6Y3,/home/s241850073/igem2026/results/clipzyme_native_extension_v1/structures/af_v6/AF-A0A3S3N6Y3-F1-model_v6.cif,1.0
1684,A0A3S3N909,/home/s241850073/igem2026/results/clipzyme_native_extension_v1/structures/af_v6/AF-A0A3S3N909-F1-model_v6.cif,1.0
1685,A0A3S3NAS6,/home/s241850073/igem2026/results/clipzyme_native_extension_v1/structures/af_v6/AF-A0A3S3NAS6-F1-model_v6.cif,1.0
1686,A0A3S3NIY0,/home/s241850073/igem2026/results/clipzyme_native_extension_v1/structures/af_v6/AF-A0A3S3NIY0-F1-model_v6.cif,1.0
1687,A0A3S3NJQ1,/home/s241850073/igem2026/results/clipzyme_native_extension_v1/structures/af_v6/AF-A0A3S3NJQ1-F1-model_v6.cif,0.99999994
1688,A0A3S3NJR3,/home/s241850073/igem2026/results/clipzyme_native_extension_v1/structures/af_v6/AF-A0A3S3NJR3-F1-model_v6.cif,1.0
1689,A0A3S3NMF8,/home/s241850073/igem2026/results/clipzyme_native_extension_v1/structures/af_v6/AF-A0A3S3NMF8-F1-model_v6.cif,0.9999999
1690,A0A3S3NXT6,/home/s241850073/igem2026/results/clipzyme_native_extension_v1/structures/af_v6/AF-A0A3S3NXT6-F1-model_v6.cif,1.0
1691,A0A3S3P0K0,/home/s241850073/igem2026/results/clipzyme_native_extension_v1/structures/af_v6/AF-A0A3S3P0K0-F1-model_v6.cif,1.0
1692,A0A3S3P513,/home/s241850073/igem2026/results/clipzyme_native_extension_v1/structures/af_v6/AF-A0A3S3P513-F1-model_v6.cif,1.0
1693,A0A3S3PCB1,/home/s241850073/igem2026/results/clipzyme_native_extension_v1/structures/af_v6/AF-A0A3S3PCB1-F1-model_v6.cif,1.0
1694,A0A3S3PDP6,/home/s241850073/igem2026/results/clipzyme_native_extension_v1/structures/af_v6/AF-A0A3S3PDP6-F1-model_v6.cif,0.99999994
1695,A0A3S3PLT6,/home/s241850073/igem2026/results/clipzyme_native_extension_v1/structures/af_v6/AF-A0A3S3PLT6-F1-model_v6.cif,1.0
1696,A0A3S3PLU5,/home/s241850073/igem2026/results/clipzyme_native_extension_v1/structures/af_v6/AF-A0A3S3PLU5-F1-model_v6.cif,1.0
1697,A0A3S3QRH5,/home/s241850073/igem2026/results/clipzyme_native_extension_v1/structures/af_v6/AF-A0A3S3QRH5-F1-model_v6.cif,0.99999994
1698,A0A3S3QTB0,/home/s241850073/igem2026/results/clipzyme_native_extension_v1/structures/af_v6/AF-A0A3S3QTB0-F1-model_v6.cif,0.99999994
1699,A0A3S3SEC7,/home/s241850073/igem2026/results/clipzyme_native_extension_v1/structures/af_v6/AF-A0A3S3SEC7-F1-model_v6.cif,1.0
1700,A0A3S4MF67,/home/s241850073/igem2026/results/clipzyme_native_extension_v1/structures/af_v6/AF-A0A3S4MF67-F1-model_v6.cif,0.99999994
1701,A0A3S4Q263,/home/s241850073/igem2026/results/clipzyme_native_extension_v1/structures/af_v6/AF-A0A3S4Q263-F1-model_v6.cif,0.99999994
1702,A0A3S5WGK2,/home/s241850073/igem2026/results/clipzyme_native_extension_v1/structures/af_v6/AF-A0A3S5WGK2-F1-model_v6.cif,1.0
1703,A0A3S5XFG0,/home/s241850073/igem2026/results/clipzyme_native_extension_v1/structures/af_v6/AF-A0A3S5XFG0-F1-model_v6.cif,0.99999994
1704,A0A3S9P826,/home/s241850073/igem2026/results/clipzyme_native_extension_v1/structures/af_v6/AF-A0A3S9P826-F1-model_v6.cif,0.99999994
1705,A0A3S9PU57,/home/s241850073/igem2026/results/clipzyme_native_extension_v1/structures/af_v6/AF-A0A3S9PU57-F1-model_v6.cif,1.0
1706,A0A3T0ZHJ5,/home/s241850073/igem2026/results/clipzyme_native_extension_v1/structures/af_v6/AF-A0A3T0ZHJ5-F1-model_v6.cif,1.0
1707,A0A3T0ZHK6,/home/s241850073/igem2026/results/clipzyme_native_extension_v1/structures/af_v6/AF-A0A3T0ZHK6-F1-model_v6.cif,1.0
1708,A0A3T0ZHK9,/home/s241850073/igem2026/results/clipzyme_native_extension_v1/structures/af_v6/AF-A0A3T0ZHK9-F1-model_v6.cif,1.0
1709,A0A3T0ZHL2,/home/s241850073/igem2026/results/clipzyme_native_extension_v1/structures/af_v6/AF-A0A3T0ZHL2-F1-model_v6.cif,1.0
1710,A0A3T0ZHL4,/home/s241850073/igem2026/results/clipzyme_native_extension_v1/structures/af_v6/AF-A0A3T0ZHL4-F1-model_v6.cif,1.0
1711,A0A3T1DBZ8,/home/s241850073/igem2026/results/clipzyme_native_extension_v1/structures/af_v6/AF-A0A3T1DBZ8-F1-model_v6.cif,0.99999994
1712,A0A401GIA4,/home/s241850073/igem2026/results/clipzyme_native_extension_v1/structures/af_v6/AF-A0A401GIA4-F1-model_v6.cif,1.0
1713,A0A401VXV5,/home/s241850073/igem2026/results/clipzyme_native_extension_v1/structures/af_v6/AF-A0A401VXV5-F1-model_v6.cif,1.0
1714,A0A401VXY7,/home/s241850073/igem2026/results/clipzyme_native_extension_v1/structures/af_v6/AF-A0A401VXY7-F1-model_v6.cif,1.0
1715,A0A401VY17,/home/s241850073/igem2026/results/clipzyme_native_extension_v1/structures/af_v6/AF-A0A401VY17-F1-model_v6.cif,1.0
1716,A0A401WDM4,/home/s241850073/igem2026/results/clipzyme_native_extension_v1/structures/af_v6/AF-A0A401WDM4-F1-model_v6.cif,0.99999994
1717,A0A401XKR5,/home/s241850073/igem2026/results/clipzyme_native_extension_v1/structures/af_v6/AF-A0A401XKR5-F1-model_v6.cif,0.99999994
1718,A0A401YM34,/home/s241850073/igem2026/results/clipzyme_native_extension_v1/structures/af_v6/AF-A0A401YM34-F1-model_v6.cif,1.0
1719,A0A401Z6W2,/home/s241850073/igem2026/results/clipzyme_native_extension_v1/structures/af_v6/AF-A0A401Z6W2-F1-model_v6.cif,0.9999999
1720,A0A402AA57,/home/s241850073/igem2026/results/clipzyme_native_extension_v1/structures/af_v6/AF-A0A402AA57-F1-model_v6.cif,1.0
1721,A0A409YPE4,/home/s241850073/igem2026/results/clipzyme_native_extension_v1/structures/af_v6/AF-A0A409YPE4-F1-model_v6.cif,1.0
1722,A0A418PLJ6,/home/s241850073/igem2026/results/clipzyme_native_extension_v1/structures/af_v6/AF-A0A418PLJ6-F1-model_v6.cif,0.99999994
1723,A0A418PNC5,/home/s241850073/igem2026/results/clipzyme_native_extension_v1/structures/af_v6/AF-A0A418PNC5-F1-model_v6.cif,1.0
1724,A0A421D0P8,/home/s241850073/igem2026/results/clipzyme_native_extension_v1/structures/af_v6/AF-A0A421D0P8-F1-model_v6.cif,0.99999994
1725,A0A421D7H9,/home/s241850073/igem2026/results/clipzyme_native_extension_v1/structures/af_v6/AF-A0A421D7H9-F1-model_v6.cif,1.0
1726,A0A425DE04,/home/s241850073/igem2026/results/clipzyme_native_extension_v1/structures/af_v6/AF-A0A425DE04-F1-model_v6.cif,1.0
1727,A0A428NUX1,/home/s241850073/igem2026/results/clipzyme_native_extension_v1/structures/af_v6/AF-A0A428NUX1-F1-model_v6.cif,1.0
1728,A0A432MH25,/home/s241850073/igem2026/results/clipzyme_native_extension_v1/structures/af_v6/AF-A0A432MH25-F1-model_v6.cif,0.99999994
1729,A0A433QHB1,/home/s241850073/igem2026/results/clipzyme_native_extension_v1/structures/af_v6/AF-A0A433QHB1-F1-model_v6.cif,0.99999994
1730,A0A433WDJ5,/home/s241850073/igem2026/results/clipzyme_native_extension_v1/structures/af_v6/AF-A0A433WDJ5-F1-model_v6.cif,1.0
1731,A0A436ZY69,/home/s241850073/igem2026/results/clipzyme_native_extension_v1/structures/af_v6/AF-A0A436ZY69-F1-model_v6.cif,0.99999994
1732,A0A439CT72,/home/s241850073/igem2026/results/clipzyme_native_extension_v1/structures/af_v6/AF-A0A439CT72-F1-model_v6.cif,1.0
1733,A0A439CYW4,/home/s241850073/igem2026/results/clipzyme_native_extension_v1/structures/af_v6/AF-A0A439CYW4-F1-model_v6.cif,1.0
1734,A0A439CZY4,/home/s241850073/igem2026/results/clipzyme_native_extension_v1/structures/af_v6/AF-A0A439CZY4-F1-model_v6.cif,1.0
1735,A0A439D9A2,/home/s241850073/igem2026/results/clipzyme_native_extension_v1/structures/af_v6/AF-A0A439D9A2-F1-model_v6.cif,1.0
1736,A0A439DFR0,/home/s241850073/igem2026/results/clipzyme_native_extension_v1/structures/af_v6/AF-A0A439DFR0-F1-model_v6.cif,0.99999994
1737,A0A443HTU5,/home/s241850073/igem2026/results/clipzyme_native_extension_v1/structures/af_v6/AF-A0A443HTU5-F1-model_v6.cif,1.0
1738,A0A443HXS1,/home/s241850073/igem2026/results/clipzyme_native_extension_v1/structures/af_v6/AF-A0A443HXS1-F1-model_v6.cif,1.0
1739,A0A443NDC4,/home/s241850073/igem2026/results/clipzyme_native_extension_v1/structures/af_v6/AF-A0A443NDC4-F1-model_v6.cif,1.0
1740,A0A443NJD0,/home/s241850073/igem2026/results/clipzyme_native_extension_v1/structures/af_v6/AF-A0A443NJD0-F1-model_v6.cif,1.0
1741,A0A443NY58,/home/s241850073/igem2026/results/clipzyme_native_extension_v1/structures/af_v6/AF-A0A443NY58-F1-model_v6.cif,0.99999994
1742,A0A443PBU2,/home/s241850073/igem2026/results/clipzyme_native_extension_v1/structures/af_v6/AF-A0A443PBU2-F1-model_v6.cif,1.0
1743,A0A443Q4B3,/home/s241850073/igem2026/results/clipzyme_native_extension_v1/structures/af_v6/AF-A0A443Q4B3-F1-model_v6.cif,0.99999994
1744,A0A443Q4Y6,/home/s241850073/igem2026/results/clipzyme_native_extension_v1/structures/af_v6/AF-A0A443Q4Y6-F1-model_v6.cif,1.0
1745,A0A443QK04,/home/s241850073/igem2026/results/clipzyme_native_extension_v1/structures/af_v6/AF-A0A443QK04-F1-model_v6.cif,0.99999994
1746,A0A443QLN5,/home/s241850073/igem2026/results/clipzyme_native_extension_v1/structures/af_v6/AF-A0A443QLN5-F1-model_v6.cif,1.0
1747,A0A443RYF7,/home/s241850073/igem2026/results/clipzyme_native_extension_v1/structures/af_v6/AF-A0A443RYF7-F1-model_v6.cif,0.99999994
1748,A0A443RYU1,/home/s241850073/igem2026/results/clipzyme_native_extension_v1/structures/af_v6/AF-A0A443RYU1-F1-model_v6.cif,1.0
1749,A0A443RYV9,/home/s241850073/igem2026/results/clipzyme_native_extension_v1/structures/af_v6/AF-A0A443RYV9-F1-model_v6.cif,1.0
1750,A0A443RYW7,/home/s241850073/igem2026/results/clipzyme_native_extension_v1/structures/af_v6/AF-A0A443RYW7-F1-model_v6.cif,0.99999994
1751,A0A443RZP8,/home/s241850073/igem2026/results/clipzyme_native_extension_v1/structures/af_v6/AF-A0A443RZP8-F1-model_v6.cif,1.0
1752,A0A443RZU2,/home/s241850073/igem2026/results/clipzyme_native_extension_v1/structures/af_v6/AF-A0A443RZU2-F1-model_v6.cif,1.0
1753,A0A443S0C2,/home/s241850073/igem2026/results/clipzyme_native_extension_v1/structures/af_v6/AF-A0A443S0C2-F1-model_v6.cif,0.99999994
1754,A0A443S0K3,/home/s241850073/igem2026/results/clipzyme_native_extension_v1/structures/af_v6/AF-A0A443S0K3-F1-model_v6.cif,1.0
1755,A0A443S1C0,/home/s241850073/igem2026/results/clipzyme_native_extension_v1/structures/af_v6/AF-A0A443S1C0-F1-model_v6.cif,1.0
1756,A0A443S1E0,/home/s241850073/igem2026/results/clipzyme_native_extension_v1/structures/af_v6/AF-A0A443S1E0-F1-model_v6.cif,1.0
1757,A0A443S281,/home/s241850073/igem2026/results/clipzyme_native_extension_v1/structures/af_v6/AF-A0A443S281-F1-model_v6.cif,1.0000001
1758,A0A443S3X6,/home/s241850073/igem2026/results/clipzyme_native_extension_v1/structures/af_v6/AF-A0A443S3X6-F1-model_v6.cif,1.0
1759,A0A443S4M8,/home/s241850073/igem2026/results/clipzyme_native_extension_v1/structures/af_v6/AF-A0A443S4M8-F1-model_v6.cif,1.0
1760,A0A443S4U6,/home/s241850073/igem2026/results/clipzyme_native_extension_v1/structures/af_v6/AF-A0A443S4U6-F1-model_v6.cif,1.0000001
1761,A0A443S7Q0,/home/s241850073/igem2026/results/clipzyme_native_extension_v1/structures/af_v6/AF-A0A443S7Q0-F1-model_v6.cif,1.0
1762,A0A443S9C9,/home/s241850073/igem2026/results/clipzyme_native_extension_v1/structures/af_v6/AF-A0A443S9C9-F1-model_v6.cif,1.0
1763,A0A443SAL1,/home/s241850073/igem2026/results/clipzyme_native_extension_v1/structures/af_v6/AF-A0A443SAL1-F1-model_v6.cif,1.0
1764,A0A443SF39,/home/s241850073/igem2026/results/clipzyme_native_extension_v1/structures/af_v6/AF-A0A443SF39-F1-model_v6.cif,0.99999994
1765,A0A443SJ25,/home/s241850073/igem2026/results/clipzyme_native_extension_v1/structures/af_v6/AF-A0A443SJ25-F1-model_v6.cif,1.0
1766,A0A443SNJ3,/home/s241850073/igem2026/results/clipzyme_native_extension_v1/structures/af_v6/AF-A0A443SNJ3-F1-model_v6.cif,1.0
1767,A0A444X1M7,/home/s241850073/igem2026/results/clipzyme_native_extension_v1/structures/af_v6/AF-A0A444X1M7-F1-model_v6.cif,1.0
1768,A0A444Y6P2,/home/s241850073/igem2026/results/clipzyme_native_extension_v1/structures/af_v6/AF-A0A444Y6P2-F1-model_v6.cif,1.0000001
1769,A0A444Y6P9,/home/s241850073/igem2026/results/clipzyme_native_extension_v1/structures/af_v6/AF-A0A444Y6P9-F1-model_v6.cif,1.0
1770,A0A444Y6T4,/home/s241850073/igem2026/results/clipzyme_native_extension_v1/structures/af_v6/AF-A0A444Y6T4-F1-model_v6.cif,1.0
1771,A0A444YZ98,/home/s241850073/igem2026/results/clipzyme_native_extension_v1/structures/af_v6/AF-A0A444YZ98-F1-model_v6.cif,1.0
1772,A0A445CHT8,/home/s241850073/igem2026/results/clipzyme_native_extension_v1/structures/af_v6/AF-A0A445CHT8-F1-model_v6.cif,0.99999994
1773,A0A445D379,/home/s241850073/igem2026/results/clipzyme_native_extension_v1/structures/af_v6/AF-A0A445D379-F1-model_v6.cif,1.0
1774,A0A445EWH5,/home/s241850073/igem2026/results/clipzyme_native_extension_v1/structures/af_v6/AF-A0A445EWH5-F1-model_v6.cif,0.99999994
1775,A0A445HPN3,/home/s241850073/igem2026/results/clipzyme_native_extension_v1/structures/af_v6/AF-A0A445HPN3-F1-model_v6.cif,1.0
1776,A0A445IC77,/home/s241850073/igem2026/results/clipzyme_native_extension_v1/structures/af_v6/AF-A0A445IC77-F1-model_v6.cif,0.99999994
1777,A0A445JYT6,/home/s241850073/igem2026/results/clipzyme_native_extension_v1/structures/af_v6/AF-A0A445JYT6-F1-model_v6.cif,1.0
1778,A0A453A766,/home/s241850073/igem2026/results/clipzyme_native_extension_v1/structures/af_v6/AF-A0A453A766-F1-model_v6.cif,0.99999994
1779,A0A453A772,/home/s241850073/igem2026/results/clipzyme_native_extension_v1/structures/af_v6/AF-A0A453A772-F1-model_v6.cif,1.0
1780,A0A453A7F1,/home/s241850073/igem2026/results/clipzyme_native_extension_v1/structures/af_v6/AF-A0A453A7F1-F1-model_v6.cif,0.99999994
1781,A0A453A9E6,/home/s241850073/igem2026/results/clipzyme_native_extension_v1/structures/af_v6/AF-A0A453A9E6-F1-model_v6.cif,0.99999994
1782,A0A453A9G7,/home/s241850073/igem2026/results/clipzyme_native_extension_v1/structures/af_v6/AF-A0A453A9G7-F1-model_v6.cif,1.0
1783,A0A453AA99,/home/s241850073/igem2026/results/clipzyme_native_extension_v1/structures/af_v6/AF-A0A453AA99-F1-model_v6.cif,1.0
1784,A0A453AAA9,/home/s241850073/igem2026/results/clipzyme_native_extension_v1/structures/af_v6/AF-A0A453AAA9-F1-model_v6.cif,1.0
1785,A0A453AAD1,/home/s241850073/igem2026/results/clipzyme_native_extension_v1/structures/af_v6/AF-A0A453AAD1-F1-model_v6.cif,0.99999994
1786,A0A453AAH8,/home/s241850073/igem2026/results/clipzyme_native_extension_v1/structures/af_v6/AF-A0A453AAH8-F1-model_v6.cif,1.0
1787,A0A453AVV9,/home/s241850073/igem2026/results/clipzyme_native_extension_v1/structures/af_v6/AF-A0A453AVV9-F1-model_v6.cif,1.0
1788,A0A453CRE0,/home/s241850073/igem2026/results/clipzyme_native_extension_v1/structures/af_v6/AF-A0A453CRE0-F1-model_v6.cif,1.0
1789,A0A453CRK0,/home/s241850073/igem2026/results/clipzyme_native_extension_v1/structures/af_v6/AF-A0A453CRK0-F1-model_v6.cif,0.99999994
1790,A0A453CRP6,/home/s241850073/igem2026/results/clipzyme_native_extension_v1/structures/af_v6/AF-A0A453CRP6-F1-model_v6.cif,1.0
1791,A0A453CRP8,/home/s241850073/igem2026/results/clipzyme_native_extension_v1/structures/af_v6/AF-A0A453CRP8-F1-model_v6.cif,1.0
1792,A0A453CRS0,/home/s241850073/igem2026/results/clipzyme_native_extension_v1/structures/af_v6/AF-A0A453CRS0-F1-model_v6.cif,0.9999999
1793,A0A453D1D2,/home/s241850073/igem2026/results/clipzyme_native_extension_v1/structures/af_v6/AF-A0A453D1D2-F1-model_v6.cif,1.0
1794,A0A453DQZ5,/home/s241850073/igem2026/results/clipzyme_native_extension_v1/structures/af_v6/AF-A0A453DQZ5-F1-model_v6.cif,1.0
1795,A0A453DR01,/home/s241850073/igem2026/results/clipzyme_native_extension_v1/structures/af_v6/AF-A0A453DR01-F1-model_v6.cif,0.99999994
1796,A0A453GXP9,/home/s241850073/igem2026/results/clipzyme_native_extension_v1/structures/af_v6/AF-A0A453GXP9-F1-model_v6.cif,1.0
1797,A0A453JFI8,/home/s241850073/igem2026/results/clipzyme_native_extension_v1/structures/af_v6/AF-A0A453JFI8-F1-model_v6.cif,1.0
1798,A0A453JI67,/home/s241850073/igem2026/results/clipzyme_native_extension_v1/structures/af_v6/AF-A0A453JI67-F1-model_v6.cif,1.0
1799,A0A453JIJ8,/home/s241850073/igem2026/results/clipzyme_native_extension_v1/structures/af_v6/AF-A0A453JIJ8-F1-model_v6.cif,1.0
1800,A0A453MP35,/home/s241850073/igem2026/results/clipzyme_native_extension_v1/structures/af_v6/AF-A0A453MP35-F1-model_v6.cif,1.0
1801,A0A453MW16,/home/s241850073/igem2026/results/clipzyme_native_extension_v1/structures/af_v6/AF-A0A453MW16-F1-model_v6.cif,1.0
1802,A0A453N0F4,/home/s241850073/igem2026/results/clipzyme_native_extension_v1/structures/af_v6/AF-A0A453N0F4-F1-model_v6.cif,1.0
1803,A0A453N9E3,/home/s241850073/igem2026/results/clipzyme_native_extension_v1/structures/af_v6/AF-A0A453N9E3-F1-model_v6.cif,1.0
1804,A0A453N9G3,/home/s241850073/igem2026/results/clipzyme_native_extension_v1/structures/af_v6/AF-A0A453N9G3-F1-model_v6.cif,1.0
1805,A0A453N9H5,/home/s241850073/igem2026/results/clipzyme_native_extension_v1/structures/af_v6/AF-A0A453N9H5-F1-model_v6.cif,1.0
1806,A0A453N9K0,/home/s241850073/igem2026/results/clipzyme_native_extension_v1/structures/af_v6/AF-A0A453N9K0-F1-model_v6.cif,1.0
1807,A0A453NQH7,/home/s241850073/igem2026/results/clipzyme_native_extension_v1/structures/af_v6/AF-A0A453NQH7-F1-model_v6.cif,1.0
1808,A0A453NR29,/home/s241850073/igem2026/results/clipzyme_native_extension_v1/structures/af_v6/AF-A0A453NR29-F1-model_v6.cif,1.0
1809,A0A453Q9P3,/home/s241850073/igem2026/results/clipzyme_native_extension_v1/structures/af_v6/AF-A0A453Q9P3-F1-model_v6.cif,1.0
1810,A0A453R3K2,/home/s241850073/igem2026/results/clipzyme_native_extension_v1/structures/af_v6/AF-A0A453R3K2-F1-model_v6.cif,0.99999994
1811,A0A453R3L4,/home/s241850073/igem2026/results/clipzyme_native_extension_v1/structures/af_v6/AF-A0A453R3L4-F1-model_v6.cif,1.0
1812,A0A453RGG6,/home/s241850073/igem2026/results/clipzyme_native_extension_v1/structures/af_v6/AF-A0A453RGG6-F1-model_v6.cif,1.0
1813,A0A453T3M7,/home/s241850073/igem2026/results/clipzyme_native_extension_v1/structures/af_v6/AF-A0A453T3M7-F1-model_v6.cif,1.0
1814,A0A455B371,/home/s241850073/igem2026/results/clipzyme_native_extension_v1/structures/af_v6/AF-A0A455B371-F1-model_v6.cif,1.0
1815,A0A482AL43,/home/s241850073/igem2026/results/clipzyme_native_extension_v1/structures/af_v6/AF-A0A482AL43-F1-model_v6.cif,1.0
1816,A0A482AQY0,/home/s241850073/igem2026/results/clipzyme_native_extension_v1/structures/af_v6/AF-A0A482AQY0-F1-model_v6.cif,1.0
1817,A0A483D000,/home/s241850073/igem2026/results/clipzyme_native_extension_v1/structures/af_v6/AF-A0A483D000-F1-model_v6.cif,1.0
1818,A0A484KCE2,/home/s241850073/igem2026/results/clipzyme_native_extension_v1/structures/af_v6/AF-A0A484KCE2-F1-model_v6.cif,1.0
1819,A0A484KJR6,/home/s241850073/igem2026/results/clipzyme_native_extension_v1/structures/af_v6/AF-A0A484KJR6-F1-model_v6.cif,1.0
1820,A0A484L7A0,/home/s241850073/igem2026/results/clipzyme_native_extension_v1/structures/af_v6/AF-A0A484L7A0-F1-model_v6.cif,1.0
1821,A0A484M8D2,/home/s241850073/igem2026/results/clipzyme_native_extension_v1/structures/af_v6/AF-A0A484M8D2-F1-model_v6.cif,1.0
1822,A0A484MUI3,/home/s241850073/igem2026/results/clipzyme_native_extension_v1/structures/af_v6/AF-A0A484MUI3-F1-model_v6.cif,1.0
1823,A0A485K3V5,/home/s241850073/igem2026/results/clipzyme_native_extension_v1/structures/af_v6/AF-A0A485K3V5-F1-model_v6.cif,0.99999994
1824,A0A485MVH6,/home/s241850073/igem2026/results/clipzyme_native_extension_v1/structures/af_v6/AF-A0A485MVH6-F1-model_v6.cif,1.0
1825,A0A495JMV3,/home/s241850073/igem2026/results/clipzyme_native_extension_v1/structures/af_v6/AF-A0A495JMV3-F1-model_v6.cif,1.0
1826,A0A495VYF5,/home/s241850073/igem2026/results/clipzyme_native_extension_v1/structures/af_v6/AF-A0A495VYF5-F1-model_v6.cif,0.99999994
1827,A0A498H842,/home/s241850073/igem2026/results/clipzyme_native_extension_v1/structures/af_v6/AF-A0A498H842-F1-model_v6.cif,0.9999999
1828,A0A498H9H7,/home/s241850073/igem2026/results/clipzyme_native_extension_v1/structures/af_v6/AF-A0A498H9H7-F1-model_v6.cif,0.99999994
1829,A0A498HZB1,/home/s241850073/igem2026/results/clipzyme_native_extension_v1/structures/af_v6/AF-A0A498HZB1-F1-model_v6.cif,0.99999994
1830,A0A498I6F6,/home/s241850073/igem2026/results/clipzyme_native_extension_v1/structures/af_v6/AF-A0A498I6F6-F1-model_v6.cif,1.0
1831,A0A498IKV2,/home/s241850073/igem2026/results/clipzyme_native_extension_v1/structures/af_v6/AF-A0A498IKV2-F1-model_v6.cif,1.0
1832,A0A498J8U5,/home/s241850073/igem2026/results/clipzyme_native_extension_v1/structures/af_v6/AF-A0A498J8U5-F1-model_v6.cif,1.0
1833,A0A498K5Y3,/home/s241850073/igem2026/results/clipzyme_native_extension_v1/structures/af_v6/AF-A0A498K5Y3-F1-model_v6.cif,1.0
1834,A0A498K7U6,/home/s241850073/igem2026/results/clipzyme_native_extension_v1/structures/af_v6/AF-A0A498K7U6-F1-model_v6.cif,1.0
1835,A0A498KC37,/home/s241850073/igem2026/results/clipzyme_native_extension_v1/structures/af_v6/AF-A0A498KC37-F1-model_v6.cif,1.0
1836,A0A498Q128,/home/s241850073/igem2026/results/clipzyme_native_extension_v1/structures/af_v6/AF-A0A498Q128-F1-model_v6.cif,1.0
1837,A0A4D4KJV3,/home/s241850073/igem2026/results/clipzyme_native_extension_v1/structures/af_v6/AF-A0A4D4KJV3-F1-model_v6.cif,1.0
1838,A0A4D4KK91,/home/s241850073/igem2026/results/clipzyme_native_extension_v1/structures/af_v6/AF-A0A4D4KK91-F1-model_v6.cif,1.0
1839,A0A4D6LHT2,/home/s241850073/igem2026/results/clipzyme_native_extension_v1/structures/af_v6/AF-A0A4D6LHT2-F1-model_v6.cif,1.0
1840,A0A4D6M090,/home/s241850073/igem2026/results/clipzyme_native_extension_v1/structures/af_v6/AF-A0A4D6M090-F1-model_v6.cif,1.0
1841,A0A4D6MTX5,/home/s241850073/igem2026/results/clipzyme_native_extension_v1/structures/af_v6/AF-A0A4D6MTX5-F1-model_v6.cif,0.99999994
1842,A0A4P2VK97,/home/s241850073/igem2026/results/clipzyme_native_extension_v1/structures/af_v6/AF-A0A4P2VK97-F1-model_v6.cif,1.0
1843,A0A4P8PGL5,/home/s241850073/igem2026/results/clipzyme_native_extension_v1/structures/af_v6/AF-A0A4P8PGL5-F1-model_v6.cif,1.0
1844,A0A4P8XTR8,/home/s241850073/igem2026/results/clipzyme_native_extension_v1/structures/af_v6/AF-A0A4P8XTR8-F1-model_v6.cif,0.99999994
1845,A0A4P8YM49,/home/s241850073/igem2026/results/clipzyme_native_extension_v1/structures/af_v6/AF-A0A4P8YM49-F1-model_v6.cif,1.0
1846,A0A4P9TCJ5,/home/s241850073/igem2026/results/clipzyme_native_extension_v1/structures/af_v6/AF-A0A4P9TCJ5-F1-model_v6.cif,0.99999994
1847,A0A4Q2D257,/home/s241850073/igem2026/results/clipzyme_native_extension_v1/structures/af_v6/AF-A0A4Q2D257-F1-model_v6.cif,0.9999999
1848,A0A4Q2D8K0,/home/s241850073/igem2026/results/clipzyme_native_extension_v1/structures/af_v6/AF-A0A4Q2D8K0-F1-model_v6.cif,1.0
1849,A0A4Q7KBL2,/home/s241850073/igem2026/results/clipzyme_native_extension_v1/structures/af_v6/AF-A0A4Q7KBL2-F1-model_v6.cif,1.0
1850,A0A4Q9NT47,/home/s241850073/igem2026/results/clipzyme_native_extension_v1/structures/af_v6/AF-A0A4Q9NT47-F1-model_v6.cif,1.0
1851,A0A4Q9PW93,/home/s241850073/igem2026/results/clipzyme_native_extension_v1/structures/af_v6/AF-A0A4Q9PW93-F1-model_v6.cif,1.0
1852,A0A4R0R5I2,/home/s241850073/igem2026/results/clipzyme_native_extension_v1/structures/af_v6/AF-A0A4R0R5I2-F1-model_v6.cif,1.0
1853,A0A4R0R7D5,/home/s241850073/igem2026/results/clipzyme_native_extension_v1/structures/af_v6/AF-A0A4R0R7D5-F1-model_v6.cif,1.0
1854,A0A4R0RDE1,/home/s241850073/igem2026/results/clipzyme_native_extension_v1/structures/af_v6/AF-A0A4R0RDE1-F1-model_v6.cif,1.0
1855,A0A4R0S0V8,/home/s241850073/igem2026/results/clipzyme_native_extension_v1/structures/af_v6/AF-A0A4R0S0V8-F1-model_v6.cif,0.99999994
1856,A0A4R2N966,/home/s241850073/igem2026/results/clipzyme_native_extension_v1/structures/af_v6/AF-A0A4R2N966-F1-model_v6.cif,1.0
1857,A0A4R2NL94,/home/s241850073/igem2026/results/clipzyme_native_extension_v1/structures/af_v6/AF-A0A4R2NL94-F1-model_v6.cif,1.0
1858,A0A4R2Q139,/home/s241850073/igem2026/results/clipzyme_native_extension_v1/structures/af_v6/AF-A0A4R2Q139-F1-model_v6.cif,0.99999994
1859,A0A4R4SNB0,/home/s241850073/igem2026/results/clipzyme_native_extension_v1/structures/af_v6/AF-A0A4R4SNB0-F1-model_v6.cif,0.99999994
1860,A0A4R4URQ0,/home/s241850073/igem2026/results/clipzyme_native_extension_v1/structures/af_v6/AF-A0A4R4URQ0-F1-model_v6.cif,0.99999994
1861,A0A4R4V569,/home/s241850073/igem2026/results/clipzyme_native_extension_v1/structures/af_v6/AF-A0A4R4V569-F1-model_v6.cif,1.0
1862,A0A4R4VD79,/home/s241850073/igem2026/results/clipzyme_native_extension_v1/structures/af_v6/AF-A0A4R4VD79-F1-model_v6.cif,0.99999994
1863,A0A4R4VDA4,/home/s241850073/igem2026/results/clipzyme_native_extension_v1/structures/af_v6/AF-A0A4R4VDA4-F1-model_v6.cif,0.99999994
1864,A0A4R4XRR6,/home/s241850073/igem2026/results/clipzyme_native_extension_v1/structures/af_v6/AF-A0A4R4XRR6-F1-model_v6.cif,1.0
1865,A0A4R4XYA8,/home/s241850073/igem2026/results/clipzyme_native_extension_v1/structures/af_v6/AF-A0A4R4XYA8-F1-model_v6.cif,1.0
1866,A0A4R4ZI09,/home/s241850073/igem2026/results/clipzyme_native_extension_v1/structures/af_v6/AF-A0A4R4ZI09-F1-model_v6.cif,1.0
1867,A0A4R5A1H8,/home/s241850073/igem2026/results/clipzyme_native_extension_v1/structures/af_v6/AF-A0A4R5A1H8-F1-model_v6.cif,1.0
1868,A0A4R5A5J5,/home/s241850073/igem2026/results/clipzyme_native_extension_v1/structures/af_v6/AF-A0A4R5A5J5-F1-model_v6.cif,1.0
1869,A0A4R5AQB0,/home/s241850073/igem2026/results/clipzyme_native_extension_v1/structures/af_v6/AF-A0A4R5AQB0-F1-model_v6.cif,0.99999994
1870,A0A4R5BGK6,/home/s241850073/igem2026/results/clipzyme_native_extension_v1/structures/af_v6/AF-A0A4R5BGK6-F1-model_v6.cif,0.99999994
1871,A0A4R5BKY4,/home/s241850073/igem2026/results/clipzyme_native_extension_v1/structures/af_v6/AF-A0A4R5BKY4-F1-model_v6.cif,1.0
1872,A0A4R5BLQ2,/home/s241850073/igem2026/results/clipzyme_native_extension_v1/structures/af_v6/AF-A0A4R5BLQ2-F1-model_v6.cif,1.0000001
1873,A0A4R5C837,/home/s241850073/igem2026/results/clipzyme_native_extension_v1/structures/af_v6/AF-A0A4R5C837-F1-model_v6.cif,1.0
1874,A0A4R5USK1,/home/s241850073/igem2026/results/clipzyme_native_extension_v1/structures/af_v6/AF-A0A4R5USK1-F1-model_v6.cif,1.0
1875,A0A4R5VEI6,/home/s241850073/igem2026/results/clipzyme_native_extension_v1/structures/af_v6/AF-A0A4R5VEI6-F1-model_v6.cif,1.0
1876,A0A4R6SD66,/home/s241850073/igem2026/results/clipzyme_native_extension_v1/structures/af_v6/AF-A0A4R6SD66-F1-model_v6.cif,1.0
1877,A0A4R7W323,/home/s241850073/igem2026/results/clipzyme_native_extension_v1/structures/af_v6/AF-A0A4R7W323-F1-model_v6.cif,0.99999994
1878,A0A4R8DGV2,/home/s241850073/igem2026/results/clipzyme_native_extension_v1/structures/af_v6/AF-A0A4R8DGV2-F1-model_v6.cif,1.0
1879,A0A4R8DHV7,/home/s241850073/igem2026/results/clipzyme_native_extension_v1/structures/af_v6/AF-A0A4R8DHV7-F1-model_v6.cif,1.0
1880,A0A4R8DHZ9,/home/s241850073/igem2026/results/clipzyme_native_extension_v1/structures/af_v6/AF-A0A4R8DHZ9-F1-model_v6.cif,0.99999994
1881,A0A4R8DI40,/home/s241850073/igem2026/results/clipzyme_native_extension_v1/structures/af_v6/AF-A0A4R8DI40-F1-model_v6.cif,1.0
1882,A0A4R8DIS8,/home/s241850073/igem2026/results/clipzyme_native_extension_v1/structures/af_v6/AF-A0A4R8DIS8-F1-model_v6.cif,0.9999999
1883,A0A4R8PRY0,/home/s241850073/igem2026/results/clipzyme_native_extension_v1/structures/af_v6/AF-A0A4R8PRY0-F1-model_v6.cif,1.0
1884,A0A4R8QRZ3,/home/s241850073/igem2026/results/clipzyme_native_extension_v1/structures/af_v6/AF-A0A4R8QRZ3-F1-model_v6.cif,1.0
1885,A0A4S2MYE7,/home/s241850073/igem2026/results/clipzyme_native_extension_v1/structures/af_v6/AF-A0A4S2MYE7-F1-model_v6.cif,1.0
1886,A0A4S3J6H8,/home/s241850073/igem2026/results/clipzyme_native_extension_v1/structures/af_v6/AF-A0A4S3J6H8-F1-model_v6.cif,1.0
1887,A0A4S3J6S2,/home/s241850073/igem2026/results/clipzyme_native_extension_v1/structures/af_v6/AF-A0A4S3J6S2-F1-model_v6.cif,1.0
1888,A0A4S3JJS7,/home/s241850073/igem2026/results/clipzyme_native_extension_v1/structures/af_v6/AF-A0A4S3JJS7-F1-model_v6.cif,1.0
1889,A0A4S4CZA9,/home/s241850073/igem2026/results/clipzyme_native_extension_v1/structures/af_v6/AF-A0A4S4CZA9-F1-model_v6.cif,1.0
1890,A0A4S4DE02,/home/s241850073/igem2026/results/clipzyme_native_extension_v1/structures/af_v6/AF-A0A4S4DE02-F1-model_v6.cif,0.99999994
1891,A0A4S4DF06,/home/s241850073/igem2026/results/clipzyme_native_extension_v1/structures/af_v6/AF-A0A4S4DF06-F1-model_v6.cif,1.0
1892,A0A4S4DFA0,/home/s241850073/igem2026/results/clipzyme_native_extension_v1/structures/af_v6/AF-A0A4S4DFA0-F1-model_v6.cif,1.0
1893,A0A4S4DFW0,/home/s241850073/igem2026/results/clipzyme_native_extension_v1/structures/af_v6/AF-A0A4S4DFW0-F1-model_v6.cif,1.0
1894,A0A4S4DGE4,/home/s241850073/igem2026/results/clipzyme_native_extension_v1/structures/af_v6/AF-A0A4S4DGE4-F1-model_v6.cif,0.99999994
1895,A0A4S4DHA5,/home/s241850073/igem2026/results/clipzyme_native_extension_v1/structures/af_v6/AF-A0A4S4DHA5-F1-model_v6.cif,1.0
1896,A0A4S4DIE4,/home/s241850073/igem2026/results/clipzyme_native_extension_v1/structures/af_v6/AF-A0A4S4DIE4-F1-model_v6.cif,1.0
1897,A0A4S4DJF1,/home/s241850073/igem2026/results/clipzyme_native_extension_v1/structures/af_v6/AF-A0A4S4DJF1-F1-model_v6.cif,1.0
1898,A0A4S4DL44,/home/s241850073/igem2026/results/clipzyme_native_extension_v1/structures/af_v6/AF-A0A4S4DL44-F1-model_v6.cif,1.0
1899,A0A4S4DQK7,/home/s241850073/igem2026/results/clipzyme_native_extension_v1/structures/af_v6/AF-A0A4S4DQK7-F1-model_v6.cif,0.99999994
1900,A0A4S4DSS5,/home/s241850073/igem2026/results/clipzyme_native_extension_v1/structures/af_v6/AF-A0A4S4DSS5-F1-model_v6.cif,1.0
1901,A0A4S4E020,/home/s241850073/igem2026/results/clipzyme_native_extension_v1/structures/af_v6/AF-A0A4S4E020-F1-model_v6.cif,1.0
1902,A0A4S4E1Z0,/home/s241850073/igem2026/results/clipzyme_native_extension_v1/structures/af_v6/AF-A0A4S4E1Z0-F1-model_v6.cif,1.0
1903,A0A4S4E6Q5,/home/s241850073/igem2026/results/clipzyme_native_extension_v1/structures/af_v6/AF-A0A4S4E6Q5-F1-model_v6.cif,1.0
1904,A0A4S4E6Q6,/home/s241850073/igem2026/results/clipzyme_native_extension_v1/structures/af_v6/AF-A0A4S4E6Q6-F1-model_v6.cif,0.99999994
1905,A0A4S4EAH8,/home/s241850073/igem2026/results/clipzyme_native_extension_v1/structures/af_v6/AF-A0A4S4EAH8-F1-model_v6.cif,0.99999994
1906,A0A4S4EEH8,/home/s241850073/igem2026/results/clipzyme_native_extension_v1/structures/af_v6/AF-A0A4S4EEH8-F1-model_v6.cif,1.0
1907,A0A4S4EFM5,/home/s241850073/igem2026/results/clipzyme_native_extension_v1/structures/af_v6/AF-A0A4S4EFM5-F1-model_v6.cif,1.0
1908,A0A4S4ERZ7,/home/s241850073/igem2026/results/clipzyme_native_extension_v1/structures/af_v6/AF-A0A4S4ERZ7-F1-model_v6.cif,0.9999999
1909,A0A4S4EVZ3,/home/s241850073/igem2026/results/clipzyme_native_extension_v1/structures/af_v6/AF-A0A4S4EVZ3-F1-model_v6.cif,1.0
1910,A0A4S4F1X8,/home/s241850073/igem2026/results/clipzyme_native_extension_v1/structures/af_v6/AF-A0A4S4F1X8-F1-model_v6.cif,0.99999994
1911,A0A4S4F2L2,/home/s241850073/igem2026/results/clipzyme_native_extension_v1/structures/af_v6/AF-A0A4S4F2L2-F1-model_v6.cif,1.0
1912,A0A4S4F2R7,/home/s241850073/igem2026/results/clipzyme_native_extension_v1/structures/af_v6/AF-A0A4S4F2R7-F1-model_v6.cif,0.99999994
1913,A0A4S4KD70,/home/s241850073/igem2026/results/clipzyme_native_extension_v1/structures/af_v6/AF-A0A4S4KD70-F1-model_v6.cif,0.99999994
1914,A0A4S4KU58,/home/s241850073/igem2026/results/clipzyme_native_extension_v1/structures/af_v6/AF-A0A4S4KU58-F1-model_v6.cif,1.0
1915,A0A4S4KYR2,/home/s241850073/igem2026/results/clipzyme_native_extension_v1/structures/af_v6/AF-A0A4S4KYR2-F1-model_v6.cif,0.99999994
1916,A0A4S4L887,/home/s241850073/igem2026/results/clipzyme_native_extension_v1/structures/af_v6/AF-A0A4S4L887-F1-model_v6.cif,0.99999994
1917,A0A4S4L8X7,/home/s241850073/igem2026/results/clipzyme_native_extension_v1/structures/af_v6/AF-A0A4S4L8X7-F1-model_v6.cif,1.0
1918,A0A4S4LGA8,/home/s241850073/igem2026/results/clipzyme_native_extension_v1/structures/af_v6/AF-A0A4S4LGA8-F1-model_v6.cif,1.0
1919,A0A4S4LH26,/home/s241850073/igem2026/results/clipzyme_native_extension_v1/structures/af_v6/AF-A0A4S4LH26-F1-model_v6.cif,0.99999994
1920,A0A4S4LHX7,/home/s241850073/igem2026/results/clipzyme_native_extension_v1/structures/af_v6/AF-A0A4S4LHX7-F1-model_v6.cif,0.99999994
1921,A0A4S4LJT5,/home/s241850073/igem2026/results/clipzyme_native_extension_v1/structures/af_v6/AF-A0A4S4LJT5-F1-model_v6.cif,1.0
1922,A0A4S4LZM3,/home/s241850073/igem2026/results/clipzyme_native_extension_v1/structures/af_v6/AF-A0A4S4LZM3-F1-model_v6.cif,0.99999994
1923,A0A4S8I6X4,/home/s241850073/igem2026/results/clipzyme_native_extension_v1/structures/af_v6/AF-A0A4S8I6X4-F1-model_v6.cif,1.0
1924,A0A4S8JC95,/home/s241850073/igem2026/results/clipzyme_native_extension_v1/structures/af_v6/AF-A0A4S8JC95-F1-model_v6.cif,1.0
1925,A0A4S8JES1,/home/s241850073/igem2026/results/clipzyme_native_extension_v1/structures/af_v6/AF-A0A4S8JES1-F1-model_v6.cif,1.0
1926,A0A4S8JFN8,/home/s241850073/igem2026/results/clipzyme_native_extension_v1/structures/af_v6/AF-A0A4S8JFN8-F1-model_v6.cif,1.0
1927,A0A4S8KAA0,/home/s241850073/igem2026/results/clipzyme_native_extension_v1/structures/af_v6/AF-A0A4S8KAA0-F1-model_v6.cif,0.99999994
1928,A0A4S8KLE0,/home/s241850073/igem2026/results/clipzyme_native_extension_v1/structures/af_v6/AF-A0A4S8KLE0-F1-model_v6.cif,1.0
1929,A0A4S8KR29,/home/s241850073/igem2026/results/clipzyme_native_extension_v1/structures/af_v6/AF-A0A4S8KR29-F1-model_v6.cif,0.99999994
1930,A0A4S8KW83,/home/s241850073/igem2026/results/clipzyme_native_extension_v1/structures/af_v6/AF-A0A4S8KW83-F1-model_v6.cif,1.0
1931,A0A4S8KY02,/home/s241850073/igem2026/results/clipzyme_native_extension_v1/structures/af_v6/AF-A0A4S8KY02-F1-model_v6.cif,1.0
1932,A0A4S8MCF9,/home/s241850073/igem2026/results/clipzyme_native_extension_v1/structures/af_v6/AF-A0A4S8MCF9-F1-model_v6.cif,1.0
1933,A0A4S8MRR9,/home/s241850073/igem2026/results/clipzyme_native_extension_v1/structures/af_v6/AF-A0A4S8MRR9-F1-model_v6.cif,1.0
1934,A0A4S8NML6,/home/s241850073/igem2026/results/clipzyme_native_extension_v1/structures/af_v6/AF-A0A4S8NML6-F1-model_v6.cif,1.0
1935,A0A4S8P9R1,/home/s241850073/igem2026/results/clipzyme_native_extension_v1/structures/af_v6/AF-A0A4S8P9R1-F1-model_v6.cif,1.0
1936,A0A4S8REW6,/home/s241850073/igem2026/results/clipzyme_native_extension_v1/structures/af_v6/AF-A0A4S8REW6-F1-model_v6.cif,1.0000001
1937,A0A4U0NR36,/home/s241850073/igem2026/results/clipzyme_native_extension_v1/structures/af_v6/AF-A0A4U0NR36-F1-model_v6.cif,1.0
1938,A0A4U0NRJ7,/home/s241850073/igem2026/results/clipzyme_native_extension_v1/structures/af_v6/AF-A0A4U0NRJ7-F1-model_v6.cif,0.99999994
1939,A0A4U0XQP2,/home/s241850073/igem2026/results/clipzyme_native_extension_v1/structures/af_v6/AF-A0A4U0XQP2-F1-model_v6.cif,0.99999994
1940,A0A4U1JKP2,/home/s241850073/igem2026/results/clipzyme_native_extension_v1/structures/af_v6/AF-A0A4U1JKP2-F1-model_v6.cif,1.0
1941,A0A4U3MB96,/home/s241850073/igem2026/results/clipzyme_native_extension_v1/structures/af_v6/AF-A0A4U3MB96-F1-model_v6.cif,1.0
1942,A0A4U3MRG0,/home/s241850073/igem2026/results/clipzyme_native_extension_v1/structures/af_v6/AF-A0A4U3MRG0-F1-model_v6.cif,0.99999994
1943,A0A4U6T3F1,/home/s241850073/igem2026/results/clipzyme_native_extension_v1/structures/af_v6/AF-A0A4U6T3F1-F1-model_v6.cif,1.0
1944,A0A4U6TCR5,/home/s241850073/igem2026/results/clipzyme_native_extension_v1/structures/af_v6/AF-A0A4U6TCR5-F1-model_v6.cif,1.0
1945,A0A4U6TMJ4,/home/s241850073/igem2026/results/clipzyme_native_extension_v1/structures/af_v6/AF-A0A4U6TMJ4-F1-model_v6.cif,0.99999994
1946,A0A4U6V6D5,/home/s241850073/igem2026/results/clipzyme_native_extension_v1/structures/af_v6/AF-A0A4U6V6D5-F1-model_v6.cif,0.99999994
1947,A0A4U6VIU5,/home/s241850073/igem2026/results/clipzyme_native_extension_v1/structures/af_v6/AF-A0A4U6VIU5-F1-model_v6.cif,1.0
1948,A0A4U6VJW3,/home/s241850073/igem2026/results/clipzyme_native_extension_v1/structures/af_v6/AF-A0A4U6VJW3-F1-model_v6.cif,1.0
1949,A0A4U6W1J1,/home/s241850073/igem2026/results/clipzyme_native_extension_v1/structures/af_v6/AF-A0A4U6W1J1-F1-model_v6.cif,1.0
1950,A0A4U6W9B1,/home/s241850073/igem2026/results/clipzyme_native_extension_v1/structures/af_v6/AF-A0A4U6W9B1-F1-model_v6.cif,1.0
1951,A0A4U6XBY8,/home/s241850073/igem2026/results/clipzyme_native_extension_v1/structures/af_v6/AF-A0A4U6XBY8-F1-model_v6.cif,1.0
1952,A0A4V2UTQ9,/home/s241850073/igem2026/results/clipzyme_native_extension_v1/structures/af_v6/AF-A0A4V2UTQ9-F1-model_v6.cif,1.0
1953,A0A4V2YK42,/home/s241850073/igem2026/results/clipzyme_native_extension_v1/structures/af_v6/AF-A0A4V2YK42-F1-model_v6.cif,1.0
1954,A0A4V2YYW4,/home/s241850073/igem2026/results/clipzyme_native_extension_v1/structures/af_v6/AF-A0A4V2YYW4-F1-model_v6.cif,1.0
1955,A0A4V2YZF6,/home/s241850073/igem2026/results/clipzyme_native_extension_v1/structures/af_v6/AF-A0A4V2YZF6-F1-model_v6.cif,1.0
1956,A0A4V3HR28,/home/s241850073/igem2026/results/clipzyme_native_extension_v1/structures/af_v6/AF-A0A4V3HR28-F1-model_v6.cif,1.0
1957,A0A4V3WPB5,/home/s241850073/igem2026/results/clipzyme_native_extension_v1/structures/af_v6/AF-A0A4V3WPB5-F1-model_v6.cif,0.99999994
1958,A0A4V4H2G0,/home/s241850073/igem2026/results/clipzyme_native_extension_v1/structures/af_v6/AF-A0A4V4H2G0-F1-model_v6.cif,1.0
1959,A0A4V4H6H9,/home/s241850073/igem2026/results/clipzyme_native_extension_v1/structures/af_v6/AF-A0A4V4H6H9-F1-model_v6.cif,1.0
1960,A0A4V4HAM1,/home/s241850073/igem2026/results/clipzyme_native_extension_v1/structures/af_v6/AF-A0A4V4HAM1-F1-model_v6.cif,0.99999994
1961,A0A4V4HCF5,/home/s241850073/igem2026/results/clipzyme_native_extension_v1/structures/af_v6/AF-A0A4V4HCF5-F1-model_v6.cif,1.0
1962,A0A4V6RY90,/home/s241850073/igem2026/results/clipzyme_native_extension_v1/structures/af_v6/AF-A0A4V6RY90-F1-model_v6.cif,1.0
1963,A0A4Y5QWA6,/home/s241850073/igem2026/results/clipzyme_native_extension_v1/structures/af_v6/AF-A0A4Y5QWA6-F1-model_v6.cif,1.0
1964,A0A4Y5QWK5,/home/s241850073/igem2026/results/clipzyme_native_extension_v1/structures/af_v6/AF-A0A4Y5QWK5-F1-model_v6.cif,1.0
1965,A0A4Y5QZ62,/home/s241850073/igem2026/results/clipzyme_native_extension_v1/structures/af_v6/AF-A0A4Y5QZ62-F1-model_v6.cif,0.99999994
1966,A0A4Y6JKQ0,/home/s241850073/igem2026/results/clipzyme_native_extension_v1/structures/af_v6/AF-A0A4Y6JKQ0-F1-model_v6.cif,0.99999994
1967,A0A4Y7IEP0,/home/s241850073/igem2026/results/clipzyme_native_extension_v1/structures/af_v6/AF-A0A4Y7IEP0-F1-model_v6.cif,1.0
1968,A0A4Y7IYW8,/home/s241850073/igem2026/results/clipzyme_native_extension_v1/structures/af_v6/AF-A0A4Y7IYW8-F1-model_v6.cif,0.99999994
1969,A0A4Y7JAI4,/home/s241850073/igem2026/results/clipzyme_native_extension_v1/structures/af_v6/AF-A0A4Y7JAI4-F1-model_v6.cif,1.0
1970,A0A4Y7KKY9,/home/s241850073/igem2026/results/clipzyme_native_extension_v1/structures/af_v6/AF-A0A4Y7KKY9-F1-model_v6.cif,1.0
1971,A0A4Y7KU29,/home/s241850073/igem2026/results/clipzyme_native_extension_v1/structures/af_v6/AF-A0A4Y7KU29-F1-model_v6.cif,1.0
1972,A0A4Y7Q3V6,/home/s241850073/igem2026/results/clipzyme_native_extension_v1/structures/af_v6/AF-A0A4Y7Q3V6-F1-model_v6.cif,1.0
1973,A0A4Y7SAP0,/home/s241850073/igem2026/results/clipzyme_native_extension_v1/structures/af_v6/AF-A0A4Y7SAP0-F1-model_v6.cif,0.99999994
1974,A0A4Y9YB07,/home/s241850073/igem2026/results/clipzyme_native_extension_v1/structures/af_v6/AF-A0A4Y9YB07-F1-model_v6.cif,1.0
1975,A0A4Y9YVD7,/home/s241850073/igem2026/results/clipzyme_native_extension_v1/structures/af_v6/AF-A0A4Y9YVD7-F1-model_v6.cif,1.0
1976,A0A4Y9ZGA7,/home/s241850073/igem2026/results/clipzyme_native_extension_v1/structures/af_v6/AF-A0A4Y9ZGA7-F1-model_v6.cif,0.99999994
1977,A0A4Z0AY23,/home/s241850073/igem2026/results/clipzyme_native_extension_v1/structures/af_v6/AF-A0A4Z0AY23-F1-model_v6.cif,0.99999994
1978,A0A4Z0M480,/home/s241850073/igem2026/results/clipzyme_native_extension_v1/structures/af_v6/AF-A0A4Z0M480-F1-model_v6.cif,1.0
1979,A0A4Z0QB04,/home/s241850073/igem2026/results/clipzyme_native_extension_v1/structures/af_v6/AF-A0A4Z0QB04-F1-model_v6.cif,0.99999994
1980,A0A4Z1GU50,/home/s241850073/igem2026/results/clipzyme_native_extension_v1/structures/af_v6/AF-A0A4Z1GU50-F1-model_v6.cif,1.0
1981,A0A4Z1PI72,/home/s241850073/igem2026/results/clipzyme_native_extension_v1/structures/af_v6/AF-A0A4Z1PI72-F1-model_v6.cif,1.0
1982,A0A507AZZ2,/home/s241850073/igem2026/results/clipzyme_native_extension_v1/structures/af_v6/AF-A0A507AZZ2-F1-model_v6.cif,1.0
1983,A0A507BMB8,/home/s241850073/igem2026/results/clipzyme_native_extension_v1/structures/af_v6/AF-A0A507BMB8-F1-model_v6.cif,0.99999994
1984,A0A511T3E4,/home/s241850073/igem2026/results/clipzyme_native_extension_v1/structures/af_v6/AF-A0A511T3E4-F1-model_v6.cif,1.0
1985,A0A511T5T3,/home/s241850073/igem2026/results/clipzyme_native_extension_v1/structures/af_v6/AF-A0A511T5T3-F1-model_v6.cif,0.99999994
1986,A0A511T8B9,/home/s241850073/igem2026/results/clipzyme_native_extension_v1/structures/af_v6/AF-A0A511T8B9-F1-model_v6.cif,1.0
1987,A0A511T9M3,/home/s241850073/igem2026/results/clipzyme_native_extension_v1/structures/af_v6/AF-A0A511T9M3-F1-model_v6.cif,1.0
1988,A0A511UTU8,/home/s241850073/igem2026/results/clipzyme_native_extension_v1/structures/af_v6/AF-A0A511UTU8-F1-model_v6.cif,1.0
1989,A0A514CGD6,/home/s241850073/igem2026/results/clipzyme_native_extension_v1/structures/af_v6/AF-A0A514CGD6-F1-model_v6.cif,1.0000001
1990,A0A516F405,/home/s241850073/igem2026/results/clipzyme_native_extension_v1/structures/af_v6/AF-A0A516F405-F1-model_v6.cif,1.0
1991,A0A516IJT6,/home/s241850073/igem2026/results/clipzyme_native_extension_v1/structures/af_v6/AF-A0A516IJT6-F1-model_v6.cif,0.99999994
1992,A0A517MIN0,/home/s241850073/igem2026/results/clipzyme_native_extension_v1/structures/af_v6/AF-A0A517MIN0-F1-model_v6.cif,1.0
1993,A0A517NVA2,/home/s241850073/igem2026/results/clipzyme_native_extension_v1/structures/af_v6/AF-A0A517NVA2-F1-model_v6.cif,1.0
1994,A0A517P0F7,/home/s241850073/igem2026/results/clipzyme_native_extension_v1/structures/af_v6/AF-A0A517P0F7-F1-model_v6.cif,0.99999994
1995,A0A517PAQ5,/home/s241850073/igem2026/results/clipzyme_native_extension_v1/structures/af_v6/AF-A0A517PAQ5-F1-model_v6.cif,1.0
1996,A0A517PKK9,/home/s241850073/igem2026/results/clipzyme_native_extension_v1/structures/af_v6/AF-A0A517PKK9-F1-model_v6.cif,0.99999994
1997,A0A517PNT2,/home/s241850073/igem2026/results/clipzyme_native_extension_v1/structures/af_v6/AF-A0A517PNT2-F1-model_v6.cif,0.99999994
1998,A0A517QKN3,/home/s241850073/igem2026/results/clipzyme_native_extension_v1/structures/af_v6/AF-A0A517QKN3-F1-model_v6.cif,1.0
1999,A0A517QV05,/home/s241850073/igem2026/results/clipzyme_native_extension_v1/structures/af_v6/AF-A0A517QV05-F1-model_v6.cif,0.99999994
2000,A0A517YAP3,/home/s241850073/igem2026/results/clipzyme_native_extension_v1/structures/af_v6/AF-A0A517YAP3-F1-model_v6.cif,0.99999994
2001,A0A517Z0K3,/home/s241850073/igem2026/results/clipzyme_native_extension_v1/structures/af_v6/AF-A0A517Z0K3-F1-model_v6.cif,0.99999994
2002,A0A517Z365,/home/s241850073/igem2026/results/clipzyme_native_extension_v1/structures/af_v6/AF-A0A517Z365-F1-model_v6.cif,1.0
2003,A0A517ZTB8,/home/s241850073/igem2026/results/clipzyme_native_extension_v1/structures/af_v6/AF-A0A517ZTB8-F1-model_v6.cif,1.0
2004,A0A517ZYL8,/home/s241850073/igem2026/results/clipzyme_native_extension_v1/structures/af_v6/AF-A0A517ZYL8-F1-model_v6.cif,1.0
2005,A0A518APU2,/home/s241850073/igem2026/results/clipzyme_native_extension_v1/structures/af_v6/AF-A0A518APU2-F1-model_v6.cif,1.0
2006,A0A518AW30,/home/s241850073/igem2026/results/clipzyme_native_extension_v1/structures/af_v6/AF-A0A518AW30-F1-model_v6.cif,0.99999994
2007,A0A518BM94,/home/s241850073/igem2026/results/clipzyme_native_extension_v1/structures/af_v6/AF-A0A518BM94-F1-model_v6.cif,1.0
2008,A0A518BRK9,/home/s241850073/igem2026/results/clipzyme_native_extension_v1/structures/af_v6/AF-A0A518BRK9-F1-model_v6.cif,0.99999994
2009,A0A518BWK3,/home/s241850073/igem2026/results/clipzyme_native_extension_v1/structures/af_v6/AF-A0A518BWK3-F1-model_v6.cif,1.0
2010,A0A518D6M2,/home/s241850073/igem2026/results/clipzyme_native_extension_v1/structures/af_v6/AF-A0A518D6M2-F1-model_v6.cif,1.0
2011,A0A518DAI6,/home/s241850073/igem2026/results/clipzyme_native_extension_v1/structures/af_v6/AF-A0A518DAI6-F1-model_v6.cif,0.99999994
2012,A0A518DIV8,/home/s241850073/igem2026/results/clipzyme_native_extension_v1/structures/af_v6/AF-A0A518DIV8-F1-model_v6.cif,1.0
2013,A0A518DQ69,/home/s241850073/igem2026/results/clipzyme_native_extension_v1/structures/af_v6/AF-A0A518DQ69-F1-model_v6.cif,1.0
2014,A0A518EPK5,/home/s241850073/igem2026/results/clipzyme_native_extension_v1/structures/af_v6/AF-A0A518EPK5-F1-model_v6.cif,1.0
2015,A0A518K771,/home/s241850073/igem2026/results/clipzyme_native_extension_v1/structures/af_v6/AF-A0A518K771-F1-model_v6.cif,1.0
2016,A0A540KAK5,/home/s241850073/igem2026/results/clipzyme_native_extension_v1/structures/af_v6/AF-A0A540KAK5-F1-model_v6.cif,0.99999994
2017,A0A540KAT3,/home/s241850073/igem2026/results/clipzyme_native_extension_v1/structures/af_v6/AF-A0A540KAT3-F1-model_v6.cif,1.0
2018,A0A540KZK3,/home/s241850073/igem2026/results/clipzyme_native_extension_v1/structures/af_v6/AF-A0A540KZK3-F1-model_v6.cif,1.0
2019,A0A540L3J0,/home/s241850073/igem2026/results/clipzyme_native_extension_v1/structures/af_v6/AF-A0A540L3J0-F1-model_v6.cif,1.0
2020,A0A540L478,/home/s241850073/igem2026/results/clipzyme_native_extension_v1/structures/af_v6/AF-A0A540L478-F1-model_v6.cif,1.0
2021,A0A540L5A1,/home/s241850073/igem2026/results/clipzyme_native_extension_v1/structures/af_v6/AF-A0A540L5A1-F1-model_v6.cif,1.0
2022,A0A540LFP4,/home/s241850073/igem2026/results/clipzyme_native_extension_v1/structures/af_v6/AF-A0A540LFP4-F1-model_v6.cif,1.0
2023,A0A540LUL9,/home/s241850073/igem2026/results/clipzyme_native_extension_v1/structures/af_v6/AF-A0A540LUL9-F1-model_v6.cif,1.0
2024,A0A540MCV3,/home/s241850073/igem2026/results/clipzyme_native_extension_v1/structures/af_v6/AF-A0A540MCV3-F1-model_v6.cif,1.0
2025,A0A540MZE8,/home/s241850073/igem2026/results/clipzyme_native_extension_v1/structures/af_v6/AF-A0A540MZE8-F1-model_v6.cif,1.0
2026,A0A540WZF9,/home/s241850073/igem2026/results/clipzyme_native_extension_v1/structures/af_v6/AF-A0A540WZF9-F1-model_v6.cif,1.0
2027,A0A543NEV6,/home/s241850073/igem2026/results/clipzyme_native_extension_v1/structures/af_v6/AF-A0A543NEV6-F1-model_v6.cif,1.0
2028,A0A545AES9,/home/s241850073/igem2026/results/clipzyme_native_extension_v1/structures/af_v6/AF-A0A545AES9-F1-model_v6.cif,1.0
2029,A0A545VXB8,/home/s241850073/igem2026/results/clipzyme_native_extension_v1/structures/af_v6/AF-A0A545VXB8-F1-model_v6.cif,1.0
2030,A0A550CK64,/home/s241850073/igem2026/results/clipzyme_native_extension_v1/structures/af_v6/AF-A0A550CK64-F1-model_v6.cif,0.99999994
2031,A0A552RHR4,/home/s241850073/igem2026/results/clipzyme_native_extension_v1/structures/af_v6/AF-A0A552RHR4-F1-model_v6.cif,0.99999994
2032,A0A553HJT9,/home/s241850073/igem2026/results/clipzyme_native_extension_v1/structures/af_v6/AF-A0A553HJT9-F1-model_v6.cif,0.99999994
2033,A0A553HR58,/home/s241850073/igem2026/results/clipzyme_native_extension_v1/structures/af_v6/AF-A0A553HR58-F1-model_v6.cif,0.99999994
2034,A0A553HX15,/home/s241850073/igem2026/results/clipzyme_native_extension_v1/structures/af_v6/AF-A0A553HX15-F1-model_v6.cif,1.0
2035,A0A553HY56,/home/s241850073/igem2026/results/clipzyme_native_extension_v1/structures/af_v6/AF-A0A553HY56-F1-model_v6.cif,1.0
2036,A0A561EN94,/home/s241850073/igem2026/results/clipzyme_native_extension_v1/structures/af_v6/AF-A0A561EN94-F1-model_v6.cif,1.0
2037,A0A561F1N3,/home/s241850073/igem2026/results/clipzyme_native_extension_v1/structures/af_v6/AF-A0A561F1N3-F1-model_v6.cif,1.0
2038,A0A561PXR3,/home/s241850073/igem2026/results/clipzyme_native_extension_v1/structures/af_v6/AF-A0A561PXR3-F1-model_v6.cif,1.0
2039,A0A561SAF2,/home/s241850073/igem2026/results/clipzyme_native_extension_v1/structures/af_v6/AF-A0A561SAF2-F1-model_v6.cif,0.99999994
2040,A0A561SGK3,/home/s241850073/igem2026/results/clipzyme_native_extension_v1/structures/af_v6/AF-A0A561SGK3-F1-model_v6.cif,0.99999994
2041,A0A561TTJ4,/home/s241850073/igem2026/results/clipzyme_native_extension_v1/structures/af_v6/AF-A0A561TTJ4-F1-model_v6.cif,1.0
2042,A0A561TVX9,/home/s241850073/igem2026/results/clipzyme_native_extension_v1/structures/af_v6/AF-A0A561TVX9-F1-model_v6.cif,1.0
2043,A0A561TW12,/home/s241850073/igem2026/results/clipzyme_native_extension_v1/structures/af_v6/AF-A0A561TW12-F1-model_v6.cif,0.99999994
2044,A0A562SZ08,/home/s241850073/igem2026/results/clipzyme_native_extension_v1/structures/af_v6/AF-A0A562SZ08-F1-model_v6.cif,1.0
2045,A0A562T294,/home/s241850073/igem2026/results/clipzyme_native_extension_v1/structures/af_v6/AF-A0A562T294-F1-model_v6.cif,0.99999994
2046,A0A562T706,/home/s241850073/igem2026/results/clipzyme_native_extension_v1/structures/af_v6/AF-A0A562T706-F1-model_v6.cif,0.99999994
2047,A0A563EJI2,/home/s241850073/igem2026/results/clipzyme_native_extension_v1/structures/af_v6/AF-A0A563EJI2-F1-model_v6.cif,1.0
2048,A0A563ELT6,/home/s241850073/igem2026/results/clipzyme_native_extension_v1/structures/af_v6/AF-A0A563ELT6-F1-model_v6.cif,1.0
2049,A0A563EMX7,/home/s241850073/igem2026/results/clipzyme_native_extension_v1/structures/af_v6/AF-A0A563EMX7-F1-model_v6.cif,1.0
2050,A0A563EN52,/home/s241850073/igem2026/results/clipzyme_native_extension_v1/structures/af_v6/AF-A0A563EN52-F1-model_v6.cif,1.0
2051,A0A563F2H5,/home/s241850073/igem2026/results/clipzyme_native_extension_v1/structures/af_v6/AF-A0A563F2H5-F1-model_v6.cif,1.0
2052,A0A565AWK7,/home/s241850073/igem2026/results/clipzyme_native_extension_v1/structures/af_v6/AF-A0A565AWK7-F1-model_v6.cif,1.0
2053,A0A565BJG0,/home/s241850073/igem2026/results/clipzyme_native_extension_v1/structures/af_v6/AF-A0A565BJG0-F1-model_v6.cif,1.0
2054,A0A565BS19,/home/s241850073/igem2026/results/clipzyme_native_extension_v1/structures/af_v6/AF-A0A565BS19-F1-model_v6.cif,1.0
2055,A0A565BUK0,/home/s241850073/igem2026/results/clipzyme_native_extension_v1/structures/af_v6/AF-A0A565BUK0-F1-model_v6.cif,1.0
2056,A0A565CL30,/home/s241850073/igem2026/results/clipzyme_native_extension_v1/structures/af_v6/AF-A0A565CL30-F1-model_v6.cif,1.0
2057,A0A5A7MU75,/home/s241850073/igem2026/results/clipzyme_native_extension_v1/structures/af_v6/AF-A0A5A7MU75-F1-model_v6.cif,0.99999994
2058,A0A5A7Q680,/home/s241850073/igem2026/results/clipzyme_native_extension_v1/structures/af_v6/AF-A0A5A7Q680-F1-model_v6.cif,1.0
2059,A0A5A7QA37,/home/s241850073/igem2026/results/clipzyme_native_extension_v1/structures/af_v6/AF-A0A5A7QA37-F1-model_v6.cif,1.0
2060,A0A5A7QAE5,/home/s241850073/igem2026/results/clipzyme_native_extension_v1/structures/af_v6/AF-A0A5A7QAE5-F1-model_v6.cif,0.99999994
2061,A0A5B2VII5,/home/s241850073/igem2026/results/clipzyme_native_extension_v1/structures/af_v6/AF-A0A5B2VII5-F1-model_v6.cif,1.0
2062,A0A5B6U5K3,/home/s241850073/igem2026/results/clipzyme_native_extension_v1/structures/af_v6/AF-A0A5B6U5K3-F1-model_v6.cif,1.0
2063,A0A5B6V7G3,/home/s241850073/igem2026/results/clipzyme_native_extension_v1/structures/af_v6/AF-A0A5B6V7G3-F1-model_v6.cif,1.0
2064,A0A5B6VDR5,/home/s241850073/igem2026/results/clipzyme_native_extension_v1/structures/af_v6/AF-A0A5B6VDR5-F1-model_v6.cif,0.99999994
2065,A0A5B6VDR9,/home/s241850073/igem2026/results/clipzyme_native_extension_v1/structures/af_v6/AF-A0A5B6VDR9-F1-model_v6.cif,1.0
2066,A0A5B6WB81,/home/s241850073/igem2026/results/clipzyme_native_extension_v1/structures/af_v6/AF-A0A5B6WB81-F1-model_v6.cif,0.9999999
2067,A0A5B6WC11,/home/s241850073/igem2026/results/clipzyme_native_extension_v1/structures/af_v6/AF-A0A5B6WC11-F1-model_v6.cif,1.0
2068,A0A5B6X713,/home/s241850073/igem2026/results/clipzyme_native_extension_v1/structures/af_v6/AF-A0A5B6X713-F1-model_v6.cif,0.99999994
2069,A0A5B8IG50,/home/s241850073/igem2026/results/clipzyme_native_extension_v1/structures/af_v6/AF-A0A5B8IG50-F1-model_v6.cif,1.0
2070,A0A5B8IRU3,/home/s241850073/igem2026/results/clipzyme_native_extension_v1/structures/af_v6/AF-A0A5B8IRU3-F1-model_v6.cif,1.0
2071,A0A5B8IS19,/home/s241850073/igem2026/results/clipzyme_native_extension_v1/structures/af_v6/AF-A0A5B8IS19-F1-model_v6.cif,0.99999994
2072,A0A5B8J8C7,/home/s241850073/igem2026/results/clipzyme_native_extension_v1/structures/af_v6/AF-A0A5B8J8C7-F1-model_v6.cif,1.0
2073,A0A5B8JAB9,/home/s241850073/igem2026/results/clipzyme_native_extension_v1/structures/af_v6/AF-A0A5B8JAB9-F1-model_v6.cif,1.0
2074,A0A5B8JBT0,/home/s241850073/igem2026/results/clipzyme_native_extension_v1/structures/af_v6/AF-A0A5B8JBT0-F1-model_v6.cif,1.0
2075,A0A5B8JCP3,/home/s241850073/igem2026/results/clipzyme_native_extension_v1/structures/af_v6/AF-A0A5B8JCP3-F1-model_v6.cif,1.0
2076,A0A5B8JDR7,/home/s241850073/igem2026/results/clipzyme_native_extension_v1/structures/af_v6/AF-A0A5B8JDR7-F1-model_v6.cif,1.0
2077,A0A5B8JDS6,/home/s241850073/igem2026/results/clipzyme_native_extension_v1/structures/af_v6/AF-A0A5B8JDS6-F1-model_v6.cif,1.0
2078,A0A5B8JHQ3,/home/s241850073/igem2026/results/clipzyme_native_extension_v1/structures/af_v6/AF-A0A5B8JHQ3-F1-model_v6.cif,0.99999994
2079,A0A5B8JI13,/home/s241850073/igem2026/results/clipzyme_native_extension_v1/structures/af_v6/AF-A0A5B8JI13-F1-model_v6.cif,0.99999994
2080,A0A5B8JR01,/home/s241850073/igem2026/results/clipzyme_native_extension_v1/structures/af_v6/AF-A0A5B8JR01-F1-model_v6.cif,1.0
2081,A0A5B9DDY7,/home/s241850073/igem2026/results/clipzyme_native_extension_v1/structures/af_v6/AF-A0A5B9DDY7-F1-model_v6.cif,1.0
2082,A0A5B9G8D2,/home/s241850073/igem2026/results/clipzyme_native_extension_v1/structures/af_v6/AF-A0A5B9G8D2-F1-model_v6.cif,0.99999994
2083,A0A5B9PHA1,/home/s241850073/igem2026/results/clipzyme_native_extension_v1/structures/af_v6/AF-A0A5B9PHA1-F1-model_v6.cif,0.99999994
2084,A0A5B9PQJ4,/home/s241850073/igem2026/results/clipzyme_native_extension_v1/structures/af_v6/AF-A0A5B9PQJ4-F1-model_v6.cif,1.0000001
2085,A0A5B9QBU1,/home/s241850073/igem2026/results/clipzyme_native_extension_v1/structures/af_v6/AF-A0A5B9QBU1-F1-model_v6.cif,1.0
2086,A0A5B9QD98,/home/s241850073/igem2026/results/clipzyme_native_extension_v1/structures/af_v6/AF-A0A5B9QD98-F1-model_v6.cif,1.0
2087,A0A5B9QEY2,/home/s241850073/igem2026/results/clipzyme_native_extension_v1/structures/af_v6/AF-A0A5B9QEY2-F1-model_v6.cif,1.0
2088,A0A5C0T860,/home/s241850073/igem2026/results/clipzyme_native_extension_v1/structures/af_v6/AF-A0A5C0T860-F1-model_v6.cif,1.0
2089,A0A5C1ADH8,/home/s241850073/igem2026/results/clipzyme_native_extension_v1/structures/af_v6/AF-A0A5C1ADH8-F1-model_v6.cif,0.99999994
2090,A0A5C1IZK1,/home/s241850073/igem2026/results/clipzyme_native_extension_v1/structures/af_v6/AF-A0A5C1IZK1-F1-model_v6.cif,1.0
2091,A0A5C1NH69,/home/s241850073/igem2026/results/clipzyme_native_extension_v1/structures/af_v6/AF-A0A5C1NH69-F1-model_v6.cif,1.0
2092,A0A5C2I3M4,/home/s241850073/igem2026/results/clipzyme_native_extension_v1/structures/af_v6/AF-A0A5C2I3M4-F1-model_v6.cif,1.0
2093,A0A5C2I513,/home/s241850073/igem2026/results/clipzyme_native_extension_v1/structures/af_v6/AF-A0A5C2I513-F1-model_v6.cif,1.0
2094,A0A5C2I797,/home/s241850073/igem2026/results/clipzyme_native_extension_v1/structures/af_v6/AF-A0A5C2I797-F1-model_v6.cif,1.0
2095,A0A5C3LE35,/home/s241850073/igem2026/results/clipzyme_native_extension_v1/structures/af_v6/AF-A0A5C3LE35-F1-model_v6.cif,1.0
2096,A0A5C3LFW1,/home/s241850073/igem2026/results/clipzyme_native_extension_v1/structures/af_v6/AF-A0A5C3LFW1-F1-model_v6.cif,1.0
2097,A0A5C3LLV7,/home/s241850073/igem2026/results/clipzyme_native_extension_v1/structures/af_v6/AF-A0A5C3LLV7-F1-model_v6.cif,0.99999994
2098,A0A5C3LM02,/home/s241850073/igem2026/results/clipzyme_native_extension_v1/structures/af_v6/AF-A0A5C3LM02-F1-model_v6.cif,1.0
2099,A0A5C3LMQ3,/home/s241850073/igem2026/results/clipzyme_native_extension_v1/structures/af_v6/AF-A0A5C3LMQ3-F1-model_v6.cif,1.0
2100,A0A5C3LPG1,/home/s241850073/igem2026/results/clipzyme_native_extension_v1/structures/af_v6/AF-A0A5C3LPG1-F1-model_v6.cif,0.99999994
2101,A0A5C3LR79,/home/s241850073/igem2026/results/clipzyme_native_extension_v1/structures/af_v6/AF-A0A5C3LR79-F1-model_v6.cif,1.0
2102,A0A5C3LSA1,/home/s241850073/igem2026/results/clipzyme_native_extension_v1/structures/af_v6/AF-A0A5C3LSA1-F1-model_v6.cif,1.0
2103,A0A5C3LU86,/home/s241850073/igem2026/results/clipzyme_native_extension_v1/structures/af_v6/AF-A0A5C3LU86-F1-model_v6.cif,0.99999994
2104,A0A5C3LV66,/home/s241850073/igem2026/results/clipzyme_native_extension_v1/structures/af_v6/AF-A0A5C3LV66-F1-model_v6.cif,0.9999999
2105,A0A5C3LWP9,/home/s241850073/igem2026/results/clipzyme_native_extension_v1/structures/af_v6/AF-A0A5C3LWP9-F1-model_v6.cif,1.0
2106,A0A5C3LWZ7,/home/s241850073/igem2026/results/clipzyme_native_extension_v1/structures/af_v6/AF-A0A5C3LWZ7-F1-model_v6.cif,1.0
2107,A0A5C3LZG2,/home/s241850073/igem2026/results/clipzyme_native_extension_v1/structures/af_v6/AF-A0A5C3LZG2-F1-model_v6.cif,0.99999994
2108,A0A5C3M123,/home/s241850073/igem2026/results/clipzyme_native_extension_v1/structures/af_v6/AF-A0A5C3M123-F1-model_v6.cif,1.0
2109,A0A5C3M2G2,/home/s241850073/igem2026/results/clipzyme_native_extension_v1/structures/af_v6/AF-A0A5C3M2G2-F1-model_v6.cif,1.0
2110,A0A5C3MK10,/home/s241850073/igem2026/results/clipzyme_native_extension_v1/structures/af_v6/AF-A0A5C3MK10-F1-model_v6.cif,0.99999994
2111,A0A5C3PUX1,/home/s241850073/igem2026/results/clipzyme_native_extension_v1/structures/af_v6/AF-A0A5C3PUX1-F1-model_v6.cif,1.0
2112,A0A5C3Q0K0,/home/s241850073/igem2026/results/clipzyme_native_extension_v1/structures/af_v6/AF-A0A5C3Q0K0-F1-model_v6.cif,1.0
2113,A0A5C3Q537,/home/s241850073/igem2026/results/clipzyme_native_extension_v1/structures/af_v6/AF-A0A5C3Q537-F1-model_v6.cif,0.9999999
2114,A0A5C3Q613,/home/s241850073/igem2026/results/clipzyme_native_extension_v1/structures/af_v6/AF-A0A5C3Q613-F1-model_v6.cif,1.0
2115,A0A5C3QBL0,/home/s241850073/igem2026/results/clipzyme_native_extension_v1/structures/af_v6/AF-A0A5C3QBL0-F1-model_v6.cif,1.0
2116,A0A5C5UWD8,/home/s241850073/igem2026/results/clipzyme_native_extension_v1/structures/af_v6/AF-A0A5C5UWD8-F1-model_v6.cif,1.0
2117,A0A5C5VE48,/home/s241850073/igem2026/results/clipzyme_native_extension_v1/structures/af_v6/AF-A0A5C5VE48-F1-model_v6.cif,1.0
2118,A0A5C5WK21,/home/s241850073/igem2026/results/clipzyme_native_extension_v1/structures/af_v6/AF-A0A5C5WK21-F1-model_v6.cif,1.0
2119,A0A5C5XK66,/home/s241850073/igem2026/results/clipzyme_native_extension_v1/structures/af_v6/AF-A0A5C5XK66-F1-model_v6.cif,1.0
2120,A0A5C6AMG5,/home/s241850073/igem2026/results/clipzyme_native_extension_v1/structures/af_v6/AF-A0A5C6AMG5-F1-model_v6.cif,0.99999994
2121,A0A5C6C701,/home/s241850073/igem2026/results/clipzyme_native_extension_v1/structures/af_v6/AF-A0A5C6C701-F1-model_v6.cif,1.0
2122,A0A5C6D5M4,/home/s241850073/igem2026/results/clipzyme_native_extension_v1/structures/af_v6/AF-A0A5C6D5M4-F1-model_v6.cif,1.0
2123,A0A5C7GRM6,/home/s241850073/igem2026/results/clipzyme_native_extension_v1/structures/af_v6/AF-A0A5C7GRM6-F1-model_v6.cif,0.99999994
2124,A0A5C7GSB5,/home/s241850073/igem2026/results/clipzyme_native_extension_v1/structures/af_v6/AF-A0A5C7GSB5-F1-model_v6.cif,0.99999994
2125,A0A5C7GSI9,/home/s241850073/igem2026/results/clipzyme_native_extension_v1/structures/af_v6/AF-A0A5C7GSI9-F1-model_v6.cif,1.0
2126,A0A5C7GWB2,/home/s241850073/igem2026/results/clipzyme_native_extension_v1/structures/af_v6/AF-A0A5C7GWB2-F1-model_v6.cif,1.0
2127,A0A5C7I8K0,/home/s241850073/igem2026/results/clipzyme_native_extension_v1/structures/af_v6/AF-A0A5C7I8K0-F1-model_v6.cif,1.0
2128,A0A5D0NM37,/home/s241850073/igem2026/results/clipzyme_native_extension_v1/structures/af_v6/AF-A0A5D0NM37-F1-model_v6.cif,0.9999999
2129,A0A5D0NXC6,/home/s241850073/igem2026/results/clipzyme_native_extension_v1/structures/af_v6/AF-A0A5D0NXC6-F1-model_v6.cif,1.0
2130,A0A5D2AU07,/home/s241850073/igem2026/results/clipzyme_native_extension_v1/structures/af_v6/AF-A0A5D2AU07-F1-model_v6.cif,1.0
2131,A0A5D2CPC7,/home/s241850073/igem2026/results/clipzyme_native_extension_v1/structures/af_v6/AF-A0A5D2CPC7-F1-model_v6.cif,1.0
2132,A0A5D2F452,/home/s241850073/igem2026/results/clipzyme_native_extension_v1/structures/af_v6/AF-A0A5D2F452-F1-model_v6.cif,1.0
2133,A0A5D2GUI9,/home/s241850073/igem2026/results/clipzyme_native_extension_v1/structures/af_v6/AF-A0A5D2GUI9-F1-model_v6.cif,1.0
2134,A0A5D2GVH8,/home/s241850073/igem2026/results/clipzyme_native_extension_v1/structures/af_v6/AF-A0A5D2GVH8-F1-model_v6.cif,0.99999994
2135,A0A5D2HJ06,/home/s241850073/igem2026/results/clipzyme_native_extension_v1/structures/af_v6/AF-A0A5D2HJ06-F1-model_v6.cif,1.0
2136,A0A5D2M6G9,/home/s241850073/igem2026/results/clipzyme_native_extension_v1/structures/af_v6/AF-A0A5D2M6G9-F1-model_v6.cif,1.0
2137,A0A5D2Y628,/home/s241850073/igem2026/results/clipzyme_native_extension_v1/structures/af_v6/AF-A0A5D2Y628-F1-model_v6.cif,1.0
2138,A0A5D2ZLZ8,/home/s241850073/igem2026/results/clipzyme_native_extension_v1/structures/af_v6/AF-A0A5D2ZLZ8-F1-model_v6.cif,1.0
2139,A0A5E4PIU1,/home/s241850073/igem2026/results/clipzyme_native_extension_v1/structures/af_v6/AF-A0A5E4PIU1-F1-model_v6.cif,0.99999994
2140,A0A5J4JP49,/home/s241850073/igem2026/results/clipzyme_native_extension_v1/structures/af_v6/AF-A0A5J4JP49-F1-model_v6.cif,1.0
2141,A0A5J4KAL7,/home/s241850073/igem2026/results/clipzyme_native_extension_v1/structures/af_v6/AF-A0A5J4KAL7-F1-model_v6.cif,1.0
2142,A0A5J4ZZW1,/home/s241850073/igem2026/results/clipzyme_native_extension_v1/structures/af_v6/AF-A0A5J4ZZW1-F1-model_v6.cif,0.99999994
2143,A0A5J5A0T1,/home/s241850073/igem2026/results/clipzyme_native_extension_v1/structures/af_v6/AF-A0A5J5A0T1-F1-model_v6.cif,0.99999994
2144,A0A5J5A367,/home/s241850073/igem2026/results/clipzyme_native_extension_v1/structures/af_v6/AF-A0A5J5A367-F1-model_v6.cif,1.0
2145,A0A5J5A3H8,/home/s241850073/igem2026/results/clipzyme_native_extension_v1/structures/af_v6/AF-A0A5J5A3H8-F1-model_v6.cif,0.99999994
2146,A0A5J5B131,/home/s241850073/igem2026/results/clipzyme_native_extension_v1/structures/af_v6/AF-A0A5J5B131-F1-model_v6.cif,1.0
2147,A0A5J5B199,/home/s241850073/igem2026/results/clipzyme_native_extension_v1/structures/af_v6/AF-A0A5J5B199-F1-model_v6.cif,0.99999994
2148,A0A5J5BQP9,/home/s241850073/igem2026/results/clipzyme_native_extension_v1/structures/af_v6/AF-A0A5J5BQP9-F1-model_v6.cif,1.0
2149,A0A5J5EF70,/home/s241850073/igem2026/results/clipzyme_native_extension_v1/structures/af_v6/AF-A0A5J5EF70-F1-model_v6.cif,1.0
2150,A0A5J5F682,/home/s241850073/igem2026/results/clipzyme_native_extension_v1/structures/af_v6/AF-A0A5J5F682-F1-model_v6.cif,1.0
2151,A0A5J5JTG0,/home/s241850073/igem2026/results/clipzyme_native_extension_v1/structures/af_v6/AF-A0A5J5JTG0-F1-model_v6.cif,0.99999994
2152,A0A5J6GV97,/home/s241850073/igem2026/results/clipzyme_native_extension_v1/structures/af_v6/AF-A0A5J6GV97-F1-model_v6.cif,0.99999994
2153,A0A5J6SDC9,/home/s241850073/igem2026/results/clipzyme_native_extension_v1/structures/af_v6/AF-A0A5J6SDC9-F1-model_v6.cif,1.0
2154,A0A5J6SE07,/home/s241850073/igem2026/results/clipzyme_native_extension_v1/structures/af_v6/AF-A0A5J6SE07-F1-model_v6.cif,0.99999994
2155,A0A5K7XHK5,/home/s241850073/igem2026/results/clipzyme_native_extension_v1/structures/af_v6/AF-A0A5K7XHK5-F1-model_v6.cif,1.0
2156,A0A5M3MFC0,/home/s241850073/igem2026/results/clipzyme_native_extension_v1/structures/af_v6/AF-A0A5M3MFC0-F1-model_v6.cif,0.99999994
2157,A0A5M3MKY2,/home/s241850073/igem2026/results/clipzyme_native_extension_v1/structures/af_v6/AF-A0A5M3MKY2-F1-model_v6.cif,0.99999994
2158,A0A5M3MR21,/home/s241850073/igem2026/results/clipzyme_native_extension_v1/structures/af_v6/AF-A0A5M3MR21-F1-model_v6.cif,1.0000001
2159,A0A5M3MW72,/home/s241850073/igem2026/results/clipzyme_native_extension_v1/structures/af_v6/AF-A0A5M3MW72-F1-model_v6.cif,1.0
2160,A0A5M3MXY8,/home/s241850073/igem2026/results/clipzyme_native_extension_v1/structures/af_v6/AF-A0A5M3MXY8-F1-model_v6.cif,1.0
2161,A0A5M3YTW3,/home/s241850073/igem2026/results/clipzyme_native_extension_v1/structures/af_v6/AF-A0A5M3YTW3-F1-model_v6.cif,0.99999994
2162,A0A5M3ZA39,/home/s241850073/igem2026/results/clipzyme_native_extension_v1/structures/af_v6/AF-A0A5M3ZA39-F1-model_v6.cif,1.0
2163,A0A5M3ZDD3,/home/s241850073/igem2026/results/clipzyme_native_extension_v1/structures/af_v6/AF-A0A5M3ZDD3-F1-model_v6.cif,0.99999994
2164,A0A5N0DW81,/home/s241850073/igem2026/results/clipzyme_native_extension_v1/structures/af_v6/AF-A0A5N0DW81-F1-model_v6.cif,1.0
2165,A0A5N0EBN3,/home/s241850073/igem2026/results/clipzyme_native_extension_v1/structures/af_v6/AF-A0A5N0EBN3-F1-model_v6.cif,0.99999994
2166,A0A5N0EPP2,/home/s241850073/igem2026/results/clipzyme_native_extension_v1/structures/af_v6/AF-A0A5N0EPP2-F1-model_v6.cif,1.0
2167,A0A5N5FD93,/home/s241850073/igem2026/results/clipzyme_native_extension_v1/structures/af_v6/AF-A0A5N5FD93-F1-model_v6.cif,1.0
2168,A0A5N5GQ87,/home/s241850073/igem2026/results/clipzyme_native_extension_v1/structures/af_v6/AF-A0A5N5GQ87-F1-model_v6.cif,1.0
2169,A0A5N5HYQ5,/home/s241850073/igem2026/results/clipzyme_native_extension_v1/structures/af_v6/AF-A0A5N5HYQ5-F1-model_v6.cif,1.0
2170,A0A5N5IXS6,/home/s241850073/igem2026/results/clipzyme_native_extension_v1/structures/af_v6/AF-A0A5N5IXS6-F1-model_v6.cif,1.0
2171,A0A5N5VWP7,/home/s241850073/igem2026/results/clipzyme_native_extension_v1/structures/af_v6/AF-A0A5N5VWP7-F1-model_v6.cif,0.99999994
2172,A0A5N5VYU2,/home/s241850073/igem2026/results/clipzyme_native_extension_v1/structures/af_v6/AF-A0A5N5VYU2-F1-model_v6.cif,1.0
2173,A0A5N5W887,/home/s241850073/igem2026/results/clipzyme_native_extension_v1/structures/af_v6/AF-A0A5N5W887-F1-model_v6.cif,1.0
2174,A0A5N5W9J0,/home/s241850073/igem2026/results/clipzyme_native_extension_v1/structures/af_v6/AF-A0A5N5W9J0-F1-model_v6.cif,1.0
2175,A0A5N5W9P7,/home/s241850073/igem2026/results/clipzyme_native_extension_v1/structures/af_v6/AF-A0A5N5W9P7-F1-model_v6.cif,0.99999994
2176,A0A5N5WIU4,/home/s241850073/igem2026/results/clipzyme_native_extension_v1/structures/af_v6/AF-A0A5N5WIU4-F1-model_v6.cif,1.0
2177,A0A5N5WW41,/home/s241850073/igem2026/results/clipzyme_native_extension_v1/structures/af_v6/AF-A0A5N5WW41-F1-model_v6.cif,1.0
2178,A0A5N5XBU4,/home/s241850073/igem2026/results/clipzyme_native_extension_v1/structures/af_v6/AF-A0A5N5XBU4-F1-model_v6.cif,1.0
2179,A0A5N6AC40,/home/s241850073/igem2026/results/clipzyme_native_extension_v1/structures/af_v6/AF-A0A5N6AC40-F1-model_v6.cif,1.0000001
2180,A0A5N6DUG7,/home/s241850073/igem2026/results/clipzyme_native_extension_v1/structures/af_v6/AF-A0A5N6DUG7-F1-model_v6.cif,1.0
2181,A0A5N6DW65,/home/s241850073/igem2026/results/clipzyme_native_extension_v1/structures/af_v6/AF-A0A5N6DW65-F1-model_v6.cif,0.99999994
2182,A0A5N6DZT0,/home/s241850073/igem2026/results/clipzyme_native_extension_v1/structures/af_v6/AF-A0A5N6DZT0-F1-model_v6.cif,0.99999994
2183,A0A5N6E8Y9,/home/s241850073/igem2026/results/clipzyme_native_extension_v1/structures/af_v6/AF-A0A5N6E8Y9-F1-model_v6.cif,1.0
2184,A0A5N6FAV3,/home/s241850073/igem2026/results/clipzyme_native_extension_v1/structures/af_v6/AF-A0A5N6FAV3-F1-model_v6.cif,1.0
2185,A0A5N6IBL4,/home/s241850073/igem2026/results/clipzyme_native_extension_v1/structures/af_v6/AF-A0A5N6IBL4-F1-model_v6.cif,1.0
2186,A0A5N6J1E6,/home/s241850073/igem2026/results/clipzyme_native_extension_v1/structures/af_v6/AF-A0A5N6J1E6-F1-model_v6.cif,0.99999994
2187,A0A5N6JIU5,/home/s241850073/igem2026/results/clipzyme_native_extension_v1/structures/af_v6/AF-A0A5N6JIU5-F1-model_v6.cif,0.99999994
2188,A0A5N6JNT0,/home/s241850073/igem2026/results/clipzyme_native_extension_v1/structures/af_v6/AF-A0A5N6JNT0-F1-model_v6.cif,1.0
2189,A0A5N6M321,/home/s241850073/igem2026/results/clipzyme_native_extension_v1/structures/af_v6/AF-A0A5N6M321-F1-model_v6.cif,1.0
2190,A0A5N6MBI8,/home/s241850073/igem2026/results/clipzyme_native_extension_v1/structures/af_v6/AF-A0A5N6MBI8-F1-model_v6.cif,1.0
2191,A0A5N6MBR5,/home/s241850073/igem2026/results/clipzyme_native_extension_v1/structures/af_v6/AF-A0A5N6MBR5-F1-model_v6.cif,1.0
2192,A0A5N6N1L7,/home/s241850073/igem2026/results/clipzyme_native_extension_v1/structures/af_v6/AF-A0A5N6N1L7-F1-model_v6.cif,1.0
2193,A0A5N6N2I1,/home/s241850073/igem2026/results/clipzyme_native_extension_v1/structures/af_v6/AF-A0A5N6N2I1-F1-model_v6.cif,0.99999994
2194,A0A5N6N3I7,/home/s241850073/igem2026/results/clipzyme_native_extension_v1/structures/af_v6/AF-A0A5N6N3I7-F1-model_v6.cif,1.0
2195,A0A5N6PB12,/home/s241850073/igem2026/results/clipzyme_native_extension_v1/structures/af_v6/AF-A0A5N6PB12-F1-model_v6.cif,1.0
2196,A0A5N6PB58,/home/s241850073/igem2026/results/clipzyme_native_extension_v1/structures/af_v6/AF-A0A5N6PB58-F1-model_v6.cif,1.0
2197,A0A5N6PD59,/home/s241850073/igem2026/results/clipzyme_native_extension_v1/structures/af_v6/AF-A0A5N6PD59-F1-model_v6.cif,1.0
2198,A0A5N6PPN6,/home/s241850073/igem2026/results/clipzyme_native_extension_v1/structures/af_v6/AF-A0A5N6PPN6-F1-model_v6.cif,0.99999994
2199,A0A5N6Q1H0,/home/s241850073/igem2026/results/clipzyme_native_extension_v1/structures/af_v6/AF-A0A5N6Q1H0-F1-model_v6.cif,1.0
2200,A0A5N6Q2Y0,/home/s241850073/igem2026/results/clipzyme_native_extension_v1/structures/af_v6/AF-A0A5N6Q2Y0-F1-model_v6.cif,1.0
2201,A0A5N6Q8N1,/home/s241850073/igem2026/results/clipzyme_native_extension_v1/structures/af_v6/AF-A0A5N6Q8N1-F1-model_v6.cif,1.0
2202,A0A5N6RAU9,/home/s241850073/igem2026/results/clipzyme_native_extension_v1/structures/af_v6/AF-A0A5N6RAU9-F1-model_v6.cif,1.0
2203,A0A5N6RCI7,/home/s241850073/igem2026/results/clipzyme_native_extension_v1/structures/af_v6/AF-A0A5N6RCI7-F1-model_v6.cif,1.0
2204,A0A5N6SNX8,/home/s241850073/igem2026/results/clipzyme_native_extension_v1/structures/af_v6/AF-A0A5N6SNX8-F1-model_v6.cif,0.99999994
2205,A0A5N6TI17,/home/s241850073/igem2026/results/clipzyme_native_extension_v1/structures/af_v6/AF-A0A5N6TI17-F1-model_v6.cif,1.0
2206,A0A5N6TP11,/home/s241850073/igem2026/results/clipzyme_native_extension_v1/structures/af_v6/AF-A0A5N6TP11-F1-model_v6.cif,1.0
2207,A0A5N6U7N2,/home/s241850073/igem2026/results/clipzyme_native_extension_v1/structures/af_v6/AF-A0A5N6U7N2-F1-model_v6.cif,1.0
2208,A0A5N6W9B7,/home/s241850073/igem2026/results/clipzyme_native_extension_v1/structures/af_v6/AF-A0A5N6W9B7-F1-model_v6.cif,0.99999994
2209,A0A5N6Z4G1,/home/s241850073/igem2026/results/clipzyme_native_extension_v1/structures/af_v6/AF-A0A5N6Z4G1-F1-model_v6.cif,1.0
2210,A0A5N6Z6Z2,/home/s241850073/igem2026/results/clipzyme_native_extension_v1/structures/af_v6/AF-A0A5N6Z6Z2-F1-model_v6.cif,1.0
2211,A0A5N6ZHZ7,/home/s241850073/igem2026/results/clipzyme_native_extension_v1/structures/af_v6/AF-A0A5N6ZHZ7-F1-model_v6.cif,1.0000001
2212,A0A5N7B6P9,/home/s241850073/igem2026/results/clipzyme_native_extension_v1/structures/af_v6/AF-A0A5N7B6P9-F1-model_v6.cif,1.0
2213,A0A5N7B6W3,/home/s241850073/igem2026/results/clipzyme_native_extension_v1/structures/af_v6/AF-A0A5N7B6W3-F1-model_v6.cif,0.99999994
2214,A0A5N7B974,/home/s241850073/igem2026/results/clipzyme_native_extension_v1/structures/af_v6/AF-A0A5N7B974-F1-model_v6.cif,1.0
2215,A0A5N8XL26,/home/s241850073/igem2026/results/clipzyme_native_extension_v1/structures/af_v6/AF-A0A5N8XL26-F1-model_v6.cif,1.0
2216,A0A5P0YT65,/home/s241850073/igem2026/results/clipzyme_native_extension_v1/structures/af_v6/AF-A0A5P0YT65-F1-model_v6.cif,1.0
2217,A0A5P0YYU2,/home/s241850073/igem2026/results/clipzyme_native_extension_v1/structures/af_v6/AF-A0A5P0YYU2-F1-model_v6.cif,1.0000001
2218,A0A5P1EHF9,/home/s241850073/igem2026/results/clipzyme_native_extension_v1/structures/af_v6/AF-A0A5P1EHF9-F1-model_v6.cif,0.99999994
2219,A0A5P1EIY4,/home/s241850073/igem2026/results/clipzyme_native_extension_v1/structures/af_v6/AF-A0A5P1EIY4-F1-model_v6.cif,1.0
2220,A0A5P1EJ17,/home/s241850073/igem2026/results/clipzyme_native_extension_v1/structures/af_v6/AF-A0A5P1EJ17-F1-model_v6.cif,0.99999994
2221,A0A5P1EYF8,/home/s241850073/igem2026/results/clipzyme_native_extension_v1/structures/af_v6/AF-A0A5P1EYF8-F1-model_v6.cif,1.0
2222,A0A5P1F272,/home/s241850073/igem2026/results/clipzyme_native_extension_v1/structures/af_v6/AF-A0A5P1F272-F1-model_v6.cif,0.99999994
2223,A0A5P1FFR0,/home/s241850073/igem2026/results/clipzyme_native_extension_v1/structures/af_v6/AF-A0A5P1FFR0-F1-model_v6.cif,0.9999999
2224,A0A5P2X176,/home/s241850073/igem2026/results/clipzyme_native_extension_v1/structures/af_v6/AF-A0A5P2X176-F1-model_v6.cif,1.0
2225,A0A5P2X9M5,/home/s241850073/igem2026/results/clipzyme_native_extension_v1/structures/af_v6/AF-A0A5P2X9M5-F1-model_v6.cif,0.99999994
2226,A0A5P8DHX5,/home/s241850073/igem2026/results/clipzyme_native_extension_v1/structures/af_v6/AF-A0A5P8DHX5-F1-model_v6.cif,1.0
2227,A0A5P8JZ78,/home/s241850073/igem2026/results/clipzyme_native_extension_v1/structures/af_v6/AF-A0A5P8JZ78-F1-model_v6.cif,0.9999999
2228,A0A5P8WDZ3,/home/s241850073/igem2026/results/clipzyme_native_extension_v1/structures/af_v6/AF-A0A5P8WDZ3-F1-model_v6.cif,1.0
2229,A0A5Q0H115,/home/s241850073/igem2026/results/clipzyme_native_extension_v1/structures/af_v6/AF-A0A5Q0H115-F1-model_v6.cif,0.99999994
2230,A0A5Q0QMX6,/home/s241850073/igem2026/results/clipzyme_native_extension_v1/structures/af_v6/AF-A0A5Q0QMX6-F1-model_v6.cif,0.99999994
2231,A0A5Q0QRK8,/home/s241850073/igem2026/results/clipzyme_native_extension_v1/structures/af_v6/AF-A0A5Q0QRK8-F1-model_v6.cif,1.0
2232,A0A5R9F2Z0,/home/s241850073/igem2026/results/clipzyme_native_extension_v1/structures/af_v6/AF-A0A5R9F2Z0-F1-model_v6.cif,1.0
2233,A0A5S4GA33,/home/s241850073/igem2026/results/clipzyme_native_extension_v1/structures/af_v6/AF-A0A5S4GA33-F1-model_v6.cif,1.0
2234,A0A5S9IHE6,/home/s241850073/igem2026/results/clipzyme_native_extension_v1/structures/af_v6/AF-A0A5S9IHE6-F1-model_v6.cif,0.99999994
2235,A0A646KFZ9,/home/s241850073/igem2026/results/clipzyme_native_extension_v1/structures/af_v6/AF-A0A646KFZ9-F1-model_v6.cif,1.0
2236,A0A646KGZ8,/home/s241850073/igem2026/results/clipzyme_native_extension_v1/structures/af_v6/AF-A0A646KGZ8-F1-model_v6.cif,1.0
2237,A0A646KML2,/home/s241850073/igem2026/results/clipzyme_native_extension_v1/structures/af_v6/AF-A0A646KML2-F1-model_v6.cif,1.0
2238,A0A646KPM3,/home/s241850073/igem2026/results/clipzyme_native_extension_v1/structures/af_v6/AF-A0A646KPM3-F1-model_v6.cif,0.99999994
2239,A0A646KT86,/home/s241850073/igem2026/results/clipzyme_native_extension_v1/structures/af_v6/AF-A0A646KT86-F1-model_v6.cif,1.0
2240,A0A646KTN2,/home/s241850073/igem2026/results/clipzyme_native_extension_v1/structures/af_v6/AF-A0A646KTN2-F1-model_v6.cif,0.99999994
2241,A0A650A7H3,/home/s241850073/igem2026/results/clipzyme_native_extension_v1/structures/af_v6/AF-A0A650A7H3-F1-model_v6.cif,0.9999999
2242,A0A650A7I8,/home/s241850073/igem2026/results/clipzyme_native_extension_v1/structures/af_v6/AF-A0A650A7I8-F1-model_v6.cif,1.0
2243,A0A650A7K4,/home/s241850073/igem2026/results/clipzyme_native_extension_v1/structures/af_v6/AF-A0A650A7K4-F1-model_v6.cif,0.99999994
2244,A0A650A7L8,/home/s241850073/igem2026/results/clipzyme_native_extension_v1/structures/af_v6/AF-A0A650A7L8-F1-model_v6.cif,1.0
2245,A0A650A7M1,/home/s241850073/igem2026/results/clipzyme_native_extension_v1/structures/af_v6/AF-A0A650A7M1-F1-model_v6.cif,1.0
2246,A0A650A7N6,/home/s241850073/igem2026/results/clipzyme_native_extension_v1/structures/af_v6/AF-A0A650A7N6-F1-model_v6.cif,1.0
2247,A0A650A7N9,/home/s241850073/igem2026/results/clipzyme_native_extension_v1/structures/af_v6/AF-A0A650A7N9-F1-model_v6.cif,1.0
2248,A0A650A8B4,/home/s241850073/igem2026/results/clipzyme_native_extension_v1/structures/af_v6/AF-A0A650A8B4-F1-model_v6.cif,1.0
2249,A0A660KSH9,/home/s241850073/igem2026/results/clipzyme_native_extension_v1/structures/af_v6/AF-A0A660KSH9-F1-model_v6.cif,0.9999999
2250,A0A671KQL1,/home/s241850073/igem2026/results/clipzyme_native_extension_v1/structures/af_v6/AF-A0A671KQL1-F1-model_v6.cif,1.0
2251,A0A6A1UPL5,/home/s241850073/igem2026/results/clipzyme_native_extension_v1/structures/af_v6/AF-A0A6A1UPL5-F1-model_v6.cif,1.0
2252,A0A6A1UTH5,/home/s241850073/igem2026/results/clipzyme_native_extension_v1/structures/af_v6/AF-A0A6A1UTH5-F1-model_v6.cif,1.0
2253,A0A6A1UVR8,/home/s241850073/igem2026/results/clipzyme_native_extension_v1/structures/af_v6/AF-A0A6A1UVR8-F1-model_v6.cif,1.0
2254,A0A6A1UYR1,/home/s241850073/igem2026/results/clipzyme_native_extension_v1/structures/af_v6/AF-A0A6A1UYR1-F1-model_v6.cif,0.99999994
2255,A0A6A1UYV1,/home/s241850073/igem2026/results/clipzyme_native_extension_v1/structures/af_v6/AF-A0A6A1UYV1-F1-model_v6.cif,1.0
2256,A0A6A1V0E8,/home/s241850073/igem2026/results/clipzyme_native_extension_v1/structures/af_v6/AF-A0A6A1V0E8-F1-model_v6.cif,1.0
2257,A0A6A1VE45,/home/s241850073/igem2026/results/clipzyme_native_extension_v1/structures/af_v6/AF-A0A6A1VE45-F1-model_v6.cif,1.0
2258,A0A6A1VGS5,/home/s241850073/igem2026/results/clipzyme_native_extension_v1/structures/af_v6/AF-A0A6A1VGS5-F1-model_v6.cif,0.99999994
2259,A0A6A1VH89,/home/s241850073/igem2026/results/clipzyme_native_extension_v1/structures/af_v6/AF-A0A6A1VH89-F1-model_v6.cif,0.99999994
2260,A0A6A1VJK9,/home/s241850073/igem2026/results/clipzyme_native_extension_v1/structures/af_v6/AF-A0A6A1VJK9-F1-model_v6.cif,1.0
2261,A0A6A1VJL5,/home/s241850073/igem2026/results/clipzyme_native_extension_v1/structures/af_v6/AF-A0A6A1VJL5-F1-model_v6.cif,1.0
2262,A0A6A1VQG6,/home/s241850073/igem2026/results/clipzyme_native_extension_v1/structures/af_v6/AF-A0A6A1VQG6-F1-model_v6.cif,0.99999994
2263,A0A6A1VQP2,/home/s241850073/igem2026/results/clipzyme_native_extension_v1/structures/af_v6/AF-A0A6A1VQP2-F1-model_v6.cif,1.0
2264,A0A6A1VQX4,/home/s241850073/igem2026/results/clipzyme_native_extension_v1/structures/af_v6/AF-A0A6A1VQX4-F1-model_v6.cif,0.99999994
2265,A0A6A1VTG8,/home/s241850073/igem2026/results/clipzyme_native_extension_v1/structures/af_v6/AF-A0A6A1VTG8-F1-model_v6.cif,1.0
2266,A0A6A2WMA2,/home/s241850073/igem2026/results/clipzyme_native_extension_v1/structures/af_v6/AF-A0A6A2WMA2-F1-model_v6.cif,1.0
2267,A0A6A2WQJ1,/home/s241850073/igem2026/results/clipzyme_native_extension_v1/structures/af_v6/AF-A0A6A2WQJ1-F1-model_v6.cif,1.0000001
2268,A0A6A2X0X3,/home/s241850073/igem2026/results/clipzyme_native_extension_v1/structures/af_v6/AF-A0A6A2X0X3-F1-model_v6.cif,1.0
2269,A0A6A2X702,/home/s241850073/igem2026/results/clipzyme_native_extension_v1/structures/af_v6/AF-A0A6A2X702-F1-model_v6.cif,1.0
2270,A0A6A2XG87,/home/s241850073/igem2026/results/clipzyme_native_extension_v1/structures/af_v6/AF-A0A6A2XG87-F1-model_v6.cif,1.0
2271,A0A6A2XWM7,/home/s241850073/igem2026/results/clipzyme_native_extension_v1/structures/af_v6/AF-A0A6A2XWM7-F1-model_v6.cif,0.99999994
2272,A0A6A2Y887,/home/s241850073/igem2026/results/clipzyme_native_extension_v1/structures/af_v6/AF-A0A6A2Y887-F1-model_v6.cif,1.0
2273,A0A6A2YGR9,/home/s241850073/igem2026/results/clipzyme_native_extension_v1/structures/af_v6/AF-A0A6A2YGR9-F1-model_v6.cif,0.99999994
2274,A0A6A2YJZ8,/home/s241850073/igem2026/results/clipzyme_native_extension_v1/structures/af_v6/AF-A0A6A2YJZ8-F1-model_v6.cif,1.0
2275,A0A6A2YL94,/home/s241850073/igem2026/results/clipzyme_native_extension_v1/structures/af_v6/AF-A0A6A2YL94-F1-model_v6.cif,1.0
2276,A0A6A2YLU8,/home/s241850073/igem2026/results/clipzyme_native_extension_v1/structures/af_v6/AF-A0A6A2YLU8-F1-model_v6.cif,1.0
2277,A0A6A2Z6X9,/home/s241850073/igem2026/results/clipzyme_native_extension_v1/structures/af_v6/AF-A0A6A2Z6X9-F1-model_v6.cif,1.0
2278,A0A6A2ZH49,/home/s241850073/igem2026/results/clipzyme_native_extension_v1/structures/af_v6/AF-A0A6A2ZH49-F1-model_v6.cif,1.0
2279,A0A6A3ABE8,/home/s241850073/igem2026/results/clipzyme_native_extension_v1/structures/af_v6/AF-A0A6A3ABE8-F1-model_v6.cif,1.0
2280,A0A6A3AWY2,/home/s241850073/igem2026/results/clipzyme_native_extension_v1/structures/af_v6/AF-A0A6A3AWY2-F1-model_v6.cif,1.0
2281,A0A6A3C6I9,/home/s241850073/igem2026/results/clipzyme_native_extension_v1/structures/af_v6/AF-A0A6A3C6I9-F1-model_v6.cif,1.0
2282,A0A6A3CIL4,/home/s241850073/igem2026/results/clipzyme_native_extension_v1/structures/af_v6/AF-A0A6A3CIL4-F1-model_v6.cif,1.0
2283,A0A6A3CIT6,/home/s241850073/igem2026/results/clipzyme_native_extension_v1/structures/af_v6/AF-A0A6A3CIT6-F1-model_v6.cif,1.0
2284,A0A6A3CKL1,/home/s241850073/igem2026/results/clipzyme_native_extension_v1/structures/af_v6/AF-A0A6A3CKL1-F1-model_v6.cif,0.99999994
2285,A0A6A3CLL6,/home/s241850073/igem2026/results/clipzyme_native_extension_v1/structures/af_v6/AF-A0A6A3CLL6-F1-model_v6.cif,1.0
2286,A0A6A3CLU3,/home/s241850073/igem2026/results/clipzyme_native_extension_v1/structures/af_v6/AF-A0A6A3CLU3-F1-model_v6.cif,1.0
2287,A0A6A3CW84,/home/s241850073/igem2026/results/clipzyme_native_extension_v1/structures/af_v6/AF-A0A6A3CW84-F1-model_v6.cif,1.0
2288,A0A6A3CX10,/home/s241850073/igem2026/results/clipzyme_native_extension_v1/structures/af_v6/AF-A0A6A3CX10-F1-model_v6.cif,1.0
2289,A0A6A3D3K7,/home/s241850073/igem2026/results/clipzyme_native_extension_v1/structures/af_v6/AF-A0A6A3D3K7-F1-model_v6.cif,1.0
2290,A0A6A3D6N2,/home/s241850073/igem2026/results/clipzyme_native_extension_v1/structures/af_v6/AF-A0A6A3D6N2-F1-model_v6.cif,1.0
2291,A0A6A4H8F0,/home/s241850073/igem2026/results/clipzyme_native_extension_v1/structures/af_v6/AF-A0A6A4H8F0-F1-model_v6.cif,1.0
2292,A0A6A4NU32,/home/s241850073/igem2026/results/clipzyme_native_extension_v1/structures/af_v6/AF-A0A6A4NU32-F1-model_v6.cif,0.9999999
2293,A0A6A5CBU7,/home/s241850073/igem2026/results/clipzyme_native_extension_v1/structures/af_v6/AF-A0A6A5CBU7-F1-model_v6.cif,1.0
2294,A0A6A5QEY0,/home/s241850073/igem2026/results/clipzyme_native_extension_v1/structures/af_v6/AF-A0A6A5QEY0-F1-model_v6.cif,0.99999994
2295,A0A6A5SNS4,/home/s241850073/igem2026/results/clipzyme_native_extension_v1/structures/af_v6/AF-A0A6A5SNS4-F1-model_v6.cif,1.0
2296,A0A6A5SNU8,/home/s241850073/igem2026/results/clipzyme_native_extension_v1/structures/af_v6/AF-A0A6A5SNU8-F1-model_v6.cif,1.0000001
2297,A0A6A5UD78,/home/s241850073/igem2026/results/clipzyme_native_extension_v1/structures/af_v6/AF-A0A6A5UD78-F1-model_v6.cif,1.0
2298,A0A6A5UE16,/home/s241850073/igem2026/results/clipzyme_native_extension_v1/structures/af_v6/AF-A0A6A5UE16-F1-model_v6.cif,1.0
2299,A0A6A5V3U1,/home/s241850073/igem2026/results/clipzyme_native_extension_v1/structures/af_v6/AF-A0A6A5V3U1-F1-model_v6.cif,1.0
2300,A0A6A5VWC2,/home/s241850073/igem2026/results/clipzyme_native_extension_v1/structures/af_v6/AF-A0A6A5VWC2-F1-model_v6.cif,0.99999994
2301,A0A6A5XVH4,/home/s241850073/igem2026/results/clipzyme_native_extension_v1/structures/af_v6/AF-A0A6A5XVH4-F1-model_v6.cif,0.99999994
2302,A0A6A5Z6Q6,/home/s241850073/igem2026/results/clipzyme_native_extension_v1/structures/af_v6/AF-A0A6A5Z6Q6-F1-model_v6.cif,1.0000001
2303,A0A6A5ZPG7,/home/s241850073/igem2026/results/clipzyme_native_extension_v1/structures/af_v6/AF-A0A6A5ZPG7-F1-model_v6.cif,1.0
2304,A0A6A6A3U6,/home/s241850073/igem2026/results/clipzyme_native_extension_v1/structures/af_v6/AF-A0A6A6A3U6-F1-model_v6.cif,1.0
2305,A0A6A6DJL0,/home/s241850073/igem2026/results/clipzyme_native_extension_v1/structures/af_v6/AF-A0A6A6DJL0-F1-model_v6.cif,0.99999994
2306,A0A6A6GS92,/home/s241850073/igem2026/results/clipzyme_native_extension_v1/structures/af_v6/AF-A0A6A6GS92-F1-model_v6.cif,0.99999994
2307,A0A6A6GSH9,/home/s241850073/igem2026/results/clipzyme_native_extension_v1/structures/af_v6/AF-A0A6A6GSH9-F1-model_v6.cif,1.0
2308,A0A6A6H7K7,/home/s241850073/igem2026/results/clipzyme_native_extension_v1/structures/af_v6/AF-A0A6A6H7K7-F1-model_v6.cif,1.0
2309,A0A6A6HJH0,/home/s241850073/igem2026/results/clipzyme_native_extension_v1/structures/af_v6/AF-A0A6A6HJH0-F1-model_v6.cif,1.0
2310,A0A6A6I9W3,/home/s241850073/igem2026/results/clipzyme_native_extension_v1/structures/af_v6/AF-A0A6A6I9W3-F1-model_v6.cif,0.99999994
2311,A0A6A6K6F9,/home/s241850073/igem2026/results/clipzyme_native_extension_v1/structures/af_v6/AF-A0A6A6K6F9-F1-model_v6.cif,1.0
2312,A0A6A6K748,/home/s241850073/igem2026/results/clipzyme_native_extension_v1/structures/af_v6/AF-A0A6A6K748-F1-model_v6.cif,0.99999994
2313,A0A6A6K7G8,/home/s241850073/igem2026/results/clipzyme_native_extension_v1/structures/af_v6/AF-A0A6A6K7G8-F1-model_v6.cif,1.0000001
2314,A0A6A6K7Z8,/home/s241850073/igem2026/results/clipzyme_native_extension_v1/structures/af_v6/AF-A0A6A6K7Z8-F1-model_v6.cif,0.99999994
2315,A0A6A6KA59,/home/s241850073/igem2026/results/clipzyme_native_extension_v1/structures/af_v6/AF-A0A6A6KA59-F1-model_v6.cif,1.0
2316,A0A6A6KAH2,/home/s241850073/igem2026/results/clipzyme_native_extension_v1/structures/af_v6/AF-A0A6A6KAH2-F1-model_v6.cif,0.99999994
2317,A0A6A6KAK5,/home/s241850073/igem2026/results/clipzyme_native_extension_v1/structures/af_v6/AF-A0A6A6KAK5-F1-model_v6.cif,1.0
2318,A0A6A6KBV3,/home/s241850073/igem2026/results/clipzyme_native_extension_v1/structures/af_v6/AF-A0A6A6KBV3-F1-model_v6.cif,0.99999994
2319,A0A6A6KFA4,/home/s241850073/igem2026/results/clipzyme_native_extension_v1/structures/af_v6/AF-A0A6A6KFA4-F1-model_v6.cif,1.0
2320,A0A6A6KFF1,/home/s241850073/igem2026/results/clipzyme_native_extension_v1/structures/af_v6/AF-A0A6A6KFF1-F1-model_v6.cif,0.99999994
2321,A0A6A6KHR7,/home/s241850073/igem2026/results/clipzyme_native_extension_v1/structures/af_v6/AF-A0A6A6KHR7-F1-model_v6.cif,0.99999994
2322,A0A6A6KI76,/home/s241850073/igem2026/results/clipzyme_native_extension_v1/structures/af_v6/AF-A0A6A6KI76-F1-model_v6.cif,1.0
2323,A0A6A6KMX9,/home/s241850073/igem2026/results/clipzyme_native_extension_v1/structures/af_v6/AF-A0A6A6KMX9-F1-model_v6.cif,1.0000001
2324,A0A6A6KQ11,/home/s241850073/igem2026/results/clipzyme_native_extension_v1/structures/af_v6/AF-A0A6A6KQ11-F1-model_v6.cif,1.0
2325,A0A6A6KRF5,/home/s241850073/igem2026/results/clipzyme_native_extension_v1/structures/af_v6/AF-A0A6A6KRF5-F1-model_v6.cif,1.0
2326,A0A6A6KRV8,/home/s241850073/igem2026/results/clipzyme_native_extension_v1/structures/af_v6/AF-A0A6A6KRV8-F1-model_v6.cif,1.0000001
2327,A0A6A6KRY4,/home/s241850073/igem2026/results/clipzyme_native_extension_v1/structures/af_v6/AF-A0A6A6KRY4-F1-model_v6.cif,1.0
2328,A0A6A6KSE9,/home/s241850073/igem2026/results/clipzyme_native_extension_v1/structures/af_v6/AF-A0A6A6KSE9-F1-model_v6.cif,1.0
2329,A0A6A6KU42,/home/s241850073/igem2026/results/clipzyme_native_extension_v1/structures/af_v6/AF-A0A6A6KU42-F1-model_v6.cif,1.0
2330,A0A6A6KVS3,/home/s241850073/igem2026/results/clipzyme_native_extension_v1/structures/af_v6/AF-A0A6A6KVS3-F1-model_v6.cif,1.0
2331,A0A6A6LBC3,/home/s241850073/igem2026/results/clipzyme_native_extension_v1/structures/af_v6/AF-A0A6A6LBC3-F1-model_v6.cif,1.0
2332,A0A6A6LPA6,/home/s241850073/igem2026/results/clipzyme_native_extension_v1/structures/af_v6/AF-A0A6A6LPA6-F1-model_v6.cif,0.99999994
2333,A0A6A6LQ84,/home/s241850073/igem2026/results/clipzyme_native_extension_v1/structures/af_v6/AF-A0A6A6LQ84-F1-model_v6.cif,1.0
2334,A0A6A6LQ85,/home/s241850073/igem2026/results/clipzyme_native_extension_v1/structures/af_v6/AF-A0A6A6LQ85-F1-model_v6.cif,1.0
2335,A0A6A6LSP9,/home/s241850073/igem2026/results/clipzyme_native_extension_v1/structures/af_v6/AF-A0A6A6LSP9-F1-model_v6.cif,0.99999994
2336,A0A6A6LSR2,/home/s241850073/igem2026/results/clipzyme_native_extension_v1/structures/af_v6/AF-A0A6A6LSR2-F1-model_v6.cif,1.0
2337,A0A6A6LVF7,/home/s241850073/igem2026/results/clipzyme_native_extension_v1/structures/af_v6/AF-A0A6A6LVF7-F1-model_v6.cif,0.99999994
2338,A0A6A6LVG2,/home/s241850073/igem2026/results/clipzyme_native_extension_v1/structures/af_v6/AF-A0A6A6LVG2-F1-model_v6.cif,1.0
2339,A0A6A6LXB2,/home/s241850073/igem2026/results/clipzyme_native_extension_v1/structures/af_v6/AF-A0A6A6LXB2-F1-model_v6.cif,1.0
2340,A0A6A6M4X5,/home/s241850073/igem2026/results/clipzyme_native_extension_v1/structures/af_v6/AF-A0A6A6M4X5-F1-model_v6.cif,1.0
2341,A0A6A6MAR3,/home/s241850073/igem2026/results/clipzyme_native_extension_v1/structures/af_v6/AF-A0A6A6MAR3-F1-model_v6.cif,1.0
2342,A0A6A6MAS3,/home/s241850073/igem2026/results/clipzyme_native_extension_v1/structures/af_v6/AF-A0A6A6MAS3-F1-model_v6.cif,0.99999994
2343,A0A6A6MAS7,/home/s241850073/igem2026/results/clipzyme_native_extension_v1/structures/af_v6/AF-A0A6A6MAS7-F1-model_v6.cif,1.0
2344,A0A6A6MBI2,/home/s241850073/igem2026/results/clipzyme_native_extension_v1/structures/af_v6/AF-A0A6A6MBI2-F1-model_v6.cif,0.99999994
2345,A0A6A6MTP4,/home/s241850073/igem2026/results/clipzyme_native_extension_v1/structures/af_v6/AF-A0A6A6MTP4-F1-model_v6.cif,1.0
2346,A0A6A6MWU7,/home/s241850073/igem2026/results/clipzyme_native_extension_v1/structures/af_v6/AF-A0A6A6MWU7-F1-model_v6.cif,1.0
2347,A0A6A6N2A4,/home/s241850073/igem2026/results/clipzyme_native_extension_v1/structures/af_v6/AF-A0A6A6N2A4-F1-model_v6.cif,1.0
2348,A0A6A6RQ37,/home/s241850073/igem2026/results/clipzyme_native_extension_v1/structures/af_v6/AF-A0A6A6RQ37-F1-model_v6.cif,0.99999994
2349,A0A6A6RUZ8,/home/s241850073/igem2026/results/clipzyme_native_extension_v1/structures/af_v6/AF-A0A6A6RUZ8-F1-model_v6.cif,1.0
2350,A0A6A6SUK0,/home/s241850073/igem2026/results/clipzyme_native_extension_v1/structures/af_v6/AF-A0A6A6SUK0-F1-model_v6.cif,1.0
2351,A0A6A6URT1,/home/s241850073/igem2026/results/clipzyme_native_extension_v1/structures/af_v6/AF-A0A6A6URT1-F1-model_v6.cif,0.99999994
2352,A0A6A6V8R3,/home/s241850073/igem2026/results/clipzyme_native_extension_v1/structures/af_v6/AF-A0A6A6V8R3-F1-model_v6.cif,0.9999999
2353,A0A6A6VEL0,/home/s241850073/igem2026/results/clipzyme_native_extension_v1/structures/af_v6/AF-A0A6A6VEL0-F1-model_v6.cif,0.99999994
2354,A0A6A6WEE8,/home/s241850073/igem2026/results/clipzyme_native_extension_v1/structures/af_v6/AF-A0A6A6WEE8-F1-model_v6.cif,0.99999994
2355,A0A6A6WIP0,/home/s241850073/igem2026/results/clipzyme_native_extension_v1/structures/af_v6/AF-A0A6A6WIP0-F1-model_v6.cif,1.0
2356,A0A6A6WPQ7,/home/s241850073/igem2026/results/clipzyme_native_extension_v1/structures/af_v6/AF-A0A6A6WPQ7-F1-model_v6.cif,0.9999999
2357,A0A6A6WQN5,/home/s241850073/igem2026/results/clipzyme_native_extension_v1/structures/af_v6/AF-A0A6A6WQN5-F1-model_v6.cif,1.0
2358,A0A6A6Z2W9,/home/s241850073/igem2026/results/clipzyme_native_extension_v1/structures/af_v6/AF-A0A6A6Z2W9-F1-model_v6.cif,0.99999994
2359,A0A6A6ZGH3,/home/s241850073/igem2026/results/clipzyme_native_extension_v1/structures/af_v6/AF-A0A6A6ZGH3-F1-model_v6.cif,1.0
2360,A0A6A7A185,/home/s241850073/igem2026/results/clipzyme_native_extension_v1/structures/af_v6/AF-A0A6A7A185-F1-model_v6.cif,0.99999994
2361,A0A6B7FUL8,/home/s241850073/igem2026/results/clipzyme_native_extension_v1/structures/af_v6/AF-A0A6B7FUL8-F1-model_v6.cif,0.99999994
2362,A0A6B7LI86,/home/s241850073/igem2026/results/clipzyme_native_extension_v1/structures/af_v6/AF-A0A6B7LI86-F1-model_v6.cif,1.0
2363,A0A6B8MVT0,/home/s241850073/igem2026/results/clipzyme_native_extension_v1/structures/af_v6/AF-A0A6B8MVT0-F1-model_v6.cif,0.99999994
2364,A0A6C0M6B0,/home/s241850073/igem2026/results/clipzyme_native_extension_v1/structures/af_v6/AF-A0A6C0M6B0-F1-model_v6.cif,1.0
2365,A0A6C0M6B5,/home/s241850073/igem2026/results/clipzyme_native_extension_v1/structures/af_v6/AF-A0A6C0M6B5-F1-model_v6.cif,1.0
2366,A0A6C2UBT8,/home/s241850073/igem2026/results/clipzyme_native_extension_v1/structures/af_v6/AF-A0A6C2UBT8-F1-model_v6.cif,0.99999994
2367,A0A6C2YU48,/home/s241850073/igem2026/results/clipzyme_native_extension_v1/structures/af_v6/AF-A0A6C2YU48-F1-model_v6.cif,1.0
2368,A0A6D2HM67,/home/s241850073/igem2026/results/clipzyme_native_extension_v1/structures/af_v6/AF-A0A6D2HM67-F1-model_v6.cif,1.0
2369,A0A6D2HNE1,/home/s241850073/igem2026/results/clipzyme_native_extension_v1/structures/af_v6/AF-A0A6D2HNE1-F1-model_v6.cif,0.99999994
2370,A0A6D2I4A5,/home/s241850073/igem2026/results/clipzyme_native_extension_v1/structures/af_v6/AF-A0A6D2I4A5-F1-model_v6.cif,1.0
2371,A0A6D2IPT3,/home/s241850073/igem2026/results/clipzyme_native_extension_v1/structures/af_v6/AF-A0A6D2IPT3-F1-model_v6.cif,1.0
2372,A0A6D2IUD6,/home/s241850073/igem2026/results/clipzyme_native_extension_v1/structures/af_v6/AF-A0A6D2IUD6-F1-model_v6.cif,1.0
2373,A0A6D2IXD2,/home/s241850073/igem2026/results/clipzyme_native_extension_v1/structures/af_v6/AF-A0A6D2IXD2-F1-model_v6.cif,1.0
2374,A0A6D2JEJ6,/home/s241850073/igem2026/results/clipzyme_native_extension_v1/structures/af_v6/AF-A0A6D2JEJ6-F1-model_v6.cif,0.99999994
2375,A0A6D2KUK7,/home/s241850073/igem2026/results/clipzyme_native_extension_v1/structures/af_v6/AF-A0A6D2KUK7-F1-model_v6.cif,1.0
2376,A0A6D2LAD9,/home/s241850073/igem2026/results/clipzyme_native_extension_v1/structures/af_v6/AF-A0A6D2LAD9-F1-model_v6.cif,1.0
2377,A0A6F8Y060,/home/s241850073/igem2026/results/clipzyme_native_extension_v1/structures/af_v6/AF-A0A6F8Y060-F1-model_v6.cif,0.99999994
2378,A0A6G1CCB4,/home/s241850073/igem2026/results/clipzyme_native_extension_v1/structures/af_v6/AF-A0A6G1CCB4-F1-model_v6.cif,1.0
2379,A0A6G1DHM9,/home/s241850073/igem2026/results/clipzyme_native_extension_v1/structures/af_v6/AF-A0A6G1DHM9-F1-model_v6.cif,0.99999994
2380,A0A6G1DI54,/home/s241850073/igem2026/results/clipzyme_native_extension_v1/structures/af_v6/AF-A0A6G1DI54-F1-model_v6.cif,0.99999994
2381,A0A6G1GHH9,/home/s241850073/igem2026/results/clipzyme_native_extension_v1/structures/af_v6/AF-A0A6G1GHH9-F1-model_v6.cif,0.99999994
2382,A0A6G1GWV2,/home/s241850073/igem2026/results/clipzyme_native_extension_v1/structures/af_v6/AF-A0A6G1GWV2-F1-model_v6.cif,0.99999994
2383,A0A6G1H682,/home/s241850073/igem2026/results/clipzyme_native_extension_v1/structures/af_v6/AF-A0A6G1H682-F1-model_v6.cif,0.99999994
2384,A0A6G1LDP0,/home/s241850073/igem2026/results/clipzyme_native_extension_v1/structures/af_v6/AF-A0A6G1LDP0-F1-model_v6.cif,0.99999994
2385,A0A6G4WUE5,/home/s241850073/igem2026/results/clipzyme_native_extension_v1/structures/af_v6/AF-A0A6G4WUE5-F1-model_v6.cif,0.99999994
2386,A0A6G4WX76,/home/s241850073/igem2026/results/clipzyme_native_extension_v1/structures/af_v6/AF-A0A6G4WX76-F1-model_v6.cif,1.0
2387,A0A6G8QTM4,/home/s241850073/igem2026/results/clipzyme_native_extension_v1/structures/af_v6/AF-A0A6G8QTM4-F1-model_v6.cif,0.99999994
2388,A0A6G9KSQ1,/home/s241850073/igem2026/results/clipzyme_native_extension_v1/structures/af_v6/AF-A0A6G9KSQ1-F1-model_v6.cif,0.99999994
2389,A0A6G9YFQ7,/home/s241850073/igem2026/results/clipzyme_native_extension_v1/structures/af_v6/AF-A0A6G9YFQ7-F1-model_v6.cif,0.99999994
2390,A0A6H1Z431,/home/s241850073/igem2026/results/clipzyme_native_extension_v1/structures/af_v6/AF-A0A6H1Z431-F1-model_v6.cif,1.0
2391,A0A6H9YZM8,/home/s241850073/igem2026/results/clipzyme_native_extension_v1/structures/af_v6/AF-A0A6H9YZM8-F1-model_v6.cif,0.99999994
2392,A0A6I2FRA3,/home/s241850073/igem2026/results/clipzyme_native_extension_v1/structures/af_v6/AF-A0A6I2FRA3-F1-model_v6.cif,1.0
2393,A0A6I3KT92,/home/s241850073/igem2026/results/clipzyme_native_extension_v1/structures/af_v6/AF-A0A6I3KT92-F1-model_v6.cif,1.0
2394,A0A6I4VPW4,/home/s241850073/igem2026/results/clipzyme_native_extension_v1/structures/af_v6/AF-A0A6I4VPW4-F1-model_v6.cif,1.0
2395,A0A6I6AEU1,/home/s241850073/igem2026/results/clipzyme_native_extension_v1/structures/af_v6/AF-A0A6I6AEU1-F1-model_v6.cif,1.0
2396,A0A6J1DKI4,/home/s241850073/igem2026/results/clipzyme_native_extension_v1/structures/af_v6/AF-A0A6J1DKI4-F1-model_v6.cif,0.9999999
2397,A0A6J3HQP7,/home/s241850073/igem2026/results/clipzyme_native_extension_v1/structures/af_v6/AF-A0A6J3HQP7-F1-model_v6.cif,1.0000001
2398,A0A6L5GCD5,/home/s241850073/igem2026/results/clipzyme_native_extension_v1/structures/af_v6/AF-A0A6L5GCD5-F1-model_v6.cif,1.0
2399,A0A6L8VAN8,/home/s241850073/igem2026/results/clipzyme_native_extension_v1/structures/af_v6/AF-A0A6L8VAN8-F1-model_v6.cif,1.0
2400,A0A6M3W8C0,/home/s241850073/igem2026/results/clipzyme_native_extension_v1/structures/af_v6/AF-A0A6M3W8C0-F1-model_v6.cif,0.99999994
2401,A0A6M7H989,/home/s241850073/igem2026/results/clipzyme_native_extension_v1/structures/af_v6/AF-A0A6M7H989-F1-model_v6.cif,1.0
2402,A0A6M9BIX0,/home/s241850073/igem2026/results/clipzyme_native_extension_v1/structures/af_v6/AF-A0A6M9BIX0-F1-model_v6.cif,0.9999999
2403,A0A6N8J6H4,/home/s241850073/igem2026/results/clipzyme_native_extension_v1/structures/af_v6/AF-A0A6N8J6H4-F1-model_v6.cif,0.99999994
2404,A0A6N8JBW0,/home/s241850073/igem2026/results/clipzyme_native_extension_v1/structures/af_v6/AF-A0A6N8JBW0-F1-model_v6.cif,1.0
2405,A0A6N9PYZ3,/home/s241850073/igem2026/results/clipzyme_native_extension_v1/structures/af_v6/AF-A0A6N9PYZ3-F1-model_v6.cif,0.99999994
2406,A0A6P5EXC4,/home/s241850073/igem2026/results/clipzyme_native_extension_v1/structures/af_v6/AF-A0A6P5EXC4-F1-model_v6.cif,1.0
2407,A0A6P5FAJ3,/home/s241850073/igem2026/results/clipzyme_native_extension_v1/structures/af_v6/AF-A0A6P5FAJ3-F1-model_v6.cif,1.0
2408,A0A6P5FVG6,/home/s241850073/igem2026/results/clipzyme_native_extension_v1/structures/af_v6/AF-A0A6P5FVG6-F1-model_v6.cif,0.99999994
2409,A0A6P5FY34,/home/s241850073/igem2026/results/clipzyme_native_extension_v1/structures/af_v6/AF-A0A6P5FY34-F1-model_v6.cif,1.0
2410,A0A6P5GXK0,/home/s241850073/igem2026/results/clipzyme_native_extension_v1/structures/af_v6/AF-A0A6P5GXK0-F1-model_v6.cif,1.0
2411,A0A6P5H0N7,/home/s241850073/igem2026/results/clipzyme_native_extension_v1/structures/af_v6/AF-A0A6P5H0N7-F1-model_v6.cif,1.0
2412,A0A6P5TTE3,/home/s241850073/igem2026/results/clipzyme_native_extension_v1/structures/af_v6/AF-A0A6P5TTE3-F1-model_v6.cif,0.99999994
2413,A0A6P5WNE6,/home/s241850073/igem2026/results/clipzyme_native_extension_v1/structures/af_v6/AF-A0A6P5WNE6-F1-model_v6.cif,1.0
2414,A0A6P5WP94,/home/s241850073/igem2026/results/clipzyme_native_extension_v1/structures/af_v6/AF-A0A6P5WP94-F1-model_v6.cif,1.0
2415,A0A6P5WXL6,/home/s241850073/igem2026/results/clipzyme_native_extension_v1/structures/af_v6/AF-A0A6P5WXL6-F1-model_v6.cif,1.0
2416,A0A6P5Z5W4,/home/s241850073/igem2026/results/clipzyme_native_extension_v1/structures/af_v6/AF-A0A6P5Z5W4-F1-model_v6.cif,1.0
2417,A0A6P6FYH2,/home/s241850073/igem2026/results/clipzyme_native_extension_v1/structures/af_v6/AF-A0A6P6FYH2-F1-model_v6.cif,1.0
2418,A0A6P6GH89,/home/s241850073/igem2026/results/clipzyme_native_extension_v1/structures/af_v6/AF-A0A6P6GH89-F1-model_v6.cif,1.0
2419,A0A6P6TR56,/home/s241850073/igem2026/results/clipzyme_native_extension_v1/structures/af_v6/AF-A0A6P6TR56-F1-model_v6.cif,1.0000001
2420,A0A6P6TVJ7,/home/s241850073/igem2026/results/clipzyme_native_extension_v1/structures/af_v6/AF-A0A6P6TVJ7-F1-model_v6.cif,1.0
2421,A0A6P6TX15,/home/s241850073/igem2026/results/clipzyme_native_extension_v1/structures/af_v6/AF-A0A6P6TX15-F1-model_v6.cif,1.0
2422,A0A6P8B3D3,/home/s241850073/igem2026/results/clipzyme_native_extension_v1/structures/af_v6/AF-A0A6P8B3D3-F1-model_v6.cif,1.0
2423,A0A6P8B8E9,/home/s241850073/igem2026/results/clipzyme_native_extension_v1/structures/af_v6/AF-A0A6P8B8E9-F1-model_v6.cif,1.0
2424,A0A6P8BFX3,/home/s241850073/igem2026/results/clipzyme_native_extension_v1/structures/af_v6/AF-A0A6P8BFX3-F1-model_v6.cif,1.0
2425,A0A6P8BMY1,/home/s241850073/igem2026/results/clipzyme_native_extension_v1/structures/af_v6/AF-A0A6P8BMY1-F1-model_v6.cif,1.0
2426,A0A6P8BNC3,/home/s241850073/igem2026/results/clipzyme_native_extension_v1/structures/af_v6/AF-A0A6P8BNC3-F1-model_v6.cif,1.0
2427,A0A6P8BY35,/home/s241850073/igem2026/results/clipzyme_native_extension_v1/structures/af_v6/AF-A0A6P8BY35-F1-model_v6.cif,0.99999994
2428,A0A6P8C044,/home/s241850073/igem2026/results/clipzyme_native_extension_v1/structures/af_v6/AF-A0A6P8C044-F1-model_v6.cif,0.99999994
2429,A0A6P8C547,/home/s241850073/igem2026/results/clipzyme_native_extension_v1/structures/af_v6/AF-A0A6P8C547-F1-model_v6.cif,0.99999994
2430,A0A6P8D567,/home/s241850073/igem2026/results/clipzyme_native_extension_v1/structures/af_v6/AF-A0A6P8D567-F1-model_v6.cif,0.99999994
2431,A0A6P8DA79,/home/s241850073/igem2026/results/clipzyme_native_extension_v1/structures/af_v6/AF-A0A6P8DA79-F1-model_v6.cif,1.0
2432,A0A6P8DCL9,/home/s241850073/igem2026/results/clipzyme_native_extension_v1/structures/af_v6/AF-A0A6P8DCL9-F1-model_v6.cif,0.99999994
2433,A0A6P8DG26,/home/s241850073/igem2026/results/clipzyme_native_extension_v1/structures/af_v6/AF-A0A6P8DG26-F1-model_v6.cif,1.0
2434,A0A6P9EF05,/home/s241850073/igem2026/results/clipzyme_native_extension_v1/structures/af_v6/AF-A0A6P9EF05-F1-model_v6.cif,0.99999994
2435,A0A6S7GM34,/home/s241850073/igem2026/results/clipzyme_native_extension_v1/structures/af_v6/AF-A0A6S7GM34-F1-model_v6.cif,1.0
2436,A0A6S7HXL7,/home/s241850073/igem2026/results/clipzyme_native_extension_v1/structures/af_v6/AF-A0A6S7HXL7-F1-model_v6.cif,1.0
2437,A0A6V8HQ88,/home/s241850073/igem2026/results/clipzyme_native_extension_v1/structures/af_v6/AF-A0A6V8HQ88-F1-model_v6.cif,1.0
2438,A0A7C8IH87,/home/s241850073/igem2026/results/clipzyme_native_extension_v1/structures/af_v6/AF-A0A7C8IH87-F1-model_v6.cif,0.99999994
2439,A0A7C8IK84,/home/s241850073/igem2026/results/clipzyme_native_extension_v1/structures/af_v6/AF-A0A7C8IK84-F1-model_v6.cif,1.0
2440,A0A7C8MI75,/home/s241850073/igem2026/results/clipzyme_native_extension_v1/structures/af_v6/AF-A0A7C8MI75-F1-model_v6.cif,1.0
2441,A0A7C8MN20,/home/s241850073/igem2026/results/clipzyme_native_extension_v1/structures/af_v6/AF-A0A7C8MN20-F1-model_v6.cif,1.0
2442,A0A7C8MS40,/home/s241850073/igem2026/results/clipzyme_native_extension_v1/structures/af_v6/AF-A0A7C8MS40-F1-model_v6.cif,1.0
2443,A0A7D3ZJ73,/home/s241850073/igem2026/results/clipzyme_native_extension_v1/structures/af_v6/AF-A0A7D3ZJ73-F1-model_v6.cif,1.0
2444,A0A7D4A4H9,/home/s241850073/igem2026/results/clipzyme_native_extension_v1/structures/af_v6/AF-A0A7D4A4H9-F1-model_v6.cif,1.0
2445,A0A7D5HVQ3,/home/s241850073/igem2026/results/clipzyme_native_extension_v1/structures/af_v6/AF-A0A7D5HVQ3-F1-model_v6.cif,1.0
2446,A0A7D5HYM9,/home/s241850073/igem2026/results/clipzyme_native_extension_v1/structures/af_v6/AF-A0A7D5HYM9-F1-model_v6.cif,1.0
2447,A0A7D5HYZ9,/home/s241850073/igem2026/results/clipzyme_native_extension_v1/structures/af_v6/AF-A0A7D5HYZ9-F1-model_v6.cif,0.99999994
2448,A0A7D5HZV8,/home/s241850073/igem2026/results/clipzyme_native_extension_v1/structures/af_v6/AF-A0A7D5HZV8-F1-model_v6.cif,1.0
2449,A0A7D5IHL0,/home/s241850073/igem2026/results/clipzyme_native_extension_v1/structures/af_v6/AF-A0A7D5IHL0-F1-model_v6.cif,1.0
2450,A0A7D5KJM8,/home/s241850073/igem2026/results/clipzyme_native_extension_v1/structures/af_v6/AF-A0A7D5KJM8-F1-model_v6.cif,1.0
2451,A0A7D5L9H7,/home/s241850073/igem2026/results/clipzyme_native_extension_v1/structures/af_v6/AF-A0A7D5L9H7-F1-model_v6.cif,1.0
2452,A0A7D5M167,/home/s241850073/igem2026/results/clipzyme_native_extension_v1/structures/af_v6/AF-A0A7D5M167-F1-model_v6.cif,1.0
2453,A0A7D5PW15,/home/s241850073/igem2026/results/clipzyme_native_extension_v1/structures/af_v6/AF-A0A7D5PW15-F1-model_v6.cif,0.99999994
2454,A0A7D5PWT9,/home/s241850073/igem2026/results/clipzyme_native_extension_v1/structures/af_v6/AF-A0A7D5PWT9-F1-model_v6.cif,0.99999994
2455,A0A7D5Q170,/home/s241850073/igem2026/results/clipzyme_native_extension_v1/structures/af_v6/AF-A0A7D5Q170-F1-model_v6.cif,0.99999994
2456,A0A7D5UYG7,/home/s241850073/igem2026/results/clipzyme_native_extension_v1/structures/af_v6/AF-A0A7D5UYG7-F1-model_v6.cif,1.0
2457,A0A7D5Z3V5,/home/s241850073/igem2026/results/clipzyme_native_extension_v1/structures/af_v6/AF-A0A7D5Z3V5-F1-model_v6.cif,1.0
2458,A0A7D6HZS1,/home/s241850073/igem2026/results/clipzyme_native_extension_v1/structures/af_v6/AF-A0A7D6HZS1-F1-model_v6.cif,1.0
2459,A0A7D6V9Y5,/home/s241850073/igem2026/results/clipzyme_native_extension_v1/structures/af_v6/AF-A0A7D6V9Y5-F1-model_v6.cif,1.0
2460,A0A7D9ETX6,/home/s241850073/igem2026/results/clipzyme_native_extension_v1/structures/af_v6/AF-A0A7D9ETX6-F1-model_v6.cif,1.0
2461,A0A7E5WTY7,/home/s241850073/igem2026/results/clipzyme_native_extension_v1/structures/af_v6/AF-A0A7E5WTY7-F1-model_v6.cif,0.99999994
2462,A0A7G1KMJ0,/home/s241850073/igem2026/results/clipzyme_native_extension_v1/structures/af_v6/AF-A0A7G1KMJ0-F1-model_v6.cif,1.0
2463,A0A7G1KN28,/home/s241850073/igem2026/results/clipzyme_native_extension_v1/structures/af_v6/AF-A0A7G1KN28-F1-model_v6.cif,1.0
2464,A0A7G6J4L8,/home/s241850073/igem2026/results/clipzyme_native_extension_v1/structures/af_v6/AF-A0A7G6J4L8-F1-model_v6.cif,1.0
2465,A0A7G6KT53,/home/s241850073/igem2026/results/clipzyme_native_extension_v1/structures/af_v6/AF-A0A7G6KT53-F1-model_v6.cif,1.0
2466,A0A7H0IQQ1,/home/s241850073/igem2026/results/clipzyme_native_extension_v1/structures/af_v6/AF-A0A7H0IQQ1-F1-model_v6.cif,1.0
2467,A0A7H8NGJ2,/home/s241850073/igem2026/results/clipzyme_native_extension_v1/structures/af_v6/AF-A0A7H8NGJ2-F1-model_v6.cif,0.99999994
2468,A0A7H8TNQ6,/home/s241850073/igem2026/results/clipzyme_native_extension_v1/structures/af_v6/AF-A0A7H8TNQ6-F1-model_v6.cif,1.0
2469,A0A7H9SVV5,/home/s241850073/igem2026/results/clipzyme_native_extension_v1/structures/af_v6/AF-A0A7H9SVV5-F1-model_v6.cif,0.99999994
2470,A0A7I3ZNJ0,/home/s241850073/igem2026/results/clipzyme_native_extension_v1/structures/af_v6/AF-A0A7I3ZNJ0-F1-model_v6.cif,0.99999994
2471,A0A7I4FD36,/home/s241850073/igem2026/results/clipzyme_native_extension_v1/structures/af_v6/AF-A0A7I4FD36-F1-model_v6.cif,0.99999994
2472,A0A7I7LGW0,/home/s241850073/igem2026/results/clipzyme_native_extension_v1/structures/af_v6/AF-A0A7I7LGW0-F1-model_v6.cif,1.0
2473,A0A7I8IK73,/home/s241850073/igem2026/results/clipzyme_native_extension_v1/structures/af_v6/AF-A0A7I8IK73-F1-model_v6.cif,1.0
2474,A0A7I8IPP3,/home/s241850073/igem2026/results/clipzyme_native_extension_v1/structures/af_v6/AF-A0A7I8IPP3-F1-model_v6.cif,0.99999994
2475,A0A7I8K1C7,/home/s241850073/igem2026/results/clipzyme_native_extension_v1/structures/af_v6/AF-A0A7I8K1C7-F1-model_v6.cif,0.99999994
2476,A0A7J0CDF3,/home/s241850073/igem2026/results/clipzyme_native_extension_v1/structures/af_v6/AF-A0A7J0CDF3-F1-model_v6.cif,1.0
2477,A0A7J0D7W8,/home/s241850073/igem2026/results/clipzyme_native_extension_v1/structures/af_v6/AF-A0A7J0D7W8-F1-model_v6.cif,1.0
2478,A0A7J0D7Z3,/home/s241850073/igem2026/results/clipzyme_native_extension_v1/structures/af_v6/AF-A0A7J0D7Z3-F1-model_v6.cif,1.0
2479,A0A7J0D8H7,/home/s241850073/igem2026/results/clipzyme_native_extension_v1/structures/af_v6/AF-A0A7J0D8H7-F1-model_v6.cif,1.0
2480,A0A7J0DL65,/home/s241850073/igem2026/results/clipzyme_native_extension_v1/structures/af_v6/AF-A0A7J0DL65-F1-model_v6.cif,1.0
2481,A0A7J0DLJ2,/home/s241850073/igem2026/results/clipzyme_native_extension_v1/structures/af_v6/AF-A0A7J0DLJ2-F1-model_v6.cif,0.99999994
2482,A0A7J0ERS3,/home/s241850073/igem2026/results/clipzyme_native_extension_v1/structures/af_v6/AF-A0A7J0ERS3-F1-model_v6.cif,1.0
2483,A0A7J0F0M8,/home/s241850073/igem2026/results/clipzyme_native_extension_v1/structures/af_v6/AF-A0A7J0F0M8-F1-model_v6.cif,1.0
2484,A0A7J0FR25,/home/s241850073/igem2026/results/clipzyme_native_extension_v1/structures/af_v6/AF-A0A7J0FR25-F1-model_v6.cif,1.0000001
2485,A0A7J0FZ11,/home/s241850073/igem2026/results/clipzyme_native_extension_v1/structures/af_v6/AF-A0A7J0FZ11-F1-model_v6.cif,1.0
2486,A0A7J6DYS3,/home/s241850073/igem2026/results/clipzyme_native_extension_v1/structures/af_v6/AF-A0A7J6DYS3-F1-model_v6.cif,1.0
2487,A0A7J6E059,/home/s241850073/igem2026/results/clipzyme_native_extension_v1/structures/af_v6/AF-A0A7J6E059-F1-model_v6.cif,1.0
2488,A0A7J6ECQ9,/home/s241850073/igem2026/results/clipzyme_native_extension_v1/structures/af_v6/AF-A0A7J6ECQ9-F1-model_v6.cif,1.0
2489,A0A7J6ECZ5,/home/s241850073/igem2026/results/clipzyme_native_extension_v1/structures/af_v6/AF-A0A7J6ECZ5-F1-model_v6.cif,1.0
2490,A0A7J6EGV2,/home/s241850073/igem2026/results/clipzyme_native_extension_v1/structures/af_v6/AF-A0A7J6EGV2-F1-model_v6.cif,1.0
2491,A0A7J6EM04,/home/s241850073/igem2026/results/clipzyme_native_extension_v1/structures/af_v6/AF-A0A7J6EM04-F1-model_v6.cif,1.0
2492,A0A7J6FUX2,/home/s241850073/igem2026/results/clipzyme_native_extension_v1/structures/af_v6/AF-A0A7J6FUX2-F1-model_v6.cif,1.0
2493,A0A7J6HGR3,/home/s241850073/igem2026/results/clipzyme_native_extension_v1/structures/af_v6/AF-A0A7J6HGR3-F1-model_v6.cif,1.0
2494,A0A7J6HK32,/home/s241850073/igem2026/results/clipzyme_native_extension_v1/structures/af_v6/AF-A0A7J6HK32-F1-model_v6.cif,1.0
2495,A0A7J6HLE6,/home/s241850073/igem2026/results/clipzyme_native_extension_v1/structures/af_v6/AF-A0A7J6HLE6-F1-model_v6.cif,1.0
2496,A0A7J6HUB1,/home/s241850073/igem2026/results/clipzyme_native_extension_v1/structures/af_v6/AF-A0A7J6HUB1-F1-model_v6.cif,1.0
2497,A0A7J6HUX7,/home/s241850073/igem2026/results/clipzyme_native_extension_v1/structures/af_v6/AF-A0A7J6HUX7-F1-model_v6.cif,1.0
2498,A0A7J6HWR9,/home/s241850073/igem2026/results/clipzyme_native_extension_v1/structures/af_v6/AF-A0A7J6HWR9-F1-model_v6.cif,1.0
2499,A0A7J6ICX6,/home/s241850073/igem2026/results/clipzyme_native_extension_v1/structures/af_v6/AF-A0A7J6ICX6-F1-model_v6.cif,1.0
2500,A0A7J6IEU9,/home/s241850073/igem2026/results/clipzyme_native_extension_v1/structures/af_v6/AF-A0A7J6IEU9-F1-model_v6.cif,1.0
2501,A0A7J6IL20,/home/s241850073/igem2026/results/clipzyme_native_extension_v1/structures/af_v6/AF-A0A7J6IL20-F1-model_v6.cif,0.99999994
2502,A0A7J6UYN1,/home/s241850073/igem2026/results/clipzyme_native_extension_v1/structures/af_v6/AF-A0A7J6UYN1-F1-model_v6.cif,0.99999994
2503,A0A7J6V480,/home/s241850073/igem2026/results/clipzyme_native_extension_v1/structures/af_v6/AF-A0A7J6V480-F1-model_v6.cif,1.0
2504,A0A7J6VBH8,/home/s241850073/igem2026/results/clipzyme_native_extension_v1/structures/af_v6/AF-A0A7J6VBH8-F1-model_v6.cif,1.0
2505,A0A7J6VGF6,/home/s241850073/igem2026/results/clipzyme_native_extension_v1/structures/af_v6/AF-A0A7J6VGF6-F1-model_v6.cif,0.99999994
2506,A0A7J6VIR7,/home/s241850073/igem2026/results/clipzyme_native_extension_v1/structures/af_v6/AF-A0A7J6VIR7-F1-model_v6.cif,1.0
2507,A0A7J6VP38,/home/s241850073/igem2026/results/clipzyme_native_extension_v1/structures/af_v6/AF-A0A7J6VP38-F1-model_v6.cif,1.0
2508,A0A7J6VPE7,/home/s241850073/igem2026/results/clipzyme_native_extension_v1/structures/af_v6/AF-A0A7J6VPE7-F1-model_v6.cif,0.99999994
2509,A0A7J6VX53,/home/s241850073/igem2026/results/clipzyme_native_extension_v1/structures/af_v6/AF-A0A7J6VX53-F1-model_v6.cif,1.0
2510,A0A7J6W8H8,/home/s241850073/igem2026/results/clipzyme_native_extension_v1/structures/af_v6/AF-A0A7J6W8H8-F1-model_v6.cif,1.0
2511,A0A7J6WE86,/home/s241850073/igem2026/results/clipzyme_native_extension_v1/structures/af_v6/AF-A0A7J6WE86-F1-model_v6.cif,1.0
2512,A0A7J6WQL7,/home/s241850073/igem2026/results/clipzyme_native_extension_v1/structures/af_v6/AF-A0A7J6WQL7-F1-model_v6.cif,1.0
2513,A0A7J6XAJ9,/home/s241850073/igem2026/results/clipzyme_native_extension_v1/structures/af_v6/AF-A0A7J6XAJ9-F1-model_v6.cif,1.0
2514,A0A7J7BT13,/home/s241850073/igem2026/results/clipzyme_native_extension_v1/structures/af_v6/AF-A0A7J7BT13-F1-model_v6.cif,1.0
2515,A0A7J7BWK9,/home/s241850073/igem2026/results/clipzyme_native_extension_v1/structures/af_v6/AF-A0A7J7BWK9-F1-model_v6.cif,0.9999999
2516,A0A7J7C232,/home/s241850073/igem2026/results/clipzyme_native_extension_v1/structures/af_v6/AF-A0A7J7C232-F1-model_v6.cif,0.99999994
2517,A0A7J7C3A1,/home/s241850073/igem2026/results/clipzyme_native_extension_v1/structures/af_v6/AF-A0A7J7C3A1-F1-model_v6.cif,1.0
2518,A0A7J7CA94,/home/s241850073/igem2026/results/clipzyme_native_extension_v1/structures/af_v6/AF-A0A7J7CA94-F1-model_v6.cif,1.0
2519,A0A7J7CFB5,/home/s241850073/igem2026/results/clipzyme_native_extension_v1/structures/af_v6/AF-A0A7J7CFB5-F1-model_v6.cif,1.0
2520,A0A7J7CRL7,/home/s241850073/igem2026/results/clipzyme_native_extension_v1/structures/af_v6/AF-A0A7J7CRL7-F1-model_v6.cif,1.0
2521,A0A7J7CWP0,/home/s241850073/igem2026/results/clipzyme_native_extension_v1/structures/af_v6/AF-A0A7J7CWP0-F1-model_v6.cif,1.0
2522,A0A7J7DD49,/home/s241850073/igem2026/results/clipzyme_native_extension_v1/structures/af_v6/AF-A0A7J7DD49-F1-model_v6.cif,1.0
2523,A0A7J7DKB4,/home/s241850073/igem2026/results/clipzyme_native_extension_v1/structures/af_v6/AF-A0A7J7DKB4-F1-model_v6.cif,0.99999994
2524,A0A7J7DUN1,/home/s241850073/igem2026/results/clipzyme_native_extension_v1/structures/af_v6/AF-A0A7J7DUN1-F1-model_v6.cif,0.99999994
2525,A0A7J7FPZ6,/home/s241850073/igem2026/results/clipzyme_native_extension_v1/structures/af_v6/AF-A0A7J7FPZ6-F1-model_v6.cif,0.99999994
2526,A0A7J7GD66,/home/s241850073/igem2026/results/clipzyme_native_extension_v1/structures/af_v6/AF-A0A7J7GD66-F1-model_v6.cif,1.0
2527,A0A7J7GFC8,/home/s241850073/igem2026/results/clipzyme_native_extension_v1/structures/af_v6/AF-A0A7J7GFC8-F1-model_v6.cif,0.99999994
2528,A0A7J7GG20,/home/s241850073/igem2026/results/clipzyme_native_extension_v1/structures/af_v6/AF-A0A7J7GG20-F1-model_v6.cif,1.0
2529,A0A7J7GRB4,/home/s241850073/igem2026/results/clipzyme_native_extension_v1/structures/af_v6/AF-A0A7J7GRB4-F1-model_v6.cif,0.9999999
2530,A0A7J7GSE1,/home/s241850073/igem2026/results/clipzyme_native_extension_v1/structures/af_v6/AF-A0A7J7GSE1-F1-model_v6.cif,1.0
2531,A0A7J7GVF7,/home/s241850073/igem2026/results/clipzyme_native_extension_v1/structures/af_v6/AF-A0A7J7GVF7-F1-model_v6.cif,1.0000001
2532,A0A7J7GXN7,/home/s241850073/igem2026/results/clipzyme_native_extension_v1/structures/af_v6/AF-A0A7J7GXN7-F1-model_v6.cif,0.99999994
2533,A0A7J7GZF5,/home/s241850073/igem2026/results/clipzyme_native_extension_v1/structures/af_v6/AF-A0A7J7GZF5-F1-model_v6.cif,1.0
2534,A0A7J7H739,/home/s241850073/igem2026/results/clipzyme_native_extension_v1/structures/af_v6/AF-A0A7J7H739-F1-model_v6.cif,0.99999994
2535,A0A7J7H7I9,/home/s241850073/igem2026/results/clipzyme_native_extension_v1/structures/af_v6/AF-A0A7J7H7I9-F1-model_v6.cif,0.99999994
2536,A0A7J7H8M9,/home/s241850073/igem2026/results/clipzyme_native_extension_v1/structures/af_v6/AF-A0A7J7H8M9-F1-model_v6.cif,1.0
2537,A0A7J7H917,/home/s241850073/igem2026/results/clipzyme_native_extension_v1/structures/af_v6/AF-A0A7J7H917-F1-model_v6.cif,1.0
2538,A0A7J7HAF5,/home/s241850073/igem2026/results/clipzyme_native_extension_v1/structures/af_v6/AF-A0A7J7HAF5-F1-model_v6.cif,1.0
2539,A0A7J7HBP0,/home/s241850073/igem2026/results/clipzyme_native_extension_v1/structures/af_v6/AF-A0A7J7HBP0-F1-model_v6.cif,0.99999994
2540,A0A7J7HD15,/home/s241850073/igem2026/results/clipzyme_native_extension_v1/structures/af_v6/AF-A0A7J7HD15-F1-model_v6.cif,0.99999994
2541,A0A7J7HT16,/home/s241850073/igem2026/results/clipzyme_native_extension_v1/structures/af_v6/AF-A0A7J7HT16-F1-model_v6.cif,0.99999994
2542,A0A7J7HX45,/home/s241850073/igem2026/results/clipzyme_native_extension_v1/structures/af_v6/AF-A0A7J7HX45-F1-model_v6.cif,1.0
2543,A0A7J7HXY9,/home/s241850073/igem2026/results/clipzyme_native_extension_v1/structures/af_v6/AF-A0A7J7HXY9-F1-model_v6.cif,0.99999994
2544,A0A7J7IB11,/home/s241850073/igem2026/results/clipzyme_native_extension_v1/structures/af_v6/AF-A0A7J7IB11-F1-model_v6.cif,1.0
2545,A0A7J7IC68,/home/s241850073/igem2026/results/clipzyme_native_extension_v1/structures/af_v6/AF-A0A7J7IC68-F1-model_v6.cif,1.0
2546,A0A7J7ID86,/home/s241850073/igem2026/results/clipzyme_native_extension_v1/structures/af_v6/AF-A0A7J7ID86-F1-model_v6.cif,1.0
2547,A0A7J7KMR1,/home/s241850073/igem2026/results/clipzyme_native_extension_v1/structures/af_v6/AF-A0A7J7KMR1-F1-model_v6.cif,1.0
2548,A0A7J7KW90,/home/s241850073/igem2026/results/clipzyme_native_extension_v1/structures/af_v6/AF-A0A7J7KW90-F1-model_v6.cif,1.0
2549,A0A7J7L1L6,/home/s241850073/igem2026/results/clipzyme_native_extension_v1/structures/af_v6/AF-A0A7J7L1L6-F1-model_v6.cif,1.0
2550,A0A7J7LTM2,/home/s241850073/igem2026/results/clipzyme_native_extension_v1/structures/af_v6/AF-A0A7J7LTM2-F1-model_v6.cif,0.99999994
2551,A0A7J7LTQ0,/home/s241850073/igem2026/results/clipzyme_native_extension_v1/structures/af_v6/AF-A0A7J7LTQ0-F1-model_v6.cif,1.0
2552,A0A7J7LWX0,/home/s241850073/igem2026/results/clipzyme_native_extension_v1/structures/af_v6/AF-A0A7J7LWX0-F1-model_v6.cif,0.99999994
2553,A0A7J7M7B7,/home/s241850073/igem2026/results/clipzyme_native_extension_v1/structures/af_v6/AF-A0A7J7M7B7-F1-model_v6.cif,1.0
2554,A0A7J7ME24,/home/s241850073/igem2026/results/clipzyme_native_extension_v1/structures/af_v6/AF-A0A7J7ME24-F1-model_v6.cif,0.99999994
2555,A0A7J7MG99,/home/s241850073/igem2026/results/clipzyme_native_extension_v1/structures/af_v6/AF-A0A7J7MG99-F1-model_v6.cif,1.0
2556,A0A7J7MQI5,/home/s241850073/igem2026/results/clipzyme_native_extension_v1/structures/af_v6/AF-A0A7J7MQI5-F1-model_v6.cif,1.0
2557,A0A7J7N2H0,/home/s241850073/igem2026/results/clipzyme_native_extension_v1/structures/af_v6/AF-A0A7J7N2H0-F1-model_v6.cif,0.99999994
2558,A0A7J7NRK1,/home/s241850073/igem2026/results/clipzyme_native_extension_v1/structures/af_v6/AF-A0A7J7NRK1-F1-model_v6.cif,1.0
2559,A0A7J8MLV3,/home/s241850073/igem2026/results/clipzyme_native_extension_v1/structures/af_v6/AF-A0A7J8MLV3-F1-model_v6.cif,0.99999994
2560,A0A7J8MXS3,/home/s241850073/igem2026/results/clipzyme_native_extension_v1/structures/af_v6/AF-A0A7J8MXS3-F1-model_v6.cif,0.99999994
2561,A0A7J8MY04,/home/s241850073/igem2026/results/clipzyme_native_extension_v1/structures/af_v6/AF-A0A7J8MY04-F1-model_v6.cif,1.0
2562,A0A7J8RZR2,/home/s241850073/igem2026/results/clipzyme_native_extension_v1/structures/af_v6/AF-A0A7J8RZR2-F1-model_v6.cif,0.99999994
2563,A0A7J8S0Q8,/home/s241850073/igem2026/results/clipzyme_native_extension_v1/structures/af_v6/AF-A0A7J8S0Q8-F1-model_v6.cif,1.0
2564,A0A7J8SAW5,/home/s241850073/igem2026/results/clipzyme_native_extension_v1/structures/af_v6/AF-A0A7J8SAW5-F1-model_v6.cif,0.99999994
2565,A0A7J8SET9,/home/s241850073/igem2026/results/clipzyme_native_extension_v1/structures/af_v6/AF-A0A7J8SET9-F1-model_v6.cif,1.0
2566,A0A7J8TTN8,/home/s241850073/igem2026/results/clipzyme_native_extension_v1/structures/af_v6/AF-A0A7J8TTN8-F1-model_v6.cif,0.99999994
2567,A0A7J8VLN6,/home/s241850073/igem2026/results/clipzyme_native_extension_v1/structures/af_v6/AF-A0A7J8VLN6-F1-model_v6.cif,0.99999994
2568,A0A7J8XIZ0,/home/s241850073/igem2026/results/clipzyme_native_extension_v1/structures/af_v6/AF-A0A7J8XIZ0-F1-model_v6.cif,1.0
2569,A0A7J8YUE9,/home/s241850073/igem2026/results/clipzyme_native_extension_v1/structures/af_v6/AF-A0A7J8YUE9-F1-model_v6.cif,1.0
2570,A0A7J9B7Q0,/home/s241850073/igem2026/results/clipzyme_native_extension_v1/structures/af_v6/AF-A0A7J9B7Q0-F1-model_v6.cif,1.0
2571,A0A7J9BTD8,/home/s241850073/igem2026/results/clipzyme_native_extension_v1/structures/af_v6/AF-A0A7J9BTD8-F1-model_v6.cif,1.0000001
2572,A0A7J9CY57,/home/s241850073/igem2026/results/clipzyme_native_extension_v1/structures/af_v6/AF-A0A7J9CY57-F1-model_v6.cif,0.99999994
2573,A0A7J9FHH8,/home/s241850073/igem2026/results/clipzyme_native_extension_v1/structures/af_v6/AF-A0A7J9FHH8-F1-model_v6.cif,1.0
2574,A0A7J9HBI5,/home/s241850073/igem2026/results/clipzyme_native_extension_v1/structures/af_v6/AF-A0A7J9HBI5-F1-model_v6.cif,1.0
2575,A0A7J9JPH3,/home/s241850073/igem2026/results/clipzyme_native_extension_v1/structures/af_v6/AF-A0A7J9JPH3-F1-model_v6.cif,0.99999994
2576,A0A7J9KEA5,/home/s241850073/igem2026/results/clipzyme_native_extension_v1/structures/af_v6/AF-A0A7J9KEA5-F1-model_v6.cif,0.99999994
2577,A0A7J9LZX6,/home/s241850073/igem2026/results/clipzyme_native_extension_v1/structures/af_v6/AF-A0A7J9LZX6-F1-model_v6.cif,1.0
2578,A0A7J9NCA3,/home/s241850073/igem2026/results/clipzyme_native_extension_v1/structures/af_v6/AF-A0A7J9NCA3-F1-model_v6.cif,1.0
2579,A0A7K0FXM1,/home/s241850073/igem2026/results/clipzyme_native_extension_v1/structures/af_v6/AF-A0A7K0FXM1-F1-model_v6.cif,1.0
2580,A0A7K1L1G9,/home/s241850073/igem2026/results/clipzyme_native_extension_v1/structures/af_v6/AF-A0A7K1L1G9-F1-model_v6.cif,1.0
2581,A0A7K1U1U8,/home/s241850073/igem2026/results/clipzyme_native_extension_v1/structures/af_v6/AF-A0A7K1U1U8-F1-model_v6.cif,0.99999994
2582,A0A7K1U1V1,/home/s241850073/igem2026/results/clipzyme_native_extension_v1/structures/af_v6/AF-A0A7K1U1V1-F1-model_v6.cif,0.99999994
2583,A0A7K1UV72,/home/s241850073/igem2026/results/clipzyme_native_extension_v1/structures/af_v6/AF-A0A7K1UV72-F1-model_v6.cif,1.0
2584,A0A7L7S5U1,/home/s241850073/igem2026/results/clipzyme_native_extension_v1/structures/af_v6/AF-A0A7L7S5U1-F1-model_v6.cif,1.0
2585,A0A7L7SBC1,/home/s241850073/igem2026/results/clipzyme_native_extension_v1/structures/af_v6/AF-A0A7L7SBC1-F1-model_v6.cif,1.0
2586,A0A7M2WRP9,/home/s241850073/igem2026/results/clipzyme_native_extension_v1/structures/af_v6/AF-A0A7M2WRP9-F1-model_v6.cif,0.99999994
2587,A0A7M2WWU4,/home/s241850073/igem2026/results/clipzyme_native_extension_v1/structures/af_v6/AF-A0A7M2WWU4-F1-model_v6.cif,1.0
2588,A0A7M2YUC8,/home/s241850073/igem2026/results/clipzyme_native_extension_v1/structures/af_v6/AF-A0A7M2YUC8-F1-model_v6.cif,1.0000001
2589,A0A7M3M6K6,/home/s241850073/igem2026/results/clipzyme_native_extension_v1/structures/af_v6/AF-A0A7M3M6K6-F1-model_v6.cif,0.99999994
2590,A0A7M3UPY5,/home/s241850073/igem2026/results/clipzyme_native_extension_v1/structures/af_v6/AF-A0A7M3UPY5-F1-model_v6.cif,1.0
2591,A0A7M3UPY6,/home/s241850073/igem2026/results/clipzyme_native_extension_v1/structures/af_v6/AF-A0A7M3UPY6-F1-model_v6.cif,0.99999994
2592,A0A7N0REC0,/home/s241850073/igem2026/results/clipzyme_native_extension_v1/structures/af_v6/AF-A0A7N0REC0-F1-model_v6.cif,0.99999994
2593,A0A7N0RI72,/home/s241850073/igem2026/results/clipzyme_native_extension_v1/structures/af_v6/AF-A0A7N0RI72-F1-model_v6.cif,1.0
2594,A0A7N0RIP2,/home/s241850073/igem2026/results/clipzyme_native_extension_v1/structures/af_v6/AF-A0A7N0RIP2-F1-model_v6.cif,1.0
2595,A0A7N0TC98,/home/s241850073/igem2026/results/clipzyme_native_extension_v1/structures/af_v6/AF-A0A7N0TC98-F1-model_v6.cif,1.0
2596,A0A7N0UZR0,/home/s241850073/igem2026/results/clipzyme_native_extension_v1/structures/af_v6/AF-A0A7N0UZR0-F1-model_v6.cif,0.99999994
2597,A0A7N0V1J6,/home/s241850073/igem2026/results/clipzyme_native_extension_v1/structures/af_v6/AF-A0A7N0V1J6-F1-model_v6.cif,1.0
2598,A0A7N0V1R2,/home/s241850073/igem2026/results/clipzyme_native_extension_v1/structures/af_v6/AF-A0A7N0V1R2-F1-model_v6.cif,0.99999994
2599,A0A7N0V7W6,/home/s241850073/igem2026/results/clipzyme_native_extension_v1/structures/af_v6/AF-A0A7N0V7W6-F1-model_v6.cif,0.99999994
2600,A0A7N0V8Q2,/home/s241850073/igem2026/results/clipzyme_native_extension_v1/structures/af_v6/AF-A0A7N0V8Q2-F1-model_v6.cif,0.99999994
2601,A0A7N0V914,/home/s241850073/igem2026/results/clipzyme_native_extension_v1/structures/af_v6/AF-A0A7N0V914-F1-model_v6.cif,0.99999994
2602,A0A7N0V974,/home/s241850073/igem2026/results/clipzyme_native_extension_v1/structures/af_v6/AF-A0A7N0V974-F1-model_v6.cif,1.0
2603,A0A7N0VDC4,/home/s241850073/igem2026/results/clipzyme_native_extension_v1/structures/af_v6/AF-A0A7N0VDC4-F1-model_v6.cif,1.0
2604,A0A7N0VE86,/home/s241850073/igem2026/results/clipzyme_native_extension_v1/structures/af_v6/AF-A0A7N0VE86-F1-model_v6.cif,1.0
2605,A0A7N0VMZ7,/home/s241850073/igem2026/results/clipzyme_native_extension_v1/structures/af_v6/AF-A0A7N0VMZ7-F1-model_v6.cif,1.0
2606,A0A7N0ZTL3,/home/s241850073/igem2026/results/clipzyme_native_extension_v1/structures/af_v6/AF-A0A7N0ZTL3-F1-model_v6.cif,0.99999994
2607,A0A7N2L1S4,/home/s241850073/igem2026/results/clipzyme_native_extension_v1/structures/af_v6/AF-A0A7N2L1S4-F1-model_v6.cif,0.99999994
2608,A0A7N2L2V9,/home/s241850073/igem2026/results/clipzyme_native_extension_v1/structures/af_v6/AF-A0A7N2L2V9-F1-model_v6.cif,0.99999994
2609,A0A7N2LLU0,/home/s241850073/igem2026/results/clipzyme_native_extension_v1/structures/af_v6/AF-A0A7N2LLU0-F1-model_v6.cif,0.99999994
2610,A0A7N2LSD0,/home/s241850073/igem2026/results/clipzyme_native_extension_v1/structures/af_v6/AF-A0A7N2LSD0-F1-model_v6.cif,1.0
2611,A0A7N2LSZ6,/home/s241850073/igem2026/results/clipzyme_native_extension_v1/structures/af_v6/AF-A0A7N2LSZ6-F1-model_v6.cif,0.99999994
2612,A0A7N2MB39,/home/s241850073/igem2026/results/clipzyme_native_extension_v1/structures/af_v6/AF-A0A7N2MB39-F1-model_v6.cif,1.0
2613,A0A7N2MIC3,/home/s241850073/igem2026/results/clipzyme_native_extension_v1/structures/af_v6/AF-A0A7N2MIC3-F1-model_v6.cif,1.0
2614,A0A7N2MQA0,/home/s241850073/igem2026/results/clipzyme_native_extension_v1/structures/af_v6/AF-A0A7N2MQA0-F1-model_v6.cif,0.99999994
2615,A0A7N2MS18,/home/s241850073/igem2026/results/clipzyme_native_extension_v1/structures/af_v6/AF-A0A7N2MS18-F1-model_v6.cif,1.0
2616,A0A7N2MVU9,/home/s241850073/igem2026/results/clipzyme_native_extension_v1/structures/af_v6/AF-A0A7N2MVU9-F1-model_v6.cif,0.99999994
2617,A0A7N2MWR6,/home/s241850073/igem2026/results/clipzyme_native_extension_v1/structures/af_v6/AF-A0A7N2MWR6-F1-model_v6.cif,0.99999994
2618,A0A7N2R5M2,/home/s241850073/igem2026/results/clipzyme_native_extension_v1/structures/af_v6/AF-A0A7N2R5M2-F1-model_v6.cif,1.0
2619,A0A7R7W992,/home/s241850073/igem2026/results/clipzyme_native_extension_v1/structures/af_v6/AF-A0A7R7W992-F1-model_v6.cif,0.99999994
2620,A0A7R7W9M5,/home/s241850073/igem2026/results/clipzyme_native_extension_v1/structures/af_v6/AF-A0A7R7W9M5-F1-model_v6.cif,0.99999994
2621,A0A7R7ZLE4,/home/s241850073/igem2026/results/clipzyme_native_extension_v1/structures/af_v6/AF-A0A7R7ZLE4-F1-model_v6.cif,1.0
2622,A0A7R7ZLL0,/home/s241850073/igem2026/results/clipzyme_native_extension_v1/structures/af_v6/AF-A0A7R7ZLL0-F1-model_v6.cif,0.99999994
2623,A0A7R8A0Q8,/home/s241850073/igem2026/results/clipzyme_native_extension_v1/structures/af_v6/AF-A0A7R8A0Q8-F1-model_v6.cif,1.0
2624,A0A7R9KDI0,/home/s241850073/igem2026/results/clipzyme_native_extension_v1/structures/af_v6/AF-A0A7R9KDI0-F1-model_v6.cif,1.0
2625,A0A7R9KLG1,/home/s241850073/igem2026/results/clipzyme_native_extension_v1/structures/af_v6/AF-A0A7R9KLG1-F1-model_v6.cif,1.0000001
2626,A0A7R9KLR2,/home/s241850073/igem2026/results/clipzyme_native_extension_v1/structures/af_v6/AF-A0A7R9KLR2-F1-model_v6.cif,1.0
2627,A0A7R9KMA9,/home/s241850073/igem2026/results/clipzyme_native_extension_v1/structures/af_v6/AF-A0A7R9KMA9-F1-model_v6.cif,1.0
2628,A0A7R9KRW2,/home/s241850073/igem2026/results/clipzyme_native_extension_v1/structures/af_v6/AF-A0A7R9KRW2-F1-model_v6.cif,0.99999994
2629,A0A7R9KSF9,/home/s241850073/igem2026/results/clipzyme_native_extension_v1/structures/af_v6/AF-A0A7R9KSF9-F1-model_v6.cif,0.99999994
2630,A0A7R9L3M3,/home/s241850073/igem2026/results/clipzyme_native_extension_v1/structures/af_v6/AF-A0A7R9L3M3-F1-model_v6.cif,1.0
2631,A0A7R9L5L3,/home/s241850073/igem2026/results/clipzyme_native_extension_v1/structures/af_v6/AF-A0A7R9L5L3-F1-model_v6.cif,0.99999994
2632,A0A7R9L816,/home/s241850073/igem2026/results/clipzyme_native_extension_v1/structures/af_v6/AF-A0A7R9L816-F1-model_v6.cif,1.0
2633,A0A7R9LCI2,/home/s241850073/igem2026/results/clipzyme_native_extension_v1/structures/af_v6/AF-A0A7R9LCI2-F1-model_v6.cif,0.99999994
2634,A0A7R9LNE5,/home/s241850073/igem2026/results/clipzyme_native_extension_v1/structures/af_v6/AF-A0A7R9LNE5-F1-model_v6.cif,1.0
2635,A0A7R9LNP4,/home/s241850073/igem2026/results/clipzyme_native_extension_v1/structures/af_v6/AF-A0A7R9LNP4-F1-model_v6.cif,0.99999994
2636,A0A7R9LXJ6,/home/s241850073/igem2026/results/clipzyme_native_extension_v1/structures/af_v6/AF-A0A7R9LXJ6-F1-model_v6.cif,1.0
2637,A0A7R9M0T2,/home/s241850073/igem2026/results/clipzyme_native_extension_v1/structures/af_v6/AF-A0A7R9M0T2-F1-model_v6.cif,1.0
2638,A0A7R9M2B2,/home/s241850073/igem2026/results/clipzyme_native_extension_v1/structures/af_v6/AF-A0A7R9M2B2-F1-model_v6.cif,0.99999994
2639,A0A7R9MEJ8,/home/s241850073/igem2026/results/clipzyme_native_extension_v1/structures/af_v6/AF-A0A7R9MEJ8-F1-model_v6.cif,1.0
2640,A0A7R9MEL6,/home/s241850073/igem2026/results/clipzyme_native_extension_v1/structures/af_v6/AF-A0A7R9MEL6-F1-model_v6.cif,0.99999994
2641,A0A7R9MFJ6,/home/s241850073/igem2026/results/clipzyme_native_extension_v1/structures/af_v6/AF-A0A7R9MFJ6-F1-model_v6.cif,1.0
2642,A0A7R9PWG5,/home/s241850073/igem2026/results/clipzyme_native_extension_v1/structures/af_v6/AF-A0A7R9PWG5-F1-model_v6.cif,0.99999994
2643,A0A7R9Q022,/home/s241850073/igem2026/results/clipzyme_native_extension_v1/structures/af_v6/AF-A0A7R9Q022-F1-model_v6.cif,1.0
2644,A0A7R9Q0K8,/home/s241850073/igem2026/results/clipzyme_native_extension_v1/structures/af_v6/AF-A0A7R9Q0K8-F1-model_v6.cif,0.99999994
2645,A0A7R9Q1I9,/home/s241850073/igem2026/results/clipzyme_native_extension_v1/structures/af_v6/AF-A0A7R9Q1I9-F1-model_v6.cif,1.0
2646,A0A7R9Q2D6,/home/s241850073/igem2026/results/clipzyme_native_extension_v1/structures/af_v6/AF-A0A7R9Q2D6-F1-model_v6.cif,0.99999994
2647,A0A7R9Q9S5,/home/s241850073/igem2026/results/clipzyme_native_extension_v1/structures/af_v6/AF-A0A7R9Q9S5-F1-model_v6.cif,1.0
2648,A0A7R9QRF3,/home/s241850073/igem2026/results/clipzyme_native_extension_v1/structures/af_v6/AF-A0A7R9QRF3-F1-model_v6.cif,1.0
2649,A0A7R9QVE4,/home/s241850073/igem2026/results/clipzyme_native_extension_v1/structures/af_v6/AF-A0A7R9QVE4-F1-model_v6.cif,0.99999994
2650,A0A7S5GI43,/home/s241850073/igem2026/results/clipzyme_native_extension_v1/structures/af_v6/AF-A0A7S5GI43-F1-model_v6.cif,0.99999994
2651,A0A7S5GI44,/home/s241850073/igem2026/results/clipzyme_native_extension_v1/structures/af_v6/AF-A0A7S5GI44-F1-model_v6.cif,0.99999994
2652,A0A7S6HRZ4,/home/s241850073/igem2026/results/clipzyme_native_extension_v1/structures/af_v6/AF-A0A7S6HRZ4-F1-model_v6.cif,0.99999994
2653,A0A7S6L0M3,/home/s241850073/igem2026/results/clipzyme_native_extension_v1/structures/af_v6/AF-A0A7S6L0M3-F1-model_v6.cif,1.0
2654,A0A7S8CDR9,/home/s241850073/igem2026/results/clipzyme_native_extension_v1/structures/af_v6/AF-A0A7S8CDR9-F1-model_v6.cif,1.0
2655,A0A7S8EBI9,/home/s241850073/igem2026/results/clipzyme_native_extension_v1/structures/af_v6/AF-A0A7S8EBI9-F1-model_v6.cif,1.0
2656,A0A7S8IEK3,/home/s241850073/igem2026/results/clipzyme_native_extension_v1/structures/af_v6/AF-A0A7S8IEK3-F1-model_v6.cif,1.0
2657,A0A7U2FDG6,/home/s241850073/igem2026/results/clipzyme_native_extension_v1/structures/af_v6/AF-A0A7U2FDG6-F1-model_v6.cif,1.0
2658,A0A7U2QR38,/home/s241850073/igem2026/results/clipzyme_native_extension_v1/structures/af_v6/AF-A0A7U2QR38-F1-model_v6.cif,0.99999994
2659,A0A7W0CI68,/home/s241850073/igem2026/results/clipzyme_native_extension_v1/structures/af_v6/AF-A0A7W0CI68-F1-model_v6.cif,0.99999994
2660,A0A7W3NT70,/home/s241850073/igem2026/results/clipzyme_native_extension_v1/structures/af_v6/AF-A0A7W3NT70-F1-model_v6.cif,1.0
2661,A0A7W5F0P0,/home/s241850073/igem2026/results/clipzyme_native_extension_v1/structures/af_v6/AF-A0A7W5F0P0-F1-model_v6.cif,0.99999994
2662,A0A7W7C3K0,/home/s241850073/igem2026/results/clipzyme_native_extension_v1/structures/af_v6/AF-A0A7W7C3K0-F1-model_v6.cif,1.0
2663,A0A7W7CC41,/home/s241850073/igem2026/results/clipzyme_native_extension_v1/structures/af_v6/AF-A0A7W7CC41-F1-model_v6.cif,0.9999999
2664,A0A7W7CED3,/home/s241850073/igem2026/results/clipzyme_native_extension_v1/structures/af_v6/AF-A0A7W7CED3-F1-model_v6.cif,0.99999994
2665,A0A7W7CEP1,/home/s241850073/igem2026/results/clipzyme_native_extension_v1/structures/af_v6/AF-A0A7W7CEP1-F1-model_v6.cif,1.0
2666,A0A7W7CI03,/home/s241850073/igem2026/results/clipzyme_native_extension_v1/structures/af_v6/AF-A0A7W7CI03-F1-model_v6.cif,1.0
2667,A0A7W7L8K6,/home/s241850073/igem2026/results/clipzyme_native_extension_v1/structures/af_v6/AF-A0A7W7L8K6-F1-model_v6.cif,0.99999994
2668,A0A7W7LCX4,/home/s241850073/igem2026/results/clipzyme_native_extension_v1/structures/af_v6/AF-A0A7W7LCX4-F1-model_v6.cif,1.0
2669,A0A7W7PFM2,/home/s241850073/igem2026/results/clipzyme_native_extension_v1/structures/af_v6/AF-A0A7W7PFM2-F1-model_v6.cif,0.99999994
2670,A0A7W7PIN0,/home/s241850073/igem2026/results/clipzyme_native_extension_v1/structures/af_v6/AF-A0A7W7PIN0-F1-model_v6.cif,1.0
2671,A0A7W7QXL6,/home/s241850073/igem2026/results/clipzyme_native_extension_v1/structures/af_v6/AF-A0A7W7QXL6-F1-model_v6.cif,0.99999994
2672,A0A7W7VTR6,/home/s241850073/igem2026/results/clipzyme_native_extension_v1/structures/af_v6/AF-A0A7W7VTR6-F1-model_v6.cif,1.0
2673,A0A7W8B3R0,/home/s241850073/igem2026/results/clipzyme_native_extension_v1/structures/af_v6/AF-A0A7W8B3R0-F1-model_v6.cif,1.0
2674,A0A7W8B3Z8,/home/s241850073/igem2026/results/clipzyme_native_extension_v1/structures/af_v6/AF-A0A7W8B3Z8-F1-model_v6.cif,0.99999994
2675,A0A7W8B462,/home/s241850073/igem2026/results/clipzyme_native_extension_v1/structures/af_v6/AF-A0A7W8B462-F1-model_v6.cif,0.99999994
2676,A0A7W8B4A1,/home/s241850073/igem2026/results/clipzyme_native_extension_v1/structures/af_v6/AF-A0A7W8B4A1-F1-model_v6.cif,1.0
2677,A0A7W8B4J6,/home/s241850073/igem2026/results/clipzyme_native_extension_v1/structures/af_v6/AF-A0A7W8B4J6-F1-model_v6.cif,1.0
2678,A0A7W8B5L5,/home/s241850073/igem2026/results/clipzyme_native_extension_v1/structures/af_v6/AF-A0A7W8B5L5-F1-model_v6.cif,0.99999994
2679,A0A7W8B5Z9,/home/s241850073/igem2026/results/clipzyme_native_extension_v1/structures/af_v6/AF-A0A7W8B5Z9-F1-model_v6.cif,1.0
2680,A0A7W8B668,/home/s241850073/igem2026/results/clipzyme_native_extension_v1/structures/af_v6/AF-A0A7W8B668-F1-model_v6.cif,1.0
2681,A0A7W8B6F5,/home/s241850073/igem2026/results/clipzyme_native_extension_v1/structures/af_v6/AF-A0A7W8B6F5-F1-model_v6.cif,1.0000001
2682,A0A7W8B6X5,/home/s241850073/igem2026/results/clipzyme_native_extension_v1/structures/af_v6/AF-A0A7W8B6X5-F1-model_v6.cif,1.0
2683,A0A7W8B6Z3,/home/s241850073/igem2026/results/clipzyme_native_extension_v1/structures/af_v6/AF-A0A7W8B6Z3-F1-model_v6.cif,1.0
2684,A0A7W8EYE8,/home/s241850073/igem2026/results/clipzyme_native_extension_v1/structures/af_v6/AF-A0A7W8EYE8-F1-model_v6.cif,0.99999994
2685,A0A7W8EZG3,/home/s241850073/igem2026/results/clipzyme_native_extension_v1/structures/af_v6/AF-A0A7W8EZG3-F1-model_v6.cif,1.0
2686,A0A7W8EZI7,/home/s241850073/igem2026/results/clipzyme_native_extension_v1/structures/af_v6/AF-A0A7W8EZI7-F1-model_v6.cif,0.99999994
2687,A0A7W8EZM3,/home/s241850073/igem2026/results/clipzyme_native_extension_v1/structures/af_v6/AF-A0A7W8EZM3-F1-model_v6.cif,1.0
2688,A0A7W8F087,/home/s241850073/igem2026/results/clipzyme_native_extension_v1/structures/af_v6/AF-A0A7W8F087-F1-model_v6.cif,1.0
2689,A0A7W8F0R5,/home/s241850073/igem2026/results/clipzyme_native_extension_v1/structures/af_v6/AF-A0A7W8F0R5-F1-model_v6.cif,1.0
2690,A0A7W9ILQ1,/home/s241850073/igem2026/results/clipzyme_native_extension_v1/structures/af_v6/AF-A0A7W9ILQ1-F1-model_v6.cif,1.0
2691,A0A7W9IMA9,/home/s241850073/igem2026/results/clipzyme_native_extension_v1/structures/af_v6/AF-A0A7W9IMA9-F1-model_v6.cif,1.0
2692,A0A7W9SQW8,/home/s241850073/igem2026/results/clipzyme_native_extension_v1/structures/af_v6/AF-A0A7W9SQW8-F1-model_v6.cif,1.0
2693,A0A7W9YLQ6,/home/s241850073/igem2026/results/clipzyme_native_extension_v1/structures/af_v6/AF-A0A7W9YLQ6-F1-model_v6.cif,0.99999994
2694,A0A7X0D7T4,/home/s241850073/igem2026/results/clipzyme_native_extension_v1/structures/af_v6/AF-A0A7X0D7T4-F1-model_v6.cif,1.0000001
2695,A0A7X0D8F0,/home/s241850073/igem2026/results/clipzyme_native_extension_v1/structures/af_v6/AF-A0A7X0D8F0-F1-model_v6.cif,1.0
2696,A0A7X0LSB5,/home/s241850073/igem2026/results/clipzyme_native_extension_v1/structures/af_v6/AF-A0A7X0LSB5-F1-model_v6.cif,0.99999994
2697,A0A7Y7B793,/home/s241850073/igem2026/results/clipzyme_native_extension_v1/structures/af_v6/AF-A0A7Y7B793-F1-model_v6.cif,0.99999994
2698,A0A7Y7E5R4,/home/s241850073/igem2026/results/clipzyme_native_extension_v1/structures/af_v6/AF-A0A7Y7E5R4-F1-model_v6.cif,1.0
2699,A0A7Y7E6R7,/home/s241850073/igem2026/results/clipzyme_native_extension_v1/structures/af_v6/AF-A0A7Y7E6R7-F1-model_v6.cif,1.0
2700,A0A7Y9EJH6,/home/s241850073/igem2026/results/clipzyme_native_extension_v1/structures/af_v6/AF-A0A7Y9EJH6-F1-model_v6.cif,1.0000001
2701,A0A7Y9GJD8,/home/s241850073/igem2026/results/clipzyme_native_extension_v1/structures/af_v6/AF-A0A7Y9GJD8-F1-model_v6.cif,1.0
2702,A0A7Y9JHW1,/home/s241850073/igem2026/results/clipzyme_native_extension_v1/structures/af_v6/AF-A0A7Y9JHW1-F1-model_v6.cif,0.99999994
2703,A0A7Z1AZL3,/home/s241850073/igem2026/results/clipzyme_native_extension_v1/structures/af_v6/AF-A0A7Z1AZL3-F1-model_v6.cif,0.99999994
2704,A0A803KPW6,/home/s241850073/igem2026/results/clipzyme_native_extension_v1/structures/af_v6/AF-A0A803KPW6-F1-model_v6.cif,0.99999994
2705,A0A803KQK9,/home/s241850073/igem2026/results/clipzyme_native_extension_v1/structures/af_v6/AF-A0A803KQK9-F1-model_v6.cif,1.0
2706,A0A803L3A8,/home/s241850073/igem2026/results/clipzyme_native_extension_v1/structures/af_v6/AF-A0A803L3A8-F1-model_v6.cif,1.0
2707,A0A803L3B0,/home/s241850073/igem2026/results/clipzyme_native_extension_v1/structures/af_v6/AF-A0A803L3B0-F1-model_v6.cif,1.0
2708,A0A803LKY1,/home/s241850073/igem2026/results/clipzyme_native_extension_v1/structures/af_v6/AF-A0A803LKY1-F1-model_v6.cif,1.0
2709,A0A803LKY5,/home/s241850073/igem2026/results/clipzyme_native_extension_v1/structures/af_v6/AF-A0A803LKY5-F1-model_v6.cif,1.0
2710,A0A803LKY6,/home/s241850073/igem2026/results/clipzyme_native_extension_v1/structures/af_v6/AF-A0A803LKY6-F1-model_v6.cif,1.0
2711,A0A803LLB8,/home/s241850073/igem2026/results/clipzyme_native_extension_v1/structures/af_v6/AF-A0A803LLB8-F1-model_v6.cif,1.0
2712,A0A803LLC0,/home/s241850073/igem2026/results/clipzyme_native_extension_v1/structures/af_v6/AF-A0A803LLC0-F1-model_v6.cif,1.0
2713,A0A803LPR9,/home/s241850073/igem2026/results/clipzyme_native_extension_v1/structures/af_v6/AF-A0A803LPR9-F1-model_v6.cif,1.0
2714,A0A803LZ31,/home/s241850073/igem2026/results/clipzyme_native_extension_v1/structures/af_v6/AF-A0A803LZ31-F1-model_v6.cif,1.0
2715,A0A803LZ34,/home/s241850073/igem2026/results/clipzyme_native_extension_v1/structures/af_v6/AF-A0A803LZ34-F1-model_v6.cif,1.0
2716,A0A803MET2,/home/s241850073/igem2026/results/clipzyme_native_extension_v1/structures/af_v6/AF-A0A803MET2-F1-model_v6.cif,1.0
2717,A0A803MGZ6,/home/s241850073/igem2026/results/clipzyme_native_extension_v1/structures/af_v6/AF-A0A803MGZ6-F1-model_v6.cif,0.99999994
2718,A0A803MH01,/home/s241850073/igem2026/results/clipzyme_native_extension_v1/structures/af_v6/AF-A0A803MH01-F1-model_v6.cif,1.0
2719,A0A803MHU6,/home/s241850073/igem2026/results/clipzyme_native_extension_v1/structures/af_v6/AF-A0A803MHU6-F1-model_v6.cif,1.0
2720,A0A803MRV0,/home/s241850073/igem2026/results/clipzyme_native_extension_v1/structures/af_v6/AF-A0A803MRV0-F1-model_v6.cif,0.99999994
2721,A0A803MRV1,/home/s241850073/igem2026/results/clipzyme_native_extension_v1/structures/af_v6/AF-A0A803MRV1-F1-model_v6.cif,0.99999994
2722,A0A803N693,/home/s241850073/igem2026/results/clipzyme_native_extension_v1/structures/af_v6/AF-A0A803N693-F1-model_v6.cif,1.0
2723,A0A803NDI8,/home/s241850073/igem2026/results/clipzyme_native_extension_v1/structures/af_v6/AF-A0A803NDI8-F1-model_v6.cif,1.0
2724,A0A803NE37,/home/s241850073/igem2026/results/clipzyme_native_extension_v1/structures/af_v6/AF-A0A803NE37-F1-model_v6.cif,1.0
2725,A0A803NU99,/home/s241850073/igem2026/results/clipzyme_native_extension_v1/structures/af_v6/AF-A0A803NU99-F1-model_v6.cif,0.99999994
2726,A0A803PL24,/home/s241850073/igem2026/results/clipzyme_native_extension_v1/structures/af_v6/AF-A0A803PL24-F1-model_v6.cif,0.99999994
2727,A0A803QA38,/home/s241850073/igem2026/results/clipzyme_native_extension_v1/structures/af_v6/AF-A0A803QA38-F1-model_v6.cif,1.0
2728,A0A803QRP0,/home/s241850073/igem2026/results/clipzyme_native_extension_v1/structures/af_v6/AF-A0A803QRP0-F1-model_v6.cif,1.0
2729,A0A803QVK6,/home/s241850073/igem2026/results/clipzyme_native_extension_v1/structures/af_v6/AF-A0A803QVK6-F1-model_v6.cif,1.0
2730,A0A803R1P7,/home/s241850073/igem2026/results/clipzyme_native_extension_v1/structures/af_v6/AF-A0A803R1P7-F1-model_v6.cif,0.99999994
2731,A0A803R1Q0,/home/s241850073/igem2026/results/clipzyme_native_extension_v1/structures/af_v6/AF-A0A803R1Q0-F1-model_v6.cif,0.99999994
2732,A0A804HMT5,/home/s241850073/igem2026/results/clipzyme_native_extension_v1/structures/af_v6/AF-A0A804HMT5-F1-model_v6.cif,1.0
2733,A0A804HN46,/home/s241850073/igem2026/results/clipzyme_native_extension_v1/structures/af_v6/AF-A0A804HN46-F1-model_v6.cif,1.0
2734,A0A804HZA8,/home/s241850073/igem2026/results/clipzyme_native_extension_v1/structures/af_v6/AF-A0A804HZA8-F1-model_v6.cif,1.0
2735,A0A804JX64,/home/s241850073/igem2026/results/clipzyme_native_extension_v1/structures/af_v6/AF-A0A804JX64-F1-model_v6.cif,1.0
2736,A0A804JX66,/home/s241850073/igem2026/results/clipzyme_native_extension_v1/structures/af_v6/AF-A0A804JX66-F1-model_v6.cif,1.0
2737,A0A804JXX8,/home/s241850073/igem2026/results/clipzyme_native_extension_v1/structures/af_v6/AF-A0A804JXX8-F1-model_v6.cif,0.99999994
2738,A0A804KM12,/home/s241850073/igem2026/results/clipzyme_native_extension_v1/structures/af_v6/AF-A0A804KM12-F1-model_v6.cif,0.99999994
2739,A0A804KM54,/home/s241850073/igem2026/results/clipzyme_native_extension_v1/structures/af_v6/AF-A0A804KM54-F1-model_v6.cif,0.99999994
2740,A0A804LR14,/home/s241850073/igem2026/results/clipzyme_native_extension_v1/structures/af_v6/AF-A0A804LR14-F1-model_v6.cif,1.0
2741,A0A804MAL2,/home/s241850073/igem2026/results/clipzyme_native_extension_v1/structures/af_v6/AF-A0A804MAL2-F1-model_v6.cif,0.99999994
2742,A0A804N3Z8,/home/s241850073/igem2026/results/clipzyme_native_extension_v1/structures/af_v6/AF-A0A804N3Z8-F1-model_v6.cif,1.0
2743,A0A804N400,/home/s241850073/igem2026/results/clipzyme_native_extension_v1/structures/af_v6/AF-A0A804N400-F1-model_v6.cif,1.0
2744,A0A804NPJ9,/home/s241850073/igem2026/results/clipzyme_native_extension_v1/structures/af_v6/AF-A0A804NPJ9-F1-model_v6.cif,0.99999994
2745,A0A804P0T7,/home/s241850073/igem2026/results/clipzyme_native_extension_v1/structures/af_v6/AF-A0A804P0T7-F1-model_v6.cif,1.0
2746,A0A804P4R0,/home/s241850073/igem2026/results/clipzyme_native_extension_v1/structures/af_v6/AF-A0A804P4R0-F1-model_v6.cif,0.99999994
2747,A0A804Q415,/home/s241850073/igem2026/results/clipzyme_native_extension_v1/structures/af_v6/AF-A0A804Q415-F1-model_v6.cif,1.0
2748,A0A804QWU8,/home/s241850073/igem2026/results/clipzyme_native_extension_v1/structures/af_v6/AF-A0A804QWU8-F1-model_v6.cif,0.99999994
2749,A0A804RAL9,/home/s241850073/igem2026/results/clipzyme_native_extension_v1/structures/af_v6/AF-A0A804RAL9-F1-model_v6.cif,1.0
2750,A0A804RBA6,/home/s241850073/igem2026/results/clipzyme_native_extension_v1/structures/af_v6/AF-A0A804RBA6-F1-model_v6.cif,1.0
2751,A0A804RCR3,/home/s241850073/igem2026/results/clipzyme_native_extension_v1/structures/af_v6/AF-A0A804RCR3-F1-model_v6.cif,0.99999994
2752,A0A804RF03,/home/s241850073/igem2026/results/clipzyme_native_extension_v1/structures/af_v6/AF-A0A804RF03-F1-model_v6.cif,1.0
2753,A0A804RG23,/home/s241850073/igem2026/results/clipzyme_native_extension_v1/structures/af_v6/AF-A0A804RG23-F1-model_v6.cif,1.0
2754,A0A804RH03,/home/s241850073/igem2026/results/clipzyme_native_extension_v1/structures/af_v6/AF-A0A804RH03-F1-model_v6.cif,1.0
2755,A0A804UFG8,/home/s241850073/igem2026/results/clipzyme_native_extension_v1/structures/af_v6/AF-A0A804UFG8-F1-model_v6.cif,0.99999994
2756,A0A811MBC9,/home/s241850073/igem2026/results/clipzyme_native_extension_v1/structures/af_v6/AF-A0A811MBC9-F1-model_v6.cif,0.99999994
2757,A0A811MGH0,/home/s241850073/igem2026/results/clipzyme_native_extension_v1/structures/af_v6/AF-A0A811MGH0-F1-model_v6.cif,0.9999999
2758,A0A811MTW5,/home/s241850073/igem2026/results/clipzyme_native_extension_v1/structures/af_v6/AF-A0A811MTW5-F1-model_v6.cif,1.0
2759,A0A811PTC8,/home/s241850073/igem2026/results/clipzyme_native_extension_v1/structures/af_v6/AF-A0A811PTC8-F1-model_v6.cif,1.0
2760,A0A811QZG1,/home/s241850073/igem2026/results/clipzyme_native_extension_v1/structures/af_v6/AF-A0A811QZG1-F1-model_v6.cif,1.0
2761,A0A811S520,/home/s241850073/igem2026/results/clipzyme_native_extension_v1/structures/af_v6/AF-A0A811S520-F1-model_v6.cif,1.0
2762,A0A811SJK6,/home/s241850073/igem2026/results/clipzyme_native_extension_v1/structures/af_v6/AF-A0A811SJK6-F1-model_v6.cif,0.99999994
2763,A0A814FRW3,/home/s241850073/igem2026/results/clipzyme_native_extension_v1/structures/af_v6/AF-A0A814FRW3-F1-model_v6.cif,1.0
2764,A0A814Y1U3,/home/s241850073/igem2026/results/clipzyme_native_extension_v1/structures/af_v6/AF-A0A814Y1U3-F1-model_v6.cif,0.99999994
2765,A0A815M2V1,/home/s241850073/igem2026/results/clipzyme_native_extension_v1/structures/af_v6/AF-A0A815M2V1-F1-model_v6.cif,1.0
2766,A0A815TYN2,/home/s241850073/igem2026/results/clipzyme_native_extension_v1/structures/af_v6/AF-A0A815TYN2-F1-model_v6.cif,0.99999994
2767,A0A816AJV7,/home/s241850073/igem2026/results/clipzyme_native_extension_v1/structures/af_v6/AF-A0A816AJV7-F1-model_v6.cif,0.99999994
2768,A0A818AS38,/home/s241850073/igem2026/results/clipzyme_native_extension_v1/structures/af_v6/AF-A0A818AS38-F1-model_v6.cif,0.99999994
2769,A0A822XS49,/home/s241850073/igem2026/results/clipzyme_native_extension_v1/structures/af_v6/AF-A0A822XS49-F1-model_v6.cif,1.0
2770,A0A822XV69,/home/s241850073/igem2026/results/clipzyme_native_extension_v1/structures/af_v6/AF-A0A822XV69-F1-model_v6.cif,1.0
2771,A0A822ZER1,/home/s241850073/igem2026/results/clipzyme_native_extension_v1/structures/af_v6/AF-A0A822ZER1-F1-model_v6.cif,1.0
2772,A0A822ZRU0,/home/s241850073/igem2026/results/clipzyme_native_extension_v1/structures/af_v6/AF-A0A822ZRU0-F1-model_v6.cif,1.0
2773,A0A830BHG5,/home/s241850073/igem2026/results/clipzyme_native_extension_v1/structures/af_v6/AF-A0A830BHG5-F1-model_v6.cif,1.0
2774,A0A830BI21,/home/s241850073/igem2026/results/clipzyme_native_extension_v1/structures/af_v6/AF-A0A830BI21-F1-model_v6.cif,0.99999994
2775,A0A830BJJ3,/home/s241850073/igem2026/results/clipzyme_native_extension_v1/structures/af_v6/AF-A0A830BJJ3-F1-model_v6.cif,1.0
2776,A0A830C9L6,/home/s241850073/igem2026/results/clipzyme_native_extension_v1/structures/af_v6/AF-A0A830C9L6-F1-model_v6.cif,1.0
2777,A0A830CDJ7,/home/s241850073/igem2026/results/clipzyme_native_extension_v1/structures/af_v6/AF-A0A830CDJ7-F1-model_v6.cif,1.0
2778,A0A830GQX0,/home/s241850073/igem2026/results/clipzyme_native_extension_v1/structures/af_v6/AF-A0A830GQX0-F1-model_v6.cif,1.0
2779,A0A833QI18,/home/s241850073/igem2026/results/clipzyme_native_extension_v1/structures/af_v6/AF-A0A833QI18-F1-model_v6.cif,0.99999994
2780,A0A833QK34,/home/s241850073/igem2026/results/clipzyme_native_extension_v1/structures/af_v6/AF-A0A833QK34-F1-model_v6.cif,0.9999999
2781,A0A833QUK3,/home/s241850073/igem2026/results/clipzyme_native_extension_v1/structures/af_v6/AF-A0A833QUK3-F1-model_v6.cif,1.0
2782,A0A833R492,/home/s241850073/igem2026/results/clipzyme_native_extension_v1/structures/af_v6/AF-A0A833R492-F1-model_v6.cif,1.0
2783,A0A833VWI5,/home/s241850073/igem2026/results/clipzyme_native_extension_v1/structures/af_v6/AF-A0A833VWI5-F1-model_v6.cif,0.99999994
2784,A0A834G521,/home/s241850073/igem2026/results/clipzyme_native_extension_v1/structures/af_v6/AF-A0A834G521-F1-model_v6.cif,1.0
2785,A0A834GPR2,/home/s241850073/igem2026/results/clipzyme_native_extension_v1/structures/af_v6/AF-A0A834GPR2-F1-model_v6.cif,1.0
2786,A0A834GSZ8,/home/s241850073/igem2026/results/clipzyme_native_extension_v1/structures/af_v6/AF-A0A834GSZ8-F1-model_v6.cif,0.99999994
2787,A0A834GTA5,/home/s241850073/igem2026/results/clipzyme_native_extension_v1/structures/af_v6/AF-A0A834GTA5-F1-model_v6.cif,0.99999994
2788,A0A834GTW1,/home/s241850073/igem2026/results/clipzyme_native_extension_v1/structures/af_v6/AF-A0A834GTW1-F1-model_v6.cif,1.0
2789,A0A834GWY3,/home/s241850073/igem2026/results/clipzyme_native_extension_v1/structures/af_v6/AF-A0A834GWY3-F1-model_v6.cif,1.0
2790,A0A834H0S5,/home/s241850073/igem2026/results/clipzyme_native_extension_v1/structures/af_v6/AF-A0A834H0S5-F1-model_v6.cif,1.0
2791,A0A834H1P4,/home/s241850073/igem2026/results/clipzyme_native_extension_v1/structures/af_v6/AF-A0A834H1P4-F1-model_v6.cif,1.0
2792,A0A834H231,/home/s241850073/igem2026/results/clipzyme_native_extension_v1/structures/af_v6/AF-A0A834H231-F1-model_v6.cif,1.0
2793,A0A834H5E1,/home/s241850073/igem2026/results/clipzyme_native_extension_v1/structures/af_v6/AF-A0A834H5E1-F1-model_v6.cif,1.0
2794,A0A834L5M1,/home/s241850073/igem2026/results/clipzyme_native_extension_v1/structures/af_v6/AF-A0A834L5M1-F1-model_v6.cif,1.0
2795,A0A834LHS0,/home/s241850073/igem2026/results/clipzyme_native_extension_v1/structures/af_v6/AF-A0A834LHS0-F1-model_v6.cif,0.99999994
2796,A0A834RDK6,/home/s241850073/igem2026/results/clipzyme_native_extension_v1/structures/af_v6/AF-A0A834RDK6-F1-model_v6.cif,1.0
2797,A0A834SUF9,/home/s241850073/igem2026/results/clipzyme_native_extension_v1/structures/af_v6/AF-A0A834SUF9-F1-model_v6.cif,1.0
2798,A0A834T4F7,/home/s241850073/igem2026/results/clipzyme_native_extension_v1/structures/af_v6/AF-A0A834T4F7-F1-model_v6.cif,0.99999994
2799,A0A834TIE1,/home/s241850073/igem2026/results/clipzyme_native_extension_v1/structures/af_v6/AF-A0A834TIE1-F1-model_v6.cif,0.99999994
2800,A0A834TLE0,/home/s241850073/igem2026/results/clipzyme_native_extension_v1/structures/af_v6/AF-A0A834TLE0-F1-model_v6.cif,0.9999999
2801,A0A834TRN7,/home/s241850073/igem2026/results/clipzyme_native_extension_v1/structures/af_v6/AF-A0A834TRN7-F1-model_v6.cif,1.0
2802,A0A834WHF0,/home/s241850073/igem2026/results/clipzyme_native_extension_v1/structures/af_v6/AF-A0A834WHF0-F1-model_v6.cif,0.99999994
2803,A0A834WMX5,/home/s241850073/igem2026/results/clipzyme_native_extension_v1/structures/af_v6/AF-A0A834WMX5-F1-model_v6.cif,1.0
2804,A0A834WPY0,/home/s241850073/igem2026/results/clipzyme_native_extension_v1/structures/af_v6/AF-A0A834WPY0-F1-model_v6.cif,0.99999994
2805,A0A834WWZ7,/home/s241850073/igem2026/results/clipzyme_native_extension_v1/structures/af_v6/AF-A0A834WWZ7-F1-model_v6.cif,1.0000001
2806,A0A834WZZ1,/home/s241850073/igem2026/results/clipzyme_native_extension_v1/structures/af_v6/AF-A0A834WZZ1-F1-model_v6.cif,1.0
2807,A0A834X1D5,/home/s241850073/igem2026/results/clipzyme_native_extension_v1/structures/af_v6/AF-A0A834X1D5-F1-model_v6.cif,1.0
2808,A0A834XIA1,/home/s241850073/igem2026/results/clipzyme_native_extension_v1/structures/af_v6/AF-A0A834XIA1-F1-model_v6.cif,0.9999999
2809,A0A834XIK7,/home/s241850073/igem2026/results/clipzyme_native_extension_v1/structures/af_v6/AF-A0A834XIK7-F1-model_v6.cif,0.99999994
2810,A0A834YI94,/home/s241850073/igem2026/results/clipzyme_native_extension_v1/structures/af_v6/AF-A0A834YI94-F1-model_v6.cif,1.0
2811,A0A834YMI4,/home/s241850073/igem2026/results/clipzyme_native_extension_v1/structures/af_v6/AF-A0A834YMI4-F1-model_v6.cif,1.0
2812,A0A834YSY8,/home/s241850073/igem2026/results/clipzyme_native_extension_v1/structures/af_v6/AF-A0A834YSY8-F1-model_v6.cif,0.99999994
2813,A0A834ZK12,/home/s241850073/igem2026/results/clipzyme_native_extension_v1/structures/af_v6/AF-A0A834ZK12-F1-model_v6.cif,1.0
2814,A0A834ZKY4,/home/s241850073/igem2026/results/clipzyme_native_extension_v1/structures/af_v6/AF-A0A834ZKY4-F1-model_v6.cif,1.0000001
2815,A0A834ZSG7,/home/s241850073/igem2026/results/clipzyme_native_extension_v1/structures/af_v6/AF-A0A834ZSG7-F1-model_v6.cif,1.0
2816,A0A834ZUB9,/home/s241850073/igem2026/results/clipzyme_native_extension_v1/structures/af_v6/AF-A0A834ZUB9-F1-model_v6.cif,0.99999994
2817,A0A834ZYM7,/home/s241850073/igem2026/results/clipzyme_native_extension_v1/structures/af_v6/AF-A0A834ZYM7-F1-model_v6.cif,1.0
2818,A0A835ALQ0,/home/s241850073/igem2026/results/clipzyme_native_extension_v1/structures/af_v6/AF-A0A835ALQ0-F1-model_v6.cif,0.99999994
2819,A0A835BGF8,/home/s241850073/igem2026/results/clipzyme_native_extension_v1/structures/af_v6/AF-A0A835BGF8-F1-model_v6.cif,1.0
2820,A0A835BW14,/home/s241850073/igem2026/results/clipzyme_native_extension_v1/structures/af_v6/AF-A0A835BW14-F1-model_v6.cif,1.0
2821,A0A835C026,/home/s241850073/igem2026/results/clipzyme_native_extension_v1/structures/af_v6/AF-A0A835C026-F1-model_v6.cif,0.99999994
2822,A0A835C396,/home/s241850073/igem2026/results/clipzyme_native_extension_v1/structures/af_v6/AF-A0A835C396-F1-model_v6.cif,1.0
2823,A0A835CBK2,/home/s241850073/igem2026/results/clipzyme_native_extension_v1/structures/af_v6/AF-A0A835CBK2-F1-model_v6.cif,0.99999994
2824,A0A835CF48,/home/s241850073/igem2026/results/clipzyme_native_extension_v1/structures/af_v6/AF-A0A835CF48-F1-model_v6.cif,1.0
2825,A0A835CYC8,/home/s241850073/igem2026/results/clipzyme_native_extension_v1/structures/af_v6/AF-A0A835CYC8-F1-model_v6.cif,0.99999994
2826,A0A835DME2,/home/s241850073/igem2026/results/clipzyme_native_extension_v1/structures/af_v6/AF-A0A835DME2-F1-model_v6.cif,1.0
2827,A0A835DQE4,/home/s241850073/igem2026/results/clipzyme_native_extension_v1/structures/af_v6/AF-A0A835DQE4-F1-model_v6.cif,1.0000001
2828,A0A835DQJ2,/home/s241850073/igem2026/results/clipzyme_native_extension_v1/structures/af_v6/AF-A0A835DQJ2-F1-model_v6.cif,1.0
2829,A0A835EEL4,/home/s241850073/igem2026/results/clipzyme_native_extension_v1/structures/af_v6/AF-A0A835EEL4-F1-model_v6.cif,1.0
2830,A0A835EG01,/home/s241850073/igem2026/results/clipzyme_native_extension_v1/structures/af_v6/AF-A0A835EG01-F1-model_v6.cif,0.99999994
2831,A0A835ESQ0,/home/s241850073/igem2026/results/clipzyme_native_extension_v1/structures/af_v6/AF-A0A835ESQ0-F1-model_v6.cif,1.0
2832,A0A835EV20,/home/s241850073/igem2026/results/clipzyme_native_extension_v1/structures/af_v6/AF-A0A835EV20-F1-model_v6.cif,0.99999994
2833,A0A835F535,/home/s241850073/igem2026/results/clipzyme_native_extension_v1/structures/af_v6/AF-A0A835F535-F1-model_v6.cif,1.0
2834,A0A835F677,/home/s241850073/igem2026/results/clipzyme_native_extension_v1/structures/af_v6/AF-A0A835F677-F1-model_v6.cif,0.99999994
2835,A0A835FD99,/home/s241850073/igem2026/results/clipzyme_native_extension_v1/structures/af_v6/AF-A0A835FD99-F1-model_v6.cif,1.0
2836,A0A835FSI7,/home/s241850073/igem2026/results/clipzyme_native_extension_v1/structures/af_v6/AF-A0A835FSI7-F1-model_v6.cif,1.0
2837,A0A835GUP4,/home/s241850073/igem2026/results/clipzyme_native_extension_v1/structures/af_v6/AF-A0A835GUP4-F1-model_v6.cif,1.0
2838,A0A835GVQ7,/home/s241850073/igem2026/results/clipzyme_native_extension_v1/structures/af_v6/AF-A0A835GVQ7-F1-model_v6.cif,0.9999999
2839,A0A835H399,/home/s241850073/igem2026/results/clipzyme_native_extension_v1/structures/af_v6/AF-A0A835H399-F1-model_v6.cif,0.99999994
2840,A0A835HM84,/home/s241850073/igem2026/results/clipzyme_native_extension_v1/structures/af_v6/AF-A0A835HM84-F1-model_v6.cif,1.0
2841,A0A835HMB7,/home/s241850073/igem2026/results/clipzyme_native_extension_v1/structures/af_v6/AF-A0A835HMB7-F1-model_v6.cif,1.0
2842,A0A835HN05,/home/s241850073/igem2026/results/clipzyme_native_extension_v1/structures/af_v6/AF-A0A835HN05-F1-model_v6.cif,0.99999994
2843,A0A835HXM5,/home/s241850073/igem2026/results/clipzyme_native_extension_v1/structures/af_v6/AF-A0A835HXM5-F1-model_v6.cif,0.9999999
2844,A0A835IMH2,/home/s241850073/igem2026/results/clipzyme_native_extension_v1/structures/af_v6/AF-A0A835IMH2-F1-model_v6.cif,0.99999994
2845,A0A835IV53,/home/s241850073/igem2026/results/clipzyme_native_extension_v1/structures/af_v6/AF-A0A835IV53-F1-model_v6.cif,1.0
2846,A0A835J6N0,/home/s241850073/igem2026/results/clipzyme_native_extension_v1/structures/af_v6/AF-A0A835J6N0-F1-model_v6.cif,1.0
2847,A0A835JGS8,/home/s241850073/igem2026/results/clipzyme_native_extension_v1/structures/af_v6/AF-A0A835JGS8-F1-model_v6.cif,1.0
2848,A0A835KPY3,/home/s241850073/igem2026/results/clipzyme_native_extension_v1/structures/af_v6/AF-A0A835KPY3-F1-model_v6.cif,0.99999994
2849,A0A835MIN5,/home/s241850073/igem2026/results/clipzyme_native_extension_v1/structures/af_v6/AF-A0A835MIN5-F1-model_v6.cif,0.99999994
2850,A0A835PNG9,/home/s241850073/igem2026/results/clipzyme_native_extension_v1/structures/af_v6/AF-A0A835PNG9-F1-model_v6.cif,1.0
2851,A0A835PQL9,/home/s241850073/igem2026/results/clipzyme_native_extension_v1/structures/af_v6/AF-A0A835PQL9-F1-model_v6.cif,1.0
2852,A0A835PQM1,/home/s241850073/igem2026/results/clipzyme_native_extension_v1/structures/af_v6/AF-A0A835PQM1-F1-model_v6.cif,1.0
2853,A0A835PUW4,/home/s241850073/igem2026/results/clipzyme_native_extension_v1/structures/af_v6/AF-A0A835PUW4-F1-model_v6.cif,1.0000001
2854,A0A835R2X4,/home/s241850073/igem2026/results/clipzyme_native_extension_v1/structures/af_v6/AF-A0A835R2X4-F1-model_v6.cif,1.0
2855,A0A835RTA6,/home/s241850073/igem2026/results/clipzyme_native_extension_v1/structures/af_v6/AF-A0A835RTA6-F1-model_v6.cif,1.0
2856,A0A835S2K8,/home/s241850073/igem2026/results/clipzyme_native_extension_v1/structures/af_v6/AF-A0A835S2K8-F1-model_v6.cif,1.0
2857,A0A835S967,/home/s241850073/igem2026/results/clipzyme_native_extension_v1/structures/af_v6/AF-A0A835S967-F1-model_v6.cif,1.0
2858,A0A835U9U7,/home/s241850073/igem2026/results/clipzyme_native_extension_v1/structures/af_v6/AF-A0A835U9U7-F1-model_v6.cif,0.99999994
2859,A0A835UCP1,/home/s241850073/igem2026/results/clipzyme_native_extension_v1/structures/af_v6/AF-A0A835UCP1-F1-model_v6.cif,1.0
2860,A0A835UD73,/home/s241850073/igem2026/results/clipzyme_native_extension_v1/structures/af_v6/AF-A0A835UD73-F1-model_v6.cif,1.0
2861,A0A840KDH6,/home/s241850073/igem2026/results/clipzyme_native_extension_v1/structures/af_v6/AF-A0A840KDH6-F1-model_v6.cif,0.99999994
2862,A0A840MP77,/home/s241850073/igem2026/results/clipzyme_native_extension_v1/structures/af_v6/AF-A0A840MP77-F1-model_v6.cif,1.0
2863,A0A840NC49,/home/s241850073/igem2026/results/clipzyme_native_extension_v1/structures/af_v6/AF-A0A840NC49-F1-model_v6.cif,1.0
2864,A0A840P7N1,/home/s241850073/igem2026/results/clipzyme_native_extension_v1/structures/af_v6/AF-A0A840P7N1-F1-model_v6.cif,0.99999994
2865,A0A840QHD7,/home/s241850073/igem2026/results/clipzyme_native_extension_v1/structures/af_v6/AF-A0A840QHD7-F1-model_v6.cif,0.99999994
2866,A0A840RR74,/home/s241850073/igem2026/results/clipzyme_native_extension_v1/structures/af_v6/AF-A0A840RR74-F1-model_v6.cif,1.0
2867,A0A840WGJ7,/home/s241850073/igem2026/results/clipzyme_native_extension_v1/structures/af_v6/AF-A0A840WGJ7-F1-model_v6.cif,1.0
2868,A0A841BIL2,/home/s241850073/igem2026/results/clipzyme_native_extension_v1/structures/af_v6/AF-A0A841BIL2-F1-model_v6.cif,1.0
2869,A0A841BJC9,/home/s241850073/igem2026/results/clipzyme_native_extension_v1/structures/af_v6/AF-A0A841BJC9-F1-model_v6.cif,1.0
2870,A0A841BJV7,/home/s241850073/igem2026/results/clipzyme_native_extension_v1/structures/af_v6/AF-A0A841BJV7-F1-model_v6.cif,1.0
2871,A0A841EKN3,/home/s241850073/igem2026/results/clipzyme_native_extension_v1/structures/af_v6/AF-A0A841EKN3-F1-model_v6.cif,1.0
2872,A0A841FDE6,/home/s241850073/igem2026/results/clipzyme_native_extension_v1/structures/af_v6/AF-A0A841FDE6-F1-model_v6.cif,1.0
2873,A0A841MHU2,/home/s241850073/igem2026/results/clipzyme_native_extension_v1/structures/af_v6/AF-A0A841MHU2-F1-model_v6.cif,1.0
2874,A0A841Q481,/home/s241850073/igem2026/results/clipzyme_native_extension_v1/structures/af_v6/AF-A0A841Q481-F1-model_v6.cif,1.0
2875,A0A843TIQ3,/home/s241850073/igem2026/results/clipzyme_native_extension_v1/structures/af_v6/AF-A0A843TIQ3-F1-model_v6.cif,0.99999994
2876,A0A843VLC6,/home/s241850073/igem2026/results/clipzyme_native_extension_v1/structures/af_v6/AF-A0A843VLC6-F1-model_v6.cif,1.0
2877,A0A843WX36,/home/s241850073/igem2026/results/clipzyme_native_extension_v1/structures/af_v6/AF-A0A843WX36-F1-model_v6.cif,0.99999994
2878,A0A843XX14,/home/s241850073/igem2026/results/clipzyme_native_extension_v1/structures/af_v6/AF-A0A843XX14-F1-model_v6.cif,1.0
2879,A0A843XXC6,/home/s241850073/igem2026/results/clipzyme_native_extension_v1/structures/af_v6/AF-A0A843XXC6-F1-model_v6.cif,1.0
2880,A0A845QID3,/home/s241850073/igem2026/results/clipzyme_native_extension_v1/structures/af_v6/AF-A0A845QID3-F1-model_v6.cif,0.99999994
2881,A0A846XJC0,/home/s241850073/igem2026/results/clipzyme_native_extension_v1/structures/af_v6/AF-A0A846XJC0-F1-model_v6.cif,1.0
2882,A0A847S864,/home/s241850073/igem2026/results/clipzyme_native_extension_v1/structures/af_v6/AF-A0A847S864-F1-model_v6.cif,0.9999999
2883,A0A852ZYD0,/home/s241850073/igem2026/results/clipzyme_native_extension_v1/structures/af_v6/AF-A0A852ZYD0-F1-model_v6.cif,1.0
2884,A0A899GYI2,/home/s241850073/igem2026/results/clipzyme_native_extension_v1/structures/af_v6/AF-A0A899GYI2-F1-model_v6.cif,0.99999994
2885,A0A8A5RE99,/home/s241850073/igem2026/results/clipzyme_native_extension_v1/structures/af_v6/AF-A0A8A5RE99-F1-model_v6.cif,1.0
2886,A0A8A5XA86,/home/s241850073/igem2026/results/clipzyme_native_extension_v1/structures/af_v6/AF-A0A8A5XA86-F1-model_v6.cif,1.0
2887,A0A8A8DH50,/home/s241850073/igem2026/results/clipzyme_native_extension_v1/structures/af_v6/AF-A0A8A8DH50-F1-model_v6.cif,0.99999994
2888,A0A8B0RIU9,/home/s241850073/igem2026/results/clipzyme_native_extension_v1/structures/af_v6/AF-A0A8B0RIU9-F1-model_v6.cif,0.99999994
2889,A0A8B4QB47,/home/s241850073/igem2026/results/clipzyme_native_extension_v1/structures/af_v6/AF-A0A8B4QB47-F1-model_v6.cif,1.0
2890,A0A8B7MSP7,/home/s241850073/igem2026/results/clipzyme_native_extension_v1/structures/af_v6/AF-A0A8B7MSP7-F1-model_v6.cif,0.99999994
2891,A0A8B8KJG0,/home/s241850073/igem2026/results/clipzyme_native_extension_v1/structures/af_v6/AF-A0A8B8KJG0-F1-model_v6.cif,1.0
2892,A0A8B8PBB8,/home/s241850073/igem2026/results/clipzyme_native_extension_v1/structures/af_v6/AF-A0A8B8PBB8-F1-model_v6.cif,0.99999994
2893,A0A8B8ZHZ8,/home/s241850073/igem2026/results/clipzyme_native_extension_v1/structures/af_v6/AF-A0A8B8ZHZ8-F1-model_v6.cif,1.0
2894,A0A8B8ZQL5,/home/s241850073/igem2026/results/clipzyme_native_extension_v1/structures/af_v6/AF-A0A8B8ZQL5-F1-model_v6.cif,0.99999994
2895,A0A8B8ZQQ1,/home/s241850073/igem2026/results/clipzyme_native_extension_v1/structures/af_v6/AF-A0A8B8ZQQ1-F1-model_v6.cif,1.0
2896,A0A8B9A4Z6,/home/s241850073/igem2026/results/clipzyme_native_extension_v1/structures/af_v6/AF-A0A8B9A4Z6-F1-model_v6.cif,0.99999994
2897,A0A8B9A7B4,/home/s241850073/igem2026/results/clipzyme_native_extension_v1/structures/af_v6/AF-A0A8B9A7B4-F1-model_v6.cif,0.99999994
2898,A0A8C1PV03,/home/s241850073/igem2026/results/clipzyme_native_extension_v1/structures/af_v6/AF-A0A8C1PV03-F1-model_v6.cif,0.99999994
2899,A0A8C2MDK8,/home/s241850073/igem2026/results/clipzyme_native_extension_v1/structures/af_v6/AF-A0A8C2MDK8-F1-model_v6.cif,1.0
2900,A0A8D5M3V0,/home/s241850073/igem2026/results/clipzyme_native_extension_v1/structures/af_v6/AF-A0A8D5M3V0-F1-model_v6.cif,1.0
2901,A0A8D5M3Y5,/home/s241850073/igem2026/results/clipzyme_native_extension_v1/structures/af_v6/AF-A0A8D5M3Y5-F1-model_v6.cif,1.0
2902,A0A8D5M6H6,/home/s241850073/igem2026/results/clipzyme_native_extension_v1/structures/af_v6/AF-A0A8D5M6H6-F1-model_v6.cif,1.0
2903,A0A8D5M7T9,/home/s241850073/igem2026/results/clipzyme_native_extension_v1/structures/af_v6/AF-A0A8D5M7T9-F1-model_v6.cif,1.0
2904,A0A8D5M7V9,/home/s241850073/igem2026/results/clipzyme_native_extension_v1/structures/af_v6/AF-A0A8D5M7V9-F1-model_v6.cif,0.9999999
2905,A0A8D5M8I1,/home/s241850073/igem2026/results/clipzyme_native_extension_v1/structures/af_v6/AF-A0A8D5M8I1-F1-model_v6.cif,0.99999994
2906,A0A8D5RWG4,/home/s241850073/igem2026/results/clipzyme_native_extension_v1/structures/af_v6/AF-A0A8D5RWG4-F1-model_v6.cif,1.0
2907,A0A8D5RY40,/home/s241850073/igem2026/results/clipzyme_native_extension_v1/structures/af_v6/AF-A0A8D5RY40-F1-model_v6.cif,0.99999994
2908,A0A8D5RZ52,/home/s241850073/igem2026/results/clipzyme_native_extension_v1/structures/af_v6/AF-A0A8D5RZ52-F1-model_v6.cif,1.0000001
2909,A0A8D9CML9,/home/s241850073/igem2026/results/clipzyme_native_extension_v1/structures/af_v6/AF-A0A8D9CML9-F1-model_v6.cif,0.99999994
2910,A0A8E2JF38,/home/s241850073/igem2026/results/clipzyme_native_extension_v1/structures/af_v6/AF-A0A8E2JF38-F1-model_v6.cif,0.99999994
2911,A0A8E5B8H5,/home/s241850073/igem2026/results/clipzyme_native_extension_v1/structures/af_v6/AF-A0A8E5B8H5-F1-model_v6.cif,1.0
2912,A0A8E5BBQ1,/home/s241850073/igem2026/results/clipzyme_native_extension_v1/structures/af_v6/AF-A0A8E5BBQ1-F1-model_v6.cif,1.0
2913,A0A8E5BCE3,/home/s241850073/igem2026/results/clipzyme_native_extension_v1/structures/af_v6/AF-A0A8E5BCE3-F1-model_v6.cif,1.0
2914,A0A8E8AQY3,/home/s241850073/igem2026/results/clipzyme_native_extension_v1/structures/af_v6/AF-A0A8E8AQY3-F1-model_v6.cif,1.0
2915,A0A8E8AST4,/home/s241850073/igem2026/results/clipzyme_native_extension_v1/structures/af_v6/AF-A0A8E8AST4-F1-model_v6.cif,0.99999994
2916,A0A8E8AUU4,/home/s241850073/igem2026/results/clipzyme_native_extension_v1/structures/af_v6/AF-A0A8E8AUU4-F1-model_v6.cif,1.0
2917,A0A8E8E497,/home/s241850073/igem2026/results/clipzyme_native_extension_v1/structures/af_v6/AF-A0A8E8E497-F1-model_v6.cif,0.99999994
2918,A0A8E8E5S5,/home/s241850073/igem2026/results/clipzyme_native_extension_v1/structures/af_v6/AF-A0A8E8E5S5-F1-model_v6.cif,1.0000001
2919,A0A8F2ZGH8,/home/s241850073/igem2026/results/clipzyme_native_extension_v1/structures/af_v6/AF-A0A8F2ZGH8-F1-model_v6.cif,1.0000001
2920,A0A8F4N283,/home/s241850073/igem2026/results/clipzyme_native_extension_v1/structures/af_v6/AF-A0A8F4N283-F1-model_v6.cif,1.0
2921,A0A8F4PN06,/home/s241850073/igem2026/results/clipzyme_native_extension_v1/structures/af_v6/AF-A0A8F4PN06-F1-model_v6.cif,1.0000001
2922,A0A8F4SN83,/home/s241850073/igem2026/results/clipzyme_native_extension_v1/structures/af_v6/AF-A0A8F4SN83-F1-model_v6.cif,0.99999994
2923,A0A8F5SIS3,/home/s241850073/igem2026/results/clipzyme_native_extension_v1/structures/af_v6/AF-A0A8F5SIS3-F1-model_v6.cif,0.9999999
2924,A0A8F5XX49,/home/s241850073/igem2026/results/clipzyme_native_extension_v1/structures/af_v6/AF-A0A8F5XX49-F1-model_v6.cif,0.99999994
2925,A0A8F9S1J0,/home/s241850073/igem2026/results/clipzyme_native_extension_v1/structures/af_v6/AF-A0A8F9S1J0-F1-model_v6.cif,1.0000001
2926,A0A8F9UAD9,/home/s241850073/igem2026/results/clipzyme_native_extension_v1/structures/af_v6/AF-A0A8F9UAD9-F1-model_v6.cif,0.99999994
2927,A0A8F9WN79,/home/s241850073/igem2026/results/clipzyme_native_extension_v1/structures/af_v6/AF-A0A8F9WN79-F1-model_v6.cif,1.0000001
2928,A0A8G0L1B7,/home/s241850073/igem2026/results/clipzyme_native_extension_v1/structures/af_v6/AF-A0A8G0L1B7-F1-model_v6.cif,1.0
2929,A0A8G0PW28,/home/s241850073/igem2026/results/clipzyme_native_extension_v1/structures/af_v6/AF-A0A8G0PW28-F1-model_v6.cif,0.99999994
2930,A0A8G1QY47,/home/s241850073/igem2026/results/clipzyme_native_extension_v1/structures/af_v6/AF-A0A8G1QY47-F1-model_v6.cif,1.0
2931,A0A8G1R0Y2,/home/s241850073/igem2026/results/clipzyme_native_extension_v1/structures/af_v6/AF-A0A8G1R0Y2-F1-model_v6.cif,0.99999994
2932,A0A8G1R2F5,/home/s241850073/igem2026/results/clipzyme_native_extension_v1/structures/af_v6/AF-A0A8G1R2F5-F1-model_v6.cif,0.99999994
2933,A0A8G1RDN1,/home/s241850073/igem2026/results/clipzyme_native_extension_v1/structures/af_v6/AF-A0A8G1RDN1-F1-model_v6.cif,1.0
2934,A0A8G1RQB1,/home/s241850073/igem2026/results/clipzyme_native_extension_v1/structures/af_v6/AF-A0A8G1RQB1-F1-model_v6.cif,1.0
2935,A0A8G1VGE4,/home/s241850073/igem2026/results/clipzyme_native_extension_v1/structures/af_v6/AF-A0A8G1VGE4-F1-model_v6.cif,0.99999994
2936,A0A8H3EKI9,/home/s241850073/igem2026/results/clipzyme_native_extension_v1/structures/af_v6/AF-A0A8H3EKI9-F1-model_v6.cif,1.0
2937,A0A8H3EQD9,/home/s241850073/igem2026/results/clipzyme_native_extension_v1/structures/af_v6/AF-A0A8H3EQD9-F1-model_v6.cif,1.0
2938,A0A8H3EQS7,/home/s241850073/igem2026/results/clipzyme_native_extension_v1/structures/af_v6/AF-A0A8H3EQS7-F1-model_v6.cif,1.0
2939,A0A8H3EZ03,/home/s241850073/igem2026/results/clipzyme_native_extension_v1/structures/af_v6/AF-A0A8H3EZ03-F1-model_v6.cif,1.0
2940,A0A8H3F142,/home/s241850073/igem2026/results/clipzyme_native_extension_v1/structures/af_v6/AF-A0A8H3F142-F1-model_v6.cif,1.0
2941,A0A8H3FD00,/home/s241850073/igem2026/results/clipzyme_native_extension_v1/structures/af_v6/AF-A0A8H3FD00-F1-model_v6.cif,1.0
2942,A0A8H3FRD2,/home/s241850073/igem2026/results/clipzyme_native_extension_v1/structures/af_v6/AF-A0A8H3FRD2-F1-model_v6.cif,1.0
2943,A0A8H3FT64,/home/s241850073/igem2026/results/clipzyme_native_extension_v1/structures/af_v6/AF-A0A8H3FT64-F1-model_v6.cif,0.99999994
2944,A0A8H3G7H0,/home/s241850073/igem2026/results/clipzyme_native_extension_v1/structures/af_v6/AF-A0A8H3G7H0-F1-model_v6.cif,1.0
2945,A0A8H3I9Z2,/home/s241850073/igem2026/results/clipzyme_native_extension_v1/structures/af_v6/AF-A0A8H3I9Z2-F1-model_v6.cif,1.0
2946,A0A8H3IB77,/home/s241850073/igem2026/results/clipzyme_native_extension_v1/structures/af_v6/AF-A0A8H3IB77-F1-model_v6.cif,1.0
2947,A0A8H3J0M6,/home/s241850073/igem2026/results/clipzyme_native_extension_v1/structures/af_v6/AF-A0A8H3J0M6-F1-model_v6.cif,1.0
2948,A0A8H3J2D9,/home/s241850073/igem2026/results/clipzyme_native_extension_v1/structures/af_v6/AF-A0A8H3J2D9-F1-model_v6.cif,1.0
2949,A0A8H3J8Z6,/home/s241850073/igem2026/results/clipzyme_native_extension_v1/structures/af_v6/AF-A0A8H3J8Z6-F1-model_v6.cif,0.99999994
2950,A0A8H3WNE6,/home/s241850073/igem2026/results/clipzyme_native_extension_v1/structures/af_v6/AF-A0A8H3WNE6-F1-model_v6.cif,0.99999994
2951,A0A8H3XFD9,/home/s241850073/igem2026/results/clipzyme_native_extension_v1/structures/af_v6/AF-A0A8H3XFD9-F1-model_v6.cif,1.0
2952,A0A8H4ASB8,/home/s241850073/igem2026/results/clipzyme_native_extension_v1/structures/af_v6/AF-A0A8H4ASB8-F1-model_v6.cif,0.99999994
2953,A0A8H4FLS6,/home/s241850073/igem2026/results/clipzyme_native_extension_v1/structures/af_v6/AF-A0A8H4FLS6-F1-model_v6.cif,1.0
2954,A0A8H4HCE4,/home/s241850073/igem2026/results/clipzyme_native_extension_v1/structures/af_v6/AF-A0A8H4HCE4-F1-model_v6.cif,1.0
2955,A0A8H4IWZ5,/home/s241850073/igem2026/results/clipzyme_native_extension_v1/structures/af_v6/AF-A0A8H4IWZ5-F1-model_v6.cif,1.0
2956,A0A8H4J600,/home/s241850073/igem2026/results/clipzyme_native_extension_v1/structures/af_v6/AF-A0A8H4J600-F1-model_v6.cif,1.0
2957,A0A8H4LRX9,/home/s241850073/igem2026/results/clipzyme_native_extension_v1/structures/af_v6/AF-A0A8H4LRX9-F1-model_v6.cif,1.0
2958,A0A8H4LVZ6,/home/s241850073/igem2026/results/clipzyme_native_extension_v1/structures/af_v6/AF-A0A8H4LVZ6-F1-model_v6.cif,1.0
2959,A0A8H4PZJ8,/home/s241850073/igem2026/results/clipzyme_native_extension_v1/structures/af_v6/AF-A0A8H4PZJ8-F1-model_v6.cif,1.0
2960,A0A8H4Q9J4,/home/s241850073/igem2026/results/clipzyme_native_extension_v1/structures/af_v6/AF-A0A8H4Q9J4-F1-model_v6.cif,1.0
2961,A0A8H4R7V8,/home/s241850073/igem2026/results/clipzyme_native_extension_v1/structures/af_v6/AF-A0A8H4R7V8-F1-model_v6.cif,0.99999994
2962,A0A8H4R8Y7,/home/s241850073/igem2026/results/clipzyme_native_extension_v1/structures/af_v6/AF-A0A8H4R8Y7-F1-model_v6.cif,0.99999994
2963,A0A8H4RHW4,/home/s241850073/igem2026/results/clipzyme_native_extension_v1/structures/af_v6/AF-A0A8H4RHW4-F1-model_v6.cif,1.0
2964,A0A8H4T8Y0,/home/s241850073/igem2026/results/clipzyme_native_extension_v1/structures/af_v6/AF-A0A8H4T8Y0-F1-model_v6.cif,0.99999994
2965,A0A8H4TYK0,/home/s241850073/igem2026/results/clipzyme_native_extension_v1/structures/af_v6/AF-A0A8H4TYK0-F1-model_v6.cif,1.0
2966,A0A8H4TZV1,/home/s241850073/igem2026/results/clipzyme_native_extension_v1/structures/af_v6/AF-A0A8H4TZV1-F1-model_v6.cif,0.99999994
2967,A0A8H4UM06,/home/s241850073/igem2026/results/clipzyme_native_extension_v1/structures/af_v6/AF-A0A8H4UM06-F1-model_v6.cif,0.99999994
2968,A0A8H4V7N4,/home/s241850073/igem2026/results/clipzyme_native_extension_v1/structures/af_v6/AF-A0A8H4V7N4-F1-model_v6.cif,0.99999994
2969,A0A8H4VEG4,/home/s241850073/igem2026/results/clipzyme_native_extension_v1/structures/af_v6/AF-A0A8H4VEG4-F1-model_v6.cif,1.0
2970,A0A8H4VHP2,/home/s241850073/igem2026/results/clipzyme_native_extension_v1/structures/af_v6/AF-A0A8H4VHP2-F1-model_v6.cif,0.99999994
2971,A0A8H4VJ69,/home/s241850073/igem2026/results/clipzyme_native_extension_v1/structures/af_v6/AF-A0A8H4VJ69-F1-model_v6.cif,1.0
2972,A0A8H4VJY8,/home/s241850073/igem2026/results/clipzyme_native_extension_v1/structures/af_v6/AF-A0A8H4VJY8-F1-model_v6.cif,1.0
2973,A0A8H4VV45,/home/s241850073/igem2026/results/clipzyme_native_extension_v1/structures/af_v6/AF-A0A8H4VV45-F1-model_v6.cif,1.0
2974,A0A8H4W0S4,/home/s241850073/igem2026/results/clipzyme_native_extension_v1/structures/af_v6/AF-A0A8H4W0S4-F1-model_v6.cif,1.0
2975,A0A8H4W0S5,/home/s241850073/igem2026/results/clipzyme_native_extension_v1/structures/af_v6/AF-A0A8H4W0S5-F1-model_v6.cif,1.0
2976,A0A8H4XG49,/home/s241850073/igem2026/results/clipzyme_native_extension_v1/structures/af_v6/AF-A0A8H4XG49-F1-model_v6.cif,1.0
2977,A0A8H5B6I7,/home/s241850073/igem2026/results/clipzyme_native_extension_v1/structures/af_v6/AF-A0A8H5B6I7-F1-model_v6.cif,1.0
2978,A0A8H5BWK3,/home/s241850073/igem2026/results/clipzyme_native_extension_v1/structures/af_v6/AF-A0A8H5BWK3-F1-model_v6.cif,0.99999994
2979,A0A8H5CSZ4,/home/s241850073/igem2026/results/clipzyme_native_extension_v1/structures/af_v6/AF-A0A8H5CSZ4-F1-model_v6.cif,1.0
2980,A0A8H5CWY0,/home/s241850073/igem2026/results/clipzyme_native_extension_v1/structures/af_v6/AF-A0A8H5CWY0-F1-model_v6.cif,1.0
2981,A0A8H5CY11,/home/s241850073/igem2026/results/clipzyme_native_extension_v1/structures/af_v6/AF-A0A8H5CY11-F1-model_v6.cif,1.0
2982,A0A8H5FVB9,/home/s241850073/igem2026/results/clipzyme_native_extension_v1/structures/af_v6/AF-A0A8H5FVB9-F1-model_v6.cif,0.99999994
2983,A0A8H5G1U7,/home/s241850073/igem2026/results/clipzyme_native_extension_v1/structures/af_v6/AF-A0A8H5G1U7-F1-model_v6.cif,0.99999994
2984,A0A8H5G584,/home/s241850073/igem2026/results/clipzyme_native_extension_v1/structures/af_v6/AF-A0A8H5G584-F1-model_v6.cif,1.0
2985,A0A8H5GK33,/home/s241850073/igem2026/results/clipzyme_native_extension_v1/structures/af_v6/AF-A0A8H5GK33-F1-model_v6.cif,0.99999994
2986,A0A8H5H289,/home/s241850073/igem2026/results/clipzyme_native_extension_v1/structures/af_v6/AF-A0A8H5H289-F1-model_v6.cif,1.0
2987,A0A8H5H6L2,/home/s241850073/igem2026/results/clipzyme_native_extension_v1/structures/af_v6/AF-A0A8H5H6L2-F1-model_v6.cif,1.0
2988,A0A8H5HT35,/home/s241850073/igem2026/results/clipzyme_native_extension_v1/structures/af_v6/AF-A0A8H5HT35-F1-model_v6.cif,1.0
2989,A0A8H5HZI8,/home/s241850073/igem2026/results/clipzyme_native_extension_v1/structures/af_v6/AF-A0A8H5HZI8-F1-model_v6.cif,0.99999994
2990,A0A8H5IUT5,/home/s241850073/igem2026/results/clipzyme_native_extension_v1/structures/af_v6/AF-A0A8H5IUT5-F1-model_v6.cif,0.99999994
2991,A0A8H5JBF0,/home/s241850073/igem2026/results/clipzyme_native_extension_v1/structures/af_v6/AF-A0A8H5JBF0-F1-model_v6.cif,0.99999994
2992,A0A8H5MBX1,/home/s241850073/igem2026/results/clipzyme_native_extension_v1/structures/af_v6/AF-A0A8H5MBX1-F1-model_v6.cif,0.99999994
2993,A0A8H5P6W3,/home/s241850073/igem2026/results/clipzyme_native_extension_v1/structures/af_v6/AF-A0A8H5P6W3-F1-model_v6.cif,0.9999999
2994,A0A8H5R1Y1,/home/s241850073/igem2026/results/clipzyme_native_extension_v1/structures/af_v6/AF-A0A8H5R1Y1-F1-model_v6.cif,1.0
2995,A0A8H5T8K6,/home/s241850073/igem2026/results/clipzyme_native_extension_v1/structures/af_v6/AF-A0A8H5T8K6-F1-model_v6.cif,1.0
2996,A0A8H5TQL3,/home/s241850073/igem2026/results/clipzyme_native_extension_v1/structures/af_v6/AF-A0A8H5TQL3-F1-model_v6.cif,1.0
2997,A0A8H5U967,/home/s241850073/igem2026/results/clipzyme_native_extension_v1/structures/af_v6/AF-A0A8H5U967-F1-model_v6.cif,1.0
2998,A0A8H5VL21,/home/s241850073/igem2026/results/clipzyme_native_extension_v1/structures/af_v6/AF-A0A8H5VL21-F1-model_v6.cif,1.0
2999,A0A8H5YW25,/home/s241850073/igem2026/results/clipzyme_native_extension_v1/structures/af_v6/AF-A0A8H5YW25-F1-model_v6.cif,0.99999994
3000,A0A8H5Z7W4,/home/s241850073/igem2026/results/clipzyme_native_extension_v1/structures/af_v6/AF-A0A8H5Z7W4-F1-model_v6.cif,1.0
3001,A0A8H5ZTF7,/home/s241850073/igem2026/results/clipzyme_native_extension_v1/structures/af_v6/AF-A0A8H5ZTF7-F1-model_v6.cif,0.9999999
3002,A0A8H6ALD7,/home/s241850073/igem2026/results/clipzyme_native_extension_v1/structures/af_v6/AF-A0A8H6ALD7-F1-model_v6.cif,1.0
3003,A0A8H6CQV8,/home/s241850073/igem2026/results/clipzyme_native_extension_v1/structures/af_v6/AF-A0A8H6CQV8-F1-model_v6.cif,1.0
3004,A0A8H6CRN2,/home/s241850073/igem2026/results/clipzyme_native_extension_v1/structures/af_v6/AF-A0A8H6CRN2-F1-model_v6.cif,1.0
3005,A0A8H6E6X0,/home/s241850073/igem2026/results/clipzyme_native_extension_v1/structures/af_v6/AF-A0A8H6E6X0-F1-model_v6.cif,1.0
3006,A0A8H6FIP0,/home/s241850073/igem2026/results/clipzyme_native_extension_v1/structures/af_v6/AF-A0A8H6FIP0-F1-model_v6.cif,1.0
3007,A0A8H6K2W5,/home/s241850073/igem2026/results/clipzyme_native_extension_v1/structures/af_v6/AF-A0A8H6K2W5-F1-model_v6.cif,1.0
3008,A0A8H6PPL9,/home/s241850073/igem2026/results/clipzyme_native_extension_v1/structures/af_v6/AF-A0A8H6PPL9-F1-model_v6.cif,1.0
3009,A0A8H6RF89,/home/s241850073/igem2026/results/clipzyme_native_extension_v1/structures/af_v6/AF-A0A8H6RF89-F1-model_v6.cif,0.99999994
3010,A0A8H6S0Z7,/home/s241850073/igem2026/results/clipzyme_native_extension_v1/structures/af_v6/AF-A0A8H6S0Z7-F1-model_v6.cif,0.99999994
3011,A0A8H6TZ35,/home/s241850073/igem2026/results/clipzyme_native_extension_v1/structures/af_v6/AF-A0A8H6TZ35-F1-model_v6.cif,0.99999994
3012,A0A8H6TZV4,/home/s241850073/igem2026/results/clipzyme_native_extension_v1/structures/af_v6/AF-A0A8H6TZV4-F1-model_v6.cif,1.0
3013,A0A8H6U3E1,/home/s241850073/igem2026/results/clipzyme_native_extension_v1/structures/af_v6/AF-A0A8H6U3E1-F1-model_v6.cif,0.99999994
3014,A0A8H6UG74,/home/s241850073/igem2026/results/clipzyme_native_extension_v1/structures/af_v6/AF-A0A8H6UG74-F1-model_v6.cif,1.0
3015,A0A8H6VZW2,/home/s241850073/igem2026/results/clipzyme_native_extension_v1/structures/af_v6/AF-A0A8H6VZW2-F1-model_v6.cif,0.99999994
3016,A0A8H6W1J0,/home/s241850073/igem2026/results/clipzyme_native_extension_v1/structures/af_v6/AF-A0A8H6W1J0-F1-model_v6.cif,1.0
3017,A0A8H6WKD5,/home/s241850073/igem2026/results/clipzyme_native_extension_v1/structures/af_v6/AF-A0A8H6WKD5-F1-model_v6.cif,0.99999994
3018,A0A8H6WYB1,/home/s241850073/igem2026/results/clipzyme_native_extension_v1/structures/af_v6/AF-A0A8H6WYB1-F1-model_v6.cif,1.0
3019,A0A8H6X4P6,/home/s241850073/igem2026/results/clipzyme_native_extension_v1/structures/af_v6/AF-A0A8H6X4P6-F1-model_v6.cif,1.0
3020,A0A8H6X8A6,/home/s241850073/igem2026/results/clipzyme_native_extension_v1/structures/af_v6/AF-A0A8H6X8A6-F1-model_v6.cif,1.0
3021,A0A8H6XGS8,/home/s241850073/igem2026/results/clipzyme_native_extension_v1/structures/af_v6/AF-A0A8H6XGS8-F1-model_v6.cif,1.0
3022,A0A8H6XHJ9,/home/s241850073/igem2026/results/clipzyme_native_extension_v1/structures/af_v6/AF-A0A8H6XHJ9-F1-model_v6.cif,0.99999994
3023,A0A8H6XSA2,/home/s241850073/igem2026/results/clipzyme_native_extension_v1/structures/af_v6/AF-A0A8H6XSA2-F1-model_v6.cif,1.0
3024,A0A8H6Y5N7,/home/s241850073/igem2026/results/clipzyme_native_extension_v1/structures/af_v6/AF-A0A8H6Y5N7-F1-model_v6.cif,1.0
3025,A0A8H6Z2U3,/home/s241850073/igem2026/results/clipzyme_native_extension_v1/structures/af_v6/AF-A0A8H6Z2U3-F1-model_v6.cif,1.0
3026,A0A8H6Z952,/home/s241850073/igem2026/results/clipzyme_native_extension_v1/structures/af_v6/AF-A0A8H6Z952-F1-model_v6.cif,1.0
3027,A0A8H6ZAY0,/home/s241850073/igem2026/results/clipzyme_native_extension_v1/structures/af_v6/AF-A0A8H6ZAY0-F1-model_v6.cif,1.0
3028,A0A8H6ZH46,/home/s241850073/igem2026/results/clipzyme_native_extension_v1/structures/af_v6/AF-A0A8H6ZH46-F1-model_v6.cif,1.0
3029,A0A8H6ZNT4,/home/s241850073/igem2026/results/clipzyme_native_extension_v1/structures/af_v6/AF-A0A8H6ZNT4-F1-model_v6.cif,1.0
3030,A0A8H6ZQ35,/home/s241850073/igem2026/results/clipzyme_native_extension_v1/structures/af_v6/AF-A0A8H6ZQ35-F1-model_v6.cif,1.0
3031,A0A8H6ZRW1,/home/s241850073/igem2026/results/clipzyme_native_extension_v1/structures/af_v6/AF-A0A8H6ZRW1-F1-model_v6.cif,1.0
3032,A0A8H6ZSN8,/home/s241850073/igem2026/results/clipzyme_native_extension_v1/structures/af_v6/AF-A0A8H6ZSN8-F1-model_v6.cif,1.0
3033,A0A8H6ZYZ5,/home/s241850073/igem2026/results/clipzyme_native_extension_v1/structures/af_v6/AF-A0A8H6ZYZ5-F1-model_v6.cif,1.0
3034,A0A8H7ACX8,/home/s241850073/igem2026/results/clipzyme_native_extension_v1/structures/af_v6/AF-A0A8H7ACX8-F1-model_v6.cif,0.99999994
3035,A0A8H7B593,/home/s241850073/igem2026/results/clipzyme_native_extension_v1/structures/af_v6/AF-A0A8H7B593-F1-model_v6.cif,0.99999994
3036,A0A8H7DPD2,/home/s241850073/igem2026/results/clipzyme_native_extension_v1/structures/af_v6/AF-A0A8H7DPD2-F1-model_v6.cif,1.0
3037,A0A8H7E3S7,/home/s241850073/igem2026/results/clipzyme_native_extension_v1/structures/af_v6/AF-A0A8H7E3S7-F1-model_v6.cif,1.0
3038,A0A8H7T5J0,/home/s241850073/igem2026/results/clipzyme_native_extension_v1/structures/af_v6/AF-A0A8H7T5J0-F1-model_v6.cif,1.0
3039,A0A8H7W4U3,/home/s241850073/igem2026/results/clipzyme_native_extension_v1/structures/af_v6/AF-A0A8H7W4U3-F1-model_v6.cif,1.0
3040,A0A8H7XMX0,/home/s241850073/igem2026/results/clipzyme_native_extension_v1/structures/af_v6/AF-A0A8H7XMX0-F1-model_v6.cif,1.0
3041,A0A8H7XP09,/home/s241850073/igem2026/results/clipzyme_native_extension_v1/structures/af_v6/AF-A0A8H7XP09-F1-model_v6.cif,1.0
3042,A0A8H7XQ49,/home/s241850073/igem2026/results/clipzyme_native_extension_v1/structures/af_v6/AF-A0A8H7XQ49-F1-model_v6.cif,0.99999994
3043,A0A8H8CFI5,/home/s241850073/igem2026/results/clipzyme_native_extension_v1/structures/af_v6/AF-A0A8H8CFI5-F1-model_v6.cif,1.0
3044,A0A8H8CMW1,/home/s241850073/igem2026/results/clipzyme_native_extension_v1/structures/af_v6/AF-A0A8H8CMW1-F1-model_v6.cif,1.0
3045,A0A8H9ME14,/home/s241850073/igem2026/results/clipzyme_native_extension_v1/structures/af_v6/AF-A0A8H9ME14-F1-model_v6.cif,1.0
3046,A0A8I0PE83,/home/s241850073/igem2026/results/clipzyme_native_extension_v1/structures/af_v6/AF-A0A8I0PE83-F1-model_v6.cif,0.99999994
3047,A0A8I2YL26,/home/s241850073/igem2026/results/clipzyme_native_extension_v1/structures/af_v6/AF-A0A8I2YL26-F1-model_v6.cif,1.0
3048,A0A8I3AF28,/home/s241850073/igem2026/results/clipzyme_native_extension_v1/structures/af_v6/AF-A0A8I3AF28-F1-model_v6.cif,1.0000001
3049,A0A8I3S724,/home/s241850073/igem2026/results/clipzyme_native_extension_v1/structures/af_v6/AF-A0A8I3S724-F1-model_v6.cif,0.99999994
3050,A0A8I5ZNK2,/home/s241850073/igem2026/results/clipzyme_native_extension_v1/structures/af_v6/AF-A0A8I5ZNK2-F1-model_v6.cif,1.0
3051,A0A8I6W9G9,/home/s241850073/igem2026/results/clipzyme_native_extension_v1/structures/af_v6/AF-A0A8I6W9G9-F1-model_v6.cif,1.0
3052,A0A8I6X016,/home/s241850073/igem2026/results/clipzyme_native_extension_v1/structures/af_v6/AF-A0A8I6X016-F1-model_v6.cif,1.0
3053,A0A8I6XBK7,/home/s241850073/igem2026/results/clipzyme_native_extension_v1/structures/af_v6/AF-A0A8I6XBK7-F1-model_v6.cif,1.0
3054,A0A8J2JCY2,/home/s241850073/igem2026/results/clipzyme_native_extension_v1/structures/af_v6/AF-A0A8J2JCY2-F1-model_v6.cif,1.0
3055,A0A8J2JNM3,/home/s241850073/igem2026/results/clipzyme_native_extension_v1/structures/af_v6/AF-A0A8J2JNM3-F1-model_v6.cif,1.0
3056,A0A8J2JPC1,/home/s241850073/igem2026/results/clipzyme_native_extension_v1/structures/af_v6/AF-A0A8J2JPC1-F1-model_v6.cif,1.0
3057,A0A8J2JUA2,/home/s241850073/igem2026/results/clipzyme_native_extension_v1/structures/af_v6/AF-A0A8J2JUA2-F1-model_v6.cif,1.0
3058,A0A8J2KB18,/home/s241850073/igem2026/results/clipzyme_native_extension_v1/structures/af_v6/AF-A0A8J2KB18-F1-model_v6.cif,1.0
3059,A0A8J2KSX0,/home/s241850073/igem2026/results/clipzyme_native_extension_v1/structures/af_v6/AF-A0A8J2KSX0-F1-model_v6.cif,1.0
3060,A0A8J2LF38,/home/s241850073/igem2026/results/clipzyme_native_extension_v1/structures/af_v6/AF-A0A8J2LF38-F1-model_v6.cif,1.0
3061,A0A8J2YFJ9,/home/s241850073/igem2026/results/clipzyme_native_extension_v1/structures/af_v6/AF-A0A8J2YFJ9-F1-model_v6.cif,1.0
3062,A0A8J3BVL9,/home/s241850073/igem2026/results/clipzyme_native_extension_v1/structures/af_v6/AF-A0A8J3BVL9-F1-model_v6.cif,1.0
3063,A0A8J3CXH7,/home/s241850073/igem2026/results/clipzyme_native_extension_v1/structures/af_v6/AF-A0A8J3CXH7-F1-model_v6.cif,0.99999994
3064,A0A8J3ILK4,/home/s241850073/igem2026/results/clipzyme_native_extension_v1/structures/af_v6/AF-A0A8J3ILK4-F1-model_v6.cif,1.0
3065,A0A8J3K6A7,/home/s241850073/igem2026/results/clipzyme_native_extension_v1/structures/af_v6/AF-A0A8J3K6A7-F1-model_v6.cif,1.0
3066,A0A8J3NWS6,/home/s241850073/igem2026/results/clipzyme_native_extension_v1/structures/af_v6/AF-A0A8J3NWS6-F1-model_v6.cif,1.0
3067,A0A8J3Q5A4,/home/s241850073/igem2026/results/clipzyme_native_extension_v1/structures/af_v6/AF-A0A8J3Q5A4-F1-model_v6.cif,0.99999994
3068,A0A8J3Q5I3,/home/s241850073/igem2026/results/clipzyme_native_extension_v1/structures/af_v6/AF-A0A8J3Q5I3-F1-model_v6.cif,0.99999994
3069,A0A8J3QFR1,/home/s241850073/igem2026/results/clipzyme_native_extension_v1/structures/af_v6/AF-A0A8J3QFR1-F1-model_v6.cif,0.9999999
3070,A0A8J3YGA1,/home/s241850073/igem2026/results/clipzyme_native_extension_v1/structures/af_v6/AF-A0A8J3YGA1-F1-model_v6.cif,1.0
3071,A0A8J4DNT3,/home/s241850073/igem2026/results/clipzyme_native_extension_v1/structures/af_v6/AF-A0A8J4DNT3-F1-model_v6.cif,1.0
3072,A0A8J4PP38,/home/s241850073/igem2026/results/clipzyme_native_extension_v1/structures/af_v6/AF-A0A8J4PP38-F1-model_v6.cif,1.0
3073,A0A8J4PPR9,/home/s241850073/igem2026/results/clipzyme_native_extension_v1/structures/af_v6/AF-A0A8J4PPR9-F1-model_v6.cif,1.0
3074,A0A8J4PXX1,/home/s241850073/igem2026/results/clipzyme_native_extension_v1/structures/af_v6/AF-A0A8J4PXX1-F1-model_v6.cif,1.0
3075,A0A8J4Q0X0,/home/s241850073/igem2026/results/clipzyme_native_extension_v1/structures/af_v6/AF-A0A8J4Q0X0-F1-model_v6.cif,0.9999999
3076,A0A8J4QMI9,/home/s241850073/igem2026/results/clipzyme_native_extension_v1/structures/af_v6/AF-A0A8J4QMI9-F1-model_v6.cif,1.0
3077,A0A8J4QQ97,/home/s241850073/igem2026/results/clipzyme_native_extension_v1/structures/af_v6/AF-A0A8J4QQ97-F1-model_v6.cif,0.99999994
3078,A0A8J4QQN9,/home/s241850073/igem2026/results/clipzyme_native_extension_v1/structures/af_v6/AF-A0A8J4QQN9-F1-model_v6.cif,0.99999994
3079,A0A8J4R3Q7,/home/s241850073/igem2026/results/clipzyme_native_extension_v1/structures/af_v6/AF-A0A8J4R3Q7-F1-model_v6.cif,1.0
3080,A0A8J4RA64,/home/s241850073/igem2026/results/clipzyme_native_extension_v1/structures/af_v6/AF-A0A8J4RA64-F1-model_v6.cif,1.0
3081,A0A8J4VAK7,/home/s241850073/igem2026/results/clipzyme_native_extension_v1/structures/af_v6/AF-A0A8J4VAK7-F1-model_v6.cif,0.99999994
3082,A0A8J4VCJ8,/home/s241850073/igem2026/results/clipzyme_native_extension_v1/structures/af_v6/AF-A0A8J4VCJ8-F1-model_v6.cif,1.0
3083,A0A8J4VE06,/home/s241850073/igem2026/results/clipzyme_native_extension_v1/structures/af_v6/AF-A0A8J4VE06-F1-model_v6.cif,1.0
3084,A0A8J4VNE9,/home/s241850073/igem2026/results/clipzyme_native_extension_v1/structures/af_v6/AF-A0A8J4VNE9-F1-model_v6.cif,1.0
3085,A0A8J4VNX0,/home/s241850073/igem2026/results/clipzyme_native_extension_v1/structures/af_v6/AF-A0A8J4VNX0-F1-model_v6.cif,1.0
3086,A0A8J4VUV6,/home/s241850073/igem2026/results/clipzyme_native_extension_v1/structures/af_v6/AF-A0A8J4VUV6-F1-model_v6.cif,1.0
3087,A0A8J5BBS1,/home/s241850073/igem2026/results/clipzyme_native_extension_v1/structures/af_v6/AF-A0A8J5BBS1-F1-model_v6.cif,0.99999994
3088,A0A8J5BLS2,/home/s241850073/igem2026/results/clipzyme_native_extension_v1/structures/af_v6/AF-A0A8J5BLS2-F1-model_v6.cif,1.0
3089,A0A8J5BZA1,/home/s241850073/igem2026/results/clipzyme_native_extension_v1/structures/af_v6/AF-A0A8J5BZA1-F1-model_v6.cif,1.0
3090,A0A8J5C4T8,/home/s241850073/igem2026/results/clipzyme_native_extension_v1/structures/af_v6/AF-A0A8J5C4T8-F1-model_v6.cif,1.0
3091,A0A8J5CES5,/home/s241850073/igem2026/results/clipzyme_native_extension_v1/structures/af_v6/AF-A0A8J5CES5-F1-model_v6.cif,0.99999994
3092,A0A8J5EMF0,/home/s241850073/igem2026/results/clipzyme_native_extension_v1/structures/af_v6/AF-A0A8J5EMF0-F1-model_v6.cif,0.99999994
3093,A0A8J5ESK7,/home/s241850073/igem2026/results/clipzyme_native_extension_v1/structures/af_v6/AF-A0A8J5ESK7-F1-model_v6.cif,1.0
3094,A0A8J5ETW2,/home/s241850073/igem2026/results/clipzyme_native_extension_v1/structures/af_v6/AF-A0A8J5ETW2-F1-model_v6.cif,1.0
3095,A0A8J5F2I1,/home/s241850073/igem2026/results/clipzyme_native_extension_v1/structures/af_v6/AF-A0A8J5F2I1-F1-model_v6.cif,1.0
3096,A0A8J5F2T5,/home/s241850073/igem2026/results/clipzyme_native_extension_v1/structures/af_v6/AF-A0A8J5F2T5-F1-model_v6.cif,0.9999999
3097,A0A8J5FB98,/home/s241850073/igem2026/results/clipzyme_native_extension_v1/structures/af_v6/AF-A0A8J5FB98-F1-model_v6.cif,0.99999994
3098,A0A8J5FIG0,/home/s241850073/igem2026/results/clipzyme_native_extension_v1/structures/af_v6/AF-A0A8J5FIG0-F1-model_v6.cif,0.99999994
3099,A0A8J5FSU7,/home/s241850073/igem2026/results/clipzyme_native_extension_v1/structures/af_v6/AF-A0A8J5FSU7-F1-model_v6.cif,0.99999994
3100,A0A8J5FUW3,/home/s241850073/igem2026/results/clipzyme_native_extension_v1/structures/af_v6/AF-A0A8J5FUW3-F1-model_v6.cif,1.0
3101,A0A8J5G1R6,/home/s241850073/igem2026/results/clipzyme_native_extension_v1/structures/af_v6/AF-A0A8J5G1R6-F1-model_v6.cif,0.99999994
3102,A0A8J5G3P3,/home/s241850073/igem2026/results/clipzyme_native_extension_v1/structures/af_v6/AF-A0A8J5G3P3-F1-model_v6.cif,1.0
3103,A0A8J5G9C9,/home/s241850073/igem2026/results/clipzyme_native_extension_v1/structures/af_v6/AF-A0A8J5G9C9-F1-model_v6.cif,0.99999994
3104,A0A8J5GRL8,/home/s241850073/igem2026/results/clipzyme_native_extension_v1/structures/af_v6/AF-A0A8J5GRL8-F1-model_v6.cif,1.0
3105,A0A8J5H7Y0,/home/s241850073/igem2026/results/clipzyme_native_extension_v1/structures/af_v6/AF-A0A8J5H7Y0-F1-model_v6.cif,1.0
3106,A0A8J5IGN3,/home/s241850073/igem2026/results/clipzyme_native_extension_v1/structures/af_v6/AF-A0A8J5IGN3-F1-model_v6.cif,0.99999994
3107,A0A8J5K9U6,/home/s241850073/igem2026/results/clipzyme_native_extension_v1/structures/af_v6/AF-A0A8J5K9U6-F1-model_v6.cif,0.99999994
3108,A0A8J5KEI3,/home/s241850073/igem2026/results/clipzyme_native_extension_v1/structures/af_v6/AF-A0A8J5KEI3-F1-model_v6.cif,1.0
3109,A0A8J5KZZ4,/home/s241850073/igem2026/results/clipzyme_native_extension_v1/structures/af_v6/AF-A0A8J5KZZ4-F1-model_v6.cif,1.0
3110,A0A8J5L3V5,/home/s241850073/igem2026/results/clipzyme_native_extension_v1/structures/af_v6/AF-A0A8J5L3V5-F1-model_v6.cif,0.99999994
3111,A0A8J5LDD3,/home/s241850073/igem2026/results/clipzyme_native_extension_v1/structures/af_v6/AF-A0A8J5LDD3-F1-model_v6.cif,1.0
3112,A0A8J5LE50,/home/s241850073/igem2026/results/clipzyme_native_extension_v1/structures/af_v6/AF-A0A8J5LE50-F1-model_v6.cif,1.0
3113,A0A8J5RET3,/home/s241850073/igem2026/results/clipzyme_native_extension_v1/structures/af_v6/AF-A0A8J5RET3-F1-model_v6.cif,1.0
3114,A0A8J5RXD1,/home/s241850073/igem2026/results/clipzyme_native_extension_v1/structures/af_v6/AF-A0A8J5RXD1-F1-model_v6.cif,1.0
3115,A0A8J5S078,/home/s241850073/igem2026/results/clipzyme_native_extension_v1/structures/af_v6/AF-A0A8J5S078-F1-model_v6.cif,1.0
3116,A0A8J5SAC1,/home/s241850073/igem2026/results/clipzyme_native_extension_v1/structures/af_v6/AF-A0A8J5SAC1-F1-model_v6.cif,1.0
3117,A0A8J5T9C9,/home/s241850073/igem2026/results/clipzyme_native_extension_v1/structures/af_v6/AF-A0A8J5T9C9-F1-model_v6.cif,1.0
3118,A0A8J5VY24,/home/s241850073/igem2026/results/clipzyme_native_extension_v1/structures/af_v6/AF-A0A8J5VY24-F1-model_v6.cif,0.99999994
3119,A0A8J5W1Q6,/home/s241850073/igem2026/results/clipzyme_native_extension_v1/structures/af_v6/AF-A0A8J5W1Q6-F1-model_v6.cif,1.0
3120,A0A8J5Z522,/home/s241850073/igem2026/results/clipzyme_native_extension_v1/structures/af_v6/AF-A0A8J5Z522-F1-model_v6.cif,0.99999994
3121,A0A8J5Z9X7,/home/s241850073/igem2026/results/clipzyme_native_extension_v1/structures/af_v6/AF-A0A8J5Z9X7-F1-model_v6.cif,0.99999994
3122,A0A8J6BK75,/home/s241850073/igem2026/results/clipzyme_native_extension_v1/structures/af_v6/AF-A0A8J6BK75-F1-model_v6.cif,1.0
3123,A0A8J6CSS4,/home/s241850073/igem2026/results/clipzyme_native_extension_v1/structures/af_v6/AF-A0A8J6CSS4-F1-model_v6.cif,1.0
3124,A0A8J6D4K7,/home/s241850073/igem2026/results/clipzyme_native_extension_v1/structures/af_v6/AF-A0A8J6D4K7-F1-model_v6.cif,1.0
3125,A0A8J6DCZ1,/home/s241850073/igem2026/results/clipzyme_native_extension_v1/structures/af_v6/AF-A0A8J6DCZ1-F1-model_v6.cif,0.99999994
3126,A0A8J7GPI5,/home/s241850073/igem2026/results/clipzyme_native_extension_v1/structures/af_v6/AF-A0A8J7GPI5-F1-model_v6.cif,1.0
3127,A0A8J7WKQ0,/home/s241850073/igem2026/results/clipzyme_native_extension_v1/structures/af_v6/AF-A0A8J7WKQ0-F1-model_v6.cif,1.0
3128,A0A8J8W6G5,/home/s241850073/igem2026/results/clipzyme_native_extension_v1/structures/af_v6/AF-A0A8J8W6G5-F1-model_v6.cif,1.0
3129,A0A8J8W7G2,/home/s241850073/igem2026/results/clipzyme_native_extension_v1/structures/af_v6/AF-A0A8J8W7G2-F1-model_v6.cif,1.0
3130,A0A8K0E1E8,/home/s241850073/igem2026/results/clipzyme_native_extension_v1/structures/af_v6/AF-A0A8K0E1E8-F1-model_v6.cif,1.0
3131,A0A8K0E5Y1,/home/s241850073/igem2026/results/clipzyme_native_extension_v1/structures/af_v6/AF-A0A8K0E5Y1-F1-model_v6.cif,0.99999994
3132,A0A8K0H3Z8,/home/s241850073/igem2026/results/clipzyme_native_extension_v1/structures/af_v6/AF-A0A8K0H3Z8-F1-model_v6.cif,1.0
3133,A0A8K0H4K7,/home/s241850073/igem2026/results/clipzyme_native_extension_v1/structures/af_v6/AF-A0A8K0H4K7-F1-model_v6.cif,1.0
3134,A0A8K0HFA8,/home/s241850073/igem2026/results/clipzyme_native_extension_v1/structures/af_v6/AF-A0A8K0HFA8-F1-model_v6.cif,0.99999994
3135,A0A8K0HJH7,/home/s241850073/igem2026/results/clipzyme_native_extension_v1/structures/af_v6/AF-A0A8K0HJH7-F1-model_v6.cif,1.0
3136,A0A8K0HJV3,/home/s241850073/igem2026/results/clipzyme_native_extension_v1/structures/af_v6/AF-A0A8K0HJV3-F1-model_v6.cif,1.0
3137,A0A8K0HNC9,/home/s241850073/igem2026/results/clipzyme_native_extension_v1/structures/af_v6/AF-A0A8K0HNC9-F1-model_v6.cif,1.0
3138,A0A8K0HNE3,/home/s241850073/igem2026/results/clipzyme_native_extension_v1/structures/af_v6/AF-A0A8K0HNE3-F1-model_v6.cif,1.0
3139,A0A8K0HPI9,/home/s241850073/igem2026/results/clipzyme_native_extension_v1/structures/af_v6/AF-A0A8K0HPI9-F1-model_v6.cif,1.0
3140,A0A8K0HQX5,/home/s241850073/igem2026/results/clipzyme_native_extension_v1/structures/af_v6/AF-A0A8K0HQX5-F1-model_v6.cif,1.0
3141,A0A8K0IB69,/home/s241850073/igem2026/results/clipzyme_native_extension_v1/structures/af_v6/AF-A0A8K0IB69-F1-model_v6.cif,1.0
3142,A0A8K0IB83,/home/s241850073/igem2026/results/clipzyme_native_extension_v1/structures/af_v6/AF-A0A8K0IB83-F1-model_v6.cif,1.0
3143,A0A8K0ICS5,/home/s241850073/igem2026/results/clipzyme_native_extension_v1/structures/af_v6/AF-A0A8K0ICS5-F1-model_v6.cif,0.99999994
3144,A0A8K0INF7,/home/s241850073/igem2026/results/clipzyme_native_extension_v1/structures/af_v6/AF-A0A8K0INF7-F1-model_v6.cif,1.0
3145,A0A8K0IZ02,/home/s241850073/igem2026/results/clipzyme_native_extension_v1/structures/af_v6/AF-A0A8K0IZ02-F1-model_v6.cif,0.99999994
3146,A0A8K0SV54,/home/s241850073/igem2026/results/clipzyme_native_extension_v1/structures/af_v6/AF-A0A8K0SV54-F1-model_v6.cif,1.0
3147,A0A8K0SVD0,/home/s241850073/igem2026/results/clipzyme_native_extension_v1/structures/af_v6/AF-A0A8K0SVD0-F1-model_v6.cif,0.99999994
3148,A0A8K0T2F4,/home/s241850073/igem2026/results/clipzyme_native_extension_v1/structures/af_v6/AF-A0A8K0T2F4-F1-model_v6.cif,1.0
3149,A0A8K0TDU1,/home/s241850073/igem2026/results/clipzyme_native_extension_v1/structures/af_v6/AF-A0A8K0TDU1-F1-model_v6.cif,1.0
3150,A0A8K0UHC5,/home/s241850073/igem2026/results/clipzyme_native_extension_v1/structures/af_v6/AF-A0A8K0UHC5-F1-model_v6.cif,1.0
3151,A0A8K0VVA4,/home/s241850073/igem2026/results/clipzyme_native_extension_v1/structures/af_v6/AF-A0A8K0VVA4-F1-model_v6.cif,1.0
3152,A0A8K0W7D7,/home/s241850073/igem2026/results/clipzyme_native_extension_v1/structures/af_v6/AF-A0A8K0W7D7-F1-model_v6.cif,1.0
3153,A0A8K0WKC9,/home/s241850073/igem2026/results/clipzyme_native_extension_v1/structures/af_v6/AF-A0A8K0WKC9-F1-model_v6.cif,1.0
3154,A0A8K0WMS2,/home/s241850073/igem2026/results/clipzyme_native_extension_v1/structures/af_v6/AF-A0A8K0WMS2-F1-model_v6.cif,1.0
3155,A0A8K0X229,/home/s241850073/igem2026/results/clipzyme_native_extension_v1/structures/af_v6/AF-A0A8K0X229-F1-model_v6.cif,0.99999994
3156,A0A8K0YVI8,/home/s241850073/igem2026/results/clipzyme_native_extension_v1/structures/af_v6/AF-A0A8K0YVI8-F1-model_v6.cif,1.0
3157,A0A8K1AW51,/home/s241850073/igem2026/results/clipzyme_native_extension_v1/structures/af_v6/AF-A0A8K1AW51-F1-model_v6.cif,1.0
3158,A0A8K1AW54,/home/s241850073/igem2026/results/clipzyme_native_extension_v1/structures/af_v6/AF-A0A8K1AW54-F1-model_v6.cif,1.0
3159,A0A8K1AWG4,/home/s241850073/igem2026/results/clipzyme_native_extension_v1/structures/af_v6/AF-A0A8K1AWG4-F1-model_v6.cif,1.0
3160,A0A8K1B0J4,/home/s241850073/igem2026/results/clipzyme_native_extension_v1/structures/af_v6/AF-A0A8K1B0J4-F1-model_v6.cif,1.0000001
3161,A0A8K1B0K0,/home/s241850073/igem2026/results/clipzyme_native_extension_v1/structures/af_v6/AF-A0A8K1B0K0-F1-model_v6.cif,1.0
3162,A0A8K1B0L0,/home/s241850073/igem2026/results/clipzyme_native_extension_v1/structures/af_v6/AF-A0A8K1B0L0-F1-model_v6.cif,1.0
3163,A0A8K1B0M3,/home/s241850073/igem2026/results/clipzyme_native_extension_v1/structures/af_v6/AF-A0A8K1B0M3-F1-model_v6.cif,0.99999994
3164,A0A8K1B0N3,/home/s241850073/igem2026/results/clipzyme_native_extension_v1/structures/af_v6/AF-A0A8K1B0N3-F1-model_v6.cif,0.99999994
3165,A0A8K1B0N8,/home/s241850073/igem2026/results/clipzyme_native_extension_v1/structures/af_v6/AF-A0A8K1B0N8-F1-model_v6.cif,0.99999994
3166,A0A8K1B1I1,/home/s241850073/igem2026/results/clipzyme_native_extension_v1/structures/af_v6/AF-A0A8K1B1I1-F1-model_v6.cif,1.0
3167,A0A8K1B1L3,/home/s241850073/igem2026/results/clipzyme_native_extension_v1/structures/af_v6/AF-A0A8K1B1L3-F1-model_v6.cif,1.0
3168,A0A8K1EU16,/home/s241850073/igem2026/results/clipzyme_native_extension_v1/structures/af_v6/AF-A0A8K1EU16-F1-model_v6.cif,0.99999994
3169,A0A8K1EU29,/home/s241850073/igem2026/results/clipzyme_native_extension_v1/structures/af_v6/AF-A0A8K1EU29-F1-model_v6.cif,1.0
3170,A0A8K1EUA7,/home/s241850073/igem2026/results/clipzyme_native_extension_v1/structures/af_v6/AF-A0A8K1EUA7-F1-model_v6.cif,1.0
3171,A0A8K1HT51,/home/s241850073/igem2026/results/clipzyme_native_extension_v1/structures/af_v6/AF-A0A8K1HT51-F1-model_v6.cif,0.99999994
3172,A0A8K2A4B4,/home/s241850073/igem2026/results/clipzyme_native_extension_v1/structures/af_v6/AF-A0A8K2A4B4-F1-model_v6.cif,1.0
3173,A0A8K2AHM7,/home/s241850073/igem2026/results/clipzyme_native_extension_v1/structures/af_v6/AF-A0A8K2AHM7-F1-model_v6.cif,1.0
3174,A0A8K2ANY1,/home/s241850073/igem2026/results/clipzyme_native_extension_v1/structures/af_v6/AF-A0A8K2ANY1-F1-model_v6.cif,0.99999994
3175,A0A8M8VG25,/home/s241850073/igem2026/results/clipzyme_native_extension_v1/structures/af_v6/AF-A0A8M8VG25-F1-model_v6.cif,0.99999994
3176,A0A8R7QIW7,/home/s241850073/igem2026/results/clipzyme_native_extension_v1/structures/af_v6/AF-A0A8R7QIW7-F1-model_v6.cif,1.0
3177,A0A8R7VCM9,/home/s241850073/igem2026/results/clipzyme_native_extension_v1/structures/af_v6/AF-A0A8R7VCM9-F1-model_v6.cif,0.99999994
3178,A0A8S0PPC1,/home/s241850073/igem2026/results/clipzyme_native_extension_v1/structures/af_v6/AF-A0A8S0PPC1-F1-model_v6.cif,1.0
3179,A0A8S0PPS8,/home/s241850073/igem2026/results/clipzyme_native_extension_v1/structures/af_v6/AF-A0A8S0PPS8-F1-model_v6.cif,0.99999994
3180,A0A8S0Q0R3,/home/s241850073/igem2026/results/clipzyme_native_extension_v1/structures/af_v6/AF-A0A8S0Q0R3-F1-model_v6.cif,1.0
3181,A0A8S0QL53,/home/s241850073/igem2026/results/clipzyme_native_extension_v1/structures/af_v6/AF-A0A8S0QL53-F1-model_v6.cif,1.0
3182,A0A8S0R9G3,/home/s241850073/igem2026/results/clipzyme_native_extension_v1/structures/af_v6/AF-A0A8S0R9G3-F1-model_v6.cif,1.0
3183,A0A8S0RE10,/home/s241850073/igem2026/results/clipzyme_native_extension_v1/structures/af_v6/AF-A0A8S0RE10-F1-model_v6.cif,1.0
3184,A0A8S0S4X1,/home/s241850073/igem2026/results/clipzyme_native_extension_v1/structures/af_v6/AF-A0A8S0S4X1-F1-model_v6.cif,0.99999994
3185,A0A8S0S9B8,/home/s241850073/igem2026/results/clipzyme_native_extension_v1/structures/af_v6/AF-A0A8S0S9B8-F1-model_v6.cif,1.0
3186,A0A8S0S9U2,/home/s241850073/igem2026/results/clipzyme_native_extension_v1/structures/af_v6/AF-A0A8S0S9U2-F1-model_v6.cif,0.99999994
3187,A0A8S0SDA4,/home/s241850073/igem2026/results/clipzyme_native_extension_v1/structures/af_v6/AF-A0A8S0SDA4-F1-model_v6.cif,1.0
3188,A0A8S0SMZ9,/home/s241850073/igem2026/results/clipzyme_native_extension_v1/structures/af_v6/AF-A0A8S0SMZ9-F1-model_v6.cif,1.0
3189,A0A8S0SQ74,/home/s241850073/igem2026/results/clipzyme_native_extension_v1/structures/af_v6/AF-A0A8S0SQ74-F1-model_v6.cif,1.0
3190,A0A8S0TG61,/home/s241850073/igem2026/results/clipzyme_native_extension_v1/structures/af_v6/AF-A0A8S0TG61-F1-model_v6.cif,1.0
3191,A0A8S0THR6,/home/s241850073/igem2026/results/clipzyme_native_extension_v1/structures/af_v6/AF-A0A8S0THR6-F1-model_v6.cif,1.0
3192,A0A8S0TJ16,/home/s241850073/igem2026/results/clipzyme_native_extension_v1/structures/af_v6/AF-A0A8S0TJ16-F1-model_v6.cif,1.0
3193,A0A8S0TLM4,/home/s241850073/igem2026/results/clipzyme_native_extension_v1/structures/af_v6/AF-A0A8S0TLM4-F1-model_v6.cif,1.0
3194,A0A8S0U099,/home/s241850073/igem2026/results/clipzyme_native_extension_v1/structures/af_v6/AF-A0A8S0U099-F1-model_v6.cif,0.99999994
3195,A0A8S0UEU8,/home/s241850073/igem2026/results/clipzyme_native_extension_v1/structures/af_v6/AF-A0A8S0UEU8-F1-model_v6.cif,1.0
3196,A0A8S0UN89,/home/s241850073/igem2026/results/clipzyme_native_extension_v1/structures/af_v6/AF-A0A8S0UN89-F1-model_v6.cif,1.0
3197,A0A8S0UPS0,/home/s241850073/igem2026/results/clipzyme_native_extension_v1/structures/af_v6/AF-A0A8S0UPS0-F1-model_v6.cif,1.0
3198,A0A8S0URH7,/home/s241850073/igem2026/results/clipzyme_native_extension_v1/structures/af_v6/AF-A0A8S0URH7-F1-model_v6.cif,0.99999994
3199,A0A8S0V1R4,/home/s241850073/igem2026/results/clipzyme_native_extension_v1/structures/af_v6/AF-A0A8S0V1R4-F1-model_v6.cif,1.0
3200,A0A8S0VAH2,/home/s241850073/igem2026/results/clipzyme_native_extension_v1/structures/af_v6/AF-A0A8S0VAH2-F1-model_v6.cif,0.99999994
3201,A0A8S1QFD8,/home/s241850073/igem2026/results/clipzyme_native_extension_v1/structures/af_v6/AF-A0A8S1QFD8-F1-model_v6.cif,1.0
3202,A0A8S1ZK41,/home/s241850073/igem2026/results/clipzyme_native_extension_v1/structures/af_v6/AF-A0A8S1ZK41-F1-model_v6.cif,1.0
3203,A0A8S1ZND7,/home/s241850073/igem2026/results/clipzyme_native_extension_v1/structures/af_v6/AF-A0A8S1ZND7-F1-model_v6.cif,0.99999994
3204,A0A8S1ZYZ6,/home/s241850073/igem2026/results/clipzyme_native_extension_v1/structures/af_v6/AF-A0A8S1ZYZ6-F1-model_v6.cif,0.99999994
3205,A0A8S1ZZK6,/home/s241850073/igem2026/results/clipzyme_native_extension_v1/structures/af_v6/AF-A0A8S1ZZK6-F1-model_v6.cif,1.0
3206,A0A8S2A2S0,/home/s241850073/igem2026/results/clipzyme_native_extension_v1/structures/af_v6/AF-A0A8S2A2S0-F1-model_v6.cif,1.0
3207,A0A8S2B4J0,/home/s241850073/igem2026/results/clipzyme_native_extension_v1/structures/af_v6/AF-A0A8S2B4J0-F1-model_v6.cif,0.9999999
3208,A0A8T0CK98,/home/s241850073/igem2026/results/clipzyme_native_extension_v1/structures/af_v6/AF-A0A8T0CK98-F1-model_v6.cif,1.0
3209,A0A8T0CPJ4,/home/s241850073/igem2026/results/clipzyme_native_extension_v1/structures/af_v6/AF-A0A8T0CPJ4-F1-model_v6.cif,0.9999999
3210,A0A8T0CPP2,/home/s241850073/igem2026/results/clipzyme_native_extension_v1/structures/af_v6/AF-A0A8T0CPP2-F1-model_v6.cif,0.99999994
3211,A0A8T0G6B5,/home/s241850073/igem2026/results/clipzyme_native_extension_v1/structures/af_v6/AF-A0A8T0G6B5-F1-model_v6.cif,1.0
3212,A0A8T0GFT1,/home/s241850073/igem2026/results/clipzyme_native_extension_v1/structures/af_v6/AF-A0A8T0GFT1-F1-model_v6.cif,1.0
3213,A0A8T0IF83,/home/s241850073/igem2026/results/clipzyme_native_extension_v1/structures/af_v6/AF-A0A8T0IF83-F1-model_v6.cif,1.0
3214,A0A8T0IL70,/home/s241850073/igem2026/results/clipzyme_native_extension_v1/structures/af_v6/AF-A0A8T0IL70-F1-model_v6.cif,1.0
3215,A0A8T0J057,/home/s241850073/igem2026/results/clipzyme_native_extension_v1/structures/af_v6/AF-A0A8T0J057-F1-model_v6.cif,1.0000001
3216,A0A8T0J5N2,/home/s241850073/igem2026/results/clipzyme_native_extension_v1/structures/af_v6/AF-A0A8T0J5N2-F1-model_v6.cif,0.99999994
3217,A0A8T0MSV1,/home/s241850073/igem2026/results/clipzyme_native_extension_v1/structures/af_v6/AF-A0A8T0MSV1-F1-model_v6.cif,0.99999994
3218,A0A8T0PGF2,/home/s241850073/igem2026/results/clipzyme_native_extension_v1/structures/af_v6/AF-A0A8T0PGF2-F1-model_v6.cif,1.0
3219,A0A8T0PV38,/home/s241850073/igem2026/results/clipzyme_native_extension_v1/structures/af_v6/AF-A0A8T0PV38-F1-model_v6.cif,1.0
3220,A0A8T0QU88,/home/s241850073/igem2026/results/clipzyme_native_extension_v1/structures/af_v6/AF-A0A8T0QU88-F1-model_v6.cif,1.0
3221,A0A8T0R7E3,/home/s241850073/igem2026/results/clipzyme_native_extension_v1/structures/af_v6/AF-A0A8T0R7E3-F1-model_v6.cif,0.99999994
3222,A0A8T0UIR0,/home/s241850073/igem2026/results/clipzyme_native_extension_v1/structures/af_v6/AF-A0A8T0UIR0-F1-model_v6.cif,1.0
3223,A0A8T0VB62,/home/s241850073/igem2026/results/clipzyme_native_extension_v1/structures/af_v6/AF-A0A8T0VB62-F1-model_v6.cif,1.0
3224,A0A8T0VD15,/home/s241850073/igem2026/results/clipzyme_native_extension_v1/structures/af_v6/AF-A0A8T0VD15-F1-model_v6.cif,0.99999994
3225,A0A8T0X213,/home/s241850073/igem2026/results/clipzyme_native_extension_v1/structures/af_v6/AF-A0A8T0X213-F1-model_v6.cif,1.0
3226,A0A8T1P5X7,/home/s241850073/igem2026/results/clipzyme_native_extension_v1/structures/af_v6/AF-A0A8T1P5X7-F1-model_v6.cif,0.99999994
3227,A0A8T1R967,/home/s241850073/igem2026/results/clipzyme_native_extension_v1/structures/af_v6/AF-A0A8T1R967-F1-model_v6.cif,1.0
3228,A0A8T1ZC59,/home/s241850073/igem2026/results/clipzyme_native_extension_v1/structures/af_v6/AF-A0A8T1ZC59-F1-model_v6.cif,1.0
3229,A0A8T2DK51,/home/s241850073/igem2026/results/clipzyme_native_extension_v1/structures/af_v6/AF-A0A8T2DK51-F1-model_v6.cif,1.0
3230,A0A8T2HAS9,/home/s241850073/igem2026/results/clipzyme_native_extension_v1/structures/af_v6/AF-A0A8T2HAS9-F1-model_v6.cif,1.0
3231,A0A8T2HF02,/home/s241850073/igem2026/results/clipzyme_native_extension_v1/structures/af_v6/AF-A0A8T2HF02-F1-model_v6.cif,1.0000001
3232,A0A8T2QK00,/home/s241850073/igem2026/results/clipzyme_native_extension_v1/structures/af_v6/AF-A0A8T2QK00-F1-model_v6.cif,1.0
3233,A0A8T2QT06,/home/s241850073/igem2026/results/clipzyme_native_extension_v1/structures/af_v6/AF-A0A8T2QT06-F1-model_v6.cif,1.0
3234,A0A8T2QT15,/home/s241850073/igem2026/results/clipzyme_native_extension_v1/structures/af_v6/AF-A0A8T2QT15-F1-model_v6.cif,1.0
3235,A0A8T2QUY4,/home/s241850073/igem2026/results/clipzyme_native_extension_v1/structures/af_v6/AF-A0A8T2QUY4-F1-model_v6.cif,1.0
3236,A0A8T2QV32,/home/s241850073/igem2026/results/clipzyme_native_extension_v1/structures/af_v6/AF-A0A8T2QV32-F1-model_v6.cif,0.99999994
3237,A0A8T2RWK7,/home/s241850073/igem2026/results/clipzyme_native_extension_v1/structures/af_v6/AF-A0A8T2RWK7-F1-model_v6.cif,1.0
3238,A0A8T2RYU0,/home/s241850073/igem2026/results/clipzyme_native_extension_v1/structures/af_v6/AF-A0A8T2RYU0-F1-model_v6.cif,0.99999994
3239,A0A8T2UE83,/home/s241850073/igem2026/results/clipzyme_native_extension_v1/structures/af_v6/AF-A0A8T2UE83-F1-model_v6.cif,1.0
3240,A0A8T2UE93,/home/s241850073/igem2026/results/clipzyme_native_extension_v1/structures/af_v6/AF-A0A8T2UE93-F1-model_v6.cif,1.0
3241,A0A8T2UET2,/home/s241850073/igem2026/results/clipzyme_native_extension_v1/structures/af_v6/AF-A0A8T2UET2-F1-model_v6.cif,1.0
3242,A0A8T2UI47,/home/s241850073/igem2026/results/clipzyme_native_extension_v1/structures/af_v6/AF-A0A8T2UI47-F1-model_v6.cif,1.0
3243,A0A8T2UKF5,/home/s241850073/igem2026/results/clipzyme_native_extension_v1/structures/af_v6/AF-A0A8T2UKF5-F1-model_v6.cif,0.99999994
3244,A0A8T2UMM0,/home/s241850073/igem2026/results/clipzyme_native_extension_v1/structures/af_v6/AF-A0A8T2UMM0-F1-model_v6.cif,1.0
3245,A0A8T2UN16,/home/s241850073/igem2026/results/clipzyme_native_extension_v1/structures/af_v6/AF-A0A8T2UN16-F1-model_v6.cif,1.0
3246,A0A8T2VB13,/home/s241850073/igem2026/results/clipzyme_native_extension_v1/structures/af_v6/AF-A0A8T2VB13-F1-model_v6.cif,1.0
3247,A0A8T2VBJ9,/home/s241850073/igem2026/results/clipzyme_native_extension_v1/structures/af_v6/AF-A0A8T2VBJ9-F1-model_v6.cif,1.0
3248,A0A8T2VD12,/home/s241850073/igem2026/results/clipzyme_native_extension_v1/structures/af_v6/AF-A0A8T2VD12-F1-model_v6.cif,1.0
3249,A0A8T2WTA8,/home/s241850073/igem2026/results/clipzyme_native_extension_v1/structures/af_v6/AF-A0A8T2WTA8-F1-model_v6.cif,1.0
3250,A0A8T2WUG3,/home/s241850073/igem2026/results/clipzyme_native_extension_v1/structures/af_v6/AF-A0A8T2WUG3-F1-model_v6.cif,1.0
3251,A0A8T2XV43,/home/s241850073/igem2026/results/clipzyme_native_extension_v1/structures/af_v6/AF-A0A8T2XV43-F1-model_v6.cif,1.0
3252,A0A8T2Y3C8,/home/s241850073/igem2026/results/clipzyme_native_extension_v1/structures/af_v6/AF-A0A8T2Y3C8-F1-model_v6.cif,0.99999994
3253,A0A8T2YBP7,/home/s241850073/igem2026/results/clipzyme_native_extension_v1/structures/af_v6/AF-A0A8T2YBP7-F1-model_v6.cif,0.99999994
3254,A0A8T2YBU6,/home/s241850073/igem2026/results/clipzyme_native_extension_v1/structures/af_v6/AF-A0A8T2YBU6-F1-model_v6.cif,1.0
3255,A0A8T2YS04,/home/s241850073/igem2026/results/clipzyme_native_extension_v1/structures/af_v6/AF-A0A8T2YS04-F1-model_v6.cif,1.0000001
3256,A0A8T2Z0Z1,/home/s241850073/igem2026/results/clipzyme_native_extension_v1/structures/af_v6/AF-A0A8T2Z0Z1-F1-model_v6.cif,1.0
3257,A0A8T2Z3Z7,/home/s241850073/igem2026/results/clipzyme_native_extension_v1/structures/af_v6/AF-A0A8T2Z3Z7-F1-model_v6.cif,1.0
3258,A0A8T3AA88,/home/s241850073/igem2026/results/clipzyme_native_extension_v1/structures/af_v6/AF-A0A8T3AA88-F1-model_v6.cif,1.0
3259,A0A8T3AAR4,/home/s241850073/igem2026/results/clipzyme_native_extension_v1/structures/af_v6/AF-A0A8T3AAR4-F1-model_v6.cif,0.99999994
3260,A0A8T3ANL0,/home/s241850073/igem2026/results/clipzyme_native_extension_v1/structures/af_v6/AF-A0A8T3ANL0-F1-model_v6.cif,1.0
3261,A0A8T3B1L2,/home/s241850073/igem2026/results/clipzyme_native_extension_v1/structures/af_v6/AF-A0A8T3B1L2-F1-model_v6.cif,1.0
3262,A0A8T3B9S4,/home/s241850073/igem2026/results/clipzyme_native_extension_v1/structures/af_v6/AF-A0A8T3B9S4-F1-model_v6.cif,1.0
3263,A0A8T3BB29,/home/s241850073/igem2026/results/clipzyme_native_extension_v1/structures/af_v6/AF-A0A8T3BB29-F1-model_v6.cif,1.0
3264,A0A8T3BKQ8,/home/s241850073/igem2026/results/clipzyme_native_extension_v1/structures/af_v6/AF-A0A8T3BKQ8-F1-model_v6.cif,1.0
3265,A0A8T3BPA9,/home/s241850073/igem2026/results/clipzyme_native_extension_v1/structures/af_v6/AF-A0A8T3BPA9-F1-model_v6.cif,0.9999999
3266,A0A8T3BWM3,/home/s241850073/igem2026/results/clipzyme_native_extension_v1/structures/af_v6/AF-A0A8T3BWM3-F1-model_v6.cif,1.0
3267,A0A8T3CAU7,/home/s241850073/igem2026/results/clipzyme_native_extension_v1/structures/af_v6/AF-A0A8T3CAU7-F1-model_v6.cif,1.0
3268,A0A8T4IT75,/home/s241850073/igem2026/results/clipzyme_native_extension_v1/structures/af_v6/AF-A0A8T4IT75-F1-model_v6.cif,0.99999994
3269,A0A8T4IWK1,/home/s241850073/igem2026/results/clipzyme_native_extension_v1/structures/af_v6/AF-A0A8T4IWK1-F1-model_v6.cif,1.0
3270,A0A8T4IWM5,/home/s241850073/igem2026/results/clipzyme_native_extension_v1/structures/af_v6/AF-A0A8T4IWM5-F1-model_v6.cif,1.0
3271,A0A8T4IX80,/home/s241850073/igem2026/results/clipzyme_native_extension_v1/structures/af_v6/AF-A0A8T4IX80-F1-model_v6.cif,1.0
3272,A0A8T5V013,/home/s241850073/igem2026/results/clipzyme_native_extension_v1/structures/af_v6/AF-A0A8T5V013-F1-model_v6.cif,1.0
3273,A0A8T9VVV6,/home/s241850073/igem2026/results/clipzyme_native_extension_v1/structures/af_v6/AF-A0A8T9VVV6-F1-model_v6.cif,1.0
3274,A0A8V1ABE9,/home/s241850073/igem2026/results/clipzyme_native_extension_v1/structures/af_v6/AF-A0A8V1ABE9-F1-model_v6.cif,1.0
3275,A0A8X7NW05,/home/s241850073/igem2026/results/clipzyme_native_extension_v1/structures/af_v6/AF-A0A8X7NW05-F1-model_v6.cif,1.0
3276,A0A8X7Q9Z2,/home/s241850073/igem2026/results/clipzyme_native_extension_v1/structures/af_v6/AF-A0A8X7Q9Z2-F1-model_v6.cif,1.0
3277,A0A8X7QJ38,/home/s241850073/igem2026/results/clipzyme_native_extension_v1/structures/af_v6/AF-A0A8X7QJ38-F1-model_v6.cif,0.9999999
3278,A0A8X7QS85,/home/s241850073/igem2026/results/clipzyme_native_extension_v1/structures/af_v6/AF-A0A8X7QS85-F1-model_v6.cif,1.0
3279,A0A8X7RZD0,/home/s241850073/igem2026/results/clipzyme_native_extension_v1/structures/af_v6/AF-A0A8X7RZD0-F1-model_v6.cif,1.0
3280,A0A8X7TFQ8,/home/s241850073/igem2026/results/clipzyme_native_extension_v1/structures/af_v6/AF-A0A8X7TFQ8-F1-model_v6.cif,1.0
3281,A0A8X7V876,/home/s241850073/igem2026/results/clipzyme_native_extension_v1/structures/af_v6/AF-A0A8X7V876-F1-model_v6.cif,1.0
3282,A0A8X7VXG8,/home/s241850073/igem2026/results/clipzyme_native_extension_v1/structures/af_v6/AF-A0A8X7VXG8-F1-model_v6.cif,0.99999994
3283,A0A8X7XSK3,/home/s241850073/igem2026/results/clipzyme_native_extension_v1/structures/af_v6/AF-A0A8X7XSK3-F1-model_v6.cif,0.99999994
3284,A0A8X7XSK8,/home/s241850073/igem2026/results/clipzyme_native_extension_v1/structures/af_v6/AF-A0A8X7XSK8-F1-model_v6.cif,0.99999994
3285,A0A8X7YG16,/home/s241850073/igem2026/results/clipzyme_native_extension_v1/structures/af_v6/AF-A0A8X7YG16-F1-model_v6.cif,1.0
3286,A0A8X7YM69,/home/s241850073/igem2026/results/clipzyme_native_extension_v1/structures/af_v6/AF-A0A8X7YM69-F1-model_v6.cif,0.99999994
3287,A0A8X7YQP5,/home/s241850073/igem2026/results/clipzyme_native_extension_v1/structures/af_v6/AF-A0A8X7YQP5-F1-model_v6.cif,1.0
3288,A0A8X7YSG8,/home/s241850073/igem2026/results/clipzyme_native_extension_v1/structures/af_v6/AF-A0A8X7YSG8-F1-model_v6.cif,1.0
3289,A0A8X7YTS8,/home/s241850073/igem2026/results/clipzyme_native_extension_v1/structures/af_v6/AF-A0A8X7YTS8-F1-model_v6.cif,0.99999994
3290,A0A8X7ZCT8,/home/s241850073/igem2026/results/clipzyme_native_extension_v1/structures/af_v6/AF-A0A8X7ZCT8-F1-model_v6.cif,0.99999994
3291,A0A8X7ZKI8,/home/s241850073/igem2026/results/clipzyme_native_extension_v1/structures/af_v6/AF-A0A8X7ZKI8-F1-model_v6.cif,0.99999994
3292,A0A8X7ZYB5,/home/s241850073/igem2026/results/clipzyme_native_extension_v1/structures/af_v6/AF-A0A8X7ZYB5-F1-model_v6.cif,1.0
3293,A0A8X8BXY5,/home/s241850073/igem2026/results/clipzyme_native_extension_v1/structures/af_v6/AF-A0A8X8BXY5-F1-model_v6.cif,1.0
3294,A0A8X8CIT8,/home/s241850073/igem2026/results/clipzyme_native_extension_v1/structures/af_v6/AF-A0A8X8CIT8-F1-model_v6.cif,1.0
3295,A0A8X8CQ60,/home/s241850073/igem2026/results/clipzyme_native_extension_v1/structures/af_v6/AF-A0A8X8CQ60-F1-model_v6.cif,1.0
3296,A0A8X8CYJ8,/home/s241850073/igem2026/results/clipzyme_native_extension_v1/structures/af_v6/AF-A0A8X8CYJ8-F1-model_v6.cif,1.0
3297,A0A8X8M4T9,/home/s241850073/igem2026/results/clipzyme_native_extension_v1/structures/af_v6/AF-A0A8X8M4T9-F1-model_v6.cif,1.0
3298,A0A8X8M4W6,/home/s241850073/igem2026/results/clipzyme_native_extension_v1/structures/af_v6/AF-A0A8X8M4W6-F1-model_v6.cif,1.0
3299,A0A8X8M501,/home/s241850073/igem2026/results/clipzyme_native_extension_v1/structures/af_v6/AF-A0A8X8M501-F1-model_v6.cif,1.0
3300,A0A8X8M505,/home/s241850073/igem2026/results/clipzyme_native_extension_v1/structures/af_v6/AF-A0A8X8M505-F1-model_v6.cif,0.99999994
3301,A0A8X8W4Q7,/home/s241850073/igem2026/results/clipzyme_native_extension_v1/structures/af_v6/AF-A0A8X8W4Q7-F1-model_v6.cif,1.0
3302,A0A8X8W6G9,/home/s241850073/igem2026/results/clipzyme_native_extension_v1/structures/af_v6/AF-A0A8X8W6G9-F1-model_v6.cif,1.0
3303,A0A8X8WA87,/home/s241850073/igem2026/results/clipzyme_native_extension_v1/structures/af_v6/AF-A0A8X8WA87-F1-model_v6.cif,1.0
3304,A0A8X8WAC9,/home/s241850073/igem2026/results/clipzyme_native_extension_v1/structures/af_v6/AF-A0A8X8WAC9-F1-model_v6.cif,0.99999994
3305,A0A8X8WAG4,/home/s241850073/igem2026/results/clipzyme_native_extension_v1/structures/af_v6/AF-A0A8X8WAG4-F1-model_v6.cif,1.0
3306,A0A8X8WCL8,/home/s241850073/igem2026/results/clipzyme_native_extension_v1/structures/af_v6/AF-A0A8X8WCL8-F1-model_v6.cif,0.99999994
3307,A0A8X8WEX9,/home/s241850073/igem2026/results/clipzyme_native_extension_v1/structures/af_v6/AF-A0A8X8WEX9-F1-model_v6.cif,0.99999994
3308,A0A8X8WG32,/home/s241850073/igem2026/results/clipzyme_native_extension_v1/structures/af_v6/AF-A0A8X8WG32-F1-model_v6.cif,1.0
3309,A0A8X8X2Y3,/home/s241850073/igem2026/results/clipzyme_native_extension_v1/structures/af_v6/AF-A0A8X8X2Y3-F1-model_v6.cif,0.9999999
3310,A0A8X8X6S8,/home/s241850073/igem2026/results/clipzyme_native_extension_v1/structures/af_v6/AF-A0A8X8X6S8-F1-model_v6.cif,0.99999994
3311,A0A8X8X8H0,/home/s241850073/igem2026/results/clipzyme_native_extension_v1/structures/af_v6/AF-A0A8X8X8H0-F1-model_v6.cif,1.0
3312,A0A8X8XGG2,/home/s241850073/igem2026/results/clipzyme_native_extension_v1/structures/af_v6/AF-A0A8X8XGG2-F1-model_v6.cif,1.0
3313,A0A8X8XM66,/home/s241850073/igem2026/results/clipzyme_native_extension_v1/structures/af_v6/AF-A0A8X8XM66-F1-model_v6.cif,0.99999994
3314,A0A8X8XP56,/home/s241850073/igem2026/results/clipzyme_native_extension_v1/structures/af_v6/AF-A0A8X8XP56-F1-model_v6.cif,1.0
3315,A0A8X8Y3X7,/home/s241850073/igem2026/results/clipzyme_native_extension_v1/structures/af_v6/AF-A0A8X8Y3X7-F1-model_v6.cif,1.0
3316,A0A8X8Y8R8,/home/s241850073/igem2026/results/clipzyme_native_extension_v1/structures/af_v6/AF-A0A8X8Y8R8-F1-model_v6.cif,1.0
3317,A0A8X8Y8S2,/home/s241850073/igem2026/results/clipzyme_native_extension_v1/structures/af_v6/AF-A0A8X8Y8S2-F1-model_v6.cif,1.0
3318,A0A8X8YG89,/home/s241850073/igem2026/results/clipzyme_native_extension_v1/structures/af_v6/AF-A0A8X8YG89-F1-model_v6.cif,0.99999994
3319,A0A8X8YG99,/home/s241850073/igem2026/results/clipzyme_native_extension_v1/structures/af_v6/AF-A0A8X8YG99-F1-model_v6.cif,1.0
3320,A0A8X8YGF5,/home/s241850073/igem2026/results/clipzyme_native_extension_v1/structures/af_v6/AF-A0A8X8YGF5-F1-model_v6.cif,0.99999994
3321,A0A8X8YGZ1,/home/s241850073/igem2026/results/clipzyme_native_extension_v1/structures/af_v6/AF-A0A8X8YGZ1-F1-model_v6.cif,1.0
3322,A0A8X8YLH7,/home/s241850073/igem2026/results/clipzyme_native_extension_v1/structures/af_v6/AF-A0A8X8YLH7-F1-model_v6.cif,1.0
3323,A0A8X8YNU7,/home/s241850073/igem2026/results/clipzyme_native_extension_v1/structures/af_v6/AF-A0A8X8YNU7-F1-model_v6.cif,1.0
3324,A0A8X8YU55,/home/s241850073/igem2026/results/clipzyme_native_extension_v1/structures/af_v6/AF-A0A8X8YU55-F1-model_v6.cif,1.0
3325,A0A8X8YY51,/home/s241850073/igem2026/results/clipzyme_native_extension_v1/structures/af_v6/AF-A0A8X8YY51-F1-model_v6.cif,0.99999994
3326,A0A8X8YZ29,/home/s241850073/igem2026/results/clipzyme_native_extension_v1/structures/af_v6/AF-A0A8X8YZ29-F1-model_v6.cif,1.0
3327,A0A8X8Z0Z6,/home/s241850073/igem2026/results/clipzyme_native_extension_v1/structures/af_v6/AF-A0A8X8Z0Z6-F1-model_v6.cif,1.0000001
3328,A0A8X8Z2Z7,/home/s241850073/igem2026/results/clipzyme_native_extension_v1/structures/af_v6/AF-A0A8X8Z2Z7-F1-model_v6.cif,0.99999994
3329,A0A8X8Z7S1,/home/s241850073/igem2026/results/clipzyme_native_extension_v1/structures/af_v6/AF-A0A8X8Z7S1-F1-model_v6.cif,1.0000001
3330,A0A8X8ZHH6,/home/s241850073/igem2026/results/clipzyme_native_extension_v1/structures/af_v6/AF-A0A8X8ZHH6-F1-model_v6.cif,1.0
3331,A0A8X8ZJZ6,/home/s241850073/igem2026/results/clipzyme_native_extension_v1/structures/af_v6/AF-A0A8X8ZJZ6-F1-model_v6.cif,1.0
3332,A0A8X8ZLA3,/home/s241850073/igem2026/results/clipzyme_native_extension_v1/structures/af_v6/AF-A0A8X8ZLA3-F1-model_v6.cif,1.0
3333,A0A8X8ZS89,/home/s241850073/igem2026/results/clipzyme_native_extension_v1/structures/af_v6/AF-A0A8X8ZS89-F1-model_v6.cif,1.0
3334,A0A8X8ZUY4,/home/s241850073/igem2026/results/clipzyme_native_extension_v1/structures/af_v6/AF-A0A8X8ZUY4-F1-model_v6.cif,0.99999994
3335,A0A8X8ZYV4,/home/s241850073/igem2026/results/clipzyme_native_extension_v1/structures/af_v6/AF-A0A8X8ZYV4-F1-model_v6.cif,1.0
3336,A0A8X9A241,/home/s241850073/igem2026/results/clipzyme_native_extension_v1/structures/af_v6/AF-A0A8X9A241-F1-model_v6.cif,1.0
3337,A0A8X9AA47,/home/s241850073/igem2026/results/clipzyme_native_extension_v1/structures/af_v6/AF-A0A8X9AA47-F1-model_v6.cif,0.99999994
3338,A0A8X9ABK3,/home/s241850073/igem2026/results/clipzyme_native_extension_v1/structures/af_v6/AF-A0A8X9ABK3-F1-model_v6.cif,1.0
3339,A0A916DRG5,/home/s241850073/igem2026/results/clipzyme_native_extension_v1/structures/af_v6/AF-A0A916DRG5-F1-model_v6.cif,0.9999999
3340,A0A917NRJ8,/home/s241850073/igem2026/results/clipzyme_native_extension_v1/structures/af_v6/AF-A0A917NRJ8-F1-model_v6.cif,1.0
3341,A0A917SZB3,/home/s241850073/igem2026/results/clipzyme_native_extension_v1/structures/af_v6/AF-A0A917SZB3-F1-model_v6.cif,1.0
3342,A0A917U5T7,/home/s241850073/igem2026/results/clipzyme_native_extension_v1/structures/af_v6/AF-A0A917U5T7-F1-model_v6.cif,0.99999994
3343,A0A917ZLZ5,/home/s241850073/igem2026/results/clipzyme_native_extension_v1/structures/af_v6/AF-A0A917ZLZ5-F1-model_v6.cif,1.0
3344,A0A917ZSY6,/home/s241850073/igem2026/results/clipzyme_native_extension_v1/structures/af_v6/AF-A0A917ZSY6-F1-model_v6.cif,1.0
3345,A0A917ZT94,/home/s241850073/igem2026/results/clipzyme_native_extension_v1/structures/af_v6/AF-A0A917ZT94-F1-model_v6.cif,1.0
3346,A0A918BJ93,/home/s241850073/igem2026/results/clipzyme_native_extension_v1/structures/af_v6/AF-A0A918BJ93-F1-model_v6.cif,1.0
3347,A0A918E1K3,/home/s241850073/igem2026/results/clipzyme_native_extension_v1/structures/af_v6/AF-A0A918E1K3-F1-model_v6.cif,0.99999994
3348,A0A918I5S6,/home/s241850073/igem2026/results/clipzyme_native_extension_v1/structures/af_v6/AF-A0A918I5S6-F1-model_v6.cif,1.0
3349,A0A918QI01,/home/s241850073/igem2026/results/clipzyme_native_extension_v1/structures/af_v6/AF-A0A918QI01-F1-model_v6.cif,1.0
3350,A0A918QIN0,/home/s241850073/igem2026/results/clipzyme_native_extension_v1/structures/af_v6/AF-A0A918QIN0-F1-model_v6.cif,1.0
3351,A0A918UG19,/home/s241850073/igem2026/results/clipzyme_native_extension_v1/structures/af_v6/AF-A0A918UG19-F1-model_v6.cif,1.0
3352,A0A918UV67,/home/s241850073/igem2026/results/clipzyme_native_extension_v1/structures/af_v6/AF-A0A918UV67-F1-model_v6.cif,1.0
3353,A0A918YP71,/home/s241850073/igem2026/results/clipzyme_native_extension_v1/structures/af_v6/AF-A0A918YP71-F1-model_v6.cif,1.0
3354,A0A918YQ92,/home/s241850073/igem2026/results/clipzyme_native_extension_v1/structures/af_v6/AF-A0A918YQ92-F1-model_v6.cif,0.99999994
3355,A0A918YRN7,/home/s241850073/igem2026/results/clipzyme_native_extension_v1/structures/af_v6/AF-A0A918YRN7-F1-model_v6.cif,1.0
3356,A0A918YUM0,/home/s241850073/igem2026/results/clipzyme_native_extension_v1/structures/af_v6/AF-A0A918YUM0-F1-model_v6.cif,1.0
3357,A0A918Z9J3,/home/s241850073/igem2026/results/clipzyme_native_extension_v1/structures/af_v6/AF-A0A918Z9J3-F1-model_v6.cif,1.0
3358,A0A918ZWU4,/home/s241850073/igem2026/results/clipzyme_native_extension_v1/structures/af_v6/AF-A0A918ZWU4-F1-model_v6.cif,1.0
3359,A0A919A0J7,/home/s241850073/igem2026/results/clipzyme_native_extension_v1/structures/af_v6/AF-A0A919A0J7-F1-model_v6.cif,0.99999994
3360,A0A919AC27,/home/s241850073/igem2026/results/clipzyme_native_extension_v1/structures/af_v6/AF-A0A919AC27-F1-model_v6.cif,0.99999994
3361,A0A919ADU9,/home/s241850073/igem2026/results/clipzyme_native_extension_v1/structures/af_v6/AF-A0A919ADU9-F1-model_v6.cif,0.99999994
3362,A0A919ASU9,/home/s241850073/igem2026/results/clipzyme_native_extension_v1/structures/af_v6/AF-A0A919ASU9-F1-model_v6.cif,1.0
3363,A0A919B8L0,/home/s241850073/igem2026/results/clipzyme_native_extension_v1/structures/af_v6/AF-A0A919B8L0-F1-model_v6.cif,0.99999994
3364,A0A919D7F1,/home/s241850073/igem2026/results/clipzyme_native_extension_v1/structures/af_v6/AF-A0A919D7F1-F1-model_v6.cif,1.0
3365,A0A919DSF9,/home/s241850073/igem2026/results/clipzyme_native_extension_v1/structures/af_v6/AF-A0A919DSF9-F1-model_v6.cif,1.0
3366,A0A919JK80,/home/s241850073/igem2026/results/clipzyme_native_extension_v1/structures/af_v6/AF-A0A919JK80-F1-model_v6.cif,1.0
3367,A0A919PIF4,/home/s241850073/igem2026/results/clipzyme_native_extension_v1/structures/af_v6/AF-A0A919PIF4-F1-model_v6.cif,1.0
3368,A0A919PNI9,/home/s241850073/igem2026/results/clipzyme_native_extension_v1/structures/af_v6/AF-A0A919PNI9-F1-model_v6.cif,1.0
3369,A0A919QG18,/home/s241850073/igem2026/results/clipzyme_native_extension_v1/structures/af_v6/AF-A0A919QG18-F1-model_v6.cif,1.0
3370,A0A919RLN4,/home/s241850073/igem2026/results/clipzyme_native_extension_v1/structures/af_v6/AF-A0A919RLN4-F1-model_v6.cif,1.0
3371,A0A919RMQ3,/home/s241850073/igem2026/results/clipzyme_native_extension_v1/structures/af_v6/AF-A0A919RMQ3-F1-model_v6.cif,0.99999994
3372,A0A919VRN7,/home/s241850073/igem2026/results/clipzyme_native_extension_v1/structures/af_v6/AF-A0A919VRN7-F1-model_v6.cif,1.0
3373,A0A922I0U3,/home/s241850073/igem2026/results/clipzyme_native_extension_v1/structures/af_v6/AF-A0A922I0U3-F1-model_v6.cif,1.0
3374,A0A926DBQ2,/home/s241850073/igem2026/results/clipzyme_native_extension_v1/structures/af_v6/AF-A0A926DBQ2-F1-model_v6.cif,1.0
3375,A0A926Q1Y7,/home/s241850073/igem2026/results/clipzyme_native_extension_v1/structures/af_v6/AF-A0A926Q1Y7-F1-model_v6.cif,1.0
3376,A0A926RTJ1,/home/s241850073/igem2026/results/clipzyme_native_extension_v1/structures/af_v6/AF-A0A926RTJ1-F1-model_v6.cif,1.0000001
3377,A0A934RE91,/home/s241850073/igem2026/results/clipzyme_native_extension_v1/structures/af_v6/AF-A0A934RE91-F1-model_v6.cif,1.0
3378,A0A934RNH6,/home/s241850073/igem2026/results/clipzyme_native_extension_v1/structures/af_v6/AF-A0A934RNH6-F1-model_v6.cif,1.0
3379,A0A937RFU9,/home/s241850073/igem2026/results/clipzyme_native_extension_v1/structures/af_v6/AF-A0A937RFU9-F1-model_v6.cif,1.0
3380,A0A937RPJ6,/home/s241850073/igem2026/results/clipzyme_native_extension_v1/structures/af_v6/AF-A0A937RPJ6-F1-model_v6.cif,1.0
3381,A0A940MGG8,/home/s241850073/igem2026/results/clipzyme_native_extension_v1/structures/af_v6/AF-A0A940MGG8-F1-model_v6.cif,1.0
3382,A0A940MKZ0,/home/s241850073/igem2026/results/clipzyme_native_extension_v1/structures/af_v6/AF-A0A940MKZ0-F1-model_v6.cif,1.0
3383,A0A941E7L1,/home/s241850073/igem2026/results/clipzyme_native_extension_v1/structures/af_v6/AF-A0A941E7L1-F1-model_v6.cif,1.0
3384,A0A941F9I4,/home/s241850073/igem2026/results/clipzyme_native_extension_v1/structures/af_v6/AF-A0A941F9I4-F1-model_v6.cif,1.0
3385,A0A956YA26,/home/s241850073/igem2026/results/clipzyme_native_extension_v1/structures/af_v6/AF-A0A956YA26-F1-model_v6.cif,1.0
3386,A0A972NP25,/home/s241850073/igem2026/results/clipzyme_native_extension_v1/structures/af_v6/AF-A0A972NP25-F1-model_v6.cif,1.0
3387,A0A976YI25,/home/s241850073/igem2026/results/clipzyme_native_extension_v1/structures/af_v6/AF-A0A976YI25-F1-model_v6.cif,1.0
3388,A0A977Q548,/home/s241850073/igem2026/results/clipzyme_native_extension_v1/structures/af_v6/AF-A0A977Q548-F1-model_v6.cif,0.99999994
3389,A0A977Q563,/home/s241850073/igem2026/results/clipzyme_native_extension_v1/structures/af_v6/AF-A0A977Q563-F1-model_v6.cif,0.99999994
3390,A0A977T6Z4,/home/s241850073/igem2026/results/clipzyme_native_extension_v1/structures/af_v6/AF-A0A977T6Z4-F1-model_v6.cif,1.0
3391,A0A977T773,/home/s241850073/igem2026/results/clipzyme_native_extension_v1/structures/af_v6/AF-A0A977T773-F1-model_v6.cif,0.99999994
3392,A0A977TDY0,/home/s241850073/igem2026/results/clipzyme_native_extension_v1/structures/af_v6/AF-A0A977TDY0-F1-model_v6.cif,1.0
3393,A0A977XKH3,/home/s241850073/igem2026/results/clipzyme_native_extension_v1/structures/af_v6/AF-A0A977XKH3-F1-model_v6.cif,1.0
3394,A0A977XKM8,/home/s241850073/igem2026/results/clipzyme_native_extension_v1/structures/af_v6/AF-A0A977XKM8-F1-model_v6.cif,0.99999994
3395,A0A977XLF8,/home/s241850073/igem2026/results/clipzyme_native_extension_v1/structures/af_v6/AF-A0A977XLF8-F1-model_v6.cif,1.0000001
3396,A0A977XPU5,/home/s241850073/igem2026/results/clipzyme_native_extension_v1/structures/af_v6/AF-A0A977XPU5-F1-model_v6.cif,0.99999994
3397,A0A979G5X7,/home/s241850073/igem2026/results/clipzyme_native_extension_v1/structures/af_v6/AF-A0A979G5X7-F1-model_v6.cif,0.99999994
3398,A0A979G646,/home/s241850073/igem2026/results/clipzyme_native_extension_v1/structures/af_v6/AF-A0A979G646-F1-model_v6.cif,1.0
3399,A0A979HMR7,/home/s241850073/igem2026/results/clipzyme_native_extension_v1/structures/af_v6/AF-A0A979HMR7-F1-model_v6.cif,1.0
3400,A0A9D3UVQ0,/home/s241850073/igem2026/results/clipzyme_native_extension_v1/structures/af_v6/AF-A0A9D3UVQ0-F1-model_v6.cif,1.0
3401,A0A9D3VGB2,/home/s241850073/igem2026/results/clipzyme_native_extension_v1/structures/af_v6/AF-A0A9D3VGB2-F1-model_v6.cif,1.0
3402,A0A9D4A3V5,/home/s241850073/igem2026/results/clipzyme_native_extension_v1/structures/af_v6/AF-A0A9D4A3V5-F1-model_v6.cif,0.99999994
3403,A0A9D4A447,/home/s241850073/igem2026/results/clipzyme_native_extension_v1/structures/af_v6/AF-A0A9D4A447-F1-model_v6.cif,1.0
3404,A0A9D4U9G0,/home/s241850073/igem2026/results/clipzyme_native_extension_v1/structures/af_v6/AF-A0A9D4U9G0-F1-model_v6.cif,1.0
3405,A0A9D4UG20,/home/s241850073/igem2026/results/clipzyme_native_extension_v1/structures/af_v6/AF-A0A9D4UG20-F1-model_v6.cif,1.0
3406,A0A9D4UKG9,/home/s241850073/igem2026/results/clipzyme_native_extension_v1/structures/af_v6/AF-A0A9D4UKG9-F1-model_v6.cif,1.0
3407,A0A9D4V677,/home/s241850073/igem2026/results/clipzyme_native_extension_v1/structures/af_v6/AF-A0A9D4V677-F1-model_v6.cif,1.0
3408,A0A9D4VLU8,/home/s241850073/igem2026/results/clipzyme_native_extension_v1/structures/af_v6/AF-A0A9D4VLU8-F1-model_v6.cif,1.0
3409,A0A9D4VM45,/home/s241850073/igem2026/results/clipzyme_native_extension_v1/structures/af_v6/AF-A0A9D4VM45-F1-model_v6.cif,1.0
3410,A0A9D4VN83,/home/s241850073/igem2026/results/clipzyme_native_extension_v1/structures/af_v6/AF-A0A9D4VN83-F1-model_v6.cif,1.0
3411,A0A9D4VPE2,/home/s241850073/igem2026/results/clipzyme_native_extension_v1/structures/af_v6/AF-A0A9D4VPE2-F1-model_v6.cif,1.0
3412,A0A9D4VUJ1,/home/s241850073/igem2026/results/clipzyme_native_extension_v1/structures/af_v6/AF-A0A9D4VUJ1-F1-model_v6.cif,1.0
3413,A0A9D4VUM6,/home/s241850073/igem2026/results/clipzyme_native_extension_v1/structures/af_v6/AF-A0A9D4VUM6-F1-model_v6.cif,1.0
3414,A0A9D4VWR7,/home/s241850073/igem2026/results/clipzyme_native_extension_v1/structures/af_v6/AF-A0A9D4VWR7-F1-model_v6.cif,1.0
3415,A0A9D4W952,/home/s241850073/igem2026/results/clipzyme_native_extension_v1/structures/af_v6/AF-A0A9D4W952-F1-model_v6.cif,0.99999994
3416,A0A9D4WB02,/home/s241850073/igem2026/results/clipzyme_native_extension_v1/structures/af_v6/AF-A0A9D4WB02-F1-model_v6.cif,1.0
3417,A0A9D4X364,/home/s241850073/igem2026/results/clipzyme_native_extension_v1/structures/af_v6/AF-A0A9D4X364-F1-model_v6.cif,1.0
3418,A0A9D4X5W2,/home/s241850073/igem2026/results/clipzyme_native_extension_v1/structures/af_v6/AF-A0A9D4X5W2-F1-model_v6.cif,1.0
3419,A0A9D4XLS4,/home/s241850073/igem2026/results/clipzyme_native_extension_v1/structures/af_v6/AF-A0A9D4XLS4-F1-model_v6.cif,1.0
3420,A0A9D4XVQ2,/home/s241850073/igem2026/results/clipzyme_native_extension_v1/structures/af_v6/AF-A0A9D4XVQ2-F1-model_v6.cif,0.99999994
3421,A0A9D4YDM1,/home/s241850073/igem2026/results/clipzyme_native_extension_v1/structures/af_v6/AF-A0A9D4YDM1-F1-model_v6.cif,0.9999999
3422,A0A9D4Z5S1,/home/s241850073/igem2026/results/clipzyme_native_extension_v1/structures/af_v6/AF-A0A9D4Z5S1-F1-model_v6.cif,1.0
3423,A0A9D4Z7E0,/home/s241850073/igem2026/results/clipzyme_native_extension_v1/structures/af_v6/AF-A0A9D4Z7E0-F1-model_v6.cif,1.0
3424,A0A9D4ZI63,/home/s241850073/igem2026/results/clipzyme_native_extension_v1/structures/af_v6/AF-A0A9D4ZI63-F1-model_v6.cif,0.99999994
3425,A0A9D4ZIR9,/home/s241850073/igem2026/results/clipzyme_native_extension_v1/structures/af_v6/AF-A0A9D4ZIR9-F1-model_v6.cif,0.99999994
3426,A0A9D4ZV69,/home/s241850073/igem2026/results/clipzyme_native_extension_v1/structures/af_v6/AF-A0A9D4ZV69-F1-model_v6.cif,1.0
3427,A0A9D5A007,/home/s241850073/igem2026/results/clipzyme_native_extension_v1/structures/af_v6/AF-A0A9D5A007-F1-model_v6.cif,1.0
3428,A0A9D5B9M3,/home/s241850073/igem2026/results/clipzyme_native_extension_v1/structures/af_v6/AF-A0A9D5B9M3-F1-model_v6.cif,0.99999994
3429,A0A9D5BBA9,/home/s241850073/igem2026/results/clipzyme_native_extension_v1/structures/af_v6/AF-A0A9D5BBA9-F1-model_v6.cif,1.0
3430,A0A9D5BDZ2,/home/s241850073/igem2026/results/clipzyme_native_extension_v1/structures/af_v6/AF-A0A9D5BDZ2-F1-model_v6.cif,1.0000001
3431,A0A9D5BEF6,/home/s241850073/igem2026/results/clipzyme_native_extension_v1/structures/af_v6/AF-A0A9D5BEF6-F1-model_v6.cif,1.0
3432,A0A9D5BWW8,/home/s241850073/igem2026/results/clipzyme_native_extension_v1/structures/af_v6/AF-A0A9D5BWW8-F1-model_v6.cif,1.0
3433,A0A9D5C3I9,/home/s241850073/igem2026/results/clipzyme_native_extension_v1/structures/af_v6/AF-A0A9D5C3I9-F1-model_v6.cif,0.99999994
3434,A0A9D5C3K2,/home/s241850073/igem2026/results/clipzyme_native_extension_v1/structures/af_v6/AF-A0A9D5C3K2-F1-model_v6.cif,1.0
3435,A0A9D5C8T5,/home/s241850073/igem2026/results/clipzyme_native_extension_v1/structures/af_v6/AF-A0A9D5C8T5-F1-model_v6.cif,1.0
3436,A0A9D5C913,/home/s241850073/igem2026/results/clipzyme_native_extension_v1/structures/af_v6/AF-A0A9D5C913-F1-model_v6.cif,1.0
3437,A0A9D5CKV0,/home/s241850073/igem2026/results/clipzyme_native_extension_v1/structures/af_v6/AF-A0A9D5CKV0-F1-model_v6.cif,1.0
3438,A0A9D5D2U9,/home/s241850073/igem2026/results/clipzyme_native_extension_v1/structures/af_v6/AF-A0A9D5D2U9-F1-model_v6.cif,0.99999994
3439,A0A9D5D2Z2,/home/s241850073/igem2026/results/clipzyme_native_extension_v1/structures/af_v6/AF-A0A9D5D2Z2-F1-model_v6.cif,1.0
3440,A0A9D5H0Q7,/home/s241850073/igem2026/results/clipzyme_native_extension_v1/structures/af_v6/AF-A0A9D5H0Q7-F1-model_v6.cif,0.9999999
3441,A0A9E7F4C7,/home/s241850073/igem2026/results/clipzyme_native_extension_v1/structures/af_v6/AF-A0A9E7F4C7-F1-model_v6.cif,1.0
3442,A0A9E7FHZ3,/home/s241850073/igem2026/results/clipzyme_native_extension_v1/structures/af_v6/AF-A0A9E7FHZ3-F1-model_v6.cif,1.0
3443,A0A9E7GJN2,/home/s241850073/igem2026/results/clipzyme_native_extension_v1/structures/af_v6/AF-A0A9E7GJN2-F1-model_v6.cif,0.99999994
3444,A0A9E7GQL0,/home/s241850073/igem2026/results/clipzyme_native_extension_v1/structures/af_v6/AF-A0A9E7GQL0-F1-model_v6.cif,1.0
3445,A0A9E7GQN4,/home/s241850073/igem2026/results/clipzyme_native_extension_v1/structures/af_v6/AF-A0A9E7GQN4-F1-model_v6.cif,0.99999994
3446,A0A9E7GRK3,/home/s241850073/igem2026/results/clipzyme_native_extension_v1/structures/af_v6/AF-A0A9E7GRK3-F1-model_v6.cif,1.0
3447,A0A9E7GY38,/home/s241850073/igem2026/results/clipzyme_native_extension_v1/structures/af_v6/AF-A0A9E7GY38-F1-model_v6.cif,0.99999994
3448,A0A9E7GZE8,/home/s241850073/igem2026/results/clipzyme_native_extension_v1/structures/af_v6/AF-A0A9E7GZE8-F1-model_v6.cif,1.0
3449,A0A9E7GZY4,/home/s241850073/igem2026/results/clipzyme_native_extension_v1/structures/af_v6/AF-A0A9E7GZY4-F1-model_v6.cif,0.99999994
3450,A0A9E7H0L0,/home/s241850073/igem2026/results/clipzyme_native_extension_v1/structures/af_v6/AF-A0A9E7H0L0-F1-model_v6.cif,1.0
3451,A0A9E7H2Y1,/home/s241850073/igem2026/results/clipzyme_native_extension_v1/structures/af_v6/AF-A0A9E7H2Y1-F1-model_v6.cif,1.0
3452,A0A9E7JVA6,/home/s241850073/igem2026/results/clipzyme_native_extension_v1/structures/af_v6/AF-A0A9E7JVA6-F1-model_v6.cif,0.99999994
3453,A0A9E7KKM4,/home/s241850073/igem2026/results/clipzyme_native_extension_v1/structures/af_v6/AF-A0A9E7KKM4-F1-model_v6.cif,1.0
3454,A0A9E7KLE6,/home/s241850073/igem2026/results/clipzyme_native_extension_v1/structures/af_v6/AF-A0A9E7KLE6-F1-model_v6.cif,0.99999994
3455,A0A9F2R035,/home/s241850073/igem2026/results/clipzyme_native_extension_v1/structures/af_v6/AF-A0A9F2R035-F1-model_v6.cif,1.0
3456,A0A9J5W7P8,/home/s241850073/igem2026/results/clipzyme_native_extension_v1/structures/af_v6/AF-A0A9J5W7P8-F1-model_v6.cif,0.99999994
3457,A0A9J5WEK7,/home/s241850073/igem2026/results/clipzyme_native_extension_v1/structures/af_v6/AF-A0A9J5WEK7-F1-model_v6.cif,1.0
3458,A0A9J5WHH8,/home/s241850073/igem2026/results/clipzyme_native_extension_v1/structures/af_v6/AF-A0A9J5WHH8-F1-model_v6.cif,0.99999994
3459,A0A9J5WS75,/home/s241850073/igem2026/results/clipzyme_native_extension_v1/structures/af_v6/AF-A0A9J5WS75-F1-model_v6.cif,1.0
3460,A0A9J5WTZ3,/home/s241850073/igem2026/results/clipzyme_native_extension_v1/structures/af_v6/AF-A0A9J5WTZ3-F1-model_v6.cif,1.0
3461,A0A9J5XLI4,/home/s241850073/igem2026/results/clipzyme_native_extension_v1/structures/af_v6/AF-A0A9J5XLI4-F1-model_v6.cif,0.99999994
3462,A0A9J5XPA5,/home/s241850073/igem2026/results/clipzyme_native_extension_v1/structures/af_v6/AF-A0A9J5XPA5-F1-model_v6.cif,0.99999994
3463,A0A9J5Y9J7,/home/s241850073/igem2026/results/clipzyme_native_extension_v1/structures/af_v6/AF-A0A9J5Y9J7-F1-model_v6.cif,1.0
3464,A0A9J5YA50,/home/s241850073/igem2026/results/clipzyme_native_extension_v1/structures/af_v6/AF-A0A9J5YA50-F1-model_v6.cif,1.0
3465,A0A9J5YK35,/home/s241850073/igem2026/results/clipzyme_native_extension_v1/structures/af_v6/AF-A0A9J5YK35-F1-model_v6.cif,0.99999994
3466,A0A9J5YMX9,/home/s241850073/igem2026/results/clipzyme_native_extension_v1/structures/af_v6/AF-A0A9J5YMX9-F1-model_v6.cif,1.0
3467,A0A9J5YPT5,/home/s241850073/igem2026/results/clipzyme_native_extension_v1/structures/af_v6/AF-A0A9J5YPT5-F1-model_v6.cif,1.0
3468,A0A9J5YQB9,/home/s241850073/igem2026/results/clipzyme_native_extension_v1/structures/af_v6/AF-A0A9J5YQB9-F1-model_v6.cif,1.0
3469,A0A9J5ZJ64,/home/s241850073/igem2026/results/clipzyme_native_extension_v1/structures/af_v6/AF-A0A9J5ZJ64-F1-model_v6.cif,1.0
3470,A0A9J5ZVN0,/home/s241850073/igem2026/results/clipzyme_native_extension_v1/structures/af_v6/AF-A0A9J5ZVN0-F1-model_v6.cif,1.0
3471,A0A9J6AL87,/home/s241850073/igem2026/results/clipzyme_native_extension_v1/structures/af_v6/AF-A0A9J6AL87-F1-model_v6.cif,0.99999994
3472,A0A9J6ALY6,/home/s241850073/igem2026/results/clipzyme_native_extension_v1/structures/af_v6/AF-A0A9J6ALY6-F1-model_v6.cif,0.99999994
3473,A0A9J6AMK9,/home/s241850073/igem2026/results/clipzyme_native_extension_v1/structures/af_v6/AF-A0A9J6AMK9-F1-model_v6.cif,1.0
3474,A0A9J6AP89,/home/s241850073/igem2026/results/clipzyme_native_extension_v1/structures/af_v6/AF-A0A9J6AP89-F1-model_v6.cif,1.0
3475,A0A9J6PI75,/home/s241850073/igem2026/results/clipzyme_native_extension_v1/structures/af_v6/AF-A0A9J6PI75-F1-model_v6.cif,0.99999994
3476,A0A9K3DF77,/home/s241850073/igem2026/results/clipzyme_native_extension_v1/structures/af_v6/AF-A0A9K3DF77-F1-model_v6.cif,0.99999994
3477,A0A9K3H1Y4,/home/s241850073/igem2026/results/clipzyme_native_extension_v1/structures/af_v6/AF-A0A9K3H1Y4-F1-model_v6.cif,1.0
3478,A0A9K3N996,/home/s241850073/igem2026/results/clipzyme_native_extension_v1/structures/af_v6/AF-A0A9K3N996-F1-model_v6.cif,1.0
3479,A0A9N7LU11,/home/s241850073/igem2026/results/clipzyme_native_extension_v1/structures/af_v6/AF-A0A9N7LU11-F1-model_v6.cif,0.99999994
3480,A0A9N7MN31,/home/s241850073/igem2026/results/clipzyme_native_extension_v1/structures/af_v6/AF-A0A9N7MN31-F1-model_v6.cif,1.0
3481,A0A9N7P1J9,/home/s241850073/igem2026/results/clipzyme_native_extension_v1/structures/af_v6/AF-A0A9N7P1J9-F1-model_v6.cif,1.0
3482,A0A9N8DTE1,/home/s241850073/igem2026/results/clipzyme_native_extension_v1/structures/af_v6/AF-A0A9N8DTE1-F1-model_v6.cif,0.99999994
3483,A0A9N8YQM2,/home/s241850073/igem2026/results/clipzyme_native_extension_v1/structures/af_v6/AF-A0A9N8YQM2-F1-model_v6.cif,1.0
3484,A0A9N9A045,/home/s241850073/igem2026/results/clipzyme_native_extension_v1/structures/af_v6/AF-A0A9N9A045-F1-model_v6.cif,0.99999994
3485,A0A9N9A129,/home/s241850073/igem2026/results/clipzyme_native_extension_v1/structures/af_v6/AF-A0A9N9A129-F1-model_v6.cif,1.0
3486,A0A9N9EWQ8,/home/s241850073/igem2026/results/clipzyme_native_extension_v1/structures/af_v6/AF-A0A9N9EWQ8-F1-model_v6.cif,1.0
3487,A0A9N9KN69,/home/s241850073/igem2026/results/clipzyme_native_extension_v1/structures/af_v6/AF-A0A9N9KN69-F1-model_v6.cif,1.0
3488,A0A9N9KVM1,/home/s241850073/igem2026/results/clipzyme_native_extension_v1/structures/af_v6/AF-A0A9N9KVM1-F1-model_v6.cif,1.0
3489,A0A9N9U0H4,/home/s241850073/igem2026/results/clipzyme_native_extension_v1/structures/af_v6/AF-A0A9N9U0H4-F1-model_v6.cif,1.0
3490,A0A9N9U3U1,/home/s241850073/igem2026/results/clipzyme_native_extension_v1/structures/af_v6/AF-A0A9N9U3U1-F1-model_v6.cif,1.0
3491,A0A9N9U9M2,/home/s241850073/igem2026/results/clipzyme_native_extension_v1/structures/af_v6/AF-A0A9N9U9M2-F1-model_v6.cif,1.0
3492,A0A9N9V8I9,/home/s241850073/igem2026/results/clipzyme_native_extension_v1/structures/af_v6/AF-A0A9N9V8I9-F1-model_v6.cif,1.0000001
3493,A0A9N9VPC0,/home/s241850073/igem2026/results/clipzyme_native_extension_v1/structures/af_v6/AF-A0A9N9VPC0-F1-model_v6.cif,1.0
3494,A0A9N9XTG7,/home/s241850073/igem2026/results/clipzyme_native_extension_v1/structures/af_v6/AF-A0A9N9XTG7-F1-model_v6.cif,1.0
3495,A0A9N9ZG77,/home/s241850073/igem2026/results/clipzyme_native_extension_v1/structures/af_v6/AF-A0A9N9ZG77-F1-model_v6.cif,1.0
3496,A0A9P0A2X7,/home/s241850073/igem2026/results/clipzyme_native_extension_v1/structures/af_v6/AF-A0A9P0A2X7-F1-model_v6.cif,1.0
3497,A0A9P0A395,/home/s241850073/igem2026/results/clipzyme_native_extension_v1/structures/af_v6/AF-A0A9P0A395-F1-model_v6.cif,0.99999994
3498,A0A9P0A6U0,/home/s241850073/igem2026/results/clipzyme_native_extension_v1/structures/af_v6/AF-A0A9P0A6U0-F1-model_v6.cif,0.99999994
3499,A0A9P0AIW7,/home/s241850073/igem2026/results/clipzyme_native_extension_v1/structures/af_v6/AF-A0A9P0AIW7-F1-model_v6.cif,0.99999994
3500,A0A9P0CDF9,/home/s241850073/igem2026/results/clipzyme_native_extension_v1/structures/af_v6/AF-A0A9P0CDF9-F1-model_v6.cif,1.0
3501,A0A9P0YIX7,/home/s241850073/igem2026/results/clipzyme_native_extension_v1/structures/af_v6/AF-A0A9P0YIX7-F1-model_v6.cif,0.99999994
3502,A0A9P0YJ19,/home/s241850073/igem2026/results/clipzyme_native_extension_v1/structures/af_v6/AF-A0A9P0YJ19-F1-model_v6.cif,1.0
3503,A0A9P0ZQJ5,/home/s241850073/igem2026/results/clipzyme_native_extension_v1/structures/af_v6/AF-A0A9P0ZQJ5-F1-model_v6.cif,0.99999994
3504,A0A9P0ZR34,/home/s241850073/igem2026/results/clipzyme_native_extension_v1/structures/af_v6/AF-A0A9P0ZR34-F1-model_v6.cif,0.99999994
3505,A0A9P0ZU08,/home/s241850073/igem2026/results/clipzyme_native_extension_v1/structures/af_v6/AF-A0A9P0ZU08-F1-model_v6.cif,1.0
3506,A0A9P1EPM1,/home/s241850073/igem2026/results/clipzyme_native_extension_v1/structures/af_v6/AF-A0A9P1EPM1-F1-model_v6.cif,0.99999994
3507,A0A9P1GVC0,/home/s241850073/igem2026/results/clipzyme_native_extension_v1/structures/af_v6/AF-A0A9P1GVC0-F1-model_v6.cif,1.0
3508,A0A9P3C4R2,/home/s241850073/igem2026/results/clipzyme_native_extension_v1/structures/af_v6/AF-A0A9P3C4R2-F1-model_v6.cif,0.99999994
3509,A0A9P3CWD8,/home/s241850073/igem2026/results/clipzyme_native_extension_v1/structures/af_v6/AF-A0A9P3CWD8-F1-model_v6.cif,0.99999994
3510,A0A9P3ERP9,/home/s241850073/igem2026/results/clipzyme_native_extension_v1/structures/af_v6/AF-A0A9P3ERP9-F1-model_v6.cif,0.99999994
3511,A0A9P3FZ01,/home/s241850073/igem2026/results/clipzyme_native_extension_v1/structures/af_v6/AF-A0A9P3FZ01-F1-model_v6.cif,1.0
3512,A0A9P3HL18,/home/s241850073/igem2026/results/clipzyme_native_extension_v1/structures/af_v6/AF-A0A9P3HL18-F1-model_v6.cif,1.0
3513,A0A9P4GVX7,/home/s241850073/igem2026/results/clipzyme_native_extension_v1/structures/af_v6/AF-A0A9P4GVX7-F1-model_v6.cif,1.0
3514,A0A9P4ING9,/home/s241850073/igem2026/results/clipzyme_native_extension_v1/structures/af_v6/AF-A0A9P4ING9-F1-model_v6.cif,1.0
3515,A0A9P4NIF7,/home/s241850073/igem2026/results/clipzyme_native_extension_v1/structures/af_v6/AF-A0A9P4NIF7-F1-model_v6.cif,1.0
3516,A0A9P4UIL5,/home/s241850073/igem2026/results/clipzyme_native_extension_v1/structures/af_v6/AF-A0A9P4UIL5-F1-model_v6.cif,1.0
3517,A0A9P5AI70,/home/s241850073/igem2026/results/clipzyme_native_extension_v1/structures/af_v6/AF-A0A9P5AI70-F1-model_v6.cif,1.0
3518,A0A9P5BB50,/home/s241850073/igem2026/results/clipzyme_native_extension_v1/structures/af_v6/AF-A0A9P5BB50-F1-model_v6.cif,1.0
3519,A0A9P5DRE7,/home/s241850073/igem2026/results/clipzyme_native_extension_v1/structures/af_v6/AF-A0A9P5DRE7-F1-model_v6.cif,1.0
3520,A0A9P5LEA6,/home/s241850073/igem2026/results/clipzyme_native_extension_v1/structures/af_v6/AF-A0A9P5LEA6-F1-model_v6.cif,1.0
3521,A0A9P5N543,/home/s241850073/igem2026/results/clipzyme_native_extension_v1/structures/af_v6/AF-A0A9P5N543-F1-model_v6.cif,1.0
3522,A0A9P5P3E4,/home/s241850073/igem2026/results/clipzyme_native_extension_v1/structures/af_v6/AF-A0A9P5P3E4-F1-model_v6.cif,1.0
3523,A0A9P5P6M3,/home/s241850073/igem2026/results/clipzyme_native_extension_v1/structures/af_v6/AF-A0A9P5P6M3-F1-model_v6.cif,1.0
3524,A0A9P5P718,/home/s241850073/igem2026/results/clipzyme_native_extension_v1/structures/af_v6/AF-A0A9P5P718-F1-model_v6.cif,1.0
3525,A0A9P5P830,/home/s241850073/igem2026/results/clipzyme_native_extension_v1/structures/af_v6/AF-A0A9P5P830-F1-model_v6.cif,1.0
3526,A0A9P5PBF4,/home/s241850073/igem2026/results/clipzyme_native_extension_v1/structures/af_v6/AF-A0A9P5PBF4-F1-model_v6.cif,1.0
3527,A0A9P5PPJ1,/home/s241850073/igem2026/results/clipzyme_native_extension_v1/structures/af_v6/AF-A0A9P5PPJ1-F1-model_v6.cif,1.0
3528,A0A9P5TWE2,/home/s241850073/igem2026/results/clipzyme_native_extension_v1/structures/af_v6/AF-A0A9P5TWE2-F1-model_v6.cif,0.99999994
3529,A0A9P5XRY0,/home/s241850073/igem2026/results/clipzyme_native_extension_v1/structures/af_v6/AF-A0A9P5XRY0-F1-model_v6.cif,1.0
3530,A0A9P5XV13,/home/s241850073/igem2026/results/clipzyme_native_extension_v1/structures/af_v6/AF-A0A9P5XV13-F1-model_v6.cif,0.99999994
3531,A0A9P5Y879,/home/s241850073/igem2026/results/clipzyme_native_extension_v1/structures/af_v6/AF-A0A9P5Y879-F1-model_v6.cif,1.0
3532,A0A9P5YAF7,/home/s241850073/igem2026/results/clipzyme_native_extension_v1/structures/af_v6/AF-A0A9P5YAF7-F1-model_v6.cif,1.0
3533,A0A9P6CB36,/home/s241850073/igem2026/results/clipzyme_native_extension_v1/structures/af_v6/AF-A0A9P6CB36-F1-model_v6.cif,1.0
3534,A0A9P6CIM5,/home/s241850073/igem2026/results/clipzyme_native_extension_v1/structures/af_v6/AF-A0A9P6CIM5-F1-model_v6.cif,1.0
3535,A0A9P6CYZ3,/home/s241850073/igem2026/results/clipzyme_native_extension_v1/structures/af_v6/AF-A0A9P6CYZ3-F1-model_v6.cif,1.0
3536,A0A9P6EI75,/home/s241850073/igem2026/results/clipzyme_native_extension_v1/structures/af_v6/AF-A0A9P6EI75-F1-model_v6.cif,1.0
3537,A0A9P6EQ22,/home/s241850073/igem2026/results/clipzyme_native_extension_v1/structures/af_v6/AF-A0A9P6EQ22-F1-model_v6.cif,1.0
3538,A0A9P6JP20,/home/s241850073/igem2026/results/clipzyme_native_extension_v1/structures/af_v6/AF-A0A9P6JP20-F1-model_v6.cif,0.99999994
3539,A0A9P6L8C9,/home/s241850073/igem2026/results/clipzyme_native_extension_v1/structures/af_v6/AF-A0A9P6L8C9-F1-model_v6.cif,1.0
3540,A0A9P6LAW7,/home/s241850073/igem2026/results/clipzyme_native_extension_v1/structures/af_v6/AF-A0A9P6LAW7-F1-model_v6.cif,0.99999994
3541,A0A9P6MR38,/home/s241850073/igem2026/results/clipzyme_native_extension_v1/structures/af_v6/AF-A0A9P6MR38-F1-model_v6.cif,1.0
3542,A0A9P6N8T0,/home/s241850073/igem2026/results/clipzyme_native_extension_v1/structures/af_v6/AF-A0A9P6N8T0-F1-model_v6.cif,1.0
3543,A0A9P6NDJ2,/home/s241850073/igem2026/results/clipzyme_native_extension_v1/structures/af_v6/AF-A0A9P6NDJ2-F1-model_v6.cif,0.99999994
3544,A0A9P6ZY86,/home/s241850073/igem2026/results/clipzyme_native_extension_v1/structures/af_v6/AF-A0A9P6ZY86-F1-model_v6.cif,1.0
3545,A0A9P7FMQ1,/home/s241850073/igem2026/results/clipzyme_native_extension_v1/structures/af_v6/AF-A0A9P7FMQ1-F1-model_v6.cif,0.99999994
3546,A0A9P7G1P1,/home/s241850073/igem2026/results/clipzyme_native_extension_v1/structures/af_v6/AF-A0A9P7G1P1-F1-model_v6.cif,1.0
3547,A0A9P7S5F4,/home/s241850073/igem2026/results/clipzyme_native_extension_v1/structures/af_v6/AF-A0A9P7S5F4-F1-model_v6.cif,1.0
3548,A0A9P7UN88,/home/s241850073/igem2026/results/clipzyme_native_extension_v1/structures/af_v6/AF-A0A9P7UN88-F1-model_v6.cif,1.0
3549,A0A9P7UU08,/home/s241850073/igem2026/results/clipzyme_native_extension_v1/structures/af_v6/AF-A0A9P7UU08-F1-model_v6.cif,1.0
3550,A0A9P7VX11,/home/s241850073/igem2026/results/clipzyme_native_extension_v1/structures/af_v6/AF-A0A9P7VX11-F1-model_v6.cif,1.0
3551,A0A9P7YGU6,/home/s241850073/igem2026/results/clipzyme_native_extension_v1/structures/af_v6/AF-A0A9P7YGU6-F1-model_v6.cif,1.0
3552,A0A9P7Z009,/home/s241850073/igem2026/results/clipzyme_native_extension_v1/structures/af_v6/AF-A0A9P7Z009-F1-model_v6.cif,1.0
3553,A0A9P8C1K6,/home/s241850073/igem2026/results/clipzyme_native_extension_v1/structures/af_v6/AF-A0A9P8C1K6-F1-model_v6.cif,1.0
3554,A0A9P8D6Z2,/home/s241850073/igem2026/results/clipzyme_native_extension_v1/structures/af_v6/AF-A0A9P8D6Z2-F1-model_v6.cif,1.0000001
3555,A0A9P8MUV7,/home/s241850073/igem2026/results/clipzyme_native_extension_v1/structures/af_v6/AF-A0A9P8MUV7-F1-model_v6.cif,0.99999994
3556,A0A9P8MW31,/home/s241850073/igem2026/results/clipzyme_native_extension_v1/structures/af_v6/AF-A0A9P8MW31-F1-model_v6.cif,1.0
3557,A0A9P8MXQ7,/home/s241850073/igem2026/results/clipzyme_native_extension_v1/structures/af_v6/AF-A0A9P8MXQ7-F1-model_v6.cif,1.0
3558,A0A9P8N7L9,/home/s241850073/igem2026/results/clipzyme_native_extension_v1/structures/af_v6/AF-A0A9P8N7L9-F1-model_v6.cif,0.99999994
3559,A0A9P8SFN7,/home/s241850073/igem2026/results/clipzyme_native_extension_v1/structures/af_v6/AF-A0A9P8SFN7-F1-model_v6.cif,1.0
3560,A0A9P8UIX2,/home/s241850073/igem2026/results/clipzyme_native_extension_v1/structures/af_v6/AF-A0A9P8UIX2-F1-model_v6.cif,1.0
3561,A0A9P8UW38,/home/s241850073/igem2026/results/clipzyme_native_extension_v1/structures/af_v6/AF-A0A9P8UW38-F1-model_v6.cif,1.0
3562,A0A9P8YJ67,/home/s241850073/igem2026/results/clipzyme_native_extension_v1/structures/af_v6/AF-A0A9P8YJ67-F1-model_v6.cif,1.0
3563,A0A9P8YJG4,/home/s241850073/igem2026/results/clipzyme_native_extension_v1/structures/af_v6/AF-A0A9P8YJG4-F1-model_v6.cif,1.0
3564,A0A9P9AMM3,/home/s241850073/igem2026/results/clipzyme_native_extension_v1/structures/af_v6/AF-A0A9P9AMM3-F1-model_v6.cif,1.0
3565,A0A9P9EP13,/home/s241850073/igem2026/results/clipzyme_native_extension_v1/structures/af_v6/AF-A0A9P9EP13-F1-model_v6.cif,1.0
3566,A0A9P9ILJ6,/home/s241850073/igem2026/results/clipzyme_native_extension_v1/structures/af_v6/AF-A0A9P9ILJ6-F1-model_v6.cif,1.0
3567,A0A9P9WK02,/home/s241850073/igem2026/results/clipzyme_native_extension_v1/structures/af_v6/AF-A0A9P9WK02-F1-model_v6.cif,1.0
3568,A0A9P9XTV1,/home/s241850073/igem2026/results/clipzyme_native_extension_v1/structures/af_v6/AF-A0A9P9XTV1-F1-model_v6.cif,1.0
3569,A0A9Q0BGH7,/home/s241850073/igem2026/results/clipzyme_native_extension_v1/structures/af_v6/AF-A0A9Q0BGH7-F1-model_v6.cif,1.0
3570,A0A9Q0CFM7,/home/s241850073/igem2026/results/clipzyme_native_extension_v1/structures/af_v6/AF-A0A9Q0CFM7-F1-model_v6.cif,0.99999994
3571,A0A9Q0CSY3,/home/s241850073/igem2026/results/clipzyme_native_extension_v1/structures/af_v6/AF-A0A9Q0CSY3-F1-model_v6.cif,1.0
3572,A0A9Q0CV55,/home/s241850073/igem2026/results/clipzyme_native_extension_v1/structures/af_v6/AF-A0A9Q0CV55-F1-model_v6.cif,1.0
3573,A0A9Q0F3Q0,/home/s241850073/igem2026/results/clipzyme_native_extension_v1/structures/af_v6/AF-A0A9Q0F3Q0-F1-model_v6.cif,0.99999994
3574,A0A9Q0F943,/home/s241850073/igem2026/results/clipzyme_native_extension_v1/structures/af_v6/AF-A0A9Q0F943-F1-model_v6.cif,1.0
3575,A0A9Q0FIR1,/home/s241850073/igem2026/results/clipzyme_native_extension_v1/structures/af_v6/AF-A0A9Q0FIR1-F1-model_v6.cif,1.0
3576,A0A9Q0G0G3,/home/s241850073/igem2026/results/clipzyme_native_extension_v1/structures/af_v6/AF-A0A9Q0G0G3-F1-model_v6.cif,1.0
3577,A0A9Q0G0M4,/home/s241850073/igem2026/results/clipzyme_native_extension_v1/structures/af_v6/AF-A0A9Q0G0M4-F1-model_v6.cif,0.99999994
3578,A0A9Q0HBV1,/home/s241850073/igem2026/results/clipzyme_native_extension_v1/structures/af_v6/AF-A0A9Q0HBV1-F1-model_v6.cif,1.0
3579,A0A9Q0HN87,/home/s241850073/igem2026/results/clipzyme_native_extension_v1/structures/af_v6/AF-A0A9Q0HN87-F1-model_v6.cif,1.0
3580,A0A9Q0IZC4,/home/s241850073/igem2026/results/clipzyme_native_extension_v1/structures/af_v6/AF-A0A9Q0IZC4-F1-model_v6.cif,1.0
3581,A0A9Q0JP84,/home/s241850073/igem2026/results/clipzyme_native_extension_v1/structures/af_v6/AF-A0A9Q0JP84-F1-model_v6.cif,1.0
3582,A0A9Q0JT97,/home/s241850073/igem2026/results/clipzyme_native_extension_v1/structures/af_v6/AF-A0A9Q0JT97-F1-model_v6.cif,1.0
3583,A0A9Q0K493,/home/s241850073/igem2026/results/clipzyme_native_extension_v1/structures/af_v6/AF-A0A9Q0K493-F1-model_v6.cif,1.0
3584,A0A9Q0K8I4,/home/s241850073/igem2026/results/clipzyme_native_extension_v1/structures/af_v6/AF-A0A9Q0K8I4-F1-model_v6.cif,1.0
3585,A0A9Q0KC83,/home/s241850073/igem2026/results/clipzyme_native_extension_v1/structures/af_v6/AF-A0A9Q0KC83-F1-model_v6.cif,0.99999994
3586,A0A9Q0KCL4,/home/s241850073/igem2026/results/clipzyme_native_extension_v1/structures/af_v6/AF-A0A9Q0KCL4-F1-model_v6.cif,1.0
3587,A0A9Q0KER9,/home/s241850073/igem2026/results/clipzyme_native_extension_v1/structures/af_v6/AF-A0A9Q0KER9-F1-model_v6.cif,1.0
3588,A0A9Q0KFD7,/home/s241850073/igem2026/results/clipzyme_native_extension_v1/structures/af_v6/AF-A0A9Q0KFD7-F1-model_v6.cif,1.0
3589,A0A9Q0KWE6,/home/s241850073/igem2026/results/clipzyme_native_extension_v1/structures/af_v6/AF-A0A9Q0KWE6-F1-model_v6.cif,1.0
3590,A0A9Q0L209,/home/s241850073/igem2026/results/clipzyme_native_extension_v1/structures/af_v6/AF-A0A9Q0L209-F1-model_v6.cif,0.99999994
3591,A0A9Q0L450,/home/s241850073/igem2026/results/clipzyme_native_extension_v1/structures/af_v6/AF-A0A9Q0L450-F1-model_v6.cif,1.0
3592,A0A9Q0MLY9,/home/s241850073/igem2026/results/clipzyme_native_extension_v1/structures/af_v6/AF-A0A9Q0MLY9-F1-model_v6.cif,1.0
3593,A0A9Q0SX83,/home/s241850073/igem2026/results/clipzyme_native_extension_v1/structures/af_v6/AF-A0A9Q0SX83-F1-model_v6.cif,0.99999994
3594,A0A9Q0UES2,/home/s241850073/igem2026/results/clipzyme_native_extension_v1/structures/af_v6/AF-A0A9Q0UES2-F1-model_v6.cif,1.0
3595,A0A9Q0UYD8,/home/s241850073/igem2026/results/clipzyme_native_extension_v1/structures/af_v6/AF-A0A9Q0UYD8-F1-model_v6.cif,1.0
3596,A0A9Q0WJ00,/home/s241850073/igem2026/results/clipzyme_native_extension_v1/structures/af_v6/AF-A0A9Q0WJ00-F1-model_v6.cif,0.99999994
3597,A0A9Q0X1J3,/home/s241850073/igem2026/results/clipzyme_native_extension_v1/structures/af_v6/AF-A0A9Q0X1J3-F1-model_v6.cif,0.99999994
3598,A0A9Q1A5D7,/home/s241850073/igem2026/results/clipzyme_native_extension_v1/structures/af_v6/AF-A0A9Q1A5D7-F1-model_v6.cif,1.0
3599,A0A9Q1A7U3,/home/s241850073/igem2026/results/clipzyme_native_extension_v1/structures/af_v6/AF-A0A9Q1A7U3-F1-model_v6.cif,1.0
3600,A0A9Q1A878,/home/s241850073/igem2026/results/clipzyme_native_extension_v1/structures/af_v6/AF-A0A9Q1A878-F1-model_v6.cif,1.0
3601,A0A9Q1GHE1,/home/s241850073/igem2026/results/clipzyme_native_extension_v1/structures/af_v6/AF-A0A9Q1GHE1-F1-model_v6.cif,1.0
3602,A0A9Q1GMB1,/home/s241850073/igem2026/results/clipzyme_native_extension_v1/structures/af_v6/AF-A0A9Q1GMB1-F1-model_v6.cif,0.99999994
3603,A0A9Q1GPD2,/home/s241850073/igem2026/results/clipzyme_native_extension_v1/structures/af_v6/AF-A0A9Q1GPD2-F1-model_v6.cif,0.99999994
3604,A0A9Q1GQP1,/home/s241850073/igem2026/results/clipzyme_native_extension_v1/structures/af_v6/AF-A0A9Q1GQP1-F1-model_v6.cif,1.0
3605,A0A9Q1JI19,/home/s241850073/igem2026/results/clipzyme_native_extension_v1/structures/af_v6/AF-A0A9Q1JI19-F1-model_v6.cif,1.0
3606,A0A9Q1JX58,/home/s241850073/igem2026/results/clipzyme_native_extension_v1/structures/af_v6/AF-A0A9Q1JX58-F1-model_v6.cif,0.99999994
3607,A0A9Q1K309,/home/s241850073/igem2026/results/clipzyme_native_extension_v1/structures/af_v6/AF-A0A9Q1K309-F1-model_v6.cif,0.99999994
3608,A0A9Q1K478,/home/s241850073/igem2026/results/clipzyme_native_extension_v1/structures/af_v6/AF-A0A9Q1K478-F1-model_v6.cif,0.99999994
3609,A0A9Q1K4C6,/home/s241850073/igem2026/results/clipzyme_native_extension_v1/structures/af_v6/AF-A0A9Q1K4C6-F1-model_v6.cif,1.0
3610,A0A9Q1KRR7,/home/s241850073/igem2026/results/clipzyme_native_extension_v1/structures/af_v6/AF-A0A9Q1KRR7-F1-model_v6.cif,1.0
3611,A0A9Q1KTF2,/home/s241850073/igem2026/results/clipzyme_native_extension_v1/structures/af_v6/AF-A0A9Q1KTF2-F1-model_v6.cif,0.99999994
3612,A0A9Q1KZB4,/home/s241850073/igem2026/results/clipzyme_native_extension_v1/structures/af_v6/AF-A0A9Q1KZB4-F1-model_v6.cif,0.99999994
3613,A0A9Q1LBN5,/home/s241850073/igem2026/results/clipzyme_native_extension_v1/structures/af_v6/AF-A0A9Q1LBN5-F1-model_v6.cif,0.99999994
3614,A0A9Q1M2J7,/home/s241850073/igem2026/results/clipzyme_native_extension_v1/structures/af_v6/AF-A0A9Q1M2J7-F1-model_v6.cif,0.99999994
3615,A0A9Q1MEY5,/home/s241850073/igem2026/results/clipzyme_native_extension_v1/structures/af_v6/AF-A0A9Q1MEY5-F1-model_v6.cif,0.99999994
3616,A0A9Q1MMH7,/home/s241850073/igem2026/results/clipzyme_native_extension_v1/structures/af_v6/AF-A0A9Q1MMH7-F1-model_v6.cif,1.0
3617,A0A9Q1Q828,/home/s241850073/igem2026/results/clipzyme_native_extension_v1/structures/af_v6/AF-A0A9Q1Q828-F1-model_v6.cif,0.99999994
3618,A0A9Q1QC57,/home/s241850073/igem2026/results/clipzyme_native_extension_v1/structures/af_v6/AF-A0A9Q1QC57-F1-model_v6.cif,1.0
3619,A0A9Q1QM65,/home/s241850073/igem2026/results/clipzyme_native_extension_v1/structures/af_v6/AF-A0A9Q1QM65-F1-model_v6.cif,1.0
3620,A0A9Q1RVI7,/home/s241850073/igem2026/results/clipzyme_native_extension_v1/structures/af_v6/AF-A0A9Q1RVI7-F1-model_v6.cif,1.0
3621,A0A9Q3Z5Y4,/home/s241850073/igem2026/results/clipzyme_native_extension_v1/structures/af_v6/AF-A0A9Q3Z5Y4-F1-model_v6.cif,0.99999994
3622,A0A9Q3ZAR9,/home/s241850073/igem2026/results/clipzyme_native_extension_v1/structures/af_v6/AF-A0A9Q3ZAR9-F1-model_v6.cif,1.0
3623,A0A9Q5D6C0,/home/s241850073/igem2026/results/clipzyme_native_extension_v1/structures/af_v6/AF-A0A9Q5D6C0-F1-model_v6.cif,1.0
3624,A0A9Q5D9H3,/home/s241850073/igem2026/results/clipzyme_native_extension_v1/structures/af_v6/AF-A0A9Q5D9H3-F1-model_v6.cif,1.0
3625,A0A9Q5HZ99,/home/s241850073/igem2026/results/clipzyme_native_extension_v1/structures/af_v6/AF-A0A9Q5HZ99-F1-model_v6.cif,1.0
3626,A0A9Q5I1I8,/home/s241850073/igem2026/results/clipzyme_native_extension_v1/structures/af_v6/AF-A0A9Q5I1I8-F1-model_v6.cif,0.99999994
3627,A0A9Q8PDA4,/home/s241850073/igem2026/results/clipzyme_native_extension_v1/structures/af_v6/AF-A0A9Q8PDA4-F1-model_v6.cif,1.0
3628,A0A9Q8USC4,/home/s241850073/igem2026/results/clipzyme_native_extension_v1/structures/af_v6/AF-A0A9Q8USC4-F1-model_v6.cif,1.0
3629,A0A9Q8UWN0,/home/s241850073/igem2026/results/clipzyme_native_extension_v1/structures/af_v6/AF-A0A9Q8UWN0-F1-model_v6.cif,1.0
3630,A0A9Q9INL1,/home/s241850073/igem2026/results/clipzyme_native_extension_v1/structures/af_v6/AF-A0A9Q9INL1-F1-model_v6.cif,1.0
3631,A0A9R0R2F0,/home/s241850073/igem2026/results/clipzyme_native_extension_v1/structures/af_v6/AF-A0A9R0R2F0-F1-model_v6.cif,1.0
3632,A0A9R0VEV7,/home/s241850073/igem2026/results/clipzyme_native_extension_v1/structures/af_v6/AF-A0A9R0VEV7-F1-model_v6.cif,0.99999994
3633,A0A9R0YEP8,/home/s241850073/igem2026/results/clipzyme_native_extension_v1/structures/af_v6/AF-A0A9R0YEP8-F1-model_v6.cif,0.99999994
3634,A0A9R1AAT2,/home/s241850073/igem2026/results/clipzyme_native_extension_v1/structures/af_v6/AF-A0A9R1AAT2-F1-model_v6.cif,1.0
3635,A0A9R1NGJ9,/home/s241850073/igem2026/results/clipzyme_native_extension_v1/structures/af_v6/AF-A0A9R1NGJ9-F1-model_v6.cif,1.0
3636,A0A9R1NLQ8,/home/s241850073/igem2026/results/clipzyme_native_extension_v1/structures/af_v6/AF-A0A9R1NLQ8-F1-model_v6.cif,1.0
3637,A0A9R1NLT5,/home/s241850073/igem2026/results/clipzyme_native_extension_v1/structures/af_v6/AF-A0A9R1NLT5-F1-model_v6.cif,1.0
3638,A0A9R1P353,/home/s241850073/igem2026/results/clipzyme_native_extension_v1/structures/af_v6/AF-A0A9R1P353-F1-model_v6.cif,0.99999994
3639,A0A9R1PB16,/home/s241850073/igem2026/results/clipzyme_native_extension_v1/structures/af_v6/AF-A0A9R1PB16-F1-model_v6.cif,1.0
3640,A0A9R1PB31,/home/s241850073/igem2026/results/clipzyme_native_extension_v1/structures/af_v6/AF-A0A9R1PB31-F1-model_v6.cif,0.99999994
3641,A0A9R1PBP0,/home/s241850073/igem2026/results/clipzyme_native_extension_v1/structures/af_v6/AF-A0A9R1PBP0-F1-model_v6.cif,1.0
3642,A0A9R1R0V4,/home/s241850073/igem2026/results/clipzyme_native_extension_v1/structures/af_v6/AF-A0A9R1R0V4-F1-model_v6.cif,0.99999994
3643,A0A9R1RRF7,/home/s241850073/igem2026/results/clipzyme_native_extension_v1/structures/af_v6/AF-A0A9R1RRF7-F1-model_v6.cif,0.99999994
3644,A0A9R1V4W9,/home/s241850073/igem2026/results/clipzyme_native_extension_v1/structures/af_v6/AF-A0A9R1V4W9-F1-model_v6.cif,0.99999994
3645,A0A9R1VKY0,/home/s241850073/igem2026/results/clipzyme_native_extension_v1/structures/af_v6/AF-A0A9R1VKY0-F1-model_v6.cif,1.0
3646,A0A9R1VUD6,/home/s241850073/igem2026/results/clipzyme_native_extension_v1/structures/af_v6/AF-A0A9R1VUD6-F1-model_v6.cif,1.0
3647,A0A9R1VWJ7,/home/s241850073/igem2026/results/clipzyme_native_extension_v1/structures/af_v6/AF-A0A9R1VWJ7-F1-model_v6.cif,1.0
3648,A0A9R1WLI5,/home/s241850073/igem2026/results/clipzyme_native_extension_v1/structures/af_v6/AF-A0A9R1WLI5-F1-model_v6.cif,0.99999994
3649,A0A9R1WTJ9,/home/s241850073/igem2026/results/clipzyme_native_extension_v1/structures/af_v6/AF-A0A9R1WTJ9-F1-model_v6.cif,1.0
3650,A0A9R1WY11,/home/s241850073/igem2026/results/clipzyme_native_extension_v1/structures/af_v6/AF-A0A9R1WY11-F1-model_v6.cif,1.0
3651,A0A9R1XIS6,/home/s241850073/igem2026/results/clipzyme_native_extension_v1/structures/af_v6/AF-A0A9R1XIS6-F1-model_v6.cif,0.99999994
3652,A0A9W4RR34,/home/s241850073/igem2026/results/clipzyme_native_extension_v1/structures/af_v6/AF-A0A9W4RR34-F1-model_v6.cif,1.0
3653,A0A9W6I3C1,/home/s241850073/igem2026/results/clipzyme_native_extension_v1/structures/af_v6/AF-A0A9W6I3C1-F1-model_v6.cif,0.99999994
3654,A0A9W6R3S1,/home/s241850073/igem2026/results/clipzyme_native_extension_v1/structures/af_v6/AF-A0A9W6R3S1-F1-model_v6.cif,0.99999994
3655,A0A9W6RVU0,/home/s241850073/igem2026/results/clipzyme_native_extension_v1/structures/af_v6/AF-A0A9W6RVU0-F1-model_v6.cif,0.99999994
3656,A0A9W6S1Q3,/home/s241850073/igem2026/results/clipzyme_native_extension_v1/structures/af_v6/AF-A0A9W6S1Q3-F1-model_v6.cif,1.0
3657,A0A9W6SKZ9,/home/s241850073/igem2026/results/clipzyme_native_extension_v1/structures/af_v6/AF-A0A9W6SKZ9-F1-model_v6.cif,1.0
3658,A0A9W6SRM7,/home/s241850073/igem2026/results/clipzyme_native_extension_v1/structures/af_v6/AF-A0A9W6SRM7-F1-model_v6.cif,1.0
3659,A0A9W6YZ08,/home/s241850073/igem2026/results/clipzyme_native_extension_v1/structures/af_v6/AF-A0A9W6YZ08-F1-model_v6.cif,1.0
3660,A0A9W7DH47,/home/s241850073/igem2026/results/clipzyme_native_extension_v1/structures/af_v6/AF-A0A9W7DH47-F1-model_v6.cif,1.0
3661,A0A9W7GUF2,/home/s241850073/igem2026/results/clipzyme_native_extension_v1/structures/af_v6/AF-A0A9W7GUF2-F1-model_v6.cif,0.99999994
3662,A0A9W7I0L8,/home/s241850073/igem2026/results/clipzyme_native_extension_v1/structures/af_v6/AF-A0A9W7I0L8-F1-model_v6.cif,1.0
3663,A0A9W7IJU4,/home/s241850073/igem2026/results/clipzyme_native_extension_v1/structures/af_v6/AF-A0A9W7IJU4-F1-model_v6.cif,0.9999999
3664,A0A9W7J6U4,/home/s241850073/igem2026/results/clipzyme_native_extension_v1/structures/af_v6/AF-A0A9W7J6U4-F1-model_v6.cif,1.0
3665,A0A9W7J882,/home/s241850073/igem2026/results/clipzyme_native_extension_v1/structures/af_v6/AF-A0A9W7J882-F1-model_v6.cif,1.0
3666,A0A9W7J9C6,/home/s241850073/igem2026/results/clipzyme_native_extension_v1/structures/af_v6/AF-A0A9W7J9C6-F1-model_v6.cif,1.0000001
3667,A0A9W7JLG5,/home/s241850073/igem2026/results/clipzyme_native_extension_v1/structures/af_v6/AF-A0A9W7JLG5-F1-model_v6.cif,0.99999994
3668,A0A9W7LUB4,/home/s241850073/igem2026/results/clipzyme_native_extension_v1/structures/af_v6/AF-A0A9W7LUB4-F1-model_v6.cif,0.99999994
3669,A0A9W7MI77,/home/s241850073/igem2026/results/clipzyme_native_extension_v1/structures/af_v6/AF-A0A9W7MI77-F1-model_v6.cif,0.99999994
3670,A0A9W8CDA3,/home/s241850073/igem2026/results/clipzyme_native_extension_v1/structures/af_v6/AF-A0A9W8CDA3-F1-model_v6.cif,0.99999994
3671,A0A9W8JZC0,/home/s241850073/igem2026/results/clipzyme_native_extension_v1/structures/af_v6/AF-A0A9W8JZC0-F1-model_v6.cif,1.0
3672,A0A9W8K0U6,/home/s241850073/igem2026/results/clipzyme_native_extension_v1/structures/af_v6/AF-A0A9W8K0U6-F1-model_v6.cif,1.0
3673,A0A9W8K3H1,/home/s241850073/igem2026/results/clipzyme_native_extension_v1/structures/af_v6/AF-A0A9W8K3H1-F1-model_v6.cif,1.0
3674,A0A9W8K487,/home/s241850073/igem2026/results/clipzyme_native_extension_v1/structures/af_v6/AF-A0A9W8K487-F1-model_v6.cif,0.99999994
3675,A0A9W8N5M7,/home/s241850073/igem2026/results/clipzyme_native_extension_v1/structures/af_v6/AF-A0A9W8N5M7-F1-model_v6.cif,0.99999994
3676,A0A9W8NZ95,/home/s241850073/igem2026/results/clipzyme_native_extension_v1/structures/af_v6/AF-A0A9W8NZ95-F1-model_v6.cif,1.0
3677,A0A9W8X6E6,/home/s241850073/igem2026/results/clipzyme_native_extension_v1/structures/af_v6/AF-A0A9W8X6E6-F1-model_v6.cif,1.0
3678,A0A9W8YIJ8,/home/s241850073/igem2026/results/clipzyme_native_extension_v1/structures/af_v6/AF-A0A9W8YIJ8-F1-model_v6.cif,0.99999994
3679,A0A9W9CLA1,/home/s241850073/igem2026/results/clipzyme_native_extension_v1/structures/af_v6/AF-A0A9W9CLA1-F1-model_v6.cif,1.0
3680,A0A9W9ETI0,/home/s241850073/igem2026/results/clipzyme_native_extension_v1/structures/af_v6/AF-A0A9W9ETI0-F1-model_v6.cif,1.0
3681,A0A9W9G009,/home/s241850073/igem2026/results/clipzyme_native_extension_v1/structures/af_v6/AF-A0A9W9G009-F1-model_v6.cif,0.99999994
3682,A0A9W9G3V5,/home/s241850073/igem2026/results/clipzyme_native_extension_v1/structures/af_v6/AF-A0A9W9G3V5-F1-model_v6.cif,1.0
3683,A0A9W9H6W8,/home/s241850073/igem2026/results/clipzyme_native_extension_v1/structures/af_v6/AF-A0A9W9H6W8-F1-model_v6.cif,1.0
3684,A0A9W9HMN2,/home/s241850073/igem2026/results/clipzyme_native_extension_v1/structures/af_v6/AF-A0A9W9HMN2-F1-model_v6.cif,0.99999994
3685,A0A9W9HNA3,/home/s241850073/igem2026/results/clipzyme_native_extension_v1/structures/af_v6/AF-A0A9W9HNA3-F1-model_v6.cif,1.0
3686,A0A9W9KG14,/home/s241850073/igem2026/results/clipzyme_native_extension_v1/structures/af_v6/AF-A0A9W9KG14-F1-model_v6.cif,1.0
3687,A0A9W9KJR0,/home/s241850073/igem2026/results/clipzyme_native_extension_v1/structures/af_v6/AF-A0A9W9KJR0-F1-model_v6.cif,1.0
3688,A0A9W9KKB5,/home/s241850073/igem2026/results/clipzyme_native_extension_v1/structures/af_v6/AF-A0A9W9KKB5-F1-model_v6.cif,1.0
3689,A0A9W9L6H1,/home/s241850073/igem2026/results/clipzyme_native_extension_v1/structures/af_v6/AF-A0A9W9L6H1-F1-model_v6.cif,1.0
3690,A0A9W9LKV3,/home/s241850073/igem2026/results/clipzyme_native_extension_v1/structures/af_v6/AF-A0A9W9LKV3-F1-model_v6.cif,0.99999994
3691,A0A9W9LKX3,/home/s241850073/igem2026/results/clipzyme_native_extension_v1/structures/af_v6/AF-A0A9W9LKX3-F1-model_v6.cif,0.9999999
3692,A0A9W9PXB8,/home/s241850073/igem2026/results/clipzyme_native_extension_v1/structures/af_v6/AF-A0A9W9PXB8-F1-model_v6.cif,0.99999994
3693,A0A9W9S5C9,/home/s241850073/igem2026/results/clipzyme_native_extension_v1/structures/af_v6/AF-A0A9W9S5C9-F1-model_v6.cif,1.0
3694,A0A9W9STM0,/home/s241850073/igem2026/results/clipzyme_native_extension_v1/structures/af_v6/AF-A0A9W9STM0-F1-model_v6.cif,1.0
3695,A0A9W9SVU2,/home/s241850073/igem2026/results/clipzyme_native_extension_v1/structures/af_v6/AF-A0A9W9SVU2-F1-model_v6.cif,1.0
3696,A0A9W9U5C6,/home/s241850073/igem2026/results/clipzyme_native_extension_v1/structures/af_v6/AF-A0A9W9U5C6-F1-model_v6.cif,1.0
3697,A0A9W9VZN0,/home/s241850073/igem2026/results/clipzyme_native_extension_v1/structures/af_v6/AF-A0A9W9VZN0-F1-model_v6.cif,0.99999994
3698,A0A9W9W943,/home/s241850073/igem2026/results/clipzyme_native_extension_v1/structures/af_v6/AF-A0A9W9W943-F1-model_v6.cif,1.0
3699,A0A9W9WGY7,/home/s241850073/igem2026/results/clipzyme_native_extension_v1/structures/af_v6/AF-A0A9W9WGY7-F1-model_v6.cif,1.0
3700,A0A9W9WTT3,/home/s241850073/igem2026/results/clipzyme_native_extension_v1/structures/af_v6/AF-A0A9W9WTT3-F1-model_v6.cif,1.0
3701,A0A9W9XU92,/home/s241850073/igem2026/results/clipzyme_native_extension_v1/structures/af_v6/AF-A0A9W9XU92-F1-model_v6.cif,1.0
3702,A0A9W9Y6C9,/home/s241850073/igem2026/results/clipzyme_native_extension_v1/structures/af_v6/AF-A0A9W9Y6C9-F1-model_v6.cif,1.0
3703,A0A9X0BD27,/home/s241850073/igem2026/results/clipzyme_native_extension_v1/structures/af_v6/AF-A0A9X0BD27-F1-model_v6.cif,0.99999994
3704,A0A9X1PSA0,/home/s241850073/igem2026/results/clipzyme_native_extension_v1/structures/af_v6/AF-A0A9X1PSA0-F1-model_v6.cif,1.0
3705,A0A9X1V7I9,/home/s241850073/igem2026/results/clipzyme_native_extension_v1/structures/af_v6/AF-A0A9X1V7I9-F1-model_v6.cif,1.0
3706,A0A9X1VA57,/home/s241850073/igem2026/results/clipzyme_native_extension_v1/structures/af_v6/AF-A0A9X1VA57-F1-model_v6.cif,1.0
3707,A0A9X2FCZ3,/home/s241850073/igem2026/results/clipzyme_native_extension_v1/structures/af_v6/AF-A0A9X2FCZ3-F1-model_v6.cif,1.0
3708,A0A9X2G6A0,/home/s241850073/igem2026/results/clipzyme_native_extension_v1/structures/af_v6/AF-A0A9X2G6A0-F1-model_v6.cif,1.0
3709,A0A9X2VVP9,/home/s241850073/igem2026/results/clipzyme_native_extension_v1/structures/af_v6/AF-A0A9X2VVP9-F1-model_v6.cif,1.0
3710,A0A9X2VW88,/home/s241850073/igem2026/results/clipzyme_native_extension_v1/structures/af_v6/AF-A0A9X2VW88-F1-model_v6.cif,1.0
3711,A0A9X2VWC9,/home/s241850073/igem2026/results/clipzyme_native_extension_v1/structures/af_v6/AF-A0A9X2VWC9-F1-model_v6.cif,0.99999994
3712,A0A9X2VWT5,/home/s241850073/igem2026/results/clipzyme_native_extension_v1/structures/af_v6/AF-A0A9X2VWT5-F1-model_v6.cif,1.0
3713,A0A9X3A5H8,/home/s241850073/igem2026/results/clipzyme_native_extension_v1/structures/af_v6/AF-A0A9X3A5H8-F1-model_v6.cif,1.0
3714,A0A9X3A6Y8,/home/s241850073/igem2026/results/clipzyme_native_extension_v1/structures/af_v6/AF-A0A9X3A6Y8-F1-model_v6.cif,1.0
3715,A0A9X3AJC8,/home/s241850073/igem2026/results/clipzyme_native_extension_v1/structures/af_v6/AF-A0A9X3AJC8-F1-model_v6.cif,1.0
3716,A0A9X3EVH1,/home/s241850073/igem2026/results/clipzyme_native_extension_v1/structures/af_v6/AF-A0A9X3EVH1-F1-model_v6.cif,1.0
3717,A0A9X3EXH6,/home/s241850073/igem2026/results/clipzyme_native_extension_v1/structures/af_v6/AF-A0A9X3EXH6-F1-model_v6.cif,1.0
3718,A0A9X3F264,/home/s241850073/igem2026/results/clipzyme_native_extension_v1/structures/af_v6/AF-A0A9X3F264-F1-model_v6.cif,0.99999994
3719,A0A9X3J2B9,/home/s241850073/igem2026/results/clipzyme_native_extension_v1/structures/af_v6/AF-A0A9X3J2B9-F1-model_v6.cif,0.99999994
3720,A0A9X3J542,/home/s241850073/igem2026/results/clipzyme_native_extension_v1/structures/af_v6/AF-A0A9X3J542-F1-model_v6.cif,1.0
3721,A0A9X4AWA7,/home/s241850073/igem2026/results/clipzyme_native_extension_v1/structures/af_v6/AF-A0A9X4AWA7-F1-model_v6.cif,1.0
3722,A0A9X7JP24,/home/s241850073/igem2026/results/clipzyme_native_extension_v1/structures/af_v6/AF-A0A9X7JP24-F1-model_v6.cif,1.0
3723,A0A9X7JST0,/home/s241850073/igem2026/results/clipzyme_native_extension_v1/structures/af_v6/AF-A0A9X7JST0-F1-model_v6.cif,1.0
3724,A0A9X7JV68,/home/s241850073/igem2026/results/clipzyme_native_extension_v1/structures/af_v6/AF-A0A9X7JV68-F1-model_v6.cif,1.0
3725,A0A9Y2JN32,/home/s241850073/igem2026/results/clipzyme_native_extension_v1/structures/af_v6/AF-A0A9Y2JN32-F1-model_v6.cif,0.99999994
3726,A0A9Y2MS42,/home/s241850073/igem2026/results/clipzyme_native_extension_v1/structures/af_v6/AF-A0A9Y2MS42-F1-model_v6.cif,1.0
3727,A0A9Y2MYL6,/home/s241850073/igem2026/results/clipzyme_native_extension_v1/structures/af_v6/AF-A0A9Y2MYL6-F1-model_v6.cif,1.0
3728,A0AA35M3A8,/home/s241850073/igem2026/results/clipzyme_native_extension_v1/structures/af_v6/AF-A0AA35M3A8-F1-model_v6.cif,1.0
3729,A0AA35MD83,/home/s241850073/igem2026/results/clipzyme_native_extension_v1/structures/af_v6/AF-A0AA35MD83-F1-model_v6.cif,0.99999994
3730,A0AA35R6Z0,/home/s241850073/igem2026/results/clipzyme_native_extension_v1/structures/af_v6/AF-A0AA35R6Z0-F1-model_v6.cif,0.9999999
3731,A0AA35R7S7,/home/s241850073/igem2026/results/clipzyme_native_extension_v1/structures/af_v6/AF-A0AA35R7S7-F1-model_v6.cif,1.0
3732,A0AA35RFS0,/home/s241850073/igem2026/results/clipzyme_native_extension_v1/structures/af_v6/AF-A0AA35RFS0-F1-model_v6.cif,1.0
3733,A0AA35SHD1,/home/s241850073/igem2026/results/clipzyme_native_extension_v1/structures/af_v6/AF-A0AA35SHD1-F1-model_v6.cif,0.99999994
3734,A0AA35VVU1,/home/s241850073/igem2026/results/clipzyme_native_extension_v1/structures/af_v6/AF-A0AA35VVU1-F1-model_v6.cif,1.0
3735,A0AA35Y8E5,/home/s241850073/igem2026/results/clipzyme_native_extension_v1/structures/af_v6/AF-A0AA35Y8E5-F1-model_v6.cif,0.99999994
3736,A0AA35YTU3,/home/s241850073/igem2026/results/clipzyme_native_extension_v1/structures/af_v6/AF-A0AA35YTU3-F1-model_v6.cif,1.0
3737,A0AA36E5U6,/home/s241850073/igem2026/results/clipzyme_native_extension_v1/structures/af_v6/AF-A0AA36E5U6-F1-model_v6.cif,0.99999994
3738,A0AA37GD65,/home/s241850073/igem2026/results/clipzyme_native_extension_v1/structures/af_v6/AF-A0AA37GD65-F1-model_v6.cif,1.0
3739,A0AA37GV22,/home/s241850073/igem2026/results/clipzyme_native_extension_v1/structures/af_v6/AF-A0AA37GV22-F1-model_v6.cif,1.0
3740,A0AA38C4I6,/home/s241850073/igem2026/results/clipzyme_native_extension_v1/structures/af_v6/AF-A0AA38C4I6-F1-model_v6.cif,1.0
3741,A0AA38CA44,/home/s241850073/igem2026/results/clipzyme_native_extension_v1/structures/af_v6/AF-A0AA38CA44-F1-model_v6.cif,1.0
3742,A0AA38F4K3,/home/s241850073/igem2026/results/clipzyme_native_extension_v1/structures/af_v6/AF-A0AA38F4K3-F1-model_v6.cif,0.99999994
3743,A0AA38GFG2,/home/s241850073/igem2026/results/clipzyme_native_extension_v1/structures/af_v6/AF-A0AA38GFG2-F1-model_v6.cif,1.0
3744,A0AA38KFN8,/home/s241850073/igem2026/results/clipzyme_native_extension_v1/structures/af_v6/AF-A0AA38KFN8-F1-model_v6.cif,1.0
3745,A0AA38NYT7,/home/s241850073/igem2026/results/clipzyme_native_extension_v1/structures/af_v6/AF-A0AA38NYT7-F1-model_v6.cif,1.0
3746,A0AA38SF14,/home/s241850073/igem2026/results/clipzyme_native_extension_v1/structures/af_v6/AF-A0AA38SF14-F1-model_v6.cif,1.0
3747,A0AA38TM79,/home/s241850073/igem2026/results/clipzyme_native_extension_v1/structures/af_v6/AF-A0AA38TM79-F1-model_v6.cif,1.0
3748,A0AA38TQR0,/home/s241850073/igem2026/results/clipzyme_native_extension_v1/structures/af_v6/AF-A0AA38TQR0-F1-model_v6.cif,1.0
3749,A0AA39CNR6,/home/s241850073/igem2026/results/clipzyme_native_extension_v1/structures/af_v6/AF-A0AA39CNR6-F1-model_v6.cif,1.0
3750,A0AA39GII1,/home/s241850073/igem2026/results/clipzyme_native_extension_v1/structures/af_v6/AF-A0AA39GII1-F1-model_v6.cif,1.0
3751,A0AA39K084,/home/s241850073/igem2026/results/clipzyme_native_extension_v1/structures/af_v6/AF-A0AA39K084-F1-model_v6.cif,1.0
3752,A0AA39MJP7,/home/s241850073/igem2026/results/clipzyme_native_extension_v1/structures/af_v6/AF-A0AA39MJP7-F1-model_v6.cif,0.99999994
3753,A0AA39MS00,/home/s241850073/igem2026/results/clipzyme_native_extension_v1/structures/af_v6/AF-A0AA39MS00-F1-model_v6.cif,1.0
3754,A0AA39PBR6,/home/s241850073/igem2026/results/clipzyme_native_extension_v1/structures/af_v6/AF-A0AA39PBR6-F1-model_v6.cif,1.0
3755,A0AA39QX25,/home/s241850073/igem2026/results/clipzyme_native_extension_v1/structures/af_v6/AF-A0AA39QX25-F1-model_v6.cif,0.99999994
3756,A0AA39QX29,/home/s241850073/igem2026/results/clipzyme_native_extension_v1/structures/af_v6/AF-A0AA39QX29-F1-model_v6.cif,1.0
3757,A0AA39R4T4,/home/s241850073/igem2026/results/clipzyme_native_extension_v1/structures/af_v6/AF-A0AA39R4T4-F1-model_v6.cif,0.99999994
3758,A0AA39RAJ0,/home/s241850073/igem2026/results/clipzyme_native_extension_v1/structures/af_v6/AF-A0AA39RAJ0-F1-model_v6.cif,1.0
3759,A0AA39RQK8,/home/s241850073/igem2026/results/clipzyme_native_extension_v1/structures/af_v6/AF-A0AA39RQK8-F1-model_v6.cif,1.0
3760,A0AA39RRR7,/home/s241850073/igem2026/results/clipzyme_native_extension_v1/structures/af_v6/AF-A0AA39RRR7-F1-model_v6.cif,1.0
3761,A0AA39RRX8,/home/s241850073/igem2026/results/clipzyme_native_extension_v1/structures/af_v6/AF-A0AA39RRX8-F1-model_v6.cif,1.0
3762,A0AA39RT32,/home/s241850073/igem2026/results/clipzyme_native_extension_v1/structures/af_v6/AF-A0AA39RT32-F1-model_v6.cif,1.0
3763,A0AA39RTG0,/home/s241850073/igem2026/results/clipzyme_native_extension_v1/structures/af_v6/AF-A0AA39RTG0-F1-model_v6.cif,1.0
3764,A0AA39RTU8,/home/s241850073/igem2026/results/clipzyme_native_extension_v1/structures/af_v6/AF-A0AA39RTU8-F1-model_v6.cif,1.0
3765,A0AA39SF12,/home/s241850073/igem2026/results/clipzyme_native_extension_v1/structures/af_v6/AF-A0AA39SF12-F1-model_v6.cif,1.0
3766,A0AA39SRU8,/home/s241850073/igem2026/results/clipzyme_native_extension_v1/structures/af_v6/AF-A0AA39SRU8-F1-model_v6.cif,0.99999994
3767,A0AA39SSI8,/home/s241850073/igem2026/results/clipzyme_native_extension_v1/structures/af_v6/AF-A0AA39SSI8-F1-model_v6.cif,1.0
3768,A0AA39SVS8,/home/s241850073/igem2026/results/clipzyme_native_extension_v1/structures/af_v6/AF-A0AA39SVS8-F1-model_v6.cif,0.99999994
3769,A0AA39SZM0,/home/s241850073/igem2026/results/clipzyme_native_extension_v1/structures/af_v6/AF-A0AA39SZM0-F1-model_v6.cif,1.0
3770,A0AA39T0H1,/home/s241850073/igem2026/results/clipzyme_native_extension_v1/structures/af_v6/AF-A0AA39T0H1-F1-model_v6.cif,0.99999994
3771,A0AA39T4V6,/home/s241850073/igem2026/results/clipzyme_native_extension_v1/structures/af_v6/AF-A0AA39T4V6-F1-model_v6.cif,1.0
3772,A0AA39UC45,/home/s241850073/igem2026/results/clipzyme_native_extension_v1/structures/af_v6/AF-A0AA39UC45-F1-model_v6.cif,1.0
3773,A0AA39V6T3,/home/s241850073/igem2026/results/clipzyme_native_extension_v1/structures/af_v6/AF-A0AA39V6T3-F1-model_v6.cif,1.0
3774,A0AA39V7F2,/home/s241850073/igem2026/results/clipzyme_native_extension_v1/structures/af_v6/AF-A0AA39V7F2-F1-model_v6.cif,1.0
3775,A0AA39V8Y9,/home/s241850073/igem2026/results/clipzyme_native_extension_v1/structures/af_v6/AF-A0AA39V8Y9-F1-model_v6.cif,1.0
3776,A0AA39V9J5,/home/s241850073/igem2026/results/clipzyme_native_extension_v1/structures/af_v6/AF-A0AA39V9J5-F1-model_v6.cif,1.0
3777,A0AA39VSK5,/home/s241850073/igem2026/results/clipzyme_native_extension_v1/structures/af_v6/AF-A0AA39VSK5-F1-model_v6.cif,1.0
3778,A0AA39W146,/home/s241850073/igem2026/results/clipzyme_native_extension_v1/structures/af_v6/AF-A0AA39W146-F1-model_v6.cif,1.0
3779,A0AA39W4Q5,/home/s241850073/igem2026/results/clipzyme_native_extension_v1/structures/af_v6/AF-A0AA39W4Q5-F1-model_v6.cif,1.0
3780,A0AA39WA81,/home/s241850073/igem2026/results/clipzyme_native_extension_v1/structures/af_v6/AF-A0AA39WA81-F1-model_v6.cif,1.0
3781,A0AA39WD74,/home/s241850073/igem2026/results/clipzyme_native_extension_v1/structures/af_v6/AF-A0AA39WD74-F1-model_v6.cif,1.0
3782,A0AA39WR77,/home/s241850073/igem2026/results/clipzyme_native_extension_v1/structures/af_v6/AF-A0AA39WR77-F1-model_v6.cif,1.0
3783,A0AA39WS90,/home/s241850073/igem2026/results/clipzyme_native_extension_v1/structures/af_v6/AF-A0AA39WS90-F1-model_v6.cif,1.0
3784,A0AA39WYP8,/home/s241850073/igem2026/results/clipzyme_native_extension_v1/structures/af_v6/AF-A0AA39WYP8-F1-model_v6.cif,1.0
3785,A0AA39XR23,/home/s241850073/igem2026/results/clipzyme_native_extension_v1/structures/af_v6/AF-A0AA39XR23-F1-model_v6.cif,1.0
3786,A0AA39XT28,/home/s241850073/igem2026/results/clipzyme_native_extension_v1/structures/af_v6/AF-A0AA39XT28-F1-model_v6.cif,0.99999994
3787,A0AA39XVX3,/home/s241850073/igem2026/results/clipzyme_native_extension_v1/structures/af_v6/AF-A0AA39XVX3-F1-model_v6.cif,1.0
3788,A0AA39Y0P0,/home/s241850073/igem2026/results/clipzyme_native_extension_v1/structures/af_v6/AF-A0AA39Y0P0-F1-model_v6.cif,1.0
3789,A0AA39Y0Q6,/home/s241850073/igem2026/results/clipzyme_native_extension_v1/structures/af_v6/AF-A0AA39Y0Q6-F1-model_v6.cif,0.99999994
3790,A0AA39ZJ55,/home/s241850073/igem2026/results/clipzyme_native_extension_v1/structures/af_v6/AF-A0AA39ZJ55-F1-model_v6.cif,1.0
3791,A0AA40A677,/home/s241850073/igem2026/results/clipzyme_native_extension_v1/structures/af_v6/AF-A0AA40A677-F1-model_v6.cif,1.0
3792,A0AA40AJ01,/home/s241850073/igem2026/results/clipzyme_native_extension_v1/structures/af_v6/AF-A0AA40AJ01-F1-model_v6.cif,1.0
3793,A0AA40B1U7,/home/s241850073/igem2026/results/clipzyme_native_extension_v1/structures/af_v6/AF-A0AA40B1U7-F1-model_v6.cif,1.0
3794,A0AA40BYR8,/home/s241850073/igem2026/results/clipzyme_native_extension_v1/structures/af_v6/AF-A0AA40BYR8-F1-model_v6.cif,0.99999994
3795,A0AA40C0C7,/home/s241850073/igem2026/results/clipzyme_native_extension_v1/structures/af_v6/AF-A0AA40C0C7-F1-model_v6.cif,1.0
3796,A0AA40C9H6,/home/s241850073/igem2026/results/clipzyme_native_extension_v1/structures/af_v6/AF-A0AA40C9H6-F1-model_v6.cif,0.9999999
3797,A0AA40CX74,/home/s241850073/igem2026/results/clipzyme_native_extension_v1/structures/af_v6/AF-A0AA40CX74-F1-model_v6.cif,1.0
3798,A0AA40D305,/home/s241850073/igem2026/results/clipzyme_native_extension_v1/structures/af_v6/AF-A0AA40D305-F1-model_v6.cif,1.0
3799,A0AA40DNI2,/home/s241850073/igem2026/results/clipzyme_native_extension_v1/structures/af_v6/AF-A0AA40DNI2-F1-model_v6.cif,1.0
3800,A0AA40EHF9,/home/s241850073/igem2026/results/clipzyme_native_extension_v1/structures/af_v6/AF-A0AA40EHF9-F1-model_v6.cif,1.0
3801,A0AA40ESQ0,/home/s241850073/igem2026/results/clipzyme_native_extension_v1/structures/af_v6/AF-A0AA40ESQ0-F1-model_v6.cif,1.0
3802,A0AA40KA05,/home/s241850073/igem2026/results/clipzyme_native_extension_v1/structures/af_v6/AF-A0AA40KA05-F1-model_v6.cif,1.0
3803,A0AA40KDE8,/home/s241850073/igem2026/results/clipzyme_native_extension_v1/structures/af_v6/AF-A0AA40KDE8-F1-model_v6.cif,1.0
3804,A0AA41SCV2,/home/s241850073/igem2026/results/clipzyme_native_extension_v1/structures/af_v6/AF-A0AA41SCV2-F1-model_v6.cif,1.0
3805,A0AA41U2S2,/home/s241850073/igem2026/results/clipzyme_native_extension_v1/structures/af_v6/AF-A0AA41U2S2-F1-model_v6.cif,1.0
3806,A0AA41VIU2,/home/s241850073/igem2026/results/clipzyme_native_extension_v1/structures/af_v6/AF-A0AA41VIU2-F1-model_v6.cif,0.99999994
3807,A0AA41VPQ7,/home/s241850073/igem2026/results/clipzyme_native_extension_v1/structures/af_v6/AF-A0AA41VPQ7-F1-model_v6.cif,1.0000001
3808,A0AA43QVJ7,/home/s241850073/igem2026/results/clipzyme_native_extension_v1/structures/af_v6/AF-A0AA43QVJ7-F1-model_v6.cif,1.0
3809,A0AA82WP13,/home/s241850073/igem2026/results/clipzyme_native_extension_v1/structures/af_v6/AF-A0AA82WP13-F1-model_v6.cif,1.0
3810,A0AA86N0Y4,/home/s241850073/igem2026/results/clipzyme_native_extension_v1/structures/af_v6/AF-A0AA86N0Y4-F1-model_v6.cif,1.0
3811,A0AA86RYM4,/home/s241850073/igem2026/results/clipzyme_native_extension_v1/structures/af_v6/AF-A0AA86RYM4-F1-model_v6.cif,1.0
3812,A0AA86S0I7,/home/s241850073/igem2026/results/clipzyme_native_extension_v1/structures/af_v6/AF-A0AA86S0I7-F1-model_v6.cif,1.0
3813,A0AA86T060,/home/s241850073/igem2026/results/clipzyme_native_extension_v1/structures/af_v6/AF-A0AA86T060-F1-model_v6.cif,0.99999994
3814,A0AA86VFY2,/home/s241850073/igem2026/results/clipzyme_native_extension_v1/structures/af_v6/AF-A0AA86VFY2-F1-model_v6.cif,1.0
3815,A0AA87YZP7,/home/s241850073/igem2026/results/clipzyme_native_extension_v1/structures/af_v6/AF-A0AA87YZP7-F1-model_v6.cif,0.99999994
3816,A0AA87ZDY2,/home/s241850073/igem2026/results/clipzyme_native_extension_v1/structures/af_v6/AF-A0AA87ZDY2-F1-model_v6.cif,1.0
3817,A0AA88ABZ6,/home/s241850073/igem2026/results/clipzyme_native_extension_v1/structures/af_v6/AF-A0AA88ABZ6-F1-model_v6.cif,1.0
3818,A0AA88CMP1,/home/s241850073/igem2026/results/clipzyme_native_extension_v1/structures/af_v6/AF-A0AA88CMP1-F1-model_v6.cif,1.0
3819,A0AA88CQB5,/home/s241850073/igem2026/results/clipzyme_native_extension_v1/structures/af_v6/AF-A0AA88CQB5-F1-model_v6.cif,1.0
3820,A0AA88D9P2,/home/s241850073/igem2026/results/clipzyme_native_extension_v1/structures/af_v6/AF-A0AA88D9P2-F1-model_v6.cif,1.0
3821,A0AA88E3C6,/home/s241850073/igem2026/results/clipzyme_native_extension_v1/structures/af_v6/AF-A0AA88E3C6-F1-model_v6.cif,1.0000001
3822,A0AA88E981,/home/s241850073/igem2026/results/clipzyme_native_extension_v1/structures/af_v6/AF-A0AA88E981-F1-model_v6.cif,1.0
3823,A0AA88JCE1,/home/s241850073/igem2026/results/clipzyme_native_extension_v1/structures/af_v6/AF-A0AA88JCE1-F1-model_v6.cif,1.0
3824,A0AA88JEK9,/home/s241850073/igem2026/results/clipzyme_native_extension_v1/structures/af_v6/AF-A0AA88JEK9-F1-model_v6.cif,0.99999994
3825,A0AA88MM49,/home/s241850073/igem2026/results/clipzyme_native_extension_v1/structures/af_v6/AF-A0AA88MM49-F1-model_v6.cif,1.0
3826,A0AA88QY70,/home/s241850073/igem2026/results/clipzyme_native_extension_v1/structures/af_v6/AF-A0AA88QY70-F1-model_v6.cif,1.0
3827,A0AA88QYM5,/home/s241850073/igem2026/results/clipzyme_native_extension_v1/structures/af_v6/AF-A0AA88QYM5-F1-model_v6.cif,1.0
3828,A0AA88R5M0,/home/s241850073/igem2026/results/clipzyme_native_extension_v1/structures/af_v6/AF-A0AA88R5M0-F1-model_v6.cif,1.0
3829,A0AA88R9Q7,/home/s241850073/igem2026/results/clipzyme_native_extension_v1/structures/af_v6/AF-A0AA88R9Q7-F1-model_v6.cif,0.99999994
3830,A0AA88RQV3,/home/s241850073/igem2026/results/clipzyme_native_extension_v1/structures/af_v6/AF-A0AA88RQV3-F1-model_v6.cif,1.0
3831,A0AA88SEE4,/home/s241850073/igem2026/results/clipzyme_native_extension_v1/structures/af_v6/AF-A0AA88SEE4-F1-model_v6.cif,1.0
3832,A0AA88U636,/home/s241850073/igem2026/results/clipzyme_native_extension_v1/structures/af_v6/AF-A0AA88U636-F1-model_v6.cif,1.0
3833,A0AA88UZH6,/home/s241850073/igem2026/results/clipzyme_native_extension_v1/structures/af_v6/AF-A0AA88UZH6-F1-model_v6.cif,1.0
3834,A0AA88VHV8,/home/s241850073/igem2026/results/clipzyme_native_extension_v1/structures/af_v6/AF-A0AA88VHV8-F1-model_v6.cif,1.0
3835,A0AA88WBK2,/home/s241850073/igem2026/results/clipzyme_native_extension_v1/structures/af_v6/AF-A0AA88WBK2-F1-model_v6.cif,1.0
3836,A0AA88WDV1,/home/s241850073/igem2026/results/clipzyme_native_extension_v1/structures/af_v6/AF-A0AA88WDV1-F1-model_v6.cif,0.99999994
3837,A0AA88WGE6,/home/s241850073/igem2026/results/clipzyme_native_extension_v1/structures/af_v6/AF-A0AA88WGE6-F1-model_v6.cif,1.0
3838,A0AA88WWT9,/home/s241850073/igem2026/results/clipzyme_native_extension_v1/structures/af_v6/AF-A0AA88WWT9-F1-model_v6.cif,1.0
3839,A0AA88X0W2,/home/s241850073/igem2026/results/clipzyme_native_extension_v1/structures/af_v6/AF-A0AA88X0W2-F1-model_v6.cif,1.0
3840,A0AA88X307,/home/s241850073/igem2026/results/clipzyme_native_extension_v1/structures/af_v6/AF-A0AA88X307-F1-model_v6.cif,1.0
3841,A0AA89AD08,/home/s241850073/igem2026/results/clipzyme_native_extension_v1/structures/af_v6/AF-A0AA89AD08-F1-model_v6.cif,0.99999994
3842,A0AA95ZA50,/home/s241850073/igem2026/results/clipzyme_native_extension_v1/structures/af_v6/AF-A0AA95ZA50-F1-model_v6.cif,0.99999994
3843,A0AA95ZA63,/home/s241850073/igem2026/results/clipzyme_native_extension_v1/structures/af_v6/AF-A0AA95ZA63-F1-model_v6.cif,1.0
3844,A0AA95ZAA2,/home/s241850073/igem2026/results/clipzyme_native_extension_v1/structures/af_v6/AF-A0AA95ZAA2-F1-model_v6.cif,0.99999994
3845,A0AA95ZAE5,/home/s241850073/igem2026/results/clipzyme_native_extension_v1/structures/af_v6/AF-A0AA95ZAE5-F1-model_v6.cif,1.0
3846,A0AA95ZAF0,/home/s241850073/igem2026/results/clipzyme_native_extension_v1/structures/af_v6/AF-A0AA95ZAF0-F1-model_v6.cif,1.0
3847,A0AA95ZAF8,/home/s241850073/igem2026/results/clipzyme_native_extension_v1/structures/af_v6/AF-A0AA95ZAF8-F1-model_v6.cif,0.99999994
3848,A0AA95ZAJ5,/home/s241850073/igem2026/results/clipzyme_native_extension_v1/structures/af_v6/AF-A0AA95ZAJ5-F1-model_v6.cif,1.0
3849,A0AA95ZAL3,/home/s241850073/igem2026/results/clipzyme_native_extension_v1/structures/af_v6/AF-A0AA95ZAL3-F1-model_v6.cif,0.9999999
3850,A0AA95ZAY3,/home/s241850073/igem2026/results/clipzyme_native_extension_v1/structures/af_v6/AF-A0AA95ZAY3-F1-model_v6.cif,1.0
3851,A0AA95ZB33,/home/s241850073/igem2026/results/clipzyme_native_extension_v1/structures/af_v6/AF-A0AA95ZB33-F1-model_v6.cif,0.99999994
3852,A0AA95ZBB8,/home/s241850073/igem2026/results/clipzyme_native_extension_v1/structures/af_v6/AF-A0AA95ZBB8-F1-model_v6.cif,0.99999994
3853,A0AA95ZDX2,/home/s241850073/igem2026/results/clipzyme_native_extension_v1/structures/af_v6/AF-A0AA95ZDX2-F1-model_v6.cif,0.99999994
3854,A0AA95ZDY2,/home/s241850073/igem2026/results/clipzyme_native_extension_v1/structures/af_v6/AF-A0AA95ZDY2-F1-model_v6.cif,1.0
3855,A0AA95ZDY8,/home/s241850073/igem2026/results/clipzyme_native_extension_v1/structures/af_v6/AF-A0AA95ZDY8-F1-model_v6.cif,1.0
3856,A0AA96C6Z0,/home/s241850073/igem2026/results/clipzyme_native_extension_v1/structures/af_v6/AF-A0AA96C6Z0-F1-model_v6.cif,1.0
3857,A0AA96C7I8,/home/s241850073/igem2026/results/clipzyme_native_extension_v1/structures/af_v6/AF-A0AA96C7I8-F1-model_v6.cif,1.0
3858,A0AA96C7L5,/home/s241850073/igem2026/results/clipzyme_native_extension_v1/structures/af_v6/AF-A0AA96C7L5-F1-model_v6.cif,1.0
3859,A0AAC8Q7T8,/home/s241850073/igem2026/results/clipzyme_native_extension_v1/structures/af_v6/AF-A0AAC8Q7T8-F1-model_v6.cif,0.99999994
3860,A0AAC8TD70,/home/s241850073/igem2026/results/clipzyme_native_extension_v1/structures/af_v6/AF-A0AAC8TD70-F1-model_v6.cif,1.0
3861,A0AAC8TE10,/home/s241850073/igem2026/results/clipzyme_native_extension_v1/structures/af_v6/AF-A0AAC8TE10-F1-model_v6.cif,1.0
3862,A0AAC9HPA1,/home/s241850073/igem2026/results/clipzyme_native_extension_v1/structures/af_v6/AF-A0AAC9HPA1-F1-model_v6.cif,1.0
3863,A0AAD1YTE4,/home/s241850073/igem2026/results/clipzyme_native_extension_v1/structures/af_v6/AF-A0AAD1YTE4-F1-model_v6.cif,1.0
3864,A0AAD1YTG3,/home/s241850073/igem2026/results/clipzyme_native_extension_v1/structures/af_v6/AF-A0AAD1YTG3-F1-model_v6.cif,1.0000001
3865,A0AAD1YV67,/home/s241850073/igem2026/results/clipzyme_native_extension_v1/structures/af_v6/AF-A0AAD1YV67-F1-model_v6.cif,0.99999994
3866,A0AAD1ZM14,/home/s241850073/igem2026/results/clipzyme_native_extension_v1/structures/af_v6/AF-A0AAD1ZM14-F1-model_v6.cif,1.0
3867,A0AAD1ZNJ8,/home/s241850073/igem2026/results/clipzyme_native_extension_v1/structures/af_v6/AF-A0AAD1ZNJ8-F1-model_v6.cif,1.0
3868,A0AAD2A9R0,/home/s241850073/igem2026/results/clipzyme_native_extension_v1/structures/af_v6/AF-A0AAD2A9R0-F1-model_v6.cif,1.0
3869,A0AAD2AEL6,/home/s241850073/igem2026/results/clipzyme_native_extension_v1/structures/af_v6/AF-A0AAD2AEL6-F1-model_v6.cif,0.99999994
3870,A0AAD2E9A2,/home/s241850073/igem2026/results/clipzyme_native_extension_v1/structures/af_v6/AF-A0AAD2E9A2-F1-model_v6.cif,0.99999994
3871,A0AAD2EBV0,/home/s241850073/igem2026/results/clipzyme_native_extension_v1/structures/af_v6/AF-A0AAD2EBV0-F1-model_v6.cif,1.0
3872,A0AAD2GRM2,/home/s241850073/igem2026/results/clipzyme_native_extension_v1/structures/af_v6/AF-A0AAD2GRM2-F1-model_v6.cif,1.0
3873,A0AAD3D1P6,/home/s241850073/igem2026/results/clipzyme_native_extension_v1/structures/af_v6/AF-A0AAD3D1P6-F1-model_v6.cif,0.99999994
3874,A0AAD3NNU7,/home/s241850073/igem2026/results/clipzyme_native_extension_v1/structures/af_v6/AF-A0AAD3NNU7-F1-model_v6.cif,0.99999994
3875,A0AAD3NQQ7,/home/s241850073/igem2026/results/clipzyme_native_extension_v1/structures/af_v6/AF-A0AAD3NQQ7-F1-model_v6.cif,1.0
3876,A0AAD3S1T5,/home/s241850073/igem2026/results/clipzyme_native_extension_v1/structures/af_v6/AF-A0AAD3S1T5-F1-model_v6.cif,1.0000001
3877,A0AAD3T551,/home/s241850073/igem2026/results/clipzyme_native_extension_v1/structures/af_v6/AF-A0AAD3T551-F1-model_v6.cif,0.99999994
3878,A0AAD3T7F1,/home/s241850073/igem2026/results/clipzyme_native_extension_v1/structures/af_v6/AF-A0AAD3T7F1-F1-model_v6.cif,1.0
3879,A0AAD3TAI7,/home/s241850073/igem2026/results/clipzyme_native_extension_v1/structures/af_v6/AF-A0AAD3TAI7-F1-model_v6.cif,0.99999994
3880,A0AAD3TGR7,/home/s241850073/igem2026/results/clipzyme_native_extension_v1/structures/af_v6/AF-A0AAD3TGR7-F1-model_v6.cif,0.99999994
3881,A0AAD3TI36,/home/s241850073/igem2026/results/clipzyme_native_extension_v1/structures/af_v6/AF-A0AAD3TI36-F1-model_v6.cif,1.0
3882,A0AAD3TJG3,/home/s241850073/igem2026/results/clipzyme_native_extension_v1/structures/af_v6/AF-A0AAD3TJG3-F1-model_v6.cif,1.0
3883,A0AAD3XIJ2,/home/s241850073/igem2026/results/clipzyme_native_extension_v1/structures/af_v6/AF-A0AAD3XIJ2-F1-model_v6.cif,1.0
3884,A0AAD4BKG1,/home/s241850073/igem2026/results/clipzyme_native_extension_v1/structures/af_v6/AF-A0AAD4BKG1-F1-model_v6.cif,1.0
3885,A0AAD4CH37,/home/s241850073/igem2026/results/clipzyme_native_extension_v1/structures/af_v6/AF-A0AAD4CH37-F1-model_v6.cif,1.0
3886,A0AAD4CRG3,/home/s241850073/igem2026/results/clipzyme_native_extension_v1/structures/af_v6/AF-A0AAD4CRG3-F1-model_v6.cif,1.0000001
3887,A0AAD4CVC5,/home/s241850073/igem2026/results/clipzyme_native_extension_v1/structures/af_v6/AF-A0AAD4CVC5-F1-model_v6.cif,1.0
3888,A0AAD4CXJ0,/home/s241850073/igem2026/results/clipzyme_native_extension_v1/structures/af_v6/AF-A0AAD4CXJ0-F1-model_v6.cif,0.99999994
3889,A0AAD4CYV2,/home/s241850073/igem2026/results/clipzyme_native_extension_v1/structures/af_v6/AF-A0AAD4CYV2-F1-model_v6.cif,1.0
3890,A0AAD4D105,/home/s241850073/igem2026/results/clipzyme_native_extension_v1/structures/af_v6/AF-A0AAD4D105-F1-model_v6.cif,0.99999994
3891,A0AAD4ESP5,/home/s241850073/igem2026/results/clipzyme_native_extension_v1/structures/af_v6/AF-A0AAD4ESP5-F1-model_v6.cif,1.0
3892,A0AAD4F1T2,/home/s241850073/igem2026/results/clipzyme_native_extension_v1/structures/af_v6/AF-A0AAD4F1T2-F1-model_v6.cif,1.0
3893,A0AAD4GQW9,/home/s241850073/igem2026/results/clipzyme_native_extension_v1/structures/af_v6/AF-A0AAD4GQW9-F1-model_v6.cif,1.0
3894,A0AAD4JBL1,/home/s241850073/igem2026/results/clipzyme_native_extension_v1/structures/af_v6/AF-A0AAD4JBL1-F1-model_v6.cif,1.0
3895,A0AAD4LZG2,/home/s241850073/igem2026/results/clipzyme_native_extension_v1/structures/af_v6/AF-A0AAD4LZG2-F1-model_v6.cif,0.99999994
3896,A0AAD4LZX6,/home/s241850073/igem2026/results/clipzyme_native_extension_v1/structures/af_v6/AF-A0AAD4LZX6-F1-model_v6.cif,1.0
3897,A0AAD4PAV6,/home/s241850073/igem2026/results/clipzyme_native_extension_v1/structures/af_v6/AF-A0AAD4PAV6-F1-model_v6.cif,1.0
3898,A0AAD4QEH3,/home/s241850073/igem2026/results/clipzyme_native_extension_v1/structures/af_v6/AF-A0AAD4QEH3-F1-model_v6.cif,0.99999994
3899,A0AAD4STP7,/home/s241850073/igem2026/results/clipzyme_native_extension_v1/structures/af_v6/AF-A0AAD4STP7-F1-model_v6.cif,1.0
3900,A0AAD4VXC6,/home/s241850073/igem2026/results/clipzyme_native_extension_v1/structures/af_v6/AF-A0AAD4VXC6-F1-model_v6.cif,1.0
3901,A0AAD4VY10,/home/s241850073/igem2026/results/clipzyme_native_extension_v1/structures/af_v6/AF-A0AAD4VY10-F1-model_v6.cif,0.99999994
3902,A0AAD4VY80,/home/s241850073/igem2026/results/clipzyme_native_extension_v1/structures/af_v6/AF-A0AAD4VY80-F1-model_v6.cif,0.9999999
3903,A0AAD4VYA5,/home/s241850073/igem2026/results/clipzyme_native_extension_v1/structures/af_v6/AF-A0AAD4VYA5-F1-model_v6.cif,1.0
3904,A0AAD4VYJ0,/home/s241850073/igem2026/results/clipzyme_native_extension_v1/structures/af_v6/AF-A0AAD4VYJ0-F1-model_v6.cif,0.99999994
3905,A0AAD4VZC4,/home/s241850073/igem2026/results/clipzyme_native_extension_v1/structures/af_v6/AF-A0AAD4VZC4-F1-model_v6.cif,1.0
3906,A0AAD4W0N1,/home/s241850073/igem2026/results/clipzyme_native_extension_v1/structures/af_v6/AF-A0AAD4W0N1-F1-model_v6.cif,1.0
3907,A0AAD4W0U3,/home/s241850073/igem2026/results/clipzyme_native_extension_v1/structures/af_v6/AF-A0AAD4W0U3-F1-model_v6.cif,1.0
3908,A0AAD4Z6A8,/home/s241850073/igem2026/results/clipzyme_native_extension_v1/structures/af_v6/AF-A0AAD4Z6A8-F1-model_v6.cif,1.0
3909,A0AAD4ZC24,/home/s241850073/igem2026/results/clipzyme_native_extension_v1/structures/af_v6/AF-A0AAD4ZC24-F1-model_v6.cif,1.0
3910,A0AAD5BJU6,/home/s241850073/igem2026/results/clipzyme_native_extension_v1/structures/af_v6/AF-A0AAD5BJU6-F1-model_v6.cif,1.0
3911,A0AAD5BTV9,/home/s241850073/igem2026/results/clipzyme_native_extension_v1/structures/af_v6/AF-A0AAD5BTV9-F1-model_v6.cif,1.0
3912,A0AAD5CR18,/home/s241850073/igem2026/results/clipzyme_native_extension_v1/structures/af_v6/AF-A0AAD5CR18-F1-model_v6.cif,0.99999994
3913,A0AAD5CRM0,/home/s241850073/igem2026/results/clipzyme_native_extension_v1/structures/af_v6/AF-A0AAD5CRM0-F1-model_v6.cif,0.99999994
3914,A0AAD5DBS3,/home/s241850073/igem2026/results/clipzyme_native_extension_v1/structures/af_v6/AF-A0AAD5DBS3-F1-model_v6.cif,1.0
3915,A0AAD5GAU4,/home/s241850073/igem2026/results/clipzyme_native_extension_v1/structures/af_v6/AF-A0AAD5GAU4-F1-model_v6.cif,0.99999994
3916,A0AAD5GLR1,/home/s241850073/igem2026/results/clipzyme_native_extension_v1/structures/af_v6/AF-A0AAD5GLR1-F1-model_v6.cif,0.99999994
3917,A0AAD5GNY3,/home/s241850073/igem2026/results/clipzyme_native_extension_v1/structures/af_v6/AF-A0AAD5GNY3-F1-model_v6.cif,1.0
3918,A0AAD5J273,/home/s241850073/igem2026/results/clipzyme_native_extension_v1/structures/af_v6/AF-A0AAD5J273-F1-model_v6.cif,1.0
3919,A0AAD5J460,/home/s241850073/igem2026/results/clipzyme_native_extension_v1/structures/af_v6/AF-A0AAD5J460-F1-model_v6.cif,1.0
3920,A0AAD5JF24,/home/s241850073/igem2026/results/clipzyme_native_extension_v1/structures/af_v6/AF-A0AAD5JF24-F1-model_v6.cif,1.0
3921,A0AAD5JPQ8,/home/s241850073/igem2026/results/clipzyme_native_extension_v1/structures/af_v6/AF-A0AAD5JPQ8-F1-model_v6.cif,1.0
3922,A0AAD5NGJ5,/home/s241850073/igem2026/results/clipzyme_native_extension_v1/structures/af_v6/AF-A0AAD5NGJ5-F1-model_v6.cif,0.99999994
3923,A0AAD5NX23,/home/s241850073/igem2026/results/clipzyme_native_extension_v1/structures/af_v6/AF-A0AAD5NX23-F1-model_v6.cif,0.99999994
3924,A0AAD5NXR0,/home/s241850073/igem2026/results/clipzyme_native_extension_v1/structures/af_v6/AF-A0AAD5NXR0-F1-model_v6.cif,0.99999994
3925,A0AAD5P3A3,/home/s241850073/igem2026/results/clipzyme_native_extension_v1/structures/af_v6/AF-A0AAD5P3A3-F1-model_v6.cif,1.0
3926,A0AAD5UX26,/home/s241850073/igem2026/results/clipzyme_native_extension_v1/structures/af_v6/AF-A0AAD5UX26-F1-model_v6.cif,1.0
3927,A0AAD5V4B2,/home/s241850073/igem2026/results/clipzyme_native_extension_v1/structures/af_v6/AF-A0AAD5V4B2-F1-model_v6.cif,0.99999994
3928,A0AAD5V4K8,/home/s241850073/igem2026/results/clipzyme_native_extension_v1/structures/af_v6/AF-A0AAD5V4K8-F1-model_v6.cif,1.0
3929,A0AAD5V4M6,/home/s241850073/igem2026/results/clipzyme_native_extension_v1/structures/af_v6/AF-A0AAD5V4M6-F1-model_v6.cif,1.0
3930,A0AAD5VBE6,/home/s241850073/igem2026/results/clipzyme_native_extension_v1/structures/af_v6/AF-A0AAD5VBE6-F1-model_v6.cif,1.0
3931,A0AAD5W226,/home/s241850073/igem2026/results/clipzyme_native_extension_v1/structures/af_v6/AF-A0AAD5W226-F1-model_v6.cif,1.0
3932,A0AAD5WFB5,/home/s241850073/igem2026/results/clipzyme_native_extension_v1/structures/af_v6/AF-A0AAD5WFB5-F1-model_v6.cif,1.0
3933,A0AAD5XIJ0,/home/s241850073/igem2026/results/clipzyme_native_extension_v1/structures/af_v6/AF-A0AAD5XIJ0-F1-model_v6.cif,0.9999999
3934,A0AAD5ZGH1,/home/s241850073/igem2026/results/clipzyme_native_extension_v1/structures/af_v6/AF-A0AAD5ZGH1-F1-model_v6.cif,0.9999999
3935,A0AAD5ZGH3,/home/s241850073/igem2026/results/clipzyme_native_extension_v1/structures/af_v6/AF-A0AAD5ZGH3-F1-model_v6.cif,1.0
3936,A0AAD5ZGJ7,/home/s241850073/igem2026/results/clipzyme_native_extension_v1/structures/af_v6/AF-A0AAD5ZGJ7-F1-model_v6.cif,1.0
3937,A0AAD5ZGX9,/home/s241850073/igem2026/results/clipzyme_native_extension_v1/structures/af_v6/AF-A0AAD5ZGX9-F1-model_v6.cif,1.0
3938,A0AAD6EME1,/home/s241850073/igem2026/results/clipzyme_native_extension_v1/structures/af_v6/AF-A0AAD6EME1-F1-model_v6.cif,1.0
3939,A0AAD6GEC2,/home/s241850073/igem2026/results/clipzyme_native_extension_v1/structures/af_v6/AF-A0AAD6GEC2-F1-model_v6.cif,1.0
3940,A0AAD6GEK4,/home/s241850073/igem2026/results/clipzyme_native_extension_v1/structures/af_v6/AF-A0AAD6GEK4-F1-model_v6.cif,1.0
3941,A0AAD6GPV6,/home/s241850073/igem2026/results/clipzyme_native_extension_v1/structures/af_v6/AF-A0AAD6GPV6-F1-model_v6.cif,0.9999999
3942,A0AAD6H1W6,/home/s241850073/igem2026/results/clipzyme_native_extension_v1/structures/af_v6/AF-A0AAD6H1W6-F1-model_v6.cif,1.0
3943,A0AAD6I3A1,/home/s241850073/igem2026/results/clipzyme_native_extension_v1/structures/af_v6/AF-A0AAD6I3A1-F1-model_v6.cif,0.99999994
3944,A0AAD6IUR6,/home/s241850073/igem2026/results/clipzyme_native_extension_v1/structures/af_v6/AF-A0AAD6IUR6-F1-model_v6.cif,0.99999994
3945,A0AAD6L741,/home/s241850073/igem2026/results/clipzyme_native_extension_v1/structures/af_v6/AF-A0AAD6L741-F1-model_v6.cif,1.0
3946,A0AAD6M7A3,/home/s241850073/igem2026/results/clipzyme_native_extension_v1/structures/af_v6/AF-A0AAD6M7A3-F1-model_v6.cif,0.99999994
3947,A0AAD6MTW7,/home/s241850073/igem2026/results/clipzyme_native_extension_v1/structures/af_v6/AF-A0AAD6MTW7-F1-model_v6.cif,1.0
3948,A0AAD6N647,/home/s241850073/igem2026/results/clipzyme_native_extension_v1/structures/af_v6/AF-A0AAD6N647-F1-model_v6.cif,0.99999994
3949,A0AAD6N6W1,/home/s241850073/igem2026/results/clipzyme_native_extension_v1/structures/af_v6/AF-A0AAD6N6W1-F1-model_v6.cif,1.0
3950,A0AAD6NN10,/home/s241850073/igem2026/results/clipzyme_native_extension_v1/structures/af_v6/AF-A0AAD6NN10-F1-model_v6.cif,0.99999994
3951,A0AAD6NQM0,/home/s241850073/igem2026/results/clipzyme_native_extension_v1/structures/af_v6/AF-A0AAD6NQM0-F1-model_v6.cif,1.0
3952,A0AAD6PKF3,/home/s241850073/igem2026/results/clipzyme_native_extension_v1/structures/af_v6/AF-A0AAD6PKF3-F1-model_v6.cif,1.0
3953,A0AAD6S5C0,/home/s241850073/igem2026/results/clipzyme_native_extension_v1/structures/af_v6/AF-A0AAD6S5C0-F1-model_v6.cif,1.0
3954,A0AAD6UEL7,/home/s241850073/igem2026/results/clipzyme_native_extension_v1/structures/af_v6/AF-A0AAD6UEL7-F1-model_v6.cif,1.0
3955,A0AAD6UIC7,/home/s241850073/igem2026/results/clipzyme_native_extension_v1/structures/af_v6/AF-A0AAD6UIC7-F1-model_v6.cif,0.99999994
3956,A0AAD6UQ81,/home/s241850073/igem2026/results/clipzyme_native_extension_v1/structures/af_v6/AF-A0AAD6UQ81-F1-model_v6.cif,1.0
3957,A0AAD6VKP1,/home/s241850073/igem2026/results/clipzyme_native_extension_v1/structures/af_v6/AF-A0AAD6VKP1-F1-model_v6.cif,1.0
3958,A0AAD6W6D5,/home/s241850073/igem2026/results/clipzyme_native_extension_v1/structures/af_v6/AF-A0AAD6W6D5-F1-model_v6.cif,1.0
3959,A0AAD6Y734,/home/s241850073/igem2026/results/clipzyme_native_extension_v1/structures/af_v6/AF-A0AAD6Y734-F1-model_v6.cif,0.99999994
3960,A0AAD6YR17,/home/s241850073/igem2026/results/clipzyme_native_extension_v1/structures/af_v6/AF-A0AAD6YR17-F1-model_v6.cif,0.99999994
3961,A0AAD6YZG3,/home/s241850073/igem2026/results/clipzyme_native_extension_v1/structures/af_v6/AF-A0AAD6YZG3-F1-model_v6.cif,1.0
3962,A0AAD7CDT9,/home/s241850073/igem2026/results/clipzyme_native_extension_v1/structures/af_v6/AF-A0AAD7CDT9-F1-model_v6.cif,0.99999994
3963,A0AAD7EMB5,/home/s241850073/igem2026/results/clipzyme_native_extension_v1/structures/af_v6/AF-A0AAD7EMB5-F1-model_v6.cif,0.99999994
3964,A0AAD7EUS8,/home/s241850073/igem2026/results/clipzyme_native_extension_v1/structures/af_v6/AF-A0AAD7EUS8-F1-model_v6.cif,1.0
3965,A0AAD7EY29,/home/s241850073/igem2026/results/clipzyme_native_extension_v1/structures/af_v6/AF-A0AAD7EY29-F1-model_v6.cif,1.0
3966,A0AAD7EZG7,/home/s241850073/igem2026/results/clipzyme_native_extension_v1/structures/af_v6/AF-A0AAD7EZG7-F1-model_v6.cif,0.99999994
3967,A0AAD7FWT9,/home/s241850073/igem2026/results/clipzyme_native_extension_v1/structures/af_v6/AF-A0AAD7FWT9-F1-model_v6.cif,1.0
3968,A0AAD7G1R7,/home/s241850073/igem2026/results/clipzyme_native_extension_v1/structures/af_v6/AF-A0AAD7G1R7-F1-model_v6.cif,0.99999994
3969,A0AAD7HPD0,/home/s241850073/igem2026/results/clipzyme_native_extension_v1/structures/af_v6/AF-A0AAD7HPD0-F1-model_v6.cif,1.0
3970,A0AAD7IUJ6,/home/s241850073/igem2026/results/clipzyme_native_extension_v1/structures/af_v6/AF-A0AAD7IUJ6-F1-model_v6.cif,1.0
3971,A0AAD7J8M1,/home/s241850073/igem2026/results/clipzyme_native_extension_v1/structures/af_v6/AF-A0AAD7J8M1-F1-model_v6.cif,0.99999994
3972,A0AAD7KYG4,/home/s241850073/igem2026/results/clipzyme_native_extension_v1/structures/af_v6/AF-A0AAD7KYG4-F1-model_v6.cif,0.99999994
3973,A0AAD7L0C2,/home/s241850073/igem2026/results/clipzyme_native_extension_v1/structures/af_v6/AF-A0AAD7L0C2-F1-model_v6.cif,1.0
3974,A0AAD7L252,/home/s241850073/igem2026/results/clipzyme_native_extension_v1/structures/af_v6/AF-A0AAD7L252-F1-model_v6.cif,0.99999994
3975,A0AAD7L2N0,/home/s241850073/igem2026/results/clipzyme_native_extension_v1/structures/af_v6/AF-A0AAD7L2N0-F1-model_v6.cif,1.0
3976,A0AAD7L2T5,/home/s241850073/igem2026/results/clipzyme_native_extension_v1/structures/af_v6/AF-A0AAD7L2T5-F1-model_v6.cif,0.9999999
3977,A0AAD7LNK5,/home/s241850073/igem2026/results/clipzyme_native_extension_v1/structures/af_v6/AF-A0AAD7LNK5-F1-model_v6.cif,0.99999994
3978,A0AAD7M1W6,/home/s241850073/igem2026/results/clipzyme_native_extension_v1/structures/af_v6/AF-A0AAD7M1W6-F1-model_v6.cif,1.0
3979,A0AAD7M262,/home/s241850073/igem2026/results/clipzyme_native_extension_v1/structures/af_v6/AF-A0AAD7M262-F1-model_v6.cif,0.99999994
3980,A0AAD7PD79,/home/s241850073/igem2026/results/clipzyme_native_extension_v1/structures/af_v6/AF-A0AAD7PD79-F1-model_v6.cif,1.0
3981,A0AAD7PGE0,/home/s241850073/igem2026/results/clipzyme_native_extension_v1/structures/af_v6/AF-A0AAD7PGE0-F1-model_v6.cif,0.99999994
3982,A0AAD7PUU1,/home/s241850073/igem2026/results/clipzyme_native_extension_v1/structures/af_v6/AF-A0AAD7PUU1-F1-model_v6.cif,1.0
3983,A0AAD7PVG7,/home/s241850073/igem2026/results/clipzyme_native_extension_v1/structures/af_v6/AF-A0AAD7PVG7-F1-model_v6.cif,1.0
3984,A0AAD7Q9F8,/home/s241850073/igem2026/results/clipzyme_native_extension_v1/structures/af_v6/AF-A0AAD7Q9F8-F1-model_v6.cif,1.0
3985,A0AAD7QHI0,/home/s241850073/igem2026/results/clipzyme_native_extension_v1/structures/af_v6/AF-A0AAD7QHI0-F1-model_v6.cif,0.99999994
3986,A0AAD7QHM7,/home/s241850073/igem2026/results/clipzyme_native_extension_v1/structures/af_v6/AF-A0AAD7QHM7-F1-model_v6.cif,1.0
3987,A0AAD7QHW1,/home/s241850073/igem2026/results/clipzyme_native_extension_v1/structures/af_v6/AF-A0AAD7QHW1-F1-model_v6.cif,1.0
3988,A0AAD7TFZ7,/home/s241850073/igem2026/results/clipzyme_native_extension_v1/structures/af_v6/AF-A0AAD7TFZ7-F1-model_v6.cif,0.99999994
3989,A0AAD7TKG4,/home/s241850073/igem2026/results/clipzyme_native_extension_v1/structures/af_v6/AF-A0AAD7TKG4-F1-model_v6.cif,0.99999994
3990,A0AAD7TUV7,/home/s241850073/igem2026/results/clipzyme_native_extension_v1/structures/af_v6/AF-A0AAD7TUV7-F1-model_v6.cif,1.0
3991,A0AAD7U3H1,/home/s241850073/igem2026/results/clipzyme_native_extension_v1/structures/af_v6/AF-A0AAD7U3H1-F1-model_v6.cif,1.0
3992,A0AAD7VN08,/home/s241850073/igem2026/results/clipzyme_native_extension_v1/structures/af_v6/AF-A0AAD7VN08-F1-model_v6.cif,1.0
3993,A0AAD7XEF8,/home/s241850073/igem2026/results/clipzyme_native_extension_v1/structures/af_v6/AF-A0AAD7XEF8-F1-model_v6.cif,1.0
3994,A0AAD7XG49,/home/s241850073/igem2026/results/clipzyme_native_extension_v1/structures/af_v6/AF-A0AAD7XG49-F1-model_v6.cif,1.0
3995,A0AAD8GQ42,/home/s241850073/igem2026/results/clipzyme_native_extension_v1/structures/af_v6/AF-A0AAD8GQ42-F1-model_v6.cif,0.99999994
3996,A0AAD8HDM3,/home/s241850073/igem2026/results/clipzyme_native_extension_v1/structures/af_v6/AF-A0AAD8HDM3-F1-model_v6.cif,1.0
3997,A0AAD8HGG6,/home/s241850073/igem2026/results/clipzyme_native_extension_v1/structures/af_v6/AF-A0AAD8HGG6-F1-model_v6.cif,1.0
3998,A0AAD8HK02,/home/s241850073/igem2026/results/clipzyme_native_extension_v1/structures/af_v6/AF-A0AAD8HK02-F1-model_v6.cif,0.99999994
3999,A0AAD8HLA6,/home/s241850073/igem2026/results/clipzyme_native_extension_v1/structures/af_v6/AF-A0AAD8HLA6-F1-model_v6.cif,0.9999999
4000,A0AAD8HLR0,/home/s241850073/igem2026/results/clipzyme_native_extension_v1/structures/af_v6/AF-A0AAD8HLR0-F1-model_v6.cif,1.0
4001,A0AAD8HV89,/home/s241850073/igem2026/results/clipzyme_native_extension_v1/structures/af_v6/AF-A0AAD8HV89-F1-model_v6.cif,0.99999994
4002,A0AAD8I768,/home/s241850073/igem2026/results/clipzyme_native_extension_v1/structures/af_v6/AF-A0AAD8I768-F1-model_v6.cif,1.0
4003,A0AAD8I9U0,/home/s241850073/igem2026/results/clipzyme_native_extension_v1/structures/af_v6/AF-A0AAD8I9U0-F1-model_v6.cif,1.0
4004,A0AAD8IA85,/home/s241850073/igem2026/results/clipzyme_native_extension_v1/structures/af_v6/AF-A0AAD8IA85-F1-model_v6.cif,1.0
4005,A0AAD8IAG1,/home/s241850073/igem2026/results/clipzyme_native_extension_v1/structures/af_v6/AF-A0AAD8IAG1-F1-model_v6.cif,1.0
4006,A0AAD8IAK3,/home/s241850073/igem2026/results/clipzyme_native_extension_v1/structures/af_v6/AF-A0AAD8IAK3-F1-model_v6.cif,0.99999994
4007,A0AAD8ICF8,/home/s241850073/igem2026/results/clipzyme_native_extension_v1/structures/af_v6/AF-A0AAD8ICF8-F1-model_v6.cif,1.0
4008,A0AAD8J3L3,/home/s241850073/igem2026/results/clipzyme_native_extension_v1/structures/af_v6/AF-A0AAD8J3L3-F1-model_v6.cif,1.0000001
4009,A0AAD8J6J3,/home/s241850073/igem2026/results/clipzyme_native_extension_v1/structures/af_v6/AF-A0AAD8J6J3-F1-model_v6.cif,1.0
4010,A0AAD8JBI5,/home/s241850073/igem2026/results/clipzyme_native_extension_v1/structures/af_v6/AF-A0AAD8JBI5-F1-model_v6.cif,1.0
4011,A0AAD8JEB1,/home/s241850073/igem2026/results/clipzyme_native_extension_v1/structures/af_v6/AF-A0AAD8JEB1-F1-model_v6.cif,0.99999994
4012,A0AAD8JVY8,/home/s241850073/igem2026/results/clipzyme_native_extension_v1/structures/af_v6/AF-A0AAD8JVY8-F1-model_v6.cif,0.99999994
4013,A0AAD8KPB4,/home/s241850073/igem2026/results/clipzyme_native_extension_v1/structures/af_v6/AF-A0AAD8KPB4-F1-model_v6.cif,1.0
4014,A0AAD8MGI9,/home/s241850073/igem2026/results/clipzyme_native_extension_v1/structures/af_v6/AF-A0AAD8MGI9-F1-model_v6.cif,0.99999994
4015,A0AAD8MIB2,/home/s241850073/igem2026/results/clipzyme_native_extension_v1/structures/af_v6/AF-A0AAD8MIB2-F1-model_v6.cif,1.0
4016,A0AAD8MKW5,/home/s241850073/igem2026/results/clipzyme_native_extension_v1/structures/af_v6/AF-A0AAD8MKW5-F1-model_v6.cif,0.99999994
4017,A0AAD8N5D6,/home/s241850073/igem2026/results/clipzyme_native_extension_v1/structures/af_v6/AF-A0AAD8N5D6-F1-model_v6.cif,0.99999994
4018,A0AAD8PIG5,/home/s241850073/igem2026/results/clipzyme_native_extension_v1/structures/af_v6/AF-A0AAD8PIG5-F1-model_v6.cif,0.99999994
4019,A0AAD8TB18,/home/s241850073/igem2026/results/clipzyme_native_extension_v1/structures/af_v6/AF-A0AAD8TB18-F1-model_v6.cif,1.0
4020,A0AAD8TIW9,/home/s241850073/igem2026/results/clipzyme_native_extension_v1/structures/af_v6/AF-A0AAD8TIW9-F1-model_v6.cif,1.0
4021,A0AAD8TLS5,/home/s241850073/igem2026/results/clipzyme_native_extension_v1/structures/af_v6/AF-A0AAD8TLS5-F1-model_v6.cif,1.0
4022,A0AAD8VYP5,/home/s241850073/igem2026/results/clipzyme_native_extension_v1/structures/af_v6/AF-A0AAD8VYP5-F1-model_v6.cif,0.99999994
4023,A0AAD9ATR4,/home/s241850073/igem2026/results/clipzyme_native_extension_v1/structures/af_v6/AF-A0AAD9ATR4-F1-model_v6.cif,1.0
4024,A0AAD9NUD5,/home/s241850073/igem2026/results/clipzyme_native_extension_v1/structures/af_v6/AF-A0AAD9NUD5-F1-model_v6.cif,1.0
4025,A0AAD9SEZ7,/home/s241850073/igem2026/results/clipzyme_native_extension_v1/structures/af_v6/AF-A0AAD9SEZ7-F1-model_v6.cif,0.99999994
4026,A0AAD9SMM7,/home/s241850073/igem2026/results/clipzyme_native_extension_v1/structures/af_v6/AF-A0AAD9SMM7-F1-model_v6.cif,0.99999994
4027,A0AAD9T8V1,/home/s241850073/igem2026/results/clipzyme_native_extension_v1/structures/af_v6/AF-A0AAD9T8V1-F1-model_v6.cif,1.0
4028,A0AAD9TM07,/home/s241850073/igem2026/results/clipzyme_native_extension_v1/structures/af_v6/AF-A0AAD9TM07-F1-model_v6.cif,1.0
4029,A0AAD9TNS7,/home/s241850073/igem2026/results/clipzyme_native_extension_v1/structures/af_v6/AF-A0AAD9TNS7-F1-model_v6.cif,1.0
4030,A0AAD9TQJ9,/home/s241850073/igem2026/results/clipzyme_native_extension_v1/structures/af_v6/AF-A0AAD9TQJ9-F1-model_v6.cif,1.0
4031,A0AAD9UAA2,/home/s241850073/igem2026/results/clipzyme_native_extension_v1/structures/af_v6/AF-A0AAD9UAA2-F1-model_v6.cif,1.0
4032,A0AAD9WRZ1,/home/s241850073/igem2026/results/clipzyme_native_extension_v1/structures/af_v6/AF-A0AAD9WRZ1-F1-model_v6.cif,0.99999994
4033,A0AAD9WW40,/home/s241850073/igem2026/results/clipzyme_native_extension_v1/structures/af_v6/AF-A0AAD9WW40-F1-model_v6.cif,1.0
4034,A0AAD9X8J5,/home/s241850073/igem2026/results/clipzyme_native_extension_v1/structures/af_v6/AF-A0AAD9X8J5-F1-model_v6.cif,0.99999994
4035,A0AAD9XEN5,/home/s241850073/igem2026/results/clipzyme_native_extension_v1/structures/af_v6/AF-A0AAD9XEN5-F1-model_v6.cif,0.99999994
4036,A0AAD9Y395,/home/s241850073/igem2026/results/clipzyme_native_extension_v1/structures/af_v6/AF-A0AAD9Y395-F1-model_v6.cif,1.0
4037,A0AAD9YKB2,/home/s241850073/igem2026/results/clipzyme_native_extension_v1/structures/af_v6/AF-A0AAD9YKB2-F1-model_v6.cif,0.99999994
4038,A0AAD9ZEP2,/home/s241850073/igem2026/results/clipzyme_native_extension_v1/structures/af_v6/AF-A0AAD9ZEP2-F1-model_v6.cif,1.0
4039,A0AAD9ZHX5,/home/s241850073/igem2026/results/clipzyme_native_extension_v1/structures/af_v6/AF-A0AAD9ZHX5-F1-model_v6.cif,1.0
4040,A0AAE0A3T1,/home/s241850073/igem2026/results/clipzyme_native_extension_v1/structures/af_v6/AF-A0AAE0A3T1-F1-model_v6.cif,1.0
4041,A0AAE0AAM9,/home/s241850073/igem2026/results/clipzyme_native_extension_v1/structures/af_v6/AF-A0AAE0AAM9-F1-model_v6.cif,1.0
4042,A0AAE0DSH2,/home/s241850073/igem2026/results/clipzyme_native_extension_v1/structures/af_v6/AF-A0AAE0DSH2-F1-model_v6.cif,0.99999994
4043,A0AAE0DTV7,/home/s241850073/igem2026/results/clipzyme_native_extension_v1/structures/af_v6/AF-A0AAE0DTV7-F1-model_v6.cif,1.0
4044,A0AAE0E143,/home/s241850073/igem2026/results/clipzyme_native_extension_v1/structures/af_v6/AF-A0AAE0E143-F1-model_v6.cif,1.0
4045,A0AAE0EAI2,/home/s241850073/igem2026/results/clipzyme_native_extension_v1/structures/af_v6/AF-A0AAE0EAI2-F1-model_v6.cif,0.99999994
4046,A0AAE0H751,/home/s241850073/igem2026/results/clipzyme_native_extension_v1/structures/af_v6/AF-A0AAE0H751-F1-model_v6.cif,1.0
4047,A0AAE0HZE4,/home/s241850073/igem2026/results/clipzyme_native_extension_v1/structures/af_v6/AF-A0AAE0HZE4-F1-model_v6.cif,1.0
4048,A0AAE0J202,/home/s241850073/igem2026/results/clipzyme_native_extension_v1/structures/af_v6/AF-A0AAE0J202-F1-model_v6.cif,1.0
4049,A0AAE0JQP1,/home/s241850073/igem2026/results/clipzyme_native_extension_v1/structures/af_v6/AF-A0AAE0JQP1-F1-model_v6.cif,0.99999994
4050,A0AAE0M3W3,/home/s241850073/igem2026/results/clipzyme_native_extension_v1/structures/af_v6/AF-A0AAE0M3W3-F1-model_v6.cif,1.0
4051,A0AAE0MCF7,/home/s241850073/igem2026/results/clipzyme_native_extension_v1/structures/af_v6/AF-A0AAE0MCF7-F1-model_v6.cif,1.0
4052,A0AAE0MIJ4,/home/s241850073/igem2026/results/clipzyme_native_extension_v1/structures/af_v6/AF-A0AAE0MIJ4-F1-model_v6.cif,1.0
4053,A0AAE0NWZ0,/home/s241850073/igem2026/results/clipzyme_native_extension_v1/structures/af_v6/AF-A0AAE0NWZ0-F1-model_v6.cif,1.0
4054,A0AAE0P5W7,/home/s241850073/igem2026/results/clipzyme_native_extension_v1/structures/af_v6/AF-A0AAE0P5W7-F1-model_v6.cif,0.99999994
4055,A0AAE0PF63,/home/s241850073/igem2026/results/clipzyme_native_extension_v1/structures/af_v6/AF-A0AAE0PF63-F1-model_v6.cif,0.99999994
4056,A0AAE0UFR3,/home/s241850073/igem2026/results/clipzyme_native_extension_v1/structures/af_v6/AF-A0AAE0UFR3-F1-model_v6.cif,0.99999994
4057,A0AAE0WJG9,/home/s241850073/igem2026/results/clipzyme_native_extension_v1/structures/af_v6/AF-A0AAE0WJG9-F1-model_v6.cif,1.0
4058,A0AAE1IJ47,/home/s241850073/igem2026/results/clipzyme_native_extension_v1/structures/af_v6/AF-A0AAE1IJ47-F1-model_v6.cif,1.0
4059,A0AAE1IN71,/home/s241850073/igem2026/results/clipzyme_native_extension_v1/structures/af_v6/AF-A0AAE1IN71-F1-model_v6.cif,1.0
4060,A0AAE1JNH8,/home/s241850073/igem2026/results/clipzyme_native_extension_v1/structures/af_v6/AF-A0AAE1JNH8-F1-model_v6.cif,0.99999994
4061,A0AAE1KK99,/home/s241850073/igem2026/results/clipzyme_native_extension_v1/structures/af_v6/AF-A0AAE1KK99-F1-model_v6.cif,1.0
4062,A0AAE1MAF9,/home/s241850073/igem2026/results/clipzyme_native_extension_v1/structures/af_v6/AF-A0AAE1MAF9-F1-model_v6.cif,1.0
4063,A0AAE1MAM9,/home/s241850073/igem2026/results/clipzyme_native_extension_v1/structures/af_v6/AF-A0AAE1MAM9-F1-model_v6.cif,0.99999994
4064,A0AAE1N9H5,/home/s241850073/igem2026/results/clipzyme_native_extension_v1/structures/af_v6/AF-A0AAE1N9H5-F1-model_v6.cif,1.0
4065,A0AAE1QUX3,/home/s241850073/igem2026/results/clipzyme_native_extension_v1/structures/af_v6/AF-A0AAE1QUX3-F1-model_v6.cif,1.0
4066,A0AAE1R4M7,/home/s241850073/igem2026/results/clipzyme_native_extension_v1/structures/af_v6/AF-A0AAE1R4M7-F1-model_v6.cif,1.0
4067,A0AAE1T117,/home/s241850073/igem2026/results/clipzyme_native_extension_v1/structures/af_v6/AF-A0AAE1T117-F1-model_v6.cif,1.0
4068,A0AAE1T3H1,/home/s241850073/igem2026/results/clipzyme_native_extension_v1/structures/af_v6/AF-A0AAE1T3H1-F1-model_v6.cif,0.99999994
4069,A0AAE1T6T4,/home/s241850073/igem2026/results/clipzyme_native_extension_v1/structures/af_v6/AF-A0AAE1T6T4-F1-model_v6.cif,1.0
4070,A0AAE1USG2,/home/s241850073/igem2026/results/clipzyme_native_extension_v1/structures/af_v6/AF-A0AAE1USG2-F1-model_v6.cif,0.99999994
4071,A0AAE1UU57,/home/s241850073/igem2026/results/clipzyme_native_extension_v1/structures/af_v6/AF-A0AAE1UU57-F1-model_v6.cif,1.0
4072,A0AAE1VN85,/home/s241850073/igem2026/results/clipzyme_native_extension_v1/structures/af_v6/AF-A0AAE1VN85-F1-model_v6.cif,1.0000001
4073,A0AAE1VY94,/home/s241850073/igem2026/results/clipzyme_native_extension_v1/structures/af_v6/AF-A0AAE1VY94-F1-model_v6.cif,0.99999994
4074,A0AAE1W0V2,/home/s241850073/igem2026/results/clipzyme_native_extension_v1/structures/af_v6/AF-A0AAE1W0V2-F1-model_v6.cif,1.0
4075,A0AAE1W3G7,/home/s241850073/igem2026/results/clipzyme_native_extension_v1/structures/af_v6/AF-A0AAE1W3G7-F1-model_v6.cif,1.0
4076,A0AAE1W924,/home/s241850073/igem2026/results/clipzyme_native_extension_v1/structures/af_v6/AF-A0AAE1W924-F1-model_v6.cif,1.0
4077,A0AAE1WRZ9,/home/s241850073/igem2026/results/clipzyme_native_extension_v1/structures/af_v6/AF-A0AAE1WRZ9-F1-model_v6.cif,1.0
4078,A0AAE1WSC0,/home/s241850073/igem2026/results/clipzyme_native_extension_v1/structures/af_v6/AF-A0AAE1WSC0-F1-model_v6.cif,1.0
4079,A0AAE1WSG9,/home/s241850073/igem2026/results/clipzyme_native_extension_v1/structures/af_v6/AF-A0AAE1WSG9-F1-model_v6.cif,0.99999994
4080,A0AAE1WSW4,/home/s241850073/igem2026/results/clipzyme_native_extension_v1/structures/af_v6/AF-A0AAE1WSW4-F1-model_v6.cif,1.0
4081,A0AAE1WSZ9,/home/s241850073/igem2026/results/clipzyme_native_extension_v1/structures/af_v6/AF-A0AAE1WSZ9-F1-model_v6.cif,0.99999994
4082,A0AAE1WUV7,/home/s241850073/igem2026/results/clipzyme_native_extension_v1/structures/af_v6/AF-A0AAE1WUV7-F1-model_v6.cif,1.0
4083,A0AAE1XAN9,/home/s241850073/igem2026/results/clipzyme_native_extension_v1/structures/af_v6/AF-A0AAE1XAN9-F1-model_v6.cif,0.9999999
4084,A0AAE1XXT7,/home/s241850073/igem2026/results/clipzyme_native_extension_v1/structures/af_v6/AF-A0AAE1XXT7-F1-model_v6.cif,0.99999994
4085,A0AAE1YKJ7,/home/s241850073/igem2026/results/clipzyme_native_extension_v1/structures/af_v6/AF-A0AAE1YKJ7-F1-model_v6.cif,1.0
4086,A0AAE1Z5B0,/home/s241850073/igem2026/results/clipzyme_native_extension_v1/structures/af_v6/AF-A0AAE1Z5B0-F1-model_v6.cif,1.0
4087,A0AAE2BV59,/home/s241850073/igem2026/results/clipzyme_native_extension_v1/structures/af_v6/AF-A0AAE2BV59-F1-model_v6.cif,1.0
4088,A0AAE2BVC2,/home/s241850073/igem2026/results/clipzyme_native_extension_v1/structures/af_v6/AF-A0AAE2BVC2-F1-model_v6.cif,1.0
4089,A0AAE2BVL8,/home/s241850073/igem2026/results/clipzyme_native_extension_v1/structures/af_v6/AF-A0AAE2BVL8-F1-model_v6.cif,1.0
4090,A0AAE3VIR3,/home/s241850073/igem2026/results/clipzyme_native_extension_v1/structures/af_v6/AF-A0AAE3VIR3-F1-model_v6.cif,1.0
4091,A0AAE3VXV9,/home/s241850073/igem2026/results/clipzyme_native_extension_v1/structures/af_v6/AF-A0AAE3VXV9-F1-model_v6.cif,0.99999994
4092,A0AAE6ZMK4,/home/s241850073/igem2026/results/clipzyme_native_extension_v1/structures/af_v6/AF-A0AAE6ZMK4-F1-model_v6.cif,1.0
4093,A0AAF0PYM1,/home/s241850073/igem2026/results/clipzyme_native_extension_v1/structures/af_v6/AF-A0AAF0PYM1-F1-model_v6.cif,1.0
4094,A0AAF0QEC0,/home/s241850073/igem2026/results/clipzyme_native_extension_v1/structures/af_v6/AF-A0AAF0QEC0-F1-model_v6.cif,1.0
4095,A0AAF0TBI4,/home/s241850073/igem2026/results/clipzyme_native_extension_v1/structures/af_v6/AF-A0AAF0TBI4-F1-model_v6.cif,0.99999994
4096,A0AAF0TVZ4,/home/s241850073/igem2026/results/clipzyme_native_extension_v1/structures/af_v6/AF-A0AAF0TVZ4-F1-model_v6.cif,0.99999994
4097,A0AAF0U099,/home/s241850073/igem2026/results/clipzyme_native_extension_v1/structures/af_v6/AF-A0AAF0U099-F1-model_v6.cif,1.0
4098,A0AAF0ULE4,/home/s241850073/igem2026/results/clipzyme_native_extension_v1/structures/af_v6/AF-A0AAF0ULE4-F1-model_v6.cif,1.0
4099,A0AAF0ULZ8,/home/s241850073/igem2026/results/clipzyme_native_extension_v1/structures/af_v6/AF-A0AAF0ULZ8-F1-model_v6.cif,1.0
4100,A0AAF0Y107,/home/s241850073/igem2026/results/clipzyme_native_extension_v1/structures/af_v6/AF-A0AAF0Y107-F1-model_v6.cif,1.0
4101,A0AAF0ZT86,/home/s241850073/igem2026/results/clipzyme_native_extension_v1/structures/af_v6/AF-A0AAF0ZT86-F1-model_v6.cif,1.0
4102,A0AAI8FQP8,/home/s241850073/igem2026/results/clipzyme_native_extension_v1/structures/af_v6/AF-A0AAI8FQP8-F1-model_v6.cif,0.99999994
4103,A0AAI8VS48,/home/s241850073/igem2026/results/clipzyme_native_extension_v1/structures/af_v6/AF-A0AAI8VS48-F1-model_v6.cif,1.0
4104,A0AAI8YGQ5,/home/s241850073/igem2026/results/clipzyme_native_extension_v1/structures/af_v6/AF-A0AAI8YGQ5-F1-model_v6.cif,0.99999994
4105,A0AAI8YLQ3,/home/s241850073/igem2026/results/clipzyme_native_extension_v1/structures/af_v6/AF-A0AAI8YLQ3-F1-model_v6.cif,0.99999994
4106,A0AAJ0B0R9,/home/s241850073/igem2026/results/clipzyme_native_extension_v1/structures/af_v6/AF-A0AAJ0B0R9-F1-model_v6.cif,1.0
4107,A0AAJ0BVP2,/home/s241850073/igem2026/results/clipzyme_native_extension_v1/structures/af_v6/AF-A0AAJ0BVP2-F1-model_v6.cif,1.0
4108,A0AAJ0D1H6,/home/s241850073/igem2026/results/clipzyme_native_extension_v1/structures/af_v6/AF-A0AAJ0D1H6-F1-model_v6.cif,0.99999994
4109,A0AAJ0FLF4,/home/s241850073/igem2026/results/clipzyme_native_extension_v1/structures/af_v6/AF-A0AAJ0FLF4-F1-model_v6.cif,0.99999994
4110,A0AAJ0FZI2,/home/s241850073/igem2026/results/clipzyme_native_extension_v1/structures/af_v6/AF-A0AAJ0FZI2-F1-model_v6.cif,0.99999994
4111,A0AAJ0HKI4,/home/s241850073/igem2026/results/clipzyme_native_extension_v1/structures/af_v6/AF-A0AAJ0HKI4-F1-model_v6.cif,0.99999994
4112,A0AAJ0I8Y3,/home/s241850073/igem2026/results/clipzyme_native_extension_v1/structures/af_v6/AF-A0AAJ0I8Y3-F1-model_v6.cif,0.99999994
4113,A0AAJ0M099,/home/s241850073/igem2026/results/clipzyme_native_extension_v1/structures/af_v6/AF-A0AAJ0M099-F1-model_v6.cif,1.0
4114,A0AAJ0MA37,/home/s241850073/igem2026/results/clipzyme_native_extension_v1/structures/af_v6/AF-A0AAJ0MA37-F1-model_v6.cif,1.0
4115,A0AAJ0MF33,/home/s241850073/igem2026/results/clipzyme_native_extension_v1/structures/af_v6/AF-A0AAJ0MF33-F1-model_v6.cif,1.0
4116,A0AAJ6N5X9,/home/s241850073/igem2026/results/clipzyme_native_extension_v1/structures/af_v6/AF-A0AAJ6N5X9-F1-model_v6.cif,0.99999994
4117,A0AAJ6N6A9,/home/s241850073/igem2026/results/clipzyme_native_extension_v1/structures/af_v6/AF-A0AAJ6N6A9-F1-model_v6.cif,1.0
4118,A0AAN5Z2Y6,/home/s241850073/igem2026/results/clipzyme_native_extension_v1/structures/af_v6/AF-A0AAN5Z2Y6-F1-model_v6.cif,1.0
4119,A0AAN6GPZ1,/home/s241850073/igem2026/results/clipzyme_native_extension_v1/structures/af_v6/AF-A0AAN6GPZ1-F1-model_v6.cif,0.99999994
4120,A0AAN6M8R6,/home/s241850073/igem2026/results/clipzyme_native_extension_v1/structures/af_v6/AF-A0AAN6M8R6-F1-model_v6.cif,1.0
4121,A0AAN6MYP2,/home/s241850073/igem2026/results/clipzyme_native_extension_v1/structures/af_v6/AF-A0AAN6MYP2-F1-model_v6.cif,1.0
4122,A0AAN6N4H9,/home/s241850073/igem2026/results/clipzyme_native_extension_v1/structures/af_v6/AF-A0AAN6N4H9-F1-model_v6.cif,0.99999994
4123,A0AAN6PA71,/home/s241850073/igem2026/results/clipzyme_native_extension_v1/structures/af_v6/AF-A0AAN6PA71-F1-model_v6.cif,0.99999994
4124,A0AAN6RES6,/home/s241850073/igem2026/results/clipzyme_native_extension_v1/structures/af_v6/AF-A0AAN6RES6-F1-model_v6.cif,0.99999994
4125,A0AAN6RYH9,/home/s241850073/igem2026/results/clipzyme_native_extension_v1/structures/af_v6/AF-A0AAN6RYH9-F1-model_v6.cif,1.0
4126,A0AAN6SKS2,/home/s241850073/igem2026/results/clipzyme_native_extension_v1/structures/af_v6/AF-A0AAN6SKS2-F1-model_v6.cif,1.0
4127,A0AAN6VWV8,/home/s241850073/igem2026/results/clipzyme_native_extension_v1/structures/af_v6/AF-A0AAN6VWV8-F1-model_v6.cif,1.0
4128,A0AAN6VYZ9,/home/s241850073/igem2026/results/clipzyme_native_extension_v1/structures/af_v6/AF-A0AAN6VYZ9-F1-model_v6.cif,0.99999994
4129,A0AAN6XQA4,/home/s241850073/igem2026/results/clipzyme_native_extension_v1/structures/af_v6/AF-A0AAN6XQA4-F1-model_v6.cif,1.0
4130,A0AAN6XZS0,/home/s241850073/igem2026/results/clipzyme_native_extension_v1/structures/af_v6/AF-A0AAN6XZS0-F1-model_v6.cif,1.0
4131,A0AAN6Y3W8,/home/s241850073/igem2026/results/clipzyme_native_extension_v1/structures/af_v6/AF-A0AAN6Y3W8-F1-model_v6.cif,0.99999994
4132,A0AAN6YPQ9,/home/s241850073/igem2026/results/clipzyme_native_extension_v1/structures/af_v6/AF-A0AAN6YPQ9-F1-model_v6.cif,1.0
4133,A0AAN7AGM2,/home/s241850073/igem2026/results/clipzyme_native_extension_v1/structures/af_v6/AF-A0AAN7AGM2-F1-model_v6.cif,0.99999994
4134,A0AAN7AIY3,/home/s241850073/igem2026/results/clipzyme_native_extension_v1/structures/af_v6/AF-A0AAN7AIY3-F1-model_v6.cif,1.0
4135,A0AAN7ANB8,/home/s241850073/igem2026/results/clipzyme_native_extension_v1/structures/af_v6/AF-A0AAN7ANB8-F1-model_v6.cif,1.0
4136,A0AAN7ATQ9,/home/s241850073/igem2026/results/clipzyme_native_extension_v1/structures/af_v6/AF-A0AAN7ATQ9-F1-model_v6.cif,1.0
4137,A0AAN7BDD6,/home/s241850073/igem2026/results/clipzyme_native_extension_v1/structures/af_v6/AF-A0AAN7BDD6-F1-model_v6.cif,1.0
4138,A0AAN7BZI0,/home/s241850073/igem2026/results/clipzyme_native_extension_v1/structures/af_v6/AF-A0AAN7BZI0-F1-model_v6.cif,1.0
4139,A0AAN7EJE4,/home/s241850073/igem2026/results/clipzyme_native_extension_v1/structures/af_v6/AF-A0AAN7EJE4-F1-model_v6.cif,1.0
4140,A0AAN7EN63,/home/s241850073/igem2026/results/clipzyme_native_extension_v1/structures/af_v6/AF-A0AAN7EN63-F1-model_v6.cif,0.99999994
4141,A0AAN7H1U1,/home/s241850073/igem2026/results/clipzyme_native_extension_v1/structures/af_v6/AF-A0AAN7H1U1-F1-model_v6.cif,0.99999994
4142,A0AAN7I5H5,/home/s241850073/igem2026/results/clipzyme_native_extension_v1/structures/af_v6/AF-A0AAN7I5H5-F1-model_v6.cif,1.0000001
4143,A0AAN7JCB8,/home/s241850073/igem2026/results/clipzyme_native_extension_v1/structures/af_v6/AF-A0AAN7JCB8-F1-model_v6.cif,1.0
4144,A0AAN7QZY8,/home/s241850073/igem2026/results/clipzyme_native_extension_v1/structures/af_v6/AF-A0AAN7QZY8-F1-model_v6.cif,1.0
4145,A0AAN7RAR3,/home/s241850073/igem2026/results/clipzyme_native_extension_v1/structures/af_v6/AF-A0AAN7RAR3-F1-model_v6.cif,0.99999994
4146,A0AAN7RBH6,/home/s241850073/igem2026/results/clipzyme_native_extension_v1/structures/af_v6/AF-A0AAN7RBH6-F1-model_v6.cif,1.0
4147,A0AAN7RCW3,/home/s241850073/igem2026/results/clipzyme_native_extension_v1/structures/af_v6/AF-A0AAN7RCW3-F1-model_v6.cif,1.0
4148,A0AAN7SXZ6,/home/s241850073/igem2026/results/clipzyme_native_extension_v1/structures/af_v6/AF-A0AAN7SXZ6-F1-model_v6.cif,1.0
4149,A0AAN7SYF3,/home/s241850073/igem2026/results/clipzyme_native_extension_v1/structures/af_v6/AF-A0AAN7SYF3-F1-model_v6.cif,0.99999994
4150,A0AAN7TWF9,/home/s241850073/igem2026/results/clipzyme_native_extension_v1/structures/af_v6/AF-A0AAN7TWF9-F1-model_v6.cif,1.0
4151,A0AAN7YPP9,/home/s241850073/igem2026/results/clipzyme_native_extension_v1/structures/af_v6/AF-A0AAN7YPP9-F1-model_v6.cif,1.0
4152,A0AAN7YXH5,/home/s241850073/igem2026/results/clipzyme_native_extension_v1/structures/af_v6/AF-A0AAN7YXH5-F1-model_v6.cif,1.0
4153,A0AAN7YZ51,/home/s241850073/igem2026/results/clipzyme_native_extension_v1/structures/af_v6/AF-A0AAN7YZ51-F1-model_v6.cif,1.0
4154,A0AAN7Z5R1,/home/s241850073/igem2026/results/clipzyme_native_extension_v1/structures/af_v6/AF-A0AAN7Z5R1-F1-model_v6.cif,1.0
4155,A0AAN8EN59,/home/s241850073/igem2026/results/clipzyme_native_extension_v1/structures/af_v6/AF-A0AAN8EN59-F1-model_v6.cif,1.0
4156,A0AAN8MVR4,/home/s241850073/igem2026/results/clipzyme_native_extension_v1/structures/af_v6/AF-A0AAN8MVR4-F1-model_v6.cif,1.0
4157,A0AAN8MX89,/home/s241850073/igem2026/results/clipzyme_native_extension_v1/structures/af_v6/AF-A0AAN8MX89-F1-model_v6.cif,0.99999994
4158,A0AAN8N8U3,/home/s241850073/igem2026/results/clipzyme_native_extension_v1/structures/af_v6/AF-A0AAN8N8U3-F1-model_v6.cif,1.0
4159,A0AAN8NFC0,/home/s241850073/igem2026/results/clipzyme_native_extension_v1/structures/af_v6/AF-A0AAN8NFC0-F1-model_v6.cif,0.99999994
4160,A0AAN8NWU0,/home/s241850073/igem2026/results/clipzyme_native_extension_v1/structures/af_v6/AF-A0AAN8NWU0-F1-model_v6.cif,0.99999994
4161,A0AAN8RHA0,/home/s241850073/igem2026/results/clipzyme_native_extension_v1/structures/af_v6/AF-A0AAN8RHA0-F1-model_v6.cif,0.99999994
4162,A0AAN8RMG1,/home/s241850073/igem2026/results/clipzyme_native_extension_v1/structures/af_v6/AF-A0AAN8RMG1-F1-model_v6.cif,1.0
4163,A0AAN8T9Q2,/home/s241850073/igem2026/results/clipzyme_native_extension_v1/structures/af_v6/AF-A0AAN8T9Q2-F1-model_v6.cif,1.0
4164,A0AAN8UNL8,/home/s241850073/igem2026/results/clipzyme_native_extension_v1/structures/af_v6/AF-A0AAN8UNL8-F1-model_v6.cif,1.0
4165,A0AAN8URU6,/home/s241850073/igem2026/results/clipzyme_native_extension_v1/structures/af_v6/AF-A0AAN8URU6-F1-model_v6.cif,1.0
4166,A0AAN8UTL3,/home/s241850073/igem2026/results/clipzyme_native_extension_v1/structures/af_v6/AF-A0AAN8UTL3-F1-model_v6.cif,1.0
4167,A0AAN8UUK3,/home/s241850073/igem2026/results/clipzyme_native_extension_v1/structures/af_v6/AF-A0AAN8UUK3-F1-model_v6.cif,1.0
4168,A0AAN8UYW2,/home/s241850073/igem2026/results/clipzyme_native_extension_v1/structures/af_v6/AF-A0AAN8UYW2-F1-model_v6.cif,0.99999994
4169,A0AAN8VD91,/home/s241850073/igem2026/results/clipzyme_native_extension_v1/structures/af_v6/AF-A0AAN8VD91-F1-model_v6.cif,1.0
4170,A0AAN8VS66,/home/s241850073/igem2026/results/clipzyme_native_extension_v1/structures/af_v6/AF-A0AAN8VS66-F1-model_v6.cif,1.0
4171,A0AAN8Y755,/home/s241850073/igem2026/results/clipzyme_native_extension_v1/structures/af_v6/AF-A0AAN8Y755-F1-model_v6.cif,1.0
4172,A0AAN8YGM1,/home/s241850073/igem2026/results/clipzyme_native_extension_v1/structures/af_v6/AF-A0AAN8YGM1-F1-model_v6.cif,1.0
4173,A0AAN8ZC44,/home/s241850073/igem2026/results/clipzyme_native_extension_v1/structures/af_v6/AF-A0AAN8ZC44-F1-model_v6.cif,0.99999994
4174,A0AAN9BS18,/home/s241850073/igem2026/results/clipzyme_native_extension_v1/structures/af_v6/AF-A0AAN9BS18-F1-model_v6.cif,1.0
4175,A0AAN9EH80,/home/s241850073/igem2026/results/clipzyme_native_extension_v1/structures/af_v6/AF-A0AAN9EH80-F1-model_v6.cif,0.99999994
4176,A0AAN9ES06,/home/s241850073/igem2026/results/clipzyme_native_extension_v1/structures/af_v6/AF-A0AAN9ES06-F1-model_v6.cif,0.99999994
4177,A0AAN9EU80,/home/s241850073/igem2026/results/clipzyme_native_extension_v1/structures/af_v6/AF-A0AAN9EU80-F1-model_v6.cif,1.0
4178,A0AAN9I8E7,/home/s241850073/igem2026/results/clipzyme_native_extension_v1/structures/af_v6/AF-A0AAN9I8E7-F1-model_v6.cif,1.0
4179,A0AAN9K760,/home/s241850073/igem2026/results/clipzyme_native_extension_v1/structures/af_v6/AF-A0AAN9K760-F1-model_v6.cif,0.99999994
4180,A0AAN9K9Y3,/home/s241850073/igem2026/results/clipzyme_native_extension_v1/structures/af_v6/AF-A0AAN9K9Y3-F1-model_v6.cif,1.0
4181,A0AAN9KBT9,/home/s241850073/igem2026/results/clipzyme_native_extension_v1/structures/af_v6/AF-A0AAN9KBT9-F1-model_v6.cif,0.99999994
4182,A0AAN9KXF4,/home/s241850073/igem2026/results/clipzyme_native_extension_v1/structures/af_v6/AF-A0AAN9KXF4-F1-model_v6.cif,1.0
4183,A0AAN9N9I7,/home/s241850073/igem2026/results/clipzyme_native_extension_v1/structures/af_v6/AF-A0AAN9N9I7-F1-model_v6.cif,1.0
4184,A0AAN9P5X0,/home/s241850073/igem2026/results/clipzyme_native_extension_v1/structures/af_v6/AF-A0AAN9P5X0-F1-model_v6.cif,0.99999994
4185,A0AAN9PWK8,/home/s241850073/igem2026/results/clipzyme_native_extension_v1/structures/af_v6/AF-A0AAN9PWK8-F1-model_v6.cif,1.0
4186,A0AAN9PX22,/home/s241850073/igem2026/results/clipzyme_native_extension_v1/structures/af_v6/AF-A0AAN9PX22-F1-model_v6.cif,1.0
4187,A0AAN9Q4R8,/home/s241850073/igem2026/results/clipzyme_native_extension_v1/structures/af_v6/AF-A0AAN9Q4R8-F1-model_v6.cif,1.0
4188,A0AAN9QHL6,/home/s241850073/igem2026/results/clipzyme_native_extension_v1/structures/af_v6/AF-A0AAN9QHL6-F1-model_v6.cif,1.0
4189,A0AAN9S7Q0,/home/s241850073/igem2026/results/clipzyme_native_extension_v1/structures/af_v6/AF-A0AAN9S7Q0-F1-model_v6.cif,1.0
4190,A0AAN9TYR6,/home/s241850073/igem2026/results/clipzyme_native_extension_v1/structures/af_v6/AF-A0AAN9TYR6-F1-model_v6.cif,0.99999994
4191,A0AAN9UAS1,/home/s241850073/igem2026/results/clipzyme_native_extension_v1/structures/af_v6/AF-A0AAN9UAS1-F1-model_v6.cif,1.0
4192,A0AAN9US13,/home/s241850073/igem2026/results/clipzyme_native_extension_v1/structures/af_v6/AF-A0AAN9US13-F1-model_v6.cif,1.0
4193,A0AAN9UV10,/home/s241850073/igem2026/results/clipzyme_native_extension_v1/structures/af_v6/AF-A0AAN9UV10-F1-model_v6.cif,0.99999994
4194,A0AAP0AY96,/home/s241850073/igem2026/results/clipzyme_native_extension_v1/structures/af_v6/AF-A0AAP0AY96-F1-model_v6.cif,1.0
4195,A0AAP0BAN1,/home/s241850073/igem2026/results/clipzyme_native_extension_v1/structures/af_v6/AF-A0AAP0BAN1-F1-model_v6.cif,1.0
4196,A0AAP0BEU4,/home/s241850073/igem2026/results/clipzyme_native_extension_v1/structures/af_v6/AF-A0AAP0BEU4-F1-model_v6.cif,1.0
4197,A0AAP0BFD5,/home/s241850073/igem2026/results/clipzyme_native_extension_v1/structures/af_v6/AF-A0AAP0BFD5-F1-model_v6.cif,1.0
4198,A0AAP0BR42,/home/s241850073/igem2026/results/clipzyme_native_extension_v1/structures/af_v6/AF-A0AAP0BR42-F1-model_v6.cif,1.0
4199,A0AAP0BRQ6,/home/s241850073/igem2026/results/clipzyme_native_extension_v1/structures/af_v6/AF-A0AAP0BRQ6-F1-model_v6.cif,0.99999994
4200,A0AAP0BT00,/home/s241850073/igem2026/results/clipzyme_native_extension_v1/structures/af_v6/AF-A0AAP0BT00-F1-model_v6.cif,1.0
4201,A0AAP0EBG9,/home/s241850073/igem2026/results/clipzyme_native_extension_v1/structures/af_v6/AF-A0AAP0EBG9-F1-model_v6.cif,1.0
4202,A0AAP0EDJ9,/home/s241850073/igem2026/results/clipzyme_native_extension_v1/structures/af_v6/AF-A0AAP0EDJ9-F1-model_v6.cif,0.99999994
4203,A0AAP0EFB1,/home/s241850073/igem2026/results/clipzyme_native_extension_v1/structures/af_v6/AF-A0AAP0EFB1-F1-model_v6.cif,0.99999994
4204,A0AAP0EK18,/home/s241850073/igem2026/results/clipzyme_native_extension_v1/structures/af_v6/AF-A0AAP0EK18-F1-model_v6.cif,0.99999994
4205,A0AAP0EMW9,/home/s241850073/igem2026/results/clipzyme_native_extension_v1/structures/af_v6/AF-A0AAP0EMW9-F1-model_v6.cif,0.99999994
4206,A0AAP0F300,/home/s241850073/igem2026/results/clipzyme_native_extension_v1/structures/af_v6/AF-A0AAP0F300-F1-model_v6.cif,1.0
4207,A0AAP0FY14,/home/s241850073/igem2026/results/clipzyme_native_extension_v1/structures/af_v6/AF-A0AAP0FY14-F1-model_v6.cif,1.0
4208,A0AAP0GSK7,/home/s241850073/igem2026/results/clipzyme_native_extension_v1/structures/af_v6/AF-A0AAP0GSK7-F1-model_v6.cif,1.0
4209,A0AAP0HBR2,/home/s241850073/igem2026/results/clipzyme_native_extension_v1/structures/af_v6/AF-A0AAP0HBR2-F1-model_v6.cif,1.0
4210,A0AAP0JC65,/home/s241850073/igem2026/results/clipzyme_native_extension_v1/structures/af_v6/AF-A0AAP0JC65-F1-model_v6.cif,0.99999994
4211,A0AAP0JCN1,/home/s241850073/igem2026/results/clipzyme_native_extension_v1/structures/af_v6/AF-A0AAP0JCN1-F1-model_v6.cif,1.0
4212,A0AAP0JGG5,/home/s241850073/igem2026/results/clipzyme_native_extension_v1/structures/af_v6/AF-A0AAP0JGG5-F1-model_v6.cif,1.0
4213,A0AAP0JHD0,/home/s241850073/igem2026/results/clipzyme_native_extension_v1/structures/af_v6/AF-A0AAP0JHD0-F1-model_v6.cif,1.0
4214,A0AAP0JP81,/home/s241850073/igem2026/results/clipzyme_native_extension_v1/structures/af_v6/AF-A0AAP0JP81-F1-model_v6.cif,1.0
4215,A0AAP0JPI9,/home/s241850073/igem2026/results/clipzyme_native_extension_v1/structures/af_v6/AF-A0AAP0JPI9-F1-model_v6.cif,1.0
4216,A0AAP0JPR3,/home/s241850073/igem2026/results/clipzyme_native_extension_v1/structures/af_v6/AF-A0AAP0JPR3-F1-model_v6.cif,0.99999994
4217,A0AAP0JR09,/home/s241850073/igem2026/results/clipzyme_native_extension_v1/structures/af_v6/AF-A0AAP0JR09-F1-model_v6.cif,1.0
4218,A0AAP0K369,/home/s241850073/igem2026/results/clipzyme_native_extension_v1/structures/af_v6/AF-A0AAP0K369-F1-model_v6.cif,0.99999994
4219,A0AAP0K4K8,/home/s241850073/igem2026/results/clipzyme_native_extension_v1/structures/af_v6/AF-A0AAP0K4K8-F1-model_v6.cif,1.0
4220,A0AAP0KCC3,/home/s241850073/igem2026/results/clipzyme_native_extension_v1/structures/af_v6/AF-A0AAP0KCC3-F1-model_v6.cif,1.0
4221,A0AAP0KIG4,/home/s241850073/igem2026/results/clipzyme_native_extension_v1/structures/af_v6/AF-A0AAP0KIG4-F1-model_v6.cif,1.0
4222,A0AAP0KIK6,/home/s241850073/igem2026/results/clipzyme_native_extension_v1/structures/af_v6/AF-A0AAP0KIK6-F1-model_v6.cif,0.99999994
4223,A0AAP0KN18,/home/s241850073/igem2026/results/clipzyme_native_extension_v1/structures/af_v6/AF-A0AAP0KN18-F1-model_v6.cif,0.99999994
4224,A0AAP0KNL6,/home/s241850073/igem2026/results/clipzyme_native_extension_v1/structures/af_v6/AF-A0AAP0KNL6-F1-model_v6.cif,0.99999994
4225,A0AAP0KNN8,/home/s241850073/igem2026/results/clipzyme_native_extension_v1/structures/af_v6/AF-A0AAP0KNN8-F1-model_v6.cif,1.0
4226,A0AAP0KPC7,/home/s241850073/igem2026/results/clipzyme_native_extension_v1/structures/af_v6/AF-A0AAP0KPC7-F1-model_v6.cif,1.0
4227,A0AAP0KQN1,/home/s241850073/igem2026/results/clipzyme_native_extension_v1/structures/af_v6/AF-A0AAP0KQN1-F1-model_v6.cif,0.99999994
4228,A0AAP0KRC8,/home/s241850073/igem2026/results/clipzyme_native_extension_v1/structures/af_v6/AF-A0AAP0KRC8-F1-model_v6.cif,0.99999994
4229,A0AAP0LMB2,/home/s241850073/igem2026/results/clipzyme_native_extension_v1/structures/af_v6/AF-A0AAP0LMB2-F1-model_v6.cif,0.99999994
4230,A0AAP0M857,/home/s241850073/igem2026/results/clipzyme_native_extension_v1/structures/af_v6/AF-A0AAP0M857-F1-model_v6.cif,1.0
4231,A0AAP0MFJ4,/home/s241850073/igem2026/results/clipzyme_native_extension_v1/structures/af_v6/AF-A0AAP0MFJ4-F1-model_v6.cif,0.99999994
4232,A0AAP0MFM9,/home/s241850073/igem2026/results/clipzyme_native_extension_v1/structures/af_v6/AF-A0AAP0MFM9-F1-model_v6.cif,0.99999994
4233,A0AAP0MVY3,/home/s241850073/igem2026/results/clipzyme_native_extension_v1/structures/af_v6/AF-A0AAP0MVY3-F1-model_v6.cif,0.99999994
4234,A0AAP0P5E7,/home/s241850073/igem2026/results/clipzyme_native_extension_v1/structures/af_v6/AF-A0AAP0P5E7-F1-model_v6.cif,0.99999994
4235,A0AAP0P753,/home/s241850073/igem2026/results/clipzyme_native_extension_v1/structures/af_v6/AF-A0AAP0P753-F1-model_v6.cif,1.0
4236,A0AAP0PG95,/home/s241850073/igem2026/results/clipzyme_native_extension_v1/structures/af_v6/AF-A0AAP0PG95-F1-model_v6.cif,1.0
4237,A0AAP0PPG6,/home/s241850073/igem2026/results/clipzyme_native_extension_v1/structures/af_v6/AF-A0AAP0PPG6-F1-model_v6.cif,0.99999994
4238,A0AAP0PRG8,/home/s241850073/igem2026/results/clipzyme_native_extension_v1/structures/af_v6/AF-A0AAP0PRG8-F1-model_v6.cif,0.99999994
4239,A0AAP0PRI4,/home/s241850073/igem2026/results/clipzyme_native_extension_v1/structures/af_v6/AF-A0AAP0PRI4-F1-model_v6.cif,1.0
4240,A0AAP0PRJ4,/home/s241850073/igem2026/results/clipzyme_native_extension_v1/structures/af_v6/AF-A0AAP0PRJ4-F1-model_v6.cif,1.0
4241,A0AAP0PV06,/home/s241850073/igem2026/results/clipzyme_native_extension_v1/structures/af_v6/AF-A0AAP0PV06-F1-model_v6.cif,1.0
4242,A0AAP0PV21,/home/s241850073/igem2026/results/clipzyme_native_extension_v1/structures/af_v6/AF-A0AAP0PV21-F1-model_v6.cif,0.99999994
4243,A0AAP0PWM2,/home/s241850073/igem2026/results/clipzyme_native_extension_v1/structures/af_v6/AF-A0AAP0PWM2-F1-model_v6.cif,0.99999994
4244,A0AAP0QD62,/home/s241850073/igem2026/results/clipzyme_native_extension_v1/structures/af_v6/AF-A0AAP0QD62-F1-model_v6.cif,0.99999994
4245,A0AAP0S1D7,/home/s241850073/igem2026/results/clipzyme_native_extension_v1/structures/af_v6/AF-A0AAP0S1D7-F1-model_v6.cif,0.9999999
4246,A0AAP0WZH2,/home/s241850073/igem2026/results/clipzyme_native_extension_v1/structures/af_v6/AF-A0AAP0WZH2-F1-model_v6.cif,1.0
4247,A0AAP2CJ22,/home/s241850073/igem2026/results/clipzyme_native_extension_v1/structures/af_v6/AF-A0AAP2CJ22-F1-model_v6.cif,1.0
4248,A0AAQ3Q6F4,/home/s241850073/igem2026/results/clipzyme_native_extension_v1/structures/af_v6/AF-A0AAQ3Q6F4-F1-model_v6.cif,1.0
4249,A0AAQ3Q8Z7,/home/s241850073/igem2026/results/clipzyme_native_extension_v1/structures/af_v6/AF-A0AAQ3Q8Z7-F1-model_v6.cif,1.0
4250,A0AAQ3QHG7,/home/s241850073/igem2026/results/clipzyme_native_extension_v1/structures/af_v6/AF-A0AAQ3QHG7-F1-model_v6.cif,1.0
4251,A0AAQ3QKA8,/home/s241850073/igem2026/results/clipzyme_native_extension_v1/structures/af_v6/AF-A0AAQ3QKA8-F1-model_v6.cif,1.0
4252,A0AAQ3QM69,/home/s241850073/igem2026/results/clipzyme_native_extension_v1/structures/af_v6/AF-A0AAQ3QM69-F1-model_v6.cif,0.99999994
4253,A0AAQ3RNI3,/home/s241850073/igem2026/results/clipzyme_native_extension_v1/structures/af_v6/AF-A0AAQ3RNI3-F1-model_v6.cif,0.99999994
4254,A0AAQ3SEY4,/home/s241850073/igem2026/results/clipzyme_native_extension_v1/structures/af_v6/AF-A0AAQ3SEY4-F1-model_v6.cif,1.0
4255,A0AAQ3X9D5,/home/s241850073/igem2026/results/clipzyme_native_extension_v1/structures/af_v6/AF-A0AAQ3X9D5-F1-model_v6.cif,0.99999994
4256,A0AAQ3XAE3,/home/s241850073/igem2026/results/clipzyme_native_extension_v1/structures/af_v6/AF-A0AAQ3XAE3-F1-model_v6.cif,1.0
4257,A0AAQ3XC34,/home/s241850073/igem2026/results/clipzyme_native_extension_v1/structures/af_v6/AF-A0AAQ3XC34-F1-model_v6.cif,1.0
4258,A0AAT9HGZ3,/home/s241850073/igem2026/results/clipzyme_native_extension_v1/structures/af_v6/AF-A0AAT9HGZ3-F1-model_v6.cif,1.0
4259,A0AAT9HJ42,/home/s241850073/igem2026/results/clipzyme_native_extension_v1/structures/af_v6/AF-A0AAT9HJ42-F1-model_v6.cif,1.0
4260,A0AAT9HMQ8,/home/s241850073/igem2026/results/clipzyme_native_extension_v1/structures/af_v6/AF-A0AAT9HMQ8-F1-model_v6.cif,1.0
4261,A0AAU7YDG2,/home/s241850073/igem2026/results/clipzyme_native_extension_v1/structures/af_v6/AF-A0AAU7YDG2-F1-model_v6.cif,1.0
4262,A0AAU7YE82,/home/s241850073/igem2026/results/clipzyme_native_extension_v1/structures/af_v6/AF-A0AAU7YE82-F1-model_v6.cif,1.0
4263,A0AAU9DGR7,/home/s241850073/igem2026/results/clipzyme_native_extension_v1/structures/af_v6/AF-A0AAU9DGR7-F1-model_v6.cif,1.0
4264,A0AAU9MB20,/home/s241850073/igem2026/results/clipzyme_native_extension_v1/structures/af_v6/AF-A0AAU9MB20-F1-model_v6.cif,1.0
4265,A0AAU9MFA9,/home/s241850073/igem2026/results/clipzyme_native_extension_v1/structures/af_v6/AF-A0AAU9MFA9-F1-model_v6.cif,0.9999999
4266,A0AAU9NQJ1,/home/s241850073/igem2026/results/clipzyme_native_extension_v1/structures/af_v6/AF-A0AAU9NQJ1-F1-model_v6.cif,1.0
4267,A0AAU9NQJ8,/home/s241850073/igem2026/results/clipzyme_native_extension_v1/structures/af_v6/AF-A0AAU9NQJ8-F1-model_v6.cif,1.0
4268,A0AAU9PQM3,/home/s241850073/igem2026/results/clipzyme_native_extension_v1/structures/af_v6/AF-A0AAU9PQM3-F1-model_v6.cif,1.0
4269,A0AAU9RKG6,/home/s241850073/igem2026/results/clipzyme_native_extension_v1/structures/af_v6/AF-A0AAU9RKG6-F1-model_v6.cif,1.0
4270,A0AAU9RWF7,/home/s241850073/igem2026/results/clipzyme_native_extension_v1/structures/af_v6/AF-A0AAU9RWF7-F1-model_v6.cif,1.0
4271,A0AAU9S0S2,/home/s241850073/igem2026/results/clipzyme_native_extension_v1/structures/af_v6/AF-A0AAU9S0S2-F1-model_v6.cif,1.0
4272,A0AAU9S494,/home/s241850073/igem2026/results/clipzyme_native_extension_v1/structures/af_v6/AF-A0AAU9S494-F1-model_v6.cif,1.0
4273,A0AAU9S8G4,/home/s241850073/igem2026/results/clipzyme_native_extension_v1/structures/af_v6/AF-A0AAU9S8G4-F1-model_v6.cif,1.0
4274,A0AAU9SA62,/home/s241850073/igem2026/results/clipzyme_native_extension_v1/structures/af_v6/AF-A0AAU9SA62-F1-model_v6.cif,1.0
4275,A0AAU9SCQ5,/home/s241850073/igem2026/results/clipzyme_native_extension_v1/structures/af_v6/AF-A0AAU9SCQ5-F1-model_v6.cif,1.0
4276,A0AAU9SCT4,/home/s241850073/igem2026/results/clipzyme_native_extension_v1/structures/af_v6/AF-A0AAU9SCT4-F1-model_v6.cif,1.0
4277,A0AAV0DLJ2,/home/s241850073/igem2026/results/clipzyme_native_extension_v1/structures/af_v6/AF-A0AAV0DLJ2-F1-model_v6.cif,1.0
4278,A0AAV0DZG5,/home/s241850073/igem2026/results/clipzyme_native_extension_v1/structures/af_v6/AF-A0AAV0DZG5-F1-model_v6.cif,0.9999999
4279,A0AAV0E3C1,/home/s241850073/igem2026/results/clipzyme_native_extension_v1/structures/af_v6/AF-A0AAV0E3C1-F1-model_v6.cif,0.99999994
4280,A0AAV0E3W2,/home/s241850073/igem2026/results/clipzyme_native_extension_v1/structures/af_v6/AF-A0AAV0E3W2-F1-model_v6.cif,0.99999994
4281,A0AAV0GMW5,/home/s241850073/igem2026/results/clipzyme_native_extension_v1/structures/af_v6/AF-A0AAV0GMW5-F1-model_v6.cif,1.0
4282,A0AAV0GP22,/home/s241850073/igem2026/results/clipzyme_native_extension_v1/structures/af_v6/AF-A0AAV0GP22-F1-model_v6.cif,0.99999994
4283,A0AAV0GP48,/home/s241850073/igem2026/results/clipzyme_native_extension_v1/structures/af_v6/AF-A0AAV0GP48-F1-model_v6.cif,0.99999994
4284,A0AAV0GQ29,/home/s241850073/igem2026/results/clipzyme_native_extension_v1/structures/af_v6/AF-A0AAV0GQ29-F1-model_v6.cif,1.0
4285,A0AAV0H034,/home/s241850073/igem2026/results/clipzyme_native_extension_v1/structures/af_v6/AF-A0AAV0H034-F1-model_v6.cif,0.99999994
4286,A0AAV0H413,/home/s241850073/igem2026/results/clipzyme_native_extension_v1/structures/af_v6/AF-A0AAV0H413-F1-model_v6.cif,1.0
4287,A0AAV0H5J7,/home/s241850073/igem2026/results/clipzyme_native_extension_v1/structures/af_v6/AF-A0AAV0H5J7-F1-model_v6.cif,1.0
4288,A0AAV0HFQ3,/home/s241850073/igem2026/results/clipzyme_native_extension_v1/structures/af_v6/AF-A0AAV0HFQ3-F1-model_v6.cif,1.0
4289,A0AAV0HGC7,/home/s241850073/igem2026/results/clipzyme_native_extension_v1/structures/af_v6/AF-A0AAV0HGC7-F1-model_v6.cif,1.0
4290,A0AAV0HJ25,/home/s241850073/igem2026/results/clipzyme_native_extension_v1/structures/af_v6/AF-A0AAV0HJ25-F1-model_v6.cif,1.0
4291,A0AAV0HJJ7,/home/s241850073/igem2026/results/clipzyme_native_extension_v1/structures/af_v6/AF-A0AAV0HJJ7-F1-model_v6.cif,0.99999994
4292,A0AAV0HVB8,/home/s241850073/igem2026/results/clipzyme_native_extension_v1/structures/af_v6/AF-A0AAV0HVB8-F1-model_v6.cif,1.0
4293,A0AAV0HVC3,/home/s241850073/igem2026/results/clipzyme_native_extension_v1/structures/af_v6/AF-A0AAV0HVC3-F1-model_v6.cif,1.0
4294,A0AAV0HVD5,/home/s241850073/igem2026/results/clipzyme_native_extension_v1/structures/af_v6/AF-A0AAV0HVD5-F1-model_v6.cif,1.0
4295,A0AAV0HWQ5,/home/s241850073/igem2026/results/clipzyme_native_extension_v1/structures/af_v6/AF-A0AAV0HWQ5-F1-model_v6.cif,1.0000001
4296,A0AAV0IF25,/home/s241850073/igem2026/results/clipzyme_native_extension_v1/structures/af_v6/AF-A0AAV0IF25-F1-model_v6.cif,1.0
4297,A0AAV0IHQ9,/home/s241850073/igem2026/results/clipzyme_native_extension_v1/structures/af_v6/AF-A0AAV0IHQ9-F1-model_v6.cif,0.9999999
4298,A0AAV0ILN9,/home/s241850073/igem2026/results/clipzyme_native_extension_v1/structures/af_v6/AF-A0AAV0ILN9-F1-model_v6.cif,1.0
4299,A0AAV0IMX1,/home/s241850073/igem2026/results/clipzyme_native_extension_v1/structures/af_v6/AF-A0AAV0IMX1-F1-model_v6.cif,1.0
4300,A0AAV0IMZ6,/home/s241850073/igem2026/results/clipzyme_native_extension_v1/structures/af_v6/AF-A0AAV0IMZ6-F1-model_v6.cif,1.0
4301,A0AAV0J563,/home/s241850073/igem2026/results/clipzyme_native_extension_v1/structures/af_v6/AF-A0AAV0J563-F1-model_v6.cif,1.0000001
4302,A0AAV0J5C5,/home/s241850073/igem2026/results/clipzyme_native_extension_v1/structures/af_v6/AF-A0AAV0J5C5-F1-model_v6.cif,1.0
4303,A0AAV0J5I6,/home/s241850073/igem2026/results/clipzyme_native_extension_v1/structures/af_v6/AF-A0AAV0J5I6-F1-model_v6.cif,1.0
4304,A0AAV0J7T8,/home/s241850073/igem2026/results/clipzyme_native_extension_v1/structures/af_v6/AF-A0AAV0J7T8-F1-model_v6.cif,0.9999999
4305,A0AAV0JAQ8,/home/s241850073/igem2026/results/clipzyme_native_extension_v1/structures/af_v6/AF-A0AAV0JAQ8-F1-model_v6.cif,1.0
4306,A0AAV0JB10,/home/s241850073/igem2026/results/clipzyme_native_extension_v1/structures/af_v6/AF-A0AAV0JB10-F1-model_v6.cif,0.99999994
4307,A0AAV0JBE8,/home/s241850073/igem2026/results/clipzyme_native_extension_v1/structures/af_v6/AF-A0AAV0JBE8-F1-model_v6.cif,1.0
4308,A0AAV0JDR0,/home/s241850073/igem2026/results/clipzyme_native_extension_v1/structures/af_v6/AF-A0AAV0JDR0-F1-model_v6.cif,1.0
4309,A0AAV0JEN8,/home/s241850073/igem2026/results/clipzyme_native_extension_v1/structures/af_v6/AF-A0AAV0JEN8-F1-model_v6.cif,0.99999994
4310,A0AAV0JFC4,/home/s241850073/igem2026/results/clipzyme_native_extension_v1/structures/af_v6/AF-A0AAV0JFC4-F1-model_v6.cif,1.0
4311,A0AAV0JFX1,/home/s241850073/igem2026/results/clipzyme_native_extension_v1/structures/af_v6/AF-A0AAV0JFX1-F1-model_v6.cif,1.0
4312,A0AAV0JGN4,/home/s241850073/igem2026/results/clipzyme_native_extension_v1/structures/af_v6/AF-A0AAV0JGN4-F1-model_v6.cif,0.9999999
4313,A0AAV0JGY9,/home/s241850073/igem2026/results/clipzyme_native_extension_v1/structures/af_v6/AF-A0AAV0JGY9-F1-model_v6.cif,1.0
4314,A0AAV0JH18,/home/s241850073/igem2026/results/clipzyme_native_extension_v1/structures/af_v6/AF-A0AAV0JH18-F1-model_v6.cif,0.9999999
4315,A0AAV0JHS9,/home/s241850073/igem2026/results/clipzyme_native_extension_v1/structures/af_v6/AF-A0AAV0JHS9-F1-model_v6.cif,1.0
4316,A0AAV0JK63,/home/s241850073/igem2026/results/clipzyme_native_extension_v1/structures/af_v6/AF-A0AAV0JK63-F1-model_v6.cif,1.0
4317,A0AAV0KDE2,/home/s241850073/igem2026/results/clipzyme_native_extension_v1/structures/af_v6/AF-A0AAV0KDE2-F1-model_v6.cif,1.0
4318,A0AAV0KDH8,/home/s241850073/igem2026/results/clipzyme_native_extension_v1/structures/af_v6/AF-A0AAV0KDH8-F1-model_v6.cif,0.9999999
4319,A0AAV0KE89,/home/s241850073/igem2026/results/clipzyme_native_extension_v1/structures/af_v6/AF-A0AAV0KE89-F1-model_v6.cif,1.0
4320,A0AAV0KEA4,/home/s241850073/igem2026/results/clipzyme_native_extension_v1/structures/af_v6/AF-A0AAV0KEA4-F1-model_v6.cif,0.99999994
4321,A0AAV0KET4,/home/s241850073/igem2026/results/clipzyme_native_extension_v1/structures/af_v6/AF-A0AAV0KET4-F1-model_v6.cif,0.99999994
4322,A0AAV0KEU7,/home/s241850073/igem2026/results/clipzyme_native_extension_v1/structures/af_v6/AF-A0AAV0KEU7-F1-model_v6.cif,1.0
4323,A0AAV0KEZ5,/home/s241850073/igem2026/results/clipzyme_native_extension_v1/structures/af_v6/AF-A0AAV0KEZ5-F1-model_v6.cif,1.0
4324,A0AAV0KFJ8,/home/s241850073/igem2026/results/clipzyme_native_extension_v1/structures/af_v6/AF-A0AAV0KFJ8-F1-model_v6.cif,1.0
4325,A0AAV0KGE9,/home/s241850073/igem2026/results/clipzyme_native_extension_v1/structures/af_v6/AF-A0AAV0KGE9-F1-model_v6.cif,1.0
4326,A0AAV0KSU7,/home/s241850073/igem2026/results/clipzyme_native_extension_v1/structures/af_v6/AF-A0AAV0KSU7-F1-model_v6.cif,0.99999994
4327,A0AAV0LGQ8,/home/s241850073/igem2026/results/clipzyme_native_extension_v1/structures/af_v6/AF-A0AAV0LGQ8-F1-model_v6.cif,0.99999994
4328,A0AAV0LYZ5,/home/s241850073/igem2026/results/clipzyme_native_extension_v1/structures/af_v6/AF-A0AAV0LYZ5-F1-model_v6.cif,1.0
4329,A0AAV0M291,/home/s241850073/igem2026/results/clipzyme_native_extension_v1/structures/af_v6/AF-A0AAV0M291-F1-model_v6.cif,1.0
4330,A0AAV0M2U9,/home/s241850073/igem2026/results/clipzyme_native_extension_v1/structures/af_v6/AF-A0AAV0M2U9-F1-model_v6.cif,0.99999994
4331,A0AAV0M486,/home/s241850073/igem2026/results/clipzyme_native_extension_v1/structures/af_v6/AF-A0AAV0M486-F1-model_v6.cif,1.0
4332,A0AAV0M4D5,/home/s241850073/igem2026/results/clipzyme_native_extension_v1/structures/af_v6/AF-A0AAV0M4D5-F1-model_v6.cif,0.99999994
4333,A0AAV0MPL3,/home/s241850073/igem2026/results/clipzyme_native_extension_v1/structures/af_v6/AF-A0AAV0MPL3-F1-model_v6.cif,1.0
4334,A0AAV0NAD3,/home/s241850073/igem2026/results/clipzyme_native_extension_v1/structures/af_v6/AF-A0AAV0NAD3-F1-model_v6.cif,1.0
4335,A0AAV0NAF2,/home/s241850073/igem2026/results/clipzyme_native_extension_v1/structures/af_v6/AF-A0AAV0NAF2-F1-model_v6.cif,1.0
4336,A0AAV0NAR6,/home/s241850073/igem2026/results/clipzyme_native_extension_v1/structures/af_v6/AF-A0AAV0NAR6-F1-model_v6.cif,0.99999994
4337,A0AAV0NB37,/home/s241850073/igem2026/results/clipzyme_native_extension_v1/structures/af_v6/AF-A0AAV0NB37-F1-model_v6.cif,1.0
4338,A0AAV0ND72,/home/s241850073/igem2026/results/clipzyme_native_extension_v1/structures/af_v6/AF-A0AAV0ND72-F1-model_v6.cif,0.99999994
4339,A0AAV0NEQ6,/home/s241850073/igem2026/results/clipzyme_native_extension_v1/structures/af_v6/AF-A0AAV0NEQ6-F1-model_v6.cif,1.0
4340,A0AAV0NFC1,/home/s241850073/igem2026/results/clipzyme_native_extension_v1/structures/af_v6/AF-A0AAV0NFC1-F1-model_v6.cif,0.99999994
4341,A0AAV0NQE7,/home/s241850073/igem2026/results/clipzyme_native_extension_v1/structures/af_v6/AF-A0AAV0NQE7-F1-model_v6.cif,1.0
4342,A0AAV0NQL5,/home/s241850073/igem2026/results/clipzyme_native_extension_v1/structures/af_v6/AF-A0AAV0NQL5-F1-model_v6.cif,0.99999994
4343,A0AAV0Q676,/home/s241850073/igem2026/results/clipzyme_native_extension_v1/structures/af_v6/AF-A0AAV0Q676-F1-model_v6.cif,0.99999994
4344,A0AAV0QXX3,/home/s241850073/igem2026/results/clipzyme_native_extension_v1/structures/af_v6/AF-A0AAV0QXX3-F1-model_v6.cif,1.0
4345,A0AAV0QYT6,/home/s241850073/igem2026/results/clipzyme_native_extension_v1/structures/af_v6/AF-A0AAV0QYT6-F1-model_v6.cif,1.0
4346,A0AAV0QZ54,/home/s241850073/igem2026/results/clipzyme_native_extension_v1/structures/af_v6/AF-A0AAV0QZ54-F1-model_v6.cif,1.0
4347,A0AAV0QZR4,/home/s241850073/igem2026/results/clipzyme_native_extension_v1/structures/af_v6/AF-A0AAV0QZR4-F1-model_v6.cif,0.99999994
4348,A0AAV0R3Q5,/home/s241850073/igem2026/results/clipzyme_native_extension_v1/structures/af_v6/AF-A0AAV0R3Q5-F1-model_v6.cif,1.0
4349,A0AAV0R4I1,/home/s241850073/igem2026/results/clipzyme_native_extension_v1/structures/af_v6/AF-A0AAV0R4I1-F1-model_v6.cif,1.0
4350,A0AAV0R4W5,/home/s241850073/igem2026/results/clipzyme_native_extension_v1/structures/af_v6/AF-A0AAV0R4W5-F1-model_v6.cif,1.0
4351,A0AAV0R7M4,/home/s241850073/igem2026/results/clipzyme_native_extension_v1/structures/af_v6/AF-A0AAV0R7M4-F1-model_v6.cif,1.0
4352,A0AAV0RA51,/home/s241850073/igem2026/results/clipzyme_native_extension_v1/structures/af_v6/AF-A0AAV0RA51-F1-model_v6.cif,0.99999994
4353,A0AAV0YL22,/home/s241850073/igem2026/results/clipzyme_native_extension_v1/structures/af_v6/AF-A0AAV0YL22-F1-model_v6.cif,1.0
4354,A0AAV0YS32,/home/s241850073/igem2026/results/clipzyme_native_extension_v1/structures/af_v6/AF-A0AAV0YS32-F1-model_v6.cif,1.0
4355,A0AAV0Z072,/home/s241850073/igem2026/results/clipzyme_native_extension_v1/structures/af_v6/AF-A0AAV0Z072-F1-model_v6.cif,1.0
4356,A0AAV0ZTX9,/home/s241850073/igem2026/results/clipzyme_native_extension_v1/structures/af_v6/AF-A0AAV0ZTX9-F1-model_v6.cif,1.0
4357,A0AAV1AGV2,/home/s241850073/igem2026/results/clipzyme_native_extension_v1/structures/af_v6/AF-A0AAV1AGV2-F1-model_v6.cif,1.0
4358,A0AAV1BWK1,/home/s241850073/igem2026/results/clipzyme_native_extension_v1/structures/af_v6/AF-A0AAV1BWK1-F1-model_v6.cif,0.99999994
4359,A0AAV1BZ65,/home/s241850073/igem2026/results/clipzyme_native_extension_v1/structures/af_v6/AF-A0AAV1BZ65-F1-model_v6.cif,0.99999994
4360,A0AAV1BZ98,/home/s241850073/igem2026/results/clipzyme_native_extension_v1/structures/af_v6/AF-A0AAV1BZ98-F1-model_v6.cif,1.0
4361,A0AAV1C929,/home/s241850073/igem2026/results/clipzyme_native_extension_v1/structures/af_v6/AF-A0AAV1C929-F1-model_v6.cif,1.0
4362,A0AAV1CGV7,/home/s241850073/igem2026/results/clipzyme_native_extension_v1/structures/af_v6/AF-A0AAV1CGV7-F1-model_v6.cif,1.0
4363,A0AAV1CJ55,/home/s241850073/igem2026/results/clipzyme_native_extension_v1/structures/af_v6/AF-A0AAV1CJ55-F1-model_v6.cif,0.99999994
4364,A0AAV1CMZ2,/home/s241850073/igem2026/results/clipzyme_native_extension_v1/structures/af_v6/AF-A0AAV1CMZ2-F1-model_v6.cif,1.0
4365,A0AAV1D2Q8,/home/s241850073/igem2026/results/clipzyme_native_extension_v1/structures/af_v6/AF-A0AAV1D2Q8-F1-model_v6.cif,0.99999994
4366,A0AAV1DYE8,/home/s241850073/igem2026/results/clipzyme_native_extension_v1/structures/af_v6/AF-A0AAV1DYE8-F1-model_v6.cif,0.99999994
4367,A0AAV1E4G7,/home/s241850073/igem2026/results/clipzyme_native_extension_v1/structures/af_v6/AF-A0AAV1E4G7-F1-model_v6.cif,1.0
4368,A0AAV1E4Q1,/home/s241850073/igem2026/results/clipzyme_native_extension_v1/structures/af_v6/AF-A0AAV1E4Q1-F1-model_v6.cif,1.0
4369,A0AAV1RQK0,/home/s241850073/igem2026/results/clipzyme_native_extension_v1/structures/af_v6/AF-A0AAV1RQK0-F1-model_v6.cif,1.0
4370,A0AAV1RRY9,/home/s241850073/igem2026/results/clipzyme_native_extension_v1/structures/af_v6/AF-A0AAV1RRY9-F1-model_v6.cif,0.99999994
4371,A0AAV1SKA9,/home/s241850073/igem2026/results/clipzyme_native_extension_v1/structures/af_v6/AF-A0AAV1SKA9-F1-model_v6.cif,1.0
4372,A0AAV1SQN2,/home/s241850073/igem2026/results/clipzyme_native_extension_v1/structures/af_v6/AF-A0AAV1SQN2-F1-model_v6.cif,1.0
4373,A0AAV1WJ38,/home/s241850073/igem2026/results/clipzyme_native_extension_v1/structures/af_v6/AF-A0AAV1WJ38-F1-model_v6.cif,1.0
4374,A0AAV1XNB4,/home/s241850073/igem2026/results/clipzyme_native_extension_v1/structures/af_v6/AF-A0AAV1XNB4-F1-model_v6.cif,1.0
4375,A0AAV1YIP9,/home/s241850073/igem2026/results/clipzyme_native_extension_v1/structures/af_v6/AF-A0AAV1YIP9-F1-model_v6.cif,1.0
4376,A0AAV2C736,/home/s241850073/igem2026/results/clipzyme_native_extension_v1/structures/af_v6/AF-A0AAV2C736-F1-model_v6.cif,1.0
4377,A0AAV2D0N2,/home/s241850073/igem2026/results/clipzyme_native_extension_v1/structures/af_v6/AF-A0AAV2D0N2-F1-model_v6.cif,1.0
4378,A0AAV2D6S5,/home/s241850073/igem2026/results/clipzyme_native_extension_v1/structures/af_v6/AF-A0AAV2D6S5-F1-model_v6.cif,1.0
4379,A0AAV2EG26,/home/s241850073/igem2026/results/clipzyme_native_extension_v1/structures/af_v6/AF-A0AAV2EG26-F1-model_v6.cif,1.0
4380,A0AAV2EKT5,/home/s241850073/igem2026/results/clipzyme_native_extension_v1/structures/af_v6/AF-A0AAV2EKT5-F1-model_v6.cif,1.0
4381,A0AAV2F031,/home/s241850073/igem2026/results/clipzyme_native_extension_v1/structures/af_v6/AF-A0AAV2F031-F1-model_v6.cif,0.99999994
4382,A0AAV2F039,/home/s241850073/igem2026/results/clipzyme_native_extension_v1/structures/af_v6/AF-A0AAV2F039-F1-model_v6.cif,1.0
4383,A0AAV2FCT4,/home/s241850073/igem2026/results/clipzyme_native_extension_v1/structures/af_v6/AF-A0AAV2FCT4-F1-model_v6.cif,0.99999994
4384,A0AAV2FIP3,/home/s241850073/igem2026/results/clipzyme_native_extension_v1/structures/af_v6/AF-A0AAV2FIP3-F1-model_v6.cif,0.99999994
4385,A0AAV2JY31,/home/s241850073/igem2026/results/clipzyme_native_extension_v1/structures/af_v6/AF-A0AAV2JY31-F1-model_v6.cif,1.0
4386,A0AAV3Q3D3,/home/s241850073/igem2026/results/clipzyme_native_extension_v1/structures/af_v6/AF-A0AAV3Q3D3-F1-model_v6.cif,1.0
4387,A0AAV3Q5G3,/home/s241850073/igem2026/results/clipzyme_native_extension_v1/structures/af_v6/AF-A0AAV3Q5G3-F1-model_v6.cif,1.0
4388,A0AAV3QCA9,/home/s241850073/igem2026/results/clipzyme_native_extension_v1/structures/af_v6/AF-A0AAV3QCA9-F1-model_v6.cif,1.0
4389,A0AAV3R0L9,/home/s241850073/igem2026/results/clipzyme_native_extension_v1/structures/af_v6/AF-A0AAV3R0L9-F1-model_v6.cif,1.0
4390,A0AAV3XKL9,/home/s241850073/igem2026/results/clipzyme_native_extension_v1/structures/af_v6/AF-A0AAV3XKL9-F1-model_v6.cif,0.99999994
4391,A0AAV4ZXA9,/home/s241850073/igem2026/results/clipzyme_native_extension_v1/structures/af_v6/AF-A0AAV4ZXA9-F1-model_v6.cif,1.0
4392,A0AAV5A0D6,/home/s241850073/igem2026/results/clipzyme_native_extension_v1/structures/af_v6/AF-A0AAV5A0D6-F1-model_v6.cif,1.0
4393,A0AAV5A3P1,/home/s241850073/igem2026/results/clipzyme_native_extension_v1/structures/af_v6/AF-A0AAV5A3P1-F1-model_v6.cif,1.0
4394,A0AAV5ADW3,/home/s241850073/igem2026/results/clipzyme_native_extension_v1/structures/af_v6/AF-A0AAV5ADW3-F1-model_v6.cif,1.0
4395,A0AAV5AKV2,/home/s241850073/igem2026/results/clipzyme_native_extension_v1/structures/af_v6/AF-A0AAV5AKV2-F1-model_v6.cif,0.9999999
4396,A0AAV5BBV0,/home/s241850073/igem2026/results/clipzyme_native_extension_v1/structures/af_v6/AF-A0AAV5BBV0-F1-model_v6.cif,1.0
4397,A0AAV5BEI1,/home/s241850073/igem2026/results/clipzyme_native_extension_v1/structures/af_v6/AF-A0AAV5BEI1-F1-model_v6.cif,0.99999994
4398,A0AAV5BG87,/home/s241850073/igem2026/results/clipzyme_native_extension_v1/structures/af_v6/AF-A0AAV5BG87-F1-model_v6.cif,1.0
4399,A0AAV5BUX6,/home/s241850073/igem2026/results/clipzyme_native_extension_v1/structures/af_v6/AF-A0AAV5BUX6-F1-model_v6.cif,0.99999994
4400,A0AAV5BWC4,/home/s241850073/igem2026/results/clipzyme_native_extension_v1/structures/af_v6/AF-A0AAV5BWC4-F1-model_v6.cif,1.0
4401,A0AAV5C160,/home/s241850073/igem2026/results/clipzyme_native_extension_v1/structures/af_v6/AF-A0AAV5C160-F1-model_v6.cif,1.0
4402,A0AAV5CUL8,/home/s241850073/igem2026/results/clipzyme_native_extension_v1/structures/af_v6/AF-A0AAV5CUL8-F1-model_v6.cif,1.0
4403,A0AAV5D0S9,/home/s241850073/igem2026/results/clipzyme_native_extension_v1/structures/af_v6/AF-A0AAV5D0S9-F1-model_v6.cif,0.99999994
4404,A0AAV5D9G2,/home/s241850073/igem2026/results/clipzyme_native_extension_v1/structures/af_v6/AF-A0AAV5D9G2-F1-model_v6.cif,1.0
4405,A0AAV5D9J3,/home/s241850073/igem2026/results/clipzyme_native_extension_v1/structures/af_v6/AF-A0AAV5D9J3-F1-model_v6.cif,1.0
4406,A0AAV5DF60,/home/s241850073/igem2026/results/clipzyme_native_extension_v1/structures/af_v6/AF-A0AAV5DF60-F1-model_v6.cif,1.0
4407,A0AAV5DGU8,/home/s241850073/igem2026/results/clipzyme_native_extension_v1/structures/af_v6/AF-A0AAV5DGU8-F1-model_v6.cif,1.0
4408,A0AAV5DQJ5,/home/s241850073/igem2026/results/clipzyme_native_extension_v1/structures/af_v6/AF-A0AAV5DQJ5-F1-model_v6.cif,1.0
4409,A0AAV5DR18,/home/s241850073/igem2026/results/clipzyme_native_extension_v1/structures/af_v6/AF-A0AAV5DR18-F1-model_v6.cif,0.99999994
4410,A0AAV5E7A3,/home/s241850073/igem2026/results/clipzyme_native_extension_v1/structures/af_v6/AF-A0AAV5E7A3-F1-model_v6.cif,1.0
4411,A0AAV5EB47,/home/s241850073/igem2026/results/clipzyme_native_extension_v1/structures/af_v6/AF-A0AAV5EB47-F1-model_v6.cif,1.0
4412,A0AAV5EEA3,/home/s241850073/igem2026/results/clipzyme_native_extension_v1/structures/af_v6/AF-A0AAV5EEA3-F1-model_v6.cif,1.0
4413,A0AAV5EEL8,/home/s241850073/igem2026/results/clipzyme_native_extension_v1/structures/af_v6/AF-A0AAV5EEL8-F1-model_v6.cif,0.99999994
4414,A0AAV5EGJ8,/home/s241850073/igem2026/results/clipzyme_native_extension_v1/structures/af_v6/AF-A0AAV5EGJ8-F1-model_v6.cif,1.0
4415,A0AAV5F224,/home/s241850073/igem2026/results/clipzyme_native_extension_v1/structures/af_v6/AF-A0AAV5F224-F1-model_v6.cif,1.0
4416,A0AAV5FLL6,/home/s241850073/igem2026/results/clipzyme_native_extension_v1/structures/af_v6/AF-A0AAV5FLL6-F1-model_v6.cif,0.99999994
4417,A0AAV5FQJ8,/home/s241850073/igem2026/results/clipzyme_native_extension_v1/structures/af_v6/AF-A0AAV5FQJ8-F1-model_v6.cif,1.0
4418,A0AAV5FY13,/home/s241850073/igem2026/results/clipzyme_native_extension_v1/structures/af_v6/AF-A0AAV5FY13-F1-model_v6.cif,1.0
4419,A0AAV5G4Y4,/home/s241850073/igem2026/results/clipzyme_native_extension_v1/structures/af_v6/AF-A0AAV5G4Y4-F1-model_v6.cif,1.0
4420,A0AAV5HHN3,/home/s241850073/igem2026/results/clipzyme_native_extension_v1/structures/af_v6/AF-A0AAV5HHN3-F1-model_v6.cif,1.0000001
4421,A0AAV5I8F5,/home/s241850073/igem2026/results/clipzyme_native_extension_v1/structures/af_v6/AF-A0AAV5I8F5-F1-model_v6.cif,1.0
4422,A0AAV5IK13,/home/s241850073/igem2026/results/clipzyme_native_extension_v1/structures/af_v6/AF-A0AAV5IK13-F1-model_v6.cif,1.0
4423,A0AAV5IY85,/home/s241850073/igem2026/results/clipzyme_native_extension_v1/structures/af_v6/AF-A0AAV5IY85-F1-model_v6.cif,1.0
4424,A0AAV5KQ58,/home/s241850073/igem2026/results/clipzyme_native_extension_v1/structures/af_v6/AF-A0AAV5KQ58-F1-model_v6.cif,0.9999999
4425,A0AAV5KQA8,/home/s241850073/igem2026/results/clipzyme_native_extension_v1/structures/af_v6/AF-A0AAV5KQA8-F1-model_v6.cif,1.0
4426,A0AAV5KWK5,/home/s241850073/igem2026/results/clipzyme_native_extension_v1/structures/af_v6/AF-A0AAV5KWK5-F1-model_v6.cif,0.99999994
4427,A0AAV5KY88,/home/s241850073/igem2026/results/clipzyme_native_extension_v1/structures/af_v6/AF-A0AAV5KY88-F1-model_v6.cif,0.99999994
4428,A0AAV5LFU9,/home/s241850073/igem2026/results/clipzyme_native_extension_v1/structures/af_v6/AF-A0AAV5LFU9-F1-model_v6.cif,1.0000001
4429,A0AAV5LIL6,/home/s241850073/igem2026/results/clipzyme_native_extension_v1/structures/af_v6/AF-A0AAV5LIL6-F1-model_v6.cif,0.99999994
4430,A0AAV5LNC8,/home/s241850073/igem2026/results/clipzyme_native_extension_v1/structures/af_v6/AF-A0AAV5LNC8-F1-model_v6.cif,0.99999994
4431,A0AAV5MKC4,/home/s241850073/igem2026/results/clipzyme_native_extension_v1/structures/af_v6/AF-A0AAV5MKC4-F1-model_v6.cif,0.99999994
4432,A0AAV5MKG0,/home/s241850073/igem2026/results/clipzyme_native_extension_v1/structures/af_v6/AF-A0AAV5MKG0-F1-model_v6.cif,0.99999994
4433,A0AAV5MN39,/home/s241850073/igem2026/results/clipzyme_native_extension_v1/structures/af_v6/AF-A0AAV5MN39-F1-model_v6.cif,0.99999994
4434,A0AAV6HXK5,/home/s241850073/igem2026/results/clipzyme_native_extension_v1/structures/af_v6/AF-A0AAV6HXK5-F1-model_v6.cif,0.99999994
4435,A0AAV6HXU1,/home/s241850073/igem2026/results/clipzyme_native_extension_v1/structures/af_v6/AF-A0AAV6HXU1-F1-model_v6.cif,1.0
4436,A0AAV6I0M2,/home/s241850073/igem2026/results/clipzyme_native_extension_v1/structures/af_v6/AF-A0AAV6I0M2-F1-model_v6.cif,1.0
4437,A0AAV6I0N8,/home/s241850073/igem2026/results/clipzyme_native_extension_v1/structures/af_v6/AF-A0AAV6I0N8-F1-model_v6.cif,0.99999994
4438,A0AAV6I3A2,/home/s241850073/igem2026/results/clipzyme_native_extension_v1/structures/af_v6/AF-A0AAV6I3A2-F1-model_v6.cif,0.99999994
4439,A0AAV6K1M1,/home/s241850073/igem2026/results/clipzyme_native_extension_v1/structures/af_v6/AF-A0AAV6K1M1-F1-model_v6.cif,1.0
4440,A0AAV6K1N2,/home/s241850073/igem2026/results/clipzyme_native_extension_v1/structures/af_v6/AF-A0AAV6K1N2-F1-model_v6.cif,1.0
4441,A0AAV6K9G4,/home/s241850073/igem2026/results/clipzyme_native_extension_v1/structures/af_v6/AF-A0AAV6K9G4-F1-model_v6.cif,0.99999994
4442,A0AAV6KPX8,/home/s241850073/igem2026/results/clipzyme_native_extension_v1/structures/af_v6/AF-A0AAV6KPX8-F1-model_v6.cif,1.0
4443,A0AAV6L916,/home/s241850073/igem2026/results/clipzyme_native_extension_v1/structures/af_v6/AF-A0AAV6L916-F1-model_v6.cif,1.0
4444,A0AAV6LBN2,/home/s241850073/igem2026/results/clipzyme_native_extension_v1/structures/af_v6/AF-A0AAV6LBN2-F1-model_v6.cif,0.99999994
4445,A0AAV6LJH7,/home/s241850073/igem2026/results/clipzyme_native_extension_v1/structures/af_v6/AF-A0AAV6LJH7-F1-model_v6.cif,0.99999994
4446,A0AAV6LTK7,/home/s241850073/igem2026/results/clipzyme_native_extension_v1/structures/af_v6/AF-A0AAV6LTK7-F1-model_v6.cif,1.0
4447,A0AAV6WDH2,/home/s241850073/igem2026/results/clipzyme_native_extension_v1/structures/af_v6/AF-A0AAV6WDH2-F1-model_v6.cif,0.99999994
4448,A0AAV6WNM7,/home/s241850073/igem2026/results/clipzyme_native_extension_v1/structures/af_v6/AF-A0AAV6WNM7-F1-model_v6.cif,1.0
4449,A0AAV6WR86,/home/s241850073/igem2026/results/clipzyme_native_extension_v1/structures/af_v6/AF-A0AAV6WR86-F1-model_v6.cif,1.0
4450,A0AAV6WU84,/home/s241850073/igem2026/results/clipzyme_native_extension_v1/structures/af_v6/AF-A0AAV6WU84-F1-model_v6.cif,1.0
4451,A0AAV6WVD7,/home/s241850073/igem2026/results/clipzyme_native_extension_v1/structures/af_v6/AF-A0AAV6WVD7-F1-model_v6.cif,1.0
4452,A0AAV6X1J4,/home/s241850073/igem2026/results/clipzyme_native_extension_v1/structures/af_v6/AF-A0AAV6X1J4-F1-model_v6.cif,1.0
4453,A0AAV6X628,/home/s241850073/igem2026/results/clipzyme_native_extension_v1/structures/af_v6/AF-A0AAV6X628-F1-model_v6.cif,0.99999994
4454,A0AAV6XMP3,/home/s241850073/igem2026/results/clipzyme_native_extension_v1/structures/af_v6/AF-A0AAV6XMP3-F1-model_v6.cif,1.0
4455,A0AAV6XVS8,/home/s241850073/igem2026/results/clipzyme_native_extension_v1/structures/af_v6/AF-A0AAV6XVS8-F1-model_v6.cif,0.99999994
4456,A0AAV6XWX5,/home/s241850073/igem2026/results/clipzyme_native_extension_v1/structures/af_v6/AF-A0AAV6XWX5-F1-model_v6.cif,1.0
4457,A0AAV6Y0J1,/home/s241850073/igem2026/results/clipzyme_native_extension_v1/structures/af_v6/AF-A0AAV6Y0J1-F1-model_v6.cif,1.0
4458,A0AAV6Y5J1,/home/s241850073/igem2026/results/clipzyme_native_extension_v1/structures/af_v6/AF-A0AAV6Y5J1-F1-model_v6.cif,0.99999994
4459,A0AAV6YC20,/home/s241850073/igem2026/results/clipzyme_native_extension_v1/structures/af_v6/AF-A0AAV6YC20-F1-model_v6.cif,1.0
4460,A0AAV7DYK2,/home/s241850073/igem2026/results/clipzyme_native_extension_v1/structures/af_v6/AF-A0AAV7DYK2-F1-model_v6.cif,0.99999994
4461,A0AAV7E1R9,/home/s241850073/igem2026/results/clipzyme_native_extension_v1/structures/af_v6/AF-A0AAV7E1R9-F1-model_v6.cif,0.99999994
4462,A0AAV7E2F7,/home/s241850073/igem2026/results/clipzyme_native_extension_v1/structures/af_v6/AF-A0AAV7E2F7-F1-model_v6.cif,1.0
4463,A0AAV7E3X0,/home/s241850073/igem2026/results/clipzyme_native_extension_v1/structures/af_v6/AF-A0AAV7E3X0-F1-model_v6.cif,1.0
4464,A0AAV7E405,/home/s241850073/igem2026/results/clipzyme_native_extension_v1/structures/af_v6/AF-A0AAV7E405-F1-model_v6.cif,1.0
4465,A0AAV7E609,/home/s241850073/igem2026/results/clipzyme_native_extension_v1/structures/af_v6/AF-A0AAV7E609-F1-model_v6.cif,1.0
4466,A0AAV7E991,/home/s241850073/igem2026/results/clipzyme_native_extension_v1/structures/af_v6/AF-A0AAV7E991-F1-model_v6.cif,0.99999994
4467,A0AAV7EZ23,/home/s241850073/igem2026/results/clipzyme_native_extension_v1/structures/af_v6/AF-A0AAV7EZ23-F1-model_v6.cif,1.0
4468,A0AAV7EZ58,/home/s241850073/igem2026/results/clipzyme_native_extension_v1/structures/af_v6/AF-A0AAV7EZ58-F1-model_v6.cif,1.0
4469,A0AAV7EZU1,/home/s241850073/igem2026/results/clipzyme_native_extension_v1/structures/af_v6/AF-A0AAV7EZU1-F1-model_v6.cif,0.99999994
4470,A0AAV7EZV2,/home/s241850073/igem2026/results/clipzyme_native_extension_v1/structures/af_v6/AF-A0AAV7EZV2-F1-model_v6.cif,0.99999994
4471,A0AAV7F0K9,/home/s241850073/igem2026/results/clipzyme_native_extension_v1/structures/af_v6/AF-A0AAV7F0K9-F1-model_v6.cif,0.99999994
4472,A0AAV7F1D6,/home/s241850073/igem2026/results/clipzyme_native_extension_v1/structures/af_v6/AF-A0AAV7F1D6-F1-model_v6.cif,1.0
4473,A0AAV7F2C7,/home/s241850073/igem2026/results/clipzyme_native_extension_v1/structures/af_v6/AF-A0AAV7F2C7-F1-model_v6.cif,1.0
4474,A0AAV7F2L8,/home/s241850073/igem2026/results/clipzyme_native_extension_v1/structures/af_v6/AF-A0AAV7F2L8-F1-model_v6.cif,1.0
4475,A0AAV7F2W7,/home/s241850073/igem2026/results/clipzyme_native_extension_v1/structures/af_v6/AF-A0AAV7F2W7-F1-model_v6.cif,1.0
4476,A0AAV7F7R1,/home/s241850073/igem2026/results/clipzyme_native_extension_v1/structures/af_v6/AF-A0AAV7F7R1-F1-model_v6.cif,0.99999994
4477,A0AAV7F927,/home/s241850073/igem2026/results/clipzyme_native_extension_v1/structures/af_v6/AF-A0AAV7F927-F1-model_v6.cif,0.99999994
4478,A0AAV7GZH5,/home/s241850073/igem2026/results/clipzyme_native_extension_v1/structures/af_v6/AF-A0AAV7GZH5-F1-model_v6.cif,1.0
4479,A0AAV7H2U7,/home/s241850073/igem2026/results/clipzyme_native_extension_v1/structures/af_v6/AF-A0AAV7H2U7-F1-model_v6.cif,1.0
4480,A0AAV7H3Y6,/home/s241850073/igem2026/results/clipzyme_native_extension_v1/structures/af_v6/AF-A0AAV7H3Y6-F1-model_v6.cif,1.0
4481,A0AAV7HG25,/home/s241850073/igem2026/results/clipzyme_native_extension_v1/structures/af_v6/AF-A0AAV7HG25-F1-model_v6.cif,1.0
4482,A0AAV7HHI4,/home/s241850073/igem2026/results/clipzyme_native_extension_v1/structures/af_v6/AF-A0AAV7HHI4-F1-model_v6.cif,0.99999994
4483,A0AAV7HHT6,/home/s241850073/igem2026/results/clipzyme_native_extension_v1/structures/af_v6/AF-A0AAV7HHT6-F1-model_v6.cif,1.0
4484,A0AAV7HIT3,/home/s241850073/igem2026/results/clipzyme_native_extension_v1/structures/af_v6/AF-A0AAV7HIT3-F1-model_v6.cif,1.0
4485,A0AAV8AUC9,/home/s241850073/igem2026/results/clipzyme_native_extension_v1/structures/af_v6/AF-A0AAV8AUC9-F1-model_v6.cif,1.0
4486,A0AAV8BQF4,/home/s241850073/igem2026/results/clipzyme_native_extension_v1/structures/af_v6/AF-A0AAV8BQF4-F1-model_v6.cif,0.99999994
4487,A0AAV8BR21,/home/s241850073/igem2026/results/clipzyme_native_extension_v1/structures/af_v6/AF-A0AAV8BR21-F1-model_v6.cif,1.0
4488,A0AAV8CD10,/home/s241850073/igem2026/results/clipzyme_native_extension_v1/structures/af_v6/AF-A0AAV8CD10-F1-model_v6.cif,1.0
4489,A0AAV8D6G7,/home/s241850073/igem2026/results/clipzyme_native_extension_v1/structures/af_v6/AF-A0AAV8D6G7-F1-model_v6.cif,1.0
4490,A0AAV8D9A4,/home/s241850073/igem2026/results/clipzyme_native_extension_v1/structures/af_v6/AF-A0AAV8D9A4-F1-model_v6.cif,0.99999994
4491,A0AAV8DE22,/home/s241850073/igem2026/results/clipzyme_native_extension_v1/structures/af_v6/AF-A0AAV8DE22-F1-model_v6.cif,1.0
4492,A0AAV8DNS4,/home/s241850073/igem2026/results/clipzyme_native_extension_v1/structures/af_v6/AF-A0AAV8DNS4-F1-model_v6.cif,1.0
4493,A0AAV8DQF7,/home/s241850073/igem2026/results/clipzyme_native_extension_v1/structures/af_v6/AF-A0AAV8DQF7-F1-model_v6.cif,0.99999994
4494,A0AAV8EZT6,/home/s241850073/igem2026/results/clipzyme_native_extension_v1/structures/af_v6/AF-A0AAV8EZT6-F1-model_v6.cif,0.99999994
4495,A0AAV8FB93,/home/s241850073/igem2026/results/clipzyme_native_extension_v1/structures/af_v6/AF-A0AAV8FB93-F1-model_v6.cif,1.0
4496,A0AAV8FLK8,/home/s241850073/igem2026/results/clipzyme_native_extension_v1/structures/af_v6/AF-A0AAV8FLK8-F1-model_v6.cif,0.99999994
4497,A0AAV8G0Y9,/home/s241850073/igem2026/results/clipzyme_native_extension_v1/structures/af_v6/AF-A0AAV8G0Y9-F1-model_v6.cif,1.0
4498,A0AAV8HYM2,/home/s241850073/igem2026/results/clipzyme_native_extension_v1/structures/af_v6/AF-A0AAV8HYM2-F1-model_v6.cif,1.0
4499,A0AAV8SB56,/home/s241850073/igem2026/results/clipzyme_native_extension_v1/structures/af_v6/AF-A0AAV8SB56-F1-model_v6.cif,1.0
4500,A0AAV8SMB1,/home/s241850073/igem2026/results/clipzyme_native_extension_v1/structures/af_v6/AF-A0AAV8SMB1-F1-model_v6.cif,1.0
4501,A0AAV8SWD1,/home/s241850073/igem2026/results/clipzyme_native_extension_v1/structures/af_v6/AF-A0AAV8SWD1-F1-model_v6.cif,1.0
4502,A0AAV8TH51,/home/s241850073/igem2026/results/clipzyme_native_extension_v1/structures/af_v6/AF-A0AAV8TH51-F1-model_v6.cif,1.0
4503,A0AAV8TK54,/home/s241850073/igem2026/results/clipzyme_native_extension_v1/structures/af_v6/AF-A0AAV8TK54-F1-model_v6.cif,1.0
4504,A0AAV8U396,/home/s241850073/igem2026/results/clipzyme_native_extension_v1/structures/af_v6/AF-A0AAV8U396-F1-model_v6.cif,0.99999994
4505,A0AAV8ZXC4,/home/s241850073/igem2026/results/clipzyme_native_extension_v1/structures/af_v6/AF-A0AAV8ZXC4-F1-model_v6.cif,1.0
4506,A0AAV8ZYP4,/home/s241850073/igem2026/results/clipzyme_native_extension_v1/structures/af_v6/AF-A0AAV8ZYP4-F1-model_v6.cif,0.99999994
4507,A0AAV9A0I7,/home/s241850073/igem2026/results/clipzyme_native_extension_v1/structures/af_v6/AF-A0AAV9A0I7-F1-model_v6.cif,0.99999994
4508,A0AAV9AH69,/home/s241850073/igem2026/results/clipzyme_native_extension_v1/structures/af_v6/AF-A0AAV9AH69-F1-model_v6.cif,1.0
4509,A0AAV9AZR1,/home/s241850073/igem2026/results/clipzyme_native_extension_v1/structures/af_v6/AF-A0AAV9AZR1-F1-model_v6.cif,1.0
4510,A0AAV9B046,/home/s241850073/igem2026/results/clipzyme_native_extension_v1/structures/af_v6/AF-A0AAV9B046-F1-model_v6.cif,1.0
4511,A0AAV9B2H5,/home/s241850073/igem2026/results/clipzyme_native_extension_v1/structures/af_v6/AF-A0AAV9B2H5-F1-model_v6.cif,1.0
4512,A0AAV9B3N8,/home/s241850073/igem2026/results/clipzyme_native_extension_v1/structures/af_v6/AF-A0AAV9B3N8-F1-model_v6.cif,1.0
4513,A0AAV9BEH6,/home/s241850073/igem2026/results/clipzyme_native_extension_v1/structures/af_v6/AF-A0AAV9BEH6-F1-model_v6.cif,1.0
4514,A0AAV9BP81,/home/s241850073/igem2026/results/clipzyme_native_extension_v1/structures/af_v6/AF-A0AAV9BP81-F1-model_v6.cif,1.0
4515,A0AAV9C248,/home/s241850073/igem2026/results/clipzyme_native_extension_v1/structures/af_v6/AF-A0AAV9C248-F1-model_v6.cif,1.0
4516,A0AAV9C2C7,/home/s241850073/igem2026/results/clipzyme_native_extension_v1/structures/af_v6/AF-A0AAV9C2C7-F1-model_v6.cif,0.99999994
4517,A0AAV9C802,/home/s241850073/igem2026/results/clipzyme_native_extension_v1/structures/af_v6/AF-A0AAV9C802-F1-model_v6.cif,1.0
4518,A0AAV9CRC3,/home/s241850073/igem2026/results/clipzyme_native_extension_v1/structures/af_v6/AF-A0AAV9CRC3-F1-model_v6.cif,0.99999994
4519,A0AAV9CS51,/home/s241850073/igem2026/results/clipzyme_native_extension_v1/structures/af_v6/AF-A0AAV9CS51-F1-model_v6.cif,0.99999994
4520,A0AAV9CXM4,/home/s241850073/igem2026/results/clipzyme_native_extension_v1/structures/af_v6/AF-A0AAV9CXM4-F1-model_v6.cif,0.99999994
4521,A0AAV9DHB9,/home/s241850073/igem2026/results/clipzyme_native_extension_v1/structures/af_v6/AF-A0AAV9DHB9-F1-model_v6.cif,1.0
4522,A0AAV9DHH1,/home/s241850073/igem2026/results/clipzyme_native_extension_v1/structures/af_v6/AF-A0AAV9DHH1-F1-model_v6.cif,1.0
4523,A0AAV9DU42,/home/s241850073/igem2026/results/clipzyme_native_extension_v1/structures/af_v6/AF-A0AAV9DU42-F1-model_v6.cif,0.99999994
4524,A0AAV9DVU4,/home/s241850073/igem2026/results/clipzyme_native_extension_v1/structures/af_v6/AF-A0AAV9DVU4-F1-model_v6.cif,1.0
4525,A0AAV9DWK7,/home/s241850073/igem2026/results/clipzyme_native_extension_v1/structures/af_v6/AF-A0AAV9DWK7-F1-model_v6.cif,1.0
4526,A0AAV9DX11,/home/s241850073/igem2026/results/clipzyme_native_extension_v1/structures/af_v6/AF-A0AAV9DX11-F1-model_v6.cif,1.0
4527,A0AAV9DXD9,/home/s241850073/igem2026/results/clipzyme_native_extension_v1/structures/af_v6/AF-A0AAV9DXD9-F1-model_v6.cif,1.0
4528,A0AAV9E4M2,/home/s241850073/igem2026/results/clipzyme_native_extension_v1/structures/af_v6/AF-A0AAV9E4M2-F1-model_v6.cif,1.0
4529,A0AAV9E7X1,/home/s241850073/igem2026/results/clipzyme_native_extension_v1/structures/af_v6/AF-A0AAV9E7X1-F1-model_v6.cif,0.99999994
4530,A0AAV9EAA0,/home/s241850073/igem2026/results/clipzyme_native_extension_v1/structures/af_v6/AF-A0AAV9EAA0-F1-model_v6.cif,1.0
4531,A0AAV9EBI6,/home/s241850073/igem2026/results/clipzyme_native_extension_v1/structures/af_v6/AF-A0AAV9EBI6-F1-model_v6.cif,1.0
4532,A0AAV9EBM2,/home/s241850073/igem2026/results/clipzyme_native_extension_v1/structures/af_v6/AF-A0AAV9EBM2-F1-model_v6.cif,1.0
4533,A0AAV9EIN2,/home/s241850073/igem2026/results/clipzyme_native_extension_v1/structures/af_v6/AF-A0AAV9EIN2-F1-model_v6.cif,1.0
4534,A0AAV9EL99,/home/s241850073/igem2026/results/clipzyme_native_extension_v1/structures/af_v6/AF-A0AAV9EL99-F1-model_v6.cif,0.99999994
4535,A0AAV9ENU3,/home/s241850073/igem2026/results/clipzyme_native_extension_v1/structures/af_v6/AF-A0AAV9ENU3-F1-model_v6.cif,1.0
4536,A0AAV9EZ11,/home/s241850073/igem2026/results/clipzyme_native_extension_v1/structures/af_v6/AF-A0AAV9EZ11-F1-model_v6.cif,0.99999994
4537,A0AAV9GBI3,/home/s241850073/igem2026/results/clipzyme_native_extension_v1/structures/af_v6/AF-A0AAV9GBI3-F1-model_v6.cif,1.0
4538,A0AAV9GBP6,/home/s241850073/igem2026/results/clipzyme_native_extension_v1/structures/af_v6/AF-A0AAV9GBP6-F1-model_v6.cif,1.0000001
4539,A0AAV9HG50,/home/s241850073/igem2026/results/clipzyme_native_extension_v1/structures/af_v6/AF-A0AAV9HG50-F1-model_v6.cif,0.9999999
4540,A0AAV9HRR5,/home/s241850073/igem2026/results/clipzyme_native_extension_v1/structures/af_v6/AF-A0AAV9HRR5-F1-model_v6.cif,1.0
4541,A0AAV9K0I7,/home/s241850073/igem2026/results/clipzyme_native_extension_v1/structures/af_v6/AF-A0AAV9K0I7-F1-model_v6.cif,0.99999994
4542,A0AAV9M9W0,/home/s241850073/igem2026/results/clipzyme_native_extension_v1/structures/af_v6/AF-A0AAV9M9W0-F1-model_v6.cif,1.0
4543,A0AAV9MNX0,/home/s241850073/igem2026/results/clipzyme_native_extension_v1/structures/af_v6/AF-A0AAV9MNX0-F1-model_v6.cif,1.0
4544,A0AAV9UGD8,/home/s241850073/igem2026/results/clipzyme_native_extension_v1/structures/af_v6/AF-A0AAV9UGD8-F1-model_v6.cif,1.0
4545,A0AAV9UGV7,/home/s241850073/igem2026/results/clipzyme_native_extension_v1/structures/af_v6/AF-A0AAV9UGV7-F1-model_v6.cif,1.0
4546,A0AAV9VEH6,/home/s241850073/igem2026/results/clipzyme_native_extension_v1/structures/af_v6/AF-A0AAV9VEH6-F1-model_v6.cif,1.0
4547,A0AAV9VHL0,/home/s241850073/igem2026/results/clipzyme_native_extension_v1/structures/af_v6/AF-A0AAV9VHL0-F1-model_v6.cif,1.0
4548,A0AAV9W8F0,/home/s241850073/igem2026/results/clipzyme_native_extension_v1/structures/af_v6/AF-A0AAV9W8F0-F1-model_v6.cif,1.0
4549,A0AAV9W8J1,/home/s241850073/igem2026/results/clipzyme_native_extension_v1/structures/af_v6/AF-A0AAV9W8J1-F1-model_v6.cif,0.99999994
4550,A0AAV9WLM2,/home/s241850073/igem2026/results/clipzyme_native_extension_v1/structures/af_v6/AF-A0AAV9WLM2-F1-model_v6.cif,1.0
4551,A0AAV9WQ10,/home/s241850073/igem2026/results/clipzyme_native_extension_v1/structures/af_v6/AF-A0AAV9WQ10-F1-model_v6.cif,1.0
4552,A0AAV9WS11,/home/s241850073/igem2026/results/clipzyme_native_extension_v1/structures/af_v6/AF-A0AAV9WS11-F1-model_v6.cif,0.99999994
4553,A0AAV9WSL6,/home/s241850073/igem2026/results/clipzyme_native_extension_v1/structures/af_v6/AF-A0AAV9WSL6-F1-model_v6.cif,0.99999994
4554,A0AAV9WTA0,/home/s241850073/igem2026/results/clipzyme_native_extension_v1/structures/af_v6/AF-A0AAV9WTA0-F1-model_v6.cif,1.0
4555,A0AAV9WV10,/home/s241850073/igem2026/results/clipzyme_native_extension_v1/structures/af_v6/AF-A0AAV9WV10-F1-model_v6.cif,1.0
4556,A0AAV9WZD0,/home/s241850073/igem2026/results/clipzyme_native_extension_v1/structures/af_v6/AF-A0AAV9WZD0-F1-model_v6.cif,1.0
4557,A0AAV9X0Z0,/home/s241850073/igem2026/results/clipzyme_native_extension_v1/structures/af_v6/AF-A0AAV9X0Z0-F1-model_v6.cif,1.0
4558,A0AAV9X173,/home/s241850073/igem2026/results/clipzyme_native_extension_v1/structures/af_v6/AF-A0AAV9X173-F1-model_v6.cif,0.99999994
4559,A0AAV9X5U4,/home/s241850073/igem2026/results/clipzyme_native_extension_v1/structures/af_v6/AF-A0AAV9X5U4-F1-model_v6.cif,0.99999994
4560,A0AAV9X7X9,/home/s241850073/igem2026/results/clipzyme_native_extension_v1/structures/af_v6/AF-A0AAV9X7X9-F1-model_v6.cif,1.0
4561,A0AAV9X964,/home/s241850073/igem2026/results/clipzyme_native_extension_v1/structures/af_v6/AF-A0AAV9X964-F1-model_v6.cif,0.99999994
4562,A0AAV9X9W6,/home/s241850073/igem2026/results/clipzyme_native_extension_v1/structures/af_v6/AF-A0AAV9X9W6-F1-model_v6.cif,1.0
4563,A0AAV9XNK6,/home/s241850073/igem2026/results/clipzyme_native_extension_v1/structures/af_v6/AF-A0AAV9XNK6-F1-model_v6.cif,1.0
4564,A0AAW0B7E3,/home/s241850073/igem2026/results/clipzyme_native_extension_v1/structures/af_v6/AF-A0AAW0B7E3-F1-model_v6.cif,1.0
4565,A0AAW0C0T5,/home/s241850073/igem2026/results/clipzyme_native_extension_v1/structures/af_v6/AF-A0AAW0C0T5-F1-model_v6.cif,0.99999994
4566,A0AAW0CB98,/home/s241850073/igem2026/results/clipzyme_native_extension_v1/structures/af_v6/AF-A0AAW0CB98-F1-model_v6.cif,1.0
4567,A0AAW0CNX0,/home/s241850073/igem2026/results/clipzyme_native_extension_v1/structures/af_v6/AF-A0AAW0CNX0-F1-model_v6.cif,0.99999994
4568,A0AAW0DSA5,/home/s241850073/igem2026/results/clipzyme_native_extension_v1/structures/af_v6/AF-A0AAW0DSA5-F1-model_v6.cif,1.0
4569,A0AAW0FXB4,/home/s241850073/igem2026/results/clipzyme_native_extension_v1/structures/af_v6/AF-A0AAW0FXB4-F1-model_v6.cif,1.0
4570,A0AAW0G236,/home/s241850073/igem2026/results/clipzyme_native_extension_v1/structures/af_v6/AF-A0AAW0G236-F1-model_v6.cif,1.0
4571,A0AAW0GMP5,/home/s241850073/igem2026/results/clipzyme_native_extension_v1/structures/af_v6/AF-A0AAW0GMP5-F1-model_v6.cif,1.0
4572,A0AAW0GN07,/home/s241850073/igem2026/results/clipzyme_native_extension_v1/structures/af_v6/AF-A0AAW0GN07-F1-model_v6.cif,1.0
4573,A0AAW0J2H7,/home/s241850073/igem2026/results/clipzyme_native_extension_v1/structures/af_v6/AF-A0AAW0J2H7-F1-model_v6.cif,0.99999994
4574,A0AAW0J3T6,/home/s241850073/igem2026/results/clipzyme_native_extension_v1/structures/af_v6/AF-A0AAW0J3T6-F1-model_v6.cif,1.0
4575,A0AAW0J6D2,/home/s241850073/igem2026/results/clipzyme_native_extension_v1/structures/af_v6/AF-A0AAW0J6D2-F1-model_v6.cif,0.99999994
4576,A0AAW0JBZ4,/home/s241850073/igem2026/results/clipzyme_native_extension_v1/structures/af_v6/AF-A0AAW0JBZ4-F1-model_v6.cif,1.0
4577,A0AAW0JT35,/home/s241850073/igem2026/results/clipzyme_native_extension_v1/structures/af_v6/AF-A0AAW0JT35-F1-model_v6.cif,1.0
4578,A0AAW0KCV1,/home/s241850073/igem2026/results/clipzyme_native_extension_v1/structures/af_v6/AF-A0AAW0KCV1-F1-model_v6.cif,1.0
4579,A0AAW0KWC6,/home/s241850073/igem2026/results/clipzyme_native_extension_v1/structures/af_v6/AF-A0AAW0KWC6-F1-model_v6.cif,0.99999994
4580,A0AAW0KWD5,/home/s241850073/igem2026/results/clipzyme_native_extension_v1/structures/af_v6/AF-A0AAW0KWD5-F1-model_v6.cif,1.0
4581,A0AAW0KY53,/home/s241850073/igem2026/results/clipzyme_native_extension_v1/structures/af_v6/AF-A0AAW0KY53-F1-model_v6.cif,1.0
4582,A0AAW0L614,/home/s241850073/igem2026/results/clipzyme_native_extension_v1/structures/af_v6/AF-A0AAW0L614-F1-model_v6.cif,1.0
4583,A0AAW0L6E1,/home/s241850073/igem2026/results/clipzyme_native_extension_v1/structures/af_v6/AF-A0AAW0L6E1-F1-model_v6.cif,1.0
4584,A0AAW0L851,/home/s241850073/igem2026/results/clipzyme_native_extension_v1/structures/af_v6/AF-A0AAW0L851-F1-model_v6.cif,1.0
4585,A0AAW0LIQ2,/home/s241850073/igem2026/results/clipzyme_native_extension_v1/structures/af_v6/AF-A0AAW0LIQ2-F1-model_v6.cif,1.0
4586,A0AAW0QPS8,/home/s241850073/igem2026/results/clipzyme_native_extension_v1/structures/af_v6/AF-A0AAW0QPS8-F1-model_v6.cif,1.0
4587,A0AAW0QY18,/home/s241850073/igem2026/results/clipzyme_native_extension_v1/structures/af_v6/AF-A0AAW0QY18-F1-model_v6.cif,1.0
4588,A0AAW0QY75,/home/s241850073/igem2026/results/clipzyme_native_extension_v1/structures/af_v6/AF-A0AAW0QY75-F1-model_v6.cif,0.99999994
4589,A0AAW0R0Z5,/home/s241850073/igem2026/results/clipzyme_native_extension_v1/structures/af_v6/AF-A0AAW0R0Z5-F1-model_v6.cif,1.0
4590,A0AAW0S7F7,/home/s241850073/igem2026/results/clipzyme_native_extension_v1/structures/af_v6/AF-A0AAW0S7F7-F1-model_v6.cif,1.0000001
4591,A0AAW1BQ81,/home/s241850073/igem2026/results/clipzyme_native_extension_v1/structures/af_v6/AF-A0AAW1BQ81-F1-model_v6.cif,1.0
4592,A0AAW1HCI3,/home/s241850073/igem2026/results/clipzyme_native_extension_v1/structures/af_v6/AF-A0AAW1HCI3-F1-model_v6.cif,0.99999994
4593,A0AAW1HD77,/home/s241850073/igem2026/results/clipzyme_native_extension_v1/structures/af_v6/AF-A0AAW1HD77-F1-model_v6.cif,0.99999994
4594,A0AAW1K630,/home/s241850073/igem2026/results/clipzyme_native_extension_v1/structures/af_v6/AF-A0AAW1K630-F1-model_v6.cif,0.99999994
4595,A0AAW1K9R9,/home/s241850073/igem2026/results/clipzyme_native_extension_v1/structures/af_v6/AF-A0AAW1K9R9-F1-model_v6.cif,1.0
4596,A0AAW1K9S3,/home/s241850073/igem2026/results/clipzyme_native_extension_v1/structures/af_v6/AF-A0AAW1K9S3-F1-model_v6.cif,1.0
4597,A0AAW1KAY4,/home/s241850073/igem2026/results/clipzyme_native_extension_v1/structures/af_v6/AF-A0AAW1KAY4-F1-model_v6.cif,1.0
4598,A0AAW1KB00,/home/s241850073/igem2026/results/clipzyme_native_extension_v1/structures/af_v6/AF-A0AAW1KB00-F1-model_v6.cif,0.99999994
4599,A0AAW1N7G5,/home/s241850073/igem2026/results/clipzyme_native_extension_v1/structures/af_v6/AF-A0AAW1N7G5-F1-model_v6.cif,0.99999994
4600,A0AAW1NUL4,/home/s241850073/igem2026/results/clipzyme_native_extension_v1/structures/af_v6/AF-A0AAW1NUL4-F1-model_v6.cif,0.99999994
4601,A0AAW1Y284,/home/s241850073/igem2026/results/clipzyme_native_extension_v1/structures/af_v6/AF-A0AAW1Y284-F1-model_v6.cif,1.0
4602,A0AAW1YLB2,/home/s241850073/igem2026/results/clipzyme_native_extension_v1/structures/af_v6/AF-A0AAW1YLB2-F1-model_v6.cif,0.99999994
4603,A0AAW2BWV1,/home/s241850073/igem2026/results/clipzyme_native_extension_v1/structures/af_v6/AF-A0AAW2BWV1-F1-model_v6.cif,0.99999994
4604,A0AAW2CGY0,/home/s241850073/igem2026/results/clipzyme_native_extension_v1/structures/af_v6/AF-A0AAW2CGY0-F1-model_v6.cif,1.0
4605,A0AAW2CIH3,/home/s241850073/igem2026/results/clipzyme_native_extension_v1/structures/af_v6/AF-A0AAW2CIH3-F1-model_v6.cif,0.99999994
4606,A0AAW2CK48,/home/s241850073/igem2026/results/clipzyme_native_extension_v1/structures/af_v6/AF-A0AAW2CK48-F1-model_v6.cif,1.0
4607,A0AAW2DKM2,/home/s241850073/igem2026/results/clipzyme_native_extension_v1/structures/af_v6/AF-A0AAW2DKM2-F1-model_v6.cif,0.99999994
4608,A0AAW2DQ87,/home/s241850073/igem2026/results/clipzyme_native_extension_v1/structures/af_v6/AF-A0AAW2DQ87-F1-model_v6.cif,0.99999994
4609,A0AAW2DSJ9,/home/s241850073/igem2026/results/clipzyme_native_extension_v1/structures/af_v6/AF-A0AAW2DSJ9-F1-model_v6.cif,1.0
4610,A0AAW2YHL6,/home/s241850073/igem2026/results/clipzyme_native_extension_v1/structures/af_v6/AF-A0AAW2YHL6-F1-model_v6.cif,1.0
4611,A0AAW2Z3R6,/home/s241850073/igem2026/results/clipzyme_native_extension_v1/structures/af_v6/AF-A0AAW2Z3R6-F1-model_v6.cif,1.0
4612,A0AAW5AI30,/home/s241850073/igem2026/results/clipzyme_native_extension_v1/structures/af_v6/AF-A0AAW5AI30-F1-model_v6.cif,1.0
4613,A0AAX3ZBP1,/home/s241850073/igem2026/results/clipzyme_native_extension_v1/structures/af_v6/AF-A0AAX3ZBP1-F1-model_v6.cif,1.0
4614,A0AAX4IHD5,/home/s241850073/igem2026/results/clipzyme_native_extension_v1/structures/af_v6/AF-A0AAX4IHD5-F1-model_v6.cif,0.99999994
4615,A0AAX6DHC3,/home/s241850073/igem2026/results/clipzyme_native_extension_v1/structures/af_v6/AF-A0AAX6DHC3-F1-model_v6.cif,1.0
4616,A0AAX6EAZ5,/home/s241850073/igem2026/results/clipzyme_native_extension_v1/structures/af_v6/AF-A0AAX6EAZ5-F1-model_v6.cif,1.0
4617,A0AAX6FBU9,/home/s241850073/igem2026/results/clipzyme_native_extension_v1/structures/af_v6/AF-A0AAX6FBU9-F1-model_v6.cif,0.99999994
4618,A0AAX6FQM0,/home/s241850073/igem2026/results/clipzyme_native_extension_v1/structures/af_v6/AF-A0AAX6FQM0-F1-model_v6.cif,1.0
4619,A0AAX6GMZ7,/home/s241850073/igem2026/results/clipzyme_native_extension_v1/structures/af_v6/AF-A0AAX6GMZ7-F1-model_v6.cif,0.99999994
4620,A0AAX6H3Y8,/home/s241850073/igem2026/results/clipzyme_native_extension_v1/structures/af_v6/AF-A0AAX6H3Y8-F1-model_v6.cif,1.0
4621,A0AAX6HAY4,/home/s241850073/igem2026/results/clipzyme_native_extension_v1/structures/af_v6/AF-A0AAX6HAY4-F1-model_v6.cif,0.9999999
4622,A0AAX6HN75,/home/s241850073/igem2026/results/clipzyme_native_extension_v1/structures/af_v6/AF-A0AAX6HN75-F1-model_v6.cif,1.0
4623,A0AAX6J1A4,/home/s241850073/igem2026/results/clipzyme_native_extension_v1/structures/af_v6/AF-A0AAX6J1A4-F1-model_v6.cif,1.0
4624,A0AAX6ME61,/home/s241850073/igem2026/results/clipzyme_native_extension_v1/structures/af_v6/AF-A0AAX6ME61-F1-model_v6.cif,1.0
4625,A0AAX6MQZ6,/home/s241850073/igem2026/results/clipzyme_native_extension_v1/structures/af_v6/AF-A0AAX6MQZ6-F1-model_v6.cif,1.0
4626,A0AAX6MUU7,/home/s241850073/igem2026/results/clipzyme_native_extension_v1/structures/af_v6/AF-A0AAX6MUU7-F1-model_v6.cif,1.0
4627,A0AAY5EC60,/home/s241850073/igem2026/results/clipzyme_native_extension_v1/structures/af_v6/AF-A0AAY5EC60-F1-model_v6.cif,0.99999994
4628,A0AB34FJ83,/home/s241850073/igem2026/results/clipzyme_native_extension_v1/structures/af_v6/AF-A0AB34FJ83-F1-model_v6.cif,1.0
4629,A0AB34KEV0,/home/s241850073/igem2026/results/clipzyme_native_extension_v1/structures/af_v6/AF-A0AB34KEV0-F1-model_v6.cif,1.0
4630,A0AB34KFF0,/home/s241850073/igem2026/results/clipzyme_native_extension_v1/structures/af_v6/AF-A0AB34KFF0-F1-model_v6.cif,1.0
4631,A0AB34KQI4,/home/s241850073/igem2026/results/clipzyme_native_extension_v1/structures/af_v6/AF-A0AB34KQI4-F1-model_v6.cif,1.0
4632,A0AB40AFU0,/home/s241850073/igem2026/results/clipzyme_native_extension_v1/structures/af_v6/AF-A0AB40AFU0-F1-model_v6.cif,0.99999994
4633,A0AB40ATS4,/home/s241850073/igem2026/results/clipzyme_native_extension_v1/structures/af_v6/AF-A0AB40ATS4-F1-model_v6.cif,1.0
4634,A0AB40AW52,/home/s241850073/igem2026/results/clipzyme_native_extension_v1/structures/af_v6/AF-A0AB40AW52-F1-model_v6.cif,1.0
4635,A0AB40AW89,/home/s241850073/igem2026/results/clipzyme_native_extension_v1/structures/af_v6/AF-A0AB40AW89-F1-model_v6.cif,1.0
4636,A0AB40C7V4,/home/s241850073/igem2026/results/clipzyme_native_extension_v1/structures/af_v6/AF-A0AB40C7V4-F1-model_v6.cif,1.0
4637,A0ABC8JL71,/home/s241850073/igem2026/results/clipzyme_native_extension_v1/structures/af_v6/AF-A0ABC8JL71-F1-model_v6.cif,1.0
4638,A0ABC8KR16,/home/s241850073/igem2026/results/clipzyme_native_extension_v1/structures/af_v6/AF-A0ABC8KR16-F1-model_v6.cif,1.0
4639,A0ABC8KU34,/home/s241850073/igem2026/results/clipzyme_native_extension_v1/structures/af_v6/AF-A0ABC8KU34-F1-model_v6.cif,1.0
4640,A0ABC8LL13,/home/s241850073/igem2026/results/clipzyme_native_extension_v1/structures/af_v6/AF-A0ABC8LL13-F1-model_v6.cif,0.99999994
4641,A0ABC8M579,/home/s241850073/igem2026/results/clipzyme_native_extension_v1/structures/af_v6/AF-A0ABC8M579-F1-model_v6.cif,0.99999994
4642,A0ABC8R9W5,/home/s241850073/igem2026/results/clipzyme_native_extension_v1/structures/af_v6/AF-A0ABC8R9W5-F1-model_v6.cif,0.99999994
4643,A0ABC8RCS4,/home/s241850073/igem2026/results/clipzyme_native_extension_v1/structures/af_v6/AF-A0ABC8RCS4-F1-model_v6.cif,0.99999994
4644,A0ABC8RHW4,/home/s241850073/igem2026/results/clipzyme_native_extension_v1/structures/af_v6/AF-A0ABC8RHW4-F1-model_v6.cif,0.99999994
4645,A0ABC8RNS0,/home/s241850073/igem2026/results/clipzyme_native_extension_v1/structures/af_v6/AF-A0ABC8RNS0-F1-model_v6.cif,1.0
4646,A0ABC8RXZ2,/home/s241850073/igem2026/results/clipzyme_native_extension_v1/structures/af_v6/AF-A0ABC8RXZ2-F1-model_v6.cif,1.0
4647,A0ABC8RZ90,/home/s241850073/igem2026/results/clipzyme_native_extension_v1/structures/af_v6/AF-A0ABC8RZ90-F1-model_v6.cif,0.99999994
4648,A0ABC8S1P9,/home/s241850073/igem2026/results/clipzyme_native_extension_v1/structures/af_v6/AF-A0ABC8S1P9-F1-model_v6.cif,0.99999994
4649,A0ABC8S2I6,/home/s241850073/igem2026/results/clipzyme_native_extension_v1/structures/af_v6/AF-A0ABC8S2I6-F1-model_v6.cif,0.99999994
4650,A0ABC8SP77,/home/s241850073/igem2026/results/clipzyme_native_extension_v1/structures/af_v6/AF-A0ABC8SP77-F1-model_v6.cif,1.0
4651,A0ABC8SVT6,/home/s241850073/igem2026/results/clipzyme_native_extension_v1/structures/af_v6/AF-A0ABC8SVT6-F1-model_v6.cif,1.0
4652,A0ABC8TQ78,/home/s241850073/igem2026/results/clipzyme_native_extension_v1/structures/af_v6/AF-A0ABC8TQ78-F1-model_v6.cif,1.0
4653,A0ABC8TXA6,/home/s241850073/igem2026/results/clipzyme_native_extension_v1/structures/af_v6/AF-A0ABC8TXA6-F1-model_v6.cif,0.99999994
4654,A0ABC8UB95,/home/s241850073/igem2026/results/clipzyme_native_extension_v1/structures/af_v6/AF-A0ABC8UB95-F1-model_v6.cif,1.0
4655,A0ABC8UCR3,/home/s241850073/igem2026/results/clipzyme_native_extension_v1/structures/af_v6/AF-A0ABC8UCR3-F1-model_v6.cif,0.99999994
4656,A0ABC8WDD6,/home/s241850073/igem2026/results/clipzyme_native_extension_v1/structures/af_v6/AF-A0ABC8WDD6-F1-model_v6.cif,1.0
4657,A0ABC8ZX62,/home/s241850073/igem2026/results/clipzyme_native_extension_v1/structures/af_v6/AF-A0ABC8ZX62-F1-model_v6.cif,0.9999999
4658,A0ABC9AWT6,/home/s241850073/igem2026/results/clipzyme_native_extension_v1/structures/af_v6/AF-A0ABC9AWT6-F1-model_v6.cif,1.0
4659,A0ABD0U985,/home/s241850073/igem2026/results/clipzyme_native_extension_v1/structures/af_v6/AF-A0ABD0U985-F1-model_v6.cif,1.0
4660,A0ABD0URH8,/home/s241850073/igem2026/results/clipzyme_native_extension_v1/structures/af_v6/AF-A0ABD0URH8-F1-model_v6.cif,1.0
4661,A0ABD0UYK3,/home/s241850073/igem2026/results/clipzyme_native_extension_v1/structures/af_v6/AF-A0ABD0UYK3-F1-model_v6.cif,1.0
4662,A0ABD0V4A5,/home/s241850073/igem2026/results/clipzyme_native_extension_v1/structures/af_v6/AF-A0ABD0V4A5-F1-model_v6.cif,1.0000001
4663,A0ABD0VG95,/home/s241850073/igem2026/results/clipzyme_native_extension_v1/structures/af_v6/AF-A0ABD0VG95-F1-model_v6.cif,1.0
4664,A0ABD0VMA3,/home/s241850073/igem2026/results/clipzyme_native_extension_v1/structures/af_v6/AF-A0ABD0VMA3-F1-model_v6.cif,1.0
4665,A0ABD0VTR6,/home/s241850073/igem2026/results/clipzyme_native_extension_v1/structures/af_v6/AF-A0ABD0VTR6-F1-model_v6.cif,0.99999994
4666,A0ABD0VU10,/home/s241850073/igem2026/results/clipzyme_native_extension_v1/structures/af_v6/AF-A0ABD0VU10-F1-model_v6.cif,1.0
4667,A0ABD1BIQ2,/home/s241850073/igem2026/results/clipzyme_native_extension_v1/structures/af_v6/AF-A0ABD1BIQ2-F1-model_v6.cif,0.99999994
4668,A0ABD1FMN5,/home/s241850073/igem2026/results/clipzyme_native_extension_v1/structures/af_v6/AF-A0ABD1FMN5-F1-model_v6.cif,0.99999994
4669,A0ABD1FRC5,/home/s241850073/igem2026/results/clipzyme_native_extension_v1/structures/af_v6/AF-A0ABD1FRC5-F1-model_v6.cif,1.0
4670,A0ABD1GFY0,/home/s241850073/igem2026/results/clipzyme_native_extension_v1/structures/af_v6/AF-A0ABD1GFY0-F1-model_v6.cif,1.0000001
4671,A0ABD1GJ01,/home/s241850073/igem2026/results/clipzyme_native_extension_v1/structures/af_v6/AF-A0ABD1GJ01-F1-model_v6.cif,0.99999994
4672,A0ABD1GKH1,/home/s241850073/igem2026/results/clipzyme_native_extension_v1/structures/af_v6/AF-A0ABD1GKH1-F1-model_v6.cif,0.99999994
4673,A0ABD1GUS3,/home/s241850073/igem2026/results/clipzyme_native_extension_v1/structures/af_v6/AF-A0ABD1GUS3-F1-model_v6.cif,1.0
4674,A0ABD1GZM6,/home/s241850073/igem2026/results/clipzyme_native_extension_v1/structures/af_v6/AF-A0ABD1GZM6-F1-model_v6.cif,1.0
4675,A0ABD1HH04,/home/s241850073/igem2026/results/clipzyme_native_extension_v1/structures/af_v6/AF-A0ABD1HH04-F1-model_v6.cif,1.0
4676,A0ABD1HH19,/home/s241850073/igem2026/results/clipzyme_native_extension_v1/structures/af_v6/AF-A0ABD1HH19-F1-model_v6.cif,1.0
4677,A0ABD1HXB9,/home/s241850073/igem2026/results/clipzyme_native_extension_v1/structures/af_v6/AF-A0ABD1HXB9-F1-model_v6.cif,1.0
4678,A0ABD1I7J1,/home/s241850073/igem2026/results/clipzyme_native_extension_v1/structures/af_v6/AF-A0ABD1I7J1-F1-model_v6.cif,0.99999994
4679,A0ABD1LWM4,/home/s241850073/igem2026/results/clipzyme_native_extension_v1/structures/af_v6/AF-A0ABD1LWM4-F1-model_v6.cif,1.0
4680,A0ABD1LWP9,/home/s241850073/igem2026/results/clipzyme_native_extension_v1/structures/af_v6/AF-A0ABD1LWP9-F1-model_v6.cif,0.99999994
4681,A0ABD1LWR6,/home/s241850073/igem2026/results/clipzyme_native_extension_v1/structures/af_v6/AF-A0ABD1LWR6-F1-model_v6.cif,1.0
4682,A0ABD1M6S7,/home/s241850073/igem2026/results/clipzyme_native_extension_v1/structures/af_v6/AF-A0ABD1M6S7-F1-model_v6.cif,0.99999994
4683,A0ABD1M6W3,/home/s241850073/igem2026/results/clipzyme_native_extension_v1/structures/af_v6/AF-A0ABD1M6W3-F1-model_v6.cif,1.0
4684,A0ABD1M6Y3,/home/s241850073/igem2026/results/clipzyme_native_extension_v1/structures/af_v6/AF-A0ABD1M6Y3-F1-model_v6.cif,1.0
4685,A0ABD1M719,/home/s241850073/igem2026/results/clipzyme_native_extension_v1/structures/af_v6/AF-A0ABD1M719-F1-model_v6.cif,1.0
4686,A0ABD1M720,/home/s241850073/igem2026/results/clipzyme_native_extension_v1/structures/af_v6/AF-A0ABD1M720-F1-model_v6.cif,1.0
4687,A0ABD1M782,/home/s241850073/igem2026/results/clipzyme_native_extension_v1/structures/af_v6/AF-A0ABD1M782-F1-model_v6.cif,1.0
4688,A0ABD1M7J9,/home/s241850073/igem2026/results/clipzyme_native_extension_v1/structures/af_v6/AF-A0ABD1M7J9-F1-model_v6.cif,1.0
4689,A0ABD1N1N1,/home/s241850073/igem2026/results/clipzyme_native_extension_v1/structures/af_v6/AF-A0ABD1N1N1-F1-model_v6.cif,1.0
4690,A0ABD1NXA8,/home/s241850073/igem2026/results/clipzyme_native_extension_v1/structures/af_v6/AF-A0ABD1NXA8-F1-model_v6.cif,1.0
4691,A0ABD1NXU3,/home/s241850073/igem2026/results/clipzyme_native_extension_v1/structures/af_v6/AF-A0ABD1NXU3-F1-model_v6.cif,1.0
4692,A0ABD1P932,/home/s241850073/igem2026/results/clipzyme_native_extension_v1/structures/af_v6/AF-A0ABD1P932-F1-model_v6.cif,1.0
4693,A0ABD1QDB5,/home/s241850073/igem2026/results/clipzyme_native_extension_v1/structures/af_v6/AF-A0ABD1QDB5-F1-model_v6.cif,0.99999994
4694,A0ABD1QDF8,/home/s241850073/igem2026/results/clipzyme_native_extension_v1/structures/af_v6/AF-A0ABD1QDF8-F1-model_v6.cif,1.0
4695,A0ABD1QHL5,/home/s241850073/igem2026/results/clipzyme_native_extension_v1/structures/af_v6/AF-A0ABD1QHL5-F1-model_v6.cif,0.99999994
4696,A0ABD1QKV1,/home/s241850073/igem2026/results/clipzyme_native_extension_v1/structures/af_v6/AF-A0ABD1QKV1-F1-model_v6.cif,1.0
4697,A0ABD1RXX0,/home/s241850073/igem2026/results/clipzyme_native_extension_v1/structures/af_v6/AF-A0ABD1RXX0-F1-model_v6.cif,1.0
4698,A0ABD1RYL7,/home/s241850073/igem2026/results/clipzyme_native_extension_v1/structures/af_v6/AF-A0ABD1RYL7-F1-model_v6.cif,1.0
4699,A0ABD1RZR4,/home/s241850073/igem2026/results/clipzyme_native_extension_v1/structures/af_v6/AF-A0ABD1RZR4-F1-model_v6.cif,1.0
4700,A0ABD1RZR7,/home/s241850073/igem2026/results/clipzyme_native_extension_v1/structures/af_v6/AF-A0ABD1RZR7-F1-model_v6.cif,1.0
4701,A0ABD1S2W1,/home/s241850073/igem2026/results/clipzyme_native_extension_v1/structures/af_v6/AF-A0ABD1S2W1-F1-model_v6.cif,1.0
4702,A0ABD1S3N4,/home/s241850073/igem2026/results/clipzyme_native_extension_v1/structures/af_v6/AF-A0ABD1S3N4-F1-model_v6.cif,0.99999994
4703,A0ABD1S3T9,/home/s241850073/igem2026/results/clipzyme_native_extension_v1/structures/af_v6/AF-A0ABD1S3T9-F1-model_v6.cif,0.99999994
4704,A0ABD1S696,/home/s241850073/igem2026/results/clipzyme_native_extension_v1/structures/af_v6/AF-A0ABD1S696-F1-model_v6.cif,0.99999994
4705,A0ABD1TWA8,/home/s241850073/igem2026/results/clipzyme_native_extension_v1/structures/af_v6/AF-A0ABD1TWA8-F1-model_v6.cif,1.0
4706,A0ABD1UXC2,/home/s241850073/igem2026/results/clipzyme_native_extension_v1/structures/af_v6/AF-A0ABD1UXC2-F1-model_v6.cif,1.0
4707,A0ABD1VEM0,/home/s241850073/igem2026/results/clipzyme_native_extension_v1/structures/af_v6/AF-A0ABD1VEM0-F1-model_v6.cif,1.0
4708,A0ABD1VEV2,/home/s241850073/igem2026/results/clipzyme_native_extension_v1/structures/af_v6/AF-A0ABD1VEV2-F1-model_v6.cif,0.99999994
4709,A0ABD1WDW3,/home/s241850073/igem2026/results/clipzyme_native_extension_v1/structures/af_v6/AF-A0ABD1WDW3-F1-model_v6.cif,0.99999994
4710,A0ABD1XGB9,/home/s241850073/igem2026/results/clipzyme_native_extension_v1/structures/af_v6/AF-A0ABD1XGB9-F1-model_v6.cif,1.0
4711,A0ABD1XGV3,/home/s241850073/igem2026/results/clipzyme_native_extension_v1/structures/af_v6/AF-A0ABD1XGV3-F1-model_v6.cif,1.0
4712,A0ABD1Y671,/home/s241850073/igem2026/results/clipzyme_native_extension_v1/structures/af_v6/AF-A0ABD1Y671-F1-model_v6.cif,0.9999999
4713,A0ABD1YKU7,/home/s241850073/igem2026/results/clipzyme_native_extension_v1/structures/af_v6/AF-A0ABD1YKU7-F1-model_v6.cif,1.0
4714,A0ABD2SA82,/home/s241850073/igem2026/results/clipzyme_native_extension_v1/structures/af_v6/AF-A0ABD2SA82-F1-model_v6.cif,0.99999994
4715,A0ABD2T8L6,/home/s241850073/igem2026/results/clipzyme_native_extension_v1/structures/af_v6/AF-A0ABD2T8L6-F1-model_v6.cif,1.0000001
4716,A0ABD2TAI6,/home/s241850073/igem2026/results/clipzyme_native_extension_v1/structures/af_v6/AF-A0ABD2TAI6-F1-model_v6.cif,0.99999994
4717,A0ABD2TYR4,/home/s241850073/igem2026/results/clipzyme_native_extension_v1/structures/af_v6/AF-A0ABD2TYR4-F1-model_v6.cif,1.0
4718,A0ABD2TYR5,/home/s241850073/igem2026/results/clipzyme_native_extension_v1/structures/af_v6/AF-A0ABD2TYR5-F1-model_v6.cif,1.0
4719,A0ABD2Y798,/home/s241850073/igem2026/results/clipzyme_native_extension_v1/structures/af_v6/AF-A0ABD2Y798-F1-model_v6.cif,0.99999994
4720,A0ABD2YSR3,/home/s241850073/igem2026/results/clipzyme_native_extension_v1/structures/af_v6/AF-A0ABD2YSR3-F1-model_v6.cif,1.0
4721,A0ABD2YZC7,/home/s241850073/igem2026/results/clipzyme_native_extension_v1/structures/af_v6/AF-A0ABD2YZC7-F1-model_v6.cif,0.9999999
4722,A0ABD2ZAA6,/home/s241850073/igem2026/results/clipzyme_native_extension_v1/structures/af_v6/AF-A0ABD2ZAA6-F1-model_v6.cif,0.99999994
4723,A0ABD2ZJD4,/home/s241850073/igem2026/results/clipzyme_native_extension_v1/structures/af_v6/AF-A0ABD2ZJD4-F1-model_v6.cif,1.0
4724,A0ABD2ZQ40,/home/s241850073/igem2026/results/clipzyme_native_extension_v1/structures/af_v6/AF-A0ABD2ZQ40-F1-model_v6.cif,0.99999994
4725,A0ABD3ACK9,/home/s241850073/igem2026/results/clipzyme_native_extension_v1/structures/af_v6/AF-A0ABD3ACK9-F1-model_v6.cif,1.0
4726,A0ABD3C7Y0,/home/s241850073/igem2026/results/clipzyme_native_extension_v1/structures/af_v6/AF-A0ABD3C7Y0-F1-model_v6.cif,1.0
4727,A0ABD3DM44,/home/s241850073/igem2026/results/clipzyme_native_extension_v1/structures/af_v6/AF-A0ABD3DM44-F1-model_v6.cif,1.0
4728,A0ABD3DR71,/home/s241850073/igem2026/results/clipzyme_native_extension_v1/structures/af_v6/AF-A0ABD3DR71-F1-model_v6.cif,0.99999994
4729,A0ABD3E4P5,/home/s241850073/igem2026/results/clipzyme_native_extension_v1/structures/af_v6/AF-A0ABD3E4P5-F1-model_v6.cif,1.0
4730,A0ABD3E4S8,/home/s241850073/igem2026/results/clipzyme_native_extension_v1/structures/af_v6/AF-A0ABD3E4S8-F1-model_v6.cif,1.0
4731,A0ABD3EFI3,/home/s241850073/igem2026/results/clipzyme_native_extension_v1/structures/af_v6/AF-A0ABD3EFI3-F1-model_v6.cif,1.0
4732,A0ABD3GVN3,/home/s241850073/igem2026/results/clipzyme_native_extension_v1/structures/af_v6/AF-A0ABD3GVN3-F1-model_v6.cif,1.0
4733,A0ABD3HVR7,/home/s241850073/igem2026/results/clipzyme_native_extension_v1/structures/af_v6/AF-A0ABD3HVR7-F1-model_v6.cif,1.0
4734,A0ABD3HXI4,/home/s241850073/igem2026/results/clipzyme_native_extension_v1/structures/af_v6/AF-A0ABD3HXI4-F1-model_v6.cif,0.99999994
4735,A0ABD3IIQ6,/home/s241850073/igem2026/results/clipzyme_native_extension_v1/structures/af_v6/AF-A0ABD3IIQ6-F1-model_v6.cif,1.0
4736,A0ABD3KL39,/home/s241850073/igem2026/results/clipzyme_native_extension_v1/structures/af_v6/AF-A0ABD3KL39-F1-model_v6.cif,0.99999994
4737,A0ABD3KU98,/home/s241850073/igem2026/results/clipzyme_native_extension_v1/structures/af_v6/AF-A0ABD3KU98-F1-model_v6.cif,1.0
4738,A0ABD3KXE9,/home/s241850073/igem2026/results/clipzyme_native_extension_v1/structures/af_v6/AF-A0ABD3KXE9-F1-model_v6.cif,0.99999994
4739,A0ABD3RI06,/home/s241850073/igem2026/results/clipzyme_native_extension_v1/structures/af_v6/AF-A0ABD3RI06-F1-model_v6.cif,1.0
4740,A0ABD5YV59,/home/s241850073/igem2026/results/clipzyme_native_extension_v1/structures/af_v6/AF-A0ABD5YV59-F1-model_v6.cif,1.0
4741,A0B638,/home/s241850073/igem2026/results/clipzyme_native_extension_v1/structures/af_v6/AF-A0B638-F1-model_v6.cif,0.9999999
4742,A0KJ55,/home/s241850073/igem2026/results/clipzyme_native_extension_v1/structures/af_v6/AF-A0KJ55-F1-model_v6.cif,0.99999994
4743,A0KJ58,/home/s241850073/igem2026/results/clipzyme_native_extension_v1/structures/af_v6/AF-A0KJ58-F1-model_v6.cif,1.0
4744,A0KJ60,/home/s241850073/igem2026/results/clipzyme_native_extension_v1/structures/af_v6/AF-A0KJ60-F1-model_v6.cif,0.99999994
4745,A0KJ61,/home/s241850073/igem2026/results/clipzyme_native_extension_v1/structures/af_v6/AF-A0KJ61-F1-model_v6.cif,0.9999999
4746,A0KJ65,/home/s241850073/igem2026/results/clipzyme_native_extension_v1/structures/af_v6/AF-A0KJ65-F1-model_v6.cif,1.0
4747,A0KJ66,/home/s241850073/igem2026/results/clipzyme_native_extension_v1/structures/af_v6/AF-A0KJ66-F1-model_v6.cif,1.0
4748,A0KJ67,/home/s241850073/igem2026/results/clipzyme_native_extension_v1/structures/af_v6/AF-A0KJ67-F1-model_v6.cif,1.0
4749,A0LDR4,/home/s241850073/igem2026/results/clipzyme_native_extension_v1/structures/af_v6/AF-A0LDR4-F1-model_v6.cif,1.0
4750,A0LDR7,/home/s241850073/igem2026/results/clipzyme_native_extension_v1/structures/af_v6/AF-A0LDR7-F1-model_v6.cif,0.99999994
4751,A0LDR9,/home/s241850073/igem2026/results/clipzyme_native_extension_v1/structures/af_v6/AF-A0LDR9-F1-model_v6.cif,0.99999994
4752,A0LDS0,/home/s241850073/igem2026/results/clipzyme_native_extension_v1/structures/af_v6/AF-A0LDS0-F1-model_v6.cif,0.9999999
4753,A0LDS4,/home/s241850073/igem2026/results/clipzyme_native_extension_v1/structures/af_v6/AF-A0LDS4-F1-model_v6.cif,0.99999994
4754,A0LDS6,/home/s241850073/igem2026/results/clipzyme_native_extension_v1/structures/af_v6/AF-A0LDS6-F1-model_v6.cif,0.99999994
4755,A0LEQ1,/home/s241850073/igem2026/results/clipzyme_native_extension_v1/structures/af_v6/AF-A0LEQ1-F1-model_v6.cif,1.0
4756,A0LEQ2,/home/s241850073/igem2026/results/clipzyme_native_extension_v1/structures/af_v6/AF-A0LEQ2-F1-model_v6.cif,0.99999994
4757,A0LEQ3,/home/s241850073/igem2026/results/clipzyme_native_extension_v1/structures/af_v6/AF-A0LEQ3-F1-model_v6.cif,1.0
4758,A0LEQ5,/home/s241850073/igem2026/results/clipzyme_native_extension_v1/structures/af_v6/AF-A0LEQ5-F1-model_v6.cif,1.0
4759,A0LEQ8,/home/s241850073/igem2026/results/clipzyme_native_extension_v1/structures/af_v6/AF-A0LEQ8-F1-model_v6.cif,1.0
4760,A0LJL8,/home/s241850073/igem2026/results/clipzyme_native_extension_v1/structures/af_v6/AF-A0LJL8-F1-model_v6.cif,1.0
4761,A0LJM1,/home/s241850073/igem2026/results/clipzyme_native_extension_v1/structures/af_v6/AF-A0LJM1-F1-model_v6.cif,1.0
4762,A0LJM3,/home/s241850073/igem2026/results/clipzyme_native_extension_v1/structures/af_v6/AF-A0LJM3-F1-model_v6.cif,1.0
4763,A0LJM4,/home/s241850073/igem2026/results/clipzyme_native_extension_v1/structures/af_v6/AF-A0LJM4-F1-model_v6.cif,1.0
4764,A0LJM6,/home/s241850073/igem2026/results/clipzyme_native_extension_v1/structures/af_v6/AF-A0LJM6-F1-model_v6.cif,1.0
4765,A0LRI2,/home/s241850073/igem2026/results/clipzyme_native_extension_v1/structures/af_v6/AF-A0LRI2-F1-model_v6.cif,0.99999994
4766,A0LRI3,/home/s241850073/igem2026/results/clipzyme_native_extension_v1/structures/af_v6/AF-A0LRI3-F1-model_v6.cif,1.0
4767,A0LRI4,/home/s241850073/igem2026/results/clipzyme_native_extension_v1/structures/af_v6/AF-A0LRI4-F1-model_v6.cif,1.0
4768,A0LRI8,/home/s241850073/igem2026/results/clipzyme_native_extension_v1/structures/af_v6/AF-A0LRI8-F1-model_v6.cif,1.0
4769,A0LRI9,/home/s241850073/igem2026/results/clipzyme_native_extension_v1/structures/af_v6/AF-A0LRI9-F1-model_v6.cif,1.0000001
4770,A0LRJ1,/home/s241850073/igem2026/results/clipzyme_native_extension_v1/structures/af_v6/AF-A0LRJ1-F1-model_v6.cif,1.0
4771,A0LRJ4,/home/s241850073/igem2026/results/clipzyme_native_extension_v1/structures/af_v6/AF-A0LRJ4-F1-model_v6.cif,0.99999994
4772,A0PR40,/home/s241850073/igem2026/results/clipzyme_native_extension_v1/structures/af_v6/AF-A0PR40-F1-model_v6.cif,1.0
4773,A0PR41,/home/s241850073/igem2026/results/clipzyme_native_extension_v1/structures/af_v6/AF-A0PR41-F1-model_v6.cif,1.0
4774,A0PR45,/home/s241850073/igem2026/results/clipzyme_native_extension_v1/structures/af_v6/AF-A0PR45-F1-model_v6.cif,0.99999994
4775,A0Q8G9,/home/s241850073/igem2026/results/clipzyme_native_extension_v1/structures/af_v6/AF-A0Q8G9-F1-model_v6.cif,1.0
4776,A0Q8H0,/home/s241850073/igem2026/results/clipzyme_native_extension_v1/structures/af_v6/AF-A0Q8H0-F1-model_v6.cif,1.0
4777,A0QJU9,/home/s241850073/igem2026/results/clipzyme_native_extension_v1/structures/af_v6/AF-A0QJU9-F1-model_v6.cif,0.99999994
4778,A0QJV4,/home/s241850073/igem2026/results/clipzyme_native_extension_v1/structures/af_v6/AF-A0QJV4-F1-model_v6.cif,1.0
4779,A0QU26,/home/s241850073/igem2026/results/clipzyme_native_extension_v1/structures/af_v6/AF-A0QU26-F1-model_v6.cif,0.99999994
4780,A0QU28,/home/s241850073/igem2026/results/clipzyme_native_extension_v1/structures/af_v6/AF-A0QU28-F1-model_v6.cif,0.99999994
4781,A0QU29,/home/s241850073/igem2026/results/clipzyme_native_extension_v1/structures/af_v6/AF-A0QU29-F1-model_v6.cif,1.0
4782,A0QU33,/home/s241850073/igem2026/results/clipzyme_native_extension_v1/structures/af_v6/AF-A0QU33-F1-model_v6.cif,0.99999994
4783,A0QU34,/home/s241850073/igem2026/results/clipzyme_native_extension_v1/structures/af_v6/AF-A0QU34-F1-model_v6.cif,0.99999994
4784,A0QU35,/home/s241850073/igem2026/results/clipzyme_native_extension_v1/structures/af_v6/AF-A0QU35-F1-model_v6.cif,1.0
4785,A0RL88,/home/s241850073/igem2026/results/clipzyme_native_extension_v1/structures/af_v6/AF-A0RL88-F1-model_v6.cif,0.99999994
4786,A0RMD0,/home/s241850073/igem2026/results/clipzyme_native_extension_v1/structures/af_v6/AF-A0RMD0-F1-model_v6.cif,1.0
4787,A0RMD1,/home/s241850073/igem2026/results/clipzyme_native_extension_v1/structures/af_v6/AF-A0RMD1-F1-model_v6.cif,1.0
4788,A0RMD6,/home/s241850073/igem2026/results/clipzyme_native_extension_v1/structures/af_v6/AF-A0RMD6-F1-model_v6.cif,1.0
4789,A0RMD8,/home/s241850073/igem2026/results/clipzyme_native_extension_v1/structures/af_v6/AF-A0RMD8-F1-model_v6.cif,0.99999994
4790,A0RME1,/home/s241850073/igem2026/results/clipzyme_native_extension_v1/structures/af_v6/AF-A0RME1-F1-model_v6.cif,1.0
4791,A0RZI3,/home/s241850073/igem2026/results/clipzyme_native_extension_v1/structures/af_v6/AF-A0RZI3-F1-model_v6.cif,1.0
4792,A1ALP0,/home/s241850073/igem2026/results/clipzyme_native_extension_v1/structures/af_v6/AF-A1ALP0-F1-model_v6.cif,1.0
4793,A1ALP2,/home/s241850073/igem2026/results/clipzyme_native_extension_v1/structures/af_v6/AF-A1ALP2-F1-model_v6.cif,1.0
4794,A1ALP7,/home/s241850073/igem2026/results/clipzyme_native_extension_v1/structures/af_v6/AF-A1ALP7-F1-model_v6.cif,0.99999994
4795,A1ALQ2,/home/s241850073/igem2026/results/clipzyme_native_extension_v1/structures/af_v6/AF-A1ALQ2-F1-model_v6.cif,1.0
4796,A1AVR3,/home/s241850073/igem2026/results/clipzyme_native_extension_v1/structures/af_v6/AF-A1AVR3-F1-model_v6.cif,1.0
4797,A1AVR4,/home/s241850073/igem2026/results/clipzyme_native_extension_v1/structures/af_v6/AF-A1AVR4-F1-model_v6.cif,1.0
4798,A1AVR5,/home/s241850073/igem2026/results/clipzyme_native_extension_v1/structures/af_v6/AF-A1AVR5-F1-model_v6.cif,0.99999994
4799,A1AVR9,/home/s241850073/igem2026/results/clipzyme_native_extension_v1/structures/af_v6/AF-A1AVR9-F1-model_v6.cif,1.0
4800,A1AVS0,/home/s241850073/igem2026/results/clipzyme_native_extension_v1/structures/af_v6/AF-A1AVS0-F1-model_v6.cif,0.99999994
4801,A1AVS2,/home/s241850073/igem2026/results/clipzyme_native_extension_v1/structures/af_v6/AF-A1AVS2-F1-model_v6.cif,1.0
4802,A1AVS5,/home/s241850073/igem2026/results/clipzyme_native_extension_v1/structures/af_v6/AF-A1AVS5-F1-model_v6.cif,1.0
4803,A1B482,/home/s241850073/igem2026/results/clipzyme_native_extension_v1/structures/af_v6/AF-A1B482-F1-model_v6.cif,1.0
4804,A1B486,/home/s241850073/igem2026/results/clipzyme_native_extension_v1/structures/af_v6/AF-A1B486-F1-model_v6.cif,0.9999999
4805,A1B487,/home/s241850073/igem2026/results/clipzyme_native_extension_v1/structures/af_v6/AF-A1B487-F1-model_v6.cif,1.0
4806,A1B495,/home/s241850073/igem2026/results/clipzyme_native_extension_v1/structures/af_v6/AF-A1B495-F1-model_v6.cif,1.0
4807,A1B497,/home/s241850073/igem2026/results/clipzyme_native_extension_v1/structures/af_v6/AF-A1B497-F1-model_v6.cif,1.0
4808,A1BF32,/home/s241850073/igem2026/results/clipzyme_native_extension_v1/structures/af_v6/AF-A1BF32-F1-model_v6.cif,1.0
4809,A1BF33,/home/s241850073/igem2026/results/clipzyme_native_extension_v1/structures/af_v6/AF-A1BF33-F1-model_v6.cif,1.0
4810,A1BF34,/home/s241850073/igem2026/results/clipzyme_native_extension_v1/structures/af_v6/AF-A1BF34-F1-model_v6.cif,0.99999994
4811,A1BF35,/home/s241850073/igem2026/results/clipzyme_native_extension_v1/structures/af_v6/AF-A1BF35-F1-model_v6.cif,1.0
4812,A1BF36,/home/s241850073/igem2026/results/clipzyme_native_extension_v1/structures/af_v6/AF-A1BF36-F1-model_v6.cif,0.99999994
4813,A1CD35,/home/s241850073/igem2026/results/clipzyme_native_extension_v1/structures/af_v6/AF-A1CD35-F1-model_v6.cif,0.99999994
4814,A1DLG8,/home/s241850073/igem2026/results/clipzyme_native_extension_v1/structures/af_v6/AF-A1DLG8-F1-model_v6.cif,1.0
4815,A1INN7,/home/s241850073/igem2026/results/clipzyme_native_extension_v1/structures/af_v6/AF-A1INN7-F1-model_v6.cif,0.99999994
4816,A1INN9,/home/s241850073/igem2026/results/clipzyme_native_extension_v1/structures/af_v6/AF-A1INN9-F1-model_v6.cif,0.99999994
4817,A1JLG0,/home/s241850073/igem2026/results/clipzyme_native_extension_v1/structures/af_v6/AF-A1JLG0-F1-model_v6.cif,0.99999994
4818,A1JLG6,/home/s241850073/igem2026/results/clipzyme_native_extension_v1/structures/af_v6/AF-A1JLG6-F1-model_v6.cif,1.0
4819,A1JLH7,/home/s241850073/igem2026/results/clipzyme_native_extension_v1/structures/af_v6/AF-A1JLH7-F1-model_v6.cif,0.99999994
4820,A1JLI2,/home/s241850073/igem2026/results/clipzyme_native_extension_v1/structures/af_v6/AF-A1JLI2-F1-model_v6.cif,1.0
4821,A1JLI8,/home/s241850073/igem2026/results/clipzyme_native_extension_v1/structures/af_v6/AF-A1JLI8-F1-model_v6.cif,0.99999994
4822,A1JLL1,/home/s241850073/igem2026/results/clipzyme_native_extension_v1/structures/af_v6/AF-A1JLL1-F1-model_v6.cif,0.99999994
4823,A1K3P1,/home/s241850073/igem2026/results/clipzyme_native_extension_v1/structures/af_v6/AF-A1K3P1-F1-model_v6.cif,1.0000001
4824,A1K5A9,/home/s241850073/igem2026/results/clipzyme_native_extension_v1/structures/af_v6/AF-A1K5A9-F1-model_v6.cif,0.99999994
4825,A1K5B0,/home/s241850073/igem2026/results/clipzyme_native_extension_v1/structures/af_v6/AF-A1K5B0-F1-model_v6.cif,1.0
4826,A1K5B1,/home/s241850073/igem2026/results/clipzyme_native_extension_v1/structures/af_v6/AF-A1K5B1-F1-model_v6.cif,0.99999994
4827,A1K5B5,/home/s241850073/igem2026/results/clipzyme_native_extension_v1/structures/af_v6/AF-A1K5B5-F1-model_v6.cif,0.99999994
4828,A1K5B6,/home/s241850073/igem2026/results/clipzyme_native_extension_v1/structures/af_v6/AF-A1K5B6-F1-model_v6.cif,0.99999994
4829,A1K5B8,/home/s241850073/igem2026/results/clipzyme_native_extension_v1/structures/af_v6/AF-A1K5B8-F1-model_v6.cif,0.99999994
4830,A1K5C1,/home/s241850073/igem2026/results/clipzyme_native_extension_v1/structures/af_v6/AF-A1K5C1-F1-model_v6.cif,0.99999994
4831,A1KRS4,/home/s241850073/igem2026/results/clipzyme_native_extension_v1/structures/af_v6/AF-A1KRS4-F1-model_v6.cif,1.0
4832,A1KRS5,/home/s241850073/igem2026/results/clipzyme_native_extension_v1/structures/af_v6/AF-A1KRS5-F1-model_v6.cif,1.0
4833,A1KRT0,/home/s241850073/igem2026/results/clipzyme_native_extension_v1/structures/af_v6/AF-A1KRT0-F1-model_v6.cif,1.0
4834,A1RS43,/home/s241850073/igem2026/results/clipzyme_native_extension_v1/structures/af_v6/AF-A1RS43-F1-model_v6.cif,1.0
4835,A1SE28,/home/s241850073/igem2026/results/clipzyme_native_extension_v1/structures/af_v6/AF-A1SE28-F1-model_v6.cif,1.0000001
4836,A1SE29,/home/s241850073/igem2026/results/clipzyme_native_extension_v1/structures/af_v6/AF-A1SE29-F1-model_v6.cif,1.0
4837,A1SE30,/home/s241850073/igem2026/results/clipzyme_native_extension_v1/structures/af_v6/AF-A1SE30-F1-model_v6.cif,1.0
4838,A1SE34,/home/s241850073/igem2026/results/clipzyme_native_extension_v1/structures/af_v6/AF-A1SE34-F1-model_v6.cif,1.0
4839,A1SE35,/home/s241850073/igem2026/results/clipzyme_native_extension_v1/structures/af_v6/AF-A1SE35-F1-model_v6.cif,1.0
4840,A1SE37,/home/s241850073/igem2026/results/clipzyme_native_extension_v1/structures/af_v6/AF-A1SE37-F1-model_v6.cif,1.0
4841,A1SE40,/home/s241850073/igem2026/results/clipzyme_native_extension_v1/structures/af_v6/AF-A1SE40-F1-model_v6.cif,1.0
4842,A1T696,/home/s241850073/igem2026/results/clipzyme_native_extension_v1/structures/af_v6/AF-A1T696-F1-model_v6.cif,1.0
4843,A1T698,/home/s241850073/igem2026/results/clipzyme_native_extension_v1/structures/af_v6/AF-A1T698-F1-model_v6.cif,0.99999994
4844,A1T699,/home/s241850073/igem2026/results/clipzyme_native_extension_v1/structures/af_v6/AF-A1T699-F1-model_v6.cif,1.0
4845,A1T6A3,/home/s241850073/igem2026/results/clipzyme_native_extension_v1/structures/af_v6/AF-A1T6A3-F1-model_v6.cif,1.0
4846,A1T6A4,/home/s241850073/igem2026/results/clipzyme_native_extension_v1/structures/af_v6/AF-A1T6A4-F1-model_v6.cif,1.0
4847,A1T6A5,/home/s241850073/igem2026/results/clipzyme_native_extension_v1/structures/af_v6/AF-A1T6A5-F1-model_v6.cif,0.99999994
4848,A1TLL6,/home/s241850073/igem2026/results/clipzyme_native_extension_v1/structures/af_v6/AF-A1TLL6-F1-model_v6.cif,1.0
4849,A1TLL7,/home/s241850073/igem2026/results/clipzyme_native_extension_v1/structures/af_v6/AF-A1TLL7-F1-model_v6.cif,0.99999994
4850,A1TLL8,/home/s241850073/igem2026/results/clipzyme_native_extension_v1/structures/af_v6/AF-A1TLL8-F1-model_v6.cif,1.0
4851,A1TLL9,/home/s241850073/igem2026/results/clipzyme_native_extension_v1/structures/af_v6/AF-A1TLL9-F1-model_v6.cif,0.99999994
4852,A1TLM3,/home/s241850073/igem2026/results/clipzyme_native_extension_v1/structures/af_v6/AF-A1TLM3-F1-model_v6.cif,1.0000001
4853,A1TLM4,/home/s241850073/igem2026/results/clipzyme_native_extension_v1/structures/af_v6/AF-A1TLM4-F1-model_v6.cif,1.0
4854,A1TLM6,/home/s241850073/igem2026/results/clipzyme_native_extension_v1/structures/af_v6/AF-A1TLM6-F1-model_v6.cif,1.0
4855,A1USW8,/home/s241850073/igem2026/results/clipzyme_native_extension_v1/structures/af_v6/AF-A1USW8-F1-model_v6.cif,0.99999994
4856,A1USW9,/home/s241850073/igem2026/results/clipzyme_native_extension_v1/structures/af_v6/AF-A1USW9-F1-model_v6.cif,1.0
4857,A1USX0,/home/s241850073/igem2026/results/clipzyme_native_extension_v1/structures/af_v6/AF-A1USX0-F1-model_v6.cif,1.0
4858,A1USX4,/home/s241850073/igem2026/results/clipzyme_native_extension_v1/structures/af_v6/AF-A1USX4-F1-model_v6.cif,1.0
4859,A1USX5,/home/s241850073/igem2026/results/clipzyme_native_extension_v1/structures/af_v6/AF-A1USX5-F1-model_v6.cif,0.99999994
4860,A1USY0,/home/s241850073/igem2026/results/clipzyme_native_extension_v1/structures/af_v6/AF-A1USY0-F1-model_v6.cif,0.99999994
4861,A1VM60,/home/s241850073/igem2026/results/clipzyme_native_extension_v1/structures/af_v6/AF-A1VM60-F1-model_v6.cif,0.99999994
4862,A1VM62,/home/s241850073/igem2026/results/clipzyme_native_extension_v1/structures/af_v6/AF-A1VM62-F1-model_v6.cif,1.0
4863,A1VM63,/home/s241850073/igem2026/results/clipzyme_native_extension_v1/structures/af_v6/AF-A1VM63-F1-model_v6.cif,1.0
4864,A1VM67,/home/s241850073/igem2026/results/clipzyme_native_extension_v1/structures/af_v6/AF-A1VM67-F1-model_v6.cif,1.0
4865,A1VM68,/home/s241850073/igem2026/results/clipzyme_native_extension_v1/structures/af_v6/AF-A1VM68-F1-model_v6.cif,1.0
4866,A1VM73,/home/s241850073/igem2026/results/clipzyme_native_extension_v1/structures/af_v6/AF-A1VM73-F1-model_v6.cif,0.99999994
4867,A1W1H1,/home/s241850073/igem2026/results/clipzyme_native_extension_v1/structures/af_v6/AF-A1W1H1-F1-model_v6.cif,1.0
4868,A1W1H5,/home/s241850073/igem2026/results/clipzyme_native_extension_v1/structures/af_v6/AF-A1W1H5-F1-model_v6.cif,0.99999994
4869,A1W4M2,/home/s241850073/igem2026/results/clipzyme_native_extension_v1/structures/af_v6/AF-A1W4M2-F1-model_v6.cif,1.0
4870,A1W4M4,/home/s241850073/igem2026/results/clipzyme_native_extension_v1/structures/af_v6/AF-A1W4M4-F1-model_v6.cif,1.0
4871,A1W4M5,/home/s241850073/igem2026/results/clipzyme_native_extension_v1/structures/af_v6/AF-A1W4M5-F1-model_v6.cif,0.99999994
4872,A1W4M9,/home/s241850073/igem2026/results/clipzyme_native_extension_v1/structures/af_v6/AF-A1W4M9-F1-model_v6.cif,1.0
4873,A1W4N0,/home/s241850073/igem2026/results/clipzyme_native_extension_v1/structures/af_v6/AF-A1W4N0-F1-model_v6.cif,1.0
4874,A1WLN6,/home/s241850073/igem2026/results/clipzyme_native_extension_v1/structures/af_v6/AF-A1WLN6-F1-model_v6.cif,1.0
4875,A1WLN7,/home/s241850073/igem2026/results/clipzyme_native_extension_v1/structures/af_v6/AF-A1WLN7-F1-model_v6.cif,0.99999994
4876,A1WLP1,/home/s241850073/igem2026/results/clipzyme_native_extension_v1/structures/af_v6/AF-A1WLP1-F1-model_v6.cif,0.99999994
4877,A1WLP2,/home/s241850073/igem2026/results/clipzyme_native_extension_v1/structures/af_v6/AF-A1WLP2-F1-model_v6.cif,1.0
4878,A1WLP3,/home/s241850073/igem2026/results/clipzyme_native_extension_v1/structures/af_v6/AF-A1WLP3-F1-model_v6.cif,0.99999994
4879,A1WLP4,/home/s241850073/igem2026/results/clipzyme_native_extension_v1/structures/af_v6/AF-A1WLP4-F1-model_v6.cif,1.0
4880,A1WXV4,/home/s241850073/igem2026/results/clipzyme_native_extension_v1/structures/af_v6/AF-A1WXV4-F1-model_v6.cif,1.0
4881,A1WXV9,/home/s241850073/igem2026/results/clipzyme_native_extension_v1/structures/af_v6/AF-A1WXV9-F1-model_v6.cif,1.0
4882,A1WXW0,/home/s241850073/igem2026/results/clipzyme_native_extension_v1/structures/af_v6/AF-A1WXW0-F1-model_v6.cif,0.99999994
4883,A1WXW5,/home/s241850073/igem2026/results/clipzyme_native_extension_v1/structures/af_v6/AF-A1WXW5-F1-model_v6.cif,1.0
4884,A1WXW6,/home/s241850073/igem2026/results/clipzyme_native_extension_v1/structures/af_v6/AF-A1WXW6-F1-model_v6.cif,1.0
4885,A1XLE2,/home/s241850073/igem2026/results/clipzyme_native_extension_v1/structures/af_v6/AF-A1XLE2-F1-model_v6.cif,1.0
4886,A2BNB5,/home/s241850073/igem2026/results/clipzyme_native_extension_v1/structures/af_v6/AF-A2BNB5-F1-model_v6.cif,1.0
4887,A2QVE7,/home/s241850073/igem2026/results/clipzyme_native_extension_v1/structures/af_v6/AF-A2QVE7-F1-model_v6.cif,1.0
4888,A2SFM7,/home/s241850073/igem2026/results/clipzyme_native_extension_v1/structures/af_v6/AF-A2SFM7-F1-model_v6.cif,1.0
4889,A2SFM8,/home/s241850073/igem2026/results/clipzyme_native_extension_v1/structures/af_v6/AF-A2SFM8-F1-model_v6.cif,1.0
4890,A2SFM9,/home/s241850073/igem2026/results/clipzyme_native_extension_v1/structures/af_v6/AF-A2SFM9-F1-model_v6.cif,1.0
4891,A2SFN3,/home/s241850073/igem2026/results/clipzyme_native_extension_v1/structures/af_v6/AF-A2SFN3-F1-model_v6.cif,0.99999994
4892,A2SFN4,/home/s241850073/igem2026/results/clipzyme_native_extension_v1/structures/af_v6/AF-A2SFN4-F1-model_v6.cif,1.0
4893,A2SFN6,/home/s241850073/igem2026/results/clipzyme_native_extension_v1/structures/af_v6/AF-A2SFN6-F1-model_v6.cif,1.0
4894,A2STI3,/home/s241850073/igem2026/results/clipzyme_native_extension_v1/structures/af_v6/AF-A2STI3-F1-model_v6.cif,1.0
4895,A3DML3,/home/s241850073/igem2026/results/clipzyme_native_extension_v1/structures/af_v6/AF-A3DML3-F1-model_v6.cif,0.99999994
4896,A3M2Q4,/home/s241850073/igem2026/results/clipzyme_native_extension_v1/structures/af_v6/AF-A3M2Q4-F1-model_v6.cif,1.0
4897,A3MWX6,/home/s241850073/igem2026/results/clipzyme_native_extension_v1/structures/af_v6/AF-A3MWX6-F1-model_v6.cif,1.0
4898,A3N7M5,/home/s241850073/igem2026/results/clipzyme_native_extension_v1/structures/af_v6/AF-A3N7M5-F1-model_v6.cif,1.0
4899,A3PIX1,/home/s241850073/igem2026/results/clipzyme_native_extension_v1/structures/af_v6/AF-A3PIX1-F1-model_v6.cif,1.0
4900,A3PIX8,/home/s241850073/igem2026/results/clipzyme_native_extension_v1/structures/af_v6/AF-A3PIX8-F1-model_v6.cif,1.0
4901,A3PKI1,/home/s241850073/igem2026/results/clipzyme_native_extension_v1/structures/af_v6/AF-A3PKI1-F1-model_v6.cif,0.99999994
4902,A3PKI2,/home/s241850073/igem2026/results/clipzyme_native_extension_v1/structures/af_v6/AF-A3PKI2-F1-model_v6.cif,1.0
4903,A3PKI7,/home/s241850073/igem2026/results/clipzyme_native_extension_v1/structures/af_v6/AF-A3PKI7-F1-model_v6.cif,0.99999994
4904,A3PWR1,/home/s241850073/igem2026/results/clipzyme_native_extension_v1/structures/af_v6/AF-A3PWR1-F1-model_v6.cif,1.0
4905,A3PWR3,/home/s241850073/igem2026/results/clipzyme_native_extension_v1/structures/af_v6/AF-A3PWR3-F1-model_v6.cif,1.0
4906,A3PWR4,/home/s241850073/igem2026/results/clipzyme_native_extension_v1/structures/af_v6/AF-A3PWR4-F1-model_v6.cif,1.0
4907,A3Q537,/home/s241850073/igem2026/results/clipzyme_native_extension_v1/structures/af_v6/AF-A3Q537-F1-model_v6.cif,1.0
4908,A3SLM3,/home/s241850073/igem2026/results/clipzyme_native_extension_v1/structures/af_v6/AF-A3SLM3-F1-model_v6.cif,1.0
4909,A3VVZ4,/home/s241850073/igem2026/results/clipzyme_native_extension_v1/structures/af_v6/AF-A3VVZ4-F1-model_v6.cif,1.0
4910,A4DA41,/home/s241850073/igem2026/results/clipzyme_native_extension_v1/structures/af_v6/AF-A4DA41-F1-model_v6.cif,1.0
4911,A4FPS8,/home/s241850073/igem2026/results/clipzyme_native_extension_v1/structures/af_v6/AF-A4FPS8-F1-model_v6.cif,0.99999994
4912,A4FPT1,/home/s241850073/igem2026/results/clipzyme_native_extension_v1/structures/af_v6/AF-A4FPT1-F1-model_v6.cif,0.99999994
4913,A4FPT3,/home/s241850073/igem2026/results/clipzyme_native_extension_v1/structures/af_v6/AF-A4FPT3-F1-model_v6.cif,1.0
4914,A4FPT4,/home/s241850073/igem2026/results/clipzyme_native_extension_v1/structures/af_v6/AF-A4FPT4-F1-model_v6.cif,0.99999994
4915,A4FPT8,/home/s241850073/igem2026/results/clipzyme_native_extension_v1/structures/af_v6/AF-A4FPT8-F1-model_v6.cif,1.0
4916,A4FPT9,/home/s241850073/igem2026/results/clipzyme_native_extension_v1/structures/af_v6/AF-A4FPT9-F1-model_v6.cif,0.99999994
4917,A4FPU0,/home/s241850073/igem2026/results/clipzyme_native_extension_v1/structures/af_v6/AF-A4FPU0-F1-model_v6.cif,1.0
4918,A4FVX4,/home/s241850073/igem2026/results/clipzyme_native_extension_v1/structures/af_v6/AF-A4FVX4-F1-model_v6.cif,0.99999994
4919,A4G631,/home/s241850073/igem2026/results/clipzyme_native_extension_v1/structures/af_v6/AF-A4G631-F1-model_v6.cif,1.0
4920,A4G636,/home/s241850073/igem2026/results/clipzyme_native_extension_v1/structures/af_v6/AF-A4G636-F1-model_v6.cif,0.99999994
4921,A4G641,/home/s241850073/igem2026/results/clipzyme_native_extension_v1/structures/af_v6/AF-A4G641-F1-model_v6.cif,1.0
4922,A4G642,/home/s241850073/igem2026/results/clipzyme_native_extension_v1/structures/af_v6/AF-A4G642-F1-model_v6.cif,1.0
4923,A4G643,/home/s241850073/igem2026/results/clipzyme_native_extension_v1/structures/af_v6/AF-A4G643-F1-model_v6.cif,1.0
4924,A4ITI0,/home/s241850073/igem2026/results/clipzyme_native_extension_v1/structures/af_v6/AF-A4ITI0-F1-model_v6.cif,1.0
4925,A4ITI3,/home/s241850073/igem2026/results/clipzyme_native_extension_v1/structures/af_v6/AF-A4ITI3-F1-model_v6.cif,1.0
4926,A4ITI4,/home/s241850073/igem2026/results/clipzyme_native_extension_v1/structures/af_v6/AF-A4ITI4-F1-model_v6.cif,1.0
4927,A4ITI6,/home/s241850073/igem2026/results/clipzyme_native_extension_v1/structures/af_v6/AF-A4ITI6-F1-model_v6.cif,1.0
4928,A4ITI7,/home/s241850073/igem2026/results/clipzyme_native_extension_v1/structures/af_v6/AF-A4ITI7-F1-model_v6.cif,0.9999999
4929,A4IVZ4,/home/s241850073/igem2026/results/clipzyme_native_extension_v1/structures/af_v6/AF-A4IVZ4-F1-model_v6.cif,1.0
4930,A4J650,/home/s241850073/igem2026/results/clipzyme_native_extension_v1/structures/af_v6/AF-A4J650-F1-model_v6.cif,1.0000001
4931,A4J657,/home/s241850073/igem2026/results/clipzyme_native_extension_v1/structures/af_v6/AF-A4J657-F1-model_v6.cif,1.0
4932,A4J659,/home/s241850073/igem2026/results/clipzyme_native_extension_v1/structures/af_v6/AF-A4J659-F1-model_v6.cif,1.0
4933,A4J660,/home/s241850073/igem2026/results/clipzyme_native_extension_v1/structures/af_v6/AF-A4J660-F1-model_v6.cif,0.99999994
4934,A4J7Y1,/home/s241850073/igem2026/results/clipzyme_native_extension_v1/structures/af_v6/AF-A4J7Y1-F1-model_v6.cif,1.0
4935,A4JGC0,/home/s241850073/igem2026/results/clipzyme_native_extension_v1/structures/af_v6/AF-A4JGC0-F1-model_v6.cif,1.0
4936,A4JGC2,/home/s241850073/igem2026/results/clipzyme_native_extension_v1/structures/af_v6/AF-A4JGC2-F1-model_v6.cif,1.0
4937,A4JGC3,/home/s241850073/igem2026/results/clipzyme_native_extension_v1/structures/af_v6/AF-A4JGC3-F1-model_v6.cif,0.99999994
4938,A4JGC7,/home/s241850073/igem2026/results/clipzyme_native_extension_v1/structures/af_v6/AF-A4JGC7-F1-model_v6.cif,1.0
4939,A4JGC8,/home/s241850073/igem2026/results/clipzyme_native_extension_v1/structures/af_v6/AF-A4JGC8-F1-model_v6.cif,1.0
4940,A4JGD0,/home/s241850073/igem2026/results/clipzyme_native_extension_v1/structures/af_v6/AF-A4JGD0-F1-model_v6.cif,1.0
4941,A4SF45,/home/s241850073/igem2026/results/clipzyme_native_extension_v1/structures/af_v6/AF-A4SF45-F1-model_v6.cif,1.0
4942,A4SF48,/home/s241850073/igem2026/results/clipzyme_native_extension_v1/structures/af_v6/AF-A4SF48-F1-model_v6.cif,1.0
4943,A4SLN5,/home/s241850073/igem2026/results/clipzyme_native_extension_v1/structures/af_v6/AF-A4SLN5-F1-model_v6.cif,1.0
4944,A4SLN7,/home/s241850073/igem2026/results/clipzyme_native_extension_v1/structures/af_v6/AF-A4SLN7-F1-model_v6.cif,1.0
4945,A4SLN8,/home/s241850073/igem2026/results/clipzyme_native_extension_v1/structures/af_v6/AF-A4SLN8-F1-model_v6.cif,1.0
4946,A4SLP2,/home/s241850073/igem2026/results/clipzyme_native_extension_v1/structures/af_v6/AF-A4SLP2-F1-model_v6.cif,0.99999994
4947,A4SLP3,/home/s241850073/igem2026/results/clipzyme_native_extension_v1/structures/af_v6/AF-A4SLP3-F1-model_v6.cif,0.99999994
4948,A4SLP4,/home/s241850073/igem2026/results/clipzyme_native_extension_v1/structures/af_v6/AF-A4SLP4-F1-model_v6.cif,1.0
4949,A4SXQ0,/home/s241850073/igem2026/results/clipzyme_native_extension_v1/structures/af_v6/AF-A4SXQ0-F1-model_v6.cif,1.0
4950,A4SXQ1,/home/s241850073/igem2026/results/clipzyme_native_extension_v1/structures/af_v6/AF-A4SXQ1-F1-model_v6.cif,0.99999994
4951,A4SXQ3,/home/s241850073/igem2026/results/clipzyme_native_extension_v1/structures/af_v6/AF-A4SXQ3-F1-model_v6.cif,1.0
4952,A4TDA1,/home/s241850073/igem2026/results/clipzyme_native_extension_v1/structures/af_v6/AF-A4TDA1-F1-model_v6.cif,1.0
4953,A4TDA8,/home/s241850073/igem2026/results/clipzyme_native_extension_v1/structures/af_v6/AF-A4TDA8-F1-model_v6.cif,1.0
4954,A4TDB2,/home/s241850073/igem2026/results/clipzyme_native_extension_v1/structures/af_v6/AF-A4TDB2-F1-model_v6.cif,0.99999994
4955,A4TDB3,/home/s241850073/igem2026/results/clipzyme_native_extension_v1/structures/af_v6/AF-A4TDB3-F1-model_v6.cif,1.0
4956,A4TDB9,/home/s241850073/igem2026/results/clipzyme_native_extension_v1/structures/af_v6/AF-A4TDB9-F1-model_v6.cif,0.99999994
4957,A4TDC0,/home/s241850073/igem2026/results/clipzyme_native_extension_v1/structures/af_v6/AF-A4TDC0-F1-model_v6.cif,1.0
4958,A4UUI3,/home/s241850073/igem2026/results/clipzyme_native_extension_v1/structures/af_v6/AF-A4UUI3-F1-model_v6.cif,1.0
4959,A4UUM6,/home/s241850073/igem2026/results/clipzyme_native_extension_v1/structures/af_v6/AF-A4UUM6-F1-model_v6.cif,1.0
4960,A4WCQ5,/home/s241850073/igem2026/results/clipzyme_native_extension_v1/structures/af_v6/AF-A4WCQ5-F1-model_v6.cif,1.0
4961,A4WCR1,/home/s241850073/igem2026/results/clipzyme_native_extension_v1/structures/af_v6/AF-A4WCR1-F1-model_v6.cif,0.99999994
4962,A4WCR5,/home/s241850073/igem2026/results/clipzyme_native_extension_v1/structures/af_v6/AF-A4WCR5-F1-model_v6.cif,1.0
4963,A4WCR6,/home/s241850073/igem2026/results/clipzyme_native_extension_v1/structures/af_v6/AF-A4WCR6-F1-model_v6.cif,1.0
4964,A4WCR7,/home/s241850073/igem2026/results/clipzyme_native_extension_v1/structures/af_v6/AF-A4WCR7-F1-model_v6.cif,1.0
4965,A4WLQ3,/home/s241850073/igem2026/results/clipzyme_native_extension_v1/structures/af_v6/AF-A4WLQ3-F1-model_v6.cif,1.0
4966,A4WT69,/home/s241850073/igem2026/results/clipzyme_native_extension_v1/structures/af_v6/AF-A4WT69-F1-model_v6.cif,1.0
4967,A4WT70,/home/s241850073/igem2026/results/clipzyme_native_extension_v1/structures/af_v6/AF-A4WT70-F1-model_v6.cif,1.0
4968,A4WT80,/home/s241850073/igem2026/results/clipzyme_native_extension_v1/structures/af_v6/AF-A4WT80-F1-model_v6.cif,0.99999994
4969,A4WU31,/home/s241850073/igem2026/results/clipzyme_native_extension_v1/structures/af_v6/AF-A4WU31-F1-model_v6.cif,1.0
4970,A4WU32,/home/s241850073/igem2026/results/clipzyme_native_extension_v1/structures/af_v6/AF-A4WU32-F1-model_v6.cif,1.0
4971,A4WU33,/home/s241850073/igem2026/results/clipzyme_native_extension_v1/structures/af_v6/AF-A4WU33-F1-model_v6.cif,1.0
4972,A4X1X5,/home/s241850073/igem2026/results/clipzyme_native_extension_v1/structures/af_v6/AF-A4X1X5-F1-model_v6.cif,0.99999994
4973,A4X1Z0,/home/s241850073/igem2026/results/clipzyme_native_extension_v1/structures/af_v6/AF-A4X1Z0-F1-model_v6.cif,1.0
4974,A4XC28,/home/s241850073/igem2026/results/clipzyme_native_extension_v1/structures/af_v6/AF-A4XC28-F1-model_v6.cif,1.0000001
4975,A4XC35,/home/s241850073/igem2026/results/clipzyme_native_extension_v1/structures/af_v6/AF-A4XC35-F1-model_v6.cif,1.0
4976,A4XC36,/home/s241850073/igem2026/results/clipzyme_native_extension_v1/structures/af_v6/AF-A4XC36-F1-model_v6.cif,1.0
4977,A4XC37,/home/s241850073/igem2026/results/clipzyme_native_extension_v1/structures/af_v6/AF-A4XC37-F1-model_v6.cif,0.99999994
4978,A4XCQ7,/home/s241850073/igem2026/results/clipzyme_native_extension_v1/structures/af_v6/AF-A4XCQ7-F1-model_v6.cif,1.0
4979,A4XV02,/home/s241850073/igem2026/results/clipzyme_native_extension_v1/structures/af_v6/AF-A4XV02-F1-model_v6.cif,1.0
4980,A4XV03,/home/s241850073/igem2026/results/clipzyme_native_extension_v1/structures/af_v6/AF-A4XV03-F1-model_v6.cif,1.0
4981,A4XV04,/home/s241850073/igem2026/results/clipzyme_native_extension_v1/structures/af_v6/AF-A4XV04-F1-model_v6.cif,1.0
4982,A4XV08,/home/s241850073/igem2026/results/clipzyme_native_extension_v1/structures/af_v6/AF-A4XV08-F1-model_v6.cif,0.99999994
4983,A4XV11,/home/s241850073/igem2026/results/clipzyme_native_extension_v1/structures/af_v6/AF-A4XV11-F1-model_v6.cif,0.99999994
4984,A4XV14,/home/s241850073/igem2026/results/clipzyme_native_extension_v1/structures/af_v6/AF-A4XV14-F1-model_v6.cif,1.0
4985,A4YHL0,/home/s241850073/igem2026/results/clipzyme_native_extension_v1/structures/af_v6/AF-A4YHL0-F1-model_v6.cif,1.0
4986,A4YVK2,/home/s241850073/igem2026/results/clipzyme_native_extension_v1/structures/af_v6/AF-A4YVK2-F1-model_v6.cif,1.0
4987,A4YVK3,/home/s241850073/igem2026/results/clipzyme_native_extension_v1/structures/af_v6/AF-A4YVK3-F1-model_v6.cif,1.0
4988,A4YVK9,/home/s241850073/igem2026/results/clipzyme_native_extension_v1/structures/af_v6/AF-A4YVK9-F1-model_v6.cif,1.0
4989,A4YVL1,/home/s241850073/igem2026/results/clipzyme_native_extension_v1/structures/af_v6/AF-A4YVL1-F1-model_v6.cif,1.0
4990,A5CES2,/home/s241850073/igem2026/results/clipzyme_native_extension_v1/structures/af_v6/AF-A5CES2-F1-model_v6.cif,1.0
4991,A5CFN5,/home/s241850073/igem2026/results/clipzyme_native_extension_v1/structures/af_v6/AF-A5CFN5-F1-model_v6.cif,0.99999994
4992,A5CXF8,/home/s241850073/igem2026/results/clipzyme_native_extension_v1/structures/af_v6/AF-A5CXF8-F1-model_v6.cif,1.0
4993,A5CXF9,/home/s241850073/igem2026/results/clipzyme_native_extension_v1/structures/af_v6/AF-A5CXF9-F1-model_v6.cif,1.0000001
4994,A5CXG0,/home/s241850073/igem2026/results/clipzyme_native_extension_v1/structures/af_v6/AF-A5CXG0-F1-model_v6.cif,0.99999994
4995,A5CXG4,/home/s241850073/igem2026/results/clipzyme_native_extension_v1/structures/af_v6/AF-A5CXG4-F1-model_v6.cif,1.0
4996,A5CXG5,/home/s241850073/igem2026/results/clipzyme_native_extension_v1/structures/af_v6/AF-A5CXG5-F1-model_v6.cif,1.0
4997,A5EK88,/home/s241850073/igem2026/results/clipzyme_native_extension_v1/structures/af_v6/AF-A5EK88-F1-model_v6.cif,1.0
4998,A5EK90,/home/s241850073/igem2026/results/clipzyme_native_extension_v1/structures/af_v6/AF-A5EK90-F1-model_v6.cif,1.0
4999,A5EK91,/home/s241850073/igem2026/results/clipzyme_native_extension_v1/structures/af_v6/AF-A5EK91-F1-model_v6.cif,1.0
5000,A5EK97,/home/s241850073/igem2026/results/clipzyme_native_extension_v1/structures/af_v6/AF-A5EK97-F1-model_v6.cif,0.99999994
5001,A5EK99,/home/s241850073/igem2026/results/clipzyme_native_extension_v1/structures/af_v6/AF-A5EK99-F1-model_v6.cif,1.0
5002,A5FKI7,/home/s241850073/igem2026/results/clipzyme_native_extension_v1/structures/af_v6/AF-A5FKI7-F1-model_v6.cif,1.0
5003,A5FKI9,/home/s241850073/igem2026/results/clipzyme_native_extension_v1/structures/af_v6/AF-A5FKI9-F1-model_v6.cif,0.99999994
5004,A5FKJ7,/home/s241850073/igem2026/results/clipzyme_native_extension_v1/structures/af_v6/AF-A5FKJ7-F1-model_v6.cif,0.99999994
5005,A5FKK0,/home/s241850073/igem2026/results/clipzyme_native_extension_v1/structures/af_v6/AF-A5FKK0-F1-model_v6.cif,0.99999994
5006,A5FKK7,/home/s241850073/igem2026/results/clipzyme_native_extension_v1/structures/af_v6/AF-A5FKK7-F1-model_v6.cif,1.0
5007,A5FQX9,/home/s241850073/igem2026/results/clipzyme_native_extension_v1/structures/af_v6/AF-A5FQX9-F1-model_v6.cif,1.0
5008,A5FQY4,/home/s241850073/igem2026/results/clipzyme_native_extension_v1/structures/af_v6/AF-A5FQY4-F1-model_v6.cif,1.0
5009,A5FQY6,/home/s241850073/igem2026/results/clipzyme_native_extension_v1/structures/af_v6/AF-A5FQY6-F1-model_v6.cif,1.0
5010,A5FX09,/home/s241850073/igem2026/results/clipzyme_native_extension_v1/structures/af_v6/AF-A5FX09-F1-model_v6.cif,1.0
5011,A5FX11,/home/s241850073/igem2026/results/clipzyme_native_extension_v1/structures/af_v6/AF-A5FX11-F1-model_v6.cif,1.0
5012,A5FX21,/home/s241850073/igem2026/results/clipzyme_native_extension_v1/structures/af_v6/AF-A5FX21-F1-model_v6.cif,1.0
5013,A5FXI8,/home/s241850073/igem2026/results/clipzyme_native_extension_v1/structures/af_v6/AF-A5FXI8-F1-model_v6.cif,1.0
5014,A5FXJ1,/home/s241850073/igem2026/results/clipzyme_native_extension_v1/structures/af_v6/AF-A5FXJ1-F1-model_v6.cif,0.99999994
5015,A5FXJ8,/home/s241850073/igem2026/results/clipzyme_native_extension_v1/structures/af_v6/AF-A5FXJ8-F1-model_v6.cif,1.0
5016,A5FXJ9,/home/s241850073/igem2026/results/clipzyme_native_extension_v1/structures/af_v6/AF-A5FXJ9-F1-model_v6.cif,1.0
5017,A5FXK0,/home/s241850073/igem2026/results/clipzyme_native_extension_v1/structures/af_v6/AF-A5FXK0-F1-model_v6.cif,0.99999994
5018,A5G9A9,/home/s241850073/igem2026/results/clipzyme_native_extension_v1/structures/af_v6/AF-A5G9A9-F1-model_v6.cif,1.0
5019,A5G9B6,/home/s241850073/igem2026/results/clipzyme_native_extension_v1/structures/af_v6/AF-A5G9B6-F1-model_v6.cif,0.99999994
5020,A5G9B7,/home/s241850073/igem2026/results/clipzyme_native_extension_v1/structures/af_v6/AF-A5G9B7-F1-model_v6.cif,1.0
5021,A5G9B8,/home/s241850073/igem2026/results/clipzyme_native_extension_v1/structures/af_v6/AF-A5G9B8-F1-model_v6.cif,0.99999994
5022,A5G9B9,/home/s241850073/igem2026/results/clipzyme_native_extension_v1/structures/af_v6/AF-A5G9B9-F1-model_v6.cif,1.0
5023,A5GCZ5,/home/s241850073/igem2026/results/clipzyme_native_extension_v1/structures/af_v6/AF-A5GCZ5-F1-model_v6.cif,1.0
5024,A5GD03,/home/s241850073/igem2026/results/clipzyme_native_extension_v1/structures/af_v6/AF-A5GD03-F1-model_v6.cif,0.99999994
5025,A5IHV6,/home/s241850073/igem2026/results/clipzyme_native_extension_v1/structures/af_v6/AF-A5IHV6-F1-model_v6.cif,1.0
5026,A5IHW1,/home/s241850073/igem2026/results/clipzyme_native_extension_v1/structures/af_v6/AF-A5IHW1-F1-model_v6.cif,1.0
5027,A5IHW2,/home/s241850073/igem2026/results/clipzyme_native_extension_v1/structures/af_v6/AF-A5IHW2-F1-model_v6.cif,0.99999994
5028,A5U5B1,/home/s241850073/igem2026/results/clipzyme_native_extension_v1/structures/af_v6/AF-A5U5B1-F1-model_v6.cif,1.0
5029,A5UMY7,/home/s241850073/igem2026/results/clipzyme_native_extension_v1/structures/af_v6/AF-A5UMY7-F1-model_v6.cif,0.99999994
5030,A5UVF9,/home/s241850073/igem2026/results/clipzyme_native_extension_v1/structures/af_v6/AF-A5UVF9-F1-model_v6.cif,1.0
5031,A5UXK0,/home/s241850073/igem2026/results/clipzyme_native_extension_v1/structures/af_v6/AF-A5UXK0-F1-model_v6.cif,1.0
5032,A5UXK1,/home/s241850073/igem2026/results/clipzyme_native_extension_v1/structures/af_v6/AF-A5UXK1-F1-model_v6.cif,1.0
5033,A5UXK3,/home/s241850073/igem2026/results/clipzyme_native_extension_v1/structures/af_v6/AF-A5UXK3-F1-model_v6.cif,1.0
5034,A5UZH7,/home/s241850073/igem2026/results/clipzyme_native_extension_v1/structures/af_v6/AF-A5UZH7-F1-model_v6.cif,1.0
5035,A5UZH8,/home/s241850073/igem2026/results/clipzyme_native_extension_v1/structures/af_v6/AF-A5UZH8-F1-model_v6.cif,1.0
5036,A5UZH9,/home/s241850073/igem2026/results/clipzyme_native_extension_v1/structures/af_v6/AF-A5UZH9-F1-model_v6.cif,1.0
5037,A5VAL8,/home/s241850073/igem2026/results/clipzyme_native_extension_v1/structures/af_v6/AF-A5VAL8-F1-model_v6.cif,1.0
5038,A5VAM0,/home/s241850073/igem2026/results/clipzyme_native_extension_v1/structures/af_v6/AF-A5VAM0-F1-model_v6.cif,1.0
5039,A5VAM7,/home/s241850073/igem2026/results/clipzyme_native_extension_v1/structures/af_v6/AF-A5VAM7-F1-model_v6.cif,1.0
5040,A5VAN3,/home/s241850073/igem2026/results/clipzyme_native_extension_v1/structures/af_v6/AF-A5VAN3-F1-model_v6.cif,1.0
5041,A5VPZ0,/home/s241850073/igem2026/results/clipzyme_native_extension_v1/structures/af_v6/AF-A5VPZ0-F1-model_v6.cif,0.99999994
5042,A5W190,/home/s241850073/igem2026/results/clipzyme_native_extension_v1/structures/af_v6/AF-A5W190-F1-model_v6.cif,1.0
5043,A5WG42,/home/s241850073/igem2026/results/clipzyme_native_extension_v1/structures/af_v6/AF-A5WG42-F1-model_v6.cif,1.0
5044,A5WG46,/home/s241850073/igem2026/results/clipzyme_native_extension_v1/structures/af_v6/AF-A5WG46-F1-model_v6.cif,1.0
5045,A5WG47,/home/s241850073/igem2026/results/clipzyme_native_extension_v1/structures/af_v6/AF-A5WG47-F1-model_v6.cif,1.0
5046,A5WG48,/home/s241850073/igem2026/results/clipzyme_native_extension_v1/structures/af_v6/AF-A5WG48-F1-model_v6.cif,0.99999994
5047,A6FWQ7,/home/s241850073/igem2026/results/clipzyme_native_extension_v1/structures/af_v6/AF-A6FWQ7-F1-model_v6.cif,1.0
5048,A6G4H7,/home/s241850073/igem2026/results/clipzyme_native_extension_v1/structures/af_v6/AF-A6G4H7-F1-model_v6.cif,1.0
5049,A6G6D6,/home/s241850073/igem2026/results/clipzyme_native_extension_v1/structures/af_v6/AF-A6G6D6-F1-model_v6.cif,1.0
5050,A6GF53,/home/s241850073/igem2026/results/clipzyme_native_extension_v1/structures/af_v6/AF-A6GF53-F1-model_v6.cif,1.0
5051,A6GIQ3,/home/s241850073/igem2026/results/clipzyme_native_extension_v1/structures/af_v6/AF-A6GIQ3-F1-model_v6.cif,1.0
5052,A6H1Q0,/home/s241850073/igem2026/results/clipzyme_native_extension_v1/structures/af_v6/AF-A6H1Q0-F1-model_v6.cif,1.0
5053,A6H1Q3,/home/s241850073/igem2026/results/clipzyme_native_extension_v1/structures/af_v6/AF-A6H1Q3-F1-model_v6.cif,0.99999994
5054,A6H1Q5,/home/s241850073/igem2026/results/clipzyme_native_extension_v1/structures/af_v6/AF-A6H1Q5-F1-model_v6.cif,1.0
5055,A6H1Q6,/home/s241850073/igem2026/results/clipzyme_native_extension_v1/structures/af_v6/AF-A6H1Q6-F1-model_v6.cif,1.0
5056,A6H1R1,/home/s241850073/igem2026/results/clipzyme_native_extension_v1/structures/af_v6/AF-A6H1R1-F1-model_v6.cif,1.0000001
5057,A6H1R3,/home/s241850073/igem2026/results/clipzyme_native_extension_v1/structures/af_v6/AF-A6H1R3-F1-model_v6.cif,1.0
5058,A6H1R4,/home/s241850073/igem2026/results/clipzyme_native_extension_v1/structures/af_v6/AF-A6H1R4-F1-model_v6.cif,1.0
5059,A6L162,/home/s241850073/igem2026/results/clipzyme_native_extension_v1/structures/af_v6/AF-A6L162-F1-model_v6.cif,1.0
5060,A6L168,/home/s241850073/igem2026/results/clipzyme_native_extension_v1/structures/af_v6/AF-A6L168-F1-model_v6.cif,0.99999994
5061,A6L169,/home/s241850073/igem2026/results/clipzyme_native_extension_v1/structures/af_v6/AF-A6L169-F1-model_v6.cif,1.0
5062,A6L170,/home/s241850073/igem2026/results/clipzyme_native_extension_v1/structures/af_v6/AF-A6L170-F1-model_v6.cif,1.0
5063,A6L171,/home/s241850073/igem2026/results/clipzyme_native_extension_v1/structures/af_v6/AF-A6L171-F1-model_v6.cif,0.99999994
5064,A6LMC4,/home/s241850073/igem2026/results/clipzyme_native_extension_v1/structures/af_v6/AF-A6LMC4-F1-model_v6.cif,1.0
5065,A6LXP5,/home/s241850073/igem2026/results/clipzyme_native_extension_v1/structures/af_v6/AF-A6LXP5-F1-model_v6.cif,1.0
5066,A6LXQ2,/home/s241850073/igem2026/results/clipzyme_native_extension_v1/structures/af_v6/AF-A6LXQ2-F1-model_v6.cif,0.99999994
5067,A6LXQ4,/home/s241850073/igem2026/results/clipzyme_native_extension_v1/structures/af_v6/AF-A6LXQ4-F1-model_v6.cif,1.0
5068,A6LXQ5,/home/s241850073/igem2026/results/clipzyme_native_extension_v1/structures/af_v6/AF-A6LXQ5-F1-model_v6.cif,1.0
5069,A6Q1P4,/home/s241850073/igem2026/results/clipzyme_native_extension_v1/structures/af_v6/AF-A6Q1P4-F1-model_v6.cif,1.0
5070,A6Q1P6,/home/s241850073/igem2026/results/clipzyme_native_extension_v1/structures/af_v6/AF-A6Q1P6-F1-model_v6.cif,0.99999994
5071,A6Q1Q1,/home/s241850073/igem2026/results/clipzyme_native_extension_v1/structures/af_v6/AF-A6Q1Q1-F1-model_v6.cif,1.0000001
5072,A6Q1Q4,/home/s241850073/igem2026/results/clipzyme_native_extension_v1/structures/af_v6/AF-A6Q1Q4-F1-model_v6.cif,0.99999994
5073,A6QCE9,/home/s241850073/igem2026/results/clipzyme_native_extension_v1/structures/af_v6/AF-A6QCE9-F1-model_v6.cif,1.0
5074,A6QCF2,/home/s241850073/igem2026/results/clipzyme_native_extension_v1/structures/af_v6/AF-A6QCF2-F1-model_v6.cif,1.0
5075,A6QCG0,/home/s241850073/igem2026/results/clipzyme_native_extension_v1/structures/af_v6/AF-A6QCG0-F1-model_v6.cif,1.0
5076,A6QCG2,/home/s241850073/igem2026/results/clipzyme_native_extension_v1/structures/af_v6/AF-A6QCG2-F1-model_v6.cif,1.0
5077,A6SY06,/home/s241850073/igem2026/results/clipzyme_native_extension_v1/structures/af_v6/AF-A6SY06-F1-model_v6.cif,1.0
5078,A6SY07,/home/s241850073/igem2026/results/clipzyme_native_extension_v1/structures/af_v6/AF-A6SY07-F1-model_v6.cif,1.0
5079,A6SY08,/home/s241850073/igem2026/results/clipzyme_native_extension_v1/structures/af_v6/AF-A6SY08-F1-model_v6.cif,1.0
5080,A6SY12,/home/s241850073/igem2026/results/clipzyme_native_extension_v1/structures/af_v6/AF-A6SY12-F1-model_v6.cif,1.0
5081,A6TBW2,/home/s241850073/igem2026/results/clipzyme_native_extension_v1/structures/af_v6/AF-A6TBW2-F1-model_v6.cif,0.99999994
5082,A6TBX2,/home/s241850073/igem2026/results/clipzyme_native_extension_v1/structures/af_v6/AF-A6TBX2-F1-model_v6.cif,1.0
5083,A6TBX4,/home/s241850073/igem2026/results/clipzyme_native_extension_v1/structures/af_v6/AF-A6TBX4-F1-model_v6.cif,1.0
5084,A6U7W4,/home/s241850073/igem2026/results/clipzyme_native_extension_v1/structures/af_v6/AF-A6U7W4-F1-model_v6.cif,1.0
5085,A6U7W5,/home/s241850073/igem2026/results/clipzyme_native_extension_v1/structures/af_v6/AF-A6U7W5-F1-model_v6.cif,1.0
5086,A6U7W6,/home/s241850073/igem2026/results/clipzyme_native_extension_v1/structures/af_v6/AF-A6U7W6-F1-model_v6.cif,1.0
5087,A6UFK4,/home/s241850073/igem2026/results/clipzyme_native_extension_v1/structures/af_v6/AF-A6UFK4-F1-model_v6.cif,1.0
5088,A6UFL3,/home/s241850073/igem2026/results/clipzyme_native_extension_v1/structures/af_v6/AF-A6UFL3-F1-model_v6.cif,0.99999994
5089,A6UWG4,/home/s241850073/igem2026/results/clipzyme_native_extension_v1/structures/af_v6/AF-A6UWG4-F1-model_v6.cif,1.0000001
5090,A6V4E2,/home/s241850073/igem2026/results/clipzyme_native_extension_v1/structures/af_v6/AF-A6V4E2-F1-model_v6.cif,1.0
5091,A6V4E7,/home/s241850073/igem2026/results/clipzyme_native_extension_v1/structures/af_v6/AF-A6V4E7-F1-model_v6.cif,1.0
5092,A6V4E8,/home/s241850073/igem2026/results/clipzyme_native_extension_v1/structures/af_v6/AF-A6V4E8-F1-model_v6.cif,1.0
5093,A6V4E9,/home/s241850073/igem2026/results/clipzyme_native_extension_v1/structures/af_v6/AF-A6V4E9-F1-model_v6.cif,0.99999994
5094,A6V6S8,/home/s241850073/igem2026/results/clipzyme_native_extension_v1/structures/af_v6/AF-A6V6S8-F1-model_v6.cif,1.0
5095,A6VHE0,/home/s241850073/igem2026/results/clipzyme_native_extension_v1/structures/af_v6/AF-A6VHE0-F1-model_v6.cif,1.0
5096,A6X1M3,/home/s241850073/igem2026/results/clipzyme_native_extension_v1/structures/af_v6/AF-A6X1M3-F1-model_v6.cif,1.0
5097,A6X1M5,/home/s241850073/igem2026/results/clipzyme_native_extension_v1/structures/af_v6/AF-A6X1M5-F1-model_v6.cif,0.99999994
5098,A6X1M6,/home/s241850073/igem2026/results/clipzyme_native_extension_v1/structures/af_v6/AF-A6X1M6-F1-model_v6.cif,1.0
5099,A6X1N0,/home/s241850073/igem2026/results/clipzyme_native_extension_v1/structures/af_v6/AF-A6X1N0-F1-model_v6.cif,0.99999994
5100,A6X1N2,/home/s241850073/igem2026/results/clipzyme_native_extension_v1/structures/af_v6/AF-A6X1N2-F1-model_v6.cif,1.0
5101,A6X1N3,/home/s241850073/igem2026/results/clipzyme_native_extension_v1/structures/af_v6/AF-A6X1N3-F1-model_v6.cif,1.0
5102,A7FGQ6,/home/s241850073/igem2026/results/clipzyme_native_extension_v1/structures/af_v6/AF-A7FGQ6-F1-model_v6.cif,0.99999994
5103,A7GV44,/home/s241850073/igem2026/results/clipzyme_native_extension_v1/structures/af_v6/AF-A7GV44-F1-model_v6.cif,0.99999994
5104,A7GV47,/home/s241850073/igem2026/results/clipzyme_native_extension_v1/structures/af_v6/AF-A7GV47-F1-model_v6.cif,1.0
5105,A7GV48,/home/s241850073/igem2026/results/clipzyme_native_extension_v1/structures/af_v6/AF-A7GV48-F1-model_v6.cif,0.99999994
5106,A7GV50,/home/s241850073/igem2026/results/clipzyme_native_extension_v1/structures/af_v6/AF-A7GV50-F1-model_v6.cif,1.0000001
5107,A7GV51,/home/s241850073/igem2026/results/clipzyme_native_extension_v1/structures/af_v6/AF-A7GV51-F1-model_v6.cif,1.0
5108,A7GW60,/home/s241850073/igem2026/results/clipzyme_native_extension_v1/structures/af_v6/AF-A7GW60-F1-model_v6.cif,0.99999994
5109,A7GW63,/home/s241850073/igem2026/results/clipzyme_native_extension_v1/structures/af_v6/AF-A7GW63-F1-model_v6.cif,1.0
5110,A7GW67,/home/s241850073/igem2026/results/clipzyme_native_extension_v1/structures/af_v6/AF-A7GW67-F1-model_v6.cif,1.0
5111,A7GW69,/home/s241850073/igem2026/results/clipzyme_native_extension_v1/structures/af_v6/AF-A7GW69-F1-model_v6.cif,1.0
5112,A7H5S3,/home/s241850073/igem2026/results/clipzyme_native_extension_v1/structures/af_v6/AF-A7H5S3-F1-model_v6.cif,1.0
5113,A7H5S4,/home/s241850073/igem2026/results/clipzyme_native_extension_v1/structures/af_v6/AF-A7H5S4-F1-model_v6.cif,0.99999994
5114,A7H5S8,/home/s241850073/igem2026/results/clipzyme_native_extension_v1/structures/af_v6/AF-A7H5S8-F1-model_v6.cif,1.0
5115,A7H9U1,/home/s241850073/igem2026/results/clipzyme_native_extension_v1/structures/af_v6/AF-A7H9U1-F1-model_v6.cif,1.0
5116,A7H9U8,/home/s241850073/igem2026/results/clipzyme_native_extension_v1/structures/af_v6/AF-A7H9U8-F1-model_v6.cif,0.99999994
5117,A7H9V0,/home/s241850073/igem2026/results/clipzyme_native_extension_v1/structures/af_v6/AF-A7H9V0-F1-model_v6.cif,1.0
5118,A7H9V2,/home/s241850073/igem2026/results/clipzyme_native_extension_v1/structures/af_v6/AF-A7H9V2-F1-model_v6.cif,1.0
5119,A7H9V3,/home/s241850073/igem2026/results/clipzyme_native_extension_v1/structures/af_v6/AF-A7H9V3-F1-model_v6.cif,1.0
5120,A7H9V5,/home/s241850073/igem2026/results/clipzyme_native_extension_v1/structures/af_v6/AF-A7H9V5-F1-model_v6.cif,1.0
5121,A7H9V8,/home/s241850073/igem2026/results/clipzyme_native_extension_v1/structures/af_v6/AF-A7H9V8-F1-model_v6.cif,0.9999999
5122,A7HIH8,/home/s241850073/igem2026/results/clipzyme_native_extension_v1/structures/af_v6/AF-A7HIH8-F1-model_v6.cif,1.0
5123,A7HY36,/home/s241850073/igem2026/results/clipzyme_native_extension_v1/structures/af_v6/AF-A7HY36-F1-model_v6.cif,1.0
5124,A7HY39,/home/s241850073/igem2026/results/clipzyme_native_extension_v1/structures/af_v6/AF-A7HY39-F1-model_v6.cif,0.99999994
5125,A7HY41,/home/s241850073/igem2026/results/clipzyme_native_extension_v1/structures/af_v6/AF-A7HY41-F1-model_v6.cif,0.99999994
5126,A7HY42,/home/s241850073/igem2026/results/clipzyme_native_extension_v1/structures/af_v6/AF-A7HY42-F1-model_v6.cif,0.9999999
5127,A7HY46,/home/s241850073/igem2026/results/clipzyme_native_extension_v1/structures/af_v6/AF-A7HY46-F1-model_v6.cif,1.0
5128,A7HY47,/home/s241850073/igem2026/results/clipzyme_native_extension_v1/structures/af_v6/AF-A7HY47-F1-model_v6.cif,0.99999994
5129,A7HY48,/home/s241850073/igem2026/results/clipzyme_native_extension_v1/structures/af_v6/AF-A7HY48-F1-model_v6.cif,1.0
5130,A7HZU9,/home/s241850073/igem2026/results/clipzyme_native_extension_v1/structures/af_v6/AF-A7HZU9-F1-model_v6.cif,0.99999994
5131,A7HZV1,/home/s241850073/igem2026/results/clipzyme_native_extension_v1/structures/af_v6/AF-A7HZV1-F1-model_v6.cif,1.0
5132,A7HZV5,/home/s241850073/igem2026/results/clipzyme_native_extension_v1/structures/af_v6/AF-A7HZV5-F1-model_v6.cif,0.99999994
5133,A7HZV6,/home/s241850073/igem2026/results/clipzyme_native_extension_v1/structures/af_v6/AF-A7HZV6-F1-model_v6.cif,1.0
5134,A7HZV8,/home/s241850073/igem2026/results/clipzyme_native_extension_v1/structures/af_v6/AF-A7HZV8-F1-model_v6.cif,0.99999994
5135,A7HZW1,/home/s241850073/igem2026/results/clipzyme_native_extension_v1/structures/af_v6/AF-A7HZW1-F1-model_v6.cif,1.0
5136,A7IP97,/home/s241850073/igem2026/results/clipzyme_native_extension_v1/structures/af_v6/AF-A7IP97-F1-model_v6.cif,1.0
5137,A7IP99,/home/s241850073/igem2026/results/clipzyme_native_extension_v1/structures/af_v6/AF-A7IP99-F1-model_v6.cif,1.0
5138,A7IPA4,/home/s241850073/igem2026/results/clipzyme_native_extension_v1/structures/af_v6/AF-A7IPA4-F1-model_v6.cif,0.99999994
5139,A7IPA5,/home/s241850073/igem2026/results/clipzyme_native_extension_v1/structures/af_v6/AF-A7IPA5-F1-model_v6.cif,0.99999994
5140,A7IPA6,/home/s241850073/igem2026/results/clipzyme_native_extension_v1/structures/af_v6/AF-A7IPA6-F1-model_v6.cif,1.0
5141,A7MH22,/home/s241850073/igem2026/results/clipzyme_native_extension_v1/structures/af_v6/AF-A7MH22-F1-model_v6.cif,1.0
5142,A7MH23,/home/s241850073/igem2026/results/clipzyme_native_extension_v1/structures/af_v6/AF-A7MH23-F1-model_v6.cif,1.0
5143,A7MH24,/home/s241850073/igem2026/results/clipzyme_native_extension_v1/structures/af_v6/AF-A7MH24-F1-model_v6.cif,1.0
5144,A7MHT8,/home/s241850073/igem2026/results/clipzyme_native_extension_v1/structures/af_v6/AF-A7MHT8-F1-model_v6.cif,1.0
5145,A7MPB4,/home/s241850073/igem2026/results/clipzyme_native_extension_v1/structures/af_v6/AF-A7MPB4-F1-model_v6.cif,0.99999994
5146,A7MPB5,/home/s241850073/igem2026/results/clipzyme_native_extension_v1/structures/af_v6/AF-A7MPB5-F1-model_v6.cif,0.99999994
5147,A7MPB7,/home/s241850073/igem2026/results/clipzyme_native_extension_v1/structures/af_v6/AF-A7MPB7-F1-model_v6.cif,0.99999994
5148,A7NEJ7,/home/s241850073/igem2026/results/clipzyme_native_extension_v1/structures/af_v6/AF-A7NEJ7-F1-model_v6.cif,1.0
5149,A7NEK2,/home/s241850073/igem2026/results/clipzyme_native_extension_v1/structures/af_v6/AF-A7NEK2-F1-model_v6.cif,1.0
5150,A7NEK8,/home/s241850073/igem2026/results/clipzyme_native_extension_v1/structures/af_v6/AF-A7NEK8-F1-model_v6.cif,1.0
5151,A7NIV9,/home/s241850073/igem2026/results/clipzyme_native_extension_v1/structures/af_v6/AF-A7NIV9-F1-model_v6.cif,1.0
5152,A7NIW0,/home/s241850073/igem2026/results/clipzyme_native_extension_v1/structures/af_v6/AF-A7NIW0-F1-model_v6.cif,0.99999994
5153,A7NIW1,/home/s241850073/igem2026/results/clipzyme_native_extension_v1/structures/af_v6/AF-A7NIW1-F1-model_v6.cif,1.0
5154,A7NL04,/home/s241850073/igem2026/results/clipzyme_native_extension_v1/structures/af_v6/AF-A7NL04-F1-model_v6.cif,1.0
5155,A7NL05,/home/s241850073/igem2026/results/clipzyme_native_extension_v1/structures/af_v6/AF-A7NL05-F1-model_v6.cif,0.99999994
5156,A7NL07,/home/s241850073/igem2026/results/clipzyme_native_extension_v1/structures/af_v6/AF-A7NL07-F1-model_v6.cif,0.9999999
5157,A7NL15,/home/s241850073/igem2026/results/clipzyme_native_extension_v1/structures/af_v6/AF-A7NL15-F1-model_v6.cif,1.0
5158,A7NML6,/home/s241850073/igem2026/results/clipzyme_native_extension_v1/structures/af_v6/AF-A7NML6-F1-model_v6.cif,1.0
5159,A7NPD6,/home/s241850073/igem2026/results/clipzyme_native_extension_v1/structures/af_v6/AF-A7NPD6-F1-model_v6.cif,1.0
5160,A7NPD9,/home/s241850073/igem2026/results/clipzyme_native_extension_v1/structures/af_v6/AF-A7NPD9-F1-model_v6.cif,0.99999994
5161,A7SNN9,/home/s241850073/igem2026/results/clipzyme_native_extension_v1/structures/af_v6/AF-A7SNN9-F1-model_v6.cif,1.0
5162,A7ZBE5,/home/s241850073/igem2026/results/clipzyme_native_extension_v1/structures/af_v6/AF-A7ZBE5-F1-model_v6.cif,0.99999994
5163,A7ZBE9,/home/s241850073/igem2026/results/clipzyme_native_extension_v1/structures/af_v6/AF-A7ZBE9-F1-model_v6.cif,1.0
5164,A7ZBF3,/home/s241850073/igem2026/results/clipzyme_native_extension_v1/structures/af_v6/AF-A7ZBF3-F1-model_v6.cif,1.0
5165,A8ADV1,/home/s241850073/igem2026/results/clipzyme_native_extension_v1/structures/af_v6/AF-A8ADV1-F1-model_v6.cif,0.99999994
5166,A8ADV2,/home/s241850073/igem2026/results/clipzyme_native_extension_v1/structures/af_v6/AF-A8ADV2-F1-model_v6.cif,1.0
5167,A8ADV3,/home/s241850073/igem2026/results/clipzyme_native_extension_v1/structures/af_v6/AF-A8ADV3-F1-model_v6.cif,1.0000001
5168,A8ADV7,/home/s241850073/igem2026/results/clipzyme_native_extension_v1/structures/af_v6/AF-A8ADV7-F1-model_v6.cif,0.99999994
5169,A8ADW3,/home/s241850073/igem2026/results/clipzyme_native_extension_v1/structures/af_v6/AF-A8ADW3-F1-model_v6.cif,1.0
5170,A8ERK3,/home/s241850073/igem2026/results/clipzyme_native_extension_v1/structures/af_v6/AF-A8ERK3-F1-model_v6.cif,1.0
5171,A8ERK6,/home/s241850073/igem2026/results/clipzyme_native_extension_v1/structures/af_v6/AF-A8ERK6-F1-model_v6.cif,1.0
5172,A8ERL4,/home/s241850073/igem2026/results/clipzyme_native_extension_v1/structures/af_v6/AF-A8ERL4-F1-model_v6.cif,0.99999994
5173,A8ERL5,/home/s241850073/igem2026/results/clipzyme_native_extension_v1/structures/af_v6/AF-A8ERL5-F1-model_v6.cif,0.99999994
5174,A8EXI1,/home/s241850073/igem2026/results/clipzyme_native_extension_v1/structures/af_v6/AF-A8EXI1-F1-model_v6.cif,1.0
5175,A8EZ83,/home/s241850073/igem2026/results/clipzyme_native_extension_v1/structures/af_v6/AF-A8EZ83-F1-model_v6.cif,1.0
5176,A8EZ86,/home/s241850073/igem2026/results/clipzyme_native_extension_v1/structures/af_v6/AF-A8EZ86-F1-model_v6.cif,1.0
5177,A8EZZ7,/home/s241850073/igem2026/results/clipzyme_native_extension_v1/structures/af_v6/AF-A8EZZ7-F1-model_v6.cif,1.0
5178,A8EZZ9,/home/s241850073/igem2026/results/clipzyme_native_extension_v1/structures/af_v6/AF-A8EZZ9-F1-model_v6.cif,1.0
5179,A8F0M0,/home/s241850073/igem2026/results/clipzyme_native_extension_v1/structures/af_v6/AF-A8F0M0-F1-model_v6.cif,1.0
5180,A8F1C5,/home/s241850073/igem2026/results/clipzyme_native_extension_v1/structures/af_v6/AF-A8F1C5-F1-model_v6.cif,0.99999994
5181,A8F1C7,/home/s241850073/igem2026/results/clipzyme_native_extension_v1/structures/af_v6/AF-A8F1C7-F1-model_v6.cif,1.0
5182,A8F2T4,/home/s241850073/igem2026/results/clipzyme_native_extension_v1/structures/af_v6/AF-A8F2T4-F1-model_v6.cif,1.0
5183,A8FNM9,/home/s241850073/igem2026/results/clipzyme_native_extension_v1/structures/af_v6/AF-A8FNM9-F1-model_v6.cif,1.0
5184,A8FNN0,/home/s241850073/igem2026/results/clipzyme_native_extension_v1/structures/af_v6/AF-A8FNN0-F1-model_v6.cif,0.99999994
5185,A8FNN4,/home/s241850073/igem2026/results/clipzyme_native_extension_v1/structures/af_v6/AF-A8FNN4-F1-model_v6.cif,0.99999994
5186,A8FNN6,/home/s241850073/igem2026/results/clipzyme_native_extension_v1/structures/af_v6/AF-A8FNN6-F1-model_v6.cif,1.0
5187,A8GH04,/home/s241850073/igem2026/results/clipzyme_native_extension_v1/structures/af_v6/AF-A8GH04-F1-model_v6.cif,1.0
5188,A8GH07,/home/s241850073/igem2026/results/clipzyme_native_extension_v1/structures/af_v6/AF-A8GH07-F1-model_v6.cif,0.99999994
5189,A8GH10,/home/s241850073/igem2026/results/clipzyme_native_extension_v1/structures/af_v6/AF-A8GH10-F1-model_v6.cif,0.99999994
5190,A8GH14,/home/s241850073/igem2026/results/clipzyme_native_extension_v1/structures/af_v6/AF-A8GH14-F1-model_v6.cif,0.99999994
5191,A8GH15,/home/s241850073/igem2026/results/clipzyme_native_extension_v1/structures/af_v6/AF-A8GH15-F1-model_v6.cif,1.0
5192,A8GH16,/home/s241850073/igem2026/results/clipzyme_native_extension_v1/structures/af_v6/AF-A8GH16-F1-model_v6.cif,0.99999994
5193,A8GM77,/home/s241850073/igem2026/results/clipzyme_native_extension_v1/structures/af_v6/AF-A8GM77-F1-model_v6.cif,0.99999994
5194,A8GN50,/home/s241850073/igem2026/results/clipzyme_native_extension_v1/structures/af_v6/AF-A8GN50-F1-model_v6.cif,0.99999994
5195,A8GN54,/home/s241850073/igem2026/results/clipzyme_native_extension_v1/structures/af_v6/AF-A8GN54-F1-model_v6.cif,0.99999994
5196,A8GPY5,/home/s241850073/igem2026/results/clipzyme_native_extension_v1/structures/af_v6/AF-A8GPY5-F1-model_v6.cif,1.0
5197,A8GPY7,/home/s241850073/igem2026/results/clipzyme_native_extension_v1/structures/af_v6/AF-A8GPY7-F1-model_v6.cif,1.0
5198,A8GQT6,/home/s241850073/igem2026/results/clipzyme_native_extension_v1/structures/af_v6/AF-A8GQT6-F1-model_v6.cif,1.0
5199,A8GRR5,/home/s241850073/igem2026/results/clipzyme_native_extension_v1/structures/af_v6/AF-A8GRR5-F1-model_v6.cif,1.0
5200,A8GX77,/home/s241850073/igem2026/results/clipzyme_native_extension_v1/structures/af_v6/AF-A8GX77-F1-model_v6.cif,1.0
5201,A8GX80,/home/s241850073/igem2026/results/clipzyme_native_extension_v1/structures/af_v6/AF-A8GX80-F1-model_v6.cif,0.99999994
5202,A8GY33,/home/s241850073/igem2026/results/clipzyme_native_extension_v1/structures/af_v6/AF-A8GY33-F1-model_v6.cif,0.99999994
5203,A8I3Y7,/home/s241850073/igem2026/results/clipzyme_native_extension_v1/structures/af_v6/AF-A8I3Y7-F1-model_v6.cif,1.0
5204,A8I3Y9,/home/s241850073/igem2026/results/clipzyme_native_extension_v1/structures/af_v6/AF-A8I3Y9-F1-model_v6.cif,0.99999994
5205,A8I3Z3,/home/s241850073/igem2026/results/clipzyme_native_extension_v1/structures/af_v6/AF-A8I3Z3-F1-model_v6.cif,1.0
5206,A8I413,/home/s241850073/igem2026/results/clipzyme_native_extension_v1/structures/af_v6/AF-A8I413-F1-model_v6.cif,1.0
5207,A8I421,/home/s241850073/igem2026/results/clipzyme_native_extension_v1/structures/af_v6/AF-A8I421-F1-model_v6.cif,1.0
5208,A8LC88,/home/s241850073/igem2026/results/clipzyme_native_extension_v1/structures/af_v6/AF-A8LC88-F1-model_v6.cif,0.99999994
5209,A8LC91,/home/s241850073/igem2026/results/clipzyme_native_extension_v1/structures/af_v6/AF-A8LC91-F1-model_v6.cif,1.0
5210,A8LC93,/home/s241850073/igem2026/results/clipzyme_native_extension_v1/structures/af_v6/AF-A8LC93-F1-model_v6.cif,1.0
5211,A8LC98,/home/s241850073/igem2026/results/clipzyme_native_extension_v1/structures/af_v6/AF-A8LC98-F1-model_v6.cif,1.0
5212,A8LCA0,/home/s241850073/igem2026/results/clipzyme_native_extension_v1/structures/af_v6/AF-A8LCA0-F1-model_v6.cif,0.99999994
5213,A8LIT6,/home/s241850073/igem2026/results/clipzyme_native_extension_v1/structures/af_v6/AF-A8LIT6-F1-model_v6.cif,1.0
5214,A8LIT7,/home/s241850073/igem2026/results/clipzyme_native_extension_v1/structures/af_v6/AF-A8LIT7-F1-model_v6.cif,1.0
5215,A8LIT9,/home/s241850073/igem2026/results/clipzyme_native_extension_v1/structures/af_v6/AF-A8LIT9-F1-model_v6.cif,1.0
5216,A8LIU9,/home/s241850073/igem2026/results/clipzyme_native_extension_v1/structures/af_v6/AF-A8LIU9-F1-model_v6.cif,1.0
5217,A8LIV0,/home/s241850073/igem2026/results/clipzyme_native_extension_v1/structures/af_v6/AF-A8LIV0-F1-model_v6.cif,1.0
5218,A8M069,/home/s241850073/igem2026/results/clipzyme_native_extension_v1/structures/af_v6/AF-A8M069-F1-model_v6.cif,1.0
5219,A8M609,/home/s241850073/igem2026/results/clipzyme_native_extension_v1/structures/af_v6/AF-A8M609-F1-model_v6.cif,1.0
5220,A8M612,/home/s241850073/igem2026/results/clipzyme_native_extension_v1/structures/af_v6/AF-A8M612-F1-model_v6.cif,1.0
5221,A8M619,/home/s241850073/igem2026/results/clipzyme_native_extension_v1/structures/af_v6/AF-A8M619-F1-model_v6.cif,1.0
5222,A8M620,/home/s241850073/igem2026/results/clipzyme_native_extension_v1/structures/af_v6/AF-A8M620-F1-model_v6.cif,1.0
5223,A8M621,/home/s241850073/igem2026/results/clipzyme_native_extension_v1/structures/af_v6/AF-A8M621-F1-model_v6.cif,1.0
5224,A8M8F6,/home/s241850073/igem2026/results/clipzyme_native_extension_v1/structures/af_v6/AF-A8M8F6-F1-model_v6.cif,0.99999994
5225,A8NCM9,/home/s241850073/igem2026/results/clipzyme_native_extension_v1/structures/af_v6/AF-A8NCM9-F1-model_v6.cif,1.0
5226,A8NIJ1,/home/s241850073/igem2026/results/clipzyme_native_extension_v1/structures/af_v6/AF-A8NIJ1-F1-model_v6.cif,1.0
5227,A8P206,/home/s241850073/igem2026/results/clipzyme_native_extension_v1/structures/af_v6/AF-A8P206-F1-model_v6.cif,0.99999994
5228,A8Z6E5,/home/s241850073/igem2026/results/clipzyme_native_extension_v1/structures/af_v6/AF-A8Z6E5-F1-model_v6.cif,0.99999994
5229,A8Z6E7,/home/s241850073/igem2026/results/clipzyme_native_extension_v1/structures/af_v6/AF-A8Z6E7-F1-model_v6.cif,1.0
5230,A9A9B0,/home/s241850073/igem2026/results/clipzyme_native_extension_v1/structures/af_v6/AF-A9A9B0-F1-model_v6.cif,1.0000001
5231,A9AFY9,/home/s241850073/igem2026/results/clipzyme_native_extension_v1/structures/af_v6/AF-A9AFY9-F1-model_v6.cif,1.0
5232,A9AFZ0,/home/s241850073/igem2026/results/clipzyme_native_extension_v1/structures/af_v6/AF-A9AFZ0-F1-model_v6.cif,1.0
5233,A9AFZ4,/home/s241850073/igem2026/results/clipzyme_native_extension_v1/structures/af_v6/AF-A9AFZ4-F1-model_v6.cif,1.0
5234,A9B477,/home/s241850073/igem2026/results/clipzyme_native_extension_v1/structures/af_v6/AF-A9B477-F1-model_v6.cif,1.0
5235,A9B478,/home/s241850073/igem2026/results/clipzyme_native_extension_v1/structures/af_v6/AF-A9B478-F1-model_v6.cif,1.0
5236,A9B480,/home/s241850073/igem2026/results/clipzyme_native_extension_v1/structures/af_v6/AF-A9B480-F1-model_v6.cif,1.0
5237,A9B488,/home/s241850073/igem2026/results/clipzyme_native_extension_v1/structures/af_v6/AF-A9B488-F1-model_v6.cif,1.0
5238,A9B4Z5,/home/s241850073/igem2026/results/clipzyme_native_extension_v1/structures/af_v6/AF-A9B4Z5-F1-model_v6.cif,0.99999994
5239,A9B4Z6,/home/s241850073/igem2026/results/clipzyme_native_extension_v1/structures/af_v6/AF-A9B4Z6-F1-model_v6.cif,0.99999994
5240,A9B4Z7,/home/s241850073/igem2026/results/clipzyme_native_extension_v1/structures/af_v6/AF-A9B4Z7-F1-model_v6.cif,0.99999994
5241,A9B6Y0,/home/s241850073/igem2026/results/clipzyme_native_extension_v1/structures/af_v6/AF-A9B6Y0-F1-model_v6.cif,1.0
5242,A9B6Y3,/home/s241850073/igem2026/results/clipzyme_native_extension_v1/structures/af_v6/AF-A9B6Y3-F1-model_v6.cif,1.0
5243,A9BNB1,/home/s241850073/igem2026/results/clipzyme_native_extension_v1/structures/af_v6/AF-A9BNB1-F1-model_v6.cif,1.0
5244,A9BNB2,/home/s241850073/igem2026/results/clipzyme_native_extension_v1/structures/af_v6/AF-A9BNB2-F1-model_v6.cif,1.0
5245,A9BNB3,/home/s241850073/igem2026/results/clipzyme_native_extension_v1/structures/af_v6/AF-A9BNB3-F1-model_v6.cif,0.99999994
5246,A9BNB4,/home/s241850073/igem2026/results/clipzyme_native_extension_v1/structures/af_v6/AF-A9BNB4-F1-model_v6.cif,0.99999994
5247,A9CEY6,/home/s241850073/igem2026/results/clipzyme_native_extension_v1/structures/af_v6/AF-A9CEY6-F1-model_v6.cif,1.0
5248,A9CEY7,/home/s241850073/igem2026/results/clipzyme_native_extension_v1/structures/af_v6/AF-A9CEY7-F1-model_v6.cif,0.99999994
5249,A9CHH2,/home/s241850073/igem2026/results/clipzyme_native_extension_v1/structures/af_v6/AF-A9CHH2-F1-model_v6.cif,0.99999994
5250,A9CJA4,/home/s241850073/igem2026/results/clipzyme_native_extension_v1/structures/af_v6/AF-A9CJA4-F1-model_v6.cif,0.99999994
5251,A9CJA9,/home/s241850073/igem2026/results/clipzyme_native_extension_v1/structures/af_v6/AF-A9CJA9-F1-model_v6.cif,1.0
5252,A9CJB1,/home/s241850073/igem2026/results/clipzyme_native_extension_v1/structures/af_v6/AF-A9CJB1-F1-model_v6.cif,1.0
5253,A9CJB2,/home/s241850073/igem2026/results/clipzyme_native_extension_v1/structures/af_v6/AF-A9CJB2-F1-model_v6.cif,0.99999994
5254,A9EX55,/home/s241850073/igem2026/results/clipzyme_native_extension_v1/structures/af_v6/AF-A9EX55-F1-model_v6.cif,1.0
5255,A9EX69,/home/s241850073/igem2026/results/clipzyme_native_extension_v1/structures/af_v6/AF-A9EX69-F1-model_v6.cif,0.99999994
5256,A9F575,/home/s241850073/igem2026/results/clipzyme_native_extension_v1/structures/af_v6/AF-A9F575-F1-model_v6.cif,1.0
5257,A9G9S9,/home/s241850073/igem2026/results/clipzyme_native_extension_v1/structures/af_v6/AF-A9G9S9-F1-model_v6.cif,0.99999994
5258,A9G9T3,/home/s241850073/igem2026/results/clipzyme_native_extension_v1/structures/af_v6/AF-A9G9T3-F1-model_v6.cif,1.0
5259,A9GUX6,/home/s241850073/igem2026/results/clipzyme_native_extension_v1/structures/af_v6/AF-A9GUX6-F1-model_v6.cif,0.99999994
5260,A9GUZ1,/home/s241850073/igem2026/results/clipzyme_native_extension_v1/structures/af_v6/AF-A9GUZ1-F1-model_v6.cif,0.99999994
5261,A9HN78,/home/s241850073/igem2026/results/clipzyme_native_extension_v1/structures/af_v6/AF-A9HN78-F1-model_v6.cif,0.99999994
5262,A9HN95,/home/s241850073/igem2026/results/clipzyme_native_extension_v1/structures/af_v6/AF-A9HN95-F1-model_v6.cif,1.0
5263,A9HN98,/home/s241850073/igem2026/results/clipzyme_native_extension_v1/structures/af_v6/AF-A9HN98-F1-model_v6.cif,1.0
5264,A9HNA0,/home/s241850073/igem2026/results/clipzyme_native_extension_v1/structures/af_v6/AF-A9HNA0-F1-model_v6.cif,0.99999994
5265,A9HRS3,/home/s241850073/igem2026/results/clipzyme_native_extension_v1/structures/af_v6/AF-A9HRS3-F1-model_v6.cif,1.0
5266,A9HRT9,/home/s241850073/igem2026/results/clipzyme_native_extension_v1/structures/af_v6/AF-A9HRT9-F1-model_v6.cif,0.99999994
5267,A9HRU3,/home/s241850073/igem2026/results/clipzyme_native_extension_v1/structures/af_v6/AF-A9HRU3-F1-model_v6.cif,1.0
5268,A9II02,/home/s241850073/igem2026/results/clipzyme_native_extension_v1/structures/af_v6/AF-A9II02-F1-model_v6.cif,1.0
5269,A9II07,/home/s241850073/igem2026/results/clipzyme_native_extension_v1/structures/af_v6/AF-A9II07-F1-model_v6.cif,1.0
5270,A9II17,/home/s241850073/igem2026/results/clipzyme_native_extension_v1/structures/af_v6/AF-A9II17-F1-model_v6.cif,0.99999994
5271,A9II25,/home/s241850073/igem2026/results/clipzyme_native_extension_v1/structures/af_v6/AF-A9II25-F1-model_v6.cif,1.0
5272,A9IUM6,/home/s241850073/igem2026/results/clipzyme_native_extension_v1/structures/af_v6/AF-A9IUM6-F1-model_v6.cif,1.0
5273,A9IUN3,/home/s241850073/igem2026/results/clipzyme_native_extension_v1/structures/af_v6/AF-A9IUN3-F1-model_v6.cif,0.99999994
5274,A9IUN6,/home/s241850073/igem2026/results/clipzyme_native_extension_v1/structures/af_v6/AF-A9IUN6-F1-model_v6.cif,1.0
5275,A9IUP7,/home/s241850073/igem2026/results/clipzyme_native_extension_v1/structures/af_v6/AF-A9IUP7-F1-model_v6.cif,1.0
5276,A9IUQ0,/home/s241850073/igem2026/results/clipzyme_native_extension_v1/structures/af_v6/AF-A9IUQ0-F1-model_v6.cif,0.9999999
5277,A9IUQ3,/home/s241850073/igem2026/results/clipzyme_native_extension_v1/structures/af_v6/AF-A9IUQ3-F1-model_v6.cif,0.99999994
5278,A9KBK7,/home/s241850073/igem2026/results/clipzyme_native_extension_v1/structures/af_v6/AF-A9KBK7-F1-model_v6.cif,0.99999994
5279,A9M3D4,/home/s241850073/igem2026/results/clipzyme_native_extension_v1/structures/af_v6/AF-A9M3D4-F1-model_v6.cif,1.0
5280,A9M3D9,/home/s241850073/igem2026/results/clipzyme_native_extension_v1/structures/af_v6/AF-A9M3D9-F1-model_v6.cif,1.0
5281,A9M3E0,/home/s241850073/igem2026/results/clipzyme_native_extension_v1/structures/af_v6/AF-A9M3E0-F1-model_v6.cif,1.0
5282,A9MJ99,/home/s241850073/igem2026/results/clipzyme_native_extension_v1/structures/af_v6/AF-A9MJ99-F1-model_v6.cif,1.0
5283,A9MJA3,/home/s241850073/igem2026/results/clipzyme_native_extension_v1/structures/af_v6/AF-A9MJA3-F1-model_v6.cif,1.0
5284,A9MJA9,/home/s241850073/igem2026/results/clipzyme_native_extension_v1/structures/af_v6/AF-A9MJA9-F1-model_v6.cif,1.0
5285,A9N8X0,/home/s241850073/igem2026/results/clipzyme_native_extension_v1/structures/af_v6/AF-A9N8X0-F1-model_v6.cif,1.0
5286,A9N8X1,/home/s241850073/igem2026/results/clipzyme_native_extension_v1/structures/af_v6/AF-A9N8X1-F1-model_v6.cif,1.0
5287,A9N8X3,/home/s241850073/igem2026/results/clipzyme_native_extension_v1/structures/af_v6/AF-A9N8X3-F1-model_v6.cif,0.99999994
5288,A9R6K9,/home/s241850073/igem2026/results/clipzyme_native_extension_v1/structures/af_v6/AF-A9R6K9-F1-model_v6.cif,1.0
5289,A9R6L8,/home/s241850073/igem2026/results/clipzyme_native_extension_v1/structures/af_v6/AF-A9R6L8-F1-model_v6.cif,1.0
5290,A9VS91,/home/s241850073/igem2026/results/clipzyme_native_extension_v1/structures/af_v6/AF-A9VS91-F1-model_v6.cif,1.0
5291,A9VS94,/home/s241850073/igem2026/results/clipzyme_native_extension_v1/structures/af_v6/AF-A9VS94-F1-model_v6.cif,0.99999994
5292,A9VS95,/home/s241850073/igem2026/results/clipzyme_native_extension_v1/structures/af_v6/AF-A9VS95-F1-model_v6.cif,0.99999994
5293,A9VS97,/home/s241850073/igem2026/results/clipzyme_native_extension_v1/structures/af_v6/AF-A9VS97-F1-model_v6.cif,1.0
5294,A9VS98,/home/s241850073/igem2026/results/clipzyme_native_extension_v1/structures/af_v6/AF-A9VS98-F1-model_v6.cif,0.99999994
5295,A9W1N0,/home/s241850073/igem2026/results/clipzyme_native_extension_v1/structures/af_v6/AF-A9W1N0-F1-model_v6.cif,0.99999994
5296,A9W1N1,/home/s241850073/igem2026/results/clipzyme_native_extension_v1/structures/af_v6/AF-A9W1N1-F1-model_v6.cif,1.0
5297,A9WED7,/home/s241850073/igem2026/results/clipzyme_native_extension_v1/structures/af_v6/AF-A9WED7-F1-model_v6.cif,1.0
5298,A9WEE0,/home/s241850073/igem2026/results/clipzyme_native_extension_v1/structures/af_v6/AF-A9WEE0-F1-model_v6.cif,0.99999994
5299,A9WFB4,/home/s241850073/igem2026/results/clipzyme_native_extension_v1/structures/af_v6/AF-A9WFB4-F1-model_v6.cif,1.0
5300,B0BVB0,/home/s241850073/igem2026/results/clipzyme_native_extension_v1/structures/af_v6/AF-B0BVB0-F1-model_v6.cif,0.99999994
5301,B0BVB1,/home/s241850073/igem2026/results/clipzyme_native_extension_v1/structures/af_v6/AF-B0BVB1-F1-model_v6.cif,1.0
5302,B0BX71,/home/s241850073/igem2026/results/clipzyme_native_extension_v1/structures/af_v6/AF-B0BX71-F1-model_v6.cif,0.99999994
5303,B0CLD2,/home/s241850073/igem2026/results/clipzyme_native_extension_v1/structures/af_v6/AF-B0CLD2-F1-model_v6.cif,1.0
5304,B0CLD7,/home/s241850073/igem2026/results/clipzyme_native_extension_v1/structures/af_v6/AF-B0CLD7-F1-model_v6.cif,0.99999994
5305,B0KMY0,/home/s241850073/igem2026/results/clipzyme_native_extension_v1/structures/af_v6/AF-B0KMY0-F1-model_v6.cif,0.99999994
5306,B0RRA5,/home/s241850073/igem2026/results/clipzyme_native_extension_v1/structures/af_v6/AF-B0RRA5-F1-model_v6.cif,0.99999994
5307,B0SFU5,/home/s241850073/igem2026/results/clipzyme_native_extension_v1/structures/af_v6/AF-B0SFU5-F1-model_v6.cif,0.99999994
5308,B0SP83,/home/s241850073/igem2026/results/clipzyme_native_extension_v1/structures/af_v6/AF-B0SP83-F1-model_v6.cif,0.99999994
5309,B0SP85,/home/s241850073/igem2026/results/clipzyme_native_extension_v1/structures/af_v6/AF-B0SP85-F1-model_v6.cif,1.0
5310,B0SP88,/home/s241850073/igem2026/results/clipzyme_native_extension_v1/structures/af_v6/AF-B0SP88-F1-model_v6.cif,1.0
5311,B0SP90,/home/s241850073/igem2026/results/clipzyme_native_extension_v1/structures/af_v6/AF-B0SP90-F1-model_v6.cif,0.99999994
5312,B0SRH5,/home/s241850073/igem2026/results/clipzyme_native_extension_v1/structures/af_v6/AF-B0SRH5-F1-model_v6.cif,1.0
5313,B0SZ35,/home/s241850073/igem2026/results/clipzyme_native_extension_v1/structures/af_v6/AF-B0SZ35-F1-model_v6.cif,1.0
5314,B0SZ49,/home/s241850073/igem2026/results/clipzyme_native_extension_v1/structures/af_v6/AF-B0SZ49-F1-model_v6.cif,0.99999994
5315,B0SZ50,/home/s241850073/igem2026/results/clipzyme_native_extension_v1/structures/af_v6/AF-B0SZ50-F1-model_v6.cif,1.0
5316,B0SZ51,/home/s241850073/igem2026/results/clipzyme_native_extension_v1/structures/af_v6/AF-B0SZ51-F1-model_v6.cif,0.99999994
5317,B0TH77,/home/s241850073/igem2026/results/clipzyme_native_extension_v1/structures/af_v6/AF-B0TH77-F1-model_v6.cif,1.0
5318,B0TH78,/home/s241850073/igem2026/results/clipzyme_native_extension_v1/structures/af_v6/AF-B0TH78-F1-model_v6.cif,1.0
5319,B0TH87,/home/s241850073/igem2026/results/clipzyme_native_extension_v1/structures/af_v6/AF-B0TH87-F1-model_v6.cif,1.0
5320,B0TWP5,/home/s241850073/igem2026/results/clipzyme_native_extension_v1/structures/af_v6/AF-B0TWP5-F1-model_v6.cif,1.0
5321,B0TWP6,/home/s241850073/igem2026/results/clipzyme_native_extension_v1/structures/af_v6/AF-B0TWP6-F1-model_v6.cif,1.0
5322,B0TWP7,/home/s241850073/igem2026/results/clipzyme_native_extension_v1/structures/af_v6/AF-B0TWP7-F1-model_v6.cif,1.0
5323,B0TWQ1,/home/s241850073/igem2026/results/clipzyme_native_extension_v1/structures/af_v6/AF-B0TWQ1-F1-model_v6.cif,1.0
5324,B0TWQ2,/home/s241850073/igem2026/results/clipzyme_native_extension_v1/structures/af_v6/AF-B0TWQ2-F1-model_v6.cif,0.9999999
5325,B0TWQ4,/home/s241850073/igem2026/results/clipzyme_native_extension_v1/structures/af_v6/AF-B0TWQ4-F1-model_v6.cif,1.0
5326,B0U1W6,/home/s241850073/igem2026/results/clipzyme_native_extension_v1/structures/af_v6/AF-B0U1W6-F1-model_v6.cif,0.99999994
5327,B0U1W7,/home/s241850073/igem2026/results/clipzyme_native_extension_v1/structures/af_v6/AF-B0U1W7-F1-model_v6.cif,1.0
5328,B0U1W8,/home/s241850073/igem2026/results/clipzyme_native_extension_v1/structures/af_v6/AF-B0U1W8-F1-model_v6.cif,1.0
5329,B0U1X2,/home/s241850073/igem2026/results/clipzyme_native_extension_v1/structures/af_v6/AF-B0U1X2-F1-model_v6.cif,0.99999994
5330,B0ULK5,/home/s241850073/igem2026/results/clipzyme_native_extension_v1/structures/af_v6/AF-B0ULK5-F1-model_v6.cif,1.0
5331,B0ULK6,/home/s241850073/igem2026/results/clipzyme_native_extension_v1/structures/af_v6/AF-B0ULK6-F1-model_v6.cif,1.0
5332,B0ULK7,/home/s241850073/igem2026/results/clipzyme_native_extension_v1/structures/af_v6/AF-B0ULK7-F1-model_v6.cif,1.0
5333,B0ULL2,/home/s241850073/igem2026/results/clipzyme_native_extension_v1/structures/af_v6/AF-B0ULL2-F1-model_v6.cif,0.99999994
5334,B0ULL4,/home/s241850073/igem2026/results/clipzyme_native_extension_v1/structures/af_v6/AF-B0ULL4-F1-model_v6.cif,0.99999994
5335,B0V7U8,/home/s241850073/igem2026/results/clipzyme_native_extension_v1/structures/af_v6/AF-B0V7U8-F1-model_v6.cif,1.0
5336,B1I6I5,/home/s241850073/igem2026/results/clipzyme_native_extension_v1/structures/af_v6/AF-B1I6I5-F1-model_v6.cif,0.99999994
5337,B1IXR6,/home/s241850073/igem2026/results/clipzyme_native_extension_v1/structures/af_v6/AF-B1IXR6-F1-model_v6.cif,1.0
5338,B1J6M8,/home/s241850073/igem2026/results/clipzyme_native_extension_v1/structures/af_v6/AF-B1J6M8-F1-model_v6.cif,1.0
5339,B1J6N2,/home/s241850073/igem2026/results/clipzyme_native_extension_v1/structures/af_v6/AF-B1J6N2-F1-model_v6.cif,1.0
5340,B1J6N3,/home/s241850073/igem2026/results/clipzyme_native_extension_v1/structures/af_v6/AF-B1J6N3-F1-model_v6.cif,0.99999994
5341,B1JGL9,/home/s241850073/igem2026/results/clipzyme_native_extension_v1/structures/af_v6/AF-B1JGL9-F1-model_v6.cif,1.0
5342,B1JVN8,/home/s241850073/igem2026/results/clipzyme_native_extension_v1/structures/af_v6/AF-B1JVN8-F1-model_v6.cif,1.0
5343,B1KJU9,/home/s241850073/igem2026/results/clipzyme_native_extension_v1/structures/af_v6/AF-B1KJU9-F1-model_v6.cif,0.99999994
5344,B1KJV0,/home/s241850073/igem2026/results/clipzyme_native_extension_v1/structures/af_v6/AF-B1KJV0-F1-model_v6.cif,1.0
5345,B1KJV5,/home/s241850073/igem2026/results/clipzyme_native_extension_v1/structures/af_v6/AF-B1KJV5-F1-model_v6.cif,0.99999994
5346,B1KJV7,/home/s241850073/igem2026/results/clipzyme_native_extension_v1/structures/af_v6/AF-B1KJV7-F1-model_v6.cif,0.99999994
5347,B1KJW0,/home/s241850073/igem2026/results/clipzyme_native_extension_v1/structures/af_v6/AF-B1KJW0-F1-model_v6.cif,1.0
5348,B1LUM8,/home/s241850073/igem2026/results/clipzyme_native_extension_v1/structures/af_v6/AF-B1LUM8-F1-model_v6.cif,1.0
5349,B1LUN4,/home/s241850073/igem2026/results/clipzyme_native_extension_v1/structures/af_v6/AF-B1LUN4-F1-model_v6.cif,0.99999994
5350,B1LUN5,/home/s241850073/igem2026/results/clipzyme_native_extension_v1/structures/af_v6/AF-B1LUN5-F1-model_v6.cif,0.99999994
5351,B1LUN6,/home/s241850073/igem2026/results/clipzyme_native_extension_v1/structures/af_v6/AF-B1LUN6-F1-model_v6.cif,0.99999994
5352,B1MAF7,/home/s241850073/igem2026/results/clipzyme_native_extension_v1/structures/af_v6/AF-B1MAF7-F1-model_v6.cif,1.0
5353,B1MPG5,/home/s241850073/igem2026/results/clipzyme_native_extension_v1/structures/af_v6/AF-B1MPG5-F1-model_v6.cif,1.0
5354,B1MPG6,/home/s241850073/igem2026/results/clipzyme_native_extension_v1/structures/af_v6/AF-B1MPG6-F1-model_v6.cif,0.99999994
5355,B1MPG7,/home/s241850073/igem2026/results/clipzyme_native_extension_v1/structures/af_v6/AF-B1MPG7-F1-model_v6.cif,1.0
5356,B1MPH4,/home/s241850073/igem2026/results/clipzyme_native_extension_v1/structures/af_v6/AF-B1MPH4-F1-model_v6.cif,1.0
5357,B1VSH7,/home/s241850073/igem2026/results/clipzyme_native_extension_v1/structures/af_v6/AF-B1VSH7-F1-model_v6.cif,1.0
5358,B1VSR0,/home/s241850073/igem2026/results/clipzyme_native_extension_v1/structures/af_v6/AF-B1VSR0-F1-model_v6.cif,1.0
5359,B1W4V4,/home/s241850073/igem2026/results/clipzyme_native_extension_v1/structures/af_v6/AF-B1W4V4-F1-model_v6.cif,1.0
5360,B1W4V9,/home/s241850073/igem2026/results/clipzyme_native_extension_v1/structures/af_v6/AF-B1W4V9-F1-model_v6.cif,0.99999994
5361,B1W506,/home/s241850073/igem2026/results/clipzyme_native_extension_v1/structures/af_v6/AF-B1W506-F1-model_v6.cif,1.0
5362,B1W509,/home/s241850073/igem2026/results/clipzyme_native_extension_v1/structures/af_v6/AF-B1W509-F1-model_v6.cif,1.0
5363,B1W516,/home/s241850073/igem2026/results/clipzyme_native_extension_v1/structures/af_v6/AF-B1W516-F1-model_v6.cif,0.99999994
5364,B1W518,/home/s241850073/igem2026/results/clipzyme_native_extension_v1/structures/af_v6/AF-B1W518-F1-model_v6.cif,1.0
5365,B1X4A5,/home/s241850073/igem2026/results/clipzyme_native_extension_v1/structures/af_v6/AF-B1X4A5-F1-model_v6.cif,1.0
5366,B1X4R2,/home/s241850073/igem2026/results/clipzyme_native_extension_v1/structures/af_v6/AF-B1X4R2-F1-model_v6.cif,1.0
5367,B1X4R3,/home/s241850073/igem2026/results/clipzyme_native_extension_v1/structures/af_v6/AF-B1X4R3-F1-model_v6.cif,0.99999994
5368,B1X8Z8,/home/s241850073/igem2026/results/clipzyme_native_extension_v1/structures/af_v6/AF-B1X8Z8-F1-model_v6.cif,0.99999994
5369,B1XUJ8,/home/s241850073/igem2026/results/clipzyme_native_extension_v1/structures/af_v6/AF-B1XUJ8-F1-model_v6.cif,0.99999994
5370,B1XUJ9,/home/s241850073/igem2026/results/clipzyme_native_extension_v1/structures/af_v6/AF-B1XUJ9-F1-model_v6.cif,1.0
5371,B1XUK0,/home/s241850073/igem2026/results/clipzyme_native_extension_v1/structures/af_v6/AF-B1XUK0-F1-model_v6.cif,1.0
5372,B1XUL1,/home/s241850073/igem2026/results/clipzyme_native_extension_v1/structures/af_v6/AF-B1XUL1-F1-model_v6.cif,1.0
5373,B1XWB1,/home/s241850073/igem2026/results/clipzyme_native_extension_v1/structures/af_v6/AF-B1XWB1-F1-model_v6.cif,0.99999994
5374,B1Y827,/home/s241850073/igem2026/results/clipzyme_native_extension_v1/structures/af_v6/AF-B1Y827-F1-model_v6.cif,0.99999994
5375,B1Y829,/home/s241850073/igem2026/results/clipzyme_native_extension_v1/structures/af_v6/AF-B1Y829-F1-model_v6.cif,0.99999994
5376,B1Y830,/home/s241850073/igem2026/results/clipzyme_native_extension_v1/structures/af_v6/AF-B1Y830-F1-model_v6.cif,0.99999994
5377,B1Y9L4,/home/s241850073/igem2026/results/clipzyme_native_extension_v1/structures/af_v6/AF-B1Y9L4-F1-model_v6.cif,0.99999994
5378,B1YTQ4,/home/s241850073/igem2026/results/clipzyme_native_extension_v1/structures/af_v6/AF-B1YTQ4-F1-model_v6.cif,1.0
5379,B1YTQ5,/home/s241850073/igem2026/results/clipzyme_native_extension_v1/structures/af_v6/AF-B1YTQ5-F1-model_v6.cif,1.0
5380,B1ZA38,/home/s241850073/igem2026/results/clipzyme_native_extension_v1/structures/af_v6/AF-B1ZA38-F1-model_v6.cif,1.0
5381,B1ZA43,/home/s241850073/igem2026/results/clipzyme_native_extension_v1/structures/af_v6/AF-B1ZA43-F1-model_v6.cif,0.99999994
5382,B1ZA44,/home/s241850073/igem2026/results/clipzyme_native_extension_v1/structures/af_v6/AF-B1ZA44-F1-model_v6.cif,0.99999994
5383,B1ZA45,/home/s241850073/igem2026/results/clipzyme_native_extension_v1/structures/af_v6/AF-B1ZA45-F1-model_v6.cif,0.99999994
5384,B1ZRS0,/home/s241850073/igem2026/results/clipzyme_native_extension_v1/structures/af_v6/AF-B1ZRS0-F1-model_v6.cif,0.99999994
5385,B1ZRS3,/home/s241850073/igem2026/results/clipzyme_native_extension_v1/structures/af_v6/AF-B1ZRS3-F1-model_v6.cif,1.0
5386,B1ZRT0,/home/s241850073/igem2026/results/clipzyme_native_extension_v1/structures/af_v6/AF-B1ZRT0-F1-model_v6.cif,1.0
5387,B1ZRT2,/home/s241850073/igem2026/results/clipzyme_native_extension_v1/structures/af_v6/AF-B1ZRT2-F1-model_v6.cif,1.0
5388,B1ZUJ0,/home/s241850073/igem2026/results/clipzyme_native_extension_v1/structures/af_v6/AF-B1ZUJ0-F1-model_v6.cif,1.0
5389,B1ZUJ2,/home/s241850073/igem2026/results/clipzyme_native_extension_v1/structures/af_v6/AF-B1ZUJ2-F1-model_v6.cif,1.0
5390,B1ZUK1,/home/s241850073/igem2026/results/clipzyme_native_extension_v1/structures/af_v6/AF-B1ZUK1-F1-model_v6.cif,1.0
5391,B2C4D3,/home/s241850073/igem2026/results/clipzyme_native_extension_v1/structures/af_v6/AF-B2C4D3-F1-model_v6.cif,1.0
5392,B2C4D4,/home/s241850073/igem2026/results/clipzyme_native_extension_v1/structures/af_v6/AF-B2C4D4-F1-model_v6.cif,1.0
5393,B2C4D5,/home/s241850073/igem2026/results/clipzyme_native_extension_v1/structures/af_v6/AF-B2C4D5-F1-model_v6.cif,1.0
5394,B2C4D6,/home/s241850073/igem2026/results/clipzyme_native_extension_v1/structures/af_v6/AF-B2C4D6-F1-model_v6.cif,1.0
5395,B2C4D7,/home/s241850073/igem2026/results/clipzyme_native_extension_v1/structures/af_v6/AF-B2C4D7-F1-model_v6.cif,0.99999994
5396,B2FN96,/home/s241850073/igem2026/results/clipzyme_native_extension_v1/structures/af_v6/AF-B2FN96-F1-model_v6.cif,0.99999994
5397,B2FNX6,/home/s241850073/igem2026/results/clipzyme_native_extension_v1/structures/af_v6/AF-B2FNX6-F1-model_v6.cif,1.0
5398,B2HGD8,/home/s241850073/igem2026/results/clipzyme_native_extension_v1/structures/af_v6/AF-B2HGD8-F1-model_v6.cif,1.0
5399,B2HGE0,/home/s241850073/igem2026/results/clipzyme_native_extension_v1/structures/af_v6/AF-B2HGE0-F1-model_v6.cif,0.99999994
5400,B2HGE5,/home/s241850073/igem2026/results/clipzyme_native_extension_v1/structures/af_v6/AF-B2HGE5-F1-model_v6.cif,0.99999994
5401,B2HGE6,/home/s241850073/igem2026/results/clipzyme_native_extension_v1/structures/af_v6/AF-B2HGE6-F1-model_v6.cif,0.99999994
5402,B2HGE7,/home/s241850073/igem2026/results/clipzyme_native_extension_v1/structures/af_v6/AF-B2HGE7-F1-model_v6.cif,1.0
5403,B2HKM1,/home/s241850073/igem2026/results/clipzyme_native_extension_v1/structures/af_v6/AF-B2HKM1-F1-model_v6.cif,0.99999994
5404,B2HKM2,/home/s241850073/igem2026/results/clipzyme_native_extension_v1/structures/af_v6/AF-B2HKM2-F1-model_v6.cif,1.0
5405,B2HKM3,/home/s241850073/igem2026/results/clipzyme_native_extension_v1/structures/af_v6/AF-B2HKM3-F1-model_v6.cif,0.99999994
5406,B2HU41,/home/s241850073/igem2026/results/clipzyme_native_extension_v1/structures/af_v6/AF-B2HU41-F1-model_v6.cif,1.0
5407,B2HU48,/home/s241850073/igem2026/results/clipzyme_native_extension_v1/structures/af_v6/AF-B2HU48-F1-model_v6.cif,1.0
5408,B2I791,/home/s241850073/igem2026/results/clipzyme_native_extension_v1/structures/af_v6/AF-B2I791-F1-model_v6.cif,0.9999999
5409,B2IHV3,/home/s241850073/igem2026/results/clipzyme_native_extension_v1/structures/af_v6/AF-B2IHV3-F1-model_v6.cif,1.0
5410,B2IHV6,/home/s241850073/igem2026/results/clipzyme_native_extension_v1/structures/af_v6/AF-B2IHV6-F1-model_v6.cif,0.99999994
5411,B2IHV8,/home/s241850073/igem2026/results/clipzyme_native_extension_v1/structures/af_v6/AF-B2IHV8-F1-model_v6.cif,1.0
5412,B2IHW4,/home/s241850073/igem2026/results/clipzyme_native_extension_v1/structures/af_v6/AF-B2IHW4-F1-model_v6.cif,1.0
5413,B2IHW6,/home/s241850073/igem2026/results/clipzyme_native_extension_v1/structures/af_v6/AF-B2IHW6-F1-model_v6.cif,0.99999994
5414,B2ILG7,/home/s241850073/igem2026/results/clipzyme_native_extension_v1/structures/af_v6/AF-B2ILG7-F1-model_v6.cif,1.0000001
5415,B2JDL5,/home/s241850073/igem2026/results/clipzyme_native_extension_v1/structures/af_v6/AF-B2JDL5-F1-model_v6.cif,0.99999994
5416,B2JDL8,/home/s241850073/igem2026/results/clipzyme_native_extension_v1/structures/af_v6/AF-B2JDL8-F1-model_v6.cif,0.99999994
5417,B2JDM1,/home/s241850073/igem2026/results/clipzyme_native_extension_v1/structures/af_v6/AF-B2JDM1-F1-model_v6.cif,1.0
5418,B2JDM5,/home/s241850073/igem2026/results/clipzyme_native_extension_v1/structures/af_v6/AF-B2JDM5-F1-model_v6.cif,1.0
5419,B2JDM6,/home/s241850073/igem2026/results/clipzyme_native_extension_v1/structures/af_v6/AF-B2JDM6-F1-model_v6.cif,0.99999994
5420,B2JDM8,/home/s241850073/igem2026/results/clipzyme_native_extension_v1/structures/af_v6/AF-B2JDM8-F1-model_v6.cif,0.99999994
5421,B2K821,/home/s241850073/igem2026/results/clipzyme_native_extension_v1/structures/af_v6/AF-B2K821-F1-model_v6.cif,1.0
5422,B2RXA7,/home/s241850073/igem2026/results/clipzyme_native_extension_v1/structures/af_v6/AF-B2RXA7-F1-model_v6.cif,1.0
5423,B2SEV1,/home/s241850073/igem2026/results/clipzyme_native_extension_v1/structures/af_v6/AF-B2SEV1-F1-model_v6.cif,1.0
5424,B2SEV2,/home/s241850073/igem2026/results/clipzyme_native_extension_v1/structures/af_v6/AF-B2SEV2-F1-model_v6.cif,0.99999994
5425,B2SEV6,/home/s241850073/igem2026/results/clipzyme_native_extension_v1/structures/af_v6/AF-B2SEV6-F1-model_v6.cif,1.0
5426,B2SVK9,/home/s241850073/igem2026/results/clipzyme_native_extension_v1/structures/af_v6/AF-B2SVK9-F1-model_v6.cif,1.0
5427,B2SVL2,/home/s241850073/igem2026/results/clipzyme_native_extension_v1/structures/af_v6/AF-B2SVL2-F1-model_v6.cif,1.0
5428,B2SVL8,/home/s241850073/igem2026/results/clipzyme_native_extension_v1/structures/af_v6/AF-B2SVL8-F1-model_v6.cif,0.99999994
5429,B2T2E7,/home/s241850073/igem2026/results/clipzyme_native_extension_v1/structures/af_v6/AF-B2T2E7-F1-model_v6.cif,1.0
5430,B2T2E9,/home/s241850073/igem2026/results/clipzyme_native_extension_v1/structures/af_v6/AF-B2T2E9-F1-model_v6.cif,0.99999994
5431,B2T2F0,/home/s241850073/igem2026/results/clipzyme_native_extension_v1/structures/af_v6/AF-B2T2F0-F1-model_v6.cif,1.0
5432,B2T2F4,/home/s241850073/igem2026/results/clipzyme_native_extension_v1/structures/af_v6/AF-B2T2F4-F1-model_v6.cif,0.99999994
5433,B2TW57,/home/s241850073/igem2026/results/clipzyme_native_extension_v1/structures/af_v6/AF-B2TW57-F1-model_v6.cif,1.0
5434,B2TW67,/home/s241850073/igem2026/results/clipzyme_native_extension_v1/structures/af_v6/AF-B2TW67-F1-model_v6.cif,0.9999999
5435,B2U7Q4,/home/s241850073/igem2026/results/clipzyme_native_extension_v1/structures/af_v6/AF-B2U7Q4-F1-model_v6.cif,1.0
5436,B2U7Q8,/home/s241850073/igem2026/results/clipzyme_native_extension_v1/structures/af_v6/AF-B2U7Q8-F1-model_v6.cif,1.0
5437,B2U7Q9,/home/s241850073/igem2026/results/clipzyme_native_extension_v1/structures/af_v6/AF-B2U7Q9-F1-model_v6.cif,1.0
5438,B2U7R0,/home/s241850073/igem2026/results/clipzyme_native_extension_v1/structures/af_v6/AF-B2U7R0-F1-model_v6.cif,1.0
5439,B2U7R1,/home/s241850073/igem2026/results/clipzyme_native_extension_v1/structures/af_v6/AF-B2U7R1-F1-model_v6.cif,1.0
5440,B2ULY3,/home/s241850073/igem2026/results/clipzyme_native_extension_v1/structures/af_v6/AF-B2ULY3-F1-model_v6.cif,0.9999999
5441,B2ULZ0,/home/s241850073/igem2026/results/clipzyme_native_extension_v1/structures/af_v6/AF-B2ULZ0-F1-model_v6.cif,1.0
5442,B2UPT6,/home/s241850073/igem2026/results/clipzyme_native_extension_v1/structures/af_v6/AF-B2UPT6-F1-model_v6.cif,1.0
5443,B2UV27,/home/s241850073/igem2026/results/clipzyme_native_extension_v1/structures/af_v6/AF-B2UV27-F1-model_v6.cif,0.99999994
5444,B2UV31,/home/s241850073/igem2026/results/clipzyme_native_extension_v1/structures/af_v6/AF-B2UV31-F1-model_v6.cif,0.9999999
5445,B2UV32,/home/s241850073/igem2026/results/clipzyme_native_extension_v1/structures/af_v6/AF-B2UV32-F1-model_v6.cif,1.0
5446,B2UV34,/home/s241850073/igem2026/results/clipzyme_native_extension_v1/structures/af_v6/AF-B2UV34-F1-model_v6.cif,1.0
5447,B2V8J2,/home/s241850073/igem2026/results/clipzyme_native_extension_v1/structures/af_v6/AF-B2V8J2-F1-model_v6.cif,1.0
5448,B2V983,/home/s241850073/igem2026/results/clipzyme_native_extension_v1/structures/af_v6/AF-B2V983-F1-model_v6.cif,1.0
5449,B2V988,/home/s241850073/igem2026/results/clipzyme_native_extension_v1/structures/af_v6/AF-B2V988-F1-model_v6.cif,0.9999999
5450,B2VIN2,/home/s241850073/igem2026/results/clipzyme_native_extension_v1/structures/af_v6/AF-B2VIN2-F1-model_v6.cif,1.0
5451,B2VIN4,/home/s241850073/igem2026/results/clipzyme_native_extension_v1/structures/af_v6/AF-B2VIN4-F1-model_v6.cif,0.99999994
5452,B2VIV3,/home/s241850073/igem2026/results/clipzyme_native_extension_v1/structures/af_v6/AF-B2VIV3-F1-model_v6.cif,1.0
5453,B2VIV4,/home/s241850073/igem2026/results/clipzyme_native_extension_v1/structures/af_v6/AF-B2VIV4-F1-model_v6.cif,0.99999994
5454,B2VIV5,/home/s241850073/igem2026/results/clipzyme_native_extension_v1/structures/af_v6/AF-B2VIV5-F1-model_v6.cif,1.0
5455,B2VIV9,/home/s241850073/igem2026/results/clipzyme_native_extension_v1/structures/af_v6/AF-B2VIV9-F1-model_v6.cif,1.0
5456,B3CLH1,/home/s241850073/igem2026/results/clipzyme_native_extension_v1/structures/af_v6/AF-B3CLH1-F1-model_v6.cif,0.99999994
5457,B3CM42,/home/s241850073/igem2026/results/clipzyme_native_extension_v1/structures/af_v6/AF-B3CM42-F1-model_v6.cif,1.0
5458,B3CSG9,/home/s241850073/igem2026/results/clipzyme_native_extension_v1/structures/af_v6/AF-B3CSG9-F1-model_v6.cif,0.99999994
5459,B3CSH1,/home/s241850073/igem2026/results/clipzyme_native_extension_v1/structures/af_v6/AF-B3CSH1-F1-model_v6.cif,1.0
5460,B3CUJ6,/home/s241850073/igem2026/results/clipzyme_native_extension_v1/structures/af_v6/AF-B3CUJ6-F1-model_v6.cif,0.99999994
5461,B3CUK1,/home/s241850073/igem2026/results/clipzyme_native_extension_v1/structures/af_v6/AF-B3CUK1-F1-model_v6.cif,1.0
5462,B3CUK2,/home/s241850073/igem2026/results/clipzyme_native_extension_v1/structures/af_v6/AF-B3CUK2-F1-model_v6.cif,0.99999994
5463,B3DXN5,/home/s241850073/igem2026/results/clipzyme_native_extension_v1/structures/af_v6/AF-B3DXN5-F1-model_v6.cif,0.99999994
5464,B3DXN7,/home/s241850073/igem2026/results/clipzyme_native_extension_v1/structures/af_v6/AF-B3DXN7-F1-model_v6.cif,1.0
5465,B3DZT0,/home/s241850073/igem2026/results/clipzyme_native_extension_v1/structures/af_v6/AF-B3DZT0-F1-model_v6.cif,1.0
5466,B3DZT3,/home/s241850073/igem2026/results/clipzyme_native_extension_v1/structures/af_v6/AF-B3DZT3-F1-model_v6.cif,1.0
5467,B3E9V6,/home/s241850073/igem2026/results/clipzyme_native_extension_v1/structures/af_v6/AF-B3E9V6-F1-model_v6.cif,1.0
5468,B3E9V9,/home/s241850073/igem2026/results/clipzyme_native_extension_v1/structures/af_v6/AF-B3E9V9-F1-model_v6.cif,1.0
5469,B3E9W6,/home/s241850073/igem2026/results/clipzyme_native_extension_v1/structures/af_v6/AF-B3E9W6-F1-model_v6.cif,1.0
5470,B3E9W7,/home/s241850073/igem2026/results/clipzyme_native_extension_v1/structures/af_v6/AF-B3E9W7-F1-model_v6.cif,0.99999994
5471,B3E9W8,/home/s241850073/igem2026/results/clipzyme_native_extension_v1/structures/af_v6/AF-B3E9W8-F1-model_v6.cif,1.0
5472,B3E9W9,/home/s241850073/igem2026/results/clipzyme_native_extension_v1/structures/af_v6/AF-B3E9W9-F1-model_v6.cif,1.0
5473,B3EI93,/home/s241850073/igem2026/results/clipzyme_native_extension_v1/structures/af_v6/AF-B3EI93-F1-model_v6.cif,1.0
5474,B3EI94,/home/s241850073/igem2026/results/clipzyme_native_extension_v1/structures/af_v6/AF-B3EI94-F1-model_v6.cif,1.0
5475,B3EI96,/home/s241850073/igem2026/results/clipzyme_native_extension_v1/structures/af_v6/AF-B3EI96-F1-model_v6.cif,1.0
5476,B3EK98,/home/s241850073/igem2026/results/clipzyme_native_extension_v1/structures/af_v6/AF-B3EK98-F1-model_v6.cif,0.99999994
5477,B3EKA0,/home/s241850073/igem2026/results/clipzyme_native_extension_v1/structures/af_v6/AF-B3EKA0-F1-model_v6.cif,1.0
5478,B3EKA1,/home/s241850073/igem2026/results/clipzyme_native_extension_v1/structures/af_v6/AF-B3EKA1-F1-model_v6.cif,0.99999994
5479,B3ES55,/home/s241850073/igem2026/results/clipzyme_native_extension_v1/structures/af_v6/AF-B3ES55-F1-model_v6.cif,1.0
5480,B3ET80,/home/s241850073/igem2026/results/clipzyme_native_extension_v1/structures/af_v6/AF-B3ET80-F1-model_v6.cif,1.0
5481,B3PVZ8,/home/s241850073/igem2026/results/clipzyme_native_extension_v1/structures/af_v6/AF-B3PVZ8-F1-model_v6.cif,1.0
5482,B3PVZ9,/home/s241850073/igem2026/results/clipzyme_native_extension_v1/structures/af_v6/AF-B3PVZ9-F1-model_v6.cif,1.0
5483,B3PW00,/home/s241850073/igem2026/results/clipzyme_native_extension_v1/structures/af_v6/AF-B3PW00-F1-model_v6.cif,1.0
5484,B3PW09,/home/s241850073/igem2026/results/clipzyme_native_extension_v1/structures/af_v6/AF-B3PW09-F1-model_v6.cif,0.99999994
5485,B3PY50,/home/s241850073/igem2026/results/clipzyme_native_extension_v1/structures/af_v6/AF-B3PY50-F1-model_v6.cif,0.99999994
5486,B3PY57,/home/s241850073/igem2026/results/clipzyme_native_extension_v1/structures/af_v6/AF-B3PY57-F1-model_v6.cif,1.0
5487,B3PY58,/home/s241850073/igem2026/results/clipzyme_native_extension_v1/structures/af_v6/AF-B3PY58-F1-model_v6.cif,1.0
5488,B3PY59,/home/s241850073/igem2026/results/clipzyme_native_extension_v1/structures/af_v6/AF-B3PY59-F1-model_v6.cif,0.99999994
5489,B3Q6T3,/home/s241850073/igem2026/results/clipzyme_native_extension_v1/structures/af_v6/AF-B3Q6T3-F1-model_v6.cif,0.99999994
5490,B3Q7N3,/home/s241850073/igem2026/results/clipzyme_native_extension_v1/structures/af_v6/AF-B3Q7N3-F1-model_v6.cif,1.0000001
5491,B3QP51,/home/s241850073/igem2026/results/clipzyme_native_extension_v1/structures/af_v6/AF-B3QP51-F1-model_v6.cif,1.0
5492,B3QP54,/home/s241850073/igem2026/results/clipzyme_native_extension_v1/structures/af_v6/AF-B3QP54-F1-model_v6.cif,0.99999994
5493,B3QP55,/home/s241850073/igem2026/results/clipzyme_native_extension_v1/structures/af_v6/AF-B3QP55-F1-model_v6.cif,0.99999994
5494,B3QP57,/home/s241850073/igem2026/results/clipzyme_native_extension_v1/structures/af_v6/AF-B3QP57-F1-model_v6.cif,1.0
5495,B3QP58,/home/s241850073/igem2026/results/clipzyme_native_extension_v1/structures/af_v6/AF-B3QP58-F1-model_v6.cif,0.9999999
5496,B3QSE2,/home/s241850073/igem2026/results/clipzyme_native_extension_v1/structures/af_v6/AF-B3QSE2-F1-model_v6.cif,1.0
5497,B3QUS0,/home/s241850073/igem2026/results/clipzyme_native_extension_v1/structures/af_v6/AF-B3QUS0-F1-model_v6.cif,1.0
5498,B3QUS2,/home/s241850073/igem2026/results/clipzyme_native_extension_v1/structures/af_v6/AF-B3QUS2-F1-model_v6.cif,1.0
5499,B3QUX5,/home/s241850073/igem2026/results/clipzyme_native_extension_v1/structures/af_v6/AF-B3QUX5-F1-model_v6.cif,1.0
5500,B3QXL8,/home/s241850073/igem2026/results/clipzyme_native_extension_v1/structures/af_v6/AF-B3QXL8-F1-model_v6.cif,1.0
5501,B3QXM3,/home/s241850073/igem2026/results/clipzyme_native_extension_v1/structures/af_v6/AF-B3QXM3-F1-model_v6.cif,1.0
5502,B3QY38,/home/s241850073/igem2026/results/clipzyme_native_extension_v1/structures/af_v6/AF-B3QY38-F1-model_v6.cif,1.0
5503,B3QY45,/home/s241850073/igem2026/results/clipzyme_native_extension_v1/structures/af_v6/AF-B3QY45-F1-model_v6.cif,0.99999994
5504,B3QY46,/home/s241850073/igem2026/results/clipzyme_native_extension_v1/structures/af_v6/AF-B3QY46-F1-model_v6.cif,1.0
5505,B3QY47,/home/s241850073/igem2026/results/clipzyme_native_extension_v1/structures/af_v6/AF-B3QY47-F1-model_v6.cif,0.99999994
5506,B3QY48,/home/s241850073/igem2026/results/clipzyme_native_extension_v1/structures/af_v6/AF-B3QY48-F1-model_v6.cif,1.0
5507,B3R3W9,/home/s241850073/igem2026/results/clipzyme_native_extension_v1/structures/af_v6/AF-B3R3W9-F1-model_v6.cif,0.99999994
5508,B3R3X0,/home/s241850073/igem2026/results/clipzyme_native_extension_v1/structures/af_v6/AF-B3R3X0-F1-model_v6.cif,1.0
5509,B3R3X4,/home/s241850073/igem2026/results/clipzyme_native_extension_v1/structures/af_v6/AF-B3R3X4-F1-model_v6.cif,1.0
5510,B3R3X7,/home/s241850073/igem2026/results/clipzyme_native_extension_v1/structures/af_v6/AF-B3R3X7-F1-model_v6.cif,1.0
5511,B3R3Y0,/home/s241850073/igem2026/results/clipzyme_native_extension_v1/structures/af_v6/AF-B3R3Y0-F1-model_v6.cif,0.99999994
5512,B4E5L4,/home/s241850073/igem2026/results/clipzyme_native_extension_v1/structures/af_v6/AF-B4E5L4-F1-model_v6.cif,0.99999994
5513,B4E5L5,/home/s241850073/igem2026/results/clipzyme_native_extension_v1/structures/af_v6/AF-B4E5L5-F1-model_v6.cif,1.0
5514,B4EZ47,/home/s241850073/igem2026/results/clipzyme_native_extension_v1/structures/af_v6/AF-B4EZ47-F1-model_v6.cif,1.0
5515,B4EZ50,/home/s241850073/igem2026/results/clipzyme_native_extension_v1/structures/af_v6/AF-B4EZ50-F1-model_v6.cif,0.99999994
5516,B4EZC3,/home/s241850073/igem2026/results/clipzyme_native_extension_v1/structures/af_v6/AF-B4EZC3-F1-model_v6.cif,1.0
5517,B4EZC4,/home/s241850073/igem2026/results/clipzyme_native_extension_v1/structures/af_v6/AF-B4EZC4-F1-model_v6.cif,0.99999994
5518,B4EZC8,/home/s241850073/igem2026/results/clipzyme_native_extension_v1/structures/af_v6/AF-B4EZC8-F1-model_v6.cif,1.0
5519,B4EZC9,/home/s241850073/igem2026/results/clipzyme_native_extension_v1/structures/af_v6/AF-B4EZC9-F1-model_v6.cif,1.0
5520,B4EZD0,/home/s241850073/igem2026/results/clipzyme_native_extension_v1/structures/af_v6/AF-B4EZD0-F1-model_v6.cif,0.99999994
5521,B4RCL8,/home/s241850073/igem2026/results/clipzyme_native_extension_v1/structures/af_v6/AF-B4RCL8-F1-model_v6.cif,1.0
5522,B4RCM1,/home/s241850073/igem2026/results/clipzyme_native_extension_v1/structures/af_v6/AF-B4RCM1-F1-model_v6.cif,1.0
5523,B4RCM6,/home/s241850073/igem2026/results/clipzyme_native_extension_v1/structures/af_v6/AF-B4RCM6-F1-model_v6.cif,1.0
5524,B4RCM7,/home/s241850073/igem2026/results/clipzyme_native_extension_v1/structures/af_v6/AF-B4RCM7-F1-model_v6.cif,1.0
5525,B4RCM8,/home/s241850073/igem2026/results/clipzyme_native_extension_v1/structures/af_v6/AF-B4RCM8-F1-model_v6.cif,0.99999994
5526,B4S751,/home/s241850073/igem2026/results/clipzyme_native_extension_v1/structures/af_v6/AF-B4S751-F1-model_v6.cif,1.0
5527,B4S752,/home/s241850073/igem2026/results/clipzyme_native_extension_v1/structures/af_v6/AF-B4S752-F1-model_v6.cif,1.0
5528,B4S754,/home/s241850073/igem2026/results/clipzyme_native_extension_v1/structures/af_v6/AF-B4S754-F1-model_v6.cif,0.99999994
5529,B4SBZ0,/home/s241850073/igem2026/results/clipzyme_native_extension_v1/structures/af_v6/AF-B4SBZ0-F1-model_v6.cif,1.0
5530,B4SBZ2,/home/s241850073/igem2026/results/clipzyme_native_extension_v1/structures/af_v6/AF-B4SBZ2-F1-model_v6.cif,1.0
5531,B4SBZ3,/home/s241850073/igem2026/results/clipzyme_native_extension_v1/structures/af_v6/AF-B4SBZ3-F1-model_v6.cif,1.0
5532,B4SJH6,/home/s241850073/igem2026/results/clipzyme_native_extension_v1/structures/af_v6/AF-B4SJH6-F1-model_v6.cif,0.99999994
5533,B4SQS6,/home/s241850073/igem2026/results/clipzyme_native_extension_v1/structures/af_v6/AF-B4SQS6-F1-model_v6.cif,1.0
5534,B4SQT3,/home/s241850073/igem2026/results/clipzyme_native_extension_v1/structures/af_v6/AF-B4SQT3-F1-model_v6.cif,1.0
5535,B4SQT4,/home/s241850073/igem2026/results/clipzyme_native_extension_v1/structures/af_v6/AF-B4SQT4-F1-model_v6.cif,1.0
5536,B4SQT5,/home/s241850073/igem2026/results/clipzyme_native_extension_v1/structures/af_v6/AF-B4SQT5-F1-model_v6.cif,0.99999994
5537,B4SYZ7,/home/s241850073/igem2026/results/clipzyme_native_extension_v1/structures/af_v6/AF-B4SYZ7-F1-model_v6.cif,1.0
5538,B4U8H3,/home/s241850073/igem2026/results/clipzyme_native_extension_v1/structures/af_v6/AF-B4U8H3-F1-model_v6.cif,1.0
5539,B4U8I1,/home/s241850073/igem2026/results/clipzyme_native_extension_v1/structures/af_v6/AF-B4U8I1-F1-model_v6.cif,1.0
5540,B4U8I3,/home/s241850073/igem2026/results/clipzyme_native_extension_v1/structures/af_v6/AF-B4U8I3-F1-model_v6.cif,0.99999994
5541,B4U8I7,/home/s241850073/igem2026/results/clipzyme_native_extension_v1/structures/af_v6/AF-B4U8I7-F1-model_v6.cif,1.0
5542,B4U8J0,/home/s241850073/igem2026/results/clipzyme_native_extension_v1/structures/af_v6/AF-B4U8J0-F1-model_v6.cif,0.99999994
5543,B4UIA2,/home/s241850073/igem2026/results/clipzyme_native_extension_v1/structures/af_v6/AF-B4UIA2-F1-model_v6.cif,0.99999994
5544,B4UIA4,/home/s241850073/igem2026/results/clipzyme_native_extension_v1/structures/af_v6/AF-B4UIA4-F1-model_v6.cif,1.0
5545,B4UIA6,/home/s241850073/igem2026/results/clipzyme_native_extension_v1/structures/af_v6/AF-B4UIA6-F1-model_v6.cif,1.0
5546,B4UIA7,/home/s241850073/igem2026/results/clipzyme_native_extension_v1/structures/af_v6/AF-B4UIA7-F1-model_v6.cif,0.99999994
5547,B4UIA9,/home/s241850073/igem2026/results/clipzyme_native_extension_v1/structures/af_v6/AF-B4UIA9-F1-model_v6.cif,1.0
5548,B5E960,/home/s241850073/igem2026/results/clipzyme_native_extension_v1/structures/af_v6/AF-B5E960-F1-model_v6.cif,1.0
5549,B5E964,/home/s241850073/igem2026/results/clipzyme_native_extension_v1/structures/af_v6/AF-B5E964-F1-model_v6.cif,1.0
5550,B5E973,/home/s241850073/igem2026/results/clipzyme_native_extension_v1/structures/af_v6/AF-B5E973-F1-model_v6.cif,0.99999994
5551,B5EFF3,/home/s241850073/igem2026/results/clipzyme_native_extension_v1/structures/af_v6/AF-B5EFF3-F1-model_v6.cif,1.0
5552,B5EFG0,/home/s241850073/igem2026/results/clipzyme_native_extension_v1/structures/af_v6/AF-B5EFG0-F1-model_v6.cif,1.0
5553,B5EFG1,/home/s241850073/igem2026/results/clipzyme_native_extension_v1/structures/af_v6/AF-B5EFG1-F1-model_v6.cif,1.0
5554,B5EFG2,/home/s241850073/igem2026/results/clipzyme_native_extension_v1/structures/af_v6/AF-B5EFG2-F1-model_v6.cif,1.0
5555,B5EFG3,/home/s241850073/igem2026/results/clipzyme_native_extension_v1/structures/af_v6/AF-B5EFG3-F1-model_v6.cif,0.99999994
5556,B5EN61,/home/s241850073/igem2026/results/clipzyme_native_extension_v1/structures/af_v6/AF-B5EN61-F1-model_v6.cif,1.0
5557,B5EN68,/home/s241850073/igem2026/results/clipzyme_native_extension_v1/structures/af_v6/AF-B5EN68-F1-model_v6.cif,0.99999994
5558,B5EN70,/home/s241850073/igem2026/results/clipzyme_native_extension_v1/structures/af_v6/AF-B5EN70-F1-model_v6.cif,1.0
5559,B5EN71,/home/s241850073/igem2026/results/clipzyme_native_extension_v1/structures/af_v6/AF-B5EN71-F1-model_v6.cif,1.0
5560,B5FPF7,/home/s241850073/igem2026/results/clipzyme_native_extension_v1/structures/af_v6/AF-B5FPF7-F1-model_v6.cif,1.0
5561,B5GTQ6,/home/s241850073/igem2026/results/clipzyme_native_extension_v1/structures/af_v6/AF-B5GTQ6-F1-model_v6.cif,0.99999994
5562,B5H135,/home/s241850073/igem2026/results/clipzyme_native_extension_v1/structures/af_v6/AF-B5H135-F1-model_v6.cif,1.0
5563,B5LAT8,/home/s241850073/igem2026/results/clipzyme_native_extension_v1/structures/af_v6/AF-B5LAT8-F1-model_v6.cif,1.0
5564,B5RCE1,/home/s241850073/igem2026/results/clipzyme_native_extension_v1/structures/af_v6/AF-B5RCE1-F1-model_v6.cif,1.0000001
5565,B5XNV5,/home/s241850073/igem2026/results/clipzyme_native_extension_v1/structures/af_v6/AF-B5XNV5-F1-model_v6.cif,0.99999994
5566,B5XNV6,/home/s241850073/igem2026/results/clipzyme_native_extension_v1/structures/af_v6/AF-B5XNV6-F1-model_v6.cif,1.0
5567,B5XNW0,/home/s241850073/igem2026/results/clipzyme_native_extension_v1/structures/af_v6/AF-B5XNW0-F1-model_v6.cif,1.0
5568,B5XNW3,/home/s241850073/igem2026/results/clipzyme_native_extension_v1/structures/af_v6/AF-B5XNW3-F1-model_v6.cif,0.99999994
5569,B5XNW6,/home/s241850073/igem2026/results/clipzyme_native_extension_v1/structures/af_v6/AF-B5XNW6-F1-model_v6.cif,1.0
5570,B5YKI3,/home/s241850073/igem2026/results/clipzyme_native_extension_v1/structures/af_v6/AF-B5YKI3-F1-model_v6.cif,0.9999999
5571,B5YKI5,/home/s241850073/igem2026/results/clipzyme_native_extension_v1/structures/af_v6/AF-B5YKI5-F1-model_v6.cif,1.0
5572,B5YKI9,/home/s241850073/igem2026/results/clipzyme_native_extension_v1/structures/af_v6/AF-B5YKI9-F1-model_v6.cif,0.99999994
5573,B5YKJ2,/home/s241850073/igem2026/results/clipzyme_native_extension_v1/structures/af_v6/AF-B5YKJ2-F1-model_v6.cif,1.0
5574,B5YL23,/home/s241850073/igem2026/results/clipzyme_native_extension_v1/structures/af_v6/AF-B5YL23-F1-model_v6.cif,1.0
5575,B5YL34,/home/s241850073/igem2026/results/clipzyme_native_extension_v1/structures/af_v6/AF-B5YL34-F1-model_v6.cif,1.0
5576,B5YL35,/home/s241850073/igem2026/results/clipzyme_native_extension_v1/structures/af_v6/AF-B5YL35-F1-model_v6.cif,1.0
5577,B5Z8Q8,/home/s241850073/igem2026/results/clipzyme_native_extension_v1/structures/af_v6/AF-B5Z8Q8-F1-model_v6.cif,1.0
5578,B5Z8R2,/home/s241850073/igem2026/results/clipzyme_native_extension_v1/structures/af_v6/AF-B5Z8R2-F1-model_v6.cif,1.0
5579,B5Z8R3,/home/s241850073/igem2026/results/clipzyme_native_extension_v1/structures/af_v6/AF-B5Z8R3-F1-model_v6.cif,1.0
5580,B5Z8R5,/home/s241850073/igem2026/results/clipzyme_native_extension_v1/structures/af_v6/AF-B5Z8R5-F1-model_v6.cif,1.0
5581,B5ZYL3,/home/s241850073/igem2026/results/clipzyme_native_extension_v1/structures/af_v6/AF-B5ZYL3-F1-model_v6.cif,1.0
5582,B5ZYL4,/home/s241850073/igem2026/results/clipzyme_native_extension_v1/structures/af_v6/AF-B5ZYL4-F1-model_v6.cif,1.0
5583,B5ZYL5,/home/s241850073/igem2026/results/clipzyme_native_extension_v1/structures/af_v6/AF-B5ZYL5-F1-model_v6.cif,1.0000001
5584,B5ZYM1,/home/s241850073/igem2026/results/clipzyme_native_extension_v1/structures/af_v6/AF-B5ZYM1-F1-model_v6.cif,1.0
5585,B5ZYM2,/home/s241850073/igem2026/results/clipzyme_native_extension_v1/structures/af_v6/AF-B5ZYM2-F1-model_v6.cif,1.0
5586,B5ZYM4,/home/s241850073/igem2026/results/clipzyme_native_extension_v1/structures/af_v6/AF-B5ZYM4-F1-model_v6.cif,1.0
5587,B6BQB2,/home/s241850073/igem2026/results/clipzyme_native_extension_v1/structures/af_v6/AF-B6BQB2-F1-model_v6.cif,1.0
5588,B6ISW8,/home/s241850073/igem2026/results/clipzyme_native_extension_v1/structures/af_v6/AF-B6ISW8-F1-model_v6.cif,0.99999994
5589,B6ISX1,/home/s241850073/igem2026/results/clipzyme_native_extension_v1/structures/af_v6/AF-B6ISX1-F1-model_v6.cif,1.0
5590,B6ISX3,/home/s241850073/igem2026/results/clipzyme_native_extension_v1/structures/af_v6/AF-B6ISX3-F1-model_v6.cif,0.99999994
5591,B6ISX4,/home/s241850073/igem2026/results/clipzyme_native_extension_v1/structures/af_v6/AF-B6ISX4-F1-model_v6.cif,1.0
5592,B6ISX8,/home/s241850073/igem2026/results/clipzyme_native_extension_v1/structures/af_v6/AF-B6ISX8-F1-model_v6.cif,1.0
5593,B6ISY0,/home/s241850073/igem2026/results/clipzyme_native_extension_v1/structures/af_v6/AF-B6ISY0-F1-model_v6.cif,1.0
5594,B6IZ52,/home/s241850073/igem2026/results/clipzyme_native_extension_v1/structures/af_v6/AF-B6IZ52-F1-model_v6.cif,1.0
5595,B6J697,/home/s241850073/igem2026/results/clipzyme_native_extension_v1/structures/af_v6/AF-B6J697-F1-model_v6.cif,0.99999994
5596,B6J6A2,/home/s241850073/igem2026/results/clipzyme_native_extension_v1/structures/af_v6/AF-B6J6A2-F1-model_v6.cif,1.0
5597,B6JGW0,/home/s241850073/igem2026/results/clipzyme_native_extension_v1/structures/af_v6/AF-B6JGW0-F1-model_v6.cif,1.0
5598,B6JGW3,/home/s241850073/igem2026/results/clipzyme_native_extension_v1/structures/af_v6/AF-B6JGW3-F1-model_v6.cif,1.0
5599,B6JH51,/home/s241850073/igem2026/results/clipzyme_native_extension_v1/structures/af_v6/AF-B6JH51-F1-model_v6.cif,0.99999994
5600,B6JNA1,/home/s241850073/igem2026/results/clipzyme_native_extension_v1/structures/af_v6/AF-B6JNA1-F1-model_v6.cif,1.0000001
5601,B6JNA7,/home/s241850073/igem2026/results/clipzyme_native_extension_v1/structures/af_v6/AF-B6JNA7-F1-model_v6.cif,1.0
5602,B6JNA8,/home/s241850073/igem2026/results/clipzyme_native_extension_v1/structures/af_v6/AF-B6JNA8-F1-model_v6.cif,0.99999994
5603,B6Q1U7,/home/s241850073/igem2026/results/clipzyme_native_extension_v1/structures/af_v6/AF-B6Q1U7-F1-model_v6.cif,1.0
5604,B6YQ48,/home/s241850073/igem2026/results/clipzyme_native_extension_v1/structures/af_v6/AF-B6YQ48-F1-model_v6.cif,1.0
5605,B6YR59,/home/s241850073/igem2026/results/clipzyme_native_extension_v1/structures/af_v6/AF-B6YR59-F1-model_v6.cif,1.0
5606,B6YR61,/home/s241850073/igem2026/results/clipzyme_native_extension_v1/structures/af_v6/AF-B6YR61-F1-model_v6.cif,0.99999994
5607,B6YSS1,/home/s241850073/igem2026/results/clipzyme_native_extension_v1/structures/af_v6/AF-B6YSS1-F1-model_v6.cif,1.0
5608,B7EC78,/home/s241850073/igem2026/results/clipzyme_native_extension_v1/structures/af_v6/AF-B7EC78-F1-model_v6.cif,1.0
5609,B7GME1,/home/s241850073/igem2026/results/clipzyme_native_extension_v1/structures/af_v6/AF-B7GME1-F1-model_v6.cif,1.0
5610,B7GME4,/home/s241850073/igem2026/results/clipzyme_native_extension_v1/structures/af_v6/AF-B7GME4-F1-model_v6.cif,0.99999994
5611,B7GME7,/home/s241850073/igem2026/results/clipzyme_native_extension_v1/structures/af_v6/AF-B7GME7-F1-model_v6.cif,1.0
5612,B7GMF0,/home/s241850073/igem2026/results/clipzyme_native_extension_v1/structures/af_v6/AF-B7GMF0-F1-model_v6.cif,0.99999994
5613,B7HY51,/home/s241850073/igem2026/results/clipzyme_native_extension_v1/structures/af_v6/AF-B7HY51-F1-model_v6.cif,0.99999994
5614,B7I740,/home/s241850073/igem2026/results/clipzyme_native_extension_v1/structures/af_v6/AF-B7I740-F1-model_v6.cif,1.0
5615,B7I741,/home/s241850073/igem2026/results/clipzyme_native_extension_v1/structures/af_v6/AF-B7I741-F1-model_v6.cif,0.99999994
5616,B7I748,/home/s241850073/igem2026/results/clipzyme_native_extension_v1/structures/af_v6/AF-B7I748-F1-model_v6.cif,1.0
5617,B7I751,/home/s241850073/igem2026/results/clipzyme_native_extension_v1/structures/af_v6/AF-B7I751-F1-model_v6.cif,1.0
5618,B7IQU6,/home/s241850073/igem2026/results/clipzyme_native_extension_v1/structures/af_v6/AF-B7IQU6-F1-model_v6.cif,0.99999994
5619,B7IQU9,/home/s241850073/igem2026/results/clipzyme_native_extension_v1/structures/af_v6/AF-B7IQU9-F1-model_v6.cif,0.99999994
5620,B7IQV2,/home/s241850073/igem2026/results/clipzyme_native_extension_v1/structures/af_v6/AF-B7IQV2-F1-model_v6.cif,1.0
5621,B7J6H2,/home/s241850073/igem2026/results/clipzyme_native_extension_v1/structures/af_v6/AF-B7J6H2-F1-model_v6.cif,0.99999994
5622,B7J7T2,/home/s241850073/igem2026/results/clipzyme_native_extension_v1/structures/af_v6/AF-B7J7T2-F1-model_v6.cif,1.0
5623,B7J7T5,/home/s241850073/igem2026/results/clipzyme_native_extension_v1/structures/af_v6/AF-B7J7T5-F1-model_v6.cif,1.0
5624,B7J7U3,/home/s241850073/igem2026/results/clipzyme_native_extension_v1/structures/af_v6/AF-B7J7U3-F1-model_v6.cif,0.9999999
5625,B7KJI6,/home/s241850073/igem2026/results/clipzyme_native_extension_v1/structures/af_v6/AF-B7KJI6-F1-model_v6.cif,0.99999994
5626,B7KQ58,/home/s241850073/igem2026/results/clipzyme_native_extension_v1/structures/af_v6/AF-B7KQ58-F1-model_v6.cif,1.0
5627,B7KQ65,/home/s241850073/igem2026/results/clipzyme_native_extension_v1/structures/af_v6/AF-B7KQ65-F1-model_v6.cif,0.99999994
5628,B7LM50,/home/s241850073/igem2026/results/clipzyme_native_extension_v1/structures/af_v6/AF-B7LM50-F1-model_v6.cif,1.0
5629,B7MXV5,/home/s241850073/igem2026/results/clipzyme_native_extension_v1/structures/af_v6/AF-B7MXV5-F1-model_v6.cif,0.99999994
5630,B7NNV5,/home/s241850073/igem2026/results/clipzyme_native_extension_v1/structures/af_v6/AF-B7NNV5-F1-model_v6.cif,0.9999999
5631,B7NNW1,/home/s241850073/igem2026/results/clipzyme_native_extension_v1/structures/af_v6/AF-B7NNW1-F1-model_v6.cif,1.0
5632,B7UFU4,/home/s241850073/igem2026/results/clipzyme_native_extension_v1/structures/af_v6/AF-B7UFU4-F1-model_v6.cif,1.0
5633,B8AE97,/home/s241850073/igem2026/results/clipzyme_native_extension_v1/structures/af_v6/AF-B8AE97-F1-model_v6.cif,1.0
5634,B8AWD2,/home/s241850073/igem2026/results/clipzyme_native_extension_v1/structures/af_v6/AF-B8AWD2-F1-model_v6.cif,1.0
5635,B8BKG0,/home/s241850073/igem2026/results/clipzyme_native_extension_v1/structures/af_v6/AF-B8BKG0-F1-model_v6.cif,0.99999994
5636,B8D761,/home/s241850073/igem2026/results/clipzyme_native_extension_v1/structures/af_v6/AF-B8D761-F1-model_v6.cif,1.0
5637,B8D8V7,/home/s241850073/igem2026/results/clipzyme_native_extension_v1/structures/af_v6/AF-B8D8V7-F1-model_v6.cif,0.9999999
5638,B8D8W1,/home/s241850073/igem2026/results/clipzyme_native_extension_v1/structures/af_v6/AF-B8D8W1-F1-model_v6.cif,0.99999994
5639,B8DS03,/home/s241850073/igem2026/results/clipzyme_native_extension_v1/structures/af_v6/AF-B8DS03-F1-model_v6.cif,0.99999994
5640,B8EIL8,/home/s241850073/igem2026/results/clipzyme_native_extension_v1/structures/af_v6/AF-B8EIL8-F1-model_v6.cif,0.99999994
5641,B8EIM5,/home/s241850073/igem2026/results/clipzyme_native_extension_v1/structures/af_v6/AF-B8EIM5-F1-model_v6.cif,1.0
5642,B8EIM7,/home/s241850073/igem2026/results/clipzyme_native_extension_v1/structures/af_v6/AF-B8EIM7-F1-model_v6.cif,0.9999999
5643,B8EIZ7,/home/s241850073/igem2026/results/clipzyme_native_extension_v1/structures/af_v6/AF-B8EIZ7-F1-model_v6.cif,1.0
5644,B8FRJ7,/home/s241850073/igem2026/results/clipzyme_native_extension_v1/structures/af_v6/AF-B8FRJ7-F1-model_v6.cif,1.0
5645,B8G5D6,/home/s241850073/igem2026/results/clipzyme_native_extension_v1/structures/af_v6/AF-B8G5D6-F1-model_v6.cif,1.0
5646,B8G6L3,/home/s241850073/igem2026/results/clipzyme_native_extension_v1/structures/af_v6/AF-B8G6L3-F1-model_v6.cif,0.99999994
5647,B8G6Z6,/home/s241850073/igem2026/results/clipzyme_native_extension_v1/structures/af_v6/AF-B8G6Z6-F1-model_v6.cif,1.0
5648,B8G705,/home/s241850073/igem2026/results/clipzyme_native_extension_v1/structures/af_v6/AF-B8G705-F1-model_v6.cif,1.0
5649,B8GA16,/home/s241850073/igem2026/results/clipzyme_native_extension_v1/structures/af_v6/AF-B8GA16-F1-model_v6.cif,1.0000001
5650,B8GNY6,/home/s241850073/igem2026/results/clipzyme_native_extension_v1/structures/af_v6/AF-B8GNY6-F1-model_v6.cif,0.99999994
5651,B8GNY7,/home/s241850073/igem2026/results/clipzyme_native_extension_v1/structures/af_v6/AF-B8GNY7-F1-model_v6.cif,1.0
5652,B8GNZ5,/home/s241850073/igem2026/results/clipzyme_native_extension_v1/structures/af_v6/AF-B8GNZ5-F1-model_v6.cif,1.0
5653,B8GNZ8,/home/s241850073/igem2026/results/clipzyme_native_extension_v1/structures/af_v6/AF-B8GNZ8-F1-model_v6.cif,1.0
5654,B8GWV5,/home/s241850073/igem2026/results/clipzyme_native_extension_v1/structures/af_v6/AF-B8GWV5-F1-model_v6.cif,0.99999994
5655,B8IUU7,/home/s241850073/igem2026/results/clipzyme_native_extension_v1/structures/af_v6/AF-B8IUU7-F1-model_v6.cif,1.0
5656,B8IUV4,/home/s241850073/igem2026/results/clipzyme_native_extension_v1/structures/af_v6/AF-B8IUV4-F1-model_v6.cif,1.0
5657,B8IUV6,/home/s241850073/igem2026/results/clipzyme_native_extension_v1/structures/af_v6/AF-B8IUV6-F1-model_v6.cif,1.0
5658,B8IUV9,/home/s241850073/igem2026/results/clipzyme_native_extension_v1/structures/af_v6/AF-B8IUV9-F1-model_v6.cif,1.0
5659,B8J1C7,/home/s241850073/igem2026/results/clipzyme_native_extension_v1/structures/af_v6/AF-B8J1C7-F1-model_v6.cif,1.0
5660,B8J1D0,/home/s241850073/igem2026/results/clipzyme_native_extension_v1/structures/af_v6/AF-B8J1D0-F1-model_v6.cif,1.0
5661,B8J1D6,/home/s241850073/igem2026/results/clipzyme_native_extension_v1/structures/af_v6/AF-B8J1D6-F1-model_v6.cif,0.99999994
5662,B8JAZ0,/home/s241850073/igem2026/results/clipzyme_native_extension_v1/structures/af_v6/AF-B8JAZ0-F1-model_v6.cif,1.0
5663,B8JBR1,/home/s241850073/igem2026/results/clipzyme_native_extension_v1/structures/af_v6/AF-B8JBR1-F1-model_v6.cif,1.0
5664,B8JH22,/home/s241850073/igem2026/results/clipzyme_native_extension_v1/structures/af_v6/AF-B8JH22-F1-model_v6.cif,1.0
5665,B8LZP3,/home/s241850073/igem2026/results/clipzyme_native_extension_v1/structures/af_v6/AF-B8LZP3-F1-model_v6.cif,0.99999994
5666,B9JD43,/home/s241850073/igem2026/results/clipzyme_native_extension_v1/structures/af_v6/AF-B9JD43-F1-model_v6.cif,1.0
5667,B9JD44,/home/s241850073/igem2026/results/clipzyme_native_extension_v1/structures/af_v6/AF-B9JD44-F1-model_v6.cif,1.0
5668,B9JD51,/home/s241850073/igem2026/results/clipzyme_native_extension_v1/structures/af_v6/AF-B9JD51-F1-model_v6.cif,0.9999999
5669,B9JVE6,/home/s241850073/igem2026/results/clipzyme_native_extension_v1/structures/af_v6/AF-B9JVE6-F1-model_v6.cif,1.0
5670,B9JVE7,/home/s241850073/igem2026/results/clipzyme_native_extension_v1/structures/af_v6/AF-B9JVE7-F1-model_v6.cif,1.0
5671,B9JVF3,/home/s241850073/igem2026/results/clipzyme_native_extension_v1/structures/af_v6/AF-B9JVF3-F1-model_v6.cif,1.0
5672,B9JVF4,/home/s241850073/igem2026/results/clipzyme_native_extension_v1/structures/af_v6/AF-B9JVF4-F1-model_v6.cif,1.0
5673,B9KDV9,/home/s241850073/igem2026/results/clipzyme_native_extension_v1/structures/af_v6/AF-B9KDV9-F1-model_v6.cif,0.99999994
5674,B9KI91,/home/s241850073/igem2026/results/clipzyme_native_extension_v1/structures/af_v6/AF-B9KI91-F1-model_v6.cif,1.0
5675,B9KIT6,/home/s241850073/igem2026/results/clipzyme_native_extension_v1/structures/af_v6/AF-B9KIT6-F1-model_v6.cif,1.0
5676,B9KJI1,/home/s241850073/igem2026/results/clipzyme_native_extension_v1/structures/af_v6/AF-B9KJI1-F1-model_v6.cif,1.0
5677,B9KQW1,/home/s241850073/igem2026/results/clipzyme_native_extension_v1/structures/af_v6/AF-B9KQW1-F1-model_v6.cif,1.0
5678,B9KQW2,/home/s241850073/igem2026/results/clipzyme_native_extension_v1/structures/af_v6/AF-B9KQW2-F1-model_v6.cif,1.0
5679,B9L170,/home/s241850073/igem2026/results/clipzyme_native_extension_v1/structures/af_v6/AF-B9L170-F1-model_v6.cif,0.99999994
5680,B9L173,/home/s241850073/igem2026/results/clipzyme_native_extension_v1/structures/af_v6/AF-B9L173-F1-model_v6.cif,1.0
5681,B9L175,/home/s241850073/igem2026/results/clipzyme_native_extension_v1/structures/af_v6/AF-B9L175-F1-model_v6.cif,1.0
5682,B9L178,/home/s241850073/igem2026/results/clipzyme_native_extension_v1/structures/af_v6/AF-B9L178-F1-model_v6.cif,1.0
5683,B9LAU1,/home/s241850073/igem2026/results/clipzyme_native_extension_v1/structures/af_v6/AF-B9LAU1-F1-model_v6.cif,1.0
5684,B9LAV0,/home/s241850073/igem2026/results/clipzyme_native_extension_v1/structures/af_v6/AF-B9LAV0-F1-model_v6.cif,0.99999994
5685,B9LGS9,/home/s241850073/igem2026/results/clipzyme_native_extension_v1/structures/af_v6/AF-B9LGS9-F1-model_v6.cif,1.0
5686,B9LGT9,/home/s241850073/igem2026/results/clipzyme_native_extension_v1/structures/af_v6/AF-B9LGT9-F1-model_v6.cif,1.0
5687,B9LT33,/home/s241850073/igem2026/results/clipzyme_native_extension_v1/structures/af_v6/AF-B9LT33-F1-model_v6.cif,1.0
5688,B9LZL8,/home/s241850073/igem2026/results/clipzyme_native_extension_v1/structures/af_v6/AF-B9LZL8-F1-model_v6.cif,1.0
5689,B9LZM7,/home/s241850073/igem2026/results/clipzyme_native_extension_v1/structures/af_v6/AF-B9LZM7-F1-model_v6.cif,1.0
5690,B9M3Y9,/home/s241850073/igem2026/results/clipzyme_native_extension_v1/structures/af_v6/AF-B9M3Y9-F1-model_v6.cif,1.0
5691,B9MEL5,/home/s241850073/igem2026/results/clipzyme_native_extension_v1/structures/af_v6/AF-B9MEL5-F1-model_v6.cif,0.99999994
5692,C0HM14,/home/s241850073/igem2026/results/clipzyme_native_extension_v1/structures/af_v6/AF-C0HM14-F1-model_v6.cif,1.0
5693,C0HM50,/home/s241850073/igem2026/results/clipzyme_native_extension_v1/structures/af_v6/AF-C0HM50-F1-model_v6.cif,0.99999994
5694,C0HM53,/home/s241850073/igem2026/results/clipzyme_native_extension_v1/structures/af_v6/AF-C0HM53-F1-model_v6.cif,0.99999994
5695,C0HM79,/home/s241850073/igem2026/results/clipzyme_native_extension_v1/structures/af_v6/AF-C0HM79-F1-model_v6.cif,0.99999994
5696,C0KL20,/home/s241850073/igem2026/results/clipzyme_native_extension_v1/structures/af_v6/AF-C0KL20-F1-model_v6.cif,1.0
5697,C0PLL3,/home/s241850073/igem2026/results/clipzyme_native_extension_v1/structures/af_v6/AF-C0PLL3-F1-model_v6.cif,1.0
5698,C0PR86,/home/s241850073/igem2026/results/clipzyme_native_extension_v1/structures/af_v6/AF-C0PR86-F1-model_v6.cif,0.99999994
5699,C0PRP7,/home/s241850073/igem2026/results/clipzyme_native_extension_v1/structures/af_v6/AF-C0PRP7-F1-model_v6.cif,0.99999994
5700,C0Q041,/home/s241850073/igem2026/results/clipzyme_native_extension_v1/structures/af_v6/AF-C0Q041-F1-model_v6.cif,1.0
5701,C0Q051,/home/s241850073/igem2026/results/clipzyme_native_extension_v1/structures/af_v6/AF-C0Q051-F1-model_v6.cif,1.0
5702,C0QR89,/home/s241850073/igem2026/results/clipzyme_native_extension_v1/structures/af_v6/AF-C0QR89-F1-model_v6.cif,1.0
5703,C0QR92,/home/s241850073/igem2026/results/clipzyme_native_extension_v1/structures/af_v6/AF-C0QR92-F1-model_v6.cif,1.0
5704,C0Z3J8,/home/s241850073/igem2026/results/clipzyme_native_extension_v1/structures/af_v6/AF-C0Z3J8-F1-model_v6.cif,0.99999994
5705,C0Z763,/home/s241850073/igem2026/results/clipzyme_native_extension_v1/structures/af_v6/AF-C0Z763-F1-model_v6.cif,0.99999994
5706,C0Z766,/home/s241850073/igem2026/results/clipzyme_native_extension_v1/structures/af_v6/AF-C0Z766-F1-model_v6.cif,0.99999994
5707,C0Z769,/home/s241850073/igem2026/results/clipzyme_native_extension_v1/structures/af_v6/AF-C0Z769-F1-model_v6.cif,0.99999994
5708,C0Z772,/home/s241850073/igem2026/results/clipzyme_native_extension_v1/structures/af_v6/AF-C0Z772-F1-model_v6.cif,1.0
5709,C0ZYJ0,/home/s241850073/igem2026/results/clipzyme_native_extension_v1/structures/af_v6/AF-C0ZYJ0-F1-model_v6.cif,1.0000001
5710,C0ZYJ2,/home/s241850073/igem2026/results/clipzyme_native_extension_v1/structures/af_v6/AF-C0ZYJ2-F1-model_v6.cif,1.0
5711,C0ZYJ9,/home/s241850073/igem2026/results/clipzyme_native_extension_v1/structures/af_v6/AF-C0ZYJ9-F1-model_v6.cif,1.0
5712,C1A8Y1,/home/s241850073/igem2026/results/clipzyme_native_extension_v1/structures/af_v6/AF-C1A8Y1-F1-model_v6.cif,0.99999994
5713,C1A8Y4,/home/s241850073/igem2026/results/clipzyme_native_extension_v1/structures/af_v6/AF-C1A8Y4-F1-model_v6.cif,1.0
5714,C1AYM4,/home/s241850073/igem2026/results/clipzyme_native_extension_v1/structures/af_v6/AF-C1AYM4-F1-model_v6.cif,0.99999994
5715,C1AZF5,/home/s241850073/igem2026/results/clipzyme_native_extension_v1/structures/af_v6/AF-C1AZF5-F1-model_v6.cif,0.99999994
5716,C1AZG0,/home/s241850073/igem2026/results/clipzyme_native_extension_v1/structures/af_v6/AF-C1AZG0-F1-model_v6.cif,0.99999994
5717,C1D0H2,/home/s241850073/igem2026/results/clipzyme_native_extension_v1/structures/af_v6/AF-C1D0H2-F1-model_v6.cif,1.0
5718,C1D0H8,/home/s241850073/igem2026/results/clipzyme_native_extension_v1/structures/af_v6/AF-C1D0H8-F1-model_v6.cif,1.0
5719,C1D0H9,/home/s241850073/igem2026/results/clipzyme_native_extension_v1/structures/af_v6/AF-C1D0H9-F1-model_v6.cif,1.0
5720,C1D0I1,/home/s241850073/igem2026/results/clipzyme_native_extension_v1/structures/af_v6/AF-C1D0I1-F1-model_v6.cif,0.99999994
5721,C1DCA4,/home/s241850073/igem2026/results/clipzyme_native_extension_v1/structures/af_v6/AF-C1DCA4-F1-model_v6.cif,0.9999999
5722,C1DCA5,/home/s241850073/igem2026/results/clipzyme_native_extension_v1/structures/af_v6/AF-C1DCA5-F1-model_v6.cif,0.99999994
5723,C1DCB3,/home/s241850073/igem2026/results/clipzyme_native_extension_v1/structures/af_v6/AF-C1DCB3-F1-model_v6.cif,1.0
5724,C1DCB6,/home/s241850073/igem2026/results/clipzyme_native_extension_v1/structures/af_v6/AF-C1DCB6-F1-model_v6.cif,0.99999994
5725,C1DL15,/home/s241850073/igem2026/results/clipzyme_native_extension_v1/structures/af_v6/AF-C1DL15-F1-model_v6.cif,0.99999994
5726,C1DL16,/home/s241850073/igem2026/results/clipzyme_native_extension_v1/structures/af_v6/AF-C1DL16-F1-model_v6.cif,1.0
5727,C1DL20,/home/s241850073/igem2026/results/clipzyme_native_extension_v1/structures/af_v6/AF-C1DL20-F1-model_v6.cif,1.0
5728,C1DL23,/home/s241850073/igem2026/results/clipzyme_native_extension_v1/structures/af_v6/AF-C1DL23-F1-model_v6.cif,1.0
5729,C1DT39,/home/s241850073/igem2026/results/clipzyme_native_extension_v1/structures/af_v6/AF-C1DT39-F1-model_v6.cif,1.0
5730,C1F223,/home/s241850073/igem2026/results/clipzyme_native_extension_v1/structures/af_v6/AF-C1F223-F1-model_v6.cif,0.99999994
5731,C1F9D3,/home/s241850073/igem2026/results/clipzyme_native_extension_v1/structures/af_v6/AF-C1F9D3-F1-model_v6.cif,1.0
5732,C3JY82,/home/s241850073/igem2026/results/clipzyme_native_extension_v1/structures/af_v6/AF-C3JY82-F1-model_v6.cif,1.0
5733,C3JY83,/home/s241850073/igem2026/results/clipzyme_native_extension_v1/structures/af_v6/AF-C3JY83-F1-model_v6.cif,1.0
5734,C3JY87,/home/s241850073/igem2026/results/clipzyme_native_extension_v1/structures/af_v6/AF-C3JY87-F1-model_v6.cif,1.0
5735,C3JY90,/home/s241850073/igem2026/results/clipzyme_native_extension_v1/structures/af_v6/AF-C3JY90-F1-model_v6.cif,0.99999994
5736,C3MEY7,/home/s241850073/igem2026/results/clipzyme_native_extension_v1/structures/af_v6/AF-C3MEY7-F1-model_v6.cif,0.99999994
5737,C3MPN4,/home/s241850073/igem2026/results/clipzyme_native_extension_v1/structures/af_v6/AF-C3MPN4-F1-model_v6.cif,1.0
5738,C3NDW4,/home/s241850073/igem2026/results/clipzyme_native_extension_v1/structures/af_v6/AF-C3NDW4-F1-model_v6.cif,1.0
5739,C3NHT9,/home/s241850073/igem2026/results/clipzyme_native_extension_v1/structures/af_v6/AF-C3NHT9-F1-model_v6.cif,1.0
5740,C3PLS5,/home/s241850073/igem2026/results/clipzyme_native_extension_v1/structures/af_v6/AF-C3PLS5-F1-model_v6.cif,0.99999994
5741,C3PLS6,/home/s241850073/igem2026/results/clipzyme_native_extension_v1/structures/af_v6/AF-C3PLS6-F1-model_v6.cif,1.0
5742,C3PN71,/home/s241850073/igem2026/results/clipzyme_native_extension_v1/structures/af_v6/AF-C3PN71-F1-model_v6.cif,0.99999994
5743,C4IZV0,/home/s241850073/igem2026/results/clipzyme_native_extension_v1/structures/af_v6/AF-C4IZV0-F1-model_v6.cif,1.0
5744,C4K221,/home/s241850073/igem2026/results/clipzyme_native_extension_v1/structures/af_v6/AF-C4K221-F1-model_v6.cif,0.99999994
5745,C4K222,/home/s241850073/igem2026/results/clipzyme_native_extension_v1/structures/af_v6/AF-C4K222-F1-model_v6.cif,1.0
5746,C4K3W3,/home/s241850073/igem2026/results/clipzyme_native_extension_v1/structures/af_v6/AF-C4K3W3-F1-model_v6.cif,0.99999994
5747,C4K6N1,/home/s241850073/igem2026/results/clipzyme_native_extension_v1/structures/af_v6/AF-C4K6N1-F1-model_v6.cif,1.0
5748,C4KGX6,/home/s241850073/igem2026/results/clipzyme_native_extension_v1/structures/af_v6/AF-C4KGX6-F1-model_v6.cif,1.0
5749,C4LB32,/home/s241850073/igem2026/results/clipzyme_native_extension_v1/structures/af_v6/AF-C4LB32-F1-model_v6.cif,1.0
5750,C4LB38,/home/s241850073/igem2026/results/clipzyme_native_extension_v1/structures/af_v6/AF-C4LB38-F1-model_v6.cif,1.0
5751,C4LB40,/home/s241850073/igem2026/results/clipzyme_native_extension_v1/structures/af_v6/AF-C4LB40-F1-model_v6.cif,1.0
5752,C4LB43,/home/s241850073/igem2026/results/clipzyme_native_extension_v1/structures/af_v6/AF-C4LB43-F1-model_v6.cif,1.0
5753,C4RPA1,/home/s241850073/igem2026/results/clipzyme_native_extension_v1/structures/af_v6/AF-C4RPA1-F1-model_v6.cif,1.0
5754,C4XGW8,/home/s241850073/igem2026/results/clipzyme_native_extension_v1/structures/af_v6/AF-C4XGW8-F1-model_v6.cif,1.0
5755,C4XMN1,/home/s241850073/igem2026/results/clipzyme_native_extension_v1/structures/af_v6/AF-C4XMN1-F1-model_v6.cif,1.0
5756,C4XMN4,/home/s241850073/igem2026/results/clipzyme_native_extension_v1/structures/af_v6/AF-C4XMN4-F1-model_v6.cif,1.0
5757,C5A233,/home/s241850073/igem2026/results/clipzyme_native_extension_v1/structures/af_v6/AF-C5A233-F1-model_v6.cif,1.0
5758,C5B8H7,/home/s241850073/igem2026/results/clipzyme_native_extension_v1/structures/af_v6/AF-C5B8H7-F1-model_v6.cif,1.0
5759,C5B8H9,/home/s241850073/igem2026/results/clipzyme_native_extension_v1/structures/af_v6/AF-C5B8H9-F1-model_v6.cif,1.0
5760,C5B8I0,/home/s241850073/igem2026/results/clipzyme_native_extension_v1/structures/af_v6/AF-C5B8I0-F1-model_v6.cif,1.0
5761,C5B8I4,/home/s241850073/igem2026/results/clipzyme_native_extension_v1/structures/af_v6/AF-C5B8I4-F1-model_v6.cif,1.0
5762,C5B8I5,/home/s241850073/igem2026/results/clipzyme_native_extension_v1/structures/af_v6/AF-C5B8I5-F1-model_v6.cif,0.99999994
5763,C5C0R4,/home/s241850073/igem2026/results/clipzyme_native_extension_v1/structures/af_v6/AF-C5C0R4-F1-model_v6.cif,1.0
5764,C5C0R7,/home/s241850073/igem2026/results/clipzyme_native_extension_v1/structures/af_v6/AF-C5C0R7-F1-model_v6.cif,1.0
5765,C5C0S6,/home/s241850073/igem2026/results/clipzyme_native_extension_v1/structures/af_v6/AF-C5C0S6-F1-model_v6.cif,1.0
5766,C5CT10,/home/s241850073/igem2026/results/clipzyme_native_extension_v1/structures/af_v6/AF-C5CT10-F1-model_v6.cif,0.99999994
5767,C5CT19,/home/s241850073/igem2026/results/clipzyme_native_extension_v1/structures/af_v6/AF-C5CT19-F1-model_v6.cif,0.9999999
5768,C5D978,/home/s241850073/igem2026/results/clipzyme_native_extension_v1/structures/af_v6/AF-C5D978-F1-model_v6.cif,1.0
5769,C5D981,/home/s241850073/igem2026/results/clipzyme_native_extension_v1/structures/af_v6/AF-C5D981-F1-model_v6.cif,1.0
5770,C5D984,/home/s241850073/igem2026/results/clipzyme_native_extension_v1/structures/af_v6/AF-C5D984-F1-model_v6.cif,0.99999994
5771,C5D987,/home/s241850073/igem2026/results/clipzyme_native_extension_v1/structures/af_v6/AF-C5D987-F1-model_v6.cif,1.0
5772,C5FGL9,/home/s241850073/igem2026/results/clipzyme_native_extension_v1/structures/af_v6/AF-C5FGL9-F1-model_v6.cif,1.0
5773,C5FIN9,/home/s241850073/igem2026/results/clipzyme_native_extension_v1/structures/af_v6/AF-C5FIN9-F1-model_v6.cif,1.0
5774,C5FZN1,/home/s241850073/igem2026/results/clipzyme_native_extension_v1/structures/af_v6/AF-C5FZN1-F1-model_v6.cif,1.0
5775,C5H3I7,/home/s241850073/igem2026/results/clipzyme_native_extension_v1/structures/af_v6/AF-C5H3I7-F1-model_v6.cif,1.0
5776,C5I6F7,/home/s241850073/igem2026/results/clipzyme_native_extension_v1/structures/af_v6/AF-C5I6F7-F1-model_v6.cif,0.99999994
5777,C5YHZ9,/home/s241850073/igem2026/results/clipzyme_native_extension_v1/structures/af_v6/AF-C5YHZ9-F1-model_v6.cif,0.99999994
5778,C5YN30,/home/s241850073/igem2026/results/clipzyme_native_extension_v1/structures/af_v6/AF-C5YN30-F1-model_v6.cif,1.0
5779,C6A3P7,/home/s241850073/igem2026/results/clipzyme_native_extension_v1/structures/af_v6/AF-C6A3P7-F1-model_v6.cif,0.99999994
5780,C6ADP9,/home/s241850073/igem2026/results/clipzyme_native_extension_v1/structures/af_v6/AF-C6ADP9-F1-model_v6.cif,1.0
5781,C6BJN9,/home/s241850073/igem2026/results/clipzyme_native_extension_v1/structures/af_v6/AF-C6BJN9-F1-model_v6.cif,0.99999994
5782,C6C9P6,/home/s241850073/igem2026/results/clipzyme_native_extension_v1/structures/af_v6/AF-C6C9P6-F1-model_v6.cif,1.0
5783,C6CEF6,/home/s241850073/igem2026/results/clipzyme_native_extension_v1/structures/af_v6/AF-C6CEF6-F1-model_v6.cif,1.0
5784,C6DA34,/home/s241850073/igem2026/results/clipzyme_native_extension_v1/structures/af_v6/AF-C6DA34-F1-model_v6.cif,0.99999994
5785,C6DA40,/home/s241850073/igem2026/results/clipzyme_native_extension_v1/structures/af_v6/AF-C6DA40-F1-model_v6.cif,1.0
5786,C6DA44,/home/s241850073/igem2026/results/clipzyme_native_extension_v1/structures/af_v6/AF-C6DA44-F1-model_v6.cif,1.0
5787,C6E8M5,/home/s241850073/igem2026/results/clipzyme_native_extension_v1/structures/af_v6/AF-C6E8M5-F1-model_v6.cif,1.0
5788,C6E8N4,/home/s241850073/igem2026/results/clipzyme_native_extension_v1/structures/af_v6/AF-C6E8N4-F1-model_v6.cif,1.0
5789,C6E8U8,/home/s241850073/igem2026/results/clipzyme_native_extension_v1/structures/af_v6/AF-C6E8U8-F1-model_v6.cif,1.0
5790,C6TDW2,/home/s241850073/igem2026/results/clipzyme_native_extension_v1/structures/af_v6/AF-C6TDW2-F1-model_v6.cif,0.99999994
5791,C6V5H7,/home/s241850073/igem2026/results/clipzyme_native_extension_v1/structures/af_v6/AF-C6V5H7-F1-model_v6.cif,0.99999994
5792,C6WX51,/home/s241850073/igem2026/results/clipzyme_native_extension_v1/structures/af_v6/AF-C6WX51-F1-model_v6.cif,0.99999994
5793,C6XAJ7,/home/s241850073/igem2026/results/clipzyme_native_extension_v1/structures/af_v6/AF-C6XAJ7-F1-model_v6.cif,1.0
5794,C6XAK0,/home/s241850073/igem2026/results/clipzyme_native_extension_v1/structures/af_v6/AF-C6XAK0-F1-model_v6.cif,0.99999994
5795,C7QAD7,/home/s241850073/igem2026/results/clipzyme_native_extension_v1/structures/af_v6/AF-C7QAD7-F1-model_v6.cif,0.99999994
5796,C7YS44,/home/s241850073/igem2026/results/clipzyme_native_extension_v1/structures/af_v6/AF-C7YS44-F1-model_v6.cif,1.0
5797,C8VQ92,/home/s241850073/igem2026/results/clipzyme_native_extension_v1/structures/af_v6/AF-C8VQ92-F1-model_v6.cif,1.0
5798,C8YTM5,/home/s241850073/igem2026/results/clipzyme_native_extension_v1/structures/af_v6/AF-C8YTM5-F1-model_v6.cif,1.0
5799,C9Z4F7,/home/s241850073/igem2026/results/clipzyme_native_extension_v1/structures/af_v6/AF-C9Z4F7-F1-model_v6.cif,0.99999994
5800,D0LZ73,/home/s241850073/igem2026/results/clipzyme_native_extension_v1/structures/af_v6/AF-D0LZ73-F1-model_v6.cif,1.0
5801,D1AD23,/home/s241850073/igem2026/results/clipzyme_native_extension_v1/structures/af_v6/AF-D1AD23-F1-model_v6.cif,1.0
5802,D1C299,/home/s241850073/igem2026/results/clipzyme_native_extension_v1/structures/af_v6/AF-D1C299-F1-model_v6.cif,1.0
5803,D1C7A6,/home/s241850073/igem2026/results/clipzyme_native_extension_v1/structures/af_v6/AF-D1C7A6-F1-model_v6.cif,1.0
5804,D1YZ66,/home/s241850073/igem2026/results/clipzyme_native_extension_v1/structures/af_v6/AF-D1YZ66-F1-model_v6.cif,1.0
5805,D2R185,/home/s241850073/igem2026/results/clipzyme_native_extension_v1/structures/af_v6/AF-D2R185-F1-model_v6.cif,1.0
5806,D2R4S0,/home/s241850073/igem2026/results/clipzyme_native_extension_v1/structures/af_v6/AF-D2R4S0-F1-model_v6.cif,0.99999994
5807,D2TV87,/home/s241850073/igem2026/results/clipzyme_native_extension_v1/structures/af_v6/AF-D2TV87-F1-model_v6.cif,1.0
5808,D2UX19,/home/s241850073/igem2026/results/clipzyme_native_extension_v1/structures/af_v6/AF-D2UX19-F1-model_v6.cif,0.99999994
5809,D2V660,/home/s241850073/igem2026/results/clipzyme_native_extension_v1/structures/af_v6/AF-D2V660-F1-model_v6.cif,1.0
5810,D2VPK5,/home/s241850073/igem2026/results/clipzyme_native_extension_v1/structures/af_v6/AF-D2VPK5-F1-model_v6.cif,1.0
5811,D2VWT4,/home/s241850073/igem2026/results/clipzyme_native_extension_v1/structures/af_v6/AF-D2VWT4-F1-model_v6.cif,0.99999994
5812,D3AXP8,/home/s241850073/igem2026/results/clipzyme_native_extension_v1/structures/af_v6/AF-D3AXP8-F1-model_v6.cif,1.0000001
5813,D3B347,/home/s241850073/igem2026/results/clipzyme_native_extension_v1/structures/af_v6/AF-D3B347-F1-model_v6.cif,1.0
5814,D3B3M1,/home/s241850073/igem2026/results/clipzyme_native_extension_v1/structures/af_v6/AF-D3B3M1-F1-model_v6.cif,0.99999994
5815,D3B6H0,/home/s241850073/igem2026/results/clipzyme_native_extension_v1/structures/af_v6/AF-D3B6H0-F1-model_v6.cif,1.0
5816,D3B783,/home/s241850073/igem2026/results/clipzyme_native_extension_v1/structures/af_v6/AF-D3B783-F1-model_v6.cif,1.0
5817,D3BCW7,/home/s241850073/igem2026/results/clipzyme_native_extension_v1/structures/af_v6/AF-D3BCW7-F1-model_v6.cif,1.0
5818,D3K0Q1,/home/s241850073/igem2026/results/clipzyme_native_extension_v1/structures/af_v6/AF-D3K0Q1-F1-model_v6.cif,1.0
5819,D3UJA7,/home/s241850073/igem2026/results/clipzyme_native_extension_v1/structures/af_v6/AF-D3UJA7-F1-model_v6.cif,0.99999994
5820,D4AQQ8,/home/s241850073/igem2026/results/clipzyme_native_extension_v1/structures/af_v6/AF-D4AQQ8-F1-model_v6.cif,1.0
5821,D4AYM5,/home/s241850073/igem2026/results/clipzyme_native_extension_v1/structures/af_v6/AF-D4AYM5-F1-model_v6.cif,1.0
5822,D4GVF7,/home/s241850073/igem2026/results/clipzyme_native_extension_v1/structures/af_v6/AF-D4GVF7-F1-model_v6.cif,1.0
5823,D4GYW6,/home/s241850073/igem2026/results/clipzyme_native_extension_v1/structures/af_v6/AF-D4GYW6-F1-model_v6.cif,0.99999994
5824,D5AAR6,/home/s241850073/igem2026/results/clipzyme_native_extension_v1/structures/af_v6/AF-D5AAR6-F1-model_v6.cif,0.99999994
5825,D5E1S7,/home/s241850073/igem2026/results/clipzyme_native_extension_v1/structures/af_v6/AF-D5E1S7-F1-model_v6.cif,0.99999994
5826,D5E1S9,/home/s241850073/igem2026/results/clipzyme_native_extension_v1/structures/af_v6/AF-D5E1S9-F1-model_v6.cif,1.0
5827,D5E1T2,/home/s241850073/igem2026/results/clipzyme_native_extension_v1/structures/af_v6/AF-D5E1T2-F1-model_v6.cif,1.0
5828,D5SJG7,/home/s241850073/igem2026/results/clipzyme_native_extension_v1/structures/af_v6/AF-D5SJG7-F1-model_v6.cif,0.99999994
5829,D5SJH0,/home/s241850073/igem2026/results/clipzyme_native_extension_v1/structures/af_v6/AF-D5SJH0-F1-model_v6.cif,1.0
5830,D5SK09,/home/s241850073/igem2026/results/clipzyme_native_extension_v1/structures/af_v6/AF-D5SK09-F1-model_v6.cif,1.0
5831,D5SKM9,/home/s241850073/igem2026/results/clipzyme_native_extension_v1/structures/af_v6/AF-D5SKM9-F1-model_v6.cif,1.0
5832,D5SL66,/home/s241850073/igem2026/results/clipzyme_native_extension_v1/structures/af_v6/AF-D5SL66-F1-model_v6.cif,1.0
5833,D5SLU6,/home/s241850073/igem2026/results/clipzyme_native_extension_v1/structures/af_v6/AF-D5SLU6-F1-model_v6.cif,1.0
5834,D5SLW8,/home/s241850073/igem2026/results/clipzyme_native_extension_v1/structures/af_v6/AF-D5SLW8-F1-model_v6.cif,1.0
5835,D6YUT2,/home/s241850073/igem2026/results/clipzyme_native_extension_v1/structures/af_v6/AF-D6YUT2-F1-model_v6.cif,0.99999994
5836,D7G8L9,/home/s241850073/igem2026/results/clipzyme_native_extension_v1/structures/af_v6/AF-D7G8L9-F1-model_v6.cif,1.0000001
5837,D7LHH2,/home/s241850073/igem2026/results/clipzyme_native_extension_v1/structures/af_v6/AF-D7LHH2-F1-model_v6.cif,1.0
5838,D7P5X0,/home/s241850073/igem2026/results/clipzyme_native_extension_v1/structures/af_v6/AF-D7P5X0-F1-model_v6.cif,1.0
5839,D7TK70,/home/s241850073/igem2026/results/clipzyme_native_extension_v1/structures/af_v6/AF-D7TK70-F1-model_v6.cif,0.99999994
5840,D8LFF9,/home/s241850073/igem2026/results/clipzyme_native_extension_v1/structures/af_v6/AF-D8LFF9-F1-model_v6.cif,1.0
5841,D8LQS7,/home/s241850073/igem2026/results/clipzyme_native_extension_v1/structures/af_v6/AF-D8LQS7-F1-model_v6.cif,1.0
5842,D8QSB7,/home/s241850073/igem2026/results/clipzyme_native_extension_v1/structures/af_v6/AF-D8QSB7-F1-model_v6.cif,0.99999994
5843,D8QSG1,/home/s241850073/igem2026/results/clipzyme_native_extension_v1/structures/af_v6/AF-D8QSG1-F1-model_v6.cif,1.0
5844,D8QTQ4,/home/s241850073/igem2026/results/clipzyme_native_extension_v1/structures/af_v6/AF-D8QTQ4-F1-model_v6.cif,1.0
5845,D8QZT8,/home/s241850073/igem2026/results/clipzyme_native_extension_v1/structures/af_v6/AF-D8QZT8-F1-model_v6.cif,1.0
5846,D8R1I0,/home/s241850073/igem2026/results/clipzyme_native_extension_v1/structures/af_v6/AF-D8R1I0-F1-model_v6.cif,1.0
5847,D8R6J2,/home/s241850073/igem2026/results/clipzyme_native_extension_v1/structures/af_v6/AF-D8R6J2-F1-model_v6.cif,0.99999994
5848,D8R8K4,/home/s241850073/igem2026/results/clipzyme_native_extension_v1/structures/af_v6/AF-D8R8K4-F1-model_v6.cif,1.0
5849,D8RBL2,/home/s241850073/igem2026/results/clipzyme_native_extension_v1/structures/af_v6/AF-D8RBL2-F1-model_v6.cif,0.99999994
5850,D8RCL2,/home/s241850073/igem2026/results/clipzyme_native_extension_v1/structures/af_v6/AF-D8RCL2-F1-model_v6.cif,0.99999994
5851,D8RHN9,/home/s241850073/igem2026/results/clipzyme_native_extension_v1/structures/af_v6/AF-D8RHN9-F1-model_v6.cif,1.0
5852,D8RK65,/home/s241850073/igem2026/results/clipzyme_native_extension_v1/structures/af_v6/AF-D8RK65-F1-model_v6.cif,1.0
5853,D8RLC9,/home/s241850073/igem2026/results/clipzyme_native_extension_v1/structures/af_v6/AF-D8RLC9-F1-model_v6.cif,1.0
5854,D8RLG0,/home/s241850073/igem2026/results/clipzyme_native_extension_v1/structures/af_v6/AF-D8RLG0-F1-model_v6.cif,1.0
5855,D8RLW8,/home/s241850073/igem2026/results/clipzyme_native_extension_v1/structures/af_v6/AF-D8RLW8-F1-model_v6.cif,0.99999994
5856,D8RNB1,/home/s241850073/igem2026/results/clipzyme_native_extension_v1/structures/af_v6/AF-D8RNB1-F1-model_v6.cif,1.0
5857,D8RNY2,/home/s241850073/igem2026/results/clipzyme_native_extension_v1/structures/af_v6/AF-D8RNY2-F1-model_v6.cif,0.99999994
5858,D8RT67,/home/s241850073/igem2026/results/clipzyme_native_extension_v1/structures/af_v6/AF-D8RT67-F1-model_v6.cif,1.0
5859,D8RVF7,/home/s241850073/igem2026/results/clipzyme_native_extension_v1/structures/af_v6/AF-D8RVF7-F1-model_v6.cif,1.0
5860,D8S255,/home/s241850073/igem2026/results/clipzyme_native_extension_v1/structures/af_v6/AF-D8S255-F1-model_v6.cif,1.0
5861,D8S6V7,/home/s241850073/igem2026/results/clipzyme_native_extension_v1/structures/af_v6/AF-D8S6V7-F1-model_v6.cif,1.0
5862,D8SF82,/home/s241850073/igem2026/results/clipzyme_native_extension_v1/structures/af_v6/AF-D8SF82-F1-model_v6.cif,1.0
5863,D8SFA4,/home/s241850073/igem2026/results/clipzyme_native_extension_v1/structures/af_v6/AF-D8SFA4-F1-model_v6.cif,1.0
5864,D8T3T7,/home/s241850073/igem2026/results/clipzyme_native_extension_v1/structures/af_v6/AF-D8T3T7-F1-model_v6.cif,0.99999994
5865,D8T7C3,/home/s241850073/igem2026/results/clipzyme_native_extension_v1/structures/af_v6/AF-D8T7C3-F1-model_v6.cif,0.99999994
5866,D8T7C7,/home/s241850073/igem2026/results/clipzyme_native_extension_v1/structures/af_v6/AF-D8T7C7-F1-model_v6.cif,1.0
5867,D9J0D3,/home/s241850073/igem2026/results/clipzyme_native_extension_v1/structures/af_v6/AF-D9J0D3-F1-model_v6.cif,1.0
5868,D9J0D4,/home/s241850073/igem2026/results/clipzyme_native_extension_v1/structures/af_v6/AF-D9J0D4-F1-model_v6.cif,1.0
5869,D9J0D5,/home/s241850073/igem2026/results/clipzyme_native_extension_v1/structures/af_v6/AF-D9J0D5-F1-model_v6.cif,1.0
5870,E0SKP1,/home/s241850073/igem2026/results/clipzyme_native_extension_v1/structures/af_v6/AF-E0SKP1-F1-model_v6.cif,0.99999994
5871,E1AQY3,/home/s241850073/igem2026/results/clipzyme_native_extension_v1/structures/af_v6/AF-E1AQY3-F1-model_v6.cif,1.0
5872,E2Q1N9,/home/s241850073/igem2026/results/clipzyme_native_extension_v1/structures/af_v6/AF-E2Q1N9-F1-model_v6.cif,1.0
5873,E2Q1P2,/home/s241850073/igem2026/results/clipzyme_native_extension_v1/structures/af_v6/AF-E2Q1P2-F1-model_v6.cif,0.99999994
5874,E2RTQ7,/home/s241850073/igem2026/results/clipzyme_native_extension_v1/structures/af_v6/AF-E2RTQ7-F1-model_v6.cif,1.0
5875,E5GAF3,/home/s241850073/igem2026/results/clipzyme_native_extension_v1/structures/af_v6/AF-E5GAF3-F1-model_v6.cif,0.99999994
5876,E5GAF5,/home/s241850073/igem2026/results/clipzyme_native_extension_v1/structures/af_v6/AF-E5GAF5-F1-model_v6.cif,1.0
5877,E5L4Y4,/home/s241850073/igem2026/results/clipzyme_native_extension_v1/structures/af_v6/AF-E5L4Y4-F1-model_v6.cif,1.0
5878,E5XM62,/home/s241850073/igem2026/results/clipzyme_native_extension_v1/structures/af_v6/AF-E5XM62-F1-model_v6.cif,1.0
5879,E6LDH5,/home/s241850073/igem2026/results/clipzyme_native_extension_v1/structures/af_v6/AF-E6LDH5-F1-model_v6.cif,0.99999994
5880,E9F2P5,/home/s241850073/igem2026/results/clipzyme_native_extension_v1/structures/af_v6/AF-E9F2P5-F1-model_v6.cif,0.99999994
5881,F1SVF8,/home/s241850073/igem2026/results/clipzyme_native_extension_v1/structures/af_v6/AF-F1SVF8-F1-model_v6.cif,0.99999994
5882,F2CWK5,/home/s241850073/igem2026/results/clipzyme_native_extension_v1/structures/af_v6/AF-F2CWK5-F1-model_v6.cif,0.99999994
5883,F2CZ41,/home/s241850073/igem2026/results/clipzyme_native_extension_v1/structures/af_v6/AF-F2CZ41-F1-model_v6.cif,0.99999994
5884,F2EIF5,/home/s241850073/igem2026/results/clipzyme_native_extension_v1/structures/af_v6/AF-F2EIF5-F1-model_v6.cif,0.99999994
5885,F2EJF1,/home/s241850073/igem2026/results/clipzyme_native_extension_v1/structures/af_v6/AF-F2EJF1-F1-model_v6.cif,1.0
5886,F4HVE4,/home/s241850073/igem2026/results/clipzyme_native_extension_v1/structures/af_v6/AF-F4HVE4-F1-model_v6.cif,1.0
5887,F4QDV8,/home/s241850073/igem2026/results/clipzyme_native_extension_v1/structures/af_v6/AF-F4QDV8-F1-model_v6.cif,1.0
5888,F6GVI0,/home/s241850073/igem2026/results/clipzyme_native_extension_v1/structures/af_v6/AF-F6GVI0-F1-model_v6.cif,0.99999994
5889,F6GXN8,/home/s241850073/igem2026/results/clipzyme_native_extension_v1/structures/af_v6/AF-F6GXN8-F1-model_v6.cif,0.99999994
5890,F6H870,/home/s241850073/igem2026/results/clipzyme_native_extension_v1/structures/af_v6/AF-F6H870-F1-model_v6.cif,1.0
5891,F6HMZ9,/home/s241850073/igem2026/results/clipzyme_native_extension_v1/structures/af_v6/AF-F6HMZ9-F1-model_v6.cif,0.99999994
5892,F6HN03,/home/s241850073/igem2026/results/clipzyme_native_extension_v1/structures/af_v6/AF-F6HN03-F1-model_v6.cif,0.99999994
5893,F6I4Y2,/home/s241850073/igem2026/results/clipzyme_native_extension_v1/structures/af_v6/AF-F6I4Y2-F1-model_v6.cif,1.0
5894,F6NXI9,/home/s241850073/igem2026/results/clipzyme_native_extension_v1/structures/af_v6/AF-F6NXI9-F1-model_v6.cif,1.0
5895,F8G0P1,/home/s241850073/igem2026/results/clipzyme_native_extension_v1/structures/af_v6/AF-F8G0P1-F1-model_v6.cif,0.99999994
5896,F8G0P2,/home/s241850073/igem2026/results/clipzyme_native_extension_v1/structures/af_v6/AF-F8G0P2-F1-model_v6.cif,0.99999994
5897,F8J3H2,/home/s241850073/igem2026/results/clipzyme_native_extension_v1/structures/af_v6/AF-F8J3H2-F1-model_v6.cif,1.0
5898,F8JK18,/home/s241850073/igem2026/results/clipzyme_native_extension_v1/structures/af_v6/AF-F8JK18-F1-model_v6.cif,1.0
5899,F8JSS1,/home/s241850073/igem2026/results/clipzyme_native_extension_v1/structures/af_v6/AF-F8JSS1-F1-model_v6.cif,0.99999994
5900,F8Q3G2,/home/s241850073/igem2026/results/clipzyme_native_extension_v1/structures/af_v6/AF-F8Q3G2-F1-model_v6.cif,1.0
5901,F8SK83,/home/s241850073/igem2026/results/clipzyme_native_extension_v1/structures/af_v6/AF-F8SK83-F1-model_v6.cif,0.99999994
5902,F9WHH2,/home/s241850073/igem2026/results/clipzyme_native_extension_v1/structures/af_v6/AF-F9WHH2-F1-model_v6.cif,0.99999994
5903,G0SEK5,/home/s241850073/igem2026/results/clipzyme_native_extension_v1/structures/af_v6/AF-G0SEK5-F1-model_v6.cif,0.99999994
5904,G0XS43,/home/s241850073/igem2026/results/clipzyme_native_extension_v1/structures/af_v6/AF-G0XS43-F1-model_v6.cif,0.99999994
5905,G0XS44,/home/s241850073/igem2026/results/clipzyme_native_extension_v1/structures/af_v6/AF-G0XS44-F1-model_v6.cif,1.0
5906,G1FNI6,/home/s241850073/igem2026/results/clipzyme_native_extension_v1/structures/af_v6/AF-G1FNI6-F1-model_v6.cif,0.99999994
5907,G1XCQ4,/home/s241850073/igem2026/results/clipzyme_native_extension_v1/structures/af_v6/AF-G1XCQ4-F1-model_v6.cif,0.99999994
5908,G3X8U3,/home/s241850073/igem2026/results/clipzyme_native_extension_v1/structures/af_v6/AF-G3X8U3-F1-model_v6.cif,1.0
5909,G3YC86,/home/s241850073/igem2026/results/clipzyme_native_extension_v1/structures/af_v6/AF-G3YC86-F1-model_v6.cif,1.0
5910,G3YD89,/home/s241850073/igem2026/results/clipzyme_native_extension_v1/structures/af_v6/AF-G3YD89-F1-model_v6.cif,1.0
5911,G3YFS7,/home/s241850073/igem2026/results/clipzyme_native_extension_v1/structures/af_v6/AF-G3YFS7-F1-model_v6.cif,1.0
5912,G5CV44,/home/s241850073/igem2026/results/clipzyme_native_extension_v1/structures/af_v6/AF-G5CV44-F1-model_v6.cif,1.0
5913,G5EKM9,/home/s241850073/igem2026/results/clipzyme_native_extension_v1/structures/af_v6/AF-G5EKM9-F1-model_v6.cif,1.0
5914,G7L9D3,/home/s241850073/igem2026/results/clipzyme_native_extension_v1/structures/af_v6/AF-G7L9D3-F1-model_v6.cif,1.0
5915,G8H5N3,/home/s241850073/igem2026/results/clipzyme_native_extension_v1/structures/af_v6/AF-G8H5N3-F1-model_v6.cif,1.0
5916,G9MAP1,/home/s241850073/igem2026/results/clipzyme_native_extension_v1/structures/af_v6/AF-G9MAP1-F1-model_v6.cif,1.0
5917,H3ZJY5,/home/s241850073/igem2026/results/clipzyme_native_extension_v1/structures/af_v6/AF-H3ZJY5-F1-model_v6.cif,1.0
5918,H3ZR39,/home/s241850073/igem2026/results/clipzyme_native_extension_v1/structures/af_v6/AF-H3ZR39-F1-model_v6.cif,1.0
5919,H6L0C9,/home/s241850073/igem2026/results/clipzyme_native_extension_v1/structures/af_v6/AF-H6L0C9-F1-model_v6.cif,0.99999994
5920,H8GKJ8,/home/s241850073/igem2026/results/clipzyme_native_extension_v1/structures/af_v6/AF-H8GKJ8-F1-model_v6.cif,1.0
5921,H8L4X2,/home/s241850073/igem2026/results/clipzyme_native_extension_v1/structures/af_v6/AF-H8L4X2-F1-model_v6.cif,1.0
5922,H9XP47,/home/s241850073/igem2026/results/clipzyme_native_extension_v1/structures/af_v6/AF-H9XP47-F1-model_v6.cif,1.0
5923,I0I800,/home/s241850073/igem2026/results/clipzyme_native_extension_v1/structures/af_v6/AF-I0I800-F1-model_v6.cif,1.0
5924,I2MV26,/home/s241850073/igem2026/results/clipzyme_native_extension_v1/structures/af_v6/AF-I2MV26-F1-model_v6.cif,1.0
5925,I4DJ24,/home/s241850073/igem2026/results/clipzyme_native_extension_v1/structures/af_v6/AF-I4DJ24-F1-model_v6.cif,1.0
5926,I4EKS2,/home/s241850073/igem2026/results/clipzyme_native_extension_v1/structures/af_v6/AF-I4EKS2-F1-model_v6.cif,1.0
5927,I4YEV5,/home/s241850073/igem2026/results/clipzyme_native_extension_v1/structures/af_v6/AF-I4YEV5-F1-model_v6.cif,1.0
5928,I6XFS7,/home/s241850073/igem2026/results/clipzyme_native_extension_v1/structures/af_v6/AF-I6XFS7-F1-model_v6.cif,1.0
5929,I7G810,/home/s241850073/igem2026/results/clipzyme_native_extension_v1/structures/af_v6/AF-I7G810-F1-model_v6.cif,1.0
5930,J0D8B1,/home/s241850073/igem2026/results/clipzyme_native_extension_v1/structures/af_v6/AF-J0D8B1-F1-model_v6.cif,1.0
5931,J0MXJ0,/home/s241850073/igem2026/results/clipzyme_native_extension_v1/structures/af_v6/AF-J0MXJ0-F1-model_v6.cif,1.0
5932,J0MXK0,/home/s241850073/igem2026/results/clipzyme_native_extension_v1/structures/af_v6/AF-J0MXK0-F1-model_v6.cif,1.0
5933,J1H0Z7,/home/s241850073/igem2026/results/clipzyme_native_extension_v1/structures/af_v6/AF-J1H0Z7-F1-model_v6.cif,1.0
5934,J1H1H5,/home/s241850073/igem2026/results/clipzyme_native_extension_v1/structures/af_v6/AF-J1H1H5-F1-model_v6.cif,1.0
5935,J1H1J3,/home/s241850073/igem2026/results/clipzyme_native_extension_v1/structures/af_v6/AF-J1H1J3-F1-model_v6.cif,0.99999994
5936,J2T8D5,/home/s241850073/igem2026/results/clipzyme_native_extension_v1/structures/af_v6/AF-J2T8D5-F1-model_v6.cif,1.0
5937,J3KUM1,/home/s241850073/igem2026/results/clipzyme_native_extension_v1/structures/af_v6/AF-J3KUM1-F1-model_v6.cif,1.0
5938,J3KUM5,/home/s241850073/igem2026/results/clipzyme_native_extension_v1/structures/af_v6/AF-J3KUM5-F1-model_v6.cif,1.0
5939,J3KUM7,/home/s241850073/igem2026/results/clipzyme_native_extension_v1/structures/af_v6/AF-J3KUM7-F1-model_v6.cif,1.0
5940,J3LNY9,/home/s241850073/igem2026/results/clipzyme_native_extension_v1/structures/af_v6/AF-J3LNY9-F1-model_v6.cif,1.0
5941,J3LVN5,/home/s241850073/igem2026/results/clipzyme_native_extension_v1/structures/af_v6/AF-J3LVN5-F1-model_v6.cif,1.0
5942,J3MQP7,/home/s241850073/igem2026/results/clipzyme_native_extension_v1/structures/af_v6/AF-J3MQP7-F1-model_v6.cif,0.99999994
5943,J3NYX9,/home/s241850073/igem2026/results/clipzyme_native_extension_v1/structures/af_v6/AF-J3NYX9-F1-model_v6.cif,1.0
5944,J4H3Q5,/home/s241850073/igem2026/results/clipzyme_native_extension_v1/structures/af_v6/AF-J4H3Q5-F1-model_v6.cif,1.0
5945,J7FIP9,/home/s241850073/igem2026/results/clipzyme_native_extension_v1/structures/af_v6/AF-J7FIP9-F1-model_v6.cif,1.0
5946,J7FJH0,/home/s241850073/igem2026/results/clipzyme_native_extension_v1/structures/af_v6/AF-J7FJH0-F1-model_v6.cif,1.0
5947,J8CSK2,/home/s241850073/igem2026/results/clipzyme_native_extension_v1/structures/af_v6/AF-J8CSK2-F1-model_v6.cif,1.0
5948,J9R393,/home/s241850073/igem2026/results/clipzyme_native_extension_v1/structures/af_v6/AF-J9R393-F1-model_v6.cif,0.99999994
5949,K0ES71,/home/s241850073/igem2026/results/clipzyme_native_extension_v1/structures/af_v6/AF-K0ES71-F1-model_v6.cif,0.99999994
5950,K1WLW7,/home/s241850073/igem2026/results/clipzyme_native_extension_v1/structures/af_v6/AF-K1WLW7-F1-model_v6.cif,1.0
5951,K1WWF7,/home/s241850073/igem2026/results/clipzyme_native_extension_v1/structures/af_v6/AF-K1WWF7-F1-model_v6.cif,0.99999994
5952,K3XRN2,/home/s241850073/igem2026/results/clipzyme_native_extension_v1/structures/af_v6/AF-K3XRN2-F1-model_v6.cif,0.99999994
5953,K3Y2U0,/home/s241850073/igem2026/results/clipzyme_native_extension_v1/structures/af_v6/AF-K3Y2U0-F1-model_v6.cif,1.0
5954,K4AL35,/home/s241850073/igem2026/results/clipzyme_native_extension_v1/structures/af_v6/AF-K4AL35-F1-model_v6.cif,0.9999999
5955,K4AMF5,/home/s241850073/igem2026/results/clipzyme_native_extension_v1/structures/af_v6/AF-K4AMF5-F1-model_v6.cif,1.0
5956,K4B6C9,/home/s241850073/igem2026/results/clipzyme_native_extension_v1/structures/af_v6/AF-K4B6C9-F1-model_v6.cif,0.99999994
5957,K7M0F3,/home/s241850073/igem2026/results/clipzyme_native_extension_v1/structures/af_v6/AF-K7M0F3-F1-model_v6.cif,1.0
5958,K7TKS3,/home/s241850073/igem2026/results/clipzyme_native_extension_v1/structures/af_v6/AF-K7TKS3-F1-model_v6.cif,1.0
5959,K7WDC8,/home/s241850073/igem2026/results/clipzyme_native_extension_v1/structures/af_v6/AF-K7WDC8-F1-model_v6.cif,0.99999994
5960,K9GWU7,/home/s241850073/igem2026/results/clipzyme_native_extension_v1/structures/af_v6/AF-K9GWU7-F1-model_v6.cif,1.0
5961,K9WYE1,/home/s241850073/igem2026/results/clipzyme_native_extension_v1/structures/af_v6/AF-K9WYE1-F1-model_v6.cif,1.0
5962,L0I517,/home/s241850073/igem2026/results/clipzyme_native_extension_v1/structures/af_v6/AF-L0I517-F1-model_v6.cif,1.0
5963,L0I9I1,/home/s241850073/igem2026/results/clipzyme_native_extension_v1/structures/af_v6/AF-L0I9I1-F1-model_v6.cif,1.0
5964,L0IF41,/home/s241850073/igem2026/results/clipzyme_native_extension_v1/structures/af_v6/AF-L0IF41-F1-model_v6.cif,1.0
5965,L7STW1,/home/s241850073/igem2026/results/clipzyme_native_extension_v1/structures/af_v6/AF-L7STW1-F1-model_v6.cif,1.0
5966,L8WIV0,/home/s241850073/igem2026/results/clipzyme_native_extension_v1/structures/af_v6/AF-L8WIV0-F1-model_v6.cif,0.99999994
5967,L9ZKF2,/home/s241850073/igem2026/results/clipzyme_native_extension_v1/structures/af_v6/AF-L9ZKF2-F1-model_v6.cif,1.0
5968,M0ZP68,/home/s241850073/igem2026/results/clipzyme_native_extension_v1/structures/af_v6/AF-M0ZP68-F1-model_v6.cif,1.0
5969,M1ASI0,/home/s241850073/igem2026/results/clipzyme_native_extension_v1/structures/af_v6/AF-M1ASI0-F1-model_v6.cif,1.0000001
5970,M1B0L8,/home/s241850073/igem2026/results/clipzyme_native_extension_v1/structures/af_v6/AF-M1B0L8-F1-model_v6.cif,1.0
5971,M1BET9,/home/s241850073/igem2026/results/clipzyme_native_extension_v1/structures/af_v6/AF-M1BET9-F1-model_v6.cif,1.0
5972,M1BIR2,/home/s241850073/igem2026/results/clipzyme_native_extension_v1/structures/af_v6/AF-M1BIR2-F1-model_v6.cif,1.0
5973,M1BK50,/home/s241850073/igem2026/results/clipzyme_native_extension_v1/structures/af_v6/AF-M1BK50-F1-model_v6.cif,0.9999999
5974,M1BR35,/home/s241850073/igem2026/results/clipzyme_native_extension_v1/structures/af_v6/AF-M1BR35-F1-model_v6.cif,0.99999994
5975,M1BVP3,/home/s241850073/igem2026/results/clipzyme_native_extension_v1/structures/af_v6/AF-M1BVP3-F1-model_v6.cif,0.99999994
5976,M1CUM2,/home/s241850073/igem2026/results/clipzyme_native_extension_v1/structures/af_v6/AF-M1CUM2-F1-model_v6.cif,1.0
5977,M1D2F6,/home/s241850073/igem2026/results/clipzyme_native_extension_v1/structures/af_v6/AF-M1D2F6-F1-model_v6.cif,0.99999994
5978,M1DK32,/home/s241850073/igem2026/results/clipzyme_native_extension_v1/structures/af_v6/AF-M1DK32-F1-model_v6.cif,1.0
5979,M1DKK8,/home/s241850073/igem2026/results/clipzyme_native_extension_v1/structures/af_v6/AF-M1DKK8-F1-model_v6.cif,1.0
5980,M1UZ07,/home/s241850073/igem2026/results/clipzyme_native_extension_v1/structures/af_v6/AF-M1UZ07-F1-model_v6.cif,1.0
5981,M1UZ09,/home/s241850073/igem2026/results/clipzyme_native_extension_v1/structures/af_v6/AF-M1UZ09-F1-model_v6.cif,0.99999994
5982,M1V8J8,/home/s241850073/igem2026/results/clipzyme_native_extension_v1/structures/af_v6/AF-M1V8J8-F1-model_v6.cif,1.0
5983,M1V8K0,/home/s241850073/igem2026/results/clipzyme_native_extension_v1/structures/af_v6/AF-M1V8K0-F1-model_v6.cif,1.0
5984,M1VE36,/home/s241850073/igem2026/results/clipzyme_native_extension_v1/structures/af_v6/AF-M1VE36-F1-model_v6.cif,1.0
5985,M1VJS5,/home/s241850073/igem2026/results/clipzyme_native_extension_v1/structures/af_v6/AF-M1VJS5-F1-model_v6.cif,0.99999994
5986,M1VNH2,/home/s241850073/igem2026/results/clipzyme_native_extension_v1/structures/af_v6/AF-M1VNH2-F1-model_v6.cif,0.99999994
5987,M2LEN3,/home/s241850073/igem2026/results/clipzyme_native_extension_v1/structures/af_v6/AF-M2LEN3-F1-model_v6.cif,1.0
5988,M2MYI8,/home/s241850073/igem2026/results/clipzyme_native_extension_v1/structures/af_v6/AF-M2MYI8-F1-model_v6.cif,0.99999994
5989,M2QMG2,/home/s241850073/igem2026/results/clipzyme_native_extension_v1/structures/af_v6/AF-M2QMG2-F1-model_v6.cif,1.0
5990,M2QYL2,/home/s241850073/igem2026/results/clipzyme_native_extension_v1/structures/af_v6/AF-M2QYL2-F1-model_v6.cif,1.0
5991,M2R4X3,/home/s241850073/igem2026/results/clipzyme_native_extension_v1/structures/af_v6/AF-M2R4X3-F1-model_v6.cif,0.99999994
5992,M2RRP0,/home/s241850073/igem2026/results/clipzyme_native_extension_v1/structures/af_v6/AF-M2RRP0-F1-model_v6.cif,1.0
5993,M2T004,/home/s241850073/igem2026/results/clipzyme_native_extension_v1/structures/af_v6/AF-M2T004-F1-model_v6.cif,0.99999994
5994,M2T5I5,/home/s241850073/igem2026/results/clipzyme_native_extension_v1/structures/af_v6/AF-M2T5I5-F1-model_v6.cif,1.0
5995,M2T8L7,/home/s241850073/igem2026/results/clipzyme_native_extension_v1/structures/af_v6/AF-M2T8L7-F1-model_v6.cif,0.99999994
5996,M2VBY9,/home/s241850073/igem2026/results/clipzyme_native_extension_v1/structures/af_v6/AF-M2VBY9-F1-model_v6.cif,1.0
5997,M2ZW45,/home/s241850073/igem2026/results/clipzyme_native_extension_v1/structures/af_v6/AF-M2ZW45-F1-model_v6.cif,1.0
5998,M3C159,/home/s241850073/igem2026/results/clipzyme_native_extension_v1/structures/af_v6/AF-M3C159-F1-model_v6.cif,0.99999994
5999,M3CBS2,/home/s241850073/igem2026/results/clipzyme_native_extension_v1/structures/af_v6/AF-M3CBS2-F1-model_v6.cif,0.99999994
6000,M4CFI6,/home/s241850073/igem2026/results/clipzyme_native_extension_v1/structures/af_v6/AF-M4CFI6-F1-model_v6.cif,1.0
6001,M4CZS0,/home/s241850073/igem2026/results/clipzyme_native_extension_v1/structures/af_v6/AF-M4CZS0-F1-model_v6.cif,1.0
6002,M4EE68,/home/s241850073/igem2026/results/clipzyme_native_extension_v1/structures/af_v6/AF-M4EE68-F1-model_v6.cif,1.0
6003,M5FSC0,/home/s241850073/igem2026/results/clipzyme_native_extension_v1/structures/af_v6/AF-M5FSC0-F1-model_v6.cif,1.0
6004,M5G1B5,/home/s241850073/igem2026/results/clipzyme_native_extension_v1/structures/af_v6/AF-M5G1B5-F1-model_v6.cif,1.0
6005,M5XA29,/home/s241850073/igem2026/results/clipzyme_native_extension_v1/structures/af_v6/AF-M5XA29-F1-model_v6.cif,0.99999994
6006,M7XGU0,/home/s241850073/igem2026/results/clipzyme_native_extension_v1/structures/af_v6/AF-M7XGU0-F1-model_v6.cif,1.0
6007,O04316,/home/s241850073/igem2026/results/clipzyme_native_extension_v1/structures/af_v6/AF-O04316-F1-model_v6.cif,1.0
6008,O04318,/home/s241850073/igem2026/results/clipzyme_native_extension_v1/structures/af_v6/AF-O04318-F1-model_v6.cif,0.99999994
6009,O05527,/home/s241850073/igem2026/results/clipzyme_native_extension_v1/structures/af_v6/AF-O05527-F1-model_v6.cif,0.99999994
6010,O05948,/home/s241850073/igem2026/results/clipzyme_native_extension_v1/structures/af_v6/AF-O05948-F1-model_v6.cif,1.0
6011,O07347,/home/s241850073/igem2026/results/clipzyme_native_extension_v1/structures/af_v6/AF-O07347-F1-model_v6.cif,1.0
6012,O07853,/home/s241850073/igem2026/results/clipzyme_native_extension_v1/structures/af_v6/AF-O07853-F1-model_v6.cif,1.0
6013,O07948,/home/s241850073/igem2026/results/clipzyme_native_extension_v1/structures/af_v6/AF-O07948-F1-model_v6.cif,0.99999994
6014,O13899,/home/s241850073/igem2026/results/clipzyme_native_extension_v1/structures/af_v6/AF-O13899-F1-model_v6.cif,0.99999994
6015,O18333,/home/s241850073/igem2026/results/clipzyme_native_extension_v1/structures/af_v6/AF-O18333-F1-model_v6.cif,1.0
6016,O25458,/home/s241850073/igem2026/results/clipzyme_native_extension_v1/structures/af_v6/AF-O25458-F1-model_v6.cif,1.0000001
6017,O25853,/home/s241850073/igem2026/results/clipzyme_native_extension_v1/structures/af_v6/AF-O25853-F1-model_v6.cif,1.0
6018,O25857,/home/s241850073/igem2026/results/clipzyme_native_extension_v1/structures/af_v6/AF-O25857-F1-model_v6.cif,1.0
6019,O25858,/home/s241850073/igem2026/results/clipzyme_native_extension_v1/structures/af_v6/AF-O25858-F1-model_v6.cif,0.99999994
6020,O25860,/home/s241850073/igem2026/results/clipzyme_native_extension_v1/structures/af_v6/AF-O25860-F1-model_v6.cif,1.0
6021,O27376,/home/s241850073/igem2026/results/clipzyme_native_extension_v1/structures/af_v6/AF-O27376-F1-model_v6.cif,1.0
6022,O29633,/home/s241850073/igem2026/results/clipzyme_native_extension_v1/structures/af_v6/AF-O29633-F1-model_v6.cif,1.0
6023,O30391,/home/s241850073/igem2026/results/clipzyme_native_extension_v1/structures/af_v6/AF-O30391-F1-model_v6.cif,1.0
6024,O32861,/home/s241850073/igem2026/results/clipzyme_native_extension_v1/structures/af_v6/AF-O32861-F1-model_v6.cif,1.0
6025,O33010,/home/s241850073/igem2026/results/clipzyme_native_extension_v1/structures/af_v6/AF-O33010-F1-model_v6.cif,1.0
6026,O33013,/home/s241850073/igem2026/results/clipzyme_native_extension_v1/structures/af_v6/AF-O33013-F1-model_v6.cif,1.0
6027,O33125,/home/s241850073/igem2026/results/clipzyme_native_extension_v1/structures/af_v6/AF-O33125-F1-model_v6.cif,1.0
6028,O34639,/home/s241850073/igem2026/results/clipzyme_native_extension_v1/structures/af_v6/AF-O34639-F1-model_v6.cif,1.0
6029,O34846,/home/s241850073/igem2026/results/clipzyme_native_extension_v1/structures/af_v6/AF-O34846-F1-model_v6.cif,0.99999994
6030,O49326,/home/s241850073/igem2026/results/clipzyme_native_extension_v1/structures/af_v6/AF-O49326-F1-model_v6.cif,0.99999994
6031,O50131,/home/s241850073/igem2026/results/clipzyme_native_extension_v1/structures/af_v6/AF-O50131-F1-model_v6.cif,0.99999994
6032,O53388,/home/s241850073/igem2026/results/clipzyme_native_extension_v1/structures/af_v6/AF-O53388-F1-model_v6.cif,0.99999994
6033,O59307,/home/s241850073/igem2026/results/clipzyme_native_extension_v1/structures/af_v6/AF-O59307-F1-model_v6.cif,1.0
6034,O66826,/home/s241850073/igem2026/results/clipzyme_native_extension_v1/structures/af_v6/AF-O66826-F1-model_v6.cif,1.0
6035,O66841,/home/s241850073/igem2026/results/clipzyme_native_extension_v1/structures/af_v6/AF-O66841-F1-model_v6.cif,1.0
6036,O67066,/home/s241850073/igem2026/results/clipzyme_native_extension_v1/structures/af_v6/AF-O67066-F1-model_v6.cif,1.0
6037,O67334,/home/s241850073/igem2026/results/clipzyme_native_extension_v1/structures/af_v6/AF-O67334-F1-model_v6.cif,1.0
6038,O67335,/home/s241850073/igem2026/results/clipzyme_native_extension_v1/structures/af_v6/AF-O67335-F1-model_v6.cif,1.0
6039,O67336,/home/s241850073/igem2026/results/clipzyme_native_extension_v1/structures/af_v6/AF-O67336-F1-model_v6.cif,1.0
6040,O67337,/home/s241850073/igem2026/results/clipzyme_native_extension_v1/structures/af_v6/AF-O67337-F1-model_v6.cif,0.9999999
6041,O67339,/home/s241850073/igem2026/results/clipzyme_native_extension_v1/structures/af_v6/AF-O67339-F1-model_v6.cif,0.99999994
6042,O67342,/home/s241850073/igem2026/results/clipzyme_native_extension_v1/structures/af_v6/AF-O67342-F1-model_v6.cif,1.0
6043,O67386,/home/s241850073/igem2026/results/clipzyme_native_extension_v1/structures/af_v6/AF-O67386-F1-model_v6.cif,1.0
6044,O67388,/home/s241850073/igem2026/results/clipzyme_native_extension_v1/structures/af_v6/AF-O67388-F1-model_v6.cif,1.0
6045,O67391,/home/s241850073/igem2026/results/clipzyme_native_extension_v1/structures/af_v6/AF-O67391-F1-model_v6.cif,0.99999994
6046,O67615,/home/s241850073/igem2026/results/clipzyme_native_extension_v1/structures/af_v6/AF-O67615-F1-model_v6.cif,1.0
6047,O68852,/home/s241850073/igem2026/results/clipzyme_native_extension_v1/structures/af_v6/AF-O68852-F1-model_v6.cif,1.0
6048,O68853,/home/s241850073/igem2026/results/clipzyme_native_extension_v1/structures/af_v6/AF-O68853-F1-model_v6.cif,1.0
6049,O68854,/home/s241850073/igem2026/results/clipzyme_native_extension_v1/structures/af_v6/AF-O68854-F1-model_v6.cif,1.0
6050,O74544,/home/s241850073/igem2026/results/clipzyme_native_extension_v1/structures/af_v6/AF-O74544-F1-model_v6.cif,0.99999994
6051,O74824,/home/s241850073/igem2026/results/clipzyme_native_extension_v1/structures/af_v6/AF-O74824-F1-model_v6.cif,1.0
6052,O84925,/home/s241850073/igem2026/results/clipzyme_native_extension_v1/structures/af_v6/AF-O84925-F1-model_v6.cif,1.0
6053,O84969,/home/s241850073/igem2026/results/clipzyme_native_extension_v1/structures/af_v6/AF-O84969-F1-model_v6.cif,0.99999994
6054,O84970,/home/s241850073/igem2026/results/clipzyme_native_extension_v1/structures/af_v6/AF-O84970-F1-model_v6.cif,1.0
6055,O84971,/home/s241850073/igem2026/results/clipzyme_native_extension_v1/structures/af_v6/AF-O84971-F1-model_v6.cif,0.99999994
6056,O85273,/home/s241850073/igem2026/results/clipzyme_native_extension_v1/structures/af_v6/AF-O85273-F1-model_v6.cif,0.99999994
6057,P02915,/home/s241850073/igem2026/results/clipzyme_native_extension_v1/structures/af_v6/AF-P02915-F1-model_v6.cif,0.99999994
6058,P07109,/home/s241850073/igem2026/results/clipzyme_native_extension_v1/structures/af_v6/AF-P07109-F1-model_v6.cif,1.0
6059,P0A1Y7,/home/s241850073/igem2026/results/clipzyme_native_extension_v1/structures/af_v6/AF-P0A1Y7-F1-model_v6.cif,1.0
6060,P0A1Y9,/home/s241850073/igem2026/results/clipzyme_native_extension_v1/structures/af_v6/AF-P0A1Y9-F1-model_v6.cif,0.99999994
6061,P0AFE3,/home/s241850073/igem2026/results/clipzyme_native_extension_v1/structures/af_v6/AF-P0AFE3-F1-model_v6.cif,1.0
6062,P0AFE9,/home/s241850073/igem2026/results/clipzyme_native_extension_v1/structures/af_v6/AF-P0AFE9-F1-model_v6.cif,1.0
6063,P0AFF1,/home/s241850073/igem2026/results/clipzyme_native_extension_v1/structures/af_v6/AF-P0AFF1-F1-model_v6.cif,0.99999994
6064,P0AGD9,/home/s241850073/igem2026/results/clipzyme_native_extension_v1/structures/af_v6/AF-P0AGD9-F1-model_v6.cif,1.0
6065,P0C6Q2,/home/s241850073/igem2026/results/clipzyme_native_extension_v1/structures/af_v6/AF-P0C6Q2-F1-model_v6.cif,0.99999994
6066,P0CJ42,/home/s241850073/igem2026/results/clipzyme_native_extension_v1/structures/af_v6/AF-P0CJ42-F1-model_v6.cif,0.99999994
6067,P0CT31,/home/s241850073/igem2026/results/clipzyme_native_extension_v1/structures/af_v6/AF-P0CT31-F1-model_v6.cif,0.99999994
6068,P0CV97,/home/s241850073/igem2026/results/clipzyme_native_extension_v1/structures/af_v6/AF-P0CV97-F1-model_v6.cif,1.0
6069,P0DO46,/home/s241850073/igem2026/results/clipzyme_native_extension_v1/structures/af_v6/AF-P0DO46-F1-model_v6.cif,1.0
6070,P0DO47,/home/s241850073/igem2026/results/clipzyme_native_extension_v1/structures/af_v6/AF-P0DO47-F1-model_v6.cif,1.0
6071,P0DO48,/home/s241850073/igem2026/results/clipzyme_native_extension_v1/structures/af_v6/AF-P0DO48-F1-model_v6.cif,1.0
6072,P0DO49,/home/s241850073/igem2026/results/clipzyme_native_extension_v1/structures/af_v6/AF-P0DO49-F1-model_v6.cif,1.0
6073,P0DO50,/home/s241850073/igem2026/results/clipzyme_native_extension_v1/structures/af_v6/AF-P0DO50-F1-model_v6.cif,1.0
6074,P0DO51,/home/s241850073/igem2026/results/clipzyme_native_extension_v1/structures/af_v6/AF-P0DO51-F1-model_v6.cif,1.0
6075,P0DO52,/home/s241850073/igem2026/results/clipzyme_native_extension_v1/structures/af_v6/AF-P0DO52-F1-model_v6.cif,1.0
6076,P0DO56,/home/s241850073/igem2026/results/clipzyme_native_extension_v1/structures/af_v6/AF-P0DO56-F1-model_v6.cif,0.99999994
6077,P0DO57,/home/s241850073/igem2026/results/clipzyme_native_extension_v1/structures/af_v6/AF-P0DO57-F1-model_v6.cif,1.0
6078,P0DO58,/home/s241850073/igem2026/results/clipzyme_native_extension_v1/structures/af_v6/AF-P0DO58-F1-model_v6.cif,1.0
6079,P0DO59,/home/s241850073/igem2026/results/clipzyme_native_extension_v1/structures/af_v6/AF-P0DO59-F1-model_v6.cif,0.99999994
6080,P0DUM7,/home/s241850073/igem2026/results/clipzyme_native_extension_v1/structures/af_v6/AF-P0DUM7-F1-model_v6.cif,1.0
6081,P0DUM8,/home/s241850073/igem2026/results/clipzyme_native_extension_v1/structures/af_v6/AF-P0DUM8-F1-model_v6.cif,1.0
6082,P0DUM9,/home/s241850073/igem2026/results/clipzyme_native_extension_v1/structures/af_v6/AF-P0DUM9-F1-model_v6.cif,0.99999994
6083,P0DUV9,/home/s241850073/igem2026/results/clipzyme_native_extension_v1/structures/af_v6/AF-P0DUV9-F1-model_v6.cif,1.0
6084,P0DV09,/home/s241850073/igem2026/results/clipzyme_native_extension_v1/structures/af_v6/AF-P0DV09-F1-model_v6.cif,0.99999994
6085,P0DV11,/home/s241850073/igem2026/results/clipzyme_native_extension_v1/structures/af_v6/AF-P0DV11-F1-model_v6.cif,0.99999994
6086,P0DV12,/home/s241850073/igem2026/results/clipzyme_native_extension_v1/structures/af_v6/AF-P0DV12-F1-model_v6.cif,0.99999994
6087,P0DV24,/home/s241850073/igem2026/results/clipzyme_native_extension_v1/structures/af_v6/AF-P0DV24-F1-model_v6.cif,1.0
6088,P0DV26,/home/s241850073/igem2026/results/clipzyme_native_extension_v1/structures/af_v6/AF-P0DV26-F1-model_v6.cif,1.0
6089,P0DV28,/home/s241850073/igem2026/results/clipzyme_native_extension_v1/structures/af_v6/AF-P0DV28-F1-model_v6.cif,0.99999994
6090,P0DV29,/home/s241850073/igem2026/results/clipzyme_native_extension_v1/structures/af_v6/AF-P0DV29-F1-model_v6.cif,1.0
6091,P0DV34,/home/s241850073/igem2026/results/clipzyme_native_extension_v1/structures/af_v6/AF-P0DV34-F1-model_v6.cif,1.0
6092,P0DV35,/home/s241850073/igem2026/results/clipzyme_native_extension_v1/structures/af_v6/AF-P0DV35-F1-model_v6.cif,1.0
6093,P0DV36,/home/s241850073/igem2026/results/clipzyme_native_extension_v1/structures/af_v6/AF-P0DV36-F1-model_v6.cif,1.0
6094,P0DV38,/home/s241850073/igem2026/results/clipzyme_native_extension_v1/structures/af_v6/AF-P0DV38-F1-model_v6.cif,1.0
6095,P0DV40,/home/s241850073/igem2026/results/clipzyme_native_extension_v1/structures/af_v6/AF-P0DV40-F1-model_v6.cif,0.99999994
6096,P0DV41,/home/s241850073/igem2026/results/clipzyme_native_extension_v1/structures/af_v6/AF-P0DV41-F1-model_v6.cif,1.0
6097,P0DV42,/home/s241850073/igem2026/results/clipzyme_native_extension_v1/structures/af_v6/AF-P0DV42-F1-model_v6.cif,1.0
6098,P0DV56,/home/s241850073/igem2026/results/clipzyme_native_extension_v1/structures/af_v6/AF-P0DV56-F1-model_v6.cif,1.0
6099,P0DV57,/home/s241850073/igem2026/results/clipzyme_native_extension_v1/structures/af_v6/AF-P0DV57-F1-model_v6.cif,1.0
6100,P0DV65,/home/s241850073/igem2026/results/clipzyme_native_extension_v1/structures/af_v6/AF-P0DV65-F1-model_v6.cif,0.99999994
6101,P0DV68,/home/s241850073/igem2026/results/clipzyme_native_extension_v1/structures/af_v6/AF-P0DV68-F1-model_v6.cif,0.99999994
6102,P0DV69,/home/s241850073/igem2026/results/clipzyme_native_extension_v1/structures/af_v6/AF-P0DV69-F1-model_v6.cif,1.0
6103,P0DV78,/home/s241850073/igem2026/results/clipzyme_native_extension_v1/structures/af_v6/AF-P0DV78-F1-model_v6.cif,1.0
6104,P0DV82,/home/s241850073/igem2026/results/clipzyme_native_extension_v1/structures/af_v6/AF-P0DV82-F1-model_v6.cif,1.0
6105,P0DW08,/home/s241850073/igem2026/results/clipzyme_native_extension_v1/structures/af_v6/AF-P0DW08-F1-model_v6.cif,0.99999994
6106,P0DW49,/home/s241850073/igem2026/results/clipzyme_native_extension_v1/structures/af_v6/AF-P0DW49-F1-model_v6.cif,1.0
6107,P0DW52,/home/s241850073/igem2026/results/clipzyme_native_extension_v1/structures/af_v6/AF-P0DW52-F1-model_v6.cif,1.0000001
6108,P0DW53,/home/s241850073/igem2026/results/clipzyme_native_extension_v1/structures/af_v6/AF-P0DW53-F1-model_v6.cif,0.99999994
6109,P0DW59,/home/s241850073/igem2026/results/clipzyme_native_extension_v1/structures/af_v6/AF-P0DW59-F1-model_v6.cif,1.0
6110,P0DW60,/home/s241850073/igem2026/results/clipzyme_native_extension_v1/structures/af_v6/AF-P0DW60-F1-model_v6.cif,1.0
6111,P0DW80,/home/s241850073/igem2026/results/clipzyme_native_extension_v1/structures/af_v6/AF-P0DW80-F1-model_v6.cif,0.99999994
6112,P0DW99,/home/s241850073/igem2026/results/clipzyme_native_extension_v1/structures/af_v6/AF-P0DW99-F1-model_v6.cif,1.0
6113,P0DX06,/home/s241850073/igem2026/results/clipzyme_native_extension_v1/structures/af_v6/AF-P0DX06-F1-model_v6.cif,1.0
6114,P0DX08,/home/s241850073/igem2026/results/clipzyme_native_extension_v1/structures/af_v6/AF-P0DX08-F1-model_v6.cif,0.99999994
6115,P0DX09,/home/s241850073/igem2026/results/clipzyme_native_extension_v1/structures/af_v6/AF-P0DX09-F1-model_v6.cif,1.0
6116,P0DX11,/home/s241850073/igem2026/results/clipzyme_native_extension_v1/structures/af_v6/AF-P0DX11-F1-model_v6.cif,1.0
6117,P0DX12,/home/s241850073/igem2026/results/clipzyme_native_extension_v1/structures/af_v6/AF-P0DX12-F1-model_v6.cif,1.0
6118,P0DX13,/home/s241850073/igem2026/results/clipzyme_native_extension_v1/structures/af_v6/AF-P0DX13-F1-model_v6.cif,1.0000001
6119,P0DX14,/home/s241850073/igem2026/results/clipzyme_native_extension_v1/structures/af_v6/AF-P0DX14-F1-model_v6.cif,1.0
6120,P0DX22,/home/s241850073/igem2026/results/clipzyme_native_extension_v1/structures/af_v6/AF-P0DX22-F1-model_v6.cif,0.99999994
6121,P0DX23,/home/s241850073/igem2026/results/clipzyme_native_extension_v1/structures/af_v6/AF-P0DX23-F1-model_v6.cif,0.99999994
6122,P0DX24,/home/s241850073/igem2026/results/clipzyme_native_extension_v1/structures/af_v6/AF-P0DX24-F1-model_v6.cif,0.99999994
6123,P0DX29,/home/s241850073/igem2026/results/clipzyme_native_extension_v1/structures/af_v6/AF-P0DX29-F1-model_v6.cif,1.0
6124,P0DX40,/home/s241850073/igem2026/results/clipzyme_native_extension_v1/structures/af_v6/AF-P0DX40-F1-model_v6.cif,1.0
6125,P0DX41,/home/s241850073/igem2026/results/clipzyme_native_extension_v1/structures/af_v6/AF-P0DX41-F1-model_v6.cif,1.0
6126,P0DX42,/home/s241850073/igem2026/results/clipzyme_native_extension_v1/structures/af_v6/AF-P0DX42-F1-model_v6.cif,0.99999994
6127,P0DX43,/home/s241850073/igem2026/results/clipzyme_native_extension_v1/structures/af_v6/AF-P0DX43-F1-model_v6.cif,1.0
6128,P0DXW0,/home/s241850073/igem2026/results/clipzyme_native_extension_v1/structures/af_v6/AF-P0DXW0-F1-model_v6.cif,0.99999994
6129,P11180,/home/s241850073/igem2026/results/clipzyme_native_extension_v1/structures/af_v6/AF-P11180-F1-model_v6.cif,1.0
6130,P14929,/home/s241850073/igem2026/results/clipzyme_native_extension_v1/structures/af_v6/AF-P14929-F1-model_v6.cif,1.0
6131,P15031,/home/s241850073/igem2026/results/clipzyme_native_extension_v1/structures/af_v6/AF-P15031-F1-model_v6.cif,1.0
6132,P27414,/home/s241850073/igem2026/results/clipzyme_native_extension_v1/structures/af_v6/AF-P27414-F1-model_v6.cif,1.0
6133,P29913,/home/s241850073/igem2026/results/clipzyme_native_extension_v1/structures/af_v6/AF-P29913-F1-model_v6.cif,1.0
6134,P29914,/home/s241850073/igem2026/results/clipzyme_native_extension_v1/structures/af_v6/AF-P29914-F1-model_v6.cif,1.0
6135,P29916,/home/s241850073/igem2026/results/clipzyme_native_extension_v1/structures/af_v6/AF-P29916-F1-model_v6.cif,1.0
6136,P29917,/home/s241850073/igem2026/results/clipzyme_native_extension_v1/structures/af_v6/AF-P29917-F1-model_v6.cif,1.0
6137,P29918,/home/s241850073/igem2026/results/clipzyme_native_extension_v1/structures/af_v6/AF-P29918-F1-model_v6.cif,0.99999994
6138,P29919,/home/s241850073/igem2026/results/clipzyme_native_extension_v1/structures/af_v6/AF-P29919-F1-model_v6.cif,0.99999994
6139,P29920,/home/s241850073/igem2026/results/clipzyme_native_extension_v1/structures/af_v6/AF-P29920-F1-model_v6.cif,1.0
6140,P29921,/home/s241850073/igem2026/results/clipzyme_native_extension_v1/structures/af_v6/AF-P29921-F1-model_v6.cif,1.0
6141,P29922,/home/s241850073/igem2026/results/clipzyme_native_extension_v1/structures/af_v6/AF-P29922-F1-model_v6.cif,0.99999994
6142,P29925,/home/s241850073/igem2026/results/clipzyme_native_extension_v1/structures/af_v6/AF-P29925-F1-model_v6.cif,1.0
6143,P29926,/home/s241850073/igem2026/results/clipzyme_native_extension_v1/structures/af_v6/AF-P29926-F1-model_v6.cif,1.0
6144,P31979,/home/s241850073/igem2026/results/clipzyme_native_extension_v1/structures/af_v6/AF-P31979-F1-model_v6.cif,0.99999994
6145,P33599,/home/s241850073/igem2026/results/clipzyme_native_extension_v1/structures/af_v6/AF-P33599-F1-model_v6.cif,1.0
6146,P33607,/home/s241850073/igem2026/results/clipzyme_native_extension_v1/structures/af_v6/AF-P33607-F1-model_v6.cif,1.0
6147,P33901,/home/s241850073/igem2026/results/clipzyme_native_extension_v1/structures/af_v6/AF-P33901-F1-model_v6.cif,1.0
6148,P34465,/home/s241850073/igem2026/results/clipzyme_native_extension_v1/structures/af_v6/AF-P34465-F1-model_v6.cif,1.0
6149,P37105,/home/s241850073/igem2026/results/clipzyme_native_extension_v1/structures/af_v6/AF-P37105-F1-model_v6.cif,0.99999994
6150,P37261,/home/s241850073/igem2026/results/clipzyme_native_extension_v1/structures/af_v6/AF-P37261-F1-model_v6.cif,1.0
6151,P40024,/home/s241850073/igem2026/results/clipzyme_native_extension_v1/structures/af_v6/AF-P40024-F1-model_v6.cif,1.0
6152,P42031,/home/s241850073/igem2026/results/clipzyme_native_extension_v1/structures/af_v6/AF-P42031-F1-model_v6.cif,1.0
6153,P42032,/home/s241850073/igem2026/results/clipzyme_native_extension_v1/structures/af_v6/AF-P42032-F1-model_v6.cif,1.0
6154,P44518,/home/s241850073/igem2026/results/clipzyme_native_extension_v1/structures/af_v6/AF-P44518-F1-model_v6.cif,1.0
6155,P44870,/home/s241850073/igem2026/results/clipzyme_native_extension_v1/structures/af_v6/AF-P44870-F1-model_v6.cif,0.99999994
6156,P47294,/home/s241850073/igem2026/results/clipzyme_native_extension_v1/structures/af_v6/AF-P47294-F1-model_v6.cif,1.0
6157,P47539,/home/s241850073/igem2026/results/clipzyme_native_extension_v1/structures/af_v6/AF-P47539-F1-model_v6.cif,1.0
6158,P50940,/home/s241850073/igem2026/results/clipzyme_native_extension_v1/structures/af_v6/AF-P50940-F1-model_v6.cif,1.0
6159,P50973,/home/s241850073/igem2026/results/clipzyme_native_extension_v1/structures/af_v6/AF-P50973-F1-model_v6.cif,0.99999994
6160,P50974,/home/s241850073/igem2026/results/clipzyme_native_extension_v1/structures/af_v6/AF-P50974-F1-model_v6.cif,0.99999994
6161,P50975,/home/s241850073/igem2026/results/clipzyme_native_extension_v1/structures/af_v6/AF-P50975-F1-model_v6.cif,1.0
6162,P51835,/home/s241850073/igem2026/results/clipzyme_native_extension_v1/structures/af_v6/AF-P51835-F1-model_v6.cif,0.99999994
6163,P53290,/home/s241850073/igem2026/results/clipzyme_native_extension_v1/structures/af_v6/AF-P53290-F1-model_v6.cif,1.0
6164,P55150,/home/s241850073/igem2026/results/clipzyme_native_extension_v1/structures/af_v6/AF-P55150-F1-model_v6.cif,0.99999994
6165,P55262,/home/s241850073/igem2026/results/clipzyme_native_extension_v1/structures/af_v6/AF-P55262-F1-model_v6.cif,1.0
6166,P55537,/home/s241850073/igem2026/results/clipzyme_native_extension_v1/structures/af_v6/AF-P55537-F1-model_v6.cif,1.0
6167,P55538,/home/s241850073/igem2026/results/clipzyme_native_extension_v1/structures/af_v6/AF-P55538-F1-model_v6.cif,0.99999994
6168,P56005,/home/s241850073/igem2026/results/clipzyme_native_extension_v1/structures/af_v6/AF-P56005-F1-model_v6.cif,1.0000001
6169,P56895,/home/s241850073/igem2026/results/clipzyme_native_extension_v1/structures/af_v6/AF-P56895-F1-model_v6.cif,0.99999994
6170,P56896,/home/s241850073/igem2026/results/clipzyme_native_extension_v1/structures/af_v6/AF-P56896-F1-model_v6.cif,1.0
6171,P56897,/home/s241850073/igem2026/results/clipzyme_native_extension_v1/structures/af_v6/AF-P56897-F1-model_v6.cif,1.0
6172,P56907,/home/s241850073/igem2026/results/clipzyme_native_extension_v1/structures/af_v6/AF-P56907-F1-model_v6.cif,1.0
6173,P56908,/home/s241850073/igem2026/results/clipzyme_native_extension_v1/structures/af_v6/AF-P56908-F1-model_v6.cif,1.0
6174,P56909,/home/s241850073/igem2026/results/clipzyme_native_extension_v1/structures/af_v6/AF-P56909-F1-model_v6.cif,0.99999994
6175,P56910,/home/s241850073/igem2026/results/clipzyme_native_extension_v1/structures/af_v6/AF-P56910-F1-model_v6.cif,1.0
6176,P56911,/home/s241850073/igem2026/results/clipzyme_native_extension_v1/structures/af_v6/AF-P56911-F1-model_v6.cif,1.0
6177,P56912,/home/s241850073/igem2026/results/clipzyme_native_extension_v1/structures/af_v6/AF-P56912-F1-model_v6.cif,1.0
6178,P56913,/home/s241850073/igem2026/results/clipzyme_native_extension_v1/structures/af_v6/AF-P56913-F1-model_v6.cif,1.0
6179,P57010,/home/s241850073/igem2026/results/clipzyme_native_extension_v1/structures/af_v6/AF-P57010-F1-model_v6.cif,1.0
6180,P57011,/home/s241850073/igem2026/results/clipzyme_native_extension_v1/structures/af_v6/AF-P57011-F1-model_v6.cif,0.99999994
6181,P57137,/home/s241850073/igem2026/results/clipzyme_native_extension_v1/structures/af_v6/AF-P57137-F1-model_v6.cif,1.0
6182,P57252,/home/s241850073/igem2026/results/clipzyme_native_extension_v1/structures/af_v6/AF-P57252-F1-model_v6.cif,0.99999994
6183,P57253,/home/s241850073/igem2026/results/clipzyme_native_extension_v1/structures/af_v6/AF-P57253-F1-model_v6.cif,0.9999999
6184,P57254,/home/s241850073/igem2026/results/clipzyme_native_extension_v1/structures/af_v6/AF-P57254-F1-model_v6.cif,1.0
6185,P57255,/home/s241850073/igem2026/results/clipzyme_native_extension_v1/structures/af_v6/AF-P57255-F1-model_v6.cif,0.99999994
6186,P57256,/home/s241850073/igem2026/results/clipzyme_native_extension_v1/structures/af_v6/AF-P57256-F1-model_v6.cif,1.0
6187,P57258,/home/s241850073/igem2026/results/clipzyme_native_extension_v1/structures/af_v6/AF-P57258-F1-model_v6.cif,0.99999994
6188,P57259,/home/s241850073/igem2026/results/clipzyme_native_extension_v1/structures/af_v6/AF-P57259-F1-model_v6.cif,1.0
6189,P57260,/home/s241850073/igem2026/results/clipzyme_native_extension_v1/structures/af_v6/AF-P57260-F1-model_v6.cif,1.0
6190,P57261,/home/s241850073/igem2026/results/clipzyme_native_extension_v1/structures/af_v6/AF-P57261-F1-model_v6.cif,1.0
6191,P57262,/home/s241850073/igem2026/results/clipzyme_native_extension_v1/structures/af_v6/AF-P57262-F1-model_v6.cif,0.99999994
6192,P57263,/home/s241850073/igem2026/results/clipzyme_native_extension_v1/structures/af_v6/AF-P57263-F1-model_v6.cif,1.0
6193,P57264,/home/s241850073/igem2026/results/clipzyme_native_extension_v1/structures/af_v6/AF-P57264-F1-model_v6.cif,0.99999994
6194,P57473,/home/s241850073/igem2026/results/clipzyme_native_extension_v1/structures/af_v6/AF-P57473-F1-model_v6.cif,1.0
6195,P57793,/home/s241850073/igem2026/results/clipzyme_native_extension_v1/structures/af_v6/AF-P57793-F1-model_v6.cif,0.99999994
6196,P61222,/home/s241850073/igem2026/results/clipzyme_native_extension_v1/structures/af_v6/AF-P61222-F1-model_v6.cif,1.0
6197,P62630,/home/s241850073/igem2026/results/clipzyme_native_extension_v1/structures/af_v6/AF-P62630-F1-model_v6.cif,1.0
6198,P65572,/home/s241850073/igem2026/results/clipzyme_native_extension_v1/structures/af_v6/AF-P65572-F1-model_v6.cif,1.0
6199,P73930,/home/s241850073/igem2026/results/clipzyme_native_extension_v1/structures/af_v6/AF-P73930-F1-model_v6.cif,0.99999994
6200,P74214,/home/s241850073/igem2026/results/clipzyme_native_extension_v1/structures/af_v6/AF-P74214-F1-model_v6.cif,0.99999994
6201,P75054,/home/s241850073/igem2026/results/clipzyme_native_extension_v1/structures/af_v6/AF-P75054-F1-model_v6.cif,1.0
6202,P75362,/home/s241850073/igem2026/results/clipzyme_native_extension_v1/structures/af_v6/AF-P75362-F1-model_v6.cif,0.99999994
6203,P76097,/home/s241850073/igem2026/results/clipzyme_native_extension_v1/structures/af_v6/AF-P76097-F1-model_v6.cif,1.0
6204,P82678,/home/s241850073/igem2026/results/clipzyme_native_extension_v1/structures/af_v6/AF-P82678-F1-model_v6.cif,1.0
6205,P83749,/home/s241850073/igem2026/results/clipzyme_native_extension_v1/structures/af_v6/AF-P83749-F1-model_v6.cif,1.0
6206,P9WEG7,/home/s241850073/igem2026/results/clipzyme_native_extension_v1/structures/af_v6/AF-P9WEG7-F1-model_v6.cif,1.0
6207,P9WEG8,/home/s241850073/igem2026/results/clipzyme_native_extension_v1/structures/af_v6/AF-P9WEG8-F1-model_v6.cif,1.0
6208,P9WEP4,/home/s241850073/igem2026/results/clipzyme_native_extension_v1/structures/af_v6/AF-P9WEP4-F1-model_v6.cif,1.0
6209,P9WEP6,/home/s241850073/igem2026/results/clipzyme_native_extension_v1/structures/af_v6/AF-P9WEP6-F1-model_v6.cif,0.99999994
6210,P9WEP8,/home/s241850073/igem2026/results/clipzyme_native_extension_v1/structures/af_v6/AF-P9WEP8-F1-model_v6.cif,1.0
6211,P9WEP9,/home/s241850073/igem2026/results/clipzyme_native_extension_v1/structures/af_v6/AF-P9WEP9-F1-model_v6.cif,1.0
6212,P9WES3,/home/s241850073/igem2026/results/clipzyme_native_extension_v1/structures/af_v6/AF-P9WES3-F1-model_v6.cif,1.0
6213,P9WES7,/home/s241850073/igem2026/results/clipzyme_native_extension_v1/structures/af_v6/AF-P9WES7-F1-model_v6.cif,0.99999994
6214,P9WEU0,/home/s241850073/igem2026/results/clipzyme_native_extension_v1/structures/af_v6/AF-P9WEU0-F1-model_v6.cif,1.0
6215,P9WGD6,/home/s241850073/igem2026/results/clipzyme_native_extension_v1/structures/af_v6/AF-P9WGD6-F1-model_v6.cif,1.0
6216,P9WGD8,/home/s241850073/igem2026/results/clipzyme_native_extension_v1/structures/af_v6/AF-P9WGD8-F1-model_v6.cif,1.0
6217,P9WIV4,/home/s241850073/igem2026/results/clipzyme_native_extension_v1/structures/af_v6/AF-P9WIV4-F1-model_v6.cif,0.99999994
6218,P9WIW0,/home/s241850073/igem2026/results/clipzyme_native_extension_v1/structures/af_v6/AF-P9WIW0-F1-model_v6.cif,1.0
6219,P9WIW7,/home/s241850073/igem2026/results/clipzyme_native_extension_v1/structures/af_v6/AF-P9WIW7-F1-model_v6.cif,1.0
6220,P9WIW8,/home/s241850073/igem2026/results/clipzyme_native_extension_v1/structures/af_v6/AF-P9WIW8-F1-model_v6.cif,1.0
6221,P9WIW9,/home/s241850073/igem2026/results/clipzyme_native_extension_v1/structures/af_v6/AF-P9WIW9-F1-model_v6.cif,1.0
6222,P9WIX1,/home/s241850073/igem2026/results/clipzyme_native_extension_v1/structures/af_v6/AF-P9WIX1-F1-model_v6.cif,1.0
6223,P9WIX3,/home/s241850073/igem2026/results/clipzyme_native_extension_v1/structures/af_v6/AF-P9WIX3-F1-model_v6.cif,1.0
6224,P9WJG9,/home/s241850073/igem2026/results/clipzyme_native_extension_v1/structures/af_v6/AF-P9WJG9-F1-model_v6.cif,0.99999994
6225,P9WJH1,/home/s241850073/igem2026/results/clipzyme_native_extension_v1/structures/af_v6/AF-P9WJH1-F1-model_v6.cif,1.0
6226,P9WJH5,/home/s241850073/igem2026/results/clipzyme_native_extension_v1/structures/af_v6/AF-P9WJH5-F1-model_v6.cif,0.99999994
6227,P9WL01,/home/s241850073/igem2026/results/clipzyme_native_extension_v1/structures/af_v6/AF-P9WL01-F1-model_v6.cif,0.99999994
6228,P9WMK6,/home/s241850073/igem2026/results/clipzyme_native_extension_v1/structures/af_v6/AF-P9WMK6-F1-model_v6.cif,1.0
6229,P9WMK7,/home/s241850073/igem2026/results/clipzyme_native_extension_v1/structures/af_v6/AF-P9WMK7-F1-model_v6.cif,1.0
6230,Q00582,/home/s241850073/igem2026/results/clipzyme_native_extension_v1/structures/af_v6/AF-Q00582-F1-model_v6.cif,1.0
6231,Q01442,/home/s241850073/igem2026/results/clipzyme_native_extension_v1/structures/af_v6/AF-Q01442-F1-model_v6.cif,1.0
6232,Q01UN2,/home/s241850073/igem2026/results/clipzyme_native_extension_v1/structures/af_v6/AF-Q01UN2-F1-model_v6.cif,1.0
6233,Q01UN3,/home/s241850073/igem2026/results/clipzyme_native_extension_v1/structures/af_v6/AF-Q01UN3-F1-model_v6.cif,0.99999994
6234,Q01UN6,/home/s241850073/igem2026/results/clipzyme_native_extension_v1/structures/af_v6/AF-Q01UN6-F1-model_v6.cif,0.99999994
6235,Q01UN8,/home/s241850073/igem2026/results/clipzyme_native_extension_v1/structures/af_v6/AF-Q01UN8-F1-model_v6.cif,0.99999994
6236,Q01UN9,/home/s241850073/igem2026/results/clipzyme_native_extension_v1/structures/af_v6/AF-Q01UN9-F1-model_v6.cif,1.0
6237,Q01VP7,/home/s241850073/igem2026/results/clipzyme_native_extension_v1/structures/af_v6/AF-Q01VP7-F1-model_v6.cif,1.0
6238,Q01ZR8,/home/s241850073/igem2026/results/clipzyme_native_extension_v1/structures/af_v6/AF-Q01ZR8-F1-model_v6.cif,1.0
6239,Q020B6,/home/s241850073/igem2026/results/clipzyme_native_extension_v1/structures/af_v6/AF-Q020B6-F1-model_v6.cif,0.99999994
6240,Q02239,/home/s241850073/igem2026/results/clipzyme_native_extension_v1/structures/af_v6/AF-Q02239-F1-model_v6.cif,1.0
6241,Q02CT1,/home/s241850073/igem2026/results/clipzyme_native_extension_v1/structures/af_v6/AF-Q02CT1-F1-model_v6.cif,0.99999994
6242,Q02CT4,/home/s241850073/igem2026/results/clipzyme_native_extension_v1/structures/af_v6/AF-Q02CT4-F1-model_v6.cif,1.0
6243,Q02CT6,/home/s241850073/igem2026/results/clipzyme_native_extension_v1/structures/af_v6/AF-Q02CT6-F1-model_v6.cif,1.0
6244,Q02CU0,/home/s241850073/igem2026/results/clipzyme_native_extension_v1/structures/af_v6/AF-Q02CU0-F1-model_v6.cif,1.0
6245,Q02CU2,/home/s241850073/igem2026/results/clipzyme_native_extension_v1/structures/af_v6/AF-Q02CU2-F1-model_v6.cif,1.0
6246,Q02ND5,/home/s241850073/igem2026/results/clipzyme_native_extension_v1/structures/af_v6/AF-Q02ND5-F1-model_v6.cif,1.0
6247,Q04V69,/home/s241850073/igem2026/results/clipzyme_native_extension_v1/structures/af_v6/AF-Q04V69-F1-model_v6.cif,0.99999994
6248,Q04W38,/home/s241850073/igem2026/results/clipzyme_native_extension_v1/structures/af_v6/AF-Q04W38-F1-model_v6.cif,1.0
6249,Q04XD4,/home/s241850073/igem2026/results/clipzyme_native_extension_v1/structures/af_v6/AF-Q04XD4-F1-model_v6.cif,1.0
6250,Q04YA5,/home/s241850073/igem2026/results/clipzyme_native_extension_v1/structures/af_v6/AF-Q04YA5-F1-model_v6.cif,1.0
6251,Q04YA7,/home/s241850073/igem2026/results/clipzyme_native_extension_v1/structures/af_v6/AF-Q04YA7-F1-model_v6.cif,0.99999994
6252,Q04YB0,/home/s241850073/igem2026/results/clipzyme_native_extension_v1/structures/af_v6/AF-Q04YB0-F1-model_v6.cif,1.0
6253,Q04YB2,/home/s241850073/igem2026/results/clipzyme_native_extension_v1/structures/af_v6/AF-Q04YB2-F1-model_v6.cif,1.0
6254,Q057W3,/home/s241850073/igem2026/results/clipzyme_native_extension_v1/structures/af_v6/AF-Q057W3-F1-model_v6.cif,1.0
6255,Q057W6,/home/s241850073/igem2026/results/clipzyme_native_extension_v1/structures/af_v6/AF-Q057W6-F1-model_v6.cif,1.0
6256,Q057W8,/home/s241850073/igem2026/results/clipzyme_native_extension_v1/structures/af_v6/AF-Q057W8-F1-model_v6.cif,0.99999994
6257,Q057X3,/home/s241850073/igem2026/results/clipzyme_native_extension_v1/structures/af_v6/AF-Q057X3-F1-model_v6.cif,0.99999994
6258,Q057X4,/home/s241850073/igem2026/results/clipzyme_native_extension_v1/structures/af_v6/AF-Q057X4-F1-model_v6.cif,0.99999994
6259,Q07NL5,/home/s241850073/igem2026/results/clipzyme_native_extension_v1/structures/af_v6/AF-Q07NL5-F1-model_v6.cif,1.0
6260,Q07NL6,/home/s241850073/igem2026/results/clipzyme_native_extension_v1/structures/af_v6/AF-Q07NL6-F1-model_v6.cif,1.0
6261,Q07NM3,/home/s241850073/igem2026/results/clipzyme_native_extension_v1/structures/af_v6/AF-Q07NM3-F1-model_v6.cif,1.0
6262,Q07NM6,/home/s241850073/igem2026/results/clipzyme_native_extension_v1/structures/af_v6/AF-Q07NM6-F1-model_v6.cif,1.0
6263,Q07QW3,/home/s241850073/igem2026/results/clipzyme_native_extension_v1/structures/af_v6/AF-Q07QW3-F1-model_v6.cif,1.0
6264,Q07QW6,/home/s241850073/igem2026/results/clipzyme_native_extension_v1/structures/af_v6/AF-Q07QW6-F1-model_v6.cif,1.0
6265,Q07QW8,/home/s241850073/igem2026/results/clipzyme_native_extension_v1/structures/af_v6/AF-Q07QW8-F1-model_v6.cif,0.9999999
6266,Q07QW9,/home/s241850073/igem2026/results/clipzyme_native_extension_v1/structures/af_v6/AF-Q07QW9-F1-model_v6.cif,1.0
6267,Q07QX3,/home/s241850073/igem2026/results/clipzyme_native_extension_v1/structures/af_v6/AF-Q07QX3-F1-model_v6.cif,1.0
6268,Q07QX4,/home/s241850073/igem2026/results/clipzyme_native_extension_v1/structures/af_v6/AF-Q07QX4-F1-model_v6.cif,0.99999994
6269,Q07QX5,/home/s241850073/igem2026/results/clipzyme_native_extension_v1/structures/af_v6/AF-Q07QX5-F1-model_v6.cif,1.0
6270,Q0A776,/home/s241850073/igem2026/results/clipzyme_native_extension_v1/structures/af_v6/AF-Q0A776-F1-model_v6.cif,1.0
6271,Q0A777,/home/s241850073/igem2026/results/clipzyme_native_extension_v1/structures/af_v6/AF-Q0A777-F1-model_v6.cif,0.99999994
6272,Q0A778,/home/s241850073/igem2026/results/clipzyme_native_extension_v1/structures/af_v6/AF-Q0A778-F1-model_v6.cif,1.0
6273,Q0A782,/home/s241850073/igem2026/results/clipzyme_native_extension_v1/structures/af_v6/AF-Q0A782-F1-model_v6.cif,1.0
6274,Q0A783,/home/s241850073/igem2026/results/clipzyme_native_extension_v1/structures/af_v6/AF-Q0A783-F1-model_v6.cif,0.99999994
6275,Q0A785,/home/s241850073/igem2026/results/clipzyme_native_extension_v1/structures/af_v6/AF-Q0A785-F1-model_v6.cif,1.0
6276,Q0A788,/home/s241850073/igem2026/results/clipzyme_native_extension_v1/structures/af_v6/AF-Q0A788-F1-model_v6.cif,1.0
6277,Q0AHJ0,/home/s241850073/igem2026/results/clipzyme_native_extension_v1/structures/af_v6/AF-Q0AHJ0-F1-model_v6.cif,0.99999994
6278,Q0AHJ2,/home/s241850073/igem2026/results/clipzyme_native_extension_v1/structures/af_v6/AF-Q0AHJ2-F1-model_v6.cif,1.0
6279,Q0AHJ3,/home/s241850073/igem2026/results/clipzyme_native_extension_v1/structures/af_v6/AF-Q0AHJ3-F1-model_v6.cif,1.0
6280,Q0AHJ7,/home/s241850073/igem2026/results/clipzyme_native_extension_v1/structures/af_v6/AF-Q0AHJ7-F1-model_v6.cif,1.0
6281,Q0AHJ8,/home/s241850073/igem2026/results/clipzyme_native_extension_v1/structures/af_v6/AF-Q0AHJ8-F1-model_v6.cif,1.0
6282,Q0AHJ9,/home/s241850073/igem2026/results/clipzyme_native_extension_v1/structures/af_v6/AF-Q0AHJ9-F1-model_v6.cif,0.99999994
6283,Q0APX7,/home/s241850073/igem2026/results/clipzyme_native_extension_v1/structures/af_v6/AF-Q0APX7-F1-model_v6.cif,1.0
6284,Q0APY2,/home/s241850073/igem2026/results/clipzyme_native_extension_v1/structures/af_v6/AF-Q0APY2-F1-model_v6.cif,0.9999999
6285,Q0APY3,/home/s241850073/igem2026/results/clipzyme_native_extension_v1/structures/af_v6/AF-Q0APY3-F1-model_v6.cif,1.0
6286,Q0APY7,/home/s241850073/igem2026/results/clipzyme_native_extension_v1/structures/af_v6/AF-Q0APY7-F1-model_v6.cif,0.99999994
6287,Q0APY8,/home/s241850073/igem2026/results/clipzyme_native_extension_v1/structures/af_v6/AF-Q0APY8-F1-model_v6.cif,1.0
6288,Q0APY9,/home/s241850073/igem2026/results/clipzyme_native_extension_v1/structures/af_v6/AF-Q0APY9-F1-model_v6.cif,1.0
6289,Q0BDD2,/home/s241850073/igem2026/results/clipzyme_native_extension_v1/structures/af_v6/AF-Q0BDD2-F1-model_v6.cif,1.0
6290,Q0BDD3,/home/s241850073/igem2026/results/clipzyme_native_extension_v1/structures/af_v6/AF-Q0BDD3-F1-model_v6.cif,0.99999994
6291,Q0BDD7,/home/s241850073/igem2026/results/clipzyme_native_extension_v1/structures/af_v6/AF-Q0BDD7-F1-model_v6.cif,1.0
6292,Q0BDD8,/home/s241850073/igem2026/results/clipzyme_native_extension_v1/structures/af_v6/AF-Q0BDD8-F1-model_v6.cif,0.99999994
6293,Q0BGE1,/home/s241850073/igem2026/results/clipzyme_native_extension_v1/structures/af_v6/AF-Q0BGE1-F1-model_v6.cif,1.0
6294,Q0BK53,/home/s241850073/igem2026/results/clipzyme_native_extension_v1/structures/af_v6/AF-Q0BK53-F1-model_v6.cif,0.99999994
6295,Q0BK61,/home/s241850073/igem2026/results/clipzyme_native_extension_v1/structures/af_v6/AF-Q0BK61-F1-model_v6.cif,1.0
6296,Q0BSK3,/home/s241850073/igem2026/results/clipzyme_native_extension_v1/structures/af_v6/AF-Q0BSK3-F1-model_v6.cif,1.0
6297,Q0BSK5,/home/s241850073/igem2026/results/clipzyme_native_extension_v1/structures/af_v6/AF-Q0BSK5-F1-model_v6.cif,1.0
6298,Q0BSK9,/home/s241850073/igem2026/results/clipzyme_native_extension_v1/structures/af_v6/AF-Q0BSK9-F1-model_v6.cif,0.99999994
6299,Q0BSL0,/home/s241850073/igem2026/results/clipzyme_native_extension_v1/structures/af_v6/AF-Q0BSL0-F1-model_v6.cif,0.99999994
6300,Q0BSL2,/home/s241850073/igem2026/results/clipzyme_native_extension_v1/structures/af_v6/AF-Q0BSL2-F1-model_v6.cif,1.0
6301,Q0BSL5,/home/s241850073/igem2026/results/clipzyme_native_extension_v1/structures/af_v6/AF-Q0BSL5-F1-model_v6.cif,1.0
6302,Q0C1D1,/home/s241850073/igem2026/results/clipzyme_native_extension_v1/structures/af_v6/AF-Q0C1D1-F1-model_v6.cif,0.99999994
6303,Q0C1D6,/home/s241850073/igem2026/results/clipzyme_native_extension_v1/structures/af_v6/AF-Q0C1D6-F1-model_v6.cif,1.0
6304,Q0C1D7,/home/s241850073/igem2026/results/clipzyme_native_extension_v1/structures/af_v6/AF-Q0C1D7-F1-model_v6.cif,1.0
6305,Q0C1E4,/home/s241850073/igem2026/results/clipzyme_native_extension_v1/structures/af_v6/AF-Q0C1E4-F1-model_v6.cif,1.0
6306,Q0C1E5,/home/s241850073/igem2026/results/clipzyme_native_extension_v1/structures/af_v6/AF-Q0C1E5-F1-model_v6.cif,0.99999994
6307,Q0C1E6,/home/s241850073/igem2026/results/clipzyme_native_extension_v1/structures/af_v6/AF-Q0C1E6-F1-model_v6.cif,1.0
6308,Q0CPG8,/home/s241850073/igem2026/results/clipzyme_native_extension_v1/structures/af_v6/AF-Q0CPG8-F1-model_v6.cif,1.0
6309,Q0DGU2,/home/s241850073/igem2026/results/clipzyme_native_extension_v1/structures/af_v6/AF-Q0DGU2-F1-model_v6.cif,1.0
6310,Q0GUM3,/home/s241850073/igem2026/results/clipzyme_native_extension_v1/structures/af_v6/AF-Q0GUM3-F1-model_v6.cif,0.99999994
6311,Q0KCS0,/home/s241850073/igem2026/results/clipzyme_native_extension_v1/structures/af_v6/AF-Q0KCS0-F1-model_v6.cif,1.0
6312,Q0KCS2,/home/s241850073/igem2026/results/clipzyme_native_extension_v1/structures/af_v6/AF-Q0KCS2-F1-model_v6.cif,1.0
6313,Q0KCS3,/home/s241850073/igem2026/results/clipzyme_native_extension_v1/structures/af_v6/AF-Q0KCS3-F1-model_v6.cif,0.99999994
6314,Q0KCS7,/home/s241850073/igem2026/results/clipzyme_native_extension_v1/structures/af_v6/AF-Q0KCS7-F1-model_v6.cif,1.0
6315,Q0KCS8,/home/s241850073/igem2026/results/clipzyme_native_extension_v1/structures/af_v6/AF-Q0KCS8-F1-model_v6.cif,1.0
6316,Q0P850,/home/s241850073/igem2026/results/clipzyme_native_extension_v1/structures/af_v6/AF-Q0P850-F1-model_v6.cif,1.0
6317,Q0P857,/home/s241850073/igem2026/results/clipzyme_native_extension_v1/structures/af_v6/AF-Q0P857-F1-model_v6.cif,1.0
6318,Q0QBT7,/home/s241850073/igem2026/results/clipzyme_native_extension_v1/structures/af_v6/AF-Q0QBT7-F1-model_v6.cif,0.99999994
6319,Q0RRV8,/home/s241850073/igem2026/results/clipzyme_native_extension_v1/structures/af_v6/AF-Q0RRV8-F1-model_v6.cif,0.99999994
6320,Q0RRW0,/home/s241850073/igem2026/results/clipzyme_native_extension_v1/structures/af_v6/AF-Q0RRW0-F1-model_v6.cif,1.0
6321,Q0RRW1,/home/s241850073/igem2026/results/clipzyme_native_extension_v1/structures/af_v6/AF-Q0RRW1-F1-model_v6.cif,0.99999994
6322,Q0RRW7,/home/s241850073/igem2026/results/clipzyme_native_extension_v1/structures/af_v6/AF-Q0RRW7-F1-model_v6.cif,0.99999994
6323,Q0S440,/home/s241850073/igem2026/results/clipzyme_native_extension_v1/structures/af_v6/AF-Q0S440-F1-model_v6.cif,1.0
6324,Q0S442,/home/s241850073/igem2026/results/clipzyme_native_extension_v1/structures/af_v6/AF-Q0S442-F1-model_v6.cif,1.0000001
6325,Q0S443,/home/s241850073/igem2026/results/clipzyme_native_extension_v1/structures/af_v6/AF-Q0S443-F1-model_v6.cif,1.0
6326,Q0S447,/home/s241850073/igem2026/results/clipzyme_native_extension_v1/structures/af_v6/AF-Q0S447-F1-model_v6.cif,0.99999994
6327,Q0S448,/home/s241850073/igem2026/results/clipzyme_native_extension_v1/structures/af_v6/AF-Q0S448-F1-model_v6.cif,1.0
6328,Q0S449,/home/s241850073/igem2026/results/clipzyme_native_extension_v1/structures/af_v6/AF-Q0S449-F1-model_v6.cif,1.0
6329,Q0TFG0,/home/s241850073/igem2026/results/clipzyme_native_extension_v1/structures/af_v6/AF-Q0TFG0-F1-model_v6.cif,0.99999994
6330,Q0TFH0,/home/s241850073/igem2026/results/clipzyme_native_extension_v1/structures/af_v6/AF-Q0TFH0-F1-model_v6.cif,0.99999994
6331,Q0VCR6,/home/s241850073/igem2026/results/clipzyme_native_extension_v1/structures/af_v6/AF-Q0VCR6-F1-model_v6.cif,0.99999994
6332,Q0W133,/home/s241850073/igem2026/results/clipzyme_native_extension_v1/structures/af_v6/AF-Q0W133-F1-model_v6.cif,0.99999994
6333,Q0W2G1,/home/s241850073/igem2026/results/clipzyme_native_extension_v1/structures/af_v6/AF-Q0W2G1-F1-model_v6.cif,1.0
6334,Q0WTF8,/home/s241850073/igem2026/results/clipzyme_native_extension_v1/structures/af_v6/AF-Q0WTF8-F1-model_v6.cif,1.0
6335,Q10LI5,/home/s241850073/igem2026/results/clipzyme_native_extension_v1/structures/af_v6/AF-Q10LI5-F1-model_v6.cif,0.99999994
6336,Q11JJ6,/home/s241850073/igem2026/results/clipzyme_native_extension_v1/structures/af_v6/AF-Q11JJ6-F1-model_v6.cif,1.0
6337,Q11JJ8,/home/s241850073/igem2026/results/clipzyme_native_extension_v1/structures/af_v6/AF-Q11JJ8-F1-model_v6.cif,1.0
6338,Q11JJ9,/home/s241850073/igem2026/results/clipzyme_native_extension_v1/structures/af_v6/AF-Q11JJ9-F1-model_v6.cif,0.9999999
6339,Q11JK3,/home/s241850073/igem2026/results/clipzyme_native_extension_v1/structures/af_v6/AF-Q11JK3-F1-model_v6.cif,1.0
6340,Q11JK4,/home/s241850073/igem2026/results/clipzyme_native_extension_v1/structures/af_v6/AF-Q11JK4-F1-model_v6.cif,0.99999994
6341,Q11JK5,/home/s241850073/igem2026/results/clipzyme_native_extension_v1/structures/af_v6/AF-Q11JK5-F1-model_v6.cif,1.0
6342,Q11RU2,/home/s241850073/igem2026/results/clipzyme_native_extension_v1/structures/af_v6/AF-Q11RU2-F1-model_v6.cif,1.0000001
6343,Q11VB2,/home/s241850073/igem2026/results/clipzyme_native_extension_v1/structures/af_v6/AF-Q11VB2-F1-model_v6.cif,1.0
6344,Q11VB3,/home/s241850073/igem2026/results/clipzyme_native_extension_v1/structures/af_v6/AF-Q11VB3-F1-model_v6.cif,1.0
6345,Q11VB5,/home/s241850073/igem2026/results/clipzyme_native_extension_v1/structures/af_v6/AF-Q11VB5-F1-model_v6.cif,1.0
6346,Q11VB9,/home/s241850073/igem2026/results/clipzyme_native_extension_v1/structures/af_v6/AF-Q11VB9-F1-model_v6.cif,1.0
6347,Q11VC0,/home/s241850073/igem2026/results/clipzyme_native_extension_v1/structures/af_v6/AF-Q11VC0-F1-model_v6.cif,0.99999994
6348,Q11VC2,/home/s241850073/igem2026/results/clipzyme_native_extension_v1/structures/af_v6/AF-Q11VC2-F1-model_v6.cif,1.0
6349,Q11VC5,/home/s241850073/igem2026/results/clipzyme_native_extension_v1/structures/af_v6/AF-Q11VC5-F1-model_v6.cif,1.0
6350,Q11XR6,/home/s241850073/igem2026/results/clipzyme_native_extension_v1/structures/af_v6/AF-Q11XR6-F1-model_v6.cif,1.0
6351,Q11XR8,/home/s241850073/igem2026/results/clipzyme_native_extension_v1/structures/af_v6/AF-Q11XR8-F1-model_v6.cif,1.0
6352,Q127X3,/home/s241850073/igem2026/results/clipzyme_native_extension_v1/structures/af_v6/AF-Q127X3-F1-model_v6.cif,0.99999994
6353,Q127X4,/home/s241850073/igem2026/results/clipzyme_native_extension_v1/structures/af_v6/AF-Q127X4-F1-model_v6.cif,1.0
6354,Q127X5,/home/s241850073/igem2026/results/clipzyme_native_extension_v1/structures/af_v6/AF-Q127X5-F1-model_v6.cif,1.0
6355,Q127X9,/home/s241850073/igem2026/results/clipzyme_native_extension_v1/structures/af_v6/AF-Q127X9-F1-model_v6.cif,0.99999994
6356,Q127Y0,/home/s241850073/igem2026/results/clipzyme_native_extension_v1/structures/af_v6/AF-Q127Y0-F1-model_v6.cif,1.0
6357,Q12ZG8,/home/s241850073/igem2026/results/clipzyme_native_extension_v1/structures/af_v6/AF-Q12ZG8-F1-model_v6.cif,1.0
6358,Q135X5,/home/s241850073/igem2026/results/clipzyme_native_extension_v1/structures/af_v6/AF-Q135X5-F1-model_v6.cif,1.0
6359,Q135X7,/home/s241850073/igem2026/results/clipzyme_native_extension_v1/structures/af_v6/AF-Q135X7-F1-model_v6.cif,1.0
6360,Q135Y3,/home/s241850073/igem2026/results/clipzyme_native_extension_v1/structures/af_v6/AF-Q135Y3-F1-model_v6.cif,0.99999994
6361,Q135Y4,/home/s241850073/igem2026/results/clipzyme_native_extension_v1/structures/af_v6/AF-Q135Y4-F1-model_v6.cif,1.0
6362,Q13BG6,/home/s241850073/igem2026/results/clipzyme_native_extension_v1/structures/af_v6/AF-Q13BG6-F1-model_v6.cif,1.0
6363,Q13BG8,/home/s241850073/igem2026/results/clipzyme_native_extension_v1/structures/af_v6/AF-Q13BG8-F1-model_v6.cif,0.99999994
6364,Q13BG9,/home/s241850073/igem2026/results/clipzyme_native_extension_v1/structures/af_v6/AF-Q13BG9-F1-model_v6.cif,0.99999994
6365,Q13BH3,/home/s241850073/igem2026/results/clipzyme_native_extension_v1/structures/af_v6/AF-Q13BH3-F1-model_v6.cif,1.0
6366,Q13BH4,/home/s241850073/igem2026/results/clipzyme_native_extension_v1/structures/af_v6/AF-Q13BH4-F1-model_v6.cif,1.0
6367,Q13BH5,/home/s241850073/igem2026/results/clipzyme_native_extension_v1/structures/af_v6/AF-Q13BH5-F1-model_v6.cif,1.0
6368,Q142G3,/home/s241850073/igem2026/results/clipzyme_native_extension_v1/structures/af_v6/AF-Q142G3-F1-model_v6.cif,1.0
6369,Q142G5,/home/s241850073/igem2026/results/clipzyme_native_extension_v1/structures/af_v6/AF-Q142G5-F1-model_v6.cif,1.0
6370,Q142G6,/home/s241850073/igem2026/results/clipzyme_native_extension_v1/structures/af_v6/AF-Q142G6-F1-model_v6.cif,1.0
6371,Q142H0,/home/s241850073/igem2026/results/clipzyme_native_extension_v1/structures/af_v6/AF-Q142H0-F1-model_v6.cif,1.0
6372,Q142H1,/home/s241850073/igem2026/results/clipzyme_native_extension_v1/structures/af_v6/AF-Q142H1-F1-model_v6.cif,1.0
6373,Q142H2,/home/s241850073/igem2026/results/clipzyme_native_extension_v1/structures/af_v6/AF-Q142H2-F1-model_v6.cif,0.99999994
6374,Q14K35,/home/s241850073/igem2026/results/clipzyme_native_extension_v1/structures/af_v6/AF-Q14K35-F1-model_v6.cif,0.99999994
6375,Q14T82,/home/s241850073/igem2026/results/clipzyme_native_extension_v1/structures/af_v6/AF-Q14T82-F1-model_v6.cif,1.0
6376,Q163Q1,/home/s241850073/igem2026/results/clipzyme_native_extension_v1/structures/af_v6/AF-Q163Q1-F1-model_v6.cif,1.0
6377,Q163Q2,/home/s241850073/igem2026/results/clipzyme_native_extension_v1/structures/af_v6/AF-Q163Q2-F1-model_v6.cif,0.9999999
6378,Q163Q5,/home/s241850073/igem2026/results/clipzyme_native_extension_v1/structures/af_v6/AF-Q163Q5-F1-model_v6.cif,1.0
6379,Q163R6,/home/s241850073/igem2026/results/clipzyme_native_extension_v1/structures/af_v6/AF-Q163R6-F1-model_v6.cif,1.0
6380,Q163R7,/home/s241850073/igem2026/results/clipzyme_native_extension_v1/structures/af_v6/AF-Q163R7-F1-model_v6.cif,1.0
6381,Q17Z53,/home/s241850073/igem2026/results/clipzyme_native_extension_v1/structures/af_v6/AF-Q17Z53-F1-model_v6.cif,1.0
6382,Q17Z55,/home/s241850073/igem2026/results/clipzyme_native_extension_v1/structures/af_v6/AF-Q17Z55-F1-model_v6.cif,1.0
6383,Q17Z59,/home/s241850073/igem2026/results/clipzyme_native_extension_v1/structures/af_v6/AF-Q17Z59-F1-model_v6.cif,1.0
6384,Q17Z60,/home/s241850073/igem2026/results/clipzyme_native_extension_v1/structures/af_v6/AF-Q17Z60-F1-model_v6.cif,1.0
6385,Q17Z62,/home/s241850073/igem2026/results/clipzyme_native_extension_v1/structures/af_v6/AF-Q17Z62-F1-model_v6.cif,1.0
6386,Q17Z65,/home/s241850073/igem2026/results/clipzyme_native_extension_v1/structures/af_v6/AF-Q17Z65-F1-model_v6.cif,0.99999994
6387,Q18EV2,/home/s241850073/igem2026/results/clipzyme_native_extension_v1/structures/af_v6/AF-Q18EV2-F1-model_v6.cif,0.99999994
6388,Q1ASF7,/home/s241850073/igem2026/results/clipzyme_native_extension_v1/structures/af_v6/AF-Q1ASF7-F1-model_v6.cif,1.0000001
6389,Q1AVI4,/home/s241850073/igem2026/results/clipzyme_native_extension_v1/structures/af_v6/AF-Q1AVI4-F1-model_v6.cif,1.0
6390,Q1AVI6,/home/s241850073/igem2026/results/clipzyme_native_extension_v1/structures/af_v6/AF-Q1AVI6-F1-model_v6.cif,0.99999994
6391,Q1AVI7,/home/s241850073/igem2026/results/clipzyme_native_extension_v1/structures/af_v6/AF-Q1AVI7-F1-model_v6.cif,1.0
6392,Q1AVI9,/home/s241850073/igem2026/results/clipzyme_native_extension_v1/structures/af_v6/AF-Q1AVI9-F1-model_v6.cif,1.0
6393,Q1AVJ2,/home/s241850073/igem2026/results/clipzyme_native_extension_v1/structures/af_v6/AF-Q1AVJ2-F1-model_v6.cif,1.0
6394,Q1BBP4,/home/s241850073/igem2026/results/clipzyme_native_extension_v1/structures/af_v6/AF-Q1BBP4-F1-model_v6.cif,1.0
6395,Q1BBP5,/home/s241850073/igem2026/results/clipzyme_native_extension_v1/structures/af_v6/AF-Q1BBP5-F1-model_v6.cif,1.0
6396,Q1BBP6,/home/s241850073/igem2026/results/clipzyme_native_extension_v1/structures/af_v6/AF-Q1BBP6-F1-model_v6.cif,1.0
6397,Q1BBQ0,/home/s241850073/igem2026/results/clipzyme_native_extension_v1/structures/af_v6/AF-Q1BBQ0-F1-model_v6.cif,1.0
6398,Q1BBQ1,/home/s241850073/igem2026/results/clipzyme_native_extension_v1/structures/af_v6/AF-Q1BBQ1-F1-model_v6.cif,1.0
6399,Q1BBQ3,/home/s241850073/igem2026/results/clipzyme_native_extension_v1/structures/af_v6/AF-Q1BBQ3-F1-model_v6.cif,1.0
6400,Q1BV15,/home/s241850073/igem2026/results/clipzyme_native_extension_v1/structures/af_v6/AF-Q1BV15-F1-model_v6.cif,1.0
6401,Q1BV16,/home/s241850073/igem2026/results/clipzyme_native_extension_v1/structures/af_v6/AF-Q1BV16-F1-model_v6.cif,0.99999994
6402,Q1BV20,/home/s241850073/igem2026/results/clipzyme_native_extension_v1/structures/af_v6/AF-Q1BV20-F1-model_v6.cif,0.99999994
6403,Q1CRZ1,/home/s241850073/igem2026/results/clipzyme_native_extension_v1/structures/af_v6/AF-Q1CRZ1-F1-model_v6.cif,0.99999994
6404,Q1CRZ3,/home/s241850073/igem2026/results/clipzyme_native_extension_v1/structures/af_v6/AF-Q1CRZ3-F1-model_v6.cif,0.9999999
6405,Q1CRZ4,/home/s241850073/igem2026/results/clipzyme_native_extension_v1/structures/af_v6/AF-Q1CRZ4-F1-model_v6.cif,0.99999994
6406,Q1CRZ8,/home/s241850073/igem2026/results/clipzyme_native_extension_v1/structures/af_v6/AF-Q1CRZ8-F1-model_v6.cif,0.99999994
6407,Q1CS00,/home/s241850073/igem2026/results/clipzyme_native_extension_v1/structures/af_v6/AF-Q1CS00-F1-model_v6.cif,1.0
6408,Q1D8S3,/home/s241850073/igem2026/results/clipzyme_native_extension_v1/structures/af_v6/AF-Q1D8S3-F1-model_v6.cif,1.0
6409,Q1D8S7,/home/s241850073/igem2026/results/clipzyme_native_extension_v1/structures/af_v6/AF-Q1D8S7-F1-model_v6.cif,0.99999994
6410,Q1D8T0,/home/s241850073/igem2026/results/clipzyme_native_extension_v1/structures/af_v6/AF-Q1D8T0-F1-model_v6.cif,0.99999994
6411,Q1DDD0,/home/s241850073/igem2026/results/clipzyme_native_extension_v1/structures/af_v6/AF-Q1DDD0-F1-model_v6.cif,1.0
6412,Q1DDD3,/home/s241850073/igem2026/results/clipzyme_native_extension_v1/structures/af_v6/AF-Q1DDD3-F1-model_v6.cif,0.99999994
6413,Q1GIM9,/home/s241850073/igem2026/results/clipzyme_native_extension_v1/structures/af_v6/AF-Q1GIM9-F1-model_v6.cif,1.0
6414,Q1GIN0,/home/s241850073/igem2026/results/clipzyme_native_extension_v1/structures/af_v6/AF-Q1GIN0-F1-model_v6.cif,1.0
6415,Q1GIN9,/home/s241850073/igem2026/results/clipzyme_native_extension_v1/structures/af_v6/AF-Q1GIN9-F1-model_v6.cif,0.99999994
6416,Q1GIP1,/home/s241850073/igem2026/results/clipzyme_native_extension_v1/structures/af_v6/AF-Q1GIP1-F1-model_v6.cif,1.0
6417,Q1GTJ8,/home/s241850073/igem2026/results/clipzyme_native_extension_v1/structures/af_v6/AF-Q1GTJ8-F1-model_v6.cif,0.99999994
6418,Q1GTK0,/home/s241850073/igem2026/results/clipzyme_native_extension_v1/structures/af_v6/AF-Q1GTK0-F1-model_v6.cif,1.0
6419,Q1GTK6,/home/s241850073/igem2026/results/clipzyme_native_extension_v1/structures/af_v6/AF-Q1GTK6-F1-model_v6.cif,0.99999994
6420,Q1GTK7,/home/s241850073/igem2026/results/clipzyme_native_extension_v1/structures/af_v6/AF-Q1GTK7-F1-model_v6.cif,0.99999994
6421,Q1GTK9,/home/s241850073/igem2026/results/clipzyme_native_extension_v1/structures/af_v6/AF-Q1GTK9-F1-model_v6.cif,0.99999994
6422,Q1GTL2,/home/s241850073/igem2026/results/clipzyme_native_extension_v1/structures/af_v6/AF-Q1GTL2-F1-model_v6.cif,0.99999994
6423,Q1GZL0,/home/s241850073/igem2026/results/clipzyme_native_extension_v1/structures/af_v6/AF-Q1GZL0-F1-model_v6.cif,1.0
6424,Q1GZL1,/home/s241850073/igem2026/results/clipzyme_native_extension_v1/structures/af_v6/AF-Q1GZL1-F1-model_v6.cif,0.99999994
6425,Q1GZL2,/home/s241850073/igem2026/results/clipzyme_native_extension_v1/structures/af_v6/AF-Q1GZL2-F1-model_v6.cif,1.0
6426,Q1GZL6,/home/s241850073/igem2026/results/clipzyme_native_extension_v1/structures/af_v6/AF-Q1GZL6-F1-model_v6.cif,0.99999994
6427,Q1GZL7,/home/s241850073/igem2026/results/clipzyme_native_extension_v1/structures/af_v6/AF-Q1GZL7-F1-model_v6.cif,1.0
6428,Q1I7Z1,/home/s241850073/igem2026/results/clipzyme_native_extension_v1/structures/af_v6/AF-Q1I7Z1-F1-model_v6.cif,1.0
6429,Q1I7Z3,/home/s241850073/igem2026/results/clipzyme_native_extension_v1/structures/af_v6/AF-Q1I7Z3-F1-model_v6.cif,1.0000001
6430,Q1I7Z4,/home/s241850073/igem2026/results/clipzyme_native_extension_v1/structures/af_v6/AF-Q1I7Z4-F1-model_v6.cif,0.99999994
6431,Q1I7Z8,/home/s241850073/igem2026/results/clipzyme_native_extension_v1/structures/af_v6/AF-Q1I7Z8-F1-model_v6.cif,0.99999994
6432,Q1I7Z9,/home/s241850073/igem2026/results/clipzyme_native_extension_v1/structures/af_v6/AF-Q1I7Z9-F1-model_v6.cif,1.0
6433,Q1IL91,/home/s241850073/igem2026/results/clipzyme_native_extension_v1/structures/af_v6/AF-Q1IL91-F1-model_v6.cif,0.99999994
6434,Q1IPE7,/home/s241850073/igem2026/results/clipzyme_native_extension_v1/structures/af_v6/AF-Q1IPE7-F1-model_v6.cif,0.99999994
6435,Q1IQK4,/home/s241850073/igem2026/results/clipzyme_native_extension_v1/structures/af_v6/AF-Q1IQK4-F1-model_v6.cif,1.0
6436,Q1IS35,/home/s241850073/igem2026/results/clipzyme_native_extension_v1/structures/af_v6/AF-Q1IS35-F1-model_v6.cif,1.0
6437,Q1IS40,/home/s241850073/igem2026/results/clipzyme_native_extension_v1/structures/af_v6/AF-Q1IS40-F1-model_v6.cif,0.99999994
6438,Q1IS42,/home/s241850073/igem2026/results/clipzyme_native_extension_v1/structures/af_v6/AF-Q1IS42-F1-model_v6.cif,0.99999994
6439,Q1IS45,/home/s241850073/igem2026/results/clipzyme_native_extension_v1/structures/af_v6/AF-Q1IS45-F1-model_v6.cif,1.0
6440,Q1IS52,/home/s241850073/igem2026/results/clipzyme_native_extension_v1/structures/af_v6/AF-Q1IS52-F1-model_v6.cif,1.0
6441,Q1IS55,/home/s241850073/igem2026/results/clipzyme_native_extension_v1/structures/af_v6/AF-Q1IS55-F1-model_v6.cif,1.0
6442,Q1IS57,/home/s241850073/igem2026/results/clipzyme_native_extension_v1/structures/af_v6/AF-Q1IS57-F1-model_v6.cif,0.99999994
6443,Q1IS58,/home/s241850073/igem2026/results/clipzyme_native_extension_v1/structures/af_v6/AF-Q1IS58-F1-model_v6.cif,1.0
6444,Q1IS59,/home/s241850073/igem2026/results/clipzyme_native_extension_v1/structures/af_v6/AF-Q1IS59-F1-model_v6.cif,1.0
6445,Q1IZW3,/home/s241850073/igem2026/results/clipzyme_native_extension_v1/structures/af_v6/AF-Q1IZW3-F1-model_v6.cif,1.0
6446,Q1IZW5,/home/s241850073/igem2026/results/clipzyme_native_extension_v1/structures/af_v6/AF-Q1IZW5-F1-model_v6.cif,1.0
6447,Q1IZW6,/home/s241850073/igem2026/results/clipzyme_native_extension_v1/structures/af_v6/AF-Q1IZW6-F1-model_v6.cif,1.0
6448,Q1IZX0,/home/s241850073/igem2026/results/clipzyme_native_extension_v1/structures/af_v6/AF-Q1IZX0-F1-model_v6.cif,1.0
6449,Q1IZX1,/home/s241850073/igem2026/results/clipzyme_native_extension_v1/structures/af_v6/AF-Q1IZX1-F1-model_v6.cif,0.99999994
6450,Q1IZX2,/home/s241850073/igem2026/results/clipzyme_native_extension_v1/structures/af_v6/AF-Q1IZX2-F1-model_v6.cif,1.0
6451,Q1JP73,/home/s241850073/igem2026/results/clipzyme_native_extension_v1/structures/af_v6/AF-Q1JP73-F1-model_v6.cif,1.0
6452,Q1K7A4,/home/s241850073/igem2026/results/clipzyme_native_extension_v1/structures/af_v6/AF-Q1K7A4-F1-model_v6.cif,1.0
6453,Q1LPV3,/home/s241850073/igem2026/results/clipzyme_native_extension_v1/structures/af_v6/AF-Q1LPV3-F1-model_v6.cif,1.0
6454,Q1LPV5,/home/s241850073/igem2026/results/clipzyme_native_extension_v1/structures/af_v6/AF-Q1LPV5-F1-model_v6.cif,0.99999994
6455,Q1LPV6,/home/s241850073/igem2026/results/clipzyme_native_extension_v1/structures/af_v6/AF-Q1LPV6-F1-model_v6.cif,1.0
6456,Q1LPW0,/home/s241850073/igem2026/results/clipzyme_native_extension_v1/structures/af_v6/AF-Q1LPW0-F1-model_v6.cif,1.0
6457,Q1LPW1,/home/s241850073/igem2026/results/clipzyme_native_extension_v1/structures/af_v6/AF-Q1LPW1-F1-model_v6.cif,0.99999994
6458,Q1LPW2,/home/s241850073/igem2026/results/clipzyme_native_extension_v1/structures/af_v6/AF-Q1LPW2-F1-model_v6.cif,1.0
6459,Q1LT89,/home/s241850073/igem2026/results/clipzyme_native_extension_v1/structures/af_v6/AF-Q1LT89-F1-model_v6.cif,1.0
6460,Q1LT90,/home/s241850073/igem2026/results/clipzyme_native_extension_v1/structures/af_v6/AF-Q1LT90-F1-model_v6.cif,0.99999994
6461,Q1LT91,/home/s241850073/igem2026/results/clipzyme_native_extension_v1/structures/af_v6/AF-Q1LT91-F1-model_v6.cif,1.0
6462,Q1LT95,/home/s241850073/igem2026/results/clipzyme_native_extension_v1/structures/af_v6/AF-Q1LT95-F1-model_v6.cif,0.99999994
6463,Q1LT96,/home/s241850073/igem2026/results/clipzyme_native_extension_v1/structures/af_v6/AF-Q1LT96-F1-model_v6.cif,1.0
6464,Q1LT98,/home/s241850073/igem2026/results/clipzyme_native_extension_v1/structures/af_v6/AF-Q1LT98-F1-model_v6.cif,1.0
6465,Q1LTA1,/home/s241850073/igem2026/results/clipzyme_native_extension_v1/structures/af_v6/AF-Q1LTA1-F1-model_v6.cif,1.0000001
6466,Q1MIK4,/home/s241850073/igem2026/results/clipzyme_native_extension_v1/structures/af_v6/AF-Q1MIK4-F1-model_v6.cif,0.99999994
6467,Q1MIK6,/home/s241850073/igem2026/results/clipzyme_native_extension_v1/structures/af_v6/AF-Q1MIK6-F1-model_v6.cif,1.0
6468,Q1MIK7,/home/s241850073/igem2026/results/clipzyme_native_extension_v1/structures/af_v6/AF-Q1MIK7-F1-model_v6.cif,0.99999994
6469,Q1MIL2,/home/s241850073/igem2026/results/clipzyme_native_extension_v1/structures/af_v6/AF-Q1MIL2-F1-model_v6.cif,0.99999994
6470,Q1MIL3,/home/s241850073/igem2026/results/clipzyme_native_extension_v1/structures/af_v6/AF-Q1MIL3-F1-model_v6.cif,0.99999994
6471,Q1MIL4,/home/s241850073/igem2026/results/clipzyme_native_extension_v1/structures/af_v6/AF-Q1MIL4-F1-model_v6.cif,1.0
6472,Q1MT80,/home/s241850073/igem2026/results/clipzyme_native_extension_v1/structures/af_v6/AF-Q1MT80-F1-model_v6.cif,1.0
6473,Q1PFL9,/home/s241850073/igem2026/results/clipzyme_native_extension_v1/structures/af_v6/AF-Q1PFL9-F1-model_v6.cif,1.0
6474,Q1QD88,/home/s241850073/igem2026/results/clipzyme_native_extension_v1/structures/af_v6/AF-Q1QD88-F1-model_v6.cif,0.99999994
6475,Q1QD90,/home/s241850073/igem2026/results/clipzyme_native_extension_v1/structures/af_v6/AF-Q1QD90-F1-model_v6.cif,1.0
6476,Q1QD91,/home/s241850073/igem2026/results/clipzyme_native_extension_v1/structures/af_v6/AF-Q1QD91-F1-model_v6.cif,1.0000001
6477,Q1QD95,/home/s241850073/igem2026/results/clipzyme_native_extension_v1/structures/af_v6/AF-Q1QD95-F1-model_v6.cif,0.99999994
6478,Q1QD96,/home/s241850073/igem2026/results/clipzyme_native_extension_v1/structures/af_v6/AF-Q1QD96-F1-model_v6.cif,0.99999994
6479,Q1QD97,/home/s241850073/igem2026/results/clipzyme_native_extension_v1/structures/af_v6/AF-Q1QD97-F1-model_v6.cif,0.99999994
6480,Q1QL85,/home/s241850073/igem2026/results/clipzyme_native_extension_v1/structures/af_v6/AF-Q1QL85-F1-model_v6.cif,1.0
6481,Q1QL87,/home/s241850073/igem2026/results/clipzyme_native_extension_v1/structures/af_v6/AF-Q1QL87-F1-model_v6.cif,1.0
6482,Q1QL92,/home/s241850073/igem2026/results/clipzyme_native_extension_v1/structures/af_v6/AF-Q1QL92-F1-model_v6.cif,1.0
6483,Q1QL93,/home/s241850073/igem2026/results/clipzyme_native_extension_v1/structures/af_v6/AF-Q1QL93-F1-model_v6.cif,0.99999994
6484,Q1QL95,/home/s241850073/igem2026/results/clipzyme_native_extension_v1/structures/af_v6/AF-Q1QL95-F1-model_v6.cif,1.0
6485,Q1QP34,/home/s241850073/igem2026/results/clipzyme_native_extension_v1/structures/af_v6/AF-Q1QP34-F1-model_v6.cif,1.0
6486,Q1QST2,/home/s241850073/igem2026/results/clipzyme_native_extension_v1/structures/af_v6/AF-Q1QST2-F1-model_v6.cif,0.99999994
6487,Q1QST3,/home/s241850073/igem2026/results/clipzyme_native_extension_v1/structures/af_v6/AF-Q1QST3-F1-model_v6.cif,0.99999994
6488,Q1QST4,/home/s241850073/igem2026/results/clipzyme_native_extension_v1/structures/af_v6/AF-Q1QST4-F1-model_v6.cif,1.0
6489,Q1QST8,/home/s241850073/igem2026/results/clipzyme_native_extension_v1/structures/af_v6/AF-Q1QST8-F1-model_v6.cif,1.0
6490,Q1QST9,/home/s241850073/igem2026/results/clipzyme_native_extension_v1/structures/af_v6/AF-Q1QST9-F1-model_v6.cif,0.99999994
6491,Q1QSU1,/home/s241850073/igem2026/results/clipzyme_native_extension_v1/structures/af_v6/AF-Q1QSU1-F1-model_v6.cif,0.99999994
6492,Q1QSU4,/home/s241850073/igem2026/results/clipzyme_native_extension_v1/structures/af_v6/AF-Q1QSU4-F1-model_v6.cif,1.0
6493,Q1QYU6,/home/s241850073/igem2026/results/clipzyme_native_extension_v1/structures/af_v6/AF-Q1QYU6-F1-model_v6.cif,1.0
6494,Q1QYU7,/home/s241850073/igem2026/results/clipzyme_native_extension_v1/structures/af_v6/AF-Q1QYU7-F1-model_v6.cif,1.0
6495,Q1R9D5,/home/s241850073/igem2026/results/clipzyme_native_extension_v1/structures/af_v6/AF-Q1R9D5-F1-model_v6.cif,1.0
6496,Q1RHA0,/home/s241850073/igem2026/results/clipzyme_native_extension_v1/structures/af_v6/AF-Q1RHA0-F1-model_v6.cif,1.0
6497,Q1RHD6,/home/s241850073/igem2026/results/clipzyme_native_extension_v1/structures/af_v6/AF-Q1RHD6-F1-model_v6.cif,1.0
6498,Q1RIF2,/home/s241850073/igem2026/results/clipzyme_native_extension_v1/structures/af_v6/AF-Q1RIF2-F1-model_v6.cif,1.0
6499,Q1RJI5,/home/s241850073/igem2026/results/clipzyme_native_extension_v1/structures/af_v6/AF-Q1RJI5-F1-model_v6.cif,1.0
6500,Q1RJI6,/home/s241850073/igem2026/results/clipzyme_native_extension_v1/structures/af_v6/AF-Q1RJI6-F1-model_v6.cif,0.99999994
6501,Q1RJI7,/home/s241850073/igem2026/results/clipzyme_native_extension_v1/structures/af_v6/AF-Q1RJI7-F1-model_v6.cif,1.0
6502,Q1RJJ1,/home/s241850073/igem2026/results/clipzyme_native_extension_v1/structures/af_v6/AF-Q1RJJ1-F1-model_v6.cif,1.0
6503,Q1RKD0,/home/s241850073/igem2026/results/clipzyme_native_extension_v1/structures/af_v6/AF-Q1RKD0-F1-model_v6.cif,1.0
6504,Q1RKD1,/home/s241850073/igem2026/results/clipzyme_native_extension_v1/structures/af_v6/AF-Q1RKD1-F1-model_v6.cif,1.0
6505,Q1RKE5,/home/s241850073/igem2026/results/clipzyme_native_extension_v1/structures/af_v6/AF-Q1RKE5-F1-model_v6.cif,1.0
6506,Q1RKE6,/home/s241850073/igem2026/results/clipzyme_native_extension_v1/structures/af_v6/AF-Q1RKE6-F1-model_v6.cif,1.0
6507,Q1RKE7,/home/s241850073/igem2026/results/clipzyme_native_extension_v1/structures/af_v6/AF-Q1RKE7-F1-model_v6.cif,0.99999994
6508,Q1RKE8,/home/s241850073/igem2026/results/clipzyme_native_extension_v1/structures/af_v6/AF-Q1RKE8-F1-model_v6.cif,0.99999994
6509,Q1RKK5,/home/s241850073/igem2026/results/clipzyme_native_extension_v1/structures/af_v6/AF-Q1RKK5-F1-model_v6.cif,1.0
6510,Q1V023,/home/s241850073/igem2026/results/clipzyme_native_extension_v1/structures/af_v6/AF-Q1V023-F1-model_v6.cif,1.0
6511,Q20Z39,/home/s241850073/igem2026/results/clipzyme_native_extension_v1/structures/af_v6/AF-Q20Z39-F1-model_v6.cif,1.0
6512,Q20Z40,/home/s241850073/igem2026/results/clipzyme_native_extension_v1/structures/af_v6/AF-Q20Z40-F1-model_v6.cif,1.0
6513,Q20Z41,/home/s241850073/igem2026/results/clipzyme_native_extension_v1/structures/af_v6/AF-Q20Z41-F1-model_v6.cif,0.99999994
6514,Q20Z45,/home/s241850073/igem2026/results/clipzyme_native_extension_v1/structures/af_v6/AF-Q20Z45-F1-model_v6.cif,1.0
6515,Q20Z46,/home/s241850073/igem2026/results/clipzyme_native_extension_v1/structures/af_v6/AF-Q20Z46-F1-model_v6.cif,1.0
6516,Q20Z48,/home/s241850073/igem2026/results/clipzyme_native_extension_v1/structures/af_v6/AF-Q20Z48-F1-model_v6.cif,1.0
6517,Q215H2,/home/s241850073/igem2026/results/clipzyme_native_extension_v1/structures/af_v6/AF-Q215H2-F1-model_v6.cif,0.99999994
6518,Q215H3,/home/s241850073/igem2026/results/clipzyme_native_extension_v1/structures/af_v6/AF-Q215H3-F1-model_v6.cif,0.99999994
6519,Q215I2,/home/s241850073/igem2026/results/clipzyme_native_extension_v1/structures/af_v6/AF-Q215I2-F1-model_v6.cif,0.99999994
6520,Q215I4,/home/s241850073/igem2026/results/clipzyme_native_extension_v1/structures/af_v6/AF-Q215I4-F1-model_v6.cif,1.0000001
6521,Q21YB7,/home/s241850073/igem2026/results/clipzyme_native_extension_v1/structures/af_v6/AF-Q21YB7-F1-model_v6.cif,1.0
6522,Q21YB9,/home/s241850073/igem2026/results/clipzyme_native_extension_v1/structures/af_v6/AF-Q21YB9-F1-model_v6.cif,1.0
6523,Q21YC0,/home/s241850073/igem2026/results/clipzyme_native_extension_v1/structures/af_v6/AF-Q21YC0-F1-model_v6.cif,0.99999994
6524,Q21YC4,/home/s241850073/igem2026/results/clipzyme_native_extension_v1/structures/af_v6/AF-Q21YC4-F1-model_v6.cif,1.0
6525,Q21YC5,/home/s241850073/igem2026/results/clipzyme_native_extension_v1/structures/af_v6/AF-Q21YC5-F1-model_v6.cif,1.0
6526,Q21YC6,/home/s241850073/igem2026/results/clipzyme_native_extension_v1/structures/af_v6/AF-Q21YC6-F1-model_v6.cif,1.0
6527,Q21YC7,/home/s241850073/igem2026/results/clipzyme_native_extension_v1/structures/af_v6/AF-Q21YC7-F1-model_v6.cif,1.0
6528,Q24UB5,/home/s241850073/igem2026/results/clipzyme_native_extension_v1/structures/af_v6/AF-Q24UB5-F1-model_v6.cif,0.99999994
6529,Q24UB6,/home/s241850073/igem2026/results/clipzyme_native_extension_v1/structures/af_v6/AF-Q24UB6-F1-model_v6.cif,1.0
6530,Q24UB8,/home/s241850073/igem2026/results/clipzyme_native_extension_v1/structures/af_v6/AF-Q24UB8-F1-model_v6.cif,1.0
6531,Q24UB9,/home/s241850073/igem2026/results/clipzyme_native_extension_v1/structures/af_v6/AF-Q24UB9-F1-model_v6.cif,1.0
6532,Q24UC2,/home/s241850073/igem2026/results/clipzyme_native_extension_v1/structures/af_v6/AF-Q24UC2-F1-model_v6.cif,1.0
6533,Q28T49,/home/s241850073/igem2026/results/clipzyme_native_extension_v1/structures/af_v6/AF-Q28T49-F1-model_v6.cif,1.0
6534,Q28T58,/home/s241850073/igem2026/results/clipzyme_native_extension_v1/structures/af_v6/AF-Q28T58-F1-model_v6.cif,0.99999994
6535,Q28T60,/home/s241850073/igem2026/results/clipzyme_native_extension_v1/structures/af_v6/AF-Q28T60-F1-model_v6.cif,1.0
6536,Q28T72,/home/s241850073/igem2026/results/clipzyme_native_extension_v1/structures/af_v6/AF-Q28T72-F1-model_v6.cif,1.0
6537,Q28T74,/home/s241850073/igem2026/results/clipzyme_native_extension_v1/structures/af_v6/AF-Q28T74-F1-model_v6.cif,1.0
6538,Q28T75,/home/s241850073/igem2026/results/clipzyme_native_extension_v1/structures/af_v6/AF-Q28T75-F1-model_v6.cif,0.99999994
6539,Q29593,/home/s241850073/igem2026/results/clipzyme_native_extension_v1/structures/af_v6/AF-Q29593-F1-model_v6.cif,0.99999994
6540,Q2A1F2,/home/s241850073/igem2026/results/clipzyme_native_extension_v1/structures/af_v6/AF-Q2A1F2-F1-model_v6.cif,0.99999994
6541,Q2A1F3,/home/s241850073/igem2026/results/clipzyme_native_extension_v1/structures/af_v6/AF-Q2A1F3-F1-model_v6.cif,1.0
6542,Q2A1G0,/home/s241850073/igem2026/results/clipzyme_native_extension_v1/structures/af_v6/AF-Q2A1G0-F1-model_v6.cif,0.99999994
6543,Q2FWC5,/home/s241850073/igem2026/results/clipzyme_native_extension_v1/structures/af_v6/AF-Q2FWC5-F1-model_v6.cif,1.0
6544,Q2FXG9,/home/s241850073/igem2026/results/clipzyme_native_extension_v1/structures/af_v6/AF-Q2FXG9-F1-model_v6.cif,1.0
6545,Q2G5J3,/home/s241850073/igem2026/results/clipzyme_native_extension_v1/structures/af_v6/AF-Q2G5J3-F1-model_v6.cif,1.0
6546,Q2G5J4,/home/s241850073/igem2026/results/clipzyme_native_extension_v1/structures/af_v6/AF-Q2G5J4-F1-model_v6.cif,1.0
6547,Q2G5Y4,/home/s241850073/igem2026/results/clipzyme_native_extension_v1/structures/af_v6/AF-Q2G5Y4-F1-model_v6.cif,0.99999994
6548,Q2G5Y5,/home/s241850073/igem2026/results/clipzyme_native_extension_v1/structures/af_v6/AF-Q2G5Y5-F1-model_v6.cif,0.99999994
6549,Q2G5Y6,/home/s241850073/igem2026/results/clipzyme_native_extension_v1/structures/af_v6/AF-Q2G5Y6-F1-model_v6.cif,1.0
6550,Q2G5Z3,/home/s241850073/igem2026/results/clipzyme_native_extension_v1/structures/af_v6/AF-Q2G5Z3-F1-model_v6.cif,1.0
6551,Q2G5Z4,/home/s241850073/igem2026/results/clipzyme_native_extension_v1/structures/af_v6/AF-Q2G5Z4-F1-model_v6.cif,1.0
6552,Q2GCV4,/home/s241850073/igem2026/results/clipzyme_native_extension_v1/structures/af_v6/AF-Q2GCV4-F1-model_v6.cif,1.0
6553,Q2GDJ8,/home/s241850073/igem2026/results/clipzyme_native_extension_v1/structures/af_v6/AF-Q2GDJ8-F1-model_v6.cif,1.0
6554,Q2GDX8,/home/s241850073/igem2026/results/clipzyme_native_extension_v1/structures/af_v6/AF-Q2GDX8-F1-model_v6.cif,1.0000001
6555,Q2GDX9,/home/s241850073/igem2026/results/clipzyme_native_extension_v1/structures/af_v6/AF-Q2GDX9-F1-model_v6.cif,1.0
6556,Q2GDY1,/home/s241850073/igem2026/results/clipzyme_native_extension_v1/structures/af_v6/AF-Q2GDY1-F1-model_v6.cif,1.0
6557,Q2GEZ1,/home/s241850073/igem2026/results/clipzyme_native_extension_v1/structures/af_v6/AF-Q2GEZ1-F1-model_v6.cif,1.0
6558,Q2GG48,/home/s241850073/igem2026/results/clipzyme_native_extension_v1/structures/af_v6/AF-Q2GG48-F1-model_v6.cif,1.0
6559,Q2GGD7,/home/s241850073/igem2026/results/clipzyme_native_extension_v1/structures/af_v6/AF-Q2GGD7-F1-model_v6.cif,1.0
6560,Q2GGK6,/home/s241850073/igem2026/results/clipzyme_native_extension_v1/structures/af_v6/AF-Q2GGK6-F1-model_v6.cif,1.0
6561,Q2GGK7,/home/s241850073/igem2026/results/clipzyme_native_extension_v1/structures/af_v6/AF-Q2GGK7-F1-model_v6.cif,1.0
6562,Q2GJS3,/home/s241850073/igem2026/results/clipzyme_native_extension_v1/structures/af_v6/AF-Q2GJS3-F1-model_v6.cif,1.0
6563,Q2GJY9,/home/s241850073/igem2026/results/clipzyme_native_extension_v1/structures/af_v6/AF-Q2GJY9-F1-model_v6.cif,1.0
6564,Q2GK09,/home/s241850073/igem2026/results/clipzyme_native_extension_v1/structures/af_v6/AF-Q2GK09-F1-model_v6.cif,0.99999994
6565,Q2GKI6,/home/s241850073/igem2026/results/clipzyme_native_extension_v1/structures/af_v6/AF-Q2GKI6-F1-model_v6.cif,1.0
6566,Q2GKQ9,/home/s241850073/igem2026/results/clipzyme_native_extension_v1/structures/af_v6/AF-Q2GKQ9-F1-model_v6.cif,0.99999994
6567,Q2IHA4,/home/s241850073/igem2026/results/clipzyme_native_extension_v1/structures/af_v6/AF-Q2IHA4-F1-model_v6.cif,1.0
6568,Q2IL06,/home/s241850073/igem2026/results/clipzyme_native_extension_v1/structures/af_v6/AF-Q2IL06-F1-model_v6.cif,1.0
6569,Q2IL09,/home/s241850073/igem2026/results/clipzyme_native_extension_v1/structures/af_v6/AF-Q2IL09-F1-model_v6.cif,0.99999994
6570,Q2IL11,/home/s241850073/igem2026/results/clipzyme_native_extension_v1/structures/af_v6/AF-Q2IL11-F1-model_v6.cif,1.0
6571,Q2IL12,/home/s241850073/igem2026/results/clipzyme_native_extension_v1/structures/af_v6/AF-Q2IL12-F1-model_v6.cif,1.0
6572,Q2IL14,/home/s241850073/igem2026/results/clipzyme_native_extension_v1/structures/af_v6/AF-Q2IL14-F1-model_v6.cif,1.0
6573,Q2IL15,/home/s241850073/igem2026/results/clipzyme_native_extension_v1/structures/af_v6/AF-Q2IL15-F1-model_v6.cif,0.99999994
6574,Q2IL16,/home/s241850073/igem2026/results/clipzyme_native_extension_v1/structures/af_v6/AF-Q2IL16-F1-model_v6.cif,1.0
6575,Q2IWX5,/home/s241850073/igem2026/results/clipzyme_native_extension_v1/structures/af_v6/AF-Q2IWX5-F1-model_v6.cif,1.0
6576,Q2IWX6,/home/s241850073/igem2026/results/clipzyme_native_extension_v1/structures/af_v6/AF-Q2IWX6-F1-model_v6.cif,0.99999994
6577,Q2IWY2,/home/s241850073/igem2026/results/clipzyme_native_extension_v1/structures/af_v6/AF-Q2IWY2-F1-model_v6.cif,0.99999994
6578,Q2J0E4,/home/s241850073/igem2026/results/clipzyme_native_extension_v1/structures/af_v6/AF-Q2J0E4-F1-model_v6.cif,1.0
6579,Q2J0E6,/home/s241850073/igem2026/results/clipzyme_native_extension_v1/structures/af_v6/AF-Q2J0E6-F1-model_v6.cif,1.0
6580,Q2J0E7,/home/s241850073/igem2026/results/clipzyme_native_extension_v1/structures/af_v6/AF-Q2J0E7-F1-model_v6.cif,1.0
6581,Q2J0F1,/home/s241850073/igem2026/results/clipzyme_native_extension_v1/structures/af_v6/AF-Q2J0F1-F1-model_v6.cif,0.9999999
6582,Q2J0F2,/home/s241850073/igem2026/results/clipzyme_native_extension_v1/structures/af_v6/AF-Q2J0F2-F1-model_v6.cif,1.0
6583,Q2J0F3,/home/s241850073/igem2026/results/clipzyme_native_extension_v1/structures/af_v6/AF-Q2J0F3-F1-model_v6.cif,1.0
6584,Q2JFL0,/home/s241850073/igem2026/results/clipzyme_native_extension_v1/structures/af_v6/AF-Q2JFL0-F1-model_v6.cif,0.99999994
6585,Q2JFL2,/home/s241850073/igem2026/results/clipzyme_native_extension_v1/structures/af_v6/AF-Q2JFL2-F1-model_v6.cif,1.0
6586,Q2JFL3,/home/s241850073/igem2026/results/clipzyme_native_extension_v1/structures/af_v6/AF-Q2JFL3-F1-model_v6.cif,1.0
6587,Q2JFL7,/home/s241850073/igem2026/results/clipzyme_native_extension_v1/structures/af_v6/AF-Q2JFL7-F1-model_v6.cif,0.99999994
6588,Q2K3T6,/home/s241850073/igem2026/results/clipzyme_native_extension_v1/structures/af_v6/AF-Q2K3T6-F1-model_v6.cif,1.0
6589,Q2K3T7,/home/s241850073/igem2026/results/clipzyme_native_extension_v1/structures/af_v6/AF-Q2K3T7-F1-model_v6.cif,0.99999994
6590,Q2K3U2,/home/s241850073/igem2026/results/clipzyme_native_extension_v1/structures/af_v6/AF-Q2K3U2-F1-model_v6.cif,1.0
6591,Q2K3U4,/home/s241850073/igem2026/results/clipzyme_native_extension_v1/structures/af_v6/AF-Q2K3U4-F1-model_v6.cif,0.99999994
6592,Q2K3V1,/home/s241850073/igem2026/results/clipzyme_native_extension_v1/structures/af_v6/AF-Q2K3V1-F1-model_v6.cif,1.0
6593,Q2K755,/home/s241850073/igem2026/results/clipzyme_native_extension_v1/structures/af_v6/AF-Q2K755-F1-model_v6.cif,0.99999994
6594,Q2K9R9,/home/s241850073/igem2026/results/clipzyme_native_extension_v1/structures/af_v6/AF-Q2K9R9-F1-model_v6.cif,1.0
6595,Q2K9S2,/home/s241850073/igem2026/results/clipzyme_native_extension_v1/structures/af_v6/AF-Q2K9S2-F1-model_v6.cif,0.99999994
6596,Q2K9S4,/home/s241850073/igem2026/results/clipzyme_native_extension_v1/structures/af_v6/AF-Q2K9S4-F1-model_v6.cif,1.0
6597,Q2K9S5,/home/s241850073/igem2026/results/clipzyme_native_extension_v1/structures/af_v6/AF-Q2K9S5-F1-model_v6.cif,1.0
6598,Q2K9T1,/home/s241850073/igem2026/results/clipzyme_native_extension_v1/structures/af_v6/AF-Q2K9T1-F1-model_v6.cif,1.0000001
6599,Q2K9T3,/home/s241850073/igem2026/results/clipzyme_native_extension_v1/structures/af_v6/AF-Q2K9T3-F1-model_v6.cif,0.99999994
6600,Q2K9T4,/home/s241850073/igem2026/results/clipzyme_native_extension_v1/structures/af_v6/AF-Q2K9T4-F1-model_v6.cif,1.0
6601,Q2KUY6,/home/s241850073/igem2026/results/clipzyme_native_extension_v1/structures/af_v6/AF-Q2KUY6-F1-model_v6.cif,0.99999994
6602,Q2KUZ4,/home/s241850073/igem2026/results/clipzyme_native_extension_v1/structures/af_v6/AF-Q2KUZ4-F1-model_v6.cif,1.0
6603,Q2KUZ8,/home/s241850073/igem2026/results/clipzyme_native_extension_v1/structures/af_v6/AF-Q2KUZ8-F1-model_v6.cif,1.0
6604,Q2KUZ9,/home/s241850073/igem2026/results/clipzyme_native_extension_v1/structures/af_v6/AF-Q2KUZ9-F1-model_v6.cif,1.0
6605,Q2KV09,/home/s241850073/igem2026/results/clipzyme_native_extension_v1/structures/af_v6/AF-Q2KV09-F1-model_v6.cif,0.99999994
6606,Q2KV17,/home/s241850073/igem2026/results/clipzyme_native_extension_v1/structures/af_v6/AF-Q2KV17-F1-model_v6.cif,1.0
6607,Q2NA61,/home/s241850073/igem2026/results/clipzyme_native_extension_v1/structures/af_v6/AF-Q2NA61-F1-model_v6.cif,0.99999994
6608,Q2NA62,/home/s241850073/igem2026/results/clipzyme_native_extension_v1/structures/af_v6/AF-Q2NA62-F1-model_v6.cif,1.0
6609,Q2NA64,/home/s241850073/igem2026/results/clipzyme_native_extension_v1/structures/af_v6/AF-Q2NA64-F1-model_v6.cif,0.99999994
6610,Q2NA73,/home/s241850073/igem2026/results/clipzyme_native_extension_v1/structures/af_v6/AF-Q2NA73-F1-model_v6.cif,1.0
6611,Q2NA74,/home/s241850073/igem2026/results/clipzyme_native_extension_v1/structures/af_v6/AF-Q2NA74-F1-model_v6.cif,1.0
6612,Q2NA79,/home/s241850073/igem2026/results/clipzyme_native_extension_v1/structures/af_v6/AF-Q2NA79-F1-model_v6.cif,1.0
6613,Q2NE47,/home/s241850073/igem2026/results/clipzyme_native_extension_v1/structures/af_v6/AF-Q2NE47-F1-model_v6.cif,0.99999994
6614,Q2NSJ9,/home/s241850073/igem2026/results/clipzyme_native_extension_v1/structures/af_v6/AF-Q2NSJ9-F1-model_v6.cif,1.0
6615,Q2NSK0,/home/s241850073/igem2026/results/clipzyme_native_extension_v1/structures/af_v6/AF-Q2NSK0-F1-model_v6.cif,1.0000001
6616,Q2NSK1,/home/s241850073/igem2026/results/clipzyme_native_extension_v1/structures/af_v6/AF-Q2NSK1-F1-model_v6.cif,1.0
6617,Q2NSK5,/home/s241850073/igem2026/results/clipzyme_native_extension_v1/structures/af_v6/AF-Q2NSK5-F1-model_v6.cif,1.0
6618,Q2NSK6,/home/s241850073/igem2026/results/clipzyme_native_extension_v1/structures/af_v6/AF-Q2NSK6-F1-model_v6.cif,1.0
6619,Q2NSK8,/home/s241850073/igem2026/results/clipzyme_native_extension_v1/structures/af_v6/AF-Q2NSK8-F1-model_v6.cif,0.99999994
6620,Q2NSL1,/home/s241850073/igem2026/results/clipzyme_native_extension_v1/structures/af_v6/AF-Q2NSL1-F1-model_v6.cif,1.0
6621,Q2P0W2,/home/s241850073/igem2026/results/clipzyme_native_extension_v1/structures/af_v6/AF-Q2P0W2-F1-model_v6.cif,0.99999994
6622,Q2P0W3,/home/s241850073/igem2026/results/clipzyme_native_extension_v1/structures/af_v6/AF-Q2P0W3-F1-model_v6.cif,0.99999994
6623,Q2RJT7,/home/s241850073/igem2026/results/clipzyme_native_extension_v1/structures/af_v6/AF-Q2RJT7-F1-model_v6.cif,1.0
6624,Q2RJU3,/home/s241850073/igem2026/results/clipzyme_native_extension_v1/structures/af_v6/AF-Q2RJU3-F1-model_v6.cif,0.99999994
6625,Q2RJU4,/home/s241850073/igem2026/results/clipzyme_native_extension_v1/structures/af_v6/AF-Q2RJU4-F1-model_v6.cif,1.0
6626,Q2RJU5,/home/s241850073/igem2026/results/clipzyme_native_extension_v1/structures/af_v6/AF-Q2RJU5-F1-model_v6.cif,0.99999994
6627,Q2RJU6,/home/s241850073/igem2026/results/clipzyme_native_extension_v1/structures/af_v6/AF-Q2RJU6-F1-model_v6.cif,0.99999994
6628,Q2RJU7,/home/s241850073/igem2026/results/clipzyme_native_extension_v1/structures/af_v6/AF-Q2RJU7-F1-model_v6.cif,1.0
6629,Q2RU27,/home/s241850073/igem2026/results/clipzyme_native_extension_v1/structures/af_v6/AF-Q2RU27-F1-model_v6.cif,1.0
6630,Q2RU32,/home/s241850073/igem2026/results/clipzyme_native_extension_v1/structures/af_v6/AF-Q2RU32-F1-model_v6.cif,0.99999994
6631,Q2RU33,/home/s241850073/igem2026/results/clipzyme_native_extension_v1/structures/af_v6/AF-Q2RU33-F1-model_v6.cif,1.0
6632,Q2RU37,/home/s241850073/igem2026/results/clipzyme_native_extension_v1/structures/af_v6/AF-Q2RU37-F1-model_v6.cif,1.0
6633,Q2RU38,/home/s241850073/igem2026/results/clipzyme_native_extension_v1/structures/af_v6/AF-Q2RU38-F1-model_v6.cif,1.0
6634,Q2RU39,/home/s241850073/igem2026/results/clipzyme_native_extension_v1/structures/af_v6/AF-Q2RU39-F1-model_v6.cif,1.0
6635,Q2RYV5,/home/s241850073/igem2026/results/clipzyme_native_extension_v1/structures/af_v6/AF-Q2RYV5-F1-model_v6.cif,1.0
6636,Q2S2K9,/home/s241850073/igem2026/results/clipzyme_native_extension_v1/structures/af_v6/AF-Q2S2K9-F1-model_v6.cif,0.99999994
6637,Q2S2L3,/home/s241850073/igem2026/results/clipzyme_native_extension_v1/structures/af_v6/AF-Q2S2L3-F1-model_v6.cif,0.99999994
6638,Q2S5J0,/home/s241850073/igem2026/results/clipzyme_native_extension_v1/structures/af_v6/AF-Q2S5J0-F1-model_v6.cif,0.99999994
6639,Q2S5J2,/home/s241850073/igem2026/results/clipzyme_native_extension_v1/structures/af_v6/AF-Q2S5J2-F1-model_v6.cif,1.0
6640,Q2SZM7,/home/s241850073/igem2026/results/clipzyme_native_extension_v1/structures/af_v6/AF-Q2SZM7-F1-model_v6.cif,0.99999994
6641,Q2SZM8,/home/s241850073/igem2026/results/clipzyme_native_extension_v1/structures/af_v6/AF-Q2SZM8-F1-model_v6.cif,0.99999994
6642,Q2SZN2,/home/s241850073/igem2026/results/clipzyme_native_extension_v1/structures/af_v6/AF-Q2SZN2-F1-model_v6.cif,1.0
6643,Q2SZN3,/home/s241850073/igem2026/results/clipzyme_native_extension_v1/structures/af_v6/AF-Q2SZN3-F1-model_v6.cif,1.0
6644,Q2W3I5,/home/s241850073/igem2026/results/clipzyme_native_extension_v1/structures/af_v6/AF-Q2W3I5-F1-model_v6.cif,1.0
6645,Q2W3I6,/home/s241850073/igem2026/results/clipzyme_native_extension_v1/structures/af_v6/AF-Q2W3I6-F1-model_v6.cif,1.0
6646,Q2W3I7,/home/s241850073/igem2026/results/clipzyme_native_extension_v1/structures/af_v6/AF-Q2W3I7-F1-model_v6.cif,0.99999994
6647,Q2W3J1,/home/s241850073/igem2026/results/clipzyme_native_extension_v1/structures/af_v6/AF-Q2W3J1-F1-model_v6.cif,0.99999994
6648,Q2W3J2,/home/s241850073/igem2026/results/clipzyme_native_extension_v1/structures/af_v6/AF-Q2W3J2-F1-model_v6.cif,1.0
6649,Q2W3J7,/home/s241850073/igem2026/results/clipzyme_native_extension_v1/structures/af_v6/AF-Q2W3J7-F1-model_v6.cif,1.0
6650,Q2W7K4,/home/s241850073/igem2026/results/clipzyme_native_extension_v1/structures/af_v6/AF-Q2W7K4-F1-model_v6.cif,1.0
6651,Q2YA19,/home/s241850073/igem2026/results/clipzyme_native_extension_v1/structures/af_v6/AF-Q2YA19-F1-model_v6.cif,1.0
6652,Q2YA24,/home/s241850073/igem2026/results/clipzyme_native_extension_v1/structures/af_v6/AF-Q2YA24-F1-model_v6.cif,0.99999994
6653,Q2YA25,/home/s241850073/igem2026/results/clipzyme_native_extension_v1/structures/af_v6/AF-Q2YA25-F1-model_v6.cif,1.0
6654,Q2YA26,/home/s241850073/igem2026/results/clipzyme_native_extension_v1/structures/af_v6/AF-Q2YA26-F1-model_v6.cif,1.0
6655,Q2YA93,/home/s241850073/igem2026/results/clipzyme_native_extension_v1/structures/af_v6/AF-Q2YA93-F1-model_v6.cif,1.0
6656,Q2YA96,/home/s241850073/igem2026/results/clipzyme_native_extension_v1/structures/af_v6/AF-Q2YA96-F1-model_v6.cif,1.0
6657,Q2YA98,/home/s241850073/igem2026/results/clipzyme_native_extension_v1/structures/af_v6/AF-Q2YA98-F1-model_v6.cif,1.0
6658,Q2YA99,/home/s241850073/igem2026/results/clipzyme_native_extension_v1/structures/af_v6/AF-Q2YA99-F1-model_v6.cif,1.0
6659,Q2YAA3,/home/s241850073/igem2026/results/clipzyme_native_extension_v1/structures/af_v6/AF-Q2YAA3-F1-model_v6.cif,1.0
6660,Q2YAA4,/home/s241850073/igem2026/results/clipzyme_native_extension_v1/structures/af_v6/AF-Q2YAA4-F1-model_v6.cif,1.0
6661,Q2YAA5,/home/s241850073/igem2026/results/clipzyme_native_extension_v1/structures/af_v6/AF-Q2YAA5-F1-model_v6.cif,1.0
6662,Q30PH9,/home/s241850073/igem2026/results/clipzyme_native_extension_v1/structures/af_v6/AF-Q30PH9-F1-model_v6.cif,1.0
6663,Q30PI1,/home/s241850073/igem2026/results/clipzyme_native_extension_v1/structures/af_v6/AF-Q30PI1-F1-model_v6.cif,1.0
6664,Q30PI6,/home/s241850073/igem2026/results/clipzyme_native_extension_v1/structures/af_v6/AF-Q30PI6-F1-model_v6.cif,1.0
6665,Q30PI7,/home/s241850073/igem2026/results/clipzyme_native_extension_v1/structures/af_v6/AF-Q30PI7-F1-model_v6.cif,1.0
6666,Q30PI9,/home/s241850073/igem2026/results/clipzyme_native_extension_v1/structures/af_v6/AF-Q30PI9-F1-model_v6.cif,1.0
6667,Q30PJ2,/home/s241850073/igem2026/results/clipzyme_native_extension_v1/structures/af_v6/AF-Q30PJ2-F1-model_v6.cif,1.0
6668,Q31HF2,/home/s241850073/igem2026/results/clipzyme_native_extension_v1/structures/af_v6/AF-Q31HF2-F1-model_v6.cif,0.99999994
6669,Q31HF3,/home/s241850073/igem2026/results/clipzyme_native_extension_v1/structures/af_v6/AF-Q31HF3-F1-model_v6.cif,1.0000001
6670,Q31HF7,/home/s241850073/igem2026/results/clipzyme_native_extension_v1/structures/af_v6/AF-Q31HF7-F1-model_v6.cif,1.0
6671,Q31HF8,/home/s241850073/igem2026/results/clipzyme_native_extension_v1/structures/af_v6/AF-Q31HF8-F1-model_v6.cif,0.99999994
6672,Q31HF9,/home/s241850073/igem2026/results/clipzyme_native_extension_v1/structures/af_v6/AF-Q31HF9-F1-model_v6.cif,0.99999994
6673,Q31YI0,/home/s241850073/igem2026/results/clipzyme_native_extension_v1/structures/af_v6/AF-Q31YI0-F1-model_v6.cif,1.0
6674,Q31YI2,/home/s241850073/igem2026/results/clipzyme_native_extension_v1/structures/af_v6/AF-Q31YI2-F1-model_v6.cif,1.0
6675,Q31YI5,/home/s241850073/igem2026/results/clipzyme_native_extension_v1/structures/af_v6/AF-Q31YI5-F1-model_v6.cif,1.0
6676,Q32DQ2,/home/s241850073/igem2026/results/clipzyme_native_extension_v1/structures/af_v6/AF-Q32DQ2-F1-model_v6.cif,0.99999994
6677,Q32DQ8,/home/s241850073/igem2026/results/clipzyme_native_extension_v1/structures/af_v6/AF-Q32DQ8-F1-model_v6.cif,1.0
6678,Q32DR0,/home/s241850073/igem2026/results/clipzyme_native_extension_v1/structures/af_v6/AF-Q32DR0-F1-model_v6.cif,0.99999994
6679,Q32DR3,/home/s241850073/igem2026/results/clipzyme_native_extension_v1/structures/af_v6/AF-Q32DR3-F1-model_v6.cif,1.0
6680,Q337M4,/home/s241850073/igem2026/results/clipzyme_native_extension_v1/structures/af_v6/AF-Q337M4-F1-model_v6.cif,0.99999994
6681,Q39EE5,/home/s241850073/igem2026/results/clipzyme_native_extension_v1/structures/af_v6/AF-Q39EE5-F1-model_v6.cif,0.99999994
6682,Q39EE6,/home/s241850073/igem2026/results/clipzyme_native_extension_v1/structures/af_v6/AF-Q39EE6-F1-model_v6.cif,1.0
6683,Q39EE7,/home/s241850073/igem2026/results/clipzyme_native_extension_v1/structures/af_v6/AF-Q39EE7-F1-model_v6.cif,1.0
6684,Q39EE8,/home/s241850073/igem2026/results/clipzyme_native_extension_v1/structures/af_v6/AF-Q39EE8-F1-model_v6.cif,1.0
6685,Q39EF2,/home/s241850073/igem2026/results/clipzyme_native_extension_v1/structures/af_v6/AF-Q39EF2-F1-model_v6.cif,0.99999994
6686,Q39EF3,/home/s241850073/igem2026/results/clipzyme_native_extension_v1/structures/af_v6/AF-Q39EF3-F1-model_v6.cif,0.99999994
6687,Q39EF5,/home/s241850073/igem2026/results/clipzyme_native_extension_v1/structures/af_v6/AF-Q39EF5-F1-model_v6.cif,1.0
6688,Q39QA7,/home/s241850073/igem2026/results/clipzyme_native_extension_v1/structures/af_v6/AF-Q39QA7-F1-model_v6.cif,1.0
6689,Q39QA8,/home/s241850073/igem2026/results/clipzyme_native_extension_v1/structures/af_v6/AF-Q39QA8-F1-model_v6.cif,1.0
6690,Q39QA9,/home/s241850073/igem2026/results/clipzyme_native_extension_v1/structures/af_v6/AF-Q39QA9-F1-model_v6.cif,1.0
6691,Q39QB0,/home/s241850073/igem2026/results/clipzyme_native_extension_v1/structures/af_v6/AF-Q39QB0-F1-model_v6.cif,0.99999994
6692,Q39QB4,/home/s241850073/igem2026/results/clipzyme_native_extension_v1/structures/af_v6/AF-Q39QB4-F1-model_v6.cif,0.99999994
6693,Q39QB5,/home/s241850073/igem2026/results/clipzyme_native_extension_v1/structures/af_v6/AF-Q39QB5-F1-model_v6.cif,1.0
6694,Q39QB7,/home/s241850073/igem2026/results/clipzyme_native_extension_v1/structures/af_v6/AF-Q39QB7-F1-model_v6.cif,0.99999994
6695,Q39ZA5,/home/s241850073/igem2026/results/clipzyme_native_extension_v1/structures/af_v6/AF-Q39ZA5-F1-model_v6.cif,1.0
6696,Q39ZB0,/home/s241850073/igem2026/results/clipzyme_native_extension_v1/structures/af_v6/AF-Q39ZB0-F1-model_v6.cif,0.99999994
6697,Q39ZB4,/home/s241850073/igem2026/results/clipzyme_native_extension_v1/structures/af_v6/AF-Q39ZB4-F1-model_v6.cif,0.99999994
6698,Q39ZB6,/home/s241850073/igem2026/results/clipzyme_native_extension_v1/structures/af_v6/AF-Q39ZB6-F1-model_v6.cif,1.0
6699,Q39ZC5,/home/s241850073/igem2026/results/clipzyme_native_extension_v1/structures/af_v6/AF-Q39ZC5-F1-model_v6.cif,1.0
6700,Q3A815,/home/s241850073/igem2026/results/clipzyme_native_extension_v1/structures/af_v6/AF-Q3A815-F1-model_v6.cif,1.0
6701,Q3A818,/home/s241850073/igem2026/results/clipzyme_native_extension_v1/structures/af_v6/AF-Q3A818-F1-model_v6.cif,0.99999994
6702,Q3A820,/home/s241850073/igem2026/results/clipzyme_native_extension_v1/structures/af_v6/AF-Q3A820-F1-model_v6.cif,1.0000001
6703,Q3A821,/home/s241850073/igem2026/results/clipzyme_native_extension_v1/structures/af_v6/AF-Q3A821-F1-model_v6.cif,1.0
6704,Q3A826,/home/s241850073/igem2026/results/clipzyme_native_extension_v1/structures/af_v6/AF-Q3A826-F1-model_v6.cif,0.99999994
6705,Q3AC77,/home/s241850073/igem2026/results/clipzyme_native_extension_v1/structures/af_v6/AF-Q3AC77-F1-model_v6.cif,1.0
6706,Q3AC80,/home/s241850073/igem2026/results/clipzyme_native_extension_v1/structures/af_v6/AF-Q3AC80-F1-model_v6.cif,1.0
6707,Q3AC81,/home/s241850073/igem2026/results/clipzyme_native_extension_v1/structures/af_v6/AF-Q3AC81-F1-model_v6.cif,1.0
6708,Q3AC82,/home/s241850073/igem2026/results/clipzyme_native_extension_v1/structures/af_v6/AF-Q3AC82-F1-model_v6.cif,1.0
6709,Q3AC87,/home/s241850073/igem2026/results/clipzyme_native_extension_v1/structures/af_v6/AF-Q3AC87-F1-model_v6.cif,1.0
6710,Q3ASV8,/home/s241850073/igem2026/results/clipzyme_native_extension_v1/structures/af_v6/AF-Q3ASV8-F1-model_v6.cif,1.0
6711,Q3ASW4,/home/s241850073/igem2026/results/clipzyme_native_extension_v1/structures/af_v6/AF-Q3ASW4-F1-model_v6.cif,0.99999994
6712,Q3ASW5,/home/s241850073/igem2026/results/clipzyme_native_extension_v1/structures/af_v6/AF-Q3ASW5-F1-model_v6.cif,0.99999994
6713,Q3ASW7,/home/s241850073/igem2026/results/clipzyme_native_extension_v1/structures/af_v6/AF-Q3ASW7-F1-model_v6.cif,1.0
6714,Q3ASW8,/home/s241850073/igem2026/results/clipzyme_native_extension_v1/structures/af_v6/AF-Q3ASW8-F1-model_v6.cif,1.0
6715,Q3B4V9,/home/s241850073/igem2026/results/clipzyme_native_extension_v1/structures/af_v6/AF-Q3B4V9-F1-model_v6.cif,1.0
6716,Q3B4W0,/home/s241850073/igem2026/results/clipzyme_native_extension_v1/structures/af_v6/AF-Q3B4W0-F1-model_v6.cif,0.99999994
6717,Q3B4W2,/home/s241850073/igem2026/results/clipzyme_native_extension_v1/structures/af_v6/AF-Q3B4W2-F1-model_v6.cif,1.0
6718,Q3B4W3,/home/s241850073/igem2026/results/clipzyme_native_extension_v1/structures/af_v6/AF-Q3B4W3-F1-model_v6.cif,1.0
6719,Q3BRN1,/home/s241850073/igem2026/results/clipzyme_native_extension_v1/structures/af_v6/AF-Q3BRN1-F1-model_v6.cif,0.99999994
6720,Q3BRN2,/home/s241850073/igem2026/results/clipzyme_native_extension_v1/structures/af_v6/AF-Q3BRN2-F1-model_v6.cif,0.9999999
6721,Q3BRN6,/home/s241850073/igem2026/results/clipzyme_native_extension_v1/structures/af_v6/AF-Q3BRN6-F1-model_v6.cif,1.0
6722,Q3BRP2,/home/s241850073/igem2026/results/clipzyme_native_extension_v1/structures/af_v6/AF-Q3BRP2-F1-model_v6.cif,1.0
6723,Q3IUP1,/home/s241850073/igem2026/results/clipzyme_native_extension_v1/structures/af_v6/AF-Q3IUP1-F1-model_v6.cif,1.0
6724,Q3J1Q2,/home/s241850073/igem2026/results/clipzyme_native_extension_v1/structures/af_v6/AF-Q3J1Q2-F1-model_v6.cif,1.0
6725,Q3J1Q3,/home/s241850073/igem2026/results/clipzyme_native_extension_v1/structures/af_v6/AF-Q3J1Q3-F1-model_v6.cif,1.0
6726,Q3J1Q7,/home/s241850073/igem2026/results/clipzyme_native_extension_v1/structures/af_v6/AF-Q3J1Q7-F1-model_v6.cif,1.0
6727,Q3J1Q8,/home/s241850073/igem2026/results/clipzyme_native_extension_v1/structures/af_v6/AF-Q3J1Q8-F1-model_v6.cif,1.0
6728,Q3J3E7,/home/s241850073/igem2026/results/clipzyme_native_extension_v1/structures/af_v6/AF-Q3J3E7-F1-model_v6.cif,1.0
6729,Q3J3F0,/home/s241850073/igem2026/results/clipzyme_native_extension_v1/structures/af_v6/AF-Q3J3F0-F1-model_v6.cif,1.0
6730,Q3J3F1,/home/s241850073/igem2026/results/clipzyme_native_extension_v1/structures/af_v6/AF-Q3J3F1-F1-model_v6.cif,1.0
6731,Q3J3F8,/home/s241850073/igem2026/results/clipzyme_native_extension_v1/structures/af_v6/AF-Q3J3F8-F1-model_v6.cif,1.0
6732,Q3J3F9,/home/s241850073/igem2026/results/clipzyme_native_extension_v1/structures/af_v6/AF-Q3J3F9-F1-model_v6.cif,0.99999994
6733,Q3J3G0,/home/s241850073/igem2026/results/clipzyme_native_extension_v1/structures/af_v6/AF-Q3J3G0-F1-model_v6.cif,1.0
6734,Q3J829,/home/s241850073/igem2026/results/clipzyme_native_extension_v1/structures/af_v6/AF-Q3J829-F1-model_v6.cif,0.99999994
6735,Q3J830,/home/s241850073/igem2026/results/clipzyme_native_extension_v1/structures/af_v6/AF-Q3J830-F1-model_v6.cif,1.0
6736,Q3J831,/home/s241850073/igem2026/results/clipzyme_native_extension_v1/structures/af_v6/AF-Q3J831-F1-model_v6.cif,1.0
6737,Q3J835,/home/s241850073/igem2026/results/clipzyme_native_extension_v1/structures/af_v6/AF-Q3J835-F1-model_v6.cif,0.99999994
6738,Q3J836,/home/s241850073/igem2026/results/clipzyme_native_extension_v1/structures/af_v6/AF-Q3J836-F1-model_v6.cif,1.0
6739,Q3J841,/home/s241850073/igem2026/results/clipzyme_native_extension_v1/structures/af_v6/AF-Q3J841-F1-model_v6.cif,0.99999994
6740,Q3JC15,/home/s241850073/igem2026/results/clipzyme_native_extension_v1/structures/af_v6/AF-Q3JC15-F1-model_v6.cif,0.9999999
6741,Q3JC16,/home/s241850073/igem2026/results/clipzyme_native_extension_v1/structures/af_v6/AF-Q3JC16-F1-model_v6.cif,0.99999994
6742,Q3JC17,/home/s241850073/igem2026/results/clipzyme_native_extension_v1/structures/af_v6/AF-Q3JC17-F1-model_v6.cif,1.0
6743,Q3JC21,/home/s241850073/igem2026/results/clipzyme_native_extension_v1/structures/af_v6/AF-Q3JC21-F1-model_v6.cif,1.0000001
6744,Q3JC22,/home/s241850073/igem2026/results/clipzyme_native_extension_v1/structures/af_v6/AF-Q3JC22-F1-model_v6.cif,0.99999994
6745,Q3JC24,/home/s241850073/igem2026/results/clipzyme_native_extension_v1/structures/af_v6/AF-Q3JC24-F1-model_v6.cif,1.0
6746,Q3JC27,/home/s241850073/igem2026/results/clipzyme_native_extension_v1/structures/af_v6/AF-Q3JC27-F1-model_v6.cif,1.0
6747,Q3JNA0,/home/s241850073/igem2026/results/clipzyme_native_extension_v1/structures/af_v6/AF-Q3JNA0-F1-model_v6.cif,0.99999994
6748,Q3KA54,/home/s241850073/igem2026/results/clipzyme_native_extension_v1/structures/af_v6/AF-Q3KA54-F1-model_v6.cif,0.99999994
6749,Q3KA56,/home/s241850073/igem2026/results/clipzyme_native_extension_v1/structures/af_v6/AF-Q3KA56-F1-model_v6.cif,0.99999994
6750,Q3KA57,/home/s241850073/igem2026/results/clipzyme_native_extension_v1/structures/af_v6/AF-Q3KA57-F1-model_v6.cif,0.99999994
6751,Q3KA61,/home/s241850073/igem2026/results/clipzyme_native_extension_v1/structures/af_v6/AF-Q3KA61-F1-model_v6.cif,1.0
6752,Q3KA62,/home/s241850073/igem2026/results/clipzyme_native_extension_v1/structures/af_v6/AF-Q3KA62-F1-model_v6.cif,1.0
6753,Q3KA63,/home/s241850073/igem2026/results/clipzyme_native_extension_v1/structures/af_v6/AF-Q3KA63-F1-model_v6.cif,1.0
6754,Q3MHQ7,/home/s241850073/igem2026/results/clipzyme_native_extension_v1/structures/af_v6/AF-Q3MHQ7-F1-model_v6.cif,0.99999994
6755,Q3SEX6,/home/s241850073/igem2026/results/clipzyme_native_extension_v1/structures/af_v6/AF-Q3SEX6-F1-model_v6.cif,0.99999994
6756,Q3SEX7,/home/s241850073/igem2026/results/clipzyme_native_extension_v1/structures/af_v6/AF-Q3SEX7-F1-model_v6.cif,1.0
6757,Q3SJP4,/home/s241850073/igem2026/results/clipzyme_native_extension_v1/structures/af_v6/AF-Q3SJP4-F1-model_v6.cif,1.0
6758,Q3SJP7,/home/s241850073/igem2026/results/clipzyme_native_extension_v1/structures/af_v6/AF-Q3SJP7-F1-model_v6.cif,1.0
6759,Q3SJP9,/home/s241850073/igem2026/results/clipzyme_native_extension_v1/structures/af_v6/AF-Q3SJP9-F1-model_v6.cif,1.0
6760,Q3SJQ0,/home/s241850073/igem2026/results/clipzyme_native_extension_v1/structures/af_v6/AF-Q3SJQ0-F1-model_v6.cif,1.0
6761,Q3SJQ4,/home/s241850073/igem2026/results/clipzyme_native_extension_v1/structures/af_v6/AF-Q3SJQ4-F1-model_v6.cif,0.99999994
6762,Q3SRE4,/home/s241850073/igem2026/results/clipzyme_native_extension_v1/structures/af_v6/AF-Q3SRE4-F1-model_v6.cif,1.0
6763,Q3SRE6,/home/s241850073/igem2026/results/clipzyme_native_extension_v1/structures/af_v6/AF-Q3SRE6-F1-model_v6.cif,0.99999994
6764,Q3SRF1,/home/s241850073/igem2026/results/clipzyme_native_extension_v1/structures/af_v6/AF-Q3SRF1-F1-model_v6.cif,1.0
6765,Q3SRF2,/home/s241850073/igem2026/results/clipzyme_native_extension_v1/structures/af_v6/AF-Q3SRF2-F1-model_v6.cif,0.99999994
6766,Q3YRZ4,/home/s241850073/igem2026/results/clipzyme_native_extension_v1/structures/af_v6/AF-Q3YRZ4-F1-model_v6.cif,1.0
6767,Q3YS37,/home/s241850073/igem2026/results/clipzyme_native_extension_v1/structures/af_v6/AF-Q3YS37-F1-model_v6.cif,1.0
6768,Q3YS40,/home/s241850073/igem2026/results/clipzyme_native_extension_v1/structures/af_v6/AF-Q3YS40-F1-model_v6.cif,1.0
6769,Q3YSA1,/home/s241850073/igem2026/results/clipzyme_native_extension_v1/structures/af_v6/AF-Q3YSA1-F1-model_v6.cif,1.0
6770,Q3YZS2,/home/s241850073/igem2026/results/clipzyme_native_extension_v1/structures/af_v6/AF-Q3YZS2-F1-model_v6.cif,1.0
6771,Q3YZS3,/home/s241850073/igem2026/results/clipzyme_native_extension_v1/structures/af_v6/AF-Q3YZS3-F1-model_v6.cif,1.0
6772,Q3YZS8,/home/s241850073/igem2026/results/clipzyme_native_extension_v1/structures/af_v6/AF-Q3YZS8-F1-model_v6.cif,1.0
6773,Q3YZS9,/home/s241850073/igem2026/results/clipzyme_native_extension_v1/structures/af_v6/AF-Q3YZS9-F1-model_v6.cif,1.0
6774,Q3YZT1,/home/s241850073/igem2026/results/clipzyme_native_extension_v1/structures/af_v6/AF-Q3YZT1-F1-model_v6.cif,0.99999994
6775,Q3YZT4,/home/s241850073/igem2026/results/clipzyme_native_extension_v1/structures/af_v6/AF-Q3YZT4-F1-model_v6.cif,1.0
6776,Q3Z7Z7,/home/s241850073/igem2026/results/clipzyme_native_extension_v1/structures/af_v6/AF-Q3Z7Z7-F1-model_v6.cif,0.99999994
6777,Q3Z7Z8,/home/s241850073/igem2026/results/clipzyme_native_extension_v1/structures/af_v6/AF-Q3Z7Z8-F1-model_v6.cif,1.0
6778,Q3Z800,/home/s241850073/igem2026/results/clipzyme_native_extension_v1/structures/af_v6/AF-Q3Z800-F1-model_v6.cif,0.99999994
6779,Q3ZXR7,/home/s241850073/igem2026/results/clipzyme_native_extension_v1/structures/af_v6/AF-Q3ZXR7-F1-model_v6.cif,1.0
6780,Q3ZXR8,/home/s241850073/igem2026/results/clipzyme_native_extension_v1/structures/af_v6/AF-Q3ZXR8-F1-model_v6.cif,0.99999994
6781,Q3ZXS0,/home/s241850073/igem2026/results/clipzyme_native_extension_v1/structures/af_v6/AF-Q3ZXS0-F1-model_v6.cif,1.0
6782,Q45221,/home/s241850073/igem2026/results/clipzyme_native_extension_v1/structures/af_v6/AF-Q45221-F1-model_v6.cif,1.0
6783,Q46E01,/home/s241850073/igem2026/results/clipzyme_native_extension_v1/structures/af_v6/AF-Q46E01-F1-model_v6.cif,0.99999994
6784,Q473T3,/home/s241850073/igem2026/results/clipzyme_native_extension_v1/structures/af_v6/AF-Q473T3-F1-model_v6.cif,1.0
6785,Q473T5,/home/s241850073/igem2026/results/clipzyme_native_extension_v1/structures/af_v6/AF-Q473T5-F1-model_v6.cif,1.0
6786,Q473T6,/home/s241850073/igem2026/results/clipzyme_native_extension_v1/structures/af_v6/AF-Q473T6-F1-model_v6.cif,1.0
6787,Q473U0,/home/s241850073/igem2026/results/clipzyme_native_extension_v1/structures/af_v6/AF-Q473U0-F1-model_v6.cif,0.99999994
6788,Q473U1,/home/s241850073/igem2026/results/clipzyme_native_extension_v1/structures/af_v6/AF-Q473U1-F1-model_v6.cif,1.0
6789,Q473U2,/home/s241850073/igem2026/results/clipzyme_native_extension_v1/structures/af_v6/AF-Q473U2-F1-model_v6.cif,1.0
6790,Q473U3,/home/s241850073/igem2026/results/clipzyme_native_extension_v1/structures/af_v6/AF-Q473U3-F1-model_v6.cif,1.0
6791,Q47HG3,/home/s241850073/igem2026/results/clipzyme_native_extension_v1/structures/af_v6/AF-Q47HG3-F1-model_v6.cif,0.99999994
6792,Q47HG6,/home/s241850073/igem2026/results/clipzyme_native_extension_v1/structures/af_v6/AF-Q47HG6-F1-model_v6.cif,1.0
6793,Q47HG8,/home/s241850073/igem2026/results/clipzyme_native_extension_v1/structures/af_v6/AF-Q47HG8-F1-model_v6.cif,1.0
6794,Q47HG9,/home/s241850073/igem2026/results/clipzyme_native_extension_v1/structures/af_v6/AF-Q47HG9-F1-model_v6.cif,0.9999999
6795,Q47HH3,/home/s241850073/igem2026/results/clipzyme_native_extension_v1/structures/af_v6/AF-Q47HH3-F1-model_v6.cif,1.0
6796,Q47HH4,/home/s241850073/igem2026/results/clipzyme_native_extension_v1/structures/af_v6/AF-Q47HH4-F1-model_v6.cif,1.0
6797,Q47HH5,/home/s241850073/igem2026/results/clipzyme_native_extension_v1/structures/af_v6/AF-Q47HH5-F1-model_v6.cif,0.9999999
6798,Q47LE5,/home/s241850073/igem2026/results/clipzyme_native_extension_v1/structures/af_v6/AF-Q47LE5-F1-model_v6.cif,1.0
6799,Q47LE7,/home/s241850073/igem2026/results/clipzyme_native_extension_v1/structures/af_v6/AF-Q47LE7-F1-model_v6.cif,0.99999994
6800,Q47LF1,/home/s241850073/igem2026/results/clipzyme_native_extension_v1/structures/af_v6/AF-Q47LF1-F1-model_v6.cif,1.0
6801,Q47LF2,/home/s241850073/igem2026/results/clipzyme_native_extension_v1/structures/af_v6/AF-Q47LF2-F1-model_v6.cif,0.99999994
6802,Q47LF4,/home/s241850073/igem2026/results/clipzyme_native_extension_v1/structures/af_v6/AF-Q47LF4-F1-model_v6.cif,1.0
6803,Q47LF7,/home/s241850073/igem2026/results/clipzyme_native_extension_v1/structures/af_v6/AF-Q47LF7-F1-model_v6.cif,1.0
6804,Q48H45,/home/s241850073/igem2026/results/clipzyme_native_extension_v1/structures/af_v6/AF-Q48H45-F1-model_v6.cif,1.0
6805,Q48H47,/home/s241850073/igem2026/results/clipzyme_native_extension_v1/structures/af_v6/AF-Q48H47-F1-model_v6.cif,1.0
6806,Q48H52,/home/s241850073/igem2026/results/clipzyme_native_extension_v1/structures/af_v6/AF-Q48H52-F1-model_v6.cif,0.99999994
6807,Q492H6,/home/s241850073/igem2026/results/clipzyme_native_extension_v1/structures/af_v6/AF-Q492H6-F1-model_v6.cif,1.0
6808,Q492H7,/home/s241850073/igem2026/results/clipzyme_native_extension_v1/structures/af_v6/AF-Q492H7-F1-model_v6.cif,1.0000001
6809,Q492H8,/home/s241850073/igem2026/results/clipzyme_native_extension_v1/structures/af_v6/AF-Q492H8-F1-model_v6.cif,1.0
6810,Q492I2,/home/s241850073/igem2026/results/clipzyme_native_extension_v1/structures/af_v6/AF-Q492I2-F1-model_v6.cif,1.0
6811,Q492I3,/home/s241850073/igem2026/results/clipzyme_native_extension_v1/structures/af_v6/AF-Q492I3-F1-model_v6.cif,0.99999994
6812,Q492I5,/home/s241850073/igem2026/results/clipzyme_native_extension_v1/structures/af_v6/AF-Q492I5-F1-model_v6.cif,1.0
6813,Q492I8,/home/s241850073/igem2026/results/clipzyme_native_extension_v1/structures/af_v6/AF-Q492I8-F1-model_v6.cif,0.99999994
6814,Q4FL37,/home/s241850073/igem2026/results/clipzyme_native_extension_v1/structures/af_v6/AF-Q4FL37-F1-model_v6.cif,1.0
6815,Q4FM78,/home/s241850073/igem2026/results/clipzyme_native_extension_v1/structures/af_v6/AF-Q4FM78-F1-model_v6.cif,1.0
6816,Q4FM83,/home/s241850073/igem2026/results/clipzyme_native_extension_v1/structures/af_v6/AF-Q4FM83-F1-model_v6.cif,1.0
6817,Q4FM84,/home/s241850073/igem2026/results/clipzyme_native_extension_v1/structures/af_v6/AF-Q4FM84-F1-model_v6.cif,1.0
6818,Q4FM88,/home/s241850073/igem2026/results/clipzyme_native_extension_v1/structures/af_v6/AF-Q4FM88-F1-model_v6.cif,1.0
6819,Q4FM90,/home/s241850073/igem2026/results/clipzyme_native_extension_v1/structures/af_v6/AF-Q4FM90-F1-model_v6.cif,1.0
6820,Q4FM91,/home/s241850073/igem2026/results/clipzyme_native_extension_v1/structures/af_v6/AF-Q4FM91-F1-model_v6.cif,1.0
6821,Q4FU52,/home/s241850073/igem2026/results/clipzyme_native_extension_v1/structures/af_v6/AF-Q4FU52-F1-model_v6.cif,0.9999999
6822,Q4FU55,/home/s241850073/igem2026/results/clipzyme_native_extension_v1/structures/af_v6/AF-Q4FU55-F1-model_v6.cif,1.0
6823,Q4FU57,/home/s241850073/igem2026/results/clipzyme_native_extension_v1/structures/af_v6/AF-Q4FU57-F1-model_v6.cif,0.99999994
6824,Q4FU58,/home/s241850073/igem2026/results/clipzyme_native_extension_v1/structures/af_v6/AF-Q4FU58-F1-model_v6.cif,1.0
6825,Q4FU62,/home/s241850073/igem2026/results/clipzyme_native_extension_v1/structures/af_v6/AF-Q4FU62-F1-model_v6.cif,1.0
6826,Q4FU63,/home/s241850073/igem2026/results/clipzyme_native_extension_v1/structures/af_v6/AF-Q4FU63-F1-model_v6.cif,1.0
6827,Q4FU64,/home/s241850073/igem2026/results/clipzyme_native_extension_v1/structures/af_v6/AF-Q4FU64-F1-model_v6.cif,1.0
6828,Q4K9S7,/home/s241850073/igem2026/results/clipzyme_native_extension_v1/structures/af_v6/AF-Q4K9S7-F1-model_v6.cif,0.99999994
6829,Q4K9S9,/home/s241850073/igem2026/results/clipzyme_native_extension_v1/structures/af_v6/AF-Q4K9S9-F1-model_v6.cif,1.0
6830,Q4K9T0,/home/s241850073/igem2026/results/clipzyme_native_extension_v1/structures/af_v6/AF-Q4K9T0-F1-model_v6.cif,1.0
6831,Q4K9T5,/home/s241850073/igem2026/results/clipzyme_native_extension_v1/structures/af_v6/AF-Q4K9T5-F1-model_v6.cif,1.0
6832,Q4QSC5,/home/s241850073/igem2026/results/clipzyme_native_extension_v1/structures/af_v6/AF-Q4QSC5-F1-model_v6.cif,1.0
6833,Q4QSC6,/home/s241850073/igem2026/results/clipzyme_native_extension_v1/structures/af_v6/AF-Q4QSC6-F1-model_v6.cif,1.0
6834,Q4UK23,/home/s241850073/igem2026/results/clipzyme_native_extension_v1/structures/af_v6/AF-Q4UK23-F1-model_v6.cif,0.99999994
6835,Q4UK24,/home/s241850073/igem2026/results/clipzyme_native_extension_v1/structures/af_v6/AF-Q4UK24-F1-model_v6.cif,1.0
6836,Q4UK26,/home/s241850073/igem2026/results/clipzyme_native_extension_v1/structures/af_v6/AF-Q4UK26-F1-model_v6.cif,1.0
6837,Q4UK27,/home/s241850073/igem2026/results/clipzyme_native_extension_v1/structures/af_v6/AF-Q4UK27-F1-model_v6.cif,0.99999994
6838,Q4UK28,/home/s241850073/igem2026/results/clipzyme_native_extension_v1/structures/af_v6/AF-Q4UK28-F1-model_v6.cif,0.99999994
6839,Q4UK29,/home/s241850073/igem2026/results/clipzyme_native_extension_v1/structures/af_v6/AF-Q4UK29-F1-model_v6.cif,1.0
6840,Q4UK46,/home/s241850073/igem2026/results/clipzyme_native_extension_v1/structures/af_v6/AF-Q4UK46-F1-model_v6.cif,0.99999994
6841,Q4UKA6,/home/s241850073/igem2026/results/clipzyme_native_extension_v1/structures/af_v6/AF-Q4UKA6-F1-model_v6.cif,0.99999994
6842,Q4UKH4,/home/s241850073/igem2026/results/clipzyme_native_extension_v1/structures/af_v6/AF-Q4UKH4-F1-model_v6.cif,1.0
6843,Q4UL68,/home/s241850073/igem2026/results/clipzyme_native_extension_v1/structures/af_v6/AF-Q4UL68-F1-model_v6.cif,0.99999994
6844,Q4UM05,/home/s241850073/igem2026/results/clipzyme_native_extension_v1/structures/af_v6/AF-Q4UM05-F1-model_v6.cif,1.0
6845,Q4UM06,/home/s241850073/igem2026/results/clipzyme_native_extension_v1/structures/af_v6/AF-Q4UM06-F1-model_v6.cif,1.0
6846,Q4UM07,/home/s241850073/igem2026/results/clipzyme_native_extension_v1/structures/af_v6/AF-Q4UM07-F1-model_v6.cif,1.0
6847,Q4UM08,/home/s241850073/igem2026/results/clipzyme_native_extension_v1/structures/af_v6/AF-Q4UM08-F1-model_v6.cif,1.0
6848,Q4UM09,/home/s241850073/igem2026/results/clipzyme_native_extension_v1/structures/af_v6/AF-Q4UM09-F1-model_v6.cif,0.99999994
6849,Q4UWB5,/home/s241850073/igem2026/results/clipzyme_native_extension_v1/structures/af_v6/AF-Q4UWB5-F1-model_v6.cif,1.0
6850,Q4VFY5,/home/s241850073/igem2026/results/clipzyme_native_extension_v1/structures/af_v6/AF-Q4VFY5-F1-model_v6.cif,1.0
6851,Q4W8C9,/home/s241850073/igem2026/results/clipzyme_native_extension_v1/structures/af_v6/AF-Q4W8C9-F1-model_v6.cif,1.0
6852,Q4WBI0,/home/s241850073/igem2026/results/clipzyme_native_extension_v1/structures/af_v6/AF-Q4WBI0-F1-model_v6.cif,0.9999999
6853,Q4WBI3,/home/s241850073/igem2026/results/clipzyme_native_extension_v1/structures/af_v6/AF-Q4WBI3-F1-model_v6.cif,1.0
6854,Q4WBI4,/home/s241850073/igem2026/results/clipzyme_native_extension_v1/structures/af_v6/AF-Q4WBI4-F1-model_v6.cif,1.0
6855,Q4WBI5,/home/s241850073/igem2026/results/clipzyme_native_extension_v1/structures/af_v6/AF-Q4WBI5-F1-model_v6.cif,0.99999994
6856,Q4YUZ9,/home/s241850073/igem2026/results/clipzyme_native_extension_v1/structures/af_v6/AF-Q4YUZ9-F1-model_v6.cif,0.99999994
6857,Q4ZRI4,/home/s241850073/igem2026/results/clipzyme_native_extension_v1/structures/af_v6/AF-Q4ZRI4-F1-model_v6.cif,0.99999994
6858,Q4ZRI6,/home/s241850073/igem2026/results/clipzyme_native_extension_v1/structures/af_v6/AF-Q4ZRI6-F1-model_v6.cif,1.0
6859,Q4ZRI7,/home/s241850073/igem2026/results/clipzyme_native_extension_v1/structures/af_v6/AF-Q4ZRI7-F1-model_v6.cif,0.99999994
6860,Q4ZRJ1,/home/s241850073/igem2026/results/clipzyme_native_extension_v1/structures/af_v6/AF-Q4ZRJ1-F1-model_v6.cif,0.99999994
6861,Q4ZRJ2,/home/s241850073/igem2026/results/clipzyme_native_extension_v1/structures/af_v6/AF-Q4ZRJ2-F1-model_v6.cif,1.0
6862,Q50225,/home/s241850073/igem2026/results/clipzyme_native_extension_v1/structures/af_v6/AF-Q50225-F1-model_v6.cif,1.0
6863,Q50227,/home/s241850073/igem2026/results/clipzyme_native_extension_v1/structures/af_v6/AF-Q50227-F1-model_v6.cif,1.0
6864,Q50248,/home/s241850073/igem2026/results/clipzyme_native_extension_v1/structures/af_v6/AF-Q50248-F1-model_v6.cif,0.99999994
6865,Q50249,/home/s241850073/igem2026/results/clipzyme_native_extension_v1/structures/af_v6/AF-Q50249-F1-model_v6.cif,1.0
6866,Q50250,/home/s241850073/igem2026/results/clipzyme_native_extension_v1/structures/af_v6/AF-Q50250-F1-model_v6.cif,0.99999994
6867,Q54II8,/home/s241850073/igem2026/results/clipzyme_native_extension_v1/structures/af_v6/AF-Q54II8-F1-model_v6.cif,1.0
6868,Q55311,/home/s241850073/igem2026/results/clipzyme_native_extension_v1/structures/af_v6/AF-Q55311-F1-model_v6.cif,0.99999994
6869,Q56217,/home/s241850073/igem2026/results/clipzyme_native_extension_v1/structures/af_v6/AF-Q56217-F1-model_v6.cif,1.0
6870,Q56220,/home/s241850073/igem2026/results/clipzyme_native_extension_v1/structures/af_v6/AF-Q56220-F1-model_v6.cif,1.0
6871,Q56221,/home/s241850073/igem2026/results/clipzyme_native_extension_v1/structures/af_v6/AF-Q56221-F1-model_v6.cif,1.0
6872,Q56222,/home/s241850073/igem2026/results/clipzyme_native_extension_v1/structures/af_v6/AF-Q56222-F1-model_v6.cif,1.0
6873,Q56225,/home/s241850073/igem2026/results/clipzyme_native_extension_v1/structures/af_v6/AF-Q56225-F1-model_v6.cif,0.99999994
6874,Q56226,/home/s241850073/igem2026/results/clipzyme_native_extension_v1/structures/af_v6/AF-Q56226-F1-model_v6.cif,1.0
6875,Q56227,/home/s241850073/igem2026/results/clipzyme_native_extension_v1/structures/af_v6/AF-Q56227-F1-model_v6.cif,1.0
6876,Q56228,/home/s241850073/igem2026/results/clipzyme_native_extension_v1/structures/af_v6/AF-Q56228-F1-model_v6.cif,0.99999994
6877,Q56229,/home/s241850073/igem2026/results/clipzyme_native_extension_v1/structures/af_v6/AF-Q56229-F1-model_v6.cif,0.99999994
6878,Q56743,/home/s241850073/igem2026/results/clipzyme_native_extension_v1/structures/af_v6/AF-Q56743-F1-model_v6.cif,1.0
6879,Q56JV3,/home/s241850073/igem2026/results/clipzyme_native_extension_v1/structures/af_v6/AF-Q56JV3-F1-model_v6.cif,0.99999994
6880,Q57565,/home/s241850073/igem2026/results/clipzyme_native_extension_v1/structures/af_v6/AF-Q57565-F1-model_v6.cif,1.0
6881,Q57739,/home/s241850073/igem2026/results/clipzyme_native_extension_v1/structures/af_v6/AF-Q57739-F1-model_v6.cif,0.99999994
6882,Q57DU3,/home/s241850073/igem2026/results/clipzyme_native_extension_v1/structures/af_v6/AF-Q57DU3-F1-model_v6.cif,0.99999994
6883,Q57DU8,/home/s241850073/igem2026/results/clipzyme_native_extension_v1/structures/af_v6/AF-Q57DU8-F1-model_v6.cif,1.0000001
6884,Q57DU9,/home/s241850073/igem2026/results/clipzyme_native_extension_v1/structures/af_v6/AF-Q57DU9-F1-model_v6.cif,0.99999994
6885,Q57DV0,/home/s241850073/igem2026/results/clipzyme_native_extension_v1/structures/af_v6/AF-Q57DV0-F1-model_v6.cif,0.99999994
6886,Q57M40,/home/s241850073/igem2026/results/clipzyme_native_extension_v1/structures/af_v6/AF-Q57M40-F1-model_v6.cif,1.0
6887,Q5AR28,/home/s241850073/igem2026/results/clipzyme_native_extension_v1/structures/af_v6/AF-Q5AR28-F1-model_v6.cif,1.0
6888,Q5AR31,/home/s241850073/igem2026/results/clipzyme_native_extension_v1/structures/af_v6/AF-Q5AR31-F1-model_v6.cif,0.99999994
6889,Q5AR33,/home/s241850073/igem2026/results/clipzyme_native_extension_v1/structures/af_v6/AF-Q5AR33-F1-model_v6.cif,0.99999994
6890,Q5AR91,/home/s241850073/igem2026/results/clipzyme_native_extension_v1/structures/af_v6/AF-Q5AR91-F1-model_v6.cif,1.0
6891,Q5D1A3,/home/s241850073/igem2026/results/clipzyme_native_extension_v1/structures/af_v6/AF-Q5D1A3-F1-model_v6.cif,0.99999994
6892,Q5F616,/home/s241850073/igem2026/results/clipzyme_native_extension_v1/structures/af_v6/AF-Q5F616-F1-model_v6.cif,0.99999994
6893,Q5F617,/home/s241850073/igem2026/results/clipzyme_native_extension_v1/structures/af_v6/AF-Q5F617-F1-model_v6.cif,1.0
6894,Q5F618,/home/s241850073/igem2026/results/clipzyme_native_extension_v1/structures/af_v6/AF-Q5F618-F1-model_v6.cif,1.0
6895,Q5F622,/home/s241850073/igem2026/results/clipzyme_native_extension_v1/structures/af_v6/AF-Q5F622-F1-model_v6.cif,0.99999994
6896,Q5F629,/home/s241850073/igem2026/results/clipzyme_native_extension_v1/structures/af_v6/AF-Q5F629-F1-model_v6.cif,1.0
6897,Q5F8J4,/home/s241850073/igem2026/results/clipzyme_native_extension_v1/structures/af_v6/AF-Q5F8J4-F1-model_v6.cif,1.0
6898,Q5FGV3,/home/s241850073/igem2026/results/clipzyme_native_extension_v1/structures/af_v6/AF-Q5FGV3-F1-model_v6.cif,1.0
6899,Q5GS15,/home/s241850073/igem2026/results/clipzyme_native_extension_v1/structures/af_v6/AF-Q5GS15-F1-model_v6.cif,1.0
6900,Q5GSG5,/home/s241850073/igem2026/results/clipzyme_native_extension_v1/structures/af_v6/AF-Q5GSG5-F1-model_v6.cif,0.99999994
6901,Q5GSR1,/home/s241850073/igem2026/results/clipzyme_native_extension_v1/structures/af_v6/AF-Q5GSR1-F1-model_v6.cif,1.0
6902,Q5GT42,/home/s241850073/igem2026/results/clipzyme_native_extension_v1/structures/af_v6/AF-Q5GT42-F1-model_v6.cif,1.0
6903,Q5GT43,/home/s241850073/igem2026/results/clipzyme_native_extension_v1/structures/af_v6/AF-Q5GT43-F1-model_v6.cif,0.99999994
6904,Q5GTF8,/home/s241850073/igem2026/results/clipzyme_native_extension_v1/structures/af_v6/AF-Q5GTF8-F1-model_v6.cif,1.0
6905,Q5GXT2,/home/s241850073/igem2026/results/clipzyme_native_extension_v1/structures/af_v6/AF-Q5GXT2-F1-model_v6.cif,1.0
6906,Q5GXT3,/home/s241850073/igem2026/results/clipzyme_native_extension_v1/structures/af_v6/AF-Q5GXT3-F1-model_v6.cif,1.0
6907,Q5GXT4,/home/s241850073/igem2026/results/clipzyme_native_extension_v1/structures/af_v6/AF-Q5GXT4-F1-model_v6.cif,0.99999994
6908,Q5GXU0,/home/s241850073/igem2026/results/clipzyme_native_extension_v1/structures/af_v6/AF-Q5GXU0-F1-model_v6.cif,0.99999994
6909,Q5HB88,/home/s241850073/igem2026/results/clipzyme_native_extension_v1/structures/af_v6/AF-Q5HB88-F1-model_v6.cif,1.0
6910,Q5HB99,/home/s241850073/igem2026/results/clipzyme_native_extension_v1/structures/af_v6/AF-Q5HB99-F1-model_v6.cif,0.99999994
6911,Q5HBF8,/home/s241850073/igem2026/results/clipzyme_native_extension_v1/structures/af_v6/AF-Q5HBF8-F1-model_v6.cif,0.99999994
6912,Q5HBM2,/home/s241850073/igem2026/results/clipzyme_native_extension_v1/structures/af_v6/AF-Q5HBM2-F1-model_v6.cif,0.99999994
6913,Q5HSL3,/home/s241850073/igem2026/results/clipzyme_native_extension_v1/structures/af_v6/AF-Q5HSL3-F1-model_v6.cif,0.99999994
6914,Q5HSL9,/home/s241850073/igem2026/results/clipzyme_native_extension_v1/structures/af_v6/AF-Q5HSL9-F1-model_v6.cif,1.0
6915,Q5HSM0,/home/s241850073/igem2026/results/clipzyme_native_extension_v1/structures/af_v6/AF-Q5HSM0-F1-model_v6.cif,1.0000001
6916,Q5HSM5,/home/s241850073/igem2026/results/clipzyme_native_extension_v1/structures/af_v6/AF-Q5HSM5-F1-model_v6.cif,0.99999994
6917,Q5JJC8,/home/s241850073/igem2026/results/clipzyme_native_extension_v1/structures/af_v6/AF-Q5JJC8-F1-model_v6.cif,0.99999994
6918,Q5KUJ5,/home/s241850073/igem2026/results/clipzyme_native_extension_v1/structures/af_v6/AF-Q5KUJ5-F1-model_v6.cif,0.99999994
6919,Q5KUJ6,/home/s241850073/igem2026/results/clipzyme_native_extension_v1/structures/af_v6/AF-Q5KUJ6-F1-model_v6.cif,1.0
6920,Q5KUJ8,/home/s241850073/igem2026/results/clipzyme_native_extension_v1/structures/af_v6/AF-Q5KUJ8-F1-model_v6.cif,0.99999994
6921,Q5KUJ9,/home/s241850073/igem2026/results/clipzyme_native_extension_v1/structures/af_v6/AF-Q5KUJ9-F1-model_v6.cif,1.0
6922,Q5KUK3,/home/s241850073/igem2026/results/clipzyme_native_extension_v1/structures/af_v6/AF-Q5KUK3-F1-model_v6.cif,0.99999994
6923,Q5KUK6,/home/s241850073/igem2026/results/clipzyme_native_extension_v1/structures/af_v6/AF-Q5KUK6-F1-model_v6.cif,0.99999994
6924,Q5LPR4,/home/s241850073/igem2026/results/clipzyme_native_extension_v1/structures/af_v6/AF-Q5LPR4-F1-model_v6.cif,1.0
6925,Q5LPR5,/home/s241850073/igem2026/results/clipzyme_native_extension_v1/structures/af_v6/AF-Q5LPR5-F1-model_v6.cif,1.0
6926,Q5LPR7,/home/s241850073/igem2026/results/clipzyme_native_extension_v1/structures/af_v6/AF-Q5LPR7-F1-model_v6.cif,1.0
6927,Q5LPS7,/home/s241850073/igem2026/results/clipzyme_native_extension_v1/structures/af_v6/AF-Q5LPS7-F1-model_v6.cif,1.0
6928,Q5LPS9,/home/s241850073/igem2026/results/clipzyme_native_extension_v1/structures/af_v6/AF-Q5LPS9-F1-model_v6.cif,1.0
6929,Q5LPT3,/home/s241850073/igem2026/results/clipzyme_native_extension_v1/structures/af_v6/AF-Q5LPT3-F1-model_v6.cif,1.0
6930,Q5LT63,/home/s241850073/igem2026/results/clipzyme_native_extension_v1/structures/af_v6/AF-Q5LT63-F1-model_v6.cif,1.0
6931,Q5LT65,/home/s241850073/igem2026/results/clipzyme_native_extension_v1/structures/af_v6/AF-Q5LT65-F1-model_v6.cif,0.99999994
6932,Q5NIM5,/home/s241850073/igem2026/results/clipzyme_native_extension_v1/structures/af_v6/AF-Q5NIM5-F1-model_v6.cif,1.0
6933,Q5NIM7,/home/s241850073/igem2026/results/clipzyme_native_extension_v1/structures/af_v6/AF-Q5NIM7-F1-model_v6.cif,1.0
6934,Q5NIM8,/home/s241850073/igem2026/results/clipzyme_native_extension_v1/structures/af_v6/AF-Q5NIM8-F1-model_v6.cif,0.99999994
6935,Q5NIN3,/home/s241850073/igem2026/results/clipzyme_native_extension_v1/structures/af_v6/AF-Q5NIN3-F1-model_v6.cif,1.0
6936,Q5NIN4,/home/s241850073/igem2026/results/clipzyme_native_extension_v1/structures/af_v6/AF-Q5NIN4-F1-model_v6.cif,0.99999994
6937,Q5P1E0,/home/s241850073/igem2026/results/clipzyme_native_extension_v1/structures/af_v6/AF-Q5P1E0-F1-model_v6.cif,0.99999994
6938,Q5P1E3,/home/s241850073/igem2026/results/clipzyme_native_extension_v1/structures/af_v6/AF-Q5P1E3-F1-model_v6.cif,0.99999994
6939,Q5P1E7,/home/s241850073/igem2026/results/clipzyme_native_extension_v1/structures/af_v6/AF-Q5P1E7-F1-model_v6.cif,1.0
6940,Q5P1E8,/home/s241850073/igem2026/results/clipzyme_native_extension_v1/structures/af_v6/AF-Q5P1E8-F1-model_v6.cif,0.99999994
6941,Q5P1E9,/home/s241850073/igem2026/results/clipzyme_native_extension_v1/structures/af_v6/AF-Q5P1E9-F1-model_v6.cif,0.99999994
6942,Q5PAK7,/home/s241850073/igem2026/results/clipzyme_native_extension_v1/structures/af_v6/AF-Q5PAK7-F1-model_v6.cif,0.99999994
6943,Q5PAQ2,/home/s241850073/igem2026/results/clipzyme_native_extension_v1/structures/af_v6/AF-Q5PAQ2-F1-model_v6.cif,1.0
6944,Q5PAR3,/home/s241850073/igem2026/results/clipzyme_native_extension_v1/structures/af_v6/AF-Q5PAR3-F1-model_v6.cif,0.99999994
6945,Q5PB32,/home/s241850073/igem2026/results/clipzyme_native_extension_v1/structures/af_v6/AF-Q5PB32-F1-model_v6.cif,0.99999994
6946,Q5PN53,/home/s241850073/igem2026/results/clipzyme_native_extension_v1/structures/af_v6/AF-Q5PN53-F1-model_v6.cif,1.0
6947,Q5PN59,/home/s241850073/igem2026/results/clipzyme_native_extension_v1/structures/af_v6/AF-Q5PN59-F1-model_v6.cif,0.99999994
6948,Q5PN71,/home/s241850073/igem2026/results/clipzyme_native_extension_v1/structures/af_v6/AF-Q5PN71-F1-model_v6.cif,1.0
6949,Q5RCZ2,/home/s241850073/igem2026/results/clipzyme_native_extension_v1/structures/af_v6/AF-Q5RCZ2-F1-model_v6.cif,0.99999994
6950,Q5SIT4,/home/s241850073/igem2026/results/clipzyme_native_extension_v1/structures/af_v6/AF-Q5SIT4-F1-model_v6.cif,0.99999994
6951,Q5SKU3,/home/s241850073/igem2026/results/clipzyme_native_extension_v1/structures/af_v6/AF-Q5SKU3-F1-model_v6.cif,1.0
6952,Q5T6V5,/home/s241850073/igem2026/results/clipzyme_native_extension_v1/structures/af_v6/AF-Q5T6V5-F1-model_v6.cif,1.0
6953,Q5UY20,/home/s241850073/igem2026/results/clipzyme_native_extension_v1/structures/af_v6/AF-Q5UY20-F1-model_v6.cif,1.0
6954,Q5WT22,/home/s241850073/igem2026/results/clipzyme_native_extension_v1/structures/af_v6/AF-Q5WT22-F1-model_v6.cif,1.0
6955,Q5WT23,/home/s241850073/igem2026/results/clipzyme_native_extension_v1/structures/af_v6/AF-Q5WT23-F1-model_v6.cif,1.0
6956,Q5WT27,/home/s241850073/igem2026/results/clipzyme_native_extension_v1/structures/af_v6/AF-Q5WT27-F1-model_v6.cif,0.99999994
6957,Q5WT33,/home/s241850073/igem2026/results/clipzyme_native_extension_v1/structures/af_v6/AF-Q5WT33-F1-model_v6.cif,1.0
6958,Q5X1A9,/home/s241850073/igem2026/results/clipzyme_native_extension_v1/structures/af_v6/AF-Q5X1A9-F1-model_v6.cif,1.0
6959,Q5X1B0,/home/s241850073/igem2026/results/clipzyme_native_extension_v1/structures/af_v6/AF-Q5X1B0-F1-model_v6.cif,0.99999994
6960,Q5X1B4,/home/s241850073/igem2026/results/clipzyme_native_extension_v1/structures/af_v6/AF-Q5X1B4-F1-model_v6.cif,0.99999994
6961,Q5X1B5,/home/s241850073/igem2026/results/clipzyme_native_extension_v1/structures/af_v6/AF-Q5X1B5-F1-model_v6.cif,0.99999994
6962,Q5YWC8,/home/s241850073/igem2026/results/clipzyme_native_extension_v1/structures/af_v6/AF-Q5YWC8-F1-model_v6.cif,1.0
6963,Q5YWC9,/home/s241850073/igem2026/results/clipzyme_native_extension_v1/structures/af_v6/AF-Q5YWC9-F1-model_v6.cif,0.99999994
6964,Q5YWD0,/home/s241850073/igem2026/results/clipzyme_native_extension_v1/structures/af_v6/AF-Q5YWD0-F1-model_v6.cif,1.0
6965,Q5YWD4,/home/s241850073/igem2026/results/clipzyme_native_extension_v1/structures/af_v6/AF-Q5YWD4-F1-model_v6.cif,1.0
6966,Q5YWD6,/home/s241850073/igem2026/results/clipzyme_native_extension_v1/structures/af_v6/AF-Q5YWD6-F1-model_v6.cif,1.0
6967,Q5ZRT9,/home/s241850073/igem2026/results/clipzyme_native_extension_v1/structures/af_v6/AF-Q5ZRT9-F1-model_v6.cif,0.99999994
6968,Q5ZRU0,/home/s241850073/igem2026/results/clipzyme_native_extension_v1/structures/af_v6/AF-Q5ZRU0-F1-model_v6.cif,1.0
6969,Q5ZRU5,/home/s241850073/igem2026/results/clipzyme_native_extension_v1/structures/af_v6/AF-Q5ZRU5-F1-model_v6.cif,0.99999994
6970,Q5ZRU6,/home/s241850073/igem2026/results/clipzyme_native_extension_v1/structures/af_v6/AF-Q5ZRU6-F1-model_v6.cif,1.0
6971,Q5ZRU8,/home/s241850073/igem2026/results/clipzyme_native_extension_v1/structures/af_v6/AF-Q5ZRU8-F1-model_v6.cif,0.99999994
6972,Q60019,/home/s241850073/igem2026/results/clipzyme_native_extension_v1/structures/af_v6/AF-Q60019-F1-model_v6.cif,1.0
6973,Q60720,/home/s241850073/igem2026/results/clipzyme_native_extension_v1/structures/af_v6/AF-Q60720-F1-model_v6.cif,1.0
6974,Q608X7,/home/s241850073/igem2026/results/clipzyme_native_extension_v1/structures/af_v6/AF-Q608X7-F1-model_v6.cif,1.0
6975,Q608X8,/home/s241850073/igem2026/results/clipzyme_native_extension_v1/structures/af_v6/AF-Q608X8-F1-model_v6.cif,1.0
6976,Q608X9,/home/s241850073/igem2026/results/clipzyme_native_extension_v1/structures/af_v6/AF-Q608X9-F1-model_v6.cif,1.0
6977,Q608Y3,/home/s241850073/igem2026/results/clipzyme_native_extension_v1/structures/af_v6/AF-Q608Y3-F1-model_v6.cif,1.0
6978,Q608Y4,/home/s241850073/igem2026/results/clipzyme_native_extension_v1/structures/af_v6/AF-Q608Y4-F1-model_v6.cif,1.0
6979,Q608Y6,/home/s241850073/igem2026/results/clipzyme_native_extension_v1/structures/af_v6/AF-Q608Y6-F1-model_v6.cif,0.99999994
6980,Q608Y9,/home/s241850073/igem2026/results/clipzyme_native_extension_v1/structures/af_v6/AF-Q608Y9-F1-model_v6.cif,0.99999994
6981,Q62639,/home/s241850073/igem2026/results/clipzyme_native_extension_v1/structures/af_v6/AF-Q62639-F1-model_v6.cif,1.0
6982,Q630V1,/home/s241850073/igem2026/results/clipzyme_native_extension_v1/structures/af_v6/AF-Q630V1-F1-model_v6.cif,1.0
6983,Q630V5,/home/s241850073/igem2026/results/clipzyme_native_extension_v1/structures/af_v6/AF-Q630V5-F1-model_v6.cif,1.0
6984,Q63QG0,/home/s241850073/igem2026/results/clipzyme_native_extension_v1/structures/af_v6/AF-Q63QG0-F1-model_v6.cif,1.0
6985,Q63VM3,/home/s241850073/igem2026/results/clipzyme_native_extension_v1/structures/af_v6/AF-Q63VM3-F1-model_v6.cif,1.0
6986,Q63VM5,/home/s241850073/igem2026/results/clipzyme_native_extension_v1/structures/af_v6/AF-Q63VM5-F1-model_v6.cif,1.0
6987,Q63VM6,/home/s241850073/igem2026/results/clipzyme_native_extension_v1/structures/af_v6/AF-Q63VM6-F1-model_v6.cif,1.0
6988,Q63VN0,/home/s241850073/igem2026/results/clipzyme_native_extension_v1/structures/af_v6/AF-Q63VN0-F1-model_v6.cif,0.99999994
6989,Q63VN1,/home/s241850073/igem2026/results/clipzyme_native_extension_v1/structures/af_v6/AF-Q63VN1-F1-model_v6.cif,1.0
6990,Q63VN2,/home/s241850073/igem2026/results/clipzyme_native_extension_v1/structures/af_v6/AF-Q63VN2-F1-model_v6.cif,1.0
6991,Q63VN3,/home/s241850073/igem2026/results/clipzyme_native_extension_v1/structures/af_v6/AF-Q63VN3-F1-model_v6.cif,1.0000001
6992,Q64Y06,/home/s241850073/igem2026/results/clipzyme_native_extension_v1/structures/af_v6/AF-Q64Y06-F1-model_v6.cif,1.0
6993,Q64Y07,/home/s241850073/igem2026/results/clipzyme_native_extension_v1/structures/af_v6/AF-Q64Y07-F1-model_v6.cif,1.0
6994,Q64Y08,/home/s241850073/igem2026/results/clipzyme_native_extension_v1/structures/af_v6/AF-Q64Y08-F1-model_v6.cif,0.99999994
6995,Q64Y09,/home/s241850073/igem2026/results/clipzyme_native_extension_v1/structures/af_v6/AF-Q64Y09-F1-model_v6.cif,1.0
6996,Q64Y15,/home/s241850073/igem2026/results/clipzyme_native_extension_v1/structures/af_v6/AF-Q64Y15-F1-model_v6.cif,1.0
6997,Q669A0,/home/s241850073/igem2026/results/clipzyme_native_extension_v1/structures/af_v6/AF-Q669A0-F1-model_v6.cif,1.0
6998,Q669A6,/home/s241850073/igem2026/results/clipzyme_native_extension_v1/structures/af_v6/AF-Q669A6-F1-model_v6.cif,1.0
6999,Q66PX9,/home/s241850073/igem2026/results/clipzyme_native_extension_v1/structures/af_v6/AF-Q66PX9-F1-model_v6.cif,1.0
7000,Q675L3,/home/s241850073/igem2026/results/clipzyme_native_extension_v1/structures/af_v6/AF-Q675L3-F1-model_v6.cif,0.99999994
7001,Q67KN6,/home/s241850073/igem2026/results/clipzyme_native_extension_v1/structures/af_v6/AF-Q67KN6-F1-model_v6.cif,1.0
7002,Q67KN9,/home/s241850073/igem2026/results/clipzyme_native_extension_v1/structures/af_v6/AF-Q67KN9-F1-model_v6.cif,1.0
7003,Q67KP0,/home/s241850073/igem2026/results/clipzyme_native_extension_v1/structures/af_v6/AF-Q67KP0-F1-model_v6.cif,0.9999999
7004,Q67KP1,/home/s241850073/igem2026/results/clipzyme_native_extension_v1/structures/af_v6/AF-Q67KP1-F1-model_v6.cif,1.0
7005,Q67KP6,/home/s241850073/igem2026/results/clipzyme_native_extension_v1/structures/af_v6/AF-Q67KP6-F1-model_v6.cif,1.0
7006,Q67P10,/home/s241850073/igem2026/results/clipzyme_native_extension_v1/structures/af_v6/AF-Q67P10-F1-model_v6.cif,1.0
7007,Q67P14,/home/s241850073/igem2026/results/clipzyme_native_extension_v1/structures/af_v6/AF-Q67P14-F1-model_v6.cif,0.99999994
7008,Q67P15,/home/s241850073/igem2026/results/clipzyme_native_extension_v1/structures/af_v6/AF-Q67P15-F1-model_v6.cif,0.99999994
7009,Q67P19,/home/s241850073/igem2026/results/clipzyme_native_extension_v1/structures/af_v6/AF-Q67P19-F1-model_v6.cif,1.0
7010,Q67P21,/home/s241850073/igem2026/results/clipzyme_native_extension_v1/structures/af_v6/AF-Q67P21-F1-model_v6.cif,1.0
7011,Q68VV3,/home/s241850073/igem2026/results/clipzyme_native_extension_v1/structures/af_v6/AF-Q68VV3-F1-model_v6.cif,1.0
7012,Q68VV4,/home/s241850073/igem2026/results/clipzyme_native_extension_v1/structures/af_v6/AF-Q68VV4-F1-model_v6.cif,0.99999994
7013,Q68VV8,/home/s241850073/igem2026/results/clipzyme_native_extension_v1/structures/af_v6/AF-Q68VV8-F1-model_v6.cif,0.99999994
7014,Q68VV9,/home/s241850073/igem2026/results/clipzyme_native_extension_v1/structures/af_v6/AF-Q68VV9-F1-model_v6.cif,1.0000001
7015,Q68VX4,/home/s241850073/igem2026/results/clipzyme_native_extension_v1/structures/af_v6/AF-Q68VX4-F1-model_v6.cif,1.0
7016,Q68WJ7,/home/s241850073/igem2026/results/clipzyme_native_extension_v1/structures/af_v6/AF-Q68WJ7-F1-model_v6.cif,0.99999994
7017,Q68X16,/home/s241850073/igem2026/results/clipzyme_native_extension_v1/structures/af_v6/AF-Q68X16-F1-model_v6.cif,0.99999994
7018,Q68X17,/home/s241850073/igem2026/results/clipzyme_native_extension_v1/structures/af_v6/AF-Q68X17-F1-model_v6.cif,0.99999994
7019,Q68X18,/home/s241850073/igem2026/results/clipzyme_native_extension_v1/structures/af_v6/AF-Q68X18-F1-model_v6.cif,1.0
7020,Q68X19,/home/s241850073/igem2026/results/clipzyme_native_extension_v1/structures/af_v6/AF-Q68X19-F1-model_v6.cif,1.0
7021,Q68X20,/home/s241850073/igem2026/results/clipzyme_native_extension_v1/structures/af_v6/AF-Q68X20-F1-model_v6.cif,1.0
7022,Q68XJ4,/home/s241850073/igem2026/results/clipzyme_native_extension_v1/structures/af_v6/AF-Q68XJ4-F1-model_v6.cif,1.0
7023,Q68XY3,/home/s241850073/igem2026/results/clipzyme_native_extension_v1/structures/af_v6/AF-Q68XY3-F1-model_v6.cif,1.0
7024,Q6A6F9,/home/s241850073/igem2026/results/clipzyme_native_extension_v1/structures/af_v6/AF-Q6A6F9-F1-model_v6.cif,0.99999994
7025,Q6A6G1,/home/s241850073/igem2026/results/clipzyme_native_extension_v1/structures/af_v6/AF-Q6A6G1-F1-model_v6.cif,1.0
7026,Q6A6G5,/home/s241850073/igem2026/results/clipzyme_native_extension_v1/structures/af_v6/AF-Q6A6G5-F1-model_v6.cif,0.99999994
7027,Q6A6G6,/home/s241850073/igem2026/results/clipzyme_native_extension_v1/structures/af_v6/AF-Q6A6G6-F1-model_v6.cif,1.0
7028,Q6A6G8,/home/s241850073/igem2026/results/clipzyme_native_extension_v1/structures/af_v6/AF-Q6A6G8-F1-model_v6.cif,0.99999994
7029,Q6A6H1,/home/s241850073/igem2026/results/clipzyme_native_extension_v1/structures/af_v6/AF-Q6A6H1-F1-model_v6.cif,1.0
7030,Q6ANM7,/home/s241850073/igem2026/results/clipzyme_native_extension_v1/structures/af_v6/AF-Q6ANM7-F1-model_v6.cif,1.0
7031,Q6ANM8,/home/s241850073/igem2026/results/clipzyme_native_extension_v1/structures/af_v6/AF-Q6ANM8-F1-model_v6.cif,0.99999994
7032,Q6ANN6,/home/s241850073/igem2026/results/clipzyme_native_extension_v1/structures/af_v6/AF-Q6ANN6-F1-model_v6.cif,1.0
7033,Q6D2R7,/home/s241850073/igem2026/results/clipzyme_native_extension_v1/structures/af_v6/AF-Q6D2R7-F1-model_v6.cif,1.0
7034,Q6D2R8,/home/s241850073/igem2026/results/clipzyme_native_extension_v1/structures/af_v6/AF-Q6D2R8-F1-model_v6.cif,1.0
7035,Q6D2R9,/home/s241850073/igem2026/results/clipzyme_native_extension_v1/structures/af_v6/AF-Q6D2R9-F1-model_v6.cif,1.0
7036,Q6D2S3,/home/s241850073/igem2026/results/clipzyme_native_extension_v1/structures/af_v6/AF-Q6D2S3-F1-model_v6.cif,0.99999994
7037,Q6D2S4,/home/s241850073/igem2026/results/clipzyme_native_extension_v1/structures/af_v6/AF-Q6D2S4-F1-model_v6.cif,0.9999999
7038,Q6D2S6,/home/s241850073/igem2026/results/clipzyme_native_extension_v1/structures/af_v6/AF-Q6D2S6-F1-model_v6.cif,1.0
7039,Q6D2S9,/home/s241850073/igem2026/results/clipzyme_native_extension_v1/structures/af_v6/AF-Q6D2S9-F1-model_v6.cif,0.9999999
7040,Q6FE62,/home/s241850073/igem2026/results/clipzyme_native_extension_v1/structures/af_v6/AF-Q6FE62-F1-model_v6.cif,0.99999994
7041,Q6FE64,/home/s241850073/igem2026/results/clipzyme_native_extension_v1/structures/af_v6/AF-Q6FE64-F1-model_v6.cif,1.0
7042,Q6FE65,/home/s241850073/igem2026/results/clipzyme_native_extension_v1/structures/af_v6/AF-Q6FE65-F1-model_v6.cif,0.99999994
7043,Q6FE69,/home/s241850073/igem2026/results/clipzyme_native_extension_v1/structures/af_v6/AF-Q6FE69-F1-model_v6.cif,1.0
7044,Q6FE70,/home/s241850073/igem2026/results/clipzyme_native_extension_v1/structures/af_v6/AF-Q6FE70-F1-model_v6.cif,0.99999994
7045,Q6FE71,/home/s241850073/igem2026/results/clipzyme_native_extension_v1/structures/af_v6/AF-Q6FE71-F1-model_v6.cif,0.99999994
7046,Q6FZY1,/home/s241850073/igem2026/results/clipzyme_native_extension_v1/structures/af_v6/AF-Q6FZY1-F1-model_v6.cif,0.99999994
7047,Q6FZY3,/home/s241850073/igem2026/results/clipzyme_native_extension_v1/structures/af_v6/AF-Q6FZY3-F1-model_v6.cif,1.0
7048,Q6FZY4,/home/s241850073/igem2026/results/clipzyme_native_extension_v1/structures/af_v6/AF-Q6FZY4-F1-model_v6.cif,1.0
7049,Q6FZY8,/home/s241850073/igem2026/results/clipzyme_native_extension_v1/structures/af_v6/AF-Q6FZY8-F1-model_v6.cif,0.99999994
7050,Q6FZY9,/home/s241850073/igem2026/results/clipzyme_native_extension_v1/structures/af_v6/AF-Q6FZY9-F1-model_v6.cif,1.0
7051,Q6FZZ0,/home/s241850073/igem2026/results/clipzyme_native_extension_v1/structures/af_v6/AF-Q6FZZ0-F1-model_v6.cif,0.99999994
7052,Q6G389,/home/s241850073/igem2026/results/clipzyme_native_extension_v1/structures/af_v6/AF-Q6G389-F1-model_v6.cif,1.0
7053,Q6G390,/home/s241850073/igem2026/results/clipzyme_native_extension_v1/structures/af_v6/AF-Q6G390-F1-model_v6.cif,0.99999994
7054,Q6G391,/home/s241850073/igem2026/results/clipzyme_native_extension_v1/structures/af_v6/AF-Q6G391-F1-model_v6.cif,1.0
7055,Q6G395,/home/s241850073/igem2026/results/clipzyme_native_extension_v1/structures/af_v6/AF-Q6G395-F1-model_v6.cif,1.0
7056,Q6G396,/home/s241850073/igem2026/results/clipzyme_native_extension_v1/structures/af_v6/AF-Q6G396-F1-model_v6.cif,1.0
7057,Q6G398,/home/s241850073/igem2026/results/clipzyme_native_extension_v1/structures/af_v6/AF-Q6G398-F1-model_v6.cif,0.99999994
7058,Q6HAY5,/home/s241850073/igem2026/results/clipzyme_native_extension_v1/structures/af_v6/AF-Q6HAY5-F1-model_v6.cif,1.0
7059,Q6HAY6,/home/s241850073/igem2026/results/clipzyme_native_extension_v1/structures/af_v6/AF-Q6HAY6-F1-model_v6.cif,1.0
7060,Q6HAY8,/home/s241850073/igem2026/results/clipzyme_native_extension_v1/structures/af_v6/AF-Q6HAY8-F1-model_v6.cif,0.99999994
7061,Q6HAY9,/home/s241850073/igem2026/results/clipzyme_native_extension_v1/structures/af_v6/AF-Q6HAY9-F1-model_v6.cif,1.0
7062,Q6LX03,/home/s241850073/igem2026/results/clipzyme_native_extension_v1/structures/af_v6/AF-Q6LX03-F1-model_v6.cif,1.0
7063,Q6MDQ3,/home/s241850073/igem2026/results/clipzyme_native_extension_v1/structures/af_v6/AF-Q6MDQ3-F1-model_v6.cif,1.0000001
7064,Q6MDQ6,/home/s241850073/igem2026/results/clipzyme_native_extension_v1/structures/af_v6/AF-Q6MDQ6-F1-model_v6.cif,0.9999999
7065,Q6MDQ8,/home/s241850073/igem2026/results/clipzyme_native_extension_v1/structures/af_v6/AF-Q6MDQ8-F1-model_v6.cif,1.0
7066,Q6MDQ9,/home/s241850073/igem2026/results/clipzyme_native_extension_v1/structures/af_v6/AF-Q6MDQ9-F1-model_v6.cif,1.0
7067,Q6MDR3,/home/s241850073/igem2026/results/clipzyme_native_extension_v1/structures/af_v6/AF-Q6MDR3-F1-model_v6.cif,1.0
7068,Q6MDR5,/home/s241850073/igem2026/results/clipzyme_native_extension_v1/structures/af_v6/AF-Q6MDR5-F1-model_v6.cif,1.0
7069,Q6MGN3,/home/s241850073/igem2026/results/clipzyme_native_extension_v1/structures/af_v6/AF-Q6MGN3-F1-model_v6.cif,1.0
7070,Q6MGN5,/home/s241850073/igem2026/results/clipzyme_native_extension_v1/structures/af_v6/AF-Q6MGN5-F1-model_v6.cif,1.0
7071,Q6MGN8,/home/s241850073/igem2026/results/clipzyme_native_extension_v1/structures/af_v6/AF-Q6MGN8-F1-model_v6.cif,0.99999994
7072,Q6MIR4,/home/s241850073/igem2026/results/clipzyme_native_extension_v1/structures/af_v6/AF-Q6MIR4-F1-model_v6.cif,1.0
7073,Q6MIR5,/home/s241850073/igem2026/results/clipzyme_native_extension_v1/structures/af_v6/AF-Q6MIR5-F1-model_v6.cif,1.0000001
7074,Q6MIR9,/home/s241850073/igem2026/results/clipzyme_native_extension_v1/structures/af_v6/AF-Q6MIR9-F1-model_v6.cif,0.99999994
7075,Q6MTB9,/home/s241850073/igem2026/results/clipzyme_native_extension_v1/structures/af_v6/AF-Q6MTB9-F1-model_v6.cif,1.0
7076,Q6N1Y8,/home/s241850073/igem2026/results/clipzyme_native_extension_v1/structures/af_v6/AF-Q6N1Y8-F1-model_v6.cif,1.0
7077,Q6N1Y9,/home/s241850073/igem2026/results/clipzyme_native_extension_v1/structures/af_v6/AF-Q6N1Y9-F1-model_v6.cif,0.9999999
7078,Q6N1Z0,/home/s241850073/igem2026/results/clipzyme_native_extension_v1/structures/af_v6/AF-Q6N1Z0-F1-model_v6.cif,1.0
7079,Q6N1Z4,/home/s241850073/igem2026/results/clipzyme_native_extension_v1/structures/af_v6/AF-Q6N1Z4-F1-model_v6.cif,1.0
7080,Q6N1Z5,/home/s241850073/igem2026/results/clipzyme_native_extension_v1/structures/af_v6/AF-Q6N1Z5-F1-model_v6.cif,1.0
7081,Q6N1Z7,/home/s241850073/igem2026/results/clipzyme_native_extension_v1/structures/af_v6/AF-Q6N1Z7-F1-model_v6.cif,0.99999994
7082,Q6N5M3,/home/s241850073/igem2026/results/clipzyme_native_extension_v1/structures/af_v6/AF-Q6N5M3-F1-model_v6.cif,0.99999994
7083,Q6N5M4,/home/s241850073/igem2026/results/clipzyme_native_extension_v1/structures/af_v6/AF-Q6N5M4-F1-model_v6.cif,0.99999994
7084,Q6N5M5,/home/s241850073/igem2026/results/clipzyme_native_extension_v1/structures/af_v6/AF-Q6N5M5-F1-model_v6.cif,1.0
7085,Q6N5N1,/home/s241850073/igem2026/results/clipzyme_native_extension_v1/structures/af_v6/AF-Q6N5N1-F1-model_v6.cif,0.9999999
7086,Q6N5N2,/home/s241850073/igem2026/results/clipzyme_native_extension_v1/structures/af_v6/AF-Q6N5N2-F1-model_v6.cif,1.0
7087,Q6N5N4,/home/s241850073/igem2026/results/clipzyme_native_extension_v1/structures/af_v6/AF-Q6N5N4-F1-model_v6.cif,0.99999994
7088,Q726P7,/home/s241850073/igem2026/results/clipzyme_native_extension_v1/structures/af_v6/AF-Q726P7-F1-model_v6.cif,1.0
7089,Q72GC9,/home/s241850073/igem2026/results/clipzyme_native_extension_v1/structures/af_v6/AF-Q72GC9-F1-model_v6.cif,0.99999994
7090,Q72GD0,/home/s241850073/igem2026/results/clipzyme_native_extension_v1/structures/af_v6/AF-Q72GD0-F1-model_v6.cif,1.0
7091,Q72GD1,/home/s241850073/igem2026/results/clipzyme_native_extension_v1/structures/af_v6/AF-Q72GD1-F1-model_v6.cif,0.99999994
7092,Q72GD5,/home/s241850073/igem2026/results/clipzyme_native_extension_v1/structures/af_v6/AF-Q72GD5-F1-model_v6.cif,0.99999994
7093,Q72GD6,/home/s241850073/igem2026/results/clipzyme_native_extension_v1/structures/af_v6/AF-Q72GD6-F1-model_v6.cif,1.0
7094,Q72GD8,/home/s241850073/igem2026/results/clipzyme_native_extension_v1/structures/af_v6/AF-Q72GD8-F1-model_v6.cif,1.0
7095,Q72NT2,/home/s241850073/igem2026/results/clipzyme_native_extension_v1/structures/af_v6/AF-Q72NT2-F1-model_v6.cif,0.99999994
7096,Q72XF3,/home/s241850073/igem2026/results/clipzyme_native_extension_v1/structures/af_v6/AF-Q72XF3-F1-model_v6.cif,1.0
7097,Q72XF6,/home/s241850073/igem2026/results/clipzyme_native_extension_v1/structures/af_v6/AF-Q72XF6-F1-model_v6.cif,1.0
7098,Q72XG0,/home/s241850073/igem2026/results/clipzyme_native_extension_v1/structures/af_v6/AF-Q72XG0-F1-model_v6.cif,1.0
7099,Q73G42,/home/s241850073/igem2026/results/clipzyme_native_extension_v1/structures/af_v6/AF-Q73G42-F1-model_v6.cif,1.0
7100,Q73GH4,/home/s241850073/igem2026/results/clipzyme_native_extension_v1/structures/af_v6/AF-Q73GH4-F1-model_v6.cif,1.0
7101,Q73HJ8,/home/s241850073/igem2026/results/clipzyme_native_extension_v1/structures/af_v6/AF-Q73HJ8-F1-model_v6.cif,0.99999994
7102,Q73IK1,/home/s241850073/igem2026/results/clipzyme_native_extension_v1/structures/af_v6/AF-Q73IK1-F1-model_v6.cif,1.0
7103,Q73V05,/home/s241850073/igem2026/results/clipzyme_native_extension_v1/structures/af_v6/AF-Q73V05-F1-model_v6.cif,0.99999994
7104,Q73V07,/home/s241850073/igem2026/results/clipzyme_native_extension_v1/structures/af_v6/AF-Q73V07-F1-model_v6.cif,1.0
7105,Q73V08,/home/s241850073/igem2026/results/clipzyme_native_extension_v1/structures/af_v6/AF-Q73V08-F1-model_v6.cif,1.0
7106,Q73V12,/home/s241850073/igem2026/results/clipzyme_native_extension_v1/structures/af_v6/AF-Q73V12-F1-model_v6.cif,0.99999994
7107,Q73V13,/home/s241850073/igem2026/results/clipzyme_native_extension_v1/structures/af_v6/AF-Q73V13-F1-model_v6.cif,1.0
7108,Q73V14,/home/s241850073/igem2026/results/clipzyme_native_extension_v1/structures/af_v6/AF-Q73V14-F1-model_v6.cif,1.0
7109,Q744Z4,/home/s241850073/igem2026/results/clipzyme_native_extension_v1/structures/af_v6/AF-Q744Z4-F1-model_v6.cif,0.99999994
7110,Q746S3,/home/s241850073/igem2026/results/clipzyme_native_extension_v1/structures/af_v6/AF-Q746S3-F1-model_v6.cif,1.0
7111,Q746T2,/home/s241850073/igem2026/results/clipzyme_native_extension_v1/structures/af_v6/AF-Q746T2-F1-model_v6.cif,1.0000001
7112,Q746T4,/home/s241850073/igem2026/results/clipzyme_native_extension_v1/structures/af_v6/AF-Q746T4-F1-model_v6.cif,1.0
7113,Q746T6,/home/s241850073/igem2026/results/clipzyme_native_extension_v1/structures/af_v6/AF-Q746T6-F1-model_v6.cif,1.0
7114,Q74GA0,/home/s241850073/igem2026/results/clipzyme_native_extension_v1/structures/af_v6/AF-Q74GA0-F1-model_v6.cif,1.0
7115,Q74GA1,/home/s241850073/igem2026/results/clipzyme_native_extension_v1/structures/af_v6/AF-Q74GA1-F1-model_v6.cif,0.99999994
7116,Q74GA5,/home/s241850073/igem2026/results/clipzyme_native_extension_v1/structures/af_v6/AF-Q74GA5-F1-model_v6.cif,1.0
7117,Q74GA6,/home/s241850073/igem2026/results/clipzyme_native_extension_v1/structures/af_v6/AF-Q74GA6-F1-model_v6.cif,1.0
7118,Q74GA7,/home/s241850073/igem2026/results/clipzyme_native_extension_v1/structures/af_v6/AF-Q74GA7-F1-model_v6.cif,1.0
7119,Q74GA8,/home/s241850073/igem2026/results/clipzyme_native_extension_v1/structures/af_v6/AF-Q74GA8-F1-model_v6.cif,1.0
7120,Q79FW0,/home/s241850073/igem2026/results/clipzyme_native_extension_v1/structures/af_v6/AF-Q79FW0-F1-model_v6.cif,1.0
7121,Q7CJ84,/home/s241850073/igem2026/results/clipzyme_native_extension_v1/structures/af_v6/AF-Q7CJ84-F1-model_v6.cif,1.0
7122,Q7CJ87,/home/s241850073/igem2026/results/clipzyme_native_extension_v1/structures/af_v6/AF-Q7CJ87-F1-model_v6.cif,1.0
7123,Q7CJ89,/home/s241850073/igem2026/results/clipzyme_native_extension_v1/structures/af_v6/AF-Q7CJ89-F1-model_v6.cif,0.99999994
7124,Q7CJ92,/home/s241850073/igem2026/results/clipzyme_native_extension_v1/structures/af_v6/AF-Q7CJ92-F1-model_v6.cif,0.99999994
7125,Q7CJ93,/home/s241850073/igem2026/results/clipzyme_native_extension_v1/structures/af_v6/AF-Q7CJ93-F1-model_v6.cif,1.0
7126,Q7CS24,/home/s241850073/igem2026/results/clipzyme_native_extension_v1/structures/af_v6/AF-Q7CS24-F1-model_v6.cif,1.0000001
7127,Q7DDS0,/home/s241850073/igem2026/results/clipzyme_native_extension_v1/structures/af_v6/AF-Q7DDS0-F1-model_v6.cif,0.99999994
7128,Q7KRU8,/home/s241850073/igem2026/results/clipzyme_native_extension_v1/structures/af_v6/AF-Q7KRU8-F1-model_v6.cif,0.99999994
7129,Q7MA37,/home/s241850073/igem2026/results/clipzyme_native_extension_v1/structures/af_v6/AF-Q7MA37-F1-model_v6.cif,0.99999994
7130,Q7MA40,/home/s241850073/igem2026/results/clipzyme_native_extension_v1/structures/af_v6/AF-Q7MA40-F1-model_v6.cif,0.99999994
7131,Q7MA42,/home/s241850073/igem2026/results/clipzyme_native_extension_v1/structures/af_v6/AF-Q7MA42-F1-model_v6.cif,1.0
7132,Q7MA43,/home/s241850073/igem2026/results/clipzyme_native_extension_v1/structures/af_v6/AF-Q7MA43-F1-model_v6.cif,1.0
7133,Q7MA48,/home/s241850073/igem2026/results/clipzyme_native_extension_v1/structures/af_v6/AF-Q7MA48-F1-model_v6.cif,1.0
7134,Q7MA50,/home/s241850073/igem2026/results/clipzyme_native_extension_v1/structures/af_v6/AF-Q7MA50-F1-model_v6.cif,1.0
7135,Q7MTZ8,/home/s241850073/igem2026/results/clipzyme_native_extension_v1/structures/af_v6/AF-Q7MTZ8-F1-model_v6.cif,0.99999994
7136,Q7N2I7,/home/s241850073/igem2026/results/clipzyme_native_extension_v1/structures/af_v6/AF-Q7N2I7-F1-model_v6.cif,0.99999994
7137,Q7N2I8,/home/s241850073/igem2026/results/clipzyme_native_extension_v1/structures/af_v6/AF-Q7N2I8-F1-model_v6.cif,0.99999994
7138,Q7N2I9,/home/s241850073/igem2026/results/clipzyme_native_extension_v1/structures/af_v6/AF-Q7N2I9-F1-model_v6.cif,1.0000001
7139,Q7N2J3,/home/s241850073/igem2026/results/clipzyme_native_extension_v1/structures/af_v6/AF-Q7N2J3-F1-model_v6.cif,0.99999994
7140,Q7N2J4,/home/s241850073/igem2026/results/clipzyme_native_extension_v1/structures/af_v6/AF-Q7N2J4-F1-model_v6.cif,0.99999994
7141,Q7N2J6,/home/s241850073/igem2026/results/clipzyme_native_extension_v1/structures/af_v6/AF-Q7N2J6-F1-model_v6.cif,1.0
7142,Q7N2J9,/home/s241850073/igem2026/results/clipzyme_native_extension_v1/structures/af_v6/AF-Q7N2J9-F1-model_v6.cif,1.0
7143,Q7NUE5,/home/s241850073/igem2026/results/clipzyme_native_extension_v1/structures/af_v6/AF-Q7NUE5-F1-model_v6.cif,1.0
7144,Q7NZH1,/home/s241850073/igem2026/results/clipzyme_native_extension_v1/structures/af_v6/AF-Q7NZH1-F1-model_v6.cif,1.0
7145,Q7NZH3,/home/s241850073/igem2026/results/clipzyme_native_extension_v1/structures/af_v6/AF-Q7NZH3-F1-model_v6.cif,0.99999994
7146,Q7NZH4,/home/s241850073/igem2026/results/clipzyme_native_extension_v1/structures/af_v6/AF-Q7NZH4-F1-model_v6.cif,0.9999999
7147,Q7NZH8,/home/s241850073/igem2026/results/clipzyme_native_extension_v1/structures/af_v6/AF-Q7NZH8-F1-model_v6.cif,1.0
7148,Q7NZH9,/home/s241850073/igem2026/results/clipzyme_native_extension_v1/structures/af_v6/AF-Q7NZH9-F1-model_v6.cif,0.99999994
7149,Q7NZI0,/home/s241850073/igem2026/results/clipzyme_native_extension_v1/structures/af_v6/AF-Q7NZI0-F1-model_v6.cif,1.0
7150,Q7R6Z3,/home/s241850073/igem2026/results/clipzyme_native_extension_v1/structures/af_v6/AF-Q7R6Z3-F1-model_v6.cif,1.0
7151,Q7TX57,/home/s241850073/igem2026/results/clipzyme_native_extension_v1/structures/af_v6/AF-Q7TX57-F1-model_v6.cif,1.0
7152,Q7VFS3,/home/s241850073/igem2026/results/clipzyme_native_extension_v1/structures/af_v6/AF-Q7VFS3-F1-model_v6.cif,0.99999994
7153,Q7VFS5,/home/s241850073/igem2026/results/clipzyme_native_extension_v1/structures/af_v6/AF-Q7VFS5-F1-model_v6.cif,0.99999994
7154,Q7VFS9,/home/s241850073/igem2026/results/clipzyme_native_extension_v1/structures/af_v6/AF-Q7VFS9-F1-model_v6.cif,1.0
7155,Q7VFT0,/home/s241850073/igem2026/results/clipzyme_native_extension_v1/structures/af_v6/AF-Q7VFT0-F1-model_v6.cif,0.99999994
7156,Q7VFT2,/home/s241850073/igem2026/results/clipzyme_native_extension_v1/structures/af_v6/AF-Q7VFT2-F1-model_v6.cif,1.0000001
7157,Q7VFT5,/home/s241850073/igem2026/results/clipzyme_native_extension_v1/structures/af_v6/AF-Q7VFT5-F1-model_v6.cif,1.0
7158,Q7VRV2,/home/s241850073/igem2026/results/clipzyme_native_extension_v1/structures/af_v6/AF-Q7VRV2-F1-model_v6.cif,0.99999994
7159,Q7VRV3,/home/s241850073/igem2026/results/clipzyme_native_extension_v1/structures/af_v6/AF-Q7VRV3-F1-model_v6.cif,1.0
7160,Q7VRV4,/home/s241850073/igem2026/results/clipzyme_native_extension_v1/structures/af_v6/AF-Q7VRV4-F1-model_v6.cif,1.0
7161,Q7VRV8,/home/s241850073/igem2026/results/clipzyme_native_extension_v1/structures/af_v6/AF-Q7VRV8-F1-model_v6.cif,1.0
7162,Q7VRV9,/home/s241850073/igem2026/results/clipzyme_native_extension_v1/structures/af_v6/AF-Q7VRV9-F1-model_v6.cif,1.0
7163,Q7VRW1,/home/s241850073/igem2026/results/clipzyme_native_extension_v1/structures/af_v6/AF-Q7VRW1-F1-model_v6.cif,0.99999994
7164,Q7VRW4,/home/s241850073/igem2026/results/clipzyme_native_extension_v1/structures/af_v6/AF-Q7VRW4-F1-model_v6.cif,1.0
7165,Q7VZQ2,/home/s241850073/igem2026/results/clipzyme_native_extension_v1/structures/af_v6/AF-Q7VZQ2-F1-model_v6.cif,1.0
7166,Q7VZQ3,/home/s241850073/igem2026/results/clipzyme_native_extension_v1/structures/af_v6/AF-Q7VZQ3-F1-model_v6.cif,1.0
7167,Q7W5A9,/home/s241850073/igem2026/results/clipzyme_native_extension_v1/structures/af_v6/AF-Q7W5A9-F1-model_v6.cif,0.99999994
7168,Q7WCU0,/home/s241850073/igem2026/results/clipzyme_native_extension_v1/structures/af_v6/AF-Q7WCU0-F1-model_v6.cif,1.0
7169,Q7WCU1,/home/s241850073/igem2026/results/clipzyme_native_extension_v1/structures/af_v6/AF-Q7WCU1-F1-model_v6.cif,1.0
7170,Q7WCU2,/home/s241850073/igem2026/results/clipzyme_native_extension_v1/structures/af_v6/AF-Q7WCU2-F1-model_v6.cif,1.0
7171,Q7WCU6,/home/s241850073/igem2026/results/clipzyme_native_extension_v1/structures/af_v6/AF-Q7WCU6-F1-model_v6.cif,1.0
7172,Q7WCU7,/home/s241850073/igem2026/results/clipzyme_native_extension_v1/structures/af_v6/AF-Q7WCU7-F1-model_v6.cif,1.0
7173,Q7WCU9,/home/s241850073/igem2026/results/clipzyme_native_extension_v1/structures/af_v6/AF-Q7WCU9-F1-model_v6.cif,0.99999994
7174,Q814W6,/home/s241850073/igem2026/results/clipzyme_native_extension_v1/structures/af_v6/AF-Q814W6-F1-model_v6.cif,0.99999994
7175,Q814W9,/home/s241850073/igem2026/results/clipzyme_native_extension_v1/structures/af_v6/AF-Q814W9-F1-model_v6.cif,0.99999994
7176,Q814X3,/home/s241850073/igem2026/results/clipzyme_native_extension_v1/structures/af_v6/AF-Q814X3-F1-model_v6.cif,0.99999994
7177,Q81K00,/home/s241850073/igem2026/results/clipzyme_native_extension_v1/structures/af_v6/AF-Q81K00-F1-model_v6.cif,1.0
7178,Q81K01,/home/s241850073/igem2026/results/clipzyme_native_extension_v1/structures/af_v6/AF-Q81K01-F1-model_v6.cif,1.0
7179,Q81K03,/home/s241850073/igem2026/results/clipzyme_native_extension_v1/structures/af_v6/AF-Q81K03-F1-model_v6.cif,0.99999994
7180,Q81K04,/home/s241850073/igem2026/results/clipzyme_native_extension_v1/structures/af_v6/AF-Q81K04-F1-model_v6.cif,0.99999994
7181,Q81K07,/home/s241850073/igem2026/results/clipzyme_native_extension_v1/structures/af_v6/AF-Q81K07-F1-model_v6.cif,1.0000001
7182,Q82DT1,/home/s241850073/igem2026/results/clipzyme_native_extension_v1/structures/af_v6/AF-Q82DT1-F1-model_v6.cif,1.0
7183,Q82DT3,/home/s241850073/igem2026/results/clipzyme_native_extension_v1/structures/af_v6/AF-Q82DT3-F1-model_v6.cif,1.0
7184,Q82DT6,/home/s241850073/igem2026/results/clipzyme_native_extension_v1/structures/af_v6/AF-Q82DT6-F1-model_v6.cif,1.0
7185,Q82DX1,/home/s241850073/igem2026/results/clipzyme_native_extension_v1/structures/af_v6/AF-Q82DX1-F1-model_v6.cif,0.99999994
7186,Q82DX3,/home/s241850073/igem2026/results/clipzyme_native_extension_v1/structures/af_v6/AF-Q82DX3-F1-model_v6.cif,0.99999994
7187,Q82DX4,/home/s241850073/igem2026/results/clipzyme_native_extension_v1/structures/af_v6/AF-Q82DX4-F1-model_v6.cif,1.0
7188,Q82DX8,/home/s241850073/igem2026/results/clipzyme_native_extension_v1/structures/af_v6/AF-Q82DX8-F1-model_v6.cif,1.0
7189,Q82DY0,/home/s241850073/igem2026/results/clipzyme_native_extension_v1/structures/af_v6/AF-Q82DY0-F1-model_v6.cif,0.99999994
7190,Q82ED7,/home/s241850073/igem2026/results/clipzyme_native_extension_v1/structures/af_v6/AF-Q82ED7-F1-model_v6.cif,1.0
7191,Q82TU3,/home/s241850073/igem2026/results/clipzyme_native_extension_v1/structures/af_v6/AF-Q82TU3-F1-model_v6.cif,1.0
7192,Q82TU4,/home/s241850073/igem2026/results/clipzyme_native_extension_v1/structures/af_v6/AF-Q82TU4-F1-model_v6.cif,0.99999994
7193,Q82TU5,/home/s241850073/igem2026/results/clipzyme_native_extension_v1/structures/af_v6/AF-Q82TU5-F1-model_v6.cif,1.0
7194,Q82TU6,/home/s241850073/igem2026/results/clipzyme_native_extension_v1/structures/af_v6/AF-Q82TU6-F1-model_v6.cif,0.99999994
7195,Q82TV0,/home/s241850073/igem2026/results/clipzyme_native_extension_v1/structures/af_v6/AF-Q82TV0-F1-model_v6.cif,0.99999994
7196,Q82TV1,/home/s241850073/igem2026/results/clipzyme_native_extension_v1/structures/af_v6/AF-Q82TV1-F1-model_v6.cif,0.99999994
7197,Q82TV3,/home/s241850073/igem2026/results/clipzyme_native_extension_v1/structures/af_v6/AF-Q82TV3-F1-model_v6.cif,1.0
7198,Q82TV6,/home/s241850073/igem2026/results/clipzyme_native_extension_v1/structures/af_v6/AF-Q82TV6-F1-model_v6.cif,0.99999994
7199,Q83BQ5,/home/s241850073/igem2026/results/clipzyme_native_extension_v1/structures/af_v6/AF-Q83BQ5-F1-model_v6.cif,1.0
7200,Q83BQ6,/home/s241850073/igem2026/results/clipzyme_native_extension_v1/structures/af_v6/AF-Q83BQ6-F1-model_v6.cif,0.99999994
7201,Q83BQ7,/home/s241850073/igem2026/results/clipzyme_native_extension_v1/structures/af_v6/AF-Q83BQ7-F1-model_v6.cif,0.99999994
7202,Q83BR3,/home/s241850073/igem2026/results/clipzyme_native_extension_v1/structures/af_v6/AF-Q83BR3-F1-model_v6.cif,1.0
7203,Q83BR5,/home/s241850073/igem2026/results/clipzyme_native_extension_v1/structures/af_v6/AF-Q83BR5-F1-model_v6.cif,1.0
7204,Q83BR8,/home/s241850073/igem2026/results/clipzyme_native_extension_v1/structures/af_v6/AF-Q83BR8-F1-model_v6.cif,1.0
7205,Q83QS6,/home/s241850073/igem2026/results/clipzyme_native_extension_v1/structures/af_v6/AF-Q83QS6-F1-model_v6.cif,1.0
7206,Q83QS9,/home/s241850073/igem2026/results/clipzyme_native_extension_v1/structures/af_v6/AF-Q83QS9-F1-model_v6.cif,0.99999994
7207,Q83QT2,/home/s241850073/igem2026/results/clipzyme_native_extension_v1/structures/af_v6/AF-Q83QT2-F1-model_v6.cif,0.99999994
7208,Q877R9,/home/s241850073/igem2026/results/clipzyme_native_extension_v1/structures/af_v6/AF-Q877R9-F1-model_v6.cif,1.0
7209,Q87EP5,/home/s241850073/igem2026/results/clipzyme_native_extension_v1/structures/af_v6/AF-Q87EP5-F1-model_v6.cif,1.0
7210,Q87EQ2,/home/s241850073/igem2026/results/clipzyme_native_extension_v1/structures/af_v6/AF-Q87EQ2-F1-model_v6.cif,1.0
7211,Q87EQ3,/home/s241850073/igem2026/results/clipzyme_native_extension_v1/structures/af_v6/AF-Q87EQ3-F1-model_v6.cif,1.0
7212,Q87EQ4,/home/s241850073/igem2026/results/clipzyme_native_extension_v1/structures/af_v6/AF-Q87EQ4-F1-model_v6.cif,0.99999994
7213,Q87NI7,/home/s241850073/igem2026/results/clipzyme_native_extension_v1/structures/af_v6/AF-Q87NI7-F1-model_v6.cif,1.0
7214,Q87ZQ0,/home/s241850073/igem2026/results/clipzyme_native_extension_v1/structures/af_v6/AF-Q87ZQ0-F1-model_v6.cif,1.0
7215,Q87ZQ2,/home/s241850073/igem2026/results/clipzyme_native_extension_v1/structures/af_v6/AF-Q87ZQ2-F1-model_v6.cif,0.99999994
7216,Q87ZQ3,/home/s241850073/igem2026/results/clipzyme_native_extension_v1/structures/af_v6/AF-Q87ZQ3-F1-model_v6.cif,1.0
7217,Q87ZQ7,/home/s241850073/igem2026/results/clipzyme_native_extension_v1/structures/af_v6/AF-Q87ZQ7-F1-model_v6.cif,1.0
7218,Q87ZQ8,/home/s241850073/igem2026/results/clipzyme_native_extension_v1/structures/af_v6/AF-Q87ZQ8-F1-model_v6.cif,1.0
7219,Q88CC1,/home/s241850073/igem2026/results/clipzyme_native_extension_v1/structures/af_v6/AF-Q88CC1-F1-model_v6.cif,0.9999999
7220,Q88FG8,/home/s241850073/igem2026/results/clipzyme_native_extension_v1/structures/af_v6/AF-Q88FG8-F1-model_v6.cif,1.0
7221,Q88FH0,/home/s241850073/igem2026/results/clipzyme_native_extension_v1/structures/af_v6/AF-Q88FH0-F1-model_v6.cif,1.0
7222,Q88FH1,/home/s241850073/igem2026/results/clipzyme_native_extension_v1/structures/af_v6/AF-Q88FH1-F1-model_v6.cif,1.0
7223,Q88FH5,/home/s241850073/igem2026/results/clipzyme_native_extension_v1/structures/af_v6/AF-Q88FH5-F1-model_v6.cif,1.0
7224,Q88FH6,/home/s241850073/igem2026/results/clipzyme_native_extension_v1/structures/af_v6/AF-Q88FH6-F1-model_v6.cif,0.99999994
7225,Q88FH7,/home/s241850073/igem2026/results/clipzyme_native_extension_v1/structures/af_v6/AF-Q88FH7-F1-model_v6.cif,0.99999994
7226,Q897G9,/home/s241850073/igem2026/results/clipzyme_native_extension_v1/structures/af_v6/AF-Q897G9-F1-model_v6.cif,1.0
7227,Q89AE4,/home/s241850073/igem2026/results/clipzyme_native_extension_v1/structures/af_v6/AF-Q89AE4-F1-model_v6.cif,0.99999994
7228,Q89AT4,/home/s241850073/igem2026/results/clipzyme_native_extension_v1/structures/af_v6/AF-Q89AT4-F1-model_v6.cif,0.99999994
7229,Q89AT5,/home/s241850073/igem2026/results/clipzyme_native_extension_v1/structures/af_v6/AF-Q89AT5-F1-model_v6.cif,1.0
7230,Q89AT6,/home/s241850073/igem2026/results/clipzyme_native_extension_v1/structures/af_v6/AF-Q89AT6-F1-model_v6.cif,1.0
7231,Q89AT7,/home/s241850073/igem2026/results/clipzyme_native_extension_v1/structures/af_v6/AF-Q89AT7-F1-model_v6.cif,0.99999994
7232,Q89AT8,/home/s241850073/igem2026/results/clipzyme_native_extension_v1/structures/af_v6/AF-Q89AT8-F1-model_v6.cif,1.0
7233,Q89AT9,/home/s241850073/igem2026/results/clipzyme_native_extension_v1/structures/af_v6/AF-Q89AT9-F1-model_v6.cif,0.99999994
7234,Q89AU0,/home/s241850073/igem2026/results/clipzyme_native_extension_v1/structures/af_v6/AF-Q89AU0-F1-model_v6.cif,0.9999999
7235,Q89AU2,/home/s241850073/igem2026/results/clipzyme_native_extension_v1/structures/af_v6/AF-Q89AU2-F1-model_v6.cif,1.0
7236,Q89AU3,/home/s241850073/igem2026/results/clipzyme_native_extension_v1/structures/af_v6/AF-Q89AU3-F1-model_v6.cif,0.99999994
7237,Q89AU4,/home/s241850073/igem2026/results/clipzyme_native_extension_v1/structures/af_v6/AF-Q89AU4-F1-model_v6.cif,0.99999994
7238,Q89AU5,/home/s241850073/igem2026/results/clipzyme_native_extension_v1/structures/af_v6/AF-Q89AU5-F1-model_v6.cif,1.0
7239,Q89AU6,/home/s241850073/igem2026/results/clipzyme_native_extension_v1/structures/af_v6/AF-Q89AU6-F1-model_v6.cif,1.0
7240,Q89B28,/home/s241850073/igem2026/results/clipzyme_native_extension_v1/structures/af_v6/AF-Q89B28-F1-model_v6.cif,1.0
7241,Q89KI7,/home/s241850073/igem2026/results/clipzyme_native_extension_v1/structures/af_v6/AF-Q89KI7-F1-model_v6.cif,1.0
7242,Q89KI9,/home/s241850073/igem2026/results/clipzyme_native_extension_v1/structures/af_v6/AF-Q89KI9-F1-model_v6.cif,0.99999994
7243,Q89KJ5,/home/s241850073/igem2026/results/clipzyme_native_extension_v1/structures/af_v6/AF-Q89KJ5-F1-model_v6.cif,1.0
7244,Q89KJ6,/home/s241850073/igem2026/results/clipzyme_native_extension_v1/structures/af_v6/AF-Q89KJ6-F1-model_v6.cif,0.99999994
7245,Q8A0F4,/home/s241850073/igem2026/results/clipzyme_native_extension_v1/structures/af_v6/AF-Q8A0F4-F1-model_v6.cif,0.9999999
7246,Q8A0F5,/home/s241850073/igem2026/results/clipzyme_native_extension_v1/structures/af_v6/AF-Q8A0F5-F1-model_v6.cif,0.99999994
7247,Q8A0F6,/home/s241850073/igem2026/results/clipzyme_native_extension_v1/structures/af_v6/AF-Q8A0F6-F1-model_v6.cif,1.0
7248,Q8A0F7,/home/s241850073/igem2026/results/clipzyme_native_extension_v1/structures/af_v6/AF-Q8A0F7-F1-model_v6.cif,1.0
7249,Q8CBC7,/home/s241850073/igem2026/results/clipzyme_native_extension_v1/structures/af_v6/AF-Q8CBC7-F1-model_v6.cif,0.99999994
7250,Q8CWX8,/home/s241850073/igem2026/results/clipzyme_native_extension_v1/structures/af_v6/AF-Q8CWX8-F1-model_v6.cif,1.0
7251,Q8DP70,/home/s241850073/igem2026/results/clipzyme_native_extension_v1/structures/af_v6/AF-Q8DP70-F1-model_v6.cif,0.99999994
7252,Q8E0N2,/home/s241850073/igem2026/results/clipzyme_native_extension_v1/structures/af_v6/AF-Q8E0N2-F1-model_v6.cif,1.0
7253,Q8EI29,/home/s241850073/igem2026/results/clipzyme_native_extension_v1/structures/af_v6/AF-Q8EI29-F1-model_v6.cif,0.99999994
7254,Q8EI30,/home/s241850073/igem2026/results/clipzyme_native_extension_v1/structures/af_v6/AF-Q8EI30-F1-model_v6.cif,1.0
7255,Q8EI31,/home/s241850073/igem2026/results/clipzyme_native_extension_v1/structures/af_v6/AF-Q8EI31-F1-model_v6.cif,1.0
7256,Q8EI35,/home/s241850073/igem2026/results/clipzyme_native_extension_v1/structures/af_v6/AF-Q8EI35-F1-model_v6.cif,0.99999994
7257,Q8EI36,/home/s241850073/igem2026/results/clipzyme_native_extension_v1/structures/af_v6/AF-Q8EI36-F1-model_v6.cif,0.99999994
7258,Q8EI38,/home/s241850073/igem2026/results/clipzyme_native_extension_v1/structures/af_v6/AF-Q8EI38-F1-model_v6.cif,1.0
7259,Q8F7Q0,/home/s241850073/igem2026/results/clipzyme_native_extension_v1/structures/af_v6/AF-Q8F7Q0-F1-model_v6.cif,0.99999994
7260,Q8F7Q2,/home/s241850073/igem2026/results/clipzyme_native_extension_v1/structures/af_v6/AF-Q8F7Q2-F1-model_v6.cif,0.99999994
7261,Q8F7Q7,/home/s241850073/igem2026/results/clipzyme_native_extension_v1/structures/af_v6/AF-Q8F7Q7-F1-model_v6.cif,1.0
7262,Q8F7R0,/home/s241850073/igem2026/results/clipzyme_native_extension_v1/structures/af_v6/AF-Q8F7R0-F1-model_v6.cif,1.0
7263,Q8F9N0,/home/s241850073/igem2026/results/clipzyme_native_extension_v1/structures/af_v6/AF-Q8F9N0-F1-model_v6.cif,1.0
7264,Q8FFJ7,/home/s241850073/igem2026/results/clipzyme_native_extension_v1/structures/af_v6/AF-Q8FFJ7-F1-model_v6.cif,1.0
7265,Q8FFK3,/home/s241850073/igem2026/results/clipzyme_native_extension_v1/structures/af_v6/AF-Q8FFK3-F1-model_v6.cif,1.0
7266,Q8G1A9,/home/s241850073/igem2026/results/clipzyme_native_extension_v1/structures/af_v6/AF-Q8G1A9-F1-model_v6.cif,0.99999994
7267,Q8G1B0,/home/s241850073/igem2026/results/clipzyme_native_extension_v1/structures/af_v6/AF-Q8G1B0-F1-model_v6.cif,0.99999994
7268,Q8G1B4,/home/s241850073/igem2026/results/clipzyme_native_extension_v1/structures/af_v6/AF-Q8G1B4-F1-model_v6.cif,1.0
7269,Q8G736,/home/s241850073/igem2026/results/clipzyme_native_extension_v1/structures/af_v6/AF-Q8G736-F1-model_v6.cif,0.99999994
7270,Q8GUP2,/home/s241850073/igem2026/results/clipzyme_native_extension_v1/structures/af_v6/AF-Q8GUP2-F1-model_v6.cif,0.99999994
7271,Q8K9X5,/home/s241850073/igem2026/results/clipzyme_native_extension_v1/structures/af_v6/AF-Q8K9X5-F1-model_v6.cif,1.0
7272,Q8K9X6,/home/s241850073/igem2026/results/clipzyme_native_extension_v1/structures/af_v6/AF-Q8K9X6-F1-model_v6.cif,1.0
7273,Q8K9X7,/home/s241850073/igem2026/results/clipzyme_native_extension_v1/structures/af_v6/AF-Q8K9X7-F1-model_v6.cif,1.0
7274,Q8K9X8,/home/s241850073/igem2026/results/clipzyme_native_extension_v1/structures/af_v6/AF-Q8K9X8-F1-model_v6.cif,0.99999994
7275,Q8K9X9,/home/s241850073/igem2026/results/clipzyme_native_extension_v1/structures/af_v6/AF-Q8K9X9-F1-model_v6.cif,1.0
7276,Q8K9Y0,/home/s241850073/igem2026/results/clipzyme_native_extension_v1/structures/af_v6/AF-Q8K9Y0-F1-model_v6.cif,1.0
7277,Q8K9Y1,/home/s241850073/igem2026/results/clipzyme_native_extension_v1/structures/af_v6/AF-Q8K9Y1-F1-model_v6.cif,0.9999999
7278,Q8K9Y3,/home/s241850073/igem2026/results/clipzyme_native_extension_v1/structures/af_v6/AF-Q8K9Y3-F1-model_v6.cif,1.0
7279,Q8K9Y4,/home/s241850073/igem2026/results/clipzyme_native_extension_v1/structures/af_v6/AF-Q8K9Y4-F1-model_v6.cif,1.0
7280,Q8K9Y5,/home/s241850073/igem2026/results/clipzyme_native_extension_v1/structures/af_v6/AF-Q8K9Y5-F1-model_v6.cif,1.0
7281,Q8K9Y6,/home/s241850073/igem2026/results/clipzyme_native_extension_v1/structures/af_v6/AF-Q8K9Y6-F1-model_v6.cif,1.0
7282,Q8K9Y7,/home/s241850073/igem2026/results/clipzyme_native_extension_v1/structures/af_v6/AF-Q8K9Y7-F1-model_v6.cif,1.0
7283,Q8KA77,/home/s241850073/igem2026/results/clipzyme_native_extension_v1/structures/af_v6/AF-Q8KA77-F1-model_v6.cif,0.99999994
7284,Q8KEB6,/home/s241850073/igem2026/results/clipzyme_native_extension_v1/structures/af_v6/AF-Q8KEB6-F1-model_v6.cif,1.0
7285,Q8KEB9,/home/s241850073/igem2026/results/clipzyme_native_extension_v1/structures/af_v6/AF-Q8KEB9-F1-model_v6.cif,1.0
7286,Q8KEC0,/home/s241850073/igem2026/results/clipzyme_native_extension_v1/structures/af_v6/AF-Q8KEC0-F1-model_v6.cif,0.99999994
7287,Q8KEC2,/home/s241850073/igem2026/results/clipzyme_native_extension_v1/structures/af_v6/AF-Q8KEC2-F1-model_v6.cif,1.0
7288,Q8KEC3,/home/s241850073/igem2026/results/clipzyme_native_extension_v1/structures/af_v6/AF-Q8KEC3-F1-model_v6.cif,1.0
7289,Q8N2M4,/home/s241850073/igem2026/results/clipzyme_native_extension_v1/structures/af_v6/AF-Q8N2M4-F1-model_v6.cif,0.99999994
7290,Q8NL19,/home/s241850073/igem2026/results/clipzyme_native_extension_v1/structures/af_v6/AF-Q8NL19-F1-model_v6.cif,1.0
7291,Q8P7T3,/home/s241850073/igem2026/results/clipzyme_native_extension_v1/structures/af_v6/AF-Q8P7T3-F1-model_v6.cif,1.0
7292,Q8P7T4,/home/s241850073/igem2026/results/clipzyme_native_extension_v1/structures/af_v6/AF-Q8P7T4-F1-model_v6.cif,1.0
7293,Q8P7T9,/home/s241850073/igem2026/results/clipzyme_native_extension_v1/structures/af_v6/AF-Q8P7T9-F1-model_v6.cif,1.0
7294,Q8P7U0,/home/s241850073/igem2026/results/clipzyme_native_extension_v1/structures/af_v6/AF-Q8P7U0-F1-model_v6.cif,1.0
7295,Q8PJ41,/home/s241850073/igem2026/results/clipzyme_native_extension_v1/structures/af_v6/AF-Q8PJ41-F1-model_v6.cif,0.99999994
7296,Q8PJ42,/home/s241850073/igem2026/results/clipzyme_native_extension_v1/structures/af_v6/AF-Q8PJ42-F1-model_v6.cif,1.0
7297,Q8PJ43,/home/s241850073/igem2026/results/clipzyme_native_extension_v1/structures/af_v6/AF-Q8PJ43-F1-model_v6.cif,0.99999994
7298,Q8PJ47,/home/s241850073/igem2026/results/clipzyme_native_extension_v1/structures/af_v6/AF-Q8PJ47-F1-model_v6.cif,1.0
7299,Q8PJ48,/home/s241850073/igem2026/results/clipzyme_native_extension_v1/structures/af_v6/AF-Q8PJ48-F1-model_v6.cif,0.99999994
7300,Q8PXF3,/home/s241850073/igem2026/results/clipzyme_native_extension_v1/structures/af_v6/AF-Q8PXF3-F1-model_v6.cif,0.99999994
7301,Q8RQ74,/home/s241850073/igem2026/results/clipzyme_native_extension_v1/structures/af_v6/AF-Q8RQ74-F1-model_v6.cif,0.99999994
7302,Q8RWX4,/home/s241850073/igem2026/results/clipzyme_native_extension_v1/structures/af_v6/AF-Q8RWX4-F1-model_v6.cif,1.0
7303,Q8RY71,/home/s241850073/igem2026/results/clipzyme_native_extension_v1/structures/af_v6/AF-Q8RY71-F1-model_v6.cif,1.0
7304,Q8THD0,/home/s241850073/igem2026/results/clipzyme_native_extension_v1/structures/af_v6/AF-Q8THD0-F1-model_v6.cif,1.0
7305,Q8TIN7,/home/s241850073/igem2026/results/clipzyme_native_extension_v1/structures/af_v6/AF-Q8TIN7-F1-model_v6.cif,0.99999994
7306,Q8TL58,/home/s241850073/igem2026/results/clipzyme_native_extension_v1/structures/af_v6/AF-Q8TL58-F1-model_v6.cif,1.0
7307,Q8TUY9,/home/s241850073/igem2026/results/clipzyme_native_extension_v1/structures/af_v6/AF-Q8TUY9-F1-model_v6.cif,1.0
7308,Q8TV65,/home/s241850073/igem2026/results/clipzyme_native_extension_v1/structures/af_v6/AF-Q8TV65-F1-model_v6.cif,1.0
7309,Q8U1L4,/home/s241850073/igem2026/results/clipzyme_native_extension_v1/structures/af_v6/AF-Q8U1L4-F1-model_v6.cif,0.99999994
7310,Q8UFW9,/home/s241850073/igem2026/results/clipzyme_native_extension_v1/structures/af_v6/AF-Q8UFW9-F1-model_v6.cif,1.0
7311,Q8UFX0,/home/s241850073/igem2026/results/clipzyme_native_extension_v1/structures/af_v6/AF-Q8UFX0-F1-model_v6.cif,1.0
7312,Q8XCW9,/home/s241850073/igem2026/results/clipzyme_native_extension_v1/structures/af_v6/AF-Q8XCW9-F1-model_v6.cif,1.0
7313,Q8XFA3,/home/s241850073/igem2026/results/clipzyme_native_extension_v1/structures/af_v6/AF-Q8XFA3-F1-model_v6.cif,1.0
7314,Q8XFD5,/home/s241850073/igem2026/results/clipzyme_native_extension_v1/structures/af_v6/AF-Q8XFD5-F1-model_v6.cif,1.0
7315,Q8XFY2,/home/s241850073/igem2026/results/clipzyme_native_extension_v1/structures/af_v6/AF-Q8XFY2-F1-model_v6.cif,1.0
7316,Q8XGN7,/home/s241850073/igem2026/results/clipzyme_native_extension_v1/structures/af_v6/AF-Q8XGN7-F1-model_v6.cif,1.0
7317,Q8XXQ1,/home/s241850073/igem2026/results/clipzyme_native_extension_v1/structures/af_v6/AF-Q8XXQ1-F1-model_v6.cif,1.0
7318,Q8XXQ2,/home/s241850073/igem2026/results/clipzyme_native_extension_v1/structures/af_v6/AF-Q8XXQ2-F1-model_v6.cif,1.0
7319,Q8XXQ3,/home/s241850073/igem2026/results/clipzyme_native_extension_v1/structures/af_v6/AF-Q8XXQ3-F1-model_v6.cif,1.0
7320,Q8XXQ8,/home/s241850073/igem2026/results/clipzyme_native_extension_v1/structures/af_v6/AF-Q8XXQ8-F1-model_v6.cif,1.0
7321,Q8XXQ9,/home/s241850073/igem2026/results/clipzyme_native_extension_v1/structures/af_v6/AF-Q8XXQ9-F1-model_v6.cif,1.0
7322,Q8XXR1,/home/s241850073/igem2026/results/clipzyme_native_extension_v1/structures/af_v6/AF-Q8XXR1-F1-model_v6.cif,0.99999994
7323,Q8YGK1,/home/s241850073/igem2026/results/clipzyme_native_extension_v1/structures/af_v6/AF-Q8YGK1-F1-model_v6.cif,0.99999994
7324,Q8YGK2,/home/s241850073/igem2026/results/clipzyme_native_extension_v1/structures/af_v6/AF-Q8YGK2-F1-model_v6.cif,0.99999994
7325,Q8YGK3,/home/s241850073/igem2026/results/clipzyme_native_extension_v1/structures/af_v6/AF-Q8YGK3-F1-model_v6.cif,1.0
7326,Q8YGK7,/home/s241850073/igem2026/results/clipzyme_native_extension_v1/structures/af_v6/AF-Q8YGK7-F1-model_v6.cif,1.0
7327,Q8YGK8,/home/s241850073/igem2026/results/clipzyme_native_extension_v1/structures/af_v6/AF-Q8YGK8-F1-model_v6.cif,1.0
7328,Q8YGL0,/home/s241850073/igem2026/results/clipzyme_native_extension_v1/structures/af_v6/AF-Q8YGL0-F1-model_v6.cif,1.0
7329,Q8YT18,/home/s241850073/igem2026/results/clipzyme_native_extension_v1/structures/af_v6/AF-Q8YT18-F1-model_v6.cif,1.0
7330,Q8Z527,/home/s241850073/igem2026/results/clipzyme_native_extension_v1/structures/af_v6/AF-Q8Z527-F1-model_v6.cif,0.99999994
7331,Q8Z530,/home/s241850073/igem2026/results/clipzyme_native_extension_v1/structures/af_v6/AF-Q8Z530-F1-model_v6.cif,0.99999994
7332,Q8ZNE4,/home/s241850073/igem2026/results/clipzyme_native_extension_v1/structures/af_v6/AF-Q8ZNE4-F1-model_v6.cif,1.0
7333,Q8ZT95,/home/s241850073/igem2026/results/clipzyme_native_extension_v1/structures/af_v6/AF-Q8ZT95-F1-model_v6.cif,0.99999994
7334,Q91577,/home/s241850073/igem2026/results/clipzyme_native_extension_v1/structures/af_v6/AF-Q91577-F1-model_v6.cif,1.0
7335,Q921J2,/home/s241850073/igem2026/results/clipzyme_native_extension_v1/structures/af_v6/AF-Q921J2-F1-model_v6.cif,0.99999994
7336,Q92G93,/home/s241850073/igem2026/results/clipzyme_native_extension_v1/structures/af_v6/AF-Q92G93-F1-model_v6.cif,0.99999994
7337,Q92G94,/home/s241850073/igem2026/results/clipzyme_native_extension_v1/structures/af_v6/AF-Q92G94-F1-model_v6.cif,0.99999994
7338,Q92G96,/home/s241850073/igem2026/results/clipzyme_native_extension_v1/structures/af_v6/AF-Q92G96-F1-model_v6.cif,0.99999994
7339,Q92G98,/home/s241850073/igem2026/results/clipzyme_native_extension_v1/structures/af_v6/AF-Q92G98-F1-model_v6.cif,1.0000001
7340,Q92G99,/home/s241850073/igem2026/results/clipzyme_native_extension_v1/structures/af_v6/AF-Q92G99-F1-model_v6.cif,1.0
7341,Q92GB8,/home/s241850073/igem2026/results/clipzyme_native_extension_v1/structures/af_v6/AF-Q92GB8-F1-model_v6.cif,1.0
7342,Q92HH5,/home/s241850073/igem2026/results/clipzyme_native_extension_v1/structures/af_v6/AF-Q92HH5-F1-model_v6.cif,1.0
7343,Q92ID5,/home/s241850073/igem2026/results/clipzyme_native_extension_v1/structures/af_v6/AF-Q92ID5-F1-model_v6.cif,1.0
7344,Q92ID6,/home/s241850073/igem2026/results/clipzyme_native_extension_v1/structures/af_v6/AF-Q92ID6-F1-model_v6.cif,1.0
7345,Q92ID7,/home/s241850073/igem2026/results/clipzyme_native_extension_v1/structures/af_v6/AF-Q92ID7-F1-model_v6.cif,1.0
7346,Q92ID8,/home/s241850073/igem2026/results/clipzyme_native_extension_v1/structures/af_v6/AF-Q92ID8-F1-model_v6.cif,1.0
7347,Q92ID9,/home/s241850073/igem2026/results/clipzyme_native_extension_v1/structures/af_v6/AF-Q92ID9-F1-model_v6.cif,1.0
7348,Q92J55,/home/s241850073/igem2026/results/clipzyme_native_extension_v1/structures/af_v6/AF-Q92J55-F1-model_v6.cif,1.0
7349,Q92JB2,/home/s241850073/igem2026/results/clipzyme_native_extension_v1/structures/af_v6/AF-Q92JB2-F1-model_v6.cif,1.0
7350,Q92QN9,/home/s241850073/igem2026/results/clipzyme_native_extension_v1/structures/af_v6/AF-Q92QN9-F1-model_v6.cif,1.0
7351,Q92QP2,/home/s241850073/igem2026/results/clipzyme_native_extension_v1/structures/af_v6/AF-Q92QP2-F1-model_v6.cif,0.99999994
7352,Q92QP4,/home/s241850073/igem2026/results/clipzyme_native_extension_v1/structures/af_v6/AF-Q92QP4-F1-model_v6.cif,0.99999994
7353,Q92QP5,/home/s241850073/igem2026/results/clipzyme_native_extension_v1/structures/af_v6/AF-Q92QP5-F1-model_v6.cif,1.0
7354,Q92YN8,/home/s241850073/igem2026/results/clipzyme_native_extension_v1/structures/af_v6/AF-Q92YN8-F1-model_v6.cif,1.0
7355,Q93K96,/home/s241850073/igem2026/results/clipzyme_native_extension_v1/structures/af_v6/AF-Q93K96-F1-model_v6.cif,0.99999994
7356,Q93XW5,/home/s241850073/igem2026/results/clipzyme_native_extension_v1/structures/af_v6/AF-Q93XW5-F1-model_v6.cif,0.99999994
7357,Q93ZB3,/home/s241850073/igem2026/results/clipzyme_native_extension_v1/structures/af_v6/AF-Q93ZB3-F1-model_v6.cif,0.99999994
7358,Q95204,/home/s241850073/igem2026/results/clipzyme_native_extension_v1/structures/af_v6/AF-Q95204-F1-model_v6.cif,1.0
7359,Q95245,/home/s241850073/igem2026/results/clipzyme_native_extension_v1/structures/af_v6/AF-Q95245-F1-model_v6.cif,1.0000001
7360,Q96MH6,/home/s241850073/igem2026/results/clipzyme_native_extension_v1/structures/af_v6/AF-Q96MH6-F1-model_v6.cif,0.99999994
7361,Q971S9,/home/s241850073/igem2026/results/clipzyme_native_extension_v1/structures/af_v6/AF-Q971S9-F1-model_v6.cif,1.0
7362,Q977V2,/home/s241850073/igem2026/results/clipzyme_native_extension_v1/structures/af_v6/AF-Q977V2-F1-model_v6.cif,0.99999994
7363,Q979Y8,/home/s241850073/igem2026/results/clipzyme_native_extension_v1/structures/af_v6/AF-Q979Y8-F1-model_v6.cif,0.99999994
7364,Q97ZE7,/home/s241850073/igem2026/results/clipzyme_native_extension_v1/structures/af_v6/AF-Q97ZE7-F1-model_v6.cif,0.99999994
7365,Q98KQ6,/home/s241850073/igem2026/results/clipzyme_native_extension_v1/structures/af_v6/AF-Q98KQ6-F1-model_v6.cif,1.0
7366,Q98KQ7,/home/s241850073/igem2026/results/clipzyme_native_extension_v1/structures/af_v6/AF-Q98KQ7-F1-model_v6.cif,1.0
7367,Q98KQ8,/home/s241850073/igem2026/results/clipzyme_native_extension_v1/structures/af_v6/AF-Q98KQ8-F1-model_v6.cif,0.99999994
7368,Q98KR3,/home/s241850073/igem2026/results/clipzyme_native_extension_v1/structures/af_v6/AF-Q98KR3-F1-model_v6.cif,1.0
7369,Q98KR4,/home/s241850073/igem2026/results/clipzyme_native_extension_v1/structures/af_v6/AF-Q98KR4-F1-model_v6.cif,1.0
7370,Q98KR6,/home/s241850073/igem2026/results/clipzyme_native_extension_v1/structures/af_v6/AF-Q98KR6-F1-model_v6.cif,1.0000001
7371,Q9A6X1,/home/s241850073/igem2026/results/clipzyme_native_extension_v1/structures/af_v6/AF-Q9A6X1-F1-model_v6.cif,1.0
7372,Q9A6X2,/home/s241850073/igem2026/results/clipzyme_native_extension_v1/structures/af_v6/AF-Q9A6X2-F1-model_v6.cif,1.0
7373,Q9A6X4,/home/s241850073/igem2026/results/clipzyme_native_extension_v1/structures/af_v6/AF-Q9A6X4-F1-model_v6.cif,1.0000001
7374,Q9A6Y1,/home/s241850073/igem2026/results/clipzyme_native_extension_v1/structures/af_v6/AF-Q9A6Y1-F1-model_v6.cif,1.0
7375,Q9A6Y4,/home/s241850073/igem2026/results/clipzyme_native_extension_v1/structures/af_v6/AF-Q9A6Y4-F1-model_v6.cif,0.99999994
7376,Q9A6Y6,/home/s241850073/igem2026/results/clipzyme_native_extension_v1/structures/af_v6/AF-Q9A6Y6-F1-model_v6.cif,1.0
7377,Q9D850,/home/s241850073/igem2026/results/clipzyme_native_extension_v1/structures/af_v6/AF-Q9D850-F1-model_v6.cif,0.99999994
7378,Q9D8N3,/home/s241850073/igem2026/results/clipzyme_native_extension_v1/structures/af_v6/AF-Q9D8N3-F1-model_v6.cif,1.0
7379,Q9DCE9,/home/s241850073/igem2026/results/clipzyme_native_extension_v1/structures/af_v6/AF-Q9DCE9-F1-model_v6.cif,1.0
7380,Q9EV66,/home/s241850073/igem2026/results/clipzyme_native_extension_v1/structures/af_v6/AF-Q9EV66-F1-model_v6.cif,1.0
7381,Q9EV71,/home/s241850073/igem2026/results/clipzyme_native_extension_v1/structures/af_v6/AF-Q9EV71-F1-model_v6.cif,0.99999994
7382,Q9F2V6,/home/s241850073/igem2026/results/clipzyme_native_extension_v1/structures/af_v6/AF-Q9F2V6-F1-model_v6.cif,1.0
7383,Q9F2V8,/home/s241850073/igem2026/results/clipzyme_native_extension_v1/structures/af_v6/AF-Q9F2V8-F1-model_v6.cif,1.0
7384,Q9F2W1,/home/s241850073/igem2026/results/clipzyme_native_extension_v1/structures/af_v6/AF-Q9F2W1-F1-model_v6.cif,0.99999994
7385,Q9FI27,/home/s241850073/igem2026/results/clipzyme_native_extension_v1/structures/af_v6/AF-Q9FI27-F1-model_v6.cif,1.0
7386,Q9FVL2,/home/s241850073/igem2026/results/clipzyme_native_extension_v1/structures/af_v6/AF-Q9FVL2-F1-model_v6.cif,1.0
7387,Q9HDZ9,/home/s241850073/igem2026/results/clipzyme_native_extension_v1/structures/af_v6/AF-Q9HDZ9-F1-model_v6.cif,1.0
7388,Q9HHS9,/home/s241850073/igem2026/results/clipzyme_native_extension_v1/structures/af_v6/AF-Q9HHS9-F1-model_v6.cif,0.99999994
7389,Q9HI16,/home/s241850073/igem2026/results/clipzyme_native_extension_v1/structures/af_v6/AF-Q9HI16-F1-model_v6.cif,1.0
7390,Q9HJ93,/home/s241850073/igem2026/results/clipzyme_native_extension_v1/structures/af_v6/AF-Q9HJ93-F1-model_v6.cif,1.0
7391,Q9HKT0,/home/s241850073/igem2026/results/clipzyme_native_extension_v1/structures/af_v6/AF-Q9HKT0-F1-model_v6.cif,1.0
7392,Q9HMN5,/home/s241850073/igem2026/results/clipzyme_native_extension_v1/structures/af_v6/AF-Q9HMN5-F1-model_v6.cif,1.0
7393,Q9HTF3,/home/s241850073/igem2026/results/clipzyme_native_extension_v1/structures/af_v6/AF-Q9HTF3-F1-model_v6.cif,1.0
7394,Q9HTF4,/home/s241850073/igem2026/results/clipzyme_native_extension_v1/structures/af_v6/AF-Q9HTF4-F1-model_v6.cif,1.0
7395,Q9HZS1,/home/s241850073/igem2026/results/clipzyme_native_extension_v1/structures/af_v6/AF-Q9HZS1-F1-model_v6.cif,1.0
7396,Q9I0I9,/home/s241850073/igem2026/results/clipzyme_native_extension_v1/structures/af_v6/AF-Q9I0I9-F1-model_v6.cif,0.99999994
7397,Q9I0J0,/home/s241850073/igem2026/results/clipzyme_native_extension_v1/structures/af_v6/AF-Q9I0J0-F1-model_v6.cif,1.0
7398,Q9I0J1,/home/s241850073/igem2026/results/clipzyme_native_extension_v1/structures/af_v6/AF-Q9I0J1-F1-model_v6.cif,0.99999994
7399,Q9I0J2,/home/s241850073/igem2026/results/clipzyme_native_extension_v1/structures/af_v6/AF-Q9I0J2-F1-model_v6.cif,1.0
7400,Q9I0J3,/home/s241850073/igem2026/results/clipzyme_native_extension_v1/structures/af_v6/AF-Q9I0J3-F1-model_v6.cif,1.0
7401,Q9I0J4,/home/s241850073/igem2026/results/clipzyme_native_extension_v1/structures/af_v6/AF-Q9I0J4-F1-model_v6.cif,1.0
7402,Q9I0J7,/home/s241850073/igem2026/results/clipzyme_native_extension_v1/structures/af_v6/AF-Q9I0J7-F1-model_v6.cif,1.0
7403,Q9I0J8,/home/s241850073/igem2026/results/clipzyme_native_extension_v1/structures/af_v6/AF-Q9I0J8-F1-model_v6.cif,1.0
7404,Q9I0J9,/home/s241850073/igem2026/results/clipzyme_native_extension_v1/structures/af_v6/AF-Q9I0J9-F1-model_v6.cif,1.0
7405,Q9I0K0,/home/s241850073/igem2026/results/clipzyme_native_extension_v1/structures/af_v6/AF-Q9I0K0-F1-model_v6.cif,0.99999994
7406,Q9I0K1,/home/s241850073/igem2026/results/clipzyme_native_extension_v1/structures/af_v6/AF-Q9I0K1-F1-model_v6.cif,1.0
7407,Q9I0R8,/home/s241850073/igem2026/results/clipzyme_native_extension_v1/structures/af_v6/AF-Q9I0R8-F1-model_v6.cif,0.99999994
7408,Q9I2L4,/home/s241850073/igem2026/results/clipzyme_native_extension_v1/structures/af_v6/AF-Q9I2L4-F1-model_v6.cif,0.99999994
7409,Q9I4L5,/home/s241850073/igem2026/results/clipzyme_native_extension_v1/structures/af_v6/AF-Q9I4L5-F1-model_v6.cif,1.0
7410,Q9I7C1,/home/s241850073/igem2026/results/clipzyme_native_extension_v1/structures/af_v6/AF-Q9I7C1-F1-model_v6.cif,0.99999994
7411,Q9JQM2,/home/s241850073/igem2026/results/clipzyme_native_extension_v1/structures/af_v6/AF-Q9JQM2-F1-model_v6.cif,1.0
7412,Q9JX80,/home/s241850073/igem2026/results/clipzyme_native_extension_v1/structures/af_v6/AF-Q9JX80-F1-model_v6.cif,1.0
7413,Q9JX88,/home/s241850073/igem2026/results/clipzyme_native_extension_v1/structures/af_v6/AF-Q9JX88-F1-model_v6.cif,0.99999994
7414,Q9K1B4,/home/s241850073/igem2026/results/clipzyme_native_extension_v1/structures/af_v6/AF-Q9K1B4-F1-model_v6.cif,1.0
7415,Q9K1C0,/home/s241850073/igem2026/results/clipzyme_native_extension_v1/structures/af_v6/AF-Q9K1C0-F1-model_v6.cif,0.99999994
7416,Q9K1C1,/home/s241850073/igem2026/results/clipzyme_native_extension_v1/structures/af_v6/AF-Q9K1C1-F1-model_v6.cif,0.99999994
7417,Q9K1C2,/home/s241850073/igem2026/results/clipzyme_native_extension_v1/structures/af_v6/AF-Q9K1C2-F1-model_v6.cif,1.0
7418,Q9LKN1,/home/s241850073/igem2026/results/clipzyme_native_extension_v1/structures/af_v6/AF-Q9LKN1-F1-model_v6.cif,0.9999999
7419,Q9LMJ7,/home/s241850073/igem2026/results/clipzyme_native_extension_v1/structures/af_v6/AF-Q9LMJ7-F1-model_v6.cif,0.99999994
7420,Q9PGI5,/home/s241850073/igem2026/results/clipzyme_native_extension_v1/structures/af_v6/AF-Q9PGI5-F1-model_v6.cif,1.0
7421,Q9PGI7,/home/s241850073/igem2026/results/clipzyme_native_extension_v1/structures/af_v6/AF-Q9PGI7-F1-model_v6.cif,1.0
7422,Q9PGI8,/home/s241850073/igem2026/results/clipzyme_native_extension_v1/structures/af_v6/AF-Q9PGI8-F1-model_v6.cif,1.0
7423,Q9PGJ2,/home/s241850073/igem2026/results/clipzyme_native_extension_v1/structures/af_v6/AF-Q9PGJ2-F1-model_v6.cif,1.0
7424,Q9PGJ3,/home/s241850073/igem2026/results/clipzyme_native_extension_v1/structures/af_v6/AF-Q9PGJ3-F1-model_v6.cif,0.99999994
7425,Q9PGJ4,/home/s241850073/igem2026/results/clipzyme_native_extension_v1/structures/af_v6/AF-Q9PGJ4-F1-model_v6.cif,1.0
7426,Q9PM99,/home/s241850073/igem2026/results/clipzyme_native_extension_v1/structures/af_v6/AF-Q9PM99-F1-model_v6.cif,1.0
7427,Q9PMA3,/home/s241850073/igem2026/results/clipzyme_native_extension_v1/structures/af_v6/AF-Q9PMA3-F1-model_v6.cif,1.0
7428,Q9PMA7,/home/s241850073/igem2026/results/clipzyme_native_extension_v1/structures/af_v6/AF-Q9PMA7-F1-model_v6.cif,1.0
7429,Q9RH29,/home/s241850073/igem2026/results/clipzyme_native_extension_v1/structures/af_v6/AF-Q9RH29-F1-model_v6.cif,0.99999994
7430,Q9RKF7,/home/s241850073/igem2026/results/clipzyme_native_extension_v1/structures/af_v6/AF-Q9RKF7-F1-model_v6.cif,1.0
7431,Q9RS67,/home/s241850073/igem2026/results/clipzyme_native_extension_v1/structures/af_v6/AF-Q9RS67-F1-model_v6.cif,1.0
7432,Q9RU87,/home/s241850073/igem2026/results/clipzyme_native_extension_v1/structures/af_v6/AF-Q9RU87-F1-model_v6.cif,1.0
7433,Q9RU88,/home/s241850073/igem2026/results/clipzyme_native_extension_v1/structures/af_v6/AF-Q9RU88-F1-model_v6.cif,1.0
7434,Q9RU89,/home/s241850073/igem2026/results/clipzyme_native_extension_v1/structures/af_v6/AF-Q9RU89-F1-model_v6.cif,1.0
7435,Q9RU94,/home/s241850073/igem2026/results/clipzyme_native_extension_v1/structures/af_v6/AF-Q9RU94-F1-model_v6.cif,1.0
7436,Q9RU95,/home/s241850073/igem2026/results/clipzyme_native_extension_v1/structures/af_v6/AF-Q9RU95-F1-model_v6.cif,1.0
7437,Q9RU97,/home/s241850073/igem2026/results/clipzyme_native_extension_v1/structures/af_v6/AF-Q9RU97-F1-model_v6.cif,0.99999994
7438,Q9RUA0,/home/s241850073/igem2026/results/clipzyme_native_extension_v1/structures/af_v6/AF-Q9RUA0-F1-model_v6.cif,0.99999994
7439,Q9SDM9,/home/s241850073/igem2026/results/clipzyme_native_extension_v1/structures/af_v6/AF-Q9SDM9-F1-model_v6.cif,1.0
7440,Q9V1E8,/home/s241850073/igem2026/results/clipzyme_native_extension_v1/structures/af_v6/AF-Q9V1E8-F1-model_v6.cif,1.0
7441,Q9WYJ1,/home/s241850073/igem2026/results/clipzyme_native_extension_v1/structures/af_v6/AF-Q9WYJ1-F1-model_v6.cif,1.0
7442,Q9X853,/home/s241850073/igem2026/results/clipzyme_native_extension_v1/structures/af_v6/AF-Q9X853-F1-model_v6.cif,1.0
7443,Q9XAQ5,/home/s241850073/igem2026/results/clipzyme_native_extension_v1/structures/af_v6/AF-Q9XAQ5-F1-model_v6.cif,0.99999994
7444,Q9XAQ6,/home/s241850073/igem2026/results/clipzyme_native_extension_v1/structures/af_v6/AF-Q9XAQ6-F1-model_v6.cif,1.0
7445,Q9XAQ7,/home/s241850073/igem2026/results/clipzyme_native_extension_v1/structures/af_v6/AF-Q9XAQ7-F1-model_v6.cif,1.0
7446,Q9XAQ9,/home/s241850073/igem2026/results/clipzyme_native_extension_v1/structures/af_v6/AF-Q9XAQ9-F1-model_v6.cif,0.99999994
7447,Q9XAR1,/home/s241850073/igem2026/results/clipzyme_native_extension_v1/structures/af_v6/AF-Q9XAR1-F1-model_v6.cif,0.99999994
7448,Q9XAR2,/home/s241850073/igem2026/results/clipzyme_native_extension_v1/structures/af_v6/AF-Q9XAR2-F1-model_v6.cif,1.0
7449,Q9XAR4,/home/s241850073/igem2026/results/clipzyme_native_extension_v1/structures/af_v6/AF-Q9XAR4-F1-model_v6.cif,1.0
7450,Q9YB62,/home/s241850073/igem2026/results/clipzyme_native_extension_v1/structures/af_v6/AF-Q9YB62-F1-model_v6.cif,0.99999994
7451,Q9Z6T7,/home/s241850073/igem2026/results/clipzyme_native_extension_v1/structures/af_v6/AF-Q9Z6T7-F1-model_v6.cif,0.9999999
7452,Q9ZCF7,/home/s241850073/igem2026/results/clipzyme_native_extension_v1/structures/af_v6/AF-Q9ZCF7-F1-model_v6.cif,1.0
7453,Q9ZCF8,/home/s241850073/igem2026/results/clipzyme_native_extension_v1/structures/af_v6/AF-Q9ZCF8-F1-model_v6.cif,0.99999994
7454,Q9ZCG0,/home/s241850073/igem2026/results/clipzyme_native_extension_v1/structures/af_v6/AF-Q9ZCG0-F1-model_v6.cif,1.0
7455,Q9ZCG2,/home/s241850073/igem2026/results/clipzyme_native_extension_v1/structures/af_v6/AF-Q9ZCG2-F1-model_v6.cif,1.0
7456,Q9ZCG3,/home/s241850073/igem2026/results/clipzyme_native_extension_v1/structures/af_v6/AF-Q9ZCG3-F1-model_v6.cif,1.0
7457,Q9ZD13,/home/s241850073/igem2026/results/clipzyme_native_extension_v1/structures/af_v6/AF-Q9ZD13-F1-model_v6.cif,0.99999994
7458,Q9ZDH1,/home/s241850073/igem2026/results/clipzyme_native_extension_v1/structures/af_v6/AF-Q9ZDH1-F1-model_v6.cif,0.99999994
7459,Q9ZDH2,/home/s241850073/igem2026/results/clipzyme_native_extension_v1/structures/af_v6/AF-Q9ZDH2-F1-model_v6.cif,1.0
7460,Q9ZDH3,/home/s241850073/igem2026/results/clipzyme_native_extension_v1/structures/af_v6/AF-Q9ZDH3-F1-model_v6.cif,0.99999994
7461,Q9ZDH4,/home/s241850073/igem2026/results/clipzyme_native_extension_v1/structures/af_v6/AF-Q9ZDH4-F1-model_v6.cif,1.0
7462,Q9ZDH5,/home/s241850073/igem2026/results/clipzyme_native_extension_v1/structures/af_v6/AF-Q9ZDH5-F1-model_v6.cif,0.99999994
7463,Q9ZDZ0,/home/s241850073/igem2026/results/clipzyme_native_extension_v1/structures/af_v6/AF-Q9ZDZ0-F1-model_v6.cif,0.99999994
7464,Q9ZE33,/home/s241850073/igem2026/results/clipzyme_native_extension_v1/structures/af_v6/AF-Q9ZE33-F1-model_v6.cif,1.0
7465,Q9ZHC5,/home/s241850073/igem2026/results/clipzyme_native_extension_v1/structures/af_v6/AF-Q9ZHC5-F1-model_v6.cif,1.0
7466,Q9ZJV7,/home/s241850073/igem2026/results/clipzyme_native_extension_v1/structures/af_v6/AF-Q9ZJV7-F1-model_v6.cif,1.0
7467,Q9ZJV9,/home/s241850073/igem2026/results/clipzyme_native_extension_v1/structures/af_v6/AF-Q9ZJV9-F1-model_v6.cif,1.0
7468,Q9ZJW0,/home/s241850073/igem2026/results/clipzyme_native_extension_v1/structures/af_v6/AF-Q9ZJW0-F1-model_v6.cif,0.99999994
7469,Q9ZJW4,/home/s241850073/igem2026/results/clipzyme_native_extension_v1/structures/af_v6/AF-Q9ZJW4-F1-model_v6.cif,0.99999994
7470,Q9ZJW6,/home/s241850073/igem2026/results/clipzyme_native_extension_v1/structures/af_v6/AF-Q9ZJW6-F1-model_v6.cif,1.0
7471,Q9ZK62,/home/s241850073/igem2026/results/clipzyme_native_extension_v1/structures/af_v6/AF-Q9ZK62-F1-model_v6.cif,1.0
7472,Q9ZL80,/home/s241850073/igem2026/results/clipzyme_native_extension_v1/structures/af_v6/AF-Q9ZL80-F1-model_v6.cif,1.0
7473,R0ICB5,/home/s241850073/igem2026/results/clipzyme_native_extension_v1/structures/af_v6/AF-R0ICB5-F1-model_v6.cif,0.99999994
7474,R0KSY3,/home/s241850073/igem2026/results/clipzyme_native_extension_v1/structures/af_v6/AF-R0KSY3-F1-model_v6.cif,1.0
7475,R4YVJ8,/home/s241850073/igem2026/results/clipzyme_native_extension_v1/structures/af_v6/AF-R4YVJ8-F1-model_v6.cif,1.0
7476,R7S2M4,/home/s241850073/igem2026/results/clipzyme_native_extension_v1/structures/af_v6/AF-R7S2M4-F1-model_v6.cif,0.9999999
7477,R7SDQ0,/home/s241850073/igem2026/results/clipzyme_native_extension_v1/structures/af_v6/AF-R7SDQ0-F1-model_v6.cif,1.0
7478,R7SEK5,/home/s241850073/igem2026/results/clipzyme_native_extension_v1/structures/af_v6/AF-R7SEK5-F1-model_v6.cif,1.0
7479,R8BFE6,/home/s241850073/igem2026/results/clipzyme_native_extension_v1/structures/af_v6/AF-R8BFE6-F1-model_v6.cif,1.0
7480,R8BKB9,/home/s241850073/igem2026/results/clipzyme_native_extension_v1/structures/af_v6/AF-R8BKB9-F1-model_v6.cif,1.0
7481,S1RTV5,/home/s241850073/igem2026/results/clipzyme_native_extension_v1/structures/af_v6/AF-S1RTV5-F1-model_v6.cif,0.99999994
7482,S3CDG0,/home/s241850073/igem2026/results/clipzyme_native_extension_v1/structures/af_v6/AF-S3CDG0-F1-model_v6.cif,1.0
7483,S3CV20,/home/s241850073/igem2026/results/clipzyme_native_extension_v1/structures/af_v6/AF-S3CV20-F1-model_v6.cif,1.0
7484,S3EB87,/home/s241850073/igem2026/results/clipzyme_native_extension_v1/structures/af_v6/AF-S3EB87-F1-model_v6.cif,1.0
7485,S4MSQ6,/home/s241850073/igem2026/results/clipzyme_native_extension_v1/structures/af_v6/AF-S4MSQ6-F1-model_v6.cif,1.0
7486,S4MVB1,/home/s241850073/igem2026/results/clipzyme_native_extension_v1/structures/af_v6/AF-S4MVB1-F1-model_v6.cif,1.0
7487,S5S833,/home/s241850073/igem2026/results/clipzyme_native_extension_v1/structures/af_v6/AF-S5S833-F1-model_v6.cif,0.99999994
7488,S7PZ44,/home/s241850073/igem2026/results/clipzyme_native_extension_v1/structures/af_v6/AF-S7PZ44-F1-model_v6.cif,1.0
7489,S7RCJ4,/home/s241850073/igem2026/results/clipzyme_native_extension_v1/structures/af_v6/AF-S7RCJ4-F1-model_v6.cif,0.99999994
7490,S8AXQ6,/home/s241850073/igem2026/results/clipzyme_native_extension_v1/structures/af_v6/AF-S8AXQ6-F1-model_v6.cif,1.0
7491,S8BAP3,/home/s241850073/igem2026/results/clipzyme_native_extension_v1/structures/af_v6/AF-S8BAP3-F1-model_v6.cif,1.0
7492,S8BK67,/home/s241850073/igem2026/results/clipzyme_native_extension_v1/structures/af_v6/AF-S8BK67-F1-model_v6.cif,0.99999994
7493,S8D5H2,/home/s241850073/igem2026/results/clipzyme_native_extension_v1/structures/af_v6/AF-S8D5H2-F1-model_v6.cif,1.0
7494,S8DM55,/home/s241850073/igem2026/results/clipzyme_native_extension_v1/structures/af_v6/AF-S8DM55-F1-model_v6.cif,0.99999994
7495,S8E527,/home/s241850073/igem2026/results/clipzyme_native_extension_v1/structures/af_v6/AF-S8E527-F1-model_v6.cif,0.99999994
7496,S8EGL9,/home/s241850073/igem2026/results/clipzyme_native_extension_v1/structures/af_v6/AF-S8EGL9-F1-model_v6.cif,0.99999994
7497,S8F0Q7,/home/s241850073/igem2026/results/clipzyme_native_extension_v1/structures/af_v6/AF-S8F0Q7-F1-model_v6.cif,1.0
7498,U1GDY6,/home/s241850073/igem2026/results/clipzyme_native_extension_v1/structures/af_v6/AF-U1GDY6-F1-model_v6.cif,1.0
7499,U1GTS5,/home/s241850073/igem2026/results/clipzyme_native_extension_v1/structures/af_v6/AF-U1GTS5-F1-model_v6.cif,0.99999994
7500,U1HIH5,/home/s241850073/igem2026/results/clipzyme_native_extension_v1/structures/af_v6/AF-U1HIH5-F1-model_v6.cif,0.99999994
7501,U3MMQ7,/home/s241850073/igem2026/results/clipzyme_native_extension_v1/structures/af_v6/AF-U3MMQ7-F1-model_v6.cif,0.99999994
7502,U3MMV2,/home/s241850073/igem2026/results/clipzyme_native_extension_v1/structures/af_v6/AF-U3MMV2-F1-model_v6.cif,1.0
7503,U4KVH0,/home/s241850073/igem2026/results/clipzyme_native_extension_v1/structures/af_v6/AF-U4KVH0-F1-model_v6.cif,1.0
7504,U5CP84,/home/s241850073/igem2026/results/clipzyme_native_extension_v1/structures/af_v6/AF-U5CP84-F1-model_v6.cif,1.0
7505,U5DDC9,/home/s241850073/igem2026/results/clipzyme_native_extension_v1/structures/af_v6/AF-U5DDC9-F1-model_v6.cif,1.0
7506,V2WR18,/home/s241850073/igem2026/results/clipzyme_native_extension_v1/structures/af_v6/AF-V2WR18-F1-model_v6.cif,0.99999994
7507,V2WU13,/home/s241850073/igem2026/results/clipzyme_native_extension_v1/structures/af_v6/AF-V2WU13-F1-model_v6.cif,1.0000001
7508,V2XBQ4,/home/s241850073/igem2026/results/clipzyme_native_extension_v1/structures/af_v6/AF-V2XBQ4-F1-model_v6.cif,0.9999999
7509,V4HN63,/home/s241850073/igem2026/results/clipzyme_native_extension_v1/structures/af_v6/AF-V4HN63-F1-model_v6.cif,0.99999994
7510,V4KI09,/home/s241850073/igem2026/results/clipzyme_native_extension_v1/structures/af_v6/AF-V4KI09-F1-model_v6.cif,1.0
7511,V4KNU0,/home/s241850073/igem2026/results/clipzyme_native_extension_v1/structures/af_v6/AF-V4KNU0-F1-model_v6.cif,0.99999994
7512,V4MSU0,/home/s241850073/igem2026/results/clipzyme_native_extension_v1/structures/af_v6/AF-V4MSU0-F1-model_v6.cif,1.0
7513,V5G155,/home/s241850073/igem2026/results/clipzyme_native_extension_v1/structures/af_v6/AF-V5G155-F1-model_v6.cif,1.0
7514,V5GCK8,/home/s241850073/igem2026/results/clipzyme_native_extension_v1/structures/af_v6/AF-V5GCK8-F1-model_v6.cif,0.99999994
7515,V5XKC3,/home/s241850073/igem2026/results/clipzyme_native_extension_v1/structures/af_v6/AF-V5XKC3-F1-model_v6.cif,1.0
7516,V7AIB0,/home/s241850073/igem2026/results/clipzyme_native_extension_v1/structures/af_v6/AF-V7AIB0-F1-model_v6.cif,1.0
7517,V7BY06,/home/s241850073/igem2026/results/clipzyme_native_extension_v1/structures/af_v6/AF-V7BY06-F1-model_v6.cif,0.99999994
7518,W1NJY8,/home/s241850073/igem2026/results/clipzyme_native_extension_v1/structures/af_v6/AF-W1NJY8-F1-model_v6.cif,1.0
7519,W1P657,/home/s241850073/igem2026/results/clipzyme_native_extension_v1/structures/af_v6/AF-W1P657-F1-model_v6.cif,1.0
7520,W1P6T9,/home/s241850073/igem2026/results/clipzyme_native_extension_v1/structures/af_v6/AF-W1P6T9-F1-model_v6.cif,1.0
7521,W1PEU3,/home/s241850073/igem2026/results/clipzyme_native_extension_v1/structures/af_v6/AF-W1PEU3-F1-model_v6.cif,1.0
7522,W1PQN2,/home/s241850073/igem2026/results/clipzyme_native_extension_v1/structures/af_v6/AF-W1PQN2-F1-model_v6.cif,0.99999994
7523,W1PX42,/home/s241850073/igem2026/results/clipzyme_native_extension_v1/structures/af_v6/AF-W1PX42-F1-model_v6.cif,1.0
7524,W3X157,/home/s241850073/igem2026/results/clipzyme_native_extension_v1/structures/af_v6/AF-W3X157-F1-model_v6.cif,0.99999994
7525,W3X3J0,/home/s241850073/igem2026/results/clipzyme_native_extension_v1/structures/af_v6/AF-W3X3J0-F1-model_v6.cif,0.99999994
7526,W3XAI8,/home/s241850073/igem2026/results/clipzyme_native_extension_v1/structures/af_v6/AF-W3XAI8-F1-model_v6.cif,1.0
7527,W5TQM7,/home/s241850073/igem2026/results/clipzyme_native_extension_v1/structures/af_v6/AF-W5TQM7-F1-model_v6.cif,1.0
7528,W5TSI4,/home/s241850073/igem2026/results/clipzyme_native_extension_v1/structures/af_v6/AF-W5TSI4-F1-model_v6.cif,0.9999999
7529,W6QDA7,/home/s241850073/igem2026/results/clipzyme_native_extension_v1/structures/af_v6/AF-W6QDA7-F1-model_v6.cif,0.99999994
7530,W6QEK0,/home/s241850073/igem2026/results/clipzyme_native_extension_v1/structures/af_v6/AF-W6QEK0-F1-model_v6.cif,1.0
7531,W6QJR1,/home/s241850073/igem2026/results/clipzyme_native_extension_v1/structures/af_v6/AF-W6QJR1-F1-model_v6.cif,0.99999994
7532,W6QMN7,/home/s241850073/igem2026/results/clipzyme_native_extension_v1/structures/af_v6/AF-W6QMN7-F1-model_v6.cif,1.0
7533,W6QY29,/home/s241850073/igem2026/results/clipzyme_native_extension_v1/structures/af_v6/AF-W6QY29-F1-model_v6.cif,0.99999994
7534,W6XUP0,/home/s241850073/igem2026/results/clipzyme_native_extension_v1/structures/af_v6/AF-W6XUP0-F1-model_v6.cif,0.99999994
7535,W6YKT9,/home/s241850073/igem2026/results/clipzyme_native_extension_v1/structures/af_v6/AF-W6YKT9-F1-model_v6.cif,0.99999994
7536,W9QR84,/home/s241850073/igem2026/results/clipzyme_native_extension_v1/structures/af_v6/AF-W9QR84-F1-model_v6.cif,1.0
7537,W9RV45,/home/s241850073/igem2026/results/clipzyme_native_extension_v1/structures/af_v6/AF-W9RV45-F1-model_v6.cif,1.0
7538,W9S3P3,/home/s241850073/igem2026/results/clipzyme_native_extension_v1/structures/af_v6/AF-W9S3P3-F1-model_v6.cif,1.0
7539,W9S4A3,/home/s241850073/igem2026/results/clipzyme_native_extension_v1/structures/af_v6/AF-W9S4A3-F1-model_v6.cif,1.0
7540,W9SFT6,/home/s241850073/igem2026/results/clipzyme_native_extension_v1/structures/af_v6/AF-W9SFT6-F1-model_v6.cif,1.0
7541,X5AIS9,/home/s241850073/igem2026/results/clipzyme_native_extension_v1/structures/af_v6/AF-X5AIS9-F1-model_v6.cif,0.99999994
